地方整備局等番号,開発建設部／都道府県コード,常時観測点コード,収集時間フラグ（5分間／1時間）,観測年月日,上り・小型交通量,上り・大型交通量,上り・車種判別不能交通量,上り・停電,上り・ループ異常,上り・超音波異常,上り・欠測,下り・小型交通量,下り・大型交通量,下り・車種判別不能交通量,下り・停電,下り・ループ異常,下り・超音波異常,下り・欠測,道路種別,lat,lng,lng2,lat2,カメラプリセット位置,気象影響による映像不良,照度不足,突発事象（交通事故等）,サーバの稼働,カメラの映像受信,映像のデコード処理,デコード映像から映像解析機能への取込加工処理の失敗,映像解析機能のフリーズ,その他エラー,count,color,上り・交通量,下り・交通量,交通量
81,02,1110010,1,20261005,7790,2554,0,0,0,0,0,7655,2224,0,0,0,0,0,3,41.93108757020422,140.6421045,,,,,,,,,,,,,267,red,10344,9879,20223
81,02,1110020,1,20261005,2763,1299,0,0,0,0,0,2914,1113,0,0,0,0,0,3,42.1540981903046,140.4840606,,,,,,,,,,,,,267,red,4062,4027,8089
81,03,1110030,1,20261005,809,251,0,0,0,0,0,637,222,0,0,0,0,0,3,42.672714040509845,140.377502,,,,,,,,,,,,,267,red,1060,859,1919
81,03,1110050,1,20261005,3659,1161,0,0,0,0,0,3522,1014,0,0,0,0,0,3,43.121255040655214,140.735792,,,,,,,,,,,,,267,red,4820,4536,9356
81,03,1110060,1,20261005,4922,810,0,0,0,0,0,4718,802,0,0,0,0,0,3,43.19868804067728,140.862496,,,,,,,,,,,,,267,red,5732,5520,11252
81,03,1110080,1,20261005,9656,1969,0,0,0,0,0,9787,1698,0,0,0,0,0,3,43.153022040664396,141.118728,,,,,,,,,,,,,267,red,11625,11485,23110
81,01,1110090,1,20261005,13350,1036,0,0,0,0,0,11004,836,0,0,0,0,0,3,43.08364407064419,141.3496424,,,,,,,,,,,,,267,red,14386,11840,26226
81,02,1110100,1,20261005,3291,326,57,0,0,245,0,9412,1263,0,0,0,0,0,3,41.855509180168546,140.7378302,,,,,,,,,,,,,267,red,3674,10675,14349
81,02,1110110,1,20261005,5938,885,4,0,0,0,1,5676,942,9,0,0,0,1,3,41.91094404019478,140.69325,,,,,,,,,,,,,267,red,6827,6627,13454
81,03,1110120,1,20261005,308,61,10,0,0,0,0,373,60,10,0,0,0,0,3,42.65674504050413,140.412444,,,,,,,,,,,,,267,red,379,443,822
81,01,1110130,1,20261005,7338,858,0,0,0,0,0,7071,881,0,0,0,0,0,3,43.18473404067338,141.721783,,,,,,,,,,,,,267,red,8196,7952,16148
81,01,1110140,1,20261005,3387,950,0,0,0,0,0,3294,998,0,0,0,0,0,3,43.351557040718205,141.866096,,,,,,,,,,,,,267,red,4337,4292,8629
81,04,1110150,1,20261005,5007,1788,0,0,0,0,0,4912,1834,0,0,0,0,0,3,43.72678204080376,142.211538,,,,,,,,,,,,,267,red,6795,6746,13541
81,04,1110160,1,20261005,4966,867,2244,0,0,0,0,7774,1729,211,0,0,0,0,3,43.798283040817644,142.333692,,,,,,,,,,,,,267,red,8077,9714,17791
81,01,1110170,1,20261005,0,0,0,0,0,267,0,0,0,0,0,0,267,0,3,42.95409804060455,141.495931,,,,,,,,,,,,,267,red,0,0,0
81,05,1110180,1,20261005,11827,1697,0,0,0,0,0,9049,1714,0,0,0,0,0,3,42.619514790490626,141.5539538,,,,,,,,,,,,,267,red,13524,10763,24287
81,05,1110190,1,20261005,8006,1043,100,0,0,0,0,8119,1088,66,0,0,0,0,3,42.38500765040089,141.0774629,,,,,,,,,,,,,267,red,9149,9273,18422
81,05,1110200,1,20261005,0,0,0,0,0,267,0,1332,605,0,0,0,0,0,3,42.60033645048358,140.6268309,,,,,,,,,,,,,267,red,0,1937,1937
81,01,1110220,1,20261005,2211,430,0,0,0,0,0,2170,433,0,0,0,0,0,3,43.53094035076174,142.1739006,,,,,,,,,,,,,267,red,2641,2603,5244
81,04,1110230,1,20261005,2735,389,0,0,0,0,0,2903,388,0,0,0,0,0,3,43.34513804071655,142.377435,,,,,,,,,,,,,267,red,3124,3291,6415
81,04,1110240,1,20261005,0,0,1432,0,0,267,0,0,0,1379,0,0,267,0,3,43.16138604066678,142.575567,,,,,,,,,,,,,267,red,1432,1379,2811
81,07,1110250,1,20261005,,,,0,0,0,267,,,,0,0,0,267,3,42.96760298060881,142.8955221,,,,,,,,,,,,,267,red,0,0,0
81,07,1110260,1,20261005,4649,584,66,0,0,0,0,4494,615,58,0,0,0,0,3,42.91673291059265,143.2700872,,,,,,,,,,,,,267,red,5299,5167,10466
81,07,1110270,1,20261005,622,366,0,0,0,0,0,576,387,0,0,0,0,0,3,42.832729040565155,143.765979,,,,,,,,,,,,,267,red,988,963,1951
81,06,1110280,1,20261005,3650,895,0,0,0,0,0,3591,961,0,0,0,0,0,3,43.002010860619514,144.2464972,,,,,,,,,,,,,267,red,4545,4552,9097
81,06,1110281,1,20261005,4787,1276,0,0,0,0,0,5222,1273,0,0,0,0,0,3,43.03483108062955,144.3754256,,,,,,,,,,,,,267,red,6063,6495,12558
81,06,1110282,1,20261005,3060,1125,0,0,0,0,0,3090,1132,0,0,0,0,0,3,43.01628558062389,144.4224501,,,,,,,,,,,,,267,red,4185,4222,8407
81,06,1110283,1,20261005,1780,727,0,0,0,0,0,1820,746,0,0,0,0,0,3,43.00268904061971,144.473627,,,,,,,,,,,,,267,red,2507,2566,5073
81,04,1110290,1,20261005,3635,502,0,0,0,0,0,3500,512,0,0,0,0,0,3,43.818868040821506,142.447347,,,,,,,,,,,,,267,red,4137,4012,8149
81,04,1110300,1,20261005,917,307,12,0,0,0,0,0,0,1369,0,0,267,0,3,43.84894404082702,142.744489,,,,,,,,,,,,,267,red,1236,1369,2605
81,04,1110310,1,20261005,1352,421,22,0,0,0,0,0,0,1792,0,0,267,0,3,43.781848040814516,142.90227300000004,,,,,,,,,,,,,267,red,1795,1792,3587
81,08,1110320,1,20261005,821,366,0,0,267,0,0,836,422,0,0,267,0,0,3,43.750539740808456,143.4918536,,,,,,,,,,,,,267,red,1187,1258,2445
81,08,1110330,1,20261005,4357,386,102,0,0,0,0,4609,567,0,0,267,0,0,3,43.79818204081763,143.833134,,,,,,,,,,,,,267,red,4845,5176,10021
81,08,1110331,1,20261005,1659,601,0,0,0,0,0,1792,546,0,0,0,0,0,3,43.7822242308146,143.8981667,,,,,,,,,,,,,267,red,2260,2338,4598
81,08,1110332,1,20261005,1355,518,0,0,0,0,0,1457,485,0,0,0,0,0,3,43.80292804081852,143.926029,,,,,,,,,,,,,267,red,1873,1942,3815
81,08,1110340,1,20261005,,,,0,0,0,267,,,,0,0,0,267,3,43.85309704082778,144.102175,,,,,,,,,,,,,267,red,0,0,0
81,08,1110350,1,20261005,1998,244,0,0,0,0,0,1738,236,0,0,0,0,0,3,43.87040004083089,144.150466,,,,,,,,,,,,,267,red,2242,1974,4216
81,04,1110360,1,20261005,,,,0,0,0,267,,,,0,0,0,267,3,43.819632040821645,142.40886,,,,,,,,,,,,,267,red,0,0,0
81,04,1110370,1,20261005,1753,634,90,0,0,0,0,1973,768,3,0,0,0,0,3,43.9375450408425,142.46586,,,,,,,,,,,,,267,red,2477,2744,5221
81,04,1110380,1,20261005,,,,0,0,0,267,,,,0,0,0,267,3,44.49438804091256,142.340371,,,,,,,,,,,,,267,red,0,0,0
81,04,1110390,1,20261005,487,212,0,0,0,0,0,604,230,0,0,0,0,0,3,44.82270404093181,142.065768,,,,,,,,,,,,,267,red,699,834,1533
81,04,1110400,1,20261005,1107,424,7,0,0,0,0,1118,412,17,0,0,0,0,3,44.331686040896926,142.446612,,,,,,,,,,,,,267,red,1538,1547,3085
81,04,1110410,1,20261005,1820,429,81,0,0,0,2,1937,497,8,0,0,0,2,3,44.4124520409052,142.40433,,,,,,,,,,,,,267,red,2330,2442,4772
81,04,1110420,1,20261005,1697,503,44,0,0,0,0,,,,0,0,0,267,3,44.436504040907465,142.370834,,,,,,,,,,,,,267,red,2244,0,2244
81,04,1110430,1,20261005,1257,428,11,0,0,0,3,1358,472,14,0,0,0,3,3,44.46719604091022,142.373557,,,,,,,,,,,,,267,red,1696,1844,3540
81,04,1110431,1,20261005,953,354,0,0,0,0,0,1122,383,0,0,0,0,0,3,44.49400304091251,142.349754,,,,,,,,,,,,,267,red,1307,1505,2812
81,10,1110440,1,20261005,262,101,74,0,173,120,94,609,89,170,0,0,56,94,3,45.01690604093549,141.836757,,,,,,,,,,,,,267,red,437,868,1305
81,10,1110460,1,20261005,53,19,9,0,0,4,253,37,26,0,0,14,0,253,3,45.20892604093353,141.770096,,,,,,,,,,,,,267,red,81,63,144
81,06,1110470,1,20261005,2898,218,24,0,0,0,0,3060,293,18,0,0,0,0,3,42.99479183061728,144.4493526,,,,,,,,,,,,,267,red,3140,3371,6511
81,06,1110480,1,20261005,1254,265,32,0,0,0,0,1294,286,13,0,0,0,0,3,43.13343702065876,145.0159693,,,,,,,,,,,,,267,red,1551,1593,3144
81,02,1110490,1,20261005,1753,592,0,0,0,0,0,1761,681,0,0,0,0,0,3,41.89734796018839,140.6338191,,,,,,,,,,,,,267,red,2345,2442,4787
81,02,1110500,1,20261005,1347,183,0,0,267,0,0,1425,131,55,0,0,0,0,3,41.480587619979374,140.2558047,,,,,,,,,,,,,267,red,1530,1611,3141
81,02,1110510,1,20261005,6126,709,140,0,0,0,1,6237,739,13,0,0,0,1,3,41.83901009016065,140.7069415,,,,,,,,,,,,,267,red,6975,6989,13964
81,02,1110520,1,20261005,3006,417,0,0,267,0,0,3226,583,0,0,267,0,0,3,41.83229743015742,140.67026760000002,,,,,,,,,,,,,267,red,3423,3809,7232
81,02,1110530,1,20261005,2457,251,48,0,0,0,0,2374,208,116,0,0,0,0,3,41.82065939015182,140.6236414,,,,,,,,,,,,,267,red,2756,2698,5454
81,03,1110540,1,20261005,125,16,0,0,0,0,0,0,0,0,0,0,183,0,3,43.24834804069096,140.33431600000003,,,,,,,,,,,,,267,red,141,0,141
81,03,1110550,1,20261005,0,0,0,0,0,267,0,904,415,0,0,0,0,0,3,42.96644104060844,140.471476,,,,,,,,,,,,,267,red,0,1319,1319
81,03,1110560,1,20261005,192,25,0,0,0,0,0,183,26,0,0,0,0,0,3,42.69059604051622,139.972281,,,,,,,,,,,,,267,red,217,209,426
81,02,1110570,1,20261005,519,90,0,0,0,0,0,505,109,0,0,0,0,0,3,42.068390450266875,140.0715584,,,,,,,,,,,,,267,red,609,614,1223
81,01,1110600,1,20261005,7003,2365,0,0,0,0,0,5574,2028,0,0,0,0,0,3,43.1876802706742,141.3248983,,,,,,,,,,,,,267,red,9368,7602,16970
81,01,1110610,1,20261005,981,256,0,0,0,0,0,0,0,0,0,0,267,0,3,43.377555040724815,141.428392,,,,,,,,,,,,,267,red,1237,0,1237
81,09,1110620,1,20261005,1602,197,0,0,0,0,0,1633,181,0,0,0,0,0,3,43.89116004083455,141.602442,,,,,,,,,,,,,267,red,1799,1814,3613
81,09,1110630,1,20261005,883,248,1,0,0,0,0,691,192,1,0,0,0,0,3,44.71198204092715,141.790418,,,,,,,,,,,,,267,red,1132,884,2016
81,09,1110640,1,20261005,2004,753,0,0,0,0,0,1786,694,0,0,0,0,0,3,43.99996504085269,141.656227,,,,,,,,,,,,,267,red,2757,2480,5237
81,01,1110650,1,20261005,1013,200,0,0,0,0,0,1090,197,0,0,0,0,0,3,43.76598569081147,141.953873,,,,,,,,,,,,,267,red,1213,1287,2500
81,09,1110660,1,20261005,879,243,0,0,0,0,0,1082,286,0,0,0,0,0,3,43.919969040839526,141.687135,,,,,,,,,,,,,267,red,1122,1368,2490
81,01,1110670,1,20261005,690,154,6,0,0,0,0,744,137,8,0,0,0,0,3,43.719328040802246,141.995229,,,,,,,,,,,,,267,red,850,889,1739
81,01,1110680,1,20261005,1002,290,35,0,0,0,0,1165,256,10,0,0,0,0,3,43.80247704081843,141.939455,,,,,,,,,,,,,267,red,1327,1431,2758
81,01,1110690,1,20261005,1165,298,3,0,0,0,0,1283,305,2,0,0,0,0,3,43.804048040818735,141.856355,,,,,,,,,,,,,267,red,1466,1590,3056
81,09,1110700,1,20261005,1198,1302,0,0,267,38,0,1442,355,5,0,0,0,0,3,43.84518804082634,141.778679,,,,,,,,,,,,,267,red,2500,1802,4302
81,09,1110701,1,20261005,1388,397,0,0,0,0,0,1491,395,0,0,0,0,0,3,43.87822704083228,141.723595,,,,,,,,,,,,,267,red,1785,1886,3671
81,09,1110702,1,20261005,1130,372,0,0,0,0,0,1188,365,0,0,0,0,0,3,43.928072040840895,141.68278,,,,,,,,,,,,,267,red,1502,1553,3055
81,01,1110710,1,20261005,1337,233,0,1,0,267,0,2900,704,0,1,0,0,0,3,43.11269117065273,141.74737440000004,,,,,,,,,,,,,267,red,1570,3604,5174
81,05,1110720,1,20261005,1951,1056,101,0,0,0,0,1847,1195,83,0,0,0,0,3,42.81091575055783,141.8315435,,,,,,,,,,,,,267,red,3108,3125,6233
81,05,1110730,1,20261005,2121,497,8,0,0,0,0,2129,488,24,0,0,0,0,3,42.57481157047414,141.9503395,,,,,,,,,,,,,267,red,2626,2641,5267
81,05,1110740,1,20261005,2045,458,0,0,0,0,0,2147,466,0,0,0,0,0,3,42.18634909031852,142.7152599,,,,,,,,,,,,,267,red,2503,2613,5116
81,05,1110750,1,20261005,0,0,0,0,0,267,0,1426,0,0,0,0,0,0,3,42.67572651051092,141.724241,,,,,,,,,,,,,267,red,0,1426,1426
81,05,1110760,1,20261005,3778,1041,0,0,0,0,0,4072,1147,0,0,0,0,0,3,42.65945501050509,141.8200069,,,,,,,,,,,,,267,red,4819,5219,10038
81,05,1110770,1,20261005,3648,1071,0,0,0,0,0,3626,1099,0,0,0,0,0,3,42.5992918904832,141.8930837,,,,,,,,,,,,,267,red,4719,4725,9444
81,07,1110780,1,20261005,1453,508,6,0,0,0,0,1495,376,9,0,0,0,0,3,42.47939292043798,143.273263,,,,,,,,,,,,,267,red,1967,1880,3847
81,05,1110790,1,20261005,213,97,0,0,0,0,0,311,119,0,0,0,0,0,3,42.23567851033952,142.9927157,,,,,,,,,,,,,267,red,310,430,740
81,07,1110800,1,20261005,910,384,26,0,0,0,1,1172,422,13,0,0,0,1,3,42.944556830601535,143.1061614,,,,,,,,,,,,,267,red,1320,1607,2927
81,07,1110810,1,20261005,957,776,56,0,0,0,3,982,853,51,0,0,0,3,3,42.8783228205802,143.1246418,,,,,,,,,,,,,267,red,1789,1886,3675
81,07,1110820,1,20261005,2668,765,0,0,0,0,0,2669,739,0,0,0,0,0,3,42.772632730544835,143.175416,,,,,,,,,,,,,267,red,3433,3408,6841
81,07,1110830,1,20261005,2373,621,52,0,0,0,0,2358,579,49,0,0,0,0,3,42.722047130527294,143.168571,,,,,,,,,,,,,267,red,3046,2986,6032
81,07,1110831,1,20261005,1700,468,0,0,0,0,0,1721,385,0,0,0,0,0,3,42.67773204051164,143.145688,,,,,,,,,,,,,267,red,2168,2106,4274
81,07,1110832,1,20261005,1517,343,0,0,0,0,0,1493,324,0,0,0,0,0,3,42.637427040497144,143.190237,,,,,,,,,,,,,267,red,1860,1817,3677
81,07,1110833,1,20261005,1147,282,0,0,0,0,0,1038,226,0,0,0,0,0,3,42.550911040465216,143.288527,,,,,,,,,,,,,267,red,1429,1264,2693
81,04,1110840,1,20261005,3650,537,0,0,0,0,0,3600,505,0,0,0,0,0,3,43.67766304079377,142.395871,,,,,,,,,,,,,267,red,4187,4105,8292
81,04,1110850,1,20261005,546,198,0,0,0,0,0,536,193,0,0,0,0,0,3,43.142849040661474,142.416499,,,,,,,,,,,,,267,red,744,729,1473
81,05,1110860,1,20261005,2825,1019,0,0,0,0,0,2707,1021,0,0,0,0,0,3,42.56014623046868,141.984126,,,,,,,,,,,,,267,red,3844,3728,7572
81,05,1110861,1,20261005,2008,519,0,0,0,0,0,2133,554,0,0,0,0,0,3,42.511718620450374,142.0646378,,,,,,,,,,,,,267,red,2527,2687,5214
81,05,1110862,1,20261005,1705,405,0,0,0,0,0,1880,468,0,0,0,0,0,3,42.476880240437005,142.1551718,,,,,,,,,,,,,267,red,2110,2348,4458
81,08,1110870,1,20261005,1242,403,0,0,267,0,0,1196,344,0,0,267,0,0,3,44.122097850870915,144.0483972,,,,,,,,,,,,,267,red,1645,1540,3185
81,08,1110881,1,20261005,1380,443,0,0,0,0,0,1389,390,0,0,0,0,0,3,44.24722204088725,143.491111,,,,,,,,,,,,,267,red,1823,1779,3602
81,08,1110890,1,20261005,1320,309,0,0,267,0,0,1187,262,0,0,267,0,0,3,44.571011040918506,142.9747586,,,,,,,,,,,,,267,red,1629,1449,3078
81,10,1110900,1,20261005,,,,0,0,0,267,,,,0,0,0,267,3,45.401916040925876,141.74393,,,,,,,,,,,,,267,red,0,0,0
81,04,1110910,1,20261005,1197,285,0,0,0,0,0,0,0,0,0,0,267,0,3,44.33124604089689,142.51453,,,,,,,,,,,,,267,red,1482,0,1482
81,04,1110920,1,20261005,,,,0,0,0,267,,,,0,0,0,267,3,44.17901104087865,142.27833,,,,,,,,,,,,,267,red,0,0,0
81,06,1110930,1,20261005,1832,549,0,0,0,0,0,1780,613,0,0,0,0,0,3,43.094167250647295,144.1218925,,,,,,,,,,,,,267,red,2381,2393,4774
81,08,1110941,1,20261005,1182,661,0,0,267,0,0,1290,636,0,0,267,0,0,3,43.69889304079811,144.026451,,,,,,,,,,,,,267,red,1843,1926,3769
81,07,1110950,1,20261005,1774,592,36,0,0,0,0,1862,602,28,0,0,0,0,3,43.204237410678836,143.2746363,,,,,,,,,,,,,267,red,2402,2492,4894
81,07,1110960,1,20261005,872,512,0,0,0,0,0,798,511,0,0,0,0,0,3,43.458400040744706,143.740097,,,,,,,,,,,,,267,red,1384,1309,2693
81,07,1110970,1,20261005,1711,736,0,0,0,0,0,1673,759,0,0,0,0,0,3,43.110542040652106,143.580506,,,,,,,,,,,,,267,red,2447,2432,4879
81,06,1110980,1,20261005,798,237,0,0,0,0,0,770,222,0,0,0,0,0,3,43.55969036076827,144.3196517,,,,,,,,,,,,,267,red,1035,992,2027
81,06,1110990,1,20261005,993,215,7,0,0,0,0,950,229,5,0,0,0,0,3,43.46525075074637,144.6738938,,,,,,,,,,,,,267,red,1215,1184,2399
81,06,1111000,1,20261005,830,234,0,0,0,0,0,846,198,0,0,0,0,0,3,43.3767268407246,145.1354671,,,,,,,,,,,,,267,red,1064,1044,2108
81,08,1111010,1,20261005,3615,501,0,0,267,0,0,3482,520,0,0,267,0,0,3,43.98185858084978,144.2978521,,,,,,,,,,,,,267,red,4116,4002,8118
81,06,1111020,1,20261005,771,51,2,0,0,0,0,802,59,8,0,0,0,0,3,43.58981766077498,145.2084661,,,,,,,,,,,,,267,red,824,869,1693
81,06,1111030,1,20261005,1501,583,0,0,0,0,0,1440,574,0,0,0,0,0,3,43.02214121062568,144.5287192,,,,,,,,,,,,,267,red,2084,2014,4098
81,06,1111040,1,20261005,0,0,5416,0,0,204,0,4671,892,0,0,267,0,0,3,43.53929381076365,144.9801323,,,,,,,,,,,,,267,red,5416,5563,10979
81,08,1111050,1,20261005,859,262,0,0,267,0,0,1011,220,20,0,0,0,0,3,44.25159504088778,143.262315,,,,,,,,,,,,,267,red,1121,1251,2372
81,01,1111060,1,20261005,1007,416,0,1,0,0,0,1017,450,0,1,0,0,0,3,42.938085080599464,142.0403856,,,,,,,,,,,,,267,red,1423,1467,2890
81,07,1111080,1,20261005,617,812,0,0,0,0,0,569,955,0,0,0,0,0,3,42.97320004061056,142.816438,,,,,,,,,,,,,267,red,1429,1524,2953
81,01,1111090,1,20261005,6219,1784,0,0,0,0,0,6395,1700,0,0,0,0,0,3,43.12130790065524,141.4830387,,,,,,,,,,,,,267,red,8003,8095,16098
81,01,1111100,1,20261005,2179,1079,0,0,0,0,0,2212,1101,0,0,0,0,0,3,43.43463367073897,141.8216186,,,,,,,,,,,,,267,red,3258,3313,6571
81,01,1111110,1,20261005,1404,498,0,0,0,0,0,1295,533,0,0,0,0,0,3,43.57168557077097,141.8750113,,,,,,,,,,,,,267,red,1902,1828,3730
81,02,1111130,1,20261005,6001,550,35,0,267,0,0,6517,385,71,0,0,0,0,3,41.77319404012875,140.796333,,,,,,,,,,,,,267,red,6586,6973,13559
81,02,1111140,1,20261005,506,95,0,0,0,0,0,531,141,0,0,0,0,0,3,42.03841781025344,140.8062566,,,,,,,,,,,,,267,red,601,672,1273
81,02,1111145,1,20261005,9613,1176,0,0,0,0,0,10157,1091,0,0,0,0,0,3,41.84000143016112,140.7552781,,,,,,,,,,,,,267,red,10789,11248,22037
81,08,1111150,1,20261005,552,96,0,0,267,0,0,668,132,0,0,267,0,0,3,44.010611040854364,143.413281,,,,,,,,,,,,,267,red,648,800,1448
81,08,1111160,1,20261005,2216,410,49,0,0,0,0,2476,470,157,0,0,0,0,3,43.962452040846635,143.715644,,,,,,,,,,,,,267,red,2675,3103,5778
81,01,1111180,1,20261005,0,0,6275,0,0,267,0,0,0,0,0,267,267,0,3,42.815960640559524,141.6810393,,,,,,,,,,,,,267,red,6275,0,6275
81,01,1111190,1,20261005,0,0,4980,0,0,267,0,172,35,5278,0,0,267,0,3,42.83070733056448,141.6903091,,,,,,,,,,,,,267,red,4980,5485,10465
81,01,1111200,1,20261005,2922,1529,190,0,0,0,0,3330,1708,81,0,267,0,0,3,42.860948090574496,141.7104933,,,,,,,,,,,,,267,red,4641,5119,9760
81,01,1111210,1,20261005,2121,1713,0,0,0,0,0,0,0,0,0,0,267,0,3,43.18556004067363,141.554044,,,,,,,,,,,,,267,red,3834,0,3834
81,06,1111220,1,20261005,909,234,0,0,0,0,0,903,205,0,0,0,0,0,3,43.37269109072359,144.5593071,,,,,,,,,,,,,267,red,1143,1108,2251
81,08,1111230,1,20261005,305,147,17,0,0,0,0,286,129,10,0,0,0,0,3,43.81126104082009,144.489672,,,,,,,,,,,,,267,red,469,425,894
81,06,1111240,1,20261005,257,76,3,0,0,0,0,259,78,1,0,0,0,0,3,42.99604737061767,144.0391088,,,,,,,,,,,,,267,red,336,338,674
81,03,1111250,1,20261005,1119,296,0,0,0,0,0,901,307,0,0,0,0,0,3,43.089578040645954,140.955582,,,,,,,,,,,,,267,red,1415,1208,2623
81,04,1111260,1,20261005,713,197,23,0,0,0,46,922,207,13,0,0,0,46,3,43.92330404084009,142.480139,,,,,,,,,,,,,267,red,933,1142,2075
81,04,1111270,1,20261005,0,0,896,0,0,0,82,0,0,901,0,0,0,82,3,43.90347904083668,142.548538,,,,,,,,,,,,,267,red,896,901,1797
81,04,1111280,1,20261005,1323,379,10,0,0,0,125,1522,365,10,0,0,0,125,3,43.88962304083429,142.598335,,,,,,,,,,,,,267,red,1712,1897,3609
81,04,1111290,1,20261005,944,285,7,0,0,0,162,1070,272,41,0,0,0,162,3,43.840859040825556,142.737691,,,,,,,,,,,,,267,red,1236,1383,2619
81,04,1111300,1,20261005,284,122,3,0,0,0,213,410,101,6,0,0,0,213,3,43.843162040825966,142.799904,,,,,,,,,,,,,267,red,409,517,926
81,04,1111310,1,20261005,,,,0,0,0,267,,,,0,0,0,267,3,43.885885060833616,142.99375530000003,,,,,,,,,,,,,267,red,0,0,0
81,08,1111320,1,20261005,,,,0,0,0,267,,,,0,0,0,267,3,43.942327040843296,143.272964,,,,,,,,,,,,,267,red,0,0,0
81,08,1111321,1,20261005,940,425,0,0,0,0,1,1411,470,0,0,0,0,1,3,44.005186040853516,143.417614,,,,,,,,,,,,,267,red,1365,1881,3246
81,08,1111322,1,20261005,958,395,0,0,0,0,0,1341,452,0,0,0,0,0,3,44.010190040854305,143.450296,,,,,,,,,,,,,267,red,1353,1793,3146
81,01,1111330,1,20261005,2833,438,0,0,0,0,0,2857,436,0,0,0,0,0,3,42.93896478059976,141.3440037,,,,,,,,,,,,,267,red,3271,3293,6564
81,05,1111340,1,20261005,1379,377,0,0,0,0,19,1490,438,0,0,0,0,19,3,42.559147540468295,140.8961254,,,,,,,,,,,,,267,red,1756,1928,3684
81,01,1111350,1,20261005,2527,1547,0,0,0,0,0,2797,1629,0,0,0,0,0,3,42.88313893058179,141.7190833,,,,,,,,,,,,,267,red,4074,4426,8500
81,01,1111360,1,20261005,2672,1505,0,0,0,0,0,2583,1512,0,0,0,0,0,3,42.91387104059173,141.717002,,,,,,,,,,,,,267,red,4177,4095,8272
81,01,1111370,1,20261005,1156,776,0,0,0,0,0,1094,778,0,0,0,0,0,3,43.05425404063542,141.635599,,,,,,,,,,,,,267,red,1932,1872,3804
81,02,1111380,1,20261005,7656,981,0,0,0,0,0,7507,870,0,0,0,0,0,3,41.822662040152785,140.7753,,,,,,,,,,,,,267,red,8637,8377,17014
81,02,1111390,1,20261005,3998,660,0,0,0,0,0,3704,617,0,0,0,0,0,3,41.80204204014281,140.800817,,,,,,,,,,,,,267,red,4658,4321,8979
81,02,1111400,1,20261005,1810,253,0,0,0,0,0,1775,238,0,0,0,0,0,3,41.75457904011961,140.573825,,,,,,,,,,,,,267,red,2063,2013,4076
81,04,1111410,1,20261005,309,177,0,0,0,0,0,265,171,0,0,0,0,0,3,43.35314804071861,142.36145400000004,,,,,,,,,,,,,267,red,486,436,922
81,04,1111420,1,20261005,758,259,0,0,0,0,0,567,238,0,0,0,0,0,3,43.3038010407058,142.381627,,,,,,,,,,,,,267,red,1017,805,1822
81,06,1111500,1,20261005,1084,184,0,0,0,0,0,1204,199,0,0,0,0,0,3,43.29111104070245,145.517778,,,,,,,,,,,,,267,red,1268,1403,2671
81,03,1111600,1,20261005,1403,433,0,0,0,0,0,1235,397,0,0,0,0,0,3,43.162210040667006,140.797074,,,,,,,,,,,,,267,red,1836,1632,3468
81,06,1160010,1,20261005,1263,786,82,0,0,0,0,1569,922,51,0,0,0,0,1,43.12053262065503,143.6537933,,,,,,,,,,,,,267,red,2131,2542,4673
81,06,1160020,1,20261005,1447,922,0,0,0,0,0,1695,1044,0,0,0,0,0,1,43.12244095065557,143.6787104,,,,,,,,,,,,,267,red,2369,2739,5108
81,06,1160030,1,20261005,1423,964,0,0,0,0,0,1764,1008,0,0,0,0,0,1,43.081215390643465,143.9874923,,,,,,,,,,,,,267,red,2387,2772,5159
81,06,1160040,1,20261005,1467,925,0,0,0,0,0,1781,975,0,0,0,0,0,1,43.08452217064445,144.1232336,,,,,,,,,,,,,267,red,2392,2756,5148
81,06,1160050,1,20261005,2147,936,0,0,0,0,0,2655,1003,0,0,0,0,0,1,43.09138904064647,144.173494,,,,,,,,,,,,,267,red,3083,3658,6741
81,06,1160060,1,20261005,2679,966,0,0,0,0,0,3265,1006,0,0,0,0,0,1,43.04670304063314,144.303761,,,,,,,,,,,,,267,red,3645,4271,7916
81,08,1160120,1,20261005,425,161,0,0,0,0,0,440,172,0,0,0,0,0,1,43.69663004079766,143.731065,,,,,,,,,,,,,267,red,586,612,1198
81,08,1160130,1,20261005,713,229,0,0,0,0,0,859,205,0,0,0,0,0,1,43.7375680408059,143.819828,,,,,,,,,,,,,267,red,942,1064,2006
81,02,1310010,1,20261005,2269,235,0,0,0,0,0,2534,257,0,0,0,0,0,3,41.9090560401939,140.682556,,,,,,,,,,,,,267,red,2504,2791,5295
81,02,1310020,1,20261005,4222,1351,0,0,0,0,0,4343,1145,0,0,0,0,0,3,42.0164720402435,140.622028,,,,,,,,,,,,,267,red,5573,5488,11061
81,02,1310030,1,20261005,2404,1101,0,0,0,0,0,2567,888,0,0,0,0,0,3,42.44355604042405,140.326972,,,,,,,,,,,,,267,red,3505,3455,6960
81,03,1310040,1,20261005,2719,958,0,0,0,0,0,2519,837,0,0,0,0,0,3,43.005875040620694,140.666614,,,,,,,,,,,,,267,red,3677,3356,7033
81,01,1310050,1,20261005,3336,264,0,0,0,267,0,3996,332,0,0,0,267,0,3,43.13178497065829,141.1990678,,,,,,,,,,,,,267,red,3600,4328,7928
81,01,1310060,1,20261005,11969,2044,0,0,0,0,0,12344,2119,0,0,0,0,0,3,43.06547437063878,141.3767481,,,,,,,,,,,,,267,red,14013,14463,28476
81,01,1310070,1,20261005,11727,1229,0,0,0,0,0,12414,1214,0,0,0,0,0,3,43.048510140633695,141.4108604,,,,,,,,,,,,,267,red,12956,13628,26584
81,01,1310080,1,20261005,11750,889,0,0,0,0,0,11236,912,0,0,0,0,0,3,43.057749330636454,141.4844763,,,,,,,,,,,,,267,red,12639,12148,24787
81,01,1310090,1,20261005,0,0,0,0,0,267,0,6313,0,0,0,0,0,0,3,43.294945650703454,141.8492997,,,,,,,,,,,,,267,red,0,6313,6313
81,01,1310100,1,20261005,7320,1228,0,0,0,0,0,6974,1098,0,0,0,0,0,3,43.53544778076278,141.9200456,,,,,,,,,,,,,267,red,8548,8072,16620
81,01,1310110,1,20261005,2725,1320,0,0,0,0,0,2694,1294,0,0,0,0,0,3,43.66238455079058,141.9957268,,,,,,,,,,,,,267,red,4045,3988,8033
81,01,1310120,1,20261005,0,0,0,0,0,267,0,12426,1304,0,0,0,0,0,3,43.0094644106218,141.4241588,,,,,,,,,,,,,267,red,0,13730,13730
81,01,1310130,1,20261005,7627,1399,0,0,0,267,0,8330,1760,0,0,0,267,0,3,42.85324004057195,141.609931,,,,,,,,,,,,,267,red,9026,10090,19116
81,01,1310140,1,20261005,8838,3400,0,0,0,0,0,8749,3243,0,0,0,0,0,3,42.79203104055144,141.693651,,,,,,,,,,,,,267,red,12238,11992,24230
81,05,1310150,1,20261005,3641,914,0,0,0,0,0,3627,985,0,0,0,0,0,3,42.483348820439495,141.2489566,,,,,,,,,,,,,267,red,4555,4612,9167
81,05,1310160,1,20261005,6927,1041,0,0,0,0,0,7158,773,0,0,0,0,0,3,42.362402460391806,140.964739,,,,,,,,,,,,,267,red,7968,7931,15899
81,05,1310170,1,20261005,3143,481,0,0,267,0,0,3516,210,29,0,0,0,0,3,42.363565450392265,140.9519019,,,,,,,,,,,,,267,red,3624,3755,7379
81,04,1310180,1,20261005,,,,0,0,0,267,,,,0,0,0,267,3,43.22376604068423,142.378762,,,,,,,,,,,,,267,red,0,0,0
81,06,1310200,1,20261005,1215,476,0,0,0,0,0,1340,513,0,0,0,0,0,3,42.89183628058462,143.9445233,,,,,,,,,,,,,267,red,1691,1853,3544
81,06,1310210,1,20261005,3997,800,55,0,0,0,0,3696,1010,0,0,267,0,0,3,43.009797840621914,144.2786998,,,,,,,,,,,,,267,red,4852,4706,9558
81,06,1310220,1,20261005,3403,768,0,0,0,0,0,3898,859,0,0,0,0,0,3,43.02229809062573,144.2728472,,,,,,,,,,,,,267,red,4171,4757,8928
81,08,1310230,1,20261005,1981,839,0,0,267,0,0,1914,796,0,0,267,0,0,3,43.85893419082885,144.0808788,,,,,,,,,,,,,267,red,2820,2710,5530
81,08,1310240,1,20261005,1877,222,0,0,267,0,0,1855,260,0,0,267,0,0,3,44.01132969085448,144.2315868,,,,,,,,,,,,,267,red,2099,2115,4214
81,04,1310250,1,20261005,2993,826,165,0,0,0,0,3107,878,95,0,0,0,0,3,44.16725904087709,142.395004,,,,,,,,,,,,,267,red,3984,4080,8064
81,04,1310260,1,20261005,2519,660,15,0,0,0,0,2633,722,3,0,0,0,0,3,44.19030204088012,142.392098,,,,,,,,,,,,,267,red,3194,3358,6552
81,09,1310270,1,20261005,436,189,0,0,0,0,0,562,220,0,0,0,0,0,3,44.89849804093394,141.930734,,,,,,,,,,,,,267,red,625,782,1407
81,10,1310280,1,20261005,204,108,0,0,0,0,0,195,111,0,0,0,0,0,3,45.0919210409354,141.772244,,,,,,,,,,,,,267,red,312,306,618
81,10,1310290,1,20261005,,,,0,0,0,267,,,,0,0,0,267,3,45.3643680409278,141.728937,,,,,,,,,,,,,267,red,0,0,0
81,06,1310300,1,20261005,2498,430,13,0,0,0,0,0,0,3036,0,0,267,0,3,43.059450410636984,144.8007274,,,,,,,,,,,,,267,red,2941,3036,5977
81,06,1310310,1,20261005,344,157,0,0,267,0,0,347,130,8,0,0,0,0,3,43.27550252069827,145.50157790000003,,,,,,,,,,,,,267,red,501,485,986
81,02,1310320,1,20261005,3025,376,0,0,0,0,0,3126,366,0,0,0,0,0,3,41.8940000401868,140.139639,,,,,,,,,,,,,267,red,3401,3492,6893
81,02,1310330,1,20261005,3079,419,0,0,0,0,0,3120,416,0,0,0,0,0,3,41.68472204008489,140.444,,,,,,,,,,,,,267,red,3498,3536,7034
81,03,1310340,1,20261005,1581,194,0,0,0,0,0,0,3,0,0,0,251,0,3,43.26192904069464,140.646731,,,,,,,,,,,,,267,red,1775,3,1778
81,03,1310350,1,20261005,1844,583,0,0,0,0,0,1928,724,0,0,0,0,0,3,43.041313040631515,140.5119,,,,,,,,,,,,,267,red,2427,2652,5079
81,02,1310360,1,20261005,449,71,0,0,0,0,0,471,87,0,0,0,0,0,3,42.129260570293795,139.981876,,,,,,,,,,,,,267,red,520,558,1078
81,01,1310370,1,20261005,14624,1475,0,0,0,0,0,14835,1424,0,0,0,0,0,3,43.007483420621185,141.3442719,,,,,,,,,,,,,267,red,16099,16259,32358
81,03,1310380,1,20261005,2673,540,0,0,0,0,0,2818,635,0,0,0,0,0,3,42.797316040553234,140.953155,,,,,,,,,,,,,267,red,3213,3453,6666
81,03,1310390,1,20261005,2075,494,0,0,0,0,0,2037,521,0,0,0,0,0,3,42.75911004054018,140.927534,,,,,,,,,,,,,267,red,2569,2558,5127
81,09,1310420,1,20261005,1755,399,0,0,0,0,0,1521,316,0,0,0,0,0,3,44.315812040895196,141.663389,,,,,,,,,,,,,267,red,2154,1837,3991
81,05,1310430,1,20261005,1893,709,0,0,0,0,0,1608,911,0,0,0,0,0,3,42.68397268051387,141.6803745,,,,,,,,,,,,,267,red,2602,2519,5121
81,05,1310440,1,20261005,805,153,4,0,0,0,0,932,165,1,0,0,0,0,3,42.455508520428715,142.1783574,,,,,,,,,,,,,267,red,962,1098,2060
81,07,1310450,1,20261005,3470,570,0,0,0,0,0,3365,563,0,0,0,0,0,3,42.850468990571045,143.1845784,,,,,,,,,,,,,267,red,4040,3928,7968
81,04,1310460,1,20261005,,,,0,0,0,267,,,,0,0,0,267,3,43.3597710407203,142.387706,,,,,,,,,,,,,267,red,0,0,0
81,05,1310470,1,20261005,376,631,0,0,0,0,0,437,604,0,0,0,0,0,3,42.87689451057974,142.4313468,,,,,,,,,,,,,267,red,1007,1041,2048
81,08,1310490,1,20261005,1707,442,0,0,267,0,0,1741,314,22,0,0,0,0,3,44.469400040910415,143.131573,,,,,,,,,,,,,267,red,2149,2077,4226
81,10,1310500,1,20261005,,,,0,0,0,267,,,,0,0,0,267,3,44.9513530409349,142.577793,,,,,,,,,,,,,267,red,0,0,0
81,06,1310520,1,20261005,400,138,0,0,0,0,0,477,113,0,0,0,0,0,3,43.474956340748676,144.4077086,,,,,,,,,,,,,267,red,538,590,1128
81,07,1310530,1,20261005,282,60,0,0,0,0,0,350,59,0,0,0,0,0,3,43.351455040718186,143.778977,,,,,,,,,,,,,267,red,342,409,751
81,08,1310540,1,20261005,538,140,0,0,267,0,0,467,158,0,0,267,0,0,3,43.71241358080086,144.1898958,,,,,,,,,,,,,267,red,678,625,1303
81,06,1310550,1,20261005,651,106,0,0,0,0,0,657,99,0,0,0,0,0,3,43.23651165068774,145.2499867,,,,,,,,,,,,,267,red,757,756,1513
81,06,1310560,1,20261005,989,170,0,0,0,0,0,1030,189,0,0,0,0,0,3,43.68069492079438,145.1213962,,,,,,,,,,,,,267,red,1159,1219,2378
81,06,1310570,1,20261005,1009,560,0,0,0,0,0,1068,516,0,0,0,0,0,3,43.3613193507207,144.8334503,,,,,,,,,,,,,267,red,1569,1584,3153
81,04,1310580,1,20261005,123,21,0,0,0,0,0,64,39,0,0,0,0,0,3,43.85535404082818,142.818956,,,,,,,,,,,,,267,red,144,103,247
81,01,1310590,1,20261005,16078,2694,0,0,0,0,0,19220,3364,0,0,0,0,0,3,43.101919030649576,141.3492984,,,,,,,,,,,,,267,red,18772,22584,41356
81,01,1310600,1,20261005,4679,1154,0,0,0,267,0,4903,1128,0,0,0,267,0,3,43.018587890624595,141.4801633,,,,,,,,,,,,,267,red,5833,6031,11864
81,07,1310610,1,20261005,59,21,0,0,0,0,0,55,22,0,0,0,0,0,3,43.124397040656135,143.671096,,,,,,,,,,,,,267,red,80,77,157
81,01,1310620,1,20261005,8601,1718,0,0,0,0,0,9433,1558,0,0,0,0,0,3,43.080001040643104,141.40691,,,,,,,,,,,,,267,red,10319,10991,21310
81,01,1310630,1,20261005,0,0,0,0,0,267,0,0,0,0,0,0,267,0,3,43.224602350684464,141.5421492,,,,,,,,,,,,,267,red,0,0,0
81,05,1310650,1,20261005,2,4,3988,0,0,230,0,2974,938,22,0,0,0,0,3,42.664068480506764,141.5956308,,,,,,,,,,,,,267,red,3994,3934,7928
81,08,1310660,1,20261005,1319,347,13,0,0,0,0,1752,385,12,0,0,0,0,3,43.98436947085019,143.5657163,,,,,,,,,,,,,267,red,1679,2149,3828
81,08,1310670,1,20261005,728,192,0,0,267,0,0,975,215,0,0,267,0,0,3,43.93417044084193,144.7997993,,,,,,,,,,,,,267,red,920,1190,2110
81,01,1310680,1,20261005,3587,378,0,0,0,0,0,3659,345,0,0,0,0,0,3,42.84334231056867,141.6642755,,,,,,,,,,,,,267,red,3965,4004,7969
81,06,1310690,1,20261005,2005,440,1,0,0,0,0,1992,453,5,0,0,0,0,3,43.048098520633566,144.4594431,,,,,,,,,,,,,267,red,2446,2450,4896
81,01,1310700,1,20261005,7437,859,0,0,0,0,0,8570,920,0,0,0,0,0,3,43.001297040619285,141.34856,,,,,,,,,,,,,267,red,8296,9490,17786
82,,2110010,1,20261005,3686,1617,0,0,0,0,0,3854,1503,0,0,0,0,0,3,37.110573456365614,140.1455465,,,,,,,,,,,,,273,red,5303,5357,10660
82,,2110017,1,20261005,16617,3159,0,0,0,0,0,17392,3029,0,0,0,0,0,3,37.37338104665072,140.3483355,,,,,,,,,,,,,273,red,19776,20421,40197
82,,2110019,1,20261005,16617,3670,0,0,0,0,0,15847,3517,0,0,0,0,0,3,37.46431627674753,140.3769493,,,,,,,,,,,,,273,red,20287,19364,39651
82,,2110021,1,20261005,11997,2392,82,0,0,0,0,11358,3208,36,0,273,0,0,3,37.606841446897334,140.4677635,,,,,,,,,,,,,273,red,14471,14602,29073
82,,2110030,1,20261005,16447,2143,0,0,0,0,0,16777,2178,0,0,0,0,0,3,37.73677529703182,140.4665726,,,,,,,,,,,,,273,red,18590,18955,37545
82,,2110040,1,20261005,10555,1853,0,0,0,0,0,10763,1773,0,0,0,0,0,3,37.807813217104496,140.4958221,,,,,,,,,,,,,273,red,12408,12536,24944
82,,2110050,1,20261005,3166,1715,0,0,0,0,0,3145,1659,0,0,0,0,0,3,37.90701278720498,140.5808128,,,,,,,,,,,,,273,red,4881,4804,9685
82,,2110055,1,20261005,9011,2984,0,0,0,0,0,9262,2707,0,0,0,0,0,3,38.041138927338956,140.6498056,,,,,,,,,,,,,273,red,11995,11969,23964
82,,2110060,1,20261005,16048,3172,0,0,0,0,0,15989,2762,0,0,0,0,0,3,38.085083367382396,140.8283056,,,,,,,,,,,,,273,red,19220,18751,37971
82,,2110062,1,20261005,2245,590,21,0,0,0,0,2354,496,10,0,0,0,0,3,39.659168038777906,141.92916800000003,,,,,,,,,,,,,273,red,2856,2860,5716
82,,2110063,1,20261005,1656,542,24,0,0,0,0,1651,451,48,0,0,0,0,3,39.73009903883322,141.960134,,,,,,,,,,,,,273,red,2222,2150,4372
82,,2110065,1,20261005,18273,2510,0,0,0,0,0,17495,2182,0,0,0,0,0,3,38.15208336744814,140.8853611,,,,,,,,,,,,,273,red,20783,19677,40460
82,,2110070,1,20261005,24834,3006,0,0,0,0,0,23656,2694,0,0,0,0,0,3,38.21891670751319,140.895,,,,,,,,,,,,,273,red,27840,26350,54190
82,,2110081,1,20261005,7977,350,0,0,0,0,0,0,0,0,0,0,0,0,3,38.340207037629824,140.883811,,,,,,,,,,,,,273,red,8327,0,8327
82,,2110090,1,20261005,7530,1674,0,0,0,0,0,8175,1416,0,0,0,0,0,3,38.61000803788275,140.98291900000004,,,,,,,,,,,,,273,red,9204,9591,18795
82,,2110091,1,20261005,3353,1278,0,0,0,0,0,3123,1123,0,0,0,0,0,3,38.834610038086325,141.085674,,,,,,,,,,,,,273,red,4631,4246,8877
82,,2110092,1,20261005,5969,1414,0,0,0,0,0,4773,1305,0,0,0,0,0,3,38.930416038171224,141.117432,,,,,,,,,,,,,273,red,7383,6078,13461
82,,2110093,1,20261005,5164,1401,59,0,0,0,0,5097,1302,39,0,0,0,0,3,39.003777838235415,141.1133766,,,,,,,,,,,,,273,red,6624,6438,13062
82,,2110095,1,20261005,4610,673,0,0,0,0,0,4926,698,0,0,0,0,0,3,39.166645038375485,141.142913,,,,,,,,,,,,,273,red,5283,5624,10907
82,,2110103,1,20261005,13775,1213,0,0,0,0,0,15504,730,0,0,0,0,0,3,39.668019038784855,141.15759,,,,,,,,,,,,,273,red,14988,16234,31222
82,,2110106,1,20261005,12522,959,0,0,0,0,0,12410,1022,0,0,0,0,0,3,39.70774803881587,141.165401,,,,,,,,,,,,,273,red,13481,13432,26913
82,,2110110,1,20261005,11567,1055,0,0,0,0,0,11527,942,0,0,0,0,0,3,39.7581439588549,141.134491,,,,,,,,,,,,,273,red,12622,12469,25091
82,,2110120,1,20261005,4057,969,0,0,0,0,0,4236,964,0,0,0,0,0,3,40.24861199921695,141.2695885,,,,,,,,,,,,,273,red,5026,5200,10226
82,,2110121,1,20261005,2399,808,0,0,0,0,0,2558,683,0,0,0,0,0,3,40.33516094927743,141.2985134,,,,,,,,,,,,,273,red,3207,3241,6448
82,,2110129,1,20261005,2602,534,0,0,0,0,0,2690,508,4,0,0,0,0,3,40.60805264946136,141.26026802,,,,,,,,,,,,,273,red,3136,3202,6338
82,,2110130,1,20261005,0,0,6193,0,0,273,0,0,0,6444,0,0,273,0,3,40.65608164949267,141.19309457,,,,,,,,,,,,,273,red,6193,6444,12637
82,,2110132,1,20261005,3322,483,364,0,0,0,0,4193,612,113,0,0,0,0,3,40.683721049510524,141.17042319,,,,,,,,,,,,,273,red,4169,4918,9087
82,,2110140,1,20261005,6073,1153,42,0,0,0,0,5596,353,30,0,0,0,0,3,40.89753341964514,140.86029133,,,,,,,,,,,,,273,red,7268,5979,13247
82,,2110143,1,20261005,4794,1313,0,0,0,0,0,4724,1119,0,0,0,0,0,3,39.946858248998055,141.2168884,,,,,,,,,,,,,273,red,6107,5843,11950
82,,2110144,1,20261005,5049,1116,0,2,271,0,2,5122,1165,0,2,271,0,2,3,40.83532684960663,141.12935762,,,,,,,,,,,,,273,red,6165,6287,12452
82,,2110150,1,20261005,5581,1277,2,0,0,0,0,5694,1110,8,0,0,0,0,3,36.857960956084185,140.7891727,,,,,,,,,,,,,273,red,6860,6812,13672
82,,2110160,1,20261005,12905,3657,266,0,0,0,0,10787,3672,201,0,0,0,0,3,36.92281008615712,140.8423448,,,,,,,,,,,,,273,red,16828,14660,31488
82,,2110161,1,20261005,9423,1547,0,0,0,0,0,9685,1497,0,0,0,0,0,3,37.03306503628002,140.911907,,,,,,,,,,,,,273,red,10970,11182,22152
82,,2110162,1,20261005,5737,1009,0,0,0,0,0,5238,885,0,0,0,0,0,3,37.11549536637102,140.9974993,,,,,,,,,,,,,273,red,6746,6123,12869
82,,2110163,1,20261005,4683,1411,5,0,0,0,0,4609,1413,4,0,0,0,0,3,37.38527750666344,141.0086632,,,,,,,,,,,,,273,red,6099,6026,12125
82,,2110165,1,20261005,5262,1185,24,0,0,0,0,5370,1416,25,0,0,0,0,3,37.63270112692426,140.9856901,,,,,,,,,,,,,273,red,6471,6811,13282
82,,2110168,1,20261005,3277,1252,0,0,0,0,0,3273,1150,0,0,0,0,0,3,37.81498403711179,140.943249,,,,,,,,,,,,,273,red,4529,4423,8952
82,,2110170,1,20261005,2403,477,0,0,0,0,0,2292,488,0,0,0,0,0,3,37.89520971719308,140.9035528,,,,,,,,,,,,,273,red,2880,2780,5660
82,,2110173,1,20261005,10200,1192,0,0,0,0,0,9844,1141,0,0,0,0,0,3,37.094818366348264,140.9771016,,,,,,,,,,,,,273,red,11392,10985,22377
82,,2110180,1,20261005,6178,552,0,0,0,0,0,5666,512,0,0,0,0,0,3,38.064732037362305,140.859399,,,,,,,,,,,,,273,red,6730,6178,12908
82,,2110190,1,20261005,2701,800,0,0,0,0,0,2448,531,0,0,0,0,0,1,38.69140541795727,139.678824,,,,,,,,,,,,,273,red,3501,2979,6480
82,,2110191,1,20261005,4014,847,0,0,0,0,0,4020,868,0,0,0,0,0,3,38.96127130819829,139.8400569,,,,,,,,,,,,,273,red,4861,4888,9749
82,,2110192,1,20261005,7457,690,0,0,0,0,0,7337,691,0,0,0,0,0,3,38.794079918050066,139.83442430000002,,,,,,,,,,,,,273,red,8147,8028,16175
82,,2110193,1,20261005,8142,811,0,0,0,0,0,8084,794,0,0,0,0,0,3,38.787431758044086,139.8346764,,,,,,,,,,,,,273,red,8953,8878,17831
82,,2110194,1,20261005,1312,264,0,0,0,0,0,1547,327,0,0,0,0,0,3,38.69287924795862,139.6478605,,,,,,,,,,,,,273,red,1576,1874,3450
82,,2110195,1,20261005,1386,938,0,0,0,0,0,1731,716,0,0,0,0,0,3,38.61589808788817,139.5797968,,,,,,,,,,,,,273,red,2324,2447,4771
82,,2110196,1,20261005,8432,1026,0,0,0,0,0,9231,963,0,0,0,0,0,3,38.83854814808984,139.8486963,,,,,,,,,,,,,273,red,9458,10194,19652
82,,2110197,1,20261005,2878,304,0,0,0,0,0,2955,341,0,0,0,0,0,3,38.71753625798101,139.7594082,,,,,,,,,,,,,273,red,3182,3296,6478
82,,2110198,1,20261005,5148,748,0,0,0,0,0,4993,638,0,0,0,0,0,3,38.71622198797982,139.7565651,,,,,,,,,,,,,273,red,5896,5631,11527
82,,2110199,1,20261005,1737,672,0,0,0,0,0,1720,466,0,0,0,0,0,1,38.60695292787995,139.5878005,,,,,,,,,,,,,273,red,2409,2186,4595
82,,2110201,1,20261005,2299,780,0,0,0,0,0,2216,489,0,0,0,0,0,1,38.666421037934484,139.623761,,,,,,,,,,,,,273,red,3079,2705,5784
82,,2110202,1,20261005,6505,992,0,0,0,0,0,6613,1008,0,0,0,0,0,3,39.62387474875015,140.0681964,,,,,,,,,,,,,273,red,7497,7621,15118
82,,2110203,1,20261005,1226,170,0,0,0,0,0,1307,131,0,0,0,0,0,3,39.240899018438185,139.9362623,,,,,,,,,,,,,273,red,1396,1438,2834
82,,2110204,1,20261005,2650,776,0,0,0,0,0,3160,681,0,0,0,0,0,3,39.290490888479674,139.9747431,,,,,,,,,,,,,273,red,3426,3841,7267
82,,2110205,1,20261005,2181,933,0,0,0,0,0,2324,773,0,0,0,0,0,3,39.11912903833497,139.876447,,,,,,,,,,,,,273,red,3114,3097,6211
82,,2110208,1,20261005,9284,527,0,0,0,0,0,8626,629,0,0,0,0,0,3,39.38953603856155,140.030682,,,,,,,,,,,,,273,red,9811,9255,19066
82,,2110210,1,20261005,9454,1190,0,0,0,0,0,10640,1222,0,0,0,0,0,3,39.79539903888355,140.0622,,,,,,,,,,,,,273,red,10644,11862,22506
82,,2110212,1,20261005,6701,908,0,0,0,0,0,6392,1000,0,0,0,0,0,3,39.718472038824196,140.083211,,,,,,,,,,,,,273,red,7609,7392,15001
82,,2110213,1,20261005,3846,377,0,0,0,0,0,3722,474,0,0,0,0,0,3,39.52539935867177,140.0518185,,,,,,,,,,,,,273,red,4223,4196,8419
82,,2110214,1,20261005,3402,607,0,0,0,0,0,3223,571,0,0,0,0,0,3,39.90494615896667,140.076382,,,,,,,,,,,,,273,red,4009,3794,7803
82,,2110215,1,20261005,3046,482,70,0,0,0,0,3089,431,33,0,0,0,0,3,40.067095039086766,140.067721,,,,,,,,,,,,,273,red,3598,3553,7151
82,,2110216,1,20261005,3076,877,166,0,0,0,0,0,0,0,0,0,0,0,3,40.268120039230666,140.52780600000003,,,,,,,,,,,,,272,red,4119,0,4119
82,,2110217,1,20261005,2808,888,158,0,0,0,0,1606,601,111,0,0,0,0,3,40.27305803923414,140.532178,,,,,,,,,,,,,272,red,3854,2318,6172
82,,2110218,1,20261005,6878,382,0,0,0,0,0,6602,360,0,0,0,0,0,3,40.190834039176,140.036139,,,,,,,,,,,,,273,red,7260,6962,14222
82,,2110219,1,20261005,2307,731,0,0,0,0,0,980,241,0,0,0,0,0,3,40.21531803919339,140.280482,,,,,,,,,,,,,273,red,3038,1221,4259
82,,2110220,1,20261005,2081,698,6,0,0,0,0,2116,682,3,0,0,0,0,3,40.16185503915528,140.039381,,,,,,,,,,,,,273,red,2785,2801,5586
82,,2110221,1,20261005,3483,867,60,0,0,0,0,3214,759,23,0,0,0,0,3,40.20192503918389,140.151831,,,,,,,,,,,,,273,red,4410,3996,8406
82,,2110222,1,20261005,939,430,0,0,0,0,0,854,338,0,0,0,0,0,3,40.30719003925799,140.572683,,,,,,,,,,,,,273,red,1369,1192,2561
82,,2110229,1,20261005,3528,914,36,0,0,0,0,1345,236,47,0,0,0,0,3,40.230677039204274,140.489525,,,,,,,,,,,,,272,red,4478,1628,6106
82,,2110230,1,20261005,1896,560,7,0,0,0,0,1838,529,3,0,0,0,0,3,40.3821040393098,140.603544,,,,,,,,,,,,,269,red,2463,2370,4833
82,,2110231,1,20261005,2187,642,52,0,0,0,0,2200,589,22,0,0,0,0,3,40.461176699363655,140.6358415,,,,,,,,,,,,,273,red,2881,2811,5692
82,,2110232,1,20261005,2263,670,26,0,0,0,0,1674,316,37,0,0,0,0,3,40.199024039181815,140.383267,,,,,,,,,,,,,272,red,2959,2027,4986
82,,2110233,1,20261005,1290,442,0,0,0,0,0,1354,333,0,0,0,0,0,1,38.96155603819856,139.859806,,,,,,,,,,,,,273,red,1732,1687,3419
82,,2110234,1,20261005,3841,578,721,0,0,0,0,5648,850,405,0,0,0,0,3,40.57123242943714,140.52428552,,,,,,,,,,,,,273,red,5140,6903,12043
82,,2110235,1,20261005,11214,1204,24,0,0,0,0,3,0,11981,0,0,204,0,3,40.60269692945784,140.49957539,,,,,,,,,,,,,273,red,12442,11984,24426
82,,2110236,1,20261005,1351,441,0,0,0,0,0,1534,341,0,0,0,0,0,1,39.00850003823954,139.856924,,,,,,,,,,,,,273,red,1792,1875,3667
82,,2110237,1,20261005,318,20,0,0,0,0,0,422,26,0,0,0,0,0,1,39.05087603827627,139.890254,,,,,,,,,,,,,273,red,338,448,786
82,,2110240,1,20261005,8852,1108,23,0,0,0,0,2908,247,6186,0,0,271,0,3,40.65753935949361,140.50836074,,,,,,,,,,,,,271,red,9983,9341,19324
82,,2110249,1,20261005,7493,1537,611,0,0,0,0,3916,915,349,0,273,273,0,3,40.831625089604316,140.66283564,,,,,,,,,,,,,273,red,9641,5180,14821
82,,2110250,1,20261005,8369,1339,0,0,0,0,0,8490,1616,0,0,0,0,0,3,40.767838829564255,140.59194915,,,,,,,,,,,,,273,red,9708,10106,19814
82,,2110251,1,20261005,12808,1167,0,0,0,273,0,23277,3289,0,0,0,0,0,3,40.824380649599796,140.7354641,,,,,,,,,,,,,273,red,13975,26566,40541
82,,2110252,1,20261005,7296,1454,3,0,0,0,0,0,0,8051,0,0,252,0,3,40.80222556958593,140.69781704,,,,,,,,,,,,,252,red,8753,8051,16804
82,,2110253,1,20261005,3702,568,86,0,0,0,0,4064,794,78,0,0,0,0,3,40.82364700959935,140.81040657,,,,,,,,,,,,,273,red,4356,4936,9292
82,,2110255,1,20261005,0,0,0,0,0,0,0,0,0,0,0,0,0,0,3,40.797368279582884,140.73499562,,,,,,,,,,,,,273,red,0,0,0
82,,2110256,1,20261005,7511,663,35,0,0,0,0,0,0,0,0,0,0,0,3,40.79545531958167,140.74908182,,,,,,,,,,,,,273,red,8209,0,8209
82,,2110258,1,20261005,2956,273,9,0,0,0,0,4916,802,33,0,0,0,0,3,40.26361114922749,140.42944444,,,,,,,,,,,,,273,red,3238,5751,8989
82,,2110260,1,20261005,11551,626,0,0,0,0,0,11267,668,0,0,0,0,0,3,37.766077747061864,140.4643813,,,,,,,,,,,,,273,red,12177,11935,24112
82,,2110270,1,20261005,638,259,2,0,0,0,0,47,14,14,0,0,237,0,3,37.82286602711981,140.2786356,,,,,,,,,,,,,273,red,899,75,974
82,,2110271,1,20261005,2728,1380,0,0,0,0,0,2558,863,0,0,0,0,0,3,37.89655074719443,140.1500818,,,,,,,,,,,,,273,red,4108,3421,7529
82,,2110272,1,20261005,2635,1329,0,0,0,0,0,2613,845,0,0,0,0,0,3,37.92749748722557,140.13487,,,,,,,,,,,,,273,red,3964,3458,7422
82,,2110280,1,20261005,6844,1086,0,0,0,0,0,6950,950,0,0,0,0,0,3,37.99971367729781,140.14494900000003,,,,,,,,,,,,,273,red,7930,7900,15830
82,,2110290,1,20261005,8135,1594,0,0,0,0,0,8095,1442,0,0,0,0,0,3,38.13022203742675,140.241028,,,,,,,,,,,,,273,red,9729,9537,19266
82,,2110291,1,20261005,9633,1574,0,0,0,0,0,9801,1424,0,0,0,0,0,3,38.159814097455694,140.3001308,,,,,,,,,,,,,273,red,11207,11225,22432
82,,2110292,1,20261005,7669,1522,0,0,0,0,0,6775,1208,0,0,0,0,0,3,38.10297203739999,140.207083,,,,,,,,,,,,,273,red,9191,7983,17174
82,,2110294,1,20261005,1706,437,0,0,0,0,0,1786,456,0,0,0,0,0,3,37.767613677063444,140.8648291,,,,,,,,,,,,,273,red,2143,2242,4385
82,,2110295,1,20261005,1929,452,0,0,0,0,0,2010,490,0,0,0,0,0,3,37.75423885704973,140.7090153,,,,,,,,,,,,,273,red,2381,2500,4881
82,,2110296,1,20261005,2208,508,0,0,0,0,0,2322,539,0,0,0,0,0,3,37.75978319705542,140.5958156,,,,,,,,,,,,,273,red,2716,2861,5577
82,,2110297,1,20261005,2118,436,0,0,0,0,0,2259,470,0,0,0,0,0,3,37.78113503707728,140.573819,,,,,,,,,,,,,273,red,2554,2729,5283
82,,2110298,1,20261005,2187,578,0,0,0,0,0,2406,618,0,0,0,0,0,3,37.81669203711354,140.530266,,,,,,,,,,,,,273,red,2765,3024,5789
82,,2110299,1,20261005,1721,621,0,0,0,0,0,1920,669,0,0,0,0,0,3,37.83294203713006,140.49615,,,,,,,,,,,,,273,red,2342,2589,4931
82,,2110300,1,20261005,2363,1379,0,0,0,0,0,2217,907,0,0,0,0,0,1,37.79582169709228,140.4130094,,,,,,,,,,,,,273,red,3742,3124,6866
82,,2110301,1,20261005,3161,1639,0,0,0,0,0,2880,1043,0,0,0,0,0,3,37.8687824871664,140.2279023,,,,,,,,,,,,,273,red,4800,3923,8723
82,,2110305,1,20261005,14269,2008,0,0,0,0,0,15304,2040,0,0,0,0,0,3,38.32857829761873,140.3671432,,,,,,,,,,,,,273,red,16277,17344,33621
82,,2110307,1,20261005,5996,287,0,0,0,0,0,8436,860,0,0,0,0,0,3,38.48098003776293,140.382831,,,,,,,,,,,,,273,red,6283,9296,15579
82,,2110308,1,20261005,5555,1615,0,0,0,0,0,5379,1438,0,0,0,0,0,1,38.56969403784554,140.401333,,,,,,,,,,,,,273,red,7170,6817,13987
82,,2110309,1,20261005,4377,1365,0,0,0,0,0,3911,1082,0,0,0,0,0,1,38.42500003771029,140.352222,,,,,,,,,,,,,273,red,5742,4993,10735
82,,2110310,1,20261005,4732,591,0,0,0,0,0,4950,548,0,0,0,0,0,3,38.57581640785121,140.403707,,,,,,,,,,,,,273,red,5323,5498,10821
82,,2110311,1,20261005,6059,1621,0,0,0,0,0,5651,1408,0,0,0,0,0,1,38.5505555978278,140.3888889,,,,,,,,,,,,,273,red,7680,7059,14739
82,,2110312,1,20261005,5230,1451,0,0,0,0,0,5255,1364,0,0,0,0,0,3,38.618265997890354,140.3838155,,,,,,,,,,,,,273,red,6681,6619,13300
82,,2110313,1,20261005,6507,1692,0,0,0,0,0,6374,1631,0,0,0,0,0,3,38.676631947943804,140.3212881,,,,,,,,,,,,,273,red,8199,8005,16204
82,,2110314,1,20261005,6347,1667,0,0,0,0,0,6237,1607,0,0,0,0,0,3,38.71993903798319,140.308757,,,,,,,,,,,,,273,red,8014,7844,15858
82,,2110315,1,20261005,4216,458,0,0,0,0,0,4444,408,0,0,0,0,0,3,38.8033716780584,140.3206605,,,,,,,,,,,,,273,red,4674,4852,9526
82,,2110316,1,20261005,3032,917,0,0,0,0,0,2391,688,0,0,0,0,0,3,38.74947203800992,140.290833,,,,,,,,,,,,,273,red,3949,3079,7028
82,,2110317,1,20261005,1244,686,0,0,0,0,0,1358,554,0,0,0,0,0,3,38.923639038165255,140.334806,,,,,,,,,,,,,273,red,1930,1912,3842
82,,2110318,1,20261005,1208,665,0,0,0,0,0,1379,560,0,0,0,0,0,3,38.94673520818555,140.3547943,,,,,,,,,,,,,273,red,1873,1939,3812
82,,2110319,1,20261005,2338,750,20,0,0,0,0,2439,651,42,0,0,0,0,3,39.072178338294655,140.4714918,,,,,,,,,,,,,273,red,3108,3132,6240
82,,2110320,1,20261005,2820,767,32,0,0,0,0,2936,683,34,0,0,0,0,3,39.11258080832936,140.486598,,,,,,,,,,,,,273,red,3619,3653,7272
82,,2110321,1,20261005,5442,610,0,0,0,0,0,5272,579,0,0,0,0,0,3,39.181412318388,140.4959965,,,,,,,,,,,,,273,red,6052,5851,11903
82,,2110322,1,20261005,3166,313,21,0,0,0,0,3045,340,211,0,0,0,0,3,39.1455093483575,140.4912436,,,,,,,,,,,,,273,red,3500,3596,7096
82,,2110324,1,20261005,794,497,0,0,0,0,0,21,353,0,0,0,0,0,3,39.046668898272635,140.4131154,,,,,,,,,,,,,273,red,1291,374,1665
82,,2110325,1,20261005,5448,1600,0,0,0,0,0,5062,1382,0,0,0,0,0,1,38.463333037746374,140.3575,,,,,,,,,,,,,273,red,7048,6444,13492
82,,2110326,1,20261005,5753,1572,0,0,0,0,0,5443,1375,0,0,0,0,0,1,38.49944403778021,140.370833,,,,,,,,,,,,,273,red,7325,6818,14143
82,,2110327,1,20261005,7558,767,0,0,0,0,0,7023,699,0,0,0,0,0,3,39.249316578445246,140.5351192,,,,,,,,,,,,,273,red,8325,7722,16047
82,,2110328,1,20261005,1864,734,0,0,0,0,0,1921,616,0,0,0,0,0,3,38.78089403803823,140.293372,,,,,,,,,,,,,273,red,2598,2537,5135
82,,2110335,1,20261005,3559,460,4236,0,0,273,0,7682,757,52,0,0,0,0,3,39.45464609861468,140.4982871,,,,,,,,,,,,,273,red,8255,8491,16746
82,,2110337,1,20261005,3743,682,3,0,0,0,0,3731,678,4,0,0,0,0,3,39.56556981870389,140.3349352,,,,,,,,,,,,,273,red,4428,4413,8841
82,,2110340,1,20261005,9568,1719,0,0,0,0,0,8699,1571,0,0,0,0,0,3,39.66778703878465,140.165768,,,,,,,,,,,,,273,red,11287,10270,21557
82,,2110350,1,20261005,15664,2227,0,0,0,0,0,16438,2383,0,0,0,0,0,3,38.27013892756266,140.95175,,,,,,,,,,,,,273,red,17891,18821,36712
82,,2110352,1,20261005,13670,2599,18,0,0,0,0,11822,2405,203,0,0,0,0,3,38.425472257710744,141.1867778,,,,,,,,,,,,,273,red,16287,14430,30717
82,,2110353,1,20261005,12812,2490,253,2,0,0,1,11351,2460,491,0,0,0,1,3,38.43294447771779,141.2090556,,,,,,,,,,,,,273,red,15555,14302,29857
82,,2110354,1,20261005,11087,2059,164,16,0,0,35,10974,1947,150,0,0,0,35,3,38.442000037726324,141.2525833,,,,,,,,,,,,,273,red,13310,13071,26381
82,,2110355,1,20261005,9528,2147,215,0,0,0,0,9690,1892,99,0,0,0,0,3,38.48202781776391,141.2923889,,,,,,,,,,,,,273,red,11890,11681,23571
82,,2110357,1,20261005,8335,1950,60,0,0,0,0,8584,1743,79,0,0,0,0,3,38.50430559778474,141.2861944,,,,,,,,,,,,,273,red,10345,10406,20751
82,,2110358,1,20261005,5985,1767,42,0,0,0,0,6069,1547,74,0,0,0,0,3,38.590638927864894,141.27905560000002,,,,,,,,,,,,,273,red,7794,7690,15484
82,,2110359,1,20261005,5469,1701,40,0,0,0,0,5535,1453,70,0,0,0,0,3,38.61066670788337,141.2839722,,,,,,,,,,,,,273,red,7210,7058,14268
82,,2110360,1,20261005,5991,272,0,0,0,0,0,5764,400,0,0,0,0,0,3,38.429333367714385,141.2390278,,,,,,,,,,,,,273,red,6263,6164,12427
82,,2110361,1,20261005,5131,379,0,0,0,0,0,5301,447,0,0,0,0,0,3,38.891555598136925,141.55625,,,,,,,,,,,,,273,red,5510,5748,11258
82,,2110362,1,20261005,4410,1093,35,0,0,0,0,4474,980,32,0,0,0,0,3,38.696083367961535,141.2831389,,,,,,,,,,,,,273,red,5538,5486,11024
82,,2110363,1,20261005,11008,2170,70,0,0,0,0,10176,1906,87,0,0,0,0,3,38.456555597740014,141.2745,,,,,,,,,,,,,273,red,13248,12169,25417
82,,2110364,1,20261005,3020,822,2,0,0,0,0,3120,730,3,0,0,0,0,3,38.95011114818852,141.6280556,,,,,,,,,,,,,273,red,3844,3853,7697
82,,2110365,1,20261005,2991,262,0,0,0,0,0,3188,294,0,0,0,0,0,3,38.91955303816165,141.571364,,,,,,,,,,,,,273,red,3253,3482,6735
82,,2110366,1,20261005,3978,1033,69,0,0,0,0,3995,947,80,0,0,0,0,3,38.71113892797521,141.3101667,,,,,,,,,,,,,273,red,5080,5022,10102
82,,2110367,1,20261005,4492,854,63,0,0,0,0,4359,751,80,0,0,0,0,3,39.02656869825523,141.6974974,,,,,,,,,,,,,273,red,5409,5190,10599
82,,2110368,1,20261005,4042,1035,48,0,0,0,0,4043,918,35,0,0,0,0,3,38.70219447796709,141.3930833,,,,,,,,,,,,,273,red,5125,4996,10121
82,,2110370,1,20261005,4456,407,0,0,0,0,0,4672,409,0,0,0,0,0,3,39.059216658283475,141.7193842,,,,,,,,,,,,,273,red,4863,5081,9944
82,,2110371,1,20261005,2301,575,19,0,0,0,0,2408,499,13,0,0,0,0,3,39.074077398296275,141.7034197,,,,,,,,,,,,,273,red,2895,2920,5815
82,,2110372,1,20261005,2447,643,0,0,0,0,0,2456,584,0,0,0,0,0,3,39.125195598340156,141.7347157,,,,,,,,,,,,,273,red,3090,3040,6130
82,,2110373,1,20261005,3666,712,0,0,0,0,0,3559,599,0,0,0,0,0,3,39.12205355833746,141.7899934,,,,,,,,,,,,,273,red,4378,4158,8536
82,,2110374,1,20261005,2496,793,0,0,0,0,0,2723,752,0,0,0,0,0,3,39.03121932825926,141.6337144,,,,,,,,,,,,,273,red,3289,3475,6764
82,,2110379,1,20261005,2393,765,240,0,0,0,0,2482,575,115,0,0,0,0,3,39.14893559836042,141.8295097,,,,,,,,,,,,,273,red,3398,3172,6570
82,,2110380,1,20261005,3490,343,0,0,0,0,0,4248,325,0,0,0,0,0,3,39.29661287848477,141.8836641,,,,,,,,,,,,,273,red,3833,4573,8406
82,,2110381,1,20261005,3470,992,62,0,0,0,0,3526,865,129,0,0,0,0,3,38.69052781795646,141.4270556,,,,,,,,,,,,,273,red,4524,4520,9044
82,,2110382,1,20261005,4031,1061,29,0,0,0,0,4174,926,59,0,0,0,0,3,38.70547225797006,141.4960833,,,,,,,,,,,,,273,red,5121,5159,10280
82,,2110383,1,20261005,4055,777,33,0,0,0,0,4265,727,32,0,0,0,0,3,39.32251283850628,141.8802524,,,,,,,,,,,,,273,red,4865,5024,9889
82,,2110384,1,20261005,4395,945,54,0,0,0,0,4396,878,63,0,0,0,0,3,38.81825003807172,141.5580556,,,,,,,,,,,,,273,red,5394,5337,10731
82,,2110387,1,20261005,1733,444,546,0,0,0,0,2612,507,56,0,0,0,0,3,39.59193303872486,141.940478,,,,,,,,,,,,,273,red,2723,3175,5898
82,,2110389,1,20261005,1782,537,35,0,0,0,0,1741,475,51,0,0,0,0,3,39.8199300389023,141.96138,,,,,,,,,,,,,273,red,2354,2267,4621
82,,2110392,1,20261005,1892,562,40,0,0,0,0,1866,476,49,0,0,0,0,3,39.836270038914755,141.96038,,,,,,,,,,,,,273,red,2494,2391,4885
82,,2110393,1,20261005,1169,538,0,0,0,0,0,1229,432,0,0,0,0,0,3,39.87071503894088,141.94008,,,,,,,,,,,,,273,red,1707,1661,3368
82,,2110394,1,20261005,4899,963,35,0,0,0,0,4833,876,66,0,0,0,0,3,38.86638892811462,141.5685833,,,,,,,,,,,,,273,red,5897,5775,11672
82,,2110396,1,20261005,232,40,0,0,0,273,1,171,35,0,0,0,273,1,3,39.93351162898809,141.8457699,,,,,,,,,,,,,273,red,272,206,478
82,,2110397,1,20261005,838,499,0,0,0,0,1,899,392,0,0,0,0,1,3,39.9934900390327,141.881411,,,,,,,,,,,,,273,red,1337,1291,2628
82,,2110401,1,20261005,2006,760,49,0,0,0,0,2077,719,12,0,0,0,0,3,39.029891708258106,141.6224,,,,,,,,,,,,,273,red,2815,2808,5623
82,,2110402,1,20261005,1844,165,0,0,0,0,0,1815,128,0,0,0,0,0,3,40.414361969331864,141.7051792,,,,,,,,,,,,,273,red,2009,1943,3952
82,,2110403,1,20261005,2428,616,39,0,0,0,0,2485,567,42,0,0,0,0,3,39.15806392836817,141.8413306,,,,,,,,,,,,,273,red,3083,3094,6177
82,,2110404,1,20261005,11346,687,9,0,0,0,0,11182,611,39,0,0,0,0,3,40.50576550939362,141.53235261,,,,,,,,,,,,,273,red,12042,11832,23874
82,,2110405,1,20261005,11629,1120,61,0,0,0,0,10834,1123,22,0,0,0,0,3,40.528900439409064,141.46412799,,,,,,,,,,,,,273,red,12810,11979,24789
82,,2110407,1,20261005,3238,399,4,0,0,0,0,3143,413,172,0,0,0,0,3,40.481786839377534,141.5376989,,,,,,,,,,,,,273,red,3641,3728,7369
82,,2110408,1,20261005,7731,1055,57,0,0,0,0,8080,1026,38,0,0,0,0,3,40.5637364594322,141.43539327,,,,,,,,,,,,,273,red,8843,9144,17987
82,,2110409,1,20261005,2649,627,36,0,0,0,0,2700,553,25,0,0,0,0,3,39.24333336844022,141.8452778,,,,,,,,,,,,,273,red,3312,3278,6590
82,,2110410,1,20261005,3600,584,11,0,0,0,0,3772,563,22,0,0,0,0,3,40.47949102937599,141.58069836,,,,,,,,,,,,,273,red,4195,4357,8552
82,,2110412,1,20261005,3099,959,47,0,0,0,0,2987,915,78,0,0,0,0,3,40.66162803949626,141.324363,,,,,,,,,,,,,273,red,4105,3980,8085
82,,2110413,1,20261005,3785,878,137,0,0,0,0,3956,1051,141,0,0,0,0,3,40.675139039505,141.304575,,,,,,,,,,,,,273,red,4800,5148,9948
82,,2110414,1,20261005,9407,1430,0,0,0,0,0,8638,1375,0,0,0,0,0,3,39.699724768809624,141.0544968,,,,,,,,,,,,,273,red,10837,10013,20850
82,,2110415,1,20261005,4662,669,0,0,0,0,0,4536,637,0,0,0,0,0,3,39.69160156880328,141.008749,,,,,,,,,,,,,273,red,5331,5173,10504
82,,2110416,1,20261005,1877,533,2,0,0,0,0,1899,560,5,0,0,0,0,3,39.70020353880998,140.8836508,,,,,,,,,,,,,273,red,2412,2464,4876
82,,2110417,1,20261005,799,267,0,0,0,0,0,163,193,0,0,0,0,0,3,40.47147403937059,141.474002,,,,,,,,,,,,,273,red,1066,356,1422
82,,2110418,1,20261005,3736,903,42,0,0,0,0,3697,727,37,0,0,0,0,3,39.260555598454665,141.8394444,,,,,,,,,,,,,273,red,4681,4461,9142
82,,2110419,1,20261005,3166,645,22,0,0,0,0,3289,558,30,0,0,0,0,3,39.288333368477865,141.8633333,,,,,,,,,,,,,273,red,3833,3877,7710
82,,2110421,1,20261005,2443,610,10,0,0,0,0,2692,547,19,0,0,0,0,3,39.366111148542295,141.9044444,,,,,,,,,,,,,273,red,3063,3258,6321
82,,2110422,1,20261005,2896,679,30,0,0,0,0,3042,632,21,0,0,0,0,3,39.36731670854329,141.8911806,,,,,,,,,,,,,273,red,3605,3695,7300
82,,2110423,1,20261005,2804,711,2,0,0,0,0,3010,603,1,0,0,0,0,3,40.22921103920324,141.7800234,,,,,,,,,,,,,273,red,3517,3614,7131
82,,2110424,1,20261005,1638,527,0,0,0,0,0,1759,573,0,0,0,0,0,3,39.601276038732266,140.551915,,,,,,,,,,,,,273,red,2165,2332,4497
82,,2110432,1,20261005,841,384,0,0,0,0,0,877,405,0,0,0,0,0,3,38.73755603799914,140.598389,,,,,,,,,,,,,273,red,1225,1282,2507
82,,2110435,1,20261005,4358,1447,0,0,0,0,0,4266,1520,0,0,0,0,0,3,38.74138978800262,140.2831578,,,,,,,,,,,,,273,red,5805,5786,11591
82,,2110436,1,20261005,2916,1065,0,0,0,0,0,2867,1017,0,0,0,0,0,3,38.74416703800512,140.259722,,,,,,,,,,,,,273,red,3981,3884,7865
82,,2110437,1,20261005,3246,1071,0,0,0,0,0,3285,1112,0,0,0,0,0,3,38.73663903799832,140.168833,,,,,,,,,,,,,273,red,4317,4397,8714
82,,2110438,1,20261005,2954,1072,0,0,0,0,0,2891,998,0,0,0,0,0,3,38.745210838006074,140.2326227,,,,,,,,,,,,,273,red,4026,3889,7915
82,,2110440,1,20261005,2805,1041,0,0,0,0,1,2985,1110,0,0,0,0,1,3,38.78155241803881,140.0267226,,,,,,,,,,,,,273,red,3846,4095,7941
82,,2110445,1,20261005,15710,1609,0,0,0,0,0,16211,1739,0,0,0,0,0,3,38.26502503755774,140.79343300000002,,,,,,,,,,,,,273,red,17319,17950,35269
82,,2110450,1,20261005,2864,1010,0,0,0,0,0,2742,1035,0,0,0,0,0,3,38.391999797679084,140.5672252,,,,,,,,,,,,,273,red,3874,3777,7651
82,,2110451,1,20261005,4429,456,0,0,0,0,0,4338,458,0,0,0,0,0,3,38.877650438124604,139.8869442,,,,,,,,,,,,,273,red,4885,4796,9681
82,,2110452,1,20261005,7105,627,0,0,0,34,0,7010,672,0,0,0,0,0,3,38.901543148145755,139.8723154,,,,,,,,,,,,,273,red,7732,7682,15414
82,,2110453,1,20261005,282,55,0,0,0,0,0,284,50,0,0,0,0,0,3,38.90368057814766,139.8668909,,,,,,,,,,,,,273,red,337,334,671
82,,2110454,1,20261005,5416,600,0,0,0,0,0,5466,572,0,0,0,0,0,3,38.87364379812106,139.886117,,,,,,,,,,,,,273,red,6016,6038,12054
82,,2110455,1,20261005,7431,1257,0,0,0,0,0,6032,1304,0,0,0,0,0,3,37.062925546313075,140.8516252,,,,,,,,,,,,,273,red,8688,7336,16024
82,,2110456,1,20261005,3897,461,0,0,0,0,0,3843,469,0,0,0,0,0,3,38.85157810810144,139.8908657,,,,,,,,,,,,,273,red,4358,4312,8670
82,,2110457,1,20261005,2464,520,0,0,0,0,0,2599,549,0,0,0,0,0,3,38.831843418083864,139.9098858,,,,,,,,,,,,,273,red,2984,3148,6132
82,,2110460,1,20261005,3025,708,3,0,0,0,0,2975,821,3,0,0,0,0,3,37.11000003636498,140.7641667,,,,,,,,,,,,,273,red,3736,3799,7535
82,,2110464,1,20261005,1970,638,2,0,0,0,0,1676,632,116,0,0,0,0,3,37.31106211658384,140.4823494,,,,,,,,,,,,,273,red,2610,2424,5034
82,,2110465,1,20261005,6518,1015,0,0,0,0,0,6254,1088,0,0,0,0,0,3,37.33970064661463,140.406585,,,,,,,,,,,,,273,red,7533,7342,14875
82,,2110470,1,20261005,3655,767,0,0,0,0,0,3619,730,0,0,0,0,0,3,37.49456687677952,140.2463901,,,,,,,,,,,,,273,red,4422,4349,8771
82,,2110472,1,20261005,835,451,0,0,0,0,0,843,422,0,0,0,0,0,3,37.65080306694305,139.5936209,,,,,,,,,,,,,273,red,1286,1265,2551
82,,2110473,1,20261005,6160,1233,0,0,0,0,0,5743,1181,0,0,0,0,0,3,37.548570346836364,139.9683643,,,,,,,,,,,,,273,red,7393,6924,14317
82,,2110474,1,20261005,5403,1066,0,0,0,0,0,5633,1013,0,0,0,0,0,3,37.55735328684558,139.8550022,,,,,,,,,,,,,273,red,6469,6646,13115
82,,2110477,1,20261005,5980,547,6,0,0,0,0,5455,515,10,0,0,0,0,3,40.48458321937942,141.42701414,,,,,,,,,,,,,273,red,6533,5980,12513
82,,2110478,1,20261005,2818,345,0,0,0,0,0,2825,374,0,0,0,0,0,3,38.52642903780538,141.156619,,,,,,,,,,,,,273,red,3163,3199,6362
82,,2110479,1,20261005,3905,517,0,0,0,0,0,3711,551,0,0,0,0,0,3,38.556163037833,141.069142,,,,,,,,,,,,,273,red,4422,4262,8684
82,,2110480,1,20261005,6703,319,0,0,0,0,0,6056,343,0,0,0,0,0,3,38.570337037846144,140.982089,,,,,,,,,,,,,273,red,7022,6399,13421
82,,2110481,1,20261005,1190,683,0,0,0,0,0,1202,526,0,0,0,0,0,3,39.036923848264195,140.3899339,,,,,,,,,,,,,273,red,1873,1728,3601
82,,2110482,1,20261005,5065,824,6,0,0,0,0,5456,780,1,0,0,0,0,3,39.363397818540065,140.5656534,,,,,,,,,,,,,273,red,5895,6237,12132
82,,2110485,1,20261005,10045,821,0,0,0,0,0,10324,725,0,0,0,0,0,3,38.33956088762922,140.2816558,,,,,,,,,,,,,273,red,10866,11049,21915
82,,2110488,1,20261005,1329,280,0,0,0,0,0,1150,292,0,0,0,0,0,3,38.4566470377401,140.032103,,,,,,,,,,,,,273,red,1609,1442,3051
82,,2110491,1,20261005,2169,659,0,0,0,0,0,2309,727,0,0,0,0,0,3,38.58079848785582,139.9398136,,,,,,,,,,,,,273,red,2828,3036,5864
82,,2110500,1,20261005,2305,775,0,0,0,0,0,2262,681,0,0,0,0,0,3,38.046173177343945,139.7837305,,,,,,,,,,,,,273,red,3080,2943,6023
82,,2110501,1,20261005,1678,702,0,0,0,0,0,1563,582,0,0,0,0,0,3,38.0753590373728,139.72116,,,,,,,,,,,,,273,red,2380,2145,4525
82,,2110502,1,20261005,2021,619,0,0,0,0,0,1969,579,0,0,0,0,0,3,38.04606303734383,140.051715,,,,,,,,,,,,,273,red,2640,2548,5188
82,,2110503,1,20261005,3423,735,0,0,0,0,0,3520,633,0,0,0,0,0,3,38.044627037342416,140.064483,,,,,,,,,,,,,273,red,4158,4153,8311
82,,2110504,1,20261005,3590,898,0,0,0,0,0,3981,884,0,0,0,0,0,3,38.04518462734297,140.1366019,,,,,,,,,,,,,273,red,4488,4865,9353
82,,2110510,1,20261005,4064,928,0,0,0,0,0,3784,793,0,0,0,0,0,3,38.02769263732563,140.1668358,,,,,,,,,,,,,273,red,4992,4577,9569
82,,2110519,1,20261005,1990,418,22,0,0,0,0,1948,353,16,0,0,0,0,3,39.25195903844747,141.77938700000004,,,,,,,,,,,,,273,red,2430,2317,4747
82,,2110521,1,20261005,2166,414,0,0,0,0,0,2300,501,0,0,0,0,0,3,39.246448038442836,141.63560000000004,,,,,,,,,,,,,273,red,2580,2801,5381
82,,2110531,1,20261005,2587,464,0,0,0,0,0,2661,492,0,0,0,0,0,1,39.32515718850848,141.4883819,,,,,,,,,,,,,273,red,3051,3153,6204
82,,2110540,1,20261005,3327,629,0,0,0,0,0,3211,683,0,0,0,0,0,1,39.28807706847765,141.3475227,,,,,,,,,,,,,273,red,3956,3894,7850
82,,2110541,1,20261005,1785,265,0,0,0,0,0,1643,320,0,0,0,0,0,1,39.314345428499514,141.2615204,,,,,,,,,,,,,273,red,2050,1963,4013
82,,2110542,1,20261005,1452,392,0,0,0,0,0,1516,386,0,0,0,0,0,3,39.283375038473736,141.5516694,,,,,,,,,,,,,273,red,1844,1902,3746
82,,2110552,1,20261005,3566,969,40,0,0,0,0,3530,822,31,0,0,0,0,3,38.75991670801934,141.5025278,,,,,,,,,,,,,273,red,4575,4383,8958
82,,2110553,1,20261005,4486,982,51,0,0,0,0,4579,848,36,0,0,0,0,3,38.80716670806179,141.54275,,,,,,,,,,,,,273,red,5519,5463,10982
82,,2110554,1,20261005,2697,769,34,0,0,0,0,2830,686,22,0,0,0,0,3,38.96347225820022,141.6241944,,,,,,,,,,,,,273,red,3500,3538,7038
82,,2110555,1,20261005,1754,445,25,0,0,0,0,2078,473,12,0,0,0,0,3,39.21138892841335,141.865,,,,,,,,,,,,,273,red,2224,2563,4787
82,,2110556,1,20261005,4841,963,42,0,0,0,0,4511,746,238,0,0,0,0,3,38.8781944781251,141.5846444,,,,,,,,,,,,,273,red,5846,5495,11341
82,,2110557,1,20261005,2683,842,164,0,0,0,0,2583,724,103,0,0,0,0,3,38.789722258046154,141.5180556,,,,,,,,,,,,,273,red,3689,3410,7099
82,,2110558,1,20261005,2985,726,41,0,0,0,0,3058,613,49,0,0,0,0,3,38.88277803812915,141.585833,,,,,,,,,,,,,273,red,3752,3720,7472
82,,2110559,1,20261005,3512,879,84,0,0,0,0,2945,759,135,0,0,0,0,3,38.925278038166695,141.6025,,,,,,,,,,,,,273,red,4475,3839,8314
82,,2110560,1,20261005,1563,550,92,0,0,0,0,1589,498,100,0,0,0,0,3,38.89750003814219,141.595,,,,,,,,,,,,,273,red,2205,2187,4392
82,,2110561,1,20261005,3409,829,140,0,0,0,0,2691,799,443,0,0,0,0,3,38.91750003815984,141.591944,,,,,,,,,,,,,273,red,4378,3933,8311
82,,2110604,1,20261005,1968,577,300,0,0,0,0,2230,512,72,0,0,0,0,3,40.1607780391545,141.767278,,,,,,,,,,,,,273,red,2845,2814,5659
82,,2112104,1,20261005,3047,1069,13,0,0,0,0,2832,801,499,0,0,0,0,3,40.733783919542624,141.20798154,,,,,,,,,,,,,273,red,4129,4132,8261
82,,2120001,1,20261005,5017,820,0,0,0,0,0,4631,1195,0,0,0,0,0,3,40.75045198955322,140.54906872,,,,,,,,,,,,,273,red,5837,5826,11663
82,,2120005,1,20261005,5049,750,40,0,0,0,0,4873,753,17,0,0,0,0,3,40.79249892957982,140.48972552,,,,,,,,,,,,,273,red,5839,5643,11482
82,,2120010,1,20261005,3532,603,34,0,0,0,0,3302,599,37,0,0,0,0,3,40.81212879959214,140.47707546,,,,,,,,,,,,,273,red,4169,3938,8107
82,,2120015,1,20261005,2623,472,0,0,0,0,0,2257,475,0,0,0,0,0,3,40.82729603960163,140.4413,,,,,,,,,,,,,273,red,3095,2732,5827
82,,2120020,1,20261005,474,166,0,0,0,0,0,2255,196,0,0,0,0,0,3,40.78380703957434,140.261545,,,,,,,,,,,,,273,red,640,2451,3091
82,,2310200,1,20261005,12036,1686,0,0,0,0,0,11972,1807,0,0,0,0,0,3,39.70615403881462,140.09793,,,,,,,,,,,,,273,red,13722,13779,27501
82,,2312101,1,20261005,3994,1209,0,0,0,0,0,4075,1126,0,0,0,0,0,3,40.70834700952637,141.24477593,,,,,,,,,,,,,273,red,5203,5201,10404
82,,2312102,1,20261005,4004,1118,0,0,0,0,0,3930,1152,0,0,0,0,0,3,40.725233449537164,141.22804347,,,,,,,,,,,,,273,red,5122,5082,10204
82,,2312103,1,20261005,2103,473,0,0,0,0,0,2180,517,0,0,0,0,0,3,37.77535545707135,140.7514008,,,,,,,,,,,,,273,red,2576,2697,5273
83,,3110010,1,20261005,14237,1998,854,0,0,0,0,14593,1717,1308,0,0,0,0,3,35.58550262456253,139.7049058,,,,,,,,,,,,,273,red,17089,17618,34707
83,,3110020,1,20261005,21655,3767,780,0,0,0,0,22718,4121,1321,0,0,0,0,3,35.37938903430058,139.509906,,,,,,,,,,,,,273,red,26202,28160,54362
83,,3110040,1,20261005,5025,1287,0,0,0,0,0,6891,1195,0,0,0,0,0,3,35.24085503412222,139.123519,,,,,,,,,,,,,273,red,6312,8086,14398
83,,3110050,1,20261005,12470,7313,829,0,0,0,0,12222,7374,609,0,0,0,0,3,36.238458295364495,139.8048878,,,,,,,,,,,,,273,red,20612,20205,40817
83,,3110060,1,20261005,25706,6509,395,0,0,0,0,25665,6279,280,0,0,0,0,3,36.51217142568756,139.9177551,,,,,,,,,,,,,273,red,32610,32224,64834
83,,3110070,1,20261005,10649,2676,96,0,0,0,0,10411,2595,65,0,0,0,0,3,36.833366956056416,139.9495983,,,,,,,,,,,,,273,red,13421,13071,26492
83,,3110080,1,20261005,6197,548,80,0,0,0,0,5383,518,77,0,0,0,0,3,36.29676104543397,139.7863913,,,,,,,,,,,,,273,red,6825,5978,12803
83,,3110090,1,20261005,8501,353,188,0,0,0,0,8986,359,59,0,0,0,0,3,36.52417383570154,139.8798609,,,,,,,,,,,,,273,red,9042,9404,18446
83,,3110100,1,20261005,8720,378,108,0,0,0,0,10096,379,128,0,0,0,0,3,36.58529299577252,139.9295837,,,,,,,,,,,,,273,red,9206,10603,19809
83,,3110110,1,20261005,7441,1482,0,0,0,0,0,7193,1488,0,0,0,0,0,3,36.019401995100274,140.15926790000003,,,,,,,,,,,,,266,red,8923,8681,17604
83,,3110120,1,20261005,9605,2465,0,0,0,0,0,49,11,0,0,0,0,0,3,36.297327425434645,140.4228446,,,,,,,,,,,,,266,red,12070,60,12130
83,,3110140,1,20261005,14098,2393,642,0,0,0,0,14430,2057,728,0,0,0,0,3,35.70274880470968,139.8786539,,,,,,,,,,,,,273,red,17133,17215,34348
83,,3110150,1,20261005,9908,2350,1107,0,0,0,0,13012,2944,781,0,0,0,0,3,35.61902656460475,140.0975838,,,,,,,,,,,,,273,red,13365,16737,30102
83,,3110160,1,20261005,15346,3351,1335,0,0,0,0,14106,2750,1774,0,0,0,0,3,35.56474703453633,139.7273263,,,,,,,,,,,,,273,red,20032,18630,38662
83,,3110170,1,20261005,14963,4787,0,0,0,0,0,14961,3290,0,0,0,0,0,3,35.52794003448978,139.70328,,,,,,,,,,,,,273,red,19750,18251,38001
83,,3110180,1,20261005,13414,4169,0,0,0,3,0,12779,4111,0,0,0,62,0,3,35.47903203442772,139.638693,,,,,,,,,,,,,273,red,17583,16890,34473
83,,3110190,1,20261005,9919,408,758,0,0,0,0,10178,461,844,0,0,0,0,3,35.26731403415642,139.685375,,,,,,,,,,,,,273,red,11085,11483,22568
83,,3110200,1,20261005,8008,518,549,0,0,0,0,8038,538,611,0,0,0,0,3,35.36071103427663,139.629686,,,,,,,,,,,,,273,red,9075,9187,18262
83,,3110220,1,20261005,16085,6285,0,0,0,3,0,14882,5023,0,0,0,0,0,3,35.58894027456686,139.3426681,,,,,,,,,,,,,273,red,22370,19905,42275
83,,3110230,1,20261005,6144,514,551,0,0,0,0,5682,519,438,0,0,0,0,3,35.483485034433386,139.527129,,,,,,,,,,,,,273,red,7209,6639,13848
83,,3110240,1,20261005,10234,4392,0,0,0,0,0,11005,4300,0,0,0,0,0,3,35.83073572486877,139.3800849,,,,,,,,,,,,,273,red,14626,15305,29931
83,,3110250,1,20261005,16653,5467,279,0,0,0,0,15550,5507,270,0,0,0,0,3,35.707798574715994,140.1198261,,,,,,,,,,,,,273,red,22399,21327,43726
83,,3110260,1,20261005,7612,3127,873,0,0,0,0,13663,3988,392,0,0,0,0,3,35.53057826449313,140.0927666,,,,,,,,,,,,,273,red,11612,18043,29655
83,,3110270,1,20261005,10179,2187,545,0,0,0,0,10748,2636,569,0,0,0,0,3,35.79240130482129,139.6854329,,,,,,,,,,,,,273,red,12911,13953,26864
83,,3110280,1,20261005,23584,8260,0,0,0,0,0,22408,7444,0,0,0,0,0,3,35.803056924834515,139.6481824,,,,,,,,,,,,,273,red,31844,29852,61696
83,,3110290,1,20261005,15447,3430,0,0,0,0,0,15168,3203,0,0,0,0,0,3,36.07243401516468,139.4990623,,,,,,,,,,,,,273,red,18877,18371,37248
83,,3110300,1,20261005,5875,541,0,0,0,0,0,5696,594,0,0,0,0,0,3,36.18854634530473,139.3083894,,,,,,,,,,,,,273,red,6416,6290,12706
83,,3110310,1,20261005,8589,1179,160,0,0,0,0,9268,1409,94,0,0,0,0,3,36.28225430541672,139.0870374,,,,,,,,,,,,,273,red,9928,10771,20699
83,,3110320,1,20261005,17075,801,342,0,0,0,0,17233,776,220,0,0,0,0,3,36.3553183655034,139.0125096,,,,,,,,,,,,,273,red,18218,18229,36447
83,,3110350,1,20261005,8546,1663,0,0,0,0,0,9245,1610,0,0,0,0,0,3,36.343173145489025,138.5572287,,,,,,,,,,,,,273,red,10209,10855,21064
83,,3110360,1,20261005,9096,776,0,0,0,0,0,8428,745,0,0,0,0,0,3,36.37715425552919,138.2764444,,,,,,,,,,,,,273,red,9872,9173,19045
83,,3110370,1,20261005,7348,750,0,0,0,0,0,8237,835,0,0,0,0,0,3,36.6491958258463,138.2215959,,,,,,,,,,,,,273,red,8098,9072,17170
83,,3110380,1,20261005,7420,852,0,0,0,0,0,7199,955,0,0,0,0,0,3,36.20646628532621,137.9629773,,,,,,,,,,,,,273,red,8272,8154,16426
83,,3110390,1,20261005,1542,344,0,0,0,0,0,1513,331,0,0,0,0,0,3,36.53866995571842,137.9675826,,,,,,,,,,,,,273,red,1886,1844,3730
83,,3110400,1,20261005,13866,1482,741,0,0,0,0,14085,1687,1002,0,0,0,0,3,35.669090024667575,139.59433440000004,,,,,,,,,,,,,273,red,16089,16774,32863
83,,3110410,1,20261005,4637,523,132,0,0,0,0,4641,545,120,0,0,0,0,3,35.617552604602885,139.1855389,,,,,,,,,,,,,273,red,5292,5306,10598
83,,3110420,1,20261005,6923,881,0,0,0,0,0,6419,882,0,0,0,0,0,3,35.611220394594916,138.9628673,,,,,,,,,,,,,273,red,7804,7301,15105
83,,3110430,1,20261005,2466,2652,0,0,0,0,0,1561,2060,0,0,0,0,0,3,35.603966294585796,138.8040242,,,,,,,,,,,,,273,red,5118,3621,8739
83,,3110440,1,20261005,12508,1626,0,0,0,0,0,11632,1428,0,0,0,0,0,3,35.66782617466599,138.5078037,,,,,,,,,,,,,273,red,14134,13060,27194
83,,3110450,1,20261005,2197,745,0,0,0,0,0,2200,714,0,0,0,0,0,3,35.90777048496373,138.2345215,,,,,,,,,,,,,273,red,2942,2914,5856
83,,3110460,1,20261005,5477,474,0,0,0,0,0,5238,446,0,0,0,0,0,3,36.07055654516242,138.0938691,,,,,,,,,,,,,273,red,5951,5684,11635
83,,3110470,1,20261005,6963,1380,94,0,0,0,0,6812,1289,44,0,0,0,0,3,36.378318235530564,139.2290443,,,,,,,,,,,,,273,red,8437,8145,16582
83,,3110480,1,20261005,13688,3902,97,0,0,0,0,13692,3634,141,0,0,0,0,3,36.314701575455274,139.4271684,,,,,,,,,,,,,273,red,17687,17467,35154
83,,3110490,1,20261005,6346,1206,0,0,0,0,0,6163,1021,0,0,0,0,0,3,36.3924270955472,140.2677888,,,,,,,,,,,,,266,red,7552,7184,14736
83,,3110520,1,20261005,3885,733,0,0,0,0,0,3957,747,0,0,0,0,0,3,35.95803238502537,140.6007609,,,,,,,,,,,,,266,red,4618,4704,9322
83,,3110550,1,20261005,335,10,11,0,0,0,0,348,13,17,0,0,0,0,3,35.150913034005455,139.829981,,,,,,,,,,,,,273,red,356,378,734
83,,3110560,1,20261005,5132,768,0,0,0,0,0,5905,674,0,0,0,0,0,3,35.43543715437221,138.84019380000004,,,,,,,,,,,,,273,red,5900,6579,12479
83,,3110570,1,20261005,2798,447,0,0,0,0,0,3022,651,0,0,0,0,0,3,35.39117538431567,138.86336800000004,,,,,,,,,,,,,263,red,3245,3673,6918
83,,3110580,1,20261005,2039,695,0,0,0,0,0,2065,722,0,0,0,0,0,3,35.47790102442629,138.6703992,,,,,,,,,,,,,273,red,2734,2787,5521
83,,3110590,1,20261005,5780,398,0,0,0,0,0,6153,421,0,0,0,0,0,3,35.51892892447836,138.83839670000003,,,,,,,,,,,,,264,red,6178,6574,12752
83,,3110610,1,20261005,20929,3497,632,0,0,0,0,12361,1934,5770,0,0,0,0,3,35.536946034501184,139.510691,,,,,,,,,,,,,273,red,25058,20065,45123
83,,3110620,1,20261005,17687,5541,559,0,0,0,0,18414,5626,552,0,0,0,0,3,35.472892034419914,139.412266,,,,,,,,,,,,,273,red,23787,24592,48379
83,,3110630,1,20261005,12700,1598,779,0,0,0,0,12030,1694,716,0,0,0,0,3,35.4275870343622,139.351511,,,,,,,,,,,,,273,red,15077,14440,29517
83,,3110640,1,20261005,7445,992,362,0,0,0,0,7694,1141,334,0,0,0,0,3,35.37445003429424,139.203293,,,,,,,,,,,,,273,red,8799,9169,17968
83,,3110650,1,20261005,4670,1849,117,0,0,0,0,4404,1876,124,0,0,0,0,3,35.36087503427685,139.014722,,,,,,,,,,,,,273,red,6636,6404,13040
83,,3110660,1,20261005,16599,6400,859,0,0,0,0,12952,5597,830,0,0,0,0,3,35.68396699468621,139.992342,,,,,,,,,,,,,273,red,23858,19379,43237
83,,3110670,1,20261005,5718,4295,383,0,0,0,0,6266,5828,382,0,0,0,0,3,35.588442964566234,139.7548217,,,,,,,,,,,,,273,red,10396,12476,22872
83,,3110980,1,20261005,7111,1152,47,0,0,0,0,6951,1342,81,0,0,0,0,1,36.24888937537695,138.4463891,,,,,,,,,,,,,273,red,8310,8374,16684
83,,3110990,1,20261005,4809,933,0,0,0,0,0,0,0,0,0,0,0,0,1,36.242588925369425,138.4374556,,,,,,,,,,,,,273,red,5742,0,5742
83,,3111000,1,20261005,0,0,0,0,0,0,0,4591,872,0,0,0,0,0,1,36.22486392534824,138.4372861,,,,,,,,,,,,,273,red,0,5463,5463
83,,3111010,1,20261005,3943,795,0,0,0,0,0,3960,810,0,0,0,0,0,1,36.16839725528054,138.4688,,,,,,,,,,,,,273,red,4738,4770,9508
83,,3111030,1,20261005,2469,685,0,0,0,0,0,0,0,0,0,0,0,0,1,36.14629447525393,138.4676028,,,,,,,,,,,,,273,red,3154,0,3154
83,,3111040,1,20261005,0,0,0,0,0,0,0,2622,704,0,0,0,0,0,1,36.13644447524206,138.4613806,,,,,,,,,,,,,273,red,0,3326,3326
83,,3111050,1,20261005,3577,1429,67,0,0,0,0,3551,1482,45,0,0,0,0,1,35.443037034381895,138.453937,,,,,,,,,,,,,273,red,5073,5078,10151
83,,3111060,1,20261005,3656,1173,49,0,0,0,0,3662,1171,161,0,0,0,0,1,35.48100503443024,138.45894900000002,,,,,,,,,,,,,273,red,4878,4994,9872
83,,3111070,1,20261005,3381,1480,101,0,0,0,0,3154,1494,83,0,0,0,0,1,35.35961103427522,138.456636,,,,,,,,,,,,,273,red,4962,4731,9693
83,,3111080,1,20261005,3505,1492,121,0,0,0,0,3292,1495,64,0,0,0,0,1,35.337913034247364,138.45119000000003,,,,,,,,,,,,,273,red,5118,4851,9969
83,,3111090,1,20261005,2932,1436,65,0,0,0,0,2743,1413,63,0,0,0,0,1,35.27778503416994,138.444487,,,,,,,,,,,,,273,red,4433,4219,8652
83,,3310680,1,20261005,14860,2056,848,0,0,0,0,15015,1827,1204,0,0,0,0,3,35.55346203452207,139.695301,,,,,,,,,,,,,273,red,17764,18046,35810
83,,3310690,1,20261005,10340,1471,853,0,0,0,0,10550,1287,841,0,0,0,0,3,35.476498034424495,139.611304,,,,,,,,,,,,,273,red,12664,12678,25342
83,,3310720,1,20261005,15611,3395,918,0,0,0,0,15219,3176,1676,0,0,0,0,3,35.78172684480805,139.8030451,,,,,,,,,,,,,273,red,19924,20071,39995
83,,3310730,1,20261005,13530,2014,1244,0,0,0,0,13565,1982,1332,0,0,0,0,3,35.723854004736026,139.819876,,,,,,,,,,,,,273,red,16788,16879,33667
83,,3310740,1,20261005,16911,3189,887,0,0,0,0,0,0,0,0,273,273,0,3,35.76173829478322,139.8620188,,,,,,,,,,,,,273,red,20987,0,20987
83,,3310750,1,20261005,14208,2928,864,0,0,0,0,18753,3144,1026,0,0,0,0,3,35.768080334791094,139.8831359,,,,,,,,,,,,,273,red,18000,22923,40923
83,,3310760,1,20261005,7047,832,0,0,0,0,0,7164,494,0,0,0,0,0,3,36.333593035477676,140.487226,,,,,,,,,,,,,266,red,7879,7658,15537
83,,3310770,1,20261005,15526,2688,1579,0,0,0,0,11348,1830,1342,0,0,0,0,3,35.696867714702336,139.8301488,,,,,,,,,,,,,273,red,19793,14520,34313
83,,3310780,1,20261005,11942,2586,1039,0,0,0,0,12222,2415,1115,0,0,0,0,3,35.550513454518345,139.7165117,,,,,,,,,,,,,273,red,15567,15752,31319
83,,3310790,1,20261005,9366,1197,0,0,0,0,0,9557,1242,0,0,0,0,0,3,35.30616103420651,139.624807,,,,,,,,,,,,,273,red,10563,10799,21362
83,,3310810,1,20261005,10162,4477,733,0,0,0,0,9400,5142,722,0,0,0,0,3,35.88142903493132,139.9657318,,,,,,,,,,,,,273,red,15372,15264,30636
83,,3310820,1,20261005,16084,3123,1280,0,0,0,0,13992,2838,784,0,0,0,0,3,35.769723434793136,139.7015664,,,,,,,,,,,,,273,red,20487,17614,38101
83,,3310830,1,20261005,5629,777,77,0,0,0,0,4786,757,30,0,0,0,0,3,36.65616783585431,139.0205401,,,,,,,,,,,,,273,red,6483,5573,12056
83,,3310840,1,20261005,16097,1763,859,0,0,0,0,14054,1561,888,0,0,0,0,3,35.67115788467016,139.6194506,,,,,,,,,,,,,273,red,18719,16503,35222
83,,3310850,1,20261005,16816,1854,0,0,0,0,0,15717,1557,0,0,0,0,0,3,35.644829464637155,138.6173022,,,,,,,,,,,,,273,red,18670,17274,35944
83,,3310860,1,20261005,1964,621,0,0,0,0,0,1910,667,0,0,0,0,0,3,35.85597447489995,138.2880181,,,,,,,,,,,,,273,red,2585,2577,5162
83,,3310880,1,20261005,3725,518,0,0,0,0,0,3919,559,0,0,0,0,0,3,35.58082577455663,138.474952,,,,,,,,,,,,,273,red,4243,4478,8721
83,,3310890,1,20261005,17221,2235,1267,0,0,0,0,17066,2278,1750,0,0,0,0,3,35.625824724613295,139.6414769,,,,,,,,,,,,,273,red,20723,21094,41817
83,,3310900,1,20261005,26317,3967,1463,0,0,0,0,23553,3902,1434,0,0,0,0,3,35.60764403459042,139.613062,,,,,,,,,,,,,273,red,31747,28889,60636
83,,3310910,1,20261005,5469,2031,308,0,0,0,0,6126,2142,148,0,0,0,0,3,35.34910803426173,139.141352,,,,,,,,,,,,,273,red,7808,8416,16224
83,,3310920,1,20261005,14483,1774,1356,0,0,0,0,9752,1557,3337,0,0,0,0,3,35.74888073476721,139.6969986,,,,,,,,,,,,,273,red,17613,14646,32259
83,,3310930,1,20261005,17283,2529,943,0,0,0,0,16571,2633,857,0,0,0,0,3,35.757753044778255,139.6835902,,,,,,,,,,,,,273,red,20755,20061,40816
83,,3310940,1,20261005,19470,5520,607,0,0,0,0,18951,5387,560,0,0,0,0,3,35.653820154648436,140.0442401,,,,,,,,,,,,,273,red,25597,24898,50495
83,,3310950,1,20261005,18245,9534,1026,0,0,0,0,17345,10117,1402,0,0,0,0,3,35.64815995464133,139.9005461,,,,,,,,,,,,,273,red,28805,28864,57669
83,,3310960,1,20261005,4343,2941,305,0,0,0,0,2975,1636,670,0,0,0,0,3,35.646721404639536,139.8238456,,,,,,,,,,,,,273,red,7589,5281,12870
84,,4110010,1,20261005,28919,5449,0,0,0,0,0,26865,6345,0,0,0,0,0,3,37.932215037230314,139.139722,,,,,,,,,,,,,273,red,34368,33210,67578
84,,4110020,1,20261005,8799,624,0,0,0,0,0,8640,753,0,0,0,0,0,3,37.96100603725917,139.354741,,,,,,,,,,,,,273,red,9423,9393,18816
84,,4110030,1,20261005,1941,975,0,0,0,0,0,2027,812,0,0,0,0,0,3,38.540634037818585,139.550276,,,,,,,,,,,,,273,red,2916,2839,5755
84,,4110040,1,20261005,42954,6721,0,0,0,0,0,43523,5040,0,0,0,0,0,3,37.89993403719785,139.068639,139.0649569,37.8988954271968,,,,,,,,,,,273,red,49675,48563,98238
84,,4110060,1,20261005,6006,1470,384,0,0,0,0,5681,1606,410,0,0,0,0,3,37.56415502685272,138.8938299,,,,,,,,,,,,,273,red,7860,7697,15557
84,,4110070,1,20261005,7151,594,68,0,0,0,0,7613,569,128,0,0,0,0,3,37.44889503673119,138.76828100000003,,,,,,,,,,,,,273,red,7813,8310,16123
84,,4110090,1,20261005,1038,556,0,0,0,0,0,1015,554,0,0,0,0,0,3,36.97923003622018,137.642048,,,,,,,,,,,,,273,red,1594,1569,3163
84,,4110110,1,20261005,12729,1675,73,0,0,0,0,12425,1559,70,0,0,0,0,3,36.737147395947105,137.3387361,137.3387361,36.737147395947105,,,,,,,,,,,273,red,14477,14054,28531
84,,4110120,1,20261005,12570,2056,70,0,0,0,0,13411,2000,79,0,0,0,0,3,36.74295939595373,137.1063924,,,,,,,,,,,,,273,red,14696,15490,30186
84,,4110130,1,20261005,13518,2202,61,0,0,0,0,12793,2229,191,0,0,0,0,3,36.75988562597303,137.0465469,,,,,,,,,,,,,273,red,15781,15213,30994
84,,4110140,1,20261005,6065,1755,49,0,0,0,0,6149,1659,22,0,0,0,0,3,36.6765250558777,136.8260425,,,,,,,,,,,,,273,red,7869,7830,15699
84,,4110150,1,20261005,26924,4077,0,0,0,0,0,26966,4473,0,0,0,0,0,3,36.589046875776866,136.6271782,136.6276288,36.58868075577644,,,,,,,,,,,273,red,31001,31439,62440
84,,4110160,1,20261005,8650,1998,0,0,0,0,0,8147,1832,0,0,0,0,0,3,36.33272803547666,136.42083400000004,,,,,,,,,,,,,273,red,10648,9979,20627
84,,4110180,1,20261005,3675,310,0,0,0,0,0,3597,305,0,0,0,0,0,3,37.35568202663179,138.5718066,,,,,,,,,,,,,273,red,3985,3902,7887
84,,4110190,1,20261005,542,73,20,0,0,0,0,491,66,29,0,0,0,0,3,36.785345316001994,138.8016209,,,,,,,,,,,,,273,red,635,586,1221
84,,4110200,1,20261005,5235,900,191,0,0,0,0,4815,727,531,0,0,0,0,3,37.05929117630906,138.8725331,,,,,,,,,,,,,273,red,6326,6073,12399
84,,4110210,1,20261005,6455,1193,851,1,0,0,0,0,0,0,1,199,199,0,3,37.379305636657065,138.8344324,,,,,,,,,,,,,273,red,8499,0,8499
84,,4110220,1,20261005,2139,472,0,0,0,0,0,1990,413,0,0,0,0,0,3,36.859512036085945,138.194944,,,,,,,,,,,,,273,red,2611,2403,5014
84,,4110230,1,20261005,5213,394,27,0,0,0,0,4852,441,35,0,0,0,0,3,36.59277686578118,137.2042608,,,,,,,,,,,,,273,red,5634,5328,10962
84,,4110240,1,20261005,11171,593,79,0,0,0,0,10744,618,158,0,0,0,0,3,36.68543044588792,137.2119749,,,,,,,,,,,,,273,red,11843,11520,23363
84,,4110250,1,20261005,2259,553,0,0,0,0,0,2186,508,0,0,0,0,0,3,37.66099003695361,139.47592,,,,,,,,,,,,,273,red,2812,2694,5506
84,,4110260,1,20261005,2157,683,0,0,0,0,0,1964,512,0,0,0,0,0,3,38.081379037378746,139.576978,,,,,,,,,,,,,273,red,2840,2476,5316
84,,4110270,1,20261005,2764,812,0,0,0,0,0,2651,693,0,0,0,0,0,3,37.60222103689251,138.798415,,,,,,,,,,,,,273,red,3576,3344,6920
84,,4110280,1,20261005,7565,312,32,0,0,0,0,7969,332,38,0,0,0,0,3,36.650611795847915,136.963672,,,,,,,,,,,,,273,red,7909,8339,16248
84,,4110290,1,20261005,9172,1306,0,0,0,0,0,9282,1168,0,0,0,0,0,3,36.52124203569812,136.587868,,,,,,,,,,,,,273,red,10478,10450,20928
84,,4110300,1,20261005,13406,3019,0,0,273,0,0,15007,1144,0,0,0,0,0,3,36.59043403577848,136.685666,136.68521,36.59039903577843,,,,,,,,,,,273,red,16425,16151,32576
84,,4110310,1,20261005,554,35,6,0,0,0,0,529,38,8,0,0,0,0,3,37.0464990362949,137.047738,,,,,,,,,,,,,273,red,595,575,1170
84,,4110320,1,20261005,2162,542,17,0,0,0,0,2369,566,25,0,0,0,0,3,36.8686864160963,136.96136,,,,,,,,,,,,,273,red,2721,2960,5681
84,,4110330,1,20261005,3515,700,42,0,0,0,0,3838,711,96,0,0,0,0,3,36.83313510605615,136.9442582,,,,,,,,,,,,,273,red,4257,4645,8902
84,,4110340,1,20261005,4024,2303,0,0,0,0,0,3359,3385,0,0,0,0,0,3,36.75969223597281,136.9658715,,,,,,,,,,,,,273,red,6327,6744,13071
84,,4110350,1,20261005,2411,667,3,0,0,0,0,2267,772,0,0,273,0,0,3,37.240650036507716,136.905469,,,,,,,,,,,,,273,red,3081,3039,6120
84,,4110351,1,20261005,657,139,0,0,0,0,0,1804,429,0,0,0,0,0,3,37.31000403658269,136.9066,,,,,,,,,,,,,273,red,796,2233,3029
84,,4110370,1,20261005,5042,345,0,0,0,0,0,4912,389,0,0,0,0,0,6,37.83527203713243,139.227435,,,,,,,,,,,,,273,red,5387,5301,10688
84,,4110371,1,20261005,4409,693,0,0,0,0,0,4717,673,0,0,0,0,0,3,37.829370037126424,139.20906,,,,,,,,,,,,,273,red,5102,5390,10492
84,,4110380,1,20261005,3048,576,0,0,0,0,0,2815,318,0,0,0,10,0,3,37.73164303702653,139.333641,,,,,,,,,,,,,273,red,3624,3133,6757
84,,4110390,1,20261005,2662,614,0,0,0,0,0,2766,548,0,0,0,0,0,3,37.699376036993314,139.38248,,,,,,,,,,,,,273,red,3276,3314,6590
84,,4110400,1,20261005,2011,608,0,0,0,0,0,2088,622,0,0,0,0,0,3,37.012781036257515,137.026061,,,,,,,,,,,,,273,red,2619,2710,5329
84,,4110410,1,20261005,15162,2591,0,0,0,0,0,6120,701,0,0,0,273,0,3,36.38238103553535,136.486002,,,,,,,,,,,,,273,red,17753,6821,24574
84,,4110430,1,20261005,599,252,0,0,0,0,0,545,218,0,0,0,0,0,3,37.01726703626248,136.967459,,,,,,,,,,,,,273,red,851,763,1614
84,,4110440,1,20261005,4011,704,19,0,0,0,0,4216,758,72,0,0,0,0,3,36.80001257601863,136.9558319,,,,,,,,,,,,,273,red,4734,5046,9780
84,,4110450,1,20261005,2039,597,58,0,0,0,0,2193,638,54,0,0,0,0,3,36.88168028611092,136.97572590000001,,,,,,,,,,,,,273,red,2694,2885,5579
84,,4110460,1,20261005,1874,562,15,0,0,0,0,1904,571,22,0,0,0,0,3,36.93083435616611,137.0132339,,,,,,,,,,,,,273,red,2451,2497,4948
84,,4110470,1,20261005,7336,1133,104,0,0,0,0,7708,1036,33,0,0,0,0,3,36.84399970606843,137.4189931,,,,,,,,,,,,,273,red,8573,8777,17350
84,,4110480,1,20261005,5942,1230,0,0,0,0,0,5470,1195,0,0,0,0,0,3,37.7661015170619,139.0265521,,,,,,,,,,,,,273,red,7172,6665,13837
84,,4110490,1,20261005,5296,1036,0,0,0,0,0,5191,1051,0,0,0,0,0,3,37.77256794706851,139.0261587,,,,,,,,,,,,,273,red,6332,6242,12574
84,,4110880,1,20261005,4793,698,0,0,0,0,0,4931,774,0,0,0,0,0,3,37.159443036419226,138.223379,,,,,,,,,,,,,273,red,5491,5705,11196
84,,4160390,1,20261005,1686,690,0,0,0,0,0,1687,683,0,0,0,0,0,1,38.268866037561445,139.522026,,,,,,,,,,,,,273,red,2376,2370,4746
84,,4310010,1,20261005,21730,1832,0,0,0,0,0,19490,1622,0,0,0,0,0,3,37.90111003719903,139.07252,139.07275,37.90117003719909,,,,,,,,,,,273,red,23562,21112,44674
84,,4310012,1,20261005,7602,224,0,0,0,0,0,7213,161,0,0,0,0,0,3,37.92162903721969,139.058415,139.059129,37.921847037219905,,,,,,,,,,,273,red,7826,7374,15200
84,,4310014,1,20261005,30158,3809,0,0,0,1,0,23080,2546,0,0,0,273,0,3,37.91719603721522,139.11685,,,,,,,,,,,,,273,red,33967,25626,59593
84,,4310020,1,20261005,16194,1332,0,0,0,0,0,8587,777,0,0,0,0,0,3,37.96990561726807,139.2601579,,,,,,,,,,,,,273,red,17526,9364,26890
84,,4310030,1,20261005,16025,1269,0,0,0,0,0,13192,1080,0,0,0,0,0,3,37.959626427257795,139.290365,,,,,,,,,,,,,273,red,17294,14272,31566
84,,4310060,1,20261005,10824,1520,0,0,0,0,0,13122,1851,0,0,0,0,0,3,37.855369037152805,139.017016,,,,,,,,,,,,,273,red,12344,14973,27317
84,,4310070,1,20261005,6966,1178,0,0,0,0,0,6122,1294,0,0,0,0,0,3,37.213535036478255,138.30873,,,,,,,,,,,,,273,red,8144,7416,15560
84,,4310080,1,20261005,7698,835,0,0,0,0,0,7970,890,0,0,0,0,0,3,37.15957303641935,138.228132,,,,,,,,,,,,,273,red,8533,8860,17393
84,,4310090,1,20261005,3395,722,0,0,0,0,0,3261,794,0,0,0,0,0,3,37.119068036374955,138.031711,,,,,,,,,,,,,273,red,4117,4055,8172
84,,4310100,1,20261005,5440,739,0,0,0,0,0,4981,740,0,0,0,0,0,3,37.04548803629378,137.853387,,,,,,,,,,,,,273,red,6179,5721,11900
84,,4310110,1,20261005,2953,134,30,0,0,0,0,2192,106,32,0,0,0,0,3,37.055192036304526,137.905522,,,,,,,,,,,,,273,red,3117,2330,5447
84,,4310120,1,20261005,4399,986,0,0,0,0,0,3971,836,0,0,0,0,0,3,36.94553606618256,137.53465,,,,,,,,,,,,,273,red,5385,4807,10192
84,,4310130,1,20261005,9052,1237,23,0,0,0,0,9158,1189,82,0,0,0,0,3,36.77997831599589,137.3953897,137.3949552,36.779578725995435,,,,,,,,,,,273,red,10312,10429,20741
84,,4310160,1,20261005,3278,509,0,0,0,0,0,3312,537,0,0,0,0,0,3,36.6900247158932,136.89856410000002,,,,,,,,,,,,,273,red,3787,3849,7636
84,,4310170,1,20261005,2980,602,62,0,0,0,0,0,0,1,0,0,0,0,3,36.92741586616228,137.4845517,,,,,,,,,,,,,273,red,3644,1,3645
84,,4310190,1,20261005,6248,2021,0,0,273,0,0,6301,1545,0,0,273,0,0,3,36.68614025588873,136.7302394,,,,,,,,,,,,,273,red,8269,7846,16115
84,,4310200,1,20261005,6399,1487,0,0,0,0,0,6315,1432,0,0,0,0,0,3,36.68324936588542,136.7232978,,,,,,,,,,,,,273,red,7886,7747,15633
84,,4310210,1,20261005,21859,3708,0,0,0,0,0,20070,3384,0,0,0,0,0,3,36.562841365746486,136.5982425,,,,,,,,,,,,,273,red,25567,23454,49021
84,,4310220,1,20261005,17390,3262,0,0,0,0,0,18322,2658,0,0,0,0,0,3,36.50450003567862,136.550432,,,,,,,,,,,,,273,red,20652,20980,41632
84,,4310230,1,20261005,12801,2483,0,0,0,0,0,13549,2172,0,0,0,0,0,3,36.42391556558427,136.483165,,,,,,,,,,,,,273,red,15284,15721,31005
84,,4310250,1,20261005,4429,1680,0,0,0,0,0,4457,1654,0,0,0,0,0,3,36.2785439554123,136.2915319,,,,,,,,,,,,,273,red,6109,6111,12220
84,,4310270,1,20261005,2666,99,8,0,0,0,0,2131,88,11,0,0,0,0,3,37.072231146323354,138.87240170000004,,,,,,,,,,,,,273,red,2773,2230,5003
84,,4310280,1,20261005,4378,954,0,0,0,0,1,4706,820,0,0,0,0,1,3,36.93595003617183,138.219789,,,,,,,,,,,,,273,red,5332,5526,10858
84,,4310300,1,20261005,16684,2027,0,0,0,0,0,16927,2220,0,0,0,0,0,3,37.135361036392844,138.266363,,,,,,,,,,,,,273,red,18711,19147,37858
84,,4310310,1,20261005,1831,459,33,0,0,0,0,1886,480,41,0,0,0,0,3,36.469212195637375,137.2416294,,,,,,,,,,,,,273,red,2323,2407,4730
84,,4310320,1,20261005,1881,468,35,0,0,0,0,1936,439,31,0,0,0,0,3,36.51196446568731,137.2282451,,,,,,,,,,,,,273,red,2384,2406,4790
84,,4310330,1,20261005,8262,954,0,0,0,0,0,7214,893,0,0,0,0,0,3,36.636592975831775,137.209239,,,,,,,,,,,,,273,red,9216,8107,17323
84,,4310350,1,20261005,14101,1602,0,0,0,0,0,12522,1995,0,0,0,0,0,3,37.85868303715617,139.114645,,,,,,,,,,,,,273,red,15703,14517,30220
84,,4310360,1,20261005,2633,664,660,0,0,0,0,3992,637,175,0,0,0,0,3,37.44596703672809,138.637808,,,,,,,,,,,,,273,red,3957,4804,8761
84,,4310370,1,20261005,5703,1454,0,0,0,0,0,5665,1281,0,0,0,0,0,3,37.659782356952356,138.8757271,,,,,,,,,,,,,273,red,7157,6946,14103
84,,4310380,1,20261005,4529,1194,0,0,0,0,0,4409,1352,0,0,0,0,0,3,37.75046003704586,138.90062,,,,,,,,,,,,,273,red,5723,5761,11484
84,,4310390,1,20261005,319,393,0,0,0,0,0,85,112,0,0,0,146,0,3,37.8373130371345,138.931687,,,,,,,,,,,,,273,red,712,197,909
84,,4310400,1,20261005,390,96,9,0,0,0,0,467,140,9,0,0,0,0,3,36.554335475736636,137.0083094,,,,,,,,,,,,,273,red,495,616,1111
84,,4310410,1,20261005,3578,368,17,0,0,0,0,3623,348,43,0,0,0,0,3,36.956120636194385,136.8892354,,,,,,,,,,,,,273,red,3963,4014,7977
84,,4310411,1,20261005,3461,403,0,0,0,0,0,3412,389,0,0,0,0,0,3,36.92171203615589,136.844019,,,,,,,,,,,,,273,red,3864,3801,7665
84,,4310420,1,20261005,2049,176,0,0,0,0,0,1979,169,0,0,0,0,0,3,36.81057320603062,136.7629731,,,,,,,,,,,,,273,red,2225,2148,4373
84,,4310430,1,20261005,14295,2381,0,0,0,0,0,14929,1608,0,0,0,0,0,3,36.68889768589191,136.7214257,,,,,,,,,,,,,273,red,16676,16537,33213
84,,4310440,1,20261005,9618,783,0,0,0,0,0,9325,971,0,0,0,0,0,3,36.62649371582013,136.7029238,,,,,,,,,,,,,273,red,10401,10296,20697
84,,4310441,1,20261005,13231,986,0,0,0,0,0,13164,806,0,0,0,0,0,3,36.60182503579164,136.700048,,,,,,,,,,,,,273,red,14217,13970,28187
84,,4310450,1,20261005,18037,1151,0,0,0,0,0,17365,770,882,0,0,0,0,3,36.57428003575976,136.686305,136.6864014,36.57449126576,,,,,,,,,,,273,red,19188,19017,38205
84,,4310460,1,20261005,351,45,9,0,0,0,0,337,45,6,0,0,0,0,3,36.9580881961966,137.048108,,,,,,,,,,,,,273,red,405,388,793
84,,4310470,1,20261005,11573,1134,55,0,0,0,0,12734,979,65,0,0,0,0,3,36.77955370599541,137.0001501,,,,,,,,,,,,,273,red,12762,13778,26540
85,22,5110100,1,20261005,17400,2026,471,0,0,0,0,17664,2552,504,0,0,0,0,3,35.15213957400704,138.9246216,,,,,,,,,,,,,273,red,19897,20720,40617
85,22,5110109,1,20261005,6806,1172,116,0,0,0,0,6627,1041,82,0,0,0,0,3,35.118767763963525,138.9293772,,,,,,,,,,,,,273,red,8094,7750,15844
85,22,5110111,1,20261005,16809,1533,315,0,0,0,0,16048,1448,268,0,0,0,0,3,35.10924329395108,138.9124954,,,,,,,,,,,,,273,red,18657,17764,36421
85,22,5110115,1,20261005,13771,4024,0,0,0,0,0,13732,3793,0,0,0,0,0,3,35.138890033989775,138.739584,,,,,,,,,,,,,273,red,17795,17525,35320
85,22,5110120,1,20261005,19487,5746,0,0,0,0,0,18942,5366,0,0,0,0,0,3,35.06126803388831,138.536991,,,,,,,,,,,,,273,red,25233,24308,49541
85,22,5110125,1,20261005,14736,1094,0,0,0,0,0,14081,1108,0,0,0,0,0,3,34.99945503380712,138.431978,,,,,,,,,,,,,273,red,15830,15189,31019
85,22,5110130,1,20261005,24412,6235,0,0,0,0,0,21297,5839,0,0,0,0,0,3,35.00292603381168,138.37946,,,,,,,,,,,,,273,red,30647,27136,57783
85,22,5110135,1,20261005,22110,5636,0,0,0,0,0,22989,5493,0,0,0,0,0,3,34.9427310337323,138.326229,,,,,,,,,,,,,273,red,27746,28482,56228
85,22,5110140,1,20261005,11942,3615,0,0,0,0,0,11121,3771,0,0,0,0,0,3,34.87443903364182,138.231472,,,,,,,,,,,,,273,red,15557,14892,30449
85,22,5110145,1,20261005,9602,2921,0,0,0,0,0,10529,3960,0,0,0,0,0,3,34.831770733585074,138.1182557,,,,,,,,,,,,,273,red,12523,14489,27012
85,22,5110148,1,20261005,28538,6188,0,0,0,0,0,29055,6042,0,0,0,0,0,3,34.73805952345989,137.853806,,,,,,,,,,,,,273,red,34726,35097,69823
85,22,5110150,1,20261005,29889,4630,484,0,0,0,0,29126,5293,0,0,0,0,0,3,34.731415953450984,137.7966642,,,,,,,,,,,,,273,red,35003,34419,69422
85,22,5110155,1,20261005,13092,5564,0,0,0,0,0,5830,2810,2,0,0,231,0,3,34.67742179337847,137.6802735,,,,,,,,,,,,,273,red,18656,8642,27298
85,22,5110158,1,20261005,15991,5625,0,0,0,0,0,15908,5161,0,0,0,0,0,3,34.67846877337988,137.608459,,,,,,,,,,,,,273,red,21616,21069,42685
85,22,5110160,1,20261005,9343,4498,0,0,0,0,0,9449,4528,0,0,0,0,0,3,34.67701253337791,137.5025406,,,,,,,,,,,,,273,red,13841,13977,27818
85,23,5110170,1,20261005,12278,2244,0,0,0,0,0,14881,2691,0,0,0,0,0,3,34.7982592835404,137.36621260000004,,,,,,,,,,,,,273,red,14522,17572,32094
85,23,5110175,1,20261005,12233,2380,0,0,0,0,0,12062,2289,0,0,0,0,0,3,34.92391956370741,137.2032416,,,,,,,,,,,,,273,red,14613,14351,28964
85,23,5110180,1,20261005,6464,1164,0,0,0,0,0,7051,936,0,0,0,0,0,3,35.12246228396835,136.7712316,,,,,,,,,,,,,273,red,7628,7987,15615
85,24,5110185,1,20261005,10137,1634,0,0,0,0,0,9761,1667,0,0,0,0,0,3,35.02683417384312,136.6459825,,,,,,,,,,,,,273,red,11771,11428,23199
85,24,5110190,1,20261005,9231,3940,0,0,0,0,0,11390,4081,0,0,0,0,0,3,34.914394373694805,136.5686551,,,,,,,,,,,,,273,red,13171,15471,28642
85,23,5110250,1,20261005,13075,2293,0,0,0,0,0,13177,2326,0,0,0,0,0,3,35.23002111410819,136.9279236,,,,,,,,,,,,,273,red,15368,15503,30871
85,23,5110255,1,20261005,13517,2126,0,0,0,0,0,10236,2259,0,0,0,0,0,3,35.22358825409986,136.8807274,,,,,,,,,,,,,273,red,15643,12495,28138
85,22,5111410,1,20261005,4140,381,40,0,0,0,0,4046,359,26,0,0,0,0,3,34.9385786437268,138.9422778,,,,,,,,,,,,,273,red,4561,4431,8992
85,22,5111435,1,20261005,13891,1827,0,0,0,0,0,14083,1621,0,0,0,0,0,3,35.112323893955114,138.9483055,,,,,,,,,,,,,273,red,15718,15704,31422
85,22,5111440,1,20261005,7213,875,6,0,0,0,0,7268,908,18,0,0,0,0,3,35.09294534392978,138.9461249,,,,,,,,,,,,,273,red,8094,8194,16288
85,22,5111460,1,20261005,1416,217,0,0,0,0,0,1426,221,0,0,0,0,0,3,34.773393033507176,138.94734200000002,,,,,,,,,,,,,273,red,1633,1647,3280
85,23,5111910,1,20261005,19662,4268,0,0,0,0,0,20250,4682,0,0,0,0,0,3,35.251491704135965,136.9747388,,,,,,,,,,,,,273,red,23930,24932,48862
85,21,5111920,1,20261005,13782,2366,0,0,0,0,0,13119,2598,0,0,0,0,0,3,35.33014667423738,137.0762497,,,,,,,,,,,,,273,red,16148,15717,31865
85,21,5111930,1,20261005,11177,1838,0,0,0,0,0,11394,2079,0,0,0,0,0,3,35.36635604428386,137.2135359,,,,,,,,,,,,,273,red,13015,13473,26488
85,21,5111940,1,20261005,14436,2843,0,0,0,0,0,15497,2731,0,0,0,0,0,3,35.477490394425764,137.4827895,,,,,,,,,,,,,273,red,17279,18228,35507
85,21,5111950,1,20261005,4518,1234,0,0,0,0,0,4472,1139,0,0,0,0,0,3,35.54294722450878,137.5415325,,,,,,,,,,,,,273,red,5752,5611,11363
85,20,5111960,1,20261005,3108,1136,0,0,0,0,0,2856,1077,0,0,0,0,0,3,35.79372550482294,137.6867026,,,,,,,,,,,,,273,red,4244,3933,8177
85,20,5111970,1,20261005,0,0,0,0,0,273,0,6024,0,0,0,0,0,0,3,35.86568255491192,137.7375698,,,,,,,,,,,,,273,red,0,6024,6024
85,21,5112190,1,20261005,2707,1003,1,0,0,1,0,2670,1102,1,0,0,1,0,3,35.35969120427531,136.4557958,,,,,,,,,,,,,273,red,3711,3773,7484
85,21,5112240,1,20261005,19135,3111,0,0,0,0,0,17218,2938,0,0,0,0,0,3,35.38091091430252,136.7844039,,,,,,,,,,,,,273,red,22246,20156,42402
85,23,5112320,1,20261005,27036,10724,0,0,0,0,0,26007,10576,0,0,0,0,0,3,34.935405063722605,137.0426846,,,,,,,,,,,,,273,red,37760,36583,74343
85,23,5112325,1,20261005,32310,11193,0,0,0,0,0,33263,12026,0,0,0,0,0,3,35.020771293835146,137.0130622,,,,,,,,,,,,,273,red,43503,45289,88792
85,23,5112330,1,20261005,37301,14240,0,0,0,0,0,40135,13533,0,0,0,0,0,3,35.04312062386452,136.9841158,,,,,,,,,,,,,273,red,51541,53668,105209
85,23,5112340,1,20261005,11896,7979,0,0,0,0,0,12919,8123,0,0,0,0,0,3,35.06974911389942,136.7566216,,,,,,,,,,,,,273,red,19875,21042,40917
85,24,5112350,1,20261005,14115,6183,0,0,0,0,0,15420,7019,0,0,0,0,0,3,35.00912200381983,136.6732612,,,,,,,,,,,,,273,red,20298,22439,42737
85,24,5112355,1,20261005,19757,1326,0,0,0,0,0,16223,1217,0,0,0,0,0,3,34.75468373348215,136.5225828,,,,,,,,,,,,,273,red,21083,17440,38523
85,24,5112360,1,20261005,12356,1160,0,0,0,0,0,11698,1107,0,0,0,0,0,3,34.558484833217825,136.6473028,,,,,,,,,,,,,273,red,13516,12805,26321
85,24,5112370,1,20261005,8869,2088,0,0,0,0,0,8978,1966,0,0,0,0,0,3,34.78302070352005,136.5006557,,,,,,,,,,,,,273,red,10957,10944,21901
85,24,5112375,1,20261005,10133,2121,0,0,0,0,0,10581,2183,0,0,0,0,0,3,34.74150673346451,136.4838785,,,,,,,,,,,,,273,red,12254,12764,25018
85,24,5112550,1,20261005,11770,10717,0,0,0,0,0,11656,9604,0,0,0,0,0,3,34.839452033595315,136.260335,,,,,,,,,,,,,273,red,22487,21260,43747
85,24,5112590,1,20261005,9391,10623,0,0,0,0,0,9954,9231,0,0,0,0,0,3,34.703780033413906,136.071242,,,,,,,,,,,,,273,red,20014,19185,39199
85,22,5113885,1,20261005,6917,1188,0,0,0,0,0,7741,1878,0,0,0,0,0,3,35.33142394423902,138.8977143,,,,,,,,,,,,,273,red,8105,9619,17724
85,22,5113890,1,20261005,5652,734,0,0,0,0,0,6231,597,0,0,0,0,0,3,35.32388868422933,138.9049485,,,,,,,,,,,,,273,red,6386,6828,13214
85,22,5113910,1,20261005,16609,3657,0,0,0,0,0,13868,3197,0,0,0,0,0,3,35.18190903404577,138.676858,,,,,,,,,,,,,273,red,20266,17065,37331
85,22,5113920,1,20261005,14501,3218,0,0,0,0,0,15374,2600,0,0,0,0,0,3,35.209794034081966,138.64987,,,,,,,,,,,,,273,red,17719,17974,35693
85,22,5113990,1,20261005,1711,780,0,0,0,0,0,1667,789,0,0,0,0,0,3,35.41511303434628,138.590083,,,,,,,,,,,,,273,red,2491,2456,4947
85,23,5114110,1,20261005,16313,4038,0,0,0,0,0,14866,4035,0,0,0,0,0,3,35.268750034158266,136.907566,,,,,,,,,,,,,273,red,20351,18901,39252
85,23,5114120,1,20261005,15774,5193,0,0,0,0,0,17452,5326,0,0,0,0,0,3,35.33167103423934,136.91981,,,,,,,,,,,,,273,red,20967,22778,43745
85,21,5114130,1,20261005,5071,1264,0,0,0,0,0,5252,982,0,0,0,0,0,3,35.48643303443713,137.055201,,,,,,,,,,,,,273,red,6335,6234,12569
85,21,5114140,1,20261005,4573,919,0,0,0,0,0,4140,909,0,0,0,0,0,3,35.78858303481656,137.25606,,,,,,,,,,,,,273,red,5492,5049,10541
85,21,5114150,1,20261005,5023,683,0,0,0,0,0,4769,763,0,0,0,0,0,3,35.86755403491424,137.213563,,,,,,,,,,,,,273,red,5706,5532,11238
85,21,5114160,1,20261005,3274,547,0,0,0,0,0,3185,526,0,0,0,0,0,3,36.07096803516291,137.267306,,,,,,,,,,,,,273,red,3821,3711,7532
85,21,5114170,1,20261005,1839,538,0,0,0,0,0,1658,741,0,0,0,0,0,3,36.26496203539611,137.138911,,,,,,,,,,,,,273,red,2377,2399,4776
85,21,5114180,1,20261005,1198,384,0,0,0,0,0,1230,389,0,0,0,0,0,3,36.459520035626035,137.248946,,,,,,,,,,,,,273,red,1582,1619,3201
85,24,5114210,1,20261005,7878,855,0,0,0,0,0,8060,667,0,0,0,0,0,3,34.51961103316506,136.541333,,,,,,,,,,,,,273,red,8733,8727,17460
85,24,5114230,1,20261005,2010,375,0,0,0,0,0,2292,424,0,0,0,0,0,3,34.31527803288554,136.410056,,,,,,,,,,,,,273,red,2385,2716,5101
85,24,5114250,1,20261005,1580,85,0,0,0,0,0,1523,64,0,0,0,0,0,3,34.09569403258125,136.196222,,,,,,,,,,,,,273,red,1665,1587,3252
85,24,5114270,1,20261005,1346,296,0,0,0,0,0,1729,331,0,0,0,0,0,3,34.275333032830495,136.358917,,,,,,,,,,,,,273,red,1642,2060,3702
85,24,5114290,1,20261005,5090,569,0,0,0,0,0,4839,573,0,0,0,0,0,3,33.86069403225124,136.076111,,,,,,,,,,,,,273,red,5659,5412,11071
85,22,5114610,1,20261005,16076,2668,315,0,0,0,0,16210,2511,312,0,0,0,0,3,35.152874244008,138.8951207,,,,,,,,,,,,,273,red,19059,19033,38092
85,22,5114620,1,20261005,10726,1867,177,0,0,0,0,13195,2325,339,0,0,0,0,3,35.13134103397993,138.875041,,,,,,,,,,,,,273,red,12770,15859,28629
85,22,5114630,1,20261005,11526,2036,172,0,0,0,0,12583,1825,182,0,0,0,0,3,35.14589793399891,138.8871002,,,,,,,,,,,,,273,red,13734,14590,28324
85,22,5114680,1,20261005,4569,1909,0,0,0,0,0,4433,2060,0,0,0,0,0,3,35.35910497427457,139.0109217,,,,,,,,,,,,,273,red,6478,6493,12971
85,22,5114740,1,20261005,623,101,0,0,0,0,0,630,102,0,0,0,0,0,3,35.073007033903686,137.787657,,,,,,,,,,,,,273,red,724,732,1456
85,22,5114750,1,20261005,1078,204,0,0,0,0,0,1105,152,0,0,0,0,0,3,34.90575222368336,137.6681803,,,,,,,,,,,,,273,red,1282,1257,2539
85,22,5115250,1,20261005,1884,479,0,0,0,0,0,1569,504,0,0,0,0,0,3,35.137162033987515,138.520651,,,,,,,,,,,,,273,red,2363,2073,4436
85,23,5115320,1,20261005,15396,1795,0,0,0,0,0,15808,1319,0,0,0,0,0,3,35.10723119394846,137.0409411,,,,,,,,,,,,,273,red,17191,17127,34318
85,23,5115340,1,20261005,3777,504,0,0,0,0,0,3772,573,0,0,0,0,0,3,35.13153551398018,137.304967,,,,,,,,,,,,,273,red,4281,4345,8626
85,20,5115370,1,20261005,0,0,0,0,273,273,0,0,0,0,0,273,273,0,3,35.50121594445591,137.794953,,,,,,,,,,,,,273,red,0,0,0
85,20,5115380,1,20261005,5071,472,0,0,0,0,0,4880,465,0,0,0,0,0,3,35.71541168472551,137.9379522,,,,,,,,,,,,,273,red,5543,5345,10888
85,23,5115530,1,20261005,8629,2208,0,0,0,0,0,6909,2744,0,0,0,0,0,3,35.06429103389226,137.11723,,,,,,,,,,,,,273,red,10837,9653,20490
85,21,5115610,1,20261005,21367,2610,0,0,0,0,0,20316,2893,0,0,0,0,0,3,35.39814591432458,136.7848921,,,,,,,,,,,,,273,red,23977,23209,47186
85,21,5115630,1,20261005,4967,653,0,0,0,0,0,4813,619,0,0,0,0,0,3,35.73557476475065,136.9518113,,,,,,,,,,,,,273,red,5620,5432,11052
85,21,5115650,1,20261005,3266,333,0,0,0,0,0,3104,311,0,0,0,0,0,3,35.88316975493347,136.85442030000002,,,,,,,,,,,,,273,red,3599,3415,7014
85,21,5115680,1,20261005,742,175,0,0,0,0,0,745,132,0,0,0,0,0,3,35.99802490507423,136.9009352,,,,,,,,,,,,,273,red,917,877,1794
85,21,5115820,1,20261005,1540,195,0,0,0,0,0,1282,203,0,0,0,0,0,3,36.18407203529936,137.542187,,,,,,,,,,,,,273,red,1735,1485,3220
85,22,5123510,1,20261005,7103,805,0,0,0,0,0,8197,667,0,0,0,0,0,3,35.141546483993245,139.1103673,,,,,,,,,,,,,273,red,7908,8864,16772
85,20,5125390,1,20261005,5352,470,0,0,0,0,0,5203,427,0,0,0,0,0,3,35.876706504925515,137.9806852,,,,,,,,,,,,,273,red,5822,5630,11452
85,23,5311910,1,20261005,13996,2242,0,0,0,0,0,13519,2051,0,0,0,0,0,3,35.124239273970666,136.856963,,,,,,,,,,,,,273,red,16238,15570,31808
86,,6110010,1,20261005,4781,1528,0,0,0,0,0,4973,1528,0,0,0,0,0,3,34.938138216795814,136.265283823013,,,,,,,,,,,,,273,red,6309,6501,12810
86,,6110020,1,20261005,8113,1576,0,0,0,0,0,8295,1722,0,0,0,0,0,3,34.990936305895495,136.115165948867,,,,,,,,,,,,,273,red,9689,10017,19706
86,,6110030,1,20261005,1335,209,1914,0,0,0,0,1334,150,3844,0,0,0,0,3,35.005385003512316,135.956851243972,,,,,,,,,,,,,273,red,3458,5328,8786
86,,6110040,1,20261005,5935,964,0,0,0,0,0,7049,908,0,0,0,0,0,3,34.95699292997823,135.913501381874,,,,,,,,,,,,,273,red,6899,7957,14856
86,,6110050,1,20261005,13627,1492,0,0,0,0,0,14415,1434,0,0,0,0,0,3,34.99087038445861,135.844525694847,,,,,,,,,,,,,273,red,15119,15849,30968
86,,6110060,1,20261005,25476,4576,0,0,0,0,0,23842,5226,0,0,0,0,0,3,34.99142632024544,135.831109285354,,,,,,,,,,,,,273,red,30052,29068,59120
86,,6110070,1,20261005,19811,3142,0,0,0,0,0,18697,2920,0,0,0,0,0,3,34.98630409707048,135.82777261734,,,,,,,,,,,,,273,red,22953,21617,44570
86,,6110080,1,20261005,17197,6408,0,0,0,0,0,18970,6370,0,0,0,0,0,3,34.91099177877929,135.744452476501,,,,,,,,,,,,,273,red,23605,25340,48945
86,,6110090,1,20261005,21695,6055,0,0,0,0,0,22273,6338,0,0,0,0,0,3,34.805311519271704,135.649480819702,,,,,,,,,,,,,273,red,27750,28611,56361
86,,6110100,1,20261005,,,,0,0,0,273,,,,0,0,0,273,3,34.81945711253497,135.720393061637,,,,,,,,,,,,,273,red,0,0,0
86,,6110110,1,20261005,12209,1488,0,0,0,0,0,12425,1534,0,0,0,0,0,3,34.71960434074075,135.436824560165,,,,,,,,,,,,,273,red,13697,13959,27656
86,,6110120,1,20261005,11797,1498,0,0,0,0,0,11143,1752,0,0,0,0,0,3,34.64078623273222,135.106242299079,,,,,,,,,,,,,273,red,13295,12895,26190
86,,6110130,1,20261005,26911,9549,0,0,0,0,0,26098,9635,0,0,0,0,0,3,34.75756172115131,134.859353005886,,,,,,,,,,,,,273,red,36460,35733,72193
86,,6110140,1,20261005,26931,8428,0,0,0,0,0,27866,8258,0,0,0,0,0,3,34.83274825524009,134.630174338817,,,,,,,,,,,,,273,red,35359,36124,71483
86,,6110150,1,20261005,18756,6182,0,0,0,0,0,20233,5999,0,0,0,0,0,3,34.847425137493005,134.578367471694,,,,,,,,,,,,,273,red,24938,26232,51170
86,,6110170,1,20261005,4351,1655,0,0,0,0,0,4288,1555,0,0,0,0,0,3,36.23649392464164,136.286623477935,,,,,,,,,,,,,273,red,6006,5843,11849
86,,6110180,1,20261005,3689,1893,0,0,0,0,0,1188,572,0,0,0,0,0,3,35.792989034822035,136.092793,,,,,,,,,,,,,273,red,5582,1760,7342
86,,6110190,1,20261005,1969,1823,0,0,0,0,0,1885,1741,0,0,0,0,0,3,35.62256603460919,136.08205800000002,,,,,,,,,,,,,273,red,3792,3626,7418
86,,6110200,1,20261005,6035,486,0,0,0,0,0,6030,473,0,0,0,0,0,3,35.319800029709974,136.279370784759,,,,,,,,,,,,,273,red,6521,6503,13024
86,,6110210,1,20261005,8100,1561,0,0,0,0,0,7671,1379,0,0,0,0,0,3,35.25049070224537,136.262805461883,,,,,,,,,,,,,273,red,9661,9050,18711
86,,6110220,1,20261005,7930,1779,0,0,0,0,0,7755,1991,0,0,0,0,0,3,35.135413702721344,136.168110072612,,,,,,,,,,,,,273,red,9709,9746,19455
86,,6110230,1,20261005,9456,1643,0,0,0,0,0,8105,1558,0,0,0,0,0,3,35.05193480694747,136.028718352317,,,,,,,,,,,,,273,red,11099,9663,20762
86,,6110240,1,20261005,15585,2331,0,0,0,0,0,16351,2343,0,0,0,0,0,3,34.97508726487281,135.666646957397,,,,,,,,,,,,,273,red,17916,18694,36610
86,,6110250,1,20261005,11821,1335,0,0,0,0,0,11439,1239,0,0,0,0,0,3,35.290674394918256,135.122528672218,,,,,,,,,,,,,273,red,13156,12678,25834
86,,6110260,1,20261005,3279,461,0,0,0,0,0,3346,525,0,0,0,0,0,3,35.33418386481987,134.859425425529,,,,,,,,,,,,,273,red,3740,3871,7611
86,,6110270,1,20261005,2791,320,0,0,0,0,0,2932,316,0,0,0,0,0,3,35.37906081109355,134.782794713974,,,,,,,,,,,,,273,red,3111,3248,6359
86,,6110280,1,20261005,1205,357,0,0,0,0,2,1207,333,0,0,0,0,2,3,35.39752934547739,134.617635011672,,,,,,,,,,,,,273,red,1562,1540,3102
86,,6110290,1,20261005,2375,1246,0,0,0,0,0,2344,1310,0,0,0,0,0,3,35.3445505431606,136.408736407756,,,,,,,,,,,,,273,red,3621,3654,7275
86,,6110300,1,20261005,9473,763,0,0,0,0,0,7746,599,0,0,0,0,0,3,34.929386538763445,135.767959356307,,,,,,,,,,,,,273,red,10236,8345,18581
86,,6110310,1,20261005,17815,3030,0,0,0,0,0,15872,2899,0,0,0,0,0,3,34.692826863672394,135.811829566955,,,,,,,,,,,,,273,red,20845,18771,39616
86,,6110320,1,20261005,12299,2069,3,0,0,94,0,17934,2631,0,0,0,0,0,3,34.49633103313339,135.742759,,,,,,,,,,,,,273,red,14371,20565,34936
86,,6110330,1,20261005,14610,807,0,0,0,0,0,13373,793,0,0,0,0,0,3,34.255336527005475,135.221571922302,,,,,,,,,,,,,273,red,15417,14166,29583
86,,6110340,1,20261005,13066,2106,0,0,0,0,0,13515,2159,0,0,0,0,0,3,34.59261679509626,135.476585626602,,,,,,,,,,,,,273,red,15172,15674,30846
86,,6110350,1,20261005,24391,2482,0,0,0,0,0,24069,2356,0,0,0,0,0,3,34.492391818044126,135.423381328582,,,,,,,,,,,,,273,red,26873,26425,53298
86,,6110361,1,20261005,6294,1115,0,0,0,0,0,6600,1086,0,0,0,0,0,3,34.27701629033371,135.164935521261,,,,,,,,,,,,,273,red,7409,7686,15095
86,,6110370,1,20261005,4795,525,0,0,0,0,0,5122,549,0,0,0,0,0,3,35.61308303459727,135.971192,,,,,,,,,,,,,273,red,5320,5671,10991
86,,6110380,1,20261005,3779,686,0,0,0,0,0,3785,712,0,0,0,0,0,3,35.486004106628485,135.463869273662,,,,,,,,,,,,,273,red,4465,4497,8962
86,,6110390,1,20261005,3552,689,0,0,0,0,0,3573,669,0,0,0,0,0,3,35.30401991598347,135.272947382363,,,,,,,,,,,,,273,red,4241,4242,8483
86,,6110410,1,20261005,5362,668,0,0,0,0,0,5703,686,0,0,0,0,0,3,34.99524305806187,134.558363556861,,,,,,,,,,,,,273,red,6030,6389,12419
86,,6110430,1,20261005,348,29,7,0,0,0,0,380,29,8,0,0,0,0,3,33.577233165562106,135.427241160067,,,,,,,,,,,,,273,red,384,417,801
86,,6110440,1,20261005,9987,788,0,0,0,0,0,9490,842,0,0,0,0,0,3,34.143380032647656,135.20039,,,,,,,,,,,,,273,red,10775,10332,21107
86,,6110450,1,20261005,17701,10105,0,0,0,0,0,16925,12232,0,0,0,0,0,3,34.71254919312948,135.425688028335,,,,,,,,,,,,,273,red,27806,29157,56963
86,,6110460,1,20261005,3403,1524,0,0,0,0,0,3474,1464,0,0,0,0,0,3,35.431053158155514,136.016224622726,,,,,,,,,,,,,273,red,4927,4938,9865
86,,6110470,1,20261005,6829,1751,0,0,0,0,0,7229,1794,0,0,0,0,0,3,35.21341864052877,135.925826132297,,,,,,,,,,,,,273,red,8580,9023,17603
86,,6110500,1,20261005,6195,1858,0,0,0,0,0,4977,1094,0,0,0,0,0,3,35.10094221794055,135.892639160156,,,,,,,,,,,,,273,red,8053,6071,14124
86,,6110510,1,20261005,5487,1434,0,0,0,0,0,6923,1887,0,0,0,0,0,3,35.080206671418715,135.881878137588,,,,,,,,,,,,,273,red,6921,8810,15731
86,,6110520,1,20261005,15370,2905,0,0,0,0,0,430,156,2609,0,0,0,0,3,35.00895503826151,135.838812589645,,,,,,,,,,,,,273,red,18275,3195,21470
86,,6110530,1,20261005,11011,3731,0,0,0,0,0,11828,3901,0,0,0,0,0,3,34.8925928963683,135.684016942977,,,,,,,,,,,,,273,red,14742,15729,30471
86,,6110540,1,20261005,9867,1598,0,0,0,0,0,11071,1725,0,0,0,0,0,3,34.686726631641484,134.982630014419,,,,,,,,,,,,,273,red,11465,12796,24261
86,,6110670,1,20261005,10495,3161,0,0,0,0,0,10912,2855,0,0,0,0,0,3,34.486465033119956,135.763168,,,,,,,,,,,,,273,red,13656,13767,27423
86,,6110700,1,20261005,7144,2034,0,0,0,0,0,7232,1680,0,0,0,0,0,3,34.36883103295914,135.698397,,,,,,,,,,,,,273,red,9178,8912,18090
86,,6110710,1,20261005,7295,1840,0,0,0,0,0,7472,1620,0,0,0,0,0,3,34.346251032928144,135.675464,,,,,,,,,,,,,273,red,9135,9092,18227
86,,6110720,1,20261005,6654,1852,0,0,0,0,0,6781,1572,0,0,0,0,0,3,34.34307531292378,135.6723947,,,,,,,,,,,,,273,red,8506,8353,16859
86,,6110730,1,20261005,6066,1738,0,0,0,0,0,6077,1544,0,0,0,0,0,3,34.3344353954711,135.643944740295,,,,,,,,,,,,,273,red,7804,7621,15425
86,,6110740,1,20261005,7577,1706,149,0,0,0,0,7983,1442,160,0,0,0,0,3,34.32057809029414,135.595622062683,,,,,,,,,,,,,273,red,9432,9585,19017
86,,6110750,1,20261005,7770,1819,0,0,0,0,0,8074,1580,0,0,0,0,0,3,34.30420703287028,135.508371,,,,,,,,,,,,,273,red,9589,9654,19243
86,,6110760,1,20261005,7224,1865,0,0,0,0,0,7874,1697,0,0,0,0,0,3,34.300277802864876,135.49583333,,,,,,,,,,,,,273,red,9089,9571,18660
86,,6110765,1,20261005,7544,1898,0,0,0,0,0,7966,1782,0,0,0,0,0,3,34.293299032855266,135.42037,,,,,,,,,,,,,273,red,9442,9748,19190
86,,6110780,1,20261005,7308,1814,0,0,0,0,0,7846,1667,0,0,0,0,0,3,34.290835032851874,135.406025,,,,,,,,,,,,,273,red,9122,9513,18635
86,,6110790,1,20261005,3351,1335,0,0,0,0,0,3684,1227,0,0,0,0,0,3,34.28766234793788,135.279854549589,,,,,,,,,,,,,273,red,4686,4911,9597
86,,6110810,1,20261005,769,333,0,0,0,0,0,840,357,0,0,0,0,0,3,35.91898971813652,136.6293598948,,,,,,,,,,,,,273,red,1102,1197,2299
86,,6110820,1,20261005,957,335,0,0,0,0,0,1000,378,0,0,0,0,0,3,35.963561035032136,136.602468,,,,,,,,,,,,,273,red,1292,1378,2670
86,,6110840,1,20261005,995,272,0,0,0,0,0,970,293,0,0,0,0,0,3,35.98949103506382,136.526729,,,,,,,,,,,,,273,red,1267,1263,2530
86,,6110860,1,20261005,6129,662,0,0,0,0,0,5729,643,0,0,0,0,0,3,36.062580031168245,136.445198357105,,,,,,,,,,,,,273,red,6791,6372,13163
86,,6110870,1,20261005,6348,697,0,0,0,0,0,6182,654,0,0,0,0,0,3,36.074224272699254,136.374473869296,,,,,,,,,,,,,273,red,7045,6836,13881
86,,6110880,1,20261005,6303,847,0,0,0,0,0,6765,691,0,0,0,0,0,3,36.086521994378465,136.324462164098,,,,,,,,,,,,,273,red,7150,7456,14606
86,,6110980,1,20261005,2054,659,0,0,0,0,0,2272,631,0,0,0,0,0,3,35.30511375498357,134.89226102828903,,,,,,,,,,,,,273,red,2713,2903,5616
86,,6111020,1,20261005,11877,10243,0,0,0,0,0,2040,8309,6,0,0,162,0,3,34.61538892329484,135.8745,,,,,,,,,,,,,273,red,22120,10355,32475
86,,6111030,1,20261005,4472,291,24,0,0,0,0,4777,269,26,0,0,0,0,3,33.670648031981166,135.947246,,,,,,,,,,,,,273,red,4787,5072,9859
86,,6111040,1,20261005,3131,392,33,0,0,0,0,2786,360,46,0,0,0,0,1,33.74362082208521,135.40352793,,,,,,,,,,,,,273,red,3556,3192,6748
86,,6111050,1,20261005,3898,341,27,0,0,0,0,3834,264,23,0,0,0,0,1,33.67806806199178,135.40361475,,,,,,,,,,,,,273,red,4266,4121,8387
86,,6111060,1,20261005,3675,324,21,0,0,0,0,3727,308,36,0,0,0,0,1,33.63743103193369,135.410147,,,,,,,,,,,,,273,red,4020,4071,8091
86,,6111070,1,20261005,2209,313,12,0,0,0,0,1448,81,6,0,0,0,0,1,33.56605113183135,135.49421066,,,,,,,,,,,,,273,red,2534,1535,4069
86,,6111080,1,20261005,1712,303,33,0,0,0,0,3,0,0,0,0,0,0,1,33.53123967178131,135.54653822,,,,,,,,,,,,,273,red,2048,3,2051
86,,6111090,1,20261005,2918,252,15,0,0,0,0,3126,264,28,0,0,0,0,3,33.620083251908845,135.91802864,,,,,,,,,,,,,273,red,3185,3418,6603
86,,6111094,1,20261005,3731,291,78,0,0,0,0,3830,255,51,0,0,0,0,3,33.73308003207021,136.004619,,,,,,,,,,,,,273,red,4100,4136,8236
86,,6111100,1,20261005,6126,1621,0,0,0,0,0,6394,1569,0,0,0,0,0,3,34.29138892285263,135.3613889,,,,,,,,,,,,,273,red,7747,7963,15710
87,,7110040,1,20261005,7629,2374,0,0,0,0,0,7321,2442,0,0,0,0,0,3,34.51540182315934,133.565914,,,,,,,,,,,,,273,red,10003,9763,19766
87,,7110090,1,20261005,9448,3600,0,0,0,0,0,9628,2972,0,0,0,0,0,3,34.076861142554975,131.3867222,,,,,,,,,,,,,273,red,13048,12600,25648
87,,7110140,1,20261005,8030,1251,0,0,0,0,0,7666,1302,0,0,0,0,0,3,35.42972217436492,133.16019770000003,,,,,,,,,,,,,273,red,9281,8968,18249
87,,7110150,1,20261005,9369,1453,0,0,0,0,1,9429,1406,0,0,0,0,1,3,35.41501435434614,132.9291201,,,,,,,,,,,,,273,red,10822,10835,21657
87,,7110160,1,20261005,3184,400,0,0,0,0,0,3393,350,0,0,0,0,0,3,35.220801104096246,132.5117898,,,,,,,,,,,,,273,red,3584,3743,7327
87,,7110170,1,20261005,638,71,0,0,0,0,0,657,88,0,0,0,0,0,3,34.75449303348189,131.907185,,,,,,,,,,,,,273,red,709,745,1454
87,,7110180,1,20261005,1168,289,0,0,0,0,0,1059,251,0,0,0,0,0,3,34.42694447303873,131.76016670000004,,,,,,,,,,,,,273,red,1457,1310,2767
87,,7110210,1,20261005,4524,846,0,1,0,0,0,4993,967,0,1,0,0,0,3,34.8389208935946,133.9257149,,,,,,,,,,,,,273,red,5370,5960,11330
87,,7110240,1,20261005,4321,983,0,1,0,0,0,4153,945,0,1,0,0,0,3,34.684982133388644,133.784738,,,,,,,,,,,,,273,red,5304,5098,10402
87,,7110260,1,20261005,2926,185,0,0,0,0,0,3063,216,0,0,0,0,0,3,33.97988891241918,132.1977222,,,,,,,,,,,,,273,red,3111,3279,6390
87,,7110270,1,20261005,1307,246,0,0,0,2,0,1386,290,0,0,0,0,0,3,34.65950003335435,131.6773889,,,,,,,,,,,,,273,red,1553,1676,3229
87,,7110280,1,20261005,3342,438,0,0,0,0,1,3257,417,0,0,0,0,1,3,34.419861143029046,131.4097778,,,,,,,,,,,,,273,red,3780,3674,7454
87,,7110290,1,20261005,6414,301,0,0,0,0,0,6349,336,0,0,0,0,0,3,34.371805582963226,131.1861389,,,,,,,,,,,,,273,red,6715,6685,13400
87,,7110320,1,20261005,5994,383,0,0,0,0,0,5680,365,0,0,0,0,0,3,33.95763808238793,132.1366533,,,,,,,,,,,,,273,red,6377,6045,12422
87,,7310110,1,20261005,8136,1071,0,0,0,0,1,8172,1090,0,0,0,0,1,3,35.39772612432404,132.8747235,,,,,,,,,,,,,273,red,9207,9262,18469
87,,7310120,1,20261005,3004,752,0,0,0,0,1,2979,696,0,0,0,0,1,3,35.068629523897954,132.3222435,,,,,,,,,,,,,273,red,3756,3675,7431
87,,7310150,1,20261005,611,166,0,0,0,0,1,658,283,0,0,0,0,1,3,34.9738037337733,132.7317309,,,,,,,,,,,,,273,red,777,941,1718
87,,7310160,1,20261005,1060,212,0,0,0,0,1,1177,312,0,0,0,0,1,3,35.117460163961816,132.778337,,,,,,,,,,,,,273,red,1272,1489,2761
87,,7310170,1,20261005,5589,730,0,0,0,0,0,5021,613,0,0,0,0,0,3,34.705264123415894,133.7151146,,,,,,,,,,,,,273,red,6319,5634,11953
87,,7310180,1,20261005,,,,,,,273,,,,,,,273,3,34.38963891298768,131.3651944,,,,,,,,,,,,,273,red,0,0,0
87,,7310260,1,20261005,2484,586,0,0,0,0,1,2358,512,0,0,0,0,1,3,35.132156843980994,132.4019922,,,,,,,,,,,,,273,red,3070,2870,5940
87,,7310270,1,20261005,2275,576,0,0,0,0,1,2206,486,0,0,0,0,1,3,35.08573619392036,132.3490609,,,,,,,,,,,,,273,red,2851,2692,5543
87,,7310280,1,20261005,2252,559,0,0,0,0,1,2179,494,0,0,0,0,1,3,35.076671573908484,132.335387,,,,,,,,,,,,,273,red,2811,2673,5484
87,,7310290,1,20261005,2709,766,0,0,0,273,0,3703,917,0,0,0,0,0,3,34.88220003365212,132.0657,,,,,,,,,,,,,273,red,3475,4620,8095
87,,7310300,1,20261005,3282,643,0,0,0,0,0,3405,614,0,0,0,0,0,3,34.86980443363566,132.0662027,,,,,,,,,,,,,273,red,3925,4019,7944
87,,7310350,1,20261005,3565,787,0,0,0,0,0,3719,802,0,0,0,0,0,3,34.83580109359045,131.9999083,,,,,,,,,,,,,273,red,4352,4521,8873
87,,7310410,1,20261005,3934,671,0,0,0,0,0,3768,648,0,0,0,0,0,3,35.21593257408993,132.5144274,,,,,,,,,,,,,273,red,4605,4416,9021
87,,7310420,1,20261005,4217,733,0,0,0,0,0,3987,683,0,0,0,0,0,3,35.275470134166945,132.6201357,,,,,,,,,,,,,273,red,4950,4670,9620
87,,7310430,1,20261005,2135,361,0,0,0,0,0,2192,310,0,0,0,0,0,3,35.303833034203514,132.688667,,,,,,,,,,,,,273,red,2496,2502,4998
87,,7310440,1,20261005,2156,362,0,0,0,0,0,0,0,0,0,0,0,0,3,35.298722034196935,132.676944,,,,,,,,,,,,,273,red,2518,0,2518
87,,7310450,1,20261005,0,0,0,0,0,0,0,1965,302,0,0,0,0,0,3,35.290444034186265,132.645583,,,,,,,,,,,,,273,red,0,2267,2267
87,,7310460,1,20261005,0,0,0,0,0,273,0,1168,284,0,0,0,0,0,3,35.20082803407034,132.459905,,,,,,,,,,,,,273,red,0,1452,1452
87,,7310470,1,20261005,1300,339,0,0,0,0,0,1250,293,0,0,0,0,0,3,35.1986450340675,132.455753,,,,,,,,,,,,,273,red,1639,1543,3182
88,,8110010,1,20261005,2852,817,0,0,0,0,0,2672,775,0,0,0,0,0,3,34.2207184500313,134.411544799804,,,,,,,,,,,,,273,red,3669,3447,7116
88,,8110020,1,20261005,16729,2313,0,0,0,0,0,17722,2586,0,0,0,0,0,3,34.30277465209332,134.084776639938,,,,,,,,,,,,,273,red,19042,20308,39350
88,,8110030,1,20261005,14456,2082,0,0,0,0,0,14766,2129,0,0,0,0,0,3,34.29671450737887,133.946895003318,,,,,,,,,,,,,273,red,16538,16895,33433
88,,8110040,1,20261005,6996,1035,0,0,0,0,0,7277,1042,0,0,0,0,0,3,34.17417938671837,133.715951442718,,,,,,,,,,,,,273,red,8031,8319,16350
88,,8110050,1,20261005,6838,1033,0,0,0,0,0,7058,935,14,0,0,0,0,3,33.91236267641698,133.20324182510302,,,,,,,,,,,,,273,red,7871,8007,15878
88,,8110060,1,20261005,4188,1471,61,0,0,0,0,4104,1391,57,0,0,0,0,3,33.82431235182997,132.984384298324,,,,,,,,,,,,,273,red,5720,5552,11272
88,,8110070,1,20261005,8943,912,0,0,0,0,0,8935,766,0,0,0,0,0,3,34.28544169692582,134.00050163269,,,,,,,,,,,,,273,red,9855,9701,19556
88,,8110080,1,20261005,1638,443,0,0,0,0,0,1681,434,0,0,0,0,0,3,34.10608825909625,133.799223303794,,,,,,,,,,,,,273,red,2081,2115,4196
88,,8110090,1,20261005,6988,980,43,0,0,0,1,6823,895,89,0,0,0,1,3,34.028957826825085,133.828164339065,,,,,,,,,,,,,273,red,8011,7807,15818
88,,8110100,1,20261005,1492,521,0,0,0,0,0,1492,455,0,0,0,0,0,3,33.950764901704936,133.764853477478,,,,,,,,,,,,,273,red,2013,1947,3960
88,,8110110,1,20261005,4992,1542,0,0,0,0,0,5670,1313,0,0,0,0,0,3,33.58909346194513,133.626092746853,,,,,,,,,,,,,273,red,6534,6983,13517
88,,8110115,1,20261005,6716,608,0,0,0,0,0,6816,608,0,0,0,0,0,3,33.548205918990114,133.451582193374,,,,,,,,,,,,,273,red,7324,7424,14748
88,,8110120,1,20261005,7478,746,0,0,0,0,0,7294,1075,0,0,0,0,0,3,33.543133969132924,133.402808904647,,,,,,,,,,,,,273,red,8224,8369,16593
88,,8110130,1,20261005,7630,524,104,0,0,0,1,7288,506,89,0,0,0,1,3,33.7476978963593,132.791587114334,,,,,,,,,,,,,273,red,8258,7883,16141
88,,8110131,1,20261005,2763,295,0,0,0,0,0,2778,306,0,0,0,0,0,3,33.793408870729856,134.592427611351,,,,,,,,,,,,,273,red,3058,3084,6142
88,,8110140,1,20261005,2068,237,2,0,0,0,1,2220,233,0,0,0,0,1,3,33.63466659400443,134.369745254516,,,,,,,,,,,,,273,red,2307,2453,4760
88,,8110142,1,20261005,2704,286,0,0,0,0,0,2630,309,0,0,0,0,0,3,33.74774819013548,134.53964678124,,,,,,,,,,,,,273,red,2990,2939,5929
88,,8110160,1,20261005,3358,342,0,0,0,0,0,2940,276,0,0,0,0,0,3,33.53924497073882,133.738444460766,,,,,,,,,,,,,273,red,3700,3216,6916
88,,8110161,1,20261005,6062,676,0,0,0,0,0,5389,662,0,0,0,0,0,3,33.520916544031145,133.780702650547,,,,,,,,,,,,,273,red,6738,6051,12789
88,,8110162,1,20261005,7167,743,0,0,0,0,0,6310,688,0,0,0,0,0,3,33.550342371512876,133.740176352243,,,,,,,,,,,,,273,red,7910,6998,14908
88,,8110163,1,20261005,8110,819,0,0,0,0,0,7835,780,0,0,0,0,0,3,33.55352220956595,133.721816021769,,,,,,,,,,,,,273,red,8929,8615,17544
88,,8110164,1,20261005,1630,362,0,0,0,0,0,1515,373,0,0,0,0,0,3,33.57127484589016,133.574287891387,,,,,,,,,,,,,273,red,1992,1888,3880
88,,8110165,1,20261005,9217,883,0,0,0,0,0,9612,806,0,0,0,0,0,3,33.56026408468244,133.633757829666,,,,,,,,,,,,,273,red,10100,10418,20518
88,,8110166,1,20261005,10095,927,0,0,0,0,0,9635,897,0,0,0,0,0,3,33.540965031795295,133.601005,,,,,,,,,,,,,273,red,11022,10532,21554
88,,8110167,1,20261005,5499,459,0,0,0,0,0,5147,477,0,0,0,0,0,3,33.5424317654246,133.583077945611,,,,,,,,,,,,,273,red,5958,5624,11582
88,,8110168,1,20261005,7757,687,0,0,0,0,0,6931,592,0,0,0,0,0,3,33.55589303181676,133.683497,,,,,,,,,,,,,273,red,8444,7523,15967
88,,8110170,1,20261005,4843,746,0,0,0,0,0,4513,1176,0,0,0,0,0,3,33.485055031714765,133.373125,,,,,,,,,,,,,273,red,5589,5689,11278
88,,8110171,1,20261005,2492,364,0,0,0,0,0,2478,289,0,0,0,0,0,3,33.40395558523113,133.288643360137,,,,,,,,,,,,,273,red,2856,2767,5623
88,,8110172,1,20261005,1601,550,0,0,0,0,0,1916,398,0,0,0,0,0,3,33.39236677628474,133.278601169586,,,,,,,,,,,,,273,red,2151,2314,4465
88,,8110174,1,20261005,1841,386,0,0,0,0,0,2096,341,0,0,0,0,0,3,33.18330330083646,133.144855499267,,,,,,,,,,,,,273,red,2227,2437,4664
88,,8110180,1,20261005,933,154,0,0,0,0,0,1150,223,0,0,0,0,0,3,33.35817590038214,133.253152370452,,,,,,,,,,,,,273,red,1087,1373,2460
88,,8110181,1,20261005,2482,240,0,0,0,0,0,2639,223,0,0,0,0,0,3,32.974388919857596,132.933138888889,,,,,,,,,,,,,273,red,2722,2862,5584
88,,8110182,1,20261005,4059,287,0,0,0,0,0,3959,268,0,0,0,0,0,3,32.96811114207051,132.872277777778,,,,,,,,,,,,,273,red,4346,4227,8573
88,,8110183,1,20261005,2219,185,0,0,0,0,0,2295,170,0,0,0,0,0,3,32.95902780872377,132.776972222222,,,,,,,,,,,,,273,red,2404,2465,4869
88,,8110190,1,20261005,1608,179,0,0,0,0,0,1740,186,0,0,0,0,0,3,32.96996536793415,132.68920719623503,,,,,,,,,,,,,273,red,1787,1926,3713
88,,8110191,1,20261005,2524,412,0,0,0,0,0,2449,450,0,0,0,0,0,3,33.13903103121127,132.517477,,,,,,,,,,,,,273,red,2936,2899,5835
88,,8110192,1,20261005,3938,541,0,0,0,0,0,4183,576,0,0,0,0,0,3,33.14590213224344,132.52205863595,,,,,,,,,,,,,273,red,4479,4759,9238
88,,8110200,1,20261005,1900,194,0,0,0,0,0,1810,214,0,0,0,0,0,3,33.325562031483756,132.5285,,,,,,,,,,,,,273,red,2094,2024,4118
88,,8110210,1,20261005,14150,950,575,0,0,0,1,13095,637,443,0,0,0,1,3,33.81637909326473,132.744826823472,,,,,,,,,,,,,273,red,15675,14175,29850
88,,8110231,1,20261005,6179,523,0,0,0,0,0,5708,469,0,0,0,0,0,3,34.03847794648641,134.520513564348,,,,,,,,,,,,,273,red,6702,6177,12879
88,,8110232,1,20261005,6618,482,0,0,0,0,0,7175,542,0,0,0,3,0,3,34.04120064204002,134.531005024909,,,,,,,,,,,,,273,red,7100,7717,14817
88,,8110240,1,20261005,4563,807,0,0,0,0,0,4532,799,0,0,0,0,0,3,34.03149633348104,132.829599380493,,,,,,,,,,,,,273,red,5370,5331,10701
88,,8110250,1,20261005,5181,694,0,0,0,0,0,5307,639,0,0,0,0,0,3,33.93004373774009,133.094837665557,,,,,,,,,,,,,273,red,5875,5946,11821
88,,8111021,1,20261005,5190,477,0,0,0,0,0,5298,479,0,0,0,0,0,3,33.50191403173908,133.309236,,,,,,,,,,,,,273,red,5667,5777,11444
88,,8160020,1,20261005,3213,536,0,0,0,0,0,2848,396,0,0,0,0,0,1,33.331092031491806,133.206098,,,,,,,,,,,,,273,red,3749,3244,6993
88,,8160030,1,20261005,2638,482,0,0,0,0,0,2352,320,0,0,0,89,0,1,33.23544203135242,133.159939,,,,,,,,,,,,,273,red,3120,2672,5792
88,,8160040,1,20261005,5410,713,0,0,0,0,0,5503,747,0,0,0,0,0,1,33.24742026280611,132.570131868124,,,,,,,,,,,,,273,red,6123,6250,12373
88,,8160050,1,20261005,5196,777,0,0,0,0,0,5070,770,0,0,0,0,0,1,33.33622666521378,132.557060122489,,,,,,,,,,,,,273,red,5973,5840,11813
88,,8160060,1,20261005,5326,1033,0,0,0,0,0,4519,970,0,0,0,0,0,1,34.056139032526026,134.588624,,,,,,,,,,,,,273,red,6359,5489,11848
88,,8310010,1,20261005,14088,1528,23,0,0,0,3,13883,1564,20,0,0,0,3,3,34.152121047215225,134.579402804374,,,,,,,,,,,,,273,red,15639,15467,31106
88,,8310020,1,20261005,6466,1164,0,0,0,0,0,6972,731,0,0,0,0,0,3,34.335875041773484,134.151295423507,,,,,,,,,,,,,273,red,7630,7703,15333
88,,8310030,1,20261005,8572,567,503,0,0,0,1,9790,611,208,0,0,0,1,3,33.79997204409725,132.86443054676,,,,,,,,,,,,,273,red,9642,10609,20251
88,,8310040,1,20261005,11028,1667,0,0,0,0,0,11612,1621,0,0,0,0,0,3,34.239532652899726,133.895906209945,,,,,,,,,,,,,273,red,12695,13233,25928
88,,8310050,1,20261005,544,421,0,0,0,0,0,618,355,0,0,0,0,0,3,33.797668032162,133.760304,,,,,,,,,,,,,273,red,965,973,1938
88,,8310060,1,20261005,456,135,0,0,0,0,0,433,126,0,0,0,0,0,3,33.54154672048833,133.042341470718,,,,,,,,,,,,,273,red,591,559,1150
88,,8310061,1,20261005,10353,2000,0,0,0,0,0,10559,2088,0,0,0,0,0,3,33.80675451706518,132.745272070169,,,,,,,,,,,,,273,red,12353,12647,25000
88,,8310062,1,20261005,5800,1564,0,0,0,0,0,5779,1480,0,0,0,0,0,3,33.814776032186245,132.720319,,,,,,,,,,,,,273,red,7364,7259,14623
88,,8310070,1,20261005,16682,1206,70,0,0,0,0,18829,1295,9,0,0,0,0,3,34.0102656781917,134.566428959369,,,,,,,,,,,,,273,red,17958,20133,38091
88,,8310080,1,20261005,9826,962,0,0,0,0,0,9871,1177,0,0,0,0,0,3,33.9732071371816,134.633932113647,,,,,,,,,,,,,273,red,10788,11048,21836
88,,8310100,1,20261005,,,,0,0,0,273,,,,0,0,0,273,3,33.03511096021447,133.027331829071,,,,,,,,,,,,,273,red,0,0,0
88,,8310110,1,20261005,3597,557,0,0,0,0,0,3476,632,0,0,0,0,0,3,33.4066250316014,132.509843,,,,,,,,,,,,,273,red,4154,4108,8262
88,,8310120,1,20261005,8056,1390,0,0,0,0,0,8101,1451,0,0,0,0,0,3,33.504510031742804,132.56675,,,,,,,,,,,,,273,red,9446,9552,18998
88,,8310130,1,20261005,5784,1019,0,0,0,0,0,5784,936,0,0,0,0,0,3,33.53462955300938,132.597781419754,,,,,,,,,,,,,273,red,6803,6720,13523
88,,8310140,1,20261005,3559,810,0,0,0,0,0,3083,732,0,0,0,0,0,3,33.6125750318981,132.68712,,,,,,,,,,,,,273,red,4369,3815,8184
88,,8310150,1,20261005,2592,635,0,0,0,0,0,2965,688,0,0,0,0,0,3,34.0401782523243,134.018440246582,,,,,,,,,,,,,273,red,3227,3653,6880
88,,8310160,1,20261005,9111,542,130,0,0,0,3,8389,541,147,0,0,0,3,3,33.89056122326423,132.757075130939,,,,,,,,,,,,,273,red,9783,9077,18860
89,,9110010,1,20261005,8721,669,0,0,0,0,0,10055,578,0,0,0,0,0,3,33.86399103225591,130.750068,,,,,,,,,,,,,273,red,9390,10633,20023
89,,9110030,1,20261005,16680,1795,0,0,0,0,0,18426,2100,0,0,0,0,0,3,32.75695803064553,130.688122,,,,,,,,,,,,,273,red,18475,20526,39001
89,,9110040,1,20261005,7013,1932,0,0,0,0,0,6499,1829,0,0,0,0,0,3,32.565580030358504,130.688167,,,,,,,,,,,,,273,red,8945,8328,17273
89,,9110050,1,20261005,10178,2154,0,0,0,0,0,9394,1920,0,0,0,0,0,3,32.50104503026118,130.627862,,,,,,,,,,,,,273,red,12332,11314,23646
89,,9110060,1,20261005,4381,1205,0,0,0,0,0,4710,1131,0,0,0,0,0,3,31.848210029262603,130.249002,,,,,,,,,,,,,273,red,5586,5841,11427
89,,9110070,1,20261005,3462,428,0,0,0,0,0,3665,426,0,0,0,0,0,3,31.65408502896101,130.444438,,,,,,,,,,,,,273,red,3890,4091,7981
89,,9110110,1,20261005,24979,1904,162,0,0,0,0,24487,2242,177,0,0,0,0,3,33.248593781371625,131.5788746,,,,,,,,,,,,,273,red,27045,26906,53951
89,,9110120,1,20261005,130,22,0,0,0,0,0,107,24,0,0,0,0,0,3,32.83826903076675,131.716873,,,,,,,,,,,,,273,red,152,131,283
89,,9110140,1,20261005,4903,1705,0,0,0,0,0,4510,1482,0,0,0,0,0,3,32.26510002990319,131.560352,,,,,,,,,,,,,273,red,6608,5992,12600
89,,9110150,1,20261005,3033,1085,0,0,0,0,0,2960,1166,0,0,0,0,0,3,31.853840029271314,131.136144,,,,,,,,,,,,,273,red,4118,4126,8244
89,,9110160,1,20261005,3805,1286,38,0,0,0,0,3883,1270,29,0,0,0,0,3,31.710555029048958,130.774553,,,,,,,,,,,,,273,red,5129,5182,10311
89,,9110190,1,20261005,6546,2230,0,0,0,0,0,6562,2210,0,0,0,0,0,3,33.3577350315305,130.488663,,,,,,,,,,,,,273,red,8776,8772,17548
89,,9110200,1,20261005,7442,661,0,0,0,0,0,6749,711,0,0,0,0,0,3,33.19609887129489,130.0312792,,,,,,,,,,,,,273,red,8103,7460,15563
89,,9110230,1,20261005,2006,761,0,0,0,0,0,1946,670,0,0,0,0,0,3,32.95195803093551,131.35466,,,,,,,,,,,,,273,red,2767,2616,5383
89,,9110240,1,20261005,7219,2066,0,0,0,0,0,6887,2070,0,0,0,0,0,3,33.669370031979355,130.847832,,,,,,,,,,,,,273,red,9285,8957,18242
89,,9110280,1,20261005,5611,894,0,0,0,0,0,5469,819,0,0,0,0,0,3,33.34785503151616,130.0187991,,,,,,,,,,,,,273,red,6505,6288,12793
89,,9110290,1,20261005,6198,602,0,0,0,0,0,6094,644,0,0,0,0,0,3,32.97125925096407,130.445357,,,,,,,,,,,,,273,red,6800,6738,13538
89,,9110300,1,20261005,6506,671,0,0,0,0,0,6500,724,0,0,0,0,0,3,33.14141103121475,130.470721,,,,,,,,,,,,,273,red,7177,7224,14401
89,,9110335,1,20261005,1655,121,0,1,0,0,87,1755,121,0,1,0,0,87,3,31.396273028557452,130.783657,,,,,,,,,,,,,273,red,1776,1876,3652
89,,9110340,1,20261005,4260,652,0,0,0,0,0,4032,611,0,0,0,0,0,3,31.452851608646302,130.7281932,,,,,,,,,,,,,273,red,4912,4643,9555
89,,9310003,1,20261005,7171,2218,0,0,0,0,0,9346,1882,0,0,0,0,0,3,33.947867982374184,130.968647,,,,,,,,,,,,,273,red,9389,11228,20617
89,,9310015,1,20261005,15887,5213,0,0,0,0,0,16309,5886,0,0,0,0,0,3,33.44660203165923,130.540337,,,,,,,,,,,,,273,red,21100,22195,43295
89,,9310017,1,20261005,7444,1206,0,0,0,0,0,7747,1356,0,0,0,0,0,3,33.323489031480754,130.523608,,,,,,,,,,,,,273,red,8650,9103,17753
89,,9310020,1,20261005,1832,1303,0,0,0,0,0,1836,1269,0,0,0,0,0,3,33.11458003117534,130.669176,,,,,,,,,,,,,273,red,3135,3105,6240
89,,9310035,1,20261005,1244,126,0,0,0,0,0,1141,136,0,0,0,0,0,3,32.406040030117445,130.555735,,,,,,,,,,,,,273,red,1370,1277,2647
89,,9310045,1,20261005,4119,947,0,0,0,0,0,4389,831,0,0,0,0,0,3,32.16215502974594,130.36789,,,,,,,,,,,,,273,red,5066,5220,10286
89,,9310050,1,20261005,6458,335,29,0,0,0,0,5724,330,50,0,0,0,0,3,31.714213029054637,130.275752,,,,,,,,,,,,,273,red,6822,6104,12926
89,,9310060,1,20261005,3980,1139,71,19,0,0,1,4133,953,15,19,0,0,1,3,32.38562876008649,130.5414069,,,,,,,,,,,,,273,red,5190,5101,10291
89,,9310070,1,20261005,0,0,6923,0,0,273,273,6201,943,191,0,0,0,273,3,31.702321029036145,130.297006,,,,,,,,,,,,,273,red,6923,7335,14258
89,,9310080,1,20261005,11407,1141,0,0,0,0,0,10315,1059,0,0,0,0,0,3,33.80588903217365,130.960473,,,,,,,,,,,,,273,red,12548,11374,23922
89,,9310085,1,20261005,7352,1313,0,0,0,0,0,7423,1159,0,0,0,0,0,3,33.54594303180245,131.283198,,,,,,,,,,,,,273,red,8665,8582,17247
89,,9310090,1,20261005,6628,883,0,0,0,0,0,7356,974,0,0,0,0,0,3,33.38094503156419,131.540397,,,,,,,,,,,,,273,red,7511,8330,15841
89,,9310100,1,20261005,14336,1694,0,0,0,0,0,14521,1700,0,0,0,0,0,3,33.15920703124086,131.651922,,,,,,,,,,,,,273,red,16030,16221,32251
89,,9310115,1,20261005,6936,2682,0,0,0,0,0,6786,2617,0,0,0,0,0,3,31.726570029073855,131.023972,,,,,,,,,,,,,273,red,9618,9403,19021
89,,9310120,1,20261005,11795,1923,0,0,0,0,0,10134,1657,0,0,0,0,0,3,31.705779029041526,130.613215,,,,,,,,,,,,,273,red,13718,11791,25509
89,,9310125,1,20261005,10635,1604,0,0,0,0,0,9938,1511,0,0,0,0,0,3,33.21761616132637,130.1637701,,,,,,,,,,,,,273,red,12239,11449,23688
89,,9310127,1,20261005,5855,1082,0,0,0,0,0,5953,1061,0,0,0,0,0,3,32.91326503087817,130.976239,,,,,,,,,,,,,273,red,6937,7014,13951
89,,9310130,1,20261005,13047,1061,0,0,0,0,0,11447,1105,0,0,0,0,0,3,32.8754950308221,130.867355,,,,,,,,,,,,,273,red,14108,12552,26660
89,,9310140,1,20261005,18351,2496,0,0,0,0,0,17967,1846,0,0,0,0,0,3,32.820198990739854,130.7572925,,,,,,,,,,,,,273,red,20847,19813,40660
89,,9310150,1,20261005,5371,1410,0,0,0,0,0,4676,2100,0,0,0,0,0,3,32.6779330305273,130.55327,,,,,,,,,,,,,273,red,6781,6776,13557
89,,9310155,1,20261005,5425,228,0,0,0,0,0,7005,336,0,0,0,0,0,3,32.76467203065704,130.370667,,,,,,,,,,,,,273,red,5653,7341,12994
89,,9310156,1,20261005,6032,477,0,0,0,0,0,6290,508,0,0,0,0,0,3,32.78536503068792,130.199594,,,,,,,,,,,,,273,red,6509,6798,13307
89,,9310157,1,20261005,5276,1087,0,0,0,0,0,5151,977,0,0,0,0,0,3,33.06696517110531,131.6229634,,,,,,,,,,,,,273,red,6363,6128,12491
89,,9310159,1,20261005,2317,762,0,0,0,0,0,2125,713,0,0,0,0,0,3,32.997429031002746,131.434075,,,,,,,,,,,,,273,red,3079,2838,5917
89,,9310165,1,20261005,9351,4620,0,0,0,0,0,10143,4548,0,0,0,0,0,3,33.62969103192261,130.442657,,,,,,,,,,,,,273,red,13971,14691,28662
89,,9310174,1,20261005,15400,3017,0,0,0,0,0,14271,2608,0,0,0,0,0,3,33.6275850319196,130.703907,,,,,,,,,,,,,273,red,18417,16879,35296
89,,9310181,1,20261005,6675,416,0,0,0,0,0,6667,374,0,0,0,0,0,3,33.230906841345785,130.3350523,,,,,,,,,,,,,273,red,7091,7041,14132
89,,9310184,1,20261005,8916,1058,0,0,0,0,0,7970,1648,0,0,0,0,0,3,32.918079150885305,130.6264597,,,,,,,,,,,,,273,red,9974,9618,19592
89,,9310185,1,20261005,2529,310,0,0,0,0,273,0,0,0,0,0,273,273,3,33.37000946154832,129.9447181,,,,,,,,,,,,,273,red,2839,0,2839
89,,9310187,1,20261005,8651,1706,0,0,0,0,0,8648,1696,0,0,0,0,0,3,33.504396031742644,130.111167,,,,,,,,,,,,,273,red,10357,10344,20701
89,,9310188,1,20261005,5016,876,0,0,0,0,0,5132,869,0,0,0,0,0,3,33.3383090315023,130.64702,,,,,,,,,,,,,273,red,5892,6001,11893
89,,9310189,1,20261005,6441,931,0,0,0,0,0,6741,950,0,0,0,0,0,3,33.06535003110294,129.833592,,,,,,,,,,,,,273,red,7372,7691,15063
89,,9310191,1,20261005,7189,1202,0,0,0,0,0,6848,1286,0,0,0,0,0,3,33.18514003127884,130.387366,,,,,,,,,,,,,273,red,8391,8134,16525
89,,9310192,1,20261005,5147,964,0,0,0,0,0,5056,2093,0,0,0,0,0,3,33.20214803130375,130.361827,,,,,,,,,,,,,273,red,6111,7149,13260
89,,9310193,1,20261005,3637,1688,0,0,0,0,0,4195,962,0,0,0,0,0,3,33.20855403131311,130.343385,,,,,,,,,,,,,273,red,5325,5157,10482
89,,9310195,1,20261005,4958,1032,0,0,0,0,0,4783,915,0,0,0,0,0,3,33.32086003147692,130.863524,,,,,,,,,,,,,273,red,5990,5698,11688
89,,9310200,1,20261005,2205,509,0,0,0,0,0,2092,467,0,0,0,0,0,3,33.250128031373855,131.295812,,,,,,,,,,,,,273,red,2714,2559,5273
89,,9310205,1,20261005,5860,919,0,0,0,0,0,5736,861,0,0,0,0,0,3,33.19671903129579,131.498216,,,,,,,,,,,,,273,red,6779,6597,13376
89,,9310210,1,20261005,8588,546,0,0,0,0,0,5224,337,0,0,0,0,0,3,31.816050029212782,131.442962,,,,,,,,,,,,,273,red,9134,5561,14695
89,,9310217,1,20261005,3696,404,0,0,0,0,0,3648,453,0,0,0,0,0,3,31.417765998591218,130.99969040000002,,,,,,,,,,,,,273,red,4100,4101,8201
89,,9310218,1,20261005,5319,547,0,0,0,0,0,5259,531,0,0,0,0,0,3,31.377286028527593,130.545285,,,,,,,,,,,,,273,red,5866,5790,11656
89,,9310219,1,20261005,1778,557,0,0,0,0,0,1691,568,0,0,0,0,0,3,31.56571802882308,130.617867,,,,,,,,,,,,,273,red,2335,2259,4594
89,,9310220,1,20261005,4999,1121,0,0,0,0,0,4982,1093,0,0,0,0,0,3,33.43104381163675,130.0480662,,,,,,,,,,,,,273,red,6120,6075,12195
89,,9310470,1,20261005,3135,1037,16,0,0,0,0,3039,788,42,0,0,0,0,3,32.24423502987137,130.476053,,,,,,,,,,,,,273,red,4188,3869,8057
89,,9310480,1,20261005,3018,1094,0,0,0,0,0,2945,896,0,0,0,0,0,3,32.21685802982958,130.428031,,,,,,,,,,,,,273,red,4112,3841,7953
89,,9310520,1,20261005,4114,654,0,0,0,0,0,4238,583,0,0,0,0,0,3,32.102630029654726,130.326106,,,,,,,,,,,,,273,red,4768,4821,9589
89,,9310530,1,20261005,5291,725,0,0,0,0,0,5433,663,0,0,0,0,0,3,32.08242202962371,130.292812,,,,,,,,,,,,,273,red,6016,6096,12112
89,,9310540,1,20261005,4579,773,0,0,0,0,0,4416,641,0,0,0,0,0,3,32.07232702960822,130.26224,,,,,,,,,,,,,273,red,5352,5057,10409
89,,9310600,1,20261005,1775,831,0,0,0,0,0,1996,641,0,0,0,0,0,3,31.84607502925929,130.257831,,,,,,,,,,,,,273,red,2606,2637,5243
89,,9310610,1,20261005,0,0,0,0,0,273,273,2152,671,0,0,0,0,273,3,31.804655029195118,130.283522,,,,,,,,,,,,,273,red,0,2823,2823
89,,9310620,1,20261005,6015,965,0,0,0,0,0,6146,986,0,0,0,0,0,3,31.759537029125095,130.304217,,,,,,,,,,,,,273,red,6980,7132,14112
89,,9310627,1,20261005,4123,1073,0,2,0,0,0,4140,985,0,2,0,0,0,3,33.46078103167972,130.044889,,,,,,,,,,,,,273,red,5196,5125,10321
89,,9310630,1,20261005,4467,983,0,0,0,0,0,4155,892,0,0,0,0,0,3,33.414414111612686,129.9958886,,,,,,,,,,,,,273,red,5450,5047,10497
89,,9310640,1,20261005,5463,1090,0,0,0,0,0,5354,987,0,0,0,0,0,3,33.391371311579306,129.9347973,,,,,,,,,,,,,273,red,6553,6341,12894
89,,9310650,1,20261005,5149,1379,0,0,0,0,0,5337,1037,0,0,0,0,0,3,33.37966119156232,129.933567,,,,,,,,,,,,,273,red,6528,6374,12902
89,,9310660,1,20261005,4042,626,0,0,0,0,0,3928,633,0,0,0,0,0,3,33.30074103144764,129.915058,,,,,,,,,,,,,273,red,4668,4561,9229
89,,9310710,1,20261005,0,0,0,0,0,273,273,2748,1080,0,0,0,0,273,3,33.323471851480726,129.8060041,,,,,,,,,,,,,273,red,0,3828,3828
89,,9310730,1,20261005,3236,385,0,0,0,0,0,3221,403,0,0,0,0,0,3,33.34824903151674,129.729277,,,,,,,,,,,,,273,red,3621,3624,7245
89,,9310740,1,20261005,1362,224,0,0,0,0,0,1407,221,0,0,0,0,0,3,33.34295921550905,129.672585536,,,,,,,,,,,,,273,red,1586,1628,3214
89,,9360270,1,20261005,1747,846,0,0,0,0,0,1804,635,0,0,0,0,0,1,32.93848103091554,131.866353,,,,,,,,,,,,,273,red,2593,2439,5032
89,,9360280,1,20261005,2029,897,0,0,0,0,0,2126,691,0,0,0,0,0,1,32.895717030852126,131.864089,,,,,,,,,,,,,273,red,2926,2817,5743
89,,9360290,1,20261005,1474,783,0,0,0,0,0,1553,581,0,0,0,0,0,1,32.80165203071222,131.87728,,,,,,,,,,,,,273,red,2257,2134,4391
89,,9360300,1,20261005,1444,772,0,0,0,0,0,1513,563,0,0,0,0,0,1,32.72780503060196,131.827089,,,,,,,,,,,,,273,red,2216,2076,4292
89,,9360310,1,20261005,2027,805,0,0,0,0,0,2134,616,0,0,0,0,0,1,32.708018030572354,131.811346,,,,,,,,,,,,,273,red,2832,2750,5582
89,,9360320,1,20261005,2227,843,0,0,0,0,0,2331,644,0,0,0,0,0,1,32.66071403050147,131.702707,,,,,,,,,,,,,273,red,3070,2975,6045
89,,9360330,1,20261005,1621,797,0,0,0,0,78,1906,504,0,0,0,0,78,3,32.67533903052341,131.725922,,,,,,,,,,,,,273,red,2418,2410,4828
89,,9360340,1,20261005,4469,1275,0,0,0,0,0,5088,1069,0,0,0,0,0,3,32.544601030326895,131.648426,,,,,,,,,,,,,273,red,5744,6157,11901
89,,9360350,1,20261005,3975,632,0,0,0,0,0,4090,608,0,0,0,0,0,1,31.69283102902137,131.379337,,,,,,,,,,,,,273,red,4607,4698,9305
89,,9360360,1,20261005,4146,662,0,0,0,0,0,3836,596,0,0,0,0,0,1,31.626655028918243,131.387644,,,,,,,,,,,,,273,red,4808,4432,9240
89,,9360380,1,20261005,1997,453,0,0,0,0,0,1864,427,0,0,0,0,0,1,31.48338302869418,131.081995,,,,,,,,,,,,,273,red,2450,2291,4741
89,,9360385,1,20261005,2555,656,0,0,0,0,0,2621,638,0,0,0,0,0,1,31.46605602866702,131.053459,,,,,,,,,,,,,273,red,3211,3259,6470
89,,9360390,1,20261005,2523,582,0,0,0,0,0,2662,584,0,0,0,0,0,1,31.445310028634466,130.99415,,,,,,,,,,,,,273,red,3105,3246,6351
89,,9360400,1,20261005,3594,1015,0,0,0,0,0,3725,1032,0,0,0,0,0,1,31.466282028667365,130.90009,,,,,,,,,,,,,273,red,4609,4757,9366
89,,9360410,1,20261005,2973,892,0,0,0,0,0,2997,970,0,0,0,0,0,1,31.521020028753135,130.93081,,,,,,,,,,,,,273,red,3865,3967,7832
89,,9360420,1,20261005,2694,860,0,0,0,0,0,2786,905,0,0,0,0,0,1,31.615248748900434,130.9538662,,,,,,,,,,,,,273,red,3554,3691,7245
89,,9360430,1,20261005,3040,501,0,0,0,0,0,2931,442,0,0,0,0,0,1,32.749633030634584,130.866625,,,,,,,,,,,,,273,red,3541,3373,6914
89,,9360440,1,20261005,3296,495,0,0,0,0,0,3130,414,0,0,0,0,0,1,32.741409030622286,130.89194,,,,,,,,,,,,,273,red,3791,3544,7335
89,,9360443,1,20261005,2886,356,0,0,0,0,0,2755,339,0,0,0,0,0,1,32.73097603060669,130.938429,,,,,,,,,,,,,273,red,3242,3094,6336
89,,9360465,1,20261005,2786,564,0,0,0,0,0,2990,534,0,0,0,0,0,3,32.69277003054952,131.345815,,,,,,,,,,,,,273,red,3350,3524,6874
89,,9360467,1,20261005,2860,593,0,0,0,0,1,3004,623,0,0,0,0,1,3,32.67691003052576,131.36226,,,,,,,,,,,,,273,red,3453,3627,7080
89,,9360470,1,20261005,2945,521,0,0,0,0,0,3088,558,0,0,0,0,0,3,32.587591030391636,131.509484,,,,,,,,,,,,,273,red,3466,3646,7112
90,,10110010,1,20261005,9184,945,0,0,0,0,0,9035,881,0,0,0,0,0,3,26.525846020561954,127.924665,,,,,,,,,,,,,273,red,10129,9916,20045
90,,10110030,1,20261005,26865,1404,0,0,0,0,0,27312,1662,0,0,0,0,0,3,26.27496950463181,127.741287946701,,,,,,,,,,,,,273,red,28269,28974,57243
90,,10110040,1,20261005,5477,385,0,0,0,0,0,5487,416,0,0,0,0,0,3,26.47501802047749,127.955092,,,,,,,,,,,,,273,red,5862,5903,11765
90,,10110060,1,20261005,13864,2243,0,1,0,0,1,13630,1625,0,1,0,0,1,3,26.28023651673024,127.81364321708601,,,,,,,,,,,,,273,red,16107,15255,31362
90,,10110070,1,20261005,13320,1310,0,0,0,0,0,13732,1141,0,0,0,0,0,3,26.200277295979053,127.66189455985999,,,,,,,,,,,,,273,red,14630,14873,29503
90,,10110090,1,20261005,18390,1880,0,0,0,0,0,19069,1747,0,0,0,0,0,3,26.1754430532393,127.706499695777,,,,,,,,,,,,,273,red,20270,20816,41086
81,02,1810010,1,20261005,6144,2012,0,,,,,0,0,0,,,,,3,41.996809040234545,140.63609,,,0,0,0,0,0,0,0,0,0,0,269,blue,8156,0,8156
81,02,1810020,1,20261005,3798,1204,0,,,,,4362,1112,0,,,,,3,42.079752040271956,140.596961,,,0,0,0,0,0,4,4,0,0,0,269,blue,5002,5474,10476
81,02,1810030,1,20261005,,,,,,,,,,,,,,,3,42.18194404031664,140.438889,,,1,0,0,0,0,0,0,0,0,0,269,blue,0,0,0
81,02,1810040,1,20261005,2678,1252,0,,,,,3242,1145,0,,,,,3,42.21583304033111,140.385,,,0,0,0,0,0,5,5,0,0,0,269,blue,3930,4387,8317
81,02,1810050,1,20261005,1838,716,0,,,,,2052,694,0,,,,,3,42.29972204036625,140.271667,,,0,0,0,0,0,0,0,0,0,3,269,blue,2554,2746,5300
81,03,1810060,1,20261005,667,176,0,,,,,726,213,0,,,,,3,42.70250004052043,140.42222,,,0,0,0,0,0,0,0,0,0,0,269,blue,843,939,1782
81,03,1810070,1,20261005,1526,222,0,,,,,1421,368,0,,,,,3,42.805277040555936,140.52666,,,0,0,0,0,0,0,0,0,0,0,269,blue,1748,1789,3537
81,03,1810080,1,20261005,788,433,0,,,,,532,150,0,,,,,3,42.79952604055398,140.700552,,,0,0,0,0,0,0,0,0,0,148,269,blue,1221,682,1903
81,03,1810100,1,20261005,2934,985,0,,,,,2680,879,0,,,,,3,43.037777040630445,140.678611,,,0,0,0,0,0,0,0,0,0,0,269,blue,3919,3559,7478
81,03,1810110,1,20261005,4973,536,0,,,,,5360,807,0,,,,,3,43.20720804067966,140.975798,,,0,0,0,0,0,0,0,0,0,0,269,blue,5509,6167,11676
81,03,1810120,1,20261005,10060,1350,0,,,,,11128,1145,0,,,,,3,43.177556040671355,141.041001,,,0,0,0,0,0,0,0,0,0,0,269,blue,11410,12273,23683
81,02,1810130,1,20261005,,,,,,,,,,,,,,,3,41.88166704018098,140.720833,,,1,0,0,0,0,0,0,0,0,0,269,blue,0,0,0
81,02,1810140,1,20261005,4074,607,0,,,,,5789,691,0,,,,,3,41.922053040199984,140.673037,,,0,0,0,0,0,0,0,0,0,0,269,blue,4681,6480,11161
81,01,1810160,1,20261005,1596,384,0,,,,,2328,406,0,,,,,3,43.575214040771755,141.936064,,,0,0,0,0,0,0,0,0,1,0,269,blue,1980,2734,4714
81,04,1810180,1,20261005,3826,770,0,,,,,5860,2292,0,,,,,3,43.75523899023857,142.273832256632,,,0,0,0,0,0,0,0,0,0,0,269,blue,4596,8152,12748
81,01,1810200,1,20261005,,,,,,,,,,,,,,,3,42.92800104059627,141.532244,,,1,0,0,0,0,1,1,0,0,4,269,blue,0,0,0
81,01,1810210,1,20261005,7035,1737,0,,,,,3501,935,0,,,,,3,42.86212604057491,141.599922,,,0,0,0,0,0,1,1,0,0,2,269,blue,8772,4436,13208
81,05,1810220,1,20261005,,,,,,,,,,,,,,,3,42.736385040532305,141.709144,,,1,0,0,0,0,0,0,0,0,1,269,blue,0,0,0
81,05,1810240,1,20261005,4423,836,0,,,,,5001,830,0,,,,,3,42.44474904042452,141.159993,,,0,0,0,0,0,0,0,0,0,0,269,blue,5259,5831,11090
81,05,1810250,1,20261005,8957,476,0,,,,,7887,455,0,,,,,3,42.32896604037825,140.996368,,,0,0,0,0,0,0,0,0,0,0,269,blue,9433,8342,17775
81,02,1810260,1,20261005,1191,493,0,,,,,1201,371,0,,,,,3,42.59861104048294,140.461667,,,0,0,0,0,0,0,0,0,0,0,269,blue,1684,1572,3256
81,05,1810270,1,20261005,1251,587,0,,,,,1310,489,0,,,,,3,42.59319704048096,140.520753,,,0,0,0,0,0,0,0,0,0,0,269,blue,1838,1799,3637
81,05,1810280,1,20261005,1313,587,0,,,,,1286,467,0,,,,,3,42.59372804048115,140.535945,,,0,0,0,0,0,0,0,0,0,0,269,blue,1900,1753,3653
81,05,1810290,1,20261005,455,17,0,,,,,1753,367,0,,,,,3,42.56267604046962,140.742626,,,0,0,0,0,0,0,0,0,0,0,269,blue,472,2120,2592
81,01,1810310,1,20261005,,,,,,,,,,,,,,,3,43.57408404077149,141.983838,,,1,,,,,,,,,,269,blue,0,0,0
81,01,1810320,1,20261005,,,,,,,,,,,,,,,3,43.47080004074768,142.266721,,,1,,,,,,,,,,269,blue,0,0,0
81,04,1810350,1,20261005,804,264,0,,,,,810,243,0,,,,,3,43.197272411385796,142.57548514343702,,,0,0,0,0,0,0,0,0,0,82,269,blue,1068,1053,2121
81,07,1810360,1,20261005,,,,,,,,,,,,,,,3,43.15712704066555,142.786825,,,0,0,0,0,0,0,0,0,0,269,269,blue,0,0,0
81,07,1810370,1,20261005,141,54,0,,,,,103,54,0,,,,,3,42.814306040558975,143.51125,,,0,0,0,0,0,0,0,0,0,0,269,blue,195,157,352
81,07,1810380,1,20261005,,,,,,,,,,,,,,,3,42.82083104056116,143.71063,,,1,0,0,0,0,0,0,0,0,0,269,blue,0,0,0
81,06,1810390,1,20261005,,,,,,,,,,,,,,,3,42.86448904057567,143.874907,,,1,0,0,0,0,0,0,0,0,0,269,blue,0,0,0
81,06,1810400,1,20261005,3390,549,0,,,,,2162,351,0,,,,,3,43.00508004062045,144.254672,,,0,0,0,0,0,0,0,0,0,0,269,blue,3939,2513,6452
81,06,1810410,1,20261005,,,,,,,,,,,,,,,3,43.0195510406249,144.257695,,,1,0,0,0,0,0,0,0,0,0,269,blue,0,0,0
81,06,1810420,1,20261005,7792,409,0,,,,,7172,306,0,,,,,3,43.00768404062126,144.364725,,,0,0,0,0,0,0,0,0,0,0,269,blue,8201,7478,15679
81,04,1810430,1,20261005,1066,451,0,,,,,1086,341,0,,,,,3,43.89533772001418,142.522262332469,,,0,0,0,0,0,0,0,0,0,0,269,blue,1517,1427,2944
81,08,1810460,1,20261005,2023,583,0,,,,,1962,599,0,,,,,3,43.88484504083343,144.001818,,,0,0,0,0,0,0,0,0,0,60,269,blue,2606,2561,5167
81,08,1810480,1,20261005,,,,,,,,,,,,,,,3,43.91366204083846,144.156572,,,1,0,0,0,0,0,0,0,0,44,269,blue,0,0,0
81,04,1810490,1,20261005,2487,755,0,,,,,2642,896,0,,,,,3,43.84734151228824,142.449476813803,,,0,0,0,0,0,0,0,0,0,5,269,blue,3242,3538,6780
81,04,1810500,1,20261005,1398,581,0,,,,,1397,596,0,,,,,3,44.091634905591874,142.391293207353,,,0,0,0,0,0,0,0,0,0,6,269,blue,1979,1993,3972
81,04,1810510,1,20261005,765,303,0,,,,,807,324,0,,,,,3,44.70483751674948,142.274019195489,,,0,0,0,0,0,1,1,0,0,10,269,blue,1068,1131,2199
81,04,1810520,1,20261005,65,42,0,,,,,80,25,0,,,,,3,44.72277804092767,142.249444,,,0,0,0,0,0,0,0,0,0,84,269,blue,107,105,212
81,09,1810530,1,20261005,489,202,0,,,,,646,240,0,,,,,3,44.89642004093388,141.953541,,,0,0,0,0,0,1,1,0,0,8,269,blue,691,886,1577
81,10,1810540,1,20261005,0,0,0,,,,,58,101,0,,,,,3,45.02095404093553,141.771843,,,0,0,0,0,0,0,0,0,0,0,269,blue,0,159,159
81,10,1810550,1,20261005,465,112,0,,,,,492,67,0,,,,,3,45.1450290409348,141.751626,,,0,0,0,0,0,1,1,0,0,23,269,blue,577,559,1136
81,10,1810560,1,20261005,,,,,,,,,,,,,,,3,45.22646604093306,141.745387,,,1,,,,,,,,,,269,blue,0,0,0
81,10,1810570,1,20261005,614,183,0,,,,,823,132,0,,,,,3,45.11301904093522,141.794418,,,0,0,0,0,0,0,0,0,0,0,269,blue,797,955,1752
81,06,1810580,1,20261005,6619,316,0,,,,,6942,271,0,,,,,3,42.9878210406151,144.393418,,,0,0,0,0,0,0,0,0,0,0,269,blue,6935,7213,14148
81,06,1810590,1,20261005,,,,,,,,,,,,,,,3,43.05774504063647,144.791279,,,1,0,0,0,0,0,0,0,0,0,269,blue,0,0,0
81,06,1810600,1,20261005,2814,563,0,,,,,3084,491,0,,,,,3,43.05804004063655,144.830749,,,0,0,0,0,0,0,0,0,0,0,269,blue,3377,3575,6952
81,06,1810610,1,20261005,,,,,,,,,,,,,,,3,43.282406040700124,145.50731400000004,,,1,0,0,0,0,0,0,0,0,0,269,blue,0,0,0
81,02,1810620,1,20261005,1216,396,0,,,,,1214,344,0,,,,,3,41.95083004021339,140.45583300000004,,,0,0,0,0,0,0,0,0,0,1,269,blue,1612,1558,3170
81,02,1810630,1,20261005,1526,195,0,,,,,1449,143,0,,,,,3,41.77072204012754,140.613139,,,0,0,0,0,0,0,0,0,0,0,269,blue,1721,1592,3313
81,02,1810640,1,20261005,,,,,,,,,,,,,,,3,41.666445040075686,140.434972,,,1,0,0,0,0,0,0,0,0,0,269,blue,0,0,0
81,02,1810650,1,20261005,2019,320,0,,,,,2235,238,0,,,,,3,41.624898040054596,140.429715,,,0,0,0,0,0,0,0,0,0,0,269,blue,2339,2473,4812
81,02,1810660,1,20261005,916,134,0,,,,,909,198,0,,,,,3,41.49941703998935,140.249306,,,0,0,0,0,0,0,0,0,0,0,269,blue,1050,1107,2157
81,02,1810670,1,20261005,341,68,0,,,,,366,60,0,,,,,3,41.40202103993715,140.185625,,,1,0,0,0,0,0,0,0,0,0,269,blue,409,426,835
81,02,1810680,1,20261005,999,223,0,,,,,1097,143,0,,,,,3,41.43166703995318,140.128056,,,0,0,0,0,0,0,0,0,0,0,269,blue,1222,1240,2462
81,02,1810690,1,20261005,359,67,0,,,,,340,99,0,,,,,3,41.71166704009836,140.027778,,,0,0,0,0,0,0,0,0,0,0,269,blue,426,439,865
81,02,1810700,1,20261005,1436,327,0,,,,,1850,290,0,,,,,3,41.84777804016484,140.12472200000002,,,0,0,0,0,0,0,0,0,0,0,269,blue,1763,2140,3903
81,02,1810710,1,20261005,,,,,,,,,,,,,,,3,41.84277804016245,140.732222,,,1,0,0,0,0,0,0,0,0,0,269,blue,0,0,0
81,02,1810720,1,20261005,,,,,,,,,,,,,,,3,41.83613904015928,140.64875,,,1,0,0,0,0,0,0,0,0,0,269,blue,0,0,0
81,02,1810730,1,20261005,,,,,,,,,,,,,,,3,41.78055604013235,140.61055600000003,,,1,0,0,0,0,0,0,0,0,0,269,blue,0,0,0
81,03,1810750,1,20261005,1544,221,0,,,,,1511,117,0,,,,,3,43.2287050406856,140.73446400000003,,,0,0,0,0,0,0,0,0,0,0,269,blue,1765,1628,3393
81,03,1810760,1,20261005,949,91,0,,,,,865,115,0,,,,,3,43.280277040699566,140.6375,,,0,0,0,0,0,0,0,0,0,0,269,blue,1040,980,2020
81,03,1810780,1,20261005,335,49,0,,,,,313,31,0,,,,,3,43.328914040712355,140.422613,,,0,0,0,0,0,0,0,0,0,0,269,blue,384,344,728
81,03,1810790,1,20261005,,,,,,,,,,,,,,,3,43.19878704067732,140.346959,,,1,0,0,0,0,0,0,0,0,0,269,blue,0,0,0
81,03,1810800,1,20261005,1018,154,0,,,,,1038,189,0,,,,,3,43.04480504063257,140.505833,,,0,0,0,0,0,0,0,0,0,0,269,blue,1172,1227,2399
81,03,1810810,1,20261005,,,,,,,,,,,,,,,3,43.02277704062587,140.548333,,,1,,,,,,,,,,269,blue,0,0,0
81,03,1810820,1,20261005,3127,1088,0,,,,,3496,931,0,,,,,3,42.99750304061811,140.538303,,,0,0,0,0,0,0,0,0,0,0,269,blue,4215,4427,8642
81,03,1810830,1,20261005,,,,,,,,,,,,,,,3,42.981000040613,140.511333,,,1,0,0,0,0,0,0,0,0,0,269,blue,0,0,0
81,03,1810840,1,20261005,676,329,0,,,,,0,2,0,,,,,3,42.93163404059743,140.409415,,,0,0,0,0,0,0,0,0,0,0,269,blue,1005,2,1007
81,03,1810850,1,20261005,646,301,0,,,,,611,301,0,,,,,3,42.83094404056455,140.308974,,,0,0,0,0,0,0,0,0,0,0,269,blue,947,912,1859
81,03,1810860,1,20261005,3,2,0,,,,,671,244,0,,,,,3,42.818297040560324,140.184051,,,0,0,0,0,0,0,0,0,0,0,269,blue,5,915,920
81,03,1810870,1,20261005,157,24,0,,,,,148,17,0,,,,,3,42.68444404051404,139.919444,,,0,0,0,0,0,0,0,0,0,0,269,blue,181,165,346
81,02,1810880,1,20261005,,,,,,,,,,,,,,,3,42.57583304047453,139.832222,,,1,0,0,0,0,0,0,0,0,0,269,blue,0,0,0
81,02,1810890,1,20261005,,,,,,,,,,,,,,,3,42.17250004031257,139.899444,,,1,0,0,0,0,0,0,0,0,0,269,blue,0,0,0
81,02,1810900,1,20261005,,,,,,,,,,,,,,,3,42.21750004033183,139.868333,,,1,0,0,0,0,0,0,0,0,0,269,blue,0,0,0
81,02,1810910,1,20261005,521,124,0,,,,,509,111,0,,,,,3,42.11918804028937,140.016837,,,0,0,0,0,0,0,0,0,0,0,269,blue,645,620,1265
81,02,1810920,1,20261005,,,,,,,,,,,,,,,3,41.97324904022374,140.139624,,,1,0,0,0,0,0,0,0,0,0,269,blue,0,0,0
81,01,1810940,1,20261005,10081,677,0,,,,,9549,871,0,,,,,3,43.001256040619275,141.339621,,,0,0,0,0,0,1,1,0,0,0,269,blue,10758,10420,21178
81,01,1810950,1,20261005,,,,,,,,,,,,,,,3,42.999192040618645,141.337588,,,1,0,0,0,0,1,1,0,0,0,269,blue,0,0,0
81,01,1810960,1,20261005,2708,355,0,,,,,2559,372,0,,,,,3,42.9536270406044,141.151206,,,0,0,0,0,0,1,1,0,0,24,269,blue,3063,2931,5994
81,01,1810970,1,20261005,,,,,,,,,,,,,,,3,42.883263040581824,141.139985,,,1,,,,,,,,,,269,blue,0,0,0
81,03,1810980,1,20261005,244,37,0,,,,,761,58,0,,,,,3,42.69444404051758,140.839722,,,0,0,0,0,0,0,0,0,0,93,269,blue,281,819,1100
81,01,1811010,1,20261005,,,,,,,,,,,,,,,3,43.161847040666906,141.353771,,,1,0,0,0,0,1,1,0,0,135,269,blue,0,0,0
81,01,1811020,1,20261005,,,,,,,,,,,,,,,3,43.183375040672985,141.323859,,,1,0,0,0,0,1,1,0,0,1,269,blue,0,0,0
81,01,1811030,1,20261005,,,,,,,,,,,,,,,3,43.22320404068409,141.345058,,,1,0,0,0,0,1,1,0,0,2,269,blue,0,0,0
81,01,1811040,1,20261005,999,232,0,,,,,830,216,0,,,,,3,43.39904804073019,141.436259,,,0,0,0,0,0,1,1,0,0,12,269,blue,1231,1046,2277
81,09,1811050,1,20261005,,,,,,,,,,,,,,,3,43.75429004080918,141.350733,,,1,0,0,0,0,1,1,0,0,9,269,blue,0,0,0
81,09,1811060,1,20261005,,,,,,,,,,,,,,,3,44.96648604093511,141.761931,,,1,0,0,0,0,1,1,0,0,5,269,blue,0,0,0
81,09,1811080,1,20261005,,,,,,,,,,,,,,,3,44.80492204093118,141.785854,,,1,0,0,0,0,0,0,0,0,0,269,blue,0,0,0
81,09,1811090,1,20261005,,,,,,,,,,,,,,,3,44.64226604092325,141.79398,,,1,0,0,0,0,0,0,0,0,0,269,blue,0,0,0
81,09,1811110,1,20261005,,,,,,,,,,,,,,,3,44.37405804090138,141.71125400000003,,,1,0,0,0,0,1,1,0,0,5,269,blue,0,0,0
81,09,1811120,1,20261005,696,158,0,,,,,1280,299,0,,,,,3,44.255796040888285,141.656338,,,0,0,0,0,0,1,1,0,0,6,269,blue,854,1579,2433
81,09,1811130,1,20261005,,,,,,,,,,,,,,,3,44.07063104086351,141.663029,,,1,0,0,0,0,1,1,0,0,6,269,blue,0,0,0
81,09,1811150,1,20261005,1505,485,0,,,,,1372,541,0,,,,,3,43.94678404084405,141.651833,,,0,0,0,0,0,1,1,0,0,22,269,blue,1990,1913,3903
81,09,1811160,1,20261005,,,,,,,,,,,,,,,3,43.832161040823955,141.829941,,,1,0,0,0,0,1,1,0,0,5,269,blue,0,0,0
81,09,1811170,1,20261005,,,,,,,,,,,,,,,3,43.849231040827085,141.814442,,,1,0,0,0,0,1,1,0,0,4,269,blue,0,0,0
81,09,1811180,1,20261005,292,116,0,,,,,402,177,0,,,,,3,43.874433040831605,141.738524,,,0,0,0,0,0,1,1,0,0,5,269,blue,408,579,987
81,09,1811190,1,20261005,,,,,,,,,,,,,,,3,43.91902504083936,141.685028,,,1,0,0,0,0,1,1,0,0,4,269,blue,0,0,0
81,09,1811200,1,20261005,1293,368,0,,,,,1389,379,0,,,,,3,43.887433040833905,141.711544,,,0,0,0,0,0,1,1,0,0,7,269,blue,1661,1768,3429
81,01,1811210,1,20261005,,,,,,,,,,,,,,,3,43.19164404067532,141.764248,,,1,,,,,,,,,,269,blue,0,0,0
81,01,1811220,1,20261005,,,,,,,,,,,,,,,3,42.898883040586895,141.813884,,,1,0,0,0,0,1,1,0,1,141,269,blue,0,0,0
81,05,1811230,1,20261005,1365,860,0,,,,,1187,1159,0,,,,,3,42.885113040582425,141.812065,,,0,0,0,0,0,0,0,0,0,0,269,blue,2225,2346,4571
81,05,1811240,1,20261005,,,,,,,,,,,,,,,3,42.76319504054159,141.812586,,,1,0,0,0,0,0,0,0,0,1,269,blue,0,0,0
81,05,1811250,1,20261005,,,,,,,,,,,,,,,3,42.55317704046606,141.981715,,,1,0,0,0,0,0,0,0,0,131,269,blue,0,0,0
81,05,1811260,1,20261005,4278,587,0,,,,,3907,458,0,,,,,3,42.16916704031112,142.768611,,,0,0,0,0,0,0,0,0,0,1,269,blue,4865,4365,9230
81,05,1811270,1,20261005,1964,495,0,,,,,2029,431,0,,,,,3,42.50615204044825,142.070834,,,0,0,0,0,0,0,0,0,0,2,269,blue,2459,2460,4919
81,07,1811280,1,20261005,865,203,0,,,,,152,75,0,,,,,3,42.58422604047764,143.30053,,,0,0,0,0,0,0,0,0,0,0,269,blue,1068,227,1295
81,07,1811290,1,20261005,128,45,0,,,,,132,52,0,,,,,3,42.3768230403976,143.061454,,,0,0,0,0,0,81,81,0,0,7,269,blue,173,184,357
81,04,1811320,1,20261005,3897,833,0,,,,,3537,858,0,,,,,3,43.60527804077837,142.469167,,,0,0,0,0,0,0,0,0,0,6,269,blue,4730,4395,9125
81,04,1811330,1,20261005,2959,726,0,,,,,3117,637,0,,,,,3,43.560996966472565,142.4353437615,,,0,0,0,0,0,0,0,0,0,6,269,blue,3685,3754,7439
81,08,1811370,1,20261005,194,60,0,,,,,170,47,0,,,,,3,44.09975304086775,143.867897,,,0,0,0,0,0,0,0,0,0,173,269,blue,254,217,471
81,08,1811380,1,20261005,709,252,0,,,,,602,189,0,,,,,3,44.12070404087072,143.72058,,,0,0,0,0,0,0,0,0,0,114,269,blue,961,791,1752
81,08,1811390,1,20261005,2509,528,0,,,,,2488,482,0,,,,,3,44.364948040900465,143.334896,,,0,0,0,0,0,0,0,0,0,0,269,blue,3037,2970,6007
81,10,1811400,1,20261005,,,,,,,,,,,,,,,3,44.77764204093013,142.721902,,,1,0,0,0,0,0,0,0,0,6,269,blue,0,0,0
81,10,1811410,1,20261005,528,212,0,,,,,540,226,0,,,,,3,45.361691040927944,142.122166,,,0,0,0,0,0,0,0,0,0,0,269,blue,740,766,1506
81,10,1811420,1,20261005,0,0,0,,,,,905,134,0,,,,,3,45.43710504092389,141.862347,,,0,0,0,0,0,1,1,0,0,140,269,blue,0,1039,1039
81,08,1811430,1,20261005,347,113,0,,,,,334,127,0,,,,,3,44.40500204090447,143.017708,,,0,0,0,0,0,0,0,0,0,0,269,blue,460,461,921
81,04,1811440,1,20261005,226,64,0,,,,,228,71,0,,,,,3,44.31599186248862,142.78318613417,,,0,0,0,0,0,0,0,0,0,44,269,blue,290,299,589
81,04,1811450,1,20261005,342,98,0,,,,,355,114,0,,,,,3,44.18218514890566,142.3067879962,,,0,0,0,0,0,0,0,0,0,10,269,blue,440,469,909
81,09,1811460,1,20261005,,,,,,,,,,,,,,,3,44.20144804088155,142.034387,,,1,0,0,0,0,1,1,0,0,8,269,blue,0,0,0
81,06,1811490,1,20261005,,,,,,,,,,,,,,,3,43.28312104070033,144.106479,,,1,0,0,0,0,0,0,0,0,0,269,blue,0,0,0
81,06,1811500,1,20261005,330,272,0,,,,,349,310,0,,,,,3,43.45847504074473,144.008366,,,0,0,0,0,0,0,0,0,0,0,269,blue,602,659,1261
81,08,1811520,1,20261005,1780,273,0,,,,,1854,395,0,,,,,3,44.16231304087643,143.57881,,,0,0,0,0,0,0,0,0,0,2,269,blue,2053,2249,4302
81,08,1811530,1,20261005,2244,499,0,,,,,2086,425,0,,,,,3,44.13401504087257,143.561357,,,0,0,0,0,0,0,0,0,0,0,269,blue,2743,2511,5254
81,08,1811540,1,20261005,,,,,,,,,,,,,,,3,43.81153304082013,143.553741,,,1,0,0,0,0,0,0,0,0,57,269,blue,0,0,0
81,07,1811550,1,20261005,84,46,0,,,,,91,66,0,,,,,3,43.614803040780444,143.623559,,,0,0,0,0,0,0,0,0,0,0,269,blue,130,157,287
81,07,1811560,1,20261005,1522,353,0,,,,,1651,434,0,,,,,3,42.950446040603396,143.426823,,,0,0,0,0,0,0,0,0,0,0,269,blue,1875,2085,3960
81,07,1811570,1,20261005,145,25,0,,,,,3850,516,0,,,,,3,42.91920004059345,143.382799,,,0,0,0,0,0,0,0,0,0,0,269,blue,170,4366,4536
81,06,1811580,1,20261005,1,1,0,,,,,498,133,0,,,,,3,43.65168204078832,144.260814,,,0,0,0,0,0,0,0,0,0,0,269,blue,2,631,633
81,06,1811590,1,20261005,673,138,0,,,,,588,157,0,,,,,3,43.48222204075039,144.542778,,,0,0,0,0,0,0,0,0,0,0,269,blue,811,745,1556
81,06,1811600,1,20261005,423,129,0,,,,,474,132,0,,,,,3,43.415912040734376,144.740463,,,0,0,0,0,0,0,0,0,0,0,269,blue,552,606,1158
81,08,1811610,1,20261005,2537,366,0,,,,,2250,318,0,,,,,3,43.96614504084723,144.326697,,,0,0,0,0,0,0,0,0,0,0,269,blue,2903,2568,5471
81,08,1811620,1,20261005,1086,155,0,,,,,1125,205,0,,,,,3,43.91012304083783,144.542023,,,0,0,0,0,0,0,0,0,0,0,269,blue,1241,1330,2571
81,08,1811630,1,20261005,,,,,,,,,,,,,,,3,43.888827040834144,144.736391,,,1,0,0,0,0,0,0,0,0,67,269,blue,0,0,0
81,06,1811640,1,20261005,285,93,0,,,,,249,85,0,,,,,3,43.73179504080475,144.960789,,,0,0,0,0,0,0,0,0,0,0,269,blue,378,334,712
81,06,1811650,1,20261005,235,45,0,,,,,184,45,0,,,,,3,43.69435704079721,145.112266,,,0,0,0,0,0,0,0,0,0,0,269,blue,280,229,509
81,06,1811660,1,20261005,,,,,,,,,,,,,,,3,43.37687304072465,145.283748,,,1,0,0,0,0,0,0,0,0,0,269,blue,0,0,0
81,06,1811670,1,20261005,1144,514,0,,,,,1105,494,0,,,,,3,43.225599040684756,144.69552000000002,,,0,0,0,0,0,0,0,0,0,0,269,blue,1658,1599,3257
81,06,1811680,1,20261005,939,335,0,,,,,930,295,0,,,,,3,43.384169040726476,144.866826,,,0,0,0,0,0,0,0,0,0,0,269,blue,1274,1225,2499
81,06,1811690,1,20261005,,,,,,,,,,,,,,,3,43.60985404077937,145.077277,,,1,0,0,0,0,0,0,0,0,0,269,blue,0,0,0
81,07,1811700,1,20261005,520,103,0,,,,,517,112,0,,,,,3,43.353586040718724,143.261308,,,0,0,0,0,0,0,0,0,0,2,269,blue,623,629,1252
81,07,1811710,1,20261005,323,65,0,,,,,306,62,0,,,,,3,43.571286040770886,143.120781,,,0,0,0,0,0,0,0,0,0,48,269,blue,388,368,756
81,04,1811730,1,20261005,239,88,0,,,,,243,73,0,,,,,3,43.909246029716684,142.97348513542,,,0,0,0,0,0,0,0,0,0,3,269,blue,327,316,643
81,04,1811740,1,20261005,217,79,0,,,,,208,72,0,,,,,3,43.9388162846136,142.945802727953,,,0,0,0,0,0,0,0,0,0,53,269,blue,296,280,576
81,01,1811750,1,20261005,2275,1287,0,,,,,2298,1250,0,,,,,3,42.98946404061562,141.609539,,,0,0,0,0,0,2,2,0,0,15,269,blue,3562,3548,7110
81,01,1811760,1,20261005,1130,514,0,,,,,1132,520,0,,,,,3,42.94269504060095,141.76061,,,0,0,0,0,0,2,2,0,0,5,269,blue,1644,1652,3296
81,01,1811770,1,20261005,858,447,0,,,,,806,508,0,,,,,3,42.950353040603375,141.802672,,,0,0,0,0,0,1,1,0,1,2,269,blue,1305,1314,2619
81,01,1811780,1,20261005,,,,,,,,,,,,,,,3,42.91325204059154,141.966963,,,1,0,0,0,0,3,3,0,1,4,269,blue,0,0,0
81,01,1811790,1,20261005,,,,,,,,,,,,,,,3,42.92852504059643,142.063994,,,1,0,0,0,0,3,3,0,1,2,269,blue,0,0,0
81,05,1811800,1,20261005,132,239,0,,,,,958,1390,0,,,,,3,42.9641030406077,142.63981100000004,,,0,0,0,0,0,0,0,0,0,0,269,blue,371,2348,2719
81,01,1811810,1,20261005,3243,1205,0,,,,,2468,938,0,,,,,3,43.18243804067272,141.523454,,,0,0,0,0,0,1,1,0,0,38,269,blue,4448,3406,7854
81,01,1811830,1,20261005,1298,471,0,,,,,1496,276,0,,,,,3,43.54600104076516,141.884426,,,0,0,0,0,0,1,1,0,0,0,269,blue,1769,1772,3541
81,01,1811840,1,20261005,823,285,0,,,,,828,244,0,,,,,3,43.71586004080156,141.885874,,,0,0,0,0,0,1,1,0,0,12,269,blue,1108,1072,2180
81,01,1811850,1,20261005,257,87,0,,,,,279,59,0,,,,,3,43.76892104081203,141.884179,,,0,0,0,0,0,1,1,0,0,26,269,blue,344,338,682
81,01,1811860,1,20261005,433,99,0,,,,,355,95,0,,,,,3,43.80589304081908,141.905599,,,0,0,0,0,0,1,1,0,0,2,269,blue,532,450,982
81,01,1811870,1,20261005,191,107,0,,,,,203,112,0,,,,,3,43.917356040839074,142.125632,,,0,0,0,0,0,1,1,0,0,17,269,blue,298,315,613
81,04,1811880,1,20261005,249,71,0,,,,,222,90,0,,,,,3,44.74113379582216,142.253439072174,,,0,0,0,0,0,0,0,0,0,77,269,blue,320,312,632
81,10,1811890,1,20261005,307,91,0,,,,,306,96,0,,,,,3,44.820303040931734,142.284138,,,0,0,0,0,0,0,0,0,0,0,269,blue,398,402,800
81,10,1811900,1,20261005,,,,,,,,,,,,,,,3,45.044884040935564,142.315271,,,1,0,0,0,0,0,0,0,0,75,269,blue,0,0,0
81,10,1811910,1,20261005,347,101,0,,,,,321,103,0,,,,,3,45.10820204093526,142.363773,,,0,0,0,0,0,0,0,0,0,130,269,blue,448,424,872
81,03,1811920,1,20261005,,,,,,,,,,,,,,,3,42.98635304061466,140.606197,,,1,0,0,0,0,0,0,0,0,0,269,blue,0,0,0
81,03,1811930,1,20261005,620,258,0,,,,,697,254,0,,,,,3,42.88083304058103,140.878055,,,0,0,0,0,0,0,0,0,0,100,269,blue,878,951,1829
81,03,1811940,1,20261005,513,428,0,,,,,483,406,0,,,,,3,42.80440904055563,140.891961,,,0,0,0,0,0,0,0,0,0,48,269,blue,941,889,1830
81,03,1811950,1,20261005,244,155,0,,,,,246,158,0,,,,,3,42.75773904053971,141.013347,,,0,0,0,0,0,0,0,0,0,79,269,blue,399,404,803
81,01,1811980,1,20261005,,,,,,,,,,,,,,,3,42.71955604052643,141.252074,,,1,0,0,0,0,1,1,0,0,14,269,blue,0,0,0
81,01,1811990,1,20261005,864,426,0,,,,,882,445,0,,,,,3,42.74221004053433,141.402953,,,0,0,0,0,0,1,1,0,0,4,269,blue,1290,1327,2617
81,02,1812000,1,20261005,147,23,0,,,,,176,24,0,,,,,3,42.1695560403113,140.052167,,,0,0,0,0,0,0,0,0,0,0,269,blue,170,200,370
81,02,1812010,1,20261005,2020,207,0,,,,,2041,298,0,,,,,3,41.76194404012323,140.856944,,,0,0,0,0,0,0,0,0,0,0,269,blue,2227,2339,4566
81,02,1812020,1,20261005,870,137,0,,,,,709,139,0,,,,,3,41.714722040099886,140.9975,,,0,0,0,0,0,1,1,0,0,0,269,blue,1007,848,1855
81,02,1812030,1,20261005,,,,,,,,,,,,,,,3,41.87888904017965,141.092222,,,1,0,0,0,0,0,0,0,0,0,269,blue,0,0,0
81,02,1812040,1,20261005,562,208,0,,,,,636,99,0,,,,,3,41.9566670402161,140.928611,,,0,0,0,0,0,0,0,0,0,0,269,blue,770,735,1505
81,02,1812050,1,20261005,,,,,,,,,,,,,,,3,42.013056040241956,140.853611,,,1,0,0,0,0,0,0,0,0,0,269,blue,0,0,0
81,02,1812060,1,20261005,390,123,0,,,,,505,56,0,,,,,3,42.042500040255284,140.813056,,,0,0,0,0,0,0,0,0,0,0,269,blue,513,561,1074
81,02,1812070,1,20261005,675,185,0,,,,,636,246,0,,,,,3,42.12805604029326,140.711389,,,0,0,0,0,0,0,0,0,0,0,269,blue,860,882,1742
81,02,1812080,1,20261005,1684,248,0,,,,,1661,260,0,,,,,3,42.118611040289125,140.632778,,,0,0,0,0,0,0,0,0,0,0,269,blue,1932,1921,3853
81,06,1812090,1,20261005,9,2,0,,,,,1272,203,0,,,,,3,43.89994004083609,145.099582,,,0,0,0,0,0,0,0,0,0,0,269,blue,11,1475,1486
81,05,1812130,1,20261005,228,58,0,,,,,220,86,0,,,,,3,42.02778604024864,143.231184,,,0,0,0,0,0,0,0,0,0,2,269,blue,286,306,592
81,07,1812150,1,20261005,238,30,0,,,,,240,50,0,,,,,3,42.16205004030805,143.324722,,,0,0,0,0,0,0,0,0,0,0,269,blue,268,290,558
81,07,1812160,1,20261005,569,75,0,,,,,785,210,0,,,,,3,42.28181504035883,143.31818,,,0,0,0,0,0,0,0,0,0,0,269,blue,644,995,1639
81,07,1812170,1,20261005,806,193,0,,,,,768,218,0,,,,,3,42.31167504037117,143.321422,,,0,0,0,0,0,81,81,0,0,6,269,blue,999,986,1985
81,07,1812180,1,20261005,132,96,0,,,,,135,85,0,,,,,3,42.68446104051403,143.603341,,,0,0,0,0,0,0,0,0,0,0,269,blue,228,220,448
81,07,1812190,1,20261005,195,214,0,,,,,169,214,0,,,,,3,42.69525004051786,143.616062,,,0,0,0,0,0,0,0,0,0,0,269,blue,409,383,792
81,07,1812200,1,20261005,149,244,0,,,,,169,227,0,,,,,3,42.74125304053399,143.631419,,,0,0,0,0,0,0,0,0,0,0,269,blue,393,396,789
81,01,1812210,1,20261005,199,41,0,,,,,196,39,0,,,,,3,42.85600604057288,141.704289,,,0,0,0,0,0,1,1,0,0,125,269,blue,240,235,475
81,01,1812220,1,20261005,,,,,,,,,,,,,,,3,42.969962040609545,141.672998,,,1,0,0,0,0,1,1,0,0,2,269,blue,0,0,0
81,01,1812230,1,20261005,,,,,,,,,,,,,,,3,43.02096904062534,141.663755,,,1,0,0,0,0,1,1,0,0,2,269,blue,0,0,0
81,03,1812240,1,20261005,4876,1940,0,,,,,4441,1898,0,,,,,3,43.14450004066195,141.187805,,,0,0,0,0,0,0,0,0,0,0,269,blue,6816,6339,13155
81,06,1812250,1,20261005,364,143,0,,,,,321,140,0,,,,,3,43.68733204079576,144.466438,,,0,0,0,0,0,0,0,0,0,0,269,blue,507,461,968
81,03,1812260,1,20261005,,,,,,,,,,,,,,,3,42.99111104061613,140.875833,,,1,0,0,0,0,0,0,0,0,0,269,blue,0,0,0
81,04,1812290,1,20261005,1976,664,0,,,,,2324,610,0,,,,,3,43.85258742603739,142.702731203374,,,0,0,0,0,0,4,4,0,0,7,269,blue,2640,2934,5574
81,01,1812300,1,20261005,0,0,0,,,,,353,50,0,,,,,3,43.578650040772516,141.414894,,,0,0,0,0,0,1,1,0,1,2,269,blue,0,403,403
81,01,1812310,1,20261005,51,4,0,,,,,59,4,0,,,,,3,43.548241040765674,141.621516,,,0,0,0,0,0,0,0,0,1,13,269,blue,55,63,118
81,01,1812320,1,20261005,58,5,0,,,,,69,8,0,,,,,3,43.542762040764444,141.638006,,,0,0,0,0,0,0,0,0,1,0,269,blue,63,77,140
81,01,1812330,1,20261005,1707,108,0,,,,,1908,110,0,,,,,3,43.55901004076813,141.903362,,,0,0,0,0,0,1,1,0,0,138,269,blue,1815,2018,3833
81,01,1812340,1,20261005,430,46,0,,,,,386,22,0,,,,,3,42.995832040617586,142.00991,,,0,0,0,0,0,3,3,0,1,1,269,blue,476,408,884
81,01,1812350,1,20261005,5838,363,0,,,,,6620,467,0,,,,,3,42.979904040612645,141.346302,,,0,0,0,0,0,1,1,0,1,2,269,blue,6201,7087,13288
81,01,1812370,1,20261005,596,66,0,,,,,618,64,0,,,,,3,42.83639604056636,141.300884,,,0,0,0,0,0,1,1,0,0,5,269,blue,662,682,1344
81,01,1812380,1,20261005,644,49,0,,,,,712,55,0,,,,,3,42.80255304055502,141.327921,,,0,0,0,0,0,1,1,0,0,2,269,blue,693,767,1460
82,,2810010,1,20261005,4560,1782,0,,,,,4182,1772,0,,,,,3,37.18051903644227,140.286944,,,0,,,,0,,,,,,273,blue,6342,5954,12296
82,,2810030,1,20261005,1542,611,0,,,,,1616,545,0,,,,,3,37.862598037160126,140.528175,,,1,,,,0,,,,,,273,blue,2153,2161,4314
82,,2810180,1,20261005,728,262,0,,,,,264,225,0,,,,,3,38.89166803813703,141.115835,,,1,,,,0,,,,,,273,blue,990,489,1479
82,,2810190,1,20261005,818,214,0,,,,,497,246,0,,,,,3,39.03166703825964,141.1175,,,1,,,,0,,,,,,273,blue,1032,743,1775
82,,2810200,1,20261005,264,31,0,,,,,735,222,0,,,,,3,39.0450020382712,141.129544,,,1,,,,0,,,,,,273,blue,295,957,1252
82,,2810220,1,20261005,9453,1638,0,,,,,9717,1524,0,,,,,3,39.29444503848296,141.105556,,,0,,,,0,,,,,,273,blue,11091,11241,22332
82,,2810230,1,20261005,0,0,0,,,,,0,0,0,,,,,3,39.344446038524424,141.106946,,,1,,,,0,,,,,,273,blue,0,0,0
82,,2810240,1,20261005,402,219,0,,,,,481,192,0,,,,,3,39.651946038772245,141.164724,,,1,,,,0,,,,,,273,blue,621,673,1294
82,,2810250,1,20261005,291,79,0,,,,,292,124,0,,,,,3,39.888889038954595,141.19528,,,1,,,,0,,,,,,273,blue,370,416,786
82,,2810270,1,20261005,27,14,0,,,,,0,2,0,,,,,3,40.27277803923393,141.293058,,,0,,,,0,,,,,,273,blue,41,2,43
82,,2810280,1,20261005,2472,928,0,,,,,2610,868,0,,,,,3,40.41445803933193,141.298913,,,1,,,,0,,,,,,273,blue,3400,3478,6878
82,,2810290,1,20261005,3562,801,0,,,,,3947,718,0,,,,,3,40.718083039532594,141.156692,,,0,,,,0,,,,,,273,blue,4363,4665,9028
82,,2810300,1,20261005,2467,885,0,,,,,2312,831,0,,,,,3,40.907508039651255,141.061111,,,0,,,,0,,,,,,273,blue,3352,3143,6495
82,,2810310,1,20261005,4662,1346,0,,,,,4327,1200,0,,,,,3,40.8547220396187,140.839178,,,1,,,,0,,,,,,273,blue,6008,5527,11535
82,,2810320,1,20261005,8090,2150,0,,,,,8890,1831,0,,,,,3,36.91389703614713,140.802218,,,0,,,,0,,,,,,273,blue,10240,10721,20961
82,,2810330,1,20261005,8329,2034,0,,,,,7603,1705,0,,,,,3,37.027520036273884,140.897874,,,0,,,,0,,,,,,273,blue,10363,9308,19671
82,,2810340,1,20261005,,,,,,,,,,,,,,,3,37.191077036453784,140.999315,,,1,,,,0,,,,,,273,blue,0,0,0
82,,2810350,1,20261005,,,,,,,,,,,,,,,3,37.83831703713551,140.937334,,,1,,,,0,,,,,,273,blue,0,0,0
82,,2810400,1,20261005,1739,291,0,,,,,1375,215,0,,,,,3,39.26847903846129,139.923131,,,0,,,,0,,,,,,273,blue,2030,1590,3620
82,,2810430,1,20261005,1620,526,0,,,,,1810,505,0,,,,,3,39.976642039020206,140.07770900000003,,,1,,,,0,,,,,,273,blue,2146,2315,4461
82,,2810450,1,20261005,,,,,,,,,,,,,,,3,40.278639039238044,140.449111,,,1,,,,0,,,,,,273,blue,0,0,0
82,,2810460,1,20261005,700,121,0,,,,,542,61,0,,,,,3,40.275306039235716,140.516861,,,1,,,,0,,,,,,273,blue,821,603,1424
82,,2810470,1,20261005,2303,670,0,,,,,2188,862,0,,,,,3,40.317917039265446,140.578139,,,0,,,,0,,,,,,273,blue,2973,3050,6023
82,,2810480,1,20261005,778,200,0,,,,,1057,286,0,,,,,3,40.577502039441285,140.518889,,,1,,,,0,,,,,,273,blue,978,1343,2321
82,,2810490,1,20261005,2768,548,0,,,,,2842,549,0,,,,,3,40.711137039528154,140.580013,,,0,,,,0,,,,,,273,blue,3316,3391,6707
82,,2810580,1,20261005,2915,742,0,,,,,924,448,0,,,,,3,39.260555038454655,140.543611,,,0,,,,0,,,,,,273,blue,3657,1372,5029
82,,2810590,1,20261005,4317,1358,0,,,,,4682,845,0,,,,,3,39.44138803860391,140.505,,,0,,,,0,,,,,,273,blue,5675,5527,11202
82,,2810600,1,20261005,3305,996,0,,,,,3470,747,0,,,,,3,39.51138803866052,140.380833,,,0,,,,0,,,,,,273,blue,4301,4217,8518
82,,2810610,1,20261005,3765,1217,0,,,,,3975,1261,0,,,,,3,39.63750003876089,140.300833,,,0,,,,0,,,,,,273,blue,4982,5236,10218
82,,2810620,1,20261005,9221,1925,0,,,,,8190,2139,0,,,,,3,39.67388903878944,140.152222,,,0,,,,0,,,,,,273,blue,11146,10329,21475
82,,2810630,1,20261005,12863,2068,0,,,,,12032,2271,0,,,,,3,39.69425003880535,140.122194,,,0,,,,0,,,,,,273,blue,14931,14303,29234
82,,2810960,1,20261005,309,20,0,,,,,11,1,0,,,,,3,40.26398203922775,141.40187,,,1,,,,0,,,,,,273,blue,329,12,341
82,,2810970,1,20261005,152,14,0,,,,,171,27,0,,,,,3,40.4453010393529,141.638612,,,1,,,,0,,,,,,273,blue,166,198,364
82,,2810980,1,20261005,1266,281,0,,,,,2947,465,0,,,,,3,40.30396403925574,141.3059,,,1,,,,0,,,,,,273,blue,1547,3412,4959
82,,2810990,1,20261005,3423,826,0,,,,,3000,784,0,,,,,3,40.60361303945845,141.404748,,,0,,,,0,,,,,,273,blue,4249,3784,8033
82,,2811030,1,20261005,1115,378,0,,,,,1138,432,0,,,,,3,39.608922038738314,140.57135,,,0,,,,0,,,,,,273,blue,1493,1570,3063
82,,2811140,1,20261005,1819,489,0,,,,,913,245,0,,,,,3,37.03129103627806,140.879088,,,1,,,,0,,,,,,273,blue,2308,1158,3466
82,,2811160,1,20261005,1427,634,0,,,,,1310,736,0,,,,,3,37.1928290364557,140.62122,,,0,,,,0,,,,,,273,blue,2061,2046,4107
83,,3810010,1,20261005,,,,,,,,,,,,,,,3,35.23222203411103,139.112514,,,1,,,,,,,,,,273,blue,0,0,0
83,,3810040,1,20261005,14100,1108,0,,,,,2133,133,0,,,,,3,35.26450803415279,139.182925,,,0,0,0,0,0,3,0,0,0,0,273,blue,15208,2266,17474
83,,3810050,1,20261005,21989,3839,0,,,,,,,,,,,,3,35.71158901450833,139.777491746321,,,0,0,0,0,0,0,0,0,0,0,273,blue,25828,0,25828
83,,3810060,1,20261005,15077,3184,0,,,,,12339,2703,0,,,,,3,35.725261072361086,139.78833095668,,,0,0,0,0,0,0,0,0,0,0,273,blue,18261,15042,33303
83,,3810061,1,20261005,15164,3313,0,,,,,12537,3113,0,,,,,3,35.72724220226666,139.789181219765,,,0,0,0,0,0,0,0,0,0,0,273,blue,18477,15650,34127
83,,3810070,1,20261005,14660,4020,0,,,,,8187,1729,0,,,,,3,35.735055772282294,139.795343463609,,,0,0,0,0,0,0,0,0,0,0,273,blue,18680,9916,28596
83,,3810080,1,20261005,0,0,0,,,,,16442,3755,0,,,,,3,35.73896290498206,139.797270681572,,,0,0,0,0,0,0,0,0,0,0,273,blue,0,20197,20197
83,,3810100,1,20261005,2942,236,0,,,,,4471,350,0,,,,,3,36.53972203571964,139.883611,,,0,0,0,0,0,0,0,0,0,0,273,blue,3178,4821,7999
83,,3810110,1,20261005,7554,1973,0,,,,,7865,2050,0,,,,,3,36.91694403615054,139.999722,,,0,0,0,0,0,0,0,0,0,0,273,blue,9527,9915,19442
83,,3810140,1,20261005,7301,5492,0,,,,,6305,4703,0,,,,,3,35.9900520350645,139.793529,,,0,0,0,0,0,0,0,0,0,0,273,blue,12793,11008,23801
83,,3810151,1,20261005,3974,5867,0,,,,,5799,6442,0,,,,,3,36.07984803517367,139.770041,,,0,0,0,0,0,0,0,0,0,0,273,blue,9841,12241,22082
83,,3810160,1,20261005,6859,5144,0,,,,,8794,7787,0,,,,,3,36.167500035279446,139.779444,,,0,0,0,0,0,0,0,0,0,0,273,blue,12003,16581,28584
83,,3810180,1,20261005,5002,3744,0,,,,,13512,7249,0,,,,,3,36.296506035433666,139.841547,,,0,0,0,0,0,0,0,0,0,0,273,blue,8746,20761,29507
83,,3810200,1,20261005,492,183,0,,,,,23221,7443,0,,,,,3,36.57174703575683,139.941692,,,0,0,0,0,0,0,0,0,0,0,273,blue,675,30664,31339
83,,3810210,1,20261005,22528,1607,0,,,,,10,2,0,,,,,3,35.694558518577544,139.78420024258003,,,0,0,0,0,0,0,0,0,0,0,273,blue,24135,12,24147
83,,3810220,1,20261005,14068,3066,0,,,,,8213,1308,0,,,,,3,35.73416286894769,139.831977693081,,,0,0,0,0,0,0,4,0,0,0,273,blue,17134,9521,26655
83,,3810230,1,20261005,2694,149,0,,,,,4137,576,0,,,,,3,35.735319871891136,139.833592336398,,,0,0,0,0,0,1,34,0,0,0,273,blue,2843,4713,7556
83,,3810260,1,20261005,,,,,,,,,,,,,,,3,35.83796603487771,139.939917,,,1,,,,,,,,,,273,blue,0,0,0
83,,3810280,1,20261005,,,,,,,,,,,,,,,3,35.895306034948405,140.059167,,,1,0,0,0,0,0,0,0,0,0,273,blue,0,0,0
83,,3810290,1,20261005,5110,1209,0,,,,,9011,3391,0,,,,,3,36.06811403515946,140.179269,,,0,0,0,0,0,0,0,0,0,0,273,blue,6319,12402,18721
83,,3810300,1,20261005,7922,2873,0,,,,,6148,1082,0,,,,,3,36.078239035171734,140.177747,,,0,0,0,0,0,0,0,0,0,0,273,blue,10795,7230,18025
83,,3810320,1,20261005,1227,236,0,,,,,19674,4068,0,,,,,3,36.378875035531216,140.500661,,,0,0,0,0,0,0,0,0,0,0,273,blue,1463,23742,25205
83,,3810330,1,20261005,2293,825,0,,,,,14340,1705,0,,,,,3,36.655972035854084,140.701006,,,0,0,0,0,0,0,0,0,0,0,273,blue,3118,16045,19163
83,,3810340,1,20261005,4876,1215,0,,,,,2749,801,0,,,,,3,36.794736036012644,140.752922,,,0,0,0,0,0,0,0,0,0,0,273,blue,6091,3550,9641
83,,3810350,1,20261005,8503,2922,0,,,,,1,0,0,,,,,3,35.92645303498668,140.111775,,,0,0,0,0,0,0,0,0,0,0,273,blue,11425,1,11426
83,,3810360,1,20261005,,,,,,,,,,,,,,,3,35.694040942069805,139.789910543304,,,1,0,0,0,0,0,32,0,0,11,273,blue,0,0,0
83,,3810370,1,20261005,,,,,,,,,,,,,,,3,35.702867388707524,139.866257828687,,,1,0,0,0,0,0,0,0,0,0,273,blue,0,0,0
83,,3810380,1,20261005,,,,,,,,,,,,,,,3,35.628891034617155,140.088076,,,1,,,,,,,,,,273,blue,0,0,0
83,,3810390,1,20261005,,,,,,,,,,,,,,,3,35.62349099143046,139.737976826575,,,1,,,,,,,,,,273,blue,0,0,0
83,,3810400,1,20261005,4750,282,0,,,,,6014,241,0,,,,,3,35.263900034152,139.698397,,,0,0,0,0,0,0,0,0,0,0,273,blue,5032,6255,11287
83,,3810410,1,20261005,7330,1434,0,,,,,7498,1506,0,,,,,3,35.62304903460981,139.340292,,,0,0,0,0,0,0,0,0,0,0,273,blue,8764,9004,17768
83,,3810420,1,20261005,10009,1533,0,,,,,10029,1763,0,,,,,3,35.67571003467587,139.331954,,,0,0,0,0,0,0,0,0,0,0,273,blue,11542,11792,23334
83,,3810431,1,20261005,8511,5009,0,,,,,9821,5100,0,,,,,3,35.77594403480087,139.336731,,,0,0,0,0,0,0,0,0,0,0,273,blue,13520,14921,28441
83,,3810440,1,20261005,,,,,,,,,,,,,,,3,35.82933103486704,139.380426,,,1,0,0,0,0,0,0,0,0,0,273,blue,0,0,0
83,,3810460,1,20261005,16179,4515,0,,,,,15439,4800,0,,,,,3,35.91289603497003,139.534764,,,0,0,0,0,0,0,0,0,0,0,273,blue,20694,20239,40933
83,,3810470,1,20261005,,,,,,,,9909,3670,0,,,,,3,35.92749603498795,139.591065,,,0,0,0,0,0,0,2,0,0,0,273,blue,0,13579,13579
83,,3810490,1,20261005,,,,,,,,,,,,,,,3,35.992460035067445,139.820467,,,1,,,,,,,,,,273,blue,0,0,0
83,,3810500,1,20261005,5222,1253,0,,,,,7509,2777,0,,,,,3,35.79376864024429,139.685717006056,,,0,0,0,0,0,0,0,0,0,0,273,blue,6475,10286,16761
83,,3810510,1,20261005,4840,1499,0,,,,,4877,1688,0,,,,,3,35.8210620348568,139.680963,,,0,0,0,0,0,0,0,0,0,0,273,blue,6339,6565,12904
83,,3810520,1,20261005,16764,4254,0,,,,,16832,4102,0,,,,,3,35.97632603504774,139.594106,,,0,0,0,0,0,0,0,0,0,0,273,blue,21018,20934,41952
83,,3810540,1,20261005,7916,2302,0,,,,,7500,2117,0,,,,,3,36.230692035355204,139.2134,,,0,0,0,0,0,0,2,0,0,0,273,blue,10218,9617,19835
83,,3810560,1,20261005,15508,2294,0,,,,,15352,1901,0,,,,,3,36.31113903545105,139.02725,,,0,0,0,0,0,0,2,0,0,0,273,blue,17802,17253,35055
83,,3810600,1,20261005,2173,285,0,,,,,2543,520,0,,,,,3,36.68205603588405,138.968889,,,0,0,0,0,0,0,0,0,0,0,273,blue,2458,3063,5521
83,,3810610,1,20261005,17897,5919,0,,,,,,,,,,,,3,35.84803703489016,139.625615,,,0,0,0,0,0,0,2,0,0,0,273,blue,23816,0,23816
83,,3810620,1,20261005,,,,,,,,17718,5499,0,,,,,3,35.84444303488572,139.626759,,,0,0,0,0,0,0,2,0,0,0,273,blue,0,23217,23217
83,,3810670,1,20261005,12831,4228,0,,,,,13813,4347,0,,,,,3,36.35330303550101,139.215067,,,0,0,0,0,0,0,0,0,0,0,273,blue,17059,18160,35219
83,,3810710,1,20261005,5356,1213,0,,,,,5938,1031,0,,,,,3,36.33250003547639,138.5235,,,0,0,0,0,0,0,0,0,0,0,273,blue,6569,6969,13538
83,,3810720,1,20261005,6785,1452,0,,,,,7978,1369,0,,,,,3,36.49438903566681,138.150722,,,0,0,0,0,0,0,17,0,0,0,273,blue,8237,9347,17584
83,,3810740,1,20261005,10721,1359,0,,,,,9289,912,0,,,,,3,36.65492503585288,138.23375,,,0,0,0,0,0,0,0,0,0,0,273,blue,12080,10201,22281
83,,3810750,1,20261005,10585,1133,0,,,,,4394,717,0,,,,,3,36.695139035899054,138.26925,,,0,0,0,0,0,0,0,0,0,0,273,blue,11718,5111,16829
83,,3810760,1,20261005,6815,1056,0,,,,,6883,1085,0,,,,,3,36.717694035924886,138.298306,,,0,0,0,0,0,0,3,0,0,0,273,blue,7871,7968,15839
83,,3810770,1,20261005,2252,702,0,,,,,2452,417,0,,,,,3,36.75032203596213,138.212264,,,0,0,0,0,0,0,0,0,0,0,273,blue,2954,2869,5823
83,,3810780,1,20261005,2498,563,0,,,,,2561,561,0,,,,,3,36.792972036010646,138.219778,,,0,0,0,0,0,1,0,0,0,0,273,blue,3061,3122,6183
83,,3810790,1,20261005,5713,749,0,,,,,5548,943,0,,,,,3,36.406417035563685,138.204417,,,0,0,0,0,0,0,1,0,0,0,273,blue,6462,6491,12953
83,,3810800,1,20261005,380,58,0,,,,,390,44,0,,,,,3,36.82044403604179,138.192306,,,0,0,0,0,0,0,4,0,0,0,273,blue,438,434,872
83,,3810810,1,20261005,1802,317,0,,,,,1700,305,0,,,,,3,36.8368890360604,138.205542,,,0,0,0,0,0,0,0,0,0,0,273,blue,2119,2005,4124
83,,3810820,1,20261005,1977,236,0,,,,,2066,389,0,,,,,3,36.513833035689494,138.094389,,,0,0,0,0,0,0,0,0,0,0,273,blue,2213,2455,4668
83,,3810821,1,20261005,2520,337,0,,,,,2402,261,0,,,,,3,36.52786103570584,138.096722,,,0,0,0,0,0,0,2,0,0,0,273,blue,2857,2663,5520
83,,3810830,1,20261005,8490,973,0,,,,,5441,711,0,,,,,3,36.23586103536139,137.9565,,,0,0,0,0,0,0,2,0,0,0,273,blue,9463,6152,15615
83,,3810840,1,20261005,2131,678,0,,,,,2351,469,0,,,,,3,36.38313903553625,137.925722,,,0,0,0,0,0,0,0,0,0,0,273,blue,2809,2820,5629
83,,3810850,1,20261005,1279,440,0,,,,,1253,334,0,,,,,3,36.4623860356294,137.946275,,,0,0,0,0,0,0,1,0,0,0,273,blue,1719,1587,3306
83,,3810860,1,20261005,2569,530,0,,,,,2737,333,0,,,,,3,36.5884720357762,138.050889,,,0,0,0,0,0,11,16,0,0,0,273,blue,3099,3070,6169
83,,3810870,1,20261005,6605,835,0,,,,,6763,835,0,,,,,3,36.61469403580651,138.085167,,,0,0,0,0,0,0,0,0,0,0,273,blue,7440,7598,15038
83,,3810880,1,20261005,5622,1245,0,,,,,6190,997,0,,,,,3,36.615111035807,138.086528,,,0,0,0,0,0,11,11,0,0,0,273,blue,6867,7187,14054
83,,3810900,1,20261005,3648,235,0,,,,,3654,423,0,,,,,3,36.62808303582196,138.153194,,,0,0,0,0,0,0,2,0,0,0,273,blue,3883,4077,7960
83,,3810910,1,20261005,10002,756,0,,,,,11466,380,0,,,,,3,36.64626403584291,138.18197200000003,,,0,0,0,0,0,0,0,0,0,0,273,blue,10758,11846,22604
83,,3810920,1,20261005,7178,546,0,,,,,7015,371,0,,,,,3,36.648972035846036,138.193972,,,0,0,0,0,0,0,0,0,0,0,273,blue,7724,7386,15110
83,,3810930,1,20261005,3756,1067,0,,,,,3972,775,0,,,,,3,36.616944035809105,138.133611,,,0,0,0,0,0,0,0,0,0,0,273,blue,4823,4747,9570
83,,3810950,1,20261005,,,,,,,,,,,,,,,3,35.67318837384892,139.663841176629,,,0,0,0,0,0,0,0,273,0,0,273,blue,0,0,0
83,,3810970,1,20261005,2147,276,0,,,,,1942,160,0,,,,,3,35.61726703460252,139.240054,,,0,0,0,0,0,0,0,0,0,0,273,blue,2423,2102,4525
83,,3810980,1,20261005,2654,567,0,,,,,2669,417,0,,,,,3,35.62000003460596,139.1275,,,0,0,0,0,0,0,0,0,0,0,273,blue,3221,3086,6307
83,,3811030,1,20261005,12436,2078,0,,,,,11261,2016,0,,,,,3,35.643889034635976,138.636389,,,0,0,0,0,0,0,15,0,0,0,273,blue,14514,13277,27791
83,,3811050,1,20261005,3253,814,0,,,,,3354,582,0,,,,,3,35.91541703497313,138.227361,,,0,0,0,0,0,11,12,0,0,0,273,blue,4067,3936,8003
83,,3811060,1,20261005,,,,,,,,,,,,,,,3,35.94028603500364,138.197875,,,1,0,0,0,0,11,7,0,0,0,273,blue,0,0,0
83,,3811070,1,20261005,5327,299,0,,,,,5146,533,0,,,,,3,36.029750035112876,138.1255,,,0,0,0,0,0,11,8,0,0,0,273,blue,5626,5679,11305
83,,3811080,1,20261005,9024,1853,0,,,,,7433,1191,0,,,,,3,36.077694035171085,138.037889,,,0,0,0,0,0,10,9,0,0,0,273,blue,10877,8624,19501
83,,3811090,1,20261005,9,0,0,,,,,6142,1808,0,,,,,3,36.12191703522454,137.959472,,,0,0,0,0,0,0,10,0,0,0,273,blue,9,7950,7959
83,,3811100,1,20261005,3424,717,0,,,,,3546,572,0,,,,,3,35.9769440350485,138.163333,,,0,0,0,0,0,1,34,0,0,0,273,blue,4141,4118,8259
83,,3811110,1,20261005,2491,1097,0,,,,,2962,1642,0,,,,,3,36.08683303518214,138.06408300000004,,,0,0,0,0,0,0,0,0,0,0,273,blue,3588,4604,8192
83,,3811121,1,20261005,,,,,,,,2979,645,0,,,,,3,35.63168503462065,139.28402,,,0,0,0,0,0,0,0,0,0,0,273,blue,0,3624,3624
83,,3811130,1,20261005,3877,566,0,,,,,3917,455,0,,,,,3,35.99511103507067,138.139278,,,0,0,0,0,0,10,10,0,0,0,273,blue,4443,4372,8815
83,,3811220,1,20261005,,,,,,,,,,,,,,,3,35.959128035026716,140.602286,,,1,0,0,0,0,0,0,0,0,0,273,blue,0,0,0
83,,3811230,1,20261005,140,244,0,,,,,4329,897,0,,,,,3,35.95769703502496,140.602514,,,0,0,0,0,0,0,0,0,0,0,273,blue,384,5226,5610
83,,3811240,1,20261005,2354,738,0,,,,,2338,766,0,,,,,3,35.200928034070465,138.520986,,,0,0,0,0,0,0,0,0,0,0,273,blue,3092,3104,6196
83,,3811250,1,20261005,554,144,0,,,,,537,105,0,,,,,3,35.31250003421467,138.442011,,,0,0,0,0,0,0,0,0,0,0,273,blue,698,642,1340
83,,3811270,1,20261005,4162,1085,0,,,,,4951,837,0,,,,,3,35.5316670344945,138.450278,,,0,0,0,0,0,0,0,0,0,0,273,blue,5247,5788,11035
83,,3811290,1,20261005,,,,,,,,,,,,,,,3,35.041444033862305,139.833306,,,1,,,,,,,,,,273,blue,0,0,0
83,,3811300,1,20261005,,,,,,,,,,,,,,,3,35.157361034013846,139.819,,,1,,,,,,,,,,273,blue,0,0,0
83,,3811330,1,20261005,5652,727,0,,,,,5776,489,0,,,,,3,35.53888903450364,138.885556,,,0,0,0,0,0,0,142,0,0,0,273,blue,6379,6265,12644
83,,3811340,1,20261005,6359,803,0,,,,,6752,593,0,,,,,3,35.60305603458465,138.940833,,,0,0,0,0,0,0,63,0,0,0,273,blue,7162,7345,14507
83,,3811350,1,20261005,14645,2888,0,,,,,16255,2950,0,,,,,3,35.61569396585425,139.627538019939,,,0,0,0,0,0,0,4,0,0,0,273,blue,17533,19205,36738
83,,3811360,1,20261005,11500,4529,0,,,,,13697,4855,0,,,,,3,35.48552503443597,139.460986,,,0,0,0,0,0,22,0,0,0,0,273,blue,16029,18552,34581
83,,3811370,1,20261005,4255,1929,0,,,,,4104,1971,0,,,,,3,35.35857503427389,139.075042,,,0,0,0,0,0,20,0,0,0,0,273,blue,6184,6075,12259
83,,3811390,1,20261005,22175,10307,0,,,,,,,,,,,,3,35.64686740024182,139.854860316246,,,0,0,0,0,0,0,0,0,0,0,273,blue,32482,0,32482
83,,3811401,1,20261005,2,0,0,,,,,,,,,,,,3,35.64792275306184,139.837391468126,,,0,0,0,0,0,0,0,0,0,0,273,blue,2,0,2
83,,3811410,1,20261005,11434,6660,0,,,,,,,,,,,,3,35.6321085640565,139.785108560174,,,0,0,0,0,0,0,0,0,0,0,273,blue,18094,0,18094
83,,3811411,1,20261005,,,,,,,,12139,7812,0,,,,,3,35.63193106766495,139.786372369256,,,0,0,0,0,0,0,14,0,0,0,273,blue,0,19951,19951
83,,3811420,1,20261005,,,,,,,,,,,,,,,3,35.57873713134419,139.756665501316,,,1,0,0,0,0,0,78,0,0,52,273,blue,0,0,0
83,,3811421,1,20261005,,,,,,,,,,,,,,,3,35.573715682248654,139.759184371525,,,1,0,0,0,0,0,0,0,0,0,273,blue,0,0,0
83,,3811430,1,20261005,,,,,,,,,,,,,,,3,35.6138270345982,140.103045,,,1,,,,,,,,,,273,blue,0,0,0
83,,3811440,1,20261005,1612,412,0,,,,,4885,963,0,,,,,3,35.60712645223976,139.747366707275,,,0,0,0,0,0,0,0,0,0,0,273,blue,2024,5848,7872
84,,4810010,1,20261005,23441,4302,0,,,,,22243,3322,0,,,,,3,37.9300000372281,139.134722,,,0,0,0,0,0,0,0,0,0,0,273,blue,27743,25565,53308
84,,4810020,1,20261005,20002,3853,0,,,,,16325,2897,0,,,,,3,37.95278103725094,139.213611,,,0,0,0,0,0,0,0,0,0,0,273,blue,23855,19222,43077
84,,4810040,1,20261005,11714,1340,0,,,,,511,53,0,,,,,3,37.96305603726123,139.3275,,,0,0,0,0,0,0,0,0,0,2,273,blue,13054,564,13618
84,,4810060,1,20261005,2542,339,0,,,,,2784,489,0,,,,,3,38.2550360375481,139.501792,,,0,0,0,0,0,0,0,0,0,0,273,blue,2881,3273,6154
84,,4810070,1,20261005,,,,,,,,,,,,,,,3,38.28200003757407,139.521444,,,1,0,0,0,0,273,273,0,0,0,273,blue,0,0,0
84,,4810080,1,20261005,,,,,,,,,,,,,,,3,38.374925037662884,139.556342,,,1,0,0,0,0,0,0,0,0,0,273,blue,0,0,0
84,,4810090,1,20261005,9953,2555,0,,,,,8795,2508,0,,,,,3,37.5351670368223,138.881569,,,0,0,0,0,0,0,0,0,0,6,273,blue,12508,11303,23811
84,,4810100,1,20261005,11043,1914,0,,,,,12264,2113,0,,,,,3,37.473639036757405,138.880583,,,0,0,0,0,0,0,0,0,0,2,273,blue,12957,14377,27334
84,,4810110,1,20261005,12517,820,0,,,,,12316,604,0,,,,,3,37.459033036741936,138.856414,,,0,0,0,0,0,0,0,0,0,2,273,blue,13337,12920,26257
84,,4810120,1,20261005,12503,1037,0,,,,,14216,1055,0,,,,,3,37.462169036745266,138.845592,,,0,0,0,0,0,0,0,0,0,2,273,blue,13540,15271,28811
84,,4810130,1,20261005,8777,852,0,,,,,9495,778,0,,,,,3,37.44445303672647,138.785889,,,0,0,0,0,0,0,0,0,0,6,273,blue,9629,10273,19902
84,,4810140,1,20261005,5022,687,0,,,,,5016,705,0,,,,,3,37.44069403672249,138.740364,,,0,0,0,0,0,0,0,0,0,3,273,blue,5709,5721,11430
84,,4810150,1,20261005,2779,453,0,,,,,2932,496,0,,,,,3,37.41229403669227,138.674192,,,0,0,0,0,0,0,0,0,0,16,273,blue,3232,3428,6660
84,,4810160,1,20261005,4480,1099,0,,,,,4095,1129,0,,,,,3,37.23896903650589,138.343486,,,0,0,0,0,0,0,0,0,0,3,273,blue,5579,5224,10803
84,,4810170,1,20261005,,,,,,,,,,,,,,,3,37.18690003644924,138.272953,,,1,0,0,0,0,0,0,0,0,4,273,blue,0,0,0
84,,4810180,1,20261005,9816,1585,0,,,,,10267,1367,0,,,,,3,37.17543303643671,138.266805,,,0,0,0,0,0,0,0,0,0,3,273,blue,11401,11634,23035
84,,4810190,1,20261005,10520,1339,0,,,,,11109,1331,0,,,,,3,37.1623530364224,138.247561,,,0,0,0,0,0,0,0,0,0,4,273,blue,11859,12440,24299
84,,4810200,1,20261005,3383,874,0,,,,,3328,855,0,,,,,3,37.105891036360454,137.990565,,,0,0,0,0,0,0,0,0,0,0,273,blue,4257,4183,8440
84,,4810210,1,20261005,4174,1017,0,,,,,4160,807,0,,,,,3,37.08795603634071,137.96033,,,0,0,0,0,0,0,0,0,0,0,273,blue,5191,4967,10158
84,,4810220,1,20261005,3381,723,0,,,,,3725,588,0,,,,,3,37.057208036306754,137.905455,,,0,0,0,0,0,0,0,0,0,0,273,blue,4104,4313,8417
84,,4810230,1,20261005,2874,762,0,,,,,3431,759,0,,,,,3,37.050899036299775,137.885459,,,0,0,0,0,0,0,0,0,0,0,273,blue,3636,4190,7826
84,,4810250,1,20261005,1505,206,0,,,,,1262,80,0,,,,,3,37.05093203629982,137.890368,,,0,0,0,0,0,0,0,0,0,0,273,blue,1711,1342,3053
84,,4810260,1,20261005,4147,1186,0,,,,,4693,870,0,,,,,3,36.9856190362273,138.808078,,,0,0,0,0,0,0,0,0,0,2,273,blue,5333,5563,10896
84,,4810270,1,20261005,2143,414,0,,,,,2163,453,0,,,,,3,37.24858103651632,138.916575,,,0,0,0,0,0,0,0,0,0,96,273,blue,2557,2616,5173
84,,4810280,1,20261005,784,154,0,,,,,734,113,0,,,,,3,37.17036103643117,138.942139,,,0,0,0,0,0,0,0,0,0,114,273,blue,938,847,1785
84,,4810290,1,20261005,5396,1126,0,,,,,5530,1093,0,,,,,3,37.07683703632844,138.265595,,,0,0,0,0,0,0,0,0,0,4,273,blue,6522,6623,13145
84,,4810300,1,20261005,722,388,0,,,,,675,250,0,,,,,3,37.66361103695634,139.536806,,,0,0,0,0,0,0,0,0,0,0,273,blue,1110,925,2035
84,,4810310,1,20261005,7407,878,0,,,,,7260,724,0,,,,,3,37.84055603713779,139.147778,,,0,0,0,0,0,0,0,0,0,0,273,blue,8285,7984,16269
84,,4810330,1,20261005,30079,2744,0,,,,,25552,2662,0,,,,,3,37.8978060371957,139.070722,,,0,0,0,0,0,0,0,0,0,0,273,blue,32823,28214,61037
84,,4810340,1,20261005,1512,598,0,,,,,1476,581,0,,,,,3,37.563464036852,138.734306,,,0,0,0,0,0,0,0,0,0,5,273,blue,2110,2057,4167
84,,4810350,1,20261005,4888,992,0,,,,,4910,1006,0,,,,,3,37.61757803690852,138.825033,,,0,0,0,0,0,0,0,0,0,4,273,blue,5880,5916,11796
84,,4810360,1,20261005,6718,1515,0,,,,,7399,1529,0,,,,,3,37.690358036984,138.885919,,,0,0,0,0,0,0,0,0,0,0,273,blue,8233,8928,17161
84,,4810370,1,20261005,7764,1283,0,,,,,7782,1297,0,,,,,3,37.8052690371019,138.92235,,,0,0,0,0,0,1,1,0,0,1,273,blue,9047,9079,18126
84,,4810380,1,20261005,15927,1993,0,,,,,16086,2094,0,,,,,3,37.86309703716064,138.981,,,0,0,0,0,0,2,2,0,0,0,273,blue,17920,18180,36100
84,,4810395,1,20261005,4022,1160,22,,,,,3593,1216,32,,,,,3,36.691540505894935,136.9116223,,,0,,,,0,12,,,0,0,273,blue,5204,4841,10045
84,,4810406,1,20261005,3616,832,50,,,,,4359,861,113,,,,,3,36.89660103612769,137.444677,,,0,,,,0,1,,,0,0,273,blue,4498,5333,9831
84,,4810410,1,20261005,6226,764,0,,,,,7653,512,0,,,,,3,36.816442036037266,137.41630300000003,,,0,0,0,0,0,81,81,0,0,0,273,blue,6990,8165,15155
84,,4810420,1,20261005,7265,1177,0,,,,,7051,1108,0,,,,,3,36.718606035925916,137.303914,,,0,0,0,0,0,102,102,0,0,6,273,blue,8442,8159,16601
84,,4810430,1,20261005,5838,1223,0,,,,,5520,1026,0,,,,,3,36.71795303592518,137.279328,,,0,0,0,0,0,89,89,0,0,12,273,blue,7061,6546,13607
84,,4810440,1,20261005,9737,1901,0,,,,,9060,1747,0,,,,,3,36.72027203592783,137.263083,,,0,0,0,0,0,24,24,0,0,2,273,blue,11638,10807,22445
84,,4810445,1,20261005,14740,2894,82,,,,,13841,2462,219,,,,,3,36.73017862593915,137.18171158,,,0,,,,0,1,,,0,0,273,blue,17716,16522,34238
84,,4810447,1,20261005,9166,1537,47,,,,,10584,1675,131,,,,,3,36.72863947593739,137.12486156,,,0,,,,0,1,,,0,0,273,blue,10750,12390,23140
84,,4810454,1,20261005,10934,1349,657,,,,,12179,1145,4,,,,,3,36.744673195955684,136.99179584,,,0,,,,0,1,,,0,0,273,blue,12940,13328,26268
84,,4810460,1,20261005,,,,,,,,,,,,,,,3,36.68745003589023,136.855675,,,1,0,0,0,0,90,90,0,0,5,273,blue,0,0,0
84,,4810462,1,20261005,1642,400,6,,,,,505,33,1,,,,,3,36.525710035703334,137.22999,,,0,,,,0,29,,,0,0,273,blue,2048,539,2587
84,,4810463,1,20261005,2276,455,169,,,,,2558,453,4,,,,,3,36.53609652571542,137.23114399,,,0,,,,0,16,,,0,0,273,blue,2900,3015,5915
84,,4810470,1,20261005,,,,,,,,,,,,,,,3,36.69575603589977,137.237889,,,1,0,0,0,0,0,0,0,0,0,273,blue,0,0,0
84,,4810480,1,20261005,2136,219,0,,,,,2129,310,0,,,,,3,36.580522035767004,136.965706,,,0,0,0,0,0,101,101,0,0,0,273,blue,2355,2439,4794
84,,4810485,1,20261005,6343,282,36,,,,,6879,272,27,,,,,3,36.68510836918755,136.9765361111,,,0,,,,0,1,,,0,0,273,blue,6661,7178,13839
84,,4810490,1,20261005,3379,100,0,,,,,3766,115,0,,,,,3,36.74530803595641,137.01085,,,0,0,0,0,0,82,82,0,0,1,273,blue,3479,3881,7360
84,,4810500,1,20261005,371,54,0,,,,,149,24,0,,,,,3,36.91246103614551,137.019489,,,0,0,0,0,0,192,192,0,0,3,273,blue,425,173,598
84,,4810510,1,20261005,,,,,,,,,,,,,,,3,36.84943603607457,136.97895,,,1,,,,,,,,,,273,blue,0,0,0
84,,4810530,1,20261005,16460,2160,0,,,,,16904,2525,0,,,,,3,36.44611103561032,136.488056,,,0,0,0,0,0,0,0,0,0,0,273,blue,18620,19429,38049
84,,4810550,1,20261005,7000,1505,0,,,,,6860,1519,0,,,,,3,36.32672203546954,136.41169500000004,,,0,0,0,0,0,0,0,0,0,5,273,blue,8505,8379,16884
84,,4810570,1,20261005,10477,1148,0,,,,,10367,798,0,,,,,3,36.571667035756725,136.655556,,,0,0,0,0,0,0,0,0,0,3,273,blue,11625,11165,22790
84,,4810580,1,20261005,10342,393,0,,,,,3978,132,0,,,,,3,36.54430803572498,136.640516,,,0,0,0,0,0,0,0,0,0,2,273,blue,10735,4110,14845
84,,4810590,1,20261005,14822,400,0,,,,,15451,404,0,,,,,3,36.54061903572069,136.623128,,,0,0,0,0,0,0,0,0,0,3,273,blue,15222,15855,31077
84,,4810600,1,20261005,4417,378,0,,,,,4548,445,0,,,,,3,37.04041903628817,136.969305,,,0,0,0,0,0,0,0,0,0,0,273,blue,4795,4993,9788
84,,4810610,1,20261005,,,,,,,,,,,,,,,3,36.90469303613679,136.830093,,,1,,,,,,,,,,273,blue,0,0,0
84,,4810620,1,20261005,1803,173,0,,,,,1676,259,0,,,,,3,36.86972803609746,136.79694700000002,,,0,0,0,0,0,0,0,0,0,0,273,blue,1976,1935,3911
84,,4810630,1,20261005,9507,181,0,,,,,6099,115,0,,,,,3,36.560782035744104,136.677711,,,0,0,0,0,0,0,0,0,0,1,273,blue,9688,6214,15902
85,22,5810060,1,20261005,1296,792,,,,,,1187,622,,,,,,3,34.90554603368308,138.270337,,,0,,0,,0,0,0,0,,0,273,blue,2088,1809,3897
85,22,5810080,1,20261005,3884,2461,,,,,,8511,3355,,,,,,3,34.84454203360207,138.151981,,,0,,0,,0,0,0,0,,0,273,blue,6345,11866,18211
85,22,5810090,1,20261005,,,,,,,,,,,,,,,3,34.78638703352455,138.050184,,,1,,0,,0,0,0,0,,0,273,blue,0,0,0
85,22,5810110,1,20261005,27634,7962,,,,,,24605,6947,,,,,,3,34.76273603349293,137.969553,,,0,,0,,0,0,0,0,,0,273,blue,35596,31552,67148
85,23,5810190,1,20261005,5437,1274,,,,,,6194,971,,,,,,3,35.11388803395716,136.734972,,,0,,0,,0,0,0,0,,0,273,blue,6711,7165,13876
85,24,5810210,1,20261005,4660,2508,,,,,,4806,2651,,,,,,3,34.86311003362677,136.47097,,,0,,0,,0,0,0,0,,0,273,blue,7168,7457,14625
85,21,5810280,1,20261005,12101,1281,,,,,,9868,953,,,,,,3,35.365972034283374,137.22477800000001,,,0,,0,,0,0,0,0,,0,273,blue,13382,10821,24203
85,21,5810330,1,20261005,10100,1460,,,,,,9755,1611,,,,,,3,35.44925903438983,137.419698,,,0,,0,,0,0,0,0,,0,273,blue,11560,11366,22926
85,21,5810340,1,20261005,7103,1096,,,,,,7678,1739,,,,,,3,35.45966703440309,137.442028,,,0,,0,,0,0,0,0,,0,273,blue,8199,9417,17616
85,21,5810350,1,20261005,4623,1107,,,,,,15313,2297,,,,,,3,35.51200003446958,137.521639,,,0,,0,,0,0,0,0,,0,273,blue,5730,17610,23340
85,21,5810360,1,20261005,2731,951,,,,,,2755,1093,,,,,,3,35.581250034557165,137.537222,,,0,,0,,0,0,0,0,,0,273,blue,3682,3848,7530
85,21,5810370,1,20261005,3320,607,,,,,,2887,933,,,,,,3,35.81618803485076,137.683244,,,0,,0,,0,0,0,0,,0,273,blue,3927,3820,7747
85,21,5810380,1,20261005,3501,1325,,,,,,2038,1068,,,,,,3,35.91502403497266,137.77069,,,0,,0,,0,0,0,0,,0,273,blue,4826,3106,7932
85,21,5810390,1,20261005,1850,903,,,,,,1488,595,,,,,,3,35.93471103499681,137.786917,,,0,,0,,0,0,0,0,,0,273,blue,2753,2083,4836
85,21,5810420,1,20261005,4395,1162,,,,,,4292,910,,,,,,3,35.37572803429589,137.190676,,,0,,0,,0,0,0,0,,0,273,blue,5557,5202,10759
85,21,5810440,1,20261005,3897,808,,,,,,3811,653,,,,,,3,35.426917034361345,137.132361,,,0,,0,,0,0,0,0,,0,273,blue,4705,4464,9169
85,21,5810470,1,20261005,6441,847,,,,,,5770,939,,,,,,3,35.418612034350744,136.946394,,,0,,0,,0,0,0,0,,0,273,blue,7288,6709,13997
85,21,5810510,1,20261005,1522,437,,,,,,1544,262,,,,,,3,35.37112003428997,136.453326,,,0,,0,,0,0,0,0,,0,273,blue,1959,1806,3765
85,23,5810530,1,20261005,8793,4339,,,,,,7484,2861,,,,,,3,34.696128033403625,137.40686,,,0,,0,,0,0,0,0,,0,273,blue,13132,10345,23477
85,23,5810570,1,20261005,9070,3455,,,,,,8244,4404,,,,,,3,34.84938803360853,137.221222,,,0,,0,,0,0,0,0,,0,273,blue,12525,12648,25173
85,23,5810580,1,20261005,10729,5643,,,,,,23,9,,,,,,3,34.84869403360759,137.197416,,,0,,0,,0,0,0,0,,0,273,blue,16372,32,16404
85,23,5810620,1,20261005,17935,9162,,,,,,15675,7452,,,,,,3,35.10119403394058,136.86925,,,0,,0,,0,0,0,0,,0,273,blue,27097,23127,50224
85,24,5810670,1,20261005,11047,1853,,,,,,12573,1359,,,,,,3,34.65002003334157,136.51956,,,0,,0,,0,0,0,0,,0,273,blue,12900,13932,26832
85,24,5810680,1,20261005,9459,2705,,,,,,9840,1910,,,,,,3,34.71907003343443,136.4716,,,0,,0,,0,0,0,0,,0,273,blue,12164,11750,23914
85,24,5810690,1,20261005,10675,2240,,,,,,10875,2225,,,,,,3,34.64712003333765,136.49449,,,0,,0,,0,0,0,0,,0,273,blue,12915,13100,26015
85,24,5810700,1,20261005,6052,5288,,,,,,7863,7710,,,,,,3,34.850220033609624,136.416645,,,0,,0,,0,2,2,0,,0,273,blue,11340,15573,26913
85,24,5810730,1,20261005,11401,9240,,,,,,12035,7349,,,,,,3,34.62822503331218,135.986212,,,0,,0,,0,0,0,0,,0,273,blue,20641,19384,40025
85,21,5810760,1,20261005,2902,628,,,,,,2962,460,,,,,,3,35.55276203452119,137.177488,,,0,,0,,0,0,0,0,,0,273,blue,3530,3422,6952
85,21,5810770,1,20261005,1060,285,,,,,,1031,273,,,,,,3,35.64602003463866,137.169715,,,0,,0,,0,0,0,0,,0,273,blue,1345,1304,2649
85,21,5810780,1,20261005,1892,463,,,,,,2113,620,,,,,,3,35.667031034665,137.162564,,,0,,0,,0,0,0,0,,0,273,blue,2355,2733,5088
85,21,5810790,1,20261005,1535,516,,,,,,1592,468,,,,,,3,35.74291003475978,137.208481,,,0,,0,,0,0,0,0,,0,273,blue,2051,2060,4111
85,21,5810800,1,20261005,1828,773,,,,,,1877,636,,,,,,3,35.77947703480525,137.252586,,,0,,0,,0,2,2,0,,0,273,blue,2601,2513,5114
85,21,5810810,1,20261005,3492,799,,,,,,3742,840,,,,,,3,35.83471903487371,137.232014,,,0,,0,,0,0,0,0,,0,273,blue,4291,4582,8873
85,21,5810830,1,20261005,740,166,,,,,,2144,578,,,,,,3,36.02357503510535,137.294767,,,0,,0,,0,0,0,0,,0,273,blue,906,2722,3628
85,21,5810840,1,20261005,4311,239,,,,,,4583,655,,,,,,3,36.10871303520861,137.266233,,,0,,0,,0,0,0,0,,0,273,blue,4550,5238,9788
85,21,5810850,1,20261005,6229,1052,,,,,,5189,727,,,,,,3,36.12373303522673,137.258932,,,0,,0,,0,0,0,0,,0,273,blue,7281,5916,13197
85,21,5810860,1,20261005,1651,538,,,,,,1839,699,,,,,,3,36.25072803537914,137.162845,,,0,,0,,0,0,0,0,,0,273,blue,2189,2538,4727
85,21,5810880,1,20261005,997,261,,,,,,1039,256,,,,,,3,36.31423303545473,137.259675,,,0,,0,,0,0,0,0,,0,273,blue,1258,1295,2553
85,24,5810890,1,20261005,3041,387,,,,,,3724,627,,,,,,3,34.407524733012174,136.4423714,,,0,,0,,0,0,0,0,,0,273,blue,3428,4351,7779
85,24,5810900,1,20261005,1171,231,,,,,,1089,115,,,,,,3,34.1617406326732,136.2779067,,,0,,0,,0,0,0,0,,0,273,blue,1402,1204,2606
85,24,5810920,1,20261005,1564,287,,,,,,1767,372,,,,,,3,34.05028613251784,136.1958331,,,0,,0,,0,0,0,0,,0,273,blue,1851,2139,3990
85,24,5810930,1,20261005,165,17,,,,,,216,32,,,,,,3,33.98629813242818,136.1080803,,,0,,0,,0,0,0,0,,0,273,blue,182,248,430
85,24,5810940,1,20261005,510,360,,,,,,723,208,,,,,,3,33.93298113235323,136.0940822,,,0,,0,,0,12,12,0,,0,273,blue,870,931,1801
85,24,5810960,1,20261005,2069,418,,,,,,1996,506,,,,,,3,34.00152563244955,136.1851117,,,0,,0,,0,0,0,0,,0,273,blue,2487,2502,4989
85,24,5810970,1,20261005,1858,486,,,,,,1867,449,,,,,,3,33.942137832366114,136.1524581,,,0,,0,,0,0,0,0,,0,273,blue,2344,2316,4660
85,24,5810980,1,20261005,2174,576,,,,,,2170,535,,,,,,3,33.92889863234747,136.1381858,,,0,,0,,0,0,0,0,,0,273,blue,2750,2705,5455
85,24,5810990,1,20261005,2634,186,,,,,,2422,313,,,,,,3,33.74057583208088,135.9955167,,,0,,0,,0,0,0,0,,0,273,blue,2820,2735,5555
85,24,5811000,1,20261005,2801,648,,,,,,2780,623,,,,,,1,34.10420863259313,136.1948133,,,0,,0,,0,2,2,0,,0,273,blue,3449,3403,6852
85,22,5811020,1,20261005,1164,445,,,,,,1234,569,,,,,,3,35.15084103400535,138.522379,,,0,,0,,0,0,0,0,,0,273,blue,1609,1803,3412
85,22,5811030,1,20261005,1353,380,,,,,,1415,531,,,,,,3,35.15470103401037,138.520314,,,0,,0,,0,0,0,0,,0,273,blue,1733,1946,3679
85,22,5811040,1,20261005,,,,,,,,,,,,,,,3,35.19272303405982,138.529894,,,1,,0,,0,0,0,0,,15,273,blue,0,0,0
85,22,5811050,1,20261005,2489,439,,,,,,2940,426,,,,,,3,35.37095103428976,138.860418,,,0,,0,,0,0,0,0,,0,273,blue,2928,3366,6294
85,23,5811110,1,20261005,1914,317,,,,,,2218,305,,,,,,3,35.135027033984734,137.309194,,,0,,0,,0,0,0,0,,0,273,blue,2231,2523,4754
85,23,5811120,1,20261005,2151,473,,,,,,2825,471,,,,,,3,35.149777034003954,137.332722,,,0,,0,,0,0,0,0,,0,273,blue,2624,3296,5920
85,23,5811130,1,20261005,1126,610,,,,,,1682,271,,,,,,3,35.1700830340304,137.406805,,,0,,0,,0,0,0,0,,0,273,blue,1736,1953,3689
85,23,5811140,1,20261005,750,238,,,,,,805,233,,,,,,3,35.221388034097004,137.524166,,,0,,0,,0,0,0,0,,0,273,blue,988,1038,2026
85,21,5811150,1,20261005,3354,546,,,,,,2855,649,,,,,,3,35.46219703440631,137.756093,,,0,,0,,0,0,0,0,,0,273,blue,3900,3504,7404
85,21,5811160,1,20261005,3979,757,,,,,,3529,587,,,,,,3,35.50206103445697,137.792544,,,0,,0,,0,2,2,0,,0,273,blue,4736,4116,8852
85,23,5811170,1,20261005,2863,702,,,,,,3056,673,,,,,,3,35.21055503408296,137.106666,,,0,,0,,0,0,0,0,,0,273,blue,3565,3729,7294
85,21,5811190,1,20261005,2584,554,,,,,,2591,369,,,,,,3,35.601941034583234,136.937212,,,0,,0,,0,0,0,0,,0,273,blue,3138,2960,6098
85,21,5811230,1,20261005,3075,648,,,,,,2750,615,,,,,,3,36.13868903524477,137.164639,,,0,,0,,0,0,0,0,,0,273,blue,3723,3365,7088
85,21,5811240,1,20261005,2349,438,,,,,,2195,496,,,,,,3,36.16135703527206,137.222749,,,0,,0,,0,0,0,0,,0,273,blue,2787,2691,5478
85,22,5811250,1,20261005,2102,519,,,,,,6491,1751,,,,,,3,35.312573034214765,138.927446,,,0,,0,,0,0,0,0,,0,273,blue,2621,8242,10863
85,21,5811270,1,20261005,2857,1321,,,,,,2766,1215,,,,,,3,35.23023303410846,136.596679,,,0,,0,,0,0,0,0,,0,273,blue,4178,3981,8159
85,21,5811330,1,20261005,961,298,,,,,,1083,254,,,,,,3,35.46731303441282,137.78409,,,0,,0,,0,2,2,0,,0,273,blue,1259,1337,2596
86,,6810010,1,20261005,1814,1652,,,,,,1984,1318,,,,,,3,34.89694403367168,136.336111,,,0,,0,,0,0,0,0,,0,273,blue,3466,3302,6768
86,,6810020,1,20261005,,,,,,,,,,,,,,,3,34.97777803377855,135.901667,,,1,,0,,0,0,0,0,,0,273,blue,0,0,0
86,,6810030,1,20261005,,,,,,,,,,,,,,,3,35.00527803381478,136.094722,,,1,,0,,0,273,273,0,,0,273,blue,0,0,0
86,,6810060,1,20261005,0,0,,,,,,14769,2845,,,,,,3,34.986389033789905,135.75305600000002,,,0,,0,,0,0,0,0,,0,273,blue,0,17614,17614
86,,6810089,1,20261005,,,,,,,,,,,,,,,3,34.978118033779,135.908546,,,1,,0,,0,0,0,0,,0,273,blue,0,0,0
86,,6810090,1,20261005,3968,1352,,,,,,0,0,,,,,,3,34.83138903358458,135.72305600000004,,,0,,0,,0,0,0,0,,0,273,blue,5320,0,5320
86,,6810100,1,20261005,0,0,,,,,,3586,1221,,,,,,3,34.83138903358458,135.723889,,,0,,0,,0,0,0,0,,0,273,blue,0,4807,4807
86,,6810105,1,20261005,12989,2863,,,,,,11121,2374,,,,,,3,34.71411113342777,135.4489722,,,0,,0,,0,0,0,0,,0,273,blue,15852,13495,29347
86,,6810111,1,20261005,9235,1315,,,,,,10501,1292,,,,,,3,34.6429970333321,135.019846,,,0,,0,,0,0,0,0,,0,273,blue,10550,11793,22343
86,,6810130,1,20261005,1515,2484,,,,,,1627,2076,,,,,,3,34.842500033599364,134.330556,,,0,,0,,0,0,0,0,,0,273,blue,3999,3703,7702
86,,6810135,1,20261005,4051,1296,,,,,,3133,1072,,,,,,3,36.18333336529846,136.26777780000003,,,0,,0,,0,0,0,0,,0,273,blue,5347,4205,9552
86,,6810140,1,20261005,8507,2133,,,,,,7479,2474,,,,,,3,36.14305603525003,136.263889,,,0,,0,,0,0,0,0,,0,273,blue,10640,9953,20593
86,,6810150,1,20261005,,,,,,,,,,,,,,,3,36.0772220351705,136.244444,,,1,,0,,0,0,0,0,,0,273,blue,0,0,0
86,,6810160,1,20261005,9295,3878,,,,,,9600,3517,,,,,,3,36.02444403510641,136.218333,,,0,,0,,0,0,0,0,,0,273,blue,13173,13117,26290
86,,6810165,1,20261005,16715,2341,,,,,,25,3,,,,,,3,35.980555595052905,136.1958333,,,0,,0,,0,0,0,0,,0,273,blue,19056,28,19084
86,,6810170,1,20261005,,,,,,,,,,,,,,,3,35.95555603502233,136.188889,,,1,,0,,0,0,0,0,,0,273,blue,0,0,0
86,,6810180,1,20261005,5431,1442,,,,,,4894,1011,,,,,,3,35.878333034927515,136.169444,,,0,,0,,0,0,0,0,,0,273,blue,6873,5905,12778
86,,6810190,1,20261005,,,,,,,,,,,,,,,3,35.719444034730536,136.094722,,,1,,0,,0,0,0,0,,0,273,blue,0,0,0
86,,6810200,1,20261005,989,191,,,,,,1004,218,,,,,,3,35.66555603466316,136.083056,,,0,,0,,0,0,0,0,,0,273,blue,1180,1222,2402
86,,6810220,1,20261005,1240,672,,,,,,1427,588,,,,,,3,35.60416703458605,136.107222,,,0,,0,,0,0,0,0,,0,273,blue,1912,2015,3927
86,,6810230,1,20261005,788,1031,,,,,,1120,650,,,,,,3,35.57603003455058,136.122756,,,0,,0,,0,0,0,0,,0,273,blue,1819,1770,3589
86,,6810240,1,20261005,3886,1407,,,,,,3313,1147,,,,,,3,35.512778034470564,136.173333,,,0,,0,,0,0,0,0,,0,273,blue,5293,4460,9753
86,,6810241,1,20261005,2844,1187,,,,,,1843,1482,,,,,,3,35.4322160343681,136.245092,,,0,,0,,0,0,0,0,,0,273,blue,4031,3325,7356
86,,6810250,1,20261005,6870,2445,,,,,,7245,2137,,,,,,3,35.27555603416706,136.269444,,,0,,0,,0,0,0,0,,0,273,blue,9315,9382,18697
86,,6810260,1,20261005,5489,1989,,,,,,5146,1732,,,,,,3,35.11611103396005,136.128333,,,0,,0,,0,0,0,0,,0,273,blue,7478,6878,14356
86,,6810270,1,20261005,5726,1536,,,,,,5834,1878,,,,,,3,35.091944033928485,136.089722,,,0,,0,,0,0,0,0,,0,273,blue,7262,7712,14974
86,,6810280,1,20261005,667,157,,,,,,1573,784,,,,,,3,35.66000003465618,136.084722,,,0,,0,,0,0,0,0,,0,273,blue,824,2357,3181
86,,6810290,1,20261005,9861,2230,,,,,,14094,2207,,,,,,3,34.996111033802705,135.722222,,,0,,0,,0,0,0,0,,0,273,blue,12091,16301,28392
86,,6810300,1,20261005,0,0,,,,,,1825,223,,,,,,3,34.981944033784046,135.693056,,,0,,0,,0,0,0,0,,0,273,blue,0,2048,2048
86,,6810310,1,20261005,10820,1697,,,,,,0,0,,,,,,3,34.981944033784046,135.692917,,,0,,0,,0,0,0,0,,0,273,blue,12517,0,12517
86,,6810320,1,20261005,6179,812,,,,,,4542,1077,,,,,,3,34.992500033797945,135.64750000000004,,,0,,0,,0,0,0,0,,0,273,blue,6991,5619,12610
86,,6810330,1,20261005,9714,1734,,,,,,9388,1862,,,,,,3,34.989722033794294,135.636667,,,0,,0,,0,0,0,0,,0,273,blue,11448,11250,22698
86,,6810335,1,20261005,5473,1050,,,,,,4919,854,,,,,,3,35.488936034440314,135.756215,,,0,,0,,0,0,0,0,,0,273,blue,6523,5773,12296
86,,6810340,1,20261005,553,87,,,,,,714,248,,,,,,3,35.12222203396803,135.439444,,,0,,0,,0,0,0,0,,0,273,blue,640,962,1602
86,,6810343,1,20261005,,,,,,,,,,,,,,,3,35.18777781405339,135.3219444,,,1,,0,,0,0,0,0,,0,273,blue,0,0,0
86,,6810344,1,20261005,3113,768,,,,,,3743,886,,,,,,3,35.24583336412865,135.2161111,,,0,,0,,0,0,0,0,,0,273,blue,3881,4629,8510
86,,6810346,1,20261005,1926,448,,,,,,1700,512,,,,,,3,35.28305559417674,135.1777778,,,0,,0,,0,0,0,0,,0,273,blue,2374,2212,4586
86,,6810348,1,20261005,6363,1295,,,,,,5043,1263,,,,,,3,35.3139820342166,135.101491,,,0,,0,,0,0,0,0,,0,273,blue,7658,6306,13964
86,,6810360,1,20261005,778,741,,,,,,1105,331,,,,,,3,35.333611034241834,134.917222,,,0,,0,,0,0,0,0,,0,273,blue,1519,1436,2955
86,,6810365,1,20261005,3311,1204,,,,,,3665,956,,,,,,3,36.25913403538918,136.286774,,,0,,0,,0,0,0,0,,0,273,blue,4515,4621,9136
86,,6810370,1,20261005,2075,641,,,,,,2173,411,,,,,,3,35.38305603430526,134.671667,,,0,,0,,0,0,0,0,,0,273,blue,2716,2584,5300
86,,6810390,1,20261005,2182,605,,,,,,2261,359,,,,,,3,35.48083303443001,134.585278,,,0,,0,,0,0,0,0,,0,273,blue,2787,2620,5407
86,,6810400,1,20261005,1295,471,,,,,,1136,453,,,,,,3,35.50388903445929,134.533889,,,0,,0,,0,0,0,0,,0,273,blue,1766,1589,3355
86,,6810410,1,20261005,,,,,,,,,,,,,,,3,35.5247220344857,134.4275,,,0,,0,,0,0,0,0,,273,273,blue,0,0,0
86,,6810420,1,20261005,3355,1386,,,,,,3103,1219,,,,,,3,35.33111103423862,136.352222,,,0,,0,,0,0,0,0,,0,273,blue,4741,4322,9063
86,,6810450,1,20261005,6981,611,,,,,,3027,153,,,,,,3,34.229683032767404,135.169164,,,0,,0,,0,0,0,0,,0,273,blue,7592,3180,10772
86,,6810492,1,20261005,5385,1771,,,,,,5462,1300,,,,,,3,34.5749167332401,135.6647778,,,0,,0,,0,0,0,0,,0,273,blue,7156,6762,13918
86,,6810500,1,20261005,,,,,,,,,,,,,,,3,34.58000003324698,135.466581,,,1,,0,,0,0,0,0,,0,273,blue,0,0,0
86,,6810510,1,20261005,,,,,,,,,,,,,,,3,34.5797220332466,135.466581,,,1,,0,,0,0,0,0,,0,273,blue,0,0,0
86,,6810540,1,20261005,,,,,,,,,,,,,,,3,34.36000003294702,135.269444,,,1,,0,,0,0,0,0,,0,273,blue,0,0,0
86,,6810550,1,20261005,,,,,,,,,,,,,,,3,34.32270003289575,135.19756,,,1,,0,,0,0,0,0,,0,273,blue,0,0,0
86,,6810551,1,20261005,7255,2107,,,,,,6404,1367,,,,,,3,34.32488893289876,135.1913056,,,0,,0,,0,0,0,0,,0,273,blue,9362,7771,17133
86,,6810552,1,20261005,3766,878,,,,,,4145,947,,,,,,3,34.31283333288218,135.1605,,,0,,0,,0,0,0,0,,0,273,blue,4644,5092,9736
86,,6810560,1,20261005,,,,,,,,,,,,,,,3,34.24805603279281,135.175,,,1,,0,,0,0,0,0,,0,273,blue,0,0,0
86,,6810580,1,20261005,5186,552,,,,,,2901,368,,,,,,3,35.633611034623065,136.021389,,,0,,0,,0,0,0,0,,0,273,blue,5738,3269,9007
86,,6810590,1,20261005,2187,570,,,,,,2430,350,,,,,,3,35.58083303455663,135.910417,,,0,,0,,0,0,0,0,,0,273,blue,2757,2780,5537
86,,6810610,1,20261005,2949,759,,,,,,2741,787,,,,,,3,35.469444034415524,135.825,,,0,,0,,0,0,0,0,,0,273,blue,3708,3528,7236
86,,6810620,1,20261005,3013,344,,,,,,3785,660,,,,,,3,35.483056034432835,135.666111,,,0,,0,,0,0,0,0,,0,273,blue,3357,4445,7802
86,,6810630,1,20261005,,,,,,,,,,,,,,,3,35.48805603443919,135.595833,,,1,,0,,0,0,0,0,,0,273,blue,0,0,0
86,,6810660,1,20261005,3720,946,,,,,,2650,1229,,,,,,3,35.48083303443001,135.421389,,,0,,0,,0,0,0,0,,0,273,blue,4666,3879,8545
86,,6810667,1,20261005,3020,241,,,,,,7193,1324,,,,,,3,35.46027781440387,135.3566667,,,0,,0,,0,0,0,0,,0,273,blue,3261,8517,11778
86,,6810670,1,20261005,4473,1250,,,,,,4438,1206,,,,,,3,35.414167034345056,135.333056,,,0,,0,,0,0,0,0,,0,273,blue,5723,5644,11367
86,,6810671,1,20261005,5001,891,,,,,,4662,1035,,,,,,3,35.37888892429992,135.3169444,,,0,,0,,0,0,0,0,,0,273,blue,5892,5697,11589
86,,6810730,1,20261005,7076,2298,,,,,,7277,2604,,,,,,3,34.85305603361341,134.605278,,,0,,0,,0,0,0,0,,0,273,blue,9374,9881,19255
86,,6810740,1,20261005,4303,950,,,,,,3906,1177,,,,,,3,34.87691203364509,134.61312,,,0,,0,,0,0,0,0,,0,273,blue,5253,5083,10336
86,,6810750,1,20261005,3619,714,,,,,,3113,675,,,,,,3,35.07068203390065,134.587422,,,0,,0,,0,0,0,0,,0,273,blue,4333,3788,8121
86,,6810760,1,20261005,1332,320,,,,,,1336,133,,,,,,3,35.145672033998615,134.539014,,,0,,0,,0,0,0,0,,0,273,blue,1652,1469,3121
86,,6810770,1,20261005,5083,1352,,,,,,3959,752,,,,,,3,33.692375032012194,135.984591,,,0,,0,,0,0,0,0,,0,273,blue,6435,4711,11146
86,,6810780,1,20261005,,,,,,,,,,,,,,,3,33.61777803190555,135.927061,,,1,,0,,0,0,0,0,,0,273,blue,0,0,0
86,,6810790,1,20261005,,,,,,,,,,,,,,,3,33.56853903183492,135.910197,,,1,,0,,0,0,0,0,,0,273,blue,0,0,0
86,,6810800,1,20261005,,,,,,,,,,,,,,,3,33.50323103174097,135.806228,,,1,,0,,0,0,0,0,,0,273,blue,0,0,0
86,,6810810,1,20261005,2071,725,,,,,,2145,663,,,,,,3,33.48392803171314,135.760481,,,0,,0,,0,0,0,0,,0,273,blue,2796,2808,5604
86,,6810820,1,20261005,,,,,,,,,,,,,,,3,33.509890031750565,135.60639100000003,,,1,,0,,0,0,0,0,,0,273,blue,0,0,0
86,,6810830,1,20261005,,,,,,,,,,,,,,,3,33.51850003176297,135.57,,,1,,0,,0,0,0,0,,0,273,blue,0,0,0
86,,6810840,1,20261005,1313,396,,,,,,838,58,,,,,,3,33.554167031814266,135.458889,,,0,,0,,0,0,0,0,,0,273,blue,1709,896,2605
86,,6810850,1,20261005,2793,417,,,,,,407,25,,,,,,3,33.70273603202697,135.411942,,,0,,0,,0,0,0,0,,0,273,blue,3210,432,3642
86,,6810860,1,20261005,9568,738,,,,,,6641,782,,,,,,3,33.72250003205514,135.404722,,,0,,0,,0,0,0,0,,0,273,blue,10306,7423,17729
86,,6810880,1,20261005,,,,,,,,,,,,,,,3,33.748889032092684,135.3275,,,1,,0,,0,0,0,0,,0,273,blue,0,0,0
86,,6810890,1,20261005,3003,360,,,,,,2935,696,,,,,,3,33.7811110321385,135.3025,,,0,,0,,0,0,0,0,,0,273,blue,3363,3631,6994
86,,6810900,1,20261005,3740,368,,,,,,3410,532,,,,,,3,33.91892803233343,135.146508,,,0,,0,,0,0,0,0,,0,273,blue,4108,3942,8050
86,,6810910,1,20261005,3269,469,,,,,,9,0,,,,,,3,33.94659203237239,135.12965,,,0,,0,,0,0,0,0,,0,273,blue,3738,9,3747
86,,6810920,1,20261005,6889,1291,,,,,,5771,887,,,,,,3,34.04305603250771,135.189722,,,0,,0,,0,0,0,0,,0,273,blue,8180,6658,14838
86,,6810930,1,20261005,,,,,,,,,,,,,,,3,34.047035032513286,135.189167,,,1,,0,,0,0,0,0,,0,273,blue,0,0,0
86,,6810950,1,20261005,,,,,,,,,,,,,,,3,34.19539403271991,135.169583,,,1,,0,,0,0,0,0,,0,273,blue,0,0,0
86,,6810960,1,20261005,909,314,,,,,,6245,1224,,,,,,3,33.74962803209376,135.359472,,,0,,0,,0,0,0,0,,0,273,blue,1223,7469,8692
86,,6810980,1,20261005,,,,,,,,,,,,,,,3,34.652222033344536,135.48972200000003,,,1,,0,,0,0,0,0,,0,273,blue,0,0,0
86,,6810990,1,20261005,,,,,,,,,,,,,,,3,35.551944034520155,136.098333,,,1,,0,,0,0,0,0,,0,273,blue,0,0,0
86,,6811000,1,20261005,1111,661,,,,,,1141,681,,,,,,3,35.530000034492396,136.094444,,,0,,0,,0,0,0,0,,0,273,blue,1772,1822,3594
86,,6811010,1,20261005,2775,933,,,,,,2005,855,,,,,,3,35.47888903442754,136.083056,,,0,,0,,0,0,0,0,,0,273,blue,3708,2860,6568
86,,6811020,1,20261005,1653,474,,,,,,1479,610,,,,,,3,35.39750003432375,136.024722,,,0,,0,,0,0,0,0,,0,273,blue,2127,2089,4216
86,,6811030,1,20261005,12771,5519,,,,,,10483,3395,,,,,,3,35.28722203418211,136.018056,,,0,,0,,0,0,0,0,,0,273,blue,18290,13878,32168
86,,6811040,1,20261005,3134,2152,,,,,,4762,1766,,,,,,3,35.24777803413116,135.960556,,,0,,0,,0,0,0,0,,0,273,blue,5286,6528,11814
86,,6811050,1,20261005,,,,,,,,,,,,,,,3,35.237778034118236,135.943333,,,1,,0,,0,273,273,0,,0,273,blue,0,0,0
86,,6811080,1,20261005,,,,,,,,,,,,,,,3,34.71861103343382,135.569444,,,1,,0,,0,0,0,0,,0,273,blue,0,0,0
86,,6811120,1,20261005,1152,175,,,,,,2979,937,,,,,,3,35.0725560339031,135.008778,,,0,,0,,0,0,0,0,,0,273,blue,1327,3916,5243
86,,6811130,1,20261005,2926,1149,,,,,,2839,582,,,,,,3,35.12139403396696,135.005953,,,0,,0,,0,0,0,0,,0,273,blue,4075,3421,7496
86,,6811150,1,20261005,,,,,,,,,,,,,,,3,35.16055603401799,135.066111,,,0,,0,,0,0,0,0,,273,273,blue,0,0,0
86,,6811160,1,20261005,,,,,,,,,,,,,,,3,35.23305603411212,135.020833,,,0,,0,,0,0,0,0,,273,273,blue,0,0,0
86,,6811165,1,20261005,2434,1402,,,,,,2106,1070,,,,,,3,35.28748503418245,134.977245,,,0,,0,,0,0,0,0,,0,273,blue,3836,3176,7012
86,,6811170,1,20261005,,,,,,,,,,,,,,,3,35.29111103418713,134.970556,,,0,,0,,0,0,0,0,,273,273,blue,0,0,0
86,,6811180,1,20261005,,,,,,,,,,,,,,,3,35.30305603420252,134.92,,,0,,0,,0,0,0,0,,273,273,blue,0,0,0
86,,6811190,1,20261005,,,,,,,,,,,,,,,3,35.34500003425647,134.801111,,,0,,0,,0,0,0,0,,273,273,blue,0,0,0
86,,6811200,1,20261005,,,,,,,,,,,,,,,3,35.36333303427999,134.759167,,,0,,0,,0,0,0,0,,273,273,blue,0,0,0
86,,6811210,1,20261005,4159,555,,,,,,4914,524,,,,,,3,35.49942303445363,134.790538,,,0,,0,,0,0,0,0,,0,273,blue,4714,5438,10152
86,,6811220,1,20261005,3653,501,,,,,,3476,507,,,,,,3,35.474942034422526,134.764925,,,0,,0,,0,0,0,0,,0,273,blue,4154,3983,8137
86,,6811230,1,20261005,3455,626,,,,,,3394,676,,,,,,3,35.43722003437449,134.767839,,,0,,0,,0,7,7,0,,0,273,blue,4081,4070,8151
86,,6811260,1,20261005,6424,1368,,,,,,7432,2010,,,,,,3,35.01754603383091,136.023618,,,0,,0,,0,0,0,0,,0,273,blue,7792,9442,17234
86,,6811310,1,20261005,27801,6942,,,,,,25726,7030,,,,,,3,34.78856603352747,134.816183,,,0,,0,,0,0,0,0,,0,273,blue,34743,32756,67499
86,,6811320,1,20261005,,,,,,,,,,,,,,,3,34.81472203356237,134.673055,,,1,,0,,0,0,0,0,,0,273,blue,0,0,0
86,,6811340,1,20261005,6462,1163,,,,,,16404,2427,,,,,,3,34.83503003358942,134.618945,,,1,,0,,0,0,0,0,,0,273,blue,7625,18831,26456
86,,6811400,1,20261005,3731,1109,,,,,,2883,1148,,,,,,3,34.54152803319483,135.675417,,,0,,0,,0,0,0,0,,0,273,blue,4840,4031,8871
87,,7810030,1,20261005,21690,5601,0,,,,,2149,474,0,,,,,3,34.46130403308565,133.299608,,,0,0,0,0,0,0,0,0,0,0,273,blue,27291,2623,29914
87,,7810050,1,20261005,4828,1924,0,,,,,6499,2641,0,,,,,3,34.405934033009984,133.010289,,,0,0,0,0,0,0,0,0,0,0,273,blue,6752,9140,15892
87,,7810060,1,20261005,3185,1894,0,,,,,3273,1505,0,,,,,3,34.391480032990195,132.905302,,,0,0,0,0,0,0,0,0,0,0,273,blue,5079,4778,9857
87,,7810080,1,20261005,,,,,,,,4723,1736,0,,,,,3,34.40409903300748,132.811446,,,0,0,0,0,0,0,0,0,0,0,273,blue,0,6459,6459
87,,7810090,1,20261005,4001,3048,0,,,,,3849,1203,0,,,,,3,34.37165503296302,132.548551,,,0,0,0,0,0,0,0,0,0,0,273,blue,7049,5052,12101
87,,7810100,1,20261005,970,267,0,,,,,4975,1179,0,,,,,3,34.370314032961176,132.43065,,,0,0,0,0,0,0,0,0,0,0,273,blue,1237,6154,7391
87,,7810120,1,20261005,7107,2871,0,,,,,7238,2746,0,,,,,3,34.40929103301459,133.075998,,,0,0,0,0,0,1,1,0,0,0,273,blue,9978,9984,19962
87,,7810130,1,20261005,3452,2115,0,,,,,3403,1540,0,,,,,3,34.394348032994124,133.04909,,,0,0,0,0,0,0,0,0,0,0,273,blue,5567,4943,10510
87,,7810140,1,20261005,297,61,0,,,,,309,641,0,,,,,3,34.186157032707094,132.173982,,,0,0,0,0,0,1,1,0,0,0,273,blue,358,950,1308
87,,7810150,1,20261005,8804,3688,0,,,,,2276,1714,0,,,,,3,34.069307032544415,131.669576,,,0,0,0,0,0,0,0,0,0,0,273,blue,12492,3990,16482
87,,7810180,1,20261005,4040,405,0,,,,,5966,3520,0,,,,,3,34.03918803250232,131.248456,,,0,0,0,0,0,0,0,0,0,0,273,blue,4445,9486,13931
87,,7810220,1,20261005,16167,1455,0,,,,,15293,996,0,,,,,3,35.51908503447856,134.20671,,,0,0,0,0,0,0,0,0,0,0,273,blue,17622,16289,33911
87,,7810230,1,20261005,8333,773,0,,,,,7956,768,0,,,,,3,35.523372034484,134.171906,,,0,0,0,0,0,0,0,0,0,0,273,blue,9106,8724,17830
87,,7810240,1,20261005,4139,461,0,,,,,4273,667,0,,,,,3,35.527852034489676,134.139977,,,0,0,0,0,0,0,0,0,0,0,273,blue,4600,4940,9540
87,,7810250,1,20261005,4788,716,0,,,,,5152,894,0,,,,,3,35.51594103447459,134.071698,,,0,0,0,0,0,0,0,0,0,0,273,blue,5504,6046,11550
87,,7810280,1,20261005,3383,562,0,,,,,3340,428,0,,,,,3,35.50301603445818,133.70857000000004,,,0,0,0,0,0,0,0,0,0,0,273,blue,3945,3768,7713
87,,7810330,1,20261005,5929,1005,0,,,,,6465,655,0,,,,,3,35.46553703441056,133.4305,,,0,0,0,0,0,0,0,0,0,0,273,blue,6934,7120,14054
87,,7810350,1,20261005,7835,867,0,,,,,8977,930,0,,,,,3,35.432832034368886,133.358295,,,0,0,0,0,0,0,0,0,0,0,273,blue,8702,9907,18609
87,,7810360,1,20261005,10493,519,0,,,,,9599,481,0,,,,,3,35.43101403436657,133.331902,,,0,0,0,0,0,0,0,0,0,0,273,blue,11012,10080,21092
87,,7810380,1,20261005,5776,1737,0,,,,,6140,1476,0,,,,,3,35.48149203443085,133.474531,,,0,0,0,0,0,0,0,0,0,0,273,blue,7513,7616,15129
87,,7810390,1,20261005,8007,1826,0,,,,,7172,1492,0,,,,,3,35.476145034424064,133.461163,,,0,0,0,0,0,0,0,0,0,0,273,blue,9833,8664,18497
87,,7810400,1,20261005,4962,1495,0,,,,,5045,1131,0,,,,,3,35.432832034368886,133.415136,,,0,0,0,0,0,0,0,0,0,0,273,blue,6457,6176,12633
87,,7810420,1,20261005,6010,1823,0,,,,,5970,1797,0,,,,,3,35.50747003446383,133.61465,,,0,0,0,0,0,0,0,0,0,0,273,blue,7833,7767,15600
87,,7810430,1,20261005,4834,633,0,,,,,4520,673,0,,,,,3,35.57299803454675,134.315436,,,0,0,0,0,0,2,2,0,0,0,273,blue,5467,5193,10660
87,,7810440,1,20261005,8528,1631,0,,,,,8289,1450,0,,,,,3,35.40803703433723,133.302548,,,0,0,0,0,0,0,0,0,0,0,273,blue,10159,9739,19898
87,,7810480,1,20261005,1990,356,0,,,,,2138,363,0,,,,,3,35.27600903416763,132.599938,,,0,0,0,0,0,0,0,0,0,0,273,blue,2346,2501,4847
87,,7810500,1,20261005,3607,748,0,,,,,3815,635,0,,,,,3,35.198965034067925,132.455335,,,0,0,0,0,0,0,0,0,0,0,273,blue,4355,4450,8805
87,,7810530,1,20261005,938,314,0,,,,,1108,256,0,,,,,3,35.0882140339236,132.347724,,,0,0,0,0,0,0,0,0,0,0,273,blue,1252,1364,2616
87,,7810540,1,20261005,2861,763,0,,,,,2879,668,0,,,,,3,35.05910603388547,132.317104,,,0,0,0,0,0,0,0,0,0,0,273,blue,3624,3547,7171
87,,7810550,1,20261005,372,16,0,,,,,209,40,0,,,,,3,35.03529803385423,132.246444,,,0,0,0,0,0,0,0,0,0,0,273,blue,388,249,637
87,,7810560,1,20261005,4572,836,0,,,,,4693,671,0,,,,,3,34.96136103375689,132.144917,,,0,0,0,0,0,0,0,0,0,0,273,blue,5408,5364,10772
87,,7810570,1,20261005,7753,1111,0,,,,,6631,1097,0,,,,,3,34.92234503370532,132.109083,,,0,0,0,0,0,0,0,0,0,0,273,blue,8864,7728,16592
87,,7810580,1,20261005,5307,1436,0,,,,,5821,1284,0,,,,,3,34.90375903368071,132.105961,,,0,0,0,0,0,0,0,0,0,0,273,blue,6743,7105,13848
87,,7810590,1,20261005,5767,1422,0,,,,,5350,1062,0,,,,,3,34.892214033665404,132.087679,,,0,0,0,0,0,0,0,0,0,0,273,blue,7189,6412,13601
87,,7810600,1,20261005,6864,1370,0,,,,,6697,1115,0,,,,,3,34.886378033657664,132.069161,,,0,0,0,0,0,0,0,0,0,0,273,blue,8234,7812,16046
87,,7810610,1,20261005,4564,650,0,,,,,4371,915,0,,,,,3,34.8693890336351,132.044972,,,0,0,0,0,0,0,0,0,0,0,273,blue,5214,5286,10500
87,,7810630,1,20261005,2994,375,0,,,,,3140,419,0,,,,,3,34.69280003339916,131.858404,,,0,0,0,0,0,0,0,0,0,0,273,blue,3369,3559,6928
87,,7810640,1,20261005,3943,822,0,,,,,4011,829,0,,,,,3,34.64982003334131,131.812549,,,0,0,0,0,0,0,0,0,0,0,273,blue,4765,4840,9605
87,,7810650,1,20261005,2253,611,0,,,,,2203,444,0,,,,,3,34.603665033279,131.799331,,,0,0,0,0,0,0,0,0,0,0,273,blue,2864,2647,5511
87,,7810660,1,20261005,2096,567,0,,,,,2114,443,0,,,,,3,34.56766203323026,131.793408,,,0,0,0,0,0,0,0,0,0,0,273,blue,2663,2557,5220
87,,7810670,1,20261005,891,243,0,,,,,905,212,0,,,,,3,34.4411940330582,131.772423,,,0,0,0,0,0,0,0,0,0,0,273,blue,1134,1117,2251
87,,7810680,1,20261005,17901,3082,0,,,,,19450,2575,0,,,,,3,35.44391203438301,133.070902,,,0,0,0,0,0,0,0,0,0,0,273,blue,20983,22025,43008
87,,7810700,1,20261005,7947,1058,0,,,,,8210,999,0,,,,,3,35.37289303429224,132.787156,,,0,0,0,0,0,0,0,0,0,0,273,blue,9005,9209,18214
87,,7810710,1,20261005,7913,1044,0,,,,,7718,1021,0,,,,,3,35.37446803429426,132.777994,,,0,0,0,0,0,0,0,0,0,0,273,blue,8957,8739,17696
87,,7810730,1,20261005,3824,961,0,,,,,4269,841,0,,,,,3,35.0087950338194,132.223163,,,0,0,0,0,0,0,0,0,0,0,273,blue,4785,5110,9895
87,,7810750,1,20261005,1950,589,0,,,,,2078,565,0,,,,,3,34.66552003336244,131.809437,,,0,0,0,0,0,0,0,0,0,0,273,blue,2539,2643,5182
87,,7810780,1,20261005,169,205,0,,,,,2743,517,0,,,,,3,34.245635032789465,131.522947,,,0,0,0,0,0,0,0,0,0,0,273,blue,374,3260,3634
87,,7810790,1,20261005,9490,1168,0,,,,,306,2,0,,,,,3,34.190602032713265,131.483723,,,0,0,0,0,0,0,0,0,0,0,273,blue,10658,308,10966
87,,7810800,1,20261005,9786,912,0,,,,,0,0,0,,,,,3,34.18878403271073,131.480083,,,0,0,0,0,0,0,0,0,0,0,273,blue,10698,0,10698
87,,7810840,1,20261005,6421,796,0,,,,,7124,417,0,,,,,3,35.47203803441882,134.240441,,,0,0,0,0,0,0,0,0,0,0,273,blue,7217,7541,14758
87,,7810850,1,20261005,10804,1759,0,,,,,12063,1571,0,,,,,3,35.49999403445436,134.20171,,,0,0,0,0,0,0,0,0,0,0,273,blue,12563,13634,26197
87,,7810870,1,20261005,11476,799,0,,,,,13017,981,0,,,,,3,34.52362703317051,133.901839,,,0,0,0,0,0,0,0,0,0,0,273,blue,12275,13998,26273
87,,7810900,1,20261005,3845,1050,0,,,,,3761,907,0,,,,,3,34.9118280336914,133.946407,,,0,0,0,0,0,0,0,0,0,0,273,blue,4895,4668,9563
87,,7810950,1,20261005,464,166,0,,,,,3861,811,0,,,,,3,35.3698230342883,134.215379,,,0,0,0,0,0,0,0,0,0,0,273,blue,630,4672,5302
87,,7810960,1,20261005,4335,1134,0,,,,,3983,1068,0,,,,,3,34.64456803333422,132.667015,,,0,0,0,0,0,0,0,0,0,0,273,blue,5469,5051,10520
87,,7810970,1,20261005,2385,643,0,,,,,2317,635,0,,,,,3,34.68134903338374,132.742245,,,0,0,0,0,0,0,0,0,0,0,273,blue,3028,2952,5980
87,,7810980,1,20261005,1382,530,0,,,,,2395,679,0,,,,,3,34.81798703356671,132.823527,,,0,0,0,0,0,0,0,0,0,0,273,blue,1912,3074,4986
87,,7810990,1,20261005,1180,474,0,,,,,1181,593,0,,,,,3,34.86090703362384,132.793186,,,0,0,0,0,0,0,0,0,0,0,273,blue,1654,1774,3428
87,,7811010,1,20261005,1611,423,0,,,,,1765,364,0,,,,,3,35.221765034097494,132.816639,,,0,0,0,0,0,0,0,0,0,0,273,blue,2034,2129,4163
87,,7811020,1,20261005,3355,791,0,,,,,3241,644,0,,,,,3,35.33258003424051,132.907662,,,0,0,0,0,0,0,0,0,0,0,273,blue,4146,3885,8031
87,,7811070,1,20261005,11347,1358,0,,,,,1434,994,0,,,,,3,34.23547503277542,132.6053,,,0,0,0,0,0,0,0,0,0,0,273,blue,12705,2428,15133
87,,7811080,1,20261005,5393,780,0,,,,,5733,767,0,,,,,3,34.220918032755264,132.662702,,,0,0,0,0,0,0,0,0,0,0,273,blue,6173,6500,12673
87,,7811090,1,20261005,1609,278,0,,,,,1839,146,0,,,,,3,34.27213903282609,132.728126,,,0,0,0,0,0,0,0,0,0,0,273,blue,1887,1985,3872
87,,7811100,1,20261005,2689,369,0,,,,,2197,206,0,,,,,3,34.33997203291951,132.948483,,,0,0,0,0,0,0,0,0,0,0,273,blue,3058,2403,5461
87,,7811120,1,20261005,1398,329,0,,,,,1450,260,0,,,,,3,33.9055670323146,132.028679,,,0,0,0,0,0,0,0,0,0,0,273,blue,1727,1710,3437
87,,7811130,1,20261005,3225,445,0,,,,,666,189,0,,,,,3,33.93038903234958,131.978502,,,0,0,0,0,0,0,0,0,0,0,273,blue,3670,855,4525
87,,7811140,1,20261005,10406,619,0,,,,,12083,635,0,,,,,3,33.976741032414765,131.89892000000003,,,0,0,0,0,0,0,0,0,0,0,273,blue,11025,12718,23743
87,,7811150,1,20261005,15487,1086,0,,,,,13700,680,0,,,,,3,33.97531203241275,131.223377,,,0,0,0,0,0,0,0,0,0,0,273,blue,16573,14380,30953
87,,7811160,1,20261005,4443,891,0,,,,,4868,814,0,,,,,3,34.0254670324831,131.108286,,,0,0,0,0,0,0,0,0,0,0,273,blue,5334,5682,11016
87,,7811170,1,20261005,2952,376,0,,,,,1,0,0,,,,,3,34.06179303253392,130.910708,,,0,0,0,0,0,0,0,0,0,0,273,blue,3328,1,3329
87,,7811190,1,20261005,2550,391,0,,,,,2598,219,0,,,,,3,34.372636032964365,131.13719,,,0,0,0,0,0,0,0,0,0,0,273,blue,2941,2817,5758
87,,7811200,1,20261005,10,1,0,,,,,7803,409,0,,,,,3,34.36655403295601,131.21721,,,0,0,0,0,0,0,0,0,0,0,273,blue,11,8212,8223
87,,7811210,1,20261005,45,30,0,,,,,107,10,0,,,,,3,34.36556503295465,131.327923,,,0,0,0,0,0,0,0,0,0,0,273,blue,75,117,192
87,,7811220,1,20261005,2268,528,0,,,,,2554,349,0,,,,,3,34.46117103308548,131.429169,,,0,0,0,0,0,0,0,0,0,0,273,blue,2796,2903,5699
87,,7811230,1,20261005,263,103,0,,,,,1928,476,0,,,,,3,34.53625103318765,131.50609,,,0,0,0,0,0,0,0,0,0,0,273,blue,366,2404,2770
87,,7811240,1,20261005,6109,151,0,,,,,7407,412,0,,,,,3,33.97863403241742,130.917824,,,0,0,0,0,0,0,0,0,0,0,273,blue,6260,7819,14079
87,,7811250,1,20261005,2240,328,0,,,,,2165,303,0,,,,,3,34.371174032962365,131.269202,,,0,0,0,0,0,0,0,0,0,0,273,blue,2568,2468,5036
87,,7811260,1,20261005,2547,323,0,,,,,2440,313,0,,,,,3,34.386217032983,131.345346,,,0,0,0,0,0,0,0,0,0,0,273,blue,2870,2753,5623
87,,7811280,1,20261005,9533,301,0,,,,,9416,299,0,,,,,3,33.98188003242198,130.919334,,,0,0,0,0,0,0,0,0,0,0,273,blue,9834,9715,19549
87,,7811290,1,20261005,1341,332,0,,,,,1363,304,0,,,,,3,34.66606703336319,131.689768,,,0,0,0,0,0,0,0,0,0,0,273,blue,1673,1667,3340
87,,7811300,1,20261005,1766,226,0,,,,,1764,362,0,,,,,3,34.680670033382846,131.768346,,,0,0,0,0,0,0,0,0,0,0,273,blue,1992,2126,4118
87,,7811310,1,20261005,5783,1508,0,,,,,5923,1226,0,,,,,3,34.274175032828886,132.632159,,,0,0,0,0,0,0,0,0,0,0,273,blue,7291,7149,14440
88,,8810010,1,20261005,1627,616,0,,,,,1713,663,0,,,,,3,34.22576903276199,134.506281,,,0,0,0,0,0,0,0,0,0,0,272,blue,2243,2376,4619
88,,8810040,1,20261005,,,,,,,,,,,,,,,3,34.21202803274294,134.426444,,,1,0,0,0,0,1,1,0,0,0,272,blue,0,0,0
88,,8810050,1,20261005,,,,,,,,,,,,,,,3,34.2426940327854,134.369389,,,1,0,0,0,0,1,1,0,0,0,272,blue,0,0,0
88,,8810060,1,20261005,,,,,,,,,,,,,,,3,34.24194403278437,134.333056,,,1,0,0,0,0,0,0,0,0,0,272,blue,0,0,0
88,,8810070,1,20261005,,,,,,,,,,,,,,,3,34.3096610328778,134.235686,,,1,0,0,0,0,0,0,0,0,0,272,blue,0,0,0
88,,8810080,1,20261005,,,,,,,,,,,,,,,3,34.323825032897304,134.203003,,,1,0,0,0,0,0,0,0,0,0,272,blue,0,0,0
88,,8810090,1,20261005,,,,,,,,,,,,,,,3,34.31055603287904,134.040556,,,1,0,0,0,0,0,0,0,0,0,272,blue,0,0,0
88,,8810100,1,20261005,,,,,,,,,,,,,,,3,34.31083303287942,134.040833,,,1,0,0,0,0,0,0,0,0,0,272,blue,0,0,0
88,,8810110,1,20261005,,,,,,,,,,,,,,,3,34.296344462859466,133.9267892,,,1,0,0,0,0,0,0,0,0,0,272,blue,0,0,0
88,,8810120,1,20261005,8746,817,0,,,,,7427,747,0,,,,,3,34.30830303287593,133.886,,,0,0,0,0,0,0,0,0,0,0,272,blue,9563,8174,17737
88,,8810130,1,20261005,,,,,,,,,,,,,,,3,34.28116903283854,133.818719,,,1,0,0,0,0,1,1,0,0,0,272,blue,0,0,0
88,,8810150,1,20261005,,,,,,,,,,,,,,,3,33.79388903215663,132.931944,,,1,0,0,0,0,0,0,0,0,0,272,blue,0,0,0
88,,8810160,1,20261005,8608,1307,0,,,,,9710,1014,0,,,,,3,34.251008032796896,133.916925,,,0,0,0,0,0,0,0,0,0,0,272,blue,9915,10724,20639
88,,8810170,1,20261005,5881,1331,0,,,,,5182,1445,0,,,,,3,34.183472032703364,133.834944,,,0,0,0,0,0,0,0,0,0,0,272,blue,7212,6627,13839
88,,8810180,1,20261005,2023,546,0,,,,,2004,364,0,,,,,3,34.15741703266719,133.82277800000003,,,0,0,0,0,0,0,0,0,0,0,272,blue,2569,2368,4937
88,,8810210,1,20261005,2713,653,0,,,,,2185,732,0,,,,,3,34.02985603248925,133.814811,,,0,0,0,0,0,0,0,0,0,0,272,blue,3366,2917,6283
88,,8810220,1,20261005,1632,529,0,,,,,2486,603,0,,,,,3,33.99827503244498,133.788456,,,0,0,0,0,0,0,0,0,0,0,272,blue,2161,3089,5250
88,,8810270,1,20261005,1525,504,0,,,,,1365,534,0,,,,,3,33.699149792021856,133.6898053,,,0,0,0,0,0,0,0,0,0,0,272,blue,2029,1899,3928
88,,8810310,1,20261005,2380,846,0,,,,,0,1,0,,,,,3,33.65416703195762,133.66,,,0,0,0,0,0,0,0,0,0,0,272,blue,3226,1,3227
88,,8810340,1,20261005,,,,,,,,,,,,,,,3,33.55527803181588,133.460556,,,1,0,0,0,0,0,0,0,0,0,272,blue,0,0,0
88,,8810380,1,20261005,,,,,,,,,,,,,,,3,33.555000031815474,133.139444,,,1,0,0,0,0,0,0,0,0,0,272,blue,0,0,0
88,,8810400,1,20261005,,,,,,,,,,,,,,,3,33.58111103185298,132.9925,,,1,0,0,0,0,0,0,0,0,0,272,blue,0,0,0
88,,8810410,1,20261005,1138,189,0,,,,,952,322,0,,,,,3,33.61805603190595,132.933333,,,0,0,0,0,0,0,0,0,0,0,272,blue,1327,1274,2601
88,,8810420,1,20261005,1404,192,0,,,,,1238,395,0,,,,,3,33.62777803191986,132.916389,,,0,0,0,0,0,0,0,0,0,0,272,blue,1596,1633,3229
88,,8810430,1,20261005,,,,,,,,,,,,,,,3,33.646667031946905,132.905833,,,1,0,0,0,0,0,0,0,0,0,272,blue,0,0,0
88,,8810450,1,20261005,,,,,,,,,,,,,,,3,33.68178252199708,132.8835762,,,1,0,0,0,0,0,0,0,0,0,272,blue,0,0,0
88,,8810510,1,20261005,,,,,,,,,,,,,,,3,33.73555603207373,132.811667,,,1,0,0,0,0,0,0,0,0,0,272,blue,0,0,0
88,,8810520,1,20261005,,,,,,,,,,,,,,,6,33.80277803216924,132.7775,,,1,0,0,0,0,2,2,0,0,0,272,blue,0,0,0
88,,8810530,1,20261005,,,,,,,,,,,,,,,3,33.80679213217494,132.7455604,,,1,0,0,0,0,0,0,0,0,0,272,blue,0,0,0
88,,8810560,1,20261005,843,130,0,,,,,788,138,0,,,,,3,33.883114032282926,134.645522,,,0,0,0,0,0,0,0,0,0,0,272,blue,973,926,1899
88,,8810570,1,20261005,1230,360,0,,,,,1014,407,0,,,,,3,33.87310303226879,134.637228,,,0,0,0,0,0,0,0,0,0,0,272,blue,1590,1421,3011
88,,8810580,1,20261005,208,39,0,,,,,148,55,0,,,,,3,33.8064830321745,134.590708,,,0,0,0,0,0,0,0,0,0,0,272,blue,247,203,450
88,,8810640,1,20261005,1642,342,0,,,,,1745,288,0,,,,,3,33.72289703205572,134.519397,,,0,0,0,0,0,0,0,0,0,0,272,blue,1984,2033,4017
88,,8810660,1,20261005,1775,471,0,,,,,2004,288,0,,,,,3,33.66041903196656,134.406369,,,0,0,0,0,0,0,0,0,0,0,272,blue,2246,2292,4538
88,,8810670,1,20261005,1843,176,0,,,,,1562,389,0,,,,,3,33.58200303185425,134.323467,,,0,0,0,0,0,0,0,0,0,0,272,blue,2019,1951,3970
88,,8810690,1,20261005,,,,,,,,,,,,,,,3,33.49111103172349,134.261667,,,1,0,0,0,0,0,0,0,0,0,272,blue,0,0,0
88,,8810720,1,20261005,,,,,,,,,,,,,,,3,33.33499901149748,134.1973409,,,1,0,0,0,0,0,0,0,0,0,272,blue,0,0,0
88,,8810730,1,20261005,17,0,0,,,,,511,72,0,,,,,3,33.2510477313752,134.1807112,,,0,0,0,0,0,1,1,0,0,0,272,blue,17,583,600
88,,8810740,1,20261005,,,,,,,,,,,,,,,3,33.29972203144615,134.123333,,,1,0,0,0,0,0,0,0,0,0,272,blue,0,0,0
88,,8810750,1,20261005,,,,,,,,,,,,,,,3,33.371439791550394,134.039855,,,1,0,0,0,0,0,0,0,0,0,272,blue,0,0,0
88,,8810760,1,20261005,3321,355,0,,,,,2935,602,0,,,,,3,33.42416703162678,134.023333,,,0,0,0,0,0,0,0,0,0,0,272,blue,3676,3537,7213
88,,8810780,1,20261005,3846,360,0,,,,,3315,733,0,,,,,3,33.441944031652504,133.966111,,,0,0,0,0,0,1,1,0,0,0,272,blue,4206,4048,8254
88,,8810820,1,20261005,,,,,,,,,,,,,,,3,33.5033880317412,133.878652,,,1,0,0,0,0,1,1,0,0,0,272,blue,0,0,0
88,,8810840,1,20261005,,,,,,,,,,,,,,,3,33.525000031772315,133.760278,,,1,0,0,0,0,1,1,0,0,0,272,blue,0,0,0
88,,8810850,1,20261005,,,,,,,,,,,,,,,3,33.42055603162157,133.301944,,,1,0,0,0,0,0,0,0,0,0,272,blue,0,0,0
88,,8810880,1,20261005,584,71,0,,,,,1130,289,0,,,,,3,33.3074340314574,133.179556,,,0,0,0,0,0,0,0,0,0,0,272,blue,655,1419,2074
88,,8810890,1,20261005,1633,459,0,,,,,9,66,0,,,,,3,33.28855103142989,133.172023,,,0,0,0,0,0,0,0,0,0,0,272,blue,2092,75,2167
88,,8810910,1,20261005,1787,314,0,,,,,29,0,0,,,,,3,33.266597031397886,133.171467,,,0,0,0,0,0,0,0,0,0,0,272,blue,2101,29,2130
88,,8810920,1,20261005,2273,523,0,,,,,2377,324,0,,,,,3,33.21880803132811,133.140708,,,0,0,0,0,0,0,0,0,0,0,272,blue,2796,2701,5497
88,,8810940,1,20261005,3816,474,0,,,,,3334,881,0,,,,,3,33.0089042010197,132.9856986,,,0,0,0,0,0,0,0,0,0,0,272,blue,4290,4215,8505
88,,8810960,1,20261005,2610,288,0,,,,,2406,494,0,,,,,3,32.97816103097427,132.889125,,,0,0,0,0,0,0,0,0,0,0,272,blue,2898,2900,5798
88,,8810970,1,20261005,2205,527,0,,,,,2263,215,0,,,,,3,32.977644030973515,132.885636,,,0,0,0,0,0,0,0,0,0,0,272,blue,2732,2478,5210
88,,8811000,1,20261005,6026,351,0,,,,,559,20,0,,,,,3,32.96687203095758,132.865489,,,0,0,0,0,0,0,0,0,0,0,272,blue,6377,579,6956
88,,8811020,1,20261005,,,,,,,,,,,,,,,3,32.96457803095418,132.816661,,,1,0,0,0,0,0,0,0,0,0,272,blue,0,0,0
88,,8811040,1,20261005,2450,467,0,,,,,2911,263,0,,,,,3,32.95833303094494,132.796389,,,0,0,0,0,0,0,0,0,0,0,272,blue,2917,3174,6091
88,,8811050,1,20261005,0,0,0,,,,,0,0,0,,,,,3,32.93641403091248,132.736475,,,0,0,0,0,0,0,0,0,0,0,272,blue,0,0,0
88,,8811060,1,20261005,1527,309,0,,,,,1513,167,0,,,,,3,32.969853030961985,132.683747,,,0,0,0,0,0,0,0,0,0,0,272,blue,1836,1680,3516
88,,8811070,1,20261005,611,131,0,,,,,692,72,0,,,,,3,32.970303030962654,132.665209,,,1,0,0,0,0,0,0,0,0,0,272,blue,742,764,1506
88,,8811080,1,20261005,2151,163,0,,,,,2032,323,0,,,,,3,32.95232903093605,132.60067,,,0,0,0,0,0,0,0,0,0,0,272,blue,2314,2355,4669
88,,8811090,1,20261005,,,,,,,,,,,,,,,3,32.9541190309387,132.584276,,,1,0,0,0,0,272,272,0,0,0,272,blue,0,0,0
88,,8811110,1,20261005,,,,,,,,,,,,,,,3,33.04654603107523,132.48536,,,1,0,0,0,0,0,0,0,0,0,272,blue,0,0,0
88,,8811130,1,20261005,2652,437,0,,,,,2498,686,0,,,,,3,33.0789110311229,132.49507,,,0,0,0,0,0,0,0,0,0,0,272,blue,3089,3184,6273
88,,8811140,1,20261005,1427,260,0,,,,,1371,272,0,,,,,3,33.11350003117377,132.518333,,,0,0,0,0,0,0,0,0,0,0,272,blue,1687,1643,3330
88,,8811150,1,20261005,,,,,,,,,,,,,,,3,33.12469803119022,132.521282,,,1,0,0,0,0,272,272,0,0,0,272,blue,0,0,0
88,,8811170,1,20261005,1790,368,0,,,,,1694,296,0,,,,,3,33.49517003172935,132.54537,,,0,0,0,0,0,0,0,0,0,0,272,blue,2158,1990,4148
88,,8811180,1,20261005,1725,418,0,,,,,1575,266,0,,,,,3,33.15677703123728,132.5469,,,0,0,0,0,0,0,0,0,0,0,272,blue,2143,1841,3984
88,,8811190,1,20261005,2902,271,0,,,,,3358,415,0,,,,,3,33.264024031394136,132.552651,,,1,0,0,0,0,0,0,0,0,0,272,blue,3173,3773,6946
88,,8811210,1,20261005,9542,1178,0,,,,,8534,1777,0,,,,,3,33.23340003134943,132.559577,,,0,0,0,0,0,0,0,0,0,0,272,blue,10720,10311,21031
88,,8811220,1,20261005,3905,545,0,,,,,3372,780,0,,,,,3,33.21975503132949,132.55883,,,0,0,0,0,0,0,0,0,0,0,272,blue,4450,4152,8602
88,,8811230,1,20261005,8201,1472,0,,,,,9015,1117,0,,,,,3,33.21400003132108,132.545961,,,0,0,0,0,0,0,0,0,0,0,272,blue,9673,10132,19805
88,,8811240,1,20261005,3238,824,0,,,,,3260,410,0,,,,,3,33.187563031282394,132.543219,,,0,0,0,0,0,0,0,0,0,0,272,blue,4062,3670,7732
88,,8811250,1,20261005,,,,,,,,,,,,,,,3,33.623917031914345,132.69675,,,1,0,0,0,0,0,0,0,0,0,272,blue,0,0,0
88,,8811260,1,20261005,,,,,,,,,,,,,,,3,33.63910303193607,132.70852,,,1,0,0,0,0,0,0,0,0,0,272,blue,0,0,0
88,,8811300,1,20261005,3853,1069,0,,,,,3820,874,0,,,,,3,33.701111032024656,132.7075,,,0,0,0,0,0,2,2,0,0,0,272,blue,4922,4694,9616
88,,8811320,1,20261005,3263,556,0,,,,,2931,883,0,,,,,3,33.99242782243679,133.6034113,,,0,0,0,0,0,0,0,0,0,0,272,blue,3819,3814,7633
88,,8811330,1,20261005,1276,364,0,,,,,1265,460,0,,,,,3,33.99611044244195,133.6571521,,,0,0,0,0,0,0,0,0,0,0,272,blue,1640,1725,3365
88,,8811360,1,20261005,118,63,0,,,,,87,58,0,,,,,3,34.015556032469206,133.77361100000002,,,0,0,0,0,0,0,0,0,0,0,272,blue,181,145,326
88,,8811430,1,20261005,,,,,,,,,,,,,,,3,33.981944032422064,132.778333,,,1,0,0,0,0,0,0,0,0,0,272,blue,0,0,0
88,,8811450,1,20261005,,,,,,,,,,,,,,,3,33.98044403241997,133.057088,,,1,0,0,0,0,0,0,0,0,0,272,blue,0,0,0
89,,9810010,1,20261005,11671,934,0,,,,,8843,890,0,,,,,3,33.86852803226232,130.79675,,,0,0,0,0,0,0,0,0,0,0,273,blue,12605,9733,22338
89,,9810020,1,20261005,,,,,,,,,,,,,,,3,33.835259032215276,130.608521,,,1,0,0,0,0,0,0,0,0,0,273,blue,0,0,0
89,,9810030,1,20261005,,,,,,,,,,,,,,,3,33.78978203215081,130.567337,,,1,0,0,0,0,0,0,0,0,0,273,blue,0,0,0
89,,9810040,1,20261005,24399,2409,0,,,,,25337,2954,0,,,,,3,33.744955032087105,130.488242,,,0,0,0,0,0,0,0,0,1,0,273,blue,26808,28291,55099
89,,9810050,1,20261005,,,,,,,,,,,,,,,3,33.73691203207566,130.478193,,,1,0,0,0,0,0,0,0,1,0,273,blue,0,0,0
89,,9810070,1,20261005,18712,3563,0,,,,,20223,4256,0,,,,,3,33.52600403177376,130.49557,,,0,0,0,0,0,0,0,0,1,0,273,blue,22275,24479,46754
89,,9810080,1,20261005,20418,3111,0,,,,,17483,2937,0,,,,,3,33.51100303175216,130.511069,,,0,0,0,0,0,0,0,0,1,0,273,blue,23529,20420,43949
89,,9810090,1,20261005,19669,2549,0,,,,,21262,3899,0,,,,,3,33.510200031751005,130.520977,,,0,0,0,0,0,0,0,0,1,0,273,blue,22218,25161,47379
89,,9810100,1,20261005,13722,3077,0,,,,,14554,2973,0,,,,,3,33.477797031704284,130.53932,,,0,0,0,0,0,0,0,0,1,0,273,blue,16799,17527,34326
89,,9810120,1,20261005,,,,,,,,,,,,,,,3,33.33966203150427,130.525942,,,1,,,,,,,,,,273,blue,0,0,0
89,,9810130,1,20261005,3012,1517,0,,,,,2648,1623,0,,,,,3,33.19870703129871,130.60119,,,0,0,0,0,0,0,0,0,1,0,273,blue,4529,4271,8800
89,,9810140,1,20261005,1059,684,0,,,,,1023,714,0,,,,,3,33.170447031257325,130.617432,,,1,0,0,0,0,0,0,0,1,0,273,blue,1743,1737,3480
89,,9810150,1,20261005,10242,1526,0,,,,,10729,1263,0,,,,,3,33.86806903226167,130.775199,,,0,0,0,0,0,0,0,0,0,0,273,blue,11768,11992,23760
89,,9810160,1,20261005,11642,1291,0,,,,,,,,,,,,3,33.86432503225638,130.74688,,,0,0,0,0,0,0,0,0,0,0,273,blue,12933,0,12933
89,,9810170,1,20261005,,,,,,,,,,,,,,,3,33.648732031949855,130.441499,,,1,0,0,0,0,0,0,0,0,0,273,blue,0,0,0
89,,9810180,1,20261005,25064,3804,0,,,,,24734,3665,0,,,,,3,33.61500003190157,130.438611,,,0,0,0,0,0,0,0,0,0,0,273,blue,28868,28399,57267
89,,9810190,1,20261005,,,,,,,,,,,,,,,3,33.4496850316637,130.546326,,,1,0,0,0,0,0,0,0,1,0,273,blue,0,0,0
89,,9810200,1,20261005,,,,,,,,,,,,,,,3,33.41916903161956,130.532642,,,1,,,,,,,,,,273,blue,0,0,0
89,,9810210,1,20261005,6421,1821,0,,,,,5921,1308,0,,,,,3,32.92737203089908,130.698429,,,0,0,0,0,0,0,0,0,0,0,273,blue,8242,7229,15471
89,,9810230,1,20261005,1734,473,0,,,,,1667,549,0,,,,,3,32.33541003001024,130.485852,,,0,0,0,0,0,0,0,0,0,0,273,blue,2207,2216,4423
89,,9810240,1,20261005,1467,329,0,,,,,1331,243,0,,,,,3,32.24685302987536,130.498828,,,0,0,0,0,0,0,0,0,0,0,273,blue,1796,1574,3370
89,,9810260,1,20261005,,,,,,,,,,,,,,,3,32.06933302960361,130.240833,,,1,0,0,0,0,0,0,0,0,0,273,blue,0,0,0
89,,9810270,1,20261005,,,,,,,,,,,,,,,3,32.05996802958923,130.223169,,,1,0,0,0,0,0,0,0,0,0,273,blue,0,0,0
89,,9810280,1,20261005,,,,,,,,,,,,,,,3,32.00103302949858,130.195866,,,1,0,0,0,0,0,0,0,0,0,273,blue,0,0,0
89,,9810290,1,20261005,,,,,,,,,,,,,,,3,31.77354502914685,130.301221,,,1,0,0,0,0,0,0,0,0,0,273,blue,0,0,0
89,,9810300,1,20261005,,,,,,,,,,,,,,,3,31.752394029113987,130.297198,,,1,0,0,0,0,0,0,0,0,0,273,blue,0,0,0
89,,9810310,1,20261005,,,,,,,,,,,,,,,3,31.671780028988586,130.334671,,,1,0,0,0,0,0,0,0,0,0,273,blue,0,0,0
89,,9810320,1,20261005,6349,792,0,,,,,6462,907,0,,,,,3,31.644384028945897,130.514685,,,0,0,0,0,0,0,0,0,0,0,273,blue,7141,7369,14510
89,,9810330,1,20261005,13240,1052,0,,,,,11954,793,0,,,,,3,31.593127028865894,130.55217,,,0,0,0,0,0,0,0,0,0,0,273,blue,14292,12747,27039
89,,9810340,1,20261005,,,,,,,,,,,,,,,3,31.774587029148464,130.294585,,,1,0,0,0,0,0,0,0,0,0,273,blue,0,0,0
89,,9810350,1,20261005,,,,,,,,12769,1934,0,,,,,3,31.586173028855043,130.521497,,,0,0,0,0,0,0,0,0,0,0,273,blue,0,14703,14703
89,,9810360,1,20261005,,,,,,,,,,,,,,,3,33.6356250319311,131.074923,,,1,0,0,0,0,3,3,0,2,0,273,blue,0,0,0
89,,9810370,1,20261005,,,,,,,,,,,,,,,3,33.60811903189171,131.1134,,,0,0,0,0,0,265,265,266,203,0,273,blue,0,0,0
89,,9810380,1,20261005,4163,1316,0,,,,,3907,1506,0,,,,,3,33.55407703181414,131.25154,,,0,0,0,0,0,0,0,0,0,0,273,blue,5479,5413,10892
89,,9810390,1,20261005,2968,705,0,,,,,2517,716,0,,,,,3,33.47356403169818,131.495973,,,0,0,0,0,0,0,0,0,0,0,273,blue,3673,3233,6906
89,,9810400,1,20261005,4093,743,0,,,,,3626,824,0,,,,,3,33.4199570316207,131.549075,,,0,0,0,0,0,0,0,0,0,0,273,blue,4836,4450,9286
89,,9810410,1,20261005,,,,,,,,,,,,,,,3,33.35718603152971,131.497308,,,1,0,0,0,0,0,0,0,0,0,273,blue,0,0,0
89,,9810420,1,20261005,19373,2110,0,,,,,20349,2569,0,,,,,3,33.28844603142974,131.50415600000002,,,0,0,0,0,0,0,0,0,0,0,273,blue,21483,22918,44401
89,,9810430,1,20261005,10794,1325,0,,,,,11065,1056,0,,,,,3,33.1773230312674,131.619615,,,0,0,0,0,0,0,0,0,0,0,273,blue,12119,12121,24240
89,,9810440,1,20261005,,,,,,,,9646,1832,0,,,,,3,33.091164031140934,131.647172,,,0,0,0,0,0,0,0,0,0,0,273,blue,0,11478,11478
89,,9810450,1,20261005,176,37,0,,,,,80,35,0,,,,,3,33.07813503112177,131.638559,,,1,0,0,0,0,50,50,0,94,0,273,blue,213,115,328
89,,9810460,1,20261005,149,39,0,,,,,140,31,0,,,,,3,33.03375103105637,131.689156,,,1,0,0,0,0,22,22,0,47,0,273,blue,188,171,359
89,,9810470,1,20261005,48,18,0,,,,,60,14,0,,,,,3,33.001599031008915,131.788698,,,1,0,0,0,0,64,64,0,73,0,273,blue,66,74,140
89,,9810480,1,20261005,154,15,0,,,,,143,26,0,,,,,3,32.95275303093668,131.841525,,,1,0,0,0,0,44,44,0,88,0,273,blue,169,169,338
89,,9810490,1,20261005,71,17,0,,,,,72,19,0,,,,,3,32.92192503089102,131.801353,,,1,0,0,0,0,19,19,0,47,0,273,blue,88,91,179
89,,9810500,1,20261005,12,2,0,,,,,9,2,0,,,,,3,32.84521503077709,131.718143,,,1,0,0,0,0,23,23,1,49,0,273,blue,14,11,25
89,,9810510,1,20261005,2666,915,0,,,,,2673,798,0,,,,,3,33.53550003178742,131.301439,,,0,0,0,0,0,0,0,0,0,0,273,blue,3581,3471,7052
89,,9810520,1,20261005,,,,,,,,10349,901,0,,,,,3,33.17727003126732,131.636491,,,0,0,0,0,0,0,0,0,0,0,273,blue,0,11250,11250
89,,9810530,1,20261005,2,2,0,,,,,4,1,0,,,,,3,32.76588703065887,131.69922,,,1,0,0,0,0,40,40,1,101,0,273,blue,4,5,9
89,,9810540,1,20261005,5,0,0,,,,,0,1,0,,,,,3,32.73308003060985,131.712307,,,1,0,0,0,0,9,9,0,20,0,273,blue,5,1,6
89,,9810550,1,20261005,17,6,0,,,,,13,1,0,,,,,3,32.680641030531355,131.69547,,,1,0,0,0,0,4,4,0,20,0,273,blue,23,14,37
89,,9810560,1,20261005,13,2,0,,,,,10,4,0,,,,,3,32.6162990304348,131.682165,,,1,0,0,0,0,15,15,0,35,0,273,blue,15,14,29
89,,9810580,1,20261005,3,0,0,,,,,2,0,0,,,,,3,32.56240603035372,131.681538,,,1,0,0,0,0,6,6,0,13,0,273,blue,3,2,5
89,,9810590,1,20261005,,,,,,,,,,,,,,,3,32.512945030279155,131.682071,,,0,0,0,0,0,57,57,169,143,0,273,blue,0,0,0
89,,9810600,1,20261005,13,3,0,,,,,8,1,0,,,,,3,32.505475030267874,131.671612,,,1,0,0,0,0,16,16,0,34,0,273,blue,16,9,25
89,,9810610,1,20261005,2,0,0,,,,,1,0,0,,,,,3,32.48380003023514,131.65983,,,1,0,0,0,0,7,7,1,16,0,273,blue,2,1,3
89,,9810620,1,20261005,105,20,0,,,,,91,10,0,,,,,3,32.44750003018023,131.634167,,,1,0,0,0,0,8,8,1,30,0,273,blue,125,101,226
89,,9810630,1,20261005,47,11,0,,,,,57,17,0,,,,,3,32.34169203001978,131.615818,,,1,0,0,0,0,5,5,1,20,0,273,blue,58,74,132
89,,9810640,1,20261005,,,,,,,,,,,,,,,3,32.118920029679714,131.525151,,,1,0,0,0,0,19,19,0,61,0,273,blue,0,0,0
89,,9810650,1,20261005,,,,,,,,,,,,,,,3,32.04093702955998,131.469141,,,1,0,0,0,0,28,28,0,96,0,273,blue,0,0,0
89,,9810660,1,20261005,,,,,,,,,,,,,,,3,31.943136029409334,131.344339,,,1,0,0,0,0,0,0,0,0,0,273,blue,0,0,0
89,,9810670,1,20261005,,,,,,,,,,,,,,,3,31.95151902942227,131.26782500000002,,,1,0,0,0,0,0,0,0,0,0,273,blue,0,0,0
89,,9810680,1,20261005,,,,,,,,,,,,,,,3,31.916759029368613,131.228421,,,1,0,0,0,0,0,0,0,0,0,273,blue,0,0,0
89,,9810690,1,20261005,,,,,,,,,,,,,,,3,31.831007029235955,131.126939,,,1,0,0,0,0,0,0,0,0,0,273,blue,0,0,0
89,,9810700,1,20261005,,,,,,,,,,,,,,,3,31.70972202904765,131.054167,,,1,0,0,0,0,0,0,0,0,0,273,blue,0,0,0
89,,9810710,1,20261005,,,,,,,,,,,,,,,3,31.70997802904806,131.024809,,,1,0,0,0,0,0,0,0,0,0,273,blue,0,0,0
89,,9810720,1,20261005,,,,,,,,,,,,,,,3,31.661481028972545,130.889721,,,1,0,0,0,0,0,0,0,0,0,273,blue,0,0,0
89,,9810730,1,20261005,,,,,,,,,,,,,,,3,31.723242029068686,130.809578,,,1,0,0,0,0,0,0,0,0,0,273,blue,0,0,0
89,,9810740,1,20261005,,,,,,,,,,,,,,,3,33.30389903145224,130.368554,,,1,,,,,,,,,,273,blue,0,0,0
89,,9810750,1,20261005,,,,,,,,,,,,,,,3,33.27419603140898,130.293549,,,1,,,,,,,,,,273,blue,0,0,0
89,,9810760,1,20261005,,,,,,,,,,,,,,,3,33.26474303139519,130.245086,,,1,,,,,,,,,,273,blue,0,0,0
89,,9810770,1,20261005,,,,,,,,,,,,,,,3,33.26041603138888,130.218458,,,1,,,,,,,,,,273,blue,0,0,0
89,,9810780,1,20261005,,,,,,,,,,,,,,,3,33.23447503135101,130.18203100000002,,,1,,,,,,,,,,273,blue,0,0,0
89,,9810790,1,20261005,,,,,,,,,,,,,,,3,33.22225103133315,130.172161,,,1,,,,,,,,,,273,blue,0,0,0
89,,9810800,1,20261005,,,,,,,,,,,,,,,3,33.219025031328435,130.143217,,,1,,,,,,,,,,273,blue,0,0,0
89,,9810810,1,20261005,,,,,,,,,,,,,,,3,33.21595003132393,130.087452,,,1,,,,,,,,,,273,blue,0,0,0
89,,9810820,1,20261005,,,,,,,,,,,,,,,3,33.21877403132806,130.052459,,,1,,,,,,,,,,273,blue,0,0,0
89,,9810830,1,20261005,,,,,,,,,,,,,,,3,33.207839031312076,130.047967,,,1,,,,,,,,,,273,blue,0,0,0
89,,9810840,1,20261005,,,,,,,,,,,,,,,3,33.07291503111407,129.960829,,,1,0,0,0,0,0,0,0,0,0,273,blue,0,0,0
89,,9810850,1,20261005,6336,1108,0,,,,,6153,1239,0,,,,,3,32.995999031000636,129.948701,,,0,0,0,0,0,0,0,0,0,0,273,blue,7444,7392,14836
89,,9810860,1,20261005,,,,,,,,,,,,,,,3,32.9044610308651,129.957531,,,1,0,0,0,0,0,0,0,0,0,273,blue,0,0,0
89,,9810870,1,20261005,,,,,,,,,,,,,,,3,32.8905010308444,129.971348,,,1,0,0,0,0,0,0,0,0,0,273,blue,0,0,0
89,,9810890,1,20261005,104,39,0,,,,,127,30,0,,,,,3,32.87494503082128,130.02412,,,1,0,0,0,0,4,4,0,0,0,273,blue,143,157,300
89,,9810900,1,20261005,,,,,,,,,,,,,,,3,32.83967403076884,130.024592,,,1,0,0,0,0,0,0,0,0,0,273,blue,0,0,0
89,,9810910,1,20261005,,,,,,,,,,,,,,,3,33.19594003129466,129.977938,,,1,0,0,0,0,0,0,0,0,0,273,blue,0,0,0
89,,9810920,1,20261005,321,54,0,,,,,281,52,0,,,,,3,33.191150031287656,129.943948,,,1,0,0,0,0,0,0,0,0,0,273,blue,375,333,708
89,,9810930,1,20261005,,,,,,,,,,,,,,,3,33.18881403128423,129.9054,,,1,0,0,0,0,0,0,0,0,0,273,blue,0,0,0
89,,9810940,1,20261005,147,57,0,,,,,128,35,0,,,,,3,32.97184603096493,131.383534,,,1,0,0,0,0,21,21,1,51,0,273,blue,204,163,367
89,,9810950,1,20261005,132,55,0,,,,,133,29,0,,,,,3,32.96828103095967,131.382552,,,1,0,0,0,0,22,22,0,45,0,273,blue,187,162,349
89,,9810960,1,20261005,51,41,0,,,,,45,24,0,,,,,3,32.96091703094877,131.248695,,,1,0,0,0,0,25,25,0,46,0,273,blue,92,69,161
89,,9810970,1,20261005,190,48,0,,,,,0,2,0,,,,,3,33.03288603105509,131.537821,,,1,0,0,0,0,42,42,0,81,0,273,blue,238,2,240
89,,9810980,1,20261005,,,,,,,,,,,,,,,3,33.00262303101042,131.45315500000004,,,1,0,0,0,0,115,115,179,125,0,273,blue,0,0,0
89,,9810990,1,20261005,,,,,,,,,,,,,,,3,32.96097103094884,131.244117,,,1,0,0,0,0,0,0,0,0,0,273,blue,0,0,0
89,,9811000,1,20261005,5146,1403,0,,,,,5699,1288,0,,,,,3,32.93530403091085,131.035064,,,0,0,0,0,0,0,0,0,0,0,273,blue,6549,6987,13536
89,,9811010,1,20261005,,,,,,,,,,,,,,,3,32.87672503082393,130.954853,,,1,0,0,0,0,0,0,0,0,0,273,blue,0,0,0
89,,9811020,1,20261005,,,,,,,,,,,,,,,3,32.614306030431806,130.462111,,,1,0,0,0,0,1,1,0,0,0,273,blue,0,0,0
89,,9811030,1,20261005,,,,,,,,,,,,,,,3,32.72539603059835,130.251342,,,1,,,,,,,,,,273,blue,0,0,0
89,,9811040,1,20261005,,,,,,,,,,,,,,,3,32.72077403059144,130.234748,,,1,,,,,,,,,,273,blue,0,0,0
89,,9811050,1,20261005,,,,,,,,,,,,,,,3,32.73587103061402,130.209003,,,1,,,,,,,,,,273,blue,0,0,0
89,,9811060,1,20261005,,,,,,,,,,,,,,,3,32.808908030723025,130.149506,,,1,,,,,,,,,,273,blue,0,0,0
89,,9811070,1,20261005,,,,,,,,,,,,,,,3,32.836521030764146,130.094768,,,1,,,,,,,,,,273,blue,0,0,0
89,,9811080,1,20261005,,,,,,,,,,,,,,,3,32.83196203075736,130.053336,,,1,,,,,,,,,,273,blue,0,0,0
89,,9811090,1,20261005,,,,,,,,,,,,,,,3,33.61888103190713,130.568781,,,0,0,0,0,0,263,263,1,203,0,273,blue,0,0,0
89,,9811100,1,20261005,2,0,0,,,,,3,0,0,,,,,3,33.61860003190672,130.579442,,,0,0,0,0,0,228,228,6,203,0,273,blue,2,3,5
89,,9811110,1,20261005,,,,,,,,,,,,,,,3,33.62194303191151,130.588462,,,1,0,0,0,0,8,8,0,7,0,273,blue,0,0,0
89,,9811120,1,20261005,,,,,,,,,,,,,,,3,33.65684603196145,130.750269,,,1,0,0,0,0,1,1,0,1,0,273,blue,0,0,0
89,,9811130,1,20261005,,,,,,,,,,,,,,,3,33.6514250319537,130.761828,,,1,0,0,0,0,1,1,0,1,0,273,blue,0,0,0
89,,9811140,1,20261005,0,0,0,,,,,0,0,0,,,,,3,33.64137503193933,130.764099,,,1,0,0,0,0,5,5,0,4,0,273,blue,0,0,0
89,,9811150,1,20261005,0,0,0,,,,,0,0,0,,,,,3,33.65331703195642,130.807798,,,1,0,0,0,0,6,6,1,3,0,273,blue,0,0,0
89,,9811170,1,20261005,,,,,,,,,,,,,,,3,33.37200003155121,130.3311,,,1,,,,,,,,,,273,blue,0,0,0
89,,9811180,1,20261005,,,,,,,,,,,,,,,3,33.6231190319132,130.671342,,,1,,,,,,,,,,273,blue,0,0,0
89,,9811190,1,20261005,,,,,,,,,,,,,,,3,33.74379703208545,130.970335,,,1,0,0,0,0,0,0,0,0,0,273,blue,0,0,0
89,,9811210,1,20261005,2622,196,0,,,,,2470,328,0,,,,,3,33.50948303174998,130.110769,,,0,0,0,0,0,0,0,0,0,0,273,blue,2818,2798,5616
89,,9811220,1,20261005,1200,125,0,,,,,1160,81,0,,,,,3,33.501667031738705,130.069167,,,0,0,0,0,0,0,0,0,0,0,273,blue,1325,1241,2566
89,,9811240,1,20261005,4754,1099,0,,,,,0,0,0,,,,,3,33.522842031769216,130.168427,,,0,0,0,0,0,0,0,0,0,0,273,blue,5853,0,5853
89,,9811250,1,20261005,7158,914,0,,,,,10,20,0,,,,,3,33.51344603175569,130.14563,,,0,0,0,0,0,0,0,0,0,0,273,blue,8072,30,8102
89,,9811260,1,20261005,1265,153,0,,,,,1430,86,0,,,,,3,33.45431303167039,130.042275,,,0,0,0,0,0,0,0,0,0,0,273,blue,1418,1516,2934
89,,9811270,1,20261005,7809,760,0,,,,,7046,1104,0,,,,,3,33.431110031636834,129.991737,,,0,0,0,0,0,0,0,0,0,0,273,blue,8569,8150,16719
89,,9811280,1,20261005,,,,,,,,,,,,,,,3,33.348904031517684,129.933234,,,1,0,0,0,0,0,0,0,0,0,273,blue,0,0,0
89,,9811290,1,20261005,,,,,,,,,,,,,,,3,33.331844031492885,129.928169,,,1,0,0,0,0,0,0,0,0,0,273,blue,0,0,0
89,,9811300,1,20261005,721,87,0,,,,,598,44,0,,,,,3,33.268208031400235,129.88248900000002,,,1,0,0,0,0,0,0,0,0,0,273,blue,808,642,1450
89,,9811310,1,20261005,,,,,,,,,,,,,,,3,33.24091903136041,129.850727,,,1,0,0,0,0,0,0,0,0,0,273,blue,0,0,0
89,,9811320,1,20261005,3079,500,0,,,,,2957,427,0,,,,,3,33.45989003167844,130.040128,,,0,0,0,0,0,0,0,0,0,0,273,blue,3579,3384,6963
89,,9811330,1,20261005,296,89,0,,,,,230,61,0,,,,,3,33.38450403156936,129.984455,,,1,0,0,0,0,0,0,0,0,0,273,blue,385,291,676
89,,9811340,1,20261005,,,,,,,,,,,,,,,6,33.31161503146347,130.070351,,,1,,,,,,,,,,273,blue,0,0,0
89,,9811350,1,20261005,,,,,,,,,,,,,,,3,33.304966031453795,130.076971,,,1,,,,,,,,,,273,blue,0,0,0
89,,9811360,1,20261005,6910,1304,0,,,,,6972,1219,0,,,,,3,33.29002103143203,130.168151,,,0,0,0,0,0,0,0,0,0,0,273,blue,8214,8191,16405
89,,9811370,1,20261005,3775,437,0,,,,,3805,371,0,,,,,3,33.327444031486486,130.034833,,,0,0,0,0,0,0,0,0,0,0,273,blue,4212,4176,8388
89,,9811380,1,20261005,312,63,0,,,,,372,68,0,,,,,3,33.29362203143727,130.116435,,,1,0,0,0,0,0,0,0,0,0,273,blue,375,440,815
89,,9811390,1,20261005,,,,,,,,,,,,,,,3,33.03691103106103,129.918279,,,1,,,,,,,,,,273,blue,0,0,0
89,,9811400,1,20261005,,,,,,,,,,,,,,,3,32.90829103087079,130.661481,,,1,0,0,0,0,0,0,0,0,0,273,blue,0,0,0
89,,9811410,1,20261005,5803,292,0,,,,,5432,188,0,,,,,3,33.01722203103198,130.439722,,,0,0,0,0,0,0,0,0,0,0,273,blue,6095,5620,11715
89,,9811420,1,20261005,7136,604,0,,,,,7160,544,0,,,,,3,33.05710503109079,130.465234,,,0,0,0,0,0,0,0,0,0,0,273,blue,7740,7704,15444
89,,9811450,1,20261005,6350,1419,0,,,,,6147,1588,0,,,,,3,33.01280003102545,130.425184,,,0,0,0,0,0,0,0,0,0,0,273,blue,7769,7735,15504
89,,9811460,1,20261005,8768,1302,0,,,,,8456,1856,0,,,,,3,33.140861031213944,130.422417,,,0,0,0,0,0,0,0,0,0,0,273,blue,10070,10312,20382
89,,9811461,1,20261005,5849,1144,0,,,,,6631,1399,0,,,,,3,33.184560031278004,130.387933,,,0,0,0,0,0,0,0,0,0,0,273,blue,6993,8030,15023
89,,9811470,1,20261005,7973,1372,0,,,,,7615,1575,0,,,,,3,33.0462530310748,130.431406,,,0,0,0,0,0,0,0,0,0,0,273,blue,9345,9190,18535
89,,9811480,1,20261005,7406,1571,0,,,,,6365,1389,0,,,,,3,33.055717031088754,130.4292,,,0,0,0,0,0,0,0,0,0,0,273,blue,8977,7754,16731
89,,9811490,1,20261005,7503,1221,0,,,,,9170,1981,0,,,,,3,33.069783031109466,130.42405,,,0,0,0,0,0,0,0,0,0,0,273,blue,8724,11151,19875
89,,9811500,1,20261005,8743,1834,0,,,,,7763,1711,0,,,,,3,33.077520031120855,130.428242,,,0,0,0,0,0,0,0,0,0,0,273,blue,10577,9474,20051
89,,9811510,1,20261005,8138,1474,0,,,,,8290,1797,0,,,,,3,33.08238303112801,130.433017,,,0,0,0,0,0,0,0,0,0,0,273,blue,9612,10087,19699
89,,9811520,1,20261005,6659,1177,0,,,,,6309,1092,0,,,,,3,33.11826103118075,130.430375,,,0,0,0,0,0,0,0,0,0,0,273,blue,7836,7401,15237
89,,9811540,1,20261005,6125,955,0,,,,,6288,655,0,,,,,3,33.15753403123839,130.478771,,,0,0,0,0,0,0,0,0,0,0,273,blue,7080,6943,14023
89,,9811550,1,20261005,6381,1073,0,,,,,6855,1197,0,,,,,3,33.22942603134362,130.505954,,,0,0,0,0,0,0,0,0,0,0,273,blue,7454,8052,15506
89,,9811560,1,20261005,8125,1369,0,,,,,7240,1337,0,,,,,3,33.23505203135184,130.507151,,,0,0,0,0,0,0,0,0,0,0,273,blue,9494,8577,18071
89,,9811570,1,20261005,6872,1341,0,,,,,7189,1306,0,,,,,3,33.24799503137074,130.509483,,,0,0,0,0,0,0,0,0,0,0,273,blue,8213,8495,16708
89,,9811580,1,20261005,6929,1184,0,,,,,6876,1202,0,,,,,3,33.25651503138319,130.509461,,,0,0,0,0,0,0,0,0,0,0,273,blue,8113,8078,16191
89,,9811590,1,20261005,65,16,0,,,,,3359,850,0,,,,,3,33.31995703147561,130.594037,,,0,0,0,0,0,0,0,0,0,0,273,blue,81,4209,4290
89,,9811600,1,20261005,3808,782,0,,,,,4168,755,0,,,,,3,33.345255031512394,130.730893,,,0,0,0,0,0,0,0,0,0,0,273,blue,4590,4923,9513
89,,9811610,1,20261005,4027,567,0,,,,,4478,718,0,,,,,3,33.3437500315102,130.752694,,,0,0,0,0,0,0,0,0,0,0,273,blue,4594,5196,9790
89,,9811620,1,20261005,2599,476,0,,,,,2659,592,0,,,,,3,33.33338803149515,130.801953,,,0,0,0,0,0,0,0,0,0,0,273,blue,3075,3251,6326
89,,9811650,1,20261005,4015,833,0,,,,,4022,824,0,,,,,3,33.331960031493075,130.852326,,,0,0,0,0,0,0,0,0,0,0,273,blue,4848,4846,9694
89,,9811660,1,20261005,1912,273,0,,,,,2080,508,0,,,,,3,33.307732031457824,130.915379,,,0,0,0,0,0,0,0,0,0,0,273,blue,2185,2588,4773
89,,9811670,1,20261005,3622,1106,0,,,,,3650,742,0,,,,,3,33.29883403144486,130.938844,,,0,0,0,0,0,0,0,0,0,0,273,blue,4728,4392,9120
89,,9811680,1,20261005,,,,,,,,,,,,,,,3,33.29818903144393,130.952388,,,1,0,0,0,0,0,0,0,0,0,273,blue,0,0,0
89,,9811690,1,20261005,2437,553,0,,,,,4533,1054,0,,,,,3,33.29921203144541,130.96937,,,0,0,0,0,0,0,0,0,0,0,273,blue,2990,5587,8577
89,,9811700,1,20261005,,,,,,,,,,,,,,,3,33.261645031390664,131.01058,,,1,0,0,0,0,0,0,0,0,0,273,blue,0,0,0
89,,9811710,1,20261005,3332,1137,0,,,,,3510,792,0,,,,,3,33.28000003141744,131.128611,,,0,0,0,0,0,0,0,0,0,0,273,blue,4469,4302,8771
89,,9811720,1,20261005,2802,948,0,,,,,1903,562,0,,,,,3,33.237877031355964,131.175263,,,0,0,0,0,0,0,0,0,0,0,273,blue,3750,2465,6215
89,,9811730,1,20261005,,,,,,,,,,,,,,,3,33.2405000313598,131.224187,,,1,0,0,0,0,0,0,0,0,0,273,blue,0,0,0
89,,9811740,1,20261005,1589,770,0,,,,,1696,746,0,,,,,3,33.25496403138093,131.328533,,,0,0,0,0,0,0,0,0,0,0,273,blue,2359,2442,4801
89,,9811750,1,20261005,1490,2097,0,,,,,2817,876,0,,,,,3,33.23715803135492,131.323213,,,0,0,0,0,0,0,0,0,0,0,273,blue,3587,3693,7280
89,,9811760,1,20261005,297,208,0,,,,,8719,1302,0,,,,,3,33.18331803127619,131.452171,,,0,0,0,0,0,0,0,0,0,0,273,blue,505,10021,10526
89,,9811770,1,20261005,,,,,,,,,,,,,,,3,31.760789029127036,131.4707,,,1,0,0,0,0,0,0,0,0,0,273,blue,0,0,0
89,,9811780,1,20261005,,,,,,,,,,,,,,,3,31.559046028812634,131.38327000000004,,,1,0,0,0,0,0,0,0,0,0,273,blue,0,0,0
89,,9811790,1,20261005,,,,,,,,,,,,,,,3,31.547715028794922,131.378628,,,1,0,0,0,0,2,2,0,0,0,273,blue,0,0,0
89,,9811800,1,20261005,,,,,,,,,,,,,,,3,31.546675028793285,131.361225,,,1,0,0,0,0,0,0,0,0,0,273,blue,0,0,0
89,,9811810,1,20261005,,,,,,,,,,,,,,,3,31.45214102864519,131.212192,,,1,0,0,0,0,0,0,0,0,0,273,blue,0,0,0
89,,9811820,1,20261005,,,,,,,,,,,,,,,3,31.46555602866623,131.154444,,,1,0,0,0,0,0,0,0,0,0,273,blue,0,0,0
89,,9811830,1,20261005,2361,452,0,,,,,2607,315,0,,,,,3,31.447659028638157,131.051761,,,0,0,0,0,0,0,0,0,0,0,273,blue,2813,2922,5735
89,,9811840,1,20261005,,,,,,,,,,,,,,,3,31.388108028544615,130.811533,,,1,0,0,0,0,0,0,0,0,0,273,blue,0,0,0
89,,9811850,1,20261005,,,,,,,,,,,,,,,3,31.41813502859181,130.764377,,,1,0,0,0,0,0,0,0,0,0,273,blue,0,0,0
89,,9811860,1,20261005,775,205,0,,,,,780,214,0,,,,,3,31.542976028787507,130.706877,,,1,0,0,0,0,0,0,0,0,0,273,blue,980,994,1974
89,,9811870,1,20261005,,,,,,,,,,,,,,,3,31.557778028810663,130.718333,,,1,0,0,0,0,0,0,0,0,0,273,blue,0,0,0
89,,9811880,1,20261005,935,137,0,,,,,1043,134,0,,,,,3,31.647658028950993,130.819552,,,0,0,0,0,0,0,0,0,0,0,273,blue,1072,1177,2249
89,,9811900,1,20261005,,,,,,,,,,,,,,,3,31.27982902837409,130.291795,,,1,0,0,0,0,0,0,0,0,0,273,blue,0,0,0
89,,9811910,1,20261005,,,,,,,,,,,,,,,3,31.2913800283923,130.293564,,,1,0,0,0,0,0,0,0,0,0,273,blue,0,0,0
89,,9811920,1,20261005,1505,195,0,,,,,1532,123,0,,,,,3,31.327343028448986,130.334728,,,0,0,0,0,0,0,0,0,0,0,273,blue,1700,1655,3355
89,,9811930,1,20261005,,,,,,,,,,,,,,,3,31.494637028711818,130.506308,,,1,0,0,0,0,0,0,0,0,0,273,blue,0,0,0
89,,9811940,1,20261005,,,,,,,,,,,,,,,3,31.527877028763886,130.521631,,,1,0,0,0,0,0,0,0,0,0,273,blue,0,0,0
89,,9811950,1,20261005,4327,447,0,,,,,3992,664,0,,,,,3,31.289730028389716,130.60717200000002,,,0,0,0,0,0,0,0,0,0,0,273,blue,4774,4656,9430
89,,9811960,1,20261005,4801,525,0,,,,,4604,691,0,,,,,3,31.323917028443603,130.564308,,,0,0,0,0,0,0,0,0,0,0,273,blue,5326,5295,10621
89,,9811970,1,20261005,,,,,,,,,,,,,,,3,31.466390028667544,130.513245,,,1,0,0,0,0,0,0,0,0,0,273,blue,0,0,0
89,,9811980,1,20261005,,,,,,,,,,,,,,,3,33.34976603151893,129.764492,,,1,,,,,,,,,,273,blue,0,0,0
89,,9812010,1,20261005,,,,,,,,,,,,,,,3,33.13956403121204,129.784069,,,1,,,,,,,,,,273,blue,0,0,0
89,,9812020,1,20261005,,,,,,,,,,,,,,,3,33.28640603142677,130.150153,,,1,,,,,,,,,,273,blue,0,0,0
89,,9812030,1,20261005,5255,1204,0,,,,,5749,1129,0,,,,,3,33.0852950311323,131.637799,,,0,0,0,0,0,0,0,0,0,0,273,blue,6459,6878,13337
89,,9812040,1,20261005,2893,732,0,,,,,1714,477,0,,,,,3,32.56861103036308,131.553056,,,0,0,0,0,0,0,0,0,0,0,273,blue,3625,2191,5816
89,,9812050,1,20261005,,,,,,,,,,,,,,,3,33.55027803180869,130.478333,,,1,,,,,,,,,,273,blue,0,0,0
89,,9812060,1,20261005,,,,,,,,,,,,,,,3,32.92625003089743,131.00539,,,1,,,,,,,,,,273,blue,0,0,0
89,,9812070,1,20261005,4785,930,0,,,,,4791,942,0,,,,,3,32.90000003085849,130.933611,,,0,0,0,0,0,0,0,0,0,0,273,blue,5715,5733,11448
89,,9812080,1,20261005,,,,,,,,,,,,,,,3,33.27595303141153,130.319462,,,1,0,0,0,0,0,0,0,0,0,273,blue,0,0,0
89,,9812090,1,20261005,,,,,,,,,,,,,,,3,33.59653803187511,130.611685,,,1,,,,,,,,,,273,blue,0,0,0
89,,9812100,1,20261005,9029,1901,0,,,,,7696,1670,0,,,,,3,33.05235003108379,130.430417,,,0,0,0,0,0,0,0,0,0,0,273,blue,10930,9366,20296
89,,9812110,1,20261005,15057,1997,0,,,,,10524,3036,0,,,,,3,33.15888903124039,129.761111,,,0,0,0,0,0,0,0,0,0,0,273,blue,17054,13560,30614
89,,9812120,1,20261005,10099,1403,0,,,,,10397,1543,0,,,,,3,31.737096029090242,130.677414,,,0,0,0,0,0,0,0,0,0,0,273,blue,11502,11940,23442
89,,9812130,1,20261005,6370,1280,0,,,,,7653,1271,0,,,,,3,33.32114903147733,130.391671,,,0,0,0,0,0,0,0,0,0,0,273,blue,7650,8924,16574
89,,9812140,1,20261005,,,,,,,,,,,,,,,3,32.733917030611096,130.31245,,,1,0,0,0,0,0,0,0,0,0,273,blue,0,0,0
89,,9812150,1,20261005,1670,298,0,,,,,1816,377,0,,,,,3,33.06265303109897,129.960344,,,0,0,0,0,0,0,0,0,0,0,273,blue,1968,2193,4161
90,,10810020,1,20261005,3805,274,0,,,,,6734,280,0,,,,,3,26.424849820394154,127.81697970000002,,,0,0,0,0,0,0,0,0,0,0,273,blue,4079,7014,11093
90,,10810030,1,20261005,3426,47,0,,,,,9119,876,0,,,,,3,26.20527802002984,127.672778,,,0,0,0,0,0,0,0,0,0,0,273,blue,3473,9995,13468
90,,10810040,1,20261005,7129,609,0,,,,,4482,612,0,,,,,3,26.206111020031226,127.665833,,,0,0,0,0,0,0,0,0,0,0,273,blue,7738,5094,12832
90,,10810050,1,20261005,2731,242,0,,,,,3134,277,0,,,,,3,26.69152402083745,128.108879,,,0,,,,,,,,,,273,blue,2973,3411,6384
90,,10810060,1,20261005,0,0,0,,,,,0,0,0,,,,,3,26.634931020743306,128.037283,,,0,,,,,,,,,,273,blue,0,0,0
90,,10810070,1,20261005,0,0,0,,,,,0,0,0,,,,,3,26.60195202068847,127.99972500000001,,,0,,,,,,,,,,273,blue,0,0,0
90,,10810080,1,20261005,4760,742,0,,,,,5018,397,0,,,,,3,26.583164020657225,127.99781300000001,,,0,,,,,,,,,,273,blue,5502,5415,10917
90,,10810090,1,20261005,4876,327,0,,,,,5061,294,0,,,,,3,26.573059020640425,127.989432,,,0,,,,,,,,,,273,blue,5203,5355,10558
90,,10810100,1,20261005,0,0,0,,,,,0,0,0,,,,,3,26.558695020616547,127.976575,,,0,,,,,,,,,,273,blue,0,0,0
90,,10810110,1,20261005,0,0,0,,,,,0,0,0,,,,,3,26.547043020597176,127.96594700000001,,,0,,,,,,,,,,273,blue,0,0,0
90,,10810120,1,20261005,18704,3690,0,,,,,9605,1362,0,,,,,3,26.545420020594484,127.96513700000001,,,0,,,,,,,,,,273,blue,22394,10967,33361
90,,10810130,1,20261005,8130,923,0,,,,,6659,759,0,,,,,3,26.541292020587623,127.95978,,,0,,,,,,,,,,273,blue,9053,7418,16471
90,,10810140,1,20261005,8807,713,0,,,,,8521,722,0,,,,,3,26.536514020579673,127.935453,,,0,,,,,,,,,,273,blue,9520,9243,18763
90,,10810150,1,20261005,0,0,0,,,,,0,0,0,,,,,3,26.51382402054197,127.901775,,,0,,,,,,,,,,273,blue,0,0,0
90,,10810160,1,20261005,7645,196,0,,,,,7449,500,0,,,,,3,26.503684020525117,127.87991000000001,,,0,,,,,,,,,,273,blue,7841,7949,15790
90,,10810170,1,20261005,0,0,0,,,,,0,0,0,,,,,3,26.49844302051641,127.86208000000002,,,0,,,,,,,,,,273,blue,0,0,0
90,,10810180,1,20261005,0,0,0,,,,,0,0,0,,,,,3,26.48233402048965,127.85135699999998,,,0,,,,,,,,,,273,blue,0,0,0
90,,10810190,1,20261005,0,0,0,,,,,0,0,0,,,,,3,26.44345902042506,127.805583,,,0,,,,,,,,,,273,blue,0,0,0
90,,10810200,1,20261005,,,,,,,,,,,,,,,3,26.338860020251406,127.7508,,,1,,,,,,,,,,273,blue,0,0,0
90,,10810220,1,20261005,0,0,0,,,,,0,0,0,,,,,3,26.26837002013446,127.73051999999998,,,0,,,,,,,,,,273,blue,0,0,0
90,,10810230,1,20261005,14653,2970,0,,,,,17434,2959,0,,,,,3,26.266310020131048,127.72327,,,0,,,,,,,,,,273,blue,17623,20393,38016
90,,10810240,1,20261005,0,0,0,,,,,0,0,0,,,,,3,26.269040020135566,127.72616000000001,,,0,,,,,,,,,,273,blue,0,0,0
90,,10810260,1,20261005,12712,201,0,,,,,9775,1123,0,,,,,3,26.273440020142868,127.71261000000001,,,0,,,,,,,,,,273,blue,12913,10898,23811
90,,10810270,1,20261005,0,0,0,,,,,0,0,0,,,,,3,26.451180020437896,127.89631,,,0,,,,,,,,,,273,blue,0,0,0
90,,10810280,1,20261005,4293,28,0,,,,,8808,10,0,,,,,3,26.4491400204345,127.849893,,,0,,,,,,,,,,273,blue,4321,8818,13139
90,,10810290,1,20261005,3547,163,0,,,,,3484,126,0,,,,,3,26.448972020434223,127.90855300000001,,,0,,,,,,,,,,273,blue,3710,3610,7320
90,,10810300,1,20261005,9677,631,0,,,,,7983,668,0,,,,,3,26.30711002019872,127.81338,,,0,,,,,,,,,,273,blue,10308,8651,18959
90,,10810310,1,20261005,0,0,0,,,,,0,0,0,,,,,3,26.287560020166286,127.81449,,,0,,,,,,,,,,273,blue,0,0,0
90,,10810320,1,20261005,,,,,,,,,,,,,,,3,26.22351002006007,127.76571,,,1,,,,,,,,,,273,blue,0,0,0
90,,10810330,1,20261005,,,,,,,,,,,,,,,3,26.200760020022358,127.75174999999999,,,1,,,,,,,,,,273,blue,0,0,0
90,,10810340,1,20261005,14385,420,0,,,,,13091,795,0,,,,,3,26.25841002011794,127.75767000000002,,,0,,,,,,,,,,273,blue,14805,13886,28691
90,,10810350,1,20261005,0,0,0,,,,,0,0,0,,,,,3,26.24962002010336,127.74765,,,0,,,,,,,,,,273,blue,0,0,0
90,,10810360,1,20261005,27520,2636,0,,,,,31551,1283,0,,,,,3,26.25443002011134,127.73508000000001,,,0,,,,,,,,,,273,blue,30156,32834,62990
90,,10810370,1,20261005,30099,1245,0,,,,,28432,349,0,,,,,3,26.25456002011155,127.72416000000001,,,0,,,,,,,,,,273,blue,31344,28781,60125
90,,10810380,1,20261005,17329,1856,0,,,,,17746,1719,0,,,,,3,26.169530019970612,127.65168,,,0,,,,,,,,,,273,blue,19185,19465,38650
90,,10810390,1,20261005,0,0,0,,,,,0,0,0,,,,,3,26.154010019944888,127.65812,,,0,,,,,,,,,,273,blue,0,0,0
90,,10810400,1,20261005,0,0,0,,,,,0,0,0,,,,,3,26.130710019906292,127.66514,,,0,,,,,,,,,,273,blue,0,0,0
90,,10810410,1,20261005,0,0,0,,,,,0,0,0,,,,,3,26.11574001988149,127.66860000000001,,,0,,,,,,,,,,273,blue,0,0,0
90,,10810420,1,20261005,0,0,0,,,,,0,0,0,,,,,3,26.09400001984549,127.71590000000002,,,0,,,,,,,,,,273,blue,0,0,0
90,,10810430,1,20261005,0,0,0,,,,,0,0,0,,,,,3,26.128730019903006,127.75918999999999,,,0,,,,,,,,,,273,blue,0,0,0
90,,10810440,1,20261005,0,0,0,,,,,0,0,0,,,,,3,26.140140019921905,127.77529,,,0,,,,,,,,,,273,blue,0,0,0
90,,10810450,1,20261005,0,0,0,,,,,0,0,0,,,,,3,26.170060019971476,127.8265,,,0,,,,,,,,,,273,blue,0,0,0
90,,10810460,1,20261005,0,0,0,,,,,0,0,0,,,,,3,26.20426002002816,127.652556,,,0,,,,,,,,,,273,blue,0,0,0
90,,10810470,1,20261005,0,0,0,,,,,0,0,0,,,,,3,26.209250020036425,127.73744999999998,,,0,,,,,,,,,,273,blue,0,0,0
90,,10810480,1,20261005,0,0,0,,,,,0,0,0,,,,,3,26.18171001999079,127.73158000000001,,,0,,,,,,,,,,273,blue,0,0,0
90,,10810490,1,20261005,0,0,0,,,,,0,0,0,,,,,3,26.17543001998038,127.70638000000001,,,0,,,,,,,,,,273,blue,0,0,0
90,,10810510,1,20261005,0,0,0,,,,,0,0,0,,,,,3,26.17208001997483,127.69662,,,0,,,,,,,,,,273,blue,0,0,0
90,,10810520,1,20261005,0,0,0,,,,,0,0,0,,,,,3,26.17121001997338,127.67963999999999,,,1,,,,,,,,,,273,blue,0,0,0
82,,2110428,1,20261005,2562,543,50,0,0,0,0,2533,699,10,0,0,0,0,3,38.73322403799523,140.787123,,,,,,,,,,,,,250,red,3155,3242,6397
87,,7110110,1,20261006,1,1,0,0,0,0,0,5,0,0,0,0,0,0,3,35.523803034484544,134.222875,,,,,,,,,,,,,1,red,2,5,7
87,,7110120,1,20261006,,,,0,0,0,1,,,,0,0,0,1,3,35.52073503448066,133.602321,,,,,,,,,,,,,1,red,0,0,0
87,,7110130,1,20261006,4,5,0,0,0,0,0,3,3,0,0,0,0,0,3,35.41880503435098,133.370183,,,,,,,,,,,,,1,red,9,6,15
87,,7310050,1,20261006,0,1,0,0,0,0,0,0,0,0,0,0,0,0,3,35.52642103448786,134.014803,,,,,,,,,,,,,1,red,1,0,1
87,,7310060,1,20261006,0,0,0,0,0,0,0,2,0,0,0,0,0,0,3,35.50599803446197,133.88375,,,,,,,,,,,,,1,red,0,2,2
87,,7310070,1,20261006,1,0,0,0,0,0,0,1,1,0,0,0,0,0,3,35.51442503447265,134.020507,,,,,,,,,,,,,1,red,1,2,3
87,,7310080,1,20261006,5,3,0,0,0,0,0,0,12,0,0,0,0,0,3,35.50773503446417,133.951629,,,,,,,,,,,,,1,red,8,12,20
87,,7310090,1,20261006,5,6,0,0,0,0,0,1,5,0,0,0,0,0,3,35.49831203445221,133.906984,,,,,,,,,,,,,1,red,11,6,17
87,,7310100,1,20261006,0,1,0,0,0,0,0,0,0,0,0,0,0,0,3,35.508808034465545,133.493736,,,,,,,,,,,,,1,red,1,0,1
87,,7310130,1,20261006,5,0,0,0,0,0,0,5,0,0,0,0,0,0,3,35.419582034351976,134.259336,,,,,,,,,,,,,1,red,5,5,10
87,,7310140,1,20261006,1,0,0,0,0,0,0,0,0,0,0,0,0,0,3,35.28755503418254,134.228921,,,,,,,,,,,,,1,red,1,0,1
87,,7310190,1,20261006,2,7,0,0,0,0,0,2,5,0,0,0,0,0,3,35.48752003443851,134.19798,,,,,,,,,,,,,1,red,9,7,16
87,,7310200,1,20261006,5,4,0,0,0,0,0,2,0,0,0,0,0,0,3,35.56082603453137,134.284636,,,,,,,,,,,,,1,red,9,2,11
87,,7310210,1,20261006,2,4,0,0,0,0,0,4,7,0,0,0,0,0,3,35.50841503446504,133.518074,,,,,,,,,,,,,1,red,6,11,17
87,,7310220,1,20261006,3,0,0,0,0,0,0,4,1,0,0,0,0,0,3,35.527027804488625,134.13269444,,,,,,,,,,,,,1,red,3,5,8
87,,7310240,1,20261006,1,0,0,0,0,0,0,2,0,0,0,0,0,0,3,35.397000034323106,134.20377777,,,,,,,,,,,,,1,red,1,2,3
87,,7310610,1,20261006,2,4,0,0,0,0,0,0,4,0,0,0,0,0,3,35.49457003444746,134.1603,,,,,,,,,,,,,1,red,6,4,10
87,,7310620,1,20261006,6,3,0,0,0,0,0,5,5,0,0,0,0,0,3,35.50153003445631,134.0804,,,,,,,,,,,,,1,red,9,10,19
87,,7310630,1,20261006,7,2,0,0,0,0,0,6,6,0,0,0,0,0,3,35.49990003445423,134.0626,,,,,,,,,,,,,1,red,9,12,21
87,,7310640,1,20261006,3,1,0,0,0,0,0,3,6,0,0,0,0,0,3,35.50860003446527,134.0108,,,,,,,,,,,,,1,red,4,9,13
87,,7360010,1,20261006,1,0,0,0,0,0,0,0,4,0,0,0,0,0,1,35.032454033850506,134.387568,,,,,,,,,,,,,1,red,1,4,5
87,,7360020,1,20261006,0,0,0,0,0,0,0,0,7,0,0,0,0,0,1,35.07606803390771,134.346092,,,,,,,,,,,,,1,red,0,7,7
87,,7360030,1,20261006,0,0,0,0,0,0,0,2,9,0,0,0,0,0,3,35.238191034118756,134.286932,,,,,,,,,,,,,1,red,0,11,11
87,,7360040,1,20261006,2,2,0,0,0,0,0,0,0,0,0,0,0,0,3,35.284722034178905,134.227547,,,,,,,,,,,,,1,red,4,0,4
87,,7360050,1,20261006,0,0,0,0,0,0,0,0,5,0,0,0,0,0,1,35.285344034179694,134.222766,,,,,,,,,,,,,1,red,0,5,5
87,,7360060,1,20261006,5,4,0,0,0,0,0,0,0,0,0,0,0,0,1,35.35362703426754,134.194581,,,,,,,,,,,,,1,red,9,0,9
87,,7360070,1,20261006,0,0,0,0,0,0,0,1,1,0,0,0,0,0,1,35.37911003430021,134.204798,,,,,,,,,,,,,1,red,0,2,2
87,,7360080,1,20261006,3,3,0,0,0,0,0,0,0,0,0,0,0,0,1,35.39104203431548,134.20339,,,,,,,,,,,,,1,red,6,0,6
87,,7360090,1,20261006,2,3,0,0,0,0,0,1,4,0,0,0,0,0,1,35.40772703433684,134.206955,,,,,,,,,,,,,1,red,5,5,10
87,,7360100,1,20261006,1,0,0,0,0,0,0,5,6,0,0,0,0,0,1,35.45862225662396,134.193141666666,,,,,,,,,,,,,1,red,1,11,12
87,,7360110,1,20261006,1,0,0,0,0,0,0,0,1,0,0,0,0,0,1,35.113784033957025,134.331458,,,,,,,,,,,,,1,red,1,1,2
87,,7110050,1,20261006,33,6,0,0,0,0,0,18,19,0,0,0,0,0,3,34.48565560311886,133.3551943,,,,,,,,,,,,,1,red,39,37,76
87,,7110060,1,20261006,22,6,0,0,0,0,0,14,10,0,0,0,0,0,3,34.42263781303284,133.2070398,,,,,,,,,,,,,1,red,28,24,52
87,,7110070,1,20261006,22,10,0,0,0,0,0,17,18,0,0,0,0,0,3,34.407573573012236,133.1699288,,,,,,,,,,,,,1,red,32,35,67
87,,7110230,1,20261006,2,4,0,0,0,0,0,5,1,0,0,0,0,0,3,34.76131441349103,132.8171003,,,,,,,,,,,,,1,red,6,6,12
87,,7110300,1,20261006,,,,,,,1,,,,,,,1,3,34.38300703297858,132.459786,132.459786,34.38300703297858,,,,,,,,,,,1,red,0,0,0
87,,7116080,1,20261006,12,7,0,0,0,0,0,10,12,0,0,0,0,0,3,34.39666703299729,133.151389,,,,,,,,,,,,,1,red,19,22,41
87,,7160010,1,20261006,2,1,0,0,0,0,0,6,11,0,0,0,0,0,1,34.5622222532229,133.1247222,,,,,,,,,,,,,1,red,3,17,20
87,,7160020,1,20261006,,,,0,0,1,1,,,,0,0,1,1,1,35.07931507391195,132.8976065,,,,,,,,,,,,,1,red,0,0,0
87,,7310030,1,20261006,17,13,0,0,0,0,0,14,14,0,0,0,0,0,3,34.49757349313508,133.4192187,,,,,,,,,,,,,1,red,30,28,58
87,,7310310,1,20261006,,,,,,,1,,,,,,,1,3,34.34795203293048,132.689449,,,,,,,,,,,,,1,red,0,0,0
87,,7310320,1,20261006,,,,,,,1,,,,,,,1,3,34.3631870329514,132.733939,,,,,,,,,,,,,1,red,0,0,0
87,,7310340,1,20261006,28,16,0,0,0,0,0,35,15,0,0,0,0,0,3,34.46347803308863,133.26236,133.262329,34.46377003308901,,,,,,,,,,,1,red,44,50,94
87,,7310370,1,20261006,4,2,0,0,0,0,0,0,2,0,0,0,0,0,1,35.200455524069866,132.8454097,,,,,,,,,,,,,1,red,6,2,8
87,,7310510,1,20261006,,,,,,,1,,,,,,,1,3,34.40069503300281,132.797334,,,,,,,,,,,,,1,red,0,0,0
87,,7310520,1,20261006,,,,,,,1,,,,,,,1,3,34.53976203319243,132.51558,,,,,,,,,,,,,1,red,0,0,0
87,,7310530,1,20261006,,,,,,,1,,,,,,,1,3,34.347256032929515,132.31778000000003,,,,,,,,,,,,,1,red,0,0,0
87,,7310540,1,20261006,,,,,,,1,,,,,,,1,3,34.310647032879174,132.631054,,,,,,,,,,,,,1,red,0,0,0
87,,7360130,1,20261006,1,0,0,0,0,0,0,1,2,0,0,0,0,0,1,34.69455889340151,133.033421,,,,,,,,,,,,,1,red,1,3,4
87,,7360140,1,20261006,2,0,0,0,0,0,0,1,2,0,0,0,0,0,1,34.687231643391655,133.0469408,,,,,,,,,,,,,1,red,2,3,5
