地方整備局等番号,開発建設部／都道府県コード,常時観測点コード,収集時間フラグ（5分間／1時間）,観測年月日,上り・小型交通量,上り・大型交通量,上り・車種判別不能交通量,上り・停電,上り・ループ異常,上り・超音波異常,上り・欠測,下り・小型交通量,下り・大型交通量,下り・車種判別不能交通量,下り・停電,下り・ループ異常,下り・超音波異常,下り・欠測,道路種別,lat,lng,lng2,lat2,カメラプリセット位置,気象影響による映像不良,照度不足,突発事象（交通事故等）,サーバの稼働,カメラの映像受信,映像のデコード処理,デコード映像から映像解析機能への取込加工処理の失敗,映像解析機能のフリーズ,その他エラー,count,color,上り・交通量,下り・交通量,交通量
81,02,1110010,1,20260823,9902,1726,0,0,0,0,0,8816,1556,0,0,0,0,0,3,41.93108757020422,140.6421045,,,,,,,,,,,,,202,red,11628,10372,22000
81,02,1110020,1,20260823,3877,414,0,0,0,0,0,3958,389,0,0,0,0,0,3,42.1540981903046,140.4840606,,,,,,,,,,,,,202,red,4291,4347,8638
81,03,1110030,1,20260823,950,124,0,0,0,0,0,878,74,0,0,0,0,0,3,42.672714040509845,140.377502,,,,,,,,,,,,,202,red,1074,952,2026
81,03,1110050,1,20260823,5359,393,0,0,0,0,0,5180,416,0,0,0,0,0,3,43.121255040655214,140.735792,,,,,,,,,,,,,202,red,5752,5596,11348
81,03,1110060,1,20260823,6594,268,0,0,0,0,0,6931,420,0,0,0,0,0,3,43.19868804067728,140.862496,,,,,,,,,,,,,202,red,6862,7351,14213
81,03,1110080,1,20260823,12366,450,0,0,0,0,0,13814,548,0,0,0,0,0,3,43.153022040664396,141.118728,,,,,,,,,,,,,202,red,12816,14362,27178
81,01,1110090,1,20260823,10754,6088,0,0,0,0,0,9275,6272,0,0,0,0,0,3,43.08364407064419,141.3496424,,,,,,,,,,,,,202,red,16842,15547,32389
81,02,1110100,1,20260823,10328,672,0,0,0,0,0,9774,527,0,0,0,0,0,3,41.855509180168546,140.7378302,,,,,,,,,,,,,202,red,11000,10301,21301
81,02,1110110,1,20260823,7335,619,14,0,0,0,2,6326,688,7,0,0,0,2,3,41.91094404019478,140.69325,,,,,,,,,,,,,202,red,7968,7021,14989
81,03,1110120,1,20260823,364,24,2,0,0,0,0,487,21,2,0,0,0,0,3,42.65674504050413,140.412444,,,,,,,,,,,,,202,red,390,510,900
81,01,1110130,1,20260823,8619,263,0,0,0,0,0,8211,227,0,0,0,0,0,3,43.18473404067338,141.721783,,,,,,,,,,,,,202,red,8882,8438,17320
81,01,1110140,1,20260823,4651,254,0,0,0,0,0,4468,249,0,0,0,0,0,3,43.351557040718205,141.866096,,,,,,,,,,,,,202,red,4905,4717,9622
81,04,1110150,1,20260823,8053,616,0,0,0,0,0,8439,706,0,0,0,0,0,3,43.72678204080376,142.211538,,,,,,,,,,,,,202,red,8669,9145,17814
81,04,1110160,1,20260823,8033,454,310,0,0,0,0,8996,539,233,0,0,0,0,3,43.798283040817644,142.333692,,,,,,,,,,,,,202,red,8797,9768,18565
81,01,1110170,1,20260823,0,0,0,0,0,202,0,0,0,0,0,0,202,0,3,42.95409804060455,141.495931,,,,,,,,,,,,,202,red,0,0,0
81,05,1110180,1,20260823,9521,518,0,0,0,0,0,8734,479,0,0,0,0,0,3,42.619514790490626,141.5539538,,,,,,,,,,,,,202,red,10039,9213,19252
81,05,1110190,1,20260823,7631,270,715,0,0,23,0,8671,304,31,0,0,0,0,3,42.38500765040089,141.0774629,,,,,,,,,,,,,202,red,8616,9006,17622
81,05,1110200,1,20260823,0,0,0,0,0,202,0,2125,287,0,0,0,0,0,3,42.60033645048358,140.6268309,,,,,,,,,,,,,202,red,0,2412,2412
81,01,1110220,1,20260823,2681,174,0,0,0,0,0,2566,146,0,0,0,0,0,3,43.53094035076174,142.1739006,,,,,,,,,,,,,202,red,2855,2712,5567
81,04,1110230,1,20260823,2972,170,0,0,0,0,0,3115,183,0,0,0,0,0,3,43.34513804071655,142.377435,,,,,,,,,,,,,202,red,3142,3298,6440
81,04,1110240,1,20260823,0,0,1755,0,0,202,0,0,0,1772,0,0,202,0,3,43.16138604066678,142.575567,,,,,,,,,,,,,202,red,1755,1772,3527
81,07,1110250,1,20260823,2725,267,0,0,0,0,0,2866,275,0,0,0,0,0,3,42.96760298060881,142.8955221,,,,,,,,,,,,,202,red,2992,3141,6133
81,07,1110260,1,20260823,4626,98,79,0,0,0,0,4498,115,53,0,0,0,0,3,42.91673291059265,143.2700872,,,,,,,,,,,,,202,red,4803,4666,9469
81,07,1110270,1,20260823,1102,105,0,0,0,0,0,953,99,0,0,0,0,0,3,42.832729040565155,143.765979,,,,,,,,,,,,,202,red,1207,1052,2259
81,06,1110280,1,20260823,3318,213,0,0,0,0,0,3504,240,0,0,0,0,0,3,43.002010860619514,144.2464972,,,,,,,,,,,,,202,red,3531,3744,7275
81,06,1110281,1,20260823,5057,404,0,0,0,0,0,5807,441,0,0,0,0,0,3,43.03483108062955,144.3754256,,,,,,,,,,,,,202,red,5461,6248,11709
81,06,1110282,1,20260823,3195,346,0,0,0,0,0,3317,381,0,0,0,0,0,3,43.01628558062389,144.4224501,,,,,,,,,,,,,202,red,3541,3698,7239
81,06,1110283,1,20260823,2144,258,0,0,0,0,0,2255,278,0,0,0,0,0,3,43.00268904061971,144.473627,,,,,,,,,,,,,202,red,2402,2533,4935
81,04,1110290,1,20260823,4191,171,0,0,0,0,0,3789,175,0,0,0,0,0,3,43.818868040821506,142.447347,,,,,,,,,,,,,202,red,4362,3964,8326
81,04,1110300,1,20260823,965,61,3,0,0,0,0,0,0,938,0,0,202,0,3,43.84894404082702,142.744489,,,,,,,,,,,,,202,red,1029,938,1967
81,04,1110310,1,20260823,1730,109,17,0,0,0,0,0,0,1329,0,0,202,0,3,43.781848040814516,142.90227300000004,,,,,,,,,,,,,202,red,1856,1329,3185
81,08,1110320,1,20260823,808,104,0,0,202,0,0,899,112,0,0,202,0,0,3,43.750539740808456,143.4918536,,,,,,,,,,,,,202,red,912,1011,1923
81,08,1110330,1,20260823,3377,91,50,0,0,0,0,3703,137,0,0,202,0,0,3,43.79818204081763,143.833134,,,,,,,,,,,,,202,red,3518,3840,7358
81,08,1110331,1,20260823,1459,120,0,0,0,0,0,1356,73,0,0,0,0,0,3,43.7822242308146,143.8981667,,,,,,,,,,,,,202,red,1579,1429,3008
81,08,1110332,1,20260823,1274,109,0,0,0,0,0,1110,73,0,0,0,0,0,3,43.80292804081852,143.926029,,,,,,,,,,,,,202,red,1383,1183,2566
81,08,1110340,1,20260823,,,,0,0,0,202,,,,0,0,0,202,3,43.85309704082778,144.102175,,,,,,,,,,,,,202,red,0,0,0
81,08,1110350,1,20260823,2467,96,0,0,0,0,0,2267,88,0,0,0,0,0,3,43.87040004083089,144.150466,,,,,,,,,,,,,202,red,2563,2355,4918
81,04,1110360,1,20260823,4559,251,0,0,0,0,0,4518,249,0,0,0,0,0,3,43.819632040821645,142.40886,,,,,,,,,,,,,202,red,4810,4767,9577
81,04,1110370,1,20260823,2345,114,189,0,0,0,0,2844,112,4,0,0,0,0,3,43.9375450408425,142.46586,,,,,,,,,,,,,202,red,2648,2960,5608
81,04,1110380,1,20260823,216,62,0,0,117,0,85,190,37,0,0,117,0,85,3,44.49438804091256,142.340371,,,,,,,,,,,,,202,red,278,227,505
81,04,1110390,1,20260823,599,71,0,0,0,0,0,708,62,0,0,0,0,0,3,44.82270404093181,142.065768,,,,,,,,,,,,,202,red,670,770,1440
81,04,1110400,1,20260823,1246,92,5,0,0,0,0,1340,69,17,0,0,0,0,3,44.331686040896926,142.446612,,,,,,,,,,,,,202,red,1343,1426,2769
81,04,1110410,1,20260823,1898,104,68,0,0,0,0,2180,97,5,0,0,0,0,3,44.4124520409052,142.40433,,,,,,,,,,,,,202,red,2070,2282,4352
81,04,1110420,1,20260823,1725,222,18,0,67,0,0,,,,0,0,0,202,3,44.436504040907465,142.370834,,,,,,,,,,,,,202,red,1965,0,1965
81,04,1110430,1,20260823,1437,112,31,0,0,0,0,1645,94,10,0,0,0,0,3,44.46719604091022,142.373557,,,,,,,,,,,,,202,red,1580,1749,3329
81,04,1110431,1,20260823,1196,118,0,0,0,0,0,1406,88,0,0,0,0,0,3,44.49400304091251,142.349754,,,,,,,,,,,,,202,red,1314,1494,2808
81,10,1110440,1,20260823,748,80,0,0,202,0,0,1030,51,80,0,0,0,0,3,45.01690604093549,141.836757,,,,,,,,,,,,,202,red,828,1161,1989
81,10,1110460,1,20260823,562,39,235,0,0,99,4,991,63,0,0,0,0,4,3,45.20892604093353,141.770096,,,,,,,,,,,,,202,red,836,1054,1890
81,06,1110470,1,20260823,3085,76,22,0,0,0,0,3158,75,24,0,0,0,0,3,42.99479183061728,144.4493526,,,,,,,,,,,,,202,red,3183,3257,6440
81,06,1110480,1,20260823,1825,82,11,0,0,0,0,1842,71,6,0,0,0,0,3,43.13343702065876,145.0159693,,,,,,,,,,,,,202,red,1918,1919,3837
81,02,1110490,1,20260823,1907,88,0,0,0,0,0,1670,372,0,0,0,0,0,3,41.89734796018839,140.6338191,,,,,,,,,,,,,202,red,1995,2042,4037
81,02,1110500,1,20260823,1183,71,0,0,202,0,0,1352,23,59,0,0,0,0,3,41.480587619979374,140.2558047,,,,,,,,,,,,,202,red,1254,1434,2688
81,02,1110510,1,20260823,5136,144,111,0,0,0,0,5635,126,6,0,0,0,0,3,41.83901009016065,140.7069415,,,,,,,,,,,,,202,red,5391,5767,11158
81,02,1110520,1,20260823,3115,100,0,0,202,0,0,3206,261,0,0,202,0,0,3,41.83229743015742,140.67026760000002,,,,,,,,,,,,,202,red,3215,3467,6682
81,02,1110530,1,20260823,2637,64,29,0,0,0,0,2432,52,47,0,0,0,0,3,41.82065939015182,140.6236414,,,,,,,,,,,,,202,red,2730,2531,5261
81,03,1110540,1,20260823,460,22,0,0,0,0,0,458,22,0,0,0,0,0,3,43.24834804069096,140.33431600000003,,,,,,,,,,,,,202,red,482,480,962
81,03,1110550,1,20260823,0,0,0,0,0,202,0,1478,208,0,0,0,0,0,3,42.96644104060844,140.471476,,,,,,,,,,,,,202,red,0,1686,1686
81,03,1110560,1,20260823,261,17,0,0,0,0,0,178,15,0,0,0,0,0,3,42.69059604051622,139.972281,,,,,,,,,,,,,202,red,278,193,471
81,02,1110570,1,20260823,672,28,0,0,0,0,0,587,38,0,0,0,0,0,3,42.068390450266875,140.0715584,,,,,,,,,,,,,202,red,700,625,1325
81,01,1110600,1,20260823,7189,325,0,0,0,0,0,5479,271,0,0,0,0,0,3,43.1876802706742,141.3248983,,,,,,,,,,,,,202,red,7514,5750,13264
81,01,1110610,1,20260823,3100,132,0,0,0,0,0,0,0,0,0,0,202,0,3,43.377555040724815,141.428392,,,,,,,,,,,,,202,red,3232,0,3232
81,09,1110620,1,20260823,2048,47,0,0,0,0,0,2210,65,0,0,0,0,0,3,43.89116004083455,141.602442,,,,,,,,,,,,,202,red,2095,2275,4370
81,09,1110630,1,20260823,,,,0,0,0,202,,,,0,0,0,202,3,44.71198204092715,141.790418,,,,,,,,,,,,,202,red,0,0,0
81,09,1110640,1,20260823,2656,398,0,0,0,0,0,2273,349,0,0,0,0,0,3,43.99996504085269,141.656227,,,,,,,,,,,,,202,red,3054,2622,5676
81,01,1110650,1,20260823,1274,71,0,0,0,0,0,1165,48,0,0,0,0,0,3,43.76598569081147,141.953873,,,,,,,,,,,,,202,red,1345,1213,2558
81,09,1110660,1,20260823,1361,91,0,0,0,0,0,1945,84,0,0,0,0,0,3,43.919969040839526,141.687135,,,,,,,,,,,,,202,red,1452,2029,3481
81,01,1110670,1,20260823,1279,44,4,0,0,0,4,1132,50,4,0,0,0,4,3,43.719328040802246,141.995229,,,,,,,,,,,,,202,red,1327,1186,2513
81,01,1110680,1,20260823,1873,88,59,0,0,0,0,2023,60,3,0,0,0,0,3,43.80247704081843,141.939455,,,,,,,,,,,,,202,red,2020,2086,4106
81,01,1110690,1,20260823,2202,84,16,0,0,0,0,2415,88,1,0,0,0,0,3,43.804048040818735,141.856355,,,,,,,,,,,,,202,red,2302,2504,4806
81,09,1110700,1,20260823,2620,1054,0,0,201,13,1,3139,218,3,0,0,0,1,3,43.84518804082634,141.778679,,,,,,,,,,,,,202,red,3674,3360,7034
81,09,1110701,1,20260823,2907,192,0,0,0,0,0,3295,194,0,0,0,0,0,3,43.87822704083228,141.723595,,,,,,,,,,,,,202,red,3099,3489,6588
81,09,1110702,1,20260823,2102,150,0,0,0,0,0,2206,133,0,0,0,0,0,3,43.928072040840895,141.68278,,,,,,,,,,,,,202,red,2252,2339,4591
81,01,1110710,1,20260823,1621,68,0,0,0,202,0,3645,233,0,0,0,0,0,3,43.11269117065273,141.74737440000004,,,,,,,,,,,,,202,red,1689,3878,5567
81,05,1110720,1,20260823,2500,222,23,0,0,0,0,2441,248,13,0,0,0,0,3,42.81091575055783,141.8315435,,,,,,,,,,,,,202,red,2745,2702,5447
81,05,1110730,1,20260823,2638,118,6,0,0,0,0,2421,114,30,0,0,0,0,3,42.57481157047414,141.9503395,,,,,,,,,,,,,202,red,2762,2565,5327
81,05,1110740,1,20260823,2012,149,0,0,0,0,0,2490,129,0,0,0,0,0,3,42.18634909031852,142.7152599,,,,,,,,,,,,,202,red,2161,2619,4780
81,05,1110750,1,20260823,0,0,0,0,0,202,0,1667,0,0,0,0,0,0,3,42.67572651051092,141.724241,,,,,,,,,,,,,202,red,0,1667,1667
81,05,1110760,1,20260823,5244,519,0,0,0,0,0,5213,480,0,0,0,0,0,3,42.65945501050509,141.8200069,,,,,,,,,,,,,202,red,5763,5693,11456
81,05,1110770,1,20260823,4828,442,0,0,0,0,0,4890,353,0,0,0,0,0,3,42.5992918904832,141.8930837,,,,,,,,,,,,,202,red,5270,5243,10513
81,07,1110780,1,20260823,1634,113,3,0,0,0,0,1718,76,2,0,0,0,0,3,42.47939292043798,143.273263,,,,,,,,,,,,,202,red,1750,1796,3546
81,05,1110790,1,20260823,,,,0,0,0,202,,,,0,0,0,202,3,42.23567851033952,142.9927157,,,,,,,,,,,,,202,red,0,0,0
81,07,1110800,1,20260823,1449,137,38,0,0,0,0,1785,184,2,0,0,0,0,3,42.944556830601535,143.1061614,,,,,,,,,,,,,202,red,1624,1971,3595
81,07,1110810,1,20260823,933,142,29,0,0,0,3,841,152,4,0,0,0,3,3,42.8783228205802,143.1246418,,,,,,,,,,,,,202,red,1104,997,2101
81,07,1110820,1,20260823,3032,223,0,0,0,0,0,2818,157,0,0,0,0,0,3,42.772632730544835,143.175416,,,,,,,,,,,,,202,red,3255,2975,6230
81,07,1110830,1,20260823,2619,133,64,0,0,0,0,2564,105,32,0,0,0,0,3,42.722047130527294,143.168571,,,,,,,,,,,,,202,red,2816,2701,5517
81,07,1110831,1,20260823,1925,155,0,0,0,0,0,1956,88,0,0,0,0,0,3,42.67773204051164,143.145688,,,,,,,,,,,,,202,red,2080,2044,4124
81,07,1110832,1,20260823,1718,95,0,0,0,0,0,1739,75,0,0,0,0,0,3,42.637427040497144,143.190237,,,,,,,,,,,,,202,red,1813,1814,3627
81,07,1110833,1,20260823,1273,71,0,0,0,0,0,1281,55,0,0,0,0,0,3,42.550911040465216,143.288527,,,,,,,,,,,,,202,red,1344,1336,2680
81,04,1110840,1,20260823,4338,201,0,0,0,0,0,3908,161,0,0,0,0,0,3,43.67766304079377,142.395871,,,,,,,,,,,,,202,red,4539,4069,8608
81,04,1110850,1,20260823,812,77,0,0,0,0,0,769,83,0,0,0,0,0,3,43.142849040661474,142.416499,,,,,,,,,,,,,202,red,889,852,1741
81,05,1110860,1,20260823,4061,415,0,0,0,0,0,3763,313,0,0,0,0,0,3,42.56014623046868,141.984126,,,,,,,,,,,,,202,red,4476,4076,8552
81,05,1110861,1,20260823,3193,233,0,0,0,0,0,3175,201,0,0,0,0,0,3,42.511718620450374,142.0646378,,,,,,,,,,,,,202,red,3426,3376,6802
81,05,1110862,1,20260823,2886,204,0,0,0,0,0,2744,156,0,0,0,0,0,3,42.476880240437005,142.1551718,,,,,,,,,,,,,202,red,3090,2900,5990
81,08,1110870,1,20260823,1124,176,0,0,202,0,0,1014,112,0,0,202,0,0,3,44.122097850870915,144.0483972,,,,,,,,,,,,,202,red,1300,1126,2426
81,08,1110881,1,20260823,1710,142,0,0,0,0,0,1922,117,0,0,0,0,0,3,44.24722204088725,143.491111,,,,,,,,,,,,,202,red,1852,2039,3891
81,08,1110890,1,20260823,1140,92,0,0,202,0,0,1184,64,0,0,202,0,0,3,44.571011040918506,142.9747586,,,,,,,,,,,,,202,red,1232,1248,2480
81,10,1110900,1,20260823,,,,0,0,0,202,,,,0,0,0,202,3,45.401916040925876,141.74393,,,,,,,,,,,,,202,red,0,0,0
81,04,1110910,1,20260823,1292,80,0,0,0,0,0,0,0,0,0,0,202,0,3,44.33124604089689,142.51453,,,,,,,,,,,,,202,red,1372,0,1372
81,04,1110920,1,20260823,,,,0,0,0,202,,,,0,0,0,202,3,44.17901104087865,142.27833,,,,,,,,,,,,,202,red,0,0,0
81,06,1110930,1,20260823,2364,198,0,0,0,0,0,2054,179,0,0,0,0,0,3,43.094167250647295,144.1218925,,,,,,,,,,,,,202,red,2562,2233,4795
81,08,1110941,1,20260823,1102,158,0,0,202,0,0,1468,103,0,0,202,0,0,3,43.69889304079811,144.026451,,,,,,,,,,,,,202,red,1260,1571,2831
81,07,1110950,1,20260823,2058,151,29,0,0,0,0,2224,167,13,0,0,0,0,3,43.204237410678836,143.2746363,,,,,,,,,,,,,202,red,2238,2404,4642
81,07,1110960,1,20260823,1240,136,0,0,0,0,0,1066,131,0,0,0,0,0,3,43.458400040744706,143.740097,,,,,,,,,,,,,202,red,1376,1197,2573
81,07,1110970,1,20260823,2032,222,0,0,0,0,0,1847,244,0,0,0,0,0,3,43.110542040652106,143.580506,,,,,,,,,,,,,202,red,2254,2091,4345
81,06,1110980,1,20260823,1470,140,0,0,0,0,0,1511,119,0,0,0,0,0,3,43.55969036076827,144.3196517,,,,,,,,,,,,,202,red,1610,1630,3240
81,06,1110990,1,20260823,1239,78,10,0,0,0,0,1276,77,5,0,0,0,0,3,43.46525075074637,144.6738938,,,,,,,,,,,,,202,red,1327,1358,2685
81,06,1111000,1,20260823,1141,90,0,0,0,0,0,1053,58,0,0,0,0,0,3,43.3767268407246,145.1354671,,,,,,,,,,,,,202,red,1231,1111,2342
81,08,1111010,1,20260823,3124,201,0,0,202,0,0,2904,228,0,0,202,0,0,3,43.98185858084978,144.2978521,,,,,,,,,,,,,202,red,3325,3132,6457
81,06,1111020,1,20260823,638,11,2,0,0,0,0,672,14,4,0,0,0,0,3,43.58981766077498,145.2084661,,,,,,,,,,,,,202,red,651,690,1341
81,06,1111030,1,20260823,1428,208,0,0,0,0,0,1731,256,0,0,0,0,0,3,43.02214121062568,144.5287192,,,,,,,,,,,,,202,red,1636,1987,3623
81,06,1111040,1,20260823,0,0,5205,0,0,202,0,4717,513,0,0,202,0,0,3,43.53929381076365,144.9801323,,,,,,,,,,,,,202,red,5205,5230,10435
81,08,1111050,1,20260823,1006,133,0,0,202,0,0,979,57,20,0,0,0,0,3,44.25159504088778,143.262315,,,,,,,,,,,,,202,red,1139,1056,2195
81,01,1111060,1,20260823,1841,253,0,0,0,0,0,1729,222,0,0,0,0,0,3,42.938085080599464,142.0403856,,,,,,,,,,,,,202,red,2094,1951,4045
81,07,1111080,1,20260823,985,297,0,0,0,0,0,1132,272,0,0,0,0,0,3,42.97320004061056,142.816438,,,,,,,,,,,,,202,red,1282,1404,2686
81,01,1111090,1,20260823,7611,547,0,0,0,0,0,7073,506,0,0,0,0,0,3,43.12130790065524,141.4830387,,,,,,,,,,,,,202,red,8158,7579,15737
81,01,1111100,1,20260823,4130,368,0,0,0,0,0,4191,346,0,0,0,0,0,3,43.43463367073897,141.8216186,,,,,,,,,,,,,202,red,4498,4537,9035
81,01,1111110,1,20260823,2487,209,0,0,0,0,0,2324,176,0,0,0,0,0,3,43.57168557077097,141.8750113,,,,,,,,,,,,,202,red,2696,2500,5196
81,02,1111130,1,20260823,5239,505,30,0,202,0,0,5849,262,45,0,0,0,0,3,41.77319404012875,140.796333,,,,,,,,,,,,,202,red,5774,6156,11930
81,02,1111140,1,20260823,456,32,0,0,0,0,0,442,71,0,0,0,0,0,3,42.03841781025344,140.8062566,,,,,,,,,,,,,202,red,488,513,1001
81,02,1111145,1,20260823,8899,367,0,0,0,0,0,9762,354,0,0,0,0,0,3,41.84000143016112,140.7552781,,,,,,,,,,,,,202,red,9266,10116,19382
81,08,1111150,1,20260823,469,37,0,0,202,0,0,554,38,0,0,202,0,0,3,44.010611040854364,143.413281,,,,,,,,,,,,,202,red,506,592,1098
81,08,1111160,1,20260823,2890,108,22,0,0,0,0,3062,135,186,0,0,0,0,3,43.962452040846635,143.715644,,,,,,,,,,,,,202,red,3020,3383,6403
81,01,1111180,1,20260823,,,,0,0,0,202,,,,0,0,0,202,3,42.815960640559524,141.6810393,,,,,,,,,,,,,202,red,0,0,0
81,01,1111190,1,20260823,0,0,4966,0,0,202,0,257,14,5398,0,0,202,0,3,42.83070733056448,141.6903091,,,,,,,,,,,,,202,red,4966,5669,10635
81,01,1111200,1,20260823,4244,411,84,0,0,0,0,4886,545,38,0,202,0,0,3,42.860948090574496,141.7104933,,,,,,,,,,,,,202,red,4739,5469,10208
81,01,1111210,1,20260823,2803,375,0,0,0,0,0,0,0,0,0,0,202,0,3,43.18556004067363,141.554044,,,,,,,,,,,,,202,red,3178,0,3178
81,06,1111220,1,20260823,985,106,0,0,0,0,0,1020,60,0,0,0,0,0,3,43.37269109072359,144.5593071,,,,,,,,,,,,,202,red,1091,1080,2171
81,08,1111230,1,20260823,445,38,12,0,0,0,0,470,36,15,0,0,0,0,3,43.81126104082009,144.489672,,,,,,,,,,,,,202,red,495,521,1016
81,06,1111240,1,20260823,254,12,0,0,0,0,0,240,11,0,0,0,0,0,3,42.99604737061767,144.0391088,,,,,,,,,,,,,202,red,266,251,517
81,03,1111250,1,20260823,1939,122,0,0,0,0,0,1559,116,0,0,0,0,0,3,43.089578040645954,140.955582,,,,,,,,,,,,,202,red,2061,1675,3736
81,04,1111260,1,20260823,1502,102,15,0,0,0,1,1616,110,2,0,0,0,1,3,43.92330404084009,142.480139,,,,,,,,,,,,,202,red,1619,1728,3347
81,04,1111270,1,20260823,0,0,1520,0,0,0,0,0,0,1399,0,0,0,0,3,43.90347904083668,142.548538,,,,,,,,,,,,,202,red,1520,1399,2919
81,04,1111280,1,20260823,3647,250,14,0,0,0,3,3554,229,3,0,0,0,3,3,43.88962304083429,142.598335,,,,,,,,,,,,,202,red,3911,3786,7697
81,04,1111290,1,20260823,3570,272,31,0,0,0,0,3572,207,105,0,0,0,0,3,43.840859040825556,142.737691,,,,,,,,,,,,,202,red,3873,3884,7757
81,04,1111300,1,20260823,2290,173,22,0,0,0,0,2709,213,35,0,0,0,0,3,43.843162040825966,142.799904,,,,,,,,,,,,,202,red,2485,2957,5442
81,04,1111310,1,20260823,,,,0,0,0,202,,,,0,0,0,202,3,43.885885060833616,142.99375530000003,,,,,,,,,,,,,202,red,0,0,0
81,08,1111320,1,20260823,,,,0,0,0,202,,,,0,0,0,202,3,43.942327040843296,143.272964,,,,,,,,,,,,,202,red,0,0,0
81,08,1111321,1,20260823,1613,166,0,0,0,0,3,2293,184,0,0,0,0,3,3,44.005186040853516,143.417614,,,,,,,,,,,,,202,red,1779,2477,4256
81,08,1111322,1,20260823,1583,156,0,0,0,0,0,2248,179,0,0,0,0,0,3,44.010190040854305,143.450296,,,,,,,,,,,,,202,red,1739,2427,4166
81,01,1111330,1,20260823,5065,194,0,0,0,0,0,4050,139,0,0,0,0,0,3,42.93896478059976,141.3440037,,,,,,,,,,,,,202,red,5259,4189,9448
81,05,1111340,1,20260823,1720,124,0,0,0,0,0,1753,120,0,0,0,0,0,3,42.559147540468295,140.8961254,,,,,,,,,,,,,202,red,1844,1873,3717
81,01,1111350,1,20260823,3624,449,0,0,0,0,0,4155,445,0,0,0,0,0,3,42.88313893058179,141.7190833,,,,,,,,,,,,,202,red,4073,4600,8673
81,01,1111360,1,20260823,3152,405,0,0,0,0,0,3794,406,0,0,0,0,0,3,42.91387104059173,141.717002,,,,,,,,,,,,,202,red,3557,4200,7757
81,01,1111370,1,20260823,1665,192,0,0,0,0,0,1723,237,0,0,0,0,0,3,43.05425404063542,141.635599,,,,,,,,,,,,,202,red,1857,1960,3817
81,02,1111380,1,20260823,7274,285,0,0,0,0,0,7000,275,0,0,0,0,0,3,41.822662040152785,140.7753,,,,,,,,,,,,,202,red,7559,7275,14834
81,02,1111390,1,20260823,3926,230,0,0,0,0,0,3363,222,0,0,0,0,0,3,41.80204204014281,140.800817,,,,,,,,,,,,,202,red,4156,3585,7741
81,02,1111400,1,20260823,2101,106,0,0,0,0,0,2056,83,0,0,0,0,0,3,41.75457904011961,140.573825,,,,,,,,,,,,,202,red,2207,2139,4346
81,04,1111410,1,20260823,714,55,0,0,0,0,0,432,45,0,0,0,0,0,3,43.35314804071861,142.36145400000004,,,,,,,,,,,,,202,red,769,477,1246
81,04,1111420,1,20260823,1330,92,0,0,0,0,0,912,88,0,0,0,0,0,3,43.3038010407058,142.381627,,,,,,,,,,,,,202,red,1422,1000,2422
81,06,1111500,1,20260823,2117,120,0,0,0,0,0,2208,85,0,0,0,0,0,3,43.29111104070245,145.517778,,,,,,,,,,,,,202,red,2237,2293,4530
81,03,1111600,1,20260823,1886,160,0,0,0,0,0,1715,238,0,0,0,0,0,3,43.162210040667006,140.797074,,,,,,,,,,,,,202,red,2046,1953,3999
81,06,1160010,1,20260823,2263,306,106,0,0,0,0,2639,399,78,0,0,0,0,1,43.12053262065503,143.6537933,,,,,,,,,,,,,202,red,2675,3116,5791
81,06,1160020,1,20260823,2575,399,0,0,0,0,0,2894,495,0,0,0,0,0,1,43.12244095065557,143.6787104,,,,,,,,,,,,,202,red,2974,3389,6363
81,06,1160030,1,20260823,2430,398,0,0,0,0,0,2951,446,0,0,0,0,0,1,43.081215390643465,143.9874923,,,,,,,,,,,,,202,red,2828,3397,6225
81,06,1160040,1,20260823,2415,390,0,0,0,0,0,2979,451,0,0,0,0,0,1,43.08452217064445,144.1232336,,,,,,,,,,,,,202,red,2805,3430,6235
81,06,1160050,1,20260823,3084,383,0,0,0,0,0,4067,448,0,0,0,0,0,1,43.09138904064647,144.173494,,,,,,,,,,,,,202,red,3467,4515,7982
81,06,1160060,1,20260823,3571,392,0,0,0,0,0,4707,476,0,0,0,0,0,1,43.04670304063314,144.303761,,,,,,,,,,,,,202,red,3963,5183,9146
81,08,1160120,1,20260823,599,71,0,0,0,0,0,658,62,0,0,0,0,0,1,43.69663004079766,143.731065,,,,,,,,,,,,,202,red,670,720,1390
81,08,1160130,1,20260823,921,83,0,0,0,0,0,1041,62,0,0,0,0,0,1,43.7375680408059,143.819828,,,,,,,,,,,,,202,red,1004,1103,2107
81,02,1310010,1,20260823,2320,81,0,0,0,0,0,2578,80,0,0,0,0,0,3,41.9090560401939,140.682556,,,,,,,,,,,,,202,red,2401,2658,5059
81,02,1310020,1,20260823,5176,433,0,0,0,0,0,5221,401,0,0,0,0,0,3,42.0164720402435,140.622028,,,,,,,,,,,,,202,red,5609,5622,11231
81,02,1310030,1,20260823,3378,395,0,0,0,0,0,3126,392,0,0,0,0,0,3,42.44355604042405,140.326972,,,,,,,,,,,,,202,red,3773,3518,7291
81,03,1310040,1,20260823,4371,359,0,0,0,0,0,4100,390,0,0,0,0,0,3,43.005875040620694,140.666614,,,,,,,,,,,,,202,red,4730,4490,9220
81,01,1310050,1,20260823,4059,110,0,0,0,202,0,4937,149,0,0,0,202,0,3,43.13178497065829,141.1990678,,,,,,,,,,,,,202,red,4169,5086,9255
81,01,1310060,1,20260823,10370,1189,0,0,0,0,0,10409,1341,0,0,0,0,0,3,43.06547437063878,141.3767481,,,,,,,,,,,,,202,red,11559,11750,23309
81,01,1310070,1,20260823,9647,408,0,0,0,0,0,10370,454,0,0,0,0,0,3,43.048510140633695,141.4108604,,,,,,,,,,,,,202,red,10055,10824,20879
81,01,1310080,1,20260823,12606,400,0,0,0,0,0,11572,382,0,0,0,0,0,3,43.057749330636454,141.4844763,,,,,,,,,,,,,202,red,13006,11954,24960
81,01,1310090,1,20260823,0,0,0,0,0,202,0,6244,182,0,0,0,0,0,3,43.294945650703454,141.8492997,,,,,,,,,,,,,202,red,0,6426,6426
81,01,1310100,1,20260823,8189,372,0,0,0,0,0,7492,278,0,0,0,0,0,3,43.53544778076278,141.9200456,,,,,,,,,,,,,202,red,8561,7770,16331
81,01,1310110,1,20260823,4774,451,0,0,0,0,0,4684,400,0,0,0,0,0,3,43.66238455079058,141.9957268,,,,,,,,,,,,,202,red,5225,5084,10309
81,01,1310120,1,20260823,0,0,0,0,0,202,0,11446,659,0,0,0,0,0,3,43.0094644106218,141.4241588,,,,,,,,,,,,,202,red,0,12105,12105
81,01,1310130,1,20260823,8026,415,0,0,0,202,0,8997,487,0,0,0,202,0,3,42.85324004057195,141.609931,,,,,,,,,,,,,202,red,8441,9484,17925
81,01,1310140,1,20260823,11295,972,0,0,0,0,0,10726,870,0,0,0,0,0,3,42.79203104055144,141.693651,,,,,,,,,,,,,202,red,12267,11596,23863
81,05,1310150,1,20260823,5735,236,0,0,0,0,0,5530,234,0,0,0,0,0,3,42.483348820439495,141.2489566,,,,,,,,,,,,,202,red,5971,5764,11735
81,05,1310160,1,20260823,6808,348,0,0,0,0,0,7195,228,0,0,0,0,0,3,42.362402460391806,140.964739,,,,,,,,,,,,,202,red,7156,7423,14579
81,05,1310170,1,20260823,3641,338,0,0,202,0,0,3894,79,19,0,0,0,0,3,42.363565450392265,140.9519019,,,,,,,,,,,,,202,red,3979,3992,7971
81,04,1310180,1,20260823,,,,0,0,0,202,,,,0,0,0,202,3,43.22376604068423,142.378762,,,,,,,,,,,,,202,red,0,0,0
81,06,1310200,1,20260823,1515,136,0,0,0,0,0,1433,127,0,0,0,0,0,3,42.89183628058462,143.9445233,,,,,,,,,,,,,202,red,1651,1560,3211
81,06,1310210,1,20260823,3311,176,24,0,0,0,0,2855,251,0,0,202,0,0,3,43.009797840621914,144.2786998,,,,,,,,,,,,,202,red,3511,3106,6617
81,06,1310220,1,20260823,2535,152,0,0,0,0,0,3406,246,0,0,0,0,0,3,43.02229809062573,144.2728472,,,,,,,,,,,,,202,red,2687,3652,6339
81,08,1310230,1,20260823,2406,287,0,0,202,0,0,2342,366,0,0,202,0,0,3,43.85893419082885,144.0808788,,,,,,,,,,,,,202,red,2693,2708,5401
81,08,1310240,1,20260823,1779,94,0,0,202,0,0,1856,126,0,0,202,0,0,3,44.01132969085448,144.2315868,,,,,,,,,,,,,202,red,1873,1982,3855
81,04,1310250,1,20260823,3416,216,137,0,0,0,0,3736,163,78,0,0,0,0,3,44.16725904087709,142.395004,,,,,,,,,,,,,202,red,3769,3977,7746
81,04,1310260,1,20260823,2869,179,6,0,0,0,0,3099,146,3,0,0,0,0,3,44.19030204088012,142.392098,,,,,,,,,,,,,202,red,3054,3248,6302
81,09,1310270,1,20260823,522,56,0,0,0,0,0,659,50,0,0,0,0,0,3,44.89849804093394,141.930734,,,,,,,,,,,,,202,red,578,709,1287
81,10,1310280,1,20260823,182,13,0,0,0,0,0,170,13,0,0,0,0,0,3,45.0919210409354,141.772244,,,,,,,,,,,,,202,red,195,183,378
81,10,1310290,1,20260823,,,,0,0,0,202,,,,0,0,0,202,3,45.3643680409278,141.728937,,,,,,,,,,,,,202,red,0,0,0
81,06,1310300,1,20260823,2947,118,13,0,0,0,0,0,0,3108,0,0,202,0,3,43.059450410636984,144.8007274,,,,,,,,,,,,,202,red,3078,3108,6186
81,06,1310310,1,20260823,292,40,0,0,202,0,0,340,29,1,0,0,0,0,3,43.27550252069827,145.50157790000003,,,,,,,,,,,,,202,red,332,370,702
81,02,1310320,1,20260823,2887,112,0,0,0,0,0,3076,113,0,0,0,0,0,3,41.8940000401868,140.139639,,,,,,,,,,,,,202,red,2999,3189,6188
81,02,1310330,1,20260823,3385,151,0,0,0,0,0,3452,133,0,0,0,0,0,3,41.68472204008489,140.444,,,,,,,,,,,,,202,red,3536,3585,7121
81,03,1310340,1,20260823,3449,199,0,0,0,0,0,0,0,0,0,0,195,0,3,43.26192904069464,140.646731,,,,,,,,,,,,,202,red,3648,0,3648
81,03,1310350,1,20260823,1371,67,0,0,0,0,0,1352,84,0,0,0,0,0,3,43.041313040631515,140.5119,,,,,,,,,,,,,202,red,1438,1436,2874
81,02,1310360,1,20260823,507,22,0,0,0,0,0,447,36,0,0,0,0,0,3,42.129260570293795,139.981876,,,,,,,,,,,,,202,red,529,483,1012
81,01,1310370,1,20260823,14813,589,0,0,0,0,0,14308,485,0,0,0,0,0,3,43.007483420621185,141.3442719,,,,,,,,,,,,,202,red,15402,14793,30195
81,03,1310380,1,20260823,5211,389,0,0,0,0,0,4907,258,0,0,0,0,0,3,42.797316040553234,140.953155,,,,,,,,,,,,,202,red,5600,5165,10765
81,03,1310390,1,20260823,3920,344,0,0,0,0,0,3540,243,0,0,0,0,0,3,42.75911004054018,140.927534,,,,,,,,,,,,,202,red,4264,3783,8047
81,09,1310420,1,20260823,2110,181,0,0,0,0,0,1758,144,0,0,0,0,0,3,44.315812040895196,141.663389,,,,,,,,,,,,,202,red,2291,1902,4193
81,05,1310430,1,20260823,1905,170,0,0,0,0,0,1453,148,0,0,0,0,0,3,42.68397268051387,141.6803745,,,,,,,,,,,,,202,red,2075,1601,3676
81,05,1310440,1,20260823,841,76,8,0,0,0,0,878,76,10,0,0,0,0,3,42.455508520428715,142.1783574,,,,,,,,,,,,,202,red,925,964,1889
81,07,1310450,1,20260823,3072,181,0,0,0,0,0,2602,175,0,0,0,0,0,3,42.850468990571045,143.1845784,,,,,,,,,,,,,202,red,3253,2777,6030
81,04,1310460,1,20260823,3134,122,4,0,0,0,34,3275,254,0,0,168,0,34,3,43.3597710407203,142.387706,,,,,,,,,,,,,202,red,3260,3529,6789
81,05,1310470,1,20260823,535,170,0,0,0,0,0,560,177,0,0,0,0,0,3,42.87689451057974,142.4313468,,,,,,,,,,,,,202,red,705,737,1442
81,08,1310490,1,20260823,1597,127,0,0,202,0,0,1720,79,22,0,0,0,0,3,44.469400040910415,143.131573,,,,,,,,,,,,,202,red,1724,1821,3545
81,10,1310500,1,20260823,,,,0,0,0,202,,,,0,0,0,202,3,44.9513530409349,142.577793,,,,,,,,,,,,,202,red,0,0,0
81,06,1310520,1,20260823,496,27,0,0,0,0,0,674,39,0,0,0,0,0,3,43.474956340748676,144.4077086,,,,,,,,,,,,,202,red,523,713,1236
81,07,1310530,1,20260823,341,27,0,0,0,0,0,588,39,0,0,0,0,0,3,43.351455040718186,143.778977,,,,,,,,,,,,,202,red,368,627,995
81,08,1310540,1,20260823,1076,84,0,0,202,0,0,957,66,0,0,202,0,0,3,43.71241358080086,144.1898958,,,,,,,,,,,,,202,red,1160,1023,2183
81,06,1310550,1,20260823,1237,86,0,0,0,0,0,1168,59,0,0,0,0,0,3,43.23651165068774,145.2499867,,,,,,,,,,,,,202,red,1323,1227,2550
81,06,1310560,1,20260823,1036,59,0,0,0,0,0,977,52,0,0,0,0,0,3,43.68069492079438,145.1213962,,,,,,,,,,,,,202,red,1095,1029,2124
81,06,1310570,1,20260823,1084,169,0,0,0,0,0,1561,256,0,0,0,0,0,3,43.3613193507207,144.8334503,,,,,,,,,,,,,202,red,1253,1817,3070
81,04,1310580,1,20260823,176,16,0,0,0,0,0,148,13,0,0,0,0,0,3,43.85535404082818,142.818956,,,,,,,,,,,,,202,red,192,161,353
81,01,1310590,1,20260823,15940,826,0,0,0,0,0,17777,1054,0,0,0,0,0,3,43.101919030649576,141.3492984,,,,,,,,,,,,,202,red,16766,18831,35597
81,01,1310600,1,20260823,5533,359,0,0,0,202,0,4962,350,0,0,0,202,0,3,43.018587890624595,141.4801633,,,,,,,,,,,,,202,red,5892,5312,11204
81,07,1310610,1,20260823,62,15,0,0,0,0,0,63,9,0,0,0,0,0,3,43.124397040656135,143.671096,,,,,,,,,,,,,202,red,77,72,149
81,01,1310620,1,20260823,7692,401,0,0,0,0,0,9973,431,0,0,0,0,0,3,43.080001040643104,141.40691,,,,,,,,,,,,,202,red,8093,10404,18497
81,01,1310630,1,20260823,0,0,0,0,0,202,0,0,0,0,0,0,202,0,3,43.224602350684464,141.5421492,,,,,,,,,,,,,202,red,0,0,0
81,05,1310650,1,20260823,0,0,4097,0,0,202,0,4303,509,38,0,0,0,0,3,42.664068480506764,141.5956308,,,,,,,,,,,,,202,red,4097,4850,8947
81,08,1310660,1,20260823,1890,86,4,0,0,0,0,2434,110,3,0,0,0,0,3,43.98436947085019,143.5657163,,,,,,,,,,,,,202,red,1980,2547,4527
81,08,1310670,1,20260823,920,91,0,0,202,0,0,1000,142,0,0,202,0,0,3,43.93417044084193,144.7997993,,,,,,,,,,,,,202,red,1011,1142,2153
81,01,1310680,1,20260823,4027,159,0,0,0,0,0,4127,129,0,0,0,0,0,3,42.84334231056867,141.6642755,,,,,,,,,,,,,202,red,4186,4256,8442
81,06,1310690,1,20260823,2037,80,1,0,0,0,0,1885,137,3,0,0,0,0,3,43.048098520633566,144.4594431,,,,,,,,,,,,,202,red,2118,2025,4143
81,01,1310700,1,20260823,7651,339,0,0,0,0,0,7843,300,0,0,0,0,0,3,43.001297040619285,141.34856,,,,,,,,,,,,,202,red,7990,8143,16133
82,,2110010,1,20260823,5096,825,0,0,0,0,0,5498,272,0,0,0,0,0,3,37.110573456365614,140.1455465,,,,,,,,,,,,,205,red,5921,5770,11691
82,,2110017,1,20260823,14309,913,0,0,0,0,0,14544,521,0,0,0,0,0,3,37.37338104665072,140.3483355,,,,,,,,,,,,,205,red,15222,15065,30287
82,,2110019,1,20260823,16024,1217,0,0,0,0,0,15244,807,0,0,0,0,0,3,37.46431627674753,140.3769493,,,,,,,,,,,,,205,red,17241,16051,33292
82,,2110021,1,20260823,11166,897,95,0,0,0,0,10705,912,39,0,205,0,0,3,37.606841446897334,140.4677635,,,,,,,,,,,,,205,red,12158,11656,23814
82,,2110030,1,20260823,15949,770,0,0,0,0,0,16152,536,0,0,0,0,0,3,37.73677529703182,140.4665726,,,,,,,,,,,,,205,red,16719,16688,33407
82,,2110040,1,20260823,10081,622,0,0,0,0,0,10348,457,0,0,0,0,0,3,37.807813217104496,140.4958221,,,,,,,,,,,,,205,red,10703,10805,21508
82,,2110050,1,20260823,5304,575,0,0,0,0,0,5467,447,0,0,0,0,0,3,37.90701278720498,140.5808128,,,,,,,,,,,,,205,red,5879,5914,11793
82,,2110055,1,20260823,9518,909,0,0,0,0,0,9309,663,0,0,0,0,0,3,38.041138927338956,140.6498056,,,,,,,,,,,,,205,red,10427,9972,20399
82,,2110060,1,20260823,14986,953,0,0,0,0,0,13982,642,0,0,0,0,0,3,38.085083367382396,140.8283056,,,,,,,,,,,,,205,red,15939,14624,30563
82,,2110062,1,20260823,2915,187,41,0,0,0,0,2672,160,37,0,0,0,0,3,39.659168038777906,141.92916800000003,,,,,,,,,,,,,205,red,3143,2869,6012
82,,2110063,1,20260823,2372,176,31,0,0,0,0,2172,148,37,0,0,0,0,3,39.73009903883322,141.960134,,,,,,,,,,,,,205,red,2579,2357,4936
82,,2110065,1,20260823,17808,618,0,0,0,0,0,16433,548,0,0,0,0,0,3,38.15208336744814,140.8853611,,,,,,,,,,,,,205,red,18426,16981,35407
82,,2110070,1,20260823,21253,819,0,0,0,0,0,20516,753,0,0,0,0,0,3,38.21891670751319,140.895,,,,,,,,,,,,,205,red,22072,21269,43341
82,,2110081,1,20260823,7838,153,0,0,0,0,0,0,0,0,0,0,0,0,3,38.340207037629824,140.883811,,,,,,,,,,,,,205,red,7991,0,7991
82,,2110090,1,20260823,7489,437,0,0,0,0,0,8362,222,0,0,0,0,0,3,38.61000803788275,140.98291900000004,,,,,,,,,,,,,205,red,7926,8584,16510
82,,2110091,1,20260823,3988,370,0,0,0,0,0,3653,199,0,0,0,0,0,3,38.834610038086325,141.085674,,,,,,,,,,,,,205,red,4358,3852,8210
82,,2110092,1,20260823,6334,376,0,0,0,0,0,5427,234,0,0,0,0,0,3,38.930416038171224,141.117432,,,,,,,,,,,,,205,red,6710,5661,12371
82,,2110093,1,20260823,5906,320,100,0,0,0,0,5764,228,64,0,0,0,0,3,39.003777838235415,141.1133766,,,,,,,,,,,,,205,red,6326,6056,12382
82,,2110095,1,20260823,4984,137,0,0,0,0,0,5369,120,0,0,0,0,0,3,39.166645038375485,141.142913,,,,,,,,,,,,,205,red,5121,5489,10610
82,,2110103,1,20260823,13328,478,0,0,0,0,0,14462,221,0,0,0,0,0,3,39.668019038784855,141.15759,,,,,,,,,,,,,205,red,13806,14683,28489
82,,2110106,1,20260823,11319,229,0,0,0,0,0,11137,286,0,0,0,0,0,3,39.70774803881587,141.165401,,,,,,,,,,,,,205,red,11548,11423,22971
82,,2110110,1,20260823,11054,336,0,0,0,0,0,10391,273,0,0,0,0,0,3,39.7581439588549,141.134491,,,,,,,,,,,,,205,red,11390,10664,22054
82,,2110120,1,20260823,3510,249,0,0,0,0,0,3879,230,0,0,0,0,0,3,40.24861199921695,141.2695885,,,,,,,,,,,,,205,red,3759,4109,7868
82,,2110121,1,20260823,2902,197,0,0,0,0,0,2870,144,0,0,0,0,0,3,40.33516094927743,141.2985134,,,,,,,,,,,,,205,red,3099,3014,6113
82,,2110129,1,20260823,3092,110,0,0,0,0,0,3214,110,5,0,0,0,0,3,40.60805264946136,141.26026802,,,,,,,,,,,,,205,red,3202,3329,6531
82,,2110130,1,20260823,0,0,5732,0,0,205,0,0,0,5834,0,0,205,0,3,40.65608164949267,141.19309457,,,,,,,,,,,,,205,red,5732,5834,11566
82,,2110132,1,20260823,3946,133,349,0,0,0,0,4540,142,71,0,0,0,0,3,40.683721049510524,141.17042319,,,,,,,,,,,,,205,red,4428,4753,9181
82,,2110140,1,20260823,7288,225,42,0,0,0,0,6316,124,21,0,0,0,0,3,40.89753341964514,140.86029133,,,,,,,,,,,,,205,red,7555,6461,14016
82,,2110143,1,20260823,4992,468,0,0,0,0,0,5036,341,0,0,0,0,0,3,39.946858248998055,141.2168884,,,,,,,,,,,,,205,red,5460,5377,10837
82,,2110144,1,20260823,4734,1409,0,0,205,0,0,5957,250,0,0,205,0,0,3,40.83532684960663,141.12935762,,,,,,,,,,,,,205,red,6143,6207,12350
82,,2110150,1,20260823,6542,463,0,0,0,0,0,6780,188,5,0,0,0,0,3,36.857960956084185,140.7891727,,,,,,,,,,,,,205,red,7005,6973,13978
82,,2110160,1,20260823,11913,631,31,0,0,0,0,11945,360,51,0,0,0,0,3,36.92281008615712,140.8423448,,,,,,,,,,,,,205,red,12575,12356,24931
82,,2110161,1,20260823,7207,436,0,0,0,0,0,7073,241,0,0,0,0,0,3,37.03306503628002,140.911907,,,,,,,,,,,,,205,red,7643,7314,14957
82,,2110162,1,20260823,4318,334,0,0,0,0,0,4323,184,0,0,0,0,0,3,37.11549536637102,140.9974993,,,,,,,,,,,,,205,red,4652,4507,9159
82,,2110163,1,20260823,2265,341,0,0,0,0,0,2051,146,2,0,0,0,0,3,37.38527750666344,141.0086632,,,,,,,,,,,,,205,red,2606,2199,4805
82,,2110165,1,20260823,4620,332,31,0,0,0,0,4867,269,26,0,0,0,0,3,37.63270112692426,140.9856901,,,,,,,,,,,,,205,red,4983,5162,10145
82,,2110168,1,20260823,3367,375,0,0,0,0,0,3150,181,0,0,0,0,0,3,37.81498403711179,140.943249,,,,,,,,,,,,,205,red,3742,3331,7073
82,,2110170,1,20260823,2569,114,0,0,0,0,0,2373,91,0,0,0,0,0,3,37.89520971719308,140.9035528,,,,,,,,,,,,,205,red,2683,2464,5147
82,,2110173,1,20260823,8604,369,0,0,0,0,0,8072,229,0,0,0,0,0,3,37.094818366348264,140.9771016,,,,,,,,,,,,,205,red,8973,8301,17274
82,,2110180,1,20260823,5294,137,0,0,0,0,0,4654,112,0,0,0,0,0,3,38.064732037362305,140.859399,,,,,,,,,,,,,205,red,5431,4766,10197
82,,2110190,1,20260823,3114,345,0,0,0,0,0,2747,213,0,0,0,0,0,1,38.69140541795727,139.678824,,,,,,,,,,,,,205,red,3459,2960,6419
82,,2110191,1,20260823,3457,173,0,0,0,0,0,3454,128,0,0,0,0,0,3,38.96127130819829,139.8400569,,,,,,,,,,,,,205,red,3630,3582,7212
82,,2110192,1,20260823,7703,125,0,0,0,0,0,7477,132,0,0,0,0,0,3,38.794079918050066,139.83442430000002,,,,,,,,,,,,,205,red,7828,7609,15437
82,,2110193,1,20260823,7971,176,0,0,0,0,0,7817,158,0,0,0,0,0,3,38.787431758044086,139.8346764,,,,,,,,,,,,,205,red,8147,7975,16122
82,,2110194,1,20260823,1541,77,0,0,0,0,0,1946,102,0,0,0,0,0,3,38.69287924795862,139.6478605,,,,,,,,,,,,,205,red,1618,2048,3666
82,,2110195,1,20260823,2003,394,0,0,0,0,0,2411,261,0,0,0,0,0,3,38.61589808788817,139.5797968,,,,,,,,,,,,,205,red,2397,2672,5069
82,,2110196,1,20260823,7592,164,0,0,0,0,0,8043,180,0,0,0,0,0,3,38.83854814808984,139.8486963,,,,,,,,,,,,,205,red,7756,8223,15979
82,,2110197,1,20260823,2852,75,0,0,0,0,0,3041,96,0,0,0,0,0,3,38.71753625798101,139.7594082,,,,,,,,,,,,,205,red,2927,3137,6064
82,,2110198,1,20260823,5094,269,0,0,0,0,0,5129,216,0,0,0,0,0,3,38.71622198797982,139.7565651,,,,,,,,,,,,,205,red,5363,5345,10708
82,,2110199,1,20260823,2361,305,0,0,0,0,0,2080,220,0,0,0,0,0,1,38.60695292787995,139.5878005,,,,,,,,,,,,,205,red,2666,2300,4966
82,,2110201,1,20260823,2808,340,0,0,0,0,0,2586,190,0,0,0,0,0,1,38.666421037934484,139.623761,,,,,,,,,,,,,205,red,3148,2776,5924
82,,2110202,1,20260823,7207,255,0,0,0,0,0,7003,207,0,0,0,0,0,3,39.62387474875015,140.0681964,,,,,,,,,,,,,205,red,7462,7210,14672
82,,2110203,1,20260823,1607,38,0,0,0,0,0,1342,42,0,0,0,0,0,3,39.240899018438185,139.9362623,,,,,,,,,,,,,205,red,1645,1384,3029
82,,2110204,1,20260823,2975,274,0,0,0,0,0,3289,192,0,0,0,0,0,3,39.290490888479674,139.9747431,,,,,,,,,,,,,205,red,3249,3481,6730
82,,2110205,1,20260823,3649,320,0,0,0,0,0,3593,221,0,0,0,0,0,3,39.11912903833497,139.876447,,,,,,,,,,,,,205,red,3969,3814,7783
82,,2110208,1,20260823,8439,88,0,0,0,0,0,7482,103,0,0,0,0,0,3,39.38953603856155,140.030682,,,,,,,,,,,,,205,red,8527,7585,16112
82,,2110210,1,20260823,9501,248,0,0,0,0,0,10573,218,0,0,0,0,0,3,39.79539903888355,140.0622,,,,,,,,,,,,,205,red,9749,10791,20540
82,,2110212,1,20260823,5586,218,0,0,0,0,0,5567,182,0,0,0,0,0,3,39.718472038824196,140.083211,,,,,,,,,,,,,205,red,5804,5749,11553
82,,2110213,1,20260823,4003,66,0,0,0,0,0,3634,92,0,0,0,0,0,3,39.52539935867177,140.0518185,,,,,,,,,,,,,205,red,4069,3726,7795
82,,2110214,1,20260823,4038,85,0,0,0,0,0,3724,88,0,0,0,0,0,3,39.90494615896667,140.076382,,,,,,,,,,,,,205,red,4123,3812,7935
82,,2110215,1,20260823,3020,71,33,0,0,0,0,3165,71,25,0,0,0,0,3,40.067095039086766,140.067721,,,,,,,,,,,,,205,red,3124,3261,6385
82,,2110216,1,20260823,3138,213,169,0,0,0,0,0,0,0,0,0,0,0,3,40.268120039230666,140.52780600000003,,,,,,,,,,,,,205,red,3520,0,3520
82,,2110217,1,20260823,2567,320,228,0,0,0,0,825,87,220,0,0,0,0,3,40.27305803923414,140.532178,,,,,,,,,,,,,205,red,3115,1132,4247
82,,2110218,1,20260823,6412,86,0,0,0,0,0,5923,67,0,0,0,0,0,3,40.190834039176,140.036139,,,,,,,,,,,,,205,red,6498,5990,12488
82,,2110219,1,20260823,1224,52,0,0,0,0,0,996,41,0,0,0,0,0,3,40.21531803919339,140.280482,,,,,,,,,,,,,205,red,1276,1037,2313
82,,2110220,1,20260823,2364,190,5,0,0,0,0,2202,313,0,0,0,0,0,3,40.16185503915528,140.039381,,,,,,,,,,,,,205,red,2559,2515,5074
82,,2110221,1,20260823,3919,194,62,0,0,0,0,2994,137,2,0,0,0,0,3,40.20192503918389,140.151831,,,,,,,,,,,,,205,red,4175,3133,7308
82,,2110222,1,20260823,1032,85,0,0,0,0,0,869,68,0,0,0,0,0,3,40.30719003925799,140.572683,,,,,,,,,,,,,205,red,1117,937,2054
82,,2110229,1,20260823,3459,209,58,0,0,0,0,3567,156,87,0,0,0,0,3,40.230677039204274,140.489525,,,,,,,,,,,,,204,red,3726,3810,7536
82,,2110230,1,20260823,3315,178,8,0,0,0,0,2960,152,1,0,0,0,0,3,40.3821040393098,140.603544,,,,,,,,,,,,,205,red,3501,3113,6614
82,,2110231,1,20260823,3592,207,92,0,0,0,0,3389,170,95,0,0,0,0,3,40.461176699363655,140.6358415,,,,,,,,,,,,,205,red,3891,3654,7545
82,,2110232,1,20260823,2312,131,36,0,0,0,0,2311,97,34,0,0,0,0,3,40.199024039181815,140.383267,,,,,,,,,,,,,205,red,2479,2442,4921
82,,2110233,1,20260823,2020,197,0,0,0,0,0,1655,113,0,0,0,0,0,1,38.96155603819856,139.859806,,,,,,,,,,,,,205,red,2217,1768,3985
82,,2110234,1,20260823,4553,258,764,0,0,0,0,5690,432,505,0,0,0,0,3,40.57123242943714,140.52428552,,,,,,,,,,,,,205,red,5575,6627,12202
82,,2110235,1,20260823,10626,258,42,0,0,0,0,0,0,10520,0,0,205,0,3,40.60269692945784,140.49957539,,,,,,,,,,,,,205,red,10926,10520,21446
82,,2110236,1,20260823,2059,199,0,0,0,0,0,1875,122,0,0,0,0,0,1,39.00850003823954,139.856924,,,,,,,,,,,,,205,red,2258,1997,4255
82,,2110237,1,20260823,333,4,0,0,0,0,0,458,9,0,0,0,0,0,1,39.05087603827627,139.890254,,,,,,,,,,,,,205,red,337,467,804
82,,2110240,1,20260823,8792,251,32,0,0,0,0,2808,88,5308,0,0,205,0,3,40.65753935949361,140.50836074,,,,,,,,,,,,,205,red,9075,8204,17279
82,,2110249,1,20260823,7670,418,281,0,0,0,0,4073,287,482,0,205,205,0,3,40.831625089604316,140.66283564,,,,,,,,,,,,,205,red,8369,4842,13211
82,,2110250,1,20260823,9150,268,0,0,0,0,0,9242,771,0,0,0,0,0,3,40.767838829564255,140.59194915,,,,,,,,,,,,,205,red,9418,10013,19431
82,,2110251,1,20260823,10453,1004,0,0,0,205,0,20579,2319,0,0,0,0,0,3,40.824380649599796,140.7354641,,,,,,,,,,,,,205,red,11457,22898,34355
82,,2110252,1,20260823,5917,433,0,0,0,0,0,0,0,5815,0,0,205,0,3,40.80222556958593,140.69781704,,,,,,,,,,,,,205,red,6350,5815,12165
82,,2110253,1,20260823,4405,166,86,0,0,0,0,4012,189,68,0,0,0,0,3,40.82364700959935,140.81040657,,,,,,,,,,,,,205,red,4657,4269,8926
82,,2110255,1,20260823,0,0,0,0,0,0,0,0,0,0,0,0,0,0,3,40.797368279582884,140.73499562,,,,,,,,,,,,,205,red,0,0,0
82,,2110256,1,20260823,6850,305,25,0,0,0,0,0,0,0,0,0,0,0,3,40.79545531958167,140.74908182,,,,,,,,,,,,,205,red,7180,0,7180
82,,2110258,1,20260823,3364,75,52,0,0,0,0,3344,107,57,0,0,0,0,3,40.26361114922749,140.42944444,,,,,,,,,,,,,205,red,3491,3508,6999
82,,2110260,1,20260823,9231,214,0,0,0,0,0,9168,204,0,0,0,0,0,3,37.766077747061864,140.4643813,,,,,,,,,,,,,205,red,9445,9372,18817
82,,2110270,1,20260823,1089,62,2,0,0,0,0,649,12,744,0,0,45,0,3,37.82286602711981,140.2786356,,,,,,,,,,,,,205,red,1153,1405,2558
82,,2110271,1,20260823,4812,775,0,0,0,0,0,4434,283,0,0,0,0,0,3,37.89655074719443,140.1500818,,,,,,,,,,,,,205,red,5587,4717,10304
82,,2110272,1,20260823,3926,751,0,0,0,0,0,3810,265,0,0,0,0,0,3,37.92749748722557,140.13487,,,,,,,,,,,,,205,red,4677,4075,8752
82,,2110280,1,20260823,6699,357,0,0,0,0,0,6800,207,0,0,0,0,0,3,37.99971367729781,140.14494900000003,,,,,,,,,,,,,205,red,7056,7007,14063
82,,2110290,1,20260823,9357,467,0,0,0,0,0,8980,334,0,0,0,0,0,3,38.13022203742675,140.241028,,,,,,,,,,,,,205,red,9824,9314,19138
82,,2110291,1,20260823,9317,493,0,0,0,0,0,9385,329,0,0,0,0,0,3,38.159814097455694,140.3001308,,,,,,,,,,,,,205,red,9810,9714,19524
82,,2110292,1,20260823,9209,473,0,0,0,0,0,8454,278,0,0,0,0,0,3,38.10297203739999,140.207083,,,,,,,,,,,,,205,red,9682,8732,18414
82,,2110294,1,20260823,2571,98,0,0,0,0,0,2584,93,0,0,0,0,0,3,37.767613677063444,140.8648291,,,,,,,,,,,,,205,red,2669,2677,5346
82,,2110295,1,20260823,2664,87,0,0,0,0,0,2746,99,0,0,0,0,0,3,37.75423885704973,140.7090153,,,,,,,,,,,,,205,red,2751,2845,5596
82,,2110296,1,20260823,2967,104,0,0,0,0,0,3108,118,0,0,0,0,0,3,37.75978319705542,140.5958156,,,,,,,,,,,,,205,red,3071,3226,6297
82,,2110297,1,20260823,2446,76,0,0,0,0,0,2606,108,0,0,0,0,0,3,37.78113503707728,140.573819,,,,,,,,,,,,,205,red,2522,2714,5236
82,,2110298,1,20260823,2399,106,0,0,0,0,0,2654,176,0,0,0,0,0,3,37.81669203711354,140.530266,,,,,,,,,,,,,205,red,2505,2830,5335
82,,2110299,1,20260823,1871,128,0,0,0,0,0,2000,189,0,0,0,0,0,3,37.83294203713006,140.49615,,,,,,,,,,,,,205,red,1999,2189,4188
82,,2110300,1,20260823,3642,706,0,0,0,0,0,3980,264,0,0,0,0,0,1,37.79582169709228,140.4130094,,,,,,,,,,,,,205,red,4348,4244,8592
82,,2110301,1,20260823,5658,845,0,0,0,0,0,5346,305,0,0,0,0,0,3,37.8687824871664,140.2279023,,,,,,,,,,,,,205,red,6503,5651,12154
82,,2110305,1,20260823,14113,641,0,0,0,0,0,15510,523,0,0,0,0,0,3,38.32857829761873,140.3671432,,,,,,,,,,,,,205,red,14754,16033,30787
82,,2110307,1,20260823,5695,86,0,0,0,0,0,9020,184,0,0,0,0,0,3,38.48098003776293,140.382831,,,,,,,,,,,,,205,red,5781,9204,14985
82,,2110308,1,20260823,7349,711,0,0,0,0,0,7614,359,0,0,0,0,0,1,38.56969403784554,140.401333,,,,,,,,,,,,,205,red,8060,7973,16033
82,,2110309,1,20260823,5497,557,0,0,0,0,0,4948,236,0,0,0,0,0,1,38.42500003771029,140.352222,,,,,,,,,,,,,205,red,6054,5184,11238
82,,2110310,1,20260823,4400,98,0,0,0,0,0,4842,98,0,0,0,0,0,3,38.57581640785121,140.403707,,,,,,,,,,,,,205,red,4498,4940,9438
82,,2110311,1,20260823,7600,689,0,0,0,0,0,7521,338,0,0,0,0,0,1,38.5505555978278,140.3888889,,,,,,,,,,,,,205,red,8289,7859,16148
82,,2110312,1,20260823,7069,641,0,0,0,0,0,7578,322,0,0,0,0,0,3,38.618265997890354,140.3838155,,,,,,,,,,,,,205,red,7710,7900,15610
82,,2110313,1,20260823,7994,673,0,0,0,0,0,9073,388,0,0,0,0,0,3,38.676631947943804,140.3212881,,,,,,,,,,,,,205,red,8667,9461,18128
82,,2110314,1,20260823,7630,668,0,0,0,0,0,8748,381,0,0,0,0,0,3,38.71993903798319,140.308757,,,,,,,,,,,,,205,red,8298,9129,17427
82,,2110315,1,20260823,3644,70,0,0,0,0,0,3719,70,0,0,0,0,0,3,38.8033716780584,140.3206605,,,,,,,,,,,,,205,red,3714,3789,7503
82,,2110316,1,20260823,3212,402,0,0,0,0,0,2835,166,0,0,0,0,0,3,38.74947203800992,140.290833,,,,,,,,,,,,,205,red,3614,3001,6615
82,,2110317,1,20260823,2209,357,0,0,0,0,0,2654,155,0,0,0,0,0,3,38.923639038165255,140.334806,,,,,,,,,,,,,205,red,2566,2809,5375
82,,2110318,1,20260823,2170,350,0,0,0,0,0,2721,168,0,0,0,0,0,3,38.94673520818555,140.3547943,,,,,,,,,,,,,205,red,2520,2889,5409
82,,2110319,1,20260823,3002,263,44,0,0,0,0,3326,163,45,0,0,0,0,3,39.072178338294655,140.4714918,,,,,,,,,,,,,205,red,3309,3534,6843
82,,2110320,1,20260823,3192,261,32,0,0,0,0,3567,172,40,0,0,0,0,3,39.11258080832936,140.486598,,,,,,,,,,,,,205,red,3485,3779,7264
82,,2110321,1,20260823,4694,133,0,0,0,0,0,276,95,0,0,0,0,0,3,39.181412318388,140.4959965,,,,,,,,,,,,,205,red,4827,371,5198
82,,2110322,1,20260823,2013,53,5,0,0,0,0,2026,18,90,0,0,0,0,3,39.1455093483575,140.4912436,,,,,,,,,,,,,205,red,2071,2134,4205
82,,2110324,1,20260823,1550,209,0,0,0,0,0,24,91,0,0,0,0,0,3,39.046668898272635,140.4131154,,,,,,,,,,,,,205,red,1759,115,1874
82,,2110325,1,20260823,6789,665,0,0,0,0,0,6363,303,0,0,0,0,0,1,38.463333037746374,140.3575,,,,,,,,,,,,,205,red,7454,6666,14120
82,,2110326,1,20260823,7267,654,0,0,0,0,0,7094,310,0,0,0,0,0,1,38.49944403778021,140.370833,,,,,,,,,,,,,205,red,7921,7404,15325
82,,2110327,1,20260823,6956,134,0,0,0,0,0,6527,163,0,0,0,0,0,3,39.249316578445246,140.5351192,,,,,,,,,,,,,205,red,7090,6690,13780
82,,2110328,1,20260823,2185,362,0,0,0,0,0,2446,151,0,0,0,0,0,3,38.78089403803823,140.293372,,,,,,,,,,,,,205,red,2547,2597,5144
82,,2110335,1,20260823,3326,246,1623,0,0,38,0,5221,384,438,0,0,0,0,3,39.45464609861468,140.4982871,,,,,,,,,,,,,205,red,5195,6043,11238
82,,2110337,1,20260823,4321,130,0,0,0,0,0,4329,140,0,0,0,0,0,3,39.56556981870389,140.3349352,,,,,,,,,,,,,205,red,4451,4469,8920
82,,2110340,1,20260823,9690,400,0,0,0,0,0,9158,380,0,0,0,0,0,3,39.66778703878465,140.165768,,,,,,,,,,,,,205,red,10090,9538,19628
82,,2110350,1,20260823,13125,565,0,0,0,0,0,12546,639,0,0,0,0,0,3,38.27013892756266,140.95175,,,,,,,,,,,,,205,red,13690,13185,26875
82,,2110352,1,20260823,16384,892,33,0,0,0,0,15679,620,323,0,0,0,0,3,38.425472257710744,141.1867778,,,,,,,,,,,,,205,red,17309,16622,33931
82,,2110353,1,20260823,16062,867,181,0,0,0,0,15594,572,373,0,0,0,0,3,38.43294447771779,141.2090556,,,,,,,,,,,,,205,red,17110,16539,33649
82,,2110354,1,20260823,13228,630,269,3,0,0,7,13807,471,325,0,0,0,7,3,38.442000037726324,141.2525833,,,,,,,,,,,,,205,red,14127,14603,28730
82,,2110355,1,20260823,12120,633,468,0,0,0,0,11913,417,281,0,0,0,0,3,38.48202781776391,141.2923889,,,,,,,,,,,,,205,red,13221,12611,25832
82,,2110357,1,20260823,10705,586,191,0,0,0,0,10680,413,198,0,0,0,0,3,38.50430559778474,141.2861944,,,,,,,,,,,,,205,red,11482,11291,22773
82,,2110358,1,20260823,8865,559,192,0,0,0,0,8792,379,213,0,0,0,0,3,38.590638927864894,141.27905560000002,,,,,,,,,,,,,205,red,9616,9384,19000
82,,2110359,1,20260823,8231,543,190,0,0,0,0,8197,350,168,0,0,0,0,3,38.61066670788337,141.2839722,,,,,,,,,,,,,205,red,8964,8715,17679
82,,2110360,1,20260823,5283,38,0,0,0,0,0,5517,63,0,0,0,0,0,3,38.429333367714385,141.2390278,,,,,,,,,,,,,205,red,5321,5580,10901
82,,2110361,1,20260823,4376,55,0,0,0,0,0,4697,68,0,0,0,0,0,3,38.891555598136925,141.55625,,,,,,,,,,,,,205,red,4431,4765,9196
82,,2110362,1,20260823,7264,437,174,0,0,0,0,7061,302,188,0,0,0,0,3,38.696083367961535,141.2831389,,,,,,,,,,,,,205,red,7875,7551,15426
82,,2110363,1,20260823,13707,673,221,0,0,0,0,12491,419,305,0,0,0,0,3,38.456555597740014,141.2745,,,,,,,,,,,,,205,red,14601,13215,27816
82,,2110364,1,20260823,4627,300,3,0,0,0,0,4628,225,9,0,0,0,0,3,38.95011114818852,141.6280556,,,,,,,,,,,,,205,red,4930,4862,9792
82,,2110365,1,20260823,2841,47,0,0,0,0,0,2919,57,0,0,0,0,0,3,38.91955303816165,141.571364,,,,,,,,,,,,,205,red,2888,2976,5864
82,,2110366,1,20260823,6820,444,153,0,0,0,0,6615,309,236,0,0,0,0,3,38.71113892797521,141.3101667,,,,,,,,,,,,,205,red,7417,7160,14577
82,,2110367,1,20260823,4883,272,53,0,0,0,0,4732,206,79,0,0,0,0,3,39.02656869825523,141.6974974,,,,,,,,,,,,,205,red,5208,5017,10225
82,,2110368,1,20260823,6715,428,183,0,0,0,0,6601,305,202,0,0,0,0,3,38.70219447796709,141.3930833,,,,,,,,,,,,,205,red,7326,7108,14434
82,,2110370,1,20260823,3534,80,0,0,0,0,0,4033,71,0,0,0,0,0,3,39.059216658283475,141.7193842,,,,,,,,,,,,,205,red,3614,4104,7718
82,,2110371,1,20260823,2928,216,37,0,0,0,0,2932,164,21,0,0,0,0,3,39.074077398296275,141.7034197,,,,,,,,,,,,,205,red,3181,3117,6298
82,,2110372,1,20260823,3223,247,0,0,0,0,0,2872,188,0,0,0,0,0,3,39.125195598340156,141.7347157,,,,,,,,,,,,,205,red,3470,3060,6530
82,,2110373,1,20260823,4339,240,0,0,0,0,0,4115,184,0,0,0,0,0,3,39.12205355833746,141.7899934,,,,,,,,,,,,,205,red,4579,4299,8878
82,,2110374,1,20260823,3271,256,0,0,0,0,0,3336,214,0,0,0,0,0,3,39.03121932825926,141.6337144,,,,,,,,,,,,,205,red,3527,3550,7077
82,,2110379,1,20260823,3579,231,55,0,0,0,0,3448,172,91,0,0,0,0,3,39.14893559836042,141.8295097,,,,,,,,,,,,,205,red,3865,3711,7576
82,,2110380,1,20260823,3226,57,0,0,0,0,0,3659,37,0,0,0,0,0,3,39.29661287848477,141.8836641,,,,,,,,,,,,,205,red,3283,3696,6979
82,,2110381,1,20260823,5531,412,145,0,0,0,0,5495,299,206,0,0,0,0,3,38.69052781795646,141.4270556,,,,,,,,,,,,,205,red,6088,6000,12088
82,,2110382,1,20260823,5988,424,165,0,0,0,0,5938,305,184,0,0,0,0,3,38.70547225797006,141.4960833,,,,,,,,,,,,,205,red,6577,6427,13004
82,,2110383,1,20260823,4892,247,42,0,0,0,0,4593,192,58,0,0,0,0,3,39.32251283850628,141.8802524,,,,,,,,,,,,,205,red,5181,4843,10024
82,,2110384,1,20260823,5467,365,80,0,0,0,0,5697,271,96,0,0,0,0,3,38.81825003807172,141.5580556,,,,,,,,,,,,,205,red,5912,6064,11976
82,,2110387,1,20260823,998,89,2358,0,0,0,0,3264,163,51,0,0,0,0,3,39.59193303872486,141.940478,,,,,,,,,,,,,205,red,3445,3478,6923
82,,2110389,1,20260823,2357,180,39,0,0,0,0,2223,152,34,0,0,0,0,3,39.8199300389023,141.96138,,,,,,,,,,,,,205,red,2576,2409,4985
82,,2110392,1,20260823,2462,182,40,0,0,0,0,2334,151,30,0,0,0,0,3,39.836270038914755,141.96038,,,,,,,,,,,,,205,red,2684,2515,5199
82,,2110393,1,20260823,1741,223,0,0,0,0,0,1727,176,0,0,0,0,0,3,39.87071503894088,141.94008,,,,,,,,,,,,,205,red,1964,1903,3867
82,,2110394,1,20260823,5834,367,105,0,0,0,0,6083,276,114,0,0,0,0,3,38.86638892811462,141.5685833,,,,,,,,,,,,,205,red,6306,6473,12779
82,,2110396,1,20260823,175,43,0,0,0,176,1,255,35,0,0,0,205,1,3,39.93351162898809,141.8457699,,,,,,,,,,,,,205,red,218,290,508
82,,2110397,1,20260823,1579,181,0,0,0,0,1,1598,165,0,0,0,0,1,3,39.9934900390327,141.881411,,,,,,,,,,,,,205,red,1760,1763,3523
82,,2110401,1,20260823,3187,249,58,0,0,0,0,3240,200,55,0,0,0,0,3,39.029891708258106,141.6224,,,,,,,,,,,,,205,red,3494,3495,6989
82,,2110402,1,20260823,2142,57,0,0,0,0,0,1985,44,0,0,0,0,0,3,40.414361969331864,141.7051792,,,,,,,,,,,,,205,red,2199,2029,4228
82,,2110403,1,20260823,3396,208,33,0,0,0,0,3339,174,47,0,0,0,0,3,39.15806392836817,141.8413306,,,,,,,,,,,,,205,red,3637,3560,7197
82,,2110404,1,20260823,10697,202,8,0,0,0,0,10026,220,28,0,0,0,0,3,40.50576550939362,141.53235261,,,,,,,,,,,,,205,red,10907,10274,21181
82,,2110405,1,20260823,10619,241,26,0,0,0,0,9930,302,30,0,0,0,0,3,40.528900439409064,141.46412799,,,,,,,,,,,,,205,red,10886,10262,21148
82,,2110407,1,20260823,3025,149,0,0,0,0,0,3045,110,33,0,0,0,0,3,40.481786839377534,141.5376989,,,,,,,,,,,,,205,red,3174,3188,6362
82,,2110408,1,20260823,7950,207,54,0,0,0,0,8060,169,52,0,0,0,0,3,40.5637364594322,141.43539327,,,,,,,,,,,,,205,red,8211,8281,16492
82,,2110409,1,20260823,3258,211,43,0,0,0,0,3309,177,52,0,0,0,0,3,39.24333336844022,141.8452778,,,,,,,,,,,,,205,red,3512,3538,7050
82,,2110410,1,20260823,4034,128,46,0,0,0,0,4051,178,31,0,0,0,0,3,40.47949102937599,141.58069836,,,,,,,,,,,,,205,red,4208,4260,8468
82,,2110412,1,20260823,4391,239,60,0,0,0,0,4115,187,67,0,0,0,0,3,40.66162803949626,141.324363,,,,,,,,,,,,,205,red,4690,4369,9059
82,,2110413,1,20260823,5544,309,128,0,0,0,0,4939,223,402,0,0,0,0,3,40.675139039505,141.304575,,,,,,,,,,,,,205,red,5981,5564,11545
82,,2110414,1,20260823,10588,556,0,0,0,0,0,9540,519,0,0,0,0,0,3,39.699724768809624,141.0544968,,,,,,,,,,,,,205,red,11144,10059,21203
82,,2110415,1,20260823,5671,229,0,0,0,0,0,5780,202,0,0,0,0,0,3,39.69160156880328,141.008749,,,,,,,,,,,,,205,red,5900,5982,11882
82,,2110416,1,20260823,3563,183,3,0,0,0,0,3473,191,3,0,0,0,0,3,39.70020353880998,140.8836508,,,,,,,,,,,,,205,red,3749,3667,7416
82,,2110417,1,20260823,1179,94,0,0,0,0,0,235,60,0,0,0,0,0,3,40.47147403937059,141.474002,,,,,,,,,,,,,205,red,1273,295,1568
82,,2110418,1,20260823,5085,262,48,0,0,0,0,5032,206,52,0,0,0,0,3,39.260555598454665,141.8394444,,,,,,,,,,,,,205,red,5395,5290,10685
82,,2110419,1,20260823,4027,220,49,0,0,0,0,3631,173,63,0,0,0,0,3,39.288333368477865,141.8633333,,,,,,,,,,,,,205,red,4296,3867,8163
82,,2110421,1,20260823,3513,213,39,0,0,0,0,3415,166,52,0,0,0,0,3,39.366111148542295,141.9044444,,,,,,,,,,,,,205,red,3765,3633,7398
82,,2110422,1,20260823,3643,210,43,0,0,0,0,3390,175,62,0,0,0,0,3,39.36731670854329,141.8911806,,,,,,,,,,,,,205,red,3896,3627,7523
82,,2110423,1,20260823,3333,142,2,0,0,0,0,3278,152,3,0,0,0,0,3,40.22921103920324,141.7800234,,,,,,,,,,,,,205,red,3477,3433,6910
82,,2110424,1,20260823,2064,120,0,0,0,0,0,2462,128,0,0,0,0,0,3,39.601276038732266,140.551915,,,,,,,,,,,,,205,red,2184,2590,4774
82,,2110428,1,20260823,3942,177,14,0,0,0,0,3510,184,11,0,0,0,0,3,38.73322403799523,140.787123,,,,,,,,,,,,,200,red,4133,3705,7838
82,,2110432,1,20260823,1434,115,0,0,0,0,0,1362,102,0,0,0,0,0,3,38.73755603799914,140.598389,,,,,,,,,,,,,205,red,1549,1464,3013
82,,2110435,1,20260823,5079,371,0,0,0,0,0,5198,273,0,0,0,0,0,3,38.74138978800262,140.2831578,,,,,,,,,,,,,205,red,5450,5471,10921
82,,2110436,1,20260823,4565,363,0,0,0,0,0,4377,235,0,0,0,0,0,3,38.74416703800512,140.259722,,,,,,,,,,,,,205,red,4928,4612,9540
82,,2110437,1,20260823,4873,325,0,0,0,0,0,4976,228,0,0,0,0,0,3,38.73663903799832,140.168833,,,,,,,,,,,,,205,red,5198,5204,10402
82,,2110438,1,20260823,4788,322,0,0,0,0,0,4610,226,0,0,0,0,0,3,38.745210838006074,140.2326227,,,,,,,,,,,,,205,red,5110,4836,9946
82,,2110440,1,20260823,4827,340,0,0,0,0,1,5306,266,0,0,0,0,1,3,38.78155241803881,140.0267226,,,,,,,,,,,,,205,red,5167,5572,10739
82,,2110445,1,20260823,15244,356,0,0,0,0,0,15468,379,0,0,0,0,0,3,38.26502503755774,140.79343300000002,,,,,,,,,,,,,205,red,15600,15847,31447
82,,2110450,1,20260823,6052,255,0,0,0,0,0,5845,253,0,0,0,0,0,3,38.391999797679084,140.5672252,,,,,,,,,,,,,205,red,6307,6098,12405
82,,2110451,1,20260823,4000,114,0,0,0,0,0,4346,78,0,0,0,0,0,3,38.877650438124604,139.8869442,,,,,,,,,,,,,205,red,4114,4424,8538
82,,2110452,1,20260823,6564,154,0,0,0,34,0,7086,180,0,0,0,0,0,3,38.901543148145755,139.8723154,,,,,,,,,,,,,205,red,6718,7266,13984
82,,2110453,1,20260823,352,13,0,0,0,0,0,271,20,0,0,0,0,0,3,38.90368057814766,139.8668909,,,,,,,,,,,,,205,red,365,291,656
82,,2110454,1,20260823,4687,165,0,0,0,0,0,5136,101,0,0,0,0,0,3,38.87364379812106,139.886117,,,,,,,,,,,,,205,red,4852,5237,10089
82,,2110455,1,20260823,6179,183,0,0,0,0,0,5180,227,0,0,0,0,0,3,37.062925546313075,140.8516252,,,,,,,,,,,,,205,red,6362,5407,11769
82,,2110456,1,20260823,3830,131,0,0,0,0,0,4191,90,0,0,0,0,0,3,38.85157810810144,139.8908657,,,,,,,,,,,,,205,red,3961,4281,8242
82,,2110457,1,20260823,2846,138,0,0,0,0,0,3213,92,0,0,0,0,0,3,38.831843418083864,139.9098858,,,,,,,,,,,,,205,red,2984,3305,6289
82,,2110460,1,20260823,3974,122,5,0,0,0,0,3651,157,2,0,0,0,0,3,37.11000003636498,140.7641667,,,,,,,,,,,,,205,red,4101,3810,7911
82,,2110464,1,20260823,3217,113,8,0,0,0,0,2849,138,118,0,0,0,0,3,37.31106211658384,140.4823494,,,,,,,,,,,,,205,red,3338,3105,6443
82,,2110465,1,20260823,5739,206,0,0,0,0,0,5854,225,0,0,0,0,0,3,37.33970064661463,140.406585,,,,,,,,,,,,,205,red,5945,6079,12024
82,,2110470,1,20260823,5547,186,0,0,0,0,0,5218,173,0,0,0,0,0,3,37.49456687677952,140.2463901,,,,,,,,,,,,,205,red,5733,5391,11124
82,,2110472,1,20260823,1491,168,0,0,0,0,0,1412,100,0,0,0,0,0,3,37.65080306694305,139.5936209,,,,,,,,,,,,,205,red,1659,1512,3171
82,,2110473,1,20260823,5892,336,0,0,0,0,0,6285,247,0,0,0,0,0,3,37.548570346836364,139.9683643,,,,,,,,,,,,,205,red,6228,6532,12760
82,,2110474,1,20260823,4834,179,0,0,0,0,0,5010,123,0,0,0,0,0,3,37.55735328684558,139.8550022,,,,,,,,,,,,,205,red,5013,5133,10146
82,,2110477,1,20260823,5168,125,5,0,0,0,0,4850,129,4,0,0,0,0,3,40.48458321937942,141.42701414,,,,,,,,,,,,,205,red,5298,4983,10281
82,,2110478,1,20260823,2625,39,0,0,0,0,0,2691,53,0,0,0,0,0,3,38.52642903780538,141.156619,,,,,,,,,,,,,205,red,2664,2744,5408
82,,2110479,1,20260823,3445,78,0,0,0,0,0,3355,94,0,0,0,0,0,3,38.556163037833,141.069142,,,,,,,,,,,,,205,red,3523,3449,6972
82,,2110480,1,20260823,5672,61,0,0,0,0,0,5164,73,0,0,0,0,0,3,38.570337037846144,140.982089,,,,,,,,,,,,,205,red,5733,5237,10970
82,,2110481,1,20260823,2303,356,0,0,0,0,0,2714,161,0,0,0,0,0,3,39.036923848264195,140.3899339,,,,,,,,,,,,,205,red,2659,2875,5534
82,,2110482,1,20260823,5870,273,3,0,0,0,0,6137,191,0,0,0,0,0,3,39.363397818540065,140.5656534,,,,,,,,,,,,,205,red,6146,6328,12474
82,,2110485,1,20260823,8990,176,0,0,0,0,0,9138,196,0,0,0,0,0,3,38.33956088762922,140.2816558,,,,,,,,,,,,,205,red,9166,9334,18500
82,,2110488,1,20260823,2677,89,0,0,0,0,0,2028,72,0,0,0,0,0,3,38.4566470377401,140.032103,,,,,,,,,,,,,205,red,2766,2100,4866
82,,2110491,1,20260823,3892,302,0,0,0,0,0,3731,226,0,0,0,0,0,3,38.58079848785582,139.9398136,,,,,,,,,,,,,205,red,4194,3957,8151
82,,2110500,1,20260823,2858,262,0,0,0,0,0,2945,234,0,0,0,0,0,3,38.046173177343945,139.7837305,,,,,,,,,,,,,205,red,3120,3179,6299
82,,2110501,1,20260823,2714,255,0,0,0,0,0,2894,234,0,0,0,0,0,3,38.0753590373728,139.72116,,,,,,,,,,,,,205,red,2969,3128,6097
82,,2110502,1,20260823,2177,211,0,0,0,0,0,2345,281,0,0,0,0,0,3,38.04606303734383,140.051715,,,,,,,,,,,,,205,red,2388,2626,5014
82,,2110503,1,20260823,3407,218,0,0,0,0,0,3357,216,0,0,0,0,0,3,38.044627037342416,140.064483,,,,,,,,,,,,,205,red,3625,3573,7198
82,,2110504,1,20260823,3196,241,0,0,0,0,0,3375,260,0,0,0,0,0,3,38.04518462734297,140.1366019,,,,,,,,,,,,,205,red,3437,3635,7072
82,,2110510,1,20260823,3850,232,0,0,0,0,0,3443,232,0,0,0,0,0,3,38.02769263732563,140.1668358,,,,,,,,,,,,,205,red,4082,3675,7757
82,,2110519,1,20260823,3125,83,40,0,0,0,0,3024,66,29,0,0,0,0,3,39.25195903844747,141.77938700000004,,,,,,,,,,,,,205,red,3248,3119,6367
82,,2110520,1,20260823,3701,77,43,0,0,0,0,3696,91,45,0,0,0,0,3,39.24514978844176,141.7423439,,,,,,,,,,,,,205,red,3821,3832,7653
82,,2110521,1,20260823,3795,97,0,0,0,0,0,3805,119,0,0,0,0,0,3,39.246448038442836,141.63560000000004,,,,,,,,,,,,,205,red,3892,3924,7816
82,,2110531,1,20260823,4095,120,0,0,0,0,0,4064,107,0,0,0,0,0,1,39.32515718850848,141.4883819,,,,,,,,,,,,,205,red,4215,4171,8386
82,,2110540,1,20260823,5188,174,0,0,0,0,0,4986,149,0,0,0,0,0,1,39.28807706847765,141.3475227,,,,,,,,,,,,,205,red,5362,5135,10497
82,,2110541,1,20260823,2635,83,0,0,0,0,0,2365,80,0,0,0,0,0,1,39.314345428499514,141.2615204,,,,,,,,,,,,,205,red,2718,2445,5163
82,,2110542,1,20260823,2889,98,0,0,0,0,0,2675,82,0,0,0,0,0,3,39.283375038473736,141.5516694,,,,,,,,,,,,,205,red,2987,2757,5744
82,,2110552,1,20260823,5657,399,134,0,0,0,0,5732,300,168,0,0,0,0,3,38.75991670801934,141.5025278,,,,,,,,,,,,,205,red,6190,6200,12390
82,,2110553,1,20260823,6122,399,137,0,0,0,0,6500,293,184,0,0,0,0,3,38.80716670806179,141.54275,,,,,,,,,,,,,205,red,6658,6977,13635
82,,2110554,1,20260823,4217,279,113,0,0,0,0,4200,200,140,0,0,0,0,3,38.96347225820022,141.6241944,,,,,,,,,,,,,205,red,4609,4540,9149
82,,2110555,1,20260823,2773,193,40,0,0,0,0,2765,162,43,0,0,0,0,3,39.21138892841335,141.865,,,,,,,,,,,,,205,red,3006,2970,5976
82,,2110556,1,20260823,5603,362,85,0,0,0,0,5414,239,112,0,0,0,0,3,38.8781944781251,141.5846444,,,,,,,,,,,,,205,red,6050,5765,11815
82,,2110557,1,20260823,4576,521,380,0,0,0,0,4672,337,271,0,0,0,0,3,38.789722258046154,141.5180556,,,,,,,,,,,,,205,red,5477,5280,10757
82,,2110558,1,20260823,4016,264,82,0,0,0,0,3970,184,83,0,0,0,0,3,38.88277803812915,141.585833,,,,,,,,,,,,,205,red,4362,4237,8599
82,,2110559,1,20260823,4971,343,77,0,0,0,0,4431,260,119,0,0,0,0,3,38.925278038166695,141.6025,,,,,,,,,,,,,205,red,5391,4810,10201
82,,2110560,1,20260823,2667,266,141,0,0,0,0,2335,181,100,0,0,0,0,3,38.89750003814219,141.595,,,,,,,,,,,,,205,red,3074,2616,5690
82,,2110561,1,20260823,4778,317,277,0,0,0,0,4309,515,205,0,0,0,0,3,38.91750003815984,141.591944,,,,,,,,,,,,,205,red,5372,5029,10401
82,,2110604,1,20260823,2522,172,449,0,0,0,0,2887,156,147,0,0,0,0,3,40.1607780391545,141.767278,,,,,,,,,,,,,205,red,3143,3190,6333
82,,2112104,1,20260823,4565,290,7,0,0,0,0,3775,261,339,0,0,0,0,3,40.733783919542624,141.20798154,,,,,,,,,,,,,205,red,4862,4375,9237
82,,2120001,1,20260823,5497,194,0,0,0,0,0,4952,211,0,0,0,0,0,3,40.75045198955322,140.54906872,,,,,,,,,,,,,205,red,5691,5163,10854
82,,2120005,1,20260823,5832,139,57,0,0,0,0,4685,89,38,0,0,0,0,3,40.79249892957982,140.48972552,,,,,,,,,,,,,205,red,6028,4812,10840
82,,2120010,1,20260823,3827,93,45,0,0,0,0,3355,64,41,0,0,0,0,3,40.81212879959214,140.47707546,,,,,,,,,,,,,205,red,3965,3460,7425
82,,2120015,1,20260823,3009,91,0,0,0,0,0,2620,59,0,0,0,0,0,3,40.82729603960163,140.4413,,,,,,,,,,,,,205,red,3100,2679,5779
82,,2120020,1,20260823,700,32,0,0,0,0,0,2248,41,0,0,0,0,0,3,40.78380703957434,140.261545,,,,,,,,,,,,,205,red,732,2289,3021
82,,2310200,1,20260823,10705,313,0,0,0,0,0,10130,377,0,0,0,0,0,3,39.70615403881462,140.09793,,,,,,,,,,,,,205,red,11018,10507,21525
82,,2312101,1,20260823,5234,345,0,0,0,0,0,4970,273,0,0,0,0,0,3,40.70834700952637,141.24477593,,,,,,,,,,,,,205,red,5579,5243,10822
82,,2312102,1,20260823,5262,284,0,0,0,0,0,4810,272,0,0,0,0,0,3,40.725233449537164,141.22804347,,,,,,,,,,,,,205,red,5546,5082,10628
82,,2312103,1,20260823,2901,91,0,0,0,0,0,2955,111,0,0,0,0,0,3,37.77535545707135,140.7514008,,,,,,,,,,,,,205,red,2992,3066,6058
83,,3110010,1,20260823,10641,539,969,0,0,0,0,12034,553,1137,0,0,0,0,3,35.58550262456253,139.7049058,,,,,,,,,,,,,205,red,12149,13724,25873
83,,3110020,1,20260823,21678,1217,828,0,0,0,0,22361,1111,893,0,0,0,0,3,35.37938903430058,139.509906,,,,,,,,,,,,,205,red,23723,24365,48088
83,,3110030,1,20260823,5682,132,408,0,0,0,0,6081,184,382,0,0,0,0,3,35.30798103420886,139.30775,,,,,,,,,,,,,205,red,6222,6647,12869
83,,3110040,1,20260823,9229,625,0,0,0,0,0,8042,322,0,0,0,0,0,3,35.24085503412222,139.123519,,,,,,,,,,,,,205,red,9854,8364,18218
83,,3110050,1,20260823,14809,2042,892,0,0,0,0,14521,1243,313,0,0,0,0,3,36.238458295364495,139.8048878,,,,,,,,,,,,,205,red,17743,16077,33820
83,,3110060,1,20260823,24065,1805,508,0,0,0,0,25637,1207,554,0,0,0,0,3,36.51217142568756,139.9177551,,,,,,,,,,,,,205,red,26378,27398,53776
83,,3110070,1,20260823,10338,987,110,0,0,0,0,10640,415,86,0,0,0,0,3,36.833366956056416,139.9495983,,,,,,,,,,,,,205,red,11435,11141,22576
83,,3110080,1,20260823,5822,87,72,0,0,0,0,5246,70,123,0,0,0,0,3,36.29676104543397,139.7863913,,,,,,,,,,,,,205,red,5981,5439,11420
83,,3110090,1,20260823,7321,99,137,0,0,0,0,7419,109,62,0,0,0,0,3,36.52417383570154,139.8798609,,,,,,,,,,,,,205,red,7557,7590,15147
83,,3110100,1,20260823,7580,117,103,0,0,0,0,8668,135,80,0,0,0,0,3,36.58529299577252,139.9295837,,,,,,,,,,,,,205,red,7800,8883,16683
83,,3110110,1,20260823,7535,433,0,0,0,0,0,7643,331,0,0,0,0,0,3,36.019401995100274,140.15926790000003,,,,,,,,,,,,,202,red,7968,7974,15942
83,,3110120,1,20260823,9080,694,0,0,0,0,0,22,5,0,0,0,0,0,3,36.297327425434645,140.4228446,,,,,,,,,,,,,202,red,9774,27,9801
83,,3110140,1,20260823,11123,545,764,0,0,0,0,10528,627,537,0,0,0,0,3,35.70274880470968,139.8786539,,,,,,,,,,,,,205,red,12432,11692,24124
83,,3110150,1,20260823,11145,658,1057,0,0,0,0,12184,822,678,0,0,0,0,3,35.61902656460475,140.0975838,,,,,,,,,,,,,205,red,12860,13684,26544
83,,3110160,1,20260823,12322,788,1231,0,0,0,0,11963,610,1060,0,0,0,0,3,35.56474703453633,139.7273263,,,,,,,,,,,,,205,red,14341,13633,27974
83,,3110170,1,20260823,14486,1388,0,0,0,0,0,14859,797,0,0,0,0,0,3,35.52794003448978,139.70328,,,,,,,,,,,,,205,red,15874,15656,31530
83,,3110180,1,20260823,12291,1206,0,0,0,0,0,11167,990,0,0,0,7,0,3,35.47903203442772,139.638693,,,,,,,,,,,,,205,red,13497,12157,25654
83,,3110190,1,20260823,8847,160,531,0,0,0,0,8745,178,713,0,0,0,0,3,35.26731403415642,139.685375,,,,,,,,,,,,,205,red,9538,9636,19174
83,,3110200,1,20260823,7095,140,406,0,0,0,0,7242,131,554,0,0,0,0,3,35.36071103427663,139.629686,,,,,,,,,,,,,205,red,7641,7927,15568
83,,3110220,1,20260823,16637,1747,0,0,0,0,0,15999,1365,0,0,0,0,0,3,35.58894027456686,139.3426681,,,,,,,,,,,,,205,red,18384,17364,35748
83,,3110230,1,20260823,5693,216,414,0,0,0,0,5507,231,357,0,0,0,0,3,35.483485034433386,139.527129,,,,,,,,,,,,,205,red,6323,6095,12418
83,,3110240,1,20260823,11370,1341,0,0,0,0,0,12632,1333,0,0,0,0,0,3,35.83073572486877,139.3800849,,,,,,,,,,,,,205,red,12711,13965,26676
83,,3110250,1,20260823,17044,1280,293,0,0,0,0,15454,1283,307,0,0,0,0,3,35.707798574715994,140.1198261,,,,,,,,,,,,,205,red,18617,17044,35661
83,,3110260,1,20260823,10488,715,457,0,0,0,0,11114,465,281,0,0,0,0,3,35.53057826449313,140.0927666,,,,,,,,,,,,,205,red,11660,11860,23520
83,,3110270,1,20260823,9741,675,468,0,0,0,0,10644,872,582,0,0,0,0,3,35.79240130482129,139.6854329,,,,,,,,,,,,,205,red,10884,12098,22982
83,,3110280,1,20260823,22200,1977,0,0,0,0,0,20960,1841,0,0,0,0,0,3,35.803056924834515,139.6481824,,,,,,,,,,,,,205,red,24177,22801,46978
83,,3110290,1,20260823,15564,1089,0,0,0,0,0,15282,756,0,0,0,0,0,3,36.07243401516468,139.4990623,,,,,,,,,,,,,205,red,16653,16038,32691
83,,3110300,1,20260823,6374,115,0,0,0,0,0,5922,87,0,0,0,0,0,3,36.18854634530473,139.3083894,,,,,,,,,,,,,205,red,6489,6009,12498
83,,3110310,1,20260823,8205,295,82,0,0,0,0,8054,195,72,0,0,0,0,3,36.28225430541672,139.0870374,,,,,,,,,,,,,205,red,8582,8321,16903
83,,3110320,1,20260823,13734,330,607,0,0,0,0,14380,226,238,0,0,0,0,3,36.3553183655034,139.0125096,,,,,,,,,,,,,205,red,14671,14844,29515
83,,3110350,1,20260823,9592,668,0,0,0,0,0,10382,440,0,0,0,0,0,3,36.343173145489025,138.5572287,,,,,,,,,,,,,205,red,10260,10822,21082
83,,3110360,1,20260823,8254,215,0,0,0,0,0,7926,209,0,0,0,0,0,3,36.37715425552919,138.2764444,,,,,,,,,,,,,205,red,8469,8135,16604
83,,3110370,1,20260823,2194,877,0,0,0,0,0,3388,4066,0,0,0,0,0,3,36.6491958258463,138.2215959,,,,,,,,,,,,,205,red,3071,7454,10525
83,,3110380,1,20260823,7199,244,0,0,0,0,0,7293,223,0,0,0,0,0,3,36.20646628532621,137.9629773,,,,,,,,,,,,,205,red,7443,7516,14959
83,,3110390,1,20260823,2098,143,0,0,0,0,0,2070,93,0,0,0,0,0,3,36.53866995571842,137.9675826,,,,,,,,,,,,,205,red,2241,2163,4404
83,,3110400,1,20260823,13171,341,779,0,0,0,0,13791,425,891,0,0,0,0,3,35.669090024667575,139.59433440000004,,,,,,,,,,,,,205,red,14291,15107,29398
83,,3110410,1,20260823,6055,118,265,0,0,0,0,3991,97,185,0,0,0,0,3,35.617552604602885,139.1855389,,,,,,,,,,,,,205,red,6438,4273,10711
83,,3110420,1,20260823,6750,376,0,0,0,0,0,4877,195,0,0,0,0,0,3,35.611220394594916,138.9628673,,,,,,,,,,,,,205,red,7126,5072,12198
83,,3110430,1,20260823,2227,1519,0,0,0,0,0,1332,1424,0,0,0,0,0,3,35.603966294585796,138.8040242,,,,,,,,,,,,,205,red,3746,2756,6502
83,,3110440,1,20260823,12129,438,0,0,0,0,0,11190,355,0,0,0,0,0,3,35.66782617466599,138.5078037,,,,,,,,,,,,,205,red,12567,11545,24112
83,,3110450,1,20260823,3077,280,0,0,0,0,0,3154,147,0,0,0,0,0,3,35.90777048496373,138.2345215,,,,,,,,,,,,,205,red,3357,3301,6658
83,,3110460,1,20260823,4766,183,0,0,0,0,0,4723,114,0,0,0,0,0,3,36.07055654516242,138.0938691,,,,,,,,,,,,,205,red,4949,4837,9786
83,,3110470,1,20260823,6448,313,80,0,0,0,0,6604,260,53,0,0,0,0,3,36.378318235530564,139.2290443,,,,,,,,,,,,,205,red,6841,6917,13758
83,,3110480,1,20260823,12995,670,151,0,0,0,0,12289,679,196,0,0,0,0,3,36.314701575455274,139.4271684,,,,,,,,,,,,,205,red,13816,13164,26980
83,,3110490,1,20260823,7167,267,0,0,0,0,0,7025,204,0,0,0,0,0,3,36.3924270955472,140.2677888,,,,,,,,,,,,,202,red,7434,7229,14663
83,,3110520,1,20260823,4071,269,0,0,0,0,0,3982,167,0,0,0,0,0,3,35.95803238502537,140.6007609,,,,,,,,,,,,,202,red,4340,4149,8489
83,,3110550,1,20260823,2793,88,266,0,0,0,0,3676,52,143,0,0,0,0,3,35.150913034005455,139.829981,,,,,,,,,,,,,205,red,3147,3871,7018
83,,3110560,1,20260823,6660,336,0,0,0,0,0,7307,186,0,0,0,0,0,3,35.43543715437221,138.84019380000004,,,,,,,,,,,,,205,red,6996,7493,14489
83,,3110570,1,20260823,3682,155,0,0,0,0,0,3737,1067,0,0,0,0,0,3,35.39117538431567,138.86336800000004,,,,,,,,,,,,,205,red,3837,4804,8641
83,,3110580,1,20260823,3672,291,0,0,0,0,0,3998,348,0,0,0,0,0,3,35.47790102442629,138.6703992,,,,,,,,,,,,,205,red,3963,4346,8309
83,,3110590,1,20260823,5067,114,0,0,0,0,0,5655,101,0,0,0,0,0,3,35.51892892447836,138.83839670000003,,,,,,,,,,,,,204,red,5181,5756,10937
83,,3110610,1,20260823,20259,945,691,0,0,0,0,11693,434,2498,0,0,0,0,3,35.536946034501184,139.510691,,,,,,,,,,,,,205,red,21895,14625,36520
83,,3110620,1,20260823,17612,1562,584,0,0,0,0,17875,1427,592,0,0,0,0,3,35.472892034419914,139.412266,,,,,,,,,,,,,205,red,19758,19894,39652
83,,3110630,1,20260823,11397,504,471,0,0,0,0,10560,405,682,0,0,0,0,3,35.4275870343622,139.351511,,,,,,,,,,,,,205,red,12372,11647,24019
83,,3110640,1,20260823,7834,316,391,0,0,0,0,8053,195,368,0,0,0,0,3,35.37445003429424,139.203293,,,,,,,,,,,,,205,red,8541,8616,17157
83,,3110650,1,20260823,7150,552,250,0,0,0,0,4930,231,141,0,0,0,0,3,35.36087503427685,139.014722,,,,,,,,,,,,,205,red,7952,5302,13254
83,,3110660,1,20260823,18263,1618,986,0,0,0,0,13888,1428,978,0,0,0,0,3,35.68396699468621,139.992342,,,,,,,,,,,,,205,red,20867,16294,37161
83,,3110670,1,20260823,6532,1421,354,0,0,0,0,6319,2060,326,0,0,0,0,3,35.588442964566234,139.7548217,,,,,,,,,,,,,205,red,8307,8705,17012
83,,3110980,1,20260823,7110,363,76,0,0,0,0,6686,410,148,0,0,0,0,1,36.24888937537695,138.4463891,,,,,,,,,,,,,205,red,7549,7244,14793
83,,3110990,1,20260823,5104,283,0,0,0,0,0,0,0,0,0,0,0,0,1,36.242588925369425,138.4374556,,,,,,,,,,,,,205,red,5387,0,5387
83,,3111000,1,20260823,0,0,0,0,0,0,0,4706,293,0,0,0,0,0,1,36.22486392534824,138.4372861,,,,,,,,,,,,,205,red,0,4999,4999
83,,3111010,1,20260823,4248,271,0,0,0,0,0,4099,301,0,0,0,0,0,1,36.16839725528054,138.4688,,,,,,,,,,,,,205,red,4519,4400,8919
83,,3111030,1,20260823,3023,243,0,0,0,0,0,0,0,0,0,0,0,0,1,36.14629447525393,138.4676028,,,,,,,,,,,,,205,red,3266,0,3266
83,,3111040,1,20260823,0,0,0,0,0,0,0,2921,273,0,0,0,0,0,1,36.13644447524206,138.4613806,,,,,,,,,,,,,205,red,0,3194,3194
83,,3111050,1,20260823,6870,467,72,0,0,0,0,6202,376,62,0,0,0,0,1,35.443037034381895,138.453937,,,,,,,,,,,,,205,red,7409,6640,14049
83,,3111060,1,20260823,6530,365,110,0,0,0,0,6107,312,237,0,0,0,0,1,35.48100503443024,138.45894900000002,,,,,,,,,,,,,205,red,7005,6656,13661
83,,3111070,1,20260823,6183,467,161,0,0,0,0,5748,398,115,0,0,0,0,1,35.35961103427522,138.456636,,,,,,,,,,,,,205,red,6811,6261,13072
83,,3111080,1,20260823,6055,360,217,0,0,0,0,5964,375,79,0,0,0,0,1,35.337913034247364,138.45119000000003,,,,,,,,,,,,,205,red,6632,6418,13050
83,,3111090,1,20260823,6566,428,129,0,0,0,0,5585,344,88,0,0,0,0,1,35.27778503416994,138.444487,,,,,,,,,,,,,205,red,7123,6017,13140
83,,3310680,1,20260823,13444,551,730,0,0,0,0,13791,506,932,0,0,0,0,3,35.55346203452207,139.695301,,,,,,,,,,,,,205,red,14725,15229,29954
83,,3310690,1,20260823,8692,385,663,0,0,0,0,8452,292,615,0,0,0,0,3,35.476498034424495,139.611304,,,,,,,,,,,,,205,red,9740,9359,19099
83,,3310720,1,20260823,15546,899,958,0,0,0,0,15964,866,1348,0,0,0,0,3,35.78172684480805,139.8030451,,,,,,,,,,,,,205,red,17403,18178,35581
83,,3310730,1,20260823,11271,675,1062,0,0,0,0,12430,560,1125,0,0,0,0,3,35.723854004736026,139.819876,,,,,,,,,,,,,205,red,13008,14115,27123
83,,3310740,1,20260823,16104,841,1166,0,0,0,0,0,0,0,0,205,205,0,3,35.76173829478322,139.8620188,,,,,,,,,,,,,205,red,18111,0,18111
83,,3310750,1,20260823,15066,842,900,0,0,0,0,18865,723,1212,0,0,0,0,3,35.768080334791094,139.8831359,,,,,,,,,,,,,205,red,16808,20800,37608
83,,3310760,1,20260823,6196,290,0,0,0,0,0,6138,112,0,0,0,0,0,3,36.333593035477676,140.487226,,,,,,,,,,,,,202,red,6486,6250,12736
83,,3310770,1,20260823,12725,700,1763,0,0,0,0,10408,706,1300,0,0,0,0,3,35.696867714702336,139.8301488,,,,,,,,,,,,,205,red,15188,12414,27602
83,,3310780,1,20260823,10939,582,916,0,0,0,0,11196,529,907,0,0,0,0,3,35.550513454518345,139.7165117,,,,,,,,,,,,,205,red,12437,12632,25069
83,,3310790,1,20260823,8448,397,0,0,0,0,0,9638,439,0,0,0,0,0,3,35.30616103420651,139.624807,,,,,,,,,,,,,205,red,8845,10077,18922
83,,3310810,1,20260823,13544,1518,905,0,0,0,0,15499,1868,906,0,0,0,0,3,35.88142903493132,139.9657318,,,,,,,,,,,,,205,red,15967,18273,34240
83,,3310820,1,20260823,14025,928,1299,0,0,0,0,13014,963,657,0,0,0,0,3,35.769723434793136,139.7015664,,,,,,,,,,,,,205,red,16252,14634,30886
83,,3310830,1,20260823,5062,360,70,0,0,0,0,4028,80,38,0,0,0,0,3,36.65616783585431,139.0205401,,,,,,,,,,,,,205,red,5492,4146,9638
83,,3310840,1,20260823,13495,503,890,0,0,0,0,11559,581,925,0,0,0,0,3,35.67115788467016,139.6194506,,,,,,,,,,,,,205,red,14888,13065,27953
83,,3310850,1,20260823,16177,530,0,0,0,0,0,15747,400,0,0,0,0,0,3,35.644829464637155,138.6173022,,,,,,,,,,,,,205,red,16707,16147,32854
83,,3310860,1,20260823,3061,257,0,1,0,1,0,2999,174,0,1,0,1,0,3,35.85597447489995,138.2880181,,,,,,,,,,,,,204,red,3318,3173,6491
83,,3310880,1,20260823,3136,116,0,0,0,0,0,2955,101,0,0,0,0,0,3,35.58082577455663,138.474952,,,,,,,,,,,,,205,red,3252,3056,6308
83,,3310890,1,20260823,15838,627,1008,0,0,0,0,16419,595,1003,0,0,0,0,3,35.625824724613295,139.6414769,,,,,,,,,,,,,205,red,17473,18017,35490
83,,3310900,1,20260823,23972,1057,1418,0,0,0,0,23514,956,1279,0,0,0,0,3,35.60764403459042,139.613062,,,,,,,,,,,,,205,red,26447,25749,52196
83,,3310910,1,20260823,6084,687,627,0,0,0,0,5631,251,126,0,0,0,0,3,35.34910803426173,139.141352,,,,,,,,,,,,,205,red,7398,6008,13406
83,,3310920,1,20260823,11014,484,1312,0,0,0,0,11649,540,912,0,0,0,0,3,35.74888073476721,139.6969986,,,,,,,,,,,,,205,red,12810,13101,25911
83,,3310930,1,20260823,14559,633,910,0,0,0,0,14658,592,719,0,0,0,0,3,35.757753044778255,139.6835902,,,,,,,,,,,,,205,red,16102,15969,32071
83,,3310940,1,20260823,20953,1318,576,0,0,0,0,19515,1327,459,0,0,0,0,3,35.653820154648436,140.0442401,,,,,,,,,,,,,205,red,22847,21301,44148
83,,3310950,1,20260823,20667,2263,794,0,0,0,0,19309,3051,1465,0,0,0,0,3,35.64815995464133,139.9005461,,,,,,,,,,,,,205,red,23724,23825,47549
83,,3310960,1,20260823,3295,760,390,0,0,0,0,3789,709,314,0,0,0,0,3,35.646721404639536,139.8238456,,,,,,,,,,,,,205,red,4445,4812,9257
84,,4110010,1,20260823,28191,1638,0,0,0,0,0,25082,2592,0,0,0,0,0,3,37.932215037230314,139.139722,,,,,,,,,,,,,205,red,29829,27674,57503
84,,4110020,1,20260823,7743,142,0,0,0,0,0,7877,120,0,0,0,0,0,3,37.96100603725917,139.354741,,,,,,,,,,,,,205,red,7885,7997,15882
84,,4110030,1,20260823,3128,434,0,0,0,0,0,3012,313,0,0,0,0,0,3,38.540634037818585,139.550276,,,,,,,,,,,,,205,red,3562,3325,6887
84,,4110040,1,20260823,35740,1413,0,0,0,0,0,36930,1242,0,0,0,0,0,3,37.89993403719785,139.068639,139.0649569,37.8988954271968,,,,,,,,,,,205,red,37153,38172,75325
84,,4110060,1,20260823,6739,207,403,0,0,0,0,7151,503,330,0,0,0,0,3,37.56415502685272,138.8938299,,,,,,,,,,,,,205,red,7349,7984,15333
84,,4110070,1,20260823,7062,84,115,0,0,0,0,7300,86,85,0,0,0,0,3,37.44889503673119,138.76828100000003,,,,,,,,,,,,,205,red,7261,7471,14732
84,,4110090,1,20260823,1524,277,0,0,0,0,0,1678,191,0,0,0,0,0,3,36.97923003622018,137.642048,,,,,,,,,,,,,205,red,1801,1869,3670
84,,4110110,1,20260823,12161,430,115,0,0,0,0,11758,257,163,0,0,0,0,3,36.737147395947105,137.3387361,137.3387361,36.737147395947105,,,,,,,,,,,205,red,12706,12178,24884
84,,4110120,1,20260823,12450,377,109,0,0,0,0,12976,325,115,0,0,0,0,3,36.74295939595373,137.1063924,,,,,,,,,,,,,205,red,12936,13416,26352
84,,4110130,1,20260823,11717,327,117,0,0,0,0,11472,304,128,0,0,0,0,3,36.75988562597303,137.0465469,,,,,,,,,,,,,205,red,12161,11904,24065
84,,4110140,1,20260823,9193,297,77,0,0,0,0,9100,329,76,0,0,0,0,3,36.6765250558777,136.8260425,,,,,,,,,,,,,205,red,9567,9505,19072
84,,4110150,1,20260823,24099,925,0,0,0,0,0,24548,1065,0,0,0,0,0,3,36.589046875776866,136.6271782,136.6276288,36.58868075577644,,,,,,,,,,,205,red,25024,25613,50637
84,,4110160,1,20260823,10500,487,0,0,0,0,0,10138,517,0,0,0,0,0,3,36.33272803547666,136.42083400000004,,,,,,,,,,,,,205,red,10987,10655,21642
84,,4110180,1,20260823,3567,87,0,0,0,0,0,3275,75,0,0,0,0,0,3,37.35568202663179,138.5718066,,,,,,,,,,,,,205,red,3654,3350,7004
84,,4110190,1,20260823,875,64,46,0,0,0,0,638,41,39,0,0,0,0,3,36.785345316001994,138.8016209,,,,,,,,,,,,,205,red,985,718,1703
84,,4110200,1,20260823,4245,522,233,0,0,0,0,4045,122,633,0,0,0,0,3,37.05929117630906,138.8725331,,,,,,,,,,,,,205,red,5000,4800,9800
84,,4110210,1,20260823,6314,628,881,0,0,0,0,6814,220,1292,0,0,0,0,3,37.379305636657065,138.8344324,,,,,,,,,,,,,205,red,7823,8326,16149
84,,4110220,1,20260823,4133,192,0,0,0,0,0,3608,123,0,0,0,0,0,3,36.859512036085945,138.194944,,,,,,,,,,,,,205,red,4325,3731,8056
84,,4110230,1,20260823,5412,134,93,0,0,0,0,5097,118,90,0,0,0,0,3,36.59277686578118,137.2042608,,,,,,,,,,,,,205,red,5639,5305,10944
84,,4110240,1,20260823,8320,188,73,0,0,0,0,8761,188,128,0,0,0,0,3,36.68543044588792,137.2119749,,,,,,,,,,,,,205,red,8581,9077,17658
84,,4110250,1,20260823,2320,190,0,0,0,0,0,2225,111,0,0,0,0,0,3,37.66099003695361,139.47592,,,,,,,,,,,,,205,red,2510,2336,4846
84,,4110260,1,20260823,3009,223,0,0,0,0,0,2576,193,0,0,0,0,0,3,38.081379037378746,139.576978,,,,,,,,,,,,,205,red,3232,2769,6001
84,,4110270,1,20260823,2971,313,0,0,0,0,0,3014,154,0,0,0,0,0,3,37.60222103689251,138.798415,,,,,,,,,,,,,205,red,3284,3168,6452
84,,4110280,1,20260823,7519,73,58,0,0,0,0,8176,73,73,0,0,0,0,3,36.650611795847915,136.963672,,,,,,,,,,,,,205,red,7650,8322,15972
84,,4110290,1,20260823,8306,293,0,0,0,0,0,8049,285,0,0,0,0,0,3,36.52124203569812,136.587868,,,,,,,,,,,,,205,red,8599,8334,16933
84,,4110300,1,20260823,13183,1309,0,0,205,0,0,14741,290,0,0,0,0,0,3,36.59043403577848,136.685666,136.68521,36.59039903577843,,,,,,,,,,,205,red,14492,15031,29523
84,,4110310,1,20260823,483,9,11,0,0,0,0,500,8,18,0,0,0,0,3,37.0464990362949,137.047738,,,,,,,,,,,,,205,red,503,526,1029
84,,4110320,1,20260823,3097,79,40,0,0,0,0,3293,77,53,0,0,0,0,3,36.8686864160963,136.96136,,,,,,,,,,,,,205,red,3216,3423,6639
84,,4110330,1,20260823,4636,103,61,0,0,0,0,4876,117,82,0,0,0,0,3,36.83313510605615,136.9442582,,,,,,,,,,,,,205,red,4800,5075,9875
84,,4110340,1,20260823,4574,1390,0,0,0,0,0,3449,2753,0,0,0,0,0,3,36.75969223597281,136.9658715,,,,,,,,,,,,,205,red,5964,6202,12166
84,,4110350,1,20260823,3459,114,4,0,0,0,0,2863,304,0,0,205,0,0,3,37.240650036507716,136.905469,,,,,,,,,,,,,205,red,3577,3167,6744
84,,4110351,1,20260823,1527,39,0,0,0,0,0,1437,40,0,0,0,0,0,3,37.31000403658269,136.9066,,,,,,,,,,,,,205,red,1566,1477,3043
84,,4110370,1,20260823,4615,81,0,0,0,0,0,4503,55,0,0,0,0,0,6,37.83527203713243,139.227435,,,,,,,,,,,,,205,red,4696,4558,9254
84,,4110371,1,20260823,4489,150,0,0,0,0,0,4946,125,0,0,0,0,0,3,37.829370037126424,139.20906,,,,,,,,,,,,,205,red,4639,5071,9710
84,,4110380,1,20260823,3301,152,0,0,0,0,0,3448,53,0,0,0,0,0,3,37.73164303702653,139.333641,,,,,,,,,,,,,205,red,3453,3501,6954
84,,4110390,1,20260823,3077,191,0,0,0,0,0,3280,99,0,0,0,0,0,3,37.699376036993314,139.38248,,,,,,,,,,,,,205,red,3268,3379,6647
84,,4110400,1,20260823,3078,82,0,0,0,0,0,3014,90,0,0,0,0,0,3,37.012781036257515,137.026061,,,,,,,,,,,,,205,red,3160,3104,6264
84,,4110410,1,20260823,14624,502,0,0,0,0,0,14208,551,0,0,0,0,0,3,36.38238103553535,136.486002,,,,,,,,,,,,,205,red,15126,14759,29885
84,,4110430,1,20260823,923,41,0,0,0,0,0,657,49,0,0,0,0,0,3,37.01726703626248,136.967459,,,,,,,,,,,,,205,red,964,706,1670
84,,4110440,1,20260823,5012,109,65,0,0,0,0,5161,130,94,0,0,0,0,3,36.80001257601863,136.9558319,,,,,,,,,,,,,205,red,5186,5385,10571
84,,4110450,1,20260823,3149,109,46,0,0,0,0,3185,195,58,0,0,0,0,3,36.88168028611092,136.97572590000001,,,,,,,,,,,,,205,red,3304,3438,6742
84,,4110460,1,20260823,2980,75,48,0,0,0,0,2947,78,44,0,0,0,0,3,36.93083435616611,137.0132339,,,,,,,,,,,,,205,red,3103,3069,6172
84,,4110470,1,20260823,7163,305,55,0,0,0,0,7171,184,64,0,0,0,0,3,36.84399970606843,137.4189931,,,,,,,,,,,,,205,red,7523,7419,14942
84,,4110480,1,20260823,5448,190,0,0,0,0,0,5390,366,0,0,0,0,0,3,37.7661015170619,139.0265521,,,,,,,,,,,,,205,red,5638,5756,11394
84,,4110490,1,20260823,4813,151,0,0,0,0,0,4990,310,0,0,0,0,0,3,37.77256794706851,139.0261587,,,,,,,,,,,,,205,red,4964,5300,10264
84,,4110880,1,20260823,5672,194,0,0,0,0,0,5642,215,0,0,0,0,0,3,37.159443036419226,138.223379,,,,,,,,,,,,,205,red,5866,5857,11723
84,,4160390,1,20260823,1730,329,0,0,0,0,0,1934,173,0,0,0,0,0,1,38.268866037561445,139.522026,,,,,,,,,,,,,205,red,2059,2107,4166
84,,4310010,1,20260823,19862,493,0,0,0,0,0,16883,522,0,0,0,0,0,3,37.90111003719903,139.07252,139.07275,37.90117003719909,,,,,,,,,,,205,red,20355,17405,37760
84,,4310012,1,20260823,5694,67,0,0,0,0,0,5101,53,0,0,0,0,0,3,37.92162903721969,139.058415,139.059129,37.921847037219905,,,,,,,,,,,205,red,5761,5154,10915
84,,4310014,1,20260823,27731,1006,0,0,0,2,0,17125,552,0,0,0,205,0,3,37.91719603721522,139.11685,,,,,,,,,,,,,205,red,28737,17677,46414
84,,4310020,1,20260823,14158,255,0,0,0,0,0,7444,76,0,0,0,0,0,3,37.96990561726807,139.2601579,,,,,,,,,,,,,205,red,14413,7520,21933
84,,4310030,1,20260823,14529,272,0,0,0,0,0,12618,202,0,0,0,0,0,3,37.959626427257795,139.290365,,,,,,,,,,,,,205,red,14801,12820,27621
84,,4310060,1,20260823,10231,329,0,0,0,0,0,12227,480,0,0,0,0,0,3,37.855369037152805,139.017016,,,,,,,,,,,,,205,red,10560,12707,23267
84,,4310070,1,20260823,6337,257,0,0,0,0,0,5864,300,0,0,0,0,0,3,37.213535036478255,138.30873,,,,,,,,,,,,,205,red,6594,6164,12758
84,,4310080,1,20260823,8043,244,0,0,0,0,0,7988,245,0,0,0,0,0,3,37.15957303641935,138.228132,,,,,,,,,,,,,205,red,8287,8233,16520
84,,4310090,1,20260823,4245,216,0,0,0,0,0,4238,251,0,0,0,0,0,3,37.119068036374955,138.031711,,,,,,,,,,,,,205,red,4461,4489,8950
84,,4310100,1,20260823,4449,197,0,0,0,0,0,3945,210,0,0,0,0,0,3,37.04548803629378,137.853387,,,,,,,,,,,,,205,red,4646,4155,8801
84,,4310110,1,20260823,2468,53,79,0,0,0,0,1662,27,35,0,0,0,0,3,37.055192036304526,137.905522,,,,,,,,,,,,,205,red,2600,1724,4324
84,,4310120,1,20260823,4353,511,0,0,0,0,0,3953,198,0,0,0,0,0,3,36.94553606618256,137.53465,,,,,,,,,,,,,205,red,4864,4151,9015
84,,4310130,1,20260823,8722,340,17,0,0,0,0,8720,225,109,0,0,0,0,3,36.77997831599589,137.3953897,137.3949552,36.779578725995435,,,,,,,,,,,200,red,9079,9054,18133
84,,4310160,1,20260823,4191,95,0,0,0,0,0,3980,100,0,0,0,0,0,3,36.6900247158932,136.89856410000002,,,,,,,,,,,,,205,red,4286,4080,8366
84,,4310170,1,20260823,2853,260,68,0,0,0,0,0,0,1,0,0,0,0,3,36.92741586616228,137.4845517,,,,,,,,,,,,,205,red,3181,1,3182
84,,4310190,1,20260823,8882,616,0,0,205,0,0,8629,346,0,0,205,0,0,3,36.68614025588873,136.7302394,,,,,,,,,,,,,205,red,9498,8975,18473
84,,4310210,1,20260823,20908,899,0,0,0,0,0,19494,817,0,0,0,0,0,3,36.562841365746486,136.5982425,,,,,,,,,,,,,205,red,21807,20311,42118
84,,4310220,1,20260823,16762,815,0,0,0,0,0,17434,626,0,0,0,0,0,3,36.50450003567862,136.550432,,,,,,,,,,,,,205,red,17577,18060,35637
84,,4310230,1,20260823,12637,821,0,0,0,0,0,13371,522,0,0,0,0,0,3,36.42391556558427,136.483165,,,,,,,,,,,,,205,red,13458,13893,27351
84,,4310250,1,20260823,6595,385,0,0,0,0,0,7049,475,0,0,0,0,0,3,36.2785439554123,136.2915319,,,,,,,,,,,,,205,red,6980,7524,14504
84,,4310270,1,20260823,2394,24,21,0,0,0,0,1685,26,19,0,0,0,0,3,37.072231146323354,138.87240170000004,,,,,,,,,,,,,205,red,2439,1730,4169
84,,4310280,1,20260823,5876,324,0,0,0,0,1,6185,195,0,0,0,0,1,3,36.93595003617183,138.219789,,,,,,,,,,,,,205,red,6200,6380,12580
84,,4310300,1,20260823,12984,519,0,0,0,0,0,13910,410,0,0,0,0,0,3,37.135361036392844,138.266363,,,,,,,,,,,,,205,red,13503,14320,27823
84,,4310310,1,20260823,3016,173,156,0,0,0,0,3418,113,250,0,0,0,0,3,36.469212195637375,137.2416294,,,,,,,,,,,,,205,red,3345,3781,7126
84,,4310320,1,20260823,2949,177,111,0,0,0,0,3416,107,143,0,0,0,0,3,36.51196446568731,137.2282451,,,,,,,,,,,,,205,red,3237,3666,6903
84,,4310330,1,20260823,7204,168,0,0,0,0,0,6945,203,0,0,0,0,0,3,36.636592975831775,137.209239,,,,,,,,,,,,,205,red,7372,7148,14520
84,,4310350,1,20260823,12005,501,0,0,0,0,0,10816,1525,0,0,0,0,0,3,37.85868303715617,139.114645,,,,,,,,,,,,,205,red,12506,12341,24847
84,,4310360,1,20260823,2625,280,489,0,0,0,0,3185,158,151,0,0,0,0,3,37.44596703672809,138.637808,,,,,,,,,,,,,205,red,3394,3494,6888
84,,4310370,1,20260823,5228,400,0,0,0,0,0,5102,538,0,0,0,0,0,3,37.659782356952356,138.8757271,,,,,,,,,,,,,205,red,5628,5640,11268
84,,4310380,1,20260823,4633,308,0,0,0,0,0,4516,307,0,0,0,0,0,3,37.75046003704586,138.90062,,,,,,,,,,,,,205,red,4941,4823,9764
84,,4310390,1,20260823,61,90,0,0,0,0,0,372,85,0,0,0,26,0,3,37.8373130371345,138.931687,,,,,,,,,,,,,205,red,151,457,608
84,,4310400,1,20260823,555,13,52,0,0,0,0,666,11,73,0,0,0,0,3,36.554335475736636,137.0083094,,,,,,,,,,,,,205,red,620,750,1370
84,,4310410,1,20260823,3369,87,15,0,0,0,0,3417,63,28,0,0,0,0,3,36.956120636194385,136.8892354,,,,,,,,,,,,,205,red,3471,3508,6979
84,,4310411,1,20260823,3497,42,0,0,0,0,0,3510,63,0,0,0,0,0,3,36.92171203615589,136.844019,,,,,,,,,,,,,205,red,3539,3573,7112
84,,4310420,1,20260823,1899,18,0,0,0,0,0,1881,34,0,0,0,0,0,3,36.81057320603062,136.7629731,,,,,,,,,,,,,205,red,1917,1915,3832
84,,4310430,1,20260823,15483,551,0,0,0,0,0,15622,372,0,0,0,0,0,3,36.68889768589191,136.7214257,,,,,,,,,,,,,205,red,16034,15994,32028
84,,4310440,1,20260823,9238,140,0,0,0,0,0,9223,181,0,0,0,0,0,3,36.62649371582013,136.7029238,,,,,,,,,,,,,205,red,9378,9404,18782
84,,4310441,1,20260823,12730,221,0,0,0,0,0,13182,176,0,0,0,0,0,3,36.60182503579164,136.700048,,,,,,,,,,,,,205,red,12951,13358,26309
84,,4310450,1,20260823,17006,272,0,0,0,0,0,16627,178,678,0,0,6,0,3,36.57428003575976,136.686305,136.6864014,36.57449126576,,,,,,,,,,,205,red,17278,17483,34761
84,,4310460,1,20260823,434,5,96,0,0,0,0,462,9,99,0,0,0,0,3,36.9580881961966,137.048108,,,,,,,,,,,,,205,red,535,570,1105
84,,4310470,1,20260823,9605,156,95,0,0,0,0,10239,115,131,0,0,0,0,3,36.77955370599541,137.0001501,,,,,,,,,,,,,205,red,9856,10485,20341
85,22,5110100,1,20260823,13646,547,610,0,0,0,0,12720,952,652,0,0,0,0,3,35.15213957400704,138.9246216,,,,,,,,,,,,,205,red,14803,14324,29127
85,22,5110109,1,20260823,6311,404,174,0,0,0,0,5741,239,137,0,0,0,0,3,35.118767763963525,138.9293772,,,,,,,,,,,,,205,red,6889,6117,13006
85,22,5110111,1,20260823,15540,414,302,0,0,0,0,15089,278,348,0,0,0,0,3,35.10924329395108,138.9124954,,,,,,,,,,,,,205,red,16256,15715,31971
85,22,5110115,1,20260823,15096,1064,0,0,0,0,0,14881,652,0,0,0,0,0,3,35.138890033989775,138.739584,,,,,,,,,,,,,205,red,16160,15533,31693
85,22,5110120,1,20260823,19545,1432,0,0,0,0,0,20308,994,0,0,0,0,0,3,35.06126803388831,138.536991,,,,,,,,,,,,,205,red,20977,21302,42279
85,22,5110125,1,20260823,13048,222,0,0,0,0,0,12755,196,0,0,0,0,0,3,34.99945503380712,138.431978,,,,,,,,,,,,,205,red,13270,12951,26221
85,22,5110130,1,20260823,20979,1624,0,0,0,0,0,21710,1353,0,0,0,0,0,3,35.00292603381168,138.37946,,,,,,,,,,,,,205,red,22603,23063,45666
85,22,5110135,1,20260823,21734,1377,0,0,0,0,0,23140,1017,0,0,0,0,0,3,34.9427310337323,138.326229,,,,,,,,,,,,,205,red,23111,24157,47268
85,22,5110140,1,20260823,12946,947,0,0,0,0,0,12851,602,0,0,0,0,0,3,34.87443903364182,138.231472,,,,,,,,,,,,,205,red,13893,13453,27346
85,22,5110145,1,20260823,12582,925,0,0,0,0,0,13756,753,0,0,0,0,0,3,34.831770733585074,138.1182557,,,,,,,,,,,,,205,red,13507,14509,28016
85,22,5110148,1,20260823,27257,1438,0,0,0,0,0,27837,1056,0,0,0,0,0,3,34.73805952345989,137.853806,,,,,,,,,,,,,205,red,28695,28893,57588
85,22,5110150,1,20260823,28712,1231,476,0,0,0,0,28710,2632,0,0,0,0,0,3,34.731415953450984,137.7966642,,,,,,,,,,,,,205,red,30419,31342,61761
85,22,5110155,1,20260823,15073,1368,0,0,0,0,0,6958,541,9,0,0,59,0,3,34.67742179337847,137.6802735,,,,,,,,,,,,,205,red,16441,7508,23949
85,22,5110158,1,20260823,18178,1333,0,0,0,0,0,18219,923,0,0,0,0,0,3,34.67846877337988,137.608459,,,,,,,,,,,,,205,red,19511,19142,38653
85,22,5110160,1,20260823,12898,1078,0,0,0,0,0,14174,869,0,0,0,0,0,3,34.67701253337791,137.5025406,,,,,,,,,,,,,205,red,13976,15043,29019
85,23,5110170,1,20260823,13025,693,0,0,0,0,0,14489,885,0,0,0,0,0,3,34.7982592835404,137.36621260000004,,,,,,,,,,,,,205,red,13718,15374,29092
85,23,5110175,1,20260823,12144,379,0,0,0,0,0,13250,401,0,0,0,0,0,3,34.92391956370741,137.2032416,,,,,,,,,,,,,205,red,12523,13651,26174
85,23,5110180,1,20260823,6190,593,0,0,0,0,0,6667,179,0,0,0,0,0,3,35.12246228396835,136.7712316,,,,,,,,,,,,,205,red,6783,6846,13629
85,24,5110185,1,20260823,8849,290,0,0,0,0,0,8117,322,0,0,0,0,0,3,35.02683417384312,136.6459825,,,,,,,,,,,,,205,red,9139,8439,17578
85,24,5110190,1,20260823,9900,1018,0,0,0,0,0,10464,718,0,0,0,0,0,3,34.914394373694805,136.5686551,,,,,,,,,,,,,205,red,10918,11182,22100
85,23,5110250,1,20260823,12046,424,0,0,0,0,0,12251,374,0,0,0,0,0,3,35.23002111410819,136.9279236,,,,,,,,,,,,,205,red,12470,12625,25095
85,23,5110255,1,20260823,12657,399,0,0,0,0,0,9166,462,0,0,0,0,0,3,35.22358825409986,136.8807274,,,,,,,,,,,,,205,red,13056,9628,22684
85,22,5111410,1,20260823,6801,171,61,0,0,0,0,5278,115,37,0,0,0,0,3,34.9385786437268,138.9422778,,,,,,,,,,,,,205,red,7033,5430,12463
85,22,5111435,1,20260823,12986,489,0,0,0,0,0,13688,460,0,0,0,0,0,3,35.112323893955114,138.9483055,,,,,,,,,,,,,205,red,13475,14148,27623
85,22,5111440,1,20260823,6978,180,26,0,0,0,0,5189,165,123,0,0,0,0,3,35.09294534392978,138.9461249,,,,,,,,,,,,,205,red,7184,5477,12661
85,22,5111460,1,20260823,1996,62,0,0,0,0,0,2722,104,0,0,0,0,0,3,34.773393033507176,138.94734200000002,,,,,,,,,,,,,205,red,2058,2826,4884
85,23,5111910,1,20260823,19015,1231,0,0,0,0,0,19721,1371,0,0,0,0,0,3,35.251491704135965,136.9747388,,,,,,,,,,,,,205,red,20246,21092,41338
85,21,5111920,1,20260823,14457,469,0,0,0,0,0,13023,461,0,0,0,0,0,3,35.33014667423738,137.0762497,,,,,,,,,,,,,205,red,14926,13484,28410
85,21,5111930,1,20260823,11813,506,0,0,0,0,0,11202,510,0,0,0,0,0,3,35.36635604428386,137.2135359,,,,,,,,,,,,,205,red,12319,11712,24031
85,21,5111940,1,20260823,17088,860,0,0,0,0,0,15031,684,0,0,0,0,0,3,35.477490394425764,137.4827895,,,,,,,,,,,,,205,red,17948,15715,33663
85,21,5111950,1,20260823,6257,527,0,0,0,0,0,4926,385,0,0,0,0,0,3,35.54294722450878,137.5415325,,,,,,,,,,,,,205,red,6784,5311,12095
85,20,5111960,1,20260823,4872,568,0,0,0,0,0,3681,452,0,0,0,0,0,3,35.79372550482294,137.6867026,,,,,,,,,,,,,205,red,5440,4133,9573
85,20,5111970,1,20260823,0,0,0,0,0,205,0,5885,0,0,0,0,0,0,3,35.86568255491192,137.7375698,,,,,,,,,,,,,205,red,0,5885,5885
85,21,5112190,1,20260823,2650,146,0,0,0,0,79,2507,108,0,0,0,0,79,3,35.35969120427531,136.4557958,,,,,,,,,,,,,205,red,2796,2615,5411
85,21,5112240,1,20260823,20645,766,0,0,0,0,0,18353,591,0,0,0,0,0,3,35.38091091430252,136.7844039,,,,,,,,,,,,,205,red,21411,18944,40355
85,23,5112320,1,20260823,27937,1887,0,0,0,0,0,28426,1852,0,0,0,0,0,3,34.935405063722605,137.0426846,,,,,,,,,,,,,205,red,29824,30278,60102
85,23,5112325,1,20260823,36872,2221,0,0,0,0,0,36413,2519,0,0,0,0,0,3,35.020771293835146,137.0130622,,,,,,,,,,,,,205,red,39093,38932,78025
85,23,5112330,1,20260823,41451,2654,0,0,0,0,0,42024,2379,0,0,0,0,0,3,35.04312062386452,136.9841158,,,,,,,,,,,,,205,red,44105,44403,88508
85,23,5112340,1,20260823,18572,1813,0,0,0,0,0,17654,1277,0,0,0,0,0,3,35.06974911389942,136.7566216,,,,,,,,,,,,,205,red,20385,18931,39316
85,24,5112350,1,20260823,21027,1829,0,0,0,0,0,19448,1222,0,0,0,0,0,3,35.00912200381983,136.6732612,,,,,,,,,,,,,205,red,22856,20670,43526
85,24,5112355,1,20260823,17838,473,0,0,0,0,0,16073,317,0,0,0,0,0,3,34.75468373348215,136.5225828,,,,,,,,,,,,,205,red,18311,16390,34701
85,24,5112360,1,20260823,12677,315,0,0,0,0,0,11757,265,0,0,0,0,0,3,34.558484833217825,136.6473028,,,,,,,,,,,,,205,red,12992,12022,25014
85,24,5112370,1,20260823,10632,504,0,0,0,0,0,10306,319,0,0,0,0,0,3,34.78302070352005,136.5006557,,,,,,,,,,,,,205,red,11136,10625,21761
85,24,5112375,1,20260823,10487,500,0,0,0,0,0,10779,357,0,0,0,0,0,3,34.74150673346451,136.4838785,,,,,,,,,,,,,205,red,10987,11136,22123
85,24,5112550,1,20260823,17643,3296,0,0,0,0,0,19843,1857,0,0,0,0,0,3,34.839452033595315,136.260335,,,,,,,,,,,,,205,red,20939,21700,42639
85,24,5112590,1,20260823,14440,3084,0,0,0,0,0,17723,1696,0,0,0,0,0,3,34.703780033413906,136.071242,,,,,,,,,,,,,205,red,17524,19419,36943
85,22,5113885,1,20260823,8903,449,0,0,0,0,0,10962,578,0,0,0,0,0,3,35.33142394423902,138.8977143,,,,,,,,,,,,,205,red,9352,11540,20892
85,22,5113890,1,20260823,6737,270,0,0,0,0,0,8211,241,0,0,0,0,0,3,35.32388868422933,138.9049485,,,,,,,,,,,,,205,red,7007,8452,15459
85,22,5113910,1,20260823,15411,747,0,0,0,0,0,12732,659,0,0,0,0,0,3,35.18190903404577,138.676858,,,,,,,,,,,,,205,red,16158,13391,29549
85,22,5113920,1,20260823,14294,882,0,0,0,0,0,14316,471,0,0,0,0,0,3,35.209794034081966,138.64987,,,,,,,,,,,,,205,red,15176,14787,29963
85,22,5113990,1,20260823,3644,250,0,0,0,0,0,3279,232,0,0,0,0,0,3,35.41511303434628,138.590083,,,,,,,,,,,,,205,red,3894,3511,7405
85,23,5114110,1,20260823,15856,928,0,0,0,0,0,15384,910,0,0,0,0,0,3,35.268750034158266,136.907566,,,,,,,,,,,,,205,red,16784,16294,33078
85,23,5114120,1,20260823,16239,988,0,0,0,0,0,16223,983,0,0,0,0,0,3,35.33167103423934,136.91981,,,,,,,,,,,,,205,red,17227,17206,34433
85,21,5114130,1,20260823,5777,460,0,0,0,0,0,4920,192,0,0,0,0,0,3,35.48643303443713,137.055201,,,,,,,,,,,,,205,red,6237,5112,11349
85,21,5114140,1,20260823,5068,536,0,0,0,0,0,4171,247,0,0,0,0,0,3,35.78858303481656,137.25606,,,,,,,,,,,,,205,red,5604,4418,10022
85,21,5114150,1,20260823,4669,232,0,0,0,0,0,4125,166,0,0,0,0,0,3,35.86755403491424,137.213563,,,,,,,,,,,,,205,red,4901,4291,9192
85,21,5114160,1,20260823,3575,224,0,0,0,0,0,3241,129,0,0,0,0,0,3,36.07096803516291,137.267306,,,,,,,,,,,,,205,red,3799,3370,7169
85,21,5114170,1,20260823,2528,197,0,0,0,0,0,2106,318,0,0,0,0,0,3,36.26496203539611,137.138911,,,,,,,,,,,,,205,red,2725,2424,5149
85,21,5114180,1,20260823,1781,198,0,0,0,0,0,2170,122,0,0,0,0,0,3,36.459520035626035,137.248946,,,,,,,,,,,,,205,red,1979,2292,4271
85,24,5114210,1,20260823,7206,157,0,0,0,0,0,7043,126,0,0,0,0,0,3,34.51961103316506,136.541333,,,,,,,,,,,,,205,red,7363,7169,14532
85,24,5114230,1,20260823,1963,103,0,0,0,0,0,1896,67,0,0,0,0,0,3,34.31527803288554,136.410056,,,,,,,,,,,,,205,red,2066,1963,4029
85,24,5114250,1,20260823,1356,33,0,0,0,0,0,1434,31,0,0,0,0,0,3,34.09569403258125,136.196222,,,,,,,,,,,,,205,red,1389,1465,2854
85,24,5114270,1,20260823,1556,72,0,0,0,0,0,1577,33,0,0,0,0,0,3,34.275333032830495,136.358917,,,,,,,,,,,,,205,red,1628,1610,3238
85,24,5114290,1,20260823,5207,199,0,0,0,0,0,4829,135,0,0,0,0,0,3,33.86069403225124,136.076111,,,,,,,,,,,,,205,red,5406,4964,10370
85,22,5114610,1,20260823,13299,718,318,0,0,0,0,12236,458,409,0,0,0,0,3,35.152874244008,138.8951207,,,,,,,,,,,,,205,red,14335,13103,27438
85,22,5114620,1,20260823,9427,558,132,0,0,0,0,10919,442,416,0,0,0,0,3,35.13134103397993,138.875041,,,,,,,,,,,,,205,red,10117,11777,21894
85,22,5114630,1,20260823,9864,654,205,0,0,0,0,10612,363,133,0,0,0,0,3,35.14589793399891,138.8871002,,,,,,,,,,,,,205,red,10723,11108,21831
85,22,5114680,1,20260823,7038,587,0,0,0,0,0,5006,296,0,0,0,0,0,3,35.35910497427457,139.0109217,,,,,,,,,,,,,205,red,7625,5302,12927
85,22,5114740,1,20260823,477,13,0,0,0,0,0,447,14,0,0,0,0,0,3,35.073007033903686,137.787657,,,,,,,,,,,,,205,red,490,461,951
85,22,5114750,1,20260823,1605,85,0,0,0,0,0,2131,57,0,0,0,0,0,3,34.90575222368336,137.6681803,,,,,,,,,,,,,205,red,1690,2188,3878
85,22,5115250,1,20260823,2117,82,0,0,0,0,0,1478,79,0,0,0,0,0,3,35.137162033987515,138.520651,,,,,,,,,,,,,205,red,2199,1557,3756
85,23,5115320,1,20260823,14331,498,0,0,0,0,0,14461,273,0,0,0,0,0,3,35.10723119394846,137.0409411,,,,,,,,,,,,,205,red,14829,14734,29563
85,23,5115340,1,20260823,5746,261,0,0,0,0,0,4585,228,0,0,0,0,0,3,35.13153551398018,137.304967,,,,,,,,,,,,,205,red,6007,4813,10820
85,20,5115370,1,20260823,0,0,0,0,205,205,0,0,0,0,0,205,205,0,3,35.50121594445591,137.794953,,,,,,,,,,,,,205,red,0,0,0
85,20,5115380,1,20260823,4863,118,0,0,0,0,0,4635,133,0,0,0,0,0,3,35.71541168472551,137.9379522,,,,,,,,,,,,,205,red,4981,4768,9749
85,23,5115530,1,20260823,5780,288,0,0,0,0,0,5282,354,0,0,0,0,0,3,35.06429103389226,137.11723,,,,,,,,,,,,,205,red,6068,5636,11704
85,21,5115610,1,20260823,19930,713,0,0,0,0,0,19052,846,0,0,0,0,0,3,35.39814591432458,136.7848921,,,,,,,,,,,,,205,red,20643,19898,40541
85,21,5115630,1,20260823,6888,249,0,0,0,0,0,5974,128,0,0,0,0,0,3,35.73557476475065,136.9518113,,,,,,,,,,,,,205,red,7137,6102,13239
85,21,5115650,1,20260823,4458,151,0,0,0,0,0,3670,102,0,0,0,0,0,3,35.88316975493347,136.85442030000002,,,,,,,,,,,,,205,red,4609,3772,8381
85,21,5115680,1,20260823,1760,74,0,0,0,0,0,1544,51,0,0,0,0,0,3,35.99802490507423,136.9009352,,,,,,,,,,,,,205,red,1834,1595,3429
85,21,5115820,1,20260823,,,,0,0,0,205,,,,0,0,0,205,3,36.18407203529936,137.542187,,,,,,,,,,,,,205,red,0,0,0
85,22,5123510,1,20260823,6981,649,0,0,0,0,0,10123,576,0,0,0,0,0,3,35.141546483993245,139.1103673,,,,,,,,,,,,,205,red,7630,10699,18329
85,20,5125390,1,20260823,4645,130,0,0,0,0,0,4474,112,0,0,0,0,0,3,35.876706504925515,137.9806852,,,,,,,,,,,,,205,red,4775,4586,9361
85,23,5311910,1,20260823,12319,456,0,0,0,0,0,12024,414,0,0,0,0,0,3,35.124239273970666,136.856963,,,,,,,,,,,,,205,red,12775,12438,25213
86,,6110010,1,20260823,5527,230,0,0,0,0,0,6200,259,0,0,0,0,0,3,34.938138216795814,136.265283823013,,,,,,,,,,,,,205,red,5757,6459,12216
86,,6110020,1,20260823,8594,204,0,0,0,0,0,8657,262,0,0,0,0,0,3,34.990936305895495,136.115165948867,,,,,,,,,,,,,205,red,8798,8919,17717
86,,6110030,1,20260823,8581,362,1591,0,0,0,0,8238,220,790,0,0,0,0,3,35.005385003512316,135.956851243972,,,,,,,,,,,,,205,red,10534,9248,19782
86,,6110040,1,20260823,5366,257,0,0,0,0,0,6278,237,0,0,0,0,0,3,34.95699292997823,135.913501381874,,,,,,,,,,,,,205,red,5623,6515,12138
86,,6110050,1,20260823,12997,287,0,0,0,0,0,13584,270,0,0,0,0,0,3,34.99087038445861,135.844525694847,,,,,,,,,,,,,205,red,13284,13854,27138
86,,6110060,1,20260823,26803,1586,0,0,0,0,0,25506,2383,0,0,0,0,0,3,34.99142632024544,135.831109285354,,,,,,,,,,,,,205,red,28389,27889,56278
86,,6110070,1,20260823,19526,942,0,0,0,0,0,19695,970,0,0,0,0,0,3,34.98630409707048,135.82777261734,,,,,,,,,,,,,205,red,20468,20665,41133
86,,6110080,1,20260823,15676,1541,0,0,0,0,0,16672,1862,0,0,0,0,0,3,34.91099177877929,135.744452476501,,,,,,,,,,,,,205,red,17217,18534,35751
86,,6110090,1,20260823,20336,1579,0,0,0,0,0,21045,1688,0,0,0,0,0,3,34.805311519271704,135.649480819702,,,,,,,,,,,,,205,red,21915,22733,44648
86,,6110100,1,20260823,,,,0,0,0,205,,,,0,0,0,205,3,34.81945711253497,135.720393061637,,,,,,,,,,,,,205,red,0,0,0
86,,6110110,1,20260823,10755,692,0,0,0,0,0,10590,644,0,0,0,0,0,3,34.71960434074075,135.436824560165,,,,,,,,,,,,,205,red,11447,11234,22681
86,,6110120,1,20260823,11546,414,0,0,0,0,0,11347,401,0,0,0,0,0,3,34.64078623273222,135.106242299079,,,,,,,,,,,,,205,red,11960,11748,23708
86,,6110130,1,20260823,30402,2127,0,0,0,0,0,29063,2071,0,0,0,0,0,3,34.75756172115131,134.859353005886,,,,,,,,,,,,,205,red,32529,31134,63663
86,,6110140,1,20260823,27169,2157,0,0,0,0,0,26953,1689,0,0,0,0,0,3,34.83274825524009,134.630174338817,,,,,,,,,,,,,205,red,29326,28642,57968
86,,6110150,1,20260823,17479,1594,0,0,0,0,0,19015,1259,0,0,0,0,0,3,34.847425137493005,134.578367471694,,,,,,,,,,,,,205,red,19073,20274,39347
86,,6110170,1,20260823,6046,372,0,0,0,0,0,6730,423,0,0,0,0,0,3,36.23649392464164,136.286623477935,,,,,,,,,,,,,205,red,6418,7153,13571
86,,6110180,1,20260823,3295,263,0,0,0,0,0,3089,427,0,0,0,0,0,3,35.792989034822035,136.092793,,,,,,,,,,,,,205,red,3558,3516,7074
86,,6110190,1,20260823,4057,562,0,0,0,0,0,4719,768,0,0,0,0,0,3,35.62256603460919,136.08205800000002,,,,,,,,,,,,,205,red,4619,5487,10106
86,,6110200,1,20260823,5832,83,0,0,0,0,0,5782,83,0,0,0,0,0,3,35.319800029709974,136.279370784759,,,,,,,,,,,,,205,red,5915,5865,11780
86,,6110210,1,20260823,8256,244,0,0,0,0,0,8348,237,0,0,0,0,0,3,35.25049070224537,136.262805461883,,,,,,,,,,,,,205,red,8500,8585,17085
86,,6110220,1,20260823,7092,1005,0,0,0,0,0,7278,591,0,0,0,0,0,3,35.135413702721344,136.168110072612,,,,,,,,,,,,,205,red,8097,7869,15966
86,,6110230,1,20260823,9040,235,0,0,0,0,0,8843,281,0,0,0,0,0,3,35.05193480694747,136.028718352317,,,,,,,,,,,,,205,red,9275,9124,18399
86,,6110240,1,20260823,16796,672,0,0,0,0,0,15864,573,0,0,0,0,0,3,34.97508726487281,135.666646957397,,,,,,,,,,,,,205,red,17468,16437,33905
86,,6110250,1,20260823,10621,442,0,0,0,0,0,10519,310,0,0,0,0,0,3,35.290674394918256,135.122528672218,,,,,,,,,,,,,205,red,11063,10829,21892
86,,6110260,1,20260823,3050,181,0,0,0,0,0,2958,114,0,0,0,0,0,3,35.33418386481987,134.859425425529,,,,,,,,,,,,,205,red,3231,3072,6303
86,,6110270,1,20260823,2657,159,0,0,0,0,0,2522,88,0,0,0,0,0,3,35.37906081109355,134.782794713974,,,,,,,,,,,,,205,red,2816,2610,5426
86,,6110280,1,20260823,1695,241,0,0,0,0,0,1466,105,0,0,0,0,0,3,35.39752934547739,134.617635011672,,,,,,,,,,,,,205,red,1936,1571,3507
86,,6110290,1,20260823,4137,244,0,0,0,0,0,4005,238,0,0,0,0,0,3,35.3445505431606,136.408736407756,,,,,,,,,,,,,205,red,4381,4243,8624
86,,6110300,1,20260823,7068,183,0,0,0,0,0,6325,186,0,0,0,0,0,3,34.929386538763445,135.767959356307,,,,,,,,,,,,,205,red,7251,6511,13762
86,,6110310,1,20260823,17534,784,0,0,0,0,0,16355,829,0,0,0,0,0,3,34.692826863672394,135.811829566955,,,,,,,,,,,,,205,red,18318,17184,35502
86,,6110320,1,20260823,12065,406,0,0,0,205,0,19813,705,0,0,0,0,0,3,34.49633103313339,135.742759,,,,,,,,,,,,,205,red,12471,20518,32989
86,,6110330,1,20260823,12655,224,0,0,0,0,0,11544,193,0,0,0,0,0,3,34.255336527005475,135.221571922302,,,,,,,,,,,,,205,red,12879,11737,24616
86,,6110340,1,20260823,12563,370,0,0,0,0,0,13050,404,0,0,0,0,0,3,34.59261679509626,135.476585626602,,,,,,,,,,,,,205,red,12933,13454,26387
86,,6110350,1,20260823,21072,680,0,0,0,0,0,21721,613,0,0,0,0,0,3,34.492391818044126,135.423381328582,,,,,,,,,,,,,205,red,21752,22334,44086
86,,6110361,1,20260823,7232,303,0,0,0,0,0,8010,233,0,0,0,0,0,3,34.27701629033371,135.164935521261,,,,,,,,,,,,,205,red,7535,8243,15778
86,,6110370,1,20260823,4867,198,0,0,0,0,0,5009,171,0,0,0,0,0,3,35.61308303459727,135.971192,,,,,,,,,,,,,205,red,5065,5180,10245
86,,6110380,1,20260823,3662,229,0,0,0,0,0,4046,186,0,0,0,0,0,3,35.486004106628485,135.463869273662,,,,,,,,,,,,,205,red,3891,4232,8123
86,,6110390,1,20260823,3197,203,0,0,0,0,0,3181,185,0,0,0,0,0,3,35.30401991598347,135.272947382363,,,,,,,,,,,,,205,red,3400,3366,6766
86,,6110410,1,20260823,5308,159,0,0,0,0,0,5164,122,0,0,0,0,0,3,34.99524305806187,134.558363556861,,,,,,,,,,,,,205,red,5467,5286,10753
86,,6110430,1,20260823,407,11,33,0,0,0,0,610,21,54,0,0,0,0,3,33.577233165562106,135.427241160067,,,,,,,,,,,,,205,red,451,685,1136
86,,6110440,1,20260823,8741,151,0,0,0,0,0,8744,232,0,0,0,0,0,3,34.143380032647656,135.20039,,,,,,,,,,,,,205,red,8892,8976,17868
86,,6110450,1,20260823,16524,4582,0,0,0,0,0,16562,7627,0,0,0,0,0,3,34.71254919312948,135.425688028335,,,,,,,,,,,,,205,red,21106,24189,45295
86,,6110460,1,20260823,5538,570,0,0,0,0,0,5711,556,0,0,0,0,0,3,35.431053158155514,136.016224622726,,,,,,,,,,,,,205,red,6108,6267,12375
86,,6110470,1,20260823,8897,545,0,0,0,0,0,10287,715,0,0,0,0,0,3,35.21341864052877,135.925826132297,,,,,,,,,,,,,205,red,9442,11002,20444
86,,6110500,1,20260823,6893,559,0,0,0,0,0,5875,344,0,0,0,0,0,3,35.10094221794055,135.892639160156,,,,,,,,,,,,,205,red,7452,6219,13671
86,,6110510,1,20260823,8174,1344,0,0,0,0,0,7967,646,0,0,0,0,0,3,35.080206671418715,135.881878137588,,,,,,,,,,,,,205,red,9518,8613,18131
86,,6110520,1,20260823,16505,910,0,0,0,0,0,4574,872,3079,0,0,0,0,3,35.00895503826151,135.838812589645,,,,,,,,,,,,,205,red,17415,8525,25940
86,,6110530,1,20260823,11185,1082,0,0,0,0,0,12143,1095,0,0,0,0,0,3,34.8925928963683,135.684016942977,,,,,,,,,,,,,205,red,12267,13238,25505
86,,6110540,1,20260823,9709,563,0,0,0,0,0,9808,381,0,0,0,0,0,3,34.686726631641484,134.982630014419,,,,,,,,,,,,,205,red,10272,10189,20461
86,,6110670,1,20260823,12208,889,0,0,0,0,0,12440,509,0,0,0,0,0,3,34.486465033119956,135.763168,,,,,,,,,,,,,205,red,13097,12949,26046
86,,6110700,1,20260823,9801,688,0,0,0,0,0,9123,353,0,0,0,0,0,3,34.36883103295914,135.698397,,,,,,,,,,,,,205,red,10489,9476,19965
86,,6110710,1,20260823,10105,611,0,0,0,0,0,9985,364,0,0,0,0,0,3,34.346251032928144,135.675464,,,,,,,,,,,,,205,red,10716,10349,21065
86,,6110720,1,20260823,9587,648,0,0,0,0,0,9396,363,0,0,0,0,0,3,34.34307531292378,135.6723947,,,,,,,,,,,,,205,red,10235,9759,19994
86,,6110730,1,20260823,8852,635,0,0,0,0,0,8521,496,0,0,0,0,0,3,34.3344353954711,135.643944740295,,,,,,,,,,,,,205,red,9487,9017,18504
86,,6110740,1,20260823,10349,535,133,0,0,0,0,9986,273,247,0,0,0,0,3,34.32057809029414,135.595622062683,,,,,,,,,,,,,205,red,11017,10506,21523
86,,6110750,1,20260823,10464,580,0,0,0,0,0,10572,321,0,0,0,0,0,3,34.30420703287028,135.508371,,,,,,,,,,,,,205,red,11044,10893,21937
86,,6110760,1,20260823,9864,672,0,0,0,0,0,10317,384,0,0,0,0,0,3,34.300277802864876,135.49583333,,,,,,,,,,,,,205,red,10536,10701,21237
86,,6110765,1,20260823,10319,705,0,0,0,0,0,10704,442,0,0,0,0,0,3,34.293299032855266,135.42037,,,,,,,,,,,,,205,red,11024,11146,22170
86,,6110780,1,20260823,,,,0,0,0,205,,,,0,0,0,205,3,34.290835032851874,135.406025,,,,,,,,,,,,,205,red,0,0,0
86,,6110790,1,20260823,4842,401,0,0,0,0,0,4797,278,0,0,0,0,0,3,34.28766234793788,135.279854549589,,,,,,,,,,,,,205,red,5243,5075,10318
86,,6110810,1,20260823,1543,93,0,0,0,0,0,1729,128,0,0,0,0,0,3,35.91898971813652,136.6293598948,,,,,,,,,,,,,205,red,1636,1857,3493
86,,6110820,1,20260823,1819,82,0,0,0,0,0,1933,138,0,0,0,0,0,3,35.963561035032136,136.602468,,,,,,,,,,,,,205,red,1901,2071,3972
86,,6110840,1,20260823,2026,76,0,0,0,0,0,1979,122,0,0,0,0,0,3,35.98949103506382,136.526729,,,,,,,,,,,,,205,red,2102,2101,4203
86,,6110860,1,20260823,6749,169,0,0,0,0,0,6170,170,0,0,0,0,0,3,36.062580031168245,136.445198357105,,,,,,,,,,,,,205,red,6918,6340,13258
86,,6110870,1,20260823,7063,215,0,0,0,0,0,6600,188,0,0,0,0,0,3,36.074224272699254,136.374473869296,,,,,,,,,,,,,205,red,7278,6788,14066
86,,6110880,1,20260823,7177,307,0,0,0,0,0,6896,189,0,0,0,0,0,3,36.086521994378465,136.324462164098,,,,,,,,,,,,,205,red,7484,7085,14569
86,,6110980,1,20260823,3954,186,0,0,0,0,0,4712,289,0,0,0,0,0,3,35.30511375498357,134.89226102828903,,,,,,,,,,,,,205,red,4140,5001,9141
86,,6111020,1,20260823,14662,2975,0,0,0,0,0,20166,2756,0,0,0,0,0,3,34.61538892329484,135.8745,,,,,,,,,,,,,205,red,17637,22922,40559
86,,6111030,1,20260823,4252,80,37,0,0,0,0,4185,70,48,0,0,0,0,3,33.670648031981166,135.947246,,,,,,,,,,,,,205,red,4369,4303,8672
86,,6111040,1,20260823,5378,131,61,0,0,0,0,4460,98,47,0,0,0,0,1,33.74362082208521,135.40352793,,,,,,,,,,,,,205,red,5570,4605,10175
86,,6111050,1,20260823,5624,122,42,0,0,0,0,4618,71,41,0,0,0,0,1,33.67806806199178,135.40361475,,,,,,,,,,,,,205,red,5788,4730,10518
86,,6111060,1,20260823,5067,97,61,0,0,0,0,4054,78,69,0,0,0,0,1,33.63743103193369,135.410147,,,,,,,,,,,,,205,red,5225,4201,9426
86,,6111070,1,20260823,3475,87,33,0,0,0,0,2927,63,42,0,0,0,0,1,33.56605113183135,135.49421066,,,,,,,,,,,,,205,red,3595,3032,6627
86,,6111080,1,20260823,2971,87,45,0,0,0,0,2508,61,28,0,0,0,0,1,33.53123967178131,135.54653822,,,,,,,,,,,,,205,red,3103,2597,5700
86,,6111090,1,20260823,2929,60,24,0,0,0,0,3010,50,32,0,0,0,0,3,33.620083251908845,135.91802864,,,,,,,,,,,,,205,red,3013,3092,6105
86,,6111094,1,20260823,3652,82,44,0,0,0,0,3866,51,39,0,0,0,0,3,33.73308003207021,136.004619,,,,,,,,,,,,,205,red,3778,3956,7734
86,,6111100,1,20260823,8470,481,0,0,0,0,0,8467,356,0,0,0,0,0,3,34.29138892285263,135.3613889,,,,,,,,,,,,,205,red,8951,8823,17774
87,,7110040,1,20260823,8221,636,0,0,0,0,0,8118,563,0,0,0,0,0,3,34.51540182315934,133.565914,,,,,,,,,,,,,205,red,8857,8681,17538
87,,7110090,1,20260823,10331,934,0,0,0,0,0,9582,808,0,0,0,0,0,3,34.076861142554975,131.3867222,,,,,,,,,,,,,205,red,11265,10390,21655
87,,7110140,1,20260823,7652,351,0,0,0,0,0,7590,311,0,0,0,0,0,3,35.42972217436492,133.16019770000003,,,,,,,,,,,,,205,red,8003,7901,15904
87,,7110150,1,20260823,8836,356,0,0,0,0,0,8942,323,0,0,0,0,0,3,35.41501435434614,132.9291201,,,,,,,,,,,,,205,red,9192,9265,18457
87,,7110160,1,20260823,2459,68,0,0,0,0,0,2473,77,0,0,0,0,0,3,35.220801104096246,132.5117898,,,,,,,,,,,,,205,red,2527,2550,5077
87,,7110170,1,20260823,672,24,0,0,0,0,0,654,29,0,0,0,0,0,3,34.75449303348189,131.907185,,,,,,,,,,,,,205,red,696,683,1379
87,,7110180,1,20260823,1999,79,0,0,0,0,0,1854,121,0,0,0,0,0,3,34.42694447303873,131.76016670000004,,,,,,,,,,,,,205,red,2078,1975,4053
87,,7110210,1,20260823,5755,246,0,0,0,0,0,6396,219,0,0,0,0,0,3,34.8389208935946,133.9257149,,,,,,,,,,,,,205,red,6001,6615,12616
87,,7110240,1,20260823,5036,317,0,0,0,0,0,4688,258,0,0,0,0,0,3,34.684982133388644,133.784738,,,,,,,,,,,,,205,red,5353,4946,10299
87,,7110260,1,20260823,1061,41,0,0,0,129,0,3448,62,0,0,0,0,0,3,33.97988891241918,132.1977222,,,,,,,,,,,,,205,red,1102,3510,4612
87,,7110270,1,20260823,1841,120,0,0,0,0,0,1800,85,0,0,0,0,0,3,34.65950003335435,131.6773889,,,,,,,,,,,,,205,red,1961,1885,3846
87,,7110280,1,20260823,3426,152,0,0,0,0,0,3266,149,0,0,0,0,0,3,34.419861143029046,131.4097778,,,,,,,,,,,,,205,red,3578,3415,6993
87,,7110290,1,20260823,5792,99,0,0,0,0,0,5575,89,0,0,0,0,0,3,34.371805582963226,131.1861389,,,,,,,,,,,,,205,red,5891,5664,11555
87,,7110320,1,20260823,6076,114,0,0,0,0,0,6117,98,0,0,0,0,0,3,33.95763808238793,132.1366533,,,,,,,,,,,,,205,red,6190,6215,12405
87,,7310110,1,20260823,8054,306,0,0,0,0,0,8319,248,0,0,0,0,0,3,35.39772612432404,132.8747235,,,,,,,,,,,,,205,red,8360,8567,16927
87,,7310120,1,20260823,4567,664,0,0,0,0,0,4349,227,0,0,0,0,0,3,35.068629523897954,132.3222435,,,,,,,,,,,,,205,red,5231,4576,9807
87,,7310150,1,20260823,943,55,0,0,0,0,0,883,42,0,0,0,0,0,3,34.9738037337733,132.7317309,,,,,,,,,,,,,205,red,998,925,1923
87,,7310160,1,20260823,935,40,0,0,0,0,1,858,35,0,0,0,0,1,3,35.117460163961816,132.778337,,,,,,,,,,,,,205,red,975,893,1868
87,,7310170,1,20260823,5148,157,0,0,0,0,0,4670,151,0,0,0,0,0,3,34.705264123415894,133.7151146,,,,,,,,,,,,,205,red,5305,4821,10126
87,,7310180,1,20260823,1196,65,0,0,0,0,0,1151,37,0,0,0,0,0,3,34.38963891298768,131.3651944,,,,,,,,,,,,,205,red,1261,1188,2449
87,,7310260,1,20260823,3718,193,0,0,0,0,0,3980,197,0,0,0,0,0,3,35.132156843980994,132.4019922,,,,,,,,,,,,,205,red,3911,4177,8088
87,,7310270,1,20260823,3433,207,0,0,0,0,0,3768,194,0,0,0,0,0,3,35.08573619392036,132.3490609,,,,,,,,,,,,,205,red,3640,3962,7602
87,,7310280,1,20260823,3396,188,0,0,0,0,0,3725,199,0,0,0,0,0,3,35.076671573908484,132.335387,,,,,,,,,,,,,205,red,3584,3924,7508
87,,7310290,1,20260823,3554,276,0,0,0,0,0,2644,1557,0,0,0,0,0,3,34.88220003365212,132.0657,,,,,,,,,,,,,205,red,3830,4201,8031
87,,7310300,1,20260823,3597,187,0,0,0,0,0,3442,222,0,0,0,0,0,3,34.86980443363566,132.0662027,,,,,,,,,,,,,205,red,3784,3664,7448
87,,7310350,1,20260823,3971,210,0,0,0,0,0,3886,289,0,0,0,0,0,3,34.83580109359045,131.9999083,,,,,,,,,,,,,205,red,4181,4175,8356
87,,7310410,1,20260823,5015,466,0,0,0,0,0,5710,241,0,0,0,0,0,3,35.21593257408993,132.5144274,,,,,,,,,,,,,205,red,5481,5951,11432
87,,7310420,1,20260823,5801,257,0,0,0,0,0,5930,300,0,0,0,0,0,3,35.275470134166945,132.6201357,,,,,,,,,,,,,205,red,6058,6230,12288
87,,7310430,1,20260823,5892,198,0,0,0,0,0,5590,196,0,0,0,0,0,3,35.303833034203514,132.688667,,,,,,,,,,,,,205,red,6090,5786,11876
87,,7310440,1,20260823,5428,211,0,0,0,0,0,0,0,0,0,0,0,0,3,35.298722034196935,132.676944,,,,,,,,,,,,,205,red,5639,0,5639
87,,7310450,1,20260823,0,0,0,0,0,0,0,5141,188,0,0,0,0,0,3,35.290444034186265,132.645583,,,,,,,,,,,,,205,red,0,5329,5329
87,,7310460,1,20260823,0,0,0,0,0,205,0,3984,244,0,0,0,0,0,3,35.20082803407034,132.459905,,,,,,,,,,,,,205,red,0,4228,4228
87,,7310470,1,20260823,4213,224,0,0,0,0,0,4225,220,0,0,0,0,0,3,35.1986450340675,132.455753,,,,,,,,,,,,,205,red,4437,4445,8882
88,,8110010,1,20260823,3693,327,0,0,0,0,0,3453,174,0,0,0,0,0,3,34.2207184500313,134.411544799804,,,,,,,,,,,,,205,red,4020,3627,7647
88,,8110020,1,20260823,14784,1092,0,0,0,0,0,16009,1074,0,0,0,0,0,3,34.30277465209332,134.084776639938,,,,,,,,,,,,,205,red,15876,17083,32959
88,,8110030,1,20260823,12839,542,0,0,0,0,0,12688,502,0,0,0,0,0,3,34.29671450737887,133.946895003318,,,,,,,,,,,,,205,red,13381,13190,26571
88,,8110040,1,20260823,6828,249,0,0,0,0,0,7195,176,0,0,0,0,0,3,34.17417938671837,133.715951442718,,,,,,,,,,,,,205,red,7077,7371,14448
88,,8110050,1,20260823,6483,326,23,0,0,0,0,6038,194,9,0,0,0,0,3,33.91236267641698,133.20324182510302,,,,,,,,,,,,,205,red,6832,6241,13073
88,,8110060,1,20260823,5806,438,154,0,0,0,0,5704,237,154,0,0,0,0,3,33.82431235182997,132.984384298324,,,,,,,,,,,,,205,red,6398,6095,12493
88,,8110070,1,20260823,9047,407,0,0,0,0,0,8551,282,0,0,0,0,0,3,34.28544169692582,134.00050163269,,,,,,,,,,,,,205,red,9454,8833,18287
88,,8110080,1,20260823,3079,171,0,0,0,0,0,2987,136,0,0,0,0,0,3,34.10608825909625,133.799223303794,,,,,,,,,,,,,205,red,3250,3123,6373
88,,8110090,1,20260823,6733,350,27,0,0,0,0,6125,182,112,0,0,0,0,3,34.028957826825085,133.828164339065,,,,,,,,,,,,,205,red,7110,6419,13529
88,,8110100,1,20260823,2376,202,0,0,0,0,0,2137,137,0,0,0,0,0,3,33.950764901704936,133.764853477478,,,,,,,,,,,,,205,red,2578,2274,4852
88,,8110110,1,20260823,4023,668,0,0,0,0,0,4582,345,0,0,0,0,0,3,33.58909346194513,133.626092746853,,,,,,,,,,,,,205,red,4691,4927,9618
88,,8110115,1,20260823,6294,240,0,0,0,0,0,6066,210,0,0,0,0,0,3,33.548205918990114,133.451582193374,,,,,,,,,,,,,205,red,6534,6276,12810
88,,8110120,1,20260823,7072,261,0,0,0,0,0,6397,413,0,0,0,0,0,3,33.543133969132924,133.402808904647,,,,,,,,,,,,,205,red,7333,6810,14143
88,,8110130,1,20260823,7821,127,258,0,0,0,2,8676,166,296,0,0,0,2,3,33.7476978963593,132.791587114334,,,,,,,,,,,,,205,red,8206,9138,17344
88,,8110131,1,20260823,3793,137,0,0,0,0,0,3239,86,0,0,0,0,0,3,33.793408870729856,134.592427611351,,,,,,,,,,,,,205,red,3930,3325,7255
88,,8110140,1,20260823,2762,89,0,1,0,0,1,2325,57,0,1,0,0,1,3,33.63466659400443,134.369745254516,,,,,,,,,,,,,205,red,2851,2382,5233
88,,8110142,1,20260823,3634,112,0,0,0,0,0,3007,81,0,0,0,0,0,3,33.74774819013548,134.53964678124,,,,,,,,,,,,,205,red,3746,3088,6834
88,,8110160,1,20260823,3058,114,0,0,0,0,0,3045,68,0,0,0,0,0,3,33.53924497073882,133.738444460766,,,,,,,,,,,,,205,red,3172,3113,6285
88,,8110161,1,20260823,5647,175,0,0,0,0,0,5289,141,0,0,0,0,0,3,33.520916544031145,133.780702650547,,,,,,,,,,,,,205,red,5822,5430,11252
88,,8110162,1,20260823,6705,209,0,0,0,0,0,6561,174,0,0,0,0,0,3,33.550342371512876,133.740176352243,,,,,,,,,,,,,205,red,6914,6735,13649
88,,8110163,1,20260823,7618,232,0,0,0,0,0,7176,202,0,0,0,0,0,3,33.55352220956595,133.721816021769,,,,,,,,,,,,,205,red,7850,7378,15228
88,,8110164,1,20260823,2172,143,0,0,0,0,0,2018,158,0,0,0,0,0,3,33.57127484589016,133.574287891387,,,,,,,,,,,,,205,red,2315,2176,4491
88,,8110165,1,20260823,9251,283,0,0,0,0,0,8643,248,0,0,0,0,0,3,33.56026408468244,133.633757829666,,,,,,,,,,,,,205,red,9534,8891,18425
88,,8110166,1,20260823,9531,461,0,0,0,0,0,8479,299,0,0,0,0,0,3,33.540965031795295,133.601005,,,,,,,,,,,,,205,red,9992,8778,18770
88,,8110167,1,20260823,5825,172,0,0,0,0,0,4909,153,0,0,0,0,0,3,33.5424317654246,133.583077945611,,,,,,,,,,,,,205,red,5997,5062,11059
88,,8110168,1,20260823,7619,160,0,0,0,0,0,6255,121,0,0,0,0,0,3,33.55589303181676,133.683497,,,,,,,,,,,,,205,red,7779,6376,14155
88,,8110170,1,20260823,4748,205,0,0,0,0,0,4246,566,0,0,0,0,0,3,33.485055031714765,133.373125,,,,,,,,,,,,,205,red,4953,4812,9765
88,,8110171,1,20260823,4540,235,0,0,0,0,0,4162,140,0,0,0,0,0,3,33.40395558523113,133.288643360137,,,,,,,,,,,,,205,red,4775,4302,9077
88,,8110172,1,20260823,2976,966,0,0,0,0,0,3450,377,0,0,0,0,0,3,33.39236677628474,133.278601169586,,,,,,,,,,,,,205,red,3942,3827,7769
88,,8110174,1,20260823,3445,222,0,0,0,0,0,3416,129,0,0,0,0,0,3,33.18330330083646,133.144855499267,,,,,,,,,,,,,205,red,3667,3545,7212
88,,8110180,1,20260823,737,32,0,0,0,0,0,762,26,0,0,0,0,0,3,33.35817590038214,133.253152370452,,,,,,,,,,,,,205,red,769,788,1557
88,,8110181,1,20260823,2476,89,0,0,0,0,0,2498,107,0,0,0,0,0,3,32.974388919857596,132.933138888889,,,,,,,,,,,,,205,red,2565,2605,5170
88,,8110182,1,20260823,3953,101,0,0,0,0,0,3892,128,0,0,0,0,0,3,32.96811114207051,132.872277777778,,,,,,,,,,,,,205,red,4054,4020,8074
88,,8110183,1,20260823,2815,68,0,0,0,0,0,2743,83,0,0,0,0,0,3,32.95902780872377,132.776972222222,,,,,,,,,,,,,205,red,2883,2826,5709
88,,8110190,1,20260823,2348,58,0,0,0,0,1,2361,68,0,0,0,0,1,3,32.96996536793415,132.68920719623503,,,,,,,,,,,,,205,red,2406,2429,4835
88,,8110191,1,20260823,2957,98,0,0,0,0,0,3220,136,0,0,0,0,0,3,33.13903103121127,132.517477,,,,,,,,,,,,,205,red,3055,3356,6411
88,,8110192,1,20260823,4299,137,0,0,0,0,0,4876,169,0,0,0,0,0,3,33.14590213224344,132.52205863595,,,,,,,,,,,,,205,red,4436,5045,9481
88,,8110200,1,20260823,2034,39,0,0,0,0,0,1883,71,0,0,0,0,0,3,33.325562031483756,132.5285,,,,,,,,,,,,,205,red,2073,1954,4027
88,,8110210,1,20260823,13605,205,579,0,0,0,0,13362,191,580,0,0,0,0,3,33.81637909326473,132.744826823472,,,,,,,,,,,,,205,red,14389,14133,28522
88,,8110231,1,20260823,5256,121,0,0,0,0,0,4798,105,0,0,0,0,0,3,34.03847794648641,134.520513564348,,,,,,,,,,,,,205,red,5377,4903,10280
88,,8110232,1,20260823,5945,116,0,0,0,0,0,6690,132,0,0,0,0,0,3,34.04120064204002,134.531005024909,,,,,,,,,,,,,205,red,6061,6822,12883
88,,8110240,1,20260823,5948,193,0,0,0,0,0,6399,179,0,0,0,0,0,3,34.03149633348104,132.829599380493,,,,,,,,,,,,,205,red,6141,6578,12719
88,,8110250,1,20260823,5230,141,0,0,0,0,0,5178,143,0,0,0,0,0,3,33.93004373774009,133.094837665557,,,,,,,,,,,,,205,red,5371,5321,10692
88,,8111021,1,20260823,5215,143,0,0,0,0,0,5167,133,0,0,0,0,0,3,33.50191403173908,133.309236,,,,,,,,,,,,,205,red,5358,5300,10658
88,,8160020,1,20260823,5331,289,0,0,0,0,0,5000,184,0,0,0,0,0,1,33.331092031491806,133.206098,,,,,,,,,,,,,205,red,5620,5184,10804
88,,8160030,1,20260823,4749,260,0,0,0,0,0,4475,167,0,0,0,0,0,1,33.23544203135242,133.159939,,,,,,,,,,,,,205,red,5009,4642,9651
88,,8160040,1,20260823,6618,194,0,0,0,0,0,6314,265,0,0,0,0,0,1,33.24742026280611,132.570131868124,,,,,,,,,,,,,205,red,6812,6579,13391
88,,8160050,1,20260823,7487,225,0,0,0,0,0,7288,306,0,0,0,0,0,1,33.33622666521378,132.557060122489,,,,,,,,,,,,,205,red,7712,7594,15306
88,,8160060,1,20260823,4010,244,0,0,0,0,0,3868,186,0,0,0,0,0,1,34.056139032526026,134.588624,,,,,,,,,,,,,205,red,4254,4054,8308
88,,8310010,1,20260823,14059,433,11,0,0,0,0,14177,598,25,0,0,0,0,3,34.152121047215225,134.579402804374,,,,,,,,,,,,,205,red,14503,14800,29303
88,,8310020,1,20260823,5239,1898,0,0,0,0,0,7157,155,0,0,0,0,0,3,34.335875041773484,134.151295423507,,,,,,,,,,,,,205,red,7137,7312,14449
88,,8310030,1,20260823,7891,122,533,0,0,0,0,8689,101,154,0,0,0,0,3,33.79997204409725,132.86443054676,,,,,,,,,,,,,205,red,8546,8944,17490
88,,8310040,1,20260823,13165,623,0,0,0,0,0,12634,504,0,0,0,0,0,3,34.239532652899726,133.895906209945,,,,,,,,,,,,,205,red,13788,13138,26926
88,,8310050,1,20260823,1188,364,0,0,0,0,0,1283,131,0,0,0,0,0,3,33.797668032162,133.760304,,,,,,,,,,,,,205,red,1552,1414,2966
88,,8310060,1,20260823,1346,33,0,0,0,0,0,1256,45,0,0,0,0,0,3,33.54154672048833,133.042341470718,,,,,,,,,,,,,205,red,1379,1301,2680
88,,8310061,1,20260823,9301,527,0,0,0,0,0,9700,523,0,0,0,0,0,3,33.80675451706518,132.745272070169,,,,,,,,,,,,,205,red,9828,10223,20051
88,,8310062,1,20260823,4963,419,0,0,0,0,0,5093,423,0,0,0,0,0,3,33.814776032186245,132.720319,,,,,,,,,,,,,205,red,5382,5516,10898
88,,8310070,1,20260823,16117,358,10,0,0,0,0,17702,282,1,0,0,0,0,3,34.0102656781917,134.566428959369,,,,,,,,,,,,,205,red,16485,17985,34470
88,,8310080,1,20260823,8477,263,0,0,0,0,0,8958,267,0,0,0,0,0,3,33.9732071371816,134.633932113647,,,,,,,,,,,,,205,red,8740,9225,17965
88,,8310100,1,20260823,4310,191,0,0,0,0,0,4613,145,0,0,0,0,0,3,33.03511096021447,133.027331829071,,,,,,,,,,,,,205,red,4501,4758,9259
88,,8310110,1,20260823,4188,113,0,0,0,0,0,3737,160,0,0,0,0,0,3,33.4066250316014,132.509843,,,,,,,,,,,,,205,red,4301,3897,8198
88,,8310120,1,20260823,11084,438,0,0,0,0,0,11304,548,0,0,0,0,0,3,33.504510031742804,132.56675,,,,,,,,,,,,,205,red,11522,11852,23374
88,,8310130,1,20260823,1160,42,0,0,0,0,0,5032,192,0,0,0,0,0,3,33.53462955300938,132.597781419754,,,,,,,,,,,,,205,red,1202,5224,6426
88,,8310140,1,20260823,4661,125,0,0,0,0,0,3994,196,0,0,0,0,0,3,33.6125750318981,132.68712,,,,,,,,,,,,,205,red,4786,4190,8976
88,,8310150,1,20260823,2402,117,0,0,0,0,0,2798,250,0,0,0,0,0,3,34.0401782523243,134.018440246582,,,,,,,,,,,,,205,red,2519,3048,5567
88,,8310160,1,20260823,8735,102,119,0,0,0,2,8072,94,125,0,0,0,2,3,33.89056122326423,132.757075130939,,,,,,,,,,,,,205,red,8956,8291,17247
89,,9110010,1,20260823,8597,205,0,0,0,0,0,8940,259,0,0,0,0,0,3,33.86399103225591,130.750068,,,,,,,,,,,,,205,red,8802,9199,18001
89,,9110030,1,20260823,18172,684,0,0,0,0,0,20071,553,0,0,0,0,0,3,32.75695803064553,130.688122,,,,,,,,,,,,,205,red,18856,20624,39480
89,,9110040,1,20260823,7584,655,0,0,0,0,0,7189,579,0,0,0,0,0,3,32.565580030358504,130.688167,,,,,,,,,,,,,205,red,8239,7768,16007
89,,9110050,1,20260823,7857,606,0,0,0,0,0,7170,456,0,0,0,0,0,3,32.50104503026118,130.627862,,,,,,,,,,,,,205,red,8463,7626,16089
89,,9110060,1,20260823,4442,342,0,0,0,0,0,4588,319,0,0,0,0,0,3,31.848210029262603,130.249002,,,,,,,,,,,,,205,red,4784,4907,9691
89,,9110070,1,20260823,3299,81,0,0,0,0,0,3373,75,0,0,0,0,0,3,31.65408502896101,130.444438,,,,,,,,,,,,,205,red,3380,3448,6828
89,,9110110,1,20260823,23059,463,186,0,0,0,0,21665,1860,317,0,0,0,0,3,33.248593781371625,131.5788746,,,,,,,,,,,,,205,red,23708,23842,47550
89,,9110120,1,20260823,192,6,0,0,0,0,0,194,3,0,0,0,0,0,3,32.83826903076675,131.716873,,,,,,,,,,,,,205,red,198,197,395
89,,9110140,1,20260823,6857,400,0,0,0,0,0,5783,365,0,0,0,0,0,3,32.26510002990319,131.560352,,,,,,,,,,,,,205,red,7257,6148,13405
89,,9110150,1,20260823,3111,184,0,0,0,0,0,3100,230,0,0,0,0,0,3,31.853840029271314,131.136144,,,,,,,,,,,,,205,red,3295,3330,6625
89,,9110160,1,20260823,5672,302,26,0,0,0,0,5237,331,15,0,0,0,0,3,31.710555029048958,130.774553,,,,,,,,,,,,,205,red,6000,5583,11583
89,,9110190,1,20260823,7095,497,0,0,0,0,0,6592,456,0,0,0,0,0,3,33.3577350315305,130.488663,,,,,,,,,,,,,205,red,7592,7048,14640
89,,9110200,1,20260823,8208,195,0,0,0,0,0,7559,156,0,0,0,0,0,3,33.19609887129489,130.0312792,,,,,,,,,,,,,205,red,8403,7715,16118
89,,9110230,1,20260823,2989,175,0,0,0,0,0,2716,173,0,0,0,0,0,3,32.95195803093551,131.35466,,,,,,,,,,,,,205,red,3164,2889,6053
89,,9110240,1,20260823,8040,301,0,0,0,0,0,8226,284,0,0,0,0,0,3,33.669370031979355,130.847832,,,,,,,,,,,,,205,red,8341,8510,16851
89,,9110280,1,20260823,6092,183,0,0,0,0,0,5529,179,0,0,0,0,0,3,33.34785503151616,130.0187991,,,,,,,,,,,,,205,red,6275,5708,11983
89,,9110290,1,20260823,5730,131,0,0,0,0,0,6269,126,0,0,0,0,0,3,32.97125925096407,130.445357,,,,,,,,,,,,,205,red,5861,6395,12256
89,,9110300,1,20260823,5739,147,0,0,0,0,0,5668,164,0,0,0,0,0,3,33.14141103121475,130.470721,,,,,,,,,,,,,205,red,5886,5832,11718
89,,9110335,1,20260823,3214,64,0,0,0,0,0,2988,82,0,0,0,0,0,3,31.396273028557452,130.783657,,,,,,,,,,,,,205,red,3278,3070,6348
89,,9110340,1,20260823,4868,190,0,0,0,0,0,4283,180,0,0,0,0,0,3,31.452851608646302,130.7281932,,,,,,,,,,,,,205,red,5058,4463,9521
89,,9310003,1,20260823,7479,458,0,0,0,0,0,10033,509,0,0,0,0,0,3,33.947867982374184,130.968647,,,,,,,,,,,,,205,red,7937,10542,18479
89,,9310015,1,20260823,18241,1263,0,0,0,0,0,19610,1351,0,0,0,0,0,3,33.44660203165923,130.540337,,,,,,,,,,,,,205,red,19504,20961,40465
89,,9310017,1,20260823,7549,333,0,0,0,0,0,7422,332,0,0,0,0,0,3,33.323489031480754,130.523608,,,,,,,,,,,,,205,red,7882,7754,15636
89,,9310020,1,20260823,3420,302,0,0,0,0,0,3255,268,0,0,0,0,0,3,33.11458003117534,130.669176,,,,,,,,,,,,,205,red,3722,3523,7245
89,,9310035,1,20260823,988,22,0,0,0,0,0,1038,58,0,0,0,0,0,3,32.406040030117445,130.555735,,,,,,,,,,,,,205,red,1010,1096,2106
89,,9310045,1,20260823,5169,246,0,0,0,0,0,5391,198,0,0,0,0,0,3,32.16215502974594,130.36789,,,,,,,,,,,,,205,red,5415,5589,11004
89,,9310050,1,20260823,5491,97,18,0,0,0,0,5103,64,27,0,0,0,0,3,31.714213029054637,130.275752,,,,,,,,,,,,,205,red,5606,5194,10800
89,,9310060,1,20260823,3909,301,92,45,0,0,11,3886,229,15,45,0,0,11,3,32.38562876008649,130.5414069,,,,,,,,,,,,,205,red,4302,4130,8432
89,,9310070,1,20260823,0,0,6701,0,0,205,205,6291,315,101,0,0,0,205,3,31.702321029036145,130.297006,,,,,,,,,,,,,205,red,6701,6707,13408
89,,9310080,1,20260823,9756,300,0,0,0,0,0,9247,257,0,0,0,0,0,3,33.80588903217365,130.960473,,,,,,,,,,,,,205,red,10056,9504,19560
89,,9310085,1,20260823,8337,225,0,0,0,0,0,8194,172,0,0,0,0,0,3,33.54594303180245,131.283198,,,,,,,,,,,,,205,red,8562,8366,16928
89,,9310090,1,20260823,6823,224,0,0,0,0,0,7859,239,0,0,0,0,0,3,33.38094503156419,131.540397,,,,,,,,,,,,,205,red,7047,8098,15145
89,,9310100,1,20260823,14468,514,0,0,0,0,0,13881,479,0,0,0,0,0,3,33.15920703124086,131.651922,,,,,,,,,,,,,205,red,14982,14360,29342
89,,9310115,1,20260823,7776,617,0,0,0,0,0,7055,592,0,0,0,0,0,3,31.726570029073855,131.023972,,,,,,,,,,,,,205,red,8393,7647,16040
89,,9310120,1,20260823,12770,494,0,0,0,0,0,11254,456,0,0,0,0,0,3,31.705779029041526,130.613215,,,,,,,,,,,,,205,red,13264,11710,24974
89,,9310125,1,20260823,11048,400,0,0,0,0,0,10568,330,0,0,0,0,0,3,33.21761616132637,130.1637701,,,,,,,,,,,,,205,red,11448,10898,22346
89,,9310127,1,20260823,3945,2222,0,0,0,0,0,6540,551,0,0,0,0,0,3,32.91326503087817,130.976239,,,,,,,,,,,,,205,red,6167,7091,13258
89,,9310130,1,20260823,12846,343,0,0,0,0,0,12445,350,0,0,0,0,0,3,32.8754950308221,130.867355,,,,,,,,,,,,,205,red,13189,12795,25984
89,,9310140,1,20260823,17836,745,0,0,0,0,0,17770,576,0,0,0,0,0,3,32.820198990739854,130.7572925,,,,,,,,,,,,,205,red,18581,18346,36927
89,,9310150,1,20260823,6446,1084,0,0,0,0,0,4154,2833,0,0,0,0,0,3,32.6779330305273,130.55327,,,,,,,,,,,,,205,red,7530,6987,14517
89,,9310155,1,20260823,4889,92,0,0,0,0,0,6344,113,0,0,0,0,0,3,32.76467203065704,130.370667,,,,,,,,,,,,,205,red,4981,6457,11438
89,,9310156,1,20260823,7007,122,0,0,0,0,0,6997,139,0,0,0,0,0,3,32.78536503068792,130.199594,,,,,,,,,,,,,205,red,7129,7136,14265
89,,9310157,1,20260823,6241,259,0,0,0,0,0,5600,191,0,0,0,0,0,3,33.06696517110531,131.6229634,,,,,,,,,,,,,205,red,6500,5791,12291
89,,9310159,1,20260823,3191,190,0,0,0,0,0,2722,167,0,0,0,0,0,3,32.997429031002746,131.434075,,,,,,,,,,,,,205,red,3381,2889,6270
89,,9310165,1,20260823,9164,2620,0,0,0,0,0,9973,910,0,0,0,0,0,3,33.62969103192261,130.442657,,,,,,,,,,,,,205,red,11784,10883,22667
89,,9310174,1,20260823,17522,970,0,0,0,0,0,15616,560,0,0,0,0,0,3,33.6275850319196,130.703907,,,,,,,,,,,,,205,red,18492,16176,34668
89,,9310181,1,20260823,5932,147,0,0,0,0,0,5909,123,0,0,0,0,0,3,33.230906841345785,130.3350523,,,,,,,,,,,,,205,red,6079,6032,12111
89,,9310184,1,20260823,8568,180,0,0,0,0,0,8010,440,0,0,0,0,0,3,32.918079150885305,130.6264597,,,,,,,,,,,,,205,red,8748,8450,17198
89,,9310185,1,20260823,2219,57,0,0,0,0,205,0,0,0,0,0,205,205,3,33.37000946154832,129.9447181,,,,,,,,,,,,,205,red,2276,0,2276
89,,9310187,1,20260823,11834,422,0,0,0,0,0,12245,472,0,0,0,0,0,3,33.504396031742644,130.111167,,,,,,,,,,,,,205,red,12256,12717,24973
89,,9310188,1,20260823,5012,210,0,0,0,0,0,4831,180,0,0,0,0,0,3,33.3383090315023,130.64702,,,,,,,,,,,,,205,red,5222,5011,10233
89,,9310189,1,20260823,710,50,0,0,0,0,145,717,45,0,0,0,0,145,3,33.06535003110294,129.833592,,,,,,,,,,,,,205,red,760,762,1522
89,,9310191,1,20260823,8354,264,0,0,0,0,0,8511,359,0,0,0,0,0,3,33.18514003127884,130.387366,,,,,,,,,,,,,205,red,8618,8870,17488
89,,9310192,1,20260823,6816,260,0,0,0,0,0,4274,2801,0,0,0,0,0,3,33.20214803130375,130.361827,,,,,,,,,,,,,205,red,7076,7075,14151
89,,9310193,1,20260823,3711,2641,0,0,0,0,0,6377,312,2,0,0,1,0,3,33.20855403131311,130.343385,,,,,,,,,,,,,205,red,6352,6691,13043
89,,9310195,1,20260823,7522,213,0,0,0,0,0,6615,136,0,0,0,0,0,3,33.32086003147692,130.863524,,,,,,,,,,,,,205,red,7735,6751,14486
89,,9310200,1,20260823,2963,126,0,0,0,0,0,3084,125,0,0,0,0,0,3,33.250128031373855,131.295812,,,,,,,,,,,,,205,red,3089,3209,6298
89,,9310205,1,20260823,5624,247,0,0,0,0,0,6253,215,0,0,0,0,0,3,33.19671903129579,131.498216,,,,,,,,,,,,,205,red,5871,6468,12339
89,,9310210,1,20260823,10053,312,0,0,0,0,0,9529,209,0,0,0,0,0,3,31.816050029212782,131.442962,,,,,,,,,,,,,205,red,10365,9738,20103
89,,9310217,1,20260823,3225,76,0,0,0,0,0,3239,87,0,0,0,0,0,3,31.417765998591218,130.99969040000002,,,,,,,,,,,,,205,red,3301,3326,6627
89,,9310218,1,20260823,5830,137,0,0,0,0,0,6216,159,0,0,0,0,0,3,31.377286028527593,130.545285,,,,,,,,,,,,,205,red,5967,6375,12342
89,,9310219,1,20260823,2103,60,0,0,0,0,0,1829,58,0,0,0,0,0,3,31.56571802882308,130.617867,,,,,,,,,,,,,205,red,2163,1887,4050
89,,9310220,1,20260823,7076,281,0,0,0,0,0,6964,270,0,0,0,0,0,3,33.43104381163675,130.0480662,,,,,,,,,,,,,205,red,7357,7234,14591
89,,9310470,1,20260823,3354,282,20,0,0,0,0,3368,204,33,0,0,0,0,3,32.24423502987137,130.476053,,,,,,,,,,,,,205,red,3656,3605,7261
89,,9310480,1,20260823,3122,315,0,0,0,0,0,3168,243,0,0,0,0,0,3,32.21685802982958,130.428031,,,,,,,,,,,,,205,red,3437,3411,6848
89,,9310520,1,20260823,4598,169,0,0,0,0,0,4563,137,0,0,0,0,0,3,32.102630029654726,130.326106,,,,,,,,,,,,,205,red,4767,4700,9467
89,,9310530,1,20260823,5367,171,0,0,0,0,0,5120,146,0,0,0,0,0,3,32.08242202962371,130.292812,,,,,,,,,,,,,205,red,5538,5266,10804
89,,9310540,1,20260823,4889,202,0,0,0,0,0,4293,154,0,0,0,0,0,3,32.07232702960822,130.26224,,,,,,,,,,,,,205,red,5091,4447,9538
89,,9310600,1,20260823,1946,216,0,0,0,0,0,2007,144,0,0,0,0,0,3,31.84607502925929,130.257831,,,,,,,,,,,,,205,red,2162,2151,4313
89,,9310610,1,20260823,0,0,0,0,0,205,205,2030,165,0,0,0,0,205,3,31.804655029195118,130.283522,,,,,,,,,,,,,205,red,0,2195,2195
89,,9310620,1,20260823,6427,224,0,0,0,0,0,6006,226,0,0,0,0,0,3,31.759537029125095,130.304217,,,,,,,,,,,,,205,red,6651,6232,12883
89,,9310627,1,20260823,6527,283,0,0,0,0,0,6561,246,0,0,0,0,0,3,33.46078103167972,130.044889,,,,,,,,,,,,,205,red,6810,6807,13617
89,,9310630,1,20260823,6215,296,0,0,0,0,0,5894,252,0,0,0,0,0,3,33.414414111612686,129.9958886,,,,,,,,,,,,,205,red,6511,6146,12657
89,,9310640,1,20260823,7073,298,0,0,0,0,0,6991,222,0,0,0,0,0,3,33.391371311579306,129.9347973,,,,,,,,,,,,,205,red,7371,7213,14584
89,,9310650,1,20260823,6913,418,0,0,0,0,0,6974,241,0,0,0,0,0,3,33.37966119156232,129.933567,,,,,,,,,,,,,205,red,7331,7215,14546
89,,9310660,1,20260823,5329,172,0,0,0,0,0,5512,138,0,0,0,0,0,3,33.30074103144764,129.915058,,,,,,,,,,,,,205,red,5501,5650,11151
89,,9310710,1,20260823,0,0,0,0,0,205,205,3294,423,0,0,0,0,205,3,33.323471851480726,129.8060041,,,,,,,,,,,,,205,red,0,3717,3717
89,,9310730,1,20260823,3695,81,0,0,0,0,0,3580,100,0,0,0,0,0,3,33.34824903151674,129.729277,,,,,,,,,,,,,205,red,3776,3680,7456
89,,9310740,1,20260823,1845,72,0,0,0,0,0,1843,78,0,0,0,0,0,3,33.34295921550905,129.672585536,,,,,,,,,,,,,205,red,1917,1921,3838
89,,9360270,1,20260823,3347,304,0,0,0,0,0,3200,251,0,0,0,0,0,1,32.93848103091554,131.866353,,,,,,,,,,,,,205,red,3651,3451,7102
89,,9360280,1,20260823,3665,343,0,0,0,0,0,3521,297,0,0,0,0,0,1,32.895717030852126,131.864089,,,,,,,,,,,,,205,red,4008,3818,7826
89,,9360290,1,20260823,3268,245,0,0,0,0,0,3188,214,0,0,0,0,0,1,32.80165203071222,131.87728,,,,,,,,,,,,,205,red,3513,3402,6915
89,,9360300,1,20260823,3208,233,0,0,0,0,0,3118,207,0,0,0,0,0,1,32.72780503060196,131.827089,,,,,,,,,,,,,205,red,3441,3325,6766
89,,9360310,1,20260823,3487,239,0,0,0,0,0,3461,217,0,0,0,0,0,1,32.708018030572354,131.811346,,,,,,,,,,,,,205,red,3726,3678,7404
89,,9360320,1,20260823,3768,252,0,0,0,0,0,3776,222,0,0,0,0,0,1,32.66071403050147,131.702707,,,,,,,,,,,,,205,red,4020,3998,8018
89,,9360330,1,20260823,3677,290,0,0,0,0,0,3612,256,0,0,0,0,0,3,32.67533903052341,131.725922,,,,,,,,,,,,,205,red,3967,3868,7835
89,,9360340,1,20260823,6369,380,0,0,0,0,0,6674,328,0,0,0,0,0,3,32.544601030326895,131.648426,,,,,,,,,,,,,205,red,6749,7002,13751
89,,9360350,1,20260823,4857,117,0,0,0,0,0,4825,108,0,0,0,0,0,1,31.69283102902137,131.379337,,,,,,,,,,,,,205,red,4974,4933,9907
89,,9360360,1,20260823,4754,148,0,0,0,0,0,4709,116,0,0,0,0,0,1,31.626655028918243,131.387644,,,,,,,,,,,,,205,red,4902,4825,9727
89,,9360380,1,20260823,2075,100,0,0,0,0,0,1949,76,0,0,0,0,0,1,31.48338302869418,131.081995,,,,,,,,,,,,,205,red,2175,2025,4200
89,,9360385,1,20260823,2450,119,0,0,0,0,0,2411,117,0,0,0,0,0,1,31.46605602866702,131.053459,,,,,,,,,,,,,205,red,2569,2528,5097
89,,9360390,1,20260823,2604,112,0,0,0,0,0,2669,124,0,0,0,0,0,1,31.445310028634466,130.99415,,,,,,,,,,,,,205,red,2716,2793,5509
89,,9360400,1,20260823,4617,251,0,0,0,0,0,4229,281,0,0,0,0,0,1,31.466282028667365,130.90009,,,,,,,,,,,,,205,red,4868,4510,9378
89,,9360410,1,20260823,4000,227,0,0,0,0,0,3785,286,0,0,0,0,0,1,31.521020028753135,130.93081,,,,,,,,,,,,,205,red,4227,4071,8298
89,,9360420,1,20260823,4026,235,0,0,0,0,0,3826,281,0,0,0,0,0,1,31.615248748900434,130.9538662,,,,,,,,,,,,,205,red,4261,4107,8368
89,,9360430,1,20260823,3646,172,0,0,0,0,0,3143,171,0,0,0,0,0,1,32.749633030634584,130.866625,,,,,,,,,,,,,205,red,3818,3314,7132
89,,9360440,1,20260823,3716,166,0,0,0,0,0,3258,136,0,0,0,0,0,1,32.741409030622286,130.89194,,,,,,,,,,,,,205,red,3882,3394,7276
89,,9360443,1,20260823,3465,117,0,0,0,0,0,3034,105,0,0,0,0,0,1,32.73097603060669,130.938429,,,,,,,,,,,,,205,red,3582,3139,6721
89,,9360465,1,20260823,3472,126,0,0,0,0,0,3467,108,0,0,0,0,0,3,32.69277003054952,131.345815,,,,,,,,,,,,,205,red,3598,3575,7173
89,,9360467,1,20260823,3558,150,0,0,0,0,0,3602,148,0,0,0,0,0,3,32.67691003052576,131.36226,,,,,,,,,,,,,205,red,3708,3750,7458
89,,9360470,1,20260823,3746,118,0,0,0,0,0,3996,133,0,0,0,0,0,3,32.587591030391636,131.509484,,,,,,,,,,,,,205,red,3864,4129,7993
90,,10110010,1,20260823,10159,204,0,0,0,0,0,10320,207,0,0,0,0,0,3,26.525846020561954,127.924665,,,,,,,,,,,,,205,red,10363,10527,20890
90,,10110030,1,20260823,23758,382,0,0,0,0,0,24608,452,0,0,0,0,0,3,26.27496950463181,127.741287946701,,,,,,,,,,,,,205,red,24140,25060,49200
90,,10110040,1,20260823,5425,62,0,0,0,0,0,5457,72,0,0,0,0,0,3,26.47501802047749,127.955092,,,,,,,,,,,,,205,red,5487,5529,11016
90,,10110060,1,20260823,12917,541,0,1,0,0,1,12676,405,0,1,0,0,1,3,26.28023651673024,127.81364321708601,,,,,,,,,,,,,205,red,13458,13081,26539
90,,10110070,1,20260823,12665,353,0,0,0,0,0,12478,393,0,0,0,0,0,3,26.200277295979053,127.66189455985999,,,,,,,,,,,,,205,red,13018,12871,25889
90,,10110090,1,20260823,17221,541,0,0,0,0,0,17634,450,0,0,0,0,0,3,26.1754430532393,127.706499695777,,,,,,,,,,,,,205,red,17762,18084,35846
81,02,1810010,1,20260823,7612,587,0,,,,,0,0,0,,,,,3,41.996809040234545,140.63609,,,0,0,0,0,0,0,0,0,0,0,202,blue,8199,0,8199
81,02,1810020,1,20260823,4790,376,0,,,,,5185,343,0,,,,,3,42.079752040271956,140.596961,,,0,0,0,0,0,0,0,0,0,0,202,blue,5166,5528,10694
81,02,1810030,1,20260823,,,,,,,,,,,,,,,3,42.18194404031664,140.438889,,,1,0,0,0,0,0,0,0,0,0,202,blue,0,0,0
81,02,1810040,1,20260823,,,,,,,,,,,,,,,3,42.21583304033111,140.385,,,1,0,0,0,0,2,2,0,0,0,202,blue,0,0,0
81,02,1810050,1,20260823,2397,180,0,,,,,2363,221,0,,,,,3,42.29972204036625,140.271667,,,0,0,0,0,0,0,0,0,0,2,202,blue,2577,2584,5161
81,03,1810060,1,20260823,912,73,0,,,,,1099,69,0,,,,,3,42.70250004052043,140.42222,,,0,0,0,0,0,0,0,0,0,0,202,blue,985,1168,2153
81,03,1810070,1,20260823,1397,69,0,,,,,1533,110,0,,,,,3,42.805277040555936,140.52666,,,0,0,0,0,0,0,0,0,0,0,202,blue,1466,1643,3109
81,03,1810080,1,20260823,832,76,0,,,,,513,41,0,,,,,3,42.79952604055398,140.700552,,,0,0,0,0,0,0,0,0,0,136,202,blue,908,554,1462
81,03,1810100,1,20260823,4859,313,0,,,,,4471,342,0,,,,,3,43.037777040630445,140.678611,,,0,0,0,0,0,0,0,0,0,0,202,blue,5172,4813,9985
81,03,1810110,1,20260823,6525,171,0,,,,,7258,183,0,,,,,3,43.20720804067966,140.975798,,,0,0,0,0,0,0,0,0,0,0,202,blue,6696,7441,14137
81,03,1810120,1,20260823,12366,216,0,,,,,14430,230,0,,,,,3,43.177556040671355,141.041001,,,0,0,0,0,0,0,0,0,0,0,202,blue,12582,14660,27242
81,02,1810130,1,20260823,9285,310,0,,,,,7657,289,0,,,,,3,41.88166704018098,140.720833,,,0,0,0,0,0,0,0,0,0,0,202,blue,9595,7946,17541
81,02,1810140,1,20260823,3855,171,0,,,,,6349,256,0,,,,,3,41.922053040199984,140.673037,,,0,0,0,0,0,0,0,0,0,0,202,blue,4026,6605,10631
81,01,1810160,1,20260823,2322,73,0,,,,,3176,59,0,,,,,3,43.575214040771755,141.936064,,,0,0,0,0,0,0,0,0,0,0,202,blue,2395,3235,5630
81,04,1810180,1,20260823,4423,167,0,,,,,12203,697,0,,,,,3,43.75523899023857,142.273832256632,,,0,0,0,0,0,0,0,0,0,0,202,blue,4590,12900,17490
81,01,1810200,1,20260823,,,,,,,,,,,,,,,3,42.92800104059627,141.532244,,,1,0,0,0,0,0,0,0,0,4,202,blue,0,0,0
81,01,1810210,1,20260823,5486,207,0,,,,,2668,129,0,,,,,3,42.86212604057491,141.599922,,,0,0,0,0,0,0,0,0,0,3,202,blue,5693,2797,8490
81,05,1810220,1,20260823,10623,582,0,,,,,9792,452,0,,,,,3,42.736385040532305,141.709144,,,0,0,0,0,0,0,0,0,0,0,202,blue,11205,10244,21449
81,05,1810240,1,20260823,5790,185,0,,,,,6163,127,0,,,,,3,42.44474904042452,141.159993,,,0,0,0,0,0,0,0,0,0,0,202,blue,5975,6290,12265
81,05,1810250,1,20260823,8372,88,0,,,,,7275,86,0,,,,,3,42.32896604037825,140.996368,,,0,0,0,0,0,0,0,0,0,0,202,blue,8460,7361,15821
81,02,1810260,1,20260823,2106,110,0,,,,,1795,102,0,,,,,3,42.59861104048294,140.461667,,,0,0,0,0,0,0,0,0,0,0,202,blue,2216,1897,4113
81,05,1810270,1,20260823,2465,171,0,,,,,1991,186,0,,,,,3,42.59319704048096,140.520753,,,0,0,0,0,0,0,0,0,0,0,202,blue,2636,2177,4813
81,05,1810280,1,20260823,2501,169,0,,,,,2008,173,0,,,,,3,42.59372804048115,140.535945,,,0,0,0,0,0,0,0,0,0,0,202,blue,2670,2181,4851
81,05,1810290,1,20260823,106,1,0,,,,,1609,102,0,,,,,3,42.56267604046962,140.742626,,,0,0,0,0,0,0,0,0,0,0,202,blue,107,1711,1818
81,01,1810310,1,20260823,,,,,,,,,,,,,,,3,43.57408404077149,141.983838,,,1,,,,,,,,,,202,blue,0,0,0
81,01,1810320,1,20260823,,,,,,,,,,,,,,,3,43.47080004074768,142.266721,,,1,,,,,,,,,,202,blue,0,0,0
81,04,1810350,1,20260823,1157,43,0,,,,,1105,45,0,,,,,3,43.197272411385796,142.57548514343702,,,0,0,0,0,0,0,0,0,0,77,202,blue,1200,1150,2350
81,07,1810360,1,20260823,1308,54,0,,,,,1340,63,0,,,,,3,43.15712704066555,142.786825,,,0,0,0,0,0,0,0,0,0,2,202,blue,1362,1403,2765
81,07,1810370,1,20260823,1502,97,0,,,,,1439,82,0,,,,,3,42.814306040558975,143.51125,,,0,0,0,0,0,0,0,0,0,0,202,blue,1599,1521,3120
81,07,1810380,1,20260823,,,,,,,,,,,,,,,3,42.82083104056116,143.71063,,,1,0,0,0,0,0,0,0,0,0,202,blue,0,0,0
81,06,1810390,1,20260823,,,,,,,,,,,,,,,3,42.86448904057567,143.874907,,,1,0,0,0,0,0,0,0,0,0,202,blue,0,0,0
81,06,1810400,1,20260823,,,,,,,,,,,,,,,3,43.00508004062045,144.254672,,,1,0,0,0,0,0,0,0,0,0,202,blue,0,0,0
81,06,1810410,1,20260823,,,,,,,,,,,,,,,3,43.0195510406249,144.257695,,,1,0,0,0,0,0,0,0,0,0,202,blue,0,0,0
81,06,1810420,1,20260823,5435,193,0,,,,,5725,101,0,,,,,3,43.00768404062126,144.364725,,,0,0,0,0,0,0,0,0,0,0,202,blue,5628,5826,11454
81,04,1810430,1,20260823,1250,66,0,,,,,1032,39,0,,,,,3,43.89533772001418,142.522262332469,,,0,0,0,0,0,0,0,0,0,0,202,blue,1316,1071,2387
81,08,1810460,1,20260823,2721,106,0,,,,,2544,108,0,,,,,3,43.88484504083343,144.001818,,,0,0,0,0,0,1,1,0,0,57,202,blue,2827,2652,5479
81,08,1810480,1,20260823,,,,,,,,,,,,,,,3,43.91366204083846,144.156572,,,1,0,0,0,0,0,0,0,0,30,202,blue,0,0,0
81,04,1810490,1,20260823,3256,156,0,,,,,3046,181,0,,,,,3,43.84734151228824,142.449476813803,,,0,0,0,0,0,0,0,0,0,3,202,blue,3412,3227,6639
81,04,1810500,1,20260823,2194,110,0,,,,,2151,82,0,,,,,3,44.091634905591874,142.391293207353,,,0,0,0,0,0,0,0,0,0,16,202,blue,2304,2233,4537
81,04,1810510,1,20260823,876,72,0,,,,,968,49,0,,,,,3,44.70483751674948,142.274019195489,,,0,0,0,0,0,5,5,0,0,34,202,blue,948,1017,1965
81,04,1810520,1,20260823,77,4,0,,,,,75,6,0,,,,,3,44.72277804092767,142.249444,,,0,0,0,0,0,0,0,0,0,71,202,blue,81,81,162
81,09,1810530,1,20260823,575,61,0,,,,,726,62,0,,,,,3,44.89642004093388,141.953541,,,0,0,0,0,0,0,0,0,0,8,202,blue,636,788,1424
81,10,1810540,1,20260823,0,0,0,,,,,68,11,0,,,,,3,45.02095404093553,141.771843,,,0,0,0,0,0,0,0,0,0,0,202,blue,0,79,79
81,10,1810550,1,20260823,477,24,0,,,,,476,10,0,,,,,3,45.1450290409348,141.751626,,,0,0,0,0,0,0,0,0,0,20,202,blue,501,486,987
81,10,1810560,1,20260823,,,,,,,,,,,,,,,3,45.22646604093306,141.745387,,,1,,,,,,,,,,202,blue,0,0,0
81,10,1810570,1,20260823,747,70,0,,,,,962,29,0,,,,,3,45.11301904093522,141.794418,,,0,0,0,0,0,0,0,0,0,0,202,blue,817,991,1808
81,06,1810580,1,20260823,5472,106,0,,,,,5771,94,0,,,,,3,42.9878210406151,144.393418,,,0,0,0,0,0,0,0,0,0,0,202,blue,5578,5865,11443
81,06,1810590,1,20260823,,,,,,,,,,,,,,,3,43.05774504063647,144.791279,,,1,0,0,0,0,0,0,0,0,0,202,blue,0,0,0
81,06,1810600,1,20260823,3064,187,0,,,,,2876,93,0,,,,,3,43.05804004063655,144.830749,,,0,0,0,0,0,0,0,0,0,0,202,blue,3251,2969,6220
81,06,1810610,1,20260823,,,,,,,,,,,,,,,3,43.282406040700124,145.50731400000004,,,1,0,0,0,0,0,0,0,0,0,202,blue,0,0,0
81,02,1810620,1,20260823,1479,67,0,,,,,1620,43,0,,,,,3,41.95083004021339,140.45583300000004,,,0,0,0,0,0,0,0,0,0,0,202,blue,1546,1663,3209
81,02,1810630,1,20260823,1538,66,0,,,,,1407,20,0,,,,,3,41.77072204012754,140.613139,,,0,0,0,0,0,0,0,0,0,0,202,blue,1604,1427,3031
81,02,1810640,1,20260823,,,,,,,,,,,,,,,3,41.666445040075686,140.434972,,,1,0,0,0,0,0,0,0,0,0,202,blue,0,0,0
81,02,1810650,1,20260823,2079,122,0,,,,,2323,45,0,,,,,3,41.624898040054596,140.429715,,,0,0,0,0,0,0,0,0,0,0,202,blue,2201,2368,4569
81,02,1810660,1,20260823,862,38,0,,,,,1035,37,0,,,,,3,41.49941703998935,140.249306,,,0,0,0,0,0,0,0,0,0,0,202,blue,900,1072,1972
81,02,1810670,1,20260823,,,,,,,,,,,,,,,3,41.40202103993715,140.185625,,,1,0,0,0,0,0,0,0,0,0,202,blue,0,0,0
81,02,1810680,1,20260823,937,90,0,,,,,825,44,0,,,,,3,41.43166703995318,140.128056,,,0,0,0,0,0,0,0,0,0,0,202,blue,1027,869,1896
81,02,1810690,1,20260823,348,14,0,,,,,380,40,0,,,,,3,41.71166704009836,140.027778,,,0,0,0,0,0,0,0,0,0,0,202,blue,362,420,782
81,02,1810700,1,20260823,1521,92,0,,,,,1612,35,0,,,,,3,41.84777804016484,140.12472200000002,,,0,0,0,0,0,0,0,0,0,0,202,blue,1613,1647,3260
81,02,1810710,1,20260823,2834,100,0,,,,,2851,55,0,,,,,3,41.84277804016245,140.732222,,,0,0,0,0,0,0,0,0,0,0,202,blue,2934,2906,5840
81,02,1810720,1,20260823,2130,32,0,,,,,1728,22,0,,,,,3,41.83613904015928,140.64875,,,0,0,0,0,0,0,0,0,0,0,202,blue,2162,1750,3912
81,02,1810730,1,20260823,2364,76,0,,,,,2369,59,0,,,,,3,41.78055604013235,140.61055600000003,,,0,0,0,0,0,0,0,0,0,0,202,blue,2440,2428,4868
81,03,1810750,1,20260823,3687,105,0,,,,,3151,51,0,,,,,3,43.2287050406856,140.73446400000003,,,0,0,0,0,0,0,0,0,0,0,202,blue,3792,3202,6994
81,03,1810760,1,20260823,2671,59,0,,,,,2237,78,0,,,,,3,43.280277040699566,140.6375,,,0,0,0,0,0,0,0,0,0,0,202,blue,2730,2315,5045
81,03,1810780,1,20260823,1418,74,0,,,,,1332,43,0,,,,,3,43.328914040712355,140.422613,,,0,0,0,0,0,0,0,0,0,0,202,blue,1492,1375,2867
81,03,1810790,1,20260823,389,22,0,,,,,437,17,0,,,,,3,43.19878704067732,140.346959,,,0,0,0,0,0,0,0,0,0,0,202,blue,411,454,865
81,03,1810800,1,20260823,1227,24,0,,,,,1291,50,0,,,,,3,43.04480504063257,140.505833,,,0,0,0,0,0,0,0,0,0,0,202,blue,1251,1341,2592
81,03,1810810,1,20260823,,,,,,,,,,,,,,,3,43.02277704062587,140.548333,,,1,,,,,,,,,,202,blue,0,0,0
81,03,1810820,1,20260823,2961,216,0,,,,,3130,179,0,,,,,3,42.99750304061811,140.538303,,,0,0,0,0,0,0,0,0,0,1,202,blue,3177,3309,6486
81,03,1810830,1,20260823,2573,208,0,,,,,2327,201,0,,,,,3,42.981000040613,140.511333,,,0,0,0,0,0,0,0,0,0,0,202,blue,2781,2528,5309
81,03,1810840,1,20260823,1179,123,0,,,,,0,0,0,,,,,3,42.93163404059743,140.409415,,,0,0,0,0,0,0,0,0,0,0,202,blue,1302,0,1302
81,03,1810850,1,20260823,,,,,,,,,,,,,,,3,42.83094404056455,140.308974,,,1,0,0,0,0,0,0,0,0,0,202,blue,0,0,0
81,03,1810860,1,20260823,1,0,0,,,,,650,49,0,,,,,3,42.818297040560324,140.184051,,,0,0,0,0,0,0,0,0,0,0,202,blue,1,699,700
81,03,1810870,1,20260823,,,,,,,,,,,,,,,3,42.68444404051404,139.919444,,,1,0,0,0,0,0,0,0,0,0,202,blue,0,0,0
81,02,1810880,1,20260823,193,8,0,,,,,154,7,0,,,,,3,42.57583304047453,139.832222,,,0,0,0,0,0,0,0,0,0,0,202,blue,201,161,362
81,02,1810890,1,20260823,273,8,0,,,,,238,16,0,,,,,3,42.17250004031257,139.899444,,,0,0,0,0,0,0,0,0,0,0,202,blue,281,254,535
81,02,1810900,1,20260823,281,11,0,,,,,284,16,0,,,,,3,42.21750004033183,139.868333,,,0,0,0,0,0,0,0,0,0,0,202,blue,292,300,592
81,02,1810910,1,20260823,,,,,,,,,,,,,,,3,42.11918804028937,140.016837,,,1,0,0,0,0,0,0,0,0,0,202,blue,0,0,0
81,02,1810920,1,20260823,1410,39,0,,,,,1296,85,0,,,,,3,41.97324904022374,140.139624,,,0,0,0,0,0,0,0,0,0,0,202,blue,1449,1381,2830
81,01,1810940,1,20260823,,,,,,,,,,,,,,,3,43.001256040619275,141.339621,,,1,0,0,0,0,0,0,0,0,0,202,blue,0,0,0
81,01,1810950,1,20260823,,,,,,,,,,,,,,,3,42.999192040618645,141.337588,,,1,0,0,0,0,0,0,0,0,1,202,blue,0,0,0
81,01,1810960,1,20260823,4679,160,0,,,,,3775,130,0,,,,,3,42.9536270406044,141.151206,,,0,0,0,0,0,0,0,0,0,10,202,blue,4839,3905,8744
81,01,1810970,1,20260823,,,,,,,,,,,,,,,3,42.883263040581824,141.139985,,,1,,,,,,,,,,202,blue,0,0,0
81,03,1810980,1,20260823,1187,19,0,,,,,514,24,0,,,,,3,42.69444404051758,140.839722,,,0,0,0,0,0,0,0,0,0,113,202,blue,1206,538,1744
81,01,1811010,1,20260823,,,,,,,,,,,,,,,3,43.161847040666906,141.353771,,,1,0,0,0,0,0,0,0,0,34,202,blue,0,0,0
81,01,1811020,1,20260823,,,,,,,,,,,,,,,3,43.183375040672985,141.323859,,,1,0,0,0,0,0,0,0,0,1,202,blue,0,0,0
81,01,1811030,1,20260823,,,,,,,,,,,,,,,3,43.22320404068409,141.345058,,,1,0,0,0,0,0,0,0,0,1,202,blue,0,0,0
81,01,1811040,1,20260823,2349,50,0,,,,,2028,41,0,,,,,3,43.39904804073019,141.436259,,,0,0,0,0,0,0,0,0,0,2,202,blue,2399,2069,4468
81,09,1811050,1,20260823,,,,,,,,,,,,,,,3,43.75429004080918,141.350733,,,1,0,0,0,0,0,0,0,0,9,202,blue,0,0,0
81,09,1811060,1,20260823,,,,,,,,,,,,,,,3,44.96648604093511,141.761931,,,1,0,0,0,0,0,0,0,0,3,202,blue,0,0,0
81,09,1811080,1,20260823,,,,,,,,,,,,,,,3,44.80492204093118,141.785854,,,1,0,0,0,0,0,0,0,0,0,202,blue,0,0,0
81,09,1811090,1,20260823,,,,,,,,,,,,,,,3,44.64226604092325,141.79398,,,1,0,0,0,0,0,0,0,0,0,202,blue,0,0,0
81,09,1811110,1,20260823,,,,,,,,,,,,,,,3,44.37405804090138,141.71125400000003,,,1,0,0,0,0,0,0,0,0,22,202,blue,0,0,0
81,09,1811120,1,20260823,940,67,0,,,,,1795,101,0,,,,,3,44.255796040888285,141.656338,,,0,0,0,0,0,0,0,0,0,13,202,blue,1007,1896,2903
81,09,1811130,1,20260823,2115,133,0,,,,,1767,93,0,,,,,3,44.07063104086351,141.663029,,,0,0,0,0,0,0,0,0,0,7,202,blue,2248,1860,4108
81,09,1811150,1,20260823,2241,107,0,,,,,2156,103,0,,,,,3,43.94678404084405,141.651833,,,0,0,0,0,0,0,0,0,0,21,202,blue,2348,2259,4607
81,09,1811160,1,20260823,,,,,,,,,,,,,,,3,43.832161040823955,141.829941,,,1,0,0,0,0,0,0,0,0,8,202,blue,0,0,0
81,09,1811170,1,20260823,,,,,,,,,,,,,,,3,43.849231040827085,141.814442,,,1,0,0,0,0,0,0,0,0,2,202,blue,0,0,0
81,09,1811180,1,20260823,467,35,0,,,,,633,50,0,,,,,3,43.874433040831605,141.738524,,,0,0,0,0,0,0,0,0,0,4,202,blue,502,683,1185
81,09,1811190,1,20260823,,,,,,,,,,,,,,,3,43.91902504083936,141.685028,,,1,0,0,0,0,0,0,0,0,7,202,blue,0,0,0
81,09,1811200,1,20260823,2579,215,0,,,,,3009,290,0,,,,,3,43.887433040833905,141.711544,,,0,0,0,0,0,0,0,0,0,4,202,blue,2794,3299,6093
81,01,1811210,1,20260823,,,,,,,,,,,,,,,3,43.19164404067532,141.764248,,,1,,,,,,,,,,202,blue,0,0,0
81,01,1811220,1,20260823,1460,98,0,,,,,1433,70,0,,,,,3,42.898883040586895,141.813884,,,0,0,0,0,0,0,0,0,0,36,202,blue,1558,1503,3061
81,05,1811230,1,20260823,2463,204,0,,,,,2300,207,0,,,,,3,42.885113040582425,141.812065,,,0,0,0,0,0,0,0,0,0,0,202,blue,2667,2507,5174
81,05,1811240,1,20260823,1585,128,0,,,,,1830,121,0,,,,,3,42.76319504054159,141.812586,,,0,0,0,0,0,0,0,0,0,0,202,blue,1713,1951,3664
81,05,1811250,1,20260823,,,,,,,,,,,,,,,3,42.55317704046606,141.981715,,,1,0,0,0,0,0,0,0,0,78,202,blue,0,0,0
81,05,1811260,1,20260823,3197,165,0,,,,,3301,102,0,,,,,3,42.16916704031112,142.768611,,,0,0,0,0,0,0,0,0,0,0,202,blue,3362,3403,6765
81,05,1811270,1,20260823,3262,166,0,,,,,3091,135,0,,,,,3,42.50615204044825,142.070834,,,0,0,0,0,0,0,0,0,0,0,202,blue,3428,3226,6654
81,07,1811280,1,20260823,922,56,0,,,,,191,15,0,,,,,3,42.58422604047764,143.30053,,,0,0,0,0,0,0,0,0,0,0,202,blue,978,206,1184
81,07,1811290,1,20260823,230,20,0,,,,,273,13,0,,,,,3,42.3768230403976,143.061454,,,0,0,0,0,0,51,51,0,0,1,202,blue,250,286,536
81,04,1811320,1,20260823,5129,175,0,,,,,4848,187,0,,,,,3,43.60527804077837,142.469167,,,0,0,0,0,0,0,0,0,0,4,202,blue,5304,5035,10339
81,04,1811330,1,20260823,3983,168,0,,,,,4052,166,0,,,,,3,43.560996966472565,142.4353437615,,,0,0,0,0,0,0,0,0,0,4,202,blue,4151,4218,8369
81,08,1811370,1,20260823,256,28,0,,,,,258,19,0,,,,,3,44.09975304086775,143.867897,,,0,0,0,0,0,0,0,0,0,126,202,blue,284,277,561
81,08,1811380,1,20260823,744,62,0,,,,,704,34,0,,,,,3,44.12070404087072,143.72058,,,0,0,0,0,0,0,0,0,0,92,202,blue,806,738,1544
81,08,1811390,1,20260823,2731,161,0,,,,,2869,107,0,,,,,3,44.364948040900465,143.334896,,,0,0,0,0,0,0,0,0,0,0,202,blue,2892,2976,5868
81,10,1811400,1,20260823,413,26,0,,,,,332,26,0,,,,,3,44.77764204093013,142.721902,,,0,0,0,0,0,0,0,0,0,11,202,blue,439,358,797
81,10,1811410,1,20260823,,,,,,,,,,,,,,,3,45.361691040927944,142.122166,,,1,0,0,0,0,0,0,0,0,0,202,blue,0,0,0
81,10,1811420,1,20260823,0,0,0,,,,,1334,69,0,,,,,3,45.43710504092389,141.862347,,,0,0,0,0,0,0,0,0,0,56,202,blue,0,1403,1403
81,08,1811430,1,20260823,367,26,0,,,,,460,33,0,,,,,3,44.40500204090447,143.017708,,,0,0,0,0,0,0,0,0,0,1,202,blue,393,493,886
81,04,1811440,1,20260823,366,21,0,,,,,401,25,0,,,,,3,44.31599186248862,142.78318613417,,,0,0,0,0,0,0,0,0,0,51,202,blue,387,426,813
81,04,1811450,1,20260823,301,19,0,,,,,274,24,0,,,,,3,44.18218514890566,142.3067879962,,,0,0,0,0,0,0,0,0,0,14,202,blue,320,298,618
81,09,1811460,1,20260823,,,,,,,,,,,,,,,3,44.20144804088155,142.034387,,,1,0,0,0,0,0,0,0,0,4,202,blue,0,0,0
81,06,1811490,1,20260823,,,,,,,,,,,,,,,3,43.28312104070033,144.106479,,,1,0,0,0,0,0,0,0,0,0,202,blue,0,0,0
81,06,1811500,1,20260823,580,46,0,,,,,668,44,0,,,,,3,43.45847504074473,144.008366,,,0,0,0,0,0,0,0,0,0,0,202,blue,626,712,1338
81,08,1811520,1,20260823,1672,55,0,,,,,1676,94,0,,,,,3,44.16231304087643,143.57881,,,0,0,0,0,0,0,0,0,0,0,202,blue,1727,1770,3497
81,08,1811530,1,20260823,2071,106,0,,,,,1871,66,0,,,,,3,44.13401504087257,143.561357,,,0,0,0,0,0,0,0,0,0,0,202,blue,2177,1937,4114
81,08,1811540,1,20260823,,,,,,,,,,,,,,,3,43.81153304082013,143.553741,,,1,0,0,0,0,0,0,0,0,31,202,blue,0,0,0
81,07,1811550,1,20260823,131,14,0,,,,,108,18,0,,,,,3,43.614803040780444,143.623559,,,0,0,0,0,0,0,0,0,0,0,202,blue,145,126,271
81,07,1811560,1,20260823,1660,103,0,,,,,1850,143,0,,,,,3,42.950446040603396,143.426823,,,0,0,0,0,0,0,0,0,0,0,202,blue,1763,1993,3756
81,07,1811570,1,20260823,455,21,0,,,,,3859,114,0,,,,,3,42.91920004059345,143.382799,,,0,0,0,0,0,0,0,0,0,0,202,blue,476,3973,4449
81,06,1811580,1,20260823,2,0,0,,,,,1049,47,0,,,,,3,43.65168204078832,144.260814,,,0,0,0,0,0,0,0,0,0,0,202,blue,2,1096,1098
81,06,1811590,1,20260823,1007,83,0,,,,,1040,63,0,,,,,3,43.48222204075039,144.542778,,,0,0,0,0,0,0,0,0,0,0,202,blue,1090,1103,2193
81,06,1811600,1,20260823,437,56,0,,,,,541,51,0,,,,,3,43.415912040734376,144.740463,,,0,0,0,0,0,0,0,0,0,0,202,blue,493,592,1085
81,08,1811610,1,20260823,2413,109,0,,,,,2417,60,0,,,,,3,43.96614504084723,144.326697,,,0,0,0,0,0,0,0,0,0,0,202,blue,2522,2477,4999
81,08,1811620,1,20260823,1209,56,0,,,,,1278,52,0,,,,,3,43.91012304083783,144.542023,,,0,0,0,0,0,0,0,0,0,0,202,blue,1265,1330,2595
81,08,1811630,1,20260823,,,,,,,,,,,,,,,3,43.888827040834144,144.736391,,,1,0,0,0,0,0,0,0,0,52,202,blue,0,0,0
81,06,1811640,1,20260823,381,31,0,,,,,347,22,0,,,,,3,43.73179504080475,144.960789,,,0,0,0,0,0,0,0,0,0,0,202,blue,412,369,781
81,06,1811650,1,20260823,224,15,0,,,,,190,11,0,,,,,3,43.69435704079721,145.112266,,,0,0,0,0,0,0,0,0,0,0,202,blue,239,201,440
81,06,1811660,1,20260823,,,,,,,,,,,,,,,3,43.37687304072465,145.283748,,,1,0,0,0,0,0,0,0,0,0,202,blue,0,0,0
81,06,1811670,1,20260823,1201,139,0,,,,,1447,214,0,,,,,3,43.225599040684756,144.69552000000002,,,0,0,0,0,0,0,0,0,0,0,202,blue,1340,1661,3001
81,06,1811680,1,20260823,936,101,0,,,,,1116,77,0,,,,,3,43.384169040726476,144.866826,,,0,0,0,0,0,0,0,0,0,0,202,blue,1037,1193,2230
81,06,1811690,1,20260823,,,,,,,,,,,,,,,3,43.60985404077937,145.077277,,,1,0,0,0,0,0,0,0,0,0,202,blue,0,0,0
81,07,1811700,1,20260823,632,15,0,,,,,543,20,0,,,,,3,43.353586040718724,143.261308,,,0,0,0,0,0,0,0,0,0,0,202,blue,647,563,1210
81,07,1811710,1,20260823,394,18,0,,,,,377,16,0,,,,,3,43.571286040770886,143.120781,,,0,0,0,0,0,0,0,0,0,11,202,blue,412,393,805
81,04,1811730,1,20260823,436,36,0,,,,,348,16,0,,,,,3,43.909246029716684,142.97348513542,,,0,0,0,0,0,0,0,0,0,7,202,blue,472,364,836
81,04,1811740,1,20260823,364,30,0,,,,,267,19,0,,,,,3,43.9388162846136,142.945802727953,,,0,0,0,0,0,0,0,0,0,62,202,blue,394,286,680
81,01,1811750,1,20260823,4789,354,0,,,,,3776,343,0,,,,,3,42.98946404061562,141.609539,,,0,0,0,0,0,0,0,0,0,2,202,blue,5143,4119,9262
81,01,1811760,1,20260823,2210,159,0,,,,,1976,142,0,,,,,3,42.94269504060095,141.76061,,,0,0,0,0,0,0,0,0,0,3,202,blue,2369,2118,4487
81,01,1811770,1,20260823,1705,176,0,,,,,1467,194,0,,,,,3,42.950353040603375,141.802672,,,0,0,0,0,0,0,0,0,0,1,202,blue,1881,1661,3542
81,01,1811780,1,20260823,,,,,,,,,,,,,,,3,42.91325204059154,141.966963,,,1,0,0,0,0,0,0,0,0,0,202,blue,0,0,0
81,01,1811790,1,20260823,,,,,,,,,,,,,,,3,42.92852504059643,142.063994,,,1,0,0,0,0,0,0,0,0,3,202,blue,0,0,0
81,05,1811800,1,20260823,955,233,0,,,,,1031,223,0,,,,,3,42.9641030406077,142.63981100000004,,,0,0,0,0,0,0,0,0,0,0,202,blue,1188,1254,2442
81,01,1811810,1,20260823,3584,258,0,,,,,3183,217,0,,,,,3,43.18243804067272,141.523454,,,0,0,0,0,0,0,0,0,0,26,202,blue,3842,3400,7242
81,01,1811830,1,20260823,1145,94,0,,,,,1151,73,0,,,,,3,43.54600104076516,141.884426,,,0,0,0,0,0,0,0,0,0,2,202,blue,1239,1224,2463
81,01,1811840,1,20260823,1218,58,0,,,,,1110,32,0,,,,,3,43.71586004080156,141.885874,,,0,0,0,0,0,0,0,0,0,10,202,blue,1276,1142,2418
81,01,1811850,1,20260823,299,16,0,,,,,242,9,0,,,,,3,43.76892104081203,141.884179,,,0,0,0,0,0,0,0,0,0,13,202,blue,315,251,566
81,01,1811860,1,20260823,492,8,0,,,,,388,9,0,,,,,3,43.80589304081908,141.905599,,,0,0,0,0,0,0,0,0,0,0,202,blue,500,397,897
81,01,1811870,1,20260823,223,16,0,,,,,208,15,0,,,,,3,43.917356040839074,142.125632,,,0,0,0,0,0,0,0,0,0,17,202,blue,239,223,462
81,04,1811880,1,20260823,260,18,0,,,,,311,17,0,,,,,3,44.74113379582216,142.253439072174,,,0,0,0,0,0,0,0,0,0,74,202,blue,278,328,606
81,10,1811890,1,20260823,367,22,0,,,,,476,24,0,,,,,3,44.820303040931734,142.284138,,,0,0,0,0,0,0,0,0,0,0,202,blue,389,500,889
81,10,1811900,1,20260823,158,7,0,,,,,246,12,0,,,,,3,45.044884040935564,142.315271,,,0,0,0,0,0,0,0,0,0,72,202,blue,165,258,423
81,10,1811910,1,20260823,300,15,0,,,,,362,21,0,,,,,3,45.10820204093526,142.363773,,,0,0,0,0,0,0,0,0,0,76,202,blue,315,383,698
81,03,1811920,1,20260823,1909,163,0,,,,,1744,178,0,,,,,3,42.98635304061466,140.606197,,,0,0,0,0,0,0,0,0,0,0,202,blue,2072,1922,3994
81,03,1811930,1,20260823,616,34,0,,,,,561,28,0,,,,,3,42.88083304058103,140.878055,,,0,0,0,0,0,0,0,0,0,107,202,blue,650,589,1239
81,03,1811940,1,20260823,1074,59,0,,,,,910,57,0,,,,,3,42.80440904055563,140.891961,,,0,0,0,0,0,0,0,0,0,41,202,blue,1133,967,2100
81,03,1811950,1,20260823,687,40,0,,,,,587,39,0,,,,,3,42.75773904053971,141.013347,,,0,0,0,0,0,0,0,0,0,80,202,blue,727,626,1353
81,01,1811980,1,20260823,,,,,,,,,,,,,,,3,42.71955604052643,141.252074,,,1,0,0,0,0,0,0,0,0,8,202,blue,0,0,0
81,01,1811990,1,20260823,1673,88,0,,,,,1263,72,0,,,,,3,42.74221004053433,141.402953,,,0,0,0,0,0,0,0,0,0,4,202,blue,1761,1335,3096
81,02,1812000,1,20260823,,,,,,,,,,,,,,,3,42.1695560403113,140.052167,,,1,0,0,0,0,0,0,0,0,0,202,blue,0,0,0
81,02,1812010,1,20260823,1957,94,0,,,,,2035,130,0,,,,,3,41.76194404012323,140.856944,,,0,0,0,0,0,0,0,0,0,0,202,blue,2051,2165,4216
81,02,1812020,1,20260823,,,,,,,,,,,,,,,3,41.714722040099886,140.9975,,,1,0,0,0,0,0,0,0,0,0,202,blue,0,0,0
81,02,1812030,1,20260823,197,12,0,,,,,267,13,0,,,,,3,41.87888904017965,141.092222,,,0,0,0,0,0,0,0,0,0,0,202,blue,209,280,489
81,02,1812040,1,20260823,576,80,0,,,,,605,31,0,,,,,3,41.9566670402161,140.928611,,,0,0,0,0,0,0,0,0,0,0,202,blue,656,636,1292
81,02,1812050,1,20260823,455,41,0,,,,,538,24,0,,,,,3,42.013056040241956,140.853611,,,0,0,0,0,0,0,0,0,0,0,202,blue,496,562,1058
81,02,1812060,1,20260823,100,6,0,,,,,82,0,0,,,,,3,42.042500040255284,140.813056,,,0,0,0,0,0,0,0,0,0,0,202,blue,106,82,188
81,02,1812070,1,20260823,527,35,0,,,,,574,67,0,,,,,3,42.12805604029326,140.711389,,,0,0,0,0,0,0,0,0,0,0,202,blue,562,641,1203
81,02,1812080,1,20260823,1395,53,0,,,,,1422,49,0,,,,,3,42.118611040289125,140.632778,,,0,0,0,0,0,0,0,0,0,0,202,blue,1448,1471,2919
81,06,1812090,1,20260823,19,5,0,,,,,1390,50,0,,,,,3,43.89994004083609,145.099582,,,0,0,0,0,0,0,0,0,0,0,202,blue,24,1440,1464
81,05,1812130,1,20260823,311,19,0,,,,,257,43,0,,,,,3,42.02778604024864,143.231184,,,0,0,0,0,0,0,0,0,0,0,202,blue,330,300,630
81,07,1812150,1,20260823,390,15,0,,,,,401,24,0,,,,,3,42.16205004030805,143.324722,,,0,0,0,0,0,0,0,0,0,0,202,blue,405,425,830
81,07,1812160,1,20260823,650,29,0,,,,,868,108,0,,,,,3,42.28181504035883,143.31818,,,0,0,0,0,0,0,0,0,0,0,202,blue,679,976,1655
81,07,1812170,1,20260823,1103,75,0,,,,,1039,38,0,,,,,3,42.31167504037117,143.321422,,,0,0,0,0,0,48,48,0,0,0,202,blue,1178,1077,2255
81,07,1812180,1,20260823,238,9,0,,,,,223,14,0,,,,,3,42.68446104051403,143.603341,,,0,0,0,0,0,0,0,0,0,0,202,blue,247,237,484
81,07,1812190,1,20260823,291,25,0,,,,,279,16,0,,,,,3,42.69525004051786,143.616062,,,0,0,0,0,0,0,0,0,0,0,202,blue,316,295,611
81,07,1812200,1,20260823,164,25,0,,,,,193,17,0,,,,,3,42.74125304053399,143.631419,,,0,0,0,0,0,0,0,0,0,0,202,blue,189,210,399
81,01,1812210,1,20260823,368,10,0,,,,,378,13,0,,,,,3,42.85600604057288,141.704289,,,0,0,0,0,0,0,0,0,0,33,202,blue,378,391,769
81,01,1812220,1,20260823,,,,,,,,,,,,,,,3,42.969962040609545,141.672998,,,1,0,0,0,0,0,0,0,0,2,202,blue,0,0,0
81,01,1812230,1,20260823,,,,,,,,,,,,,,,3,43.02096904062534,141.663755,,,1,0,0,0,0,0,0,0,0,2,202,blue,0,0,0
81,03,1812240,1,20260823,7107,429,0,,,,,6518,348,0,,,,,3,43.14450004066195,141.187805,,,0,0,0,0,0,0,0,0,0,0,202,blue,7536,6866,14402
81,06,1812250,1,20260823,546,29,0,,,,,586,37,0,,,,,3,43.68733204079576,144.466438,,,0,0,0,0,0,0,0,0,0,0,202,blue,575,623,1198
81,03,1812260,1,20260823,1424,48,0,,,,,1250,43,0,,,,,3,42.99111104061613,140.875833,,,0,0,0,0,0,0,0,0,0,0,202,blue,1472,1293,2765
81,04,1812290,1,20260823,3202,226,0,,,,,3299,221,0,,,,,3,43.85258742603739,142.702731203374,,,0,0,0,0,0,6,6,0,0,6,202,blue,3428,3520,6948
81,01,1812300,1,20260823,0,0,0,,,,,681,12,0,,,,,3,43.578650040772516,141.414894,,,0,0,0,0,0,0,0,0,0,0,202,blue,0,693,693
81,01,1812310,1,20260823,163,1,0,,,,,202,3,0,,,,,3,43.548241040765674,141.621516,,,0,0,0,0,0,0,0,0,0,3,202,blue,164,205,369
81,01,1812320,1,20260823,179,7,0,,,,,215,3,0,,,,,3,43.542762040764444,141.638006,,,0,0,0,0,0,0,0,0,0,0,202,blue,186,218,404
81,01,1812330,1,20260823,1353,31,0,,,,,1736,33,0,,,,,3,43.55901004076813,141.903362,,,0,0,0,0,0,0,0,0,0,41,202,blue,1384,1769,3153
81,01,1812340,1,20260823,,,,,,,,,,,,,,,3,42.995832040617586,142.00991,,,1,0,0,0,0,0,0,0,0,0,202,blue,0,0,0
81,01,1812350,1,20260823,7240,166,0,,,,,6768,175,0,,,,,3,42.979904040612645,141.346302,,,0,0,0,0,0,0,0,0,0,3,202,blue,7406,6943,14349
81,01,1812370,1,20260823,1544,14,0,,,,,1303,22,0,,,,,3,42.83639604056636,141.300884,,,0,0,0,0,0,0,0,0,0,1,202,blue,1558,1325,2883
81,01,1812380,1,20260823,2138,14,0,,,,,2011,10,0,,,,,3,42.80255304055502,141.327921,,,0,0,0,0,0,0,0,0,0,7,202,blue,2152,2021,4173
82,,2810180,1,20260823,0,0,0,,,,,0,0,0,,,,,3,38.89166803813703,141.115835,,,0,,,,0,,,,,,205,blue,0,0,0
82,,2810190,1,20260823,492,31,0,,,,,195,21,0,,,,,3,39.03166703825964,141.1175,,,1,,,,0,,,,,,205,blue,523,216,739
82,,2810200,1,20260823,214,11,0,,,,,616,57,0,,,,,3,39.0450020382712,141.129544,,,1,,,,0,,,,,,205,blue,225,673,898
82,,2810220,1,20260823,10159,791,0,,,,,10339,489,0,,,,,3,39.29444503848296,141.105556,,,0,,,,0,,,,,,205,blue,10950,10828,21778
82,,2810230,1,20260823,0,0,0,,,,,0,0,0,,,,,3,39.344446038524424,141.106946,,,1,,,,0,,,,,,205,blue,0,0,0
82,,2810240,1,20260823,136,157,0,,,,,181,260,0,,,,,3,39.651946038772245,141.164724,,,1,,,,0,,,,,,205,blue,293,441,734
82,,2810250,1,20260823,0,0,0,,,,,2,1,0,,,,,3,39.888889038954595,141.19528,,,1,,,,0,,,,,,205,blue,0,3,3
82,,2810270,1,20260823,11,2,0,,,,,0,1,0,,,,,3,40.27277803923393,141.293058,,,1,,,,0,,,,,,205,blue,13,1,14
82,,2810280,1,20260823,1662,231,0,,,,,1730,232,0,,,,,3,40.41445803933193,141.298913,,,1,,,,0,,,,,,205,blue,1893,1962,3855
82,,2810290,1,20260823,4061,306,0,,,,,4180,237,0,,,,,3,40.718083039532594,141.156692,,,0,,,,0,,,,,,205,blue,4367,4417,8784
82,,2810300,1,20260823,2956,152,0,,,,,2467,144,0,,,,,3,40.907508039651255,141.061111,,,1,,,,0,,,,,,205,blue,3108,2611,5719
82,,2810310,1,20260823,2253,261,0,,,,,1744,114,0,,,,,3,40.8547220396187,140.839178,,,1,,,,0,,,,,,205,blue,2514,1858,4372
82,,2810400,1,20260823,2389,127,0,,,,,2102,102,0,,,,,3,39.26847903846129,139.923131,,,0,,,,0,,,,,,205,blue,2516,2204,4720
82,,2810430,1,20260823,938,75,0,,,,,1050,83,0,,,,,3,39.976642039020206,140.07770900000003,,,1,,,,0,,,,,,205,blue,1013,1133,2146
82,,2810450,1,20260823,,,,,,,,,,,,,,,3,40.278639039238044,140.449111,,,1,,,,0,,,,,,205,blue,0,0,0
82,,2810460,1,20260823,456,67,0,,,,,397,14,0,,,,,3,40.275306039235716,140.516861,,,1,,,,0,,,,,,205,blue,523,411,934
82,,2810470,1,20260823,3183,294,0,,,,,2969,494,0,,,,,3,40.317917039265446,140.578139,,,0,,,,0,,,,,,205,blue,3477,3463,6940
82,,2810480,1,20260823,750,66,0,,,,,894,72,0,,,,,3,40.577502039441285,140.518889,,,1,,,,0,,,,,,205,blue,816,966,1782
82,,2810490,1,20260823,1676,62,0,,,,,1367,74,0,,,,,3,40.711137039528154,140.580013,,,1,,,,0,,,,,,205,blue,1738,1441,3179
82,,2810580,1,20260823,6273,643,0,,,,,6019,426,0,,,,,3,39.260555038454655,140.543611,,,0,,,,0,,,,,,205,blue,6916,6445,13361
82,,2810590,1,20260823,5817,905,0,,,,,6908,276,0,,,,,3,39.44138803860391,140.505,,,0,,,,0,,,,,,205,blue,6722,7184,13906
82,,2810600,1,20260823,3619,244,0,,,,,3239,194,0,,,,,3,39.51138803866052,140.380833,,,1,,,,0,,,,,,205,blue,3863,3433,7296
82,,2810610,1,20260823,5471,271,0,,,,,5850,284,0,,,,,3,39.63750003876089,140.300833,,,0,,,,0,,,,,,205,blue,5742,6134,11876
82,,2810620,1,20260823,10016,414,0,,,,,9208,425,0,,,,,3,39.67388903878944,140.152222,,,0,,,,0,,,,,,205,blue,10430,9633,20063
82,,2810630,1,20260823,12752,471,0,,,,,12888,624,0,,,,,3,39.69425003880535,140.122194,,,0,,,,0,,,,,,205,blue,13223,13512,26735
82,,2810960,1,20260823,95,5,0,,,,,3,0,0,,,,,3,40.26398203922775,141.40187,,,1,,,,0,,,,,,205,blue,100,3,103
82,,2810970,1,20260823,39,2,0,,,,,43,5,0,,,,,3,40.4453010393529,141.638612,,,1,,,,0,,,,,,205,blue,41,48,89
82,,2810980,1,20260823,0,0,0,,,,,105,69,0,,,,,3,40.30396403925574,141.3059,,,1,,,,0,,,,,,205,blue,0,174,174
82,,2810990,1,20260823,4643,270,0,,,,,3961,136,0,,,,,3,40.60361303945845,141.404748,,,0,,,,0,,,,,,205,blue,4913,4097,9010
82,,2811030,1,20260823,1529,84,0,,,,,1686,139,0,,,,,3,39.608922038738314,140.57135,,,0,,,,0,,,,,,205,blue,1613,1825,3438
83,,3810010,1,20260823,,,,,,,,,,,,,,,3,35.23222203411103,139.112514,,,1,,,,,,,,,,205,blue,0,0,0
83,,3810040,1,20260823,13709,345,0,,,,,1413,32,0,,,,,3,35.26450803415279,139.182925,,,0,0,0,0,0,0,0,0,0,0,205,blue,14054,1445,15499
83,,3810050,1,20260823,15069,776,0,,,,,,,,,,,,3,35.71158901450833,139.777491746321,,,0,0,0,0,0,0,0,0,0,0,205,blue,15845,0,15845
83,,3810060,1,20260823,10380,583,0,,,,,11523,713,0,,,,,3,35.725261072361086,139.78833095668,,,0,0,0,0,0,0,0,0,0,0,205,blue,10963,12236,23199
83,,3810061,1,20260823,10440,643,0,,,,,11244,748,0,,,,,3,35.72724220226666,139.789181219765,,,0,0,0,0,0,0,0,0,0,0,205,blue,11083,11992,23075
83,,3810070,1,20260823,10626,630,0,,,,,7115,408,0,,,,,3,35.735055772282294,139.795343463609,,,0,0,0,0,0,0,0,0,0,0,205,blue,11256,7523,18779
83,,3810080,1,20260823,0,0,0,,,,,11843,628,0,,,,,3,35.73896290498206,139.797270681572,,,0,0,0,0,0,0,0,0,0,0,205,blue,0,12471,12471
83,,3810100,1,20260823,3250,47,0,,,,,4403,78,0,,,,,3,36.53972203571964,139.883611,,,0,0,0,0,0,0,0,0,0,0,205,blue,3297,4481,7778
83,,3810110,1,20260823,7342,894,0,,,,,7274,447,0,,,,,3,36.91694403615054,139.999722,,,0,0,0,0,0,0,0,0,0,0,205,blue,8236,7721,15957
83,,3810140,1,20260823,9838,1212,0,,,,,8216,948,0,,,,,3,35.9900520350645,139.793529,,,0,0,0,0,0,0,0,0,0,0,205,blue,11050,9164,20214
83,,3810151,1,20260823,6928,1495,0,,,,,8592,1190,0,,,,,3,36.07984803517367,139.770041,,,0,0,0,0,0,0,0,0,0,0,205,blue,8423,9782,18205
83,,3810160,1,20260823,9938,1093,0,,,,,11554,1262,0,,,,,3,36.167500035279446,139.779444,,,0,0,0,0,0,0,0,0,0,0,205,blue,11031,12816,23847
83,,3810180,1,20260823,6581,933,0,,,,,13915,920,0,,,,,3,36.296506035433666,139.841547,,,0,0,0,0,0,0,0,0,0,0,205,blue,7514,14835,22349
83,,3810200,1,20260823,250,57,0,,,,,24674,1709,0,,,,,3,36.57174703575683,139.941692,,,0,0,0,0,0,0,0,0,0,0,205,blue,307,26383,26690
83,,3810210,1,20260823,13091,217,0,,,,,8,0,0,,,,,3,35.694558518577544,139.78420024258003,,,0,0,0,0,0,0,0,0,0,0,205,blue,13308,8,13316
83,,3810220,1,20260823,12876,963,0,,,,,7937,331,0,,,,,3,35.73416286894769,139.831977693081,,,0,0,0,0,0,0,0,0,0,0,205,blue,13839,8268,22107
83,,3810230,1,20260823,2336,42,0,,,,,3826,173,0,,,,,3,35.735319871891136,139.833592336398,,,0,0,0,0,0,0,0,0,0,0,205,blue,2378,3999,6377
83,,3810260,1,20260823,,,,,,,,,,,,,,,3,35.83796603487771,139.939917,,,1,,,,,,,,,,205,blue,0,0,0
83,,3810280,1,20260823,,,,,,,,,,,,,,,3,35.895306034948405,140.059167,,,1,0,0,0,0,0,0,0,0,0,205,blue,0,0,0
83,,3810290,1,20260823,5476,284,0,,,,,9974,800,0,,,,,3,36.06811403515946,140.179269,,,0,0,0,0,0,0,0,0,0,0,205,blue,5760,10774,16534
83,,3810300,1,20260823,7176,620,0,,,,,5858,181,0,,,,,3,36.078239035171734,140.177747,,,0,0,0,0,0,0,0,0,0,0,205,blue,7796,6039,13835
83,,3810320,1,20260823,1969,214,0,,,,,10517,1113,0,,,,,3,36.378875035531216,140.500661,,,0,0,0,0,0,0,0,0,0,0,205,blue,2183,11630,13813
83,,3810330,1,20260823,2383,118,0,,,,,14781,591,0,,,,,3,36.655972035854084,140.701006,,,0,0,0,0,0,0,0,0,0,0,205,blue,2501,15372,17873
83,,3810340,1,20260823,0,0,0,,,,,0,0,0,,,,,3,36.794736036012644,140.752922,,,0,0,0,0,0,0,0,0,0,0,205,blue,0,0,0
83,,3810350,1,20260823,14835,797,0,,,,,3,0,0,,,,,3,35.92645303498668,140.111775,,,0,0,0,0,0,0,0,0,0,0,205,blue,15632,3,15635
83,,3810360,1,20260823,,,,,,,,,,,,,,,3,35.694040942069805,139.789910543304,,,1,0,0,0,0,0,0,0,0,0,205,blue,0,0,0
83,,3810370,1,20260823,,,,,,,,,,,,,,,3,35.702867388707524,139.866257828687,,,1,0,0,0,0,0,0,0,0,0,205,blue,0,0,0
83,,3810380,1,20260823,,,,,,,,,,,,,,,3,35.628891034617155,140.088076,,,1,,,,,,,,,,205,blue,0,0,0
83,,3810390,1,20260823,,,,,,,,,,,,,,,3,35.62349099143046,139.737976826575,,,1,,,,,,,,,,205,blue,0,0,0
83,,3810400,1,20260823,4470,100,0,,,,,5857,52,0,,,,,3,35.263900034152,139.698397,,,0,0,0,0,0,0,0,0,0,0,205,blue,4570,5909,10479
83,,3810410,1,20260823,7131,337,0,,,,,7281,314,0,,,,,3,35.62304903460981,139.340292,,,0,0,0,0,0,0,0,0,0,0,205,blue,7468,7595,15063
83,,3810420,1,20260823,9171,379,0,,,,,8858,707,0,,,,,3,35.67571003467587,139.331954,,,0,0,0,0,0,0,0,0,0,0,205,blue,9550,9565,19115
83,,3810431,1,20260823,8660,1167,0,,,,,9871,1142,0,,,,,3,35.77594403480087,139.336731,,,0,0,0,0,0,0,0,0,0,0,205,blue,9827,11013,20840
83,,3810440,1,20260823,,,,,,,,,,,,,,,3,35.82933103486704,139.380426,,,1,0,0,0,0,0,0,0,0,0,205,blue,0,0,0
83,,3810460,1,20260823,16357,1159,0,,,,,15374,1333,0,,,,,3,35.91289603497003,139.534764,,,0,0,0,0,0,0,0,0,0,0,205,blue,17516,16707,34223
83,,3810470,1,20260823,,,,,,,,10170,994,0,,,,,3,35.92749603498795,139.591065,,,0,0,0,0,0,0,2,0,0,0,205,blue,0,11164,11164
83,,3810490,1,20260823,,,,,,,,,,,,,,,3,35.992460035067445,139.820467,,,1,,,,,,,,,,205,blue,0,0,0
83,,3810500,1,20260823,4666,264,0,,,,,8278,920,0,,,,,3,35.79376864024429,139.685717006056,,,0,0,0,0,0,0,0,0,0,0,205,blue,4930,9198,14128
83,,3810510,1,20260823,5223,490,0,,,,,5318,519,0,,,,,3,35.8210620348568,139.680963,,,0,0,0,0,0,0,0,0,0,0,205,blue,5713,5837,11550
83,,3810520,1,20260823,16561,1175,0,,,,,17469,1184,0,,,,,3,35.97632603504774,139.594106,,,0,0,0,0,0,0,0,0,0,0,205,blue,17736,18653,36389
83,,3810540,1,20260823,8637,436,0,,,,,8957,617,0,,,,,3,36.230692035355204,139.2134,,,0,0,0,0,0,0,3,0,0,0,205,blue,9073,9574,18647
83,,3810560,1,20260823,14275,631,0,,,,,13160,360,0,,,,,3,36.31113903545105,139.02725,,,0,0,0,0,0,0,0,0,0,0,205,blue,14906,13520,28426
83,,3810600,1,20260823,2299,81,0,,,,,2540,171,0,,,,,3,36.68205603588405,138.968889,,,0,0,0,0,0,0,0,0,0,0,205,blue,2380,2711,5091
83,,3810610,1,20260823,12387,935,0,,,,,,,,,,,,3,35.84803703489016,139.625615,,,0,0,0,0,0,43,39,0,0,0,205,blue,13322,0,13322
83,,3810620,1,20260823,,,,,,,,11124,774,0,,,,,3,35.84444303488572,139.626759,,,0,0,0,0,0,43,46,0,0,0,205,blue,0,11898,11898
83,,3810670,1,20260823,14184,1203,0,,,,,13626,830,0,,,,,3,36.35330303550101,139.215067,,,0,0,0,0,0,0,0,0,0,0,205,blue,15387,14456,29843
83,,3810710,1,20260823,5414,351,0,,,,,6003,343,0,,,,,3,36.33250003547639,138.5235,,,0,0,0,0,0,2,0,0,0,0,205,blue,5765,6346,12111
83,,3810720,1,20260823,6544,449,0,,,,,7154,250,0,,,,,3,36.49438903566681,138.150722,,,0,0,0,0,0,0,9,0,0,0,205,blue,6993,7404,14397
83,,3810740,1,20260823,9383,348,0,,,,,8175,293,0,,,,,3,36.65492503585288,138.23375,,,0,0,0,0,0,0,0,0,0,0,205,blue,9731,8468,18199
83,,3810750,1,20260823,8810,213,0,,,,,3445,132,0,,,,,3,36.695139035899054,138.26925,,,0,0,0,0,0,0,0,0,0,0,205,blue,9023,3577,12600
83,,3810760,1,20260823,6494,186,0,,,,,6022,185,0,,,,,3,36.717694035924886,138.298306,,,0,0,0,0,0,0,1,0,0,0,205,blue,6680,6207,12887
83,,3810770,1,20260823,3167,192,0,,,,,2735,73,0,,,,,3,36.75032203596213,138.212264,,,0,0,0,0,0,0,0,0,0,0,205,blue,3359,2808,6167
83,,3810780,1,20260823,3738,143,0,,,,,3203,136,0,,,,,3,36.792972036010646,138.219778,,,0,0,0,0,0,0,0,0,0,0,205,blue,3881,3339,7220
83,,3810790,1,20260823,5057,70,0,,,,,4719,140,0,,,,,3,36.406417035563685,138.204417,,,0,0,0,0,0,0,4,0,0,0,205,blue,5127,4859,9986
83,,3810800,1,20260823,1114,36,0,,,,,1174,22,0,,,,,3,36.82044403604179,138.192306,,,0,0,0,0,0,0,1,0,0,0,205,blue,1150,1196,2346
83,,3810810,1,20260823,3785,98,0,,,,,3315,48,0,,,,,3,36.8368890360604,138.205542,,,0,0,0,0,0,0,0,0,0,0,205,blue,3883,3363,7246
83,,3810820,1,20260823,1866,42,0,,,,,1766,127,0,,,,,3,36.513833035689494,138.094389,,,0,0,0,0,0,1,1,0,0,0,205,blue,1908,1893,3801
83,,3810821,1,20260823,2184,129,0,,,,,1990,47,0,,,,,3,36.52786103570584,138.096722,,,0,0,0,0,0,1,4,0,0,0,205,blue,2313,2037,4350
83,,3810830,1,20260823,7776,289,0,,,,,4665,253,0,,,,,3,36.23586103536139,137.9565,,,0,0,0,0,0,0,4,0,0,0,205,blue,8065,4918,12983
83,,3810840,1,20260823,2436,233,0,,,,,2468,71,0,,,,,3,36.38313903553625,137.925722,,,0,0,0,0,0,0,3,0,0,0,205,blue,2669,2539,5208
83,,3810850,1,20260823,1896,157,0,,,,,1753,65,0,,,,,3,36.4623860356294,137.946275,,,0,0,0,0,0,0,1,0,0,0,205,blue,2053,1818,3871
83,,3810860,1,20260823,2829,169,0,,,,,2868,78,0,,,,,3,36.5884720357762,138.050889,,,0,0,0,0,0,0,11,0,0,0,205,blue,2998,2946,5944
83,,3810870,1,20260823,6287,188,0,,,,,7184,231,0,,,,,3,36.61469403580651,138.085167,,,0,0,0,0,0,0,0,0,0,0,205,blue,6475,7415,13890
83,,3810880,1,20260823,5943,476,0,,,,,7149,354,0,,,,,3,36.615111035807,138.086528,,,0,0,0,0,0,0,1,0,0,0,205,blue,6419,7503,13922
83,,3810900,1,20260823,3101,69,0,,,,,3472,147,0,,,,,3,36.62808303582196,138.153194,,,0,0,0,0,0,0,2,0,0,0,205,blue,3170,3619,6789
83,,3810910,1,20260823,8259,160,0,,,,,9413,106,0,,,,,3,36.64626403584291,138.18197200000003,,,0,0,0,0,0,0,0,0,0,0,205,blue,8419,9519,17938
83,,3810920,1,20260823,5079,131,0,,,,,5264,57,0,,,,,3,36.648972035846036,138.193972,,,0,0,0,0,0,0,0,0,0,0,205,blue,5210,5321,10531
83,,3810930,1,20260823,3680,295,0,,,,,4273,219,0,,,,,3,36.616944035809105,138.133611,,,0,0,0,0,0,0,0,0,0,0,205,blue,3975,4492,8467
83,,3810950,1,20260823,,,,,,,,,,,,,,,3,35.67318837384892,139.663841176629,,,0,0,0,0,0,0,0,205,0,0,205,blue,0,0,0
83,,3810970,1,20260823,3620,65,0,,,,,1849,22,0,,,,,3,35.61726703460252,139.240054,,,0,0,0,0,0,0,0,0,0,0,205,blue,3685,1871,5556
83,,3810980,1,20260823,4471,98,0,,,,,2354,79,0,,,,,3,35.62000003460596,139.1275,,,0,0,0,0,0,0,0,0,0,0,205,blue,4569,2433,7002
83,,3811030,1,20260823,13640,726,0,,,,,12850,994,0,,,,,3,35.643889034635976,138.636389,,,0,0,0,0,0,0,0,0,0,0,205,blue,14366,13844,28210
83,,3811050,1,20260823,3755,326,0,,,,,3670,170,0,,,,,3,35.91541703497313,138.227361,,,0,0,0,0,0,0,12,0,0,0,205,blue,4081,3840,7921
83,,3811060,1,20260823,,,,,,,,,,,,,,,3,35.94028603500364,138.197875,,,1,0,0,0,0,0,3,0,0,0,205,blue,0,0,0
83,,3811070,1,20260823,4915,84,0,,,,,4996,156,0,,,,,3,36.029750035112876,138.1255,,,0,0,0,0,0,0,3,0,0,0,205,blue,4999,5152,10151
83,,3811080,1,20260823,9203,585,0,,,,,7399,326,0,,,,,3,36.077694035171085,138.037889,,,0,0,0,0,0,0,2,0,0,0,205,blue,9788,7725,17513
83,,3811090,1,20260823,21,0,0,,,,,6296,597,0,,,,,3,36.12191703522454,137.959472,,,0,0,0,0,0,0,6,0,0,0,205,blue,21,6893,6914
83,,3811100,1,20260823,4389,301,0,,,,,4384,164,0,,,,,3,35.9769440350485,138.163333,,,0,0,0,0,0,0,26,0,0,0,205,blue,4690,4548,9238
83,,3811110,1,20260823,2975,353,0,,,,,3511,582,0,,,,,3,36.08683303518214,138.06408300000004,,,0,0,0,0,0,0,2,0,0,0,205,blue,3328,4093,7421
83,,3811121,1,20260823,,,,,,,,2709,116,0,,,,,3,35.63168503462065,139.28402,,,0,0,0,0,0,1,1,0,0,0,205,blue,0,2825,2825
83,,3811130,1,20260823,3619,186,0,,,,,3817,139,0,,,,,3,35.99511103507067,138.139278,,,0,0,0,0,0,0,0,0,0,0,205,blue,3805,3956,7761
83,,3811220,1,20260823,,,,,,,,,,,,,,,3,35.959128035026716,140.602286,,,1,0,0,0,0,0,0,0,0,0,205,blue,0,0,0
83,,3811230,1,20260823,9,33,0,,,,,3810,278,0,,,,,3,35.95769703502496,140.602514,,,0,0,0,0,0,0,0,0,0,0,205,blue,42,4088,4130
83,,3811240,1,20260823,3489,165,0,,,,,2701,92,0,,,,,3,35.200928034070465,138.520986,,,0,0,0,0,0,0,1,0,0,0,205,blue,3654,2793,6447
83,,3811250,1,20260823,778,34,0,,,,,641,12,0,,,,,3,35.31250003421467,138.442011,,,0,0,0,0,0,0,0,0,0,0,205,blue,812,653,1465
83,,3811270,1,20260823,3595,271,0,,,,,4514,188,0,,,,,3,35.5316670344945,138.450278,,,0,0,0,0,0,0,0,0,0,0,205,blue,3866,4702,8568
83,,3811290,1,20260823,,,,,,,,,,,,,,,3,35.041444033862305,139.833306,,,1,,,,,,,,,,205,blue,0,0,0
83,,3811300,1,20260823,,,,,,,,,,,,,,,3,35.157361034013846,139.819,,,1,,,,,,,,,,205,blue,0,0,0
83,,3811330,1,20260823,1792,71,0,,,,,1778,37,0,,,,,3,35.53888903450364,138.885556,,,0,0,0,0,0,1,105,0,0,0,205,blue,1863,1815,3678
83,,3811340,1,20260823,5988,202,0,,,,,6100,157,0,,,,,3,35.60305603458465,138.940833,,,0,0,0,0,0,0,0,0,0,0,205,blue,6190,6257,12447
83,,3811350,1,20260823,13651,678,0,,,,,14775,606,0,,,,,3,35.61569396585425,139.627538019939,,,0,0,0,0,0,0,0,0,0,0,205,blue,14329,15381,29710
83,,3811360,1,20260823,12289,1264,0,,,,,14510,1260,0,,,,,3,35.48552503443597,139.460986,,,0,0,0,0,0,17,0,0,0,0,205,blue,13553,15770,29323
83,,3811370,1,20260823,6140,526,0,,,,,4526,296,0,,,,,3,35.35857503427389,139.075042,,,0,0,0,0,0,17,0,0,0,0,205,blue,6666,4822,11488
83,,3811390,1,20260823,18317,2004,0,,,,,,,,,,,,3,35.64686740024182,139.854860316246,,,0,0,0,0,0,0,0,0,0,0,205,blue,20321,0,20321
83,,3811401,1,20260823,5,0,0,,,,,,,,,,,,3,35.64792275306184,139.837391468126,,,0,0,0,0,0,0,0,0,0,0,205,blue,5,0,5
83,,3811410,1,20260823,12469,1671,0,,,,,,,,,,,,3,35.6321085640565,139.785108560174,,,0,0,0,0,0,0,0,0,0,0,205,blue,14140,0,14140
83,,3811411,1,20260823,,,,,,,,8108,1268,0,,,,,3,35.63193106766495,139.786372369256,,,0,0,0,0,0,0,72,0,0,0,205,blue,0,9376,9376
83,,3811420,1,20260823,,,,,,,,,,,,,,,3,35.57873713134419,139.756665501316,,,1,0,0,0,0,0,0,0,0,0,205,blue,0,0,0
83,,3811421,1,20260823,,,,,,,,6268,1508,0,,,,,3,35.573715682248654,139.759184371525,,,0,0,0,0,0,0,0,0,0,0,205,blue,0,7776,7776
83,,3811430,1,20260823,,,,,,,,,,,,,,,3,35.6138270345982,140.103045,,,1,,,,,,,,,,205,blue,0,0,0
83,,3811440,1,20260823,986,138,0,,,,,3499,221,0,,,,,3,35.60712645223976,139.747366707275,,,0,0,0,0,0,0,0,0,0,0,205,blue,1124,3720,4844
84,,4810010,1,20260823,21429,874,0,,,,,19266,520,0,,,,,3,37.9300000372281,139.134722,,,0,0,0,0,0,0,0,0,0,23,205,blue,22303,19786,42089
84,,4810020,1,20260823,19012,1009,0,,,,,16091,576,0,,,,,3,37.95278103725094,139.213611,,,0,0,0,0,0,1,1,0,0,0,205,blue,20021,16667,36688
84,,4810040,1,20260823,8588,199,0,,,,,8151,152,0,,,,,3,37.96305603726123,139.3275,,,0,0,0,0,0,0,0,0,0,0,205,blue,8787,8303,17090
84,,4810060,1,20260823,2215,35,0,,,,,2081,155,0,,,,,3,38.2550360375481,139.501792,,,0,0,0,0,0,0,0,0,0,0,205,blue,2250,2236,4486
84,,4810070,1,20260823,3465,507,0,,,,,3568,208,0,,,,,3,38.28200003757407,139.521444,,,0,0,0,0,0,0,0,0,0,0,205,blue,3972,3776,7748
84,,4810080,1,20260823,2160,416,0,,,,,2169,235,0,,,,,3,38.374925037662884,139.556342,,,0,0,0,0,0,0,0,0,0,0,205,blue,2576,2404,4980
84,,4810090,1,20260823,10864,482,0,,,,,10106,703,0,,,,,3,37.5351670368223,138.881569,,,0,0,0,0,0,0,0,0,0,1,205,blue,11346,10809,22155
84,,4810100,1,20260823,9931,361,0,,,,,11077,719,0,,,,,3,37.473639036757405,138.880583,,,0,0,0,0,0,1,1,0,0,0,205,blue,10292,11796,22088
84,,4810110,1,20260823,12057,179,0,,,,,11399,140,0,,,,,3,37.459033036741936,138.856414,,,0,0,0,0,0,0,0,0,0,0,205,blue,12236,11539,23775
84,,4810120,1,20260823,11768,158,0,,,,,13306,216,0,,,,,3,37.462169036745266,138.845592,,,0,0,0,0,0,0,0,0,0,0,205,blue,11926,13522,25448
84,,4810130,1,20260823,8785,142,0,,,,,9193,106,0,,,,,3,37.44445303672647,138.785889,,,0,0,0,0,0,0,0,0,0,2,205,blue,8927,9299,18226
84,,4810140,1,20260823,5047,83,0,,,,,4793,114,0,,,,,3,37.44069403672249,138.740364,,,0,0,0,0,0,0,0,0,0,3,205,blue,5130,4907,10037
84,,4810150,1,20260823,3413,45,0,,,,,3495,63,0,,,,,3,37.41229403669227,138.674192,,,0,0,0,0,0,0,0,0,0,4,205,blue,3458,3558,7016
84,,4810160,1,20260823,4763,277,0,,,,,4513,317,0,,,,,3,37.23896903650589,138.343486,,,0,0,0,0,0,0,0,0,0,0,205,blue,5040,4830,9870
84,,4810170,1,20260823,,,,,,,,,,,,,,,3,37.18690003644924,138.272953,,,1,0,0,0,0,1,1,0,0,0,205,blue,0,0,0
84,,4810180,1,20260823,8443,274,0,,,,,8422,310,0,,,,,3,37.17543303643671,138.266805,,,0,0,0,0,0,0,0,0,0,0,205,blue,8717,8732,17449
84,,4810190,1,20260823,10293,377,0,,,,,10496,349,0,,,,,3,37.1623530364224,138.247561,,,0,0,0,0,0,0,0,0,0,1,205,blue,10670,10845,21515
84,,4810200,1,20260823,4118,256,0,,,,,4368,254,0,,,,,3,37.105891036360454,137.990565,,,0,0,0,0,0,0,0,0,0,0,205,blue,4374,4622,8996
84,,4810210,1,20260823,3947,249,0,,,,,4126,200,0,,,,,3,37.08795603634071,137.96033,,,0,0,0,0,0,0,0,0,0,0,205,blue,4196,4326,8522
84,,4810220,1,20260823,2745,152,0,,,,,3627,171,0,,,,,3,37.057208036306754,137.905455,,,0,0,0,0,0,0,0,0,0,0,205,blue,2897,3798,6695
84,,4810230,1,20260823,2341,174,0,,,,,3404,212,0,,,,,3,37.050899036299775,137.885459,,,0,0,0,0,0,0,0,0,0,0,205,blue,2515,3616,6131
84,,4810250,1,20260823,1396,74,0,,,,,810,16,0,,,,,3,37.05093203629982,137.890368,,,0,0,0,0,0,0,0,0,0,0,205,blue,1470,826,2296
84,,4810260,1,20260823,4254,689,0,,,,,4603,172,0,,,,,3,36.9856190362273,138.808078,,,0,0,0,0,0,0,0,0,0,0,205,blue,4943,4775,9718
84,,4810270,1,20260823,4802,398,0,,,,,4393,85,0,,,,,3,37.24858103651632,138.916575,,,0,0,0,0,0,0,0,0,0,3,205,blue,5200,4478,9678
84,,4810280,1,20260823,1289,77,0,,,,,1069,38,0,,,,,3,37.17036103643117,138.942139,,,0,0,0,0,0,0,0,0,0,1,205,blue,1366,1107,2473
84,,4810290,1,20260823,5693,220,0,,,,,6263,151,0,,,,,3,37.07683703632844,138.265595,,,0,0,0,0,0,0,0,0,0,4,205,blue,5913,6414,12327
84,,4810300,1,20260823,1227,126,0,,,,,1170,42,0,,,,,3,37.66361103695634,139.536806,,,0,0,0,0,0,0,0,0,0,0,205,blue,1353,1212,2565
84,,4810310,1,20260823,6731,190,0,,,,,6960,86,0,,,,,3,37.84055603713779,139.147778,,,0,0,0,0,0,0,0,0,0,0,205,blue,6921,7046,13967
84,,4810330,1,20260823,27656,454,0,,,,,24098,431,0,,,,,3,37.8978060371957,139.070722,,,0,0,0,0,0,0,0,0,0,0,205,blue,28110,24529,52639
84,,4810340,1,20260823,1977,258,0,,,,,2058,149,0,,,,,3,37.563464036852,138.734306,,,0,0,0,0,0,1,1,0,0,2,205,blue,2235,2207,4442
84,,4810350,1,20260823,4955,337,0,,,,,5236,165,0,,,,,3,37.61757803690852,138.825033,,,0,0,0,0,0,0,0,0,0,1,205,blue,5292,5401,10693
84,,4810360,1,20260823,6914,375,0,,,,,7297,290,0,,,,,3,37.690358036984,138.885919,,,0,0,0,0,0,0,0,0,0,0,205,blue,7289,7587,14876
84,,4810370,1,20260823,5912,228,0,,,,,6283,209,0,,,,,3,37.8052690371019,138.92235,,,0,0,0,0,0,1,1,0,0,1,205,blue,6140,6492,12632
84,,4810380,1,20260823,14363,345,0,,,,,15123,330,0,,,,,3,37.86309703716064,138.981,,,0,0,0,0,0,1,1,0,0,1,205,blue,14708,15453,30161
84,,4810395,1,20260823,,,,,,,,,,,,,,,3,36.691540505894935,136.9116223,,,1,,,,0,7,,,0,0,205,blue,0,0,0
84,,4810406,1,20260823,3275,225,22,,,,,4086,133,52,,,,,3,36.89660103612769,137.444677,,,0,,,,0,1,,,0,0,205,blue,3522,4271,7793
84,,4810410,1,20260823,6134,167,0,,,,,6831,76,0,,,,,3,36.816442036037266,137.41630300000003,,,0,0,0,0,0,76,76,0,0,0,205,blue,6301,6907,13208
84,,4810420,1,20260823,7265,294,0,,,,,7510,181,0,,,,,3,36.718606035925916,137.303914,,,0,0,0,0,0,72,72,0,0,5,205,blue,7559,7691,15250
84,,4810430,1,20260823,7417,251,0,,,,,7349,172,0,,,,,3,36.71795303592518,137.279328,,,0,0,0,0,0,74,74,0,0,12,205,blue,7668,7521,15189
84,,4810440,1,20260823,8867,386,0,,,,,9303,250,0,,,,,3,36.72027203592783,137.263083,,,0,0,0,0,0,32,32,0,0,0,205,blue,9253,9553,18806
84,,4810445,1,20260823,14462,473,4,,,,,13784,426,155,,,,,3,36.73017862593915,137.18171158,,,0,,,,0,1,,,0,0,205,blue,14939,14365,29304
84,,4810447,1,20260823,9657,474,66,,,,,10846,296,70,,,,,3,36.72863947593739,137.12486156,,,0,,,,0,2,,,0,0,205,blue,10197,11212,21409
84,,4810454,1,20260823,10482,161,559,,,,,11425,173,0,,,,,3,36.744673195955684,136.99179584,,,0,,,,0,2,,,0,0,205,blue,11202,11598,22800
84,,4810460,1,20260823,,,,,,,,,,,,,,,3,36.68745003589023,136.855675,,,1,0,0,0,0,74,74,0,0,5,205,blue,0,0,0
84,,4810462,1,20260823,2606,144,2,,,,,879,6,0,,,,,3,36.525710035703334,137.22999,,,0,,,,0,18,,,0,0,205,blue,2752,885,3637
84,,4810463,1,20260823,2994,139,124,,,,,3501,122,93,,,,,3,36.53609652571542,137.23114399,,,0,,,,0,19,,,0,0,205,blue,3257,3716,6973
84,,4810470,1,20260823,,,,,,,,,,,,,,,3,36.69575603589977,137.237889,,,1,0,0,0,0,0,0,0,0,0,205,blue,0,0,0
84,,4810480,1,20260823,1950,53,0,,,,,2002,69,0,,,,,3,36.580522035767004,136.965706,,,0,0,0,0,0,66,66,0,0,0,205,blue,2003,2071,4074
84,,4810485,1,20260823,5808,60,9,,,,,6396,81,9,,,,,3,36.68510836918755,136.9765361111,,,0,,,,0,2,,,0,0,205,blue,5877,6486,12363
84,,4810490,1,20260823,2564,15,0,,,,,2974,24,0,,,,,3,36.74530803595641,137.01085,,,0,0,0,0,0,60,60,0,0,1,205,blue,2579,2998,5577
84,,4810500,1,20260823,612,34,0,,,,,299,31,0,,,,,3,36.91246103614551,137.019489,,,0,0,0,0,0,134,134,0,0,2,205,blue,646,330,976
84,,4810510,1,20260823,,,,,,,,,,,,,,,3,36.84943603607457,136.97895,,,1,,,,,,,,,,205,blue,0,0,0
84,,4810530,1,20260823,16248,339,0,,,,,16630,507,0,,,,,3,36.44611103561032,136.488056,,,0,0,0,0,0,0,0,0,0,0,205,blue,16587,17137,33724
84,,4810550,1,20260823,8322,241,0,,,,,8289,356,0,,,,,3,36.32672203546954,136.41169500000004,,,0,0,0,0,0,1,1,0,0,7,205,blue,8563,8645,17208
84,,4810570,1,20260823,9092,790,0,,,,,9021,511,0,,,,,3,36.571667035756725,136.655556,,,0,0,0,0,0,0,0,0,0,2,205,blue,9882,9532,19414
84,,4810580,1,20260823,8639,119,0,,,,,2758,19,0,,,,,3,36.54430803572498,136.640516,,,0,0,0,0,0,1,1,0,0,7,205,blue,8758,2777,11535
84,,4810590,1,20260823,14063,79,0,,,,,14343,100,0,,,,,3,36.54061903572069,136.623128,,,0,0,0,0,0,0,0,0,0,1,205,blue,14142,14443,28585
84,,4810600,1,20260823,3611,107,0,,,,,3530,122,0,,,,,3,37.04041903628817,136.969305,,,0,0,0,0,0,0,0,0,0,0,205,blue,3718,3652,7370
84,,4810610,1,20260823,,,,,,,,,,,,,,,3,36.90469303613679,136.830093,,,1,,,,,,,,,,205,blue,0,0,0
84,,4810620,1,20260823,1423,31,0,,,,,1376,55,0,,,,,3,36.86972803609746,136.79694700000002,,,0,0,0,0,0,1,1,0,0,0,205,blue,1454,1431,2885
84,,4810630,1,20260823,8047,74,0,,,,,5249,40,0,,,,,3,36.560782035744104,136.677711,,,0,0,0,0,0,0,0,0,0,0,205,blue,8121,5289,13410
85,22,5810060,1,20260823,1949,130,,,,,,1762,124,,,,,,3,34.90554603368308,138.270337,,,0,,0,,0,0,0,0,,0,205,blue,2079,1886,3965
85,22,5810080,1,20260823,5840,2102,,,,,,10766,787,,,,,,3,34.84454203360207,138.151981,,,0,,0,,0,0,0,0,,0,205,blue,7942,11553,19495
85,22,5810090,1,20260823,10484,687,,,,,,10596,558,,,,,,3,34.78638703352455,138.050184,,,0,,0,,0,0,0,0,,0,205,blue,11171,11154,22325
85,22,5810110,1,20260823,32905,2625,,,,,,25701,1790,,,,,,3,34.76273603349293,137.969553,,,0,,0,,0,0,0,0,,0,205,blue,35530,27491,63021
85,23,5810190,1,20260823,5757,221,,,,,,5862,112,,,,,,3,35.11388803395716,136.734972,,,0,,0,,0,0,0,0,,0,205,blue,5978,5974,11952
85,24,5810210,1,20260823,6041,696,,,,,,6193,494,,,,,,3,34.86311003362677,136.47097,,,0,,0,,0,0,0,0,,0,205,blue,6737,6687,13424
85,21,5810280,1,20260823,12749,352,,,,,,9479,195,,,,,,3,35.365972034283374,137.22477800000001,,,0,,0,,0,0,0,0,,0,205,blue,13101,9674,22775
85,21,5810330,1,20260823,10299,482,,,,,,10160,441,,,,,,3,35.44925903438983,137.419698,,,0,,0,,0,0,0,0,,0,205,blue,10781,10601,21382
85,21,5810340,1,20260823,8910,286,,,,,,7921,549,,,,,,3,35.45966703440309,137.442028,,,0,,0,,0,0,0,0,,0,205,blue,9196,8470,17666
85,21,5810350,1,20260823,4763,289,,,,,,15571,705,,,,,,3,35.51200003446958,137.521639,,,0,,0,,0,0,0,0,,0,205,blue,5052,16276,21328
85,21,5810360,1,20260823,4570,714,,,,,,3657,436,,,,,,3,35.581250034557165,137.537222,,,0,,0,,0,0,0,0,,0,205,blue,5284,4093,9377
85,21,5810370,1,20260823,4653,336,,,,,,3732,393,,,,,,3,35.81618803485076,137.683244,,,0,,0,,0,0,0,0,,0,205,blue,4989,4125,9114
85,21,5810380,1,20260823,3268,616,,,,,,3223,439,,,,,,3,35.91502403497266,137.77069,,,0,,0,,0,0,0,0,,0,205,blue,3884,3662,7546
85,21,5810390,1,20260823,2904,463,,,,,,2180,333,,,,,,3,35.93471103499681,137.786917,,,0,,0,,0,0,0,0,,0,205,blue,3367,2513,5880
85,21,5810420,1,20260823,3428,355,,,,,,3311,223,,,,,,3,35.37572803429589,137.190676,,,0,,0,,0,0,0,0,,0,205,blue,3783,3534,7317
85,21,5810440,1,20260823,2386,170,,,,,,2509,106,,,,,,3,35.426917034361345,137.132361,,,0,,0,,0,0,0,0,,0,205,blue,2556,2615,5171
85,21,5810470,1,20260823,6561,202,,,,,,6253,414,,,,,,3,35.418612034350744,136.946394,,,0,,0,,0,0,0,0,,0,205,blue,6763,6667,13430
85,21,5810510,1,20260823,2207,61,,,,,,1866,11,,,,,,3,35.37112003428997,136.453326,,,0,,0,,0,78,78,0,,0,205,blue,2268,1877,4145
85,23,5810530,1,20260823,10669,895,,,,,,9029,374,,,,,,3,34.696128033403625,137.40686,,,0,,0,,0,0,0,0,,0,205,blue,11564,9403,20967
85,23,5810570,1,20260823,12651,523,,,,,,12065,961,,,,,,3,34.84938803360853,137.221222,,,0,,0,,0,0,0,0,,0,205,blue,13174,13026,26200
85,23,5810580,1,20260823,15470,1282,,,,,,23,4,,,,,,3,34.84869403360759,137.197416,,,0,,0,,0,0,0,0,,0,205,blue,16752,27,16779
85,23,5810620,1,20260823,20791,1741,,,,,,18249,1054,,,,,,3,35.10119403394058,136.86925,,,0,,0,,0,0,0,0,,0,205,blue,22532,19303,41835
85,24,5810670,1,20260823,12386,543,,,,,,11938,322,,,,,,3,34.65002003334157,136.51956,,,0,,0,,0,0,0,0,,0,205,blue,12929,12260,25189
85,24,5810680,1,20260823,10177,745,,,,,,10951,377,,,,,,3,34.71907003343443,136.4716,,,0,,0,,0,0,0,0,,0,205,blue,10922,11328,22250
85,24,5810690,1,20260823,11703,551,,,,,,10628,377,,,,,,3,34.64712003333765,136.49449,,,0,,0,,0,0,0,0,,0,205,blue,12254,11005,23259
85,24,5810700,1,20260823,8329,1512,,,,,,13366,1537,,,,,,3,34.850220033609624,136.416645,,,0,,0,,0,0,0,0,,0,205,blue,9841,14903,24744
85,24,5810730,1,20260823,13301,2200,,,,,,16049,1148,,,,,,3,34.62822503331218,135.986212,,,0,,0,,0,0,0,0,,0,205,blue,15501,17197,32698
85,21,5810760,1,20260823,4231,186,,,,,,3484,180,,,,,,3,35.55276203452119,137.177488,,,0,,0,,0,0,0,0,,0,205,blue,4417,3664,8081
85,21,5810770,1,20260823,1793,76,,,,,,1419,41,,,,,,3,35.64602003463866,137.169715,,,0,,0,,0,0,0,0,,0,205,blue,1869,1460,3329
85,21,5810780,1,20260823,2741,436,,,,,,2715,207,,,,,,3,35.667031034665,137.162564,,,0,,0,,0,0,0,0,,0,205,blue,3177,2922,6099
85,21,5810790,1,20260823,2296,388,,,,,,2071,102,,,,,,3,35.74291003475978,137.208481,,,0,,0,,0,0,0,0,,0,205,blue,2684,2173,4857
85,21,5810800,1,20260823,1650,453,,,,,,1559,160,,,,,,3,35.77947703480525,137.252586,,,0,,0,,0,0,0,0,,0,205,blue,2103,1719,3822
85,21,5810810,1,20260823,3957,367,,,,,,3470,249,,,,,,3,35.83471903487371,137.232014,,,0,,0,,0,0,0,0,,0,205,blue,4324,3719,8043
85,21,5810830,1,20260823,881,67,,,,,,2400,178,,,,,,3,36.02357503510535,137.294767,,,0,,0,,0,0,0,0,,0,205,blue,948,2578,3526
85,21,5810840,1,20260823,4626,87,,,,,,4664,147,,,,,,3,36.10871303520861,137.266233,,,0,,0,,0,0,0,0,,0,205,blue,4713,4811,9524
85,21,5810850,1,20260823,6022,332,,,,,,4933,159,,,,,,3,36.12373303522673,137.258932,,,0,,0,,0,0,0,0,,0,205,blue,6354,5092,11446
85,21,5810860,1,20260823,2021,169,,,,,,2357,229,,,,,,3,36.25072803537914,137.162845,,,0,,0,,0,0,0,0,,0,205,blue,2190,2586,4776
85,21,5810880,1,20260823,1008,77,,,,,,1068,41,,,,,,3,36.31423303545473,137.259675,,,0,,0,,0,0,0,0,,0,205,blue,1085,1109,2194
85,24,5810890,1,20260823,2942,93,,,,,,3098,200,,,,,,3,34.407524733012174,136.4423714,,,0,,0,,0,0,0,0,,0,205,blue,3035,3298,6333
85,24,5810900,1,20260823,1019,106,,,,,,864,29,,,,,,3,34.1617406326732,136.2779067,,,0,,0,,0,0,0,0,,0,205,blue,1125,893,2018
85,24,5810920,1,20260823,1548,81,,,,,,1421,596,,,,,,3,34.05028613251784,136.1958331,,,0,,0,,0,0,0,0,,0,205,blue,1629,2017,3646
85,24,5810930,1,20260823,257,5,,,,,,239,9,,,,,,3,33.98629813242818,136.1080803,,,0,,0,,0,0,0,0,,0,205,blue,262,248,510
85,24,5810940,1,20260823,661,135,,,,,,738,66,,,,,,3,33.93298113235323,136.0940822,,,0,,0,,0,0,0,0,,0,205,blue,796,804,1600
85,24,5810960,1,20260823,2950,235,,,,,,2406,104,,,,,,3,34.00152563244955,136.1851117,,,0,,0,,0,0,0,0,,0,205,blue,3185,2510,5695
85,24,5810970,1,20260823,2831,155,,,,,,2331,103,,,,,,3,33.942137832366114,136.1524581,,,0,,0,,0,0,0,0,,0,205,blue,2986,2434,5420
85,24,5810980,1,20260823,3002,215,,,,,,2502,141,,,,,,3,33.92889863234747,136.1381858,,,0,,0,,0,0,0,0,,0,205,blue,3217,2643,5860
85,24,5810990,1,20260823,2631,110,,,,,,2075,191,,,,,,3,33.74057583208088,135.9955167,,,0,,0,,0,0,0,0,,0,205,blue,2741,2266,5007
85,24,5811000,1,20260823,3963,226,,,,,,3266,179,,,,,,1,34.10420863259313,136.1948133,,,0,,0,,0,0,0,0,,0,205,blue,4189,3445,7634
85,22,5811020,1,20260823,1518,264,,,,,,1492,331,,,,,,3,35.15084103400535,138.522379,,,0,,0,,0,0,0,0,,0,205,blue,1782,1823,3605
85,22,5811030,1,20260823,1625,23,,,,,,1204,53,,,,,,3,35.15470103401037,138.520314,,,0,,0,,0,0,0,0,,0,205,blue,1648,1257,2905
85,22,5811040,1,20260823,,,,,,,,,,,,,,,3,35.19272303405982,138.529894,,,1,,0,,0,0,0,0,,1,205,blue,0,0,0
85,22,5811050,1,20260823,3204,159,,,,,,4357,109,,,,,,3,35.37095103428976,138.860418,,,0,,0,,0,0,0,0,,0,205,blue,3363,4466,7829
85,23,5811110,1,20260823,3357,405,,,,,,2916,62,,,,,,3,35.135027033984734,137.309194,,,0,,0,,0,0,0,0,,0,205,blue,3762,2978,6740
85,23,5811120,1,20260823,4206,165,,,,,,3072,145,,,,,,3,35.149777034003954,137.332722,,,0,,0,,0,0,0,0,,0,205,blue,4371,3217,7588
85,23,5811130,1,20260823,2759,1257,,,,,,2884,81,,,,,,3,35.1700830340304,137.406805,,,0,,0,,0,0,0,0,,0,205,blue,4016,2965,6981
85,23,5811140,1,20260823,1708,413,,,,,,1440,55,,,,,,3,35.221388034097004,137.524166,,,0,,0,,0,0,0,0,,0,205,blue,2121,1495,3616
85,21,5811150,1,20260823,3371,136,,,,,,2917,181,,,,,,3,35.46219703440631,137.756093,,,0,,0,,0,0,0,0,,0,205,blue,3507,3098,6605
85,21,5811160,1,20260823,3894,459,,,,,,3636,265,,,,,,3,35.50206103445697,137.792544,,,0,,0,,0,0,0,0,,0,205,blue,4353,3901,8254
85,23,5811170,1,20260823,2457,201,,,,,,2464,46,,,,,,3,35.21055503408296,137.106666,,,0,,0,,0,0,0,0,,0,205,blue,2658,2510,5168
85,21,5811190,1,20260823,5497,108,,,,,,3691,164,,,,,,3,35.601941034583234,136.937212,,,0,,0,,0,0,0,0,,0,205,blue,5605,3855,9460
85,21,5811230,1,20260823,4472,166,,,,,,4868,265,,,,,,3,36.13868903524477,137.164639,,,0,,0,,0,0,0,0,,0,205,blue,4638,5133,9771
85,21,5811240,1,20260823,3598,149,,,,,,4351,279,,,,,,3,36.16135703527206,137.222749,,,0,,0,,0,0,0,0,,0,205,blue,3747,4630,8377
85,22,5811250,1,20260823,1668,102,,,,,,5378,588,,,,,,3,35.312573034214765,138.927446,,,0,,0,,0,0,0,0,,0,205,blue,1770,5966,7736
85,21,5811270,1,20260823,,,,,,,,,,,,,,,3,35.23023303410846,136.596679,,,1,,0,,0,78,78,0,,0,205,blue,0,0,0
85,21,5811330,1,20260823,1117,59,,,,,,997,23,,,,,,3,35.46731303441282,137.78409,,,0,,0,,0,0,0,0,,0,205,blue,1176,1020,2196
86,,6810010,1,20260823,,,,,,,,,,,,,,,3,34.89694403367168,136.336111,,,1,,0,,0,0,0,0,,0,205,blue,0,0,0
86,,6810020,1,20260823,,,,,,,,,,,,,,,3,34.97777803377855,135.901667,,,1,,0,,0,0,0,0,,0,205,blue,0,0,0
86,,6810030,1,20260823,,,,,,,,,,,,,,,3,35.00527803381478,136.094722,,,1,,0,,0,205,205,0,,0,205,blue,0,0,0
86,,6810060,1,20260823,0,0,,,,,,14463,1781,,,,,,3,34.986389033789905,135.75305600000002,,,0,,0,,0,0,0,0,,0,205,blue,0,16244,16244
86,,6810089,1,20260823,,,,,,,,,,,,,,,3,34.978118033779,135.908546,,,1,,0,,0,0,0,0,,0,205,blue,0,0,0
86,,6810090,1,20260823,4379,277,,,,,,0,0,,,,,,3,34.83138903358458,135.72305600000004,,,0,,0,,0,0,0,0,,0,205,blue,4656,0,4656
86,,6810100,1,20260823,0,0,,,,,,3882,166,,,,,,3,34.83138903358458,135.723889,,,0,,0,,0,0,0,0,,0,205,blue,0,4048,4048
86,,6810105,1,20260823,10954,790,,,,,,9605,526,,,,,,3,34.71411113342777,135.4489722,,,0,,0,,0,0,0,0,,0,205,blue,11744,10131,21875
86,,6810111,1,20260823,10062,209,,,,,,11787,113,,,,,,3,34.6429970333321,135.019846,,,0,,0,,0,0,0,0,,0,205,blue,10271,11900,22171
86,,6810130,1,20260823,,,,,,,,,,,,,,,3,34.842500033599364,134.330556,,,0,,0,,0,0,0,0,,205,205,blue,0,0,0
86,,6810135,1,20260823,5536,264,,,,,,5002,232,,,,,,3,36.18333336529846,136.26777780000003,,,0,,0,,0,0,0,0,,0,205,blue,5800,5234,11034
86,,6810140,1,20260823,9055,1065,,,,,,8248,1780,,,,,,3,36.14305603525003,136.263889,,,0,,0,,0,0,0,0,,0,205,blue,10120,10028,20148
86,,6810150,1,20260823,,,,,,,,,,,,,,,3,36.0772220351705,136.244444,,,1,,0,,0,0,0,0,,0,205,blue,0,0,0
86,,6810160,1,20260823,9745,1689,,,,,,10238,1458,,,,,,3,36.02444403510641,136.218333,,,0,,0,,0,0,0,0,,0,205,blue,11434,11696,23130
86,,6810165,1,20260823,10511,285,,,,,,7064,129,,,,,,3,35.980555595052905,136.1958333,,,0,,0,,0,0,0,0,,0,205,blue,10796,7193,17989
86,,6810170,1,20260823,12716,458,,,,,,11728,154,,,,,,3,35.95555603502233,136.188889,,,0,,0,,0,0,0,0,,0,205,blue,13174,11882,25056
86,,6810180,1,20260823,5425,280,,,,,,4910,253,,,,,,3,35.878333034927515,136.169444,,,0,,0,,0,0,0,0,,0,205,blue,5705,5163,10868
86,,6810190,1,20260823,,,,,,,,,,,,,,,3,35.719444034730536,136.094722,,,1,,0,,0,0,0,0,,0,205,blue,0,0,0
86,,6810200,1,20260823,1483,35,,,,,,1538,48,,,,,,3,35.66555603466316,136.083056,,,0,,0,,0,0,0,0,,0,205,blue,1518,1586,3104
86,,6810220,1,20260823,2511,122,,,,,,3780,179,,,,,,3,35.60416703458605,136.107222,,,0,,0,,0,0,0,0,,0,205,blue,2633,3959,6592
86,,6810230,1,20260823,1435,838,,,,,,3338,223,,,,,,3,35.57603003455058,136.122756,,,0,,0,,0,0,0,0,,0,205,blue,2273,3561,5834
86,,6810240,1,20260823,5626,321,,,,,,6180,668,,,,,,3,35.512778034470564,136.173333,,,0,,0,,0,0,0,0,,0,205,blue,5947,6848,12795
86,,6810241,1,20260823,3077,900,,,,,,2240,1166,,,,,,3,35.4322160343681,136.245092,,,0,,0,,0,0,0,0,,0,205,blue,3977,3406,7383
86,,6810250,1,20260823,7240,659,,,,,,8073,480,,,,,,3,35.27555603416706,136.269444,,,0,,0,,0,0,0,0,,0,205,blue,7899,8553,16452
86,,6810260,1,20260823,5955,296,,,,,,6441,274,,,,,,3,35.11611103396005,136.128333,,,0,,0,,0,0,0,0,,0,205,blue,6251,6715,12966
86,,6810270,1,20260823,6611,307,,,,,,6339,712,,,,,,3,35.091944033928485,136.089722,,,0,,0,,0,0,0,0,,0,205,blue,6918,7051,13969
86,,6810280,1,20260823,292,16,,,,,,3028,254,,,,,,3,35.66000003465618,136.084722,,,0,,0,,0,0,0,0,,0,205,blue,308,3282,3590
86,,6810290,1,20260823,9864,2146,,,,,,13646,980,,,,,,3,34.996111033802705,135.722222,,,0,,0,,0,0,0,0,,0,205,blue,12010,14626,26636
86,,6810300,1,20260823,0,0,,,,,,186,4,,,,,,3,34.981944033784046,135.693056,,,0,,0,,0,0,0,0,,0,205,blue,0,190,190
86,,6810310,1,20260823,10874,410,,,,,,0,0,,,,,,3,34.981944033784046,135.692917,,,0,,0,,0,0,0,0,,0,205,blue,11284,0,11284
86,,6810320,1,20260823,,,,,,,,,,,,,,,3,34.992500033797945,135.64750000000004,,,1,,0,,0,0,0,0,,0,205,blue,0,0,0
86,,6810330,1,20260823,9683,454,,,,,,8989,663,,,,,,3,34.989722033794294,135.636667,,,0,,0,,0,0,0,0,,0,205,blue,10137,9652,19789
86,,6810335,1,20260823,5508,355,,,,,,5246,149,,,,,,3,35.488936034440314,135.756215,,,0,,0,,0,0,0,0,,0,205,blue,5863,5395,11258
86,,6810340,1,20260823,532,17,,,,,,620,57,,,,,,3,35.12222203396803,135.439444,,,0,,0,,0,0,0,0,,0,205,blue,549,677,1226
86,,6810343,1,20260823,,,,,,,,,,,,,,,3,35.18777781405339,135.3219444,,,1,,0,,0,0,0,0,,0,205,blue,0,0,0
86,,6810344,1,20260823,2921,277,,,,,,3505,308,,,,,,3,35.24583336412865,135.2161111,,,0,,0,,0,0,0,0,,0,205,blue,3198,3813,7011
86,,6810346,1,20260823,4955,285,,,,,,5099,294,,,,,,3,35.28305559417674,135.1777778,,,0,,0,,0,0,0,0,,0,205,blue,5240,5393,10633
86,,6810348,1,20260823,7166,440,,,,,,6134,409,,,,,,3,35.3139820342166,135.101491,,,0,,0,,0,0,0,0,,0,205,blue,7606,6543,14149
86,,6810360,1,20260823,,,,,,,,,,,,,,,3,35.333611034241834,134.917222,,,0,,0,,0,0,0,0,,205,205,blue,0,0,0
86,,6810365,1,20260823,5545,271,,,,,,5099,167,,,,,,3,36.25913403538918,136.286774,,,0,,0,,0,0,0,0,,0,205,blue,5816,5266,11082
86,,6810370,1,20260823,,,,,,,,,,,,,,,3,35.38305603430526,134.671667,,,0,,0,,0,0,0,0,,205,205,blue,0,0,0
86,,6810390,1,20260823,,,,,,,,,,,,,,,3,35.48083303443001,134.585278,,,0,,0,,0,0,0,0,,205,205,blue,0,0,0
86,,6810400,1,20260823,,,,,,,,,,,,,,,3,35.50388903445929,134.533889,,,0,,0,,0,0,0,0,,205,205,blue,0,0,0
86,,6810410,1,20260823,,,,,,,,,,,,,,,3,35.5247220344857,134.4275,,,0,,0,,0,0,0,0,,205,205,blue,0,0,0
86,,6810420,1,20260823,4821,228,,,,,,4393,135,,,,,,3,35.33111103423862,136.352222,,,0,,0,,0,0,0,0,,0,205,blue,5049,4528,9577
86,,6810450,1,20260823,4176,89,,,,,,2579,34,,,,,,3,34.229683032767404,135.169164,,,0,,0,,0,0,0,0,,0,205,blue,4265,2613,6878
86,,6810492,1,20260823,5156,1156,,,,,,5960,245,,,,,,3,34.5749167332401,135.6647778,,,0,,0,,0,0,0,0,,0,205,blue,6312,6205,12517
86,,6810500,1,20260823,,,,,,,,,,,,,,,3,34.58000003324698,135.466581,,,1,,0,,0,0,0,0,,0,205,blue,0,0,0
86,,6810510,1,20260823,,,,,,,,,,,,,,,3,34.5797220332466,135.466581,,,1,,0,,0,0,0,0,,0,205,blue,0,0,0
86,,6810540,1,20260823,,,,,,,,,,,,,,,3,34.36000003294702,135.269444,,,1,,0,,0,0,0,0,,0,205,blue,0,0,0
86,,6810550,1,20260823,,,,,,,,,,,,,,,3,34.32270003289575,135.19756,,,1,,0,,0,0,0,0,,0,205,blue,0,0,0
86,,6810551,1,20260823,10195,1030,,,,,,9418,206,,,,,,3,34.32488893289876,135.1913056,,,0,,0,,0,0,0,0,,0,205,blue,11225,9624,20849
86,,6810552,1,20260823,5486,156,,,,,,5851,141,,,,,,3,34.31283333288218,135.1605,,,0,,0,,0,0,0,0,,0,205,blue,5642,5992,11634
86,,6810560,1,20260823,,,,,,,,,,,,,,,3,34.24805603279281,135.175,,,1,,0,,0,0,0,0,,0,205,blue,0,0,0
86,,6810580,1,20260823,6409,116,,,,,,2622,88,,,,,,3,35.633611034623065,136.021389,,,0,,0,,0,0,0,0,,0,205,blue,6525,2710,9235
86,,6810590,1,20260823,,,,,,,,,,,,,,,3,35.58083303455663,135.910417,,,1,,0,,0,0,0,0,,0,205,blue,0,0,0
86,,6810610,1,20260823,3833,281,,,,,,3684,205,,,,,,3,35.469444034415524,135.825,,,0,,0,,0,0,0,0,,0,205,blue,4114,3889,8003
86,,6810620,1,20260823,3279,199,,,,,,3832,198,,,,,,3,35.483056034432835,135.666111,,,0,,0,,0,0,0,0,,0,205,blue,3478,4030,7508
86,,6810630,1,20260823,3598,250,,,,,,2877,499,,,,,,3,35.48805603443919,135.595833,,,0,,0,,0,0,0,0,,0,205,blue,3848,3376,7224
86,,6810660,1,20260823,3618,398,,,,,,3589,226,,,,,,3,35.48083303443001,135.421389,,,0,,0,,0,0,0,0,,0,205,blue,4016,3815,7831
86,,6810667,1,20260823,1408,44,,,,,,4916,754,,,,,,3,35.46027781440387,135.3566667,,,0,,0,,0,0,0,0,,0,205,blue,1452,5670,7122
86,,6810670,1,20260823,4592,225,,,,,,4555,236,,,,,,3,35.414167034345056,135.333056,,,0,,0,,0,0,0,0,,0,205,blue,4817,4791,9608
86,,6810671,1,20260823,4824,429,,,,,,4814,246,,,,,,3,35.37888892429992,135.3169444,,,0,,0,,0,0,0,0,,0,205,blue,5253,5060,10313
86,,6810730,1,20260823,,,,,,,,,,,,,,,3,34.85305603361341,134.605278,,,0,,0,,0,0,0,0,,205,205,blue,0,0,0
86,,6810740,1,20260823,,,,,,,,,,,,,,,3,34.87691203364509,134.61312,,,0,,0,,0,0,0,0,,205,205,blue,0,0,0
86,,6810750,1,20260823,,,,,,,,,,,,,,,3,35.07068203390065,134.587422,,,0,,0,,0,0,0,0,,205,205,blue,0,0,0
86,,6810760,1,20260823,,,,,,,,,,,,,,,3,35.145672033998615,134.539014,,,0,,0,,0,0,0,0,,205,205,blue,0,0,0
86,,6810770,1,20260823,,,,,,,,,,,,,,,3,33.692375032012194,135.984591,,,1,,0,,0,0,0,0,,0,205,blue,0,0,0
86,,6810780,1,20260823,2169,167,,,,,,995,1293,,,,,,3,33.61777803190555,135.927061,,,0,,0,,0,0,0,0,,0,205,blue,2336,2288,4624
86,,6810790,1,20260823,5506,227,,,,,,211,2,,,,,,3,33.56853903183492,135.910197,,,0,,0,,0,0,0,0,,0,205,blue,5733,213,5946
86,,6810800,1,20260823,3456,354,,,,,,3510,130,,,,,,3,33.50323103174097,135.806228,,,0,,0,,0,0,0,0,,0,205,blue,3810,3640,7450
86,,6810810,1,20260823,2939,166,,,,,,3254,177,,,,,,3,33.48392803171314,135.760481,,,0,,0,,0,0,0,0,,0,205,blue,3105,3431,6536
86,,6810820,1,20260823,0,0,,,,,,89,7,,,,,,3,33.509890031750565,135.60639100000003,,,0,,0,,0,0,0,0,,0,205,blue,0,96,96
86,,6810830,1,20260823,,,,,,,,,,,,,,,3,33.51850003176297,135.57,,,1,,0,,0,0,0,0,,0,205,blue,0,0,0
86,,6810840,1,20260823,,,,,,,,,,,,,,,3,33.554167031814266,135.458889,,,1,,0,,0,0,0,0,,0,205,blue,0,0,0
86,,6810850,1,20260823,,,,,,,,,,,,,,,3,33.70273603202697,135.411942,,,1,,0,,0,0,0,0,,0,205,blue,0,0,0
86,,6810860,1,20260823,9069,104,,,,,,5653,185,,,,,,3,33.72250003205514,135.404722,,,0,,0,,0,0,0,0,,0,205,blue,9173,5838,15011
86,,6810880,1,20260823,,,,,,,,,,,,,,,3,33.748889032092684,135.3275,,,1,,0,,0,0,0,0,,0,205,blue,0,0,0
86,,6810890,1,20260823,2905,242,,,,,,3271,211,,,,,,3,33.7811110321385,135.3025,,,0,,0,,0,0,0,0,,0,205,blue,3147,3482,6629
86,,6810900,1,20260823,4236,142,,,,,,3809,216,,,,,,3,33.91892803233343,135.146508,,,0,,0,,0,0,0,0,,0,205,blue,4378,4025,8403
86,,6810910,1,20260823,1998,600,,,,,,0,0,,,,,,3,33.94659203237239,135.12965,,,0,,0,,0,0,0,0,,0,205,blue,2598,0,2598
86,,6810920,1,20260823,6120,420,,,,,,5156,218,,,,,,3,34.04305603250771,135.189722,,,0,,0,,0,0,0,0,,0,205,blue,6540,5374,11914
86,,6810930,1,20260823,,,,,,,,,,,,,,,3,34.047035032513286,135.189167,,,1,,0,,0,0,0,0,,0,205,blue,0,0,0
86,,6810950,1,20260823,,,,,,,,,,,,,,,3,34.19539403271991,135.169583,,,1,,0,,0,0,0,0,,0,205,blue,0,0,0
86,,6810960,1,20260823,,,,,,,,,,,,,,,3,33.74962803209376,135.359472,,,1,,0,,0,0,0,0,,0,205,blue,0,0,0
86,,6810980,1,20260823,,,,,,,,,,,,,,,3,34.652222033344536,135.48972200000003,,,1,,0,,0,0,0,0,,0,205,blue,0,0,0
86,,6810990,1,20260823,1497,373,,,,,,3482,648,,,,,,3,35.551944034520155,136.098333,,,0,,0,,0,0,0,0,,0,205,blue,1870,4130,6000
86,,6811000,1,20260823,2626,234,,,,,,2383,548,,,,,,3,35.530000034492396,136.094444,,,0,,0,,0,0,0,0,,0,205,blue,2860,2931,5791
86,,6811010,1,20260823,3734,511,,,,,,3694,250,,,,,,3,35.47888903442754,136.083056,,,0,,0,,0,0,0,0,,0,205,blue,4245,3944,8189
86,,6811020,1,20260823,1502,173,,,,,,1563,300,,,,,,3,35.39750003432375,136.024722,,,0,,0,,0,0,0,0,,0,205,blue,1675,1863,3538
86,,6811030,1,20260823,14203,1953,,,,,,12999,1601,,,,,,3,35.28722203418211,136.018056,,,0,,0,,0,0,0,0,,0,205,blue,16156,14600,30756
86,,6811040,1,20260823,4635,1799,,,,,,7685,544,,,,,,3,35.24777803413116,135.960556,,,0,,0,,0,0,0,0,,0,205,blue,6434,8229,14663
86,,6811050,1,20260823,,,,,,,,,,,,,,,3,35.237778034118236,135.943333,,,1,,0,,0,205,205,0,,0,205,blue,0,0,0
86,,6811080,1,20260823,,,,,,,,,,,,,,,3,34.71861103343382,135.569444,,,1,,0,,0,0,0,0,,0,205,blue,0,0,0
86,,6811120,1,20260823,3586,194,,,,,,3832,172,,,,,,3,35.0725560339031,135.008778,,,0,,0,,0,0,0,0,,0,205,blue,3780,4004,7784
86,,6811130,1,20260823,3422,305,,,,,,3073,99,,,,,,3,35.12139403396696,135.005953,,,0,,0,,0,0,0,0,,0,205,blue,3727,3172,6899
86,,6811150,1,20260823,,,,,,,,,,,,,,,3,35.16055603401799,135.066111,,,0,,0,,0,0,0,0,,205,205,blue,0,0,0
86,,6811160,1,20260823,,,,,,,,,,,,,,,3,35.23305603411212,135.020833,,,0,,0,,0,0,0,0,,205,205,blue,0,0,0
86,,6811165,1,20260823,3798,984,,,,,,2534,991,,,,,,3,35.28748503418245,134.977245,,,0,,0,,0,0,0,0,,0,205,blue,4782,3525,8307
86,,6811170,1,20260823,,,,,,,,,,,,,,,3,35.29111103418713,134.970556,,,0,,0,,0,0,0,0,,205,205,blue,0,0,0
86,,6811180,1,20260823,,,,,,,,,,,,,,,3,35.30305603420252,134.92,,,0,,0,,0,0,0,0,,205,205,blue,0,0,0
86,,6811190,1,20260823,,,,,,,,,,,,,,,3,35.34500003425647,134.801111,,,0,,0,,0,0,0,0,,205,205,blue,0,0,0
86,,6811200,1,20260823,,,,,,,,,,,,,,,3,35.36333303427999,134.759167,,,0,,0,,0,0,0,0,,205,205,blue,0,0,0
86,,6811210,1,20260823,4672,307,,,,,,5189,127,,,,,,3,35.49942303445363,134.790538,,,0,,0,,0,0,0,0,,0,205,blue,4979,5316,10295
86,,6811220,1,20260823,4575,73,,,,,,4637,76,,,,,,3,35.474942034422526,134.764925,,,0,,0,,0,0,0,0,,0,205,blue,4648,4713,9361
86,,6811230,1,20260823,5002,145,,,,,,5239,318,,,,,,3,35.43722003437449,134.767839,,,0,,0,,0,0,0,0,,0,205,blue,5147,5557,10704
86,,6811260,1,20260823,6685,133,,,,,,7172,415,,,,,,3,35.01754603383091,136.023618,,,0,,0,,0,0,0,0,,0,205,blue,6818,7587,14405
86,,6811310,1,20260823,13821,883,,,,,,14427,695,,,,,,3,34.78856603352747,134.816183,,,1,,0,,0,0,0,0,,0,205,blue,14704,15122,29826
86,,6811320,1,20260823,,,,,,,,,,,,,,,3,34.81472203356237,134.673055,,,1,,0,,0,0,0,0,,0,205,blue,0,0,0
86,,6811340,1,20260823,,,,,,,,,,,,,,,3,34.83503003358942,134.618945,,,1,,0,,0,0,0,0,,0,205,blue,0,0,0
86,,6811400,1,20260823,5112,226,,,,,,4086,194,,,,,,3,34.54152803319483,135.675417,,,0,,0,,0,0,0,0,,0,205,blue,5338,4280,9618
88,,8810010,1,20260823,3213,245,0,,,,,2830,115,0,,,,,3,34.22576903276199,134.506281,,,0,0,0,0,0,0,0,0,0,0,205,blue,3458,2945,6403
88,,8810040,1,20260823,3218,295,0,,,,,3192,170,0,,,,,3,34.21202803274294,134.426444,,,0,0,0,0,0,1,1,0,0,0,205,blue,3513,3362,6875
88,,8810050,1,20260823,,,,,,,,,,,,,,,3,34.2426940327854,134.369389,,,1,0,0,0,0,0,0,0,0,0,205,blue,0,0,0
88,,8810060,1,20260823,,,,,,,,,,,,,,,3,34.24194403278437,134.333056,,,1,0,0,0,0,0,0,0,0,0,205,blue,0,0,0
88,,8810070,1,20260823,,,,,,,,,,,,,,,3,34.3096610328778,134.235686,,,1,0,0,0,0,0,0,0,0,0,205,blue,0,0,0
88,,8810080,1,20260823,,,,,,,,,,,,,,,3,34.323825032897304,134.203003,,,1,0,0,0,0,0,0,0,0,0,205,blue,0,0,0
88,,8810090,1,20260823,,,,,,,,,,,,,,,3,34.31055603287904,134.040556,,,1,0,0,0,0,0,0,0,0,0,205,blue,0,0,0
88,,8810100,1,20260823,,,,,,,,,,,,,,,3,34.31083303287942,134.040833,,,1,0,0,0,0,0,0,0,0,0,205,blue,0,0,0
88,,8810110,1,20260823,,,,,,,,,,,,,,,3,34.296344462859466,133.9267892,,,1,0,0,0,0,0,0,0,0,0,205,blue,0,0,0
88,,8810120,1,20260823,7928,106,0,,,,,4984,77,0,,,,,3,34.30830303287593,133.886,,,0,0,0,0,0,0,0,0,0,0,205,blue,8034,5061,13095
88,,8810130,1,20260823,,,,,,,,,,,,,,,3,34.28116903283854,133.818719,,,1,0,0,0,0,0,0,0,0,0,205,blue,0,0,0
88,,8810150,1,20260823,,,,,,,,,,,,,,,3,33.79388903215663,132.931944,,,1,0,0,0,0,0,0,0,0,0,205,blue,0,0,0
88,,8810160,1,20260823,11095,451,0,,,,,11775,275,0,,,,,3,34.251008032796896,133.916925,,,0,0,0,0,0,0,0,0,0,0,205,blue,11546,12050,23596
88,,8810170,1,20260823,6962,323,0,,,,,6812,438,0,,,,,3,34.183472032703364,133.834944,,,0,0,0,0,0,0,0,0,0,0,205,blue,7285,7250,14535
88,,8810180,1,20260823,3308,173,0,,,,,3007,86,0,,,,,3,34.15741703266719,133.82277800000003,,,0,0,0,0,0,0,0,0,0,0,205,blue,3481,3093,6574
88,,8810210,1,20260823,3936,267,0,,,,,2822,206,0,,,,,3,34.02985603248925,133.814811,,,0,0,0,0,0,0,0,0,0,0,205,blue,4203,3028,7231
88,,8810220,1,20260823,2484,383,0,,,,,2608,235,0,,,,,3,33.99827503244498,133.788456,,,0,0,0,0,0,0,0,0,0,0,205,blue,2867,2843,5710
88,,8810270,1,20260823,1619,220,0,,,,,1665,184,0,,,,,3,33.699149792021856,133.6898053,,,0,0,0,0,0,0,0,0,0,0,205,blue,1839,1849,3688
88,,8810310,1,20260823,1315,19,0,,,,,1772,164,0,,,,,3,33.65416703195762,133.66,,,0,0,0,0,0,0,0,0,0,0,205,blue,1334,1936,3270
88,,8810340,1,20260823,,,,,,,,,,,,,,,3,33.55527803181588,133.460556,,,1,0,0,0,0,0,0,0,0,0,205,blue,0,0,0
88,,8810380,1,20260823,,,,,,,,,,,,,,,3,33.555000031815474,133.139444,,,1,0,0,0,0,2,2,0,0,0,205,blue,0,0,0
88,,8810400,1,20260823,,,,,,,,,,,,,,,3,33.58111103185298,132.9925,,,1,0,0,0,0,0,0,0,0,0,205,blue,0,0,0
88,,8810410,1,20260823,2105,28,0,,,,,2221,114,0,,,,,3,33.61805603190595,132.933333,,,0,0,0,0,0,0,0,0,0,0,205,blue,2133,2335,4468
88,,8810420,1,20260823,2217,53,0,,,,,2390,145,0,,,,,3,33.62777803191986,132.916389,,,0,0,0,0,0,0,0,0,0,0,205,blue,2270,2535,4805
88,,8810430,1,20260823,2605,72,0,,,,,2841,191,0,,,,,3,33.646667031946905,132.905833,,,0,0,0,0,0,0,0,0,0,0,205,blue,2677,3032,5709
88,,8810450,1,20260823,,,,,,,,,,,,,,,3,33.68178252199708,132.8835762,,,1,0,0,0,0,0,0,0,0,0,205,blue,0,0,0
88,,8810510,1,20260823,,,,,,,,,,,,,,,3,33.73555603207373,132.811667,,,1,0,0,0,0,0,0,0,0,0,205,blue,0,0,0
88,,8810520,1,20260823,,,,,,,,,,,,,,,6,33.80277803216924,132.7775,,,1,0,0,0,0,0,0,0,0,0,205,blue,0,0,0
88,,8810530,1,20260823,8779,577,0,,,,,9541,498,0,,,,,3,33.80679213217494,132.7455604,,,0,0,0,0,0,0,0,0,0,0,205,blue,9356,10039,19395
88,,8810560,1,20260823,,,,,,,,,,,,,,,3,33.883114032282926,134.645522,,,1,0,0,0,0,0,0,0,0,0,205,blue,0,0,0
88,,8810570,1,20260823,,,,,,,,,,,,,,,3,33.87310303226879,134.637228,,,1,0,0,0,0,0,0,0,0,0,205,blue,0,0,0
88,,8810580,1,20260823,,,,,,,,,,,,,,,3,33.8064830321745,134.590708,,,1,0,0,0,0,0,0,0,0,0,205,blue,0,0,0
88,,8810640,1,20260823,,,,,,,,,,,,,,,3,33.72289703205572,134.519397,,,1,0,0,0,0,0,0,0,0,0,205,blue,0,0,0
88,,8810660,1,20260823,2682,174,0,,,,,2226,74,0,,,,,3,33.66041903196656,134.406369,,,0,0,0,0,0,0,0,0,0,0,205,blue,2856,2300,5156
88,,8810670,1,20260823,,,,,,,,,,,,,,,3,33.58200303185425,134.323467,,,1,0,0,0,0,0,0,0,0,0,205,blue,0,0,0
88,,8810690,1,20260823,,,,,,,,,,,,,,,3,33.49111103172349,134.261667,,,1,0,0,0,0,0,0,0,0,0,205,blue,0,0,0
88,,8810720,1,20260823,,,,,,,,,,,,,,,3,33.33499901149748,134.1973409,,,1,0,0,0,0,0,0,0,0,0,205,blue,0,0,0
88,,8810730,1,20260823,,,,,,,,,,,,,,,3,33.2510477313752,134.1807112,,,1,0,0,0,0,0,0,0,0,0,205,blue,0,0,0
88,,8810740,1,20260823,,,,,,,,,,,,,,,3,33.29972203144615,134.123333,,,1,0,0,0,0,0,0,0,0,0,205,blue,0,0,0
88,,8810750,1,20260823,,,,,,,,,,,,,,,3,33.371439791550394,134.039855,,,1,0,0,0,0,0,0,0,0,0,205,blue,0,0,0
88,,8810760,1,20260823,,,,,,,,,,,,,,,3,33.42416703162678,134.023333,,,1,0,0,0,0,0,0,0,0,0,205,blue,0,0,0
88,,8810780,1,20260823,,,,,,,,,,,,,,,3,33.441944031652504,133.966111,,,1,0,0,0,0,0,0,0,0,0,205,blue,0,0,0
88,,8810820,1,20260823,,,,,,,,,,,,,,,3,33.5033880317412,133.878652,,,1,0,0,0,0,0,0,0,0,0,205,blue,0,0,0
88,,8810840,1,20260823,,,,,,,,,,,,,,,3,33.525000031772315,133.760278,,,1,0,0,0,0,0,0,0,0,0,205,blue,0,0,0
88,,8810850,1,20260823,,,,,,,,,,,,,,,3,33.42055603162157,133.301944,,,1,0,0,0,0,0,0,0,0,0,205,blue,0,0,0
88,,8810880,1,20260823,522,15,0,,,,,563,64,0,,,,,3,33.3074340314574,133.179556,,,0,0,0,0,0,0,0,0,0,0,205,blue,537,627,1164
88,,8810890,1,20260823,1127,102,0,,,,,1,0,0,,,,,3,33.28855103142989,133.172023,,,0,0,0,0,0,0,0,0,0,0,205,blue,1229,1,1230
88,,8810910,1,20260823,1082,55,0,,,,,4,0,0,,,,,3,33.266597031397886,133.171467,,,0,0,0,0,0,0,0,0,0,0,205,blue,1137,4,1141
88,,8810920,1,20260823,3899,209,0,,,,,3458,147,0,,,,,3,33.21880803132811,133.140708,,,0,0,0,0,0,0,0,0,0,0,205,blue,4108,3605,7713
88,,8810940,1,20260823,4421,101,0,,,,,4355,109,0,,,,,3,33.0089042010197,132.9856986,,,0,0,0,0,0,0,0,0,0,0,205,blue,4522,4464,8986
88,,8810960,1,20260823,,,,,,,,,,,,,,,3,32.97816103097427,132.889125,,,1,0,0,0,0,0,0,0,0,0,205,blue,0,0,0
88,,8810970,1,20260823,1526,138,0,,,,,1803,23,0,,,,,3,32.977644030973515,132.885636,,,0,0,0,0,0,1,1,0,0,0,205,blue,1664,1826,3490
88,,8811000,1,20260823,3582,62,0,,,,,3554,66,0,,,,,3,32.96687203095758,132.865489,,,0,0,0,0,0,0,0,0,0,0,205,blue,3644,3620,7264
88,,8811020,1,20260823,1128,141,0,,,,,1326,94,0,,,,,3,32.96457803095418,132.816661,,,0,0,0,0,0,0,0,0,0,0,205,blue,1269,1420,2689
88,,8811040,1,20260823,1883,158,0,,,,,2168,54,0,,,,,3,32.95833303094494,132.796389,,,0,0,0,0,0,0,0,0,0,0,205,blue,2041,2222,4263
88,,8811050,1,20260823,,,,,,,,,,,,,,,3,32.93641403091248,132.736475,,,1,0,0,0,0,0,0,0,0,0,205,blue,0,0,0
88,,8811060,1,20260823,2309,116,0,,,,,2235,49,0,,,,,3,32.969853030961985,132.683747,,,0,0,0,0,0,1,1,0,0,0,205,blue,2425,2284,4709
88,,8811070,1,20260823,,,,,,,,,,,,,,,3,32.970303030962654,132.665209,,,1,0,0,0,0,40,40,0,0,0,205,blue,0,0,0
88,,8811080,1,20260823,2384,32,0,,,,,2415,120,0,,,,,3,32.95232903093605,132.60067,,,0,0,0,0,0,0,0,0,0,0,205,blue,2416,2535,4951
88,,8811090,1,20260823,2580,197,0,,,,,2670,86,0,,,,,3,32.9541190309387,132.584276,,,0,0,0,0,0,0,0,0,0,0,205,blue,2777,2756,5533
88,,8811110,1,20260823,2571,75,0,,,,,1992,79,0,,,,,3,33.04654603107523,132.48536,,,0,0,0,0,0,0,0,0,0,0,205,blue,2646,2071,4717
88,,8811130,1,20260823,3289,198,0,,,,,3478,267,0,,,,,3,33.0789110311229,132.49507,,,0,0,0,0,0,0,0,0,0,0,205,blue,3487,3745,7232
88,,8811140,1,20260823,1424,47,0,,,,,1266,50,0,,,,,3,33.11350003117377,132.518333,,,0,0,0,0,0,0,0,0,0,0,205,blue,1471,1316,2787
88,,8811150,1,20260823,2300,328,0,,,,,2073,533,0,,,,,3,33.12469803119022,132.521282,,,0,0,0,0,0,0,0,0,0,0,205,blue,2628,2606,5234
88,,8811170,1,20260823,3823,167,0,,,,,3475,89,0,,,,,3,33.49517003172935,132.54537,,,0,0,0,0,0,0,0,0,0,0,205,blue,3990,3564,7554
88,,8811180,1,20260823,1686,183,0,,,,,1485,136,0,,,,,3,33.15677703123728,132.5469,,,0,0,0,0,0,0,0,0,0,0,205,blue,1869,1621,3490
88,,8811190,1,20260823,2508,70,0,,,,,2712,237,0,,,,,3,33.264024031394136,132.552651,,,0,0,0,0,0,0,0,0,0,0,205,blue,2578,2949,5527
88,,8811210,1,20260823,9152,344,0,,,,,9443,529,0,,,,,3,33.23340003134943,132.559577,,,0,0,0,0,0,0,0,0,0,0,205,blue,9496,9972,19468
88,,8811220,1,20260823,4747,148,0,,,,,4419,303,0,,,,,3,33.21975503132949,132.55883,,,0,0,0,0,0,0,0,0,0,0,205,blue,4895,4722,9617
88,,8811230,1,20260823,7827,468,0,,,,,8342,246,0,,,,,3,33.21400003132108,132.545961,,,0,0,0,0,0,0,0,0,0,0,205,blue,8295,8588,16883
88,,8811240,1,20260823,4215,292,0,,,,,3687,120,0,,,,,3,33.187563031282394,132.543219,,,0,0,0,0,0,0,0,0,0,0,205,blue,4507,3807,8314
88,,8811250,1,20260823,,,,,,,,,,,,,,,3,33.623917031914345,132.69675,,,1,0,0,0,0,0,0,0,0,0,205,blue,0,0,0
88,,8811260,1,20260823,,,,,,,,,,,,,,,3,33.63910303193607,132.70852,,,1,0,0,0,0,0,0,0,0,0,205,blue,0,0,0
88,,8811300,1,20260823,4242,226,0,,,,,4556,301,0,,,,,3,33.701111032024656,132.7075,,,0,0,0,0,0,0,0,0,0,0,205,blue,4468,4857,9325
88,,8811320,1,20260823,2975,77,0,,,,,2616,358,0,,,,,3,33.99242782243679,133.6034113,,,0,0,0,0,0,0,0,0,0,0,205,blue,3052,2974,6026
88,,8811330,1,20260823,1475,36,0,,,,,1405,191,0,,,,,3,33.99611044244195,133.6571521,,,0,0,0,0,0,0,0,0,0,0,205,blue,1511,1596,3107
88,,8811360,1,20260823,,,,,,,,,,,,,,,3,34.015556032469206,133.77361100000002,,,1,0,0,0,0,0,0,0,0,0,205,blue,0,0,0
88,,8811430,1,20260823,,,,,,,,,,,,,,,3,33.981944032422064,132.778333,,,1,0,0,0,0,0,0,0,0,0,205,blue,0,0,0
88,,8811450,1,20260823,6287,185,0,,,,,6231,256,0,,,,,3,33.98044403241997,133.057088,,,0,0,0,0,0,0,0,0,0,0,205,blue,6472,6487,12959
89,,9810010,1,20260823,11163,179,0,,,,,8920,203,0,,,,,3,33.86852803226232,130.79675,,,0,0,0,0,0,0,0,0,0,0,205,blue,11342,9123,20465
89,,9810020,1,20260823,5063,77,0,,,,,12371,246,0,,,,,3,33.835259032215276,130.608521,,,0,0,0,0,0,0,0,0,0,0,205,blue,5140,12617,17757
89,,9810030,1,20260823,,,,,,,,,,,,,,,3,33.78978203215081,130.567337,,,1,0,0,0,0,0,0,0,0,0,205,blue,0,0,0
89,,9810040,1,20260823,26388,453,0,,,,,26691,582,0,,,,,3,33.744955032087105,130.488242,,,0,0,0,0,0,0,0,0,0,0,205,blue,26841,27273,54114
89,,9810050,1,20260823,,,,,,,,,,,,,,,3,33.73691203207566,130.478193,,,1,0,0,0,0,0,0,0,0,0,205,blue,0,0,0
89,,9810070,1,20260823,18666,767,0,,,,,19755,885,0,,,,,3,33.52600403177376,130.49557,,,0,0,0,0,0,0,0,0,0,0,205,blue,19433,20640,40073
89,,9810080,1,20260823,19232,622,0,,,,,17302,518,0,,,,,3,33.51100303175216,130.511069,,,0,0,0,0,0,0,0,0,0,0,205,blue,19854,17820,37674
89,,9810090,1,20260823,19296,505,0,,,,,20611,768,0,,,,,3,33.510200031751005,130.520977,,,0,0,0,0,0,0,0,0,0,0,205,blue,19801,21379,41180
89,,9810100,1,20260823,13436,630,0,,,,,14267,536,0,,,,,3,33.477797031704284,130.53932,,,0,0,0,0,0,0,0,0,0,0,205,blue,14066,14803,28869
89,,9810120,1,20260823,,,,,,,,,,,,,,,3,33.33966203150427,130.525942,,,1,,,,,,,,,,205,blue,0,0,0
89,,9810130,1,20260823,4111,307,0,,,,,3378,391,0,,,,,3,33.19870703129871,130.60119,,,0,0,0,0,0,0,0,0,0,0,205,blue,4418,3769,8187
89,,9810140,1,20260823,,,,,,,,,,,,,,,3,33.170447031257325,130.617432,,,1,0,0,0,0,0,0,0,0,0,205,blue,0,0,0
89,,9810150,1,20260823,17720,370,0,,,,,17699,395,0,,,,,3,33.86806903226167,130.775199,,,0,0,0,0,0,0,0,0,0,0,205,blue,18090,18094,36184
89,,9810160,1,20260823,13722,367,0,,,,,,,,,,,,3,33.86432503225638,130.74688,,,0,0,0,0,0,0,0,0,0,0,205,blue,14089,0,14089
89,,9810170,1,20260823,5827,118,0,,,,,7465,162,0,,,,,3,33.648732031949855,130.441499,,,0,0,0,0,0,0,0,0,0,0,205,blue,5945,7627,13572
89,,9810180,1,20260823,22958,719,0,,,,,23165,737,0,,,,,3,33.61500003190157,130.438611,,,0,0,0,0,0,0,0,0,0,0,205,blue,23677,23902,47579
89,,9810190,1,20260823,,,,,,,,,,,,,,,3,33.4496850316637,130.546326,,,1,0,0,0,0,0,0,0,0,0,205,blue,0,0,0
89,,9810200,1,20260823,,,,,,,,,,,,,,,3,33.41916903161956,130.532642,,,1,,,,,,,,,,205,blue,0,0,0
89,,9810210,1,20260823,,,,,,,,,,,,,,,3,32.92737203089908,130.698429,,,1,0,0,0,0,0,0,0,0,0,205,blue,0,0,0
89,,9810230,1,20260823,,,,,,,,,,,,,,,3,32.33541003001024,130.485852,,,1,0,0,0,0,0,0,0,0,0,205,blue,0,0,0
89,,9810240,1,20260823,1092,76,0,,,,,1086,50,0,,,,,3,32.24685302987536,130.498828,,,0,0,0,0,0,0,0,0,0,0,205,blue,1168,1136,2304
89,,9810260,1,20260823,,,,,,,,,,,,,,,3,32.06933302960361,130.240833,,,1,0,0,0,0,0,0,0,0,0,205,blue,0,0,0
89,,9810270,1,20260823,,,,,,,,,,,,,,,3,32.05996802958923,130.223169,,,1,0,0,0,0,0,0,0,0,0,205,blue,0,0,0
89,,9810280,1,20260823,,,,,,,,,,,,,,,3,32.00103302949858,130.195866,,,1,0,0,0,0,0,0,0,0,0,205,blue,0,0,0
89,,9810290,1,20260823,,,,,,,,,,,,,,,3,31.77354502914685,130.301221,,,1,0,0,0,0,0,0,0,0,0,205,blue,0,0,0
89,,9810300,1,20260823,,,,,,,,,,,,,,,3,31.752394029113987,130.297198,,,1,0,0,0,0,0,0,0,0,0,205,blue,0,0,0
89,,9810310,1,20260823,,,,,,,,,,,,,,,3,31.671780028988586,130.334671,,,1,0,0,0,0,0,0,0,0,0,205,blue,0,0,0
89,,9810320,1,20260823,,,,,,,,,,,,,,,3,31.644384028945897,130.514685,,,1,0,0,0,0,0,0,0,0,0,205,blue,0,0,0
89,,9810330,1,20260823,12126,423,0,,,,,10811,225,0,,,,,3,31.593127028865894,130.55217,,,0,0,0,0,0,0,0,0,0,0,205,blue,12549,11036,23585
89,,9810340,1,20260823,,,,,,,,,,,,,,,3,31.774587029148464,130.294585,,,1,0,0,0,0,0,0,0,0,0,205,blue,0,0,0
89,,9810350,1,20260823,,,,,,,,12401,578,0,,,,,3,31.586173028855043,130.521497,,,0,0,0,0,0,0,0,0,0,0,205,blue,0,12979,12979
89,,9810360,1,20260823,,,,,,,,,,,,,,,3,33.6356250319311,131.074923,,,1,0,0,0,0,2,2,0,2,0,205,blue,0,0,0
89,,9810370,1,20260823,,,,,,,,,,,,,,,3,33.60811903189171,131.1134,,,0,0,0,0,0,201,201,201,151,0,205,blue,0,0,0
89,,9810380,1,20260823,,,,,,,,,,,,,,,3,33.55407703181414,131.25154,,,1,0,0,0,0,0,0,0,0,0,205,blue,0,0,0
89,,9810390,1,20260823,,,,,,,,,,,,,,,3,33.47356403169818,131.495973,,,1,0,0,0,0,0,0,0,0,0,205,blue,0,0,0
89,,9810400,1,20260823,,,,,,,,,,,,,,,3,33.4199570316207,131.549075,,,1,0,0,0,0,0,0,0,0,0,205,blue,0,0,0
89,,9810410,1,20260823,,,,,,,,,,,,,,,3,33.35718603152971,131.497308,,,1,0,0,0,0,0,0,0,0,0,205,blue,0,0,0
89,,9810420,1,20260823,20343,505,0,,,,,20076,669,0,,,,,3,33.28844603142974,131.50415600000002,,,0,0,0,0,0,0,0,0,0,0,205,blue,20848,20745,41593
89,,9810430,1,20260823,10181,380,0,,,,,9984,359,0,,,,,3,33.1773230312674,131.619615,,,0,0,0,0,0,0,0,0,0,0,205,blue,10561,10343,20904
89,,9810440,1,20260823,,,,,,,,10390,358,0,,,,,3,33.091164031140934,131.647172,,,0,0,0,0,0,0,0,0,0,0,205,blue,0,10748,10748
89,,9810450,1,20260823,203,8,0,,,,,108,7,0,,,,,3,33.07813503112177,131.638559,,,0,0,0,0,0,49,49,0,81,0,205,blue,211,115,326
89,,9810460,1,20260823,167,8,0,,,,,104,11,0,,,,,3,33.03375103105637,131.689156,,,0,0,0,0,0,22,22,0,41,0,205,blue,175,115,290
89,,9810470,1,20260823,27,0,0,,,,,39,1,0,,,,,3,33.001599031008915,131.788698,,,0,0,0,0,0,55,55,0,67,0,205,blue,27,40,67
89,,9810480,1,20260823,100,0,0,,,,,92,8,0,,,,,3,32.95275303093668,131.841525,,,0,0,0,0,0,32,32,0,60,0,205,blue,100,100,200
89,,9810490,1,20260823,44,6,0,,,,,31,4,0,,,,,3,32.92192503089102,131.801353,,,0,0,0,0,0,22,22,0,45,0,205,blue,50,35,85
89,,9810500,1,20260823,5,0,0,,,,,11,3,0,,,,,3,32.84521503077709,131.718143,,,0,0,0,0,0,24,24,0,43,0,205,blue,5,14,19
89,,9810510,1,20260823,,,,,,,,,,,,,,,3,33.53550003178742,131.301439,,,1,0,0,0,0,0,0,0,0,0,205,blue,0,0,0
89,,9810520,1,20260823,,,,,,,,8187,143,0,,,,,3,33.17727003126732,131.636491,,,0,0,0,0,0,0,0,0,0,0,205,blue,0,8330,8330
89,,9810530,1,20260823,11,0,0,,,,,2,0,0,,,,,3,32.76588703065887,131.69922,,,0,0,0,0,0,35,35,0,66,0,205,blue,11,2,13
89,,9810540,1,20260823,3,0,0,,,,,1,0,0,,,,,3,32.73308003060985,131.712307,,,0,0,0,0,0,17,17,0,39,0,205,blue,3,1,4
89,,9810550,1,20260823,11,1,0,,,,,22,2,0,,,,,3,32.680641030531355,131.69547,,,0,0,0,0,0,20,20,0,34,0,205,blue,12,24,36
89,,9810560,1,20260823,12,0,0,,,,,18,1,0,,,,,3,32.6162990304348,131.682165,,,0,0,0,0,0,27,27,1,42,0,205,blue,12,19,31
89,,9810580,1,20260823,81,1,0,,,,,61,4,0,,,,,3,32.56240603035372,131.681538,,,0,0,0,0,0,17,17,0,32,0,205,blue,82,65,147
89,,9810590,1,20260823,,,,,,,,,,,,,,,3,32.512945030279155,131.682071,,,0,0,0,0,0,107,107,149,107,0,205,blue,0,0,0
89,,9810600,1,20260823,,,,,,,,,,,,,,,3,32.505475030267874,131.671612,,,1,0,0,0,0,18,18,2,35,0,205,blue,0,0,0
89,,9810610,1,20260823,63,0,0,,,,,54,2,0,,,,,3,32.48380003023514,131.65983,,,0,0,0,0,0,12,12,0,29,0,205,blue,63,56,119
89,,9810620,1,20260823,31,4,0,,,,,63,2,0,,,,,3,32.44750003018023,131.634167,,,0,0,0,0,0,15,15,1,32,0,205,blue,35,65,100
89,,9810630,1,20260823,46,1,0,,,,,46,3,0,,,,,3,32.34169203001978,131.615818,,,0,0,0,0,0,13,13,0,25,0,205,blue,47,49,96
89,,9810640,1,20260823,,,,,,,,,,,,,,,3,32.118920029679714,131.525151,,,1,0,0,0,0,24,24,3,42,0,205,blue,0,0,0
89,,9810650,1,20260823,,,,,,,,,,,,,,,3,32.04093702955998,131.469141,,,1,0,0,0,0,42,42,0,91,0,205,blue,0,0,0
89,,9810660,1,20260823,,,,,,,,,,,,,,,3,31.943136029409334,131.344339,,,1,0,0,0,0,0,0,0,0,0,205,blue,0,0,0
89,,9810670,1,20260823,,,,,,,,,,,,,,,3,31.95151902942227,131.26782500000002,,,1,0,0,0,0,0,0,0,0,0,205,blue,0,0,0
89,,9810680,1,20260823,,,,,,,,,,,,,,,3,31.916759029368613,131.228421,,,1,0,0,0,0,0,0,0,0,0,205,blue,0,0,0
89,,9810690,1,20260823,,,,,,,,,,,,,,,3,31.831007029235955,131.126939,,,1,0,0,0,0,0,0,0,0,0,205,blue,0,0,0
89,,9810700,1,20260823,,,,,,,,,,,,,,,3,31.70972202904765,131.054167,,,1,0,0,0,0,0,0,0,0,0,205,blue,0,0,0
89,,9810710,1,20260823,,,,,,,,,,,,,,,3,31.70997802904806,131.024809,,,1,0,0,0,0,0,0,0,0,0,205,blue,0,0,0
89,,9810720,1,20260823,,,,,,,,,,,,,,,3,31.661481028972545,130.889721,,,1,0,0,0,0,0,0,0,0,0,205,blue,0,0,0
89,,9810730,1,20260823,,,,,,,,,,,,,,,3,31.723242029068686,130.809578,,,1,0,0,0,0,0,0,0,0,0,205,blue,0,0,0
89,,9810740,1,20260823,,,,,,,,,,,,,,,3,33.30389903145224,130.368554,,,1,,,,,,,,,,205,blue,0,0,0
89,,9810750,1,20260823,,,,,,,,,,,,,,,3,33.27419603140898,130.293549,,,1,,,,,,,,,,205,blue,0,0,0
89,,9810760,1,20260823,,,,,,,,,,,,,,,3,33.26474303139519,130.245086,,,1,,,,,,,,,,205,blue,0,0,0
89,,9810770,1,20260823,,,,,,,,,,,,,,,3,33.26041603138888,130.218458,,,1,,,,,,,,,,205,blue,0,0,0
89,,9810780,1,20260823,,,,,,,,,,,,,,,3,33.23447503135101,130.18203100000002,,,1,,,,,,,,,,205,blue,0,0,0
89,,9810790,1,20260823,,,,,,,,,,,,,,,3,33.22225103133315,130.172161,,,1,,,,,,,,,,205,blue,0,0,0
89,,9810800,1,20260823,,,,,,,,,,,,,,,3,33.219025031328435,130.143217,,,1,,,,,,,,,,205,blue,0,0,0
89,,9810810,1,20260823,,,,,,,,,,,,,,,3,33.21595003132393,130.087452,,,1,,,,,,,,,,205,blue,0,0,0
89,,9810820,1,20260823,,,,,,,,,,,,,,,3,33.21877403132806,130.052459,,,1,,,,,,,,,,205,blue,0,0,0
89,,9810830,1,20260823,,,,,,,,,,,,,,,3,33.207839031312076,130.047967,,,1,,,,,,,,,,205,blue,0,0,0
89,,9810840,1,20260823,2093,87,0,,,,,2182,82,0,,,,,3,33.07291503111407,129.960829,,,0,0,0,0,0,0,0,0,0,0,205,blue,2180,2264,4444
89,,9810850,1,20260823,7028,266,0,,,,,7145,315,0,,,,,3,32.995999031000636,129.948701,,,0,0,0,0,0,0,0,0,0,0,205,blue,7294,7460,14754
89,,9810860,1,20260823,,,,,,,,,,,,,,,3,32.9044610308651,129.957531,,,1,0,0,0,0,0,0,0,0,0,205,blue,0,0,0
89,,9810870,1,20260823,,,,,,,,,,,,,,,3,32.8905010308444,129.971348,,,1,0,0,0,0,0,0,0,0,0,205,blue,0,0,0
89,,9810890,1,20260823,,,,,,,,,,,,,,,3,32.87494503082128,130.02412,,,1,0,0,0,0,0,0,0,0,0,205,blue,0,0,0
89,,9810900,1,20260823,,,,,,,,,,,,,,,3,32.83967403076884,130.024592,,,1,0,0,0,0,0,0,0,0,0,205,blue,0,0,0
89,,9810910,1,20260823,,,,,,,,,,,,,,,3,33.19594003129466,129.977938,,,1,0,0,0,0,0,0,0,0,0,205,blue,0,0,0
89,,9810920,1,20260823,430,23,0,,,,,455,11,0,,,,,3,33.191150031287656,129.943948,,,1,0,0,0,0,0,0,0,0,0,205,blue,453,466,919
89,,9810930,1,20260823,4028,256,0,,,,,4256,167,0,,,,,3,33.18881403128423,129.9054,,,0,0,0,0,0,0,0,0,0,0,205,blue,4284,4423,8707
89,,9810940,1,20260823,145,15,0,,,,,116,6,0,,,,,3,32.97184603096493,131.383534,,,0,0,0,0,0,23,23,0,41,0,205,blue,160,122,282
89,,9810950,1,20260823,138,10,0,,,,,154,12,0,,,,,3,32.96828103095967,131.382552,,,0,0,0,0,0,23,23,0,41,0,205,blue,148,166,314
89,,9810960,1,20260823,51,10,0,,,,,71,7,0,,,,,3,32.96091703094877,131.248695,,,0,0,0,0,0,24,24,0,40,0,205,blue,61,78,139
89,,9810970,1,20260823,265,6,0,,,,,0,2,0,,,,,3,33.03288603105509,131.537821,,,0,0,0,0,0,46,46,0,76,0,205,blue,271,2,273
89,,9810980,1,20260823,,,,,,,,,,,,,,,3,33.00262303101042,131.45315500000004,,,1,0,0,0,0,97,97,141,95,0,205,blue,0,0,0
89,,9810990,1,20260823,,,,,,,,,,,,,,,3,32.96097103094884,131.244117,,,1,0,0,0,0,0,0,0,0,0,205,blue,0,0,0
89,,9811000,1,20260823,5976,370,0,,,,,6518,305,0,,,,,3,32.93530403091085,131.035064,,,0,0,0,0,0,0,0,0,0,0,205,blue,6346,6823,13169
89,,9811010,1,20260823,,,,,,,,,,,,,,,3,32.87672503082393,130.954853,,,1,0,0,0,0,0,0,0,0,0,205,blue,0,0,0
89,,9811020,1,20260823,5589,243,0,,,,,4805,155,0,,,,,3,32.614306030431806,130.462111,,,0,0,0,0,0,2,2,0,0,0,205,blue,5832,4960,10792
89,,9811030,1,20260823,,,,,,,,,,,,,,,3,32.72539603059835,130.251342,,,1,,,,,,,,,,205,blue,0,0,0
89,,9811040,1,20260823,,,,,,,,,,,,,,,3,32.72077403059144,130.234748,,,1,,,,,,,,,,205,blue,0,0,0
89,,9811050,1,20260823,,,,,,,,,,,,,,,3,32.73587103061402,130.209003,,,1,,,,,,,,,,205,blue,0,0,0
89,,9811060,1,20260823,,,,,,,,,,,,,,,3,32.808908030723025,130.149506,,,1,,,,,,,,,,205,blue,0,0,0
89,,9811070,1,20260823,,,,,,,,,,,,,,,3,32.836521030764146,130.094768,,,1,,,,,,,,,,205,blue,0,0,0
89,,9811080,1,20260823,,,,,,,,,,,,,,,3,32.83196203075736,130.053336,,,1,,,,,,,,,,205,blue,0,0,0
89,,9811090,1,20260823,,,,,,,,,,,,,,,3,33.61888103190713,130.568781,,,1,0,0,0,0,200,200,0,151,0,205,blue,0,0,0
89,,9811100,1,20260823,0,0,0,,,,,0,0,0,,,,,3,33.61860003190672,130.579442,,,0,0,0,0,0,174,174,6,151,0,205,blue,0,0,0
89,,9811110,1,20260823,,,,,,,,,,,,,,,3,33.62194303191151,130.588462,,,1,0,0,0,0,3,3,0,3,0,205,blue,0,0,0
89,,9811120,1,20260823,,,,,,,,,,,,,,,3,33.65684603196145,130.750269,,,1,,,,,,,,,,205,blue,0,0,0
89,,9811130,1,20260823,,,,,,,,,,,,,,,3,33.6514250319537,130.761828,,,1,,,,,,,,,,205,blue,0,0,0
89,,9811140,1,20260823,,,,,,,,,,,,,,,3,33.64137503193933,130.764099,,,1,,,,,,,,,,205,blue,0,0,0
89,,9811150,1,20260823,,,,,,,,,,,,,,,3,33.65331703195642,130.807798,,,1,0,0,0,0,1,1,0,1,0,205,blue,0,0,0
89,,9811170,1,20260823,,,,,,,,,,,,,,,3,33.37200003155121,130.3311,,,1,,,,,,,,,,205,blue,0,0,0
89,,9811180,1,20260823,,,,,,,,,,,,,,,3,33.6231190319132,130.671342,,,1,,,,,,,,,,205,blue,0,0,0
89,,9811190,1,20260823,,,,,,,,,,,,,,,3,33.74379703208545,130.970335,,,1,0,0,0,0,0,0,0,0,0,205,blue,0,0,0
89,,9811210,1,20260823,3447,52,0,,,,,3010,125,0,,,,,3,33.50948303174998,130.110769,,,0,0,0,0,0,0,0,0,0,0,205,blue,3499,3135,6634
89,,9811220,1,20260823,2088,102,0,,,,,1887,26,0,,,,,3,33.501667031738705,130.069167,,,0,0,0,0,0,0,0,0,0,0,205,blue,2190,1913,4103
89,,9811240,1,20260823,5928,183,0,,,,,0,0,0,,,,,3,33.522842031769216,130.168427,,,0,0,0,0,0,0,0,0,0,0,205,blue,6111,0,6111
89,,9811250,1,20260823,9151,183,0,,,,,1,4,0,,,,,3,33.51344603175569,130.14563,,,0,0,0,0,0,0,0,0,0,0,205,blue,9334,5,9339
89,,9811260,1,20260823,2077,82,0,,,,,2119,50,0,,,,,3,33.45431303167039,130.042275,,,0,0,0,0,0,0,0,0,0,0,205,blue,2159,2169,4328
89,,9811270,1,20260823,7891,267,0,,,,,7344,868,0,,,,,3,33.431110031636834,129.991737,,,0,0,0,0,0,0,0,0,0,0,205,blue,8158,8212,16370
89,,9811280,1,20260823,1406,82,0,,,,,1691,105,0,,,,,3,33.348904031517684,129.933234,,,0,0,0,0,0,0,0,0,0,0,205,blue,1488,1796,3284
89,,9811290,1,20260823,4169,84,0,,,,,4095,45,0,,,,,3,33.331844031492885,129.928169,,,0,0,0,0,0,0,0,0,0,0,205,blue,4253,4140,8393
89,,9811300,1,20260823,741,25,0,,,,,738,12,0,,,,,3,33.268208031400235,129.88248900000002,,,1,0,0,0,0,0,0,0,0,0,205,blue,766,750,1516
89,,9811310,1,20260823,,,,,,,,,,,,,,,3,33.24091903136041,129.850727,,,1,0,0,0,0,0,0,0,0,0,205,blue,0,0,0
89,,9811320,1,20260823,4177,135,0,,,,,3751,111,0,,,,,3,33.45989003167844,130.040128,,,0,0,0,0,0,0,0,0,0,0,205,blue,4312,3862,8174
89,,9811330,1,20260823,535,25,0,,,,,436,32,0,,,,,3,33.38450403156936,129.984455,,,1,0,0,0,0,0,0,0,0,0,205,blue,560,468,1028
89,,9811340,1,20260823,,,,,,,,,,,,,,,6,33.31161503146347,130.070351,,,1,,,,,,,,,,205,blue,0,0,0
89,,9811350,1,20260823,,,,,,,,,,,,,,,3,33.304966031453795,130.076971,,,1,,,,,,,,,,205,blue,0,0,0
89,,9811360,1,20260823,6366,249,0,,,,,6176,151,0,,,,,3,33.29002103143203,130.168151,,,0,0,0,0,0,0,0,0,0,0,205,blue,6615,6327,12942
89,,9811370,1,20260823,,,,,,,,,,,,,,,3,33.327444031486486,130.034833,,,1,0,0,0,0,0,0,0,0,0,205,blue,0,0,0
89,,9811380,1,20260823,389,8,0,,,,,441,17,0,,,,,3,33.29362203143727,130.116435,,,1,0,0,0,0,0,0,0,0,0,205,blue,397,458,855
89,,9811390,1,20260823,,,,,,,,,,,,,,,3,33.03691103106103,129.918279,,,1,,,,,,,,,,205,blue,0,0,0
89,,9811400,1,20260823,3721,176,0,,,,,3734,176,0,,,,,3,32.90829103087079,130.661481,,,0,0,0,0,0,0,0,0,0,0,205,blue,3897,3910,7807
89,,9811410,1,20260823,6621,79,0,,,,,6171,49,0,,,,,3,33.01722203103198,130.439722,,,0,0,0,0,0,0,0,0,0,0,205,blue,6700,6220,12920
89,,9811420,1,20260823,6502,226,0,,,,,6016,209,0,,,,,3,33.05710503109079,130.465234,,,0,0,0,0,0,0,0,0,0,0,205,blue,6728,6225,12953
89,,9811450,1,20260823,6350,155,0,,,,,6407,198,0,,,,,3,33.01280003102545,130.425184,,,0,0,0,0,0,0,0,0,0,0,205,blue,6505,6605,13110
89,,9811460,1,20260823,9188,216,0,,,,,8974,298,0,,,,,3,33.140861031213944,130.422417,,,0,0,0,0,0,0,0,0,0,0,205,blue,9404,9272,18676
89,,9811461,1,20260823,7325,195,0,,,,,8527,309,0,,,,,3,33.184560031278004,130.387933,,,0,0,0,0,0,0,0,0,0,0,205,blue,7520,8836,16356
89,,9811470,1,20260823,7619,178,0,,,,,7860,255,0,,,,,3,33.0462530310748,130.431406,,,0,0,0,0,0,0,0,0,0,0,205,blue,7797,8115,15912
89,,9811480,1,20260823,7064,203,0,,,,,5874,115,0,,,,,3,33.055717031088754,130.4292,,,0,0,0,0,0,0,0,0,0,0,205,blue,7267,5989,13256
89,,9811490,1,20260823,7189,125,0,,,,,8228,267,0,,,,,3,33.069783031109466,130.42405,,,0,0,0,0,0,0,0,0,0,0,205,blue,7314,8495,15809
89,,9811500,1,20260823,,,,,,,,,,,,,,,3,33.077520031120855,130.428242,,,1,0,0,0,0,0,0,0,0,0,205,blue,0,0,0
89,,9811510,1,20260823,7842,214,0,,,,,7537,265,0,,,,,3,33.08238303112801,130.433017,,,0,0,0,0,0,0,0,0,0,0,205,blue,8056,7802,15858
89,,9811520,1,20260823,7748,232,0,,,,,7499,159,0,,,,,3,33.11826103118075,130.430375,,,0,0,0,0,0,0,0,0,0,0,205,blue,7980,7658,15638
89,,9811540,1,20260823,5684,235,0,,,,,5473,131,0,,,,,3,33.15753403123839,130.478771,,,0,0,0,0,0,0,0,0,0,0,205,blue,5919,5604,11523
89,,9811550,1,20260823,6441,204,0,,,,,6577,311,0,,,,,3,33.22942603134362,130.505954,,,0,0,0,0,0,0,0,0,0,0,205,blue,6645,6888,13533
89,,9811560,1,20260823,7616,260,0,,,,,6787,274,0,,,,,3,33.23505203135184,130.507151,,,0,0,0,0,0,0,0,0,0,0,205,blue,7876,7061,14937
89,,9811570,1,20260823,6398,266,0,,,,,6743,463,0,,,,,3,33.24799503137074,130.509483,,,0,0,0,0,0,0,0,0,0,0,205,blue,6664,7206,13870
89,,9811580,1,20260823,6853,237,0,,,,,6402,245,0,,,,,3,33.25651503138319,130.509461,,,0,0,0,0,0,0,0,0,0,0,205,blue,7090,6647,13737
89,,9811590,1,20260823,58,3,0,,,,,4646,227,0,,,,,3,33.31995703147561,130.594037,,,0,0,0,0,0,0,0,0,0,0,205,blue,61,4873,4934
89,,9811600,1,20260823,4003,243,0,,,,,4412,221,0,,,,,3,33.345255031512394,130.730893,,,0,0,0,0,0,0,0,0,0,0,205,blue,4246,4633,8879
89,,9811610,1,20260823,4023,214,0,,,,,4352,223,0,,,,,3,33.3437500315102,130.752694,,,0,0,0,0,0,0,0,0,0,0,205,blue,4237,4575,8812
89,,9811620,1,20260823,3623,109,0,,,,,3532,223,0,,,,,3,33.33338803149515,130.801953,,,0,0,0,0,0,0,0,0,0,0,205,blue,3732,3755,7487
89,,9811650,1,20260823,5496,165,0,,,,,5138,194,0,,,,,3,33.331960031493075,130.852326,,,0,0,0,0,0,0,0,0,0,0,205,blue,5661,5332,10993
89,,9811660,1,20260823,2898,37,0,,,,,2682,85,0,,,,,3,33.307732031457824,130.915379,,,0,0,0,0,0,0,0,0,0,0,205,blue,2935,2767,5702
89,,9811670,1,20260823,5249,247,0,,,,,4278,129,0,,,,,3,33.29883403144486,130.938844,,,0,0,0,0,0,0,0,0,0,0,205,blue,5496,4407,9903
89,,9811680,1,20260823,2468,183,0,,,,,1963,103,0,,,,,3,33.29818903144393,130.952388,,,0,0,0,0,0,0,0,0,0,0,205,blue,2651,2066,4717
89,,9811690,1,20260823,3924,252,0,,,,,3460,119,0,,,,,3,33.29921203144541,130.96937,,,0,0,0,0,0,0,0,0,0,0,205,blue,4176,3579,7755
89,,9811700,1,20260823,,,,,,,,,,,,,,,3,33.261645031390664,131.01058,,,1,0,0,0,0,0,0,0,0,0,205,blue,0,0,0
89,,9811710,1,20260823,,,,,,,,,,,,,,,3,33.28000003141744,131.128611,,,1,0,0,0,0,0,0,0,0,0,205,blue,0,0,0
89,,9811720,1,20260823,2471,235,0,,,,,2150,119,0,,,,,3,33.237877031355964,131.175263,,,0,0,0,0,0,0,0,0,0,0,205,blue,2706,2269,4975
89,,9811730,1,20260823,2092,115,0,,,,,1970,88,0,,,,,3,33.2405000313598,131.224187,,,0,0,0,0,0,0,0,0,0,0,205,blue,2207,2058,4265
89,,9811740,1,20260823,2322,211,0,,,,,2394,209,0,,,,,3,33.25496403138093,131.328533,,,0,0,0,0,0,0,0,0,0,0,205,blue,2533,2603,5136
89,,9811750,1,20260823,2022,1060,0,,,,,2958,181,0,,,,,3,33.23715803135492,131.323213,,,0,0,0,0,0,0,0,0,0,0,205,blue,3082,3139,6221
89,,9811760,1,20260823,116,34,0,,,,,9842,353,0,,,,,3,33.18331803127619,131.452171,,,0,0,0,0,0,0,0,0,0,0,205,blue,150,10195,10345
89,,9811770,1,20260823,,,,,,,,,,,,,,,3,31.760789029127036,131.4707,,,1,0,0,0,0,0,0,0,0,0,205,blue,0,0,0
89,,9811780,1,20260823,,,,,,,,,,,,,,,3,31.559046028812634,131.38327000000004,,,1,0,0,0,0,0,0,0,0,0,205,blue,0,0,0
89,,9811790,1,20260823,,,,,,,,,,,,,,,3,31.547715028794922,131.378628,,,1,0,0,0,0,0,0,0,0,0,205,blue,0,0,0
89,,9811800,1,20260823,,,,,,,,,,,,,,,3,31.546675028793285,131.361225,,,1,0,0,0,0,0,0,0,0,0,205,blue,0,0,0
89,,9811810,1,20260823,,,,,,,,,,,,,,,3,31.45214102864519,131.212192,,,1,0,0,0,0,0,0,0,0,0,205,blue,0,0,0
89,,9811820,1,20260823,,,,,,,,,,,,,,,3,31.46555602866623,131.154444,,,1,0,0,0,0,0,0,0,0,0,205,blue,0,0,0
89,,9811830,1,20260823,3067,234,0,,,,,3233,62,0,,,,,3,31.447659028638157,131.051761,,,0,0,0,0,0,0,0,0,0,0,205,blue,3301,3295,6596
89,,9811840,1,20260823,3733,187,0,,,,,3363,209,0,,,,,3,31.388108028544615,130.811533,,,0,0,0,0,0,0,0,0,0,0,205,blue,3920,3572,7492
89,,9811850,1,20260823,4070,192,0,,,,,3547,111,0,,,,,3,31.41813502859181,130.764377,,,0,0,0,0,0,0,0,0,0,0,205,blue,4262,3658,7920
89,,9811860,1,20260823,1769,110,0,,,,,1453,83,0,,,,,3,31.542976028787507,130.706877,,,1,0,0,0,0,0,0,0,0,0,205,blue,1879,1536,3415
89,,9811870,1,20260823,,,,,,,,,,,,,,,3,31.557778028810663,130.718333,,,1,0,0,0,0,0,0,0,0,0,205,blue,0,0,0
89,,9811880,1,20260823,,,,,,,,,,,,,,,3,31.647658028950993,130.819552,,,1,0,0,0,0,0,0,0,0,0,205,blue,0,0,0
89,,9811900,1,20260823,,,,,,,,,,,,,,,3,31.27982902837409,130.291795,,,1,0,0,0,0,0,0,0,0,0,205,blue,0,0,0
89,,9811910,1,20260823,1327,135,0,,,,,1307,121,0,,,,,3,31.2913800283923,130.293564,,,0,0,0,0,0,1,1,0,0,0,205,blue,1462,1428,2890
89,,9811920,1,20260823,1611,21,0,,,,,1542,27,0,,,,,3,31.327343028448986,130.334728,,,0,0,0,0,0,0,0,0,0,0,205,blue,1632,1569,3201
89,,9811930,1,20260823,4853,144,0,,,,,4227,152,0,,,,,3,31.494637028711818,130.506308,,,0,0,0,0,0,0,0,0,0,0,205,blue,4997,4379,9376
89,,9811940,1,20260823,9006,215,0,,,,,8421,172,0,,,,,3,31.527877028763886,130.521631,,,0,0,0,0,0,0,0,0,0,0,205,blue,9221,8593,17814
89,,9811950,1,20260823,3689,123,0,,,,,3878,344,0,,,,,3,31.289730028389716,130.60717200000002,,,1,0,0,0,0,0,0,0,0,0,205,blue,3812,4222,8034
89,,9811960,1,20260823,,,,,,,,,,,,,,,3,31.323917028443603,130.564308,,,1,0,0,0,0,0,0,0,0,0,205,blue,0,0,0
89,,9811970,1,20260823,,,,,,,,,,,,,,,3,31.466390028667544,130.513245,,,1,0,0,0,0,0,0,0,0,0,205,blue,0,0,0
89,,9811980,1,20260823,,,,,,,,,,,,,,,3,33.34976603151893,129.764492,,,1,,,,,,,,,,205,blue,0,0,0
89,,9812010,1,20260823,,,,,,,,,,,,,,,3,33.13956403121204,129.784069,,,1,,,,,,,,,,205,blue,0,0,0
89,,9812020,1,20260823,,,,,,,,,,,,,,,3,33.28640603142677,130.150153,,,1,,,,,,,,,,205,blue,0,0,0
89,,9812030,1,20260823,6371,331,0,,,,,6082,266,0,,,,,3,33.0852950311323,131.637799,,,0,0,0,0,0,0,0,0,0,0,205,blue,6702,6348,13050
89,,9812040,1,20260823,3488,227,0,,,,,3429,152,0,,,,,3,32.56861103036308,131.553056,,,0,0,0,0,0,0,0,0,0,0,205,blue,3715,3581,7296
89,,9812050,1,20260823,,,,,,,,,,,,,,,3,33.55027803180869,130.478333,,,1,,,,,,,,,,205,blue,0,0,0
89,,9812060,1,20260823,,,,,,,,,,,,,,,3,32.92625003089743,131.00539,,,1,,,,,,,,,,205,blue,0,0,0
89,,9812070,1,20260823,5189,253,0,,,,,6114,248,0,,,,,3,32.90000003085849,130.933611,,,0,0,0,0,0,0,0,0,0,0,205,blue,5442,6362,11804
89,,9812080,1,20260823,6624,163,0,,,,,6508,119,0,,,,,3,33.27595303141153,130.319462,,,0,0,0,0,0,0,0,0,0,0,205,blue,6787,6627,13414
89,,9812090,1,20260823,,,,,,,,,,,,,,,3,33.59653803187511,130.611685,,,1,,,,,,,,,,205,blue,0,0,0
89,,9812100,1,20260823,8719,248,0,,,,,7775,240,0,,,,,3,33.05235003108379,130.430417,,,0,0,0,0,0,0,0,0,0,0,205,blue,8967,8015,16982
89,,9812110,1,20260823,1238,1648,0,,,,,985,4657,0,,,,,3,33.15888903124039,129.761111,,,0,0,0,0,0,0,0,0,0,0,205,blue,2886,5642,8528
89,,9812120,1,20260823,10315,297,0,,,,,10056,309,0,,,,,3,31.737096029090242,130.677414,,,0,0,0,0,0,0,0,0,0,0,205,blue,10612,10365,20977
89,,9812130,1,20260823,6878,310,0,,,,,8147,317,0,,,,,3,33.32114903147733,130.391671,,,0,0,0,0,0,0,0,0,0,0,205,blue,7188,8464,15652
89,,9812140,1,20260823,636,29,0,,,,,643,33,0,,,,,3,32.733917030611096,130.31245,,,0,0,0,0,0,0,0,0,0,0,205,blue,665,676,1341
89,,9812150,1,20260823,2234,52,0,,,,,2319,96,0,,,,,3,33.06265303109897,129.960344,,,0,0,0,0,0,0,0,0,0,0,205,blue,2286,2415,4701
90,,10810020,1,20260823,3707,42,0,,,,,5979,114,0,,,,,3,26.424849820394154,127.81697970000002,,,0,0,0,0,0,0,0,0,0,0,205,blue,3749,6093,9842
90,,10810030,1,20260823,1698,7,0,,,,,9259,341,0,,,,,3,26.20527802002984,127.672778,,,0,0,0,0,0,0,0,0,0,0,205,blue,1705,9600,11305
90,,10810040,1,20260823,7085,139,0,,,,,3986,177,0,,,,,3,26.206111020031226,127.665833,,,0,0,0,0,0,0,0,0,0,0,205,blue,7224,4163,11387
90,,10810050,1,20260823,2802,37,0,,,,,3354,94,0,,,,,3,26.69152402083745,128.108879,,,0,,,,,,,,,,205,blue,2839,3448,6287
90,,10810060,1,20260823,0,0,0,,,,,0,0,0,,,,,3,26.634931020743306,128.037283,,,0,,,,,,,,,,205,blue,0,0,0
90,,10810070,1,20260823,0,0,0,,,,,0,0,0,,,,,3,26.60195202068847,127.99972500000001,,,0,,,,,,,,,,205,blue,0,0,0
90,,10810080,1,20260823,5731,805,0,,,,,4563,111,0,,,,,3,26.583164020657225,127.99781300000001,,,0,,,,,,,,,,205,blue,6536,4674,11210
90,,10810090,1,20260823,4921,158,0,,,,,5743,204,0,,,,,3,26.573059020640425,127.989432,,,0,,,,,,,,,,205,blue,5079,5947,11026
90,,10810100,1,20260823,2157,62,0,,,,,3119,56,0,,,,,3,26.558695020616547,127.976575,,,0,,,,,,,,,,205,blue,2219,3175,5394
90,,10810110,1,20260823,0,0,0,,,,,0,0,0,,,,,3,26.547043020597176,127.96594700000001,,,0,,,,,,,,,,205,blue,0,0,0
90,,10810120,1,20260823,22499,2579,0,,,,,11687,1153,0,,,,,3,26.545420020594484,127.96513700000001,,,0,,,,,,,,,,205,blue,25078,12840,37918
90,,10810130,1,20260823,8984,291,0,,,,,7500,388,0,,,,,3,26.541292020587623,127.95978,,,0,,,,,,,,,,205,blue,9275,7888,17163
90,,10810140,1,20260823,9438,109,0,,,,,8980,111,0,,,,,3,26.536514020579673,127.935453,,,0,,,,,,,,,,205,blue,9547,9091,18638
90,,10810150,1,20260823,0,0,0,,,,,0,0,0,,,,,3,26.51382402054197,127.901775,,,0,,,,,,,,,,205,blue,0,0,0
90,,10810160,1,20260823,7838,12,0,,,,,8316,294,0,,,,,3,26.503684020525117,127.87991000000001,,,0,,,,,,,,,,205,blue,7850,8610,16460
90,,10810170,1,20260823,0,0,0,,,,,0,0,0,,,,,3,26.49844302051641,127.86208000000002,,,0,,,,,,,,,,205,blue,0,0,0
90,,10810180,1,20260823,3157,0,0,,,,,2822,1,0,,,,,3,26.48233402048965,127.85135699999998,,,0,,,,,,,,,,205,blue,3157,2823,5980
90,,10810190,1,20260823,0,0,0,,,,,0,0,0,,,,,3,26.44345902042506,127.805583,,,0,,,,,,,,,,205,blue,0,0,0
90,,10810200,1,20260823,,,,,,,,,,,,,,,3,26.338860020251406,127.7508,,,1,,,,,,,,,,205,blue,0,0,0
90,,10810220,1,20260823,8622,813,0,,,,,5187,1907,0,,,,,3,26.26837002013446,127.73051999999998,,,0,,,,,,,,,,205,blue,9435,7094,16529
90,,10810230,1,20260823,13257,2159,0,,,,,16593,1712,0,,,,,3,26.266310020131048,127.72327,,,0,,,,,,,,,,205,blue,15416,18305,33721
90,,10810240,1,20260823,0,0,0,,,,,0,0,0,,,,,3,26.269040020135566,127.72616000000001,,,0,,,,,,,,,,205,blue,0,0,0
90,,10810260,1,20260823,11659,226,0,,,,,9934,346,0,,,,,3,26.273440020142868,127.71261000000001,,,0,,,,,,,,,,205,blue,11885,10280,22165
90,,10810270,1,20260823,0,0,0,,,,,0,0,0,,,,,3,26.451180020437896,127.89631,,,0,,,,,,,,,,205,blue,0,0,0
90,,10810280,1,20260823,3346,24,0,,,,,8371,11,0,,,,,3,26.4491400204345,127.849893,,,0,,,,,,,,,,205,blue,3370,8382,11752
90,,10810290,1,20260823,3301,158,0,,,,,4001,194,0,,,,,3,26.448972020434223,127.90855300000001,,,0,,,,,,,,,,205,blue,3459,4195,7654
90,,10810300,1,20260823,8689,245,0,,,,,7074,400,0,,,,,3,26.30711002019872,127.81338,,,0,,,,,,,,,,205,blue,8934,7474,16408
90,,10810310,1,20260823,0,0,0,,,,,0,0,0,,,,,3,26.287560020166286,127.81449,,,0,,,,,,,,,,205,blue,0,0,0
90,,10810320,1,20260823,11628,2019,0,,,,,9555,755,0,,,,,3,26.22351002006007,127.76571,,,0,,,,,,,,,,205,blue,13647,10310,23957
90,,10810330,1,20260823,,,,,,,,,,,,,,,3,26.200760020022358,127.75174999999999,,,1,,,,,,,,,,205,blue,0,0,0
90,,10810340,1,20260823,12853,181,0,,,,,11140,455,0,,,,,3,26.25841002011794,127.75767000000002,,,0,,,,,,,,,,205,blue,13034,11595,24629
90,,10810350,1,20260823,0,0,0,,,,,0,0,0,,,,,3,26.24962002010336,127.74765,,,0,,,,,,,,,,205,blue,0,0,0
90,,10810360,1,20260823,21612,2445,0,,,,,25836,563,0,,,,,3,26.25443002011134,127.73508000000001,,,0,,,,,,,,,,205,blue,24057,26399,50456
90,,10810370,1,20260823,25401,668,0,,,,,24319,261,0,,,,,3,26.25456002011155,127.72416000000001,,,0,,,,,,,,,,205,blue,26069,24580,50649
90,,10810380,1,20260823,16360,723,0,,,,,15296,1934,0,,,,,3,26.169530019970612,127.65168,,,0,,,,,,,,,,205,blue,17083,17230,34313
90,,10810390,1,20260823,0,0,0,,,,,0,0,0,,,,,3,26.154010019944888,127.65812,,,0,,,,,,,,,,205,blue,0,0,0
90,,10810400,1,20260823,0,0,0,,,,,0,0,0,,,,,3,26.130710019906292,127.66514,,,0,,,,,,,,,,205,blue,0,0,0
90,,10810410,1,20260823,0,0,0,,,,,0,0,0,,,,,3,26.11574001988149,127.66860000000001,,,0,,,,,,,,,,205,blue,0,0,0
90,,10810420,1,20260823,0,0,0,,,,,0,0,0,,,,,3,26.09400001984549,127.71590000000002,,,0,,,,,,,,,,205,blue,0,0,0
90,,10810430,1,20260823,0,0,0,,,,,0,0,0,,,,,3,26.128730019903006,127.75918999999999,,,0,,,,,,,,,,205,blue,0,0,0
90,,10810440,1,20260823,0,0,0,,,,,0,0,0,,,,,3,26.140140019921905,127.77529,,,0,,,,,,,,,,205,blue,0,0,0
90,,10810450,1,20260823,0,0,0,,,,,0,0,0,,,,,3,26.170060019971476,127.8265,,,0,,,,,,,,,,205,blue,0,0,0
90,,10810460,1,20260823,0,0,0,,,,,0,0,0,,,,,3,26.20426002002816,127.652556,,,0,,,,,,,,,,205,blue,0,0,0
90,,10810470,1,20260823,0,0,0,,,,,0,0,0,,,,,3,26.209250020036425,127.73744999999998,,,1,,,,,,,,,,205,blue,0,0,0
90,,10810480,1,20260823,0,0,0,,,,,0,0,0,,,,,3,26.18171001999079,127.73158000000001,,,1,,,,,,,,,,205,blue,0,0,0
90,,10810490,1,20260823,0,0,0,,,,,0,0,0,,,,,3,26.17543001998038,127.70638000000001,,,0,,,,,,,,,,205,blue,0,0,0
90,,10810510,1,20260823,0,0,0,,,,,0,0,0,,,,,3,26.17208001997483,127.69662,,,0,,,,,,,,,,205,blue,0,0,0
90,,10810520,1,20260823,0,0,0,,,,,0,0,0,,,,,3,26.17121001997338,127.67963999999999,,,0,,,,,,,,,,205,blue,0,0,0
87,,7110050,1,20260823,95,6,0,0,0,0,0,105,10,0,0,0,0,0,3,34.48565560311886,133.3551943,,,,,,,,,,,,,1,red,101,115,216
87,,7110060,1,20260823,80,1,0,0,0,0,0,106,7,0,0,0,0,0,3,34.42263781303284,133.2070398,,,,,,,,,,,,,1,red,81,113,194
87,,7110070,1,20260823,67,6,0,0,0,0,0,58,7,0,0,0,0,0,3,34.407573573012236,133.1699288,,,,,,,,,,,,,1,red,73,65,138
87,,7110110,1,20260823,55,0,0,0,0,0,0,42,1,0,0,0,0,0,3,35.523803034484544,134.222875,,,,,,,,,,,,,1,red,55,43,98
87,,7110120,1,20260823,8,0,0,0,0,0,0,7,0,0,0,0,0,0,3,35.52073503448066,133.602321,,,,,,,,,,,,,1,red,8,7,15
87,,7110130,1,20260823,42,5,0,0,0,0,0,59,7,0,0,0,0,0,3,35.41880503435098,133.370183,,,,,,,,,,,,,1,red,47,66,113
87,,7110230,1,20260823,18,0,0,0,0,0,0,24,0,0,0,0,0,0,3,34.76131441349103,132.8171003,,,,,,,,,,,,,1,red,18,24,42
87,,7110300,1,20260823,72,3,0,0,0,0,0,26,1,0,0,0,0,0,3,34.38300703297858,132.459786,132.459786,34.38300703297858,,,,,,,,,,,1,red,75,27,102
87,,7116080,1,20260823,40,6,0,0,0,0,0,39,11,0,0,0,0,0,3,34.39666703299729,133.151389,,,,,,,,,,,,,1,red,46,50,96
87,,7160010,1,20260823,28,0,0,0,0,0,0,31,1,0,0,0,0,0,1,34.5622222532229,133.1247222,,,,,,,,,,,,,1,red,28,32,60
87,,7160020,1,20260823,,,,0,0,1,1,,,,0,0,1,1,1,35.07931507391195,132.8976065,,,,,,,,,,,,,1,red,0,0,0
87,,7310030,1,20260823,53,3,0,0,0,0,0,43,11,0,0,0,0,0,3,34.49757349313508,133.4192187,,,,,,,,,,,,,1,red,56,54,110
87,,7310050,1,20260823,9,0,0,0,0,0,0,1,0,0,0,0,0,0,3,35.52642103448786,134.014803,,,,,,,,,,,,,1,red,9,1,10
87,,7310060,1,20260823,7,0,0,0,0,0,0,7,0,0,0,0,0,0,3,35.50599803446197,133.88375,,,,,,,,,,,,,1,red,7,7,14
87,,7310070,1,20260823,13,1,0,0,0,0,0,12,0,0,0,0,0,0,3,35.51442503447265,134.020507,,,,,,,,,,,,,1,red,14,12,26
87,,7310080,1,20260823,39,5,0,0,0,0,0,37,1,0,0,0,0,0,3,35.50773503446417,133.951629,,,,,,,,,,,,,1,red,44,38,82
87,,7310090,1,20260823,51,4,0,0,0,0,0,52,3,0,0,0,0,0,3,35.49831203445221,133.906984,,,,,,,,,,,,,1,red,55,55,110
87,,7310100,1,20260823,11,0,0,0,0,0,0,7,0,0,0,0,0,0,3,35.508808034465545,133.493736,,,,,,,,,,,,,1,red,11,7,18
87,,7310130,1,20260823,23,0,0,0,0,0,0,13,1,0,0,0,0,0,3,35.419582034351976,134.259336,,,,,,,,,,,,,1,red,23,14,37
87,,7310140,1,20260823,7,0,0,0,0,0,0,1,0,0,0,0,0,0,3,35.28755503418254,134.228921,,,,,,,,,,,,,1,red,7,1,8
87,,7310190,1,20260823,18,2,0,0,0,0,0,16,5,0,0,0,0,0,3,35.48752003443851,134.19798,,,,,,,,,,,,,1,red,20,21,41
87,,7310200,1,20260823,38,0,0,0,0,0,0,23,1,0,0,0,0,0,3,35.56082603453137,134.284636,,,,,,,,,,,,,1,red,38,24,62
87,,7310210,1,20260823,57,5,0,0,0,0,0,37,1,0,0,0,0,0,3,35.50841503446504,133.518074,,,,,,,,,,,,,1,red,62,38,100
87,,7310220,1,20260823,28,0,0,0,0,0,0,46,0,0,0,0,0,0,3,35.527027804488625,134.13269444,,,,,,,,,,,,,1,red,28,46,74
87,,7310240,1,20260823,,,,0,0,0,1,,,,0,0,0,1,3,35.397000034323106,134.20377777,,,,,,,,,,,,,1,red,0,0,0
87,,7310310,1,20260823,,,,0,0,0,1,,,,0,0,0,1,3,34.34795203293048,132.689449,,,,,,,,,,,,,1,red,0,0,0
87,,7310320,1,20260823,19,1,0,0,0,0,0,33,0,0,0,0,0,0,3,34.3631870329514,132.733939,,,,,,,,,,,,,1,red,20,33,53
87,,7310340,1,20260823,58,3,0,0,0,0,0,75,3,0,0,0,0,0,3,34.46347803308863,133.26236,133.262329,34.46377003308901,,,,,,,,,,,1,red,61,78,139
87,,7310370,1,20260823,29,4,0,0,0,0,0,27,2,0,0,0,0,0,1,35.200455524069866,132.8454097,,,,,,,,,,,,,1,red,33,29,62
87,,7310510,1,20260823,32,0,0,0,0,0,0,25,1,0,0,0,0,0,3,34.40069503300281,132.797334,,,,,,,,,,,,,1,red,32,26,58
87,,7310520,1,20260823,30,2,0,0,0,0,0,32,0,0,0,0,0,0,3,34.53976203319243,132.51558,,,,,,,,,,,,,1,red,32,32,64
87,,7310530,1,20260823,64,3,0,0,0,0,0,61,3,0,0,0,0,0,3,34.347256032929515,132.31778000000003,,,,,,,,,,,,,1,red,67,64,131
87,,7310540,1,20260823,41,0,0,0,0,0,0,25,3,0,0,0,0,0,3,34.310647032879174,132.631054,,,,,,,,,,,,,1,red,41,28,69
87,,7310610,1,20260823,55,1,0,0,0,0,0,33,0,0,0,0,0,0,3,35.49457003444746,134.1603,,,,,,,,,,,,,1,red,56,33,89
87,,7310620,1,20260823,29,2,0,0,0,0,0,34,2,0,0,0,0,0,3,35.50153003445631,134.0804,,,,,,,,,,,,,1,red,31,36,67
87,,7310630,1,20260823,13,0,0,0,0,0,0,35,4,0,0,0,0,0,3,35.49990003445423,134.0626,,,,,,,,,,,,,1,red,13,39,52
87,,7310640,1,20260823,45,4,0,0,0,0,0,24,1,0,0,0,0,0,3,35.50860003446527,134.0108,,,,,,,,,,,,,1,red,49,25,74
87,,7360010,1,20260823,34,3,0,0,0,0,0,12,1,0,0,0,0,0,1,35.032454033850506,134.387568,,,,,,,,,,,,,1,red,37,13,50
87,,7360020,1,20260823,21,2,0,0,0,0,0,16,1,0,0,0,0,0,1,35.07606803390771,134.346092,,,,,,,,,,,,,1,red,23,17,40
87,,7360030,1,20260823,0,0,0,0,0,0,0,8,4,0,0,0,0,0,3,35.238191034118756,134.286932,,,,,,,,,,,,,1,red,0,12,12
87,,7360040,1,20260823,30,4,0,0,0,0,0,0,0,0,0,0,0,0,3,35.284722034178905,134.227547,,,,,,,,,,,,,1,red,34,0,34
87,,7360050,1,20260823,0,0,0,0,0,0,0,31,3,0,0,0,0,0,1,35.285344034179694,134.222766,,,,,,,,,,,,,1,red,0,34,34
87,,7360060,1,20260823,32,4,0,0,0,0,0,0,0,0,0,0,0,0,1,35.35362703426754,134.194581,,,,,,,,,,,,,1,red,36,0,36
87,,7360070,1,20260823,0,0,0,0,0,0,0,21,0,0,0,0,0,0,1,35.37911003430021,134.204798,,,,,,,,,,,,,1,red,0,21,21
87,,7360080,1,20260823,26,2,0,0,0,0,0,0,0,0,0,0,0,0,1,35.39104203431548,134.20339,,,,,,,,,,,,,1,red,28,0,28
87,,7360090,1,20260823,25,12,0,0,0,0,0,25,0,0,0,0,0,0,1,35.40772703433684,134.206955,,,,,,,,,,,,,1,red,37,25,62
87,,7360100,1,20260823,30,10,0,0,0,0,0,29,3,0,0,0,0,0,1,35.45862225662396,134.193141666666,,,,,,,,,,,,,1,red,40,32,72
87,,7360110,1,20260823,20,6,0,0,0,0,0,14,0,0,0,0,0,0,1,35.113784033957025,134.331458,,,,,,,,,,,,,1,red,26,14,40
87,,7360130,1,20260823,8,0,0,0,0,0,0,25,1,0,0,0,0,0,1,34.69455889340151,133.033421,,,,,,,,,,,,,1,red,8,26,34
87,,7360140,1,20260823,8,0,0,0,0,0,0,23,1,0,0,0,0,0,1,34.687231643391655,133.0469408,,,,,,,,,,,,,1,red,8,24,32
