地方整備局等番号,開発建設部／都道府県コード,常時観測点コード,収集時間フラグ（5分間／1時間）,観測年月日,上り・小型交通量,上り・大型交通量,上り・車種判別不能交通量,上り・停電,上り・ループ異常,上り・超音波異常,上り・欠測,下り・小型交通量,下り・大型交通量,下り・車種判別不能交通量,下り・停電,下り・ループ異常,下り・超音波異常,下り・欠測,道路種別,lat,lng,lng2,lat2,カメラプリセット位置,気象影響による映像不良,照度不足,突発事象（交通事故等）,サーバの稼働,カメラの映像受信,映像のデコード処理,デコード映像から映像解析機能への取込加工処理の失敗,映像解析機能のフリーズ,その他エラー,count,color,上り・交通量,下り・交通量,交通量
83,,3110170,1,20260913,14537,1611,0,0,0,0,0,14524,924,0,0,0,0,0,3,35.52794003448978,139.70328,,,,,,,,,,,,,228,red,16148,15448,31596
83,,3110180,1,20260913,12370,1519,0,0,0,5,0,11233,1066,0,0,0,41,0,3,35.47903203442772,139.638693,,,,,,,,,,,,,228,red,13889,12299,26188
83,,3110190,1,20260913,8818,216,602,0,0,0,0,9103,193,782,0,0,0,0,3,35.26731403415642,139.685375,,,,,,,,,,,,,228,red,9636,10078,19714
83,,3110200,1,20260913,7531,153,514,0,0,0,0,7368,138,600,0,0,0,0,3,35.36071103427663,139.629686,,,,,,,,,,,,,228,red,8198,8106,16304
83,,3110220,1,20260913,16711,2014,0,0,0,0,0,15958,1665,0,0,0,0,0,3,35.58894027456686,139.3426681,,,,,,,,,,,,,228,red,18725,17623,36348
83,,3110230,1,20260913,5882,231,473,0,0,0,0,5709,240,475,0,0,0,0,3,35.483485034433386,139.527129,,,,,,,,,,,,,228,red,6586,6424,13010
83,,3110240,1,20260913,11572,1408,0,0,0,0,0,12650,1583,0,0,0,0,0,3,35.83073572486877,139.3800849,,,,,,,,,,,,,228,red,12980,14233,27213
83,,3110250,1,20260913,17447,1586,391,0,0,0,0,16042,1515,263,0,0,0,0,3,35.707798574715994,140.1198261,,,,,,,,,,,,,228,red,19424,17820,37244
83,,3110260,1,20260913,9362,923,710,0,0,0,0,11237,654,377,0,0,0,0,3,35.53057826449313,140.0927666,,,,,,,,,,,,,228,red,10995,12268,23263
83,,3110270,1,20260913,9570,836,575,0,0,0,0,10296,1007,603,0,0,0,0,3,35.79240130482129,139.6854329,,,,,,,,,,,,,228,red,10981,11906,22887
83,,3110280,1,20260913,21904,2466,0,0,0,0,0,20587,2173,0,0,0,0,0,3,35.803056924834515,139.6481824,,,,,,,,,,,,,228,red,24370,22760,47130
83,,3110290,1,20260913,15908,1345,0,0,0,0,0,15292,979,0,0,0,0,0,3,36.07243401516468,139.4990623,,,,,,,,,,,,,228,red,17253,16271,33524
83,,3110300,1,20260913,6280,142,0,0,0,0,0,6028,114,0,0,0,0,0,3,36.18854634530473,139.3083894,,,,,,,,,,,,,228,red,6422,6142,12564
83,,3110310,1,20260913,7671,361,121,0,0,0,0,7847,234,104,0,0,0,0,3,36.28225430541672,139.0870374,,,,,,,,,,,,,228,red,8153,8185,16338
83,,3110320,1,20260913,14868,242,341,0,0,0,0,14715,209,280,0,0,0,0,3,36.3553183655034,139.0125096,,,,,,,,,,,,,228,red,15451,15204,30655
83,,3110350,1,20260913,8862,658,0,0,0,0,0,10129,469,0,0,0,0,0,3,36.343173145489025,138.5572287,,,,,,,,,,,,,228,red,9520,10598,20118
83,,3110360,1,20260913,8133,250,0,0,0,0,0,7650,219,0,0,0,0,0,3,36.37715425552919,138.2764444,,,,,,,,,,,,,228,red,8383,7869,16252
83,,3110370,1,20260913,6801,201,0,0,0,0,0,7586,200,0,0,0,0,0,3,36.6491958258463,138.2215959,,,,,,,,,,,,,228,red,7002,7786,14788
83,,3110380,1,20260913,7310,249,0,0,0,0,0,7237,260,0,0,0,0,0,3,36.20646628532621,137.9629773,,,,,,,,,,,,,228,red,7559,7497,15056
83,,3110390,1,20260913,2272,134,0,0,0,0,0,2224,106,0,0,0,0,0,3,36.53866995571842,137.9675826,,,,,,,,,,,,,228,red,2406,2330,4736
83,,3110400,1,20260913,13695,416,829,0,0,0,0,13847,553,1099,0,0,0,0,3,35.669090024667575,139.59433440000004,,,,,,,,,,,,,228,red,14940,15499,30439
83,,3110410,1,20260913,6194,153,437,0,0,0,0,4274,98,271,0,0,0,0,3,35.617552604602885,139.1855389,,,,,,,,,,,,,228,red,6784,4643,11427
83,,3110420,1,20260913,6723,374,0,0,0,0,0,5826,262,0,0,0,0,0,3,35.611220394594916,138.9628673,,,,,,,,,,,,,228,red,7097,6088,13185
83,,3110430,1,20260913,2419,1603,0,0,0,0,0,1796,1836,0,0,0,0,0,3,35.603966294585796,138.8040242,,,,,,,,,,,,,228,red,4022,3632,7654
83,,3110440,1,20260913,11905,585,0,0,0,0,0,11221,467,0,0,0,0,0,3,35.66782617466599,138.5078037,,,,,,,,,,,,,228,red,12490,11688,24178
83,,3110450,1,20260913,2764,305,0,0,0,0,0,2838,195,0,0,0,0,0,3,35.90777048496373,138.2345215,,,,,,,,,,,,,228,red,3069,3033,6102
83,,3110460,1,20260913,4486,184,0,0,0,0,0,4336,119,0,0,0,0,0,3,36.07055654516242,138.0938691,,,,,,,,,,,,,228,red,4670,4455,9125
83,,3110470,1,20260913,6600,356,87,0,0,0,0,6816,358,93,0,0,0,0,3,36.378318235530564,139.2290443,,,,,,,,,,,,,228,red,7043,7267,14310
83,,3110480,1,20260913,12854,834,223,0,0,0,0,13053,957,281,0,0,0,0,3,36.314701575455274,139.4271684,,,,,,,,,,,,,228,red,13911,14291,28202
83,,3110490,1,20260913,7129,359,0,0,0,0,0,6772,254,0,0,0,0,0,3,36.3924270955472,140.2677888,,,,,,,,,,,,,222,red,7488,7026,14514
83,,3110520,1,20260913,3958,340,0,0,0,0,0,3933,201,0,0,0,0,0,3,35.95803238502537,140.6007609,,,,,,,,,,,,,222,red,4298,4134,8432
83,,3110550,1,20260913,2851,79,283,0,0,0,0,3528,49,184,0,0,0,0,3,35.150913034005455,139.829981,,,,,,,,,,,,,228,red,3213,3761,6974
83,,3110560,1,20260913,5821,321,0,0,0,0,0,6472,239,0,0,0,0,0,3,35.43543715437221,138.84019380000004,,,,,,,,,,,,,228,red,6142,6711,12853
83,,3110570,1,20260913,3436,123,0,0,0,0,0,3870,646,0,0,0,0,0,3,35.39117538431567,138.86336800000004,,,,,,,,,,,,,227,red,3559,4516,8075
83,,3110580,1,20260913,2738,232,0,0,0,0,0,3525,388,0,0,0,0,0,3,35.47790102442629,138.6703992,,,,,,,,,,,,,228,red,2970,3913,6883
83,,3110590,1,20260913,5213,122,0,0,0,0,0,5595,110,0,0,0,0,0,3,35.51892892447836,138.83839670000003,,,,,,,,,,,,,227,red,5335,5705,11040
83,,3110610,1,20260913,19236,1159,745,0,0,0,0,11735,532,1648,0,0,0,0,3,35.536946034501184,139.510691,,,,,,,,,,,,,228,red,21140,13915,35055
83,,3110620,1,20260913,17393,1930,669,0,0,0,0,18107,1717,872,0,0,0,0,3,35.472892034419914,139.412266,,,,,,,,,,,,,228,red,19992,20696,40688
83,,3110630,1,20260913,11800,573,577,0,0,0,0,10921,552,715,0,0,0,0,3,35.4275870343622,139.351511,,,,,,,,,,,,,228,red,12950,12188,25138
83,,3110640,1,20260913,7731,348,417,0,0,0,0,8142,279,440,0,0,0,0,3,35.37445003429424,139.203293,,,,,,,,,,,,,228,red,8496,8861,17357
83,,3110650,1,20260913,6702,668,296,0,0,0,0,5024,357,201,0,0,0,0,3,35.36087503427685,139.014722,,,,,,,,,,,,,228,red,7666,5582,13248
83,,3110660,1,20260913,18552,2019,1107,0,0,0,0,13348,1865,1112,0,0,0,0,3,35.68396699468621,139.992342,,,,,,,,,,,,,228,red,21678,16325,38003
83,,3110670,1,20260913,7108,1704,407,0,0,0,0,6730,2409,415,0,0,0,0,3,35.588442964566234,139.7548217,,,,,,,,,,,,,228,red,9219,9554,18773
83,,3110980,1,20260913,6875,409,130,0,0,0,0,6449,413,135,0,0,0,0,1,36.24888937537695,138.4463891,,,,,,,,,,,,,228,red,7414,6997,14411
83,,3110990,1,20260913,5066,322,0,0,0,0,0,0,0,0,0,0,0,0,1,36.242588925369425,138.4374556,,,,,,,,,,,,,228,red,5388,0,5388
83,,3111000,1,20260913,0,0,0,0,0,0,0,4647,333,0,0,0,0,0,1,36.22486392534824,138.4372861,,,,,,,,,,,,,228,red,0,4980,4980
83,,3111010,1,20260913,4286,301,0,0,0,0,0,4147,329,0,0,0,0,0,1,36.16839725528054,138.4688,,,,,,,,,,,,,228,red,4587,4476,9063
83,,3111030,1,20260913,2997,270,0,0,0,0,0,0,0,0,0,0,0,0,1,36.14629447525393,138.4676028,,,,,,,,,,,,,228,red,3267,0,3267
83,,3111040,1,20260913,0,0,0,0,0,0,0,2942,297,0,0,0,0,0,1,36.13644447524206,138.4613806,,,,,,,,,,,,,228,red,0,3239,3239
83,,3111050,1,20260913,6247,554,64,0,0,0,0,5481,413,64,0,0,0,0,1,35.443037034381895,138.453937,,,,,,,,,,,,,228,red,6865,5958,12823
83,,3111060,1,20260913,6081,426,51,0,0,0,0,5418,347,188,0,0,0,0,1,35.48100503443024,138.45894900000002,,,,,,,,,,,,,228,red,6558,5953,12511
83,,3111070,1,20260913,6053,562,100,0,0,0,0,4859,425,97,0,0,0,0,1,35.35961103427522,138.456636,,,,,,,,,,,,,228,red,6715,5381,12096
83,,3111080,1,20260913,5972,553,108,0,0,0,0,5256,443,64,0,0,0,0,1,35.337913034247364,138.45119000000003,,,,,,,,,,,,,228,red,6633,5763,12396
83,,3111090,1,20260913,5951,536,68,0,0,0,0,4881,407,57,0,0,0,0,1,35.27778503416994,138.444487,,,,,,,,,,,,,228,red,6555,5345,11900
83,,3310680,1,20260913,13596,620,753,0,0,0,0,13956,611,956,0,0,0,0,3,35.55346203452207,139.695301,,,,,,,,,,,,,228,red,14969,15523,30492
83,,3310690,1,20260913,8618,494,751,0,0,0,0,8616,357,676,0,0,0,0,3,35.476498034424495,139.611304,,,,,,,,,,,,,228,red,9863,9649,19512
83,,3310720,1,20260913,15820,1016,849,0,0,0,0,15698,898,1177,0,0,0,0,3,35.78172684480805,139.8030451,,,,,,,,,,,,,228,red,17685,17773,35458
83,,3310730,1,20260913,11626,721,1204,0,0,0,0,11925,616,1299,0,0,0,0,3,35.723854004736026,139.819876,,,,,,,,,,,,,228,red,13551,13840,27391
83,,3310740,1,20260913,16694,1021,995,0,0,0,0,0,0,0,0,228,228,0,3,35.76173829478322,139.8620188,,,,,,,,,,,,,228,red,18710,0,18710
83,,3310750,1,20260913,15853,939,889,0,0,0,0,18865,877,971,0,0,0,0,3,35.768080334791094,139.8831359,,,,,,,,,,,,,228,red,17681,20713,38394
83,,3310760,1,20260913,6324,269,0,0,0,0,0,6182,114,0,0,0,0,0,3,36.333593035477676,140.487226,,,,,,,,,,,,,222,red,6593,6296,12889
83,,3310770,1,20260913,13192,767,1796,0,0,0,0,10155,731,1363,0,0,0,0,3,35.696867714702336,139.8301488,,,,,,,,,,,,,228,red,15755,12249,28004
83,,3310780,1,20260913,11158,716,1073,0,0,0,0,11226,674,1007,0,0,0,0,3,35.550513454518345,139.7165117,,,,,,,,,,,,,228,red,12947,12907,25854
83,,3310790,1,20260913,9021,422,0,0,0,0,0,9894,444,0,0,0,0,0,3,35.30616103420651,139.624807,,,,,,,,,,,,,228,red,9443,10338,19781
83,,3310810,1,20260913,13229,1697,772,0,0,0,0,12694,2166,754,0,0,0,0,3,35.88142903493132,139.9657318,,,,,,,,,,,,,228,red,15698,15614,31312
83,,3310820,1,20260913,14006,1089,1316,0,0,0,0,12704,1056,705,0,0,0,0,3,35.769723434793136,139.7015664,,,,,,,,,,,,,228,red,16411,14465,30876
83,,3310830,1,20260913,5364,386,121,0,0,0,0,4424,137,67,0,0,0,0,3,36.65616783585431,139.0205401,,,,,,,,,,,,,228,red,5871,4628,10499
83,,3310840,1,20260913,13669,525,931,0,0,0,0,12637,666,870,0,0,0,0,3,35.67115788467016,139.6194506,,,,,,,,,,,,,228,red,15125,14173,29298
83,,3310850,1,20260913,16541,717,0,0,0,0,0,15833,490,0,0,0,0,0,3,35.644829464637155,138.6173022,,,,,,,,,,,,,228,red,17258,16323,33581
83,,3310860,1,20260913,2787,275,0,0,0,0,0,2668,216,0,0,0,0,0,3,35.85597447489995,138.2880181,,,,,,,,,,,,,228,red,3062,2884,5946
83,,3310880,1,20260913,3177,145,0,0,0,0,0,3077,90,0,0,0,0,0,3,35.58082577455663,138.474952,,,,,,,,,,,,,228,red,3322,3167,6489
83,,3310890,1,20260913,16122,704,1080,0,0,0,0,15935,641,1305,0,0,0,0,3,35.625824724613295,139.6414769,,,,,,,,,,,,,228,red,17906,17881,35787
83,,3310900,1,20260913,24088,1288,1643,0,0,0,0,23442,1138,1434,0,0,0,0,3,35.60764403459042,139.613062,,,,,,,,,,,,,228,red,27019,26014,53033
83,,3310910,1,20260913,5405,833,512,0,0,0,0,5829,353,283,0,0,0,0,3,35.34910803426173,139.141352,,,,,,,,,,,,,228,red,6750,6465,13215
83,,3310920,1,20260913,11210,612,1328,0,0,0,0,11107,790,1491,0,0,0,0,3,35.74888073476721,139.6969986,,,,,,,,,,,,,228,red,13150,13388,26538
83,,3310930,1,20260913,14942,792,1079,0,0,0,0,14522,686,831,0,0,0,0,3,35.757753044778255,139.6835902,,,,,,,,,,,,,228,red,16813,16039,32852
83,,3310940,1,20260913,20945,1556,644,0,0,0,0,20680,1746,555,0,0,0,0,3,35.653820154648436,140.0442401,,,,,,,,,,,,,228,red,23145,22981,46126
83,,3310950,1,20260913,22060,2777,860,0,0,0,0,21251,3673,1553,0,0,0,0,3,35.64815995464133,139.9005461,,,,,,,,,,,,,228,red,25697,26477,52174
83,,3310960,1,20260913,3458,818,363,0,0,0,0,2041,652,558,0,0,0,0,3,35.646721404639536,139.8238456,,,,,,,,,,,,,228,red,4639,3251,7890
84,,4110010,1,20260913,27525,1555,0,0,0,0,0,24349,2518,0,0,0,0,0,3,37.932215037230314,139.139722,,,,,,,,,,,,,228,red,29080,26867,55947
84,,4110020,1,20260913,7538,125,0,0,0,0,0,7669,121,0,0,0,0,0,3,37.96100603725917,139.354741,,,,,,,,,,,,,228,red,7663,7790,15453
84,,4110030,1,20260913,2915,463,0,0,0,0,0,2640,303,0,0,0,0,0,3,38.540634037818585,139.550276,,,,,,,,,,,,,228,red,3378,2943,6321
84,,4110040,1,20260913,35854,1476,0,0,0,0,0,35803,1375,0,0,0,0,0,3,37.89993403719785,139.068639,139.0649569,37.8988954271968,,,,,,,,,,,228,red,37330,37178,74508
84,,4110060,1,20260913,7286,218,410,0,0,0,0,6957,550,483,0,0,0,0,3,37.56415502685272,138.8938299,,,,,,,,,,,,,228,red,7914,7990,15904
84,,4110070,1,20260913,7286,116,96,0,0,0,0,7463,105,115,0,0,0,0,3,37.44889503673119,138.76828100000003,,,,,,,,,,,,,228,red,7498,7683,15181
84,,4110090,1,20260913,1460,275,0,0,0,0,0,1545,223,0,0,0,0,0,3,36.97923003622018,137.642048,,,,,,,,,,,,,228,red,1735,1768,3503
84,,4110110,1,20260913,12002,417,97,0,0,0,0,11577,251,495,0,0,0,0,3,36.737147395947105,137.3387361,137.3387361,36.737147395947105,,,,,,,,,,,228,red,12516,12323,24839
84,,4110120,1,20260913,12057,374,76,0,0,0,0,12666,348,96,0,0,0,0,3,36.74295939595373,137.1063924,,,,,,,,,,,,,228,red,12507,13110,25617
84,,4110130,1,20260913,11456,344,65,0,0,0,0,11279,337,124,0,0,0,0,3,36.75988562597303,137.0465469,,,,,,,,,,,,,228,red,11865,11740,23605
84,,4110140,1,20260913,8897,329,64,0,0,0,0,8906,378,62,0,0,0,0,3,36.6765250558777,136.8260425,,,,,,,,,,,,,228,red,9290,9346,18636
84,,4110150,1,20260913,24017,987,0,0,0,0,0,24723,1268,0,0,0,0,0,3,36.589046875776866,136.6271782,136.6276288,36.58868075577644,,,,,,,,,,,228,red,25004,25991,50995
84,,4110160,1,20260913,10405,519,0,0,0,0,0,9672,551,0,0,0,0,0,3,36.33272803547666,136.42083400000004,,,,,,,,,,,,,228,red,10924,10223,21147
84,,4110170,1,20260913,7954,505,66,0,0,0,0,7918,514,343,0,0,0,0,3,36.295882035432925,136.303694,,,,,,,,,,,,,228,red,8525,8775,17300
84,,4110180,1,20260913,3496,80,0,0,0,0,0,3298,82,0,0,0,0,0,3,37.35568202663179,138.5718066,,,,,,,,,,,,,228,red,3576,3380,6956
84,,4110190,1,20260913,872,50,69,0,0,0,0,569,21,60,0,0,0,0,3,36.785345316001994,138.8016209,,,,,,,,,,,,,228,red,991,650,1641
84,,4110200,1,20260913,4325,538,258,0,0,0,0,3553,130,533,0,0,0,0,3,37.05929117630906,138.8725331,,,,,,,,,,,,,228,red,5121,4216,9337
84,,4110210,1,20260913,6130,614,885,0,0,0,0,0,0,0,0,0,0,0,3,37.379305636657065,138.8344324,,,,,,,,,,,,,228,red,7629,0,7629
84,,4110220,1,20260913,3639,191,0,0,0,0,0,3166,138,0,0,0,0,0,3,36.859512036085945,138.194944,,,,,,,,,,,,,228,red,3830,3304,7134
84,,4110230,1,20260913,5350,115,46,0,0,0,0,4873,115,46,0,0,0,0,3,36.59277686578118,137.2042608,,,,,,,,,,,,,228,red,5511,5034,10545
84,,4110240,1,20260913,8487,190,55,0,0,0,0,8989,186,95,0,0,0,0,3,36.68543044588792,137.2119749,,,,,,,,,,,,,228,red,8732,9270,18002
84,,4110250,1,20260913,2225,193,0,0,0,0,0,2181,131,0,0,0,0,0,3,37.66099003695361,139.47592,,,,,,,,,,,,,228,red,2418,2312,4730
84,,4110260,1,20260913,3264,252,0,0,0,0,0,2627,179,0,0,0,0,0,3,38.081379037378746,139.576978,,,,,,,,,,,,,228,red,3516,2806,6322
84,,4110270,1,20260913,3273,334,0,0,0,0,0,3485,146,0,0,0,0,0,3,37.60222103689251,138.798415,,,,,,,,,,,,,228,red,3607,3631,7238
84,,4110280,1,20260913,7381,78,27,0,0,0,0,7830,76,49,0,0,0,0,3,36.650611795847915,136.963672,,,,,,,,,,,,,228,red,7486,7955,15441
84,,4110290,1,20260913,8450,280,0,0,0,0,0,8178,263,0,0,0,0,0,3,36.52124203569812,136.587868,,,,,,,,,,,,,228,red,8730,8441,17171
84,,4110300,1,20260913,12673,1333,0,0,228,0,0,14275,257,0,0,0,0,0,3,36.59043403577848,136.685666,136.68521,36.59039903577843,,,,,,,,,,,228,red,14006,14532,28538
84,,4110310,1,20260913,506,10,10,0,0,0,0,511,10,18,0,0,0,0,3,37.0464990362949,137.047738,,,,,,,,,,,,,228,red,526,539,1065
84,,4110320,1,20260913,3137,108,27,0,0,0,0,3123,117,53,0,0,0,0,3,36.8686864160963,136.96136,,,,,,,,,,,,,228,red,3272,3293,6565
84,,4110330,1,20260913,4191,138,45,0,0,0,0,4352,148,72,0,0,0,0,3,36.83313510605615,136.9442582,,,,,,,,,,,,,228,red,4374,4572,8946
84,,4110340,1,20260913,4109,1414,0,0,0,0,0,3204,2694,0,0,0,0,0,3,36.75969223597281,136.9658715,,,,,,,,,,,,,228,red,5523,5898,11421
84,,4110350,1,20260913,2865,101,1,0,0,0,0,2394,246,0,0,228,0,0,3,37.240650036507716,136.905469,,,,,,,,,,,,,228,red,2967,2640,5607
84,,4110351,1,20260913,1251,56,0,0,0,0,0,980,46,0,0,0,0,0,3,37.31000403658269,136.9066,,,,,,,,,,,,,228,red,1307,1026,2333
84,,4110370,1,20260913,3850,109,0,0,0,0,0,3682,58,0,0,0,0,0,6,37.83527203713243,139.227435,,,,,,,,,,,,,228,red,3959,3740,7699
84,,4110371,1,20260913,4291,189,0,0,0,0,0,4764,155,0,0,0,0,0,3,37.829370037126424,139.20906,,,,,,,,,,,,,228,red,4480,4919,9399
84,,4110380,1,20260913,3242,170,0,0,0,0,0,3411,81,0,0,0,0,0,3,37.73164303702653,139.333641,,,,,,,,,,,,,228,red,3412,3492,6904
84,,4110390,1,20260913,2899,203,0,0,0,0,0,3007,134,0,0,0,0,0,3,37.699376036993314,139.38248,,,,,,,,,,,,,228,red,3102,3141,6243
84,,4110400,1,20260913,3253,114,0,0,0,0,0,2920,151,0,0,0,0,0,3,37.012781036257515,137.026061,,,,,,,,,,,,,228,red,3367,3071,6438
84,,4110410,1,20260913,14588,568,0,0,0,0,0,4973,143,0,0,0,228,0,3,36.38238103553535,136.486002,,,,,,,,,,,,,228,red,15156,5116,20272
84,,4110430,1,20260913,1149,66,0,0,0,0,0,910,78,0,0,0,0,0,3,37.01726703626248,136.967459,,,,,,,,,,,,,228,red,1215,988,2203
84,,4110440,1,20260913,4523,138,38,0,0,0,0,4610,162,72,0,0,0,0,3,36.80001257601863,136.9558319,,,,,,,,,,,,,228,red,4699,4844,9543
84,,4110450,1,20260913,3237,130,72,0,0,0,0,3134,234,67,0,0,0,0,3,36.88168028611092,136.97572590000001,,,,,,,,,,,,,228,red,3439,3435,6874
84,,4110460,1,20260913,3161,96,38,0,0,0,0,2881,129,48,0,0,0,0,3,36.93083435616611,137.0132339,,,,,,,,,,,,,228,red,3295,3058,6353
84,,4110470,1,20260913,7093,301,45,0,0,0,0,6822,203,38,0,0,0,0,3,36.84399970606843,137.4189931,,,,,,,,,,,,,228,red,7439,7063,14502
84,,4110480,1,20260913,6040,198,0,0,0,0,0,5713,362,0,0,0,0,0,3,37.7661015170619,139.0265521,,,,,,,,,,,,,228,red,6238,6075,12313
84,,4110490,1,20260913,5269,169,0,0,0,0,0,5265,316,0,0,0,0,0,3,37.77256794706851,139.0261587,,,,,,,,,,,,,228,red,5438,5581,11019
84,,4110880,1,20260913,5484,201,0,0,0,0,0,5355,282,0,0,0,0,0,3,37.159443036419226,138.223379,,,,,,,,,,,,,228,red,5685,5637,11322
84,,4160390,1,20260913,1576,352,0,0,0,0,0,1706,197,0,0,0,0,0,1,38.268866037561445,139.522026,,,,,,,,,,,,,228,red,1928,1903,3831
84,,4310010,1,20260913,19389,451,0,0,0,0,0,16601,552,0,0,0,0,0,3,37.90111003719903,139.07252,139.07275,37.90117003719909,,,,,,,,,,,228,red,19840,17153,36993
84,,4310012,1,20260913,5469,61,0,0,0,0,0,4886,40,0,0,0,0,0,3,37.92162903721969,139.058415,139.059129,37.921847037219905,,,,,,,,,,,228,red,5530,4926,10456
84,,4310014,1,20260913,26882,1138,0,0,0,1,0,17119,574,0,0,0,228,0,3,37.91719603721522,139.11685,,,,,,,,,,,,,228,red,28020,17693,45713
84,,4310020,1,20260913,14700,287,0,0,0,0,0,7314,106,0,0,0,39,0,3,37.96990561726807,139.2601579,,,,,,,,,,,,,228,red,14987,7420,22407
84,,4310030,1,20260913,15019,278,0,0,0,0,0,12803,218,0,0,0,0,0,3,37.959626427257795,139.290365,,,,,,,,,,,,,228,red,15297,13021,28318
84,,4310060,1,20260913,10535,354,0,0,0,0,0,12225,532,0,0,0,0,0,3,37.855369037152805,139.017016,,,,,,,,,,,,,228,red,10889,12757,23646
84,,4310070,1,20260913,6432,293,0,0,0,0,0,6105,378,0,0,0,0,0,3,37.213535036478255,138.30873,,,,,,,,,,,,,228,red,6725,6483,13208
84,,4310080,1,20260913,7638,231,0,0,0,0,0,7755,293,0,0,0,0,0,3,37.15957303641935,138.228132,,,,,,,,,,,,,228,red,7869,8048,15917
84,,4310090,1,20260913,3910,236,0,0,0,0,0,3897,305,0,0,0,0,0,3,37.119068036374955,138.031711,,,,,,,,,,,,,228,red,4146,4202,8348
84,,4310100,1,20260913,4374,195,0,0,0,0,0,3976,268,0,0,0,0,0,3,37.04548803629378,137.853387,,,,,,,,,,,,,228,red,4569,4244,8813
84,,4310110,1,20260913,2281,52,36,0,0,0,0,1680,36,31,0,0,0,0,3,37.055192036304526,137.905522,,,,,,,,,,,,,228,red,2369,1747,4116
84,,4310120,1,20260913,4364,578,0,0,0,0,0,3887,245,0,0,0,0,0,3,36.94553606618256,137.53465,,,,,,,,,,,,,228,red,4942,4132,9074
84,,4310130,1,20260913,8564,346,19,0,0,0,0,9081,230,81,0,0,0,0,3,36.77997831599589,137.3953897,137.3949552,36.779578725995435,,,,,,,,,,,223,red,8929,9392,18321
84,,4310160,1,20260913,4156,115,0,0,0,0,0,3818,126,0,0,0,0,0,3,36.6900247158932,136.89856410000002,,,,,,,,,,,,,228,red,4271,3944,8215
84,,4310170,1,20260913,2624,237,55,0,0,0,0,0,0,0,0,0,0,0,3,36.92741586616228,137.4845517,,,,,,,,,,,,,228,red,2916,0,2916
84,,4310190,1,20260913,8638,683,0,0,228,0,0,8489,412,0,0,228,0,0,3,36.68614025588873,136.7302394,,,,,,,,,,,,,228,red,9321,8901,18222
84,,4310200,1,20260913,7976,254,0,0,0,0,0,8403,346,0,0,0,0,0,3,36.68324936588542,136.7232978,,,,,,,,,,,,,228,red,8230,8749,16979
84,,4310210,1,20260913,20566,969,0,0,0,0,0,19708,948,0,0,0,0,0,3,36.562841365746486,136.5982425,,,,,,,,,,,,,228,red,21535,20656,42191
84,,4310220,1,20260913,16833,864,0,0,0,0,0,17218,674,0,0,0,0,0,3,36.50450003567862,136.550432,,,,,,,,,,,,,228,red,17697,17892,35589
84,,4310230,1,20260913,13127,545,0,0,0,0,0,13088,542,0,0,0,0,0,3,36.42391556558427,136.483165,,,,,,,,,,,,,228,red,13672,13630,27302
84,,4310250,1,20260913,6689,465,0,0,0,0,0,7187,522,0,0,0,0,0,3,36.2785439554123,136.2915319,,,,,,,,,,,,,228,red,7154,7709,14863
84,,4310270,1,20260913,2450,26,27,0,0,0,0,1680,20,15,0,0,0,0,3,37.072231146323354,138.87240170000004,,,,,,,,,,,,,228,red,2503,1715,4218
84,,4310280,1,20260913,5427,381,0,0,0,0,1,5735,218,0,0,0,0,1,3,36.93595003617183,138.219789,,,,,,,,,,,,,228,red,5808,5953,11761
84,,4310300,1,20260913,13192,545,0,0,0,0,0,13992,463,0,0,0,0,0,3,37.135361036392844,138.266363,,,,,,,,,,,,,228,red,13737,14455,28192
84,,4310310,1,20260913,2782,163,61,0,0,0,0,2707,114,86,0,0,0,0,3,36.469212195637375,137.2416294,,,,,,,,,,,,,228,red,3006,2907,5913
84,,4310320,1,20260913,2697,170,49,0,0,0,0,2680,111,76,0,0,0,0,3,36.51196446568731,137.2282451,,,,,,,,,,,,,228,red,2916,2867,5783
84,,4310330,1,20260913,7350,168,0,0,0,0,0,6897,195,0,0,0,0,0,3,36.636592975831775,137.209239,,,,,,,,,,,,,228,red,7518,7092,14610
84,,4310350,1,20260913,12237,490,0,0,0,0,0,11664,1096,0,0,0,0,0,3,37.85868303715617,139.114645,,,,,,,,,,,,,228,red,12727,12760,25487
84,,4310360,1,20260913,3145,292,434,0,0,0,0,3627,149,145,0,0,0,0,3,37.44596703672809,138.637808,,,,,,,,,,,,,228,red,3871,3921,7792
84,,4310370,1,20260913,5500,422,0,0,0,0,0,5583,383,0,0,0,0,0,3,37.659782356952356,138.8757271,,,,,,,,,,,,,228,red,5922,5966,11888
84,,4310380,1,20260913,4778,323,0,0,0,0,0,4901,359,0,0,0,0,0,3,37.75046003704586,138.90062,,,,,,,,,,,,,228,red,5101,5260,10361
84,,4310390,1,20260913,84,94,0,0,0,0,0,212,52,0,0,0,125,0,3,37.8373130371345,138.931687,,,,,,,,,,,,,228,red,178,264,442
84,,4310400,1,20260913,454,10,29,0,0,0,0,529,9,49,0,0,0,0,3,36.554335475736636,137.0083094,,,,,,,,,,,,,228,red,493,587,1080
84,,4310410,1,20260913,3469,115,13,0,0,0,0,3431,88,26,0,0,0,0,3,36.956120636194385,136.8892354,,,,,,,,,,,,,228,red,3597,3545,7142
84,,4310411,1,20260913,3413,68,0,0,0,0,0,3515,81,0,0,0,0,0,3,36.92171203615589,136.844019,,,,,,,,,,,,,228,red,3481,3596,7077
84,,4310420,1,20260913,1886,20,0,0,0,0,0,1942,22,0,0,0,0,0,3,36.81057320603062,136.7629731,,,,,,,,,,,,,228,red,1906,1964,3870
84,,4310430,1,20260913,15323,570,0,0,0,0,0,15643,364,0,0,0,0,0,3,36.68889768589191,136.7214257,,,,,,,,,,,,,228,red,15893,16007,31900
84,,4310440,1,20260913,8898,131,0,0,0,0,0,9586,224,0,0,0,0,0,3,36.62649371582013,136.7029238,,,,,,,,,,,,,228,red,9029,9810,18839
84,,4310441,1,20260913,12276,231,0,0,0,0,0,12753,192,0,0,0,0,0,3,36.60182503579164,136.700048,,,,,,,,,,,,,228,red,12507,12945,25452
84,,4310450,1,20260913,16288,259,0,0,0,0,0,16370,161,605,0,0,0,0,3,36.57428003575976,136.686305,136.6864014,36.57449126576,,,,,,,,,,,228,red,16547,17136,33683
84,,4310460,1,20260913,402,3,85,0,0,0,0,388,9,82,0,0,0,0,3,36.9580881961966,137.048108,,,,,,,,,,,,,228,red,490,479,969
84,,4310470,1,20260913,9348,180,88,0,0,0,0,9825,140,108,0,0,0,0,3,36.77955370599541,137.0001501,,,,,,,,,,,,,228,red,9616,10073,19689
85,22,5110100,1,20260913,10877,586,502,0,0,0,0,12480,948,784,0,0,0,0,3,35.15213957400704,138.9246216,,,,,,,,,,,,,228,red,11965,14212,26177
85,22,5110109,1,20260913,6302,519,247,0,0,0,0,6035,276,170,0,0,0,0,3,35.118767763963525,138.9293772,,,,,,,,,,,,,228,red,7068,6481,13549
85,22,5110111,1,20260913,15663,530,365,0,0,0,0,15236,402,414,0,0,0,0,3,35.10924329395108,138.9124954,,,,,,,,,,,,,228,red,16558,16052,32610
85,22,5110115,1,20260913,15842,1386,0,0,0,0,0,15517,869,0,0,0,0,0,3,35.138890033989775,138.739584,,,,,,,,,,,,,228,red,17228,16386,33614
85,22,5110120,1,20260913,20146,1630,0,0,0,0,0,20583,1276,0,0,0,0,0,3,35.06126803388831,138.536991,,,,,,,,,,,,,228,red,21776,21859,43635
85,22,5110125,1,20260913,13319,220,0,0,0,0,0,12892,223,0,0,0,0,0,3,34.99945503380712,138.431978,,,,,,,,,,,,,228,red,13539,13115,26654
85,22,5110130,1,20260913,21632,1881,0,0,0,0,0,21999,1684,0,0,0,0,0,3,35.00292603381168,138.37946,,,,,,,,,,,,,228,red,23513,23683,47196
85,22,5110135,1,20260913,21599,1653,0,0,0,0,0,23395,1344,0,0,0,0,0,3,34.9427310337323,138.326229,,,,,,,,,,,,,228,red,23252,24739,47991
85,22,5110140,1,20260913,13106,1130,0,0,0,0,0,13025,857,0,0,0,0,0,3,34.87443903364182,138.231472,,,,,,,,,,,,,228,red,14236,13882,28118
85,22,5110145,1,20260913,12603,1146,0,0,0,0,0,13651,1011,0,0,0,0,0,3,34.831770733585074,138.1182557,,,,,,,,,,,,,228,red,13749,14662,28411
85,22,5110148,1,20260913,26551,1642,0,0,0,0,0,27393,1326,0,0,0,0,0,3,34.73805952345989,137.853806,,,,,,,,,,,,,228,red,28193,28719,56912
85,22,5110150,1,20260913,28380,1370,439,0,0,0,0,28291,2173,0,0,0,0,0,3,34.731415953450984,137.7966642,,,,,,,,,,,,,228,red,30189,30464,60653
85,22,5110155,1,20260913,15101,1492,0,0,0,0,0,6877,751,0,0,0,0,0,3,34.67742179337847,137.6802735,,,,,,,,,,,,,228,red,16593,7628,24221
85,22,5110158,1,20260913,18180,1491,0,0,0,0,0,18080,1158,0,0,0,0,0,3,34.67846877337988,137.608459,,,,,,,,,,,,,228,red,19671,19238,38909
85,22,5110160,1,20260913,13058,1252,0,0,0,0,0,13925,1130,0,0,0,0,0,3,34.67701253337791,137.5025406,,,,,,,,,,,,,228,red,14310,15055,29365
85,23,5110170,1,20260913,13117,763,0,0,0,0,0,14480,916,0,0,0,0,0,3,34.7982592835404,137.36621260000004,,,,,,,,,,,,,228,red,13880,15396,29276
85,23,5110175,1,20260913,12033,453,0,0,0,0,0,13013,430,0,0,0,0,0,3,34.92391956370741,137.2032416,,,,,,,,,,,,,228,red,12486,13443,25929
85,23,5110180,1,20260913,5968,662,0,0,0,0,0,6625,194,0,0,0,0,0,3,35.12246228396835,136.7712316,,,,,,,,,,,,,228,red,6630,6819,13449
85,24,5110185,1,20260913,8546,314,0,0,0,0,0,7627,341,0,0,0,0,0,3,35.02683417384312,136.6459825,,,,,,,,,,,,,228,red,8860,7968,16828
85,24,5110190,1,20260913,9501,1219,0,0,0,0,0,9867,896,0,0,0,0,0,3,34.914394373694805,136.5686551,,,,,,,,,,,,,228,red,10720,10763,21483
85,23,5110250,1,20260913,12195,485,0,0,0,0,0,12379,398,0,0,0,0,0,3,35.23002111410819,136.9279236,,,,,,,,,,,,,228,red,12680,12777,25457
85,23,5110255,1,20260913,12697,440,0,0,0,0,0,8981,524,0,0,0,0,0,3,35.22358825409986,136.8807274,,,,,,,,,,,,,228,red,13137,9505,22642
85,22,5111410,1,20260913,6114,191,120,0,0,0,0,4733,110,96,0,0,0,0,3,34.9385786437268,138.9422778,,,,,,,,,,,,,228,red,6425,4939,11364
85,22,5111435,1,20260913,13226,573,0,0,0,0,0,14632,592,0,0,0,0,0,3,35.112323893955114,138.9483055,,,,,,,,,,,,,228,red,13799,15224,29023
85,22,5111440,1,20260913,6045,192,38,0,0,0,0,5833,379,328,0,0,0,0,3,35.09294534392978,138.9461249,,,,,,,,,,,,,228,red,6275,6540,12815
85,22,5111460,1,20260913,1850,59,0,0,0,0,0,2374,116,0,0,0,0,0,3,34.773393033507176,138.94734200000002,,,,,,,,,,,,,228,red,1909,2490,4399
85,23,5111910,1,20260913,18922,1307,0,0,0,0,0,19511,1460,0,0,0,0,0,3,35.251491704135965,136.9747388,,,,,,,,,,,,,228,red,20229,20971,41200
85,21,5111920,1,20260913,13622,606,0,0,0,0,0,12285,578,0,0,0,0,0,3,35.33014667423738,137.0762497,,,,,,,,,,,,,228,red,14228,12863,27091
85,21,5111930,1,20260913,11609,532,0,0,0,0,0,11188,552,0,0,0,0,0,3,35.36635604428386,137.2135359,,,,,,,,,,,,,228,red,12141,11740,23881
85,21,5111940,1,20260913,16916,1185,0,0,0,0,0,14681,753,0,0,0,0,0,3,35.477490394425764,137.4827895,,,,,,,,,,,,,228,red,18101,15434,33535
85,21,5111950,1,20260913,5320,851,0,0,0,0,0,3989,373,0,0,0,0,0,3,35.54294722450878,137.5415325,,,,,,,,,,,,,228,red,6171,4362,10533
85,20,5111960,1,20260913,3620,757,0,0,0,0,0,2823,412,0,0,0,0,0,3,35.79372550482294,137.6867026,,,,,,,,,,,,,228,red,4377,3235,7612
85,20,5111970,1,20260913,0,0,0,0,0,228,0,5281,0,0,0,0,0,0,3,35.86568255491192,137.7375698,,,,,,,,,,,,,228,red,0,5281,5281
85,21,5112190,1,20260913,3335,216,0,0,0,0,0,3228,277,0,0,0,0,0,3,35.35969120427531,136.4557958,,,,,,,,,,,,,228,red,3551,3505,7056
85,21,5112240,1,20260913,19636,843,0,0,0,0,0,17660,663,0,0,0,0,0,3,35.38091091430252,136.7844039,,,,,,,,,,,,,228,red,20479,18323,38802
85,23,5112320,1,20260913,26945,2259,0,0,0,0,0,27359,2133,0,0,0,0,0,3,34.935405063722605,137.0426846,,,,,,,,,,,,,228,red,29204,29492,58696
85,23,5112325,1,20260913,36259,2649,0,0,0,0,0,36056,2926,0,0,0,0,0,3,35.020771293835146,137.0130622,,,,,,,,,,,,,228,red,38908,38982,77890
85,23,5112330,1,20260913,40837,3293,0,0,0,0,0,41107,2884,0,0,0,0,0,3,35.04312062386452,136.9841158,,,,,,,,,,,,,228,red,44130,43991,88121
85,23,5112340,1,20260913,17640,2305,0,0,0,0,0,16513,1667,0,0,0,0,0,3,35.06974911389942,136.7566216,,,,,,,,,,,,,228,red,19945,18180,38125
85,24,5112350,1,20260913,19504,2300,0,0,0,0,0,18239,1552,0,0,0,0,0,3,35.00912200381983,136.6732612,,,,,,,,,,,,,228,red,21804,19791,41595
85,24,5112355,1,20260913,19469,529,0,0,0,0,0,17001,345,0,0,0,0,0,3,34.75468373348215,136.5225828,,,,,,,,,,,,,228,red,19998,17346,37344
85,24,5112360,1,20260913,13073,361,0,0,0,0,0,11893,276,0,0,0,0,0,3,34.558484833217825,136.6473028,,,,,,,,,,,,,228,red,13434,12169,25603
85,24,5112370,1,20260913,10449,629,0,0,0,0,0,10167,420,0,0,0,0,0,3,34.78302070352005,136.5006557,,,,,,,,,,,,,228,red,11078,10587,21665
85,24,5112375,1,20260913,10515,634,0,0,0,0,0,10695,443,0,0,0,0,0,3,34.74150673346451,136.4838785,,,,,,,,,,,,,228,red,11149,11138,22287
85,24,5112550,1,20260913,17412,3811,0,0,0,0,0,16339,2165,0,0,0,0,0,3,34.839452033595315,136.260335,,,,,,,,,,,,,228,red,21223,18504,39727
85,24,5112590,1,20260913,14250,3680,0,0,0,0,0,15246,1861,0,0,0,0,0,3,34.703780033413906,136.071242,,,,,,,,,,,,,228,red,17930,17107,35037
85,22,5113885,1,20260913,8344,434,0,0,0,0,0,10921,531,0,0,0,0,0,3,35.33142394423902,138.8977143,,,,,,,,,,,,,228,red,8778,11452,20230
85,22,5113890,1,20260913,6516,285,0,0,0,0,0,8301,238,0,0,0,0,0,3,35.32388868422933,138.9049485,,,,,,,,,,,,,228,red,6801,8539,15340
85,22,5113910,1,20260913,15958,841,0,0,0,0,0,13143,802,0,0,0,0,0,3,35.18190903404577,138.676858,,,,,,,,,,,,,228,red,16799,13945,30744
85,22,5113920,1,20260913,14644,1030,0,0,0,0,0,14659,556,0,0,0,0,0,3,35.209794034081966,138.64987,,,,,,,,,,,,,228,red,15674,15215,30889
85,22,5113990,1,20260913,3261,208,0,0,0,0,0,3147,304,0,0,0,0,0,3,35.41511303434628,138.590083,,,,,,,,,,,,,228,red,3469,3451,6920
85,23,5114110,1,20260913,15559,1080,0,0,0,0,0,14701,1045,0,0,0,0,0,3,35.268750034158266,136.907566,,,,,,,,,,,,,228,red,16639,15746,32385
85,23,5114120,1,20260913,15180,1064,0,0,0,0,0,15373,1036,0,0,0,0,0,3,35.33167103423934,136.91981,,,,,,,,,,,,,228,red,16244,16409,32653
85,21,5114130,1,20260913,5046,482,0,0,0,0,0,4233,203,0,0,0,0,0,3,35.48643303443713,137.055201,,,,,,,,,,,,,228,red,5528,4436,9964
85,21,5114140,1,20260913,4334,1039,0,0,0,0,0,3850,234,0,0,0,0,0,3,35.78858303481656,137.25606,,,,,,,,,,,,,228,red,5373,4084,9457
85,21,5114150,1,20260913,4318,232,0,0,0,0,0,4079,185,0,0,0,0,0,3,35.86755403491424,137.213563,,,,,,,,,,,,,228,red,4550,4264,8814
85,21,5114160,1,20260913,3245,229,0,0,0,0,0,3074,129,0,0,0,0,0,3,36.07096803516291,137.267306,,,,,,,,,,,,,228,red,3474,3203,6677
85,21,5114170,1,20260913,2309,182,0,0,0,0,0,1890,255,0,0,0,0,0,3,36.26496203539611,137.138911,,,,,,,,,,,,,228,red,2491,2145,4636
85,21,5114180,1,20260913,1592,167,0,0,0,0,0,1645,111,0,0,0,0,0,3,36.459520035626035,137.248946,,,,,,,,,,,,,228,red,1759,1756,3515
85,24,5114210,1,20260913,7016,156,0,0,0,0,0,6918,123,0,0,0,0,0,3,34.51961103316506,136.541333,,,,,,,,,,,,,228,red,7172,7041,14213
85,24,5114230,1,20260913,1872,105,0,0,0,0,0,1921,79,0,0,0,0,0,3,34.31527803288554,136.410056,,,,,,,,,,,,,228,red,1977,2000,3977
85,24,5114250,1,20260913,1181,29,0,0,0,0,0,1257,30,0,0,0,0,0,3,34.09569403258125,136.196222,,,,,,,,,,,,,228,red,1210,1287,2497
85,24,5114270,1,20260913,1347,73,0,0,0,0,0,1512,45,0,0,0,0,0,3,34.275333032830495,136.358917,,,,,,,,,,,,,228,red,1420,1557,2977
85,24,5114290,1,20260913,5103,191,0,0,0,0,0,4742,138,0,0,0,0,0,3,33.86069403225124,136.076111,,,,,,,,,,,,,228,red,5294,4880,10174
85,22,5114610,1,20260913,13370,851,322,0,0,0,0,11258,514,408,0,0,0,0,3,35.152874244008,138.8951207,,,,,,,,,,,,,228,red,14543,12180,26723
85,22,5114620,1,20260913,9295,699,144,0,0,0,0,10566,486,449,0,0,0,0,3,35.13134103397993,138.875041,,,,,,,,,,,,,228,red,10138,11501,21639
85,22,5114630,1,20260913,9827,844,210,0,0,0,0,10996,445,193,0,0,0,0,3,35.14589793399891,138.8871002,,,,,,,,,,,,,228,red,10881,11634,22515
85,22,5114680,1,20260913,6685,713,0,0,0,0,0,5122,415,0,0,0,0,0,3,35.35910497427457,139.0109217,,,,,,,,,,,,,228,red,7398,5537,12935
85,22,5114740,1,20260913,336,9,0,0,0,0,0,340,14,0,0,0,0,0,3,35.073007033903686,137.787657,,,,,,,,,,,,,228,red,345,354,699
85,22,5114750,1,20260913,1143,58,0,0,0,0,0,1393,50,0,0,0,0,0,3,34.90575222368336,137.6681803,,,,,,,,,,,,,228,red,1201,1443,2644
85,22,5115250,1,20260913,1993,101,0,0,0,0,0,1452,104,0,0,0,0,0,3,35.137162033987515,138.520651,,,,,,,,,,,,,228,red,2094,1556,3650
85,23,5115320,1,20260913,13770,506,0,0,0,0,0,14023,298,0,0,0,0,0,3,35.10723119394846,137.0409411,,,,,,,,,,,,,228,red,14276,14321,28597
85,23,5115340,1,20260913,4501,227,0,0,0,0,0,3466,201,0,0,0,0,0,3,35.13153551398018,137.304967,,,,,,,,,,,,,228,red,4728,3667,8395
85,20,5115370,1,20260913,0,0,0,0,228,228,0,0,0,0,0,228,228,0,3,35.50121594445591,137.794953,,,,,,,,,,,,,228,red,0,0,0
85,20,5115380,1,20260913,4838,120,0,0,0,0,0,4605,121,0,0,0,0,0,3,35.71541168472551,137.9379522,,,,,,,,,,,,,228,red,4958,4726,9684
85,23,5115530,1,20260913,5782,308,0,0,0,0,0,5198,493,0,0,0,0,0,3,35.06429103389226,137.11723,,,,,,,,,,,,,228,red,6090,5691,11781
85,21,5115610,1,20260913,19047,768,0,0,0,0,0,18950,837,0,0,0,0,0,3,35.39814591432458,136.7848921,,,,,,,,,,,,,228,red,19815,19787,39602
85,21,5115630,1,20260913,5196,225,0,0,0,0,0,4657,134,0,0,0,0,0,3,35.73557476475065,136.9518113,,,,,,,,,,,,,228,red,5421,4791,10212
85,21,5115650,1,20260913,3339,75,0,0,0,0,0,2713,74,0,0,0,0,0,3,35.88316975493347,136.85442030000002,,,,,,,,,,,,,228,red,3414,2787,6201
85,21,5115680,1,20260913,965,55,0,0,0,0,0,766,45,0,0,0,0,0,3,35.99802490507423,136.9009352,,,,,,,,,,,,,228,red,1020,811,1831
85,21,5115820,1,20260913,,,,0,0,0,228,,,,0,0,0,228,3,36.18407203529936,137.542187,,,,,,,,,,,,,228,red,0,0,0
85,22,5123510,1,20260913,8065,654,0,0,0,0,0,10585,575,0,0,0,0,0,3,35.141546483993245,139.1103673,,,,,,,,,,,,,228,red,8719,11160,19879
85,20,5125390,1,20260913,4549,126,0,0,0,0,0,4381,107,0,0,0,0,0,3,35.876706504925515,137.9806852,,,,,,,,,,,,,228,red,4675,4488,9163
85,23,5311910,1,20260913,12179,524,0,0,0,0,0,12028,500,0,0,0,0,0,3,35.124239273970666,136.856963,,,,,,,,,,,,,228,red,12703,12528,25231
86,,6110010,1,20260913,5169,291,0,0,0,0,0,5443,282,0,0,0,0,0,3,34.938138216795814,136.265283823013,,,,,,,,,,,,,228,red,5460,5725,11185
86,,6110020,1,20260913,9211,288,0,0,0,0,0,8586,245,0,0,0,0,0,3,34.990936305895495,136.115165948867,,,,,,,,,,,,,228,red,9499,8831,18330
86,,6110030,1,20260913,9323,365,1146,0,0,0,0,9845,262,1103,0,0,0,0,3,35.005385003512316,135.956851243972,,,,,,,,,,,,,228,red,10834,11210,22044
86,,6110040,1,20260913,5110,277,0,0,0,0,0,5905,230,0,0,0,0,0,3,34.95699292997823,135.913501381874,,,,,,,,,,,,,228,red,5387,6135,11522
86,,6110050,1,20260913,,,,0,0,0,228,,,,0,0,0,228,3,34.99087038445861,135.844525694847,,,,,,,,,,,,,228,red,0,0,0
86,,6110060,1,20260913,25865,1650,0,0,0,0,0,25560,2825,0,0,0,0,0,3,34.99142632024544,135.831109285354,,,,,,,,,,,,,228,red,27515,28385,55900
86,,6110070,1,20260913,19512,1069,0,0,0,0,0,19601,1086,0,0,0,0,0,3,34.98630409707048,135.82777261734,,,,,,,,,,,,,228,red,20581,20687,41268
86,,6110080,1,20260913,15918,2013,0,0,0,0,0,16954,2189,0,0,0,0,0,3,34.91099177877929,135.744452476501,,,,,,,,,,,,,228,red,17931,19143,37074
86,,6110090,1,20260913,21075,1846,0,0,0,0,0,21005,1965,0,0,0,0,0,3,34.805311519271704,135.649480819702,,,,,,,,,,,,,228,red,22921,22970,45891
86,,6110100,1,20260913,,,,0,0,0,228,,,,0,0,0,228,3,34.81945711253497,135.720393061637,,,,,,,,,,,,,228,red,0,0,0
86,,6110110,1,20260913,10986,608,0,0,0,0,0,10646,682,0,0,0,0,0,3,34.71960434074075,135.436824560165,,,,,,,,,,,,,228,red,11594,11328,22922
86,,6110120,1,20260913,12003,476,0,0,0,0,0,11491,486,0,0,0,0,0,3,34.64078623273222,135.106242299079,,,,,,,,,,,,,228,red,12479,11977,24456
86,,6110130,1,20260913,29518,2517,0,0,0,0,0,28289,2420,0,0,0,0,0,3,34.75756172115131,134.859353005886,,,,,,,,,,,,,228,red,32035,30709,62744
86,,6110140,1,20260913,24212,2370,0,0,0,0,0,26781,2102,0,0,0,0,0,3,34.83274825524009,134.630174338817,,,,,,,,,,,,,228,red,26582,28883,55465
86,,6110150,1,20260913,17077,1858,0,0,0,0,0,19483,1548,0,0,0,0,0,3,34.847425137493005,134.578367471694,,,,,,,,,,,,,228,red,18935,21031,39966
86,,6110170,1,20260913,6126,457,0,0,0,0,0,6810,470,0,0,0,0,0,3,36.23649392464164,136.286623477935,,,,,,,,,,,,,228,red,6583,7280,13863
86,,6110180,1,20260913,3284,327,0,0,0,0,0,3092,486,0,0,0,0,0,3,35.792989034822035,136.092793,,,,,,,,,,,,,228,red,3611,3578,7189
86,,6110190,1,20260913,3504,551,0,0,0,0,0,3742,844,0,0,0,0,0,3,35.62256603460919,136.08205800000002,,,,,,,,,,,,,228,red,4055,4586,8641
86,,6110200,1,20260913,5953,71,0,0,0,0,0,5675,101,0,0,0,0,0,3,35.319800029709974,136.279370784759,,,,,,,,,,,,,228,red,6024,5776,11800
86,,6110210,1,20260913,8037,282,0,0,0,0,0,8129,246,0,0,0,0,0,3,35.25049070224537,136.262805461883,,,,,,,,,,,,,228,red,8319,8375,16694
86,,6110220,1,20260913,7437,1873,0,0,0,0,0,7074,1363,0,0,0,0,0,3,35.135413702721344,136.168110072612,,,,,,,,,,,,,228,red,9310,8437,17747
86,,6110230,1,20260913,9547,277,0,0,0,0,0,8677,366,0,0,0,0,0,3,35.05193480694747,136.028718352317,,,,,,,,,,,,,228,red,9824,9043,18867
86,,6110240,1,20260913,17076,753,0,0,0,0,0,15957,618,0,0,0,0,0,3,34.97508726487281,135.666646957397,,,,,,,,,,,,,228,red,17829,16575,34404
86,,6110250,1,20260913,10841,443,0,0,0,0,0,10733,362,0,0,0,0,0,3,35.290674394918256,135.122528672218,,,,,,,,,,,,,228,red,11284,11095,22379
86,,6110260,1,20260913,3085,167,0,0,0,0,0,3072,119,0,0,0,0,0,3,35.33418386481987,134.859425425529,,,,,,,,,,,,,228,red,3252,3191,6443
86,,6110270,1,20260913,2614,146,0,0,0,0,0,2529,98,0,0,0,0,0,3,35.37906081109355,134.782794713974,,,,,,,,,,,,,228,red,2760,2627,5387
86,,6110280,1,20260913,1693,220,0,0,0,0,0,1347,110,0,0,0,0,0,3,35.39752934547739,134.617635011672,,,,,,,,,,,,,228,red,1913,1457,3370
86,,6110290,1,20260913,3518,275,0,0,0,0,0,3431,321,0,0,0,0,0,3,35.3445505431606,136.408736407756,,,,,,,,,,,,,228,red,3793,3752,7545
86,,6110300,1,20260913,7061,177,0,0,0,0,0,6478,183,0,0,0,0,0,3,34.929386538763445,135.767959356307,,,,,,,,,,,,,228,red,7238,6661,13899
86,,6110310,1,20260913,17403,907,0,0,0,0,0,16105,917,0,0,0,0,0,3,34.692826863672394,135.811829566955,,,,,,,,,,,,,228,red,18310,17022,35332
86,,6110320,1,20260913,12052,478,1,0,0,169,0,18912,713,0,0,0,0,0,3,34.49633103313339,135.742759,,,,,,,,,,,,,228,red,12531,19625,32156
86,,6110330,1,20260913,12763,242,0,0,0,0,0,11393,209,0,0,0,0,0,3,34.255336527005475,135.221571922302,,,,,,,,,,,,,228,red,13005,11602,24607
86,,6110340,1,20260913,12734,421,0,0,0,0,0,13084,445,0,0,0,0,0,3,34.59261679509626,135.476585626602,,,,,,,,,,,,,228,red,13155,13529,26684
86,,6110350,1,20260913,21537,736,0,0,0,0,0,22398,621,0,0,0,0,0,3,34.492391818044126,135.423381328582,,,,,,,,,,,,,228,red,22273,23019,45292
86,,6110361,1,20260913,6846,341,0,0,0,0,0,7858,273,0,0,0,0,0,3,34.27701629033371,135.164935521261,,,,,,,,,,,,,228,red,7187,8131,15318
86,,6110370,1,20260913,4792,192,0,0,0,0,0,4883,165,0,0,0,0,0,3,35.61308303459727,135.971192,,,,,,,,,,,,,228,red,4984,5048,10032
86,,6110380,1,20260913,3565,267,0,0,0,0,0,3729,183,0,0,0,0,0,3,35.486004106628485,135.463869273662,,,,,,,,,,,,,228,red,3832,3912,7744
86,,6110390,1,20260913,3331,204,0,0,0,0,0,3361,246,0,0,0,0,0,3,35.30401991598347,135.272947382363,,,,,,,,,,,,,228,red,3535,3607,7142
86,,6110410,1,20260913,5008,171,0,0,0,0,0,4946,128,0,0,0,0,0,3,34.99524305806187,134.558363556861,,,,,,,,,,,,,228,red,5179,5074,10253
86,,6110430,1,20260913,481,11,57,0,0,0,0,618,15,75,0,0,0,0,3,33.577233165562106,135.427241160067,,,,,,,,,,,,,228,red,549,708,1257
86,,6110440,1,20260913,8745,171,0,0,0,0,0,8851,247,0,0,0,0,0,3,34.143380032647656,135.20039,,,,,,,,,,,,,228,red,8916,9098,18014
86,,6110450,1,20260913,16883,4850,0,0,0,0,0,17094,8640,0,0,0,0,0,3,34.71254919312948,135.425688028335,,,,,,,,,,,,,228,red,21733,25734,47467
86,,6110460,1,20260913,4811,604,0,0,0,0,0,4719,597,0,0,0,0,0,3,35.431053158155514,136.016224622726,,,,,,,,,,,,,228,red,5415,5316,10731
86,,6110470,1,20260913,8160,515,0,0,0,0,0,9824,786,0,0,0,0,0,3,35.21341864052877,135.925826132297,,,,,,,,,,,,,228,red,8675,10610,19285
86,,6110500,1,20260913,6770,584,0,0,0,0,0,5420,359,0,0,0,0,0,3,35.10094221794055,135.892639160156,,,,,,,,,,,,,228,red,7354,5779,13133
86,,6110510,1,20260913,7044,1220,0,0,0,0,0,7690,771,0,0,0,0,0,3,35.080206671418715,135.881878137588,,,,,,,,,,,,,228,red,8264,8461,16725
86,,6110520,1,20260913,16151,925,0,0,0,0,0,3914,564,5395,0,0,0,0,3,35.00895503826151,135.838812589645,,,,,,,,,,,,,228,red,17076,9873,26949
86,,6110530,1,20260913,11339,1188,0,0,0,0,0,11830,1261,0,0,0,0,0,3,34.8925928963683,135.684016942977,,,,,,,,,,,,,228,red,12527,13091,25618
86,,6110540,1,20260913,10034,599,0,0,0,0,0,10090,433,0,0,0,0,0,3,34.686726631641484,134.982630014419,,,,,,,,,,,,,228,red,10633,10523,21156
86,,6110670,1,20260913,11872,970,0,0,0,0,0,11744,591,0,0,0,0,0,3,34.486465033119956,135.763168,,,,,,,,,,,,,228,red,12842,12335,25177
86,,6110700,1,20260913,9158,760,0,0,0,0,0,8627,403,0,0,0,0,0,3,34.36883103295914,135.698397,,,,,,,,,,,,,228,red,9918,9030,18948
86,,6110710,1,20260913,9413,663,0,0,0,0,0,9223,406,0,0,0,0,0,3,34.346251032928144,135.675464,,,,,,,,,,,,,228,red,10076,9629,19705
86,,6110720,1,20260913,8802,674,0,0,0,0,0,8645,401,0,0,0,0,0,3,34.34307531292378,135.6723947,,,,,,,,,,,,,228,red,9476,9046,18522
86,,6110730,1,20260913,8148,655,0,0,0,0,0,7962,452,0,0,0,0,0,3,34.3344353954711,135.643944740295,,,,,,,,,,,,,228,red,8803,8414,17217
86,,6110740,1,20260913,9318,581,128,0,0,0,0,9079,334,219,0,0,0,0,3,34.32057809029414,135.595622062683,,,,,,,,,,,,,228,red,10027,9632,19659
86,,6110750,1,20260913,9327,626,0,0,0,0,0,9299,382,0,0,0,0,0,3,34.30420703287028,135.508371,,,,,,,,,,,,,228,red,9953,9681,19634
86,,6110760,1,20260913,8799,682,0,0,0,0,0,9075,430,0,0,0,0,0,3,34.300277802864876,135.49583333,,,,,,,,,,,,,228,red,9481,9505,18986
86,,6110765,1,20260913,9131,716,0,0,0,0,0,9492,458,0,0,0,0,0,3,34.293299032855266,135.42037,,,,,,,,,,,,,228,red,9847,9950,19797
86,,6110780,1,20260913,8812,707,0,0,0,0,0,7343,380,0,0,0,0,0,3,34.290835032851874,135.406025,,,,,,,,,,,,,228,red,9519,7723,17242
86,,6110790,1,20260913,4176,398,0,0,0,0,0,4367,299,0,0,0,0,0,3,34.28766234793788,135.279854549589,,,,,,,,,,,,,228,red,4574,4666,9240
86,,6110810,1,20260913,943,73,0,0,0,0,0,1205,101,0,0,0,0,0,3,35.91898971813652,136.6293598948,,,,,,,,,,,,,228,red,1016,1306,2322
86,,6110820,1,20260913,1165,68,0,0,0,0,0,1359,119,0,0,0,0,0,3,35.963561035032136,136.602468,,,,,,,,,,,,,228,red,1233,1478,2711
86,,6110840,1,20260913,1449,69,0,0,0,0,0,1489,111,0,0,0,0,0,3,35.98949103506382,136.526729,,,,,,,,,,,,,228,red,1518,1600,3118
86,,6110860,1,20260913,6182,168,0,0,0,0,0,5871,161,0,0,0,0,0,3,36.062580031168245,136.445198357105,,,,,,,,,,,,,228,red,6350,6032,12382
86,,6110870,1,20260913,6438,189,0,0,0,0,0,6195,178,0,0,0,0,0,3,36.074224272699254,136.374473869296,,,,,,,,,,,,,228,red,6627,6373,13000
86,,6110880,1,20260913,6552,298,0,0,0,0,0,6548,194,0,0,0,0,0,3,36.086521994378465,136.324462164098,,,,,,,,,,,,,228,red,6850,6742,13592
86,,6110980,1,20260913,3552,192,0,0,0,0,0,4213,272,0,0,0,0,0,3,35.30511375498357,134.89226102828903,,,,,,,,,,,,,228,red,3744,4485,8229
86,,6111020,1,20260913,14638,3643,0,0,0,0,0,8686,2785,0,0,0,228,0,3,34.61538892329484,135.8745,,,,,,,,,,,,,228,red,18281,11471,29752
86,,6111030,1,20260913,4151,94,31,0,0,0,0,3980,68,41,0,0,0,0,3,33.670648031981166,135.947246,,,,,,,,,,,,,228,red,4276,4089,8365
86,,6111040,1,20260913,4609,143,43,0,0,0,0,4141,120,52,0,0,0,0,1,33.74362082208521,135.40352793,,,,,,,,,,,,,228,red,4795,4313,9108
86,,6111050,1,20260913,4962,112,37,0,0,0,0,4303,81,42,0,0,0,0,1,33.67806806199178,135.40361475,,,,,,,,,,,,,228,red,5111,4426,9537
86,,6111060,1,20260913,4196,91,53,0,0,0,0,3786,90,55,0,0,0,0,1,33.63743103193369,135.410147,,,,,,,,,,,,,228,red,4340,3931,8271
86,,6111070,1,20260913,2897,81,23,0,0,0,0,2661,77,46,0,0,0,0,1,33.56605113183135,135.49421066,,,,,,,,,,,,,228,red,3001,2784,5785
86,,6111080,1,20260913,2486,82,28,0,0,0,0,2252,78,31,0,0,0,0,1,33.53123967178131,135.54653822,,,,,,,,,,,,,228,red,2596,2361,4957
86,,6111090,1,20260913,2889,82,20,0,0,0,0,2885,61,39,0,0,0,0,3,33.620083251908845,135.91802864,,,,,,,,,,,,,228,red,2991,2985,5976
86,,6111094,1,20260913,3746,61,41,0,0,0,0,3899,49,31,0,0,0,0,3,33.73308003207021,136.004619,,,,,,,,,,,,,228,red,3848,3979,7827
86,,6111100,1,20260913,7412,542,0,0,0,0,0,7721,400,0,0,0,0,0,3,34.29138892285263,135.3613889,,,,,,,,,,,,,228,red,7954,8121,16075
87,,7110040,1,20260913,8207,784,0,0,0,0,0,7989,712,0,0,0,0,0,3,34.51540182315934,133.565914,,,,,,,,,,,,,228,red,8991,8701,17692
87,,7110090,1,20260913,9634,1042,0,0,0,0,0,9365,918,0,0,0,0,0,3,34.076861142554975,131.3867222,,,,,,,,,,,,,228,red,10676,10283,20959
87,,7110140,1,20260913,7698,385,0,0,0,0,0,7539,357,0,0,0,0,0,3,35.42972217436492,133.16019770000003,,,,,,,,,,,,,228,red,8083,7896,15979
87,,7110150,1,20260913,9138,390,0,0,0,0,0,9045,351,0,0,0,0,0,3,35.41501435434614,132.9291201,,,,,,,,,,,,,228,red,9528,9396,18924
87,,7110160,1,20260913,2370,50,0,0,0,0,1,2414,71,0,0,0,0,1,3,35.220801104096246,132.5117898,,,,,,,,,,,,,228,red,2420,2485,4905
87,,7110170,1,20260913,543,20,0,0,0,0,0,547,20,0,0,0,0,0,3,34.75449303348189,131.907185,,,,,,,,,,,,,228,red,563,567,1130
87,,7110180,1,20260913,1788,88,0,0,0,0,0,1709,121,0,0,0,0,0,3,34.42694447303873,131.76016670000004,,,,,,,,,,,,,228,red,1876,1830,3706
87,,7110210,1,20260913,6077,312,0,0,0,0,0,6396,284,0,0,0,0,0,3,34.8389208935946,133.9257149,,,,,,,,,,,,,228,red,6389,6680,13069
87,,7110240,1,20260913,4922,405,0,0,0,0,0,4669,311,0,0,0,0,0,3,34.684982133388644,133.784738,,,,,,,,,,,,,228,red,5327,4980,10307
87,,7110260,1,20260913,3422,76,0,0,0,0,0,3181,66,0,0,0,0,0,3,33.97988891241918,132.1977222,,,,,,,,,,,,,228,red,3498,3247,6745
87,,7110270,1,20260913,1696,148,0,0,0,0,0,1734,91,0,0,0,0,0,3,34.65950003335435,131.6773889,,,,,,,,,,,,,228,red,1844,1825,3669
87,,7110280,1,20260913,3071,165,0,0,0,0,0,2876,183,0,0,0,0,0,3,34.419861143029046,131.4097778,,,,,,,,,,,,,228,red,3236,3059,6295
87,,7110290,1,20260913,5739,99,0,0,0,0,0,5352,108,0,0,0,0,0,3,34.371805582963226,131.1861389,,,,,,,,,,,,,228,red,5838,5460,11298
87,,7110320,1,20260913,5541,109,0,0,0,0,0,5362,79,0,0,0,0,0,3,33.95763808238793,132.1366533,,,,,,,,,,,,,228,red,5650,5441,11091
87,,7310110,1,20260913,8110,319,0,0,0,0,0,8267,279,0,0,0,0,0,3,35.39772612432404,132.8747235,,,,,,,,,,,,,228,red,8429,8546,16975
87,,7310120,1,20260913,3817,230,0,0,0,0,1,4096,238,0,0,0,0,1,3,35.068629523897954,132.3222435,,,,,,,,,,,,,228,red,4047,4334,8381
87,,7310150,1,20260913,787,29,0,0,0,0,1,778,32,0,0,0,0,1,3,34.9738037337733,132.7317309,,,,,,,,,,,,,228,red,816,810,1626
87,,7310160,1,20260913,821,37,0,0,0,0,2,804,28,0,0,0,0,2,3,35.117460163961816,132.778337,,,,,,,,,,,,,228,red,858,832,1690
87,,7310170,1,20260913,5204,221,0,0,0,0,0,4699,185,0,0,0,0,0,3,34.705264123415894,133.7151146,,,,,,,,,,,,,228,red,5425,4884,10309
87,,7310180,1,20260913,,,,,,,228,,,,,,,228,3,34.38963891298768,131.3651944,,,,,,,,,,,,,228,red,0,0,0
87,,7310260,1,20260913,3595,218,0,0,0,0,1,3828,217,0,0,0,0,1,3,35.132156843980994,132.4019922,,,,,,,,,,,,,228,red,3813,4045,7858
87,,7310270,1,20260913,3291,223,0,0,0,0,1,3579,215,0,0,0,0,1,3,35.08573619392036,132.3490609,,,,,,,,,,,,,228,red,3514,3794,7308
87,,7310280,1,20260913,3264,206,0,0,0,0,0,3544,224,0,0,0,0,0,3,35.076671573908484,132.335387,,,,,,,,,,,,,228,red,3470,3768,7238
87,,7310290,1,20260913,3253,283,0,0,0,0,0,2228,1664,0,0,0,0,0,3,34.88220003365212,132.0657,,,,,,,,,,,,,228,red,3536,3892,7428
87,,7310300,1,20260913,3258,210,0,0,0,0,0,3470,264,0,0,0,0,0,3,34.86980443363566,132.0662027,,,,,,,,,,,,,228,red,3468,3734,7202
87,,7310350,1,20260913,3590,232,0,0,0,0,0,3928,317,0,0,0,0,0,3,34.83580109359045,131.9999083,,,,,,,,,,,,,228,red,3822,4245,8067
87,,7310410,1,20260913,5075,254,0,0,0,0,0,5487,260,0,0,0,0,0,3,35.21593257408993,132.5144274,,,,,,,,,,,,,228,red,5329,5747,11076
87,,7310420,1,20260913,5500,254,0,0,0,0,0,5711,329,0,0,0,0,0,3,35.275470134166945,132.6201357,,,,,,,,,,,,,228,red,5754,6040,11794
87,,7310430,1,20260913,5645,195,0,0,0,0,0,5449,232,0,0,0,0,0,3,35.303833034203514,132.688667,,,,,,,,,,,,,228,red,5840,5681,11521
87,,7310440,1,20260913,5161,210,0,0,0,0,0,0,0,0,0,0,0,0,3,35.298722034196935,132.676944,,,,,,,,,,,,,228,red,5371,0,5371
87,,7310450,1,20260913,0,0,0,0,0,0,0,5015,221,0,0,0,0,0,3,35.290444034186265,132.645583,,,,,,,,,,,,,228,red,0,5236,5236
87,,7310460,1,20260913,0,0,0,0,0,228,0,3874,263,0,0,0,0,0,3,35.20082803407034,132.459905,,,,,,,,,,,,,228,red,0,4137,4137
87,,7310470,1,20260913,4071,261,0,0,0,0,0,4156,250,0,0,0,0,0,3,35.1986450340675,132.455753,,,,,,,,,,,,,228,red,4332,4406,8738
88,,8110010,1,20260913,3748,378,0,0,0,0,0,3598,198,0,0,0,0,0,3,34.2207184500313,134.411544799804,,,,,,,,,,,,,228,red,4126,3796,7922
88,,8110020,1,20260913,14524,1292,0,0,0,0,0,16082,1313,0,0,0,0,0,3,34.30277465209332,134.084776639938,,,,,,,,,,,,,228,red,15816,17395,33211
88,,8110030,1,20260913,13471,555,0,0,0,0,0,13624,551,0,0,0,0,0,3,34.29671450737887,133.946895003318,,,,,,,,,,,,,228,red,14026,14175,28201
88,,8110040,1,20260913,6628,278,0,0,0,0,0,7171,214,0,0,0,0,0,3,34.17417938671837,133.715951442718,,,,,,,,,,,,,228,red,6906,7385,14291
88,,8110050,1,20260913,6716,340,1,0,0,0,0,6350,238,10,0,0,0,0,3,33.91236267641698,133.20324182510302,,,,,,,,,,,,,228,red,7057,6598,13655
88,,8110060,1,20260913,5882,448,140,0,0,0,0,5404,304,102,0,0,0,0,3,33.82431235182997,132.984384298324,,,,,,,,,,,,,228,red,6470,5810,12280
88,,8110070,1,20260913,8693,277,0,0,0,0,0,8424,190,0,0,0,0,0,3,34.28544169692582,134.00050163269,,,,,,,,,,,,,228,red,8970,8614,17584
88,,8110080,1,20260913,2946,186,0,0,0,0,0,2770,151,0,0,0,0,0,3,34.10608825909625,133.799223303794,,,,,,,,,,,,,228,red,3132,2921,6053
88,,8110090,1,20260913,6301,391,24,0,0,0,0,5833,211,162,0,0,0,0,3,34.028957826825085,133.828164339065,,,,,,,,,,,,,228,red,6716,6206,12922
88,,8110100,1,20260913,2039,224,0,0,0,0,0,1849,151,0,0,0,0,0,3,33.950764901704936,133.764853477478,,,,,,,,,,,,,228,red,2263,2000,4263
88,,8110110,1,20260913,3667,709,0,0,0,0,0,4222,351,0,0,0,0,0,3,33.58909346194513,133.626092746853,,,,,,,,,,,,,228,red,4376,4573,8949
88,,8110115,1,20260913,5757,240,0,0,0,0,0,5433,214,0,0,0,0,0,3,33.548205918990114,133.451582193374,,,,,,,,,,,,,228,red,5997,5647,11644
88,,8110120,1,20260913,6542,248,0,0,0,0,0,5948,581,0,0,0,0,0,3,33.543133969132924,133.402808904647,,,,,,,,,,,,,228,red,6790,6529,13319
88,,8110130,1,20260913,6833,172,143,0,0,0,1,7823,183,150,0,0,0,1,3,33.7476978963593,132.791587114334,,,,,,,,,,,,,228,red,7148,8156,15304
88,,8110131,1,20260913,3189,145,0,0,0,0,0,3049,93,0,0,0,0,0,3,33.793408870729856,134.592427611351,,,,,,,,,,,,,228,red,3334,3142,6476
88,,8110140,1,20260913,2240,84,0,0,0,0,0,2179,68,1,0,0,0,0,3,33.63466659400443,134.369745254516,,,,,,,,,,,,,228,red,2324,2248,4572
88,,8110142,1,20260913,2992,109,0,0,0,0,0,2803,89,0,0,0,0,0,3,33.74774819013548,134.53964678124,,,,,,,,,,,,,228,red,3101,2892,5993
88,,8110160,1,20260913,2980,110,0,0,0,0,0,2932,80,0,0,0,0,0,3,33.53924497073882,133.738444460766,,,,,,,,,,,,,228,red,3090,3012,6102
88,,8110161,1,20260913,5976,173,0,0,0,0,0,5325,129,0,0,0,0,0,3,33.520916544031145,133.780702650547,,,,,,,,,,,,,228,red,6149,5454,11603
88,,8110162,1,20260913,7034,198,0,0,0,0,0,6600,160,0,0,0,0,0,3,33.550342371512876,133.740176352243,,,,,,,,,,,,,228,red,7232,6760,13992
88,,8110163,1,20260913,7748,219,0,0,0,0,0,7181,187,0,0,0,0,0,3,33.55352220956595,133.721816021769,,,,,,,,,,,,,228,red,7967,7368,15335
88,,8110164,1,20260913,1926,183,0,0,0,0,0,1842,173,0,0,0,0,0,3,33.57127484589016,133.574287891387,,,,,,,,,,,,,228,red,2109,2015,4124
88,,8110165,1,20260913,8804,275,0,0,0,0,0,8301,241,0,0,0,0,0,3,33.56026408468244,133.633757829666,,,,,,,,,,,,,228,red,9079,8542,17621
88,,8110166,1,20260913,9003,378,0,0,0,0,0,8200,303,0,0,0,0,0,3,33.540965031795295,133.601005,,,,,,,,,,,,,228,red,9381,8503,17884
88,,8110167,1,20260913,5510,174,0,0,0,0,0,4741,165,0,0,0,0,0,3,33.5424317654246,133.583077945611,,,,,,,,,,,,,228,red,5684,4906,10590
88,,8110168,1,20260913,7512,174,0,0,0,0,0,6177,132,0,0,0,0,0,3,33.55589303181676,133.683497,,,,,,,,,,,,,228,red,7686,6309,13995
88,,8110170,1,20260913,4732,250,0,0,0,0,0,3923,681,0,0,0,0,0,3,33.485055031714765,133.373125,,,,,,,,,,,,,228,red,4982,4604,9586
88,,8110171,1,20260913,4331,225,0,0,0,0,0,3878,172,0,0,0,0,0,3,33.40395558523113,133.288643360137,,,,,,,,,,,,,228,red,4556,4050,8606
88,,8110172,1,20260913,2984,854,0,0,0,0,0,3202,413,0,0,0,0,0,3,33.39236677628474,133.278601169586,,,,,,,,,,,,,228,red,3838,3615,7453
88,,8110174,1,20260913,3409,215,0,0,0,0,0,3312,167,0,0,0,0,0,3,33.18330330083646,133.144855499267,,,,,,,,,,,,,228,red,3624,3479,7103
88,,8110180,1,20260913,630,30,0,0,0,0,0,719,18,0,0,0,0,0,3,33.35817590038214,133.253152370452,,,,,,,,,,,,,228,red,660,737,1397
88,,8110181,1,20260913,2237,104,0,0,0,0,0,2396,111,0,0,0,0,0,3,32.974388919857596,132.933138888889,,,,,,,,,,,,,228,red,2341,2507,4848
88,,8110182,1,20260913,3671,121,0,0,0,0,0,3751,141,0,0,0,0,0,3,32.96811114207051,132.872277777778,,,,,,,,,,,,,228,red,3792,3892,7684
88,,8110183,1,20260913,2541,79,0,0,0,0,0,2575,93,0,0,0,0,0,3,32.95902780872377,132.776972222222,,,,,,,,,,,,,228,red,2620,2668,5288
88,,8110190,1,20260913,2102,70,0,0,0,0,0,2148,70,0,0,0,0,0,3,32.96996536793415,132.68920719623503,,,,,,,,,,,,,228,red,2172,2218,4390
88,,8110191,1,20260913,2496,117,0,0,0,0,0,2513,130,0,0,0,0,0,3,33.13903103121127,132.517477,,,,,,,,,,,,,228,red,2613,2643,5256
88,,8110192,1,20260913,3782,173,0,0,0,0,0,4032,166,0,0,0,0,0,3,33.14590213224344,132.52205863595,,,,,,,,,,,,,228,red,3955,4198,8153
88,,8110200,1,20260913,2037,46,0,0,0,0,0,1929,61,0,0,0,0,0,3,33.325562031483756,132.5285,,,,,,,,,,,,,228,red,2083,1990,4073
88,,8110210,1,20260913,12669,235,693,0,0,0,2,12783,162,475,0,0,0,2,3,33.81637909326473,132.744826823472,,,,,,,,,,,,,228,red,13597,13420,27017
88,,8110231,1,20260913,5107,108,0,0,0,0,0,4714,104,0,0,0,0,0,3,34.03847794648641,134.520513564348,,,,,,,,,,,,,228,red,5215,4818,10033
88,,8110232,1,20260913,5837,110,0,0,0,0,0,6688,135,0,0,0,0,0,3,34.04120064204002,134.531005024909,,,,,,,,,,,,,228,red,5947,6823,12770
88,,8110240,1,20260913,5864,221,0,0,0,0,0,5968,224,0,0,0,0,0,3,34.03149633348104,132.829599380493,,,,,,,,,,,,,228,red,6085,6192,12277
88,,8110250,1,20260913,5158,158,0,0,0,0,0,5135,168,0,0,0,0,0,3,33.93004373774009,133.094837665557,,,,,,,,,,,,,228,red,5316,5303,10619
88,,8111021,1,20260913,4769,148,0,0,0,0,0,4806,116,0,0,0,0,0,3,33.50191403173908,133.309236,,,,,,,,,,,,,228,red,4917,4922,9839
88,,8160020,1,20260913,5046,272,0,0,0,0,0,4730,235,0,0,0,0,0,1,33.331092031491806,133.206098,,,,,,,,,,,,,228,red,5318,4965,10283
88,,8160030,1,20260913,4475,254,0,0,0,0,0,4140,233,0,0,0,96,0,1,33.23544203135242,133.159939,,,,,,,,,,,,,228,red,4729,4373,9102
88,,8160040,1,20260913,6247,211,0,0,0,0,0,5606,270,0,0,0,0,0,1,33.24742026280611,132.570131868124,,,,,,,,,,,,,228,red,6458,5876,12334
88,,8160050,1,20260913,6978,237,0,0,0,0,0,6269,313,0,0,0,0,0,1,33.33622666521378,132.557060122489,,,,,,,,,,,,,228,red,7215,6582,13797
88,,8160060,1,20260913,4051,278,0,0,0,0,0,3879,203,0,0,0,0,0,1,34.056139032526026,134.588624,,,,,,,,,,,,,228,red,4329,4082,8411
88,,8310010,1,20260913,14525,455,10,0,0,0,0,14581,598,9,0,0,0,0,3,34.152121047215225,134.579402804374,,,,,,,,,,,,,228,red,14990,15188,30178
88,,8310020,1,20260913,4825,1728,0,0,0,0,0,6607,161,0,0,0,0,0,3,34.335875041773484,134.151295423507,,,,,,,,,,,,,228,red,6553,6768,13321
88,,8310030,1,20260913,7808,139,524,0,0,0,0,8442,142,170,0,0,0,0,3,33.79997204409725,132.86443054676,,,,,,,,,,,,,228,red,8471,8754,17225
88,,8310040,1,20260913,12301,470,0,0,0,0,0,12236,466,0,0,0,0,0,3,34.239532652899726,133.895906209945,,,,,,,,,,,,,228,red,12771,12702,25473
88,,8310050,1,20260913,1014,360,0,0,0,0,0,1089,121,0,0,0,0,0,3,33.797668032162,133.760304,,,,,,,,,,,,,228,red,1374,1210,2584
88,,8310060,1,20260913,915,46,0,0,0,0,0,906,43,0,0,0,0,0,3,33.54154672048833,133.042341470718,,,,,,,,,,,,,228,red,961,949,1910
88,,8310061,1,20260913,8845,567,0,0,0,0,0,9635,511,0,0,0,0,0,3,33.80675451706518,132.745272070169,,,,,,,,,,,,,228,red,9412,10146,19558
88,,8310062,1,20260913,4545,450,0,0,0,0,0,5211,427,0,0,0,0,0,3,33.814776032186245,132.720319,,,,,,,,,,,,,228,red,4995,5638,10633
88,,8310070,1,20260913,15786,351,28,0,0,0,0,17845,296,1,0,0,0,0,3,34.0102656781917,134.566428959369,,,,,,,,,,,,,228,red,16165,18142,34307
88,,8310080,1,20260913,8673,287,0,0,0,0,0,9120,285,0,0,0,0,0,3,33.9732071371816,134.633932113647,,,,,,,,,,,,,228,red,8960,9405,18365
88,,8310100,1,20260913,,,,0,0,0,228,,,,0,0,0,228,3,33.03511096021447,133.027331829071,,,,,,,,,,,,,228,red,0,0,0
88,,8310110,1,20260913,4029,122,0,0,0,0,0,3675,156,0,0,0,0,0,3,33.4066250316014,132.509843,,,,,,,,,,,,,228,red,4151,3831,7982
88,,8310120,1,20260913,9951,453,0,0,0,0,0,9975,571,0,0,0,0,0,3,33.504510031742804,132.56675,,,,,,,,,,,,,228,red,10404,10546,20950
88,,8310130,1,20260913,5174,165,0,0,0,0,0,4792,168,0,0,0,0,0,3,33.53462955300938,132.597781419754,,,,,,,,,,,,,228,red,5339,4960,10299
88,,8310140,1,20260913,4611,136,0,0,0,0,0,3878,174,0,0,0,0,0,3,33.6125750318981,132.68712,,,,,,,,,,,,,228,red,4747,4052,8799
88,,8310150,1,20260913,2370,148,0,0,0,0,0,2637,271,0,0,0,0,0,3,34.0401782523243,134.018440246582,,,,,,,,,,,,,228,red,2518,2908,5426
88,,8310160,1,20260913,8652,99,165,0,0,0,1,8170,106,162,0,0,0,1,3,33.89056122326423,132.757075130939,,,,,,,,,,,,,228,red,8916,8438,17354
89,,9110010,1,20260913,8541,192,0,0,0,0,0,8762,252,0,0,0,0,0,3,33.86399103225591,130.750068,,,,,,,,,,,,,228,red,8733,9014,17747
89,,9110030,1,20260913,14091,575,0,0,0,0,0,18620,587,0,0,0,0,0,3,32.75695803064553,130.688122,,,,,,,,,,,,,228,red,14666,19207,33873
89,,9110040,1,20260913,7688,597,0,0,0,0,0,7698,573,0,0,0,0,0,3,32.565580030358504,130.688167,,,,,,,,,,,,,228,red,8285,8271,16556
89,,9110050,1,20260913,9180,662,0,0,0,0,0,7928,510,0,0,0,0,0,3,32.50104503026118,130.627862,,,,,,,,,,,,,228,red,9842,8438,18280
89,,9110060,1,20260913,4443,358,0,0,0,0,0,4704,330,0,0,0,0,0,3,31.848210029262603,130.249002,,,,,,,,,,,,,228,red,4801,5034,9835
89,,9110070,1,20260913,3216,79,0,0,0,0,0,3236,92,0,0,0,0,0,3,31.65408502896101,130.444438,,,,,,,,,,,,,228,red,3295,3328,6623
89,,9110110,1,20260913,27016,680,702,0,0,0,0,18387,1889,725,0,0,0,0,3,33.248593781371625,131.5788746,,,,,,,,,,,,,228,red,28398,21001,49399
89,,9110120,1,20260913,157,4,0,0,0,0,0,193,8,0,0,0,0,0,3,32.83826903076675,131.716873,,,,,,,,,,,,,228,red,161,201,362
89,,9110140,1,20260913,6820,419,0,0,0,0,0,5561,406,0,0,0,0,0,3,32.26510002990319,131.560352,,,,,,,,,,,,,228,red,7239,5967,13206
89,,9110150,1,20260913,3125,219,0,0,0,0,0,3248,258,0,0,0,0,0,3,31.853840029271314,131.136144,,,,,,,,,,,,,228,red,3344,3506,6850
89,,9110160,1,20260913,4886,289,419,0,0,39,39,4834,421,23,0,0,0,39,3,31.710555029048958,130.774553,,,,,,,,,,,,,228,red,5594,5278,10872
89,,9110190,1,20260913,6842,574,0,0,0,0,0,6438,535,0,0,0,0,0,3,33.3577350315305,130.488663,,,,,,,,,,,,,228,red,7416,6973,14389
89,,9110200,1,20260913,8127,210,0,0,0,0,0,7385,214,0,0,0,0,0,3,33.19609887129489,130.0312792,,,,,,,,,,,,,228,red,8337,7599,15936
89,,9110230,1,20260913,2683,211,0,0,0,0,0,2555,254,0,0,0,0,0,3,32.95195803093551,131.35466,,,,,,,,,,,,,228,red,2894,2809,5703
89,,9110240,1,20260913,7934,373,0,0,0,0,0,8207,415,0,0,0,0,0,3,33.669370031979355,130.847832,,,,,,,,,,,,,228,red,8307,8622,16929
89,,9110280,1,20260913,5626,188,0,0,0,0,0,5317,186,0,0,0,0,0,3,33.34785503151616,130.0187991,,,,,,,,,,,,,228,red,5814,5503,11317
89,,9110290,1,20260913,5892,147,0,0,0,0,0,6535,146,0,0,0,0,0,3,32.97125925096407,130.445357,,,,,,,,,,,,,228,red,6039,6681,12720
89,,9110300,1,20260913,5757,142,0,0,0,0,0,6072,191,0,0,0,0,0,3,33.14141103121475,130.470721,,,,,,,,,,,,,228,red,5899,6263,12162
89,,9110335,1,20260913,3067,66,0,0,0,0,0,2962,87,0,0,0,0,0,3,31.396273028557452,130.783657,,,,,,,,,,,,,228,red,3133,3049,6182
89,,9110340,1,20260913,4700,173,0,0,0,0,0,4342,191,0,0,0,0,0,3,31.452851608646302,130.7281932,,,,,,,,,,,,,228,red,4873,4533,9406
89,,9310003,1,20260913,7377,573,0,0,0,0,0,9463,622,0,0,0,0,0,3,33.947867982374184,130.968647,,,,,,,,,,,,,228,red,7950,10085,18035
89,,9310015,1,20260913,17933,1409,0,0,0,0,0,19277,1601,0,0,0,0,0,3,33.44660203165923,130.540337,,,,,,,,,,,,,228,red,19342,20878,40220
89,,9310017,1,20260913,7525,389,0,0,0,0,0,7442,391,0,0,0,0,0,3,33.323489031480754,130.523608,,,,,,,,,,,,,228,red,7914,7833,15747
89,,9310020,1,20260913,3259,357,0,0,0,0,0,2987,314,0,0,0,0,0,3,33.11458003117534,130.669176,,,,,,,,,,,,,228,red,3616,3301,6917
89,,9310035,1,20260913,980,33,0,1,0,0,1,969,56,0,1,0,0,1,3,32.406040030117445,130.555735,,,,,,,,,,,,,228,red,1013,1025,2038
89,,9310045,1,20260913,4807,285,0,0,0,0,0,5194,265,0,0,0,0,0,3,32.16215502974594,130.36789,,,,,,,,,,,,,228,red,5092,5459,10551
89,,9310050,1,20260913,5213,137,13,0,0,0,0,4894,89,17,0,0,0,0,3,31.714213029054637,130.275752,,,,,,,,,,,,,228,red,5363,5000,10363
89,,9310060,1,20260913,3898,321,127,25,0,0,7,4221,300,64,25,0,0,7,3,32.38562876008649,130.5414069,,,,,,,,,,,,,228,red,4346,4585,8931
89,,9310070,1,20260913,15,48,6885,0,0,125,125,6602,363,91,0,0,0,125,3,31.702321029036145,130.297006,,,,,,,,,,,,,228,red,6948,7056,14004
89,,9310080,1,20260913,9684,343,0,0,0,0,0,9125,330,0,0,0,0,0,3,33.80588903217365,130.960473,,,,,,,,,,,,,228,red,10027,9455,19482
89,,9310085,1,20260913,8283,293,0,0,0,0,0,7980,247,0,0,0,0,0,3,33.54594303180245,131.283198,,,,,,,,,,,,,228,red,8576,8227,16803
89,,9310090,1,20260913,6682,279,0,0,0,0,0,7638,268,0,0,0,0,0,3,33.38094503156419,131.540397,,,,,,,,,,,,,228,red,6961,7906,14867
89,,9310100,1,20260913,14072,543,0,0,0,0,0,13654,483,0,0,0,0,0,3,33.15920703124086,131.651922,,,,,,,,,,,,,228,red,14615,14137,28752
89,,9310115,1,20260913,7277,749,0,0,0,0,0,6863,768,0,0,0,0,0,3,31.726570029073855,131.023972,,,,,,,,,,,,,228,red,8026,7631,15657
89,,9310120,1,20260913,12658,557,0,0,0,0,0,10885,499,0,0,0,0,0,3,31.705779029041526,130.613215,,,,,,,,,,,,,228,red,13215,11384,24599
89,,9310125,1,20260913,10881,435,0,0,0,0,0,10067,396,0,0,0,0,0,3,33.21761616132637,130.1637701,,,,,,,,,,,,,228,red,11316,10463,21779
89,,9310127,1,20260913,5676,564,0,0,0,0,0,6682,387,0,0,0,0,0,3,32.91326503087817,130.976239,,,,,,,,,,,,,228,red,6240,7069,13309
89,,9310130,1,20260913,13005,330,0,0,0,0,0,12076,419,0,0,0,1,0,3,32.8754950308221,130.867355,,,,,,,,,,,,,228,red,13335,12495,25830
89,,9310140,1,20260913,17077,700,0,0,0,0,0,17371,592,0,0,0,0,0,3,32.820198990739854,130.7572925,,,,,,,,,,,,,228,red,17777,17963,35740
89,,9310150,1,20260913,6313,1577,0,0,0,0,0,3607,3706,0,0,0,0,0,3,32.6779330305273,130.55327,,,,,,,,,,,,,228,red,7890,7313,15203
89,,9310155,1,20260913,4789,87,0,0,0,0,0,6214,118,0,0,0,0,0,3,32.76467203065704,130.370667,,,,,,,,,,,,,228,red,4876,6332,11208
89,,9310156,1,20260913,6342,127,0,0,0,0,0,6245,131,0,0,0,0,0,3,32.78536503068792,130.199594,,,,,,,,,,,,,228,red,6469,6376,12845
89,,9310157,1,20260913,5801,307,0,0,0,0,0,5280,270,0,0,0,0,0,3,33.06696517110531,131.6229634,,,,,,,,,,,,,228,red,6108,5550,11658
89,,9310159,1,20260913,2920,221,0,0,0,0,0,2536,246,0,0,0,0,0,3,32.997429031002746,131.434075,,,,,,,,,,,,,228,red,3141,2782,5923
89,,9310165,1,20260913,9215,1560,0,0,0,0,0,10124,1105,0,0,0,0,0,3,33.62969103192261,130.442657,,,,,,,,,,,,,228,red,10775,11229,22004
89,,9310174,1,20260913,18069,973,0,0,0,0,0,15181,651,0,0,0,0,0,3,33.6275850319196,130.703907,,,,,,,,,,,,,228,red,19042,15832,34874
89,,9310181,1,20260913,6050,143,0,0,0,0,0,5985,120,0,0,0,0,0,3,33.230906841345785,130.3350523,,,,,,,,,,,,,228,red,6193,6105,12298
89,,9310184,1,20260913,8495,201,0,0,0,0,0,8019,408,0,0,0,0,0,3,32.918079150885305,130.6264597,,,,,,,,,,,,,228,red,8696,8427,17123
89,,9310185,1,20260913,2209,62,0,0,0,0,228,0,0,0,0,0,228,228,3,33.37000946154832,129.9447181,,,,,,,,,,,,,228,red,2271,0,2271
89,,9310187,1,20260913,11424,433,0,0,0,0,0,11399,471,0,0,0,0,0,3,33.504396031742644,130.111167,,,,,,,,,,,,,228,red,11857,11870,23727
89,,9310188,1,20260913,5161,232,0,0,0,0,0,5017,214,0,0,0,0,0,3,33.3383090315023,130.64702,,,,,,,,,,,,,228,red,5393,5231,10624
89,,9310189,1,20260913,6510,232,0,0,0,0,0,6439,240,0,0,0,0,0,3,33.06535003110294,129.833592,,,,,,,,,,,,,228,red,6742,6679,13421
89,,9310191,1,20260913,8210,298,0,0,0,0,0,8292,373,0,0,0,0,0,3,33.18514003127884,130.387366,,,,,,,,,,,,,228,red,8508,8665,17173
89,,9310192,1,20260913,6568,279,0,0,0,0,0,4276,2799,0,0,0,0,0,3,33.20214803130375,130.361827,,,,,,,,,,,,,228,red,6847,7075,13922
89,,9310193,1,20260913,3666,2891,0,0,0,0,0,7226,331,0,0,0,0,0,3,33.20855403131311,130.343385,,,,,,,,,,,,,228,red,6557,7557,14114
89,,9310195,1,20260913,7115,266,0,0,0,0,0,6330,197,0,0,0,0,0,3,33.32086003147692,130.863524,,,,,,,,,,,,,228,red,7381,6527,13908
89,,9310200,1,20260913,2728,166,0,0,0,0,0,2683,134,0,0,0,0,0,3,33.250128031373855,131.295812,,,,,,,,,,,,,228,red,2894,2817,5711
89,,9310205,1,20260913,5815,300,0,0,0,0,0,6221,247,0,0,0,0,0,3,33.19671903129579,131.498216,,,,,,,,,,,,,228,red,6115,6468,12583
89,,9310210,1,20260913,9632,276,0,0,0,0,0,8994,178,0,0,0,0,0,3,31.816050029212782,131.442962,,,,,,,,,,,,,228,red,9908,9172,19080
89,,9310217,1,20260913,3030,75,0,0,0,0,0,2971,91,0,0,0,0,0,3,31.417765998591218,130.99969040000002,,,,,,,,,,,,,228,red,3105,3062,6167
89,,9310218,1,20260913,5454,175,0,0,0,0,0,5834,168,0,0,0,0,0,3,31.377286028527593,130.545285,,,,,,,,,,,,,228,red,5629,6002,11631
89,,9310219,1,20260913,1954,60,0,0,0,0,0,1754,74,0,0,0,0,0,3,31.56571802882308,130.617867,,,,,,,,,,,,,228,red,2014,1828,3842
89,,9310220,1,20260913,6845,301,0,0,0,0,0,6630,292,0,0,0,0,0,3,33.43104381163675,130.0480662,,,,,,,,,,,,,228,red,7146,6922,14068
89,,9310470,1,20260913,3324,306,30,0,0,0,0,3480,261,37,0,0,0,0,3,32.24423502987137,130.476053,,,,,,,,,,,,,228,red,3660,3778,7438
89,,9310480,1,20260913,3156,324,0,0,0,0,0,3239,296,0,0,0,0,0,3,32.21685802982958,130.428031,,,,,,,,,,,,,228,red,3480,3535,7015
89,,9310520,1,20260913,4577,191,0,0,0,0,0,4485,185,0,0,0,0,0,3,32.102630029654726,130.326106,,,,,,,,,,,,,228,red,4768,4670,9438
89,,9310530,1,20260913,5070,194,0,0,0,0,0,4972,174,0,0,0,0,0,3,32.08242202962371,130.292812,,,,,,,,,,,,,228,red,5264,5146,10410
89,,9310540,1,20260913,4646,201,0,0,0,0,0,4212,163,0,0,0,0,0,3,32.07232702960822,130.26224,,,,,,,,,,,,,228,red,4847,4375,9222
89,,9310600,1,20260913,2078,217,0,0,0,0,0,2145,155,0,0,0,0,0,3,31.84607502925929,130.257831,,,,,,,,,,,,,228,red,2295,2300,4595
89,,9310610,1,20260913,0,0,0,0,0,228,228,2165,165,0,0,0,0,228,3,31.804655029195118,130.283522,,,,,,,,,,,,,228,red,0,2330,2330
89,,9310620,1,20260913,6687,263,0,0,0,0,0,6475,259,0,0,0,0,0,3,31.759537029125095,130.304217,,,,,,,,,,,,,228,red,6950,6734,13684
89,,9310627,1,20260913,6459,286,0,0,0,0,0,6308,267,0,0,0,0,0,3,33.46078103167972,130.044889,,,,,,,,,,,,,228,red,6745,6575,13320
89,,9310630,1,20260913,6099,273,0,0,0,0,0,5703,253,0,0,0,0,0,3,33.414414111612686,129.9958886,,,,,,,,,,,,,228,red,6372,5956,12328
89,,9310640,1,20260913,6805,296,0,0,0,0,0,6558,258,0,0,0,0,0,3,33.391371311579306,129.9347973,,,,,,,,,,,,,228,red,7101,6816,13917
89,,9310650,1,20260913,6601,399,0,0,0,0,0,6579,270,0,0,0,0,0,3,33.37966119156232,129.933567,,,,,,,,,,,,,228,red,7000,6849,13849
89,,9310660,1,20260913,5125,176,0,0,0,0,0,5221,178,0,0,0,0,0,3,33.30074103144764,129.915058,,,,,,,,,,,,,228,red,5301,5399,10700
89,,9310710,1,20260913,0,0,0,0,0,228,228,2909,390,0,0,0,0,228,3,33.323471851480726,129.8060041,,,,,,,,,,,,,228,red,0,3299,3299
89,,9310730,1,20260913,3467,81,0,0,0,0,0,3219,97,0,0,0,0,0,3,33.34824903151674,129.729277,,,,,,,,,,,,,228,red,3548,3316,6864
89,,9310740,1,20260913,1631,94,0,0,0,0,0,1527,76,0,0,0,0,0,3,33.34295921550905,129.672585536,,,,,,,,,,,,,228,red,1725,1603,3328
89,,9360270,1,20260913,3018,294,0,0,0,0,0,2960,267,0,0,0,0,0,1,32.93848103091554,131.866353,,,,,,,,,,,,,228,red,3312,3227,6539
89,,9360280,1,20260913,3310,360,0,0,0,0,0,3314,304,0,0,0,0,0,1,32.895717030852126,131.864089,,,,,,,,,,,,,228,red,3670,3618,7288
89,,9360290,1,20260913,2955,261,0,0,0,0,0,3031,231,0,0,0,0,0,1,32.80165203071222,131.87728,,,,,,,,,,,,,228,red,3216,3262,6478
89,,9360300,1,20260913,2925,239,0,0,0,0,0,3007,213,0,0,0,0,0,1,32.72780503060196,131.827089,,,,,,,,,,,,,228,red,3164,3220,6384
89,,9360310,1,20260913,3217,244,0,0,0,0,0,3558,227,0,0,0,0,0,1,32.708018030572354,131.811346,,,,,,,,,,,,,228,red,3461,3785,7246
89,,9360320,1,20260913,3401,253,0,0,0,0,0,3828,231,0,0,0,0,0,1,32.66071403050147,131.702707,,,,,,,,,,,,,228,red,3654,4059,7713
89,,9360330,1,20260913,3140,303,0,0,0,0,0,3483,264,0,0,0,0,0,3,32.67533903052341,131.725922,,,,,,,,,,,,,228,red,3443,3747,7190
89,,9360340,1,20260913,5562,387,0,0,0,0,0,6073,336,0,0,0,0,0,3,32.544601030326895,131.648426,,,,,,,,,,,,,228,red,5949,6409,12358
89,,9360350,1,20260913,4623,169,0,0,0,0,0,4522,120,0,0,0,0,0,1,31.69283102902137,131.379337,,,,,,,,,,,,,228,red,4792,4642,9434
89,,9360360,1,20260913,4357,172,0,0,0,0,0,4382,118,0,0,0,0,0,1,31.626655028918243,131.387644,,,,,,,,,,,,,228,red,4529,4500,9029
89,,9360380,1,20260913,1824,104,0,0,0,0,0,1810,94,0,0,0,0,0,1,31.48338302869418,131.081995,,,,,,,,,,,,,228,red,1928,1904,3832
89,,9360385,1,20260913,2236,148,0,0,0,0,0,2399,148,0,0,0,0,0,1,31.46605602866702,131.053459,,,,,,,,,,,,,228,red,2384,2547,4931
89,,9360390,1,20260913,2314,123,0,0,0,0,0,2578,147,0,0,0,0,0,1,31.445310028634466,130.99415,,,,,,,,,,,,,228,red,2437,2725,5162
89,,9360400,1,20260913,4034,268,0,0,0,0,0,3689,253,0,0,0,0,0,1,31.466282028667365,130.90009,,,,,,,,,,,,,228,red,4302,3942,8244
89,,9360410,1,20260913,3477,237,0,0,0,0,0,3256,279,0,0,0,0,0,1,31.521020028753135,130.93081,,,,,,,,,,,,,228,red,3714,3535,7249
89,,9360420,1,20260913,3408,242,0,0,0,0,0,3328,274,0,0,0,0,0,1,31.615248748900434,130.9538662,,,,,,,,,,,,,228,red,3650,3602,7252
89,,9360430,1,20260913,3466,204,0,0,0,0,0,2955,208,0,0,0,0,0,1,32.749633030634584,130.866625,,,,,,,,,,,,,228,red,3670,3163,6833
89,,9360440,1,20260913,3621,203,0,0,0,0,0,3037,177,0,0,0,0,0,1,32.741409030622286,130.89194,,,,,,,,,,,,,228,red,3824,3214,7038
89,,9360443,1,20260913,3214,141,0,0,0,0,0,2830,124,0,0,0,0,0,1,32.73097603060669,130.938429,,,,,,,,,,,,,228,red,3355,2954,6309
89,,9360465,1,20260913,3189,151,0,0,0,0,0,3179,134,0,0,0,0,0,3,32.69277003054952,131.345815,,,,,,,,,,,,,228,red,3340,3313,6653
89,,9360467,1,20260913,3308,169,0,0,0,0,0,3304,171,0,0,0,0,0,3,32.67691003052576,131.36226,,,,,,,,,,,,,228,red,3477,3475,6952
89,,9360470,1,20260913,3518,135,0,0,0,0,0,3682,141,0,0,0,0,0,3,32.587591030391636,131.509484,,,,,,,,,,,,,228,red,3653,3823,7476
90,,10110010,1,20260913,9744,202,0,0,0,0,0,9897,208,0,0,0,0,0,3,26.525846020561954,127.924665,,,,,,,,,,,,,228,red,9946,10105,20051
90,,10110030,1,20260913,22920,357,0,0,0,0,0,23778,422,0,0,0,0,0,3,26.27496950463181,127.741287946701,,,,,,,,,,,,,228,red,23277,24200,47477
90,,10110040,1,20260913,5050,66,0,0,0,0,0,5319,69,0,0,0,0,0,3,26.47501802047749,127.955092,,,,,,,,,,,,,228,red,5116,5388,10504
90,,10110060,1,20260913,12373,606,0,1,0,0,1,12153,588,0,1,0,0,1,3,26.28023651673024,127.81364321708601,,,,,,,,,,,,,228,red,12979,12741,25720
90,,10110070,1,20260913,12253,356,0,0,0,0,0,11805,386,0,0,0,0,0,3,26.200277295979053,127.66189455985999,,,,,,,,,,,,,228,red,12609,12191,24800
90,,10110090,1,20260913,16117,536,0,0,0,0,0,16252,455,0,0,0,0,0,3,26.1754430532393,127.706499695777,,,,,,,,,,,,,228,red,16653,16707,33360
81,02,1110010,1,20260913,9498,1445,0,0,0,0,0,8069,1510,0,0,0,0,0,3,41.93108757020422,140.6421045,,,,,,,,,,,,,223,red,10943,9579,20522
81,02,1110020,1,20260913,3839,428,0,0,0,0,0,3801,454,0,0,0,0,0,3,42.1540981903046,140.4840606,,,,,,,,,,,,,223,red,4267,4255,8522
81,03,1110030,1,20260913,1072,93,0,0,0,0,0,882,88,0,0,0,0,0,3,42.672714040509845,140.377502,,,,,,,,,,,,,223,red,1165,970,2135
81,03,1110050,1,20260913,5196,378,0,0,0,0,0,4708,422,0,0,0,0,0,3,43.121255040655214,140.735792,,,,,,,,,,,,,223,red,5574,5130,10704
81,03,1110060,1,20260913,6099,241,0,0,0,0,0,6439,389,0,0,0,0,0,3,43.19868804067728,140.862496,,,,,,,,,,,,,223,red,6340,6828,13168
81,03,1110080,1,20260913,12039,461,0,0,0,0,0,13864,556,0,0,0,0,0,3,43.153022040664396,141.118728,,,,,,,,,,,,,223,red,12500,14420,26920
81,01,1110090,1,20260913,11376,637,0,0,0,0,0,9570,390,0,0,0,0,0,3,43.08364407064419,141.3496424,,,,,,,,,,,,,223,red,12013,9960,21973
81,02,1110100,1,20260913,9695,653,0,0,0,0,0,8983,557,0,0,0,0,0,3,41.855509180168546,140.7378302,,,,,,,,,,,,,223,red,10348,9540,19888
81,02,1110110,1,20260913,6949,492,3,0,0,0,2,5759,613,9,0,0,0,2,3,41.91094404019478,140.69325,,,,,,,,,,,,,223,red,7444,6381,13825
81,03,1110120,1,20260913,371,18,4,0,0,0,0,394,23,2,0,0,0,0,3,42.65674504050413,140.412444,,,,,,,,,,,,,223,red,393,419,812
81,01,1110130,1,20260913,8418,254,0,0,0,0,0,8042,301,0,0,0,0,0,3,43.18473404067338,141.721783,,,,,,,,,,,,,223,red,8672,8343,17015
81,01,1110140,1,20260913,4654,323,0,0,0,0,0,4241,309,0,0,0,0,0,3,43.351557040718205,141.866096,,,,,,,,,,,,,223,red,4977,4550,9527
81,04,1110150,1,20260913,7676,698,0,0,0,0,0,8084,693,0,0,0,0,0,3,43.72678204080376,142.211538,,,,,,,,,,,,,223,red,8374,8777,17151
81,04,1110160,1,20260913,6951,340,1335,0,0,0,0,9009,560,228,0,0,0,0,3,43.798283040817644,142.333692,,,,,,,,,,,,,223,red,8626,9797,18423
81,01,1110170,1,20260913,0,0,0,0,0,223,0,0,0,0,0,0,223,0,3,42.95409804060455,141.495931,,,,,,,,,,,,,223,red,0,0,0
81,05,1110180,1,20260913,9608,587,0,0,0,0,0,8942,533,0,0,0,0,0,3,42.619514790490626,141.5539538,,,,,,,,,,,,,223,red,10195,9475,19670
81,05,1110190,1,20260913,7435,320,55,0,0,0,0,8157,319,32,0,0,0,0,3,42.38500765040089,141.0774629,,,,,,,,,,,,,223,red,7810,8508,16318
81,05,1110200,1,20260913,0,0,0,0,0,223,0,2262,373,0,0,0,0,0,3,42.60033645048358,140.6268309,,,,,,,,,,,,,223,red,0,2635,2635
81,01,1110220,1,20260913,2525,179,0,0,0,0,0,2380,169,0,0,0,0,0,3,43.53094035076174,142.1739006,,,,,,,,,,,,,223,red,2704,2549,5253
81,04,1110230,1,20260913,2786,155,0,0,0,0,0,2941,166,0,0,0,0,0,3,43.34513804071655,142.377435,,,,,,,,,,,,,223,red,2941,3107,6048
81,04,1110240,1,20260913,0,0,1580,0,0,223,0,0,0,1693,0,0,223,0,3,43.16138604066678,142.575567,,,,,,,,,,,,,223,red,1580,1693,3273
81,07,1110250,1,20260913,,,,0,0,0,223,,,,0,0,0,223,3,42.96760298060881,142.8955221,,,,,,,,,,,,,223,red,0,0,0
81,07,1110260,1,20260913,4694,130,190,0,0,0,0,4322,119,45,0,0,0,0,3,42.91673291059265,143.2700872,,,,,,,,,,,,,223,red,5014,4486,9500
81,07,1110270,1,20260913,1206,141,0,0,0,0,0,948,101,0,0,0,0,0,3,42.832729040565155,143.765979,,,,,,,,,,,,,223,red,1347,1049,2396
81,06,1110280,1,20260913,3354,215,0,0,0,0,0,3087,232,0,0,0,0,0,3,43.002010860619514,144.2464972,,,,,,,,,,,,,223,red,3569,3319,6888
81,06,1110281,1,20260913,4697,363,0,0,0,0,0,5355,341,0,0,0,0,0,3,43.03483108062955,144.3754256,,,,,,,,,,,,,223,red,5060,5696,10756
81,06,1110282,1,20260913,2843,291,0,0,0,0,0,3185,292,0,0,0,0,0,3,43.01628558062389,144.4224501,,,,,,,,,,,,,223,red,3134,3477,6611
81,06,1110283,1,20260913,1894,242,0,0,0,0,0,2068,187,0,0,0,0,0,3,43.00268904061971,144.473627,,,,,,,,,,,,,223,red,2136,2255,4391
81,04,1110290,1,20260913,5174,250,0,0,0,0,0,4508,192,0,0,0,0,0,3,43.818868040821506,142.447347,,,,,,,,,,,,,223,red,5424,4700,10124
81,04,1110300,1,20260913,1022,79,6,0,0,0,0,0,0,1084,0,0,223,0,3,43.84894404082702,142.744489,,,,,,,,,,,,,223,red,1107,1084,2191
81,04,1110310,1,20260913,2013,133,21,0,0,0,0,0,0,1692,0,0,223,0,3,43.781848040814516,142.90227300000004,,,,,,,,,,,,,223,red,2167,1692,3859
81,08,1110320,1,20260913,974,90,0,0,223,0,0,1129,145,0,0,223,0,0,3,43.750539740808456,143.4918536,,,,,,,,,,,,,223,red,1064,1274,2338
81,08,1110330,1,20260913,3343,78,58,0,0,0,0,3911,133,0,0,223,0,0,3,43.79818204081763,143.833134,,,,,,,,,,,,,223,red,3479,4044,7523
81,08,1110331,1,20260913,1485,123,0,0,0,0,0,1433,109,0,0,0,0,0,3,43.7822242308146,143.8981667,,,,,,,,,,,,,223,red,1608,1542,3150
81,08,1110332,1,20260913,1254,97,0,0,0,0,0,1186,103,0,0,0,0,0,3,43.80292804081852,143.926029,,,,,,,,,,,,,223,red,1351,1289,2640
81,08,1110340,1,20260913,,,,0,0,0,223,,,,0,0,0,223,3,43.85309704082778,144.102175,,,,,,,,,,,,,223,red,0,0,0
81,08,1110350,1,20260913,2350,105,0,0,0,0,0,2000,83,0,0,0,0,0,3,43.87040004083089,144.150466,,,,,,,,,,,,,223,red,2455,2083,4538
81,04,1110360,1,20260913,,,,0,0,0,223,,,,0,0,0,223,3,43.819632040821645,142.40886,,,,,,,,,,,,,223,red,0,0,0
81,04,1110370,1,20260913,2763,133,162,0,0,0,0,2925,147,2,0,0,0,0,3,43.9375450408425,142.46586,,,,,,,,,,,,,223,red,3058,3074,6132
81,04,1110380,1,20260913,186,42,0,0,109,0,114,168,51,0,0,109,0,114,3,44.49438804091256,142.340371,,,,,,,,,,,,,223,red,228,219,447
81,04,1110390,1,20260913,750,77,0,0,0,0,0,839,79,0,0,0,0,0,3,44.82270404093181,142.065768,,,,,,,,,,,,,223,red,827,918,1745
81,04,1110400,1,20260913,1677,112,10,0,0,0,0,1427,86,17,0,0,0,0,3,44.331686040896926,142.446612,,,,,,,,,,,,,223,red,1799,1530,3329
81,04,1110410,1,20260913,2372,117,79,0,0,0,0,1820,114,5,0,0,0,0,3,44.4124520409052,142.40433,,,,,,,,,,,,,223,red,2568,1939,4507
81,04,1110420,1,20260913,2236,206,26,0,0,0,0,,,,0,0,0,223,3,44.436504040907465,142.370834,,,,,,,,,,,,,223,red,2468,0,2468
81,04,1110430,1,20260913,1246,85,21,0,0,0,152,468,25,3,0,0,0,152,3,44.46719604091022,142.373557,,,,,,,,,,,,,223,red,1352,496,1848
81,04,1110431,1,20260913,1543,163,0,0,0,0,0,1209,112,0,0,0,0,0,3,44.49400304091251,142.349754,,,,,,,,,,,,,223,red,1706,1321,3027
81,10,1110440,1,20260913,452,43,0,0,121,0,102,597,22,49,0,0,0,102,3,45.01690604093549,141.836757,,,,,,,,,,,,,223,red,495,668,1163
81,10,1110460,1,20260913,0,0,1,0,0,1,221,3,1,0,0,2,0,221,3,45.20892604093353,141.770096,,,,,,,,,,,,,223,red,1,4,5
81,06,1110470,1,20260913,2614,64,16,0,0,0,0,2794,57,9,0,0,0,0,3,42.99479183061728,144.4493526,,,,,,,,,,,,,223,red,2694,2860,5554
81,06,1110480,1,20260913,1280,92,8,0,0,0,0,1447,77,3,0,0,0,0,3,43.13343702065876,145.0159693,,,,,,,,,,,,,223,red,1380,1527,2907
81,02,1110490,1,20260913,1860,125,0,0,0,0,0,1747,275,0,0,0,0,0,3,41.89734796018839,140.6338191,,,,,,,,,,,,,223,red,1985,2022,4007
81,02,1110500,1,20260913,1163,64,0,0,223,0,0,1096,33,51,0,0,0,0,3,41.480587619979374,140.2558047,,,,,,,,,,,,,223,red,1227,1180,2407
81,02,1110510,1,20260913,4279,153,100,0,0,0,2,4861,134,6,0,0,0,2,3,41.83901009016065,140.7069415,,,,,,,,,,,,,223,red,4532,5001,9533
81,02,1110520,1,20260913,685,43,0,0,222,0,1,505,68,0,0,222,0,1,3,41.83229743015742,140.67026760000002,,,,,,,,,,,,,223,red,728,573,1301
81,02,1110530,1,20260913,694,34,1,0,0,0,0,434,22,14,0,0,0,0,3,41.82065939015182,140.6236414,,,,,,,,,,,,,223,red,729,470,1199
81,03,1110540,1,20260913,296,19,0,0,0,0,0,0,0,0,0,0,223,0,3,43.24834804069096,140.33431600000003,,,,,,,,,,,,,223,red,315,0,315
81,03,1110550,1,20260913,0,0,0,0,0,223,0,1332,171,0,0,0,0,0,3,42.96644104060844,140.471476,,,,,,,,,,,,,223,red,0,1503,1503
81,03,1110560,1,20260913,202,21,0,0,0,0,0,171,6,0,0,0,0,0,3,42.69059604051622,139.972281,,,,,,,,,,,,,223,red,223,177,400
81,02,1110570,1,20260913,625,40,0,0,0,0,0,596,47,0,0,0,0,0,3,42.068390450266875,140.0715584,,,,,,,,,,,,,223,red,665,643,1308
81,01,1110600,1,20260913,6571,338,0,0,0,0,0,4707,240,0,0,0,0,0,3,43.1876802706742,141.3248983,,,,,,,,,,,,,223,red,6909,4947,11856
81,01,1110610,1,20260913,2367,124,0,0,0,0,0,0,0,0,0,0,223,0,3,43.377555040724815,141.428392,,,,,,,,,,,,,223,red,2491,0,2491
81,09,1110620,1,20260913,1833,78,0,0,0,0,0,1945,59,0,0,0,0,0,3,43.89116004083455,141.602442,,,,,,,,,,,,,223,red,1911,2004,3915
81,09,1110630,1,20260913,,,,0,0,0,223,,,,0,0,0,223,3,44.71198204092715,141.790418,,,,,,,,,,,,,223,red,0,0,0
81,09,1110640,1,20260913,2418,338,0,0,0,0,0,1994,354,0,0,0,0,0,3,43.99996504085269,141.656227,,,,,,,,,,,,,223,red,2756,2348,5104
81,01,1110650,1,20260913,981,82,0,0,0,0,0,1005,85,0,0,0,0,0,3,43.76598569081147,141.953873,,,,,,,,,,,,,223,red,1063,1090,2153
81,09,1110660,1,20260913,896,64,0,0,0,0,0,1250,69,0,0,0,0,0,3,43.919969040839526,141.687135,,,,,,,,,,,,,223,red,960,1319,2279
81,01,1110670,1,20260913,1054,47,7,0,0,0,0,1036,55,90,0,0,0,0,3,43.719328040802246,141.995229,,,,,,,,,,,,,223,red,1108,1181,2289
81,01,1110680,1,20260913,1507,89,43,0,0,0,0,1787,74,1,0,0,0,0,3,43.80247704081843,141.939455,,,,,,,,,,,,,223,red,1639,1862,3501
81,01,1110690,1,20260913,1814,89,14,0,0,0,2,2017,80,2,0,0,0,2,3,43.804048040818735,141.856355,,,,,,,,,,,,,223,red,1917,2099,4016
81,09,1110700,1,20260913,2119,751,0,0,221,57,2,2731,198,4,0,0,0,2,3,43.84518804082634,141.778679,,,,,,,,,,,,,223,red,2870,2933,5803
81,09,1110701,1,20260913,2372,186,0,0,0,0,0,2891,195,0,0,0,0,0,3,43.87822704083228,141.723595,,,,,,,,,,,,,223,red,2558,3086,5644
81,09,1110702,1,20260913,1921,179,0,0,0,0,0,2346,169,0,0,0,0,0,3,43.928072040840895,141.68278,,,,,,,,,,,,,223,red,2100,2515,4615
81,01,1110710,1,20260913,1503,84,0,0,0,223,0,3269,204,0,0,0,0,0,3,43.11269117065273,141.74737440000004,,,,,,,,,,,,,223,red,1587,3473,5060
81,05,1110720,1,20260913,2546,240,33,0,0,0,0,2402,245,22,0,0,0,0,3,42.81091575055783,141.8315435,,,,,,,,,,,,,223,red,2819,2669,5488
81,05,1110730,1,20260913,2189,96,7,0,0,0,0,2469,112,9,0,0,0,0,3,42.57481157047414,141.9503395,,,,,,,,,,,,,223,red,2292,2590,4882
81,05,1110740,1,20260913,2057,162,0,1,0,0,0,2411,139,0,1,0,0,0,3,42.18634909031852,142.7152599,,,,,,,,,,,,,223,red,2219,2550,4769
81,05,1110750,1,20260913,0,0,0,0,0,223,0,1654,0,0,0,0,0,0,3,42.67572651051092,141.724241,,,,,,,,,,,,,223,red,0,1654,1654
81,05,1110760,1,20260913,5206,530,0,0,0,0,0,5616,564,0,0,0,0,0,3,42.65945501050509,141.8200069,,,,,,,,,,,,,223,red,5736,6180,11916
81,05,1110770,1,20260913,4799,435,0,0,0,0,0,5161,407,0,0,0,0,0,3,42.5992918904832,141.8930837,,,,,,,,,,,,,223,red,5234,5568,10802
81,07,1110780,1,20260913,1556,75,6,0,0,0,0,1670,67,5,0,0,0,0,3,42.47939292043798,143.273263,,,,,,,,,,,,,223,red,1637,1742,3379
81,05,1110790,1,20260913,351,35,0,0,0,0,0,489,43,0,0,0,0,0,3,42.23567851033952,142.9927157,,,,,,,,,,,,,223,red,386,532,918
81,07,1110800,1,20260913,1309,144,36,0,0,0,0,1713,180,7,0,0,0,0,3,42.944556830601535,143.1061614,,,,,,,,,,,,,223,red,1489,1900,3389
81,07,1110810,1,20260913,799,154,20,0,0,0,0,812,146,9,0,0,0,0,3,42.8783228205802,143.1246418,,,,,,,,,,,,,223,red,973,967,1940
81,07,1110820,1,20260913,2826,214,0,0,0,0,0,2701,165,0,0,0,0,0,3,42.772632730544835,143.175416,,,,,,,,,,,,,223,red,3040,2866,5906
81,07,1110830,1,20260913,2307,126,61,0,0,0,0,2319,96,33,0,0,0,0,3,42.722047130527294,143.168571,,,,,,,,,,,,,223,red,2494,2448,4942
81,07,1110831,1,20260913,1761,145,0,0,0,0,0,1761,95,0,0,0,0,0,3,42.67773204051164,143.145688,,,,,,,,,,,,,223,red,1906,1856,3762
81,07,1110832,1,20260913,1525,82,0,0,0,0,0,1549,72,0,0,0,0,0,3,42.637427040497144,143.190237,,,,,,,,,,,,,223,red,1607,1621,3228
81,07,1110833,1,20260913,1170,61,0,0,0,0,0,1216,46,0,0,0,0,0,3,42.550911040465216,143.288527,,,,,,,,,,,,,223,red,1231,1262,2493
81,04,1110840,1,20260913,3904,201,0,0,0,0,0,3548,155,0,0,0,0,0,3,43.67766304079377,142.395871,,,,,,,,,,,,,223,red,4105,3703,7808
81,04,1110850,1,20260913,709,62,0,0,0,0,0,636,78,0,0,0,0,0,3,43.142849040661474,142.416499,,,,,,,,,,,,,223,red,771,714,1485
81,05,1110860,1,20260913,3831,403,0,0,0,0,0,3558,349,0,0,0,0,0,3,42.56014623046868,141.984126,,,,,,,,,,,,,223,red,4234,3907,8141
81,05,1110861,1,20260913,2784,202,0,0,0,0,0,3117,185,0,0,0,0,0,3,42.511718620450374,142.0646378,,,,,,,,,,,,,223,red,2986,3302,6288
81,05,1110862,1,20260913,2510,171,0,0,0,0,0,2716,143,0,0,0,0,0,3,42.476880240437005,142.1551718,,,,,,,,,,,,,223,red,2681,2859,5540
81,08,1110870,1,20260913,1540,176,0,0,223,0,0,1436,137,0,0,223,0,0,3,44.122097850870915,144.0483972,,,,,,,,,,,,,223,red,1716,1573,3289
81,08,1110881,1,20260913,2089,161,0,0,0,0,0,2269,122,0,0,0,0,0,3,44.24722204088725,143.491111,,,,,,,,,,,,,223,red,2250,2391,4641
81,08,1110890,1,20260913,1296,112,0,0,223,0,0,1435,84,0,0,223,0,0,3,44.571011040918506,142.9747586,,,,,,,,,,,,,223,red,1408,1519,2927
81,10,1110900,1,20260913,,,,0,0,0,223,,,,0,0,0,223,3,45.401916040925876,141.74393,,,,,,,,,,,,,223,red,0,0,0
81,04,1110910,1,20260913,1713,91,0,0,0,0,0,0,0,0,0,0,223,0,3,44.33124604089689,142.51453,,,,,,,,,,,,,223,red,1804,0,1804
81,04,1110920,1,20260913,,,,0,0,0,223,,,,0,0,0,223,3,44.17901104087865,142.27833,,,,,,,,,,,,,223,red,0,0,0
81,06,1110930,1,20260913,2160,163,0,0,0,0,0,1875,170,0,0,0,0,0,3,43.094167250647295,144.1218925,,,,,,,,,,,,,223,red,2323,2045,4368
81,08,1110941,1,20260913,1234,195,0,0,223,0,0,1469,162,0,0,223,0,0,3,43.69889304079811,144.026451,,,,,,,,,,,,,223,red,1429,1631,3060
81,07,1110950,1,20260913,2088,177,29,0,0,0,0,2303,151,17,0,0,0,0,3,43.204237410678836,143.2746363,,,,,,,,,,,,,223,red,2294,2471,4765
81,07,1110960,1,20260913,1165,187,0,0,0,0,0,1192,160,0,0,0,0,0,3,43.458400040744706,143.740097,,,,,,,,,,,,,223,red,1352,1352,2704
81,07,1110970,1,20260913,1953,244,0,0,0,0,0,2011,271,0,0,0,0,0,3,43.110542040652106,143.580506,,,,,,,,,,,,,223,red,2197,2282,4479
81,06,1110980,1,20260913,1226,156,0,0,0,0,0,1352,153,0,0,0,0,0,3,43.55969036076827,144.3196517,,,,,,,,,,,,,223,red,1382,1505,2887
81,06,1110990,1,20260913,1035,61,9,0,0,0,0,1087,76,2,0,0,0,0,3,43.46525075074637,144.6738938,,,,,,,,,,,,,223,red,1105,1165,2270
81,06,1111000,1,20260913,938,52,0,0,0,0,0,1014,51,0,0,0,0,0,3,43.3767268407246,145.1354671,,,,,,,,,,,,,223,red,990,1065,2055
81,08,1111010,1,20260913,3218,184,0,0,223,0,0,2956,202,0,0,223,0,0,3,43.98185858084978,144.2978521,,,,,,,,,,,,,223,red,3402,3158,6560
81,06,1111020,1,20260913,554,14,6,0,0,0,0,707,12,9,0,0,0,0,3,43.58981766077498,145.2084661,,,,,,,,,,,,,223,red,574,728,1302
81,06,1111030,1,20260913,1469,183,0,0,0,0,0,1723,142,0,0,0,0,0,3,43.02214121062568,144.5287192,,,,,,,,,,,,,223,red,1652,1865,3517
81,06,1111040,1,20260913,0,0,4945,0,0,223,0,4521,478,0,0,223,0,0,3,43.53929381076365,144.9801323,,,,,,,,,,,,,223,red,4945,4999,9944
81,08,1111050,1,20260913,956,129,0,0,223,0,0,1068,57,31,0,0,0,0,3,44.25159504088778,143.262315,,,,,,,,,,,,,223,red,1085,1156,2241
81,01,1111060,1,20260913,1740,178,0,0,0,0,0,1541,169,0,0,0,0,0,3,42.938085080599464,142.0403856,,,,,,,,,,,,,223,red,1918,1710,3628
81,07,1111080,1,20260913,1059,284,0,0,0,0,0,1117,257,0,0,0,0,0,3,42.97320004061056,142.816438,,,,,,,,,,,,,223,red,1343,1374,2717
81,01,1111090,1,20260913,7374,577,0,0,0,0,0,6679,536,0,0,0,0,0,3,43.12130790065524,141.4830387,,,,,,,,,,,,,223,red,7951,7215,15166
81,01,1111100,1,20260913,3874,394,0,0,0,0,0,4006,419,0,0,0,0,0,3,43.43463367073897,141.8216186,,,,,,,,,,,,,223,red,4268,4425,8693
81,01,1111110,1,20260913,2268,199,0,0,0,0,0,2132,203,0,0,0,0,0,3,43.57168557077097,141.8750113,,,,,,,,,,,,,223,red,2467,2335,4802
81,02,1111130,1,20260913,5129,340,25,0,223,0,0,5570,250,25,0,0,0,0,3,41.77319404012875,140.796333,,,,,,,,,,,,,223,red,5494,5845,11339
81,02,1111140,1,20260913,438,26,0,0,0,0,0,457,55,0,0,0,0,0,3,42.03841781025344,140.8062566,,,,,,,,,,,,,223,red,464,512,976
81,02,1111145,1,20260913,8438,353,0,0,0,0,0,9150,358,0,0,0,0,0,3,41.84000143016112,140.7552781,,,,,,,,,,,,,223,red,8791,9508,18299
81,08,1111150,1,20260913,490,104,0,0,223,0,0,563,109,0,0,223,0,0,3,44.010611040854364,143.413281,,,,,,,,,,,,,223,red,594,672,1266
81,08,1111160,1,20260913,3387,126,19,0,0,0,0,3257,139,143,0,0,0,0,3,43.962452040846635,143.715644,,,,,,,,,,,,,223,red,3532,3539,7071
81,01,1111180,1,20260913,0,0,5764,0,0,223,0,0,0,1528,0,223,223,0,3,42.815960640559524,141.6810393,,,,,,,,,,,,,223,red,5764,1528,7292
81,01,1111190,1,20260913,0,0,4590,0,0,223,0,287,7,5102,0,0,223,0,3,42.83070733056448,141.6903091,,,,,,,,,,,,,223,red,4590,5396,9986
81,01,1111200,1,20260913,4003,380,79,0,0,0,0,4582,609,26,0,223,0,0,3,42.860948090574496,141.7104933,,,,,,,,,,,,,223,red,4462,5217,9679
81,01,1111210,1,20260913,2556,392,0,0,0,0,0,0,0,0,0,0,223,0,3,43.18556004067363,141.554044,,,,,,,,,,,,,223,red,2948,0,2948
81,06,1111220,1,20260913,980,118,0,0,0,0,0,939,57,0,0,0,0,0,3,43.37269109072359,144.5593071,,,,,,,,,,,,,223,red,1098,996,2094
81,08,1111230,1,20260913,406,36,10,0,0,0,0,411,44,22,0,0,0,0,3,43.81126104082009,144.489672,,,,,,,,,,,,,223,red,452,477,929
81,06,1111240,1,20260913,254,6,0,0,0,0,0,197,13,1,0,0,0,0,3,42.99604737061767,144.0391088,,,,,,,,,,,,,223,red,260,211,471
81,03,1111250,1,20260913,1962,130,0,0,0,0,0,1435,99,0,0,0,0,0,3,43.089578040645954,140.955582,,,,,,,,,,,,,223,red,2092,1534,3626
81,04,1111260,1,20260913,1187,68,19,0,0,0,65,1241,107,3,0,0,0,65,3,43.92330404084009,142.480139,,,,,,,,,,,,,223,red,1274,1351,2625
81,04,1111270,1,20260913,0,0,1000,0,0,0,101,0,0,878,0,0,0,101,3,43.90347904083668,142.548538,,,,,,,,,,,,,223,red,1000,878,1878
81,04,1111280,1,20260913,1469,89,1,0,0,0,144,1368,96,3,0,0,0,144,3,43.88962304083429,142.598335,,,,,,,,,,,,,223,red,1559,1467,3026
81,04,1111290,1,20260913,974,78,12,0,0,0,169,870,76,13,0,0,0,169,3,43.840859040825556,142.737691,,,,,,,,,,,,,223,red,1064,959,2023
81,04,1111300,1,20260913,309,27,2,0,0,0,197,336,25,6,0,0,0,197,3,43.843162040825966,142.799904,,,,,,,,,,,,,223,red,338,367,705
81,04,1111310,1,20260913,,,,0,0,0,223,,,,0,0,0,223,3,43.885885060833616,142.99375530000003,,,,,,,,,,,,,223,red,0,0,0
81,08,1111320,1,20260913,,,,0,0,0,223,,,,0,0,0,223,3,43.942327040843296,143.272964,,,,,,,,,,,,,223,red,0,0,0
81,08,1111321,1,20260913,1931,233,0,0,0,0,5,2390,203,0,0,0,0,5,3,44.005186040853516,143.417614,,,,,,,,,,,,,223,red,2164,2593,4757
81,08,1111322,1,20260913,1953,208,0,0,0,0,0,2318,195,0,0,0,0,0,3,44.010190040854305,143.450296,,,,,,,,,,,,,223,red,2161,2513,4674
81,01,1111330,1,20260913,4717,208,0,0,0,0,0,3888,154,0,0,0,0,0,3,42.93896478059976,141.3440037,,,,,,,,,,,,,223,red,4925,4042,8967
81,05,1111340,1,20260913,1686,151,0,0,0,0,0,1859,141,0,0,0,0,0,3,42.559147540468295,140.8961254,,,,,,,,,,,,,223,red,1837,2000,3837
81,01,1111350,1,20260913,3442,436,0,0,0,0,0,3938,544,0,0,0,0,0,3,42.88313893058179,141.7190833,,,,,,,,,,,,,223,red,3878,4482,8360
81,01,1111360,1,20260913,3057,402,0,0,0,0,0,3591,494,0,0,0,0,0,3,42.91387104059173,141.717002,,,,,,,,,,,,,223,red,3459,4085,7544
81,01,1111370,1,20260913,1440,192,0,0,0,0,0,1579,250,0,0,0,0,0,3,43.05425404063542,141.635599,,,,,,,,,,,,,223,red,1632,1829,3461
81,02,1111380,1,20260913,7029,270,0,0,0,0,0,6742,255,0,0,0,0,0,3,41.822662040152785,140.7753,,,,,,,,,,,,,223,red,7299,6997,14296
81,02,1111390,1,20260913,3819,217,0,0,0,0,0,3237,189,0,0,0,0,0,3,41.80204204014281,140.800817,,,,,,,,,,,,,223,red,4036,3426,7462
81,02,1111400,1,20260913,816,49,0,0,0,0,0,723,29,0,0,0,0,0,3,41.75457904011961,140.573825,,,,,,,,,,,,,223,red,865,752,1617
81,04,1111410,1,20260913,647,57,0,0,0,0,0,395,50,0,0,0,0,0,3,43.35314804071861,142.36145400000004,,,,,,,,,,,,,223,red,704,445,1149
81,04,1111420,1,20260913,1105,109,0,0,0,0,0,895,82,0,0,0,0,0,3,43.3038010407058,142.381627,,,,,,,,,,,,,223,red,1214,977,2191
81,06,1111500,1,20260913,1250,88,0,0,0,0,0,1665,90,0,0,0,0,0,3,43.29111104070245,145.517778,,,,,,,,,,,,,223,red,1338,1755,3093
81,03,1111600,1,20260913,2066,174,0,0,0,0,0,1600,210,0,0,0,0,0,3,43.162210040667006,140.797074,,,,,,,,,,,,,223,red,2240,1810,4050
81,06,1160010,1,20260913,2385,278,93,0,0,0,0,2479,392,31,0,0,0,0,1,43.12053262065503,143.6537933,,,,,,,,,,,,,223,red,2756,2902,5658
81,06,1160020,1,20260913,2719,360,0,0,0,0,0,2737,444,0,0,0,0,0,1,43.12244095065557,143.6787104,,,,,,,,,,,,,223,red,3079,3181,6260
81,06,1160030,1,20260913,2656,355,0,0,0,0,0,2779,405,0,0,0,0,0,1,43.081215390643465,143.9874923,,,,,,,,,,,,,223,red,3011,3184,6195
81,06,1160040,1,20260913,2592,360,0,0,0,0,0,2793,385,0,0,0,0,0,1,43.08452217064445,144.1232336,,,,,,,,,,,,,223,red,2952,3178,6130
81,06,1160050,1,20260913,3195,353,0,0,0,0,0,3820,387,0,0,0,0,0,1,43.09138904064647,144.173494,,,,,,,,,,,,,223,red,3548,4207,7755
81,06,1160060,1,20260913,3609,378,0,0,0,0,0,4420,397,0,0,0,0,0,1,43.04670304063314,144.303761,,,,,,,,,,,,,223,red,3987,4817,8804
81,08,1160120,1,20260913,633,72,0,0,0,0,0,635,83,0,0,0,0,0,1,43.69663004079766,143.731065,,,,,,,,,,,,,223,red,705,718,1423
81,08,1160130,1,20260913,970,92,0,0,0,0,0,1004,92,0,0,0,0,0,1,43.7375680408059,143.819828,,,,,,,,,,,,,223,red,1062,1096,2158
81,02,1310010,1,20260913,2249,85,0,0,0,0,0,2434,98,0,0,0,0,0,3,41.9090560401939,140.682556,,,,,,,,,,,,,223,red,2334,2532,4866
81,02,1310020,1,20260913,4948,438,0,0,0,0,0,5006,455,0,0,0,0,0,3,42.0164720402435,140.622028,,,,,,,,,,,,,223,red,5386,5461,10847
81,02,1310030,1,20260913,3464,400,0,0,0,0,0,3026,426,0,0,0,0,0,3,42.44355604042405,140.326972,,,,,,,,,,,,,223,red,3864,3452,7316
81,03,1310040,1,20260913,3900,332,0,0,0,0,0,3467,360,0,0,0,0,0,3,43.005875040620694,140.666614,,,,,,,,,,,,,223,red,4232,3827,8059
81,01,1310050,1,20260913,4087,117,0,0,0,223,0,4938,145,0,0,0,223,0,3,43.13178497065829,141.1990678,,,,,,,,,,,,,223,red,4204,5083,9287
81,01,1310060,1,20260913,10258,703,0,0,0,0,0,10383,716,0,0,0,0,0,3,43.06547437063878,141.3767481,,,,,,,,,,,,,223,red,10961,11099,22060
81,01,1310070,1,20260913,9719,476,0,0,0,0,0,10473,509,0,0,0,0,0,3,43.048510140633695,141.4108604,,,,,,,,,,,,,223,red,10195,10982,21177
81,01,1310080,1,20260913,12414,404,0,0,0,0,0,11342,398,0,0,0,0,0,3,43.057749330636454,141.4844763,,,,,,,,,,,,,223,red,12818,11740,24558
81,01,1310090,1,20260913,0,0,0,0,0,223,0,5820,216,0,0,0,0,0,3,43.294945650703454,141.8492997,,,,,,,,,,,,,223,red,0,6036,6036
81,01,1310100,1,20260913,8026,458,0,0,0,0,0,7605,383,0,0,0,0,0,3,43.53544778076278,141.9200456,,,,,,,,,,,,,223,red,8484,7988,16472
81,01,1310110,1,20260913,4873,519,0,0,0,0,0,4590,469,0,0,0,0,0,3,43.66238455079058,141.9957268,,,,,,,,,,,,,223,red,5392,5059,10451
81,01,1310120,1,20260913,0,0,0,0,0,223,0,11694,703,0,0,0,0,0,3,43.0094644106218,141.4241588,,,,,,,,,,,,,223,red,0,12397,12397
81,01,1310130,1,20260913,7944,427,0,0,0,223,0,8993,550,0,0,0,223,0,3,42.85324004057195,141.609931,,,,,,,,,,,,,223,red,8371,9543,17914
81,01,1310140,1,20260913,11516,1097,0,0,0,0,0,11026,960,0,0,0,0,0,3,42.79203104055144,141.693651,,,,,,,,,,,,,223,red,12613,11986,24599
81,05,1310150,1,20260913,5343,307,0,0,0,0,0,5609,287,0,0,0,0,0,3,42.483348820439495,141.2489566,,,,,,,,,,,,,223,red,5650,5896,11546
81,05,1310160,1,20260913,6615,336,0,0,0,0,0,7068,228,0,0,0,0,0,3,42.362402460391806,140.964739,,,,,,,,,,,,,223,red,6951,7296,14247
81,05,1310170,1,20260913,3396,299,0,0,223,0,0,3505,71,37,0,0,0,0,3,42.363565450392265,140.9519019,,,,,,,,,,,,,223,red,3695,3613,7308
81,04,1310180,1,20260913,,,,0,0,0,223,,,,0,0,0,223,3,43.22376604068423,142.378762,,,,,,,,,,,,,223,red,0,0,0
81,06,1310200,1,20260913,1597,153,0,0,0,0,0,1403,136,0,0,0,0,0,3,42.89183628058462,143.9445233,,,,,,,,,,,,,223,red,1750,1539,3289
81,06,1310210,1,20260913,3320,172,18,0,0,0,0,2733,259,0,0,223,0,0,3,43.009797840621914,144.2786998,,,,,,,,,,,,,223,red,3510,2992,6502
81,06,1310220,1,20260913,2573,171,0,0,0,0,0,3032,206,0,0,0,0,0,3,43.02229809062573,144.2728472,,,,,,,,,,,,,223,red,2744,3238,5982
81,08,1310230,1,20260913,2358,276,0,0,223,0,0,2352,291,0,0,223,0,0,3,43.85893419082885,144.0808788,,,,,,,,,,,,,223,red,2634,2643,5277
81,08,1310240,1,20260913,1899,92,0,0,223,0,0,1820,128,0,0,223,0,0,3,44.01132969085448,144.2315868,,,,,,,,,,,,,223,red,1991,1948,3939
81,04,1310250,1,20260913,3701,210,139,0,0,0,0,3966,178,78,0,0,0,0,3,44.16725904087709,142.395004,,,,,,,,,,,,,223,red,4050,4222,8272
81,04,1310260,1,20260913,3146,177,13,0,0,0,0,3232,168,3,0,0,0,0,3,44.19030204088012,142.392098,,,,,,,,,,,,,223,red,3336,3403,6739
81,09,1310270,1,20260913,592,57,0,0,0,0,0,727,71,0,0,0,0,0,3,44.89849804093394,141.930734,,,,,,,,,,,,,223,red,649,798,1447
81,10,1310280,1,20260913,203,14,0,0,0,0,0,176,13,0,0,0,0,0,3,45.0919210409354,141.772244,,,,,,,,,,,,,223,red,217,189,406
81,10,1310290,1,20260913,,,,0,0,0,223,,,,0,0,0,223,3,45.3643680409278,141.728937,,,,,,,,,,,,,223,red,0,0,0
81,06,1310300,1,20260913,2393,116,20,0,0,0,0,0,0,2627,0,0,223,0,3,43.059450410636984,144.8007274,,,,,,,,,,,,,223,red,2529,2627,5156
81,06,1310310,1,20260913,279,48,0,0,223,0,0,395,31,4,0,0,0,0,3,43.27550252069827,145.50157790000003,,,,,,,,,,,,,223,red,327,430,757
81,02,1310320,1,20260913,2763,140,0,0,0,0,0,3083,140,0,0,0,0,0,3,41.8940000401868,140.139639,,,,,,,,,,,,,223,red,2903,3223,6126
81,02,1310330,1,20260913,3317,188,0,0,0,0,0,2594,133,0,0,0,0,0,3,41.68472204008489,140.444,,,,,,,,,,,,,223,red,3505,2727,6232
81,03,1310340,1,20260913,2872,172,0,0,0,0,0,0,0,0,0,0,210,0,3,43.26192904069464,140.646731,,,,,,,,,,,,,223,red,3044,0,3044
81,03,1310350,1,20260913,1166,60,0,0,0,0,0,1041,56,0,0,0,0,0,3,43.041313040631515,140.5119,,,,,,,,,,,,,223,red,1226,1097,2323
81,02,1310360,1,20260913,467,29,0,0,0,0,0,432,26,0,0,0,0,0,3,42.129260570293795,139.981876,,,,,,,,,,,,,223,red,496,458,954
81,01,1310370,1,20260913,14887,515,0,0,0,0,0,14340,466,0,0,0,0,0,3,43.007483420621185,141.3442719,,,,,,,,,,,,,223,red,15402,14806,30208
81,03,1310380,1,20260913,5054,354,0,0,0,0,0,4790,291,0,0,0,0,0,3,42.797316040553234,140.953155,,,,,,,,,,,,,223,red,5408,5081,10489
81,03,1310390,1,20260913,3735,329,0,0,0,0,0,3395,290,0,0,0,0,0,3,42.75911004054018,140.927534,,,,,,,,,,,,,223,red,4064,3685,7749
81,09,1310420,1,20260913,2037,165,0,0,0,0,0,1722,147,0,0,0,0,0,3,44.315812040895196,141.663389,,,,,,,,,,,,,223,red,2202,1869,4071
81,05,1310430,1,20260913,1915,195,0,0,0,0,0,1392,266,0,0,0,0,0,3,42.68397268051387,141.6803745,,,,,,,,,,,,,223,red,2110,1658,3768
81,05,1310440,1,20260913,807,59,5,0,0,0,0,879,70,5,0,0,0,0,3,42.455508520428715,142.1783574,,,,,,,,,,,,,223,red,871,954,1825
81,07,1310450,1,20260913,3127,174,0,0,0,0,0,2676,148,0,0,0,0,0,3,42.850468990571045,143.1845784,,,,,,,,,,,,,223,red,3301,2824,6125
81,04,1310460,1,20260913,2922,124,3,0,0,0,0,3231,144,0,0,223,0,0,3,43.3597710407203,142.387706,,,,,,,,,,,,,223,red,3049,3375,6424
81,05,1310470,1,20260913,506,201,0,0,0,0,0,646,180,0,0,0,0,0,3,42.87689451057974,142.4313468,,,,,,,,,,,,,223,red,707,826,1533
81,08,1310490,1,20260913,1677,152,0,0,223,0,0,1898,90,38,0,0,0,0,3,44.469400040910415,143.131573,,,,,,,,,,,,,223,red,1829,2026,3855
81,10,1310500,1,20260913,,,,0,0,0,223,,,,0,0,0,223,3,44.9513530409349,142.577793,,,,,,,,,,,,,223,red,0,0,0
81,06,1310520,1,20260913,567,50,0,0,0,0,0,594,55,0,0,0,0,0,3,43.474956340748676,144.4077086,,,,,,,,,,,,,223,red,617,649,1266
81,07,1310530,1,20260913,403,35,0,0,0,0,0,554,53,0,0,0,0,0,3,43.351455040718186,143.778977,,,,,,,,,,,,,223,red,438,607,1045
81,08,1310540,1,20260913,952,65,0,0,223,0,0,925,78,0,0,223,0,0,3,43.71241358080086,144.1898958,,,,,,,,,,,,,223,red,1017,1003,2020
81,06,1310550,1,20260913,887,52,0,0,0,0,0,1061,47,0,0,0,0,0,3,43.23651165068774,145.2499867,,,,,,,,,,,,,223,red,939,1108,2047
81,06,1310560,1,20260913,1010,60,0,0,0,0,0,1061,56,0,0,0,0,0,3,43.68069492079438,145.1213962,,,,,,,,,,,,,223,red,1070,1117,2187
81,06,1310570,1,20260913,1093,204,0,0,0,0,0,1551,154,0,0,0,0,0,3,43.3613193507207,144.8334503,,,,,,,,,,,,,223,red,1297,1705,3002
81,04,1310580,1,20260913,206,15,0,0,0,0,0,125,9,0,0,0,0,0,3,43.85535404082818,142.818956,,,,,,,,,,,,,223,red,221,134,355
81,01,1310590,1,20260913,14721,851,0,0,0,0,0,16156,1131,0,0,0,0,0,3,43.101919030649576,141.3492984,,,,,,,,,,,,,223,red,15572,17287,32859
81,01,1310600,1,20260913,5488,368,0,0,0,223,0,4919,366,0,0,0,223,0,3,43.018587890624595,141.4801633,,,,,,,,,,,,,223,red,5856,5285,11141
81,07,1310610,1,20260913,51,5,0,0,0,0,0,48,3,0,0,0,0,0,3,43.124397040656135,143.671096,,,,,,,,,,,,,223,red,56,51,107
81,01,1310620,1,20260913,7563,433,0,0,0,0,0,9746,449,0,0,0,0,0,3,43.080001040643104,141.40691,,,,,,,,,,,,,223,red,7996,10195,18191
81,01,1310630,1,20260913,0,0,0,0,0,223,0,0,0,0,0,0,223,0,3,43.224602350684464,141.5421492,,,,,,,,,,,,,223,red,0,0,0
81,05,1310650,1,20260913,1,1,4944,0,0,212,0,4430,559,42,0,0,0,0,3,42.664068480506764,141.5956308,,,,,,,,,,,,,223,red,4946,5031,9977
81,08,1310660,1,20260913,2422,119,6,0,0,0,0,2568,137,3,0,0,0,0,3,43.98436947085019,143.5657163,,,,,,,,,,,,,223,red,2547,2708,5255
81,08,1310670,1,20260913,930,95,0,0,223,0,0,1217,160,0,0,223,0,0,3,43.93417044084193,144.7997993,,,,,,,,,,,,,223,red,1025,1377,2402
81,01,1310680,1,20260913,3896,143,0,0,0,0,0,3888,108,0,0,0,0,0,3,42.84334231056867,141.6642755,,,,,,,,,,,,,223,red,4039,3996,8035
81,06,1310690,1,20260913,2036,98,1,0,0,0,0,1935,108,2,0,0,0,0,3,43.048098520633566,144.4594431,,,,,,,,,,,,,223,red,2135,2045,4180
81,01,1310700,1,20260913,7553,327,0,0,0,0,0,7914,302,0,0,0,0,0,3,43.001297040619285,141.34856,,,,,,,,,,,,,223,red,7880,8216,16096
82,,2110010,1,20260913,5017,994,0,0,0,0,0,5385,342,0,0,0,0,0,3,37.110573456365614,140.1455465,,,,,,,,,,,,,228,red,6011,5727,11738
82,,2110017,1,20260913,14895,1008,0,0,0,0,0,14965,666,0,0,0,0,0,3,37.37338104665072,140.3483355,,,,,,,,,,,,,228,red,15903,15631,31534
82,,2110019,1,20260913,15893,1327,0,0,0,0,0,15370,1009,0,0,0,0,0,3,37.46431627674753,140.3769493,,,,,,,,,,,,,228,red,17220,16379,33599
82,,2110021,1,20260913,11305,880,91,0,0,0,0,10898,1170,35,0,228,0,0,3,37.606841446897334,140.4677635,,,,,,,,,,,,,228,red,12276,12103,24379
82,,2110030,1,20260913,15955,814,0,0,0,0,0,15990,662,0,0,0,0,0,3,37.73677529703182,140.4665726,,,,,,,,,,,,,228,red,16769,16652,33421
82,,2110040,1,20260913,10199,697,0,0,0,0,0,10102,541,0,0,0,0,0,3,37.807813217104496,140.4958221,,,,,,,,,,,,,228,red,10896,10643,21539
82,,2110050,1,20260913,5228,634,0,0,0,0,0,5122,531,0,0,0,0,0,3,37.90701278720498,140.5808128,,,,,,,,,,,,,228,red,5862,5653,11515
82,,2110055,1,20260913,9466,1011,0,0,0,0,0,9230,758,0,0,0,0,0,3,38.041138927338956,140.6498056,,,,,,,,,,,,,228,red,10477,9988,20465
82,,2110060,1,20260913,14741,1028,0,0,0,0,0,13778,752,0,0,0,0,0,3,38.085083367382396,140.8283056,,,,,,,,,,,,,228,red,15769,14530,30299
82,,2110062,1,20260913,2407,173,35,0,0,0,0,2362,136,32,0,0,0,0,3,39.659168038777906,141.92916800000003,,,,,,,,,,,,,228,red,2615,2530,5145
82,,2110063,1,20260913,1927,167,22,0,0,0,0,1839,129,58,0,0,0,0,3,39.73009903883322,141.960134,,,,,,,,,,,,,228,red,2116,2026,4142
82,,2110065,1,20260913,17944,672,0,0,0,0,0,17323,657,0,0,0,0,0,3,38.15208336744814,140.8853611,,,,,,,,,,,,,228,red,18616,17980,36596
82,,2110070,1,20260913,21303,861,0,0,0,0,0,21287,847,0,0,0,0,0,3,38.21891670751319,140.895,,,,,,,,,,,,,228,red,22164,22134,44298
82,,2110081,1,20260913,7925,132,0,0,0,0,0,0,0,0,0,0,0,0,3,38.340207037629824,140.883811,,,,,,,,,,,,,228,red,8057,0,8057
82,,2110090,1,20260913,7061,461,0,0,0,0,0,7714,281,0,0,0,0,0,3,38.61000803788275,140.98291900000004,,,,,,,,,,,,,228,red,7522,7995,15517
82,,2110091,1,20260913,3689,372,0,0,0,0,0,3579,267,0,0,0,0,0,3,38.834610038086325,141.085674,,,,,,,,,,,,,228,red,4061,3846,7907
82,,2110092,1,20260913,5925,348,0,0,0,0,0,5066,322,0,0,0,0,0,3,38.930416038171224,141.117432,,,,,,,,,,,,,228,red,6273,5388,11661
82,,2110093,1,20260913,5412,368,128,0,0,0,0,5296,316,88,0,0,0,0,3,39.003777838235415,141.1133766,,,,,,,,,,,,,228,red,5908,5700,11608
82,,2110095,1,20260913,4713,171,0,0,0,0,0,5019,148,0,0,0,0,0,3,39.166645038375485,141.142913,,,,,,,,,,,,,228,red,4884,5167,10051
82,,2110103,1,20260913,12620,519,0,0,0,0,0,13876,256,0,0,0,0,0,3,39.668019038784855,141.15759,,,,,,,,,,,,,228,red,13139,14132,27271
82,,2110106,1,20260913,11184,254,0,0,0,0,0,10875,299,0,0,0,0,0,3,39.70774803881587,141.165401,,,,,,,,,,,,,228,red,11438,11174,22612
82,,2110110,1,20260913,11179,417,0,0,0,0,0,10247,343,0,0,0,0,0,3,39.7581439588549,141.134491,,,,,,,,,,,,,228,red,11596,10590,22186
82,,2110120,1,20260913,3706,289,0,0,0,0,0,3963,264,0,0,0,0,0,3,40.24861199921695,141.2695885,,,,,,,,,,,,,228,red,3995,4227,8222
82,,2110121,1,20260913,2571,253,0,0,0,0,0,2955,184,0,0,0,0,0,3,40.33516094927743,141.2985134,,,,,,,,,,,,,228,red,2824,3139,5963
82,,2110129,1,20260913,3452,116,3,0,0,0,0,3698,144,6,0,0,0,0,3,40.60805264946136,141.26026802,,,,,,,,,,,,,228,red,3571,3848,7419
82,,2110130,1,20260913,0,0,5829,0,0,228,0,0,0,6010,0,0,228,0,3,40.65608164949267,141.19309457,,,,,,,,,,,,,228,red,5829,6010,11839
82,,2110132,1,20260913,3857,144,518,0,0,0,0,4704,147,74,0,0,0,0,3,40.683721049510524,141.17042319,,,,,,,,,,,,,228,red,4519,4925,9444
82,,2110140,1,20260913,7038,308,49,0,0,0,0,5950,97,9,0,0,0,0,3,40.89753341964514,140.86029133,,,,,,,,,,,,,226,red,7395,6056,13451
82,,2110143,1,20260913,5493,487,0,0,0,0,0,5299,381,0,0,0,0,0,3,39.946858248998055,141.2168884,,,,,,,,,,,,,228,red,5980,5680,11660
82,,2110144,1,20260913,4478,1773,0,0,228,0,0,6080,280,0,0,228,0,0,3,40.83532684960663,141.12935762,,,,,,,,,,,,,228,red,6251,6360,12611
82,,2110150,1,20260913,6377,602,0,0,0,0,0,6673,224,2,0,0,0,0,3,36.857960956084185,140.7891727,,,,,,,,,,,,,228,red,6979,6899,13878
82,,2110160,1,20260913,11110,1063,44,0,0,0,0,11195,758,74,0,0,0,0,3,36.92281008615712,140.8423448,,,,,,,,,,,,,228,red,12217,12027,24244
82,,2110161,1,20260913,7007,420,0,0,0,0,0,7088,309,0,0,0,0,0,3,37.03306503628002,140.911907,,,,,,,,,,,,,228,red,7427,7397,14824
82,,2110162,1,20260913,4510,324,0,0,0,0,0,4651,235,0,0,0,0,0,3,37.11549536637102,140.9974993,,,,,,,,,,,,,228,red,4834,4886,9720
82,,2110163,1,20260913,2265,364,0,0,0,0,0,2332,201,2,0,0,0,0,3,37.38527750666344,141.0086632,,,,,,,,,,,,,228,red,2629,2535,5164
82,,2110165,1,20260913,4841,359,39,0,0,0,0,5021,280,8,0,0,0,0,3,37.63270112692426,140.9856901,,,,,,,,,,,,,228,red,5239,5309,10548
82,,2110168,1,20260913,3490,393,0,0,0,0,0,3156,233,0,0,0,0,0,3,37.81498403711179,140.943249,,,,,,,,,,,,,228,red,3883,3389,7272
82,,2110170,1,20260913,2728,121,0,0,0,0,0,2458,115,0,0,0,0,0,3,37.89520971719308,140.9035528,,,,,,,,,,,,,228,red,2849,2573,5422
82,,2110173,1,20260913,8714,367,0,0,0,0,0,8519,281,0,0,0,0,0,3,37.094818366348264,140.9771016,,,,,,,,,,,,,228,red,9081,8800,17881
82,,2110180,1,20260913,5632,141,0,0,0,0,0,5358,137,0,0,0,0,0,3,38.064732037362305,140.859399,,,,,,,,,,,,,228,red,5773,5495,11268
82,,2110190,1,20260913,2898,417,0,0,0,0,0,2489,230,0,0,0,0,0,1,38.69140541795727,139.678824,,,,,,,,,,,,,228,red,3315,2719,6034
82,,2110191,1,20260913,3327,208,0,0,0,0,0,3642,176,0,0,0,0,0,3,38.96127130819829,139.8400569,,,,,,,,,,,,,228,red,3535,3818,7353
82,,2110192,1,20260913,7821,161,0,0,0,0,0,7486,190,0,0,0,0,0,3,38.794079918050066,139.83442430000002,,,,,,,,,,,,,228,red,7982,7676,15658
82,,2110193,1,20260913,8067,214,0,0,0,0,0,7810,187,0,0,0,0,0,3,38.787431758044086,139.8346764,,,,,,,,,,,,,228,red,8281,7997,16278
82,,2110194,1,20260913,1392,152,0,0,0,0,0,1732,178,0,0,0,0,0,3,38.69287924795862,139.6478605,,,,,,,,,,,,,228,red,1544,1910,3454
82,,2110195,1,20260913,1691,460,0,0,0,0,0,1987,310,0,0,0,0,0,3,38.61589808788817,139.5797968,,,,,,,,,,,,,228,red,2151,2297,4448
82,,2110196,1,20260913,7662,211,0,0,0,0,0,8131,214,0,0,0,0,0,3,38.83854814808984,139.8486963,,,,,,,,,,,,,228,red,7873,8345,16218
82,,2110197,1,20260913,2598,175,0,0,0,0,0,2737,144,0,0,0,0,0,3,38.71753625798101,139.7594082,,,,,,,,,,,,,228,red,2773,2881,5654
82,,2110198,1,20260913,4695,380,0,0,0,0,0,4733,264,0,0,0,0,0,3,38.71622198797982,139.7565651,,,,,,,,,,,,,228,red,5075,4997,10072
82,,2110199,1,20260913,2213,350,0,0,0,0,0,1887,224,0,0,0,0,0,1,38.60695292787995,139.5878005,,,,,,,,,,,,,228,red,2563,2111,4674
82,,2110201,1,20260913,2659,406,0,0,0,0,0,2356,233,0,0,0,0,0,1,38.666421037934484,139.623761,,,,,,,,,,,,,228,red,3065,2589,5654
82,,2110202,1,20260913,7479,310,0,0,0,0,0,7363,234,0,0,0,0,0,3,39.62387474875015,140.0681964,,,,,,,,,,,,,228,red,7789,7597,15386
82,,2110203,1,20260913,1550,67,0,0,0,0,0,1319,61,0,0,0,0,0,3,39.240899018438185,139.9362623,,,,,,,,,,,,,228,red,1617,1380,2997
82,,2110204,1,20260913,2926,344,0,0,0,0,0,3152,257,0,0,0,0,0,3,39.290490888479674,139.9747431,,,,,,,,,,,,,228,red,3270,3409,6679
82,,2110205,1,20260913,3600,359,0,0,0,0,0,3518,269,0,0,0,0,0,3,39.11912903833497,139.876447,,,,,,,,,,,,,228,red,3959,3787,7746
82,,2110208,1,20260913,8179,110,0,0,0,0,0,7459,104,0,0,0,0,0,3,39.38953603856155,140.030682,,,,,,,,,,,,,228,red,8289,7563,15852
82,,2110210,1,20260913,9245,282,0,0,0,0,0,10468,284,0,0,0,0,0,3,39.79539903888355,140.0622,,,,,,,,,,,,,228,red,9527,10752,20279
82,,2110212,1,20260913,5918,272,0,0,0,0,0,5959,287,0,0,0,0,0,3,39.718472038824196,140.083211,,,,,,,,,,,,,228,red,6190,6246,12436
82,,2110213,1,20260913,4112,74,0,0,0,0,0,3761,74,0,0,0,0,0,3,39.52539935867177,140.0518185,,,,,,,,,,,,,228,red,4186,3835,8021
82,,2110214,1,20260913,3805,126,0,0,0,0,0,3679,99,0,0,0,0,0,3,39.90494615896667,140.076382,,,,,,,,,,,,,228,red,3931,3778,7709
82,,2110215,1,20260913,2979,110,46,0,0,0,0,3193,88,10,0,0,0,0,3,40.067095039086766,140.067721,,,,,,,,,,,,,228,red,3135,3291,6426
82,,2110216,1,20260913,3353,280,252,0,0,0,0,4293,180,176,0,0,0,0,3,40.268120039230666,140.52780600000003,,,,,,,,,,,,,224,red,3885,4649,8534
82,,2110217,1,20260913,2878,264,155,0,0,0,0,2619,223,151,0,0,0,0,3,40.27305803923414,140.532178,,,,,,,,,,,,,225,red,3297,2993,6290
82,,2110218,1,20260913,6383,103,0,0,0,0,0,6073,79,0,0,0,0,0,3,40.190834039176,140.036139,,,,,,,,,,,,,228,red,6486,6152,12638
82,,2110219,1,20260913,1124,51,0,0,0,0,0,883,48,0,0,0,0,0,3,40.21531803919339,140.280482,,,,,,,,,,,,,228,red,1175,931,2106
82,,2110220,1,20260913,2313,247,3,0,0,0,0,2315,369,0,0,0,0,0,3,40.16185503915528,140.039381,,,,,,,,,,,,,228,red,2563,2684,5247
82,,2110221,1,20260913,3831,224,81,0,0,0,0,3678,168,6,0,0,0,0,3,40.20192503918389,140.151831,,,,,,,,,,,,,228,red,4136,3852,7988
82,,2110222,1,20260913,1127,104,0,0,0,0,0,1033,108,0,0,0,0,0,3,40.30719003925799,140.572683,,,,,,,,,,,,,228,red,1231,1141,2372
82,,2110229,1,20260913,4102,280,52,0,0,0,0,4555,261,100,0,0,0,0,3,40.230677039204274,140.489525,,,,,,,,,,,,,226,red,4434,4916,9350
82,,2110230,1,20260913,3007,178,4,0,0,0,0,2859,159,2,0,0,0,0,3,40.3821040393098,140.603544,,,,,,,,,,,,,224,red,3189,3020,6209
82,,2110231,1,20260913,3348,210,90,0,0,0,0,3328,173,99,0,0,0,0,3,40.461176699363655,140.6358415,,,,,,,,,,,,,228,red,3648,3600,7248
82,,2110232,1,20260913,2697,176,36,0,0,0,0,2862,154,48,0,0,0,0,3,40.199024039181815,140.383267,,,,,,,,,,,,,226,red,2909,3064,5973
82,,2110233,1,20260913,1869,260,0,0,0,0,0,1536,151,0,0,0,0,0,1,38.96155603819856,139.859806,,,,,,,,,,,,,228,red,2129,1687,3816
82,,2110234,1,20260913,4473,300,724,0,0,0,0,5642,463,347,0,0,0,0,3,40.57123242943714,140.52428552,,,,,,,,,,,,,228,red,5497,6452,11949
82,,2110235,1,20260913,10386,312,41,0,0,0,0,0,0,10631,0,0,228,0,3,40.60269692945784,140.49957539,,,,,,,,,,,,,228,red,10739,10631,21370
82,,2110236,1,20260913,1924,255,0,0,0,0,0,1764,157,0,0,0,0,0,1,39.00850003823954,139.856924,,,,,,,,,,,,,228,red,2179,1921,4100
82,,2110237,1,20260913,315,16,0,0,0,0,0,461,18,0,0,0,0,0,1,39.05087603827627,139.890254,,,,,,,,,,,,,228,red,331,479,810
82,,2110240,1,20260913,8690,300,16,0,0,0,0,2788,66,5187,0,0,228,0,3,40.65753935949361,140.50836074,,,,,,,,,,,,,228,red,9006,8041,17047
82,,2110249,1,20260913,7122,493,447,0,0,0,0,3968,276,467,0,228,228,0,3,40.831625089604316,140.66283564,,,,,,,,,,,,,228,red,8062,4711,12773
82,,2110250,1,20260913,9286,355,0,0,0,0,0,9418,583,0,0,0,0,0,3,40.767838829564255,140.59194915,,,,,,,,,,,,,228,red,9641,10001,19642
82,,2110251,1,20260913,11552,760,0,0,0,228,0,23276,2123,0,0,0,0,0,3,40.824380649599796,140.7354641,,,,,,,,,,,,,228,red,12312,25399,37711
82,,2110252,1,20260913,6363,435,3,0,0,0,0,0,0,6105,0,0,221,0,3,40.80222556958593,140.69781704,,,,,,,,,,,,,221,red,6801,6105,12906
82,,2110253,1,20260913,4398,209,69,0,0,0,0,3917,203,83,0,0,0,0,3,40.82364700959935,140.81040657,,,,,,,,,,,,,228,red,4676,4203,8879
82,,2110255,1,20260913,0,0,0,0,0,0,0,0,0,0,0,0,0,0,3,40.797368279582884,140.73499562,,,,,,,,,,,,,228,red,0,0,0
82,,2110256,1,20260913,7215,240,47,0,0,0,0,0,0,0,0,0,0,0,3,40.79545531958167,140.74908182,,,,,,,,,,,,,228,red,7502,0,7502
82,,2110258,1,20260913,2884,62,34,0,0,0,0,3108,78,49,0,0,0,0,3,40.26361114922749,140.42944444,,,,,,,,,,,,,228,red,2980,3235,6215
82,,2110260,1,20260913,8784,222,0,0,0,0,0,8697,216,0,0,0,0,0,3,37.766077747061864,140.4643813,,,,,,,,,,,,,228,red,9006,8913,17919
82,,2110270,1,20260913,784,27,3,0,0,0,0,704,7,34,0,0,59,0,3,37.82286602711981,140.2786356,,,,,,,,,,,,,228,red,814,745,1559
82,,2110271,1,20260913,4889,814,0,0,0,0,0,4392,320,0,0,0,0,0,3,37.89655074719443,140.1500818,,,,,,,,,,,,,228,red,5703,4712,10415
82,,2110272,1,20260913,3946,773,0,0,0,0,0,3491,309,0,0,0,0,0,3,37.92749748722557,140.13487,,,,,,,,,,,,,228,red,4719,3800,8519
82,,2110280,1,20260913,6874,391,0,0,0,0,0,6560,206,0,0,0,0,0,3,37.99971367729781,140.14494900000003,,,,,,,,,,,,,228,red,7265,6766,14031
82,,2110290,1,20260913,9639,527,0,0,0,0,0,9024,379,0,0,0,0,0,3,38.13022203742675,140.241028,,,,,,,,,,,,,228,red,10166,9403,19569
82,,2110291,1,20260913,9578,521,0,0,0,0,0,9740,382,0,0,0,0,0,3,38.159814097455694,140.3001308,,,,,,,,,,,,,228,red,10099,10122,20221
82,,2110292,1,20260913,9464,530,0,0,0,0,0,8487,335,0,0,0,0,0,3,38.10297203739999,140.207083,,,,,,,,,,,,,228,red,9994,8822,18816
82,,2110294,1,20260913,2570,96,0,0,0,0,0,2581,97,0,0,0,0,0,3,37.767613677063444,140.8648291,,,,,,,,,,,,,228,red,2666,2678,5344
82,,2110295,1,20260913,2694,92,0,0,0,0,0,2777,100,0,0,0,0,0,3,37.75423885704973,140.7090153,,,,,,,,,,,,,228,red,2786,2877,5663
82,,2110296,1,20260913,3009,116,0,0,0,0,0,3163,119,0,0,0,0,0,3,37.75978319705542,140.5958156,,,,,,,,,,,,,228,red,3125,3282,6407
82,,2110297,1,20260913,2350,87,0,0,0,0,0,2711,113,0,0,0,0,0,3,37.78113503707728,140.573819,,,,,,,,,,,,,228,red,2437,2824,5261
82,,2110298,1,20260913,2355,118,0,0,0,0,0,2784,179,0,0,0,0,0,3,37.81669203711354,140.530266,,,,,,,,,,,,,228,red,2473,2963,5436
82,,2110299,1,20260913,1887,127,0,0,0,0,0,2121,213,0,0,0,0,0,3,37.83294203713006,140.49615,,,,,,,,,,,,,228,red,2014,2334,4348
82,,2110300,1,20260913,4041,775,0,0,0,0,0,3609,293,0,0,0,0,0,1,37.79582169709228,140.4130094,,,,,,,,,,,,,228,red,4816,3902,8718
82,,2110301,1,20260913,6079,924,0,0,0,0,0,5677,362,0,0,0,0,0,3,37.8687824871664,140.2279023,,,,,,,,,,,,,228,red,7003,6039,13042
82,,2110305,1,20260913,13989,629,0,0,0,0,0,14480,548,0,0,0,0,0,3,38.32857829761873,140.3671432,,,,,,,,,,,,,228,red,14618,15028,29646
82,,2110307,1,20260913,5215,80,0,0,0,0,0,7715,196,0,0,0,0,0,3,38.48098003776293,140.382831,,,,,,,,,,,,,228,red,5295,7911,13206
82,,2110308,1,20260913,8141,707,0,0,0,0,0,7407,405,0,0,0,0,0,1,38.56969403784554,140.401333,,,,,,,,,,,,,228,red,8848,7812,16660
82,,2110309,1,20260913,5973,571,0,0,0,0,0,4652,285,0,0,0,0,0,1,38.42500003771029,140.352222,,,,,,,,,,,,,228,red,6544,4937,11481
82,,2110310,1,20260913,4463,116,0,0,0,0,0,4740,102,0,0,0,0,0,3,38.57581640785121,140.403707,,,,,,,,,,,,,228,red,4579,4842,9421
82,,2110311,1,20260913,8393,700,0,0,0,0,0,7415,397,0,0,0,0,0,1,38.5505555978278,140.3888889,,,,,,,,,,,,,228,red,9093,7812,16905
82,,2110312,1,20260913,7945,654,0,0,0,0,0,7462,387,0,0,0,0,0,3,38.618265997890354,140.3838155,,,,,,,,,,,,,228,red,8599,7849,16448
82,,2110313,1,20260913,8688,701,0,0,0,0,0,8859,457,0,0,0,0,0,3,38.676631947943804,140.3212881,,,,,,,,,,,,,228,red,9389,9316,18705
82,,2110314,1,20260913,8306,694,0,0,0,0,0,8356,430,0,0,0,0,0,3,38.71993903798319,140.308757,,,,,,,,,,,,,228,red,9000,8786,17786
82,,2110315,1,20260913,3374,76,0,0,0,0,0,3627,64,0,0,0,0,0,3,38.8033716780584,140.3206605,,,,,,,,,,,,,228,red,3450,3691,7141
82,,2110316,1,20260913,3439,414,0,0,0,0,0,2794,183,0,0,0,0,0,3,38.74947203800992,140.290833,,,,,,,,,,,,,228,red,3853,2977,6830
82,,2110317,1,20260913,2157,347,0,0,0,0,0,2380,185,0,0,0,0,0,3,38.923639038165255,140.334806,,,,,,,,,,,,,228,red,2504,2565,5069
82,,2110318,1,20260913,2057,329,0,0,0,0,0,2452,188,0,0,0,0,0,3,38.94673520818555,140.3547943,,,,,,,,,,,,,228,red,2386,2640,5026
82,,2110319,1,20260913,2842,287,44,0,0,0,0,3044,182,59,0,0,0,0,3,39.072178338294655,140.4714918,,,,,,,,,,,,,228,red,3173,3285,6458
82,,2110320,1,20260913,3104,285,38,0,0,0,0,3293,192,52,0,0,0,0,3,39.11258080832936,140.486598,,,,,,,,,,,,,228,red,3427,3537,6964
82,,2110321,1,20260913,4721,163,0,0,0,0,0,4391,127,0,0,0,0,0,3,39.181412318388,140.4959965,,,,,,,,,,,,,228,red,4884,4518,9402
82,,2110322,1,20260913,2036,54,12,0,0,0,0,2035,19,119,0,0,0,0,3,39.1455093483575,140.4912436,,,,,,,,,,,,,228,red,2102,2173,4275
82,,2110324,1,20260913,1455,232,0,0,0,0,0,25,101,0,0,0,0,0,3,39.046668898272635,140.4131154,,,,,,,,,,,,,228,red,1687,126,1813
82,,2110325,1,20260913,7342,649,0,0,0,0,0,6158,355,0,0,0,0,0,1,38.463333037746374,140.3575,,,,,,,,,,,,,228,red,7991,6513,14504
82,,2110326,1,20260913,7996,656,0,0,0,0,0,6983,387,0,0,0,0,0,1,38.49944403778021,140.370833,,,,,,,,,,,,,228,red,8652,7370,16022
82,,2110327,1,20260913,6965,172,0,0,0,0,0,6454,177,0,0,0,0,0,3,39.249316578445246,140.5351192,,,,,,,,,,,,,228,red,7137,6631,13768
82,,2110328,1,20260913,2300,353,0,0,0,0,0,2271,180,0,0,0,0,0,3,38.78089403803823,140.293372,,,,,,,,,,,,,228,red,2653,2451,5104
82,,2110335,1,20260913,4963,402,1588,0,0,125,0,6607,549,390,0,0,0,0,3,39.45464609861468,140.4982871,,,,,,,,,,,,,228,red,6953,7546,14499
82,,2110337,1,20260913,4373,149,0,0,0,0,0,4604,152,3,0,0,0,0,3,39.56556981870389,140.3349352,,,,,,,,,,,,,228,red,4522,4759,9281
82,,2110340,1,20260913,9540,515,0,0,0,0,0,9581,406,0,0,0,0,0,3,39.66778703878465,140.165768,,,,,,,,,,,,,228,red,10055,9987,20042
82,,2110350,1,20260913,12318,600,0,0,0,0,0,11762,714,0,0,0,0,0,3,38.27013892756266,140.95175,,,,,,,,,,,,,228,red,12918,12476,25394
82,,2110352,1,20260913,15071,942,17,0,0,0,0,14388,712,189,0,0,0,0,3,38.425472257710744,141.1867778,,,,,,,,,,,,,228,red,16030,15289,31319
82,,2110353,1,20260913,14622,970,170,0,0,0,0,14279,706,297,0,0,0,0,3,38.43294447771779,141.2090556,,,,,,,,,,,,,228,red,15762,15282,31044
82,,2110354,1,20260913,12859,700,186,0,0,0,0,12679,522,166,0,0,0,0,3,38.442000037726324,141.2525833,,,,,,,,,,,,,228,red,13745,13367,27112
82,,2110355,1,20260913,11089,654,285,0,0,0,0,10789,472,116,0,0,0,0,3,38.48202781776391,141.2923889,,,,,,,,,,,,,228,red,12028,11377,23405
82,,2110357,1,20260913,9866,618,96,0,0,0,0,9530,459,93,0,0,0,0,3,38.50430559778474,141.2861944,,,,,,,,,,,,,228,red,10580,10082,20662
82,,2110358,1,20260913,7915,574,75,0,0,0,0,7716,415,67,0,0,0,0,3,38.590638927864894,141.27905560000002,,,,,,,,,,,,,228,red,8564,8198,16762
82,,2110359,1,20260913,7306,567,74,0,0,0,0,7256,389,40,0,0,0,0,3,38.61066670788337,141.2839722,,,,,,,,,,,,,228,red,7947,7685,15632
82,,2110360,1,20260913,5136,42,0,0,0,0,0,5205,58,0,0,0,0,0,3,38.429333367714385,141.2390278,,,,,,,,,,,,,228,red,5178,5263,10441
82,,2110361,1,20260913,4124,65,0,0,0,0,0,4406,63,0,0,0,0,0,3,38.891555598136925,141.55625,,,,,,,,,,,,,228,red,4189,4469,8658
82,,2110362,1,20260913,5671,447,77,0,0,0,0,5652,318,45,0,0,0,0,3,38.696083367961535,141.2831389,,,,,,,,,,,,,228,red,6195,6015,12210
82,,2110363,1,20260913,12585,689,127,0,0,0,0,11442,488,115,0,0,0,0,3,38.456555597740014,141.2745,,,,,,,,,,,,,228,red,13401,12045,25446
82,,2110364,1,20260913,4142,285,9,0,0,0,0,4206,214,23,0,0,0,0,3,38.95011114818852,141.6280556,,,,,,,,,,,,,228,red,4436,4443,8879
82,,2110365,1,20260913,2565,43,0,0,0,0,0,2685,60,0,0,0,0,0,3,38.91955303816165,141.571364,,,,,,,,,,,,,228,red,2608,2745,5353
82,,2110366,1,20260913,5219,440,111,0,0,0,0,5186,336,126,0,0,0,0,3,38.71113892797521,141.3101667,,,,,,,,,,,,,228,red,5770,5648,11418
82,,2110367,1,20260913,4205,265,64,1,0,0,0,4315,197,93,1,0,0,0,3,39.02656869825523,141.6974974,,,,,,,,,,,,,228,red,4534,4605,9139
82,,2110368,1,20260913,5272,423,64,0,0,0,0,5253,304,47,0,0,0,0,3,38.70219447796709,141.3930833,,,,,,,,,,,,,228,red,5759,5604,11363
82,,2110370,1,20260913,3143,80,0,0,0,0,0,3555,75,0,0,0,0,0,3,39.059216658283475,141.7193842,,,,,,,,,,,,,228,red,3223,3630,6853
82,,2110371,1,20260913,2489,202,30,0,0,0,0,2736,156,11,0,0,0,0,3,39.074077398296275,141.7034197,,,,,,,,,,,,,228,red,2721,2903,5624
82,,2110372,1,20260913,2636,241,0,0,0,0,0,2485,193,0,0,0,0,0,3,39.125195598340156,141.7347157,,,,,,,,,,,,,228,red,2877,2678,5555
82,,2110373,1,20260913,3590,239,0,0,0,0,0,3537,171,0,0,0,0,0,3,39.12205355833746,141.7899934,,,,,,,,,,,,,228,red,3829,3708,7537
82,,2110374,1,20260913,2802,249,0,0,0,0,0,3172,219,0,0,0,0,0,3,39.03121932825926,141.6337144,,,,,,,,,,,,,228,red,3051,3391,6442
82,,2110379,1,20260913,2563,338,177,0,0,0,0,2576,153,198,0,0,0,0,3,39.14893559836042,141.8295097,,,,,,,,,,,,,228,red,3078,2927,6005
82,,2110380,1,20260913,2806,47,0,0,0,0,0,3339,35,0,0,0,0,0,3,39.29661287848477,141.8836641,,,,,,,,,,,,,228,red,2853,3374,6227
82,,2110381,1,20260913,4364,396,151,0,0,0,0,4311,319,208,0,0,0,0,3,38.69052781795646,141.4270556,,,,,,,,,,,,,228,red,4911,4838,9749
82,,2110382,1,20260913,4860,409,74,0,0,0,0,4820,297,94,0,0,0,0,3,38.70547225797006,141.4960833,,,,,,,,,,,,,228,red,5343,5211,10554
82,,2110383,1,20260913,4287,241,41,0,0,0,0,4175,178,40,0,0,0,0,3,39.32251283850628,141.8802524,,,,,,,,,,,,,228,red,4569,4393,8962
82,,2110384,1,20260913,4575,372,84,0,0,0,0,4801,284,116,0,0,0,0,3,38.81825003807172,141.5580556,,,,,,,,,,,,,228,red,5031,5201,10232
82,,2110387,1,20260913,53,18,3148,0,0,0,0,3297,148,44,0,0,0,0,3,39.59193303872486,141.940478,,,,,,,,,,,,,228,red,3219,3489,6708
82,,2110389,1,20260913,1969,172,26,0,0,0,0,1957,131,29,0,0,0,0,3,39.8199300389023,141.96138,,,,,,,,,,,,,228,red,2167,2117,4284
82,,2110392,1,20260913,2049,177,33,0,0,0,0,2091,136,27,0,0,0,0,3,39.836270038914755,141.96038,,,,,,,,,,,,,228,red,2259,2254,4513
82,,2110393,1,20260913,1483,219,0,0,0,0,0,1540,167,0,0,0,0,0,3,39.87071503894088,141.94008,,,,,,,,,,,,,228,red,1702,1707,3409
82,,2110394,1,20260913,4940,367,52,0,0,0,0,5119,275,134,0,0,0,0,3,38.86638892811462,141.5685833,,,,,,,,,,,,,228,red,5359,5528,10887
82,,2110396,1,20260913,87,14,0,0,0,202,1,107,8,0,0,0,228,1,3,39.93351162898809,141.8457699,,,,,,,,,,,,,228,red,101,115,216
82,,2110397,1,20260913,1335,176,0,0,0,0,1,1448,139,0,0,0,0,1,3,39.9934900390327,141.881411,,,,,,,,,,,,,228,red,1511,1587,3098
82,,2110401,1,20260913,2757,253,34,0,0,0,0,2971,194,33,0,0,0,0,3,39.029891708258106,141.6224,,,,,,,,,,,,,228,red,3044,3198,6242
82,,2110402,1,20260913,1904,51,0,0,0,0,0,1826,38,0,0,0,0,0,3,40.414361969331864,141.7051792,,,,,,,,,,,,,228,red,1955,1864,3819
82,,2110403,1,20260913,2743,195,38,0,0,0,0,2850,152,59,0,0,0,0,3,39.15806392836817,141.8413306,,,,,,,,,,,,,228,red,2976,3061,6037
82,,2110404,1,20260913,10153,211,8,0,0,0,0,9501,213,20,0,0,0,0,3,40.50576550939362,141.53235261,,,,,,,,,,,,,228,red,10372,9734,20106
82,,2110405,1,20260913,11065,268,42,0,0,0,0,9830,302,23,0,0,0,0,3,40.528900439409064,141.46412799,,,,,,,,,,,,,228,red,11375,10155,21530
82,,2110407,1,20260913,2918,171,1,0,0,0,0,3039,127,45,0,0,0,0,3,40.481786839377534,141.5376989,,,,,,,,,,,,,228,red,3090,3211,6301
82,,2110408,1,20260913,8290,255,83,0,0,0,0,8109,250,58,0,0,0,0,3,40.5637364594322,141.43539327,,,,,,,,,,,,,228,red,8628,8417,17045
82,,2110409,1,20260913,2763,206,45,0,0,0,0,2985,163,44,0,0,0,0,3,39.24333336844022,141.8452778,,,,,,,,,,,,,228,red,3014,3192,6206
82,,2110410,1,20260913,3712,167,34,0,0,0,0,3915,186,27,0,0,0,0,3,40.47949102937599,141.58069836,,,,,,,,,,,,,228,red,3913,4128,8041
82,,2110412,1,20260913,4517,304,57,0,0,0,0,3862,247,62,0,0,0,0,3,40.66162803949626,141.324363,,,,,,,,,,,,,228,red,4878,4171,9049
82,,2110413,1,20260913,5915,371,133,0,0,0,0,4959,273,281,0,0,0,0,3,40.675139039505,141.304575,,,,,,,,,,,,,228,red,6419,5513,11932
82,,2110414,1,20260913,9632,587,0,0,0,0,0,8664,577,0,0,0,0,0,3,39.699724768809624,141.0544968,,,,,,,,,,,,,228,red,10219,9241,19460
82,,2110415,1,20260913,5209,237,0,0,0,0,0,4862,203,0,0,0,0,0,3,39.69160156880328,141.008749,,,,,,,,,,,,,228,red,5446,5065,10511
82,,2110416,1,20260913,3277,214,9,0,0,0,0,2872,197,9,0,0,0,0,3,39.70020353880998,140.8836508,,,,,,,,,,,,,228,red,3500,3078,6578
82,,2110417,1,20260913,1139,108,0,0,0,0,0,234,82,0,0,0,0,0,3,40.47147403937059,141.474002,,,,,,,,,,,,,228,red,1247,316,1563
82,,2110418,1,20260913,4301,269,46,0,0,0,0,4544,201,42,0,0,0,0,3,39.260555598454665,141.8394444,,,,,,,,,,,,,228,red,4616,4787,9403
82,,2110419,1,20260913,3439,230,55,0,0,0,0,3279,159,48,0,0,0,0,3,39.288333368477865,141.8633333,,,,,,,,,,,,,228,red,3724,3486,7210
82,,2110421,1,20260913,3258,223,46,0,0,0,0,3154,157,44,0,0,0,0,3,39.366111148542295,141.9044444,,,,,,,,,,,,,228,red,3527,3355,6882
82,,2110422,1,20260913,3236,217,56,0,0,0,0,3175,148,53,0,0,0,0,3,39.36731670854329,141.8911806,,,,,,,,,,,,,228,red,3509,3376,6885
82,,2110423,1,20260913,3124,185,2,0,0,0,0,3146,156,0,0,0,0,0,3,40.22921103920324,141.7800234,,,,,,,,,,,,,228,red,3311,3302,6613
82,,2110424,1,20260913,2023,185,0,0,0,0,0,2274,158,0,0,0,0,0,3,39.601276038732266,140.551915,,,,,,,,,,,,,228,red,2208,2432,4640
82,,2110432,1,20260913,1330,135,0,0,0,0,0,1239,125,0,0,0,0,0,3,38.73755603799914,140.598389,,,,,,,,,,,,,228,red,1465,1364,2829
82,,2110435,1,20260913,5230,414,0,0,0,0,0,4926,327,0,0,0,0,0,3,38.74138978800262,140.2831578,,,,,,,,,,,,,228,red,5644,5253,10897
82,,2110436,1,20260913,4878,406,0,0,0,0,0,4218,294,0,0,0,0,0,3,38.74416703800512,140.259722,,,,,,,,,,,,,228,red,5284,4512,9796
82,,2110437,1,20260913,5258,359,0,0,0,0,0,4849,278,0,0,0,0,0,3,38.73663903799832,140.168833,,,,,,,,,,,,,228,red,5617,5127,10744
82,,2110438,1,20260913,5034,350,0,0,0,0,0,4322,274,0,0,0,0,0,3,38.745210838006074,140.2326227,,,,,,,,,,,,,228,red,5384,4596,9980
82,,2110440,1,20260913,5157,405,0,0,0,0,1,5272,338,0,0,0,0,1,3,38.78155241803881,140.0267226,,,,,,,,,,,,,228,red,5562,5610,11172
82,,2110445,1,20260913,14396,403,0,0,0,0,0,14484,469,0,0,0,0,0,3,38.26502503755774,140.79343300000002,,,,,,,,,,,,,228,red,14799,14953,29752
82,,2110450,1,20260913,5595,301,0,0,0,0,0,5259,313,0,0,0,0,0,3,38.391999797679084,140.5672252,,,,,,,,,,,,,228,red,5896,5572,11468
82,,2110451,1,20260913,4291,161,0,0,0,0,0,4275,100,0,0,0,0,0,3,38.877650438124604,139.8869442,,,,,,,,,,,,,228,red,4452,4375,8827
82,,2110452,1,20260913,6355,163,0,0,0,34,0,6469,198,0,0,0,0,0,3,38.901543148145755,139.8723154,,,,,,,,,,,,,228,red,6518,6667,13185
82,,2110453,1,20260913,314,24,0,0,0,0,0,317,29,0,0,0,0,0,3,38.90368057814766,139.8668909,,,,,,,,,,,,,228,red,338,346,684
82,,2110454,1,20260913,5015,210,0,0,0,0,0,5010,122,0,0,0,0,0,3,38.87364379812106,139.886117,,,,,,,,,,,,,228,red,5225,5132,10357
82,,2110455,1,20260913,5905,242,0,0,0,0,0,4647,255,0,0,0,0,0,3,37.062925546313075,140.8516252,,,,,,,,,,,,,228,red,6147,4902,11049
82,,2110456,1,20260913,4099,165,0,0,0,0,0,3968,99,0,0,0,0,0,3,38.85157810810144,139.8908657,,,,,,,,,,,,,228,red,4264,4067,8331
82,,2110457,1,20260913,3062,177,0,0,0,0,0,3039,115,0,0,0,0,0,3,38.831843418083864,139.9098858,,,,,,,,,,,,,228,red,3239,3154,6393
82,,2110460,1,20260913,3899,144,0,0,0,0,0,3407,164,0,0,0,0,0,3,37.11000003636498,140.7641667,,,,,,,,,,,,,228,red,4043,3571,7614
82,,2110464,1,20260913,3127,140,3,0,0,0,0,2689,166,128,0,0,0,0,3,37.31106211658384,140.4823494,,,,,,,,,,,,,228,red,3270,2983,6253
82,,2110465,1,20260913,5861,250,0,0,0,0,0,5695,261,0,0,0,0,0,3,37.33970064661463,140.406585,,,,,,,,,,,,,228,red,6111,5956,12067
82,,2110470,1,20260913,5214,194,0,0,0,0,0,4721,196,0,0,0,0,0,3,37.49456687677952,140.2463901,,,,,,,,,,,,,228,red,5408,4917,10325
82,,2110472,1,20260913,1381,166,0,0,0,0,0,1349,127,0,0,0,0,0,3,37.65080306694305,139.5936209,,,,,,,,,,,,,228,red,1547,1476,3023
82,,2110473,1,20260913,6056,356,0,0,0,0,0,6287,283,0,0,0,0,0,3,37.548570346836364,139.9683643,,,,,,,,,,,,,228,red,6412,6570,12982
82,,2110474,1,20260913,4872,186,0,0,0,0,0,4935,156,0,0,0,0,0,3,37.55735328684558,139.8550022,,,,,,,,,,,,,228,red,5058,5091,10149
82,,2110477,1,20260913,5095,143,5,0,0,0,0,4816,171,6,0,0,0,0,3,40.48458321937942,141.42701414,,,,,,,,,,,,,228,red,5243,4993,10236
82,,2110478,1,20260913,2460,62,0,0,0,0,0,2492,87,0,0,0,0,0,3,38.52642903780538,141.156619,,,,,,,,,,,,,228,red,2522,2579,5101
82,,2110479,1,20260913,3437,108,0,0,0,0,0,3305,133,0,0,0,0,0,3,38.556163037833,141.069142,,,,,,,,,,,,,228,red,3545,3438,6983
82,,2110480,1,20260913,5550,81,0,0,0,0,0,5148,98,0,0,0,0,0,3,38.570337037846144,140.982089,,,,,,,,,,,,,228,red,5631,5246,10877
82,,2110481,1,20260913,2260,372,0,0,0,0,0,2479,181,0,0,0,0,0,3,39.036923848264195,140.3899339,,,,,,,,,,,,,228,red,2632,2660,5292
82,,2110482,1,20260913,5743,267,7,0,0,0,0,5776,212,0,0,0,0,0,3,39.363397818540065,140.5656534,,,,,,,,,,,,,228,red,6017,5988,12005
82,,2110485,1,20260913,9155,185,0,0,0,0,0,9332,185,0,0,0,0,0,3,38.33956088762922,140.2816558,,,,,,,,,,,,,228,red,9340,9517,18857
82,,2110488,1,20260913,2472,96,0,0,0,0,0,2001,78,0,0,0,0,0,3,38.4566470377401,140.032103,,,,,,,,,,,,,228,red,2568,2079,4647
82,,2110491,1,20260913,3846,344,0,0,0,0,0,3594,275,0,0,0,0,0,3,38.58079848785582,139.9398136,,,,,,,,,,,,,228,red,4190,3869,8059
82,,2110500,1,20260913,3163,285,0,0,0,0,0,3056,247,0,0,0,0,0,3,38.046173177343945,139.7837305,,,,,,,,,,,,,228,red,3448,3303,6751
82,,2110501,1,20260913,2889,284,0,0,0,0,0,2996,234,0,0,0,0,0,3,38.0753590373728,139.72116,,,,,,,,,,,,,228,red,3173,3230,6403
82,,2110502,1,20260913,2397,211,0,0,0,0,0,2579,263,0,0,0,0,0,3,38.04606303734383,140.051715,,,,,,,,,,,,,228,red,2608,2842,5450
82,,2110503,1,20260913,3647,228,0,0,0,0,0,3523,227,0,0,0,0,0,3,38.044627037342416,140.064483,,,,,,,,,,,,,228,red,3875,3750,7625
82,,2110504,1,20260913,3391,262,0,0,0,0,0,3534,285,0,0,0,0,0,3,38.04518462734297,140.1366019,,,,,,,,,,,,,228,red,3653,3819,7472
82,,2110510,1,20260913,4206,257,0,0,0,0,0,3829,248,0,0,0,0,0,3,38.02769263732563,140.1668358,,,,,,,,,,,,,228,red,4463,4077,8540
82,,2110519,1,20260913,2630,101,32,0,0,0,0,2644,78,20,0,0,0,0,3,39.25195903844747,141.77938700000004,,,,,,,,,,,,,228,red,2763,2742,5505
82,,2110520,1,20260913,3354,94,37,0,0,0,0,3081,114,28,0,0,0,0,3,39.24514978844176,141.7423439,,,,,,,,,,,,,228,red,3485,3223,6708
82,,2110521,1,20260913,3378,117,0,0,0,0,0,3186,134,0,0,0,0,0,3,39.246448038442836,141.63560000000004,,,,,,,,,,,,,228,red,3495,3320,6815
82,,2110531,1,20260913,3395,146,0,0,0,0,0,3596,127,0,0,0,0,0,1,39.32515718850848,141.4883819,,,,,,,,,,,,,228,red,3541,3723,7264
82,,2110540,1,20260913,4415,189,0,0,0,0,0,4604,191,0,0,0,0,0,1,39.28807706847765,141.3475227,,,,,,,,,,,,,228,red,4604,4795,9399
82,,2110541,1,20260913,2214,97,0,0,0,0,0,2230,111,0,0,0,0,0,1,39.314345428499514,141.2615204,,,,,,,,,,,,,228,red,2311,2341,4652
82,,2110542,1,20260913,2484,107,0,0,0,0,0,2433,93,0,0,0,0,0,3,39.283375038473736,141.5516694,,,,,,,,,,,,,228,red,2591,2526,5117
82,,2110552,1,20260913,4492,397,92,0,0,0,0,4619,287,50,0,0,0,0,3,38.75991670801934,141.5025278,,,,,,,,,,,,,228,red,4981,4956,9937
82,,2110553,1,20260913,4971,383,86,0,0,0,0,5379,277,94,0,0,0,0,3,38.80716670806179,141.54275,,,,,,,,,,,,,228,red,5440,5750,11190
82,,2110554,1,20260913,3831,273,40,0,0,0,0,3935,190,45,0,0,0,0,3,38.96347225820022,141.6241944,,,,,,,,,,,,,228,red,4144,4170,8314
82,,2110555,1,20260913,2310,190,36,0,0,0,0,2481,146,41,0,0,0,0,3,39.21138892841335,141.865,,,,,,,,,,,,,228,red,2536,2668,5204
82,,2110556,1,20260913,4735,346,81,0,0,0,0,4334,265,184,0,0,0,0,3,38.8781944781251,141.5846444,,,,,,,,,,,,,228,red,5162,4783,9945
82,,2110557,1,20260913,1231,203,218,0,0,0,0,779,71,137,0,0,0,0,3,38.789722258046154,141.5180556,,,,,,,,,,,,,228,red,1652,987,2639
82,,2110558,1,20260913,3369,269,89,0,0,0,0,3248,190,63,0,0,0,0,3,38.88277803812915,141.585833,,,,,,,,,,,,,228,red,3727,3501,7228
82,,2110559,1,20260913,4253,336,157,0,0,0,0,3863,313,150,0,0,0,0,3,38.925278038166695,141.6025,,,,,,,,,,,,,228,red,4746,4326,9072
82,,2110560,1,20260913,856,107,120,0,0,0,0,1545,134,165,0,0,0,0,3,38.89750003814219,141.595,,,,,,,,,,,,,228,red,1083,1844,2927
82,,2110561,1,20260913,3311,245,170,0,0,0,0,221,40,90,0,0,0,0,3,38.91750003815984,141.591944,,,,,,,,,,,,,228,red,3726,351,4077
82,,2110604,1,20260913,2090,166,385,0,0,0,0,2619,144,112,0,0,0,0,3,40.1607780391545,141.767278,,,,,,,,,,,,,228,red,2641,2875,5516
82,,2112104,1,20260913,4760,372,8,0,0,0,0,3756,283,357,0,0,0,0,3,40.733783919542624,141.20798154,,,,,,,,,,,,,228,red,5140,4396,9536
82,,2120001,1,20260913,6137,214,0,0,0,0,0,5986,332,0,0,0,0,0,3,40.75045198955322,140.54906872,,,,,,,,,,,,,228,red,6351,6318,12669
82,,2120005,1,20260913,5806,168,72,0,0,0,0,5732,129,68,0,0,0,0,3,40.79249892957982,140.48972552,,,,,,,,,,,,,228,red,6046,5929,11975
82,,2120010,1,20260913,3672,113,46,0,0,0,0,3711,92,67,0,0,0,0,3,40.81212879959214,140.47707546,,,,,,,,,,,,,228,red,3831,3870,7701
82,,2120015,1,20260913,2937,93,0,0,0,0,0,2718,76,0,0,0,0,0,3,40.82729603960163,140.4413,,,,,,,,,,,,,228,red,3030,2794,5824
82,,2120020,1,20260913,533,45,0,0,0,0,0,2195,58,0,0,0,0,0,3,40.78380703957434,140.261545,,,,,,,,,,,,,228,red,578,2253,2831
82,,2310200,1,20260913,11089,402,0,0,0,0,0,10720,433,0,0,0,0,0,3,39.70615403881462,140.09793,,,,,,,,,,,,,228,red,11491,11153,22644
82,,2312101,1,20260913,5579,433,0,0,0,0,0,4947,316,0,0,0,0,0,3,40.70834700952637,141.24477593,,,,,,,,,,,,,228,red,6012,5263,11275
82,,2312102,1,20260913,5589,365,0,0,0,0,0,4822,315,0,0,0,0,0,3,40.725233449537164,141.22804347,,,,,,,,,,,,,228,red,5954,5137,11091
82,,2312103,1,20260913,2918,94,0,0,0,0,0,2969,108,0,0,0,0,0,3,37.77535545707135,140.7514008,,,,,,,,,,,,,228,red,3012,3077,6089
83,,3110010,1,20260913,10951,572,898,0,0,0,0,11685,515,1178,0,0,0,0,3,35.58550262456253,139.7049058,,,,,,,,,,,,,228,red,12421,13378,25799
83,,3110020,1,20260913,21972,1464,1021,0,0,0,0,23002,1257,972,0,0,0,0,3,35.37938903430058,139.509906,,,,,,,,,,,,,228,red,24457,25231,49688
83,,3110030,1,20260913,5805,129,430,0,0,0,0,6206,163,422,0,0,0,0,3,35.30798103420886,139.30775,,,,,,,,,,,,,228,red,6364,6791,13155
83,,3110040,1,20260913,8548,666,0,0,0,0,0,7426,338,0,0,0,0,0,3,35.24085503412222,139.123519,,,,,,,,,,,,,228,red,9214,7764,16978
83,,3110050,1,20260913,15316,2700,722,0,0,0,0,14768,1627,336,0,0,0,0,3,36.238458295364495,139.8048878,,,,,,,,,,,,,228,red,18738,16731,35469
83,,3110060,1,20260913,23950,2189,479,0,0,0,0,25819,1517,434,0,0,0,0,3,36.51217142568756,139.9177551,,,,,,,,,,,,,228,red,26618,27770,54388
83,,3110070,1,20260913,9937,1231,165,0,0,0,0,10299,495,112,0,0,0,0,3,36.833366956056416,139.9495983,,,,,,,,,,,,,228,red,11333,10906,22239
83,,3110080,1,20260913,5592,125,82,0,0,0,0,5303,94,57,0,0,0,0,3,36.29676104543397,139.7863913,,,,,,,,,,,,,228,red,5799,5454,11253
83,,3110090,1,20260913,7349,95,160,0,0,0,0,7594,95,81,0,0,0,0,3,36.52417383570154,139.8798609,,,,,,,,,,,,,228,red,7604,7770,15374
83,,3110100,1,20260913,7590,145,132,0,0,0,0,8632,140,113,0,0,0,0,3,36.58529299577252,139.9295837,,,,,,,,,,,,,228,red,7867,8885,16752
83,,3110110,1,20260913,7226,574,0,0,0,0,0,7473,430,0,0,0,0,0,3,36.019401995100274,140.15926790000003,,,,,,,,,,,,,222,red,7800,7903,15703
83,,3110120,1,20260913,9140,918,0,0,0,0,0,35,1,0,0,0,0,0,3,36.297327425434645,140.4228446,,,,,,,,,,,,,222,red,10058,36,10094
83,,3110140,1,20260913,12414,498,756,0,0,0,0,11798,550,639,0,0,0,0,3,35.70274880470968,139.8786539,,,,,,,,,,,,,228,red,13668,12987,26655
83,,3110150,1,20260913,7954,471,2211,0,0,0,0,5765,706,1229,0,0,0,0,3,35.61902656460475,140.0975838,,,,,,,,,,,,,228,red,10636,7700,18336
83,,3110160,1,20260913,12959,953,1343,0,0,0,0,12351,774,1237,0,0,0,0,3,35.56474703453633,139.7273263,,,,,,,,,,,,,228,red,15255,14362,29617
81,02,1810010,1,20260913,7617,637,0,,,,,0,0,0,,,,,3,41.996809040234545,140.63609,,,0,0,0,0,0,0,0,0,0,0,227,blue,8254,0,8254
81,02,1810020,1,20260913,4763,383,0,,,,,5182,430,0,,,,,3,42.079752040271956,140.596961,,,0,0,0,0,0,1,1,0,0,0,227,blue,5146,5612,10758
81,02,1810030,1,20260913,,,,,,,,,,,,,,,3,42.18194404031664,140.438889,,,1,0,0,0,0,1,1,0,0,0,227,blue,0,0,0
81,02,1810040,1,20260913,3948,402,0,,,,,3691,361,0,,,,,3,42.21583304033111,140.385,,,0,0,0,0,0,0,0,0,0,0,227,blue,4350,4052,8402
81,02,1810050,1,20260913,2412,155,0,,,,,2300,231,0,,,,,3,42.29972204036625,140.271667,,,0,0,0,0,0,0,0,0,0,2,227,blue,2567,2531,5098
81,03,1810060,1,20260913,997,51,0,,,,,1062,78,0,,,,,3,42.70250004052043,140.42222,,,0,0,0,0,0,0,0,0,0,0,227,blue,1048,1140,2188
81,03,1810070,1,20260913,1662,71,0,,,,,1863,164,0,,,,,3,42.805277040555936,140.52666,,,0,0,0,0,0,1,1,0,0,0,227,blue,1733,2027,3760
81,03,1810080,1,20260913,780,75,0,,,,,518,47,0,,,,,3,42.79952604055398,140.700552,,,0,0,0,0,0,0,0,0,0,157,227,blue,855,565,1420
81,03,1810100,1,20260913,4459,301,0,,,,,3815,338,0,,,,,3,43.037777040630445,140.678611,,,0,0,0,0,0,0,0,0,0,0,227,blue,4760,4153,8913
81,03,1810110,1,20260913,6283,160,0,,,,,6996,202,0,,,,,3,43.20720804067966,140.975798,,,0,0,0,0,0,0,0,0,0,0,227,blue,6443,7198,13641
81,03,1810120,1,20260913,,,,,,,,,,,,,,,3,43.177556040671355,141.041001,,,1,0,0,0,0,1,1,0,0,0,227,blue,0,0,0
81,02,1810130,1,20260913,8285,324,0,,,,,6310,265,0,,,,,3,41.88166704018098,140.720833,,,0,0,0,0,0,0,0,0,0,0,227,blue,8609,6575,15184
81,02,1810140,1,20260913,5556,222,0,,,,,6088,321,0,,,,,3,41.922053040199984,140.673037,,,0,0,0,0,0,0,0,0,0,0,227,blue,5778,6409,12187
81,01,1810160,1,20260913,2745,108,0,,,,,3232,70,0,,,,,3,43.575214040771755,141.936064,,,0,0,0,0,0,0,0,0,0,0,227,blue,2853,3302,6155
81,04,1810180,1,20260913,5702,219,0,,,,,9342,706,0,,,,,3,43.75523899023857,142.273832256632,,,0,0,0,0,0,0,0,0,0,0,227,blue,5921,10048,15969
81,01,1810200,1,20260913,,,,,,,,,,,,,,,3,42.92800104059627,141.532244,,,1,0,0,0,0,0,0,0,0,11,227,blue,0,0,0
81,01,1810210,1,20260913,7845,338,0,,,,,4347,209,0,,,,,3,42.86212604057491,141.599922,,,0,0,0,0,0,0,0,0,0,0,227,blue,8183,4556,12739
81,05,1810220,1,20260913,,,,,,,,,,,,,,,3,42.736385040532305,141.709144,,,1,0,0,0,0,0,0,0,0,0,227,blue,0,0,0
81,05,1810240,1,20260913,5214,226,0,,,,,5939,159,0,,,,,3,42.44474904042452,141.159993,,,0,0,0,0,0,0,0,0,0,0,227,blue,5440,6098,11538
81,05,1810250,1,20260913,6575,110,0,,,,,5915,89,0,,,,,3,42.32896604037825,140.996368,,,0,0,0,0,0,0,0,0,0,0,227,blue,6685,6004,12689
81,02,1810260,1,20260913,2332,153,0,,,,,1966,139,0,,,,,3,42.59861104048294,140.461667,,,0,0,0,0,0,0,0,0,0,0,227,blue,2485,2105,4590
81,05,1810270,1,20260913,2637,214,0,,,,,2218,252,0,,,,,3,42.59319704048096,140.520753,,,0,0,0,0,0,0,0,0,0,0,227,blue,2851,2470,5321
81,05,1810280,1,20260913,2679,223,0,,,,,2242,233,0,,,,,3,42.59372804048115,140.535945,,,0,0,0,0,0,0,0,0,0,0,227,blue,2902,2475,5377
81,05,1810290,1,20260913,291,0,0,,,,,1889,101,0,,,,,3,42.56267604046962,140.742626,,,0,0,0,0,0,0,0,0,0,0,227,blue,291,1990,2281
81,01,1810310,1,20260913,,,,,,,,,,,,,,,3,43.57408404077149,141.983838,,,1,,,,,,,,,,227,blue,0,0,0
81,01,1810320,1,20260913,,,,,,,,,,,,,,,3,43.47080004074768,142.266721,,,1,,,,,,,,,,227,blue,0,0,0
81,04,1810350,1,20260913,1098,80,0,,,,,1123,65,0,,,,,3,43.197272411385796,142.57548514343702,,,0,0,0,0,0,0,0,0,0,82,227,blue,1178,1188,2366
81,07,1810360,1,20260913,436,24,0,,,,,467,21,0,,,,,3,43.15712704066555,142.786825,,,0,0,0,0,0,0,0,0,0,157,227,blue,460,488,948
81,07,1810370,1,20260913,1737,155,0,,,,,1477,124,0,,,,,3,42.814306040558975,143.51125,,,0,0,0,0,0,0,0,0,0,0,227,blue,1892,1601,3493
81,07,1810380,1,20260913,,,,,,,,,,,,,,,3,42.82083104056116,143.71063,,,1,0,0,0,0,0,0,0,0,0,227,blue,0,0,0
81,06,1810390,1,20260913,,,,,,,,,,,,,,,3,42.86448904057567,143.874907,,,1,0,0,0,0,0,0,0,0,0,227,blue,0,0,0
81,06,1810400,1,20260913,,,,,,,,,,,,,,,3,43.00508004062045,144.254672,,,1,0,0,0,0,2,2,0,0,0,227,blue,0,0,0
81,06,1810410,1,20260913,,,,,,,,,,,,,,,3,43.0195510406249,144.257695,,,1,0,0,0,0,0,0,0,0,0,227,blue,0,0,0
81,06,1810420,1,20260913,6656,171,0,,,,,6313,119,0,,,,,3,43.00768404062126,144.364725,,,0,0,0,0,0,2,2,0,0,0,227,blue,6827,6432,13259
81,04,1810430,1,20260913,1197,73,0,,,,,1045,45,0,,,,,3,43.89533772001418,142.522262332469,,,0,0,0,0,0,0,0,0,0,0,227,blue,1270,1090,2360
81,08,1810460,1,20260913,2798,114,0,,,,,2506,89,0,,,,,3,43.88484504083343,144.001818,,,0,0,0,0,0,0,0,0,0,55,227,blue,2912,2595,5507
81,08,1810480,1,20260913,,,,,,,,,,,,,,,3,43.91366204083846,144.156572,,,1,0,0,0,0,0,0,0,0,47,227,blue,0,0,0
81,04,1810490,1,20260913,3187,165,0,,,,,3069,213,0,,,,,3,43.84734151228824,142.449476813803,,,0,0,0,0,0,0,0,0,0,2,227,blue,3352,3282,6634
81,04,1810500,1,20260913,2566,106,0,,,,,2252,92,0,,,,,3,44.091634905591874,142.391293207353,,,0,0,0,0,0,0,0,0,0,8,227,blue,2672,2344,5016
81,04,1810510,1,20260913,1214,83,0,,,,,946,52,0,,,,,3,44.70483751674948,142.274019195489,,,0,0,0,0,0,3,3,0,0,13,227,blue,1297,998,2295
81,04,1810520,1,20260913,99,4,0,,,,,96,3,0,,,,,3,44.72277804092767,142.249444,,,0,0,0,0,0,0,0,0,0,66,227,blue,103,99,202
81,09,1810530,1,20260913,666,63,0,,,,,804,67,0,,,,,3,44.89642004093388,141.953541,,,0,0,0,0,0,0,0,0,0,2,227,blue,729,871,1600
81,10,1810540,1,20260913,0,0,0,,,,,67,32,0,,,,,3,45.02095404093553,141.771843,,,0,0,0,0,0,0,0,0,0,0,227,blue,0,99,99
81,10,1810550,1,20260913,428,12,0,,,,,382,10,0,,,,,3,45.1450290409348,141.751626,,,0,0,0,0,0,0,0,0,0,26,227,blue,440,392,832
81,10,1810560,1,20260913,,,,,,,,,,,,,,,3,45.22646604093306,141.745387,,,1,,,,,,,,,,227,blue,0,0,0
81,10,1810570,1,20260913,830,52,0,,,,,918,26,0,,,,,3,45.11301904093522,141.794418,,,0,0,0,0,0,0,0,0,0,0,227,blue,882,944,1826
81,06,1810580,1,20260913,5788,121,0,,,,,5691,99,0,,,,,3,42.9878210406151,144.393418,,,0,0,0,0,0,1,1,0,0,0,227,blue,5909,5790,11699
81,06,1810590,1,20260913,,,,,,,,,,,,,,,3,43.05774504063647,144.791279,,,1,0,0,0,0,0,0,0,0,0,227,blue,0,0,0
81,06,1810600,1,20260913,2572,198,0,,,,,2885,119,0,,,,,3,43.05804004063655,144.830749,,,0,0,0,0,0,0,0,0,0,0,227,blue,2770,3004,5774
81,06,1810610,1,20260913,,,,,,,,,,,,,,,3,43.282406040700124,145.50731400000004,,,1,0,0,0,0,0,0,0,0,0,227,blue,0,0,0
81,02,1810620,1,20260913,1554,102,0,,,,,1695,50,0,,,,,3,41.95083004021339,140.45583300000004,,,0,0,0,0,0,0,0,0,0,0,227,blue,1656,1745,3401
81,02,1810630,1,20260913,3437,135,0,,,,,3330,91,0,,,,,3,41.77072204012754,140.613139,,,0,0,0,0,0,0,0,0,0,1,227,blue,3572,3421,6993
81,02,1810640,1,20260913,,,,,,,,,,,,,,,3,41.666445040075686,140.434972,,,1,0,0,0,0,0,0,0,0,0,227,blue,0,0,0
81,02,1810650,1,20260913,1595,96,0,,,,,1906,55,0,,,,,3,41.624898040054596,140.429715,,,0,0,0,0,0,1,1,0,0,1,227,blue,1691,1961,3652
81,02,1810660,1,20260913,841,27,0,,,,,855,44,0,,,,,3,41.49941703998935,140.249306,,,0,0,0,0,0,0,0,0,0,0,227,blue,868,899,1767
81,02,1810670,1,20260913,,,,,,,,,,,,,,,3,41.40202103993715,140.185625,,,1,0,0,0,0,0,0,0,0,0,227,blue,0,0,0
81,02,1810680,1,20260913,803,94,0,,,,,773,24,0,,,,,3,41.43166703995318,140.128056,,,0,0,0,0,0,0,0,0,0,0,227,blue,897,797,1694
81,02,1810690,1,20260913,361,10,0,,,,,369,44,0,,,,,3,41.71166704009836,140.027778,,,0,0,0,0,0,0,0,0,0,0,227,blue,371,413,784
81,02,1810700,1,20260913,1708,100,0,,,,,1790,62,0,,,,,3,41.84777804016484,140.12472200000002,,,0,0,0,0,0,0,0,0,0,0,227,blue,1808,1852,3660
81,02,1810710,1,20260913,2690,140,0,,,,,2837,65,0,,,,,3,41.84277804016245,140.732222,,,0,0,0,0,0,0,0,0,0,0,227,blue,2830,2902,5732
81,02,1810720,1,20260913,49,0,0,,,,,9,0,0,,,,,3,41.83613904015928,140.64875,,,1,0,0,0,0,0,0,0,0,0,227,blue,49,9,58
81,02,1810730,1,20260913,,,,,,,,,,,,,,,3,41.78055604013235,140.61055600000003,,,1,0,0,0,0,0,0,0,0,0,227,blue,0,0,0
81,03,1810750,1,20260913,3012,100,0,,,,,2594,35,0,,,,,3,43.2287050406856,140.73446400000003,,,0,0,0,0,0,0,0,0,0,0,227,blue,3112,2629,5741
81,03,1810760,1,20260913,1824,58,0,,,,,1545,60,0,,,,,3,43.280277040699566,140.6375,,,0,0,0,0,0,0,0,0,0,0,227,blue,1882,1605,3487
81,03,1810780,1,20260913,856,49,0,,,,,774,27,0,,,,,3,43.328914040712355,140.422613,,,0,0,0,0,0,0,0,0,0,0,227,blue,905,801,1706
81,03,1810790,1,20260913,,,,,,,,,,,,,,,3,43.19878704067732,140.346959,,,1,0,0,0,0,1,1,0,0,0,227,blue,0,0,0
81,03,1810800,1,20260913,1051,21,0,,,,,986,40,0,,,,,3,43.04480504063257,140.505833,,,0,0,0,0,0,0,0,0,0,1,227,blue,1072,1026,2098
81,03,1810810,1,20260913,,,,,,,,,,,,,,,3,43.02277704062587,140.548333,,,1,,,,,,,,,,227,blue,0,0,0
81,03,1810820,1,20260913,2495,205,0,,,,,2696,160,0,,,,,3,42.99750304061811,140.538303,,,0,0,0,0,0,0,0,0,0,1,227,blue,2700,2856,5556
81,03,1810830,1,20260913,2189,201,0,,,,,2111,179,0,,,,,3,42.981000040613,140.511333,,,0,0,0,0,0,0,0,0,0,0,227,blue,2390,2290,4680
81,03,1810840,1,20260913,998,100,0,,,,,0,0,0,,,,,3,42.93163404059743,140.409415,,,0,0,0,0,0,0,0,0,0,0,227,blue,1098,0,1098
81,03,1810850,1,20260913,,,,,,,,,,,,,,,3,42.83094404056455,140.308974,,,1,0,0,0,0,0,0,0,0,0,227,blue,0,0,0
81,03,1810860,1,20260913,1,0,0,,,,,621,43,0,,,,,3,42.818297040560324,140.184051,,,0,0,0,0,0,0,0,0,0,0,227,blue,1,664,665
81,03,1810870,1,20260913,,,,,,,,,,,,,,,3,42.68444404051404,139.919444,,,1,0,0,0,0,0,0,0,0,0,227,blue,0,0,0
81,02,1810880,1,20260913,160,10,0,,,,,136,2,0,,,,,3,42.57583304047453,139.832222,,,0,0,0,0,0,0,0,0,0,0,227,blue,170,138,308
81,02,1810890,1,20260913,282,18,0,,,,,255,14,0,,,,,3,42.17250004031257,139.899444,,,0,0,0,0,0,0,0,0,0,0,227,blue,300,269,569
81,02,1810900,1,20260913,287,22,0,,,,,273,16,0,,,,,3,42.21750004033183,139.868333,,,0,0,0,0,0,0,0,0,0,0,227,blue,309,289,598
81,02,1810910,1,20260913,631,40,0,,,,,600,44,0,,,,,3,42.11918804028937,140.016837,,,0,0,0,0,0,0,0,0,0,0,227,blue,671,644,1315
81,02,1810920,1,20260913,1239,43,0,,,,,1193,110,0,,,,,3,41.97324904022374,140.139624,,,0,0,0,0,0,0,0,0,0,0,227,blue,1282,1303,2585
81,01,1810940,1,20260913,,,,,,,,,,,,,,,3,43.001256040619275,141.339621,,,1,0,0,0,0,0,0,0,0,0,227,blue,0,0,0
81,01,1810950,1,20260913,,,,,,,,,,,,,,,3,42.999192040618645,141.337588,,,1,0,0,0,0,0,0,0,0,4,227,blue,0,0,0
81,01,1810960,1,20260913,5364,172,0,,,,,4151,175,0,,,,,3,42.9536270406044,141.151206,,,0,0,0,0,0,0,0,0,0,20,227,blue,5536,4326,9862
81,01,1810970,1,20260913,,,,,,,,,,,,,,,3,42.883263040581824,141.139985,,,1,,,,,,,,,,227,blue,0,0,0
81,03,1810980,1,20260913,677,17,0,,,,,768,30,0,,,,,3,42.69444404051758,140.839722,,,0,0,0,0,0,0,0,0,0,131,227,blue,694,798,1492
81,01,1811010,1,20260913,,,,,,,,,,,,,,,3,43.161847040666906,141.353771,,,1,0,0,0,0,0,0,0,0,87,227,blue,0,0,0
81,01,1811020,1,20260913,,,,,,,,,,,,,,,3,43.183375040672985,141.323859,,,1,0,0,0,0,0,0,0,0,1,227,blue,0,0,0
81,01,1811030,1,20260913,,,,,,,,,,,,,,,3,43.22320404068409,141.345058,,,1,0,0,0,0,0,0,0,0,1,227,blue,0,0,0
81,01,1811040,1,20260913,2105,56,0,,,,,1744,44,0,,,,,3,43.39904804073019,141.436259,,,0,0,0,0,0,0,0,0,0,17,227,blue,2161,1788,3949
81,09,1811050,1,20260913,,,,,,,,,,,,,,,3,43.75429004080918,141.350733,,,1,0,0,0,0,0,0,0,0,6,227,blue,0,0,0
81,09,1811060,1,20260913,,,,,,,,,,,,,,,3,44.96648604093511,141.761931,,,1,0,0,0,0,0,0,0,0,3,227,blue,0,0,0
81,09,1811080,1,20260913,,,,,,,,,,,,,,,3,44.80492204093118,141.785854,,,1,0,0,0,0,0,0,0,0,0,227,blue,0,0,0
81,09,1811090,1,20260913,,,,,,,,,,,,,,,3,44.64226604092325,141.79398,,,1,0,0,0,0,0,0,0,0,0,227,blue,0,0,0
81,09,1811110,1,20260913,,,,,,,,,,,,,,,3,44.37405804090138,141.71125400000003,,,1,0,0,0,0,0,0,0,0,9,227,blue,0,0,0
81,09,1811120,1,20260913,664,34,0,,,,,1919,134,0,,,,,3,44.255796040888285,141.656338,,,0,0,0,0,0,0,0,0,0,2,227,blue,698,2053,2751
81,09,1811130,1,20260913,,,,,,,,,,,,,,,3,44.07063104086351,141.663029,,,1,0,0,0,0,0,0,0,0,1,227,blue,0,0,0
81,09,1811150,1,20260913,2134,94,0,,,,,1885,119,0,,,,,3,43.94678404084405,141.651833,,,0,0,0,0,0,0,0,0,0,9,227,blue,2228,2004,4232
81,09,1811160,1,20260913,,,,,,,,,,,,,,,3,43.832161040823955,141.829941,,,1,0,0,0,0,0,0,0,0,1,227,blue,0,0,0
81,09,1811170,1,20260913,,,,,,,,,,,,,,,3,43.849231040827085,141.814442,,,1,0,0,0,0,0,0,0,0,5,227,blue,0,0,0
81,09,1811180,1,20260913,369,25,0,,,,,492,37,0,,,,,3,43.874433040831605,141.738524,,,0,0,0,0,0,0,0,0,0,2,227,blue,394,529,923
81,09,1811190,1,20260913,,,,,,,,,,,,,,,3,43.91902504083936,141.685028,,,1,0,0,0,0,0,0,0,0,1,227,blue,0,0,0
81,09,1811200,1,20260913,2166,200,0,,,,,2659,210,0,,,,,3,43.887433040833905,141.711544,,,0,0,0,0,0,0,0,0,0,5,227,blue,2366,2869,5235
81,01,1811210,1,20260913,,,,,,,,,,,,,,,3,43.19164404067532,141.764248,,,1,,,,,,,,,,227,blue,0,0,0
81,01,1811220,1,20260913,,,,,,,,,,,,,,,3,42.898883040586895,141.813884,,,1,0,0,0,0,0,0,0,0,86,227,blue,0,0,0
81,05,1811230,1,20260913,2372,176,0,,,,,2145,196,0,,,,,3,42.885113040582425,141.812065,,,0,0,0,0,0,0,0,0,0,0,227,blue,2548,2341,4889
81,05,1811240,1,20260913,,,,,,,,,,,,,,,3,42.76319504054159,141.812586,,,1,0,0,0,0,0,0,0,0,0,227,blue,0,0,0
81,05,1811250,1,20260913,,,,,,,,,,,,,,,3,42.55317704046606,141.981715,,,1,0,0,0,0,0,0,0,0,93,227,blue,0,0,0
81,05,1811260,1,20260913,3440,182,0,,,,,3386,131,0,,,,,3,42.16916704031112,142.768611,,,0,0,0,0,0,1,1,0,0,0,227,blue,3622,3517,7139
81,05,1811270,1,20260913,2660,150,0,,,,,2784,108,0,,,,,3,42.50615204044825,142.070834,,,0,0,0,0,0,0,0,0,0,0,227,blue,2810,2892,5702
81,07,1811280,1,20260913,977,65,0,,,,,189,10,0,,,,,3,42.58422604047764,143.30053,,,0,0,0,0,0,0,0,0,0,0,227,blue,1042,199,1241
81,07,1811290,1,20260913,240,20,0,,,,,297,12,0,,,,,3,42.3768230403976,143.061454,,,0,0,0,0,0,63,63,0,0,6,227,blue,260,309,569
81,04,1811320,1,20260913,4431,154,0,,,,,4457,198,0,,,,,3,43.60527804077837,142.469167,,,0,0,0,0,0,0,0,0,0,4,227,blue,4585,4655,9240
81,04,1811330,1,20260913,3465,162,0,,,,,3778,151,0,,,,,3,43.560996966472565,142.4353437615,,,0,0,0,0,0,0,0,0,0,6,227,blue,3627,3929,7556
81,08,1811370,1,20260913,347,21,0,,,,,286,8,0,,,,,3,44.09975304086775,143.867897,,,0,0,0,0,0,0,0,0,0,141,227,blue,368,294,662
81,08,1811380,1,20260913,1045,76,0,,,,,982,53,0,,,,,3,44.12070404087072,143.72058,,,0,0,0,0,0,0,0,0,0,84,227,blue,1121,1035,2156
81,08,1811390,1,20260913,3099,186,0,,,,,2997,168,0,,,,,3,44.364948040900465,143.334896,,,0,0,0,0,0,0,0,0,0,0,227,blue,3285,3165,6450
81,10,1811400,1,20260913,,,,,,,,,,,,,,,3,44.77764204093013,142.721902,,,1,0,0,0,0,0,0,0,0,17,227,blue,0,0,0
81,10,1811410,1,20260913,569,66,0,,,,,576,56,0,,,,,3,45.361691040927944,142.122166,,,0,0,0,0,0,0,0,0,0,0,227,blue,635,632,1267
81,10,1811420,1,20260913,0,0,0,,,,,1105,91,0,,,,,3,45.43710504092389,141.862347,,,0,0,0,0,0,0,0,0,0,96,227,blue,0,1196,1196
81,08,1811430,1,20260913,500,26,0,,,,,589,29,0,,,,,3,44.40500204090447,143.017708,,,0,0,0,0,0,0,0,0,0,0,227,blue,526,618,1144
81,04,1811440,1,20260913,491,20,0,,,,,543,35,0,,,,,3,44.31599186248862,142.78318613417,,,0,0,0,0,0,0,0,0,0,38,227,blue,511,578,1089
81,04,1811450,1,20260913,299,18,0,,,,,263,19,0,,,,,3,44.18218514890566,142.3067879962,,,0,0,0,0,0,0,0,0,0,3,227,blue,317,282,599
81,09,1811460,1,20260913,,,,,,,,,,,,,,,3,44.20144804088155,142.034387,,,1,0,0,0,0,0,0,0,0,4,227,blue,0,0,0
81,06,1811490,1,20260913,,,,,,,,,,,,,,,3,43.28312104070033,144.106479,,,1,0,0,0,0,0,0,0,0,0,227,blue,0,0,0
81,06,1811500,1,20260913,614,53,0,,,,,659,70,0,,,,,3,43.45847504074473,144.008366,,,0,0,0,0,0,0,0,0,0,0,227,blue,667,729,1396
81,08,1811520,1,20260913,1691,60,0,,,,,1823,115,0,,,,,3,44.16231304087643,143.57881,,,0,0,0,0,0,0,0,0,0,0,227,blue,1751,1938,3689
81,08,1811530,1,20260913,2389,113,0,,,,,2181,96,0,,,,,3,44.13401504087257,143.561357,,,0,0,0,0,0,0,0,0,0,0,227,blue,2502,2277,4779
81,08,1811540,1,20260913,,,,,,,,,,,,,,,3,43.81153304082013,143.553741,,,1,0,0,0,0,0,0,0,0,44,227,blue,0,0,0
81,07,1811550,1,20260913,114,10,0,,,,,107,17,0,,,,,3,43.614803040780444,143.623559,,,0,0,0,0,0,0,0,0,0,0,227,blue,124,124,248
81,07,1811560,1,20260913,1547,138,0,,,,,1846,190,0,,,,,3,42.950446040603396,143.426823,,,0,0,0,0,0,0,0,0,0,0,227,blue,1685,2036,3721
81,07,1811570,1,20260913,303,24,0,,,,,3997,209,0,,,,,3,42.91920004059345,143.382799,,,0,0,0,0,0,0,0,0,0,0,227,blue,327,4206,4533
81,06,1811580,1,20260913,1,0,0,,,,,880,50,0,,,,,3,43.65168204078832,144.260814,,,0,0,0,0,0,0,0,0,0,0,227,blue,1,930,931
81,06,1811590,1,20260913,889,59,0,,,,,881,58,0,,,,,3,43.48222204075039,144.542778,,,0,0,0,0,0,0,0,0,0,0,227,blue,948,939,1887
81,06,1811600,1,20260913,404,49,0,,,,,495,49,0,,,,,3,43.415912040734376,144.740463,,,0,0,0,0,0,0,0,0,0,0,227,blue,453,544,997
81,08,1811610,1,20260913,2626,92,0,,,,,2462,50,0,,,,,3,43.96614504084723,144.326697,,,0,0,0,0,0,0,0,0,0,0,227,blue,2718,2512,5230
81,08,1811620,1,20260913,1285,46,0,,,,,1362,38,0,,,,,3,43.91012304083783,144.542023,,,0,0,0,0,0,0,0,0,0,0,227,blue,1331,1400,2731
81,08,1811630,1,20260913,,,,,,,,,,,,,,,3,43.888827040834144,144.736391,,,1,0,0,0,0,0,0,0,0,59,227,blue,0,0,0
81,06,1811640,1,20260913,389,21,0,,,,,468,19,0,,,,,3,43.73179504080475,144.960789,,,0,0,0,0,0,0,0,0,0,0,227,blue,410,487,897
81,06,1811650,1,20260913,188,11,0,,,,,213,7,0,,,,,3,43.69435704079721,145.112266,,,0,0,0,0,0,0,0,0,0,0,227,blue,199,220,419
81,06,1811660,1,20260913,,,,,,,,,,,,,,,3,43.37687304072465,145.283748,,,1,0,0,0,0,0,0,0,0,0,227,blue,0,0,0
81,06,1811670,1,20260913,1258,141,0,,,,,1502,110,0,,,,,3,43.225599040684756,144.69552000000002,,,0,0,0,0,0,0,0,0,0,0,227,blue,1399,1612,3011
81,06,1811680,1,20260913,856,89,0,,,,,1157,80,0,,,,,3,43.384169040726476,144.866826,,,0,0,0,0,0,0,0,0,0,0,227,blue,945,1237,2182
81,06,1811690,1,20260913,,,,,,,,,,,,,,,3,43.60985404077937,145.077277,,,1,0,0,0,0,0,0,0,0,0,227,blue,0,0,0
81,07,1811700,1,20260913,686,31,0,,,,,595,39,0,,,,,3,43.353586040718724,143.261308,,,0,0,0,0,0,0,0,0,0,0,227,blue,717,634,1351
81,07,1811710,1,20260913,521,32,0,,,,,474,38,0,,,,,3,43.571286040770886,143.120781,,,0,0,0,0,0,0,0,0,0,10,227,blue,553,512,1065
81,04,1811730,1,20260913,497,39,0,,,,,391,16,0,,,,,3,43.909246029716684,142.97348513542,,,0,0,0,0,0,0,0,0,0,4,227,blue,536,407,943
81,04,1811740,1,20260913,403,33,0,,,,,286,23,0,,,,,3,43.9388162846136,142.945802727953,,,0,0,0,0,0,0,0,0,0,61,227,blue,436,309,745
81,01,1811750,1,20260913,4472,325,0,,,,,3643,286,0,,,,,3,42.98946404061562,141.609539,,,0,0,0,0,0,0,0,0,0,15,227,blue,4797,3929,8726
81,01,1811760,1,20260913,2173,132,0,,,,,1956,112,0,,,,,3,42.94269504060095,141.76061,,,0,0,0,0,0,0,0,0,0,4,227,blue,2305,2068,4373
81,01,1811770,1,20260913,1612,170,0,,,,,1481,211,0,,,,,3,42.950353040603375,141.802672,,,0,0,0,0,0,0,0,0,0,3,227,blue,1782,1692,3474
81,01,1811780,1,20260913,,,,,,,,,,,,,,,3,42.91325204059154,141.966963,,,1,0,0,0,0,0,0,0,0,2,227,blue,0,0,0
81,01,1811790,1,20260913,,,,,,,,,,,,,,,3,42.92852504059643,142.063994,,,1,0,0,0,0,0,0,0,0,1,227,blue,0,0,0
81,05,1811800,1,20260913,985,218,0,,,,,1025,232,0,,,,,3,42.9641030406077,142.63981100000004,,,0,0,0,0,0,0,0,0,0,0,227,blue,1203,1257,2460
81,01,1811810,1,20260913,4336,310,0,,,,,3653,296,0,,,,,3,43.18243804067272,141.523454,,,0,0,0,0,0,0,0,0,0,37,227,blue,4646,3949,8595
81,01,1811830,1,20260913,1821,114,0,,,,,1986,89,0,,,,,3,43.54600104076516,141.884426,,,0,0,0,0,0,0,0,0,0,2,227,blue,1935,2075,4010
81,01,1811840,1,20260913,1275,77,0,,,,,1317,65,0,,,,,3,43.71586004080156,141.885874,,,0,0,0,0,0,0,0,0,0,16,227,blue,1352,1382,2734
81,01,1811850,1,20260913,342,19,0,,,,,304,20,0,,,,,3,43.76892104081203,141.884179,,,0,0,0,0,0,0,0,0,0,15,227,blue,361,324,685
81,01,1811860,1,20260913,540,15,0,,,,,512,39,0,,,,,3,43.80589304081908,141.905599,,,0,0,0,0,0,0,0,0,0,2,227,blue,555,551,1106
81,01,1811870,1,20260913,419,19,0,,,,,359,30,0,,,,,3,43.917356040839074,142.125632,,,0,0,0,0,0,0,0,0,0,11,227,blue,438,389,827
81,04,1811880,1,20260913,334,15,0,,,,,331,14,0,,,,,3,44.74113379582216,142.253439072174,,,0,0,0,0,0,0,0,0,0,86,227,blue,349,345,694
81,10,1811890,1,20260913,520,26,0,,,,,569,29,0,,,,,3,44.820303040931734,142.284138,,,0,0,0,0,0,0,0,0,0,0,227,blue,546,598,1144
81,10,1811900,1,20260913,268,13,0,,,,,335,24,0,,,,,3,45.044884040935564,142.315271,,,0,0,0,0,0,0,0,0,0,70,227,blue,281,359,640
81,10,1811910,1,20260913,306,12,0,,,,,299,28,0,,,,,3,45.10820204093526,142.363773,,,0,0,0,0,0,0,0,0,0,106,227,blue,318,327,645
81,03,1811920,1,20260913,,,,,,,,,,,,,,,3,42.98635304061466,140.606197,,,1,0,0,0,0,0,0,0,0,1,227,blue,0,0,0
81,03,1811930,1,20260913,645,45,0,,,,,592,48,0,,,,,3,42.88083304058103,140.878055,,,0,0,0,0,0,0,0,0,0,112,227,blue,690,640,1330
81,03,1811940,1,20260913,994,62,0,,,,,822,63,0,,,,,3,42.80440904055563,140.891961,,,0,0,0,0,0,1,1,0,0,42,227,blue,1056,885,1941
81,03,1811950,1,20260913,549,44,0,,,,,437,25,0,,,,,3,42.75773904053971,141.013347,,,0,0,0,0,0,0,0,0,0,89,227,blue,593,462,1055
81,01,1811980,1,20260913,,,,,,,,,,,,,,,3,42.71955604052643,141.252074,,,1,0,0,0,0,0,0,0,0,11,227,blue,0,0,0
81,01,1811990,1,20260913,1660,101,0,,,,,1805,123,0,,,,,3,42.74221004053433,141.402953,,,0,0,0,0,0,0,0,0,0,3,227,blue,1761,1928,3689
81,02,1812000,1,20260913,225,3,0,,,,,209,7,0,,,,,3,42.1695560403113,140.052167,,,0,0,0,0,0,0,0,0,0,0,227,blue,228,216,444
81,02,1812010,1,20260913,1955,78,0,,,,,1929,136,0,,,,,3,41.76194404012323,140.856944,,,0,0,0,0,0,0,0,0,0,0,227,blue,2033,2065,4098
81,02,1812020,1,20260913,,,,,,,,,,,,,,,3,41.714722040099886,140.9975,,,1,0,0,0,0,0,0,0,0,0,227,blue,0,0,0
81,02,1812030,1,20260913,,,,,,,,,,,,,,,3,41.87888904017965,141.092222,,,1,0,0,0,0,0,0,0,0,0,227,blue,0,0,0
81,02,1812040,1,20260913,563,99,0,,,,,604,29,0,,,,,3,41.9566670402161,140.928611,,,0,0,0,0,0,0,0,0,0,0,227,blue,662,633,1295
81,02,1812050,1,20260913,,,,,,,,,,,,,,,3,42.013056040241956,140.853611,,,1,0,0,0,0,0,0,0,0,0,227,blue,0,0,0
81,02,1812060,1,20260913,355,30,0,,,,,439,11,0,,,,,3,42.042500040255284,140.813056,,,0,0,0,0,0,0,0,0,0,0,227,blue,385,450,835
81,02,1812070,1,20260913,560,39,0,,,,,562,74,0,,,,,3,42.12805604029326,140.711389,,,0,0,0,0,0,0,0,0,0,0,227,blue,599,636,1235
81,02,1812080,1,20260913,1497,62,0,,,,,1385,56,0,,,,,3,42.118611040289125,140.632778,,,0,0,0,0,0,0,0,0,0,0,227,blue,1559,1441,3000
81,06,1812090,1,20260913,13,5,0,,,,,1399,65,0,,,,,3,43.89994004083609,145.099582,,,0,0,0,0,0,0,0,0,0,0,227,blue,18,1464,1482
81,05,1812130,1,20260913,258,17,0,,,,,180,31,0,,,,,3,42.02778604024864,143.231184,,,0,0,0,0,0,1,1,0,0,0,227,blue,275,211,486
81,07,1812150,1,20260913,379,12,0,,,,,351,26,0,,,,,3,42.16205004030805,143.324722,,,0,0,0,0,0,0,0,0,0,0,227,blue,391,377,768
81,07,1812160,1,20260913,579,30,0,,,,,656,120,0,,,,,3,42.28181504035883,143.31818,,,0,0,0,0,0,0,0,0,0,0,227,blue,609,776,1385
81,07,1812170,1,20260913,1042,72,0,,,,,976,55,0,,,,,3,42.31167504037117,143.321422,,,0,0,0,0,0,55,55,0,0,5,227,blue,1114,1031,2145
81,07,1812180,1,20260913,233,15,0,,,,,250,18,0,,,,,3,42.68446104051403,143.603341,,,0,0,0,0,0,0,0,0,0,0,227,blue,248,268,516
81,07,1812190,1,20260913,242,21,0,,,,,296,17,0,,,,,3,42.69525004051786,143.616062,,,0,0,0,0,0,0,0,0,0,0,227,blue,263,313,576
81,07,1812200,1,20260913,137,18,0,,,,,154,16,0,,,,,3,42.74125304053399,143.631419,,,0,0,0,0,0,0,0,0,0,0,227,blue,155,170,325
81,01,1812210,1,20260913,357,6,0,,,,,333,10,0,,,,,3,42.85600604057288,141.704289,,,0,0,0,0,0,0,0,0,0,86,227,blue,363,343,706
81,01,1812220,1,20260913,,,,,,,,,,,,,,,3,42.969962040609545,141.672998,,,1,0,0,0,0,0,0,0,0,7,227,blue,0,0,0
81,01,1812230,1,20260913,,,,,,,,,,,,,,,3,43.02096904062534,141.663755,,,1,0,0,0,0,0,0,0,0,3,227,blue,0,0,0
81,03,1812240,1,20260913,6364,414,0,,,,,5245,315,0,,,,,3,43.14450004066195,141.187805,,,0,0,0,0,0,0,0,0,0,0,227,blue,6778,5560,12338
81,06,1812250,1,20260913,620,51,0,,,,,538,57,0,,,,,3,43.68733204079576,144.466438,,,0,0,0,0,0,0,0,0,0,0,227,blue,671,595,1266
81,03,1812260,1,20260913,,,,,,,,,,,,,,,3,42.99111104061613,140.875833,,,1,0,0,0,0,0,0,0,0,0,227,blue,0,0,0
81,04,1812290,1,20260913,3810,248,0,,,,,3710,278,0,,,,,3,43.85258742603739,142.702731203374,,,0,0,0,0,0,6,6,0,0,5,227,blue,4058,3988,8046
81,01,1812300,1,20260913,0,0,0,,,,,668,33,0,,,,,3,43.578650040772516,141.414894,,,0,0,0,0,0,0,0,0,0,0,227,blue,0,701,701
81,01,1812310,1,20260913,171,3,0,,,,,193,1,0,,,,,3,43.548241040765674,141.621516,,,0,0,0,0,0,0,0,0,0,7,227,blue,174,194,368
81,01,1812320,1,20260913,187,4,0,,,,,206,1,0,,,,,3,43.542762040764444,141.638006,,,0,0,0,0,0,0,0,0,0,0,227,blue,191,207,398
81,01,1812330,1,20260913,2121,52,0,,,,,2158,33,0,,,,,3,43.55901004076813,141.903362,,,0,0,0,0,0,0,0,0,0,90,227,blue,2173,2191,4364
81,01,1812340,1,20260913,387,10,0,,,,,359,5,0,,,,,3,42.995832040617586,142.00991,,,0,0,0,0,0,0,0,0,0,0,227,blue,397,364,761
81,01,1812350,1,20260913,6729,151,0,,,,,6420,182,0,,,,,3,42.979904040612645,141.346302,,,0,0,0,0,0,0,0,0,0,7,227,blue,6880,6602,13482
81,01,1812370,1,20260913,1881,23,0,,,,,1549,22,0,,,,,3,42.83639604056636,141.300884,,,0,0,0,0,0,0,0,0,0,4,227,blue,1904,1571,3475
81,01,1812380,1,20260913,1747,15,0,,,,,1664,13,0,,,,,3,42.80255304055502,141.327921,,,0,0,0,0,0,0,0,0,0,2,227,blue,1762,1677,3439
82,,2810010,1,20260913,4014,570,0,,,,,3941,311,0,,,,,3,37.18051903644227,140.286944,,,1,,,,0,,,,,,228,blue,4584,4252,8836
82,,2810030,1,20260913,1601,178,0,,,,,1629,103,0,,,,,3,37.862598037160126,140.528175,,,1,,,,0,,,,,,228,blue,1779,1732,3511
82,,2810180,1,20260913,585,93,0,,,,,23,14,0,,,,,3,38.89166803813703,141.115835,,,1,,,,0,,,,,,228,blue,678,37,715
82,,2810190,1,20260913,459,56,0,,,,,65,47,0,,,,,3,39.03166703825964,141.1175,,,1,,,,0,,,,,,228,blue,515,112,627
82,,2810200,1,20260913,173,9,0,,,,,591,58,0,,,,,3,39.0450020382712,141.129544,,,1,,,,0,,,,,,228,blue,182,649,831
82,,2810220,1,20260913,9262,606,0,,,,,8826,444,0,,,,,3,39.29444503848296,141.105556,,,0,,,,0,,,,,,228,blue,9868,9270,19138
82,,2810230,1,20260913,0,0,0,,,,,0,0,0,,,,,3,39.344446038524424,141.106946,,,1,,,,0,,,,,,228,blue,0,0,0
82,,2810240,1,20260913,77,113,0,,,,,215,160,0,,,,,3,39.651946038772245,141.164724,,,1,,,,0,,,,,,228,blue,190,375,565
82,,2810250,1,20260913,0,3,0,,,,,7,2,0,,,,,3,39.888889038954595,141.19528,,,1,,,,0,,,,,,228,blue,3,9,12
82,,2810270,1,20260913,213,11,0,,,,,0,0,0,,,,,3,40.27277803923393,141.293058,,,1,,,,0,,,,,,228,blue,224,0,224
82,,2810280,1,20260913,1325,185,0,,,,,1498,185,0,,,,,3,40.41445803933193,141.298913,,,1,,,,0,,,,,,228,blue,1510,1683,3193
82,,2810290,1,20260913,3917,290,0,,,,,4102,228,0,,,,,3,40.718083039532594,141.156692,,,0,,,,0,,,,,,228,blue,4207,4330,8537
82,,2810300,1,20260913,3163,190,0,,,,,2851,154,0,,,,,3,40.907508039651255,141.061111,,,1,,,,0,,,,,,228,blue,3353,3005,6358
82,,2810310,1,20260913,4544,425,0,,,,,4218,211,0,,,,,3,40.8547220396187,140.839178,,,1,,,,0,,,,,,228,blue,4969,4429,9398
82,,2810320,1,20260913,8456,1031,0,,,,,9320,404,0,,,,,3,36.91389703614713,140.802218,,,0,,,,0,,,,,,228,blue,9487,9724,19211
82,,2810330,1,20260913,7213,625,0,,,,,7162,334,0,,,,,3,37.027520036273884,140.897874,,,0,,,,0,,,,,,228,blue,7838,7496,15334
82,,2810340,1,20260913,,,,,,,,,,,,,,,3,37.191077036453784,140.999315,,,1,,,,0,,,,,,228,blue,0,0,0
82,,2810350,1,20260913,,,,,,,,,,,,,,,3,37.83831703713551,140.937334,,,1,,,,0,,,,,,228,blue,0,0,0
82,,2810400,1,20260913,2304,112,0,,,,,1958,89,0,,,,,3,39.26847903846129,139.923131,,,0,,,,0,,,,,,228,blue,2416,2047,4463
82,,2810430,1,20260913,2004,151,0,,,,,2263,146,0,,,,,3,39.976642039020206,140.07770900000003,,,1,,,,0,,,,,,228,blue,2155,2409,4564
82,,2810450,1,20260913,,,,,,,,,,,,,,,3,40.278639039238044,140.449111,,,1,,,,0,,,,,,228,blue,0,0,0
82,,2810460,1,20260913,407,57,0,,,,,306,11,0,,,,,3,40.275306039235716,140.516861,,,1,,,,0,,,,,,228,blue,464,317,781
82,,2810470,1,20260913,2811,288,0,,,,,2738,508,0,,,,,3,40.317917039265446,140.578139,,,0,,,,0,,,,,,228,blue,3099,3246,6345
82,,2810480,1,20260913,434,42,0,,,,,812,72,0,,,,,3,40.577502039441285,140.518889,,,1,,,,0,,,,,,228,blue,476,884,1360
82,,2810490,1,20260913,6316,351,0,,,,,5984,301,0,,,,,3,40.711137039528154,140.580013,,,1,,,,0,,,,,,228,blue,6667,6285,12952
82,,2810580,1,20260913,361,152,0,,,,,367,91,0,,,,,3,39.260555038454655,140.543611,,,1,,,,0,,,,,,228,blue,513,458,971
82,,2810590,1,20260913,378,253,0,,,,,564,154,0,,,,,3,39.44138803860391,140.505,,,1,,,,0,,,,,,228,blue,631,718,1349
82,,2810600,1,20260913,4562,280,0,,,,,4674,208,0,,,,,3,39.51138803866052,140.380833,,,1,,,,0,,,,,,228,blue,4842,4882,9724
82,,2810610,1,20260913,4752,286,0,,,,,5588,435,0,,,,,3,39.63750003876089,140.300833,,,0,,,,0,,,,,,228,blue,5038,6023,11061
82,,2810620,1,20260913,8242,503,0,,,,,6871,872,0,,,,,3,39.67388903878944,140.152222,,,1,,,,0,,,,,,228,blue,8745,7743,16488
82,,2810630,1,20260913,12147,604,0,,,,,12040,1144,0,,,,,3,39.69425003880535,140.122194,,,0,,,,0,,,,,,228,blue,12751,13184,25935
82,,2810960,1,20260913,102,3,0,,,,,4,0,0,,,,,3,40.26398203922775,141.40187,,,1,,,,0,,,,,,228,blue,105,4,109
82,,2810970,1,20260913,49,4,0,,,,,26,7,0,,,,,3,40.4453010393529,141.638612,,,1,,,,0,,,,,,228,blue,53,33,86
82,,2810980,1,20260913,0,0,0,,,,,105,63,0,,,,,3,40.30396403925574,141.3059,,,1,,,,0,,,,,,228,blue,0,168,168
82,,2810990,1,20260913,4817,267,0,,,,,3953,178,0,,,,,3,40.60361303945845,141.404748,,,0,,,,0,,,,,,228,blue,5084,4131,9215
82,,2811030,1,20260913,1445,125,0,,,,,1338,213,0,,,,,3,39.608922038738314,140.57135,,,0,,,,0,,,,,,228,blue,1570,1551,3121
82,,2811140,1,20260913,866,95,0,,,,,762,53,0,,,,,3,37.03129103627806,140.879088,,,1,,,,0,,,,,,228,blue,961,815,1776
82,,2811160,1,20260913,2430,217,0,,,,,2409,229,0,,,,,3,37.1928290364557,140.62122,,,0,,,,0,,,,,,228,blue,2647,2638,5285
83,,3810010,1,20260913,,,,,,,,,,,,,,,3,35.23222203411103,139.112514,,,1,,,,,,,,,,228,blue,0,0,0
83,,3810040,1,20260913,13326,362,0,,,,,1836,48,0,,,,,3,35.26450803415279,139.182925,,,0,0,0,0,0,0,0,0,0,0,228,blue,13688,1884,15572
83,,3810050,1,20260913,17737,1157,0,,,,,,,,,,,,3,35.71158901450833,139.777491746321,,,0,0,0,0,0,0,0,0,0,0,228,blue,18894,0,18894
83,,3810060,1,20260913,11611,805,0,,,,,11391,764,0,,,,,3,35.725261072361086,139.78833095668,,,0,0,0,0,0,0,0,0,0,0,228,blue,12416,12155,24571
83,,3810061,1,20260913,12742,902,0,,,,,11345,805,0,,,,,3,35.72724220226666,139.789181219765,,,0,0,0,0,0,0,0,0,0,0,228,blue,13644,12150,25794
83,,3810070,1,20260913,12857,1029,0,,,,,8195,550,0,,,,,3,35.735055772282294,139.795343463609,,,0,0,0,0,0,0,0,0,0,0,228,blue,13886,8745,22631
83,,3810080,1,20260913,0,0,0,,,,,14614,944,0,,,,,3,35.73896290498206,139.797270681572,,,0,0,0,0,0,0,0,0,0,0,228,blue,0,15558,15558
83,,3810100,1,20260913,3112,41,0,,,,,4395,79,0,,,,,3,36.53972203571964,139.883611,,,0,0,0,0,0,0,0,0,0,0,228,blue,3153,4474,7627
83,,3810110,1,20260913,7188,1040,0,,,,,7315,468,0,,,,,3,36.91694403615054,139.999722,,,0,0,0,0,0,0,0,0,0,0,228,blue,8228,7783,16011
83,,3810140,1,20260913,9960,1612,0,,,,,8262,1121,0,,,,,3,35.9900520350645,139.793529,,,0,0,0,0,0,0,0,0,0,0,228,blue,11572,9383,20955
83,,3810151,1,20260913,6734,1710,0,,,,,8644,1440,0,,,,,3,36.07984803517367,139.770041,,,0,0,0,0,0,0,0,0,0,0,228,blue,8444,10084,18528
83,,3810160,1,20260913,9479,1055,0,,,,,11819,1573,0,,,,,3,36.167500035279446,139.779444,,,0,0,0,0,0,0,0,0,0,0,228,blue,10534,13392,23926
83,,3810180,1,20260913,6270,872,0,,,,,13214,1058,0,,,,,3,36.296506035433666,139.841547,,,0,0,0,0,0,0,0,0,0,0,228,blue,7142,14272,21414
83,,3810200,1,20260913,291,83,0,,,,,24294,1935,0,,,,,3,36.57174703575683,139.941692,,,0,0,0,0,0,0,0,0,0,0,228,blue,374,26229,26603
83,,3810210,1,20260913,14448,341,0,,,,,4,0,0,,,,,3,35.694558518577544,139.78420024258003,,,0,0,0,0,0,0,0,0,0,0,228,blue,14789,4,14793
83,,3810220,1,20260913,5908,651,0,,,,,3403,201,0,,,,,3,35.73416286894769,139.831977693081,,,0,0,0,0,0,0,103,0,0,0,228,blue,6559,3604,10163
83,,3810230,1,20260913,2235,37,0,,,,,3830,181,0,,,,,3,35.735319871891136,139.833592336398,,,0,0,0,0,0,0,0,0,0,0,228,blue,2272,4011,6283
83,,3810260,1,20260913,,,,,,,,,,,,,,,3,35.83796603487771,139.939917,,,1,,,,,,,,,,228,blue,0,0,0
83,,3810280,1,20260913,,,,,,,,,,,,,,,3,35.895306034948405,140.059167,,,1,0,0,0,0,0,0,0,0,0,228,blue,0,0,0
83,,3810290,1,20260913,4222,213,0,,,,,10173,1079,0,,,,,3,36.06811403515946,140.179269,,,0,0,0,0,0,0,0,0,0,0,228,blue,4435,11252,15687
83,,3810300,1,20260913,12279,971,0,,,,,8054,922,0,,,,,3,36.078239035171734,140.177747,,,0,0,0,0,0,0,0,0,0,0,228,blue,13250,8976,22226
83,,3810320,1,20260913,2275,244,0,,,,,10176,1350,0,,,,,3,36.378875035531216,140.500661,,,0,0,0,0,0,0,0,0,0,0,228,blue,2519,11526,14045
83,,3810330,1,20260913,1689,253,0,,,,,14393,617,0,,,,,3,36.655972035854084,140.701006,,,0,0,0,0,0,0,0,0,0,0,228,blue,1942,15010,16952
83,,3810340,1,20260913,6223,708,0,,,,,5558,218,0,,,,,3,36.794736036012644,140.752922,,,0,0,0,0,0,0,0,0,0,0,228,blue,6931,5776,12707
83,,3810350,1,20260913,14048,904,0,,,,,6,3,0,,,,,3,35.92645303498668,140.111775,,,0,0,0,0,0,0,0,0,0,0,228,blue,14952,9,14961
83,,3810360,1,20260913,,,,,,,,,,,,,,,3,35.694040942069805,139.789910543304,,,1,0,0,0,0,0,0,0,0,0,228,blue,0,0,0
83,,3810370,1,20260913,,,,,,,,,,,,,,,3,35.702867388707524,139.866257828687,,,1,0,0,0,0,0,0,0,0,0,228,blue,0,0,0
83,,3810380,1,20260913,,,,,,,,,,,,,,,3,35.628891034617155,140.088076,,,1,,,,,,,,,,228,blue,0,0,0
83,,3810390,1,20260913,,,,,,,,,,,,,,,3,35.62349099143046,139.737976826575,,,1,,,,,,,,,,228,blue,0,0,0
83,,3810400,1,20260913,4359,117,0,,,,,5707,60,0,,,,,3,35.263900034152,139.698397,,,0,0,0,0,0,0,0,0,0,0,228,blue,4476,5767,10243
83,,3810410,1,20260913,7072,375,0,,,,,7373,350,0,,,,,3,35.62304903460981,139.340292,,,0,0,0,0,0,0,0,0,0,0,228,blue,7447,7723,15170
83,,3810420,1,20260913,8583,376,0,,,,,8931,755,0,,,,,3,35.67571003467587,139.331954,,,0,0,0,0,0,0,0,0,0,0,228,blue,8959,9686,18645
83,,3810431,1,20260913,9057,1435,0,,,,,10130,1332,0,,,,,3,35.77594403480087,139.336731,,,0,0,0,0,0,0,0,0,0,0,228,blue,10492,11462,21954
83,,3810440,1,20260913,,,,,,,,,,,,,,,3,35.82933103486704,139.380426,,,1,0,0,0,0,0,0,0,0,0,228,blue,0,0,0
83,,3810460,1,20260913,16294,1462,0,,,,,16074,1515,0,,,,,3,35.91289603497003,139.534764,,,0,0,0,0,0,0,0,0,0,0,228,blue,17756,17589,35345
83,,3810470,1,20260913,,,,,,,,10796,1118,0,,,,,3,35.92749603498795,139.591065,,,0,0,0,0,0,0,2,0,0,0,228,blue,0,11914,11914
83,,3810490,1,20260913,,,,,,,,,,,,,,,3,35.992460035067445,139.820467,,,1,,,,,,,,,,228,blue,0,0,0
83,,3810500,1,20260913,4572,293,0,,,,,7916,1075,0,,,,,3,35.79376864024429,139.685717006056,,,0,0,0,0,0,0,0,0,0,0,228,blue,4865,8991,13856
83,,3810510,1,20260913,5100,588,0,,,,,5148,578,0,,,,,3,35.8210620348568,139.680963,,,0,0,0,0,0,0,0,0,0,0,228,blue,5688,5726,11414
83,,3810520,1,20260913,16498,1491,0,,,,,17206,1279,0,,,,,3,35.97632603504774,139.594106,,,0,0,0,0,0,0,0,0,0,0,228,blue,17989,18485,36474
83,,3810540,1,20260913,8996,487,0,,,,,9142,758,0,,,,,3,36.230692035355204,139.2134,,,0,0,0,0,0,0,2,0,0,0,228,blue,9483,9900,19383
83,,3810560,1,20260913,14210,704,0,,,,,13131,436,0,,,,,3,36.31113903545105,139.02725,,,0,0,0,0,0,0,0,0,0,0,228,blue,14914,13567,28481
83,,3810600,1,20260913,2192,74,0,,,,,2504,211,0,,,,,3,36.68205603588405,138.968889,,,0,0,0,0,0,0,0,0,0,0,228,blue,2266,2715,4981
83,,3810610,1,20260913,18114,1731,0,,,,,,,,,,,,3,35.84803703489016,139.625615,,,0,0,0,0,0,0,3,0,0,0,228,blue,19845,0,19845
83,,3810620,1,20260913,,,,,,,,18202,1535,0,,,,,3,35.84444303488572,139.626759,,,0,0,0,0,0,0,2,0,0,0,228,blue,0,19737,19737
83,,3810670,1,20260913,14870,1387,0,,,,,13588,991,0,,,,,3,36.35330303550101,139.215067,,,0,0,0,0,0,0,0,0,0,0,228,blue,16257,14579,30836
83,,3810710,1,20260913,5084,388,0,,,,,6035,330,0,,,,,3,36.33250003547639,138.5235,,,0,0,0,0,0,0,0,0,0,0,228,blue,5472,6365,11837
83,,3810720,1,20260913,6612,536,0,,,,,7087,269,0,,,,,3,36.49438903566681,138.150722,,,0,0,0,0,0,0,11,0,0,0,228,blue,7148,7356,14504
83,,3810740,1,20260913,9851,372,0,,,,,8259,296,0,,,,,3,36.65492503585288,138.23375,,,0,0,0,0,0,0,0,0,0,0,228,blue,10223,8555,18778
83,,3810750,1,20260913,9742,231,0,,,,,3765,154,0,,,,,3,36.695139035899054,138.26925,,,0,0,0,0,0,0,0,0,0,0,228,blue,9973,3919,13892
83,,3810760,1,20260913,6699,189,0,,,,,6183,214,0,,,,,3,36.717694035924886,138.298306,,,0,0,0,0,0,0,0,0,0,0,228,blue,6888,6397,13285
83,,3810770,1,20260913,2698,203,0,,,,,2485,84,0,,,,,3,36.75032203596213,138.212264,,,0,0,0,0,0,0,0,0,0,0,228,blue,2901,2569,5470
83,,3810780,1,20260913,3261,144,0,,,,,2914,153,0,,,,,3,36.792972036010646,138.219778,,,0,0,0,0,0,0,0,0,0,0,228,blue,3405,3067,6472
83,,3810790,1,20260913,5202,75,0,,,,,4850,136,0,,,,,3,36.406417035563685,138.204417,,,0,0,0,0,0,0,1,0,0,0,228,blue,5277,4986,10263
83,,3810800,1,20260913,765,30,0,,,,,774,12,0,,,,,3,36.82044403604179,138.192306,,,0,0,0,0,0,0,0,0,0,0,228,blue,795,786,1581
83,,3810810,1,20260913,3309,83,0,,,,,2821,53,0,,,,,3,36.8368890360604,138.205542,,,0,0,0,0,0,0,0,0,0,0,228,blue,3392,2874,6266
83,,3810820,1,20260913,1816,46,0,,,,,1664,169,0,,,,,3,36.513833035689494,138.094389,,,0,0,0,0,0,0,1,0,0,0,228,blue,1862,1833,3695
83,,3810821,1,20260913,2040,166,0,,,,,1878,83,0,,,,,3,36.52786103570584,138.096722,,,0,0,0,0,0,0,6,0,0,0,228,blue,2206,1961,4167
83,,3810830,1,20260913,7931,305,0,,,,,4917,185,0,,,,,3,36.23586103536139,137.9565,,,0,0,0,0,0,0,3,0,0,0,228,blue,8236,5102,13338
83,,3810840,1,20260913,3046,311,0,,,,,2898,109,0,,,,,3,36.38313903553625,137.925722,,,0,0,0,0,0,0,1,0,0,0,228,blue,3357,3007,6364
83,,3810850,1,20260913,2098,188,0,,,,,1832,93,0,,,,,3,36.4623860356294,137.946275,,,0,0,0,0,0,0,1,0,0,0,228,blue,2286,1925,4211
83,,3810860,1,20260913,3074,206,0,,,,,3183,79,0,,,,,3,36.5884720357762,138.050889,,,0,0,0,0,0,0,11,0,0,0,228,blue,3280,3262,6542
83,,3810870,1,20260913,6305,212,0,,,,,7564,282,0,,,,,3,36.61469403580651,138.085167,,,0,0,0,0,0,0,0,0,0,0,228,blue,6517,7846,14363
83,,3810880,1,20260913,5897,500,0,,,,,7427,398,0,,,,,3,36.615111035807,138.086528,,,0,0,0,0,0,0,2,0,0,0,228,blue,6397,7825,14222
83,,3810900,1,20260913,3137,74,0,,,,,3604,161,0,,,,,3,36.62808303582196,138.153194,,,0,0,0,0,0,0,5,0,0,0,228,blue,3211,3765,6976
83,,3810910,1,20260913,8561,273,0,,,,,9713,123,0,,,,,3,36.64626403584291,138.18197200000003,,,0,0,0,0,0,0,0,0,0,0,228,blue,8834,9836,18670
83,,3810920,1,20260913,6187,137,0,,,,,5743,81,0,,,,,3,36.648972035846036,138.193972,,,0,0,0,0,0,0,0,0,0,0,228,blue,6324,5824,12148
83,,3810930,1,20260913,3567,316,0,,,,,4408,227,0,,,,,3,36.616944035809105,138.133611,,,0,0,0,0,0,0,0,0,0,0,228,blue,3883,4635,8518
83,,3810950,1,20260913,,,,,,,,,,,,,,,3,35.67318837384892,139.663841176629,,,0,0,0,0,0,1,0,228,0,0,228,blue,0,0,0
83,,3810970,1,20260913,3676,83,0,,,,,1859,27,0,,,,,3,35.61726703460252,139.240054,,,0,0,0,0,0,0,0,0,0,0,228,blue,3759,1886,5645
83,,3810980,1,20260913,4164,140,0,,,,,2629,65,0,,,,,3,35.62000003460596,139.1275,,,0,0,0,0,0,0,0,0,0,0,228,blue,4304,2694,6998
83,,3811030,1,20260913,13559,825,0,,,,,12441,1270,0,,,,,3,35.643889034635976,138.636389,,,0,0,0,0,0,0,0,0,0,0,228,blue,14384,13711,28095
83,,3811050,1,20260913,3799,349,0,,,,,3652,158,0,,,,,3,35.91541703497313,138.227361,,,0,0,0,0,0,0,3,0,0,0,228,blue,4148,3810,7958
83,,3811060,1,20260913,,,,,,,,,,,,,,,3,35.94028603500364,138.197875,,,1,0,0,0,0,0,3,0,0,0,228,blue,0,0,0
83,,3811070,1,20260913,4573,76,0,,,,,4579,154,0,,,,,3,36.029750035112876,138.1255,,,0,0,0,0,0,0,6,0,0,0,228,blue,4649,4733,9382
83,,3811080,1,20260913,8981,492,0,,,,,7587,362,0,,,,,3,36.077694035171085,138.037889,,,0,0,0,0,0,0,6,0,0,0,228,blue,9473,7949,17422
83,,3811090,1,20260913,19,0,0,,,,,6397,695,0,,,,,3,36.12191703522454,137.959472,,,0,0,0,0,0,0,4,0,0,0,228,blue,19,7092,7111
83,,3811100,1,20260913,,,,,,,,,,,,,,,3,35.9769440350485,138.163333,,,1,0,0,0,0,0,19,0,0,0,228,blue,0,0,0
83,,3811110,1,20260913,2731,370,0,,,,,3086,618,0,,,,,3,36.08683303518214,138.06408300000004,,,0,0,0,0,0,0,1,0,0,0,228,blue,3101,3704,6805
83,,3811121,1,20260913,,,,,,,,1855,293,0,,,,,3,35.63168503462065,139.28402,,,0,0,0,0,0,1,3,0,0,0,228,blue,0,2148,2148
83,,3811130,1,20260913,3603,208,0,,,,,3828,156,0,,,,,3,35.99511103507067,138.139278,,,0,0,0,0,0,0,0,0,0,0,228,blue,3811,3984,7795
83,,3811220,1,20260913,,,,,,,,,,,,,,,3,35.959128035026716,140.602286,,,1,0,0,0,0,0,0,0,0,0,228,blue,0,0,0
83,,3811230,1,20260913,11,18,0,,,,,3517,223,0,,,,,3,35.95769703502496,140.602514,,,0,0,0,0,0,0,0,0,0,0,228,blue,29,3740,3769
83,,3811240,1,20260913,3331,191,0,,,,,2744,146,0,,,,,3,35.200928034070465,138.520986,,,0,0,0,0,0,0,0,0,0,0,228,blue,3522,2890,6412
83,,3811250,1,20260913,732,42,0,,,,,588,18,0,,,,,3,35.31250003421467,138.442011,,,0,0,0,0,0,0,0,0,0,0,228,blue,774,606,1380
83,,3811270,1,20260913,3643,318,0,,,,,4298,223,0,,,,,3,35.5316670344945,138.450278,,,0,0,0,0,0,0,0,0,0,0,228,blue,3961,4521,8482
83,,3811290,1,20260913,,,,,,,,,,,,,,,3,35.041444033862305,139.833306,,,1,,,,,,,,,,228,blue,0,0,0
83,,3811300,1,20260913,,,,,,,,,,,,,,,3,35.157361034013846,139.819,,,1,,,,,,,,,,228,blue,0,0,0
83,,3811330,1,20260913,6213,231,0,,,,,6789,120,0,,,,,3,35.53888903450364,138.885556,,,0,0,0,0,0,0,0,0,0,0,228,blue,6444,6909,13353
83,,3811340,1,20260913,4775,173,0,,,,,5404,167,0,,,,,3,35.60305603458465,138.940833,,,0,0,0,0,0,0,23,0,0,0,228,blue,4948,5571,10519
83,,3811350,1,20260913,15533,829,0,,,,,17322,831,0,,,,,3,35.61569396585425,139.627538019939,,,0,0,0,0,0,0,0,0,0,1,228,blue,16362,18153,34515
83,,3811360,1,20260913,12265,1621,0,,,,,15117,1554,0,,,,,3,35.48552503443597,139.460986,,,0,0,0,0,0,10,0,0,0,0,228,blue,13886,16671,30557
83,,3811370,1,20260913,6175,642,0,,,,,4735,391,0,,,,,3,35.35857503427389,139.075042,,,0,0,0,0,0,10,0,0,0,0,228,blue,6817,5126,11943
83,,3811390,1,20260913,21078,2786,0,,,,,,,,,,,,3,35.64686740024182,139.854860316246,,,0,0,0,0,0,0,0,0,0,0,228,blue,23864,0,23864
83,,3811401,1,20260913,2,0,0,,,,,,,,,,,,3,35.64792275306184,139.837391468126,,,0,0,0,0,0,0,0,0,0,0,228,blue,2,0,2
83,,3811410,1,20260913,14527,2400,0,,,,,,,,,,,,3,35.6321085640565,139.785108560174,,,0,0,0,0,0,0,3,0,0,0,228,blue,16927,0,16927
83,,3811411,1,20260913,,,,,,,,13743,2316,0,,,,,3,35.63193106766495,139.786372369256,,,0,0,0,0,0,0,38,0,0,0,228,blue,0,16059,16059
83,,3811420,1,20260913,,,,,,,,,,,,,,,3,35.57873713134419,139.756665501316,,,1,0,0,0,0,0,51,0,0,39,228,blue,0,0,0
83,,3811421,1,20260913,,,,,,,,7179,1937,0,,,,,3,35.573715682248654,139.759184371525,,,0,0,0,0,0,0,0,0,0,0,228,blue,0,9116,9116
83,,3811430,1,20260913,,,,,,,,,,,,,,,3,35.6138270345982,140.103045,,,1,,,,,,,,,,228,blue,0,0,0
83,,3811440,1,20260913,1224,159,0,,,,,4438,252,0,,,,,3,35.60712645223976,139.747366707275,,,0,0,0,0,0,0,0,0,0,0,228,blue,1383,4690,6073
84,,4810010,1,20260913,,,,,,,,,,,,,,,3,37.9300000372281,139.134722,,,0,0,0,0,0,0,0,0,0,228,228,blue,0,0,0
84,,4810020,1,20260913,19874,1004,0,,,,,15739,524,0,,,,,3,37.95278103725094,139.213611,,,0,0,0,0,0,0,0,0,0,0,228,blue,20878,16263,37141
84,,4810040,1,20260913,5581,222,0,,,,,361,12,0,,,,,3,37.96305603726123,139.3275,,,0,0,0,0,0,0,0,0,0,0,228,blue,5803,373,6176
84,,4810060,1,20260913,2194,56,0,,,,,2093,169,0,,,,,3,38.2550360375481,139.501792,,,0,0,0,0,0,0,0,0,0,0,228,blue,2250,2262,4512
84,,4810070,1,20260913,,,,,,,,,,,,,,,3,38.28200003757407,139.521444,,,1,0,0,0,0,228,228,0,0,0,228,blue,0,0,0
84,,4810080,1,20260913,,,,,,,,,,,,,,,3,38.374925037662884,139.556342,,,1,0,0,0,0,0,0,0,0,0,228,blue,0,0,0
84,,4810090,1,20260913,11550,556,0,,,,,10217,802,0,,,,,3,37.5351670368223,138.881569,,,0,0,0,0,0,2,2,0,0,0,228,blue,12106,11019,23125
84,,4810100,1,20260913,10537,419,0,,,,,11354,826,0,,,,,3,37.473639036757405,138.880583,,,0,0,0,0,0,0,0,0,0,0,228,blue,10956,12180,23136
84,,4810110,1,20260913,12592,215,0,,,,,12091,135,0,,,,,3,37.459033036741936,138.856414,,,0,0,0,0,0,0,0,0,0,0,228,blue,12807,12226,25033
84,,4810120,1,20260913,12257,202,0,,,,,13805,265,0,,,,,3,37.462169036745266,138.845592,,,0,0,0,0,0,1,1,0,0,0,228,blue,12459,14070,26529
84,,4810130,1,20260913,8897,193,0,,,,,9138,138,0,,,,,3,37.44445303672647,138.785889,,,0,0,0,0,0,1,1,0,0,2,228,blue,9090,9276,18366
84,,4810140,1,20260913,5332,105,0,,,,,4902,147,0,,,,,3,37.44069403672249,138.740364,,,0,0,0,0,0,0,0,0,0,0,228,blue,5437,5049,10486
84,,4810150,1,20260913,2746,48,0,,,,,3188,65,0,,,,,3,37.41229403669227,138.674192,,,1,0,0,0,0,0,0,0,0,0,228,blue,2794,3253,6047
84,,4810160,1,20260913,,,,,,,,,,,,,,,3,37.23896903650589,138.343486,,,1,0,0,0,0,0,0,0,0,1,228,blue,0,0,0
84,,4810170,1,20260913,,,,,,,,,,,,,,,3,37.18690003644924,138.272953,,,1,0,0,0,0,0,0,0,0,0,228,blue,0,0,0
84,,4810180,1,20260913,8469,296,0,,,,,8580,345,0,,,,,3,37.17543303643671,138.266805,,,0,0,0,0,0,0,0,0,0,0,228,blue,8765,8925,17690
84,,4810190,1,20260913,2814,120,0,,,,,3123,140,0,,,,,3,37.1623530364224,138.247561,,,1,0,0,0,0,0,0,0,0,2,228,blue,2934,3263,6197
84,,4810200,1,20260913,3714,266,0,,,,,3929,320,0,,,,,3,37.105891036360454,137.990565,,,0,0,0,0,0,0,0,0,0,1,228,blue,3980,4249,8229
84,,4810210,1,20260913,3705,261,0,,,,,4020,247,0,,,,,3,37.08795603634071,137.96033,,,0,0,0,0,0,0,0,0,0,0,228,blue,3966,4267,8233
84,,4810220,1,20260913,2739,179,0,,,,,3494,198,0,,,,,3,37.057208036306754,137.905455,,,0,0,0,0,0,0,0,0,0,0,228,blue,2918,3692,6610
84,,4810230,1,20260913,2351,189,0,,,,,3361,276,0,,,,,3,37.050899036299775,137.885459,,,0,0,0,0,0,0,0,0,0,0,228,blue,2540,3637,6177
84,,4810250,1,20260913,1242,79,0,,,,,802,28,0,,,,,3,37.05093203629982,137.890368,,,0,0,0,0,0,0,0,0,0,0,228,blue,1321,830,2151
84,,4810260,1,20260913,4050,701,0,,,,,4317,193,0,,,,,3,36.9856190362273,138.808078,,,0,0,0,0,0,0,0,0,0,1,228,blue,4751,4510,9261
84,,4810270,1,20260913,4954,373,0,,,,,4806,95,0,,,,,3,37.24858103651632,138.916575,,,0,0,0,0,0,0,0,0,0,0,228,blue,5327,4901,10228
84,,4810280,1,20260913,1402,100,0,,,,,1169,65,0,,,,,3,37.17036103643117,138.942139,,,0,0,0,0,0,0,0,0,0,0,228,blue,1502,1234,2736
84,,4810290,1,20260913,4838,215,0,,,,,5337,166,0,,,,,3,37.07683703632844,138.265595,,,0,0,0,0,0,0,0,0,0,13,228,blue,5053,5503,10556
84,,4810300,1,20260913,1153,133,0,,,,,1123,61,0,,,,,3,37.66361103695634,139.536806,,,0,0,0,0,0,0,0,0,0,1,228,blue,1286,1184,2470
84,,4810310,1,20260913,6832,222,0,,,,,7034,114,0,,,,,3,37.84055603713779,139.147778,,,0,0,0,0,0,0,0,0,0,0,228,blue,7054,7148,14202
84,,4810330,1,20260913,27928,466,0,,,,,24057,465,0,,,,,3,37.8978060371957,139.070722,,,0,0,0,0,0,0,0,0,0,0,228,blue,28394,24522,52916
84,,4810340,1,20260913,2108,247,0,,,,,2357,142,0,,,,,3,37.563464036852,138.734306,,,0,0,0,0,0,0,0,0,0,2,228,blue,2355,2499,4854
84,,4810350,1,20260913,5078,357,0,,,,,5589,169,0,,,,,3,37.61757803690852,138.825033,,,0,0,0,0,0,0,0,0,0,0,228,blue,5435,5758,11193
84,,4810360,1,20260913,5739,395,0,,,,,5343,283,0,,,,,3,37.690358036984,138.885919,,,0,0,0,0,0,0,0,0,0,0,228,blue,6134,5626,11760
84,,4810370,1,20260913,7570,341,0,,,,,7750,297,0,,,,,3,37.8052690371019,138.92235,,,0,0,0,0,0,0,0,0,0,3,228,blue,7911,8047,15958
84,,4810380,1,20260913,14563,378,0,,,,,15884,364,0,,,,,3,37.86309703716064,138.981,,,0,0,0,0,0,0,0,0,0,0,228,blue,14941,16248,31189
84,,4810395,1,20260913,5046,188,8,,,,,4567,247,39,,,,,3,36.691540505894935,136.9116223,,,0,,,,0,9,,,0,0,228,blue,5242,4853,10095
84,,4810406,1,20260913,2968,205,36,,,,,3652,132,101,,,,,3,36.89660103612769,137.444677,,,0,,,,0,2,,,0,0,228,blue,3209,3885,7094
84,,4810410,1,20260913,7207,186,0,,,,,7312,74,0,,,,,3,36.816442036037266,137.41630300000003,,,0,0,0,0,0,75,75,0,0,1,228,blue,7393,7386,14779
84,,4810420,1,20260913,7831,309,0,,,,,8323,216,0,,,,,3,36.718606035925916,137.303914,,,0,0,0,0,0,67,67,0,0,6,228,blue,8140,8539,16679
84,,4810430,1,20260913,7031,257,0,,,,,6713,148,0,,,,,3,36.71795303592518,137.279328,,,0,0,0,0,0,74,74,0,0,10,228,blue,7288,6861,14149
84,,4810440,1,20260913,9124,435,0,,,,,9256,259,0,,,,,3,36.72027203592783,137.263083,,,0,0,0,0,0,19,19,0,0,4,228,blue,9559,9515,19074
84,,4810445,1,20260913,14022,495,15,,,,,13606,494,93,,,,,3,36.73017862593915,137.18171158,,,0,,,,0,2,,,0,0,228,blue,14532,14193,28725
84,,4810447,1,20260913,9608,363,90,,,,,10703,310,119,,,,,3,36.72863947593739,137.12486156,,,0,,,,0,1,,,0,0,228,blue,10061,11132,21193
84,,4810454,1,20260913,10416,172,585,,,,,11539,185,3,,,,,3,36.744673195955684,136.99179584,,,0,,,,0,2,,,0,0,228,blue,11173,11727,22900
84,,4810460,1,20260913,,,,,,,,,,,,,,,3,36.68745003589023,136.855675,,,1,0,0,0,0,62,62,0,0,8,228,blue,0,0,0
84,,4810462,1,20260913,2371,157,1,,,,,680,4,0,,,,,3,36.525710035703334,137.22999,,,0,,,,0,22,,,0,0,228,blue,2529,684,3213
84,,4810463,1,20260913,,,,,,,,,,,,,,,3,36.53609652571542,137.23114399,,,1,,,,0,17,,,0,0,228,blue,0,0,0
84,,4810470,1,20260913,,,,,,,,,,,,,,,3,36.69575603589977,137.237889,,,1,0,0,0,0,0,0,0,0,0,228,blue,0,0,0
84,,4810480,1,20260913,1810,49,0,,,,,1874,68,0,,,,,3,36.580522035767004,136.965706,,,0,0,0,0,0,84,84,0,0,0,228,blue,1859,1942,3801
84,,4810485,1,20260913,5864,75,39,,,,,6218,75,6,,,,,3,36.68510836918755,136.9765361111,,,0,,,,0,2,,,0,0,228,blue,5978,6299,12277
84,,4810490,1,20260913,2334,20,0,,,,,2673,19,0,,,,,3,36.74530803595641,137.01085,,,0,0,0,0,0,83,83,0,0,0,228,blue,2354,2692,5046
84,,4810500,1,20260913,532,29,0,,,,,234,8,0,,,,,3,36.91246103614551,137.019489,,,0,0,0,0,0,137,137,0,0,1,228,blue,561,242,803
84,,4810510,1,20260913,,,,,,,,,,,,,,,3,36.84943603607457,136.97895,,,1,,,,,,,,,,228,blue,0,0,0
84,,4810530,1,20260913,16167,363,0,,,,,16056,547,0,,,,,3,36.44611103561032,136.488056,,,0,0,0,0,0,0,0,0,0,0,228,blue,16530,16603,33133
84,,4810550,1,20260913,8429,274,0,,,,,8242,400,0,,,,,3,36.32672203546954,136.41169500000004,,,0,0,0,0,0,2,2,0,0,7,228,blue,8703,8642,17345
84,,4810570,1,20260913,8784,834,0,,,,,8763,500,0,,,,,3,36.571667035756725,136.655556,,,0,0,0,0,0,0,0,0,0,4,228,blue,9618,9263,18881
84,,4810580,1,20260913,8829,102,0,,,,,3327,37,0,,,,,3,36.54430803572498,136.640516,,,0,0,0,0,0,1,1,0,0,3,228,blue,8931,3364,12295
84,,4810590,1,20260913,13771,97,0,,,,,14234,102,0,,,,,3,36.54061903572069,136.623128,,,0,0,0,0,0,0,0,0,0,0,228,blue,13868,14336,28204
84,,4810600,1,20260913,3362,112,0,,,,,3377,110,0,,,,,3,37.04041903628817,136.969305,,,0,0,0,0,0,17,17,0,0,0,228,blue,3474,3487,6961
84,,4810610,1,20260913,,,,,,,,,,,,,,,3,36.90469303613679,136.830093,,,1,,,,,,,,,,228,blue,0,0,0
84,,4810620,1,20260913,1360,43,0,,,,,1377,106,0,,,,,3,36.86972803609746,136.79694700000002,,,0,0,0,0,0,0,0,0,0,0,228,blue,1403,1483,2886
84,,4810630,1,20260913,7800,91,0,,,,,5436,46,0,,,,,3,36.560782035744104,136.677711,,,0,0,0,0,0,0,0,0,0,1,228,blue,7891,5482,13373
85,22,5810060,1,20260913,1805,110,,,,,,1590,119,,,,,,3,34.90554603368308,138.270337,,,0,,0,,0,0,0,0,,0,228,blue,1915,1709,3624
85,22,5810080,1,20260913,5821,1578,,,,,,10349,858,,,,,,3,34.84454203360207,138.151981,,,0,,0,,0,0,0,0,,0,228,blue,7399,11207,18606
85,22,5810090,1,20260913,10265,743,,,,,,10347,709,,,,,,3,34.78638703352455,138.050184,,,0,,0,,0,0,0,0,,0,228,blue,11008,11056,22064
85,22,5810110,1,20260913,30778,3010,,,,,,25320,1946,,,,,,3,34.76273603349293,137.969553,,,0,,0,,0,0,0,0,,0,228,blue,33788,27266,61054
85,23,5810190,1,20260913,5469,247,,,,,,5767,120,,,,,,3,35.11388803395716,136.734972,,,0,,0,,0,0,0,0,,0,228,blue,5716,5887,11603
85,24,5810210,1,20260913,5753,808,,,,,,5558,504,,,,,,3,34.86311003362677,136.47097,,,0,,0,,0,0,0,0,,0,228,blue,6561,6062,12623
85,21,5810280,1,20260913,12756,367,,,,,,10190,240,,,,,,3,35.365972034283374,137.22477800000001,,,0,,0,,0,0,0,0,,0,228,blue,13123,10430,23553
85,21,5810330,1,20260913,10630,433,,,,,,10082,674,,,,,,3,35.44925903438983,137.419698,,,0,,0,,0,0,0,0,,0,228,blue,11063,10756,21819
85,21,5810340,1,20260913,8420,848,,,,,,8189,379,,,,,,3,35.45966703440309,137.442028,,,0,,0,,0,0,0,0,,0,228,blue,9268,8568,17836
85,21,5810350,1,20260913,4360,386,,,,,,13812,626,,,,,,3,35.51200003446958,137.521639,,,0,,0,,0,0,0,0,,0,228,blue,4746,14438,19184
85,21,5810360,1,20260913,3575,830,,,,,,2911,426,,,,,,3,35.581250034557165,137.537222,,,0,,0,,0,0,0,0,,0,228,blue,4405,3337,7742
85,21,5810370,1,20260913,3637,325,,,,,,3039,348,,,,,,3,35.81618803485076,137.683244,,,0,,0,,0,0,0,0,,0,228,blue,3962,3387,7349
85,21,5810380,1,20260913,2931,676,,,,,,2955,410,,,,,,3,35.91502403497266,137.77069,,,0,,0,,0,0,0,0,,0,228,blue,3607,3365,6972
85,21,5810390,1,20260913,2506,626,,,,,,2030,232,,,,,,3,35.93471103499681,137.786917,,,0,,0,,0,0,0,0,,0,228,blue,3132,2262,5394
85,21,5810420,1,20260913,3528,344,,,,,,3271,200,,,,,,3,35.37572803429589,137.190676,,,0,,0,,0,0,0,0,,0,228,blue,3872,3471,7343
85,21,5810440,1,20260913,2708,191,,,,,,2964,121,,,,,,3,35.426917034361345,137.132361,,,0,,0,,0,0,0,0,,0,228,blue,2899,3085,5984
85,21,5810470,1,20260913,,,,,,,,,,,,,,,3,35.418612034350744,136.946394,,,1,,0,,0,0,0,0,,0,228,blue,0,0,0
85,21,5810510,1,20260913,2619,119,,,,,,2276,42,,,,,,3,35.37112003428997,136.453326,,,0,,0,,0,0,0,0,,0,228,blue,2738,2318,5056
85,23,5810530,1,20260913,10586,904,,,,,,8520,362,,,,,,3,34.696128033403625,137.40686,,,0,,0,,0,0,0,0,,0,228,blue,11490,8882,20372
85,23,5810570,1,20260913,11516,562,,,,,,11524,959,,,,,,3,34.84938803360853,137.221222,,,0,,0,,0,0,0,0,,0,228,blue,12078,12483,24561
85,23,5810580,1,20260913,15650,1397,,,,,,12,3,,,,,,3,34.84869403360759,137.197416,,,0,,0,,0,0,0,0,,0,228,blue,17047,15,17062
85,23,5810620,1,20260913,20999,2532,,,,,,18316,1329,,,,,,3,35.10119403394058,136.86925,,,0,,0,,0,0,0,0,,0,228,blue,23531,19645,43176
85,24,5810670,1,20260913,12802,515,,,,,,12226,317,,,,,,3,34.65002003334157,136.51956,,,0,,0,,0,0,0,0,,1,228,blue,13317,12543,25860
85,24,5810680,1,20260913,10156,839,,,,,,10653,533,,,,,,3,34.71907003343443,136.4716,,,0,,0,,0,0,0,0,,1,228,blue,10995,11186,22181
85,24,5810690,1,20260913,11860,541,,,,,,11093,363,,,,,,3,34.64712003333765,136.49449,,,0,,0,,0,0,0,0,,1,228,blue,12401,11456,23857
85,24,5810700,1,20260913,8075,2115,,,,,,11374,1825,,,,,,3,34.850220033609624,136.416645,,,0,,0,,0,0,0,0,,0,228,blue,10190,13199,23389
85,24,5810730,1,20260913,12585,2059,,,,,,14568,1128,,,,,,3,34.62822503331218,135.986212,,,0,,0,,0,0,0,0,,0,228,blue,14644,15696,30340
85,21,5810760,1,20260913,3450,212,,,,,,3016,114,,,,,,3,35.55276203452119,137.177488,,,0,,0,,0,0,0,0,,0,228,blue,3662,3130,6792
85,21,5810770,1,20260913,1485,81,,,,,,1228,40,,,,,,3,35.64602003463866,137.169715,,,0,,0,,0,0,0,0,,0,228,blue,1566,1268,2834
85,21,5810780,1,20260913,2067,542,,,,,,2365,278,,,,,,3,35.667031034665,137.162564,,,0,,0,,0,0,0,0,,0,228,blue,2609,2643,5252
85,21,5810790,1,20260913,1710,425,,,,,,1865,101,,,,,,3,35.74291003475978,137.208481,,,0,,0,,0,0,0,0,,0,228,blue,2135,1966,4101
85,21,5810800,1,20260913,1745,704,,,,,,1932,199,,,,,,3,35.77947703480525,137.252586,,,0,,0,,0,0,0,0,,0,228,blue,2449,2131,4580
85,21,5810810,1,20260913,3543,341,,,,,,3386,281,,,,,,3,35.83471903487371,137.232014,,,0,,0,,0,0,0,0,,0,228,blue,3884,3667,7551
85,21,5810830,1,20260913,740,96,,,,,,2196,241,,,,,,3,36.02357503510535,137.294767,,,0,,0,,0,0,0,0,,0,228,blue,836,2437,3273
85,21,5810840,1,20260913,4284,69,,,,,,4384,179,,,,,,3,36.10871303520861,137.266233,,,0,,0,,0,0,0,0,,0,228,blue,4353,4563,8916
85,21,5810850,1,20260913,5832,350,,,,,,4631,221,,,,,,3,36.12373303522673,137.258932,,,0,,0,,0,0,0,0,,0,228,blue,6182,4852,11034
85,21,5810860,1,20260913,1757,239,,,,,,2211,280,,,,,,3,36.25072803537914,137.162845,,,0,,0,,0,0,0,0,,0,228,blue,1996,2491,4487
85,21,5810880,1,20260913,898,74,,,,,,879,57,,,,,,3,36.31423303545473,137.259675,,,0,,0,,0,0,0,0,,0,228,blue,972,936,1908
85,24,5810890,1,20260913,2618,114,,,,,,2923,174,,,,,,3,34.407524733012174,136.4423714,,,0,,0,,0,0,0,0,,0,228,blue,2732,3097,5829
85,24,5810900,1,20260913,864,103,,,,,,770,36,,,,,,3,34.1617406326732,136.2779067,,,0,,0,,0,0,0,0,,0,228,blue,967,806,1773
85,24,5810920,1,20260913,1401,85,,,,,,1324,206,,,,,,3,34.05028613251784,136.1958331,,,0,,0,,0,0,0,0,,0,228,blue,1486,1530,3016
85,24,5810930,1,20260913,213,1,,,,,,212,17,,,,,,3,33.98629813242818,136.1080803,,,0,,0,,0,0,0,0,,0,228,blue,214,229,443
85,24,5810940,1,20260913,579,137,,,,,,637,60,,,,,,3,33.93298113235323,136.0940822,,,0,,0,,0,0,0,0,,0,228,blue,716,697,1413
85,24,5810960,1,20260913,2548,212,,,,,,2210,87,,,,,,3,34.00152563244955,136.1851117,,,0,,0,,0,0,0,0,,0,228,blue,2760,2297,5057
85,24,5810970,1,20260913,2281,143,,,,,,1964,101,,,,,,3,33.942137832366114,136.1524581,,,0,,0,,0,0,0,0,,0,228,blue,2424,2065,4489
85,24,5810980,1,20260913,2780,158,,,,,,2370,114,,,,,,3,33.92889863234747,136.1381858,,,0,,0,,0,0,0,0,,0,228,blue,2938,2484,5422
85,24,5810990,1,20260913,2525,102,,,,,,2139,135,,,,,,3,33.74057583208088,135.9955167,,,0,,0,,0,0,0,0,,0,228,blue,2627,2274,4901
85,24,5811000,1,20260913,3449,209,,,,,,2846,230,,,,,,1,34.10420863259313,136.1948133,,,0,,0,,0,0,0,0,,0,228,blue,3658,3076,6734
85,22,5811020,1,20260913,468,66,,,,,,443,132,,,,,,3,35.15084103400535,138.522379,,,0,,0,,0,0,0,0,,0,228,blue,534,575,1109
85,22,5811030,1,20260913,1691,37,,,,,,1297,61,,,,,,3,35.15470103401037,138.520314,,,0,,0,,0,0,0,0,,0,228,blue,1728,1358,3086
85,22,5811040,1,20260913,,,,,,,,,,,,,,,3,35.19272303405982,138.529894,,,1,,0,,0,0,0,0,,24,228,blue,0,0,0
85,22,5811050,1,20260913,2836,319,,,,,,4113,85,,,,,,3,35.37095103428976,138.860418,,,0,,0,,0,0,0,0,,0,228,blue,3155,4198,7353
85,23,5811110,1,20260913,2401,233,,,,,,2034,82,,,,,,3,35.135027033984734,137.309194,,,0,,0,,0,0,0,0,,0,228,blue,2634,2116,4750
85,23,5811120,1,20260913,2778,206,,,,,,2177,154,,,,,,3,35.149777034003954,137.332722,,,0,,0,,0,0,0,0,,2,228,blue,2984,2331,5315
85,23,5811130,1,20260913,1596,917,,,,,,1922,100,,,,,,3,35.1700830340304,137.406805,,,0,,0,,0,0,0,0,,0,228,blue,2513,2022,4535
85,23,5811140,1,20260913,1330,223,,,,,,1026,71,,,,,,3,35.221388034097004,137.524166,,,0,,0,,0,0,0,0,,0,228,blue,1553,1097,2650
85,21,5811150,1,20260913,3228,183,,,,,,2490,191,,,,,,3,35.46219703440631,137.756093,,,0,,0,,0,0,0,0,,0,228,blue,3411,2681,6092
85,21,5811160,1,20260913,3768,889,,,,,,3566,265,,,,,,3,35.50206103445697,137.792544,,,0,,0,,0,0,0,0,,0,228,blue,4657,3831,8488
85,23,5811170,1,20260913,2600,154,,,,,,2798,60,,,,,,3,35.21055503408296,137.106666,,,0,,0,,0,0,0,0,,0,228,blue,2754,2858,5612
85,21,5811190,1,20260913,3927,156,,,,,,2485,585,,,,,,3,35.601941034583234,136.937212,,,0,,0,,0,0,0,0,,0,228,blue,4083,3070,7153
85,21,5811230,1,20260913,3481,141,,,,,,3355,222,,,,,,3,36.13868903524477,137.164639,,,0,,0,,0,0,0,0,,0,228,blue,3622,3577,7199
85,21,5811240,1,20260913,2921,136,,,,,,2813,244,,,,,,3,36.16135703527206,137.222749,,,0,,0,,0,0,0,0,,0,228,blue,3057,3057,6114
85,22,5811250,1,20260913,1661,111,,,,,,5310,718,,,,,,3,35.312573034214765,138.927446,,,0,,0,,0,0,0,0,,0,228,blue,1772,6028,7800
85,21,5811270,1,20260913,3230,168,,,,,,2893,205,,,,,,3,35.23023303410846,136.596679,,,0,,0,,0,0,0,0,,0,228,blue,3398,3098,6496
85,21,5811330,1,20260913,823,51,,,,,,800,26,,,,,,3,35.46731303441282,137.78409,,,0,,0,,0,0,0,0,,0,228,blue,874,826,1700
86,,6810010,1,20260913,,,,,,,,,,,,,,,3,34.89694403367168,136.336111,,,1,,0,,0,0,0,0,,0,228,blue,0,0,0
86,,6810020,1,20260913,,,,,,,,,,,,,,,3,34.97777803377855,135.901667,,,1,,0,,0,0,0,0,,0,228,blue,0,0,0
86,,6810030,1,20260913,,,,,,,,,,,,,,,3,35.00527803381478,136.094722,,,1,,0,,0,228,228,0,,0,228,blue,0,0,0
86,,6810060,1,20260913,,,,,,,,,,,,,,,3,34.986389033789905,135.75305600000002,,,1,,0,,0,0,0,0,,0,228,blue,0,0,0
86,,6810089,1,20260913,,,,,,,,,,,,,,,3,34.978118033779,135.908546,,,1,,0,,0,0,0,0,,0,228,blue,0,0,0
86,,6810090,1,20260913,,,,,,,,,,,,,,,3,34.83138903358458,135.72305600000004,,,1,,0,,0,0,0,0,,0,228,blue,0,0,0
86,,6810100,1,20260913,,,,,,,,,,,,,,,3,34.83138903358458,135.723889,,,1,,0,,0,0,0,0,,0,228,blue,0,0,0
86,,6810105,1,20260913,11031,950,,,,,,9724,620,,,,,,3,34.71411113342777,135.4489722,,,0,,0,,0,0,0,0,,0,228,blue,11981,10344,22325
86,,6810111,1,20260913,9964,279,,,,,,11558,206,,,,,,3,34.6429970333321,135.019846,,,0,,0,,0,0,0,0,,0,228,blue,10243,11764,22007
86,,6810130,1,20260913,,,,,,,,,,,,,,,3,34.842500033599364,134.330556,,,0,,0,,0,0,0,0,,228,228,blue,0,0,0
86,,6810135,1,20260913,5455,283,,,,,,4748,273,,,,,,3,36.18333336529846,136.26777780000003,,,0,,0,,0,0,0,0,,0,228,blue,5738,5021,10759
86,,6810140,1,20260913,9320,655,,,,,,8171,1762,,,,,,3,36.14305603525003,136.263889,,,0,,0,,0,0,0,0,,0,228,blue,9975,9933,19908
86,,6810150,1,20260913,,,,,,,,,,,,,,,3,36.0772220351705,136.244444,,,1,,0,,0,0,0,0,,0,228,blue,0,0,0
86,,6810160,1,20260913,9815,1659,,,,,,10329,1247,,,,,,3,36.02444403510641,136.218333,,,0,,0,,0,0,0,0,,0,228,blue,11474,11576,23050
86,,6810165,1,20260913,17276,345,,,,,,75,3,,,,,,3,35.980555595052905,136.1958333,,,0,,0,,0,0,0,0,,0,228,blue,17621,78,17699
86,,6810170,1,20260913,1819,62,,,,,,1470,28,,,,,,3,35.95555603502233,136.188889,,,0,,0,,0,0,0,0,,0,228,blue,1881,1498,3379
86,,6810180,1,20260913,5235,278,,,,,,4500,218,,,,,,3,35.878333034927515,136.169444,,,0,,0,,0,0,0,0,,0,228,blue,5513,4718,10231
86,,6810190,1,20260913,,,,,,,,,,,,,,,3,35.719444034730536,136.094722,,,1,,0,,0,0,0,0,,0,228,blue,0,0,0
86,,6810200,1,20260913,1389,64,,,,,,1519,53,,,,,,3,35.66555603466316,136.083056,,,0,,0,,0,0,0,0,,0,228,blue,1453,1572,3025
86,,6810220,1,20260913,2201,143,,,,,,3149,159,,,,,,3,35.60416703458605,136.107222,,,0,,0,,0,0,0,0,,0,228,blue,2344,3308,5652
86,,6810230,1,20260913,1799,362,,,,,,2803,213,,,,,,3,35.57603003455058,136.122756,,,0,,0,,0,0,0,0,,0,228,blue,2161,3016,5177
86,,6810240,1,20260913,5044,284,,,,,,5204,600,,,,,,3,35.512778034470564,136.173333,,,0,,0,,0,0,0,0,,0,228,blue,5328,5804,11132
86,,6810241,1,20260913,3160,612,,,,,,2029,1291,,,,,,3,35.4322160343681,136.245092,,,0,,0,,0,0,0,0,,0,228,blue,3772,3320,7092
86,,6810250,1,20260913,6639,952,,,,,,7562,483,,,,,,3,35.27555603416706,136.269444,,,0,,0,,0,0,0,0,,0,228,blue,7591,8045,15636
86,,6810260,1,20260913,6149,414,,,,,,6104,302,,,,,,3,35.11611103396005,136.128333,,,0,,0,,0,0,0,0,,0,228,blue,6563,6406,12969
86,,6810270,1,20260913,6338,272,,,,,,6069,913,,,,,,3,35.091944033928485,136.089722,,,0,,0,,0,0,0,0,,0,228,blue,6610,6982,13592
86,,6810280,1,20260913,332,11,,,,,,2764,229,,,,,,3,35.66000003465618,136.084722,,,0,,0,,0,0,0,0,,0,228,blue,343,2993,3336
86,,6810290,1,20260913,10280,1952,,,,,,14031,762,,,,,,3,34.996111033802705,135.722222,,,0,,0,,0,0,0,0,,0,228,blue,12232,14793,27025
86,,6810300,1,20260913,0,0,,,,,,681,32,,,,,,3,34.981944033784046,135.693056,,,0,,0,,0,0,0,0,,0,228,blue,0,713,713
86,,6810310,1,20260913,11272,489,,,,,,0,0,,,,,,3,34.981944033784046,135.692917,,,0,,0,,0,0,0,0,,0,228,blue,11761,0,11761
86,,6810320,1,20260913,,,,,,,,,,,,,,,3,34.992500033797945,135.64750000000004,,,1,,0,,0,0,0,0,,0,228,blue,0,0,0
86,,6810330,1,20260913,9839,544,,,,,,9516,382,,,,,,3,34.989722033794294,135.636667,,,0,,0,,0,0,0,0,,0,228,blue,10383,9898,20281
86,,6810335,1,20260913,5435,410,,,,,,4973,232,,,,,,3,35.488936034440314,135.756215,,,0,,0,,0,0,0,0,,0,228,blue,5845,5205,11050
86,,6810340,1,20260913,2142,90,,,,,,1460,516,,,,,,3,35.12222203396803,135.439444,,,0,,0,,0,0,0,0,,0,228,blue,2232,1976,4208
86,,6810343,1,20260913,,,,,,,,,,,,,,,3,35.18777781405339,135.3219444,,,1,,0,,0,0,0,0,,0,228,blue,0,0,0
86,,6810344,1,20260913,3033,256,,,,,,3849,249,,,,,,3,35.24583336412865,135.2161111,,,0,,0,,0,0,0,0,,0,228,blue,3289,4098,7387
86,,6810346,1,20260913,5272,301,,,,,,5247,332,,,,,,3,35.28305559417674,135.1777778,,,0,,0,,0,0,0,0,,0,228,blue,5573,5579,11152
86,,6810348,1,20260913,7228,358,,,,,,6010,431,,,,,,3,35.3139820342166,135.101491,,,0,,0,,0,0,0,0,,0,228,blue,7586,6441,14027
86,,6810360,1,20260913,,,,,,,,,,,,,,,3,35.333611034241834,134.917222,,,0,,0,,0,0,0,0,,228,228,blue,0,0,0
86,,6810365,1,20260913,5615,266,,,,,,5585,177,,,,,,3,36.25913403538918,136.286774,,,0,,0,,0,0,0,0,,0,228,blue,5881,5762,11643
86,,6810370,1,20260913,,,,,,,,,,,,,,,3,35.38305603430526,134.671667,,,0,,0,,0,0,0,0,,228,228,blue,0,0,0
86,,6810390,1,20260913,,,,,,,,,,,,,,,3,35.48083303443001,134.585278,,,0,,0,,0,0,0,0,,228,228,blue,0,0,0
86,,6810400,1,20260913,,,,,,,,,,,,,,,3,35.50388903445929,134.533889,,,0,,0,,0,0,0,0,,228,228,blue,0,0,0
86,,6810410,1,20260913,,,,,,,,,,,,,,,3,35.5247220344857,134.4275,,,0,,0,,0,0,0,0,,228,228,blue,0,0,0
86,,6810420,1,20260913,3895,217,,,,,,3543,130,,,,,,3,35.33111103423862,136.352222,,,0,,0,,0,0,0,0,,0,228,blue,4112,3673,7785
86,,6810450,1,20260913,5977,242,,,,,,2570,47,,,,,,3,34.229683032767404,135.169164,,,0,,0,,0,0,0,0,,0,228,blue,6219,2617,8836
86,,6810492,1,20260913,5540,723,,,,,,5819,309,,,,,,3,34.5749167332401,135.6647778,,,0,,0,,0,0,0,0,,0,228,blue,6263,6128,12391
86,,6810500,1,20260913,,,,,,,,,,,,,,,3,34.58000003324698,135.466581,,,1,,0,,0,0,0,0,,0,228,blue,0,0,0
86,,6810510,1,20260913,,,,,,,,,,,,,,,3,34.5797220332466,135.466581,,,1,,0,,0,0,0,0,,0,228,blue,0,0,0
86,,6810540,1,20260913,,,,,,,,,,,,,,,3,34.36000003294702,135.269444,,,1,,0,,0,0,0,0,,0,228,blue,0,0,0
86,,6810550,1,20260913,,,,,,,,,,,,,,,3,34.32270003289575,135.19756,,,1,,0,,0,0,0,0,,0,228,blue,0,0,0
86,,6810551,1,20260913,9647,1067,,,,,,8776,252,,,,,,3,34.32488893289876,135.1913056,,,0,,0,,0,0,0,0,,0,228,blue,10714,9028,19742
86,,6810552,1,20260913,4883,232,,,,,,5444,138,,,,,,3,34.31283333288218,135.1605,,,0,,0,,0,0,0,0,,0,228,blue,5115,5582,10697
86,,6810560,1,20260913,,,,,,,,,,,,,,,3,34.24805603279281,135.175,,,1,,0,,0,0,0,0,,0,228,blue,0,0,0
86,,6810580,1,20260913,5806,123,,,,,,2259,111,,,,,,3,35.633611034623065,136.021389,,,0,,0,,0,0,0,0,,0,228,blue,5929,2370,8299
86,,6810590,1,20260913,2874,178,,,,,,2900,105,,,,,,3,35.58083303455663,135.910417,,,0,,0,,0,0,0,0,,0,228,blue,3052,3005,6057
86,,6810610,1,20260913,3983,306,,,,,,3436,354,,,,,,3,35.469444034415524,135.825,,,0,,0,,0,0,0,0,,0,228,blue,4289,3790,8079
86,,6810620,1,20260913,3249,215,,,,,,3747,185,,,,,,3,35.483056034432835,135.666111,,,0,,0,,0,0,0,0,,0,228,blue,3464,3932,7396
86,,6810630,1,20260913,3190,248,,,,,,2706,200,,,,,,3,35.48805603443919,135.595833,,,0,,0,,0,0,0,0,,0,228,blue,3438,2906,6344
86,,6810660,1,20260913,3504,398,,,,,,3221,284,,,,,,3,35.48083303443001,135.421389,,,0,,0,,0,0,0,0,,0,228,blue,3902,3505,7407
86,,6810667,1,20260913,2333,77,,,,,,5392,516,,,,,,3,35.46027781440387,135.3566667,,,0,,0,,0,0,0,0,,0,228,blue,2410,5908,8318
86,,6810670,1,20260913,4827,260,,,,,,5016,314,,,,,,3,35.414167034345056,135.333056,,,0,,0,,0,0,0,0,,0,228,blue,5087,5330,10417
86,,6810671,1,20260913,4997,300,,,,,,5033,288,,,,,,3,35.37888892429992,135.3169444,,,0,,0,,0,0,0,0,,0,228,blue,5297,5321,10618
86,,6810730,1,20260913,,,,,,,,,,,,,,,3,34.85305603361341,134.605278,,,0,,0,,0,0,0,0,,228,228,blue,0,0,0
86,,6810740,1,20260913,,,,,,,,,,,,,,,3,34.87691203364509,134.61312,,,0,,0,,0,0,0,0,,228,228,blue,0,0,0
86,,6810750,1,20260913,,,,,,,,,,,,,,,3,35.07068203390065,134.587422,,,0,,0,,0,0,0,0,,228,228,blue,0,0,0
86,,6810760,1,20260913,,,,,,,,,,,,,,,3,35.145672033998615,134.539014,,,0,,0,,0,0,0,0,,228,228,blue,0,0,0
86,,6810770,1,20260913,,,,,,,,,,,,,,,3,33.692375032012194,135.984591,,,1,,0,,0,0,0,0,,0,228,blue,0,0,0
86,,6810780,1,20260913,1964,159,,,,,,896,1176,,,,,,3,33.61777803190555,135.927061,,,0,,0,,0,0,0,0,,0,228,blue,2123,2072,4195
86,,6810790,1,20260913,5064,188,,,,,,168,1,,,,,,3,33.56853903183492,135.910197,,,0,,0,,0,0,0,0,,0,228,blue,5252,169,5421
86,,6810800,1,20260913,3119,334,,,,,,3139,172,,,,,,3,33.50323103174097,135.806228,,,0,,0,,0,0,0,0,,0,228,blue,3453,3311,6764
86,,6810810,1,20260913,2526,166,,,,,,2680,140,,,,,,3,33.48392803171314,135.760481,,,0,,0,,0,0,0,0,,0,228,blue,2692,2820,5512
86,,6810820,1,20260913,0,0,,,,,,52,5,,,,,,3,33.509890031750565,135.60639100000003,,,0,,0,,0,0,0,0,,0,228,blue,0,57,57
86,,6810830,1,20260913,,,,,,,,,,,,,,,3,33.51850003176297,135.57,,,1,,0,,0,0,0,0,,0,228,blue,0,0,0
86,,6810840,1,20260913,,,,,,,,,,,,,,,3,33.554167031814266,135.458889,,,1,,0,,0,0,0,0,,0,228,blue,0,0,0
86,,6810850,1,20260913,3969,130,,,,,,651,5,,,,,,3,33.70273603202697,135.411942,,,0,,0,,0,0,0,0,,0,228,blue,4099,656,4755
86,,6810860,1,20260913,9010,117,,,,,,6147,206,,,,,,3,33.72250003205514,135.404722,,,0,,0,,0,0,0,0,,0,228,blue,9127,6353,15480
86,,6810880,1,20260913,,,,,,,,,,,,,,,3,33.748889032092684,135.3275,,,1,,0,,0,0,0,0,,0,228,blue,0,0,0
86,,6810890,1,20260913,2793,244,,,,,,3135,240,,,,,,3,33.7811110321385,135.3025,,,0,,0,,0,0,0,0,,0,228,blue,3037,3375,6412
86,,6810900,1,20260913,4105,158,,,,,,3675,212,,,,,,3,33.91892803233343,135.146508,,,0,,0,,0,0,0,0,,0,228,blue,4263,3887,8150
86,,6810910,1,20260913,2433,289,,,,,,0,0,,,,,,3,33.94659203237239,135.12965,,,0,,0,,0,0,0,0,,0,228,blue,2722,0,2722
86,,6810920,1,20260913,6333,455,,,,,,4794,327,,,,,,3,34.04305603250771,135.189722,,,0,,0,,0,0,0,0,,0,228,blue,6788,5121,11909
86,,6810930,1,20260913,,,,,,,,,,,,,,,3,34.047035032513286,135.189167,,,1,,0,,0,0,0,0,,0,228,blue,0,0,0
86,,6810950,1,20260913,1825,77,,,,,,5790,314,,,,,,3,34.19539403271991,135.169583,,,0,,0,,0,0,0,0,,0,228,blue,1902,6104,8006
86,,6810960,1,20260913,687,114,,,,,,5968,251,,,,,,3,33.74962803209376,135.359472,,,0,,0,,0,0,0,0,,0,228,blue,801,6219,7020
86,,6810980,1,20260913,,,,,,,,,,,,,,,3,34.652222033344536,135.48972200000003,,,1,,0,,0,0,0,0,,0,228,blue,0,0,0
86,,6810990,1,20260913,1198,340,,,,,,3035,485,,,,,,3,35.551944034520155,136.098333,,,0,,0,,0,0,0,0,,0,228,blue,1538,3520,5058
86,,6811000,1,20260913,2249,182,,,,,,2162,283,,,,,,3,35.530000034492396,136.094444,,,0,,0,,0,0,0,0,,0,228,blue,2431,2445,4876
86,,6811010,1,20260913,3424,396,,,,,,3105,216,,,,,,3,35.47888903442754,136.083056,,,0,,0,,0,0,0,0,,0,228,blue,3820,3321,7141
86,,6811020,1,20260913,1879,235,,,,,,1628,399,,,,,,3,35.39750003432375,136.024722,,,0,,0,,0,0,0,0,,0,228,blue,2114,2027,4141
86,,6811030,1,20260913,14249,3087,,,,,,12558,1518,,,,,,3,35.28722203418211,136.018056,,,0,,0,,0,0,0,0,,0,228,blue,17336,14076,31412
86,,6811040,1,20260913,3749,1887,,,,,,7347,561,,,,,,3,35.24777803413116,135.960556,,,0,,0,,0,0,0,0,,0,228,blue,5636,7908,13544
86,,6811050,1,20260913,,,,,,,,,,,,,,,3,35.237778034118236,135.943333,,,1,,0,,0,228,228,0,,0,228,blue,0,0,0
86,,6811080,1,20260913,,,,,,,,,,,,,,,3,34.71861103343382,135.569444,,,1,,0,,0,0,0,0,,0,228,blue,0,0,0
86,,6811120,1,20260913,3868,141,,,,,,3916,230,,,,,,3,35.0725560339031,135.008778,,,0,,0,,0,0,0,0,,0,228,blue,4009,4146,8155
86,,6811130,1,20260913,3461,439,,,,,,3114,94,,,,,,3,35.12139403396696,135.005953,,,0,,0,,0,0,0,0,,0,228,blue,3900,3208,7108
86,,6811150,1,20260913,,,,,,,,,,,,,,,3,35.16055603401799,135.066111,,,0,,0,,0,0,0,0,,228,228,blue,0,0,0
86,,6811160,1,20260913,,,,,,,,,,,,,,,3,35.23305603411212,135.020833,,,0,,0,,0,0,0,0,,228,228,blue,0,0,0
86,,6811165,1,20260913,2760,748,,,,,,1719,433,,,,,,3,35.28748503418245,134.977245,,,0,,0,,0,0,0,0,,0,228,blue,3508,2152,5660
86,,6811170,1,20260913,,,,,,,,,,,,,,,3,35.29111103418713,134.970556,,,0,,0,,0,0,0,0,,228,228,blue,0,0,0
86,,6811180,1,20260913,,,,,,,,,,,,,,,3,35.30305603420252,134.92,,,0,,0,,0,0,0,0,,228,228,blue,0,0,0
86,,6811190,1,20260913,,,,,,,,,,,,,,,3,35.34500003425647,134.801111,,,0,,0,,0,0,0,0,,228,228,blue,0,0,0
86,,6811200,1,20260913,,,,,,,,,,,,,,,3,35.36333303427999,134.759167,,,0,,0,,0,0,0,0,,228,228,blue,0,0,0
86,,6811210,1,20260913,4163,374,,,,,,5165,148,,,,,,3,35.49942303445363,134.790538,,,0,,0,,0,0,0,0,,0,228,blue,4537,5313,9850
86,,6811220,1,20260913,3944,82,,,,,,3885,123,,,,,,3,35.474942034422526,134.764925,,,0,,0,,0,0,0,0,,0,228,blue,4026,4008,8034
86,,6811230,1,20260913,4494,159,,,,,,4277,370,,,,,,3,35.43722003437449,134.767839,,,0,,0,,0,0,0,0,,0,228,blue,4653,4647,9300
86,,6811260,1,20260913,6672,143,,,,,,7217,464,,,,,,3,35.01754603383091,136.023618,,,0,,0,,0,0,0,0,,0,228,blue,6815,7681,14496
86,,6811310,1,20260913,27831,1659,,,,,,28142,1309,,,,,,3,34.78856603352747,134.816183,,,0,,0,,0,0,0,0,,0,228,blue,29490,29451,58941
86,,6811320,1,20260913,,,,,,,,,,,,,,,3,34.81472203356237,134.673055,,,1,,0,,0,0,0,0,,0,228,blue,0,0,0
86,,6811340,1,20260913,1547,63,,,,,,2123,109,,,,,,3,34.83503003358942,134.618945,,,0,,0,,0,0,0,0,,0,228,blue,1610,2232,3842
86,,6811400,1,20260913,4828,243,,,,,,3692,213,,,,,,3,34.54152803319483,135.675417,,,0,,0,,0,0,0,0,,0,228,blue,5071,3905,8976
88,,8810010,1,20260913,3008,265,0,,,,,2767,108,0,,,,,3,34.22576903276199,134.506281,,,0,0,0,0,0,0,0,0,0,0,228,blue,3273,2875,6148
88,,8810040,1,20260913,3146,336,0,,,,,3268,176,0,,,,,3,34.21202803274294,134.426444,,,0,0,0,0,0,1,1,0,0,0,228,blue,3482,3444,6926
88,,8810050,1,20260913,,,,,,,,,,,,,,,3,34.2426940327854,134.369389,,,1,0,0,0,0,2,2,0,0,0,228,blue,0,0,0
88,,8810060,1,20260913,,,,,,,,,,,,,,,3,34.24194403278437,134.333056,,,1,0,0,0,0,0,0,0,0,0,228,blue,0,0,0
88,,8810070,1,20260913,,,,,,,,,,,,,,,3,34.3096610328778,134.235686,,,1,0,0,0,0,0,0,0,0,0,228,blue,0,0,0
88,,8810080,1,20260913,,,,,,,,,,,,,,,3,34.323825032897304,134.203003,,,1,0,0,0,0,0,0,0,0,0,228,blue,0,0,0
88,,8810090,1,20260913,,,,,,,,,,,,,,,3,34.31055603287904,134.040556,,,1,0,0,0,0,0,0,0,0,0,228,blue,0,0,0
88,,8810100,1,20260913,,,,,,,,,,,,,,,3,34.31083303287942,134.040833,,,1,0,0,0,0,0,0,0,0,0,228,blue,0,0,0
88,,8810110,1,20260913,,,,,,,,,,,,,,,3,34.296344462859466,133.9267892,,,1,0,0,0,0,0,0,0,0,0,228,blue,0,0,0
88,,8810120,1,20260913,8038,99,0,,,,,6401,111,0,,,,,3,34.30830303287593,133.886,,,0,0,0,0,0,0,0,0,0,0,228,blue,8137,6512,14649
88,,8810130,1,20260913,,,,,,,,,,,,,,,3,34.28116903283854,133.818719,,,1,0,0,0,0,1,1,0,0,0,228,blue,0,0,0
88,,8810150,1,20260913,,,,,,,,,,,,,,,3,33.79388903215663,132.931944,,,1,0,0,0,0,0,0,0,0,0,228,blue,0,0,0
88,,8810160,1,20260913,10394,339,0,,,,,11147,200,0,,,,,3,34.251008032796896,133.916925,,,0,0,0,0,0,0,0,0,0,0,228,blue,10733,11347,22080
88,,8810170,1,20260913,6705,283,0,,,,,6081,351,0,,,,,3,34.183472032703364,133.834944,,,0,0,0,0,0,0,0,0,0,0,228,blue,6988,6432,13420
88,,8810180,1,20260913,3121,192,0,,,,,2933,90,0,,,,,3,34.15741703266719,133.82277800000003,,,0,0,0,0,0,0,0,0,0,0,228,blue,3313,3023,6336
88,,8810210,1,20260913,3639,311,0,,,,,2648,218,0,,,,,3,34.02985603248925,133.814811,,,0,0,0,0,0,0,0,0,0,0,228,blue,3950,2866,6816
88,,8810220,1,20260913,2350,400,0,,,,,2361,160,0,,,,,3,33.99827503244498,133.788456,,,0,0,0,0,0,0,0,0,0,0,228,blue,2750,2521,5271
88,,8810270,1,20260913,1539,208,0,,,,,1528,176,0,,,,,3,33.699149792021856,133.6898053,,,0,0,0,0,0,0,0,0,0,0,228,blue,1747,1704,3451
88,,8810310,1,20260913,1194,21,0,,,,,1652,146,0,,,,,3,33.65416703195762,133.66,,,0,0,0,0,0,0,0,0,0,0,228,blue,1215,1798,3013
88,,8810340,1,20260913,,,,,,,,,,,,,,,3,33.55527803181588,133.460556,,,1,0,0,0,0,0,0,0,0,0,228,blue,0,0,0
88,,8810380,1,20260913,,,,,,,,,,,,,,,3,33.555000031815474,133.139444,,,1,0,0,0,0,0,0,0,0,0,228,blue,0,0,0
88,,8810400,1,20260913,,,,,,,,,,,,,,,3,33.58111103185298,132.9925,,,1,0,0,0,0,0,0,0,0,0,228,blue,0,0,0
88,,8810410,1,20260913,1431,45,0,,,,,1528,164,0,,,,,3,33.61805603190595,132.933333,,,0,0,0,0,0,0,0,0,0,0,228,blue,1476,1692,3168
88,,8810420,1,20260913,1592,46,0,,,,,1742,236,0,,,,,3,33.62777803191986,132.916389,,,0,0,0,0,0,0,0,0,0,0,228,blue,1638,1978,3616
88,,8810430,1,20260913,1866,171,0,,,,,2152,268,0,,,,,3,33.646667031946905,132.905833,,,0,0,0,0,0,0,0,0,0,0,228,blue,2037,2420,4457
88,,8810450,1,20260913,,,,,,,,,,,,,,,3,33.68178252199708,132.8835762,,,1,0,0,0,0,0,0,0,0,0,228,blue,0,0,0
88,,8810510,1,20260913,,,,,,,,,,,,,,,3,33.73555603207373,132.811667,,,1,0,0,0,0,0,0,0,0,0,228,blue,0,0,0
88,,8810520,1,20260913,,,,,,,,,,,,,,,6,33.80277803216924,132.7775,,,1,0,0,0,0,1,1,0,0,0,228,blue,0,0,0
88,,8810530,1,20260913,,,,,,,,,,,,,,,3,33.80679213217494,132.7455604,,,1,0,0,0,0,1,1,0,0,0,228,blue,0,0,0
88,,8810560,1,20260913,801,23,0,,,,,720,18,0,,,,,3,33.883114032282926,134.645522,,,0,0,0,0,0,0,0,0,0,0,228,blue,824,738,1562
88,,8810570,1,20260913,3600,282,0,,,,,3583,345,0,,,,,3,33.87310303226879,134.637228,,,0,0,0,0,0,0,0,0,0,0,228,blue,3882,3928,7810
88,,8810580,1,20260913,3370,210,0,,,,,3234,74,0,,,,,3,33.8064830321745,134.590708,,,0,0,0,0,0,0,0,0,0,0,228,blue,3580,3308,6888
88,,8810640,1,20260913,1936,107,0,,,,,1638,68,0,,,,,3,33.72289703205572,134.519397,,,0,0,0,0,0,0,0,0,0,0,228,blue,2043,1706,3749
88,,8810660,1,20260913,2169,159,0,,,,,2068,94,0,,,,,3,33.66041903196656,134.406369,,,0,0,0,0,0,0,0,0,0,0,228,blue,2328,2162,4490
88,,8810670,1,20260913,2168,56,0,,,,,1661,176,0,,,,,3,33.58200303185425,134.323467,,,0,0,0,0,0,0,0,0,0,0,228,blue,2224,1837,4061
88,,8810690,1,20260913,,,,,,,,,,,,,,,3,33.49111103172349,134.261667,,,1,0,0,0,0,0,0,0,0,0,228,blue,0,0,0
88,,8810720,1,20260913,575,25,0,,,,,556,19,0,,,,,3,33.33499901149748,134.1973409,,,0,0,0,0,0,0,0,0,0,0,228,blue,600,575,1175
88,,8810730,1,20260913,7,1,0,,,,,407,32,0,,,,,3,33.2510477313752,134.1807112,,,0,0,0,0,0,0,0,0,0,0,228,blue,8,439,447
88,,8810740,1,20260913,,,,,,,,,,,,,,,3,33.29972203144615,134.123333,,,1,0,0,0,0,0,0,0,0,0,228,blue,0,0,0
88,,8810750,1,20260913,,,,,,,,,,,,,,,3,33.371439791550394,134.039855,,,1,0,0,0,0,0,0,0,0,0,228,blue,0,0,0
88,,8810760,1,20260913,2821,76,0,,,,,2833,200,0,,,,,3,33.42416703162678,134.023333,,,0,0,0,0,0,0,0,0,0,0,228,blue,2897,3033,5930
88,,8810780,1,20260913,3315,64,0,,,,,3594,256,0,,,,,3,33.441944031652504,133.966111,,,0,0,0,0,0,0,0,0,0,0,228,blue,3379,3850,7229
88,,8810820,1,20260913,,,,,,,,,,,,,,,3,33.5033880317412,133.878652,,,1,0,0,0,0,0,0,0,0,0,228,blue,0,0,0
88,,8810840,1,20260913,,,,,,,,,,,,,,,3,33.525000031772315,133.760278,,,1,0,0,0,0,0,0,0,0,0,228,blue,0,0,0
88,,8810850,1,20260913,,,,,,,,,,,,,,,3,33.42055603162157,133.301944,,,1,0,0,0,0,0,0,0,0,0,228,blue,0,0,0
88,,8810880,1,20260913,468,16,0,,,,,520,58,0,,,,,3,33.3074340314574,133.179556,,,0,0,0,0,0,0,0,0,0,0,228,blue,484,578,1062
88,,8810890,1,20260913,1027,135,0,,,,,0,0,0,,,,,3,33.28855103142989,133.172023,,,0,0,0,0,0,0,0,0,0,0,228,blue,1162,0,1162
88,,8810910,1,20260913,1081,41,0,,,,,10,0,0,,,,,3,33.266597031397886,133.171467,,,0,0,0,0,0,0,0,0,0,0,228,blue,1122,10,1132
88,,8810920,1,20260913,3706,215,0,,,,,3421,111,0,,,,,3,33.21880803132811,133.140708,,,0,0,0,0,0,0,0,0,0,0,228,blue,3921,3532,7453
88,,8810940,1,20260913,4172,109,0,,,,,4107,127,0,,,,,3,33.0089042010197,132.9856986,,,0,0,0,0,0,0,0,0,0,0,228,blue,4281,4234,8515
88,,8810960,1,20260913,1725,44,0,,,,,1731,169,0,,,,,3,32.97816103097427,132.889125,,,0,0,0,0,0,0,0,0,0,0,228,blue,1769,1900,3669
88,,8810970,1,20260913,1449,155,0,,,,,1535,30,0,,,,,3,32.977644030973515,132.885636,,,0,0,0,0,0,0,0,0,0,0,228,blue,1604,1565,3169
88,,8811000,1,20260913,3250,68,0,,,,,3322,66,0,,,,,3,32.96687203095758,132.865489,,,0,0,0,0,0,0,0,0,0,0,228,blue,3318,3388,6706
88,,8811020,1,20260913,1127,139,0,,,,,1174,88,0,,,,,3,32.96457803095418,132.816661,,,0,0,0,0,0,0,0,0,0,0,228,blue,1266,1262,2528
88,,8811040,1,20260913,1893,183,0,,,,,2091,46,0,,,,,3,32.95833303094494,132.796389,,,0,0,0,0,0,0,0,0,0,0,228,blue,2076,2137,4213
88,,8811050,1,20260913,3757,99,0,,,,,4056,71,0,,,,,3,32.93641403091248,132.736475,,,0,0,0,0,0,0,0,0,0,0,228,blue,3856,4127,7983
88,,8811060,1,20260913,2037,147,0,,,,,1998,41,0,,,,,3,32.969853030961985,132.683747,,,0,0,0,0,0,0,0,0,0,0,228,blue,2184,2039,4223
88,,8811070,1,20260913,,,,,,,,,,,,,,,3,32.970303030962654,132.665209,,,1,0,0,0,0,16,16,0,0,0,228,blue,0,0,0
88,,8811080,1,20260913,2134,30,0,,,,,2061,99,0,,,,,3,32.95232903093605,132.60067,,,0,0,0,0,0,0,0,0,0,0,228,blue,2164,2160,4324
88,,8811090,1,20260913,2308,202,0,,,,,2394,87,0,,,,,3,32.9541190309387,132.584276,,,0,0,0,0,0,0,0,0,0,0,228,blue,2510,2481,4991
88,,8811110,1,20260913,1913,69,0,,,,,2007,95,0,,,,,3,33.04654603107523,132.48536,,,0,0,0,0,0,0,0,0,0,0,228,blue,1982,2102,4084
88,,8811130,1,20260913,2813,106,0,,,,,2662,270,0,,,,,3,33.0789110311229,132.49507,,,0,0,0,0,0,0,0,0,0,0,228,blue,2919,2932,5851
88,,8811140,1,20260913,1290,36,0,,,,,1131,56,0,,,,,3,33.11350003117377,132.518333,,,0,0,0,0,0,0,0,0,0,0,228,blue,1326,1187,2513
88,,8811150,1,20260913,2344,322,0,,,,,2219,395,0,,,,,3,33.12469803119022,132.521282,,,0,0,0,0,0,0,0,0,0,0,228,blue,2666,2614,5280
88,,8811170,1,20260913,2938,181,0,,,,,2632,88,0,,,,,3,33.49517003172935,132.54537,,,0,0,0,0,0,0,0,0,0,0,228,blue,3119,2720,5839
88,,8811180,1,20260913,1613,205,0,,,,,1469,141,0,,,,,3,33.15677703123728,132.5469,,,0,0,0,0,0,0,0,0,0,0,228,blue,1818,1610,3428
88,,8811190,1,20260913,,,,,,,,,,,,,,,3,33.264024031394136,132.552651,,,1,0,0,0,0,0,0,0,0,0,228,blue,0,0,0
88,,8811210,1,20260913,8184,326,0,,,,,9196,590,0,,,,,3,33.23340003134943,132.559577,,,0,0,0,0,0,0,0,0,0,0,228,blue,8510,9786,18296
88,,8811220,1,20260913,4097,147,0,,,,,4108,308,0,,,,,3,33.21975503132949,132.55883,,,0,0,0,0,0,0,0,0,0,0,228,blue,4244,4416,8660
88,,8811230,1,20260913,7243,501,0,,,,,7994,251,0,,,,,3,33.21400003132108,132.545961,,,0,0,0,0,0,0,0,0,0,0,228,blue,7744,8245,15989
88,,8811240,1,20260913,3334,258,0,,,,,3124,98,0,,,,,3,33.187563031282394,132.543219,,,0,0,0,0,0,0,0,0,0,0,228,blue,3592,3222,6814
88,,8811250,1,20260913,,,,,,,,,,,,,,,3,33.623917031914345,132.69675,,,1,0,0,0,0,0,0,0,0,0,228,blue,0,0,0
88,,8811260,1,20260913,,,,,,,,,,,,,,,3,33.63910303193607,132.70852,,,1,0,0,0,0,0,0,0,0,0,228,blue,0,0,0
88,,8811300,1,20260913,4107,261,0,,,,,4505,247,0,,,,,3,33.701111032024656,132.7075,,,0,0,0,0,0,0,0,0,0,0,228,blue,4368,4752,9120
88,,8811320,1,20260913,2728,73,0,,,,,2485,360,0,,,,,3,33.99242782243679,133.6034113,,,0,0,0,0,0,0,0,0,0,0,228,blue,2801,2845,5646
88,,8811330,1,20260913,1310,48,0,,,,,1320,215,0,,,,,3,33.99611044244195,133.6571521,,,0,0,0,0,0,0,0,0,0,0,228,blue,1358,1535,2893
88,,8811360,1,20260913,1245,87,0,,,,,1291,164,0,,,,,3,34.015556032469206,133.77361100000002,,,0,0,0,0,0,0,0,0,0,0,228,blue,1332,1455,2787
88,,8811430,1,20260913,,,,,,,,,,,,,,,3,33.981944032422064,132.778333,,,1,0,0,0,0,0,0,0,0,0,228,blue,0,0,0
88,,8811450,1,20260913,,,,,,,,,,,,,,,3,33.98044403241997,133.057088,,,1,0,0,0,0,0,0,0,0,0,228,blue,0,0,0
89,,9810010,1,20260913,11006,159,0,,,,,8086,1264,0,,,,,3,33.86852803226232,130.79675,,,0,0,0,0,0,1,1,0,0,0,228,blue,11165,9350,20515
89,,9810020,1,20260913,,,,,,,,,,,,,,,3,33.835259032215276,130.608521,,,1,0,0,0,0,2,2,0,0,0,228,blue,0,0,0
89,,9810030,1,20260913,,,,,,,,,,,,,,,3,33.78978203215081,130.567337,,,1,0,0,0,0,0,0,0,0,0,228,blue,0,0,0
89,,9810040,1,20260913,26048,480,0,,,,,26238,601,0,,,,,3,33.744955032087105,130.488242,,,0,0,0,0,0,0,0,0,0,0,228,blue,26528,26839,53367
89,,9810050,1,20260913,,,,,,,,,,,,,,,3,33.73691203207566,130.478193,,,1,0,0,0,0,0,0,0,0,0,228,blue,0,0,0
89,,9810070,1,20260913,18481,879,0,,,,,19755,982,0,,,,,3,33.52600403177376,130.49557,,,0,0,0,0,0,0,0,0,0,0,228,blue,19360,20737,40097
89,,9810080,1,20260913,19077,768,0,,,,,17539,575,0,,,,,3,33.51100303175216,130.511069,,,0,0,0,0,0,0,0,0,0,0,228,blue,19845,18114,37959
89,,9810090,1,20260913,19698,554,0,,,,,20581,858,0,,,,,3,33.510200031751005,130.520977,,,0,0,0,0,0,0,0,0,0,0,228,blue,20252,21439,41691
89,,9810100,1,20260913,13298,709,0,,,,,14040,646,0,,,,,3,33.477797031704284,130.53932,,,0,0,0,0,0,0,0,0,0,0,228,blue,14007,14686,28693
89,,9810120,1,20260913,,,,,,,,,,,,,,,3,33.33966203150427,130.525942,,,1,,,,,,,,,,228,blue,0,0,0
89,,9810130,1,20260913,4138,366,0,,,,,3304,481,0,,,,,3,33.19870703129871,130.60119,,,0,0,0,0,0,0,0,0,0,0,228,blue,4504,3785,8289
89,,9810140,1,20260913,3190,395,0,,,,,2757,380,0,,,,,3,33.170447031257325,130.617432,,,0,0,0,0,0,0,0,0,0,0,228,blue,3585,3137,6722
89,,9810150,1,20260913,6539,198,0,,,,,7207,152,0,,,,,3,33.86806903226167,130.775199,,,1,0,0,0,0,1,1,0,0,0,228,blue,6737,7359,14096
89,,9810160,1,20260913,3009,83,0,,,,,,,,,,,,3,33.86432503225638,130.74688,,,0,0,0,0,0,1,1,0,0,0,228,blue,3092,0,3092
89,,9810170,1,20260913,,,,,,,,,,,,,,,3,33.648732031949855,130.441499,,,1,0,0,0,0,0,0,0,0,0,228,blue,0,0,0
89,,9810180,1,20260913,23708,840,0,,,,,23975,877,0,,,,,3,33.61500003190157,130.438611,,,0,0,0,0,0,0,0,0,0,0,228,blue,24548,24852,49400
89,,9810190,1,20260913,,,,,,,,,,,,,,,3,33.4496850316637,130.546326,,,1,0,0,0,0,0,0,0,0,0,228,blue,0,0,0
89,,9810200,1,20260913,,,,,,,,,,,,,,,3,33.41916903161956,130.532642,,,1,,,,,,,,,,228,blue,0,0,0
89,,9810210,1,20260913,,,,,,,,,,,,,,,3,32.92737203089908,130.698429,,,1,0,0,0,0,4,4,0,0,0,228,blue,0,0,0
89,,9810230,1,20260913,1146,131,0,,,,,1101,111,0,,,,,3,32.33541003001024,130.485852,,,0,0,0,0,0,0,0,0,0,0,228,blue,1277,1212,2489
89,,9810240,1,20260913,1038,79,0,,,,,973,61,0,,,,,3,32.24685302987536,130.498828,,,0,0,0,0,0,0,0,0,0,0,228,blue,1117,1034,2151
89,,9810260,1,20260913,,,,,,,,,,,,,,,3,32.06933302960361,130.240833,,,1,0,0,0,0,0,0,0,0,0,228,blue,0,0,0
89,,9810270,1,20260913,,,,,,,,,,,,,,,3,32.05996802958923,130.223169,,,1,0,0,0,0,0,0,0,0,0,228,blue,0,0,0
89,,9810280,1,20260913,,,,,,,,,,,,,,,3,32.00103302949858,130.195866,,,1,0,0,0,0,0,0,0,0,0,228,blue,0,0,0
89,,9810290,1,20260913,,,,,,,,,,,,,,,3,31.77354502914685,130.301221,,,1,0,0,0,0,0,0,0,0,0,228,blue,0,0,0
89,,9810300,1,20260913,,,,,,,,,,,,,,,3,31.752394029113987,130.297198,,,1,0,0,0,0,0,0,0,0,0,228,blue,0,0,0
89,,9810310,1,20260913,,,,,,,,,,,,,,,3,31.671780028988586,130.334671,,,1,0,0,0,0,0,0,0,0,0,228,blue,0,0,0
89,,9810320,1,20260913,5638,221,0,,,,,6156,276,0,,,,,3,31.644384028945897,130.514685,,,0,0,0,0,0,0,0,0,0,0,228,blue,5859,6432,12291
89,,9810330,1,20260913,11804,516,0,,,,,10083,200,0,,,,,3,31.593127028865894,130.55217,,,0,0,0,0,0,0,0,0,0,0,228,blue,12320,10283,22603
89,,9810340,1,20260913,,,,,,,,,,,,,,,3,31.774587029148464,130.294585,,,1,0,0,0,0,0,0,0,0,0,228,blue,0,0,0
89,,9810350,1,20260913,,,,,,,,12298,550,0,,,,,3,31.586173028855043,130.521497,,,0,0,0,0,0,0,0,0,0,0,228,blue,0,12848,12848
89,,9810360,1,20260913,,,,,,,,,,,,,,,3,33.6356250319311,131.074923,,,1,0,0,0,0,8,8,0,6,0,228,blue,0,0,0
89,,9810370,1,20260913,,,,,,,,,,,,,,,3,33.60811903189171,131.1134,,,0,0,0,0,0,222,222,226,174,0,228,blue,0,0,0
89,,9810380,1,20260913,4645,245,0,,,,,4885,321,0,,,,,3,33.55407703181414,131.25154,,,0,0,0,0,0,0,0,0,0,0,228,blue,4890,5206,10096
89,,9810390,1,20260913,3503,194,0,,,,,2985,231,0,,,,,3,33.47356403169818,131.495973,,,0,0,0,0,0,0,0,0,0,0,228,blue,3697,3216,6913
89,,9810400,1,20260913,4228,175,0,,,,,3908,209,0,,,,,3,33.4199570316207,131.549075,,,0,0,0,0,0,0,0,0,0,0,228,blue,4403,4117,8520
89,,9810410,1,20260913,,,,,,,,,,,,,,,3,33.35718603152971,131.497308,,,1,0,0,0,0,0,0,0,0,0,228,blue,0,0,0
89,,9810420,1,20260913,19518,701,0,,,,,19502,736,0,,,,,3,33.28844603142974,131.50415600000002,,,0,0,0,0,0,0,0,0,0,0,228,blue,20219,20238,40457
89,,9810430,1,20260913,9847,385,0,,,,,9419,320,0,,,,,3,33.1773230312674,131.619615,,,0,0,0,0,0,0,0,0,0,0,228,blue,10232,9739,19971
89,,9810440,1,20260913,,,,,,,,10194,557,0,,,,,3,33.091164031140934,131.647172,,,0,0,0,0,0,0,0,0,0,0,228,blue,0,10751,10751
89,,9810450,1,20260913,87,5,0,,,,,64,8,0,,,,,3,33.07813503112177,131.638559,,,0,0,0,0,0,48,48,0,88,0,228,blue,92,72,164
89,,9810460,1,20260913,99,6,0,,,,,72,6,0,,,,,3,33.03375103105637,131.689156,,,0,0,0,0,0,21,21,0,41,0,228,blue,105,78,183
89,,9810470,1,20260913,18,1,0,,,,,9,2,0,,,,,3,33.001599031008915,131.788698,,,0,0,0,0,0,55,55,1,62,0,228,blue,19,11,30
89,,9810480,1,20260913,40,0,0,,,,,42,3,0,,,,,3,32.95275303093668,131.841525,,,0,0,0,0,0,35,35,1,70,0,228,blue,40,45,85
89,,9810490,1,20260913,21,1,0,,,,,13,1,0,,,,,3,32.92192503089102,131.801353,,,0,0,0,0,0,22,22,0,41,0,228,blue,22,14,36
89,,9810500,1,20260913,6,1,0,,,,,5,0,0,,,,,3,32.84521503077709,131.718143,,,0,0,0,0,0,20,20,1,41,0,228,blue,7,5,12
89,,9810510,1,20260913,,,,,,,,,,,,,,,3,33.53550003178742,131.301439,,,1,0,0,0,0,0,0,0,0,0,228,blue,0,0,0
89,,9810520,1,20260913,,,,,,,,8178,185,0,,,,,3,33.17727003126732,131.636491,,,0,0,0,0,0,0,0,0,0,0,228,blue,0,8363,8363
89,,9810530,1,20260913,,,,,,,,,,,,,,,3,32.76588703065887,131.69922,,,1,0,0,0,0,45,45,0,74,0,228,blue,0,0,0
89,,9810540,1,20260913,0,0,0,,,,,0,0,0,,,,,3,32.73308003060985,131.712307,,,0,0,0,0,0,27,27,0,40,0,228,blue,0,0,0
89,,9810550,1,20260913,,,,,,,,,,,,,,,3,32.680641030531355,131.69547,,,1,0,0,0,0,22,22,0,31,0,228,blue,0,0,0
89,,9810560,1,20260913,11,0,0,,,,,6,1,0,,,,,3,32.6162990304348,131.682165,,,0,0,0,0,0,18,18,0,33,0,228,blue,11,7,18
89,,9810580,1,20260913,40,0,0,,,,,47,4,0,,,,,3,32.56240603035372,131.681538,,,0,0,0,0,0,18,18,0,23,0,228,blue,40,51,91
89,,9810590,1,20260913,,,,,,,,,,,,,,,3,32.512945030279155,131.682071,,,0,0,0,0,0,110,110,160,120,0,228,blue,0,0,0
89,,9810600,1,20260913,8,0,0,,,,,2,0,0,,,,,3,32.505475030267874,131.671612,,,0,0,0,0,0,27,27,1,35,0,228,blue,8,2,10
89,,9810610,1,20260913,19,0,0,,,,,18,0,0,,,,,3,32.48380003023514,131.65983,,,0,0,0,0,0,16,16,0,24,0,228,blue,19,18,37
89,,9810620,1,20260913,16,0,0,,,,,21,1,0,,,,,3,32.44750003018023,131.634167,,,0,0,0,0,0,25,25,1,42,0,228,blue,16,22,38
89,,9810630,1,20260913,28,6,0,,,,,24,0,0,,,,,3,32.34169203001978,131.615818,,,0,0,0,0,0,21,21,1,29,0,228,blue,34,24,58
89,,9810640,1,20260913,,,,,,,,,,,,,,,3,32.118920029679714,131.525151,,,1,0,0,0,0,20,20,0,33,0,228,blue,0,0,0
89,,9810650,1,20260913,,,,,,,,,,,,,,,3,32.04093702955998,131.469141,,,1,0,0,0,0,46,46,0,105,0,228,blue,0,0,0
89,,9810660,1,20260913,,,,,,,,,,,,,,,3,31.943136029409334,131.344339,,,1,0,0,0,0,0,0,0,0,0,228,blue,0,0,0
89,,9810670,1,20260913,,,,,,,,,,,,,,,3,31.95151902942227,131.26782500000002,,,1,0,0,0,0,0,0,0,0,0,228,blue,0,0,0
89,,9810680,1,20260913,,,,,,,,,,,,,,,3,31.916759029368613,131.228421,,,1,0,0,0,0,0,0,0,0,0,228,blue,0,0,0
89,,9810690,1,20260913,,,,,,,,,,,,,,,3,31.831007029235955,131.126939,,,1,0,0,0,0,0,0,0,0,0,228,blue,0,0,0
89,,9810700,1,20260913,,,,,,,,,,,,,,,3,31.70972202904765,131.054167,,,1,0,0,0,0,0,0,0,0,0,228,blue,0,0,0
89,,9810710,1,20260913,,,,,,,,,,,,,,,3,31.70997802904806,131.024809,,,1,0,0,0,0,0,0,0,0,0,228,blue,0,0,0
89,,9810720,1,20260913,,,,,,,,,,,,,,,3,31.661481028972545,130.889721,,,1,0,0,0,0,0,0,0,0,0,228,blue,0,0,0
89,,9810730,1,20260913,,,,,,,,,,,,,,,3,31.723242029068686,130.809578,,,1,0,0,0,0,0,0,0,0,0,228,blue,0,0,0
89,,9810740,1,20260913,,,,,,,,,,,,,,,3,33.30389903145224,130.368554,,,1,,,,,,,,,,228,blue,0,0,0
89,,9810750,1,20260913,,,,,,,,,,,,,,,3,33.27419603140898,130.293549,,,1,,,,,,,,,,228,blue,0,0,0
89,,9810760,1,20260913,,,,,,,,,,,,,,,3,33.26474303139519,130.245086,,,1,,,,,,,,,,228,blue,0,0,0
89,,9810770,1,20260913,,,,,,,,,,,,,,,3,33.26041603138888,130.218458,,,1,,,,,,,,,,228,blue,0,0,0
89,,9810780,1,20260913,,,,,,,,,,,,,,,3,33.23447503135101,130.18203100000002,,,1,,,,,,,,,,228,blue,0,0,0
89,,9810790,1,20260913,,,,,,,,,,,,,,,3,33.22225103133315,130.172161,,,1,,,,,,,,,,228,blue,0,0,0
89,,9810800,1,20260913,,,,,,,,,,,,,,,3,33.219025031328435,130.143217,,,1,,,,,,,,,,228,blue,0,0,0
89,,9810810,1,20260913,,,,,,,,,,,,,,,3,33.21595003132393,130.087452,,,1,,,,,,,,,,228,blue,0,0,0
89,,9810820,1,20260913,,,,,,,,,,,,,,,3,33.21877403132806,130.052459,,,1,,,,,,,,,,228,blue,0,0,0
89,,9810830,1,20260913,,,,,,,,,,,,,,,3,33.207839031312076,130.047967,,,1,,,,,,,,,,228,blue,0,0,0
89,,9810840,1,20260913,,,,,,,,,,,,,,,3,33.07291503111407,129.960829,,,1,0,0,0,0,0,0,0,0,0,228,blue,0,0,0
89,,9810850,1,20260913,6735,277,0,,,,,6807,330,0,,,,,3,32.995999031000636,129.948701,,,0,0,0,0,0,0,0,0,0,0,228,blue,7012,7137,14149
89,,9810860,1,20260913,,,,,,,,,,,,,,,3,32.9044610308651,129.957531,,,1,0,0,0,0,0,0,0,0,0,228,blue,0,0,0
89,,9810870,1,20260913,,,,,,,,,,,,,,,3,32.8905010308444,129.971348,,,1,0,0,0,0,0,0,0,0,0,228,blue,0,0,0
89,,9810890,1,20260913,5068,143,0,,,,,4748,89,0,,,,,3,32.87494503082128,130.02412,,,0,0,0,0,0,0,0,0,0,0,228,blue,5211,4837,10048
89,,9810900,1,20260913,3534,66,0,,,,,3916,101,0,,,,,3,32.83967403076884,130.024592,,,0,0,0,0,0,0,0,0,0,0,228,blue,3600,4017,7617
89,,9810910,1,20260913,,,,,,,,,,,,,,,3,33.19594003129466,129.977938,,,1,0,0,0,0,0,0,0,0,0,228,blue,0,0,0
89,,9810920,1,20260913,400,12,0,,,,,398,8,0,,,,,3,33.191150031287656,129.943948,,,1,0,0,0,0,0,0,0,0,0,228,blue,412,406,818
89,,9810930,1,20260913,3989,215,0,,,,,4135,196,0,,,,,3,33.18881403128423,129.9054,,,0,0,0,0,0,0,0,0,0,0,228,blue,4204,4331,8535
89,,9810940,1,20260913,55,4,0,,,,,42,4,0,,,,,3,32.97184603096493,131.383534,,,0,0,0,0,0,18,18,1,39,0,228,blue,59,46,105
89,,9810950,1,20260913,44,6,0,,,,,65,3,0,,,,,3,32.96828103095967,131.382552,,,0,0,0,0,0,18,18,1,39,0,228,blue,50,68,118
89,,9810960,1,20260913,26,1,0,,,,,19,0,0,,,,,3,32.96091703094877,131.248695,,,0,0,0,0,0,23,23,0,41,0,228,blue,27,19,46
89,,9810970,1,20260913,157,5,0,,,,,0,1,0,,,,,3,33.03288603105509,131.537821,,,0,0,0,0,0,45,45,0,75,0,228,blue,162,1,163
89,,9810980,1,20260913,,,,,,,,,,,,,,,3,33.00262303101042,131.45315500000004,,,1,0,0,0,0,94,94,141,101,0,228,blue,0,0,0
89,,9810990,1,20260913,,,,,,,,,,,,,,,3,32.96097103094884,131.244117,,,1,0,0,0,0,0,0,0,0,0,228,blue,0,0,0
89,,9811000,1,20260913,,,,,,,,,,,,,,,3,32.93530403091085,131.035064,,,1,0,0,0,0,0,0,0,0,0,228,blue,0,0,0
89,,9811010,1,20260913,0,0,0,,,,,0,0,0,,,,,3,32.87672503082393,130.954853,,,0,0,0,0,0,0,0,0,0,0,228,blue,0,0,0
89,,9811020,1,20260913,,,,,,,,,,,,,,,3,32.614306030431806,130.462111,,,1,0,0,0,0,1,1,0,0,0,228,blue,0,0,0
89,,9811030,1,20260913,,,,,,,,,,,,,,,3,32.72539603059835,130.251342,,,1,,,,,,,,,,228,blue,0,0,0
89,,9811040,1,20260913,,,,,,,,,,,,,,,3,32.72077403059144,130.234748,,,1,,,,,,,,,,228,blue,0,0,0
89,,9811050,1,20260913,,,,,,,,,,,,,,,3,32.73587103061402,130.209003,,,1,,,,,,,,,,228,blue,0,0,0
89,,9811060,1,20260913,,,,,,,,,,,,,,,3,32.808908030723025,130.149506,,,1,,,,,,,,,,228,blue,0,0,0
89,,9811070,1,20260913,,,,,,,,,,,,,,,3,32.836521030764146,130.094768,,,1,,,,,,,,,,228,blue,0,0,0
89,,9811080,1,20260913,,,,,,,,,,,,,,,3,32.83196203075736,130.053336,,,1,,,,,,,,,,228,blue,0,0,0
89,,9811090,1,20260913,0,0,0,,,,,0,0,0,,,,,3,33.61888103190713,130.568781,,,0,0,0,0,0,220,220,0,174,0,228,blue,0,0,0
89,,9811100,1,20260913,0,0,0,,,,,0,0,0,,,,,3,33.61860003190672,130.579442,,,0,0,0,0,0,200,200,5,173,0,228,blue,0,0,0
89,,9811110,1,20260913,,,,,,,,,,,,,,,3,33.62194303191151,130.588462,,,1,0,0,0,0,6,6,0,4,0,228,blue,0,0,0
89,,9811120,1,20260913,,,,,,,,,,,,,,,3,33.65684603196145,130.750269,,,1,0,0,0,0,1,1,0,0,0,228,blue,0,0,0
89,,9811130,1,20260913,,,,,,,,,,,,,,,3,33.6514250319537,130.761828,,,1,0,0,0,0,3,3,0,3,0,228,blue,0,0,0
89,,9811140,1,20260913,,,,,,,,,,,,,,,3,33.64137503193933,130.764099,,,1,0,0,0,0,5,5,0,3,0,228,blue,0,0,0
89,,9811150,1,20260913,,,,,,,,,,,,,,,3,33.65331703195642,130.807798,,,1,0,0,0,0,4,4,0,4,0,228,blue,0,0,0
89,,9811170,1,20260913,,,,,,,,,,,,,,,3,33.37200003155121,130.3311,,,1,,,,,,,,,,228,blue,0,0,0
89,,9811180,1,20260913,,,,,,,,,,,,,,,3,33.6231190319132,130.671342,,,1,,,,,,,,,,228,blue,0,0,0
89,,9811190,1,20260913,,,,,,,,,,,,,,,3,33.74379703208545,130.970335,,,1,0,0,0,0,0,0,0,0,0,228,blue,0,0,0
89,,9811210,1,20260913,,,,,,,,,,,,,,,3,33.50948303174998,130.110769,,,1,0,0,0,0,0,0,0,0,0,228,blue,0,0,0
89,,9811220,1,20260913,1693,97,0,,,,,1433,86,0,,,,,3,33.501667031738705,130.069167,,,0,0,0,0,0,0,0,0,0,0,228,blue,1790,1519,3309
89,,9811240,1,20260913,5150,179,0,,,,,0,0,0,,,,,3,33.522842031769216,130.168427,,,0,0,0,0,0,0,0,0,0,0,228,blue,5329,0,5329
89,,9811250,1,20260913,11062,200,0,,,,,9,0,0,,,,,3,33.51344603175569,130.14563,,,0,0,0,0,0,0,0,0,0,0,228,blue,11262,9,11271
89,,9811260,1,20260913,1742,60,0,,,,,1706,61,0,,,,,3,33.45431303167039,130.042275,,,0,0,0,0,0,0,0,0,0,0,228,blue,1802,1767,3569
89,,9811270,1,20260913,7943,243,0,,,,,6712,1364,0,,,,,3,33.431110031636834,129.991737,,,0,0,0,0,0,0,0,0,0,0,228,blue,8186,8076,16262
89,,9811280,1,20260913,,,,,,,,,,,,,,,3,33.348904031517684,129.933234,,,1,0,0,0,0,0,0,0,0,0,228,blue,0,0,0
89,,9811290,1,20260913,,,,,,,,,,,,,,,3,33.331844031492885,129.928169,,,1,0,0,0,0,0,0,0,0,0,228,blue,0,0,0
89,,9811300,1,20260913,581,21,0,,,,,584,10,0,,,,,3,33.268208031400235,129.88248900000002,,,1,0,0,0,0,0,0,0,0,0,228,blue,602,594,1196
89,,9811310,1,20260913,,,,,,,,,,,,,,,3,33.24091903136041,129.850727,,,1,0,0,0,0,0,0,0,0,0,228,blue,0,0,0
89,,9811320,1,20260913,4118,139,0,,,,,3603,114,0,,,,,3,33.45989003167844,130.040128,,,0,0,0,0,0,0,0,0,0,0,228,blue,4257,3717,7974
89,,9811330,1,20260913,461,23,0,,,,,451,31,0,,,,,3,33.38450403156936,129.984455,,,1,0,0,0,0,0,0,0,0,0,228,blue,484,482,966
89,,9811340,1,20260913,,,,,,,,,,,,,,,6,33.31161503146347,130.070351,,,1,,,,,,,,,,228,blue,0,0,0
89,,9811350,1,20260913,,,,,,,,,,,,,,,3,33.304966031453795,130.076971,,,1,,,,,,,,,,228,blue,0,0,0
89,,9811360,1,20260913,5976,257,0,,,,,5964,170,0,,,,,3,33.29002103143203,130.168151,,,0,0,0,0,0,0,0,0,0,0,228,blue,6233,6134,12367
89,,9811370,1,20260913,,,,,,,,,,,,,,,3,33.327444031486486,130.034833,,,1,0,0,0,0,0,0,0,0,0,228,blue,0,0,0
89,,9811380,1,20260913,225,5,0,,,,,303,21,0,,,,,3,33.29362203143727,130.116435,,,1,0,0,0,0,0,0,0,0,0,228,blue,230,324,554
89,,9811390,1,20260913,,,,,,,,,,,,,,,3,33.03691103106103,129.918279,,,1,,,,,,,,,,228,blue,0,0,0
89,,9811400,1,20260913,3662,155,0,,,,,3907,90,0,,,,,3,32.90829103087079,130.661481,,,0,0,0,0,0,0,0,0,0,0,228,blue,3817,3997,7814
89,,9811410,1,20260913,5969,96,0,,,,,5580,54,0,,,,,3,33.01722203103198,130.439722,,,1,0,0,0,0,0,0,0,0,0,228,blue,6065,5634,11699
89,,9811420,1,20260913,6181,216,0,,,,,5741,139,0,,,,,3,33.05710503109079,130.465234,,,0,0,0,0,0,0,0,0,0,0,228,blue,6397,5880,12277
89,,9811450,1,20260913,6803,198,0,,,,,6441,248,0,,,,,3,33.01280003102545,130.425184,,,0,0,0,0,0,0,0,0,0,0,228,blue,7001,6689,13690
89,,9811460,1,20260913,8987,250,0,,,,,9336,334,0,,,,,3,33.140861031213944,130.422417,,,0,0,0,0,0,0,0,0,0,0,228,blue,9237,9670,18907
89,,9811461,1,20260913,6939,248,0,,,,,8223,361,0,,,,,3,33.184560031278004,130.387933,,,0,0,0,0,0,0,0,0,0,0,228,blue,7187,8584,15771
89,,9811470,1,20260913,8567,204,0,,,,,8163,339,0,,,,,3,33.0462530310748,130.431406,,,0,0,0,0,0,0,0,0,0,0,228,blue,8771,8502,17273
89,,9811480,1,20260913,8619,294,0,,,,,6953,148,0,,,,,3,33.055717031088754,130.4292,,,0,0,0,0,0,0,0,0,0,0,228,blue,8913,7101,16014
89,,9811490,1,20260913,,,,,,,,,,,,,,,3,33.069783031109466,130.42405,,,1,0,0,0,0,0,0,0,0,0,228,blue,0,0,0
89,,9811500,1,20260913,10097,381,0,,,,,8476,218,0,,,,,3,33.077520031120855,130.428242,,,0,0,0,0,0,0,0,0,0,0,228,blue,10478,8694,19172
89,,9811510,1,20260913,9203,269,0,,,,,9068,352,0,,,,,3,33.08238303112801,130.433017,,,0,0,0,0,0,0,0,0,0,0,228,blue,9472,9420,18892
89,,9811520,1,20260913,8401,292,0,,,,,8011,166,0,,,,,3,33.11826103118075,130.430375,,,0,0,0,0,0,0,0,0,0,0,228,blue,8693,8177,16870
89,,9811540,1,20260913,5627,266,0,,,,,5497,142,0,,,,,3,33.15753403123839,130.478771,,,0,0,0,0,0,0,0,0,0,0,228,blue,5893,5639,11532
89,,9811550,1,20260913,6436,240,0,,,,,6393,356,0,,,,,3,33.22942603134362,130.505954,,,0,0,0,0,0,0,0,0,0,0,228,blue,6676,6749,13425
89,,9811560,1,20260913,7628,324,0,,,,,6711,368,0,,,,,3,33.23505203135184,130.507151,,,0,0,0,0,0,0,0,0,0,0,228,blue,7952,7079,15031
89,,9811570,1,20260913,6221,363,0,,,,,6853,284,0,,,,,3,33.24799503137074,130.509483,,,0,0,0,0,0,0,0,0,0,0,228,blue,6584,7137,13721
89,,9811580,1,20260913,6737,237,0,,,,,6331,282,0,,,,,3,33.25651503138319,130.509461,,,0,0,0,0,0,0,0,0,0,0,228,blue,6974,6613,13587
89,,9811590,1,20260913,69,7,0,,,,,4191,454,0,,,,,3,33.31995703147561,130.594037,,,0,0,0,0,0,0,0,0,0,0,228,blue,76,4645,4721
89,,9811600,1,20260913,4305,247,0,,,,,4448,232,0,,,,,3,33.345255031512394,130.730893,,,0,0,0,0,0,0,0,0,0,0,228,blue,4552,4680,9232
89,,9811610,1,20260913,4016,220,0,,,,,4358,245,0,,,,,3,33.3437500315102,130.752694,,,0,0,0,0,0,0,0,0,0,0,228,blue,4236,4603,8839
89,,9811620,1,20260913,3445,175,0,,,,,3381,214,0,,,,,3,33.33338803149515,130.801953,,,0,0,0,0,0,0,0,0,0,0,228,blue,3620,3595,7215
89,,9811650,1,20260913,5020,233,0,,,,,4912,200,0,,,,,3,33.331960031493075,130.852326,,,0,0,0,0,0,0,0,0,0,0,228,blue,5253,5112,10365
89,,9811660,1,20260913,2851,72,0,,,,,2394,114,0,,,,,3,33.307732031457824,130.915379,,,0,0,0,0,0,0,0,0,0,0,228,blue,2923,2508,5431
89,,9811670,1,20260913,4807,325,0,,,,,3757,167,0,,,,,3,33.29883403144486,130.938844,,,0,0,0,0,0,0,0,0,0,0,228,blue,5132,3924,9056
89,,9811680,1,20260913,2369,235,0,,,,,1930,129,0,,,,,3,33.29818903144393,130.952388,,,0,0,0,0,0,0,0,0,0,0,228,blue,2604,2059,4663
89,,9811690,1,20260913,3669,277,0,,,,,3042,154,0,,,,,3,33.29921203144541,130.96937,,,0,0,0,0,0,0,0,0,0,0,228,blue,3946,3196,7142
89,,9811700,1,20260913,2240,194,0,,,,,1906,87,0,,,,,3,33.261645031390664,131.01058,,,0,0,0,0,0,2,2,0,0,0,228,blue,2434,1993,4427
89,,9811710,1,20260913,3392,458,0,,,,,3279,299,0,,,,,3,33.28000003141744,131.128611,,,0,0,0,0,0,0,0,0,0,0,228,blue,3850,3578,7428
89,,9811720,1,20260913,2127,281,0,,,,,2161,189,0,,,,,3,33.237877031355964,131.175263,,,0,0,0,0,0,0,0,0,0,0,228,blue,2408,2350,4758
89,,9811730,1,20260913,1953,133,0,,,,,1833,68,0,,,,,3,33.2405000313598,131.224187,,,0,0,0,0,0,0,0,0,0,0,228,blue,2086,1901,3987
89,,9811740,1,20260913,2096,252,0,,,,,2243,238,0,,,,,3,33.25496403138093,131.328533,,,0,0,0,0,0,0,0,0,0,0,228,blue,2348,2481,4829
89,,9811750,1,20260913,1998,933,0,,,,,3110,211,0,,,,,3,33.23715803135492,131.323213,,,0,0,0,0,0,0,0,0,0,0,228,blue,2931,3321,6252
89,,9811760,1,20260913,109,43,0,,,,,9299,343,0,,,,,3,33.18331803127619,131.452171,,,0,0,0,0,0,0,0,0,0,0,228,blue,152,9642,9794
89,,9811770,1,20260913,,,,,,,,,,,,,,,3,31.760789029127036,131.4707,,,1,0,0,0,0,0,0,0,0,0,228,blue,0,0,0
89,,9811780,1,20260913,,,,,,,,,,,,,,,3,31.559046028812634,131.38327000000004,,,1,0,0,0,0,0,0,0,0,0,228,blue,0,0,0
89,,9811790,1,20260913,,,,,,,,,,,,,,,3,31.547715028794922,131.378628,,,1,0,0,0,0,0,0,0,0,0,228,blue,0,0,0
89,,9811800,1,20260913,,,,,,,,,,,,,,,3,31.546675028793285,131.361225,,,1,0,0,0,0,0,0,0,0,0,228,blue,0,0,0
89,,9811810,1,20260913,,,,,,,,,,,,,,,3,31.45214102864519,131.212192,,,1,0,0,0,0,0,0,0,0,0,228,blue,0,0,0
89,,9811820,1,20260913,,,,,,,,,,,,,,,3,31.46555602866623,131.154444,,,1,0,0,0,0,0,0,0,0,0,228,blue,0,0,0
89,,9811830,1,20260913,,,,,,,,,,,,,,,3,31.447659028638157,131.051761,,,1,0,0,0,0,0,0,0,0,0,228,blue,0,0,0
89,,9811840,1,20260913,,,,,,,,,,,,,,,3,31.388108028544615,130.811533,,,1,0,0,0,0,0,0,0,0,0,228,blue,0,0,0
89,,9811850,1,20260913,,,,,,,,,,,,,,,3,31.41813502859181,130.764377,,,1,0,0,0,0,0,0,0,0,0,228,blue,0,0,0
89,,9811860,1,20260913,3172,178,0,,,,,2892,152,0,,,,,3,31.542976028787507,130.706877,,,0,0,0,0,0,0,0,0,0,0,228,blue,3350,3044,6394
89,,9811870,1,20260913,,,,,,,,,,,,,,,3,31.557778028810663,130.718333,,,1,0,0,0,0,0,0,0,0,0,228,blue,0,0,0
89,,9811880,1,20260913,,,,,,,,,,,,,,,3,31.647658028950993,130.819552,,,1,0,0,0,0,0,0,0,0,0,228,blue,0,0,0
89,,9811900,1,20260913,,,,,,,,,,,,,,,3,31.27982902837409,130.291795,,,1,0,0,0,0,0,0,0,0,0,228,blue,0,0,0
89,,9811910,1,20260913,,,,,,,,,,,,,,,3,31.2913800283923,130.293564,,,1,0,0,0,0,0,0,0,0,0,228,blue,0,0,0
89,,9811920,1,20260913,1369,77,0,,,,,1335,29,0,,,,,3,31.327343028448986,130.334728,,,0,0,0,0,0,0,0,0,0,0,228,blue,1446,1364,2810
89,,9811930,1,20260913,4811,151,0,,,,,4634,135,0,,,,,3,31.494637028711818,130.506308,,,0,0,0,0,0,0,0,0,0,0,228,blue,4962,4769,9731
89,,9811940,1,20260913,8781,205,0,,,,,8258,179,0,,,,,3,31.527877028763886,130.521631,,,0,0,0,0,0,0,0,0,0,0,228,blue,8986,8437,17423
89,,9811950,1,20260913,4098,173,0,,,,,4230,242,0,,,,,3,31.289730028389716,130.60717200000002,,,0,0,0,0,0,0,0,0,0,0,228,blue,4271,4472,8743
89,,9811960,1,20260913,4939,139,0,,,,,5265,190,0,,,,,3,31.323917028443603,130.564308,,,0,0,0,0,0,0,0,0,0,0,228,blue,5078,5455,10533
89,,9811970,1,20260913,,,,,,,,,,,,,,,3,31.466390028667544,130.513245,,,1,0,0,0,0,0,0,0,0,0,228,blue,0,0,0
89,,9811980,1,20260913,,,,,,,,,,,,,,,3,33.34976603151893,129.764492,,,1,,,,,,,,,,228,blue,0,0,0
89,,9812010,1,20260913,,,,,,,,,,,,,,,3,33.13956403121204,129.784069,,,1,,,,,,,,,,228,blue,0,0,0
89,,9812020,1,20260913,,,,,,,,,,,,,,,3,33.28640603142677,130.150153,,,1,,,,,,,,,,228,blue,0,0,0
89,,9812030,1,20260913,5553,380,0,,,,,5674,340,0,,,,,3,33.0852950311323,131.637799,,,0,0,0,0,0,0,0,0,0,0,228,blue,5933,6014,11947
89,,9812040,1,20260913,3310,211,0,,,,,3047,164,0,,,,,3,32.56861103036308,131.553056,,,0,0,0,0,0,0,0,0,0,0,228,blue,3521,3211,6732
89,,9812050,1,20260913,,,,,,,,,,,,,,,3,33.55027803180869,130.478333,,,1,,,,,,,,,,228,blue,0,0,0
89,,9812060,1,20260913,,,,,,,,,,,,,,,3,32.92625003089743,131.00539,,,1,,,,,,,,,,228,blue,0,0,0
89,,9812070,1,20260913,,,,,,,,,,,,,,,3,32.90000003085849,130.933611,,,1,0,0,0,0,0,0,0,0,0,228,blue,0,0,0
89,,9812080,1,20260913,5997,138,0,,,,,5937,143,0,,,,,3,33.27595303141153,130.319462,,,0,0,0,0,0,0,0,0,0,0,228,blue,6135,6080,12215
89,,9812090,1,20260913,,,,,,,,,,,,,,,3,33.59653803187511,130.611685,,,1,,,,,,,,,,228,blue,0,0,0
89,,9812100,1,20260913,9696,301,0,,,,,6978,145,0,,,,,3,33.05235003108379,130.430417,,,0,0,0,0,0,0,0,0,0,0,228,blue,9997,7123,17120
89,,9812110,1,20260913,14325,281,0,,,,,13784,200,0,,,,,3,33.15888903124039,129.761111,,,0,0,0,0,0,0,0,0,0,0,228,blue,14606,13984,28590
89,,9812120,1,20260913,,,,,,,,,,,,,,,3,31.737096029090242,130.677414,,,1,0,0,0,0,0,0,0,0,0,228,blue,0,0,0
89,,9812130,1,20260913,6505,304,0,,,,,7924,296,0,,,,,3,33.32114903147733,130.391671,,,0,0,0,0,0,0,0,0,0,0,228,blue,6809,8220,15029
89,,9812140,1,20260913,527,28,0,,,,,494,33,0,,,,,3,32.733917030611096,130.31245,,,0,0,0,0,0,0,0,0,0,0,228,blue,555,527,1082
89,,9812150,1,20260913,2064,50,0,,,,,2419,106,0,,,,,3,33.06265303109897,129.960344,,,0,0,0,0,0,0,0,0,0,0,228,blue,2114,2525,4639
90,,10810020,1,20260913,3271,52,0,,,,,5788,148,0,,,,,3,26.424849820394154,127.81697970000002,,,0,0,0,0,0,0,0,0,0,0,228,blue,3323,5936,9259
90,,10810030,1,20260913,1972,17,0,,,,,8929,376,0,,,,,3,26.20527802002984,127.672778,,,0,0,0,0,0,0,0,0,0,0,228,blue,1989,9305,11294
90,,10810040,1,20260913,7853,156,0,,,,,3626,200,0,,,,,3,26.206111020031226,127.665833,,,0,0,0,0,0,0,0,0,0,0,228,blue,8009,3826,11835
90,,10810050,1,20260913,2560,37,0,,,,,3300,138,0,,,,,3,26.69152402083745,128.108879,,,0,,,,,,,,,,228,blue,2597,3438,6035
90,,10810060,1,20260913,0,0,0,,,,,0,0,0,,,,,3,26.634931020743306,128.037283,,,0,,,,,,,,,,228,blue,0,0,0
90,,10810070,1,20260913,0,0,0,,,,,0,0,0,,,,,3,26.60195202068847,127.99972500000001,,,0,,,,,,,,,,228,blue,0,0,0
90,,10810080,1,20260913,4994,475,0,,,,,5161,72,0,,,,,3,26.583164020657225,127.99781300000001,,,0,,,,,,,,,,228,blue,5469,5233,10702
90,,10810090,1,20260913,4793,114,0,,,,,5454,93,0,,,,,3,26.573059020640425,127.989432,,,0,,,,,,,,,,228,blue,4907,5547,10454
90,,10810100,1,20260913,0,0,0,,,,,0,0,0,,,,,3,26.558695020616547,127.976575,,,0,,,,,,,,,,228,blue,0,0,0
90,,10810110,1,20260913,,,,,,,,,,,,,,,3,26.547043020597176,127.96594700000001,,,1,,,,,,,,,,228,blue,0,0,0
90,,10810120,1,20260913,19943,2640,0,,,,,10256,893,0,,,,,3,26.545420020594484,127.96513700000001,,,0,,,,,,,,,,228,blue,22583,11149,33732
90,,10810130,1,20260913,8417,225,0,,,,,7351,172,0,,,,,3,26.541292020587623,127.95978,,,0,,,,,,,,,,228,blue,8642,7523,16165
90,,10810140,1,20260913,9063,128,0,,,,,8595,123,0,,,,,3,26.536514020579673,127.935453,,,0,,,,,,,,,,228,blue,9191,8718,17909
90,,10810150,1,20260913,0,0,0,,,,,0,0,0,,,,,3,26.51382402054197,127.901775,,,0,,,,,,,,,,228,blue,0,0,0
90,,10810160,1,20260913,6815,23,0,,,,,7851,157,0,,,,,3,26.503684020525117,127.87991000000001,,,0,,,,,,,,,,228,blue,6838,8008,14846
90,,10810170,1,20260913,0,0,0,,,,,0,0,0,,,,,3,26.49844302051641,127.86208000000002,,,0,,,,,,,,,,228,blue,0,0,0
90,,10810180,1,20260913,0,0,0,,,,,0,0,0,,,,,3,26.48233402048965,127.85135699999998,,,0,,,,,,,,,,228,blue,0,0,0
90,,10810190,1,20260913,0,0,0,,,,,0,0,0,,,,,3,26.44345902042506,127.805583,,,0,,,,,,,,,,228,blue,0,0,0
90,,10810200,1,20260913,,,,,,,,,,,,,,,3,26.338860020251406,127.7508,,,1,,,,,,,,,,228,blue,0,0,0
90,,10810220,1,20260913,0,0,0,,,,,0,0,0,,,,,3,26.26837002013446,127.73051999999998,,,0,,,,,,,,,,228,blue,0,0,0
90,,10810230,1,20260913,12613,2023,0,,,,,15525,1594,0,,,,,3,26.266310020131048,127.72327,,,0,,,,,,,,,,228,blue,14636,17119,31755
90,,10810240,1,20260913,0,0,0,,,,,0,0,0,,,,,3,26.269040020135566,127.72616000000001,,,0,,,,,,,,,,228,blue,0,0,0
90,,10810260,1,20260913,11077,144,0,,,,,9158,299,0,,,,,3,26.273440020142868,127.71261000000001,,,0,,,,,,,,,,228,blue,11221,9457,20678
90,,10810270,1,20260913,0,0,0,,,,,0,0,0,,,,,3,26.451180020437896,127.89631,,,0,,,,,,,,,,228,blue,0,0,0
90,,10810280,1,20260913,4374,72,0,,,,,8241,12,0,,,,,3,26.4491400204345,127.849893,,,0,,,,,,,,,,228,blue,4446,8253,12699
90,,10810290,1,20260913,3038,39,0,,,,,3756,90,0,,,,,3,26.448972020434223,127.90855300000001,,,0,,,,,,,,,,228,blue,3077,3846,6923
90,,10810300,1,20260913,8247,287,0,,,,,6596,425,0,,,,,3,26.30711002019872,127.81338,,,0,,,,,,,,,,228,blue,8534,7021,15555
90,,10810310,1,20260913,0,0,0,,,,,0,0,0,,,,,3,26.287560020166286,127.81449,,,0,,,,,,,,,,228,blue,0,0,0
90,,10810320,1,20260913,11584,1842,0,,,,,9138,467,0,,,,,3,26.22351002006007,127.76571,,,0,,,,,,,,,,228,blue,13426,9605,23031
90,,10810330,1,20260913,,,,,,,,,,,,,,,3,26.200760020022358,127.75174999999999,,,1,,,,,,,,,,228,blue,0,0,0
90,,10810340,1,20260913,12388,196,0,,,,,10885,597,0,,,,,3,26.25841002011794,127.75767000000002,,,0,,,,,,,,,,228,blue,12584,11482,24066
90,,10810350,1,20260913,0,0,0,,,,,0,0,0,,,,,3,26.24962002010336,127.74765,,,0,,,,,,,,,,228,blue,0,0,0
90,,10810360,1,20260913,20697,1523,0,,,,,23963,525,0,,,,,3,26.25443002011134,127.73508000000001,,,0,,,,,,,,,,228,blue,22220,24488,46708
90,,10810370,1,20260913,23808,670,0,,,,,22308,347,0,,,,,3,26.25456002011155,127.72416000000001,,,0,,,,,,,,,,228,blue,24478,22655,47133
90,,10810380,1,20260913,15376,773,0,,,,,14682,1876,0,,,,,3,26.169530019970612,127.65168,,,0,,,,,,,,,,228,blue,16149,16558,32707
90,,10810390,1,20260913,0,0,0,,,,,0,0,0,,,,,3,26.154010019944888,127.65812,,,0,,,,,,,,,,228,blue,0,0,0
90,,10810400,1,20260913,0,0,0,,,,,0,0,0,,,,,3,26.130710019906292,127.66514,,,0,,,,,,,,,,228,blue,0,0,0
90,,10810410,1,20260913,0,0,0,,,,,0,0,0,,,,,3,26.11574001988149,127.66860000000001,,,0,,,,,,,,,,228,blue,0,0,0
90,,10810420,1,20260913,0,0,0,,,,,0,0,0,,,,,3,26.09400001984549,127.71590000000002,,,0,,,,,,,,,,228,blue,0,0,0
90,,10810430,1,20260913,0,0,0,,,,,0,0,0,,,,,3,26.128730019903006,127.75918999999999,,,0,,,,,,,,,,228,blue,0,0,0
90,,10810440,1,20260913,0,0,0,,,,,0,0,0,,,,,3,26.140140019921905,127.77529,,,0,,,,,,,,,,228,blue,0,0,0
90,,10810450,1,20260913,0,0,0,,,,,0,0,0,,,,,3,26.170060019971476,127.8265,,,0,,,,,,,,,,228,blue,0,0,0
90,,10810460,1,20260913,0,0,0,,,,,0,0,0,,,,,3,26.20426002002816,127.652556,,,0,,,,,,,,,,228,blue,0,0,0
90,,10810470,1,20260913,0,0,0,,,,,0,0,0,,,,,3,26.209250020036425,127.73744999999998,,,0,,,,,,,,,,228,blue,0,0,0
90,,10810480,1,20260913,0,0,0,,,,,0,0,0,,,,,3,26.18171001999079,127.73158000000001,,,0,,,,,,,,,,228,blue,0,0,0
90,,10810490,1,20260913,0,0,0,,,,,0,0,0,,,,,3,26.17543001998038,127.70638000000001,,,0,,,,,,,,,,228,blue,0,0,0
90,,10810510,1,20260913,0,0,0,,,,,0,0,0,,,,,3,26.17208001997483,127.69662,,,0,,,,,,,,,,228,blue,0,0,0
90,,10810520,1,20260913,0,0,0,,,,,0,0,0,,,,,3,26.17121001997338,127.67963999999999,,,0,,,,,,,,,,228,blue,0,0,0
82,,2110428,1,20260913,2637,161,18,0,0,0,0,2518,177,12,0,0,0,0,3,38.73322403799523,140.787123,,,,,,,,,,,,,186,red,2816,2707,5523
87,,7110050,1,20260913,70,1,0,0,0,0,0,61,6,0,0,0,0,0,3,34.48565560311886,133.3551943,,,,,,,,,,,,,1,red,71,67,138
87,,7110060,1,20260913,65,2,0,0,0,0,0,74,5,0,0,0,0,0,3,34.42263781303284,133.2070398,,,,,,,,,,,,,1,red,67,79,146
87,,7110070,1,20260913,55,3,0,0,0,0,0,55,4,0,0,0,0,0,3,34.407573573012236,133.1699288,,,,,,,,,,,,,1,red,58,59,117
87,,7110110,1,20260913,31,0,0,0,0,0,0,14,1,0,0,0,0,0,3,35.523803034484544,134.222875,,,,,,,,,,,,,1,red,31,15,46
87,,7110120,1,20260913,,,,0,0,0,1,,,,0,0,0,1,3,35.52073503448066,133.602321,,,,,,,,,,,,,1,red,0,0,0
87,,7110130,1,20260913,44,3,0,0,0,0,0,34,3,0,0,0,0,0,3,35.41880503435098,133.370183,,,,,,,,,,,,,1,red,47,37,84
87,,7110230,1,20260913,7,1,0,0,0,0,0,15,0,0,0,0,0,0,3,34.76131441349103,132.8171003,,,,,,,,,,,,,1,red,8,15,23
87,,7110300,1,20260913,69,3,0,0,0,0,0,22,1,0,0,0,0,0,3,34.38300703297858,132.459786,132.459786,34.38300703297858,,,,,,,,,,,1,red,72,23,95
87,,7116080,1,20260913,27,2,0,0,0,0,0,0,0,0,0,0,0,0,3,34.39666703299729,133.151389,,,,,,,,,,,,,1,red,29,0,29
87,,7160010,1,20260913,14,1,0,0,0,0,0,9,2,0,0,0,0,0,1,34.5622222532229,133.1247222,,,,,,,,,,,,,1,red,15,11,26
87,,7160020,1,20260913,,,,0,0,1,1,,,,0,0,1,1,1,35.07931507391195,132.8976065,,,,,,,,,,,,,1,red,0,0,0
87,,7310030,1,20260913,59,13,0,0,0,0,0,24,10,0,0,0,0,0,3,34.49757349313508,133.4192187,,,,,,,,,,,,,1,red,72,34,106
87,,7310050,1,20260913,0,1,0,0,0,0,0,3,0,0,0,0,0,0,3,35.52642103448786,134.014803,,,,,,,,,,,,,1,red,1,3,4
87,,7310060,1,20260913,4,0,0,0,0,0,0,8,0,0,0,0,0,0,3,35.50599803446197,133.88375,,,,,,,,,,,,,1,red,4,8,12
87,,7310070,1,20260913,7,1,0,0,0,0,0,5,1,0,0,0,0,0,3,35.51442503447265,134.020507,,,,,,,,,,,,,1,red,8,6,14
87,,7310080,1,20260913,29,2,0,0,0,0,0,41,0,0,0,0,0,0,3,35.50773503446417,133.951629,,,,,,,,,,,,,1,red,31,41,72
87,,7310090,1,20260913,35,3,0,0,0,0,0,24,2,0,0,0,0,0,3,35.49831203445221,133.906984,,,,,,,,,,,,,1,red,38,26,64
87,,7310100,1,20260913,14,0,0,0,0,0,0,4,0,0,0,0,0,0,3,35.508808034465545,133.493736,,,,,,,,,,,,,1,red,14,4,18
87,,7310130,1,20260913,15,0,0,0,0,0,0,14,0,0,0,0,0,0,3,35.419582034351976,134.259336,,,,,,,,,,,,,1,red,15,14,29
87,,7310140,1,20260913,3,0,0,0,0,0,0,1,0,0,0,0,0,0,3,35.28755503418254,134.228921,,,,,,,,,,,,,1,red,3,1,4
87,,7310190,1,20260913,25,0,0,0,0,0,0,11,0,0,0,0,0,0,3,35.48752003443851,134.19798,,,,,,,,,,,,,1,red,25,11,36
87,,7310200,1,20260913,20,0,0,0,0,0,0,8,1,0,0,0,0,0,3,35.56082603453137,134.284636,,,,,,,,,,,,,1,red,20,9,29
87,,7310210,1,20260913,37,2,0,0,0,0,0,29,2,0,0,0,0,0,3,35.50841503446504,133.518074,,,,,,,,,,,,,1,red,39,31,70
87,,7310220,1,20260913,4,0,0,0,0,0,0,16,0,0,0,0,0,0,3,35.527027804488625,134.13269444,,,,,,,,,,,,,1,red,4,16,20
87,,7310240,1,20260913,12,0,0,0,0,0,0,6,0,0,0,0,0,0,3,35.397000034323106,134.20377777,,,,,,,,,,,,,1,red,12,6,18
87,,7310310,1,20260913,,,,0,0,0,1,,,,0,0,0,1,3,34.34795203293048,132.689449,,,,,,,,,,,,,1,red,0,0,0
87,,7310320,1,20260913,38,1,0,0,0,0,0,21,1,0,0,0,0,0,3,34.3631870329514,132.733939,,,,,,,,,,,,,1,red,39,22,61
87,,7310340,1,20260913,61,2,0,0,0,0,0,58,2,0,0,0,0,0,3,34.46347803308863,133.26236,133.262329,34.46377003308901,,,,,,,,,,,1,red,63,60,123
87,,7310370,1,20260913,16,1,0,0,0,0,0,5,2,0,0,0,0,0,1,35.200455524069866,132.8454097,,,,,,,,,,,,,1,red,17,7,24
87,,7310510,1,20260913,18,0,0,0,0,0,0,19,1,0,0,0,0,0,3,34.40069503300281,132.797334,,,,,,,,,,,,,1,red,18,20,38
87,,7310520,1,20260913,23,0,0,0,0,0,0,26,1,0,0,0,0,0,3,34.53976203319243,132.51558,,,,,,,,,,,,,1,red,23,27,50
87,,7310530,1,20260913,37,4,0,0,0,0,0,44,2,0,0,0,0,0,3,34.347256032929515,132.31778000000003,,,,,,,,,,,,,1,red,41,46,87
87,,7310540,1,20260913,28,1,0,0,0,0,0,21,1,0,0,0,0,0,3,34.310647032879174,132.631054,,,,,,,,,,,,,1,red,29,22,51
87,,7310610,1,20260913,39,5,0,0,0,0,0,28,4,0,0,0,0,0,3,35.49457003444746,134.1603,,,,,,,,,,,,,1,red,44,32,76
87,,7310620,1,20260913,29,2,0,0,0,0,0,15,0,0,0,0,0,0,3,35.50153003445631,134.0804,,,,,,,,,,,,,1,red,31,15,46
87,,7310630,1,20260913,22,1,0,0,0,0,0,15,0,0,0,0,0,0,3,35.49990003445423,134.0626,,,,,,,,,,,,,1,red,23,15,38
87,,7310640,1,20260913,31,0,0,0,0,0,0,16,0,0,0,0,0,0,3,35.50860003446527,134.0108,,,,,,,,,,,,,1,red,31,16,47
87,,7360010,1,20260913,11,1,0,0,0,0,0,20,2,0,0,0,0,0,1,35.032454033850506,134.387568,,,,,,,,,,,,,1,red,12,22,34
87,,7360020,1,20260913,24,6,0,0,0,0,0,17,0,0,0,0,0,0,1,35.07606803390771,134.346092,,,,,,,,,,,,,1,red,30,17,47
87,,7360030,1,20260913,0,0,0,0,0,0,0,7,1,0,0,0,0,0,3,35.238191034118756,134.286932,,,,,,,,,,,,,1,red,0,8,8
87,,7360040,1,20260913,15,0,0,0,0,0,0,0,0,0,0,0,0,0,3,35.284722034178905,134.227547,,,,,,,,,,,,,1,red,15,0,15
87,,7360050,1,20260913,0,0,0,0,0,0,0,17,3,0,0,0,0,0,1,35.285344034179694,134.222766,,,,,,,,,,,,,1,red,0,20,20
87,,7360060,1,20260913,21,3,0,0,0,0,0,0,0,0,0,0,0,0,1,35.35362703426754,134.194581,,,,,,,,,,,,,1,red,24,0,24
87,,7360070,1,20260913,0,0,0,0,0,0,0,33,1,0,0,0,0,0,1,35.37911003430021,134.204798,,,,,,,,,,,,,1,red,0,34,34
87,,7360080,1,20260913,20,4,0,0,0,0,0,0,0,0,0,0,0,0,1,35.39104203431548,134.20339,,,,,,,,,,,,,1,red,24,0,24
87,,7360090,1,20260913,22,4,0,0,0,0,0,12,1,0,0,0,0,0,1,35.40772703433684,134.206955,,,,,,,,,,,,,1,red,26,13,39
87,,7360100,1,20260913,21,4,0,0,0,0,0,21,3,0,0,0,0,0,1,35.45862225662396,134.193141666666,,,,,,,,,,,,,1,red,25,24,49
87,,7360110,1,20260913,13,3,0,0,0,0,0,18,0,0,0,0,0,0,1,35.113784033957025,134.331458,,,,,,,,,,,,,1,red,16,18,34
87,,7360130,1,20260913,11,3,0,0,0,0,0,12,2,0,0,0,0,0,1,34.69455889340151,133.033421,,,,,,,,,,,,,1,red,14,14,28
87,,7360140,1,20260913,11,3,0,0,0,0,0,15,4,0,0,0,0,0,1,34.687231643391655,133.0469408,,,,,,,,,,,,,1,red,14,19,33
