地方整備局等番号,開発建設部／都道府県コード,常時観測点コード,収集時間フラグ（5分間／1時間）,観測年月日,上り・小型交通量,上り・大型交通量,上り・車種判別不能交通量,上り・停電,上り・ループ異常,上り・超音波異常,上り・欠測,下り・小型交通量,下り・大型交通量,下り・車種判別不能交通量,下り・停電,下り・ループ異常,下り・超音波異常,下り・欠測,道路種別,lat,lng,lng2,lat2,カメラプリセット位置,気象影響による映像不良,照度不足,突発事象（交通事故等）,サーバの稼働,カメラの映像受信,映像のデコード処理,デコード映像から映像解析機能への取込加工処理の失敗,映像解析機能のフリーズ,その他エラー,count,color,上り・交通量,下り・交通量,交通量
81,02,1110010,1,20260827,7845,2761,0,0,0,0,0,7497,2719,0,0,0,0,0,3,41.93108757020422,140.6421045,,,,,,,,,,,,,265,red,10606,10216,20822
81,02,1110020,1,20260827,2828,1259,0,0,0,0,0,2895,1134,0,0,0,0,0,3,42.1540981903046,140.4840606,,,,,,,,,,,,,265,red,4087,4029,8116
81,03,1110030,1,20260827,699,266,0,0,0,0,0,758,309,0,0,0,0,0,3,42.672714040509845,140.377502,,,,,,,,,,,,,265,red,965,1067,2032
81,03,1110050,1,20260827,3447,1125,0,0,0,0,0,3925,1070,0,0,0,0,0,3,43.121255040655214,140.735792,,,,,,,,,,,,,265,red,4572,4995,9567
81,03,1110060,1,20260827,4941,767,0,0,0,0,0,5132,850,0,0,0,0,0,3,43.19868804067728,140.862496,,,,,,,,,,,,,265,red,5708,5982,11690
81,03,1110080,1,20260827,10159,1876,0,0,0,0,0,10786,1723,0,0,0,0,0,3,43.153022040664396,141.118728,,,,,,,,,,,,,265,red,12035,12509,24544
81,01,1110090,1,20260827,14174,982,0,0,0,0,0,11563,861,0,0,0,0,0,3,43.08364407064419,141.3496424,,,,,,,,,,,,,265,red,15156,12424,27580
81,02,1110100,1,20260827,9789,1637,0,0,0,0,0,10098,1265,0,0,0,0,0,3,41.855509180168546,140.7378302,,,,,,,,,,,,,265,red,11426,11363,22789
81,02,1110110,1,20260827,5968,1033,6,0,0,0,1,5881,973,6,0,0,0,1,3,41.91094404019478,140.69325,,,,,,,,,,,,,265,red,7007,6860,13867
81,03,1110120,1,20260827,304,103,33,0,0,0,0,286,59,11,0,0,0,0,3,42.65674504050413,140.412444,,,,,,,,,,,,,265,red,440,356,796
81,01,1110130,1,20260827,7763,795,0,0,0,0,0,7592,880,0,0,0,0,0,3,43.18473404067338,141.721783,,,,,,,,,,,,,265,red,8558,8472,17030
81,01,1110140,1,20260827,3768,980,0,0,0,0,0,3436,976,0,0,0,0,0,3,43.351557040718205,141.866096,,,,,,,,,,,,,265,red,4748,4412,9160
81,04,1110150,1,20260827,5029,1709,0,0,0,0,0,4777,1765,0,0,0,0,0,3,43.72678204080376,142.211538,,,,,,,,,,,,,265,red,6738,6542,13280
81,04,1110160,1,20260827,5953,1114,1742,0,0,0,0,8170,1727,232,0,0,0,0,3,43.798283040817644,142.333692,,,,,,,,,,,,,265,red,8809,10129,18938
81,01,1110170,1,20260827,0,0,0,0,0,265,0,0,0,0,0,0,265,0,3,42.95409804060455,141.495931,,,,,,,,,,,,,265,red,0,0,0
81,05,1110180,1,20260827,10550,1723,0,0,0,0,0,9933,1678,0,0,0,0,0,3,42.619514790490626,141.5539538,,,,,,,,,,,,,265,red,12273,11611,23884
81,05,1110190,1,20260827,8577,1080,828,0,0,23,0,8949,1222,51,0,0,0,0,3,42.38500765040089,141.0774629,,,,,,,,,,,,,265,red,10485,10222,20707
81,05,1110200,1,20260827,0,0,0,0,0,265,0,1368,616,0,0,0,0,0,3,42.60033645048358,140.6268309,,,,,,,,,,,,,265,red,0,1984,1984
81,01,1110220,1,20260827,2436,504,0,0,0,0,0,2516,497,0,0,0,0,0,3,43.53094035076174,142.1739006,,,,,,,,,,,,,265,red,2940,3013,5953
81,04,1110230,1,20260827,3058,388,0,0,0,0,0,3160,399,0,0,0,0,0,3,43.34513804071655,142.377435,,,,,,,,,,,,,265,red,3446,3559,7005
81,04,1110240,1,20260827,0,0,1283,0,0,265,0,0,0,1437,0,0,265,0,3,43.16138604066678,142.575567,,,,,,,,,,,,,265,red,1283,1437,2720
81,07,1110250,1,20260827,2755,898,0,0,0,0,0,2645,1002,0,0,0,0,0,3,42.96760298060881,142.8955221,,,,,,,,,,,,,265,red,3653,3647,7300
81,07,1110260,1,20260827,4840,528,202,0,0,0,0,4912,552,98,0,0,0,0,3,42.91673291059265,143.2700872,,,,,,,,,,,,,265,red,5570,5562,11132
81,07,1110270,1,20260827,570,300,0,0,0,0,3,529,338,0,0,0,0,3,3,42.832729040565155,143.765979,,,,,,,,,,,,,265,red,870,867,1737
81,06,1110280,1,20260827,3947,856,0,0,0,0,0,3699,887,0,0,0,0,0,3,43.002010860619514,144.2464972,,,,,,,,,,,,,265,red,4803,4586,9389
81,06,1110281,1,20260827,5561,1227,0,0,0,0,0,5434,1163,0,0,0,0,0,3,43.03483108062955,144.3754256,,,,,,,,,,,,,265,red,6788,6597,13385
81,06,1110282,1,20260827,3461,1049,0,0,0,0,0,3242,1023,0,0,0,0,0,3,43.01628558062389,144.4224501,,,,,,,,,,,,,265,red,4510,4265,8775
81,06,1110283,1,20260827,2104,761,0,0,0,0,0,1819,729,0,0,0,0,0,3,43.00268904061971,144.473627,,,,,,,,,,,,,265,red,2865,2548,5413
81,04,1110290,1,20260827,3691,500,0,0,0,0,0,3546,448,0,0,0,0,0,3,43.818868040821506,142.447347,,,,,,,,,,,,,265,red,4191,3994,8185
81,04,1110300,1,20260827,796,285,8,0,0,0,0,0,0,1174,0,0,265,0,3,43.84894404082702,142.744489,,,,,,,,,,,,,265,red,1089,1174,2263
81,04,1110310,1,20260827,895,329,8,0,0,0,0,0,0,1244,0,0,265,0,3,43.781848040814516,142.90227300000004,,,,,,,,,,,,,265,red,1232,1244,2476
81,08,1110320,1,20260827,778,327,0,0,265,0,0,712,337,0,0,265,0,0,3,43.750539740808456,143.4918536,,,,,,,,,,,,,265,red,1105,1049,2154
81,08,1110330,1,20260827,4784,370,99,0,0,0,0,4941,562,0,0,265,0,0,3,43.79818204081763,143.833134,,,,,,,,,,,,,265,red,5253,5503,10756
81,08,1110331,1,20260827,1855,570,0,0,0,0,0,1823,531,0,0,0,0,0,3,43.7822242308146,143.8981667,,,,,,,,,,,,,265,red,2425,2354,4779
81,08,1110332,1,20260827,1494,473,0,0,0,0,0,1451,445,0,0,0,0,0,3,43.80292804081852,143.926029,,,,,,,,,,,,,265,red,1967,1896,3863
81,08,1110340,1,20260827,,,,0,0,0,265,,,,0,0,0,265,3,43.85309704082778,144.102175,,,,,,,,,,,,,265,red,0,0,0
81,08,1110350,1,20260827,2015,252,0,0,0,0,0,1963,195,0,0,0,0,0,3,43.87040004083089,144.150466,,,,,,,,,,,,,265,red,2267,2158,4425
81,04,1110360,1,20260827,5132,1052,0,0,0,0,0,5185,1093,0,0,0,0,0,3,43.819632040821645,142.40886,,,,,,,,,,,,,265,red,6184,6278,12462
81,04,1110370,1,20260827,1760,508,158,0,0,0,0,1864,556,2,0,0,0,0,3,43.9375450408425,142.46586,,,,,,,,,,,,,265,red,2426,2422,4848
81,04,1110380,1,20260827,42,13,0,0,86,0,179,37,21,0,0,86,0,179,3,44.49438804091256,142.340371,,,,,,,,,,,,,265,red,55,58,113
81,04,1110390,1,20260827,556,215,0,0,0,0,0,452,220,0,0,0,0,0,3,44.82270404093181,142.065768,,,,,,,,,,,,,265,red,771,672,1443
81,04,1110400,1,20260827,1084,258,1,0,0,0,0,930,297,17,0,0,0,0,3,44.331686040896926,142.446612,,,,,,,,,,,,,265,red,1343,1244,2587
81,04,1110410,1,20260827,1776,272,63,0,0,0,2,1431,347,4,0,0,0,2,3,44.4124520409052,142.40433,,,,,,,,,,,,,265,red,2111,1782,3893
81,04,1110420,1,20260827,1508,372,281,0,23,0,0,,,,0,0,0,265,3,44.436504040907465,142.370834,,,,,,,,,,,,,265,red,2161,0,2161
81,04,1110430,1,20260827,1151,267,13,0,0,0,1,919,304,17,0,0,0,1,3,44.46719604091022,142.373557,,,,,,,,,,,,,265,red,1431,1240,2671
81,04,1110431,1,20260827,925,254,0,0,0,0,0,692,269,0,0,0,0,0,3,44.49400304091251,142.349754,,,,,,,,,,,,,265,red,1179,961,2140
81,10,1110440,1,20260827,840,234,0,0,265,0,0,640,113,346,0,0,75,0,3,45.01690604093549,141.836757,,,,,,,,,,,,,265,red,1074,1099,2173
81,10,1110460,1,20260827,138,33,894,0,0,234,3,696,234,1,0,0,0,3,3,45.20892604093353,141.770096,,,,,,,,,,,,,265,red,1065,931,1996
81,06,1110470,1,20260827,2999,193,27,2,2,0,2,3184,234,26,2,1,0,2,3,42.99479183061728,144.4493526,,,,,,,,,,,,,265,red,3219,3444,6663
81,06,1110480,1,20260827,1465,283,26,0,0,0,0,1335,275,19,0,0,0,0,3,43.13343702065876,145.0159693,,,,,,,,,,,,,265,red,1774,1629,3403
81,02,1110490,1,20260827,1951,546,0,0,0,0,0,1649,813,0,0,0,0,0,3,41.89734796018839,140.6338191,,,,,,,,,,,,,265,red,2497,2462,4959
81,02,1110500,1,20260827,1542,258,0,0,265,0,0,1537,163,84,0,0,0,0,3,41.480587619979374,140.2558047,,,,,,,,,,,,,265,red,1800,1784,3584
81,02,1110510,1,20260827,5595,612,110,0,0,0,0,6996,690,13,0,0,0,0,3,41.83901009016065,140.7069415,,,,,,,,,,,,,265,red,6317,7699,14016
81,02,1110520,1,20260827,3516,456,0,0,265,0,0,3626,594,0,0,265,0,0,3,41.83229743015742,140.67026760000002,,,,,,,,,,,,,265,red,3972,4220,8192
81,02,1110530,1,20260827,2738,282,78,0,0,0,0,2541,211,123,0,0,0,0,3,41.82065939015182,140.6236414,,,,,,,,,,,,,265,red,3098,2875,5973
81,03,1110540,1,20260827,226,13,2,2,0,5,0,20,10,2,2,0,201,0,3,43.24834804069096,140.33431600000003,,,,,,,,,,,,,265,red,241,32,273
81,03,1110550,1,20260827,0,0,0,0,0,265,0,942,428,0,0,0,0,0,3,42.96644104060844,140.471476,,,,,,,,,,,,,265,red,0,1370,1370
81,03,1110560,1,20260827,182,42,0,0,0,0,0,197,39,0,0,0,0,0,3,42.69059604051622,139.972281,,,,,,,,,,,,,265,red,224,236,460
81,02,1110570,1,20260827,546,113,0,0,0,0,0,527,124,0,0,0,0,0,3,42.068390450266875,140.0715584,,,,,,,,,,,,,265,red,659,651,1310
81,01,1110600,1,20260827,7317,2046,0,0,0,0,0,6286,1637,0,0,0,0,0,3,43.1876802706742,141.3248983,,,,,,,,,,,,,265,red,9363,7923,17286
81,01,1110610,1,20260827,1126,224,0,0,0,0,0,0,0,0,0,0,265,0,3,43.377555040724815,141.428392,,,,,,,,,,,,,265,red,1350,0,1350
81,09,1110620,1,20260827,1723,177,0,0,0,0,0,1564,151,0,0,0,0,0,3,43.89116004083455,141.602442,,,,,,,,,,,,,265,red,1900,1715,3615
81,09,1110630,1,20260827,,,,0,0,0,265,,,,0,0,0,265,3,44.71198204092715,141.790418,,,,,,,,,,,,,265,red,0,0,0
81,09,1110640,1,20260827,1935,647,0,1,0,0,0,1942,689,0,1,0,0,0,3,43.99996504085269,141.656227,,,,,,,,,,,,,265,red,2582,2631,5213
81,01,1110650,1,20260827,1025,149,0,0,0,0,0,1096,171,0,0,0,0,0,3,43.76598569081147,141.953873,,,,,,,,,,,,,265,red,1174,1267,2441
81,09,1110660,1,20260827,841,193,0,0,0,0,0,922,215,0,0,0,0,0,3,43.919969040839526,141.687135,,,,,,,,,,,,,265,red,1034,1137,2171
81,01,1110670,1,20260827,888,123,3,0,0,0,1,615,127,241,0,0,0,1,3,43.719328040802246,141.995229,,,,,,,,,,,,,265,red,1014,983,1997
81,01,1110680,1,20260827,1167,237,38,0,0,0,1,1000,212,3,0,0,0,1,3,43.80247704081843,141.939455,,,,,,,,,,,,,265,red,1442,1215,2657
81,01,1110690,1,20260827,1308,246,4,0,0,0,1,1124,254,3,0,0,0,1,3,43.804048040818735,141.856355,,,,,,,,,,,,,265,red,1558,1381,2939
81,09,1110700,1,20260827,1223,869,0,0,264,28,1,1352,380,9,0,0,0,1,3,43.84518804082634,141.778679,,,,,,,,,,,,,265,red,2092,1741,3833
81,09,1110701,1,20260827,1623,425,0,0,0,0,0,1411,424,0,0,0,0,0,3,43.87822704083228,141.723595,,,,,,,,,,,,,265,red,2048,1835,3883
81,09,1110702,1,20260827,1364,374,0,0,0,0,0,1182,357,0,0,0,0,0,3,43.928072040840895,141.68278,,,,,,,,,,,,,265,red,1738,1539,3277
81,01,1110710,1,20260827,1551,236,0,0,0,265,0,3204,664,0,0,0,0,0,3,43.11269117065273,141.74737440000004,,,,,,,,,,,,,265,red,1787,3868,5655
81,05,1110720,1,20260827,2090,1019,73,0,0,0,0,1973,1175,59,0,0,0,0,3,42.81091575055783,141.8315435,,,,,,,,,,,,,265,red,3182,3207,6389
81,05,1110730,1,20260827,3065,662,12,6,0,0,1,2707,575,16,6,0,0,1,3,42.57481157047414,141.9503395,,,,,,,,,,,,,265,red,3739,3298,7037
81,05,1110740,1,20260827,2367,429,0,0,0,0,0,2542,482,0,0,0,0,0,3,42.18634909031852,142.7152599,,,,,,,,,,,,,265,red,2796,3024,5820
81,05,1110750,1,20260827,0,0,0,0,0,265,0,1598,0,0,0,0,0,0,3,42.67572651051092,141.724241,,,,,,,,,,,,,265,red,0,1598,1598
81,05,1110760,1,20260827,4631,1216,0,0,0,0,0,4567,1282,0,0,0,0,0,3,42.65945501050509,141.8200069,,,,,,,,,,,,,265,red,5847,5849,11696
81,05,1110770,1,20260827,4283,1110,0,0,0,0,5,4006,1126,0,0,0,0,5,3,42.5992918904832,141.8930837,,,,,,,,,,,,,265,red,5393,5132,10525
81,07,1110780,1,20260827,1683,583,5,0,0,0,0,1687,432,1,0,0,0,0,3,42.47939292043798,143.273263,,,,,,,,,,,,,265,red,2271,2120,4391
81,05,1110790,1,20260827,,,,0,0,0,265,,,,0,0,0,265,3,42.23567851033952,142.9927157,,,,,,,,,,,,,265,red,0,0,0
81,07,1110800,1,20260827,1230,384,26,0,0,0,0,1060,419,11,0,0,0,0,3,42.944556830601535,143.1061614,,,,,,,,,,,,,265,red,1640,1490,3130
81,07,1110810,1,20260827,1091,645,46,0,0,0,2,969,739,20,0,0,0,2,3,42.8783228205802,143.1246418,,,,,,,,,,,,,265,red,1782,1728,3510
81,07,1110820,1,20260827,2870,704,0,0,0,0,0,2918,668,0,0,0,0,0,3,42.772632730544835,143.175416,,,,,,,,,,,,,265,red,3574,3586,7160
81,07,1110830,1,20260827,2552,606,77,0,0,0,0,2518,531,41,0,0,0,0,3,42.722047130527294,143.168571,,,,,,,,,,,,,265,red,3235,3090,6325
81,07,1110831,1,20260827,1966,572,0,0,0,0,0,1886,466,0,0,0,0,0,3,42.67773204051164,143.145688,,,,,,,,,,,,,265,red,2538,2352,4890
81,07,1110832,1,20260827,1708,447,0,0,0,0,0,1633,410,0,0,0,0,0,3,42.637427040497144,143.190237,,,,,,,,,,,,,265,red,2155,2043,4198
81,07,1110833,1,20260827,1289,388,0,0,0,0,0,1136,306,0,0,0,0,0,3,42.550911040465216,143.288527,,,,,,,,,,,,,265,red,1677,1442,3119
81,04,1110840,1,20260827,4025,446,0,0,0,0,0,3843,407,0,0,0,0,0,3,43.67766304079377,142.395871,,,,,,,,,,,,,265,red,4471,4250,8721
81,04,1110850,1,20260827,616,165,0,0,0,0,0,645,174,0,0,0,0,0,3,43.142849040661474,142.416499,,,,,,,,,,,,,265,red,781,819,1600
81,05,1110860,1,20260827,3148,1089,0,1,0,0,0,2934,1142,0,1,0,0,0,3,42.56014623046868,141.984126,,,,,,,,,,,,,265,red,4237,4076,8313
81,05,1110861,1,20260827,2527,497,0,1,0,0,0,2352,539,0,1,0,0,0,3,42.511718620450374,142.0646378,,,,,,,,,,,,,265,red,3024,2891,5915
81,05,1110862,1,20260827,2156,418,0,0,0,0,0,1946,445,0,0,0,0,0,3,42.476880240437005,142.1551718,,,,,,,,,,,,,265,red,2574,2391,4965
81,08,1110870,1,20260827,1208,372,0,0,265,0,0,1028,348,0,0,265,0,0,3,44.122097850870915,144.0483972,,,,,,,,,,,,,265,red,1580,1376,2956
81,08,1110881,1,20260827,1404,414,0,0,0,0,0,1366,390,0,0,0,0,0,3,44.24722204088725,143.491111,,,,,,,,,,,,,265,red,1818,1756,3574
81,08,1110890,1,20260827,1423,365,0,0,265,0,0,1396,341,0,0,265,0,0,3,44.571011040918506,142.9747586,,,,,,,,,,,,,265,red,1788,1737,3525
81,10,1110900,1,20260827,,,,0,0,0,265,,,,0,0,0,265,3,45.401916040925876,141.74393,,,,,,,,,,,,,265,red,0,0,0
81,04,1110910,1,20260827,1258,282,0,0,0,0,0,0,0,0,0,0,265,0,3,44.33124604089689,142.51453,,,,,,,,,,,,,265,red,1540,0,1540
81,04,1110920,1,20260827,,,,0,0,0,265,,,,0,0,0,265,3,44.17901104087865,142.27833,,,,,,,,,,,,,265,red,0,0,0
81,06,1110930,1,20260827,1966,506,0,0,0,0,0,1950,495,0,0,0,0,0,3,43.094167250647295,144.1218925,,,,,,,,,,,,,265,red,2472,2445,4917
81,08,1110941,1,20260827,1132,562,0,0,265,0,0,1323,524,0,0,265,0,0,3,43.69889304079811,144.026451,,,,,,,,,,,,,265,red,1694,1847,3541
81,07,1110950,1,20260827,1719,495,38,0,0,0,0,1835,514,15,0,0,0,0,3,43.204237410678836,143.2746363,,,,,,,,,,,,,265,red,2252,2364,4616
81,07,1110960,1,20260827,762,483,0,0,0,0,0,886,471,0,0,0,0,0,3,43.458400040744706,143.740097,,,,,,,,,,,,,265,red,1245,1357,2602
81,07,1110970,1,20260827,1780,711,0,0,0,0,0,1818,759,0,0,0,0,0,3,43.110542040652106,143.580506,,,,,,,,,,,,,265,red,2491,2577,5068
81,06,1110980,1,20260827,790,205,0,0,0,0,0,763,202,0,0,0,0,0,3,43.55969036076827,144.3196517,,,,,,,,,,,,,265,red,995,965,1960
81,06,1110990,1,20260827,1057,184,3,0,0,0,0,989,237,3,0,0,0,0,3,43.46525075074637,144.6738938,,,,,,,,,,,,,265,red,1244,1229,2473
81,06,1111000,1,20260827,936,234,0,0,0,0,0,944,222,0,0,0,0,0,3,43.3767268407246,145.1354671,,,,,,,,,,,,,265,red,1170,1166,2336
81,08,1111010,1,20260827,3455,500,0,0,265,0,0,3521,452,0,0,265,0,0,3,43.98185858084978,144.2978521,,,,,,,,,,,,,265,red,3955,3973,7928
81,06,1111020,1,20260827,650,55,1,0,0,0,0,754,67,9,0,0,0,0,3,43.58981766077498,145.2084661,,,,,,,,,,,,,265,red,706,830,1536
81,06,1111030,1,20260827,1553,548,0,0,0,0,0,1419,527,0,0,0,0,0,3,43.02214121062568,144.5287192,,,,,,,,,,,,,265,red,2101,1946,4047
81,06,1111040,1,20260827,0,0,5849,0,0,260,0,4514,1268,0,0,265,0,0,3,43.53929381076365,144.9801323,,,,,,,,,,,,,265,red,5849,5782,11631
81,08,1111050,1,20260827,912,292,0,0,265,0,0,1015,194,18,0,0,0,0,3,44.25159504088778,143.262315,,,,,,,,,,,,,265,red,1204,1227,2431
81,01,1111060,1,20260827,1025,367,0,0,0,0,0,1008,373,0,0,0,0,0,3,42.938085080599464,142.0403856,,,,,,,,,,,,,265,red,1392,1381,2773
81,07,1111080,1,20260827,482,656,0,0,0,0,0,521,781,0,0,0,0,0,3,42.97320004061056,142.816438,,,,,,,,,,,,,265,red,1138,1302,2440
81,01,1111090,1,20260827,6768,1769,0,0,0,0,0,6728,1666,0,0,0,0,0,3,43.12130790065524,141.4830387,,,,,,,,,,,,,265,red,8537,8394,16931
81,01,1111100,1,20260827,2012,939,0,0,0,0,24,2009,1025,0,0,0,0,24,3,43.43463367073897,141.8216186,,,,,,,,,,,,,265,red,2951,3034,5985
81,01,1111110,1,20260827,1470,475,0,0,0,0,0,1303,551,0,0,0,0,0,3,43.57168557077097,141.8750113,,,,,,,,,,,,,265,red,1945,1854,3799
81,02,1111130,1,20260827,6383,782,37,0,265,0,0,7085,438,78,0,0,0,0,3,41.77319404012875,140.796333,,,,,,,,,,,,,265,red,7202,7601,14803
81,02,1111140,1,20260827,610,111,0,0,0,0,0,611,151,0,0,0,0,0,3,42.03841781025344,140.8062566,,,,,,,,,,,,,265,red,721,762,1483
81,02,1111145,1,20260827,10556,1158,0,0,0,0,0,11323,1156,0,0,0,0,0,3,41.84000143016112,140.7552781,,,,,,,,,,,,,265,red,11714,12479,24193
81,08,1111150,1,20260827,660,132,0,0,265,0,0,682,117,0,0,265,0,0,3,44.010611040854364,143.413281,,,,,,,,,,,,,265,red,792,799,1591
81,08,1111160,1,20260827,2323,384,38,0,0,0,0,2200,424,165,0,0,0,0,3,43.962452040846635,143.715644,,,,,,,,,,,,,265,red,2745,2789,5534
81,01,1111180,1,20260827,,,,0,0,0,265,,,,0,0,0,265,3,42.815960640559524,141.6810393,,,,,,,,,,,,,265,red,0,0,0
81,01,1111190,1,20260827,0,0,5467,0,0,265,0,192,26,5425,0,0,265,0,3,42.83070733056448,141.6903091,,,,,,,,,,,,,265,red,5467,5643,11110
81,01,1111200,1,20260827,3327,1526,218,0,0,0,0,3293,1765,96,0,265,0,0,3,42.860948090574496,141.7104933,,,,,,,,,,,,,265,red,5071,5154,10225
81,01,1111210,1,20260827,2261,1568,0,0,0,0,0,0,0,0,0,0,265,0,3,43.18556004067363,141.554044,,,,,,,,,,,,,265,red,3829,0,3829
81,06,1111220,1,20260827,923,219,0,0,0,0,0,952,199,0,0,0,0,0,3,43.37269109072359,144.5593071,,,,,,,,,,,,,265,red,1142,1151,2293
81,08,1111230,1,20260827,283,100,8,0,0,0,0,304,92,12,0,0,0,0,3,43.81126104082009,144.489672,,,,,,,,,,,,,265,red,391,408,799
81,06,1111240,1,20260827,278,48,1,0,0,0,0,269,68,0,0,0,0,0,3,42.99604737061767,144.0391088,,,,,,,,,,,,,265,red,327,337,664
81,03,1111250,1,20260827,1141,298,0,0,0,0,0,852,282,0,0,0,0,0,3,43.089578040645954,140.955582,,,,,,,,,,,,,265,red,1439,1134,2573
81,04,1111260,1,20260827,1040,217,25,0,0,0,5,816,224,9,0,0,0,5,3,43.92330404084009,142.480139,,,,,,,,,,,,,265,red,1282,1049,2331
81,04,1111270,1,20260827,0,0,1183,0,0,0,21,0,0,971,0,0,0,21,3,43.90347904083668,142.548538,,,,,,,,,,,,,265,red,1183,971,2154
81,04,1111280,1,20260827,1980,483,8,0,0,0,54,1615,514,9,0,0,0,54,3,43.88962304083429,142.598335,,,,,,,,,,,,,265,red,2471,2138,4609
81,04,1111290,1,20260827,1407,381,5,0,0,0,109,1251,379,26,0,0,0,109,3,43.840859040825556,142.737691,,,,,,,,,,,,,265,red,1793,1656,3449
81,04,1111300,1,20260827,434,160,2,0,0,0,191,376,121,3,0,0,0,191,3,43.843162040825966,142.799904,,,,,,,,,,,,,265,red,596,500,1096
81,04,1111310,1,20260827,,,,0,0,0,265,,,,0,0,0,265,3,43.885885060833616,142.99375530000003,,,,,,,,,,,,,265,red,0,0,0
81,08,1111320,1,20260827,,,,0,0,0,265,,,,0,0,0,265,3,43.942327040843296,143.272964,,,,,,,,,,,,,265,red,0,0,0
81,08,1111321,1,20260827,1232,363,0,0,0,0,0,1046,374,0,0,0,0,0,3,44.005186040853516,143.417614,,,,,,,,,,,,,265,red,1595,1420,3015
81,08,1111322,1,20260827,1207,352,0,0,0,0,0,991,347,0,0,0,0,0,3,44.010190040854305,143.450296,,,,,,,,,,,,,265,red,1559,1338,2897
81,01,1111330,1,20260827,3644,432,0,0,0,0,0,3460,390,0,0,0,0,0,3,42.93896478059976,141.3440037,,,,,,,,,,,,,265,red,4076,3850,7926
81,05,1111340,1,20260827,1311,349,0,0,0,0,0,1366,367,0,0,0,0,0,3,42.559147540468295,140.8961254,,,,,,,,,,,,,265,red,1660,1733,3393
81,01,1111350,1,20260827,2823,1517,0,0,0,0,0,2863,1641,0,0,0,0,0,3,42.88313893058179,141.7190833,,,,,,,,,,,,,265,red,4340,4504,8844
81,01,1111360,1,20260827,2450,1410,0,0,0,0,0,2529,1577,0,0,0,0,0,3,42.91387104059173,141.717002,,,,,,,,,,,,,265,red,3860,4106,7966
81,01,1111370,1,20260827,1236,727,0,0,0,0,0,1211,803,0,0,0,0,0,3,43.05425404063542,141.635599,,,,,,,,,,,,,265,red,1963,2014,3977
81,02,1111380,1,20260827,8464,872,0,0,0,0,0,8507,831,0,0,0,0,0,3,41.822662040152785,140.7753,,,,,,,,,,,,,265,red,9336,9338,18674
81,02,1111390,1,20260827,4458,589,0,0,0,0,0,4346,618,0,0,0,0,0,3,41.80204204014281,140.800817,,,,,,,,,,,,,265,red,5047,4964,10011
81,02,1111400,1,20260827,2010,302,0,0,0,0,0,1925,252,0,0,0,0,0,3,41.75457904011961,140.573825,,,,,,,,,,,,,265,red,2312,2177,4489
81,04,1111410,1,20260827,376,152,0,0,0,0,0,267,148,0,0,0,0,0,3,43.35314804071861,142.36145400000004,,,,,,,,,,,,,265,red,528,415,943
81,04,1111420,1,20260827,870,207,0,0,0,0,0,692,220,0,0,0,0,0,3,43.3038010407058,142.381627,,,,,,,,,,,,,265,red,1077,912,1989
81,06,1111500,1,20260827,1395,295,0,0,0,0,0,1480,347,0,0,0,0,0,3,43.29111104070245,145.517778,,,,,,,,,,,,,265,red,1690,1827,3517
81,03,1111600,1,20260827,1223,423,0,0,0,0,0,1413,399,0,0,0,0,0,3,43.162210040667006,140.797074,,,,,,,,,,,,,265,red,1646,1812,3458
81,06,1160010,1,20260827,1627,732,61,0,0,0,0,1351,764,13,0,0,0,0,1,43.12053262065503,143.6537933,,,,,,,,,,,,,265,red,2420,2128,4548
81,06,1160020,1,20260827,1789,842,0,0,0,0,0,1482,883,0,0,0,0,0,1,43.12244095065557,143.6787104,,,,,,,,,,,,,265,red,2631,2365,4996
81,06,1160030,1,20260827,1854,841,0,0,0,0,0,1576,865,0,0,0,0,0,1,43.081215390643465,143.9874923,,,,,,,,,,,,,265,red,2695,2441,5136
81,06,1160040,1,20260827,1934,854,0,0,0,0,0,1636,827,0,0,0,0,0,1,43.08452217064445,144.1232336,,,,,,,,,,,,,265,red,2788,2463,5251
81,06,1160050,1,20260827,2595,806,0,0,0,0,0,2438,863,0,0,0,0,0,1,43.09138904064647,144.173494,,,,,,,,,,,,,265,red,3401,3301,6702
81,06,1160060,1,20260827,3303,840,0,0,0,0,0,3123,886,0,0,0,0,0,1,43.04670304063314,144.303761,,,,,,,,,,,,,265,red,4143,4009,8152
81,08,1160120,1,20260827,453,159,0,0,0,0,0,386,175,0,0,0,0,0,1,43.69663004079766,143.731065,,,,,,,,,,,,,265,red,612,561,1173
81,08,1160130,1,20260827,829,212,0,0,0,0,0,784,195,0,0,0,0,0,1,43.7375680408059,143.819828,,,,,,,,,,,,,265,red,1041,979,2020
81,02,1310010,1,20260827,2428,237,0,0,0,0,0,2846,234,0,0,0,0,0,3,41.9090560401939,140.682556,,,,,,,,,,,,,265,red,2665,3080,5745
81,02,1310020,1,20260827,4280,1340,0,0,0,0,0,4342,1186,0,0,0,0,0,3,42.0164720402435,140.622028,,,,,,,,,,,,,265,red,5620,5528,11148
81,02,1310030,1,20260827,2424,1026,0,0,0,0,0,2546,917,0,0,0,0,0,3,42.44355604042405,140.326972,,,,,,,,,,,,,265,red,3450,3463,6913
81,03,1310040,1,20260827,2513,912,0,0,0,0,0,2877,845,0,0,0,0,0,3,43.005875040620694,140.666614,,,,,,,,,,,,,265,red,3425,3722,7147
81,01,1310050,1,20260827,3673,283,0,0,0,265,0,4364,519,0,0,0,265,0,3,43.13178497065829,141.1990678,,,,,,,,,,,,,265,red,3956,4883,8839
81,01,1310060,1,20260827,13448,1996,0,0,0,0,0,13456,1866,0,0,0,0,0,3,43.06547437063878,141.3767481,,,,,,,,,,,,,265,red,15444,15322,30766
81,01,1310070,1,20260827,12424,1187,0,0,0,0,0,13109,1282,0,0,0,0,0,3,43.048510140633695,141.4108604,,,,,,,,,,,,,265,red,13611,14391,28002
81,01,1310080,1,20260827,12631,904,0,0,0,0,0,12040,892,0,0,0,0,0,3,43.057749330636454,141.4844763,,,,,,,,,,,,,265,red,13535,12932,26467
81,01,1310090,1,20260827,0,0,0,0,0,265,0,5353,887,0,0,0,0,0,3,43.294945650703454,141.8492997,,,,,,,,,,,,,265,red,0,6240,6240
81,01,1310100,1,20260827,8116,1121,0,0,0,0,0,7497,1081,0,0,0,0,0,3,43.53544778076278,141.9200456,,,,,,,,,,,,,265,red,9237,8578,17815
81,01,1310110,1,20260827,2866,1310,0,0,0,0,0,2679,1266,0,0,0,0,0,3,43.66238455079058,141.9957268,,,,,,,,,,,,,265,red,4176,3945,8121
81,01,1310120,1,20260827,0,0,0,0,0,265,0,13696,1359,0,0,0,0,0,3,43.0094644106218,141.4241588,,,,,,,,,,,,,265,red,0,15055,15055
81,01,1310130,1,20260827,8521,1497,0,0,0,265,0,9075,1759,0,0,0,265,0,3,42.85324004057195,141.609931,,,,,,,,,,,,,265,red,10018,10834,20852
81,01,1310140,1,20260827,9734,3547,0,0,0,0,0,9867,3404,0,0,0,0,0,3,42.79203104055144,141.693651,,,,,,,,,,,,,265,red,13281,13271,26552
81,05,1310150,1,20260827,4077,929,0,0,0,0,0,4096,968,0,0,0,0,0,3,42.483348820439495,141.2489566,,,,,,,,,,,,,265,red,5006,5064,10070
81,05,1310160,1,20260827,7674,1077,0,0,0,0,0,7859,819,0,0,0,0,0,3,42.362402460391806,140.964739,,,,,,,,,,,,,265,red,8751,8678,17429
81,05,1310170,1,20260827,3667,609,0,0,265,0,0,4083,329,37,0,0,0,0,3,42.363565450392265,140.9519019,,,,,,,,,,,,,265,red,4276,4449,8725
81,04,1310180,1,20260827,,,,0,0,0,265,,,,0,0,0,265,3,43.22376604068423,142.378762,,,,,,,,,,,,,265,red,0,0,0
81,06,1310200,1,20260827,1359,455,0,0,0,0,0,1366,483,0,0,0,0,0,3,42.89183628058462,143.9445233,,,,,,,,,,,,,265,red,1814,1849,3663
81,06,1310210,1,20260827,4377,774,104,1,2,2,3,3780,885,0,1,262,0,3,3,43.009797840621914,144.2786998,,,,,,,,,,,,,265,red,5255,4665,9920
81,06,1310220,1,20260827,3695,755,0,0,0,0,0,4064,804,0,0,0,0,0,3,43.02229809062573,144.2728472,,,,,,,,,,,,,265,red,4450,4868,9318
81,08,1310230,1,20260827,1932,846,0,0,265,0,0,1837,756,0,0,265,0,0,3,43.85893419082885,144.0808788,,,,,,,,,,,,,265,red,2778,2593,5371
81,08,1310240,1,20260827,2098,243,0,0,265,0,0,2015,285,0,0,265,0,0,3,44.01132969085448,144.2315868,,,,,,,,,,,,,265,red,2341,2300,4641
81,04,1310250,1,20260827,3323,621,137,0,0,0,0,3123,642,89,0,0,0,0,3,44.16725904087709,142.395004,,,,,,,,,,,,,265,red,4081,3854,7935
81,04,1310260,1,20260827,2708,656,15,0,0,0,0,2637,730,3,0,0,0,0,3,44.19030204088012,142.392098,,,,,,,,,,,,,265,red,3379,3370,6749
81,09,1310270,1,20260827,506,202,0,0,0,0,0,466,218,0,0,0,0,0,3,44.89849804093394,141.930734,,,,,,,,,,,,,265,red,708,684,1392
81,10,1310280,1,20260827,272,100,0,0,0,0,0,237,95,0,0,0,0,0,3,45.0919210409354,141.772244,,,,,,,,,,,,,265,red,372,332,704
81,10,1310290,1,20260827,,,,0,0,0,265,,,,0,0,0,265,3,45.3643680409278,141.728937,,,,,,,,,,,,,265,red,0,0,0
81,06,1310300,1,20260827,2815,435,22,0,0,0,0,0,0,3165,0,0,265,0,3,43.059450410636984,144.8007274,,,,,,,,,,,,,265,red,3272,3165,6437
81,06,1310310,1,20260827,845,221,0,0,265,0,0,342,100,0,0,0,0,0,3,43.27550252069827,145.50157790000003,,,,,,,,,,,,,265,red,1066,442,1508
81,02,1310320,1,20260827,3425,410,0,0,0,0,0,3414,409,0,0,0,0,0,3,41.8940000401868,140.139639,,,,,,,,,,,,,265,red,3835,3823,7658
81,02,1310330,1,20260827,3468,495,0,0,0,0,0,3519,454,0,0,0,0,0,3,41.68472204008489,140.444,,,,,,,,,,,,,265,red,3963,3973,7936
81,03,1310340,1,20260827,2076,238,2,1,0,2,0,0,0,0,1,0,265,0,3,43.26192904069464,140.646731,,,,,,,,,,,,,265,red,2316,0,2316
81,03,1310350,1,20260827,2024,481,0,0,0,0,0,2122,475,0,0,0,0,0,3,43.041313040631515,140.5119,,,,,,,,,,,,,265,red,2505,2597,5102
81,02,1310360,1,20260827,472,75,0,0,0,0,0,514,96,0,0,0,0,0,3,42.129260570293795,139.981876,,,,,,,,,,,,,265,red,547,610,1157
81,01,1310370,1,20260827,16554,1413,0,0,0,0,0,16328,1308,0,0,0,0,0,3,43.007483420621185,141.3442719,,,,,,,,,,,,,265,red,17967,17636,35603
81,03,1310380,1,20260827,3005,566,0,0,0,0,0,2728,577,0,0,0,0,0,3,42.797316040553234,140.953155,,,,,,,,,,,,,265,red,3571,3305,6876
81,03,1310390,1,20260827,2342,585,0,0,0,0,0,2118,548,0,0,0,0,0,3,42.75911004054018,140.927534,,,,,,,,,,,,,265,red,2927,2666,5593
81,09,1310420,1,20260827,1579,367,0,0,0,0,0,1720,347,0,0,0,0,0,3,44.315812040895196,141.663389,,,,,,,,,,,,,265,red,1946,2067,4013
81,05,1310430,1,20260827,2087,690,0,0,0,0,0,1931,716,0,0,0,0,0,3,42.68397268051387,141.6803745,,,,,,,,,,,,,265,red,2777,2647,5424
81,05,1310440,1,20260827,944,173,10,0,0,0,0,978,171,15,0,0,0,0,3,42.455508520428715,142.1783574,,,,,,,,,,,,,265,red,1127,1164,2291
81,07,1310450,1,20260827,3557,500,0,0,0,0,0,3549,447,0,0,0,0,0,3,42.850468990571045,143.1845784,,,,,,,,,,,,,265,red,4057,3996,8053
81,04,1310460,1,20260827,3133,375,6,0,0,0,0,3059,626,0,0,265,0,0,3,43.3597710407203,142.387706,,,,,,,,,,,,,265,red,3514,3685,7199
81,05,1310470,1,20260827,403,628,0,0,0,0,0,440,578,0,0,0,0,0,3,42.87689451057974,142.4313468,,,,,,,,,,,,,265,red,1031,1018,2049
81,08,1310490,1,20260827,1829,436,0,0,265,0,0,1923,334,32,0,0,0,0,3,44.469400040910415,143.131573,,,,,,,,,,,,,265,red,2265,2289,4554
81,10,1310500,1,20260827,,,,0,0,0,265,,,,0,0,0,265,3,44.9513530409349,142.577793,,,,,,,,,,,,,265,red,0,0,0
81,06,1310520,1,20260827,354,80,0,0,0,0,0,493,74,0,0,0,0,0,3,43.474956340748676,144.4077086,,,,,,,,,,,,,265,red,434,567,1001
81,07,1310530,1,20260827,247,77,0,0,0,0,0,318,75,0,0,0,0,0,3,43.351455040718186,143.778977,,,,,,,,,,,,,265,red,324,393,717
81,08,1310540,1,20260827,496,141,0,0,265,0,0,435,143,0,0,265,0,0,3,43.71241358080086,144.1898958,,,,,,,,,,,,,265,red,637,578,1215
81,06,1310550,1,20260827,971,219,0,0,0,0,0,825,399,0,0,0,0,0,3,43.23651165068774,145.2499867,,,,,,,,,,,,,265,red,1190,1224,2414
81,06,1310560,1,20260827,1051,160,0,0,0,0,0,1662,305,0,0,0,0,0,3,43.68069492079438,145.1213962,,,,,,,,,,,,,265,red,1211,1967,3178
81,06,1310570,1,20260827,1119,541,0,0,0,0,0,1066,471,0,0,0,0,0,3,43.3613193507207,144.8334503,,,,,,,,,,,,,265,red,1660,1537,3197
81,04,1310580,1,20260827,90,56,0,0,0,0,0,53,31,0,0,0,0,0,3,43.85535404082818,142.818956,,,,,,,,,,,,,265,red,146,84,230
81,01,1310590,1,20260827,16681,2628,0,0,0,0,0,19550,3217,0,0,0,0,0,3,43.101919030649576,141.3492984,,,,,,,,,,,,,265,red,19309,22767,42076
81,01,1310600,1,20260827,5288,1103,0,0,0,265,0,5349,1115,0,0,0,265,0,3,43.018587890624595,141.4801633,,,,,,,,,,,,,265,red,6391,6464,12855
81,07,1310610,1,20260827,49,15,0,0,0,0,0,42,13,0,0,0,0,0,3,43.124397040656135,143.671096,,,,,,,,,,,,,265,red,64,55,119
81,01,1310620,1,20260827,9027,1596,0,0,0,0,0,10506,1514,0,0,0,0,0,3,43.080001040643104,141.40691,,,,,,,,,,,,,265,red,10623,12020,22643
81,01,1310630,1,20260827,0,0,0,0,0,265,0,0,0,0,0,0,265,0,3,43.224602350684464,141.5421492,,,,,,,,,,,,,265,red,0,0,0
81,05,1310650,1,20260827,0,0,4271,0,0,265,0,3351,1037,29,0,0,0,0,3,42.664068480506764,141.5956308,,,,,,,,,,,,,265,red,4271,4417,8688
81,08,1310660,1,20260827,4,4,0,0,0,0,247,4,18,0,0,0,0,247,3,43.98436947085019,143.5657163,,,,,,,,,,,,,265,red,8,22,30
81,08,1310670,1,20260827,757,130,0,0,265,0,0,886,211,0,0,265,0,0,3,43.93417044084193,144.7997993,,,,,,,,,,,,,265,red,887,1097,1984
81,01,1310680,1,20260827,3881,366,0,0,0,0,0,4084,362,0,0,0,0,0,3,42.84334231056867,141.6642755,,,,,,,,,,,,,265,red,4247,4446,8693
81,06,1310690,1,20260827,1785,357,2,0,0,0,59,1433,251,4,0,0,0,59,3,43.048098520633566,144.4594431,,,,,,,,,,,,,265,red,2144,1688,3832
81,01,1310700,1,20260827,9276,943,0,0,0,0,0,10085,957,0,0,0,0,0,3,43.001297040619285,141.34856,,,,,,,,,,,,,265,red,10219,11042,21261
82,,2110010,1,20260827,3548,1601,0,0,0,0,0,3627,1646,0,0,0,0,0,3,37.110573456365614,140.1455465,,,,,,,,,,,,,269,red,5149,5273,10422
82,,2110017,1,20260827,17631,2917,0,0,0,0,0,17868,2988,0,0,0,0,0,3,37.37338104665072,140.3483355,,,,,,,,,,,,,269,red,20548,20856,41404
82,,2110019,1,20260827,17012,3415,0,0,0,0,0,16507,3433,0,0,0,0,0,3,37.46431627674753,140.3769493,,,,,,,,,,,,,269,red,20427,19940,40367
82,,2110021,1,20260827,12003,2459,123,0,0,0,0,11675,3265,44,0,269,0,0,3,37.606841446897334,140.4677635,,,,,,,,,,,,,269,red,14585,14984,29569
82,,2110030,1,20260827,16634,1995,0,0,0,0,0,17461,2257,0,0,0,0,0,3,37.73677529703182,140.4665726,,,,,,,,,,,,,269,red,18629,19718,38347
82,,2110040,1,20260827,11152,1812,0,0,0,0,0,11379,1794,0,0,0,0,0,3,37.807813217104496,140.4958221,,,,,,,,,,,,,269,red,12964,13173,26137
82,,2110050,1,20260827,3386,1583,0,0,0,0,0,3799,1731,0,0,0,0,0,3,37.90701278720498,140.5808128,,,,,,,,,,,,,269,red,4969,5530,10499
82,,2110055,1,20260827,9712,2751,0,0,0,0,0,9758,2831,0,0,0,0,0,3,38.041138927338956,140.6498056,,,,,,,,,,,,,269,red,12463,12589,25052
82,,2110060,1,20260827,16600,2852,0,0,0,0,0,16334,2758,0,0,0,0,0,3,38.085083367382396,140.8283056,,,,,,,,,,,,,269,red,19452,19092,38544
82,,2110062,1,20260827,2353,501,29,1,0,0,0,2346,492,23,1,0,0,0,3,39.659168038777906,141.92916800000003,,,,,,,,,,,,,269,red,2883,2861,5744
82,,2110063,1,20260827,1791,447,34,0,0,0,0,1643,435,56,0,0,0,0,3,39.73009903883322,141.960134,,,,,,,,,,,,,269,red,2272,2134,4406
82,,2110065,1,20260827,19066,2289,0,0,0,0,0,17812,2188,0,0,0,0,0,3,38.15208336744814,140.8853611,,,,,,,,,,,,,269,red,21355,20000,41355
82,,2110070,1,20260827,24693,2801,0,0,0,0,0,23363,2627,0,0,0,0,0,3,38.21891670751319,140.895,,,,,,,,,,,,,269,red,27494,25990,53484
82,,2110081,1,20260827,8401,367,0,0,0,0,0,0,0,0,0,0,0,0,3,38.340207037629824,140.883811,,,,,,,,,,,,,269,red,8768,0,8768
82,,2110090,1,20260827,7748,1464,0,0,0,0,0,8411,1621,0,0,0,1,0,3,38.61000803788275,140.98291900000004,,,,,,,,,,,,,269,red,9212,10032,19244
82,,2110091,1,20260827,3233,1116,0,0,0,0,0,3016,1032,0,0,0,0,0,3,38.834610038086325,141.085674,,,,,,,,,,,,,269,red,4349,4048,8397
82,,2110092,1,20260827,6362,1260,0,0,0,0,0,5173,1195,0,0,0,0,0,3,38.930416038171224,141.117432,,,,,,,,,,,,,269,red,7622,6368,13990
82,,2110093,1,20260827,4928,1272,444,0,0,0,0,4653,1142,123,0,0,0,0,3,39.003777838235415,141.1133766,,,,,,,,,,,,,269,red,6644,5918,12562
82,,2110095,1,20260827,4863,632,0,0,0,0,0,5122,661,0,0,0,0,0,3,39.166645038375485,141.142913,,,,,,,,,,,,,269,red,5495,5783,11278
82,,2110103,1,20260827,14392,1356,0,0,0,0,0,15973,757,0,0,0,0,0,3,39.668019038784855,141.15759,,,,,,,,,,,,,269,red,15748,16730,32478
82,,2110106,1,20260827,12965,927,0,0,0,0,0,12870,973,0,0,0,0,0,3,39.70774803881587,141.165401,,,,,,,,,,,,,269,red,13892,13843,27735
82,,2110110,1,20260827,11866,1060,0,0,0,0,0,11571,880,0,0,0,0,0,3,39.7581439588549,141.134491,,,,,,,,,,,,,269,red,12926,12451,25377
82,,2110120,1,20260827,4325,909,0,0,0,0,0,4404,925,0,0,0,0,0,3,40.24861199921695,141.2695885,,,,,,,,,,,,,269,red,5234,5329,10563
82,,2110121,1,20260827,2489,763,0,0,0,0,0,2559,695,0,0,0,0,0,3,40.33516094927743,141.2985134,,,,,,,,,,,,,269,red,3252,3254,6506
82,,2110129,1,20260827,2595,497,1,0,0,0,0,2693,486,10,0,0,0,0,3,40.60805264946136,141.26026802,,,,,,,,,,,,,269,red,3093,3189,6282
82,,2110130,1,20260827,0,0,6347,0,0,269,0,0,0,6582,0,0,269,0,3,40.65608164949267,141.19309457,,,,,,,,,,,,,269,red,6347,6582,12929
82,,2110132,1,20260827,2170,404,285,0,0,0,0,4132,567,220,0,0,0,0,3,40.683721049510524,141.17042319,,,,,,,,,,,,,269,red,2859,4919,7778
82,,2110140,1,20260827,5907,1162,28,0,0,0,0,5761,411,21,0,0,0,0,3,40.89753341964514,140.86029133,,,,,,,,,,,,,269,red,7097,6193,13290
82,,2110143,1,20260827,4907,1263,0,0,0,0,0,4921,1023,0,0,0,0,0,3,39.946858248998055,141.2168884,,,,,,,,,,,,,269,red,6170,5944,12114
82,,2110144,1,20260827,4589,2370,0,0,269,0,0,5322,1231,0,0,269,0,0,3,40.83532684960663,141.12935762,,,,,,,,,,,,,269,red,6959,6553,13512
82,,2110150,1,20260827,5564,1107,1,0,0,0,0,5759,1045,4,0,0,0,0,3,36.857960956084185,140.7891727,,,,,,,,,,,,,269,red,6672,6808,13480
82,,2110160,1,20260827,11859,3623,147,0,0,0,0,10659,3303,129,0,0,0,0,3,36.92281008615712,140.8423448,,,,,,,,,,,,,269,red,15629,14091,29720
82,,2110161,1,20260827,9943,1436,0,0,0,0,0,10115,1493,0,0,0,0,0,3,37.03306503628002,140.911907,,,,,,,,,,,,,269,red,11379,11608,22987
82,,2110162,1,20260827,5935,885,0,0,0,0,0,5683,846,0,0,0,0,0,3,37.11549536637102,140.9974993,,,,,,,,,,,,,269,red,6820,6529,13349
82,,2110163,1,20260827,4767,1246,7,0,0,0,0,4714,1273,7,0,0,0,0,3,37.38527750666344,141.0086632,,,,,,,,,,,,,269,red,6020,5994,12014
82,,2110165,1,20260827,5231,1103,48,0,0,0,0,5683,1327,30,0,0,0,0,3,37.63270112692426,140.9856901,,,,,,,,,,,,,269,red,6382,7040,13422
82,,2110168,1,20260827,3437,1147,0,0,0,0,0,3459,1150,0,0,0,0,0,3,37.81498403711179,140.943249,,,,,,,,,,,,,269,red,4584,4609,9193
82,,2110170,1,20260827,2460,410,0,0,0,0,0,2408,413,0,0,0,0,0,3,37.89520971719308,140.9035528,,,,,,,,,,,,,269,red,2870,2821,5691
82,,2110173,1,20260827,10598,1043,0,0,0,0,0,10233,1056,0,0,0,0,0,3,37.094818366348264,140.9771016,,,,,,,,,,,,,269,red,11641,11289,22930
82,,2110180,1,20260827,5971,444,0,0,0,0,0,5463,438,0,0,0,0,0,3,38.064732037362305,140.859399,,,,,,,,,,,,,269,red,6415,5901,12316
82,,2110190,1,20260827,2597,618,0,0,0,0,0,2262,558,0,0,0,0,0,1,38.69140541795727,139.678824,,,,,,,,,,,,,269,red,3215,2820,6035
82,,2110191,1,20260827,4017,693,0,0,0,0,0,4500,864,0,0,0,0,0,3,38.96127130819829,139.8400569,,,,,,,,,,,,,269,red,4710,5364,10074
82,,2110192,1,20260827,7555,675,0,0,0,0,0,7330,747,0,0,0,0,0,3,38.794079918050066,139.83442430000002,,,,,,,,,,,,,269,red,8230,8077,16307
82,,2110193,1,20260827,8334,798,0,0,0,0,0,8153,852,0,0,0,0,0,3,38.787431758044086,139.8346764,,,,,,,,,,,,,269,red,9132,9005,18137
82,,2110194,1,20260827,1074,236,0,0,0,0,0,1138,318,0,0,0,0,0,3,38.69287924795862,139.6478605,,,,,,,,,,,,,269,red,1310,1456,2766
82,,2110195,1,20260827,1223,758,0,0,0,0,0,1442,776,0,0,0,0,0,3,38.61589808788817,139.5797968,,,,,,,,,,,,,269,red,1981,2218,4199
82,,2110196,1,20260827,8360,1005,0,0,0,0,0,8690,1033,0,0,0,0,0,3,38.83854814808984,139.8486963,,,,,,,,,,,,,269,red,9365,9723,19088
82,,2110197,1,20260827,2795,292,0,0,0,0,0,2715,368,0,0,0,0,0,3,38.71753625798101,139.7594082,,,,,,,,,,,,,269,red,3087,3083,6170
82,,2110198,1,20260827,4920,626,0,0,0,0,0,4676,677,0,0,0,0,0,3,38.71622198797982,139.7565651,,,,,,,,,,,,,269,red,5546,5353,10899
82,,2110199,1,20260827,1723,516,0,0,0,0,0,1528,516,0,0,0,0,0,1,38.60695292787995,139.5878005,,,,,,,,,,,,,269,red,2239,2044,4283
82,,2110201,1,20260827,2214,602,0,0,0,0,0,2038,532,0,0,0,0,0,1,38.666421037934484,139.623761,,,,,,,,,,,,,269,red,2816,2570,5386
82,,2110202,1,20260827,6502,904,0,0,0,0,0,6594,882,0,0,0,0,0,3,39.62387474875015,140.0681964,,,,,,,,,,,,,269,red,7406,7476,14882
82,,2110203,1,20260827,1314,145,0,0,0,0,0,1324,114,0,0,0,0,0,3,39.240899018438185,139.9362623,,,,,,,,,,,,,269,red,1459,1438,2897
82,,2110204,1,20260827,2827,647,0,0,0,0,0,3198,701,0,0,0,0,0,3,39.290490888479674,139.9747431,,,,,,,,,,,,,269,red,3474,3899,7373
82,,2110205,1,20260827,1927,820,0,0,0,0,0,2076,842,0,0,0,0,0,3,39.11912903833497,139.876447,,,,,,,,,,,,,269,red,2747,2918,5665
82,,2110208,1,20260827,9601,485,0,0,0,0,0,8276,509,0,0,0,0,0,3,39.38953603856155,140.030682,,,,,,,,,,,,,269,red,10086,8785,18871
82,,2110210,1,20260827,9994,1080,0,0,0,0,0,11458,1123,0,0,0,0,0,3,39.79539903888355,140.0622,,,,,,,,,,,,,269,red,11074,12581,23655
82,,2110212,1,20260827,6870,835,0,0,0,0,0,6602,840,0,0,0,0,0,3,39.718472038824196,140.083211,,,,,,,,,,,,,269,red,7705,7442,15147
82,,2110213,1,20260827,3803,382,0,0,0,0,0,3644,379,0,0,0,0,0,3,39.52539935867177,140.0518185,,,,,,,,,,,,,269,red,4185,4023,8208
82,,2110214,1,20260827,3355,514,0,0,0,0,0,3156,499,0,0,0,0,0,3,39.90494615896667,140.076382,,,,,,,,,,,,,269,red,3869,3655,7524
82,,2110215,1,20260827,3043,434,114,0,0,0,0,3063,377,39,0,0,0,0,3,40.067095039086766,140.067721,,,,,,,,,,,,,269,red,3591,3479,7070
82,,2110216,1,20260827,2276,515,203,0,0,0,0,24,3,2,0,0,0,0,3,40.268120039230666,140.52780600000003,,,,,,,,,,,,,264,red,2994,29,3023
82,,2110217,1,20260827,1731,508,227,0,0,0,0,613,238,148,0,0,0,0,3,40.27305803923414,140.532178,,,,,,,,,,,,,265,red,2466,999,3465
82,,2110218,1,20260827,6705,412,0,0,0,0,0,6370,397,0,0,0,0,0,3,40.190834039176,140.036139,,,,,,,,,,,,,269,red,7117,6767,13884
82,,2110219,1,20260827,1008,175,0,0,0,0,0,876,184,0,0,0,0,0,3,40.21531803919339,140.280482,,,,,,,,,,,,,269,red,1183,1060,2243
82,,2110220,1,20260827,2352,652,3,0,0,0,0,2217,670,2,0,0,0,0,3,40.16185503915528,140.039381,,,,,,,,,,,,,269,red,3007,2889,5896
82,,2110221,1,20260827,3487,690,183,0,0,0,0,3307,630,23,0,0,0,0,3,40.20192503918389,140.151831,,,,,,,,,,,,,269,red,4360,3960,8320
82,,2110222,1,20260827,1012,319,0,0,0,0,0,942,323,0,0,0,0,0,3,40.30719003925799,140.572683,,,,,,,,,,,,,269,red,1331,1265,2596
82,,2110229,1,20260827,3243,669,49,0,0,0,0,1447,312,92,0,0,0,0,3,40.230677039204274,140.489525,,,,,,,,,,,,,265,red,3961,1851,5812
82,,2110230,1,20260827,2004,699,10,0,0,0,0,1778,741,2,0,0,0,0,3,40.3821040393098,140.603544,,,,,,,,,,,,,261,red,2713,2521,5234
82,,2110231,1,20260827,2047,827,220,0,0,0,0,2340,918,66,0,0,0,0,3,40.461176699363655,140.6358415,,,,,,,,,,,,,269,red,3094,3324,6418
82,,2110232,1,20260827,2142,462,28,0,0,0,0,1709,288,37,0,0,0,0,3,40.199024039181815,140.383267,,,,,,,,,,,,,266,red,2632,2034,4666
82,,2110233,1,20260827,1295,367,0,0,0,0,0,1269,304,0,0,0,0,0,1,38.96155603819856,139.859806,,,,,,,,,,,,,269,red,1662,1573,3235
82,,2110234,1,20260827,3005,441,875,0,0,0,0,4746,832,473,0,0,0,0,3,40.57123242943714,140.52428552,,,,,,,,,,,,,269,red,4321,6051,10372
82,,2110235,1,20260827,11510,1075,48,0,0,0,0,10,1,11984,0,0,113,0,3,40.60269692945784,140.49957539,,,,,,,,,,,,,269,red,12633,11995,24628
82,,2110236,1,20260827,1364,370,0,0,0,0,0,1457,321,0,0,0,0,0,1,39.00850003823954,139.856924,,,,,,,,,,,,,269,red,1734,1778,3512
82,,2110237,1,20260827,303,17,0,0,0,0,0,367,29,0,0,0,0,0,1,39.05087603827627,139.890254,,,,,,,,,,,,,269,red,320,396,716
82,,2110240,1,20260827,9549,1087,18,0,0,0,0,3205,250,6534,0,0,269,0,3,40.65753935949361,140.50836074,,,,,,,,,,,,,269,red,10654,9989,20643
82,,2110249,1,20260827,7070,1112,427,0,0,0,0,3788,787,517,0,269,269,0,3,40.831625089604316,140.66283564,,,,,,,,,,,,,269,red,8609,5092,13701
82,,2110250,1,20260827,8474,1225,0,0,0,0,0,8318,1799,0,0,0,0,0,3,40.767838829564255,140.59194915,,,,,,,,,,,,,269,red,9699,10117,19816
82,,2110251,1,20260827,12812,1586,0,0,0,269,0,22813,3720,0,0,0,0,0,3,40.824380649599796,140.7354641,,,,,,,,,,,,,269,red,14398,26533,40931
82,,2110252,1,20260827,8170,1488,2,0,0,0,0,0,0,8926,0,0,269,0,3,40.80222556958593,140.69781704,,,,,,,,,,,,,269,red,9660,8926,18586
82,,2110253,1,20260827,3939,596,68,0,0,0,0,4181,777,78,0,0,0,0,3,40.82364700959935,140.81040657,,,,,,,,,,,,,269,red,4603,5036,9639
82,,2110255,1,20260827,0,0,0,0,0,0,0,0,0,0,0,0,0,0,3,40.797368279582884,140.73499562,,,,,,,,,,,,,269,red,0,0,0
82,,2110256,1,20260827,8039,633,54,0,0,0,0,0,0,0,0,0,0,0,3,40.79545531958167,140.74908182,,,,,,,,,,,,,269,red,8726,0,8726
82,,2110258,1,20260827,3474,461,38,0,0,0,0,4737,793,99,0,0,0,0,3,40.26361114922749,140.42944444,,,,,,,,,,,,,269,red,3973,5629,9602
82,,2110260,1,20260827,12461,602,0,0,0,0,0,11725,665,0,0,0,0,0,3,37.766077747061864,140.4643813,,,,,,,,,,,,,269,red,13063,12390,25453
82,,2110270,1,20260827,449,109,0,0,0,0,0,105,12,268,0,0,53,0,3,37.82286602711981,140.2786356,,,,,,,,,,,,,269,red,558,385,943
82,,2110271,1,20260827,2858,1545,0,0,0,0,0,2782,1310,0,0,0,0,0,3,37.89655074719443,140.1500818,,,,,,,,,,,,,269,red,4403,4092,8495
82,,2110272,1,20260827,3033,1500,0,0,0,0,0,2986,1282,0,0,0,0,0,3,37.92749748722557,140.13487,,,,,,,,,,,,,269,red,4533,4268,8801
82,,2110280,1,20260827,6823,977,0,0,0,0,0,7003,952,0,0,0,0,0,3,37.99971367729781,140.14494900000003,,,,,,,,,,,,,269,red,7800,7955,15755
82,,2110290,1,20260827,8190,1403,0,0,0,0,0,8074,1381,0,0,0,0,0,3,38.13022203742675,140.241028,,,,,,,,,,,,,269,red,9593,9455,19048
82,,2110291,1,20260827,9583,1453,0,0,0,0,0,9793,1362,0,0,0,0,0,3,38.159814097455694,140.3001308,,,,,,,,,,,,,269,red,11036,11155,22191
82,,2110292,1,20260827,7781,1374,0,0,0,0,0,7154,1203,0,0,0,0,0,3,38.10297203739999,140.207083,,,,,,,,,,,,,269,red,9155,8357,17512
82,,2110294,1,20260827,1722,432,0,0,0,0,0,1861,394,0,0,0,0,0,3,37.767613677063444,140.8648291,,,,,,,,,,,,,269,red,2154,2255,4409
82,,2110295,1,20260827,2009,437,0,0,0,0,0,2091,402,0,0,0,0,0,3,37.75423885704973,140.7090153,,,,,,,,,,,,,269,red,2446,2493,4939
82,,2110296,1,20260827,2271,487,0,0,0,0,0,2372,450,0,0,0,0,0,3,37.75978319705542,140.5958156,,,,,,,,,,,,,269,red,2758,2822,5580
82,,2110297,1,20260827,2274,406,0,0,0,0,0,2410,394,0,0,0,0,0,3,37.78113503707728,140.573819,,,,,,,,,,,,,269,red,2680,2804,5484
82,,2110298,1,20260827,2422,561,0,0,0,0,0,2662,583,0,0,0,0,0,3,37.81669203711354,140.530266,,,,,,,,,,,,,269,red,2983,3245,6228
82,,2110299,1,20260827,2076,656,0,0,0,0,0,2341,651,0,0,0,0,0,3,37.83294203713006,140.49615,,,,,,,,,,,,,269,red,2732,2992,5724
82,,2110300,1,20260827,2547,1502,0,0,0,0,0,2331,1146,0,0,0,0,0,1,37.79582169709228,140.4130094,,,,,,,,,,,,,269,red,4049,3477,7526
82,,2110301,1,20260827,3257,1800,0,0,0,0,0,3274,1510,0,0,0,0,0,3,37.8687824871664,140.2279023,,,,,,,,,,,,,269,red,5057,4784,9841
82,,2110305,1,20260827,15102,1901,0,0,0,0,0,15156,1978,0,0,0,0,0,3,38.32857829761873,140.3671432,,,,,,,,,,,,,269,red,17003,17134,34137
82,,2110307,1,20260827,6117,285,0,0,0,0,0,8442,857,0,0,0,0,0,3,38.48098003776293,140.382831,,,,,,,,,,,,,269,red,6402,9299,15701
82,,2110308,1,20260827,5938,1659,0,0,0,0,0,5676,1495,0,0,0,0,0,1,38.56969403784554,140.401333,,,,,,,,,,,,,269,red,7597,7171,14768
82,,2110309,1,20260827,4627,1305,0,0,0,0,0,4210,1078,0,0,0,0,0,1,38.42500003771029,140.352222,,,,,,,,,,,,,269,red,5932,5288,11220
82,,2110310,1,20260827,4705,457,0,0,0,0,0,5033,516,0,0,0,0,0,3,38.57581640785121,140.403707,,,,,,,,,,,,,269,red,5162,5549,10711
82,,2110311,1,20260827,6390,1648,0,0,0,0,0,5979,1453,0,0,0,0,0,1,38.5505555978278,140.3888889,,,,,,,,,,,,,269,red,8038,7432,15470
82,,2110312,1,20260827,5687,1507,0,0,0,0,0,5483,1436,0,0,0,0,0,3,38.618265997890354,140.3838155,,,,,,,,,,,,,269,red,7194,6919,14113
82,,2110313,1,20260827,6690,1736,0,0,0,0,0,6649,1749,0,0,0,0,0,3,38.676631947943804,140.3212881,,,,,,,,,,,,,269,red,8426,8398,16824
82,,2110314,1,20260827,6541,1713,0,0,0,0,0,6604,1651,0,0,0,0,0,3,38.71993903798319,140.308757,,,,,,,,,,,,,269,red,8254,8255,16509
82,,2110315,1,20260827,4578,313,0,0,0,0,0,4599,315,0,0,0,0,0,3,38.8033716780584,140.3206605,,,,,,,,,,,,,269,red,4891,4914,9805
82,,2110316,1,20260827,3233,995,0,0,0,0,0,2684,858,0,0,0,0,0,3,38.74947203800992,140.290833,,,,,,,,,,,,,269,red,4228,3542,7770
82,,2110317,1,20260827,1237,702,0,0,0,0,0,1298,664,0,0,0,0,0,3,38.923639038165255,140.334806,,,,,,,,,,,,,269,red,1939,1962,3901
82,,2110318,1,20260827,1214,707,0,0,0,0,0,1312,721,0,0,0,0,0,3,38.94673520818555,140.3547943,,,,,,,,,,,,,269,red,1921,2033,3954
82,,2110319,1,20260827,2510,682,34,0,0,0,0,2389,727,79,0,0,0,0,3,39.072178338294655,140.4714918,,,,,,,,,,,,,269,red,3226,3195,6421
82,,2110320,1,20260827,2999,729,43,0,0,0,0,2932,763,41,0,0,0,0,3,39.11258080832936,140.486598,,,,,,,,,,,,,269,red,3771,3736,7507
82,,2110321,1,20260827,5465,516,0,0,0,0,0,407,337,0,0,0,0,0,3,39.181412318388,140.4959965,,,,,,,,,,,,,269,red,5981,744,6725
82,,2110322,1,20260827,2909,139,27,0,0,0,0,2821,85,209,0,0,0,0,3,39.1455093483575,140.4912436,,,,,,,,,,,,,269,red,3075,3115,6190
82,,2110324,1,20260827,837,506,0,0,0,0,0,24,417,0,0,0,0,0,3,39.046668898272635,140.4131154,,,,,,,,,,,,,269,red,1343,441,1784
82,,2110325,1,20260827,5692,1541,0,0,0,0,0,5357,1396,0,0,0,0,0,1,38.463333037746374,140.3575,,,,,,,,,,,,,269,red,7233,6753,13986
82,,2110326,1,20260827,6048,1599,0,0,0,0,0,5797,1420,0,0,0,0,0,1,38.49944403778021,140.370833,,,,,,,,,,,,,269,red,7647,7217,14864
82,,2110327,1,20260827,7567,651,0,0,0,0,0,7124,664,0,0,0,0,0,3,39.249316578445246,140.5351192,,,,,,,,,,,,,269,red,8218,7788,16006
82,,2110328,1,20260827,2016,770,0,0,0,0,0,1990,729,0,0,0,0,0,3,38.78089403803823,140.293372,,,,,,,,,,,,,269,red,2786,2719,5505
82,,2110335,1,20260827,2653,585,1851,0,0,100,0,4518,507,777,0,0,0,0,3,39.45464609861468,140.4982871,,,,,,,,,,,,,269,red,5089,5802,10891
82,,2110337,1,20260827,3826,583,1,0,0,0,0,3818,612,4,0,0,0,0,3,39.56556981870389,140.3349352,,,,,,,,,,,,,269,red,4410,4434,8844
82,,2110340,1,20260827,9986,1730,0,0,0,0,0,8992,1520,0,0,0,0,0,3,39.66778703878465,140.165768,,,,,,,,,,,,,269,red,11716,10512,22228
82,,2110350,1,20260827,16101,2092,0,0,0,0,0,16541,2252,0,0,0,0,0,3,38.27013892756266,140.95175,,,,,,,,,,,,,269,red,18193,18793,36986
82,,2110352,1,20260827,14709,2663,10,0,0,0,0,13323,2605,217,0,0,0,0,3,38.425472257710744,141.1867778,,,,,,,,,,,,,269,red,17382,16145,33527
82,,2110353,1,20260827,13787,2570,182,0,0,0,0,13441,2509,340,0,0,0,0,3,38.43294447771779,141.2090556,,,,,,,,,,,,,269,red,16539,16290,32829
82,,2110354,1,20260827,12568,2098,187,2,0,0,1,12043,2087,148,0,0,0,1,3,38.442000037726324,141.2525833,,,,,,,,,,,,,269,red,14853,14278,29131
82,,2110355,1,20260827,10039,2101,227,0,0,0,0,10240,1987,117,0,0,0,0,3,38.48202781776391,141.2923889,,,,,,,,,,,,,269,red,12367,12344,24711
82,,2110357,1,20260827,8862,1804,58,0,0,0,0,8836,1788,99,0,0,0,0,3,38.50430559778474,141.2861944,,,,,,,,,,,,,269,red,10724,10723,21447
82,,2110358,1,20260827,6266,1646,34,0,0,0,0,6206,1570,71,0,0,0,0,3,38.590638927864894,141.27905560000002,,,,,,,,,,,,,269,red,7946,7847,15793
82,,2110359,1,20260827,5513,1501,24,0,0,0,0,5330,1257,62,0,0,0,0,3,38.61066670788337,141.2839722,,,,,,,,,,,,,269,red,7038,6649,13687
82,,2110360,1,20260827,5874,208,0,0,0,0,0,5914,258,0,0,0,0,0,3,38.429333367714385,141.2390278,,,,,,,,,,,,,269,red,6082,6172,12254
82,,2110361,1,20260827,5167,385,0,0,0,0,0,5148,427,0,0,0,0,0,3,38.891555598136925,141.55625,,,,,,,,,,,,,269,red,5552,5575,11127
82,,2110362,1,20260827,4787,1029,28,0,0,0,0,4535,891,28,0,0,0,0,3,38.696083367961535,141.2831389,,,,,,,,,,,,,269,red,5844,5454,11298
82,,2110363,1,20260827,11514,2134,71,0,0,0,0,10921,2051,100,0,0,0,0,3,38.456555597740014,141.2745,,,,,,,,,,,,,269,red,13719,13072,26791
82,,2110364,1,20260827,3125,814,6,0,0,0,0,3078,710,13,0,0,0,0,3,38.95011114818852,141.6280556,,,,,,,,,,,,,269,red,3945,3801,7746
82,,2110365,1,20260827,3164,250,0,0,0,0,0,3223,255,0,0,0,0,0,3,38.91955303816165,141.571364,,,,,,,,,,,,,269,red,3414,3478,6892
82,,2110366,1,20260827,4326,964,74,0,0,0,0,4045,852,58,0,0,0,0,3,38.71113892797521,141.3101667,,,,,,,,,,,,,269,red,5364,4955,10319
82,,2110367,1,20260827,4927,807,96,1,0,0,1,4483,668,102,1,0,0,1,3,39.02656869825523,141.6974974,,,,,,,,,,,,,269,red,5830,5253,11083
82,,2110368,1,20260827,4379,961,25,0,0,0,0,4134,841,35,0,0,0,0,3,38.70219447796709,141.3930833,,,,,,,,,,,,,269,red,5365,5010,10375
82,,2110370,1,20260827,4811,413,0,0,0,0,0,5044,400,0,0,0,0,0,3,39.059216658283475,141.7193842,,,,,,,,,,,,,269,red,5224,5444,10668
82,,2110371,1,20260827,2532,540,27,0,0,0,0,2570,482,10,0,0,0,0,3,39.074077398296275,141.7034197,,,,,,,,,,,,,269,red,3099,3062,6161
82,,2110372,1,20260827,2525,652,0,0,0,0,0,2416,562,0,0,0,0,0,3,39.125195598340156,141.7347157,,,,,,,,,,,,,269,red,3177,2978,6155
82,,2110373,1,20260827,3612,720,0,0,0,0,0,3540,612,0,0,0,0,0,3,39.12205355833746,141.7899934,,,,,,,,,,,,,269,red,4332,4152,8484
82,,2110374,1,20260827,2848,730,0,0,0,0,0,2833,688,0,0,0,0,0,3,39.03121932825926,141.6337144,,,,,,,,,,,,,269,red,3578,3521,7099
82,,2110379,1,20260827,2492,704,464,0,0,0,0,2386,528,120,0,0,0,0,3,39.14893559836042,141.8295097,,,,,,,,,,,,,269,red,3660,3034,6694
82,,2110380,1,20260827,3919,301,0,0,0,0,0,4423,276,0,0,0,0,0,3,39.29661287848477,141.8836641,,,,,,,,,,,,,269,red,4220,4699,8919
82,,2110381,1,20260827,3846,930,55,0,0,0,0,3664,818,100,0,0,0,0,3,38.69052781795646,141.4270556,,,,,,,,,,,,,269,red,4831,4582,9413
82,,2110382,1,20260827,4451,1009,15,0,0,0,0,4280,927,50,0,0,0,0,3,38.70547225797006,141.4960833,,,,,,,,,,,,,269,red,5475,5257,10732
82,,2110383,1,20260827,4677,744,45,0,0,0,0,4499,666,29,0,0,0,0,3,39.32251283850628,141.8802524,,,,,,,,,,,,,269,red,5466,5194,10660
82,,2110384,1,20260827,4627,1049,24,0,0,0,0,4568,982,79,0,0,0,0,3,38.81825003807172,141.5580556,,,,,,,,,,,,,269,red,5700,5629,11329
82,,2110387,1,20260827,1817,398,419,0,0,0,0,2956,535,68,0,0,0,0,3,39.59193303872486,141.940478,,,,,,,,,,,,,269,red,2634,3559,6193
82,,2110389,1,20260827,1872,467,26,0,0,0,0,1767,449,51,0,0,0,0,3,39.8199300389023,141.96138,,,,,,,,,,,,,269,red,2365,2267,4632
82,,2110392,1,20260827,1975,478,20,0,0,0,0,1912,454,30,0,0,0,0,3,39.836270038914755,141.96038,,,,,,,,,,,,,269,red,2473,2396,4869
82,,2110393,1,20260827,1276,451,0,0,0,0,0,1224,415,0,0,0,0,0,3,39.87071503894088,141.94008,,,,,,,,,,,,,269,red,1727,1639,3366
82,,2110394,1,20260827,5180,1054,23,0,0,0,0,5059,1013,45,0,0,0,0,3,38.86638892811462,141.5685833,,,,,,,,,,,,,269,red,6257,6117,12374
82,,2110396,1,20260827,383,275,0,0,0,172,1,206,71,0,0,0,269,1,3,39.93351162898809,141.8457699,,,,,,,,,,,,,269,red,658,277,935
82,,2110397,1,20260827,907,405,0,0,0,0,1,886,392,0,0,0,0,1,3,39.9934900390327,141.881411,,,,,,,,,,,,,269,red,1312,1278,2590
82,,2110401,1,20260827,2101,708,34,0,0,0,0,2082,643,10,0,0,0,0,3,39.029891708258106,141.6224,,,,,,,,,,,,,269,red,2843,2735,5578
82,,2110402,1,20260827,1782,155,0,0,0,0,0,1600,148,0,0,0,0,0,3,40.414361969331864,141.7051792,,,,,,,,,,,,,269,red,1937,1748,3685
82,,2110403,1,20260827,2543,601,45,0,0,0,0,2537,558,55,0,0,0,0,3,39.15806392836817,141.8413306,,,,,,,,,,,,,269,red,3189,3150,6339
82,,2110404,1,20260827,11173,609,9,0,0,0,0,10638,607,34,0,0,0,0,3,40.50576550939362,141.53235261,,,,,,,,,,,,,269,red,11791,11279,23070
82,,2110405,1,20260827,12059,1086,46,0,0,0,0,11211,1016,32,0,0,0,0,3,40.528900439409064,141.46412799,,,,,,,,,,,,,269,red,13191,12259,25450
82,,2110407,1,20260827,3296,442,6,0,0,0,0,3253,395,63,0,0,0,0,3,40.481786839377534,141.5376989,,,,,,,,,,,,,269,red,3744,3711,7455
82,,2110408,1,20260827,8163,940,66,0,0,0,0,7946,901,47,0,0,0,0,3,40.5637364594322,141.43539327,,,,,,,,,,,,,269,red,9169,8894,18063
82,,2110409,1,20260827,2810,632,43,0,0,0,0,2848,540,30,0,0,0,0,3,39.24333336844022,141.8452778,,,,,,,,,,,,,269,red,3485,3418,6903
82,,2110410,1,20260827,3498,556,46,0,0,0,0,3476,539,100,0,0,0,0,3,40.47949102937599,141.58069836,,,,,,,,,,,,,269,red,4100,4115,8215
82,,2110412,1,20260827,3219,1047,48,0,0,0,0,3002,1093,122,0,0,0,0,3,40.66162803949626,141.324363,,,,,,,,,,,,,269,red,4314,4217,8531
82,,2110413,1,20260827,3065,741,128,0,0,0,0,4241,1207,187,0,0,0,0,3,40.675139039505,141.304575,,,,,,,,,,,,,269,red,3934,5635,9569
82,,2110414,1,20260827,9802,1408,0,0,0,0,0,9472,1356,0,0,0,0,0,3,39.699724768809624,141.0544968,,,,,,,,,,,,,269,red,11210,10828,22038
82,,2110415,1,20260827,4586,651,0,0,0,0,0,4823,684,0,0,0,0,0,3,39.69160156880328,141.008749,,,,,,,,,,,,,269,red,5237,5507,10744
82,,2110416,1,20260827,1603,538,4,0,0,0,0,1568,567,6,0,0,0,0,3,39.70020353880998,140.8836508,,,,,,,,,,,,,269,red,2145,2141,4286
82,,2110417,1,20260827,898,216,0,0,0,0,0,224,195,0,0,0,0,0,3,40.47147403937059,141.474002,,,,,,,,,,,,,269,red,1114,419,1533
82,,2110418,1,20260827,3955,853,58,0,0,0,0,4010,739,45,0,0,0,0,3,39.260555598454665,141.8394444,,,,,,,,,,,,,269,red,4866,4794,9660
82,,2110419,1,20260827,3672,640,27,0,0,0,0,3459,552,21,0,0,0,0,3,39.288333368477865,141.8633333,,,,,,,,,,,,,269,red,4339,4032,8371
82,,2110421,1,20260827,2705,593,21,0,0,0,0,2714,553,12,0,0,0,0,3,39.366111148542295,141.9044444,,,,,,,,,,,,,269,red,3319,3279,6598
82,,2110422,1,20260827,3259,643,36,0,0,0,0,3097,556,41,0,0,0,0,3,39.36731670854329,141.8911806,,,,,,,,,,,,,269,red,3938,3694,7632
82,,2110423,1,20260827,2671,579,28,0,0,0,0,2818,563,4,0,0,0,0,3,40.22921103920324,141.7800234,,,,,,,,,,,,,269,red,3278,3385,6663
82,,2110424,1,20260827,1511,517,0,0,0,0,0,1619,580,0,0,0,0,0,3,39.601276038732266,140.551915,,,,,,,,,,,,,269,red,2028,2199,4227
82,,2110428,1,20260827,2754,674,16,0,0,0,0,2785,767,15,0,0,0,0,3,38.73322403799523,140.787123,,,,,,,,,,,,,264,red,3444,3567,7011
82,,2110432,1,20260827,760,369,0,0,0,0,0,728,391,0,0,0,0,0,3,38.73755603799914,140.598389,,,,,,,,,,,,,269,red,1129,1119,2248
82,,2110435,1,20260827,4565,1358,0,0,0,0,0,4478,1436,0,0,0,0,0,3,38.74138978800262,140.2831578,,,,,,,,,,,,,269,red,5923,5914,11837
82,,2110436,1,20260827,3076,1025,0,0,0,0,0,2728,993,0,0,0,0,0,3,38.74416703800512,140.259722,,,,,,,,,,,,,269,red,4101,3721,7822
82,,2110437,1,20260827,3249,1051,0,0,0,0,0,3120,1056,0,0,0,0,0,3,38.73663903799832,140.168833,,,,,,,,,,,,,269,red,4300,4176,8476
82,,2110438,1,20260827,3128,1013,0,0,0,0,0,2873,973,0,0,0,0,0,3,38.745210838006074,140.2326227,,,,,,,,,,,,,269,red,4141,3846,7987
82,,2110440,1,20260827,2792,1094,0,0,0,0,1,2886,1176,0,0,0,0,1,3,38.78155241803881,140.0267226,,,,,,,,,,,,,269,red,3886,4062,7948
82,,2110445,1,20260827,16160,1477,0,0,0,0,0,16737,1660,0,0,0,0,0,3,38.26502503755774,140.79343300000002,,,,,,,,,,,,,269,red,17637,18397,36034
82,,2110451,1,20260827,4364,443,0,0,0,0,0,4402,468,0,0,0,0,0,3,38.877650438124604,139.8869442,,,,,,,,,,,,,269,red,4807,4870,9677
82,,2110452,1,20260827,7421,670,0,0,0,36,0,7270,724,0,0,0,0,0,3,38.901543148145755,139.8723154,,,,,,,,,,,,,269,red,8091,7994,16085
82,,2110453,1,20260827,330,114,0,0,0,0,0,332,88,0,0,0,0,0,3,38.90368057814766,139.8668909,,,,,,,,,,,,,269,red,444,420,864
82,,2110454,1,20260827,5363,584,0,0,0,0,0,5477,575,0,0,0,0,0,3,38.87364379812106,139.886117,,,,,,,,,,,,,269,red,5947,6052,11999
82,,2110455,1,20260827,7679,1340,0,0,0,0,0,6814,1293,0,0,0,0,0,3,37.062925546313075,140.8516252,,,,,,,,,,,,,269,red,9019,8107,17126
82,,2110456,1,20260827,3762,460,0,0,0,0,0,3817,490,0,0,0,0,0,3,38.85157810810144,139.8908657,,,,,,,,,,,,,269,red,4222,4307,8529
82,,2110457,1,20260827,2430,458,0,0,0,0,0,2615,521,0,0,0,0,0,3,38.831843418083864,139.9098858,,,,,,,,,,,,,269,red,2888,3136,6024
82,,2110460,1,20260827,3023,744,4,0,0,0,0,3007,775,2,0,0,0,0,3,37.11000003636498,140.7641667,,,,,,,,,,,,,269,red,3771,3784,7555
82,,2110464,1,20260827,1984,636,4,0,0,0,0,1763,752,94,0,0,0,0,3,37.31106211658384,140.4823494,,,,,,,,,,,,,269,red,2624,2609,5233
82,,2110465,1,20260827,6473,907,0,0,0,0,0,6303,916,0,0,0,0,0,3,37.33970064661463,140.406585,,,,,,,,,,,,,269,red,7380,7219,14599
82,,2110470,1,20260827,3447,664,0,0,0,0,0,3559,716,0,0,0,0,0,3,37.49456687677952,140.2463901,,,,,,,,,,,,,269,red,4111,4275,8386
82,,2110472,1,20260827,701,347,0,0,0,0,0,630,414,0,0,0,0,0,3,37.65080306694305,139.5936209,,,,,,,,,,,,,269,red,1048,1044,2092
82,,2110473,1,20260827,6153,1016,0,0,0,0,0,5619,1078,0,0,0,0,0,3,37.548570346836364,139.9683643,,,,,,,,,,,,,269,red,7169,6697,13866
82,,2110474,1,20260827,5574,689,0,0,0,0,0,5586,707,0,0,0,0,0,3,37.55735328684558,139.8550022,,,,,,,,,,,,,269,red,6263,6293,12556
82,,2110477,1,20260827,6090,467,7,0,0,0,0,5609,497,18,0,0,0,0,3,40.48458321937942,141.42701414,,,,,,,,,,,,,269,red,6564,6124,12688
82,,2110478,1,20260827,2816,300,0,0,0,0,0,2856,326,0,0,0,0,0,3,38.52642903780538,141.156619,,,,,,,,,,,,,269,red,3116,3182,6298
82,,2110479,1,20260827,3871,468,0,0,0,0,0,3716,499,0,0,0,0,0,3,38.556163037833,141.069142,,,,,,,,,,,,,269,red,4339,4215,8554
82,,2110480,1,20260827,7035,342,0,0,0,0,0,6429,344,0,0,0,0,0,3,38.570337037846144,140.982089,,,,,,,,,,,,,269,red,7377,6773,14150
82,,2110481,1,20260827,1216,742,0,0,0,0,0,1170,645,0,0,0,0,0,3,39.036923848264195,140.3899339,,,,,,,,,,,,,269,red,1958,1815,3773
82,,2110482,1,20260827,5165,781,13,0,0,0,0,5389,704,0,0,0,0,0,3,39.363397818540065,140.5656534,,,,,,,,,,,,,269,red,5959,6093,12052
82,,2110485,1,20260827,10384,755,0,0,0,0,0,10957,741,0,0,0,0,0,3,38.33956088762922,140.2816558,,,,,,,,,,,,,269,red,11139,11698,22837
82,,2110488,1,20260827,1048,259,0,0,0,0,0,1003,284,0,0,0,0,0,3,38.4566470377401,140.032103,,,,,,,,,,,,,269,red,1307,1287,2594
82,,2110491,1,20260827,2126,631,0,0,0,0,0,1996,690,0,0,0,0,0,3,38.58079848785582,139.9398136,,,,,,,,,,,,,269,red,2757,2686,5443
82,,2110500,1,20260827,2090,707,0,0,0,0,0,2034,652,0,0,0,0,0,3,38.046173177343945,139.7837305,,,,,,,,,,,,,269,red,2797,2686,5483
82,,2110501,1,20260827,1431,606,0,0,0,0,0,1385,561,0,0,0,0,0,3,38.0753590373728,139.72116,,,,,,,,,,,,,269,red,2037,1946,3983
82,,2110502,1,20260827,1898,553,0,0,0,0,0,1930,543,0,0,0,0,0,3,38.04606303734383,140.051715,,,,,,,,,,,,,269,red,2451,2473,4924
82,,2110503,1,20260827,3629,683,0,0,0,0,0,3591,669,0,0,0,0,0,3,38.044627037342416,140.064483,,,,,,,,,,,,,269,red,4312,4260,8572
82,,2110504,1,20260827,3915,846,0,0,0,0,0,4135,865,0,0,0,0,0,3,38.04518462734297,140.1366019,,,,,,,,,,,,,269,red,4761,5000,9761
82,,2110510,1,20260827,4220,719,0,0,0,0,0,4051,710,0,0,0,0,0,3,38.02769263732563,140.1668358,,,,,,,,,,,,,269,red,4939,4761,9700
82,,2110519,1,20260827,2177,367,34,0,0,0,0,2185,360,20,0,0,0,0,3,39.25195903844747,141.77938700000004,,,,,,,,,,,,,269,red,2578,2565,5143
82,,2110520,1,20260827,2576,431,19,0,0,0,0,2581,410,51,0,0,0,0,3,39.24514978844176,141.7423439,,,,,,,,,,,,,269,red,3026,3042,6068
82,,2110521,1,20260827,2626,488,0,0,0,0,0,2555,504,0,0,0,0,0,3,39.246448038442836,141.63560000000004,,,,,,,,,,,,,269,red,3114,3059,6173
82,,2110531,1,20260827,1660,243,0,0,0,0,0,2867,520,0,0,0,0,0,1,39.32515718850848,141.4883819,,,,,,,,,,,,,269,red,1903,3387,5290
82,,2110540,1,20260827,3384,678,0,0,0,0,0,3514,731,0,0,0,0,0,1,39.28807706847765,141.3475227,,,,,,,,,,,,,269,red,4062,4245,8307
82,,2110541,1,20260827,1850,288,0,0,0,0,0,1704,367,0,0,0,0,0,1,39.314345428499514,141.2615204,,,,,,,,,,,,,269,red,2138,2071,4209
82,,2110542,1,20260827,1663,392,0,0,0,0,0,1622,387,0,0,0,0,0,3,39.283375038473736,141.5516694,,,,,,,,,,,,,269,red,2055,2009,4064
82,,2110552,1,20260827,3914,985,26,0,0,0,0,3847,902,51,0,0,0,0,3,38.75991670801934,141.5025278,,,,,,,,,,,,,269,red,4925,4800,9725
82,,2110553,1,20260827,4730,1111,36,0,0,0,0,4809,985,23,0,0,0,0,3,38.80716670806179,141.54275,,,,,,,,,,,,,269,red,5877,5817,11694
82,,2110554,1,20260827,2827,763,18,0,0,0,0,2802,667,20,0,0,0,0,3,38.96347225820022,141.6241944,,,,,,,,,,,,,269,red,3608,3489,7097
82,,2110555,1,20260827,2096,528,33,0,0,0,0,2125,478,22,0,0,0,0,3,39.21138892841335,141.865,,,,,,,,,,,,,269,red,2657,2625,5282
82,,2110556,1,20260827,4959,1026,59,0,0,0,0,4595,790,371,0,0,0,0,3,38.8781944781251,141.5846444,,,,,,,,,,,,,269,red,6044,5756,11800
82,,2110557,1,20260827,2597,878,260,0,0,0,0,2753,667,142,0,0,0,0,3,38.789722258046154,141.5180556,,,,,,,,,,,,,269,red,3735,3562,7297
82,,2110558,1,20260827,3118,713,34,0,0,0,0,3026,595,79,0,0,0,0,3,38.88277803812915,141.585833,,,,,,,,,,,,,269,red,3865,3700,7565
82,,2110559,1,20260827,3753,857,42,0,0,0,0,3003,721,72,0,0,0,0,3,38.925278038166695,141.6025,,,,,,,,,,,,,269,red,4652,3796,8448
82,,2110560,1,20260827,1705,570,121,0,0,0,0,1471,470,123,0,0,0,0,3,38.89750003814219,141.595,,,,,,,,,,,,,269,red,2396,2064,4460
82,,2110561,1,20260827,3471,806,182,0,0,0,0,542,135,138,0,0,0,0,3,38.91750003815984,141.591944,,,,,,,,,,,,,269,red,4459,815,5274
82,,2110604,1,20260827,1196,323,276,0,0,0,0,1881,403,173,0,0,0,0,3,40.1607780391545,141.767278,,,,,,,,,,,,,269,red,1795,2457,4252
82,,2112104,1,20260827,3079,1205,7,0,0,0,0,2520,796,534,0,0,0,0,3,40.733783919542624,141.20798154,,,,,,,,,,,,,269,red,4291,3850,8141
82,,2120001,1,20260827,4947,717,0,0,0,0,0,4656,940,0,0,0,0,0,3,40.75045198955322,140.54906872,,,,,,,,,,,,,269,red,5664,5596,11260
82,,2120005,1,20260827,4923,604,37,0,0,0,0,4767,572,26,0,0,0,0,3,40.79249892957982,140.48972552,,,,,,,,,,,,,269,red,5564,5365,10929
82,,2120010,1,20260827,3595,459,35,0,0,0,0,3403,432,39,0,0,0,0,3,40.81212879959214,140.47707546,,,,,,,,,,,,,269,red,4089,3874,7963
82,,2120015,1,20260827,2703,390,0,0,0,0,0,2364,349,0,0,0,0,0,3,40.82729603960163,140.4413,,,,,,,,,,,,,269,red,3093,2713,5806
82,,2120020,1,20260827,615,147,0,0,0,0,0,2255,184,0,0,0,0,0,3,40.78380703957434,140.261545,,,,,,,,,,,,,269,red,762,2439,3201
82,,2310200,1,20260827,11839,1639,0,0,0,0,0,12201,1725,0,0,0,0,0,3,39.70615403881462,140.09793,,,,,,,,,,,,,269,red,13478,13926,27404
82,,2312101,1,20260827,4068,1276,0,0,0,0,0,4225,1322,0,0,0,0,0,3,40.70834700952637,141.24477593,,,,,,,,,,,,,269,red,5344,5547,10891
82,,2312102,1,20260827,4112,1181,0,0,0,0,0,4104,1321,0,0,0,0,0,3,40.725233449537164,141.22804347,,,,,,,,,,,,,269,red,5293,5425,10718
82,,2312103,1,20260827,2163,456,0,0,0,0,0,2242,429,0,0,0,0,0,3,37.77535545707135,140.7514008,,,,,,,,,,,,,269,red,2619,2671,5290
83,,3110010,1,20260827,14335,1838,1051,0,0,0,0,15031,1622,1058,0,0,0,0,3,35.58550262456253,139.7049058,,,,,,,,,,,,,269,red,17224,17711,34935
83,,3110020,1,20260827,22121,3541,706,0,0,0,0,23229,3990,869,0,0,0,0,3,35.37938903430058,139.509906,,,,,,,,,,,,,269,red,26368,28088,54456
83,,3110040,1,20260827,5168,1147,0,0,0,0,0,6641,1007,0,0,0,0,0,3,35.24085503412222,139.123519,,,,,,,,,,,,,269,red,6315,7648,13963
83,,3110050,1,20260827,12055,6520,952,0,0,0,0,13091,6923,398,0,0,0,0,3,36.238458295364495,139.8048878,,,,,,,,,,,,,269,red,19527,20412,39939
83,,3110060,1,20260827,16437,3632,1113,0,0,0,0,23791,6039,915,0,0,0,0,3,36.51217142568756,139.9177551,,,,,,,,,,,,,269,red,21182,30745,51927
83,,3110070,1,20260827,10978,2477,109,0,0,0,0,10559,2569,67,0,0,0,0,3,36.833366956056416,139.9495983,,,,,,,,,,,,,269,red,13564,13195,26759
83,,3110080,1,20260827,6266,469,116,0,0,0,0,5534,517,154,0,0,0,0,3,36.29676104543397,139.7863913,,,,,,,,,,,,,269,red,6851,6205,13056
83,,3110090,1,20260827,8647,325,232,0,0,0,0,8844,364,278,0,0,0,0,3,36.52417383570154,139.8798609,,,,,,,,,,,,,269,red,9204,9486,18690
83,,3110100,1,20260827,8749,332,203,0,0,0,0,10089,409,345,0,0,0,0,3,36.58529299577252,139.9295837,,,,,,,,,,,,,269,red,9284,10843,20127
83,,3110110,1,20260827,7447,1360,0,0,0,0,0,7225,1318,0,0,0,0,0,3,36.019401995100274,140.15926790000003,,,,,,,,,,,,,261,red,8807,8543,17350
83,,3110120,1,20260827,9936,2286,0,0,0,0,0,91,12,0,0,0,0,0,3,36.297327425434645,140.4228446,,,,,,,,,,,,,261,red,12222,103,12325
83,,3110140,1,20260827,12053,2356,824,0,0,0,0,11869,2285,661,0,0,0,0,3,35.70274880470968,139.8786539,,,,,,,,,,,,,269,red,15233,14815,30048
83,,3110150,1,20260827,4733,851,911,0,0,0,0,7730,1587,1638,0,0,0,0,3,35.61902656460475,140.0975838,,,,,,,,,,,,,269,red,6495,10955,17450
83,,3110160,1,20260827,15503,2975,1536,0,0,0,0,14909,2690,1338,0,0,0,0,3,35.56474703453633,139.7273263,,,,,,,,,,,,,269,red,20014,18937,38951
83,,3110170,1,20260827,16133,4516,0,0,0,0,0,16373,3190,0,0,0,0,0,3,35.52794003448978,139.70328,,,,,,,,,,,,,269,red,20649,19563,40212
83,,3110180,1,20260827,14803,3958,0,0,0,13,0,14181,3328,0,0,0,6,0,3,35.47903203442772,139.638693,,,,,,,,,,,,,269,red,18761,17509,36270
83,,3110190,1,20260827,10314,456,641,0,0,0,0,10497,450,753,0,0,0,0,3,35.26731403415642,139.685375,,,,,,,,,,,,,269,red,11411,11700,23111
83,,3110200,1,20260827,7899,565,381,0,0,0,0,8136,499,503,0,0,0,0,3,35.36071103427663,139.629686,,,,,,,,,,,,,269,red,8845,9138,17983
83,,3110220,1,20260827,16688,5766,0,0,0,0,0,15637,4837,0,0,0,0,0,3,35.58894027456686,139.3426681,,,,,,,,,,,,,269,red,22454,20474,42928
83,,3110230,1,20260827,6199,527,448,0,0,0,0,5777,511,358,0,0,0,0,3,35.483485034433386,139.527129,,,,,,,,,,,,,269,red,7174,6646,13820
83,,3110240,1,20260827,11516,4712,0,0,0,0,0,12354,4281,0,0,0,0,0,3,35.83073572486877,139.3800849,,,,,,,,,,,,,269,red,16228,16635,32863
83,,3110250,1,20260827,16687,5284,468,0,0,0,0,16255,5126,300,0,0,0,0,3,35.707798574715994,140.1198261,,,,,,,,,,,,,269,red,22439,21681,44120
83,,3110260,1,20260827,8464,3068,506,0,0,0,0,13225,3769,482,0,0,0,0,3,35.53057826449313,140.0927666,,,,,,,,,,,,,269,red,12038,17476,29514
83,,3110270,1,20260827,10590,1977,516,0,0,0,0,10689,2348,621,0,0,0,0,3,35.79240130482129,139.6854329,,,,,,,,,,,,,269,red,13083,13658,26741
83,,3110280,1,20260827,24899,8064,0,0,0,0,0,23218,7070,0,0,0,0,0,3,35.803056924834515,139.6481824,,,,,,,,,,,,,269,red,32963,30288,63251
83,,3110290,1,20260827,15904,3172,0,0,0,0,0,15442,2967,0,0,0,0,0,3,36.07243401516468,139.4990623,,,,,,,,,,,,,269,red,19076,18409,37485
83,,3110300,1,20260827,5959,452,0,0,0,0,0,5823,524,0,0,0,0,0,3,36.18854634530473,139.3083894,,,,,,,,,,,,,269,red,6411,6347,12758
83,,3110310,1,20260827,8722,1140,170,0,0,0,0,9490,1384,117,0,0,0,0,3,36.28225430541672,139.0870374,,,,,,,,,,,,,269,red,10032,10991,21023
83,,3110320,1,20260827,16550,1153,641,0,0,0,0,16934,889,333,0,0,0,0,3,36.3553183655034,139.0125096,,,,,,,,,,,,,269,red,18344,18156,36500
83,,3110350,1,20260827,8810,1279,0,0,0,0,0,9664,1295,0,0,0,0,0,3,36.343173145489025,138.5572287,,,,,,,,,,,,,269,red,10089,10959,21048
83,,3110360,1,20260827,8750,885,0,0,0,0,0,8192,736,0,0,0,0,0,3,36.37715425552919,138.2764444,,,,,,,,,,,,,269,red,9635,8928,18563
83,,3110370,1,20260827,3454,894,1,0,0,1,1,3729,3511,1,0,0,1,1,3,36.6491958258463,138.2215959,,,,,,,,,,,,,269,red,4349,7241,11590
83,,3110380,1,20260827,7458,892,0,0,0,0,0,7191,885,0,0,0,0,0,3,36.20646628532621,137.9629773,,,,,,,,,,,,,269,red,8350,8076,16426
83,,3110390,1,20260827,1309,357,0,0,0,0,0,1274,326,0,0,0,0,0,3,36.53866995571842,137.9675826,,,,,,,,,,,,,269,red,1666,1600,3266
83,,3110400,1,20260827,13874,1406,691,0,0,0,0,14535,1445,946,0,0,0,0,3,35.669090024667575,139.59433440000004,,,,,,,,,,,,,269,red,15971,16926,32897
83,,3110410,1,20260827,4441,480,103,0,0,0,0,4484,655,72,0,0,0,0,3,35.617552604602885,139.1855389,,,,,,,,,,,,,269,red,5024,5211,10235
83,,3110420,1,20260827,6989,828,0,0,0,0,0,6404,882,0,0,0,0,0,3,35.611220394594916,138.9628673,,,,,,,,,,,,,269,red,7817,7286,15103
83,,3110430,1,20260827,1955,1831,0,0,0,0,0,1405,2140,0,0,0,0,0,3,35.603966294585796,138.8040242,,,,,,,,,,,,,269,red,3786,3545,7331
83,,3110440,1,20260827,12924,1469,0,0,0,0,0,12457,1323,0,0,0,0,0,3,35.66782617466599,138.5078037,,,,,,,,,,,,,269,red,14393,13780,28173
83,,3110450,1,20260827,1971,731,0,0,0,0,0,1930,710,0,0,0,0,0,3,35.90777048496373,138.2345215,,,,,,,,,,,,,269,red,2702,2640,5342
83,,3110460,1,20260827,5370,447,0,0,0,0,0,5205,409,0,0,0,0,0,3,36.07055654516242,138.0938691,,,,,,,,,,,,,269,red,5817,5614,11431
83,,3110470,1,20260827,7171,1314,75,0,0,0,0,6955,1175,28,0,0,0,0,3,36.378318235530564,139.2290443,,,,,,,,,,,,,269,red,8560,8158,16718
83,,3110480,1,20260827,14190,3661,146,0,0,0,0,12059,3332,762,0,0,0,0,3,36.314701575455274,139.4271684,,,,,,,,,,,,,269,red,17997,16153,34150
83,,3110490,1,20260827,6498,1037,0,0,0,0,0,6056,934,0,0,0,0,0,3,36.3924270955472,140.2677888,,,,,,,,,,,,,261,red,7535,6990,14525
83,,3110520,1,20260827,4037,742,0,0,0,0,0,4265,768,0,0,0,0,0,3,35.95803238502537,140.6007609,,,,,,,,,,,,,261,red,4779,5033,9812
83,,3110550,1,20260827,2433,150,179,0,0,0,0,2657,110,20,0,0,0,0,3,35.150913034005455,139.829981,,,,,,,,,,,,,269,red,2762,2787,5549
83,,3110560,1,20260827,5619,691,0,0,0,0,0,7413,592,0,0,0,0,0,3,35.43543715437221,138.84019380000004,,,,,,,,,,,,,269,red,6310,8005,14315
83,,3110570,1,20260827,3508,394,0,0,0,0,0,2566,758,0,0,0,0,0,3,35.39117538431567,138.86336800000004,,,,,,,,,,,,,265,red,3902,3324,7226
83,,3110580,1,20260827,2142,621,0,0,0,0,0,2254,715,0,0,0,0,0,3,35.47790102442629,138.6703992,,,,,,,,,,,,,269,red,2763,2969,5732
83,,3110590,1,20260827,5988,415,0,0,0,0,0,6340,425,0,0,0,0,0,3,35.51892892447836,138.83839670000003,,,,,,,,,,,,,265,red,6403,6765,13168
83,,3110610,1,20260827,21718,3349,597,0,0,0,0,12188,1832,3640,0,0,0,0,3,35.536946034501184,139.510691,,,,,,,,,,,,,269,red,25664,17660,43324
83,,3110620,1,20260827,17463,5315,498,0,0,0,0,18116,5262,677,0,0,0,0,3,35.472892034419914,139.412266,,,,,,,,,,,,,269,red,23276,24055,47331
83,,3110630,1,20260827,10356,1139,561,0,0,0,0,10725,1467,666,0,0,0,0,3,35.4275870343622,139.351511,,,,,,,,,,,,,269,red,12056,12858,24914
83,,3110640,1,20260827,7303,985,321,0,0,0,0,7621,1020,285,0,0,0,0,3,35.37445003429424,139.203293,,,,,,,,,,,,,269,red,8609,8926,17535
83,,3110650,1,20260827,4845,1851,157,0,0,0,0,4510,1749,138,0,0,0,0,3,35.36087503427685,139.014722,,,,,,,,,,,,,269,red,6853,6397,13250
83,,3110660,1,20260827,17271,6027,887,0,0,0,0,11841,5124,921,0,0,0,0,3,35.68396699468621,139.992342,,,,,,,,,,,,,269,red,24185,17886,42071
83,,3110670,1,20260827,6254,4239,307,0,0,0,0,6300,5250,578,0,0,0,0,3,35.588442964566234,139.7548217,,,,,,,,,,,,,269,red,10800,12128,22928
83,,3110980,1,20260827,7096,1103,148,0,0,0,0,6943,1342,168,0,0,0,0,1,36.24888937537695,138.4463891,,,,,,,,,,,,,269,red,8347,8453,16800
83,,3110990,1,20260827,4909,824,0,0,0,0,0,0,0,0,0,0,0,0,1,36.242588925369425,138.4374556,,,,,,,,,,,,,269,red,5733,0,5733
83,,3111000,1,20260827,0,0,0,0,0,0,0,4577,855,0,0,0,0,0,1,36.22486392534824,138.4372861,,,,,,,,,,,,,269,red,0,5432,5432
83,,3111010,1,20260827,3881,728,0,0,0,0,0,3910,831,0,0,0,0,0,1,36.16839725528054,138.4688,,,,,,,,,,,,,269,red,4609,4741,9350
83,,3111030,1,20260827,2346,633,0,0,0,0,0,0,0,0,0,0,0,0,1,36.14629447525393,138.4676028,,,,,,,,,,,,,269,red,2979,0,2979
83,,3111040,1,20260827,0,0,0,0,0,0,0,2462,713,0,0,0,0,0,1,36.13644447524206,138.4613806,,,,,,,,,,,,,269,red,0,3175,3175
83,,3111050,1,20260827,3682,1293,28,0,0,0,0,3512,1474,23,0,0,0,0,1,35.443037034381895,138.453937,,,,,,,,,,,,,269,red,5003,5009,10012
83,,3111060,1,20260827,3770,1064,29,0,0,0,0,3623,1163,123,0,0,0,0,1,35.48100503443024,138.45894900000002,,,,,,,,,,,,,269,red,4863,4909,9772
83,,3111070,1,20260827,3098,1268,95,0,0,0,0,2970,1409,102,0,0,0,0,1,35.35961103427522,138.456636,,,,,,,,,,,,,269,red,4461,4481,8942
83,,3111080,1,20260827,2994,1062,256,0,0,0,0,3253,1447,66,0,0,0,0,1,35.337913034247364,138.45119000000003,,,,,,,,,,,,,269,red,4312,4766,9078
83,,3111090,1,20260827,2921,1252,23,0,0,0,0,2741,1422,23,0,0,0,0,1,35.27778503416994,138.444487,,,,,,,,,,,,,269,red,4196,4186,8382
83,,3310680,1,20260827,15486,1892,846,0,0,0,0,15835,1692,983,0,0,0,0,3,35.55346203452207,139.695301,,,,,,,,,,,,,269,red,18224,18510,36734
83,,3310690,1,20260827,10530,1533,829,0,0,0,0,10521,1283,720,0,0,0,0,3,35.476498034424495,139.611304,,,,,,,,,,,,,269,red,12892,12524,25416
83,,3310720,1,20260827,14715,3231,1285,0,0,0,0,16329,3088,1534,0,0,0,0,3,35.78172684480805,139.8030451,,,,,,,,,,,,,269,red,19231,20951,40182
83,,3310730,1,20260827,14095,2017,1229,0,0,0,0,14462,1927,1275,0,0,0,0,3,35.723854004736026,139.819876,,,,,,,,,,,,,269,red,17341,17664,35005
83,,3310740,1,20260827,17857,2916,1033,0,0,0,0,0,0,0,0,269,269,0,3,35.76173829478322,139.8620188,,,,,,,,,,,,,269,red,21806,0,21806
83,,3310750,1,20260827,14999,2774,953,0,0,0,0,18911,2822,1028,0,0,0,0,3,35.768080334791094,139.8831359,,,,,,,,,,,,,269,red,18726,22761,41487
83,,3310760,1,20260827,7364,802,0,0,0,0,0,7506,488,0,0,0,0,0,3,36.333593035477676,140.487226,,,,,,,,,,,,,261,red,8166,7994,16160
83,,3310770,1,20260827,15599,2515,1619,0,0,0,0,8885,1613,2287,0,0,0,0,3,35.696867714702336,139.8301488,,,,,,,,,,,,,269,red,19733,12785,32518
83,,3310780,1,20260827,12323,2240,1252,0,0,0,0,12914,2302,884,0,0,0,0,3,35.550513454518345,139.7165117,,,,,,,,,,,,,269,red,15815,16100,31915
83,,3310790,1,20260827,9732,1171,0,0,0,0,0,10537,1099,0,0,0,0,0,3,35.30616103420651,139.624807,,,,,,,,,,,,,269,red,10903,11636,22539
83,,3310810,1,20260827,7392,3618,1133,0,0,0,0,7642,4481,654,0,0,0,0,3,35.88142903493132,139.9657318,,,,,,,,,,,,,269,red,12143,12777,24920
83,,3310820,1,20260827,16537,2814,1090,0,0,0,0,13906,2449,969,0,0,0,0,3,35.769723434793136,139.7015664,,,,,,,,,,,,,269,red,20441,17324,37765
83,,3310830,1,20260827,5216,705,71,0,0,0,0,4525,710,33,0,0,0,0,3,36.65616783585431,139.0205401,,,,,,,,,,,,,269,red,5992,5268,11260
83,,3310840,1,20260827,17437,1606,810,0,0,0,0,13572,1790,935,0,0,0,0,3,35.67115788467016,139.6194506,,,,,,,,,,,,,269,red,19853,16297,36150
83,,3310850,1,20260827,17576,1812,0,0,0,0,0,16069,1499,0,0,0,0,0,3,35.644829464637155,138.6173022,,,,,,,,,,,,,269,red,19388,17568,36956
83,,3310860,1,20260827,1799,717,0,0,0,0,0,1664,689,0,0,0,0,0,3,35.85597447489995,138.2880181,,,,,,,,,,,,,269,red,2516,2353,4869
83,,3310880,1,20260827,4022,431,0,0,0,0,0,4034,497,0,0,0,0,0,3,35.58082577455663,138.474952,,,,,,,,,,,,,269,red,4453,4531,8984
83,,3310890,1,20260827,18836,2024,1162,0,0,0,0,16861,2037,1295,0,0,0,0,3,35.625824724613295,139.6414769,,,,,,,,,,,,,269,red,22022,20193,42215
83,,3310900,1,20260827,27514,3575,1265,0,0,0,0,24087,3619,1246,0,0,0,0,3,35.60764403459042,139.613062,,,,,,,,,,,,,269,red,32354,28952,61306
83,,3310910,1,20260827,3742,1387,508,0,0,0,0,6165,1952,123,0,0,0,0,3,35.34910803426173,139.141352,,,,,,,,,,,,,269,red,5637,8240,13877
83,,3310920,1,20260827,14802,1798,1363,0,0,0,0,11813,1598,2119,0,0,0,0,3,35.74888073476721,139.6969986,,,,,,,,,,,,,269,red,17963,15530,33493
83,,3310930,1,20260827,17509,2409,709,0,0,0,0,17082,2286,789,0,0,0,0,3,35.757753044778255,139.6835902,,,,,,,,,,,,,269,red,20627,20157,40784
83,,3310940,1,20260827,21151,5232,515,0,0,0,0,20041,5014,521,0,0,0,0,3,35.653820154648436,140.0442401,,,,,,,,,,,,,269,red,26898,25576,52474
83,,3310950,1,20260827,19012,8931,915,0,0,0,0,17429,9731,1555,0,0,0,0,3,35.64815995464133,139.9005461,,,,,,,,,,,,,269,red,28858,28715,57573
83,,3310960,1,20260827,4272,2819,376,0,0,0,0,1142,1130,340,0,0,0,0,3,35.646721404639536,139.8238456,,,,,,,,,,,,,269,red,7467,2612,10079
84,,4110010,1,20260827,28626,4957,0,0,0,0,0,26972,6369,0,0,0,0,0,3,37.932215037230314,139.139722,,,,,,,,,,,,,269,red,33583,33341,66924
84,,4110020,1,20260827,8604,471,0,0,0,0,0,8836,618,0,0,0,0,0,3,37.96100603725917,139.354741,,,,,,,,,,,,,269,red,9075,9454,18529
84,,4110030,1,20260827,1748,779,0,0,0,0,0,1790,829,0,0,0,0,0,3,38.540634037818585,139.550276,,,,,,,,,,,,,269,red,2527,2619,5146
84,,4110040,1,20260827,42976,6187,0,0,0,0,0,43435,4504,0,0,0,0,0,3,37.89993403719785,139.068639,139.0649569,37.8988954271968,,,,,,,,,,,269,red,49163,47939,97102
84,,4110060,1,20260827,4972,1141,439,0,0,0,0,4616,1270,635,0,0,0,0,3,37.56415502685272,138.8938299,,,,,,,,,,,,,269,red,6552,6521,13073
84,,4110070,1,20260827,6671,561,221,0,0,0,0,7265,566,140,0,0,0,0,3,37.44889503673119,138.76828100000003,,,,,,,,,,,,,269,red,7453,7971,15424
84,,4110090,1,20260827,600,451,0,0,0,0,0,581,458,0,0,0,0,0,3,36.97923003622018,137.642048,,,,,,,,,,,,,269,red,1051,1039,2090
84,,4110110,1,20260827,11725,1466,44,0,0,0,0,11357,1364,71,0,0,0,0,3,36.737147395947105,137.3387361,137.3387361,36.737147395947105,,,,,,,,,,,269,red,13235,12792,26027
84,,4110120,1,20260827,10702,1982,76,0,0,0,0,11398,1945,67,0,0,0,0,3,36.74295939595373,137.1063924,,,,,,,,,,,,,269,red,12760,13410,26170
84,,4110130,1,20260827,10812,2128,51,0,0,0,0,10990,2034,182,0,0,0,0,3,36.75988562597303,137.0465469,,,,,,,,,,,,,269,red,12991,13206,26197
84,,4110140,1,20260827,890,189,10,0,0,0,0,638,178,1,0,0,0,0,3,36.6765250558777,136.8260425,,,,,,,,,,,,,269,red,1089,817,1906
84,,4110150,1,20260827,23875,3338,0,0,0,0,0,23156,3232,0,0,0,0,0,3,36.589046875776866,136.6271782,136.6276288,36.58868075577644,,,,,,,,,,,269,red,27213,26388,53601
84,,4110160,1,20260827,6985,1824,0,0,0,0,0,6831,1544,0,0,0,0,0,3,36.33272803547666,136.42083400000004,,,,,,,,,,,,,269,red,8809,8375,17184
84,,4110180,1,20260827,3386,293,0,0,0,0,0,3272,293,0,0,0,0,0,3,37.35568202663179,138.5718066,,,,,,,,,,,,,269,red,3679,3565,7244
84,,4110190,1,20260827,405,63,16,0,0,0,0,384,74,16,0,0,0,0,3,36.785345316001994,138.8016209,,,,,,,,,,,,,269,red,484,474,958
84,,4110200,1,20260827,5197,812,278,0,0,0,0,4269,553,1079,0,0,0,0,3,37.05929117630906,138.8725331,,,,,,,,,,,,,269,red,6287,5901,12188
84,,4110210,1,20260827,5180,963,855,0,0,0,0,6784,1154,988,0,0,0,0,3,37.379305636657065,138.8344324,,,,,,,,,,,,,269,red,6998,8926,15924
84,,4110220,1,20260827,1576,598,0,0,0,0,0,1715,527,0,0,0,0,0,3,36.859512036085945,138.194944,,,,,,,,,,,,,269,red,2174,2242,4416
84,,4110230,1,20260827,4181,421,11,0,0,0,0,3884,370,10,0,0,0,0,3,36.59277686578118,137.2042608,,,,,,,,,,,,,269,red,4613,4264,8877
84,,4110240,1,20260827,9868,498,74,0,0,0,0,9791,585,120,0,0,0,0,3,36.68543044588792,137.2119749,,,,,,,,,,,,,269,red,10440,10496,20936
84,,4110250,1,20260827,2016,425,0,0,0,0,0,1905,479,0,0,0,0,0,3,37.66099003695361,139.47592,,,,,,,,,,,,,269,red,2441,2384,4825
84,,4110260,1,20260827,1824,577,0,0,0,0,0,1153,466,0,0,0,0,0,3,38.081379037378746,139.576978,,,,,,,,,,,,,269,red,2401,1619,4020
84,,4110270,1,20260827,2493,718,0,0,0,0,0,2443,684,0,0,0,0,0,3,37.60222103689251,138.798415,,,,,,,,,,,,,269,red,3211,3127,6338
84,,4110280,1,20260827,7238,737,36,0,0,0,0,7518,740,21,0,0,0,0,3,36.650611795847915,136.963672,,,,,,,,,,,,,269,red,8011,8279,16290
84,,4110290,1,20260827,8080,941,0,0,0,0,0,7774,872,0,0,0,0,0,3,36.52124203569812,136.587868,,,,,,,,,,,,,269,red,9021,8646,17667
84,,4110300,1,20260827,10126,2611,0,0,269,0,0,11459,900,0,0,0,0,0,3,36.59043403577848,136.685666,136.68521,36.59039903577843,,,,,,,,,,,269,red,12737,12359,25096
84,,4110310,1,20260827,276,17,2,0,0,0,0,287,20,5,0,0,0,0,3,37.0464990362949,137.047738,,,,,,,,,,,,,269,red,295,312,607
84,,4110320,1,20260827,1450,433,23,0,0,0,0,1685,361,6,0,0,0,0,3,36.8686864160963,136.96136,,,,,,,,,,,,,269,red,1906,2052,3958
84,,4110330,1,20260827,3714,613,60,1,0,0,0,4174,502,100,1,0,0,0,3,36.83313510605615,136.9442582,,,,,,,,,,,,,269,red,4387,4776,9163
84,,4110340,1,20260827,3222,2477,0,0,0,0,0,2466,3243,0,0,0,0,0,3,36.75969223597281,136.9658715,,,,,,,,,,,,,269,red,5699,5709,11408
84,,4110350,1,20260827,1799,520,5,0,0,0,0,1669,758,0,0,269,0,0,3,37.240650036507716,136.905469,,,,,,,,,,,,,269,red,2324,2427,4751
84,,4110351,1,20260827,655,163,0,0,0,0,0,1320,337,0,0,0,0,0,3,37.31000403658269,136.9066,,,,,,,,,,,,,269,red,818,1657,2475
84,,4110370,1,20260827,5251,318,0,0,0,0,0,4954,377,0,0,0,0,0,6,37.83527203713243,139.227435,,,,,,,,,,,,,269,red,5569,5331,10900
84,,4110371,1,20260827,4594,552,0,0,0,0,0,4615,563,0,0,0,0,0,3,37.829370037126424,139.20906,,,,,,,,,,,,,269,red,5146,5178,10324
84,,4110380,1,20260827,2889,423,0,0,0,0,0,2850,320,0,0,0,0,0,3,37.73164303702653,139.333641,,,,,,,,,,,,,269,red,3312,3170,6482
84,,4110390,1,20260827,2529,443,0,0,0,0,0,2449,511,0,0,0,0,0,3,37.699376036993314,139.38248,,,,,,,,,,,,,269,red,2972,2960,5932
84,,4110400,1,20260827,844,255,0,0,0,0,0,937,295,0,0,0,0,0,3,37.012781036257515,137.026061,,,,,,,,,,,,,190,red,1099,1232,2331
84,,4110410,1,20260827,12911,2212,0,0,0,0,0,12600,1984,0,0,0,0,0,3,36.38238103553535,136.486002,,,,,,,,,,,,,269,red,15123,14584,29707
84,,4110430,1,20260827,561,229,0,0,0,0,0,405,152,0,0,0,0,0,3,37.01726703626248,136.967459,,,,,,,,,,,,,269,red,790,557,1347
84,,4110440,1,20260827,3678,617,11,0,0,0,0,3918,515,205,0,0,0,0,3,36.80001257601863,136.9558319,,,,,,,,,,,,,269,red,4306,4638,8944
84,,4110450,1,20260827,1129,437,42,0,0,0,0,1120,368,29,0,0,0,0,3,36.88168028611092,136.97572590000001,,,,,,,,,,,,,269,red,1608,1517,3125
84,,4110460,1,20260827,980,410,4,0,0,0,0,836,322,18,0,0,0,0,3,36.93083435616611,137.0132339,,,,,,,,,,,,,269,red,1394,1176,2570
84,,4110470,1,20260827,6770,937,103,0,0,0,0,7370,880,18,0,0,0,0,3,36.84399970606843,137.4189931,,,,,,,,,,,,,269,red,7810,8268,16078
84,,4110480,1,20260827,5775,1045,0,0,0,0,0,5413,1025,0,0,0,0,0,3,37.7661015170619,139.0265521,,,,,,,,,,,,,269,red,6820,6438,13258
84,,4110490,1,20260827,5245,901,0,0,0,0,0,5155,886,0,0,0,0,0,3,37.77256794706851,139.0261587,,,,,,,,,,,,,269,red,6146,6041,12187
84,,4110880,1,20260827,4174,692,0,0,0,0,0,4297,753,0,0,0,0,0,3,37.159443036419226,138.223379,,,,,,,,,,,,,269,red,4866,5050,9916
84,,4160390,1,20260827,1127,419,0,0,0,76,0,1516,631,0,0,0,1,0,1,38.268866037561445,139.522026,,,,,,,,,,,,,269,red,1546,2147,3693
84,,4310010,1,20260827,22937,1752,0,0,0,0,0,20308,1565,0,0,0,0,0,3,37.90111003719903,139.07252,139.07275,37.90117003719909,,,,,,,,,,,269,red,24689,21873,46562
84,,4310012,1,20260827,8442,194,0,0,0,0,0,7607,167,0,0,0,0,0,3,37.92162903721969,139.058415,139.059129,37.921847037219905,,,,,,,,,,,269,red,8636,7774,16410
84,,4310014,1,20260827,29808,3299,0,0,0,0,0,22015,2329,0,0,0,269,0,3,37.91719603721522,139.11685,,,,,,,,,,,,,269,red,33107,24344,57451
84,,4310020,1,20260827,16918,1115,0,0,0,0,0,8968,541,0,0,0,0,0,3,37.96990561726807,139.2601579,,,,,,,,,,,,,269,red,18033,9509,27542
84,,4310030,1,20260827,16651,1102,0,0,0,0,0,13526,957,0,0,0,0,0,3,37.959626427257795,139.290365,,,,,,,,,,,,,269,red,17753,14483,32236
84,,4310060,1,20260827,9765,1236,0,0,0,0,0,11609,1575,0,0,0,0,0,3,37.855369037152805,139.017016,,,,,,,,,,,,,269,red,11001,13184,24185
84,,4310070,1,20260827,6735,1176,0,0,0,0,0,5917,1151,0,0,0,0,0,3,37.213535036478255,138.30873,,,,,,,,,,,,,269,red,7911,7068,14979
84,,4310080,1,20260827,7642,878,0,0,0,0,0,7557,925,0,0,0,0,0,3,37.15957303641935,138.228132,,,,,,,,,,,,,269,red,8520,8482,17002
84,,4310090,1,20260827,2855,671,0,0,0,0,0,2818,675,0,0,0,0,0,3,37.119068036374955,138.031711,,,,,,,,,,,,,269,red,3526,3493,7019
84,,4310100,1,20260827,4842,663,0,0,0,0,0,4604,645,0,0,0,0,0,3,37.04548803629378,137.853387,,,,,,,,,,,,,269,red,5505,5249,10754
84,,4310110,1,20260827,2706,113,14,0,0,0,0,2197,64,22,0,0,0,0,3,37.055192036304526,137.905522,,,,,,,,,,,,,269,red,2833,2283,5116
84,,4310120,1,20260827,4429,1070,0,0,0,0,0,3399,686,0,0,0,0,0,3,36.94553606618256,137.53465,,,,,,,,,,,,,269,red,5499,4085,9584
84,,4310130,1,20260827,8688,1055,18,0,0,0,0,8604,1037,70,0,0,0,0,3,36.77997831599589,137.3953897,137.3949552,36.779578725995435,,,,,,,,,,,269,red,9761,9711,19472
84,,4310160,1,20260827,2217,287,0,0,0,0,0,2405,355,0,0,0,0,0,3,36.6900247158932,136.89856410000002,,,,,,,,,,,,,269,red,2504,2760,5264
84,,4310170,1,20260827,2623,548,55,0,0,0,0,0,0,1,0,0,0,0,3,36.92741586616228,137.4845517,,,,,,,,,,,,,269,red,3226,1,3227
84,,4310190,1,20260827,2455,630,0,0,269,0,0,2393,401,0,0,269,0,0,3,36.68614025588873,136.7302394,,,,,,,,,,,,,269,red,3085,2794,5879
84,,4310210,1,20260827,19971,3114,0,0,0,0,0,17814,2730,0,0,0,0,0,3,36.562841365746486,136.5982425,,,,,,,,,,,,,269,red,23085,20544,43629
84,,4310220,1,20260827,15634,2684,0,0,0,0,0,16399,2230,0,0,0,0,0,3,36.50450003567862,136.550432,,,,,,,,,,,,,269,red,18318,18629,36947
84,,4310230,1,20260827,11205,2074,0,0,0,0,0,11765,1743,0,0,0,0,0,3,36.42391556558427,136.483165,,,,,,,,,,,,,269,red,13279,13508,26787
84,,4310250,1,20260827,3506,1462,0,0,0,0,0,3438,1355,0,0,0,0,0,3,36.2785439554123,136.2915319,,,,,,,,,,,,,269,red,4968,4793,9761
84,,4310270,1,20260827,2561,80,5,0,0,0,0,2076,62,7,0,0,0,0,3,37.072231146323354,138.87240170000004,,,,,,,,,,,,,269,red,2646,2145,4791
84,,4310280,1,20260827,3890,965,0,0,0,0,1,3952,721,0,0,0,0,1,3,36.93595003617183,138.219789,,,,,,,,,,,,,269,red,4855,4673,9528
84,,4310300,1,20260827,16876,1779,0,0,0,0,0,17179,1923,0,0,0,0,0,3,37.135361036392844,138.266363,,,,,,,,,,,,,269,red,18655,19102,37757
84,,4310310,1,20260827,1158,483,10,0,0,0,0,1152,453,1,0,0,0,0,3,36.469212195637375,137.2416294,,,,,,,,,,,,,269,red,1651,1606,3257
84,,4310320,1,20260827,1201,480,16,0,0,0,0,1252,415,4,0,0,0,0,3,36.51196446568731,137.2282451,,,,,,,,,,,,,269,red,1697,1671,3368
84,,4310330,1,20260827,6895,795,0,0,0,0,0,6262,721,0,0,0,0,0,3,36.636592975831775,137.209239,,,,,,,,,,,,,269,red,7690,6983,14673
84,,4310350,1,20260827,14242,1607,0,0,0,0,0,12215,2329,0,0,0,0,0,3,37.85868303715617,139.114645,,,,,,,,,,,,,269,red,15849,14544,30393
84,,4310360,1,20260827,2022,539,965,0,0,0,0,3603,683,294,0,0,0,0,3,37.44596703672809,138.637808,,,,,,,,,,,,,269,red,3526,4580,8106
84,,4310370,1,20260827,5673,1351,0,0,0,0,0,5770,1305,0,0,0,0,0,3,37.659782356952356,138.8757271,,,,,,,,,,,,,269,red,7024,7075,14099
84,,4310380,1,20260827,4518,1194,0,0,0,0,0,4450,1520,0,0,0,0,0,3,37.75046003704586,138.90062,,,,,,,,,,,,,269,red,5712,5970,11682
84,,4310390,1,20260827,755,473,0,0,0,0,0,1828,458,0,0,0,23,0,3,37.8373130371345,138.931687,,,,,,,,,,,,,269,red,1228,2286,3514
84,,4310400,1,20260827,426,45,4,0,0,0,0,290,16,7,0,0,0,0,3,36.554335475736636,137.0083094,,,,,,,,,,,,,269,red,475,313,788
84,,4310410,1,20260827,2826,304,15,0,0,0,0,2850,317,16,0,0,0,0,3,36.956120636194385,136.8892354,,,,,,,,,,,,,269,red,3145,3183,6328
84,,4310411,1,20260827,2371,255,0,0,0,0,0,2350,265,0,0,0,0,0,3,36.92171203615589,136.844019,,,,,,,,,,,,,269,red,2626,2615,5241
84,,4310420,1,20260827,1257,124,0,0,0,0,0,1304,156,0,0,0,0,0,3,36.81057320603062,136.7629731,,,,,,,,,,,,,269,red,1381,1460,2841
84,,4310430,1,20260827,11634,2228,0,0,0,0,0,12462,1355,0,0,0,0,0,3,36.68889768589191,136.7214257,,,,,,,,,,,,,269,red,13862,13817,27679
84,,4310440,1,20260827,7351,717,0,0,0,0,0,7268,1003,0,0,0,0,0,3,36.62649371582013,136.7029238,,,,,,,,,,,,,269,red,8068,8271,16339
84,,4310441,1,20260827,10446,776,0,0,0,0,0,9851,722,0,0,0,0,0,3,36.60182503579164,136.700048,,,,,,,,,,,,,269,red,11222,10573,21795
84,,4310450,1,20260827,14217,829,0,0,0,0,0,13530,538,739,0,0,35,0,3,36.57428003575976,136.686305,136.6864014,36.57449126576,,,,,,,,,,,269,red,15046,14807,29853
84,,4310460,1,20260827,186,21,4,0,0,0,0,156,18,1,0,0,0,0,3,36.9580881961966,137.048108,,,,,,,,,,,,,269,red,211,175,386
84,,4310470,1,20260827,6413,490,43,0,0,0,0,6584,470,43,0,0,0,0,3,36.77955370599541,137.0001501,,,,,,,,,,,,,269,red,6946,7097,14043
85,22,5110100,1,20260827,14842,1729,852,0,0,0,0,13990,2071,519,0,0,0,0,3,35.15213957400704,138.9246216,,,,,,,,,,,,,269,red,17423,16580,34003
85,22,5110109,1,20260827,6863,1135,122,0,0,0,0,6321,984,54,0,0,0,0,3,35.118767763963525,138.9293772,,,,,,,,,,,,,269,red,8120,7359,15479
85,22,5110111,1,20260827,17277,1523,269,0,0,0,0,16185,1286,343,0,0,0,0,3,35.10924329395108,138.9124954,,,,,,,,,,,,,269,red,19069,17814,36883
85,22,5110115,1,20260827,14811,3889,0,0,0,0,0,14396,3617,0,0,0,0,0,3,35.138890033989775,138.739584,,,,,,,,,,,,,269,red,18700,18013,36713
85,22,5110120,1,20260827,20151,5672,0,0,0,0,0,20229,5223,0,0,0,0,0,3,35.06126803388831,138.536991,,,,,,,,,,,,,269,red,25823,25452,51275
85,22,5110125,1,20260827,15872,1026,0,0,0,0,0,15191,990,0,0,0,0,0,3,34.99945503380712,138.431978,,,,,,,,,,,,,269,red,16898,16181,33079
85,22,5110130,1,20260827,25948,5928,0,0,0,0,0,26237,6113,0,0,0,0,0,3,35.00292603381168,138.37946,,,,,,,,,,,,,269,red,31876,32350,64226
85,22,5110135,1,20260827,23753,5434,0,0,0,0,0,24808,5493,0,0,0,0,0,3,34.9427310337323,138.326229,,,,,,,,,,,,,269,red,29187,30301,59488
85,22,5110140,1,20260827,12392,3423,0,0,0,0,0,11556,3463,0,0,0,0,0,3,34.87443903364182,138.231472,,,,,,,,,,,,,269,red,15815,15019,30834
85,22,5110145,1,20260827,11056,3492,0,0,0,0,0,10941,3833,0,0,0,0,0,3,34.831770733585074,138.1182557,,,,,,,,,,,,,269,red,14548,14774,29322
85,22,5110148,1,20260827,30201,5978,0,0,0,0,0,30869,5751,0,0,0,0,0,3,34.73805952345989,137.853806,,,,,,,,,,,,,269,red,36179,36620,72799
85,22,5110150,1,20260827,30812,4432,519,0,0,0,0,31342,7158,0,0,0,0,0,3,34.731415953450984,137.7966642,,,,,,,,,,,,,269,red,35763,38500,74263
85,22,5110155,1,20260827,13808,5287,0,0,0,0,0,6040,2726,0,0,0,0,0,3,34.67742179337847,137.6802735,,,,,,,,,,,,,269,red,19095,8766,27861
85,22,5110158,1,20260827,16999,5471,0,0,0,0,0,16949,5016,0,0,0,0,0,3,34.67846877337988,137.608459,,,,,,,,,,,,,269,red,22470,21965,44435
85,22,5110160,1,20260827,9769,4300,0,0,0,0,0,9828,4295,0,0,0,0,0,3,34.67701253337791,137.5025406,,,,,,,,,,,,,269,red,14069,14123,28192
85,23,5110170,1,20260827,13030,2325,0,0,0,0,0,15393,2681,0,0,0,0,0,3,34.7982592835404,137.36621260000004,,,,,,,,,,,,,269,red,15355,18074,33429
85,23,5110175,1,20260827,12644,2231,0,0,0,0,0,12832,2169,0,0,0,0,0,3,34.92391956370741,137.2032416,,,,,,,,,,,,,269,red,14875,15001,29876
85,23,5110180,1,20260827,6414,1160,0,0,0,0,0,7101,825,0,0,0,0,0,3,35.12246228396835,136.7712316,,,,,,,,,,,,,269,red,7574,7926,15500
85,24,5110185,1,20260827,10628,1503,0,0,0,0,0,10139,1521,0,0,0,0,0,3,35.02683417384312,136.6459825,,,,,,,,,,,,,269,red,12131,11660,23791
85,24,5110190,1,20260827,9830,3814,0,0,0,0,0,12255,3967,0,0,0,0,0,3,34.914394373694805,136.5686551,,,,,,,,,,,,,269,red,13644,16222,29866
85,23,5110250,1,20260827,13019,2083,0,0,0,0,0,13352,2086,0,0,0,0,0,3,35.23002111410819,136.9279236,,,,,,,,,,,,,269,red,15102,15438,30540
85,23,5110255,1,20260827,14065,1871,0,0,0,0,0,10629,2008,0,0,0,0,0,3,35.22358825409986,136.8807274,,,,,,,,,,,,,269,red,15936,12637,28573
85,22,5111410,1,20260827,4563,343,19,0,0,0,0,4498,302,14,0,0,0,0,3,34.9385786437268,138.9422778,,,,,,,,,,,,,269,red,4925,4814,9739
85,22,5111435,1,20260827,14437,1736,0,0,0,0,0,14291,1501,0,0,0,0,0,3,35.112323893955114,138.9483055,,,,,,,,,,,,,269,red,16173,15792,31965
85,22,5111440,1,20260827,7491,712,48,0,0,0,0,7149,775,49,0,0,0,0,3,35.09294534392978,138.9461249,,,,,,,,,,,,,269,red,8251,7973,16224
85,22,5111460,1,20260827,1570,180,0,0,0,0,0,1761,215,0,0,0,0,0,3,34.773393033507176,138.94734200000002,,,,,,,,,,,,,269,red,1750,1976,3726
85,23,5111910,1,20260827,20127,4313,0,0,0,0,0,20989,4458,0,0,0,0,0,3,35.251491704135965,136.9747388,,,,,,,,,,,,,269,red,24440,25447,49887
85,21,5111920,1,20260827,14448,2117,0,0,0,0,0,13333,2314,0,0,0,0,0,3,35.33014667423738,137.0762497,,,,,,,,,,,,,269,red,16565,15647,32212
85,21,5111930,1,20260827,11444,1685,0,0,0,0,0,11445,1868,0,0,0,0,0,3,35.36635604428386,137.2135359,,,,,,,,,,,,,269,red,13129,13313,26442
85,21,5111940,1,20260827,15923,2535,0,0,0,0,0,16177,2416,0,0,0,0,0,3,35.477490394425764,137.4827895,,,,,,,,,,,,,269,red,18458,18593,37051
85,21,5111950,1,20260827,4417,1254,0,0,0,0,0,4499,1092,0,0,0,0,0,3,35.54294722450878,137.5415325,,,,,,,,,,,,,269,red,5671,5591,11262
85,20,5111960,1,20260827,2904,1183,0,0,0,0,0,2957,1090,0,0,0,0,0,3,35.79372550482294,137.6867026,,,,,,,,,,,,,269,red,4087,4047,8134
85,20,5111970,1,20260827,0,0,0,0,0,269,0,5849,0,0,0,0,0,0,3,35.86568255491192,137.7375698,,,,,,,,,,,,,269,red,0,5849,5849
85,21,5112190,1,20260827,2912,954,0,0,0,0,0,2750,1021,0,0,0,0,0,3,35.35969120427531,136.4557958,,,,,,,,,,,,,269,red,3866,3771,7637
85,21,5112240,1,20260827,20718,3033,0,0,0,0,0,17562,2718,0,0,0,0,0,3,35.38091091430252,136.7844039,,,,,,,,,,,,,269,red,23751,20280,44031
85,23,5112320,1,20260827,28080,9992,0,0,0,0,0,27606,9885,0,0,0,0,0,3,34.935405063722605,137.0426846,,,,,,,,,,,,,269,red,38072,37491,75563
85,23,5112325,1,20260827,32409,10082,0,0,0,0,0,35545,11237,0,0,0,0,0,3,35.020771293835146,137.0130622,,,,,,,,,,,,,269,red,42491,46782,89273
85,23,5112330,1,20260827,37034,13440,0,0,0,0,0,42450,12876,0,0,0,0,0,3,35.04312062386452,136.9841158,,,,,,,,,,,,,269,red,50474,55326,105800
85,23,5112340,1,20260827,13131,7571,0,0,0,0,0,13704,7625,0,0,0,0,0,3,35.06974911389942,136.7566216,,,,,,,,,,,,,269,red,20702,21329,42031
85,24,5112350,1,20260827,16812,6821,0,0,0,0,0,16545,6719,0,0,0,0,0,3,35.00912200381983,136.6732612,,,,,,,,,,,,,269,red,23633,23264,46897
85,24,5112355,1,20260827,20309,1325,0,0,0,0,0,17117,1205,0,0,0,0,0,3,34.75468373348215,136.5225828,,,,,,,,,,,,,269,red,21634,18322,39956
85,24,5112360,1,20260827,13218,1079,0,0,0,0,0,12693,1097,0,0,0,0,0,3,34.558484833217825,136.6473028,,,,,,,,,,,,,269,red,14297,13790,28087
85,24,5112370,1,20260827,9877,1856,0,0,0,0,0,9834,1775,0,0,0,0,0,3,34.78302070352005,136.5006557,,,,,,,,,,,,,269,red,11733,11609,23342
85,24,5112375,1,20260827,10791,1912,0,0,0,0,0,10895,1960,0,0,0,0,0,3,34.74150673346451,136.4838785,,,,,,,,,,,,,269,red,12703,12855,25558
85,24,5112550,1,20260827,13150,11415,0,0,0,0,0,13219,10664,0,0,0,0,0,3,34.839452033595315,136.260335,,,,,,,,,,,,,269,red,24565,23883,48448
85,24,5112590,1,20260827,10862,11206,0,0,0,0,0,11575,10286,0,0,0,0,0,3,34.703780033413906,136.071242,,,,,,,,,,,,,269,red,22068,21861,43929
85,22,5113885,1,20260827,8293,1851,0,0,0,0,0,8261,1772,0,0,0,0,0,3,35.33142394423902,138.8977143,,,,,,,,,,,,,269,red,10144,10033,20177
85,22,5113890,1,20260827,6175,796,0,0,0,0,0,6722,594,0,0,0,0,0,3,35.32388868422933,138.9049485,,,,,,,,,,,,,269,red,6971,7316,14287
85,22,5113910,1,20260827,17592,3505,0,0,0,0,0,14485,3087,0,0,0,0,0,3,35.18190903404577,138.676858,,,,,,,,,,,,,269,red,21097,17572,38669
85,22,5113920,1,20260827,15095,3053,0,0,0,0,0,15732,2410,0,0,0,0,0,3,35.209794034081966,138.64987,,,,,,,,,,,,,269,red,18148,18142,36290
85,22,5113990,1,20260827,1377,661,0,0,0,0,0,1486,804,0,0,0,0,0,3,35.41511303434628,138.590083,,,,,,,,,,,,,269,red,2038,2290,4328
85,23,5114110,1,20260827,16927,3739,0,0,0,0,0,15512,3880,0,0,0,0,0,3,35.268750034158266,136.907566,,,,,,,,,,,,,269,red,20666,19392,40058
85,23,5114120,1,20260827,16563,5004,0,0,0,0,0,17746,5201,0,0,0,0,0,3,35.33167103423934,136.91981,,,,,,,,,,,,,269,red,21567,22947,44514
85,21,5114130,1,20260827,5184,1161,0,0,0,0,0,5138,877,0,0,0,0,0,3,35.48643303443713,137.055201,,,,,,,,,,,,,269,red,6345,6015,12360
85,21,5114140,1,20260827,4275,972,0,0,0,0,0,4130,822,0,0,0,0,0,3,35.78858303481656,137.25606,,,,,,,,,,,,,269,red,5247,4952,10199
85,21,5114150,1,20260827,4775,641,0,0,0,0,0,4500,700,0,0,0,0,0,3,35.86755403491424,137.213563,,,,,,,,,,,,,269,red,5416,5200,10616
85,21,5114160,1,20260827,3231,514,0,0,0,0,0,3174,464,0,0,0,0,0,3,36.07096803516291,137.267306,,,,,,,,,,,,,269,red,3745,3638,7383
85,21,5114170,1,20260827,1542,521,0,0,0,0,0,1443,675,0,0,0,0,0,3,36.26496203539611,137.138911,,,,,,,,,,,,,269,red,2063,2118,4181
85,21,5114180,1,20260827,830,427,0,0,0,0,0,759,386,0,0,0,0,0,3,36.459520035626035,137.248946,,,,,,,,,,,,,269,red,1257,1145,2402
85,24,5114210,1,20260827,8261,735,0,0,0,0,0,8360,592,0,0,0,0,0,3,34.51961103316506,136.541333,,,,,,,,,,,,,269,red,8996,8952,17948
85,24,5114230,1,20260827,1936,333,0,0,0,0,0,1942,304,0,0,0,0,0,3,34.31527803288554,136.410056,,,,,,,,,,,,,269,red,2269,2246,4515
85,24,5114250,1,20260827,1719,83,0,0,0,0,0,1787,108,0,0,0,0,0,3,34.09569403258125,136.196222,,,,,,,,,,,,,269,red,1802,1895,3697
85,24,5114270,1,20260827,1248,169,0,0,0,0,0,1372,178,0,0,0,0,0,3,34.275333032830495,136.358917,,,,,,,,,,,,,269,red,1417,1550,2967
85,24,5114290,1,20260827,5499,515,0,0,0,0,0,5144,492,0,0,0,0,0,3,33.86069403225124,136.076111,,,,,,,,,,,,,269,red,6014,5636,11650
85,22,5114610,1,20260827,16310,2562,337,0,0,0,0,12996,2005,644,0,0,0,0,3,35.152874244008,138.8951207,,,,,,,,,,,,,269,red,19209,15645,34854
85,22,5114620,1,20260827,11814,1844,120,0,0,0,0,13669,2153,533,0,0,0,0,3,35.13134103397993,138.875041,,,,,,,,,,,,,269,red,13778,16355,30133
85,22,5114630,1,20260827,10920,1800,252,0,0,0,0,12945,1758,167,0,0,0,0,3,35.14589793399891,138.8871002,,,,,,,,,,,,,269,red,12972,14870,27842
85,22,5114680,1,20260827,4850,1900,0,0,0,0,0,4601,1900,0,0,0,0,0,3,35.35910497427457,139.0109217,,,,,,,,,,,,,269,red,6750,6501,13251
85,22,5114740,1,20260827,654,118,0,0,0,0,0,631,110,0,0,0,0,0,3,35.073007033903686,137.787657,,,,,,,,,,,,,269,red,772,741,1513
85,22,5114750,1,20260827,890,170,0,0,0,0,0,1051,126,0,0,0,0,0,3,34.90575222368336,137.6681803,,,,,,,,,,,,,269,red,1060,1177,2237
85,22,5115250,1,20260827,1805,393,0,0,0,0,0,1675,411,0,0,0,0,0,3,35.137162033987515,138.520651,,,,,,,,,,,,,269,red,2198,2086,4284
85,23,5115320,1,20260827,15647,1688,0,0,0,0,0,15944,1321,0,0,0,0,0,3,35.10723119394846,137.0409411,,,,,,,,,,,,,269,red,17335,17265,34600
85,23,5115340,1,20260827,3551,479,0,0,0,0,0,3471,499,0,0,0,0,0,3,35.13153551398018,137.304967,,,,,,,,,,,,,269,red,4030,3970,8000
85,20,5115370,1,20260827,0,0,0,0,269,269,0,0,0,0,0,269,269,0,3,35.50121594445591,137.794953,,,,,,,,,,,,,269,red,0,0,0
85,20,5115380,1,20260827,4867,512,0,0,0,0,0,4780,474,0,0,0,0,0,3,35.71541168472551,137.9379522,,,,,,,,,,,,,269,red,5379,5254,10633
85,23,5115530,1,20260827,8603,2140,0,0,0,0,0,7087,2647,0,0,0,0,0,3,35.06429103389226,137.11723,,,,,,,,,,,,,269,red,10743,9734,20477
85,21,5115610,1,20260827,21783,2307,0,0,0,0,0,21502,2785,0,0,0,0,0,3,35.39814591432458,136.7848921,,,,,,,,,,,,,269,red,24090,24287,48377
85,21,5115630,1,20260827,4814,606,0,0,0,0,0,4715,540,0,0,0,0,0,3,35.73557476475065,136.9518113,,,,,,,,,,,,,269,red,5420,5255,10675
85,21,5115650,1,20260827,3411,260,0,0,0,0,0,3087,286,0,0,0,0,0,3,35.88316975493347,136.85442030000002,,,,,,,,,,,,,269,red,3671,3373,7044
85,21,5115680,1,20260827,661,105,0,0,0,0,0,645,121,0,0,0,0,0,3,35.99802490507423,136.9009352,,,,,,,,,,,,,269,red,766,766,1532
85,21,5115820,1,20260827,,,,0,0,0,269,,,,0,0,0,269,3,36.18407203529936,137.542187,,,,,,,,,,,,,269,red,0,0,0
85,22,5123510,1,20260827,7262,1089,0,0,0,0,0,8311,781,0,0,0,0,0,3,35.141546483993245,139.1103673,,,,,,,,,,,,,269,red,8351,9092,17443
85,20,5125390,1,20260827,5420,459,0,0,0,0,0,5241,402,0,0,0,0,0,3,35.876706504925515,137.9806852,,,,,,,,,,,,,269,red,5879,5643,11522
85,23,5311910,1,20260827,14114,2018,0,0,0,0,0,13968,1877,0,0,0,0,0,3,35.124239273970666,136.856963,,,,,,,,,,,,,269,red,16132,15845,31977
86,,6110010,1,20260827,5089,1335,0,0,0,0,0,5086,1364,0,0,0,0,0,3,34.938138216795814,136.265283823013,,,,,,,,,,,,,269,red,6424,6450,12874
86,,6110020,1,20260827,8526,1457,0,0,0,0,0,8684,1519,0,0,0,0,0,3,34.990936305895495,136.115165948867,,,,,,,,,,,,,269,red,9983,10203,20186
86,,6110030,1,20260827,8097,994,2327,0,0,0,0,6565,554,1158,0,0,0,0,3,35.005385003512316,135.956851243972,,,,,,,,,,,,,269,red,11418,8277,19695
86,,6110040,1,20260827,6535,926,0,0,0,0,0,7259,826,0,0,0,0,0,3,34.95699292997823,135.913501381874,,,,,,,,,,,,,269,red,7461,8085,15546
86,,6110050,1,20260827,15502,1578,0,0,0,0,0,16113,1534,0,0,0,0,0,3,34.99087038445861,135.844525694847,,,,,,,,,,,,,269,red,17080,17647,34727
86,,6110060,1,20260827,27620,5156,0,0,0,0,0,26388,5906,0,0,0,0,0,3,34.99142632024544,135.831109285354,,,,,,,,,,,,,269,red,32776,32294,65070
86,,6110070,1,20260827,20708,3346,0,0,0,0,0,20105,3422,0,0,0,0,0,3,34.98630409707048,135.82777261734,,,,,,,,,,,,,269,red,24054,23527,47581
86,,6110080,1,20260827,17360,6356,0,0,0,0,0,19542,6219,0,0,0,0,0,3,34.91099177877929,135.744452476501,,,,,,,,,,,,,269,red,23716,25761,49477
86,,6110090,1,20260827,22506,5900,0,0,0,0,0,23435,6062,0,0,0,0,0,3,34.805311519271704,135.649480819702,,,,,,,,,,,,,269,red,28406,29497,57903
86,,6110100,1,20260827,,,,0,0,0,269,,,,0,0,0,269,3,34.81945711253497,135.720393061637,,,,,,,,,,,,,269,red,0,0,0
86,,6110110,1,20260827,12711,2016,0,0,0,0,0,12555,1923,0,0,0,0,0,3,34.71960434074075,135.436824560165,,,,,,,,,,,,,269,red,14727,14478,29205
86,,6110120,1,20260827,13041,1377,0,0,0,0,0,11734,1646,0,0,0,0,0,3,34.64078623273222,135.106242299079,,,,,,,,,,,,,269,red,14418,13380,27798
86,,6110130,1,20260827,29549,8697,0,0,0,0,0,27880,9292,0,0,0,0,0,3,34.75756172115131,134.859353005886,,,,,,,,,,,,,269,red,38246,37172,75418
86,,6110140,1,20260827,27393,7272,0,0,0,0,0,30366,7879,0,0,0,0,0,3,34.83274825524009,134.630174338817,,,,,,,,,,,,,269,red,34665,38245,72910
86,,6110150,1,20260827,19219,5361,0,0,0,0,0,22539,5892,0,0,0,0,0,3,34.847425137493005,134.578367471694,,,,,,,,,,,,,269,red,24580,28431,53011
86,,6110170,1,20260827,3567,1444,0,0,0,0,0,3446,1331,0,0,0,0,0,3,36.23649392464164,136.286623477935,,,,,,,,,,,,,269,red,5011,4777,9788
86,,6110180,1,20260827,2972,1643,0,0,0,0,0,1229,613,0,0,0,0,0,3,35.792989034822035,136.092793,,,,,,,,,,,,,269,red,4615,1842,6457
86,,6110190,1,20260827,1963,1911,0,0,0,0,1,1962,1805,0,0,0,0,1,3,35.62256603460919,136.08205800000002,,,,,,,,,,,,,269,red,3874,3767,7641
86,,6110200,1,20260827,6377,549,0,0,0,0,0,6325,466,0,0,0,0,0,3,35.319800029709974,136.279370784759,,,,,,,,,,,,,269,red,6926,6791,13717
86,,6110210,1,20260827,8144,1579,0,0,0,0,0,7771,1454,0,0,0,0,0,3,35.25049070224537,136.262805461883,,,,,,,,,,,,,269,red,9723,9225,18948
86,,6110220,1,20260827,8418,1778,0,0,0,0,0,8442,1878,0,0,0,0,0,3,35.135413702721344,136.168110072612,,,,,,,,,,,,,269,red,10196,10320,20516
86,,6110230,1,20260827,9581,1457,0,0,0,0,0,8580,1439,0,0,0,0,0,3,35.05193480694747,136.028718352317,,,,,,,,,,,,,269,red,11038,10019,21057
86,,6110240,1,20260827,16440,2101,0,0,0,0,0,16859,2192,0,0,0,0,0,3,34.97508726487281,135.666646957397,,,,,,,,,,,,,269,red,18541,19051,37592
86,,6110250,1,20260827,12212,1330,0,0,0,0,0,11876,1305,0,0,0,0,0,3,35.290674394918256,135.122528672218,,,,,,,,,,,,,269,red,13542,13181,26723
86,,6110260,1,20260827,3059,439,0,0,0,0,1,3094,448,0,0,0,0,1,3,35.33418386481987,134.859425425529,,,,,,,,,,,,,269,red,3498,3542,7040
86,,6110270,1,20260827,2716,279,0,0,0,0,1,2962,286,0,0,0,0,1,3,35.37906081109355,134.782794713974,,,,,,,,,,,,,269,red,2995,3248,6243
86,,6110280,1,20260827,1229,342,0,0,0,0,1,1207,322,0,0,0,0,1,3,35.39752934547739,134.617635011672,,,,,,,,,,,,,269,red,1571,1529,3100
86,,6110290,1,20260827,2559,1199,0,0,0,0,0,2454,1254,0,0,0,0,0,3,35.3445505431606,136.408736407756,,,,,,,,,,,,,269,red,3758,3708,7466
86,,6110300,1,20260827,10036,698,0,0,0,0,0,8269,568,0,0,0,0,0,3,34.929386538763445,135.767959356307,,,,,,,,,,,,,269,red,10734,8837,19571
86,,6110310,1,20260827,18407,3019,0,0,0,0,0,16800,2783,0,0,0,0,0,3,34.692826863672394,135.811829566955,,,,,,,,,,,,,269,red,21426,19583,41009
86,,6110320,1,20260827,12671,1923,1,0,0,229,0,19914,2522,0,0,0,0,0,3,34.49633103313339,135.742759,,,,,,,,,,,,,269,red,14595,22436,37031
86,,6110330,1,20260827,14877,863,0,0,0,0,0,13702,812,0,0,0,0,0,3,34.255336527005475,135.221571922302,,,,,,,,,,,,,269,red,15740,14514,30254
86,,6110340,1,20260827,13664,1923,0,0,0,0,0,14327,2002,0,0,0,0,0,3,34.59261679509626,135.476585626602,,,,,,,,,,,,,269,red,15587,16329,31916
86,,6110350,1,20260827,24610,2212,0,0,0,0,0,24888,2256,0,0,0,0,0,3,34.492391818044126,135.423381328582,,,,,,,,,,,,,269,red,26822,27144,53966
86,,6110361,1,20260827,6969,1082,0,0,0,0,0,7060,1167,0,0,0,0,0,3,34.27701629033371,135.164935521261,,,,,,,,,,,,,269,red,8051,8227,16278
86,,6110370,1,20260827,4759,486,0,0,0,0,0,5171,529,0,0,0,0,0,3,35.61308303459727,135.971192,,,,,,,,,,,,,269,red,5245,5700,10945
86,,6110380,1,20260827,3699,586,0,0,0,0,0,3771,614,0,0,0,0,0,3,35.486004106628485,135.463869273662,,,,,,,,,,,,,269,red,4285,4385,8670
86,,6110390,1,20260827,3731,695,0,0,0,0,1,3789,610,0,0,0,0,1,3,35.30401991598347,135.272947382363,,,,,,,,,,,,,269,red,4426,4399,8825
86,,6110410,1,20260827,5542,704,0,0,0,0,0,5828,700,0,0,0,0,0,3,34.99524305806187,134.558363556861,,,,,,,,,,,,,269,red,6246,6528,12774
86,,6110430,1,20260827,379,27,9,0,0,0,0,457,23,7,0,0,0,0,3,33.577233165562106,135.427241160067,,,,,,,,,,,,,269,red,415,487,902
86,,6110440,1,20260827,10509,781,0,0,0,0,0,10020,801,0,0,0,0,0,3,34.143380032647656,135.20039,,,,,,,,,,,,,269,red,11290,10821,22111
86,,6110450,1,20260827,18614,11165,0,0,0,0,0,18631,15413,0,0,0,0,0,3,34.71254919312948,135.425688028335,,,,,,,,,,,,,269,red,29779,34044,63823
86,,6110460,1,20260827,3618,1670,0,0,0,0,0,3723,1576,0,0,0,0,0,3,35.431053158155514,136.016224622726,,,,,,,,,,,,,269,red,5288,5299,10587
86,,6110470,1,20260827,6946,1823,0,0,0,0,0,7721,1928,0,0,0,0,0,3,35.21341864052877,135.925826132297,,,,,,,,,,,,,269,red,8769,9649,18418
86,,6110500,1,20260827,6309,1947,0,0,0,0,0,5756,1228,0,0,0,0,0,3,35.10094221794055,135.892639160156,,,,,,,,,,,,,269,red,8256,6984,15240
86,,6110510,1,20260827,6186,2035,0,0,0,0,0,7395,1983,0,0,0,0,0,3,35.080206671418715,135.881878137588,,,,,,,,,,,,,269,red,8221,9378,17599
86,,6110520,1,20260827,16127,2942,0,0,0,0,0,2099,632,1768,0,0,0,0,3,35.00895503826151,135.838812589645,,,,,,,,,,,,,269,red,19069,4499,23568
86,,6110530,1,20260827,12857,4324,0,0,0,0,0,14371,5184,0,0,0,0,0,3,34.8925928963683,135.684016942977,,,,,,,,,,,,,269,red,17181,19555,36736
86,,6110540,1,20260827,10481,1776,0,0,0,0,0,11618,1687,0,0,0,0,0,3,34.686726631641484,134.982630014419,,,,,,,,,,,,,269,red,12257,13305,25562
86,,6110670,1,20260827,11071,2771,0,0,0,0,0,11411,2644,0,0,0,0,0,3,34.486465033119956,135.763168,,,,,,,,,,,,,269,red,13842,14055,27897
86,,6110700,1,20260827,7842,1796,0,0,0,0,0,7556,1598,0,0,0,0,0,3,34.36883103295914,135.698397,,,,,,,,,,,,,269,red,9638,9154,18792
86,,6110710,1,20260827,8144,1646,0,0,0,0,0,7837,1584,0,0,0,0,0,3,34.346251032928144,135.675464,,,,,,,,,,,,,269,red,9790,9421,19211
86,,6110720,1,20260827,7398,1650,0,0,0,0,0,7120,1539,0,0,0,0,0,3,34.34307531292378,135.6723947,,,,,,,,,,,,,269,red,9048,8659,17707
86,,6110730,1,20260827,6921,1640,0,0,0,0,1,6397,1633,0,0,0,0,1,3,34.3344353954711,135.643944740295,,,,,,,,,,,,,269,red,8561,8030,16591
86,,6110740,1,20260827,8924,1598,60,0,0,0,0,8707,1382,137,0,0,0,0,3,34.32057809029414,135.595622062683,,,,,,,,,,,,,269,red,10582,10226,20808
86,,6110750,1,20260827,8794,1741,0,0,0,0,1,8458,1452,0,0,0,0,1,3,34.30420703287028,135.508371,,,,,,,,,,,,,269,red,10535,9910,20445
86,,6110760,1,20260827,8138,1810,0,0,0,0,1,7681,1507,0,0,0,0,1,3,34.300277802864876,135.49583333,,,,,,,,,,,,,269,red,9948,9188,19136
86,,6110765,1,20260827,8153,1852,0,0,0,0,1,6785,1374,0,0,0,0,1,3,34.293299032855266,135.42037,,,,,,,,,,,,,269,red,10005,8159,18164
86,,6110780,1,20260827,,,,0,0,0,269,,,,0,0,0,269,3,34.290835032851874,135.406025,,,,,,,,,,,,,269,red,0,0,0
86,,6110790,1,20260827,4031,1278,0,0,0,0,1,3648,1049,0,0,0,0,1,3,34.28766234793788,135.279854549589,,,,,,,,,,,,,269,red,5309,4697,10006
86,,6110810,1,20260827,729,279,0,0,0,0,0,837,269,0,0,0,0,0,3,35.91898971813652,136.6293598948,,,,,,,,,,,,,269,red,1008,1106,2114
86,,6110820,1,20260827,914,388,0,0,0,0,0,1000,401,0,0,0,0,0,3,35.963561035032136,136.602468,,,,,,,,,,,,,269,red,1302,1401,2703
86,,6110840,1,20260827,986,244,0,0,0,0,0,933,278,0,0,0,0,0,3,35.98949103506382,136.526729,,,,,,,,,,,,,269,red,1230,1211,2441
86,,6110860,1,20260827,5736,618,0,0,0,0,0,5370,595,0,0,0,0,0,3,36.062580031168245,136.445198357105,,,,,,,,,,,,,269,red,6354,5965,12319
86,,6110870,1,20260827,6011,637,0,0,0,0,0,5829,613,0,0,0,0,0,3,36.074224272699254,136.374473869296,,,,,,,,,,,,,269,red,6648,6442,13090
86,,6110880,1,20260827,6257,740,0,0,0,0,0,6347,667,0,0,0,0,0,3,36.086521994378465,136.324462164098,,,,,,,,,,,,,269,red,6997,7014,14011
86,,6110980,1,20260827,1821,383,0,0,0,0,136,2041,451,0,0,0,0,136,3,35.30511375498357,134.89226102828903,,,,,,,,,,,,,269,red,2204,2492,4696
86,,6111020,1,20260827,13244,10561,0,0,0,0,0,13079,12041,0,0,0,0,0,3,34.61538892329484,135.8745,,,,,,,,,,,,,269,red,23805,25120,48925
86,,6111030,1,20260827,4652,262,39,0,0,0,1,4908,253,46,0,0,0,1,3,33.670648031981166,135.947246,,,,,,,,,,,,,269,red,4953,5207,10160
86,,6111040,1,20260827,3535,381,29,0,0,0,0,3465,398,54,0,0,0,0,1,33.74362082208521,135.40352793,,,,,,,,,,,,,269,red,3945,3917,7862
86,,6111050,1,20260827,4203,332,31,0,0,0,0,4257,326,28,0,0,0,0,1,33.67806806199178,135.40361475,,,,,,,,,,,,,269,red,4566,4611,9177
86,,6111060,1,20260827,4150,301,28,0,0,0,0,4007,363,34,0,0,0,0,1,33.63743103193369,135.410147,,,,,,,,,,,,,269,red,4479,4404,8883
86,,6111070,1,20260827,2701,252,16,0,0,0,0,2590,279,14,0,0,0,0,1,33.56605113183135,135.49421066,,,,,,,,,,,,,269,red,2969,2883,5852
86,,6111080,1,20260827,2213,287,22,0,0,0,0,2080,302,22,0,0,0,0,1,33.53123967178131,135.54653822,,,,,,,,,,,,,269,red,2522,2404,4926
86,,6111090,1,20260827,3264,256,25,0,0,0,0,3299,233,37,0,0,0,0,3,33.620083251908845,135.91802864,,,,,,,,,,,,,269,red,3545,3569,7114
86,,6111094,1,20260827,3891,269,198,0,0,0,0,3960,222,51,0,0,0,0,3,33.73308003207021,136.004619,,,,,,,,,,,,,269,red,4358,4233,8591
86,,6111100,1,20260827,6649,1529,0,0,0,0,0,3399,873,0,0,0,0,0,3,34.29138892285263,135.3613889,,,,,,,,,,,,,269,red,8178,4272,12450
87,,7110040,1,20260827,8187,2270,0,0,0,0,0,7514,2416,0,0,0,0,0,3,34.51540182315934,133.565914,,,,,,,,,,,,,269,red,10457,9930,20387
87,,7110090,1,20260827,10449,3303,0,0,0,0,0,10454,3080,0,0,0,0,0,3,34.076861142554975,131.3867222,,,,,,,,,,,,,269,red,13752,13534,27286
87,,7110140,1,20260827,8099,1173,0,0,0,0,0,7889,1295,0,0,0,0,0,3,35.42972217436492,133.16019770000003,,,,,,,,,,,,,269,red,9272,9184,18456
87,,7110150,1,20260827,9480,1356,0,0,0,0,0,9635,1327,0,0,0,0,0,3,35.41501435434614,132.9291201,,,,,,,,,,,,,269,red,10836,10962,21798
87,,7110160,1,20260827,2827,338,0,0,0,22,22,2786,267,0,0,0,0,22,3,35.220801104096246,132.5117898,,,,,,,,,,,,,269,red,3165,3053,6218
87,,7110170,1,20260827,707,80,0,0,0,0,0,655,105,0,0,0,0,0,3,34.75449303348189,131.907185,,,,,,,,,,,,,269,red,787,760,1547
87,,7110180,1,20260827,1077,237,0,0,0,0,0,986,235,0,0,0,0,0,3,34.42694447303873,131.76016670000004,,,,,,,,,,,,,269,red,1314,1221,2535
87,,7110210,1,20260827,4935,773,0,0,0,0,0,5386,900,0,0,0,0,0,3,34.8389208935946,133.9257149,,,,,,,,,,,,,269,red,5708,6286,11994
87,,7110240,1,20260827,4840,996,0,0,0,0,0,4687,966,0,0,0,0,0,3,34.684982133388644,133.784738,,,,,,,,,,,,,269,red,5836,5653,11489
87,,7110260,1,20260827,1562,125,0,0,0,88,0,3177,251,0,0,0,0,0,3,33.97988891241918,132.1977222,,,,,,,,,,,,,269,red,1687,3428,5115
87,,7110270,1,20260827,1381,252,0,0,0,0,0,1317,238,0,0,0,0,0,3,34.65950003335435,131.6773889,,,,,,,,,,,,,269,red,1633,1555,3188
87,,7110280,1,20260827,3375,377,0,0,0,0,0,3110,421,0,0,0,0,0,3,34.419861143029046,131.4097778,,,,,,,,,,,,,269,red,3752,3531,7283
87,,7110290,1,20260827,6961,305,0,0,0,0,0,6735,315,0,0,0,0,0,3,34.371805582963226,131.1861389,,,,,,,,,,,,,269,red,7266,7050,14316
87,,7110320,1,20260827,5763,381,0,1,0,0,2,5622,396,0,0,0,0,1,3,33.95763808238793,132.1366533,,,,,,,,,,,,,269,red,6144,6018,12162
87,,7310110,1,20260827,8085,995,0,0,0,0,0,8332,1020,0,0,0,0,0,3,35.39772612432404,132.8747235,,,,,,,,,,,,,269,red,9080,9352,18432
87,,7310120,1,20260827,3267,861,0,0,0,0,0,2983,627,0,0,0,0,0,3,35.068629523897954,132.3222435,,,,,,,,,,,,,269,red,4128,3610,7738
87,,7310150,1,20260827,597,102,0,0,0,0,0,562,130,0,0,0,0,0,3,34.9738037337733,132.7317309,,,,,,,,,,,,,269,red,699,692,1391
87,,7310160,1,20260827,1105,146,0,0,0,0,1,1135,163,0,0,0,0,1,3,35.117460163961816,132.778337,,,,,,,,,,,,,269,red,1251,1298,2549
87,,7310170,1,20260827,5409,704,0,0,0,0,0,5179,678,0,0,0,0,0,3,34.705264123415894,133.7151146,,,,,,,,,,,,,269,red,6113,5857,11970
87,,7310180,1,20260827,1703,131,0,0,0,0,0,1643,173,0,0,0,0,0,3,34.38963891298768,131.3651944,,,,,,,,,,,,,269,red,1834,1816,3650
87,,7310260,1,20260827,2704,514,0,0,0,0,0,2662,494,0,0,0,0,0,3,35.132156843980994,132.4019922,,,,,,,,,,,,,269,red,3218,3156,6374
87,,7310270,1,20260827,2418,530,0,0,0,0,0,2448,472,0,0,0,0,0,3,35.08573619392036,132.3490609,,,,,,,,,,,,,269,red,2948,2920,5868
87,,7310280,1,20260827,2407,499,0,0,0,0,0,2366,476,0,0,0,0,0,3,35.076671573908484,132.335387,,,,,,,,,,,,,269,red,2906,2842,5748
87,,7310290,1,20260827,3964,937,0,1,0,0,0,2523,2437,0,1,0,0,0,3,34.88220003365212,132.0657,,,,,,,,,,,,,269,red,4901,4960,9861
87,,7310300,1,20260827,3563,616,0,1,0,2,0,3371,622,0,1,0,1,0,3,34.86980443363566,132.0662027,,,,,,,,,,,,,269,red,4179,3993,8172
87,,7310350,1,20260827,3851,759,0,1,0,0,0,3718,800,0,1,0,0,0,3,34.83580109359045,131.9999083,,,,,,,,,,,,,269,red,4610,4518,9128
87,,7310410,1,20260827,4271,709,0,0,0,0,0,4235,651,0,0,0,0,0,3,35.21593257408993,132.5144274,,,,,,,,,,,,,269,red,4980,4886,9866
87,,7310420,1,20260827,4764,718,0,0,0,0,0,4350,840,0,0,0,0,0,3,35.275470134166945,132.6201357,,,,,,,,,,,,,269,red,5482,5190,10672
87,,7310430,1,20260827,4686,630,0,0,0,0,0,4338,588,0,0,0,0,0,3,35.303833034203514,132.688667,,,,,,,,,,,,,269,red,5316,4926,10242
87,,7310440,1,20260827,4465,678,0,0,0,0,0,0,0,0,0,0,0,0,3,35.298722034196935,132.676944,,,,,,,,,,,,,269,red,5143,0,5143
87,,7310450,1,20260827,0,0,0,0,0,0,0,4008,592,0,0,0,0,0,3,35.290444034186265,132.645583,,,,,,,,,,,,,269,red,0,4600,4600
87,,7310460,1,20260827,0,0,0,0,0,269,0,2157,540,0,0,0,0,0,3,35.20082803407034,132.459905,,,,,,,,,,,,,269,red,0,2697,2697
87,,7310470,1,20260827,2898,648,0,0,0,0,0,2740,563,0,0,0,0,0,3,35.1986450340675,132.455753,,,,,,,,,,,,,269,red,3546,3303,6849
88,,8110010,1,20260827,2980,808,0,0,0,0,0,2924,801,0,0,0,0,0,3,34.2207184500313,134.411544799804,,,,,,,,,,,,,269,red,3788,3725,7513
88,,8110020,1,20260827,17560,2769,0,0,0,0,0,20522,2875,0,0,0,0,0,3,34.30277465209332,134.084776639938,,,,,,,,,,,,,269,red,20329,23397,43726
88,,8110030,1,20260827,15692,2163,0,0,0,0,0,16159,2041,0,0,0,0,0,3,34.29671450737887,133.946895003318,,,,,,,,,,,,,269,red,17855,18200,36055
88,,8110040,1,20260827,7171,974,0,0,0,0,0,7345,1006,0,0,0,0,0,3,34.17417938671837,133.715951442718,,,,,,,,,,,,,269,red,8145,8351,16496
88,,8110050,1,20260827,7354,965,20,0,0,0,0,7338,978,18,0,0,0,0,3,33.91236267641698,133.20324182510302,,,,,,,,,,,,,269,red,8339,8334,16673
88,,8110060,1,20260827,4440,1431,67,0,0,0,0,4292,1407,71,0,0,0,0,3,33.82431235182997,132.984384298324,,,,,,,,,,,,,269,red,5938,5770,11708
88,,8110070,1,20260827,9137,930,0,0,0,0,0,9147,769,0,0,0,0,0,3,34.28544169692582,134.00050163269,,,,,,,,,,,,,269,red,10067,9916,19983
88,,8110080,1,20260827,1879,437,0,0,0,0,0,1895,427,0,0,0,0,0,3,34.10608825909625,133.799223303794,,,,,,,,,,,,,269,red,2316,2322,4638
88,,8110090,1,20260827,7850,979,48,0,0,0,0,7692,910,53,0,0,0,0,3,34.028957826825085,133.828164339065,,,,,,,,,,,,,269,red,8877,8655,17532
88,,8110100,1,20260827,1841,477,0,0,0,0,0,1775,461,0,0,0,0,0,3,33.950764901704936,133.764853477478,,,,,,,,,,,,,269,red,2318,2236,4554
88,,8110110,1,20260827,5609,1636,0,0,0,0,0,5915,1414,0,0,0,0,0,3,33.58909346194513,133.626092746853,,,,,,,,,,,,,269,red,7245,7329,14574
88,,8110115,1,20260827,7275,721,0,0,0,0,0,7154,727,0,0,0,0,0,3,33.548205918990114,133.451582193374,,,,,,,,,,,,,269,red,7996,7881,15877
88,,8110120,1,20260827,7673,791,0,0,0,0,0,7148,1272,0,0,0,0,0,3,33.543133969132924,133.402808904647,,,,,,,,,,,,,269,red,8464,8420,16884
88,,8110130,1,20260827,7649,524,157,0,0,0,0,7968,534,127,0,0,0,0,3,33.7476978963593,132.791587114334,,,,,,,,,,,,,269,red,8330,8629,16959
88,,8110131,1,20260827,3055,256,0,0,0,0,0,3177,266,0,0,0,0,0,3,33.793408870729856,134.592427611351,,,,,,,,,,,,,269,red,3311,3443,6754
88,,8110140,1,20260827,2347,237,1,0,0,0,0,2330,229,2,0,0,0,0,3,33.63466659400443,134.369745254516,,,,,,,,,,,,,269,red,2585,2561,5146
88,,8110142,1,20260827,3055,239,0,0,0,0,0,3063,267,0,0,0,0,0,3,33.74774819013548,134.53964678124,,,,,,,,,,,,,269,red,3294,3330,6624
88,,8110160,1,20260827,3338,273,0,0,0,0,0,3075,238,0,0,0,0,0,3,33.53924497073882,133.738444460766,,,,,,,,,,,,,269,red,3611,3313,6924
88,,8110161,1,20260827,6438,545,0,0,0,0,0,5997,497,0,0,0,0,0,3,33.520916544031145,133.780702650547,,,,,,,,,,,,,269,red,6983,6494,13477
88,,8110162,1,20260827,7620,611,0,0,0,0,0,7503,570,0,0,0,0,0,3,33.550342371512876,133.740176352243,,,,,,,,,,,,,269,red,8231,8073,16304
88,,8110163,1,20260827,8689,698,0,0,0,0,0,8342,678,0,0,0,0,0,3,33.55352220956595,133.721816021769,,,,,,,,,,,,,269,red,9387,9020,18407
88,,8110164,1,20260827,1800,433,0,0,0,0,0,1836,388,0,0,0,0,0,3,33.57127484589016,133.574287891387,,,,,,,,,,,,,269,red,2233,2224,4457
88,,8110165,1,20260827,10097,783,0,0,0,0,0,10404,754,0,0,0,0,0,3,33.56026408468244,133.633757829666,,,,,,,,,,,,,269,red,10880,11158,22038
88,,8110166,1,20260827,10573,1151,0,0,0,0,0,10345,895,0,0,0,0,0,3,33.540965031795295,133.601005,,,,,,,,,,,,,269,red,11724,11240,22964
88,,8110167,1,20260827,5954,513,0,0,0,0,0,5707,491,0,0,0,0,0,3,33.5424317654246,133.583077945611,,,,,,,,,,,,,269,red,6467,6198,12665
88,,8110168,1,20260827,8816,625,0,0,0,0,0,7461,557,0,0,0,0,0,3,33.55589303181676,133.683497,,,,,,,,,,,,,269,red,9441,8018,17459
88,,8110170,1,20260827,5012,709,0,0,0,0,0,4416,1205,0,0,0,0,0,3,33.485055031714765,133.373125,,,,,,,,,,,,,269,red,5721,5621,11342
88,,8110171,1,20260827,3362,404,0,0,0,0,0,2945,403,0,0,0,0,0,3,33.40395558523113,133.288643360137,,,,,,,,,,,,,269,red,3766,3348,7114
88,,8110172,1,20260827,2018,923,0,0,0,0,0,2181,609,0,0,0,0,0,3,33.39236677628474,133.278601169586,,,,,,,,,,,,,269,red,2941,2790,5731
88,,8110174,1,20260827,2495,437,0,0,0,0,0,2550,447,0,0,0,0,0,3,33.18330330083646,133.144855499267,,,,,,,,,,,,,269,red,2932,2997,5929
88,,8110180,1,20260827,648,81,0,0,0,0,0,754,67,0,0,0,0,0,3,33.35817590038214,133.253152370452,,,,,,,,,,,,,269,red,729,821,1550
88,,8110181,1,20260827,2934,298,0,0,0,0,0,2989,282,0,0,0,0,0,3,32.974388919857596,132.933138888889,,,,,,,,,,,,,269,red,3232,3271,6503
88,,8110182,1,20260827,4592,340,0,0,0,0,0,4522,342,0,0,0,0,0,3,32.96811114207051,132.872277777778,,,,,,,,,,,,,269,red,4932,4864,9796
88,,8110183,1,20260827,2681,211,0,0,0,0,0,2568,184,0,0,0,0,0,3,32.95902780872377,132.776972222222,,,,,,,,,,,,,269,red,2892,2752,5644
88,,8110190,1,20260827,1689,186,0,0,0,0,0,1827,207,0,0,0,0,0,3,32.96996536793415,132.68920719623503,,,,,,,,,,,,,269,red,1875,2034,3909
88,,8110191,1,20260827,2685,388,0,0,0,0,0,2722,425,0,0,0,0,0,3,33.13903103121127,132.517477,,,,,,,,,,,,,269,red,3073,3147,6220
88,,8110192,1,20260827,4345,552,0,0,0,0,0,4661,585,0,0,0,0,0,3,33.14590213224344,132.52205863595,,,,,,,,,,,,,269,red,4897,5246,10143
88,,8110200,1,20260827,2060,168,0,0,0,0,0,1908,175,0,0,0,0,0,3,33.325562031483756,132.5285,,,,,,,,,,,,,269,red,2228,2083,4311
88,,8110210,1,20260827,14999,637,608,0,0,0,1,14233,688,750,0,0,0,1,3,33.81637909326473,132.744826823472,,,,,,,,,,,,,269,red,16244,15671,31915
88,,8110231,1,20260827,6458,466,0,0,0,0,0,6048,457,0,0,0,0,0,3,34.03847794648641,134.520513564348,,,,,,,,,,,,,269,red,6924,6505,13429
88,,8110232,1,20260827,7098,468,0,0,0,0,0,7867,531,0,0,0,0,0,3,34.04120064204002,134.531005024909,,,,,,,,,,,,,269,red,7566,8398,15964
88,,8110240,1,20260827,4955,688,0,0,0,0,0,4870,721,0,0,0,0,0,3,34.03149633348104,132.829599380493,,,,,,,,,,,,,269,red,5643,5591,11234
88,,8110250,1,20260827,5504,575,0,0,0,0,0,5572,528,0,0,0,0,0,3,33.93004373774009,133.094837665557,,,,,,,,,,,,,269,red,6079,6100,12179
88,,8111021,1,20260827,5582,478,0,0,0,0,0,5596,441,0,0,0,0,0,3,33.50191403173908,133.309236,,,,,,,,,,,,,269,red,6060,6037,12097
88,,8160020,1,20260827,4179,616,0,0,0,0,0,3959,625,0,0,0,0,0,1,33.331092031491806,133.206098,,,,,,,,,,,,,269,red,4795,4584,9379
88,,8160030,1,20260827,3560,546,0,0,0,0,0,3303,562,0,0,0,0,0,1,33.23544203135242,133.159939,,,,,,,,,,,,,269,red,4106,3865,7971
88,,8160040,1,20260827,6023,797,0,0,0,0,0,6099,772,0,0,0,0,0,1,33.24742026280611,132.570131868124,,,,,,,,,,,,,269,red,6820,6871,13691
88,,8160050,1,20260827,5798,871,0,0,0,0,0,5733,807,0,0,0,0,0,1,33.33622666521378,132.557060122489,,,,,,,,,,,,,269,red,6669,6540,13209
88,,8160060,1,20260827,5943,940,0,0,0,0,0,4899,901,0,0,0,0,0,1,34.056139032526026,134.588624,,,,,,,,,,,,,269,red,6883,5800,12683
88,,8310010,1,20260827,15671,1599,8,0,0,0,1,15822,1588,15,0,0,0,1,3,34.152121047215225,134.579402804374,,,,,,,,,,,,,269,red,17278,17425,34703
88,,8310020,1,20260827,5521,2617,0,0,0,0,0,7471,715,0,0,0,0,0,3,34.335875041773484,134.151295423507,,,,,,,,,,,,,269,red,8138,8186,16324
88,,8310030,1,20260827,9284,519,599,0,0,0,0,9957,580,117,0,0,0,0,3,33.79997204409725,132.86443054676,,,,,,,,,,,,,269,red,10402,10654,21056
88,,8310040,1,20260827,11889,1704,0,0,0,0,0,11922,1588,0,0,0,0,0,3,34.239532652899726,133.895906209945,,,,,,,,,,,,,269,red,13593,13510,27103
88,,8310050,1,20260827,602,446,0,0,0,0,0,710,361,0,0,0,0,0,3,33.797668032162,133.760304,,,,,,,,,,,,,269,red,1048,1071,2119
88,,8310060,1,20260827,498,130,0,0,0,0,0,520,137,0,0,0,0,0,3,33.54154672048833,133.042341470718,,,,,,,,,,,,,269,red,628,657,1285
88,,8310061,1,20260827,11095,1752,0,0,0,0,0,11517,1987,0,0,0,0,0,3,33.80675451706518,132.745272070169,,,,,,,,,,,,,269,red,12847,13504,26351
88,,8310062,1,20260827,6200,1428,0,0,0,0,0,6427,1439,0,0,0,0,0,3,33.814776032186245,132.720319,,,,,,,,,,,,,269,red,7628,7866,15494
88,,8310070,1,20260827,18181,1166,43,0,0,0,0,20218,1243,14,0,0,0,0,3,34.0102656781917,134.566428959369,,,,,,,,,,,,,269,red,19390,21475,40865
88,,8310080,1,20260827,11008,946,0,0,0,0,0,10902,1139,0,0,0,0,0,3,33.9732071371816,134.633932113647,,,,,,,,,,,,,269,red,11954,12041,23995
88,,8310100,1,20260827,3730,435,0,0,0,0,0,4639,621,0,0,0,0,0,3,33.03511096021447,133.027331829071,,,,,,,,,,,,,269,red,4165,5260,9425
88,,8310110,1,20260827,3788,559,0,0,0,0,0,3660,609,0,0,0,0,0,3,33.4066250316014,132.509843,,,,,,,,,,,,,269,red,4347,4269,8616
88,,8310120,1,20260827,8944,1539,0,0,0,0,0,9294,1506,0,0,0,0,0,3,33.504510031742804,132.56675,,,,,,,,,,,,,269,red,10483,10800,21283
88,,8310130,1,20260827,5655,779,0,0,0,0,0,5675,739,0,0,0,0,0,3,33.53462955300938,132.597781419754,,,,,,,,,,,,,269,red,6434,6414,12848
88,,8310140,1,20260827,3582,611,0,0,0,0,0,3012,550,0,0,0,0,0,3,33.6125750318981,132.68712,,,,,,,,,,,,,269,red,4193,3562,7755
88,,8310150,1,20260827,2892,623,0,0,0,0,0,3399,833,0,0,0,0,0,3,34.0401782523243,134.018440246582,,,,,,,,,,,,,269,red,3515,4232,7747
88,,8310160,1,20260827,9407,479,124,0,0,0,1,8888,518,158,0,0,0,1,3,33.89056122326423,132.757075130939,,,,,,,,,,,,,269,red,10010,9564,19574
89,,9110010,1,20260827,9487,513,0,0,0,0,0,10628,550,0,0,0,0,0,3,33.86399103225591,130.750068,,,,,,,,,,,,,269,red,10000,11178,21178
89,,9110030,1,20260827,17379,1881,0,0,0,0,0,21589,2033,0,0,0,0,0,3,32.75695803064553,130.688122,,,,,,,,,,,,,269,red,19260,23622,42882
89,,9110040,1,20260827,8299,1828,0,0,0,0,0,7005,1778,0,0,0,0,0,3,32.565580030358504,130.688167,,,,,,,,,,,,,269,red,10127,8783,18910
89,,9110050,1,20260827,11106,1837,0,0,0,0,0,9663,1760,0,0,0,0,0,3,32.50104503026118,130.627862,,,,,,,,,,,,,269,red,12943,11423,24366
89,,9110060,1,20260827,4712,1232,0,0,0,0,0,4986,1280,0,0,0,0,0,3,31.848210029262603,130.249002,,,,,,,,,,,,,269,red,5944,6266,12210
89,,9110070,1,20260827,3735,362,0,0,0,0,0,3892,364,0,0,0,0,0,3,31.65408502896101,130.444438,,,,,,,,,,,,,269,red,4097,4256,8353
89,,9110110,1,20260827,26338,1838,194,0,0,0,0,23029,3140,332,0,0,0,0,3,33.248593781371625,131.5788746,,,,,,,,,,,,,269,red,28370,26501,54871
89,,9110120,1,20260827,94,17,0,0,0,0,0,96,21,0,0,0,0,0,3,32.83826903076675,131.716873,,,,,,,,,,,,,269,red,111,117,228
89,,9110140,1,20260827,5209,1547,0,0,0,0,0,4693,1377,0,0,0,0,0,3,32.26510002990319,131.560352,,,,,,,,,,,,,269,red,6756,6070,12826
89,,9110150,1,20260827,3158,1066,0,0,0,0,0,3181,1108,0,0,0,0,0,3,31.853840029271314,131.136144,,,,,,,,,,,,,269,red,4224,4289,8513
89,,9110160,1,20260827,2769,901,3690,0,0,175,175,4203,1218,38,0,0,0,175,3,31.710555029048958,130.774553,,,,,,,,,,,,,269,red,7360,5459,12819
89,,9110190,1,20260827,6837,2161,0,0,0,0,0,6677,2127,0,0,0,0,0,3,33.3577350315305,130.488663,,,,,,,,,,,,,269,red,8998,8804,17802
89,,9110200,1,20260827,7793,600,0,0,0,0,0,7119,630,0,0,0,0,0,3,33.19609887129489,130.0312792,,,,,,,,,,,,,269,red,8393,7749,16142
89,,9110230,1,20260827,1879,670,0,0,0,0,0,1870,641,0,0,0,0,0,3,32.95195803093551,131.35466,,,,,,,,,,,,,269,red,2549,2511,5060
89,,9110240,1,20260827,8000,1973,0,0,0,0,0,6956,1899,0,0,0,0,0,3,33.669370031979355,130.847832,,,,,,,,,,,,,269,red,9973,8855,18828
89,,9110280,1,20260827,6221,755,0,0,0,0,0,5861,811,0,0,0,0,0,3,33.34785503151616,130.0187991,,,,,,,,,,,,,269,red,6976,6672,13648
89,,9110290,1,20260827,6475,577,0,0,0,0,0,6937,601,0,0,0,0,0,3,32.97125925096407,130.445357,,,,,,,,,,,,,269,red,7052,7538,14590
89,,9110300,1,20260827,6774,652,0,0,0,0,0,6795,705,0,0,0,0,0,3,33.14141103121475,130.470721,,,,,,,,,,,,,269,red,7426,7500,14926
89,,9110335,1,20260827,3142,287,0,0,0,0,0,3399,290,0,0,0,0,0,3,31.396273028557452,130.783657,,,,,,,,,,,,,269,red,3429,3689,7118
89,,9110340,1,20260827,4256,587,0,0,0,0,0,4505,556,0,0,0,0,0,3,31.452851608646302,130.7281932,,,,,,,,,,,,,269,red,4843,5061,9904
89,,9310003,1,20260827,7506,1990,0,0,0,0,0,9553,1977,0,0,0,0,0,3,33.947867982374184,130.968647,,,,,,,,,,,,,269,red,9496,11530,21026
89,,9310015,1,20260827,17526,5154,0,0,0,0,0,17296,5753,0,0,0,0,0,3,33.44660203165923,130.540337,,,,,,,,,,,,,269,red,22680,23049,45729
89,,9310017,1,20260827,7601,1194,0,0,0,0,0,8207,1204,0,0,0,0,0,3,33.323489031480754,130.523608,,,,,,,,,,,,,269,red,8795,9411,18206
89,,9310020,1,20260827,1684,1123,0,0,0,0,0,1542,1195,0,0,0,0,0,3,33.11458003117534,130.669176,,,,,,,,,,,,,269,red,2807,2737,5544
89,,9310035,1,20260827,999,112,0,0,0,0,0,1059,151,0,0,0,0,0,3,32.406040030117445,130.555735,,,,,,,,,,,,,269,red,1111,1210,2321
89,,9310045,1,20260827,4539,760,0,0,0,0,0,4485,799,0,0,0,0,0,3,32.16215502974594,130.36789,,,,,,,,,,,,,269,red,5299,5284,10583
89,,9310050,1,20260827,6291,346,20,0,0,0,0,5855,313,32,0,0,0,0,3,31.714213029054637,130.275752,,,,,,,,,,,,,269,red,6657,6200,12857
89,,9310060,1,20260827,4339,983,92,12,0,0,6,4199,994,18,12,0,0,6,3,32.38562876008649,130.5414069,,,,,,,,,,,,,269,red,5414,5211,10625
89,,9310070,1,20260827,23,36,7421,0,0,194,194,6685,1020,134,0,0,0,194,3,31.702321029036145,130.297006,,,,,,,,,,,,,269,red,7480,7839,15319
89,,9310080,1,20260827,13046,1296,0,0,0,0,0,11918,1125,0,0,0,0,0,3,33.80588903217365,130.960473,,,,,,,,,,,,,269,red,14342,13043,27385
89,,9310085,1,20260827,7954,1253,0,0,0,0,0,8155,1141,0,0,0,0,0,3,33.54594303180245,131.283198,,,,,,,,,,,,,269,red,9207,9296,18503
89,,9310090,1,20260827,7182,839,0,0,0,0,0,8359,978,0,0,0,0,0,3,33.38094503156419,131.540397,,,,,,,,,,,,,269,red,8021,9337,17358
89,,9310100,1,20260827,14672,1576,0,0,0,0,0,15169,1706,0,0,0,0,0,3,33.15920703124086,131.651922,,,,,,,,,,,,,269,red,16248,16875,33123
89,,9310115,1,20260827,7624,2589,0,0,0,0,0,7470,2569,0,0,0,0,0,3,31.726570029073855,131.023972,,,,,,,,,,,,,269,red,10213,10039,20252
89,,9310120,1,20260827,12626,1872,0,0,0,0,0,10675,1486,0,0,0,0,0,3,31.705779029041526,130.613215,,,,,,,,,,,,,269,red,14498,12161,26659
89,,9310125,1,20260827,11377,1501,0,0,0,0,0,10670,1430,0,0,0,0,0,3,33.21761616132637,130.1637701,,,,,,,,,,,,,269,red,12878,12100,24978
89,,9310127,1,20260827,4848,1870,0,0,0,0,0,5833,1095,0,0,0,0,0,3,32.91326503087817,130.976239,,,,,,,,,,,,,269,red,6718,6928,13646
89,,9310130,1,20260827,14063,975,0,0,0,0,0,11669,1081,0,0,0,0,0,3,32.8754950308221,130.867355,,,,,,,,,,,,,269,red,15038,12750,27788
89,,9310140,1,20260827,19796,2123,0,0,0,0,0,19515,1705,0,0,0,0,0,3,32.820198990739854,130.7572925,,,,,,,,,,,,,269,red,21919,21220,43139
89,,9310150,1,20260827,5292,1634,0,0,0,0,0,3304,3533,0,0,0,0,0,3,32.6779330305273,130.55327,,,,,,,,,,,,,269,red,6926,6837,13763
89,,9310155,1,20260827,6582,259,0,0,0,0,0,8220,335,0,0,0,1,0,3,32.76467203065704,130.370667,,,,,,,,,,,,,269,red,6841,8555,15396
89,,9310156,1,20260827,6935,419,0,0,0,0,0,6931,444,0,0,0,0,0,3,32.78536503068792,130.199594,,,,,,,,,,,,,269,red,7354,7375,14729
89,,9310157,1,20260827,5496,1078,0,0,0,0,0,5403,920,0,0,0,0,0,3,33.06696517110531,131.6229634,,,,,,,,,,,,,269,red,6574,6323,12897
89,,9310159,1,20260827,2368,714,0,0,0,0,0,2222,641,0,0,0,0,0,3,32.997429031002746,131.434075,,,,,,,,,,,,,269,red,3082,2863,5945
89,,9310165,1,20260827,9596,5499,0,0,0,0,0,10290,4627,0,0,0,0,0,3,33.62969103192261,130.442657,,,,,,,,,,,,,269,red,15095,14917,30012
89,,9310174,1,20260827,18761,3317,0,0,0,0,0,15157,2517,0,0,0,0,0,3,33.6275850319196,130.703907,,,,,,,,,,,,,269,red,22078,17674,39752
89,,9310181,1,20260827,7122,378,0,0,0,0,0,6930,379,0,0,0,0,0,3,33.230906841345785,130.3350523,,,,,,,,,,,,,269,red,7500,7309,14809
89,,9310184,1,20260827,8931,777,0,0,0,0,0,8393,1139,0,0,0,0,0,3,32.918079150885305,130.6264597,,,,,,,,,,,,,269,red,9708,9532,19240
89,,9310185,1,20260827,2473,338,0,0,0,0,269,0,0,0,0,0,269,269,3,33.37000946154832,129.9447181,,,,,,,,,,,,,269,red,2811,0,2811
89,,9310187,1,20260827,9176,1540,0,0,0,0,0,9234,1646,0,0,0,0,0,3,33.504396031742644,130.111167,,,,,,,,,,,,,269,red,10716,10880,21596
89,,9310188,1,20260827,5253,690,0,0,0,0,0,5152,677,0,0,0,0,0,3,33.3383090315023,130.64702,,,,,,,,,,,,,269,red,5943,5829,11772
89,,9310189,1,20260827,2267,368,0,0,0,0,140,1938,333,0,0,0,0,140,3,33.06535003110294,129.833592,,,,,,,,,,,,,269,red,2635,2271,4906
89,,9310191,1,20260827,7492,1163,0,0,0,0,0,7263,1237,0,0,0,0,0,3,33.18514003127884,130.387366,,,,,,,,,,,,,269,red,8655,8500,17155
89,,9310192,1,20260827,5692,1048,0,0,0,0,0,3600,3006,0,0,0,0,0,3,33.20214803130375,130.361827,,,,,,,,,,,,,269,red,6740,6606,13346
89,,9310193,1,20260827,2794,2977,0,0,0,0,0,5408,1183,0,0,0,0,0,3,33.20855403131311,130.343385,,,,,,,,,,,,,269,red,5771,6591,12362
89,,9310195,1,20260827,5392,968,0,0,0,0,0,4929,903,0,0,0,0,0,3,33.32086003147692,130.863524,,,,,,,,,,,,,269,red,6360,5832,12192
89,,9310200,1,20260827,2082,442,0,0,0,0,0,2077,464,0,0,0,0,0,3,33.250128031373855,131.295812,,,,,,,,,,,,,269,red,2524,2541,5065
89,,9310205,1,20260827,6430,815,0,0,0,0,0,6123,801,0,0,0,0,0,3,33.19671903129579,131.498216,,,,,,,,,,,,,269,red,7245,6924,14169
89,,9310210,1,20260827,7135,475,0,0,0,0,0,7120,367,0,0,0,0,0,3,31.816050029212782,131.442962,,,,,,,,,,,,,269,red,7610,7487,15097
89,,9310217,1,20260827,3809,389,0,0,0,0,0,3643,413,0,0,0,0,0,3,31.417765998591218,130.99969040000002,,,,,,,,,,,,,269,red,4198,4056,8254
89,,9310218,1,20260827,5512,508,0,0,0,0,0,5457,466,0,0,0,0,0,3,31.377286028527593,130.545285,,,,,,,,,,,,,269,red,6020,5923,11943
89,,9310219,1,20260827,1773,249,0,0,0,0,0,1728,255,0,0,0,0,0,3,31.56571802882308,130.617867,,,,,,,,,,,,,269,red,2022,1983,4005
89,,9310220,1,20260827,5514,1116,0,0,0,0,0,5331,1176,0,0,0,0,0,3,33.43104381163675,130.0480662,,,,,,,,,,,,,269,red,6630,6507,13137
89,,9310470,1,20260827,3527,900,26,0,0,0,0,3383,922,31,0,0,0,0,3,32.24423502987137,130.476053,,,,,,,,,,,,,269,red,4453,4336,8789
89,,9310480,1,20260827,3352,950,0,0,0,0,0,3135,989,0,0,0,0,0,3,32.21685802982958,130.428031,,,,,,,,,,,,,269,red,4302,4124,8426
89,,9310520,1,20260827,4443,575,0,0,0,0,0,4384,603,0,0,0,0,0,3,32.102630029654726,130.326106,,,,,,,,,,,,,269,red,5018,4987,10005
89,,9310530,1,20260827,5541,644,0,0,0,0,0,5764,649,0,0,0,0,0,3,32.08242202962371,130.292812,,,,,,,,,,,,,269,red,6185,6413,12598
89,,9310540,1,20260827,4830,706,0,0,0,0,0,4698,607,0,0,0,0,0,3,32.07232702960822,130.26224,,,,,,,,,,,,,269,red,5536,5305,10841
89,,9310600,1,20260827,1993,824,0,0,0,0,0,2239,717,0,0,0,0,0,3,31.84607502925929,130.257831,,,,,,,,,,,,,269,red,2817,2956,5773
89,,9310610,1,20260827,0,0,0,0,0,269,269,2392,725,0,0,0,0,269,3,31.804655029195118,130.283522,,,,,,,,,,,,,269,red,0,3117,3117
89,,9310620,1,20260827,6598,911,0,0,0,0,0,6637,1013,0,0,0,0,0,3,31.759537029125095,130.304217,,,,,,,,,,,,,269,red,7509,7650,15159
89,,9310627,1,20260827,4625,1109,0,0,0,0,0,4553,1123,0,0,0,0,0,3,33.46078103167972,130.044889,,,,,,,,,,,,,269,red,5734,5676,11410
89,,9310630,1,20260827,4975,949,0,0,0,0,0,4718,986,0,0,0,0,0,3,33.414414111612686,129.9958886,,,,,,,,,,,,,269,red,5924,5704,11628
89,,9310640,1,20260827,5961,1038,0,0,0,0,0,5720,1004,0,0,0,0,0,3,33.391371311579306,129.9347973,,,,,,,,,,,,,269,red,6999,6724,13723
89,,9310650,1,20260827,5653,1258,0,0,0,0,0,5667,1028,0,0,0,0,0,3,33.37966119156232,129.933567,,,,,,,,,,,,,269,red,6911,6695,13606
89,,9310660,1,20260827,4426,618,0,0,0,0,1,4249,644,0,0,0,0,1,3,33.30074103144764,129.915058,,,,,,,,,,,,,269,red,5044,4893,9937
89,,9310710,1,20260827,0,0,0,0,0,269,269,2738,727,0,0,0,0,269,3,33.323471851480726,129.8060041,,,,,,,,,,,,,269,red,0,3465,3465
89,,9310730,1,20260827,3341,372,0,0,0,0,0,3270,369,0,0,0,0,0,3,33.34824903151674,129.729277,,,,,,,,,,,,,269,red,3713,3639,7352
89,,9310740,1,20260827,1464,205,0,0,0,0,0,1489,237,0,0,0,0,0,3,33.34295921550905,129.672585536,,,,,,,,,,,,,269,red,1669,1726,3395
89,,9360270,1,20260827,2073,719,0,0,0,0,0,1942,603,0,0,0,0,0,1,32.93848103091554,131.866353,,,,,,,,,,,,,269,red,2792,2545,5337
89,,9360280,1,20260827,2305,786,0,0,0,0,0,2149,664,0,0,0,0,0,1,32.895717030852126,131.864089,,,,,,,,,,,,,269,red,3091,2813,5904
89,,9360290,1,20260827,1728,671,0,0,0,0,0,1545,574,0,0,0,0,0,1,32.80165203071222,131.87728,,,,,,,,,,,,,269,red,2399,2119,4518
89,,9360300,1,20260827,1694,657,0,0,0,0,0,1511,553,0,0,0,0,0,1,32.72780503060196,131.827089,,,,,,,,,,,,,269,red,2351,2064,4415
89,,9360310,1,20260827,2275,686,0,0,0,0,0,2135,589,0,0,0,0,0,1,32.708018030572354,131.811346,,,,,,,,,,,,,269,red,2961,2724,5685
89,,9360320,1,20260827,2471,717,0,0,0,0,0,2343,616,0,0,0,0,0,1,32.66071403050147,131.702707,,,,,,,,,,,,,269,red,3188,2959,6147
89,,9360330,1,20260827,2286,819,0,0,0,0,0,2193,709,0,0,0,0,0,3,32.67533903052341,131.725922,,,,,,,,,,,,,269,red,3105,2902,6007
89,,9360340,1,20260827,5126,1214,0,0,0,0,0,5447,1105,0,0,0,0,0,3,32.544601030326895,131.648426,,,,,,,,,,,,,269,red,6340,6552,12892
89,,9360350,1,20260827,4115,456,0,0,0,0,0,4126,462,0,0,0,0,0,1,31.69283102902137,131.379337,,,,,,,,,,,,,269,red,4571,4588,9159
89,,9360360,1,20260827,4195,504,0,0,0,0,0,3935,459,0,0,0,0,0,1,31.626655028918243,131.387644,,,,,,,,,,,,,269,red,4699,4394,9093
89,,9360380,1,20260827,2127,396,0,0,0,0,0,2138,384,0,0,0,0,0,1,31.48338302869418,131.081995,,,,,,,,,,,,,269,red,2523,2522,5045
89,,9360385,1,20260827,2791,639,0,0,0,0,0,2850,606,0,0,0,0,0,1,31.46605602866702,131.053459,,,,,,,,,,,,,269,red,3430,3456,6886
89,,9360390,1,20260827,2761,592,0,0,0,0,0,2887,541,0,0,0,0,0,1,31.445310028634466,130.99415,,,,,,,,,,,,,269,red,3353,3428,6781
89,,9360400,1,20260827,4100,1013,0,0,0,0,0,4300,940,0,0,0,0,0,1,31.466282028667365,130.90009,,,,,,,,,,,,,269,red,5113,5240,10353
89,,9360410,1,20260827,3336,907,0,0,0,0,0,3554,912,0,0,0,0,0,1,31.521020028753135,130.93081,,,,,,,,,,,,,269,red,4243,4466,8709
89,,9360420,1,20260827,3005,900,0,0,0,0,0,3407,867,0,0,0,0,0,1,31.615248748900434,130.9538662,,,,,,,,,,,,,269,red,3905,4274,8179
89,,9360430,1,20260827,3044,430,0,0,0,0,0,2863,397,0,0,0,0,0,1,32.749633030634584,130.866625,,,,,,,,,,,,,269,red,3474,3260,6734
89,,9360440,1,20260827,3314,426,0,0,0,0,0,3142,362,0,0,0,0,0,1,32.741409030622286,130.89194,,,,,,,,,,,,,269,red,3740,3504,7244
89,,9360443,1,20260827,2968,355,0,0,0,0,0,2734,287,0,0,0,0,0,1,32.73097603060669,130.938429,,,,,,,,,,,,,269,red,3323,3021,6344
89,,9360465,1,20260827,2821,539,0,0,0,0,0,2854,499,0,0,0,0,0,3,32.69277003054952,131.345815,,,,,,,,,,,,,269,red,3360,3353,6713
89,,9360467,1,20260827,2939,586,0,0,0,0,0,2960,582,0,0,0,0,0,3,32.67691003052576,131.36226,,,,,,,,,,,,,269,red,3525,3542,7067
89,,9360470,1,20260827,2996,513,0,0,0,0,0,3013,525,0,0,0,0,0,3,32.587591030391636,131.509484,,,,,,,,,,,,,269,red,3509,3538,7047
90,,10110010,1,20260827,9856,295,0,0,0,0,0,9721,312,0,0,0,0,0,3,26.525846020561954,127.924665,,,,,,,,,,,,,269,red,10151,10033,20184
90,,10110030,1,20260827,26991,747,0,0,0,0,0,27884,862,0,0,0,0,0,3,26.27496950463181,127.741287946701,,,,,,,,,,,,,269,red,27738,28746,56484
90,,10110040,1,20260827,6596,168,0,0,0,0,0,6084,156,0,0,0,0,0,3,26.47501802047749,127.955092,,,,,,,,,,,,,269,red,6764,6240,13004
90,,10110060,1,20260827,15247,1239,0,1,0,0,1,15192,746,0,1,0,0,1,3,26.28023651673024,127.81364321708601,,,,,,,,,,,,,269,red,16486,15938,32424
90,,10110070,1,20260827,13283,865,0,0,0,0,0,13239,648,0,0,0,0,0,3,26.200277295979053,127.66189455985999,,,,,,,,,,,,,269,red,14148,13887,28035
90,,10110090,1,20260827,20817,987,0,0,0,0,0,20927,926,0,0,0,0,0,3,26.1754430532393,127.706499695777,,,,,,,,,,,,,269,red,21804,21853,43657
81,02,1810010,1,20260827,5699,1739,0,,,,,11,20,0,,,,,3,41.996809040234545,140.63609,,,0,0,0,0,0,0,0,0,0,0,265,blue,7438,31,7469
81,02,1810020,1,20260827,3637,1115,0,,,,,4433,1142,0,,,,,3,42.079752040271956,140.596961,,,0,0,0,0,0,0,0,0,0,0,265,blue,4752,5575,10327
81,02,1810030,1,20260827,,,,,,,,,,,,,,,3,42.18194404031664,140.438889,,,1,0,0,0,0,1,1,0,0,0,265,blue,0,0,0
81,02,1810040,1,20260827,,,,,,,,,,,,,,,3,42.21583304033111,140.385,,,1,0,0,0,0,3,3,0,0,0,265,blue,0,0,0
81,02,1810050,1,20260827,1800,717,0,,,,,1943,817,0,,,,,3,42.29972204036625,140.271667,,,0,0,0,0,0,0,0,0,0,2,265,blue,2517,2760,5277
81,03,1810060,1,20260827,636,162,0,,,,,749,225,0,,,,,3,42.70250004052043,140.42222,,,0,0,0,0,0,0,0,0,0,0,265,blue,798,974,1772
81,03,1810070,1,20260827,1712,255,0,,,,,1604,396,0,,,,,3,42.805277040555936,140.52666,,,0,0,0,0,0,0,0,0,0,0,265,blue,1967,2000,3967
81,03,1810080,1,20260827,826,406,0,,,,,562,154,0,,,,,3,42.79952604055398,140.700552,,,0,0,0,0,0,0,0,0,0,149,265,blue,1232,716,1948
81,03,1810100,1,20260827,2691,916,0,,,,,3166,858,0,,,,,3,43.037777040630445,140.678611,,,0,0,0,0,0,0,0,0,0,0,265,blue,3607,4024,7631
81,03,1810110,1,20260827,5400,569,0,,,,,5930,698,0,,,,,3,43.20720804067966,140.975798,,,0,0,0,0,0,0,0,0,0,0,265,blue,5969,6628,12597
81,03,1810120,1,20260827,11173,1192,0,,,,,12863,1143,0,,,,,3,43.177556040671355,141.041001,,,0,0,0,0,0,0,0,0,0,0,265,blue,12365,14006,26371
81,02,1810130,1,20260827,8613,879,0,,,,,7568,757,0,,,,,3,41.88166704018098,140.720833,,,0,0,0,0,0,0,0,0,0,0,265,blue,9492,8325,17817
81,02,1810140,1,20260827,2673,430,0,,,,,5776,659,0,,,,,3,41.922053040199984,140.673037,,,0,0,0,0,0,0,0,0,0,0,265,blue,3103,6435,9538
81,01,1810160,1,20260827,1819,426,0,,,,,2506,404,0,,,,,3,43.575214040771755,141.936064,,,0,0,0,0,0,0,0,0,0,0,265,blue,2245,2910,5155
81,04,1810180,1,20260827,3731,657,0,,,,,5707,2266,0,,,,,3,43.75523899023857,142.273832256632,,,0,0,0,0,0,0,0,0,0,0,265,blue,4388,7973,12361
81,01,1810200,1,20260827,,,,,,,,,,,,,,,3,42.92800104059627,141.532244,,,1,0,0,0,0,2,2,0,0,3,265,blue,0,0,0
81,01,1810210,1,20260827,5703,1159,0,,,,,2831,737,0,,,,,3,42.86212604057491,141.599922,,,0,0,0,0,0,1,1,0,0,4,265,blue,6862,3568,10430
81,05,1810220,1,20260827,6572,1705,0,,,,,5981,1785,0,,,,,3,42.736385040532305,141.709144,,,0,0,0,0,0,5,5,0,0,1,265,blue,8277,7766,16043
81,05,1810240,1,20260827,4895,763,0,,,,,4978,739,0,,,,,3,42.44474904042452,141.159993,,,0,0,0,0,0,0,0,0,0,0,265,blue,5658,5717,11375
81,05,1810250,1,20260827,10151,474,0,,,,,9313,435,0,,,,,3,42.32896604037825,140.996368,,,0,0,0,0,0,0,0,0,0,0,265,blue,10625,9748,20373
81,02,1810260,1,20260827,959,310,0,,,,,983,280,0,,,,,3,42.59861104048294,140.461667,,,0,0,0,0,0,0,0,0,0,0,265,blue,1269,1263,2532
81,05,1810270,1,20260827,1177,630,0,,,,,1140,469,0,,,,,3,42.59319704048096,140.520753,,,0,0,0,0,0,0,0,0,0,3,265,blue,1807,1609,3416
81,05,1810280,1,20260827,1286,654,0,,,,,1206,477,0,,,,,3,42.59372804048115,140.535945,,,0,0,0,0,0,0,0,0,0,2,265,blue,1940,1683,3623
81,05,1810290,1,20260827,52,2,0,,,,,1032,204,0,,,,,3,42.56267604046962,140.742626,,,0,0,0,0,0,0,0,0,0,0,265,blue,54,1236,1290
81,01,1810310,1,20260827,,,,,,,,,,,,,,,3,43.57408404077149,141.983838,,,1,,,,,,,,,,265,blue,0,0,0
81,01,1810320,1,20260827,,,,,,,,,,,,,,,3,43.47080004074768,142.266721,,,1,,,,,,,,,,265,blue,0,0,0
81,04,1810350,1,20260827,810,276,0,,,,,863,241,0,,,,,3,43.197272411385796,142.57548514343702,,,0,0,0,0,0,0,0,0,0,82,265,blue,1086,1104,2190
81,07,1810360,1,20260827,358,125,0,,,,,389,152,0,,,,,3,43.15712704066555,142.786825,,,0,0,0,0,0,0,0,0,0,112,265,blue,483,541,1024
81,07,1810370,1,20260827,1283,499,0,,,,,1399,345,0,,,,,3,42.814306040558975,143.51125,,,0,0,0,0,0,0,0,0,0,0,265,blue,1782,1744,3526
81,07,1810380,1,20260827,,,,,,,,,,,,,,,3,42.82083104056116,143.71063,,,1,0,0,0,0,0,0,0,0,0,265,blue,0,0,0
81,06,1810390,1,20260827,,,,,,,,,,,,,,,3,42.86448904057567,143.874907,,,1,0,0,0,0,0,0,0,0,0,265,blue,0,0,0
81,06,1810400,1,20260827,,,,,,,,,,,,,,,3,43.00508004062045,144.254672,,,1,0,0,0,0,0,0,0,0,0,265,blue,0,0,0
81,06,1810410,1,20260827,,,,,,,,,,,,,,,3,43.0195510406249,144.257695,,,1,0,0,0,0,0,0,4,0,0,265,blue,0,0,0
81,06,1810420,1,20260827,8249,439,0,,,,,7792,321,0,,,,,3,43.00768404062126,144.364725,,,0,0,0,0,0,0,0,0,0,0,265,blue,8688,8113,16801
81,04,1810430,1,20260827,1118,307,0,,,,,1107,270,0,,,,,3,43.89533772001418,142.522262332469,,,0,0,0,0,0,0,0,0,0,0,265,blue,1425,1377,2802
81,08,1810460,1,20260827,2161,461,0,,,,,1970,444,0,,,,,3,43.88484504083343,144.001818,,,0,0,0,0,0,0,0,0,0,66,265,blue,2622,2414,5036
81,08,1810480,1,20260827,,,,,,,,,,,,,,,3,43.91366204083846,144.156572,,,1,0,0,0,0,0,0,0,0,32,265,blue,0,0,0
81,04,1810490,1,20260827,2603,708,0,,,,,2666,805,0,,,,,3,43.84734151228824,142.449476813803,,,0,0,0,0,0,0,0,0,0,4,265,blue,3311,3471,6782
81,04,1810500,1,20260827,1588,456,0,,,,,1510,478,0,,,,,3,44.091634905591874,142.391293207353,,,0,0,0,0,0,2,2,0,0,7,265,blue,2044,1988,4032
81,04,1810510,1,20260827,753,234,0,,,,,559,213,0,,,,,3,44.70483751674948,142.274019195489,,,0,0,0,0,0,18,18,0,0,29,265,blue,987,772,1759
81,04,1810520,1,20260827,7,3,0,,,,,13,5,0,,,,,3,44.72277804092767,142.249444,,,0,0,0,0,0,0,0,0,0,81,265,blue,10,18,28
81,09,1810530,1,20260827,527,258,0,,,,,484,253,0,,,,,3,44.89642004093388,141.953541,,,0,0,0,0,0,2,2,0,0,4,265,blue,785,737,1522
81,10,1810540,1,20260827,0,0,0,,,,,65,55,0,,,,,3,45.02095404093553,141.771843,,,0,0,0,0,0,0,0,0,0,0,265,blue,0,120,120
81,10,1810550,1,20260827,555,106,0,,,,,539,70,0,,,,,3,45.1450290409348,141.751626,,,0,0,0,0,0,1,1,0,0,10,265,blue,661,609,1270
81,10,1810560,1,20260827,,,,,,,,,,,,,,,3,45.22646604093306,141.745387,,,1,,,,,,,,,,265,blue,0,0,0
81,10,1810570,1,20260827,774,206,0,,,,,706,111,0,,,,,3,45.11301904093522,141.794418,,,0,0,0,0,0,0,0,0,0,0,265,blue,980,817,1797
81,06,1810580,1,20260827,6772,275,0,,,,,7645,270,0,,,,,3,42.9878210406151,144.393418,,,0,0,0,0,0,0,0,0,0,0,265,blue,7047,7915,14962
81,06,1810590,1,20260827,,,,,,,,,,,,,,,3,43.05774504063647,144.791279,,,1,0,0,0,0,3,3,0,0,0,265,blue,0,0,0
81,06,1810600,1,20260827,3104,620,0,,,,,3166,441,0,,,,,3,43.05804004063655,144.830749,,,0,0,0,0,0,3,3,0,0,0,265,blue,3724,3607,7331
81,06,1810610,1,20260827,,,,,,,,,,,,,,,3,43.282406040700124,145.50731400000004,,,1,0,0,0,0,0,0,0,0,0,265,blue,0,0,0
81,02,1810620,1,20260827,1233,356,0,,,,,1228,334,0,,,,,3,41.95083004021339,140.45583300000004,,,0,0,0,0,0,0,0,0,0,0,265,blue,1589,1562,3151
81,02,1810630,1,20260827,1572,153,0,,,,,1591,116,0,,,,,3,41.77072204012754,140.613139,,,0,0,0,0,0,0,0,0,0,0,265,blue,1725,1707,3432
81,02,1810640,1,20260827,,,,,,,,,,,,,,,3,41.666445040075686,140.434972,,,1,0,0,0,0,0,0,0,0,0,265,blue,0,0,0
81,02,1810650,1,20260827,2351,367,0,,,,,2488,228,0,,,,,3,41.624898040054596,140.429715,,,0,0,0,0,0,0,0,0,0,0,265,blue,2718,2716,5434
81,02,1810660,1,20260827,1026,175,0,,,,,970,195,0,,,,,3,41.49941703998935,140.249306,,,0,0,0,0,0,0,0,0,0,0,265,blue,1201,1165,2366
81,02,1810670,1,20260827,,,,,,,,,,,,,,,3,41.40202103993715,140.185625,,,1,0,0,0,0,0,0,0,0,0,265,blue,0,0,0
81,02,1810680,1,20260827,958,243,0,,,,,1096,166,0,,,,,3,41.43166703995318,140.128056,,,0,0,0,0,0,0,0,0,0,0,265,blue,1201,1262,2463
81,02,1810690,1,20260827,383,52,0,,,,,360,89,0,,,,,3,41.71166704009836,140.027778,,,0,0,0,0,0,0,0,0,0,0,265,blue,435,449,884
81,02,1810700,1,20260827,1709,309,0,,,,,1994,279,0,,,,,3,41.84777804016484,140.12472200000002,,,0,0,0,0,0,0,0,0,0,0,265,blue,2018,2273,4291
81,02,1810710,1,20260827,,,,,,,,,,,,,,,3,41.84277804016245,140.732222,,,1,0,0,0,0,0,0,0,0,0,265,blue,0,0,0
81,02,1810720,1,20260827,,,,,,,,,,,,,,,3,41.83613904015928,140.64875,,,1,0,0,0,0,0,0,0,0,0,265,blue,0,0,0
81,02,1810730,1,20260827,,,,,,,,,,,,,,,3,41.78055604013235,140.61055600000003,,,1,0,0,0,0,1,1,0,0,0,265,blue,0,0,0
81,03,1810750,1,20260827,2072,228,0,,,,,1929,101,0,,,,,3,43.2287050406856,140.73446400000003,,,0,0,0,0,0,0,0,0,0,0,265,blue,2300,2030,4330
81,03,1810760,1,20260827,1423,101,0,,,,,1171,129,0,,,,,3,43.280277040699566,140.6375,,,0,0,0,0,0,0,0,0,0,0,265,blue,1524,1300,2824
81,03,1810780,1,20260827,606,78,0,,,,,522,37,0,,,,,3,43.328914040712355,140.422613,,,0,0,0,0,0,0,0,0,0,0,265,blue,684,559,1243
81,03,1810790,1,20260827,249,23,0,,,,,254,21,0,,,,,3,43.19878704067732,140.346959,,,0,0,0,0,0,0,0,0,0,0,265,blue,272,275,547
81,03,1810800,1,20260827,1515,164,0,,,,,1418,212,0,,,,,3,43.04480504063257,140.505833,,,0,0,0,0,0,0,0,0,0,0,265,blue,1679,1630,3309
81,03,1810810,1,20260827,,,,,,,,,,,,,,,3,43.02277704062587,140.548333,,,1,,,,,,,,,,265,blue,0,0,0
81,03,1810820,1,20260827,3707,926,0,,,,,3625,791,0,,,,,3,42.99750304061811,140.538303,,,0,0,0,0,0,0,0,0,0,0,265,blue,4633,4416,9049
81,03,1810830,1,20260827,2842,613,0,,,,,2390,548,0,,,,,3,42.981000040613,140.511333,,,0,0,0,0,0,0,0,0,0,0,265,blue,3455,2938,6393
81,03,1810840,1,20260827,716,379,0,,,,,0,1,0,,,,,3,42.93163404059743,140.409415,,,0,0,0,0,0,0,0,0,0,0,265,blue,1095,1,1096
81,03,1810850,1,20260827,,,,,,,,,,,,,,,3,42.83094404056455,140.308974,,,1,0,0,0,0,0,0,0,0,0,265,blue,0,0,0
81,03,1810860,1,20260827,1,0,0,,,,,748,238,0,,,,,3,42.818297040560324,140.184051,,,0,0,0,0,0,0,0,0,0,0,265,blue,1,986,987
81,03,1810870,1,20260827,,,,,,,,,,,,,,,3,42.68444404051404,139.919444,,,1,0,0,0,0,0,0,0,0,0,265,blue,0,0,0
81,02,1810880,1,20260827,95,16,0,,,,,105,9,0,,,,,3,42.57583304047453,139.832222,,,0,0,0,0,0,0,0,0,0,0,265,blue,111,114,225
81,02,1810890,1,20260827,237,45,0,,,,,247,54,0,,,,,3,42.17250004031257,139.899444,,,0,0,0,0,0,0,0,0,0,0,265,blue,282,301,583
81,02,1810900,1,20260827,230,38,0,,,,,305,76,0,,,,,3,42.21750004033183,139.868333,,,0,0,0,0,0,0,0,0,0,0,265,blue,268,381,649
81,02,1810910,1,20260827,590,145,0,,,,,580,136,0,,,,,3,42.11918804028937,140.016837,,,0,0,0,0,0,0,0,0,0,0,265,blue,735,716,1451
81,02,1810920,1,20260827,1610,117,0,,,,,1416,218,0,,,,,3,41.97324904022374,140.139624,,,0,0,0,0,0,1,1,0,0,0,265,blue,1727,1634,3361
81,01,1810940,1,20260827,131,3,0,,,,,174,8,0,,,,,3,43.001256040619275,141.339621,,,1,0,0,0,0,1,1,0,0,1,265,blue,134,182,316
81,01,1810950,1,20260827,,,,,,,,,,,,,,,3,42.999192040618645,141.337588,,,1,0,0,0,0,1,1,0,0,0,265,blue,0,0,0
81,01,1810960,1,20260827,2512,314,0,,,,,2326,295,0,,,,,3,42.9536270406044,141.151206,,,0,0,0,0,0,1,1,0,0,18,265,blue,2826,2621,5447
81,01,1810970,1,20260827,,,,,,,,,,,,,,,3,42.883263040581824,141.139985,,,1,,,,,,,,,,265,blue,0,0,0
81,03,1810980,1,20260827,406,41,0,,,,,432,47,0,,,,,3,42.69444404051758,140.839722,,,0,0,0,0,0,0,0,0,0,133,265,blue,447,479,926
81,01,1811010,1,20260827,,,,,,,,,,,,,,,3,43.161847040666906,141.353771,,,1,0,0,0,0,1,1,0,0,43,265,blue,0,0,0
81,01,1811020,1,20260827,,,,,,,,,,,,,,,3,43.183375040672985,141.323859,,,1,0,0,0,0,1,1,0,0,2,265,blue,0,0,0
81,01,1811030,1,20260827,,,,,,,,,,,,,,,3,43.22320404068409,141.345058,,,1,0,0,0,0,1,1,0,0,0,265,blue,0,0,0
81,01,1811040,1,20260827,961,164,0,,,,,871,127,0,,,,,3,43.39904804073019,141.436259,,,0,0,0,0,0,1,1,0,0,4,265,blue,1125,998,2123
81,09,1811050,1,20260827,0,0,0,,,,,0,0,0,,,,,3,43.75429004080918,141.350733,,,1,0,0,0,0,1,1,0,0,7,265,blue,0,0,0
81,09,1811060,1,20260827,,,,,,,,,,,,,,,3,44.96648604093511,141.761931,,,1,0,0,0,0,2,2,0,0,5,265,blue,0,0,0
81,09,1811080,1,20260827,,,,,,,,,,,,,,,3,44.80492204093118,141.785854,,,1,0,0,0,0,1,1,0,0,0,265,blue,0,0,0
81,09,1811090,1,20260827,,,,,,,,,,,,,,,3,44.64226604092325,141.79398,,,1,0,0,0,0,1,1,0,0,0,265,blue,0,0,0
81,09,1811110,1,20260827,,,,,,,,,,,,,,,3,44.37405804090138,141.71125400000003,,,1,0,0,0,0,2,2,0,0,14,265,blue,0,0,0
81,09,1811120,1,20260827,633,166,0,,,,,1526,384,0,,,,,3,44.255796040888285,141.656338,,,0,0,0,0,0,2,2,3,0,4,265,blue,799,1910,2709
81,09,1811130,1,20260827,1348,500,0,,,,,1491,392,0,,,,,3,44.07063104086351,141.663029,,,0,0,0,0,0,1,1,0,0,5,265,blue,1848,1883,3731
81,09,1811150,1,20260827,1625,454,0,,,,,1673,514,0,,,,,3,43.94678404084405,141.651833,,,0,0,0,0,0,1,1,0,0,17,265,blue,2079,2187,4266
81,09,1811160,1,20260827,,,,,,,,,,,,,,,3,43.832161040823955,141.829941,,,1,0,0,0,0,1,1,0,0,8,265,blue,0,0,0
81,09,1811170,1,20260827,,,,,,,,,,,,,,,3,43.849231040827085,141.814442,,,1,0,0,0,0,1,1,0,0,1,265,blue,0,0,0
81,09,1811180,1,20260827,284,80,0,,,,,324,123,0,,,,,3,43.874433040831605,141.738524,,,0,0,0,0,0,1,1,0,0,5,265,blue,364,447,811
81,09,1811190,1,20260827,,,,,,,,,,,,,,,3,43.91902504083936,141.685028,,,1,0,0,0,0,1,1,0,0,2,265,blue,0,0,0
81,09,1811200,1,20260827,1515,415,0,,,,,1305,408,0,,,,,3,43.887433040833905,141.711544,,,0,0,0,0,0,1,1,0,0,3,265,blue,1930,1713,3643
81,01,1811210,1,20260827,,,,,,,,,,,,,,,3,43.19164404067532,141.764248,,,1,,,,,,,,,,265,blue,0,0,0
81,01,1811220,1,20260827,,,,,,,,,,,,,,,3,42.898883040586895,141.813884,,,1,0,0,0,0,1,1,0,0,44,265,blue,0,0,0
81,05,1811230,1,20260827,1539,814,0,,,,,1328,1020,0,,,,,3,42.885113040582425,141.812065,,,0,0,0,0,0,0,0,0,0,0,265,blue,2353,2348,4701
81,05,1811240,1,20260827,1053,423,0,,,,,1183,666,0,,,,,3,42.76319504054159,141.812586,,,0,0,0,0,0,6,6,0,0,1,265,blue,1476,1849,3325
81,05,1811250,1,20260827,,,,,,,,,,,,,,,3,42.55317704046606,141.981715,,,1,0,0,0,0,3,3,0,0,107,265,blue,0,0,0
81,05,1811260,1,20260827,4843,558,0,,,,,4871,423,0,,,,,3,42.16916704031112,142.768611,,,0,0,0,0,0,0,0,0,0,2,265,blue,5401,5294,10695
81,05,1811270,1,20260827,2473,459,0,,,,,2334,419,0,,,,,3,42.50615204044825,142.070834,,,0,0,0,0,0,2,2,0,0,1,265,blue,2932,2753,5685
81,07,1811280,1,20260827,884,172,0,,,,,187,48,0,,,,,3,42.58422604047764,143.30053,,,0,0,0,0,0,0,0,0,0,0,265,blue,1056,235,1291
81,07,1811290,1,20260827,119,51,0,,,,,116,45,0,,,,,3,42.3768230403976,143.061454,,,0,0,0,0,0,75,75,0,0,1,265,blue,170,161,331
81,04,1811320,1,20260827,4336,745,0,,,,,4016,732,0,,,,,3,43.60527804077837,142.469167,,,0,0,0,0,0,0,0,0,0,3,265,blue,5081,4748,9829
81,04,1811330,1,20260827,2831,593,0,,,,,2919,564,0,,,,,3,43.560996966472565,142.4353437615,,,0,0,0,0,0,0,0,0,0,21,265,blue,3424,3483,6907
81,08,1811370,1,20260827,289,68,0,,,,,70,34,0,,,,,3,44.09975304086775,143.867897,,,0,0,0,0,0,0,0,0,0,164,265,blue,357,104,461
81,08,1811380,1,20260827,619,214,0,,,,,569,194,0,,,,,3,44.12070404087072,143.72058,,,0,0,0,0,0,0,0,0,0,107,265,blue,833,763,1596
81,08,1811390,1,20260827,2551,469,0,,,,,2487,416,0,,,,,3,44.364948040900465,143.334896,,,0,0,0,0,0,0,0,0,0,0,265,blue,3020,2903,5923
81,10,1811400,1,20260827,454,93,0,,,,,390,100,0,,,,,3,44.77764204093013,142.721902,,,0,0,0,0,0,0,0,0,0,11,265,blue,547,490,1037
81,10,1811410,1,20260827,517,269,0,,,,,495,259,0,,,,,3,45.361691040927944,142.122166,,,0,0,0,0,0,0,0,0,0,0,265,blue,786,754,1540
81,10,1811420,1,20260827,0,0,0,,,,,1309,165,0,,,,,3,45.43710504092389,141.862347,,,0,0,0,0,0,1,1,0,0,60,265,blue,0,1474,1474
81,08,1811430,1,20260827,,,,,,,,,,,,,,,3,44.40500204090447,143.017708,,,1,0,0,0,0,2,2,0,0,0,265,blue,0,0,0
81,04,1811440,1,20260827,210,73,0,,,,,208,71,0,,,,,3,44.31599186248862,142.78318613417,,,0,0,0,0,0,2,2,0,0,62,265,blue,283,279,562
81,04,1811450,1,20260827,444,164,0,,,,,360,198,0,,,,,3,44.18218514890566,142.3067879962,,,0,0,0,0,0,2,2,0,0,13,265,blue,608,558,1166
81,09,1811460,1,20260827,,,,,,,,,,,,,,,3,44.20144804088155,142.034387,,,1,0,0,0,0,2,2,7,0,6,265,blue,0,0,0
81,06,1811490,1,20260827,,,,,,,,,,,,,,,3,43.28312104070033,144.106479,,,1,0,0,0,0,0,0,0,0,0,265,blue,0,0,0
81,06,1811500,1,20260827,332,252,0,,,,,317,275,0,,,,,3,43.45847504074473,144.008366,,,0,0,0,0,0,0,0,0,0,0,265,blue,584,592,1176
81,08,1811520,1,20260827,2275,275,0,,,,,2219,338,0,,,,,3,44.16231304087643,143.57881,,,0,0,0,0,0,0,0,0,0,0,265,blue,2550,2557,5107
81,08,1811530,1,20260827,2448,459,0,,,,,2314,352,0,,,,,3,44.13401504087257,143.561357,,,0,0,0,0,0,0,0,0,0,0,265,blue,2907,2666,5573
81,08,1811540,1,20260827,,,,,,,,,,,,,,,3,43.81153304082013,143.553741,,,1,0,0,0,0,0,0,0,0,36,265,blue,0,0,0
81,07,1811550,1,20260827,55,60,0,,,,,59,49,0,,,,,3,43.614803040780444,143.623559,,,0,0,0,0,0,0,0,0,0,0,265,blue,115,108,223
81,07,1811560,1,20260827,1534,342,0,,,,,1502,430,0,,,,,3,42.950446040603396,143.426823,,,0,0,0,0,0,0,0,0,0,0,265,blue,1876,1932,3808
81,07,1811570,1,20260827,259,32,0,,,,,4211,502,0,,,,,3,42.91920004059345,143.382799,,,0,0,0,0,0,0,0,0,0,0,265,blue,291,4713,5004
81,06,1811580,1,20260827,5,6,0,,,,,421,118,0,,,,,3,43.65168204078832,144.260814,,,0,0,0,0,0,0,0,0,0,0,265,blue,11,539,550
81,06,1811590,1,20260827,641,119,0,,,,,560,155,0,,,,,3,43.48222204075039,144.542778,,,0,0,0,0,0,0,0,0,0,0,265,blue,760,715,1475
81,06,1811600,1,20260827,449,105,0,,,,,494,120,0,,,,,3,43.415912040734376,144.740463,,,0,0,0,0,0,0,0,0,0,0,265,blue,554,614,1168
81,08,1811610,1,20260827,2377,390,0,,,,,2401,296,0,,,,,3,43.96614504084723,144.326697,,,0,0,0,0,0,0,0,0,0,0,265,blue,2767,2697,5464
81,08,1811620,1,20260827,1076,201,0,,,,,1186,179,0,,,,,3,43.91012304083783,144.542023,,,0,0,0,0,0,0,0,0,0,0,265,blue,1277,1365,2642
81,08,1811630,1,20260827,,,,,,,,,,,,,,,3,43.888827040834144,144.736391,,,1,0,0,0,0,0,0,0,0,85,265,blue,0,0,0
81,06,1811640,1,20260827,197,69,0,,,,,205,58,0,,,,,3,43.73179504080475,144.960789,,,0,0,0,0,0,0,0,0,0,0,265,blue,266,263,529
81,06,1811650,1,20260827,191,28,0,,,,,182,33,0,,,,,3,43.69435704079721,145.112266,,,0,0,0,0,0,0,0,0,0,0,265,blue,219,215,434
81,06,1811660,1,20260827,,,,,,,,,,,,,,,3,43.37687304072465,145.283748,,,1,0,0,0,0,3,3,0,0,0,265,blue,0,0,0
81,06,1811670,1,20260827,1215,417,0,,,,,1018,398,0,,,,,3,43.225599040684756,144.69552000000002,,,0,0,0,0,0,2,2,0,0,1,265,blue,1632,1416,3048
81,06,1811680,1,20260827,1028,303,0,,,,,896,307,0,,,,,3,43.384169040726476,144.866826,,,0,0,0,0,0,0,0,0,0,0,265,blue,1331,1203,2534
81,06,1811690,1,20260827,,,,,,,,,,,,,,,3,43.60985404077937,145.077277,,,1,0,0,0,0,0,0,0,0,0,265,blue,0,0,0
81,07,1811700,1,20260827,369,67,0,,,,,391,83,0,,,,,3,43.353586040718724,143.261308,,,0,0,0,0,0,0,0,0,0,0,265,blue,436,474,910
81,07,1811710,1,20260827,218,91,0,,,,,188,50,0,,,,,3,43.571286040770886,143.120781,,,0,0,0,0,0,0,0,0,0,1,265,blue,309,238,547
81,04,1811730,1,20260827,230,86,0,,,,,160,65,0,,,,,3,43.909246029716684,142.97348513542,,,0,0,0,0,0,3,3,0,0,7,265,blue,316,225,541
81,04,1811740,1,20260827,161,71,0,,,,,116,71,0,,,,,3,43.9388162846136,142.945802727953,,,0,0,0,0,0,3,3,0,0,69,265,blue,232,187,419
81,01,1811750,1,20260827,2694,1347,0,,,,,2691,1187,0,,,,,3,42.98946404061562,141.609539,,,0,0,0,0,0,1,1,0,0,1,265,blue,4041,3878,7919
81,01,1811760,1,20260827,1168,532,0,,,,,1066,483,0,,,,,3,42.94269504060095,141.76061,,,0,0,0,0,0,1,1,0,0,5,265,blue,1700,1549,3249
81,01,1811770,1,20260827,841,526,0,,,,,758,479,0,,,,,3,42.950353040603375,141.802672,,,0,0,0,0,0,1,1,0,0,1,265,blue,1367,1237,2604
81,01,1811780,1,20260827,,,,,,,,,,,,,,,3,42.91325204059154,141.966963,,,1,0,0,0,0,1,1,0,0,1,265,blue,0,0,0
81,01,1811790,1,20260827,,,,,,,,,,,,,,,3,42.92852504059643,142.063994,,,1,0,0,0,0,1,1,0,0,0,265,blue,0,0,0
81,05,1811800,1,20260827,223,331,0,,,,,748,1091,0,,,,,3,42.9641030406077,142.63981100000004,,,0,0,0,0,0,0,0,0,0,0,265,blue,554,1839,2393
81,01,1811810,1,20260827,2653,886,0,,,,,2299,622,0,,,,,3,43.18243804067272,141.523454,,,0,0,0,0,0,1,1,0,0,53,265,blue,3539,2921,6460
81,01,1811830,1,20260827,904,324,0,,,,,936,270,0,,,,,3,43.54600104076516,141.884426,,,0,0,0,0,0,1,1,0,0,0,265,blue,1228,1206,2434
81,01,1811840,1,20260827,603,158,0,,,,,629,149,0,,,,,3,43.71586004080156,141.885874,,,0,0,0,0,0,1,1,0,0,16,265,blue,761,778,1539
81,01,1811850,1,20260827,175,57,0,,,,,228,44,0,,,,,3,43.76892104081203,141.884179,,,0,0,0,0,0,1,1,0,0,20,265,blue,232,272,504
81,01,1811860,1,20260827,289,55,0,,,,,298,52,0,,,,,3,43.80589304081908,141.905599,,,0,0,0,0,0,1,1,0,0,1,265,blue,344,350,694
81,01,1811870,1,20260827,148,46,0,,,,,133,73,0,,,,,3,43.917356040839074,142.125632,,,0,0,0,0,0,1,1,0,0,14,265,blue,194,206,400
81,04,1811880,1,20260827,228,80,0,,,,,187,57,0,,,,,3,44.74113379582216,142.253439072174,,,0,0,0,0,0,0,0,0,0,89,265,blue,308,244,552
81,10,1811890,1,20260827,304,102,0,,,,,246,81,0,,,,,3,44.820303040931734,142.284138,,,0,0,0,0,0,0,0,0,0,0,265,blue,406,327,733
81,10,1811900,1,20260827,256,41,0,,,,,207,46,0,,,,,3,45.044884040935564,142.315271,,,0,0,0,0,0,0,0,0,0,86,265,blue,297,253,550
81,10,1811910,1,20260827,295,50,0,,,,,265,61,0,,,,,3,45.10820204093526,142.363773,,,0,0,0,0,0,0,0,0,0,132,265,blue,345,326,671
81,03,1811920,1,20260827,,,,,,,,,,,,,,,3,42.98635304061466,140.606197,,,1,0,0,0,0,0,0,0,0,0,265,blue,0,0,0
81,03,1811930,1,20260827,583,210,0,,,,,541,148,0,,,,,3,42.88083304058103,140.878055,,,0,0,0,0,0,0,0,0,0,138,265,blue,793,689,1482
81,03,1811940,1,20260827,635,384,0,,,,,612,347,0,,,,,3,42.80440904055563,140.891961,,,0,0,0,0,0,0,0,0,0,51,265,blue,1019,959,1978
81,03,1811950,1,20260827,369,201,0,,,,,307,175,0,,,,,3,42.75773904053971,141.013347,,,0,0,0,0,0,0,0,0,0,85,265,blue,570,482,1052
81,01,1811980,1,20260827,,,,,,,,,,,,,,,3,42.71955604052643,141.252074,,,1,0,0,0,0,1,1,0,0,11,265,blue,0,0,0
81,01,1811990,1,20260827,912,395,0,,,,,444,252,0,,,,,3,42.74221004053433,141.402953,,,0,0,0,0,0,1,1,0,0,2,265,blue,1307,696,2003
81,02,1812000,1,20260827,184,21,0,,,,,198,25,0,,,,,3,42.1695560403113,140.052167,,,0,0,0,0,0,0,0,0,0,0,265,blue,205,223,428
81,02,1812010,1,20260827,2212,220,0,,,,,2247,308,0,,,,,3,41.76194404012323,140.856944,,,0,0,0,0,0,0,0,0,0,1,265,blue,2432,2555,4987
81,02,1812020,1,20260827,,,,,,,,,,,,,,,3,41.714722040099886,140.9975,,,1,0,0,0,0,2,2,0,0,0,265,blue,0,0,0
81,02,1812030,1,20260827,165,31,0,,,,,187,31,0,,,,,3,41.87888904017965,141.092222,,,0,0,0,0,0,2,2,0,0,0,265,blue,196,218,414
81,02,1812040,1,20260827,615,153,0,,,,,652,78,0,,,,,3,41.9566670402161,140.928611,,,0,0,0,0,0,0,0,0,0,1,265,blue,768,730,1498
81,02,1812050,1,20260827,405,111,0,,,,,504,72,0,,,,,3,42.013056040241956,140.853611,,,0,0,0,0,0,2,2,0,0,0,265,blue,516,576,1092
81,02,1812060,1,20260827,511,114,0,,,,,610,51,0,,,,,3,42.042500040255284,140.813056,,,0,0,0,0,0,2,2,0,0,0,265,blue,625,661,1286
81,02,1812070,1,20260827,753,236,0,,,,,679,271,0,,,,,3,42.12805604029326,140.711389,,,0,0,0,0,0,0,0,0,0,0,265,blue,989,950,1939
81,02,1812080,1,20260827,1837,235,0,,,,,1749,212,0,,,,,3,42.118611040289125,140.632778,,,0,0,0,0,0,0,0,0,0,0,265,blue,2072,1961,4033
81,06,1812090,1,20260827,15,6,0,,,,,1180,181,0,,,,,3,43.89994004083609,145.099582,,,0,0,0,0,0,0,0,0,0,0,265,blue,21,1361,1382
81,05,1812130,1,20260827,342,61,0,,,,,317,77,0,,,,,3,42.02778604024864,143.231184,,,0,0,0,0,0,0,0,0,0,2,265,blue,403,394,797
81,07,1812150,1,20260827,,,,,,,,,,,,,,,3,42.16205004030805,143.324722,,,1,0,0,0,0,0,0,0,0,0,265,blue,0,0,0
81,07,1812160,1,20260827,800,94,0,,,,,770,205,0,,,,,3,42.28181504035883,143.31818,,,0,0,0,0,0,0,0,0,0,0,265,blue,894,975,1869
81,07,1812170,1,20260827,1043,206,0,,,,,1018,210,0,,,,,3,42.31167504037117,143.321422,,,0,0,0,0,0,76,76,0,0,2,265,blue,1249,1228,2477
81,07,1812180,1,20260827,171,76,0,,,,,166,82,0,,,,,3,42.68446104051403,143.603341,,,0,0,0,0,0,0,0,0,0,0,265,blue,247,248,495
81,07,1812190,1,20260827,236,95,0,,,,,225,89,0,,,,,3,42.69525004051786,143.616062,,,0,0,0,0,0,0,0,0,0,0,265,blue,331,314,645
81,07,1812200,1,20260827,168,80,0,,,,,193,79,0,,,,,3,42.74125304053399,143.631419,,,0,0,0,0,0,0,0,0,0,0,265,blue,248,272,520
81,01,1812210,1,20260827,333,43,0,,,,,340,45,0,,,,,3,42.85600604057288,141.704289,,,0,0,0,0,0,1,1,0,0,44,265,blue,376,385,761
81,01,1812220,1,20260827,,,,,,,,,,,,,,,3,42.969962040609545,141.672998,,,1,0,0,0,0,1,1,0,0,2,265,blue,0,0,0
81,01,1812230,1,20260827,,,,,,,,,,,,,,,3,43.02096904062534,141.663755,,,1,0,0,0,0,1,1,0,0,1,265,blue,0,0,0
81,03,1812240,1,20260827,6266,2072,0,,,,,6151,1937,0,,,,,3,43.14450004066195,141.187805,,,0,0,0,0,0,0,0,0,0,0,265,blue,8338,8088,16426
81,06,1812250,1,20260827,367,113,0,,,,,312,98,0,,,,,3,43.68733204079576,144.466438,,,0,0,0,0,0,0,0,0,0,0,265,blue,480,410,890
81,03,1812260,1,20260827,1089,234,0,,,,,889,171,0,,,,,3,42.99111104061613,140.875833,,,0,0,0,0,0,1,1,0,0,0,265,blue,1323,1060,2383
81,04,1812290,1,20260827,2008,564,0,,,,,1540,497,0,,,,,3,43.85258742603739,142.702731203374,,,0,0,0,0,0,4,4,0,0,12,265,blue,2572,2037,4609
81,01,1812300,1,20260827,0,0,0,,,,,466,57,0,,,,,3,43.578650040772516,141.414894,,,0,0,0,0,0,1,1,0,0,0,265,blue,0,523,523
81,01,1812310,1,20260827,68,4,0,,,,,122,4,0,,,,,3,43.548241040765674,141.621516,,,0,0,0,0,0,0,0,0,0,5,265,blue,72,126,198
81,01,1812320,1,20260827,72,6,0,,,,,133,10,0,,,,,3,43.542762040764444,141.638006,,,0,0,0,0,0,0,0,0,0,0,265,blue,78,143,221
81,01,1812330,1,20260827,1980,130,0,,,,,2208,110,0,,,,,3,43.55901004076813,141.903362,,,0,0,0,0,0,1,1,0,0,41,265,blue,2110,2318,4428
81,01,1812340,1,20260827,512,63,0,,,,,457,30,0,,,,,3,42.995832040617586,142.00991,,,0,0,0,0,0,1,1,0,0,0,265,blue,575,487,1062
81,01,1812350,1,20260827,7339,416,0,,,,,7655,438,0,,,,,3,42.979904040612645,141.346302,,,0,0,0,0,0,1,1,0,0,4,265,blue,7755,8093,15848
81,01,1812370,1,20260827,548,37,0,,,,,574,42,0,,,,,3,42.83639604056636,141.300884,,,0,0,0,0,0,1,1,0,0,6,265,blue,585,616,1201
81,01,1812380,1,20260827,821,34,0,,,,,802,33,0,,,,,3,42.80255304055502,141.327921,,,0,0,0,0,0,1,1,0,0,2,265,blue,855,835,1690
82,,2810180,1,20260827,800,241,0,,,,,261,278,0,,,,,3,38.89166803813703,141.115835,,,1,,,,0,,,,,,269,blue,1041,539,1580
82,,2810190,1,20260827,473,162,0,,,,,455,307,0,,,,,3,39.03166703825964,141.1175,,,1,,,,0,,,,,,269,blue,635,762,1397
82,,2810200,1,20260827,268,35,0,,,,,762,259,0,,,,,3,39.0450020382712,141.129544,,,1,,,,0,,,,,,269,blue,303,1021,1324
82,,2810220,1,20260827,9619,1779,0,,,,,9502,1493,0,,,,,3,39.29444503848296,141.105556,,,0,,,,0,,,,,,269,blue,11398,10995,22393
82,,2810230,1,20260827,0,0,0,,,,,0,0,0,,,,,3,39.344446038524424,141.106946,,,1,,,,0,,,,,,269,blue,0,0,0
82,,2810240,1,20260827,404,214,0,,,,,498,257,0,,,,,3,39.651946038772245,141.164724,,,1,,,,0,,,,,,269,blue,618,755,1373
82,,2810250,1,20260827,271,87,0,,,,,353,174,0,,,,,3,39.888889038954595,141.19528,,,1,,,,0,,,,,,269,blue,358,527,885
82,,2810270,1,20260827,18,5,0,,,,,0,0,0,,,,,3,40.27277803923393,141.293058,,,1,,,,0,,,,,,269,blue,23,0,23
82,,2810280,1,20260827,1288,506,0,,,,,1374,548,0,,,,,3,40.41445803933193,141.298913,,,1,,,,0,,,,,,269,blue,1794,1922,3716
82,,2810290,1,20260827,4088,806,0,,,,,4241,752,0,,,,,3,40.718083039532594,141.156692,,,0,,,,0,,,,,,269,blue,4894,4993,9887
82,,2810300,1,20260827,2107,704,0,,,,,2222,633,0,,,,,3,40.907508039651255,141.061111,,,1,,,,0,,,,,,269,blue,2811,2855,5666
82,,2810310,1,20260827,3897,1128,0,,,,,3932,928,0,,,,,3,40.8547220396187,140.839178,,,0,,,,0,,,,,,269,blue,5025,4860,9885
82,,2810400,1,20260827,534,162,0,,,,,436,64,0,,,,,3,39.26847903846129,139.923131,,,1,,,,0,,,,,,269,blue,696,500,1196
82,,2810430,1,20260827,474,140,0,,,,,603,174,0,,,,,3,39.976642039020206,140.07770900000003,,,1,,,,0,,,,,,269,blue,614,777,1391
82,,2810450,1,20260827,,,,,,,,,,,,,,,3,40.278639039238044,140.449111,,,1,,,,0,,,,,,269,blue,0,0,0
82,,2810460,1,20260827,649,319,0,,,,,370,150,0,,,,,3,40.275306039235716,140.516861,,,1,,,,0,,,,,,269,blue,968,520,1488
82,,2810470,1,20260827,2250,886,0,,,,,1946,919,0,,,,,3,40.317917039265446,140.578139,,,0,,,,0,,,,,,269,blue,3136,2865,6001
82,,2810480,1,20260827,868,223,0,,,,,999,306,0,,,,,3,40.577502039441285,140.518889,,,1,,,,0,,,,,,269,blue,1091,1305,2396
82,,2810490,1,20260827,1667,279,0,,,,,1695,293,0,,,,,3,40.711137039528154,140.580013,,,1,,,,0,,,,,,269,blue,1946,1988,3934
82,,2810580,1,20260827,6346,1409,0,,,,,6219,1166,0,,,,,3,39.260555038454655,140.543611,,,0,,,,0,,,,,,269,blue,7755,7385,15140
82,,2810590,1,20260827,4577,1510,0,,,,,5418,901,0,,,,,3,39.44138803860391,140.505,,,0,,,,0,,,,,,269,blue,6087,6319,12406
82,,2810600,1,20260827,824,230,0,,,,,830,189,0,,,,,3,39.51138803866052,140.380833,,,0,,,,0,,,,,,269,blue,1054,1019,2073
82,,2810610,1,20260827,2930,831,0,,,,,3019,876,0,,,,,3,39.63750003876089,140.300833,,,0,,,,0,,,,,,269,blue,3761,3895,7656
82,,2810620,1,20260827,9386,1821,0,,,,,8578,2002,0,,,,,3,39.67388903878944,140.152222,,,0,,,,0,,,,,,269,blue,11207,10580,21787
82,,2810630,1,20260827,2650,463,0,,,,,3277,652,0,,,,,3,39.69425003880535,140.122194,,,1,,,,0,,,,,,269,blue,3113,3929,7042
82,,2810960,1,20260827,204,28,0,,,,,23,3,0,,,,,3,40.26398203922775,141.40187,,,1,,,,0,,,,,,269,blue,232,26,258
82,,2810970,1,20260827,190,17,0,,,,,166,25,0,,,,,3,40.4453010393529,141.638612,,,1,,,,0,,,,,,269,blue,207,191,398
82,,2810980,1,20260827,0,0,0,,,,,27,11,0,,,,,3,40.30396403925574,141.3059,,,1,,,,0,,,,,,269,blue,0,38,38
82,,2810990,1,20260827,3764,881,0,,,,,3233,763,0,,,,,3,40.60361303945845,141.404748,,,0,,,,0,,,,,,269,blue,4645,3996,8641
82,,2811030,1,20260827,1083,360,0,,,,,1115,418,0,,,,,3,39.608922038738314,140.57135,,,0,,,,0,,,,,,269,blue,1443,1533,2976
83,,3810010,1,20260827,,,,,,,,,,,,,,,3,35.23222203411103,139.112514,,,1,,,,,,,,,,269,blue,0,0,0
83,,3810040,1,20260827,14439,964,0,,,,,1565,106,0,,,,,3,35.26450803415279,139.182925,,,0,0,0,0,0,1,0,0,1,0,269,blue,15403,1671,17074
83,,3810050,1,20260827,19730,3151,0,,,,,,,,,,,,3,35.71158901450833,139.777491746321,,,0,0,0,0,0,0,0,0,0,0,269,blue,22881,0,22881
83,,3810060,1,20260827,13892,2748,0,,,,,10591,2054,0,,,,,3,35.725261072361086,139.78833095668,,,0,0,0,0,0,0,0,0,0,0,269,blue,16640,12645,29285
83,,3810061,1,20260827,14180,2985,0,,,,,11107,2389,0,,,,,3,35.72724220226666,139.789181219765,,,0,0,0,0,0,0,0,0,0,0,269,blue,17165,13496,30661
83,,3810070,1,20260827,13712,3283,0,,,,,7623,1387,0,,,,,3,35.735055772282294,139.795343463609,,,0,0,0,0,0,0,0,0,0,0,269,blue,16995,9010,26005
83,,3810080,1,20260827,1,0,0,,,,,15320,3006,0,,,,,3,35.73896290498206,139.797270681572,,,0,0,0,0,0,0,0,0,0,0,269,blue,1,18326,18327
83,,3810100,1,20260827,3354,214,0,,,,,4465,292,0,,,,,3,36.53972203571964,139.883611,,,0,0,0,0,0,1,0,0,0,0,269,blue,3568,4757,8325
83,,3810110,1,20260827,7386,1858,0,,,,,8169,2024,0,,,,,3,36.91694403615054,139.999722,,,0,0,0,0,0,1,0,0,0,0,269,blue,9244,10193,19437
83,,3810140,1,20260827,7556,5363,0,,,,,6824,4387,0,,,,,3,35.9900520350645,139.793529,,,0,0,0,0,0,0,0,0,0,0,269,blue,12919,11211,24130
83,,3810151,1,20260827,4648,5651,0,,,,,6284,6288,0,,,,,3,36.07984803517367,139.770041,,,0,0,0,0,0,0,0,0,0,0,269,blue,10299,12572,22871
83,,3810160,1,20260827,8328,5254,0,,,,,10349,7830,0,,,,,3,36.167500035279446,139.779444,,,0,0,0,0,0,1,0,0,0,0,269,blue,13582,18179,31761
83,,3810180,1,20260827,5453,3618,0,,,,,14670,6899,0,,,,,3,36.296506035433666,139.841547,,,0,0,0,0,0,0,0,0,0,0,269,blue,9071,21569,30640
83,,3810200,1,20260827,529,157,0,,,,,24118,7449,0,,,,,3,36.57174703575683,139.941692,,,0,0,0,0,0,0,0,0,0,0,269,blue,686,31567,32253
83,,3810210,1,20260827,18379,1188,0,,,,,5,1,0,,,,,3,35.694558518577544,139.78420024258003,,,0,0,0,0,0,0,0,0,0,0,269,blue,19567,6,19573
83,,3810220,1,20260827,12158,2721,0,,,,,7722,1224,0,,,,,3,35.73416286894769,139.831977693081,,,0,0,0,0,0,0,64,0,0,0,269,blue,14879,8946,23825
83,,3810230,1,20260827,4074,224,0,,,,,3705,696,0,,,,,3,35.735319871891136,139.833592336398,,,0,0,0,0,0,1,101,0,0,0,269,blue,4298,4401,8699
83,,3810260,1,20260827,,,,,,,,,,,,,,,3,35.83796603487771,139.939917,,,1,,,,,,,,,,269,blue,0,0,0
83,,3810280,1,20260827,,,,,,,,,,,,,,,3,35.895306034948405,140.059167,,,1,0,0,0,0,0,0,0,0,0,269,blue,0,0,0
83,,3810290,1,20260827,11764,2948,0,,,,,6247,1821,0,,,,,3,36.06811403515946,140.179269,,,0,0,0,0,0,0,0,0,0,0,269,blue,14712,8068,22780
83,,3810300,1,20260827,8325,2467,0,,,,,11585,1764,0,,,,,3,36.078239035171734,140.177747,,,0,0,0,0,0,0,0,0,0,0,269,blue,10792,13349,24141
83,,3810320,1,20260827,3294,541,0,,,,,10557,3733,0,,,,,3,36.378875035531216,140.500661,,,0,0,0,0,0,0,0,0,0,0,269,blue,3835,14290,18125
83,,3810330,1,20260827,2609,612,0,,,,,15239,1696,0,,,,,3,36.655972035854084,140.701006,,,0,0,0,0,0,0,0,0,0,0,269,blue,3221,16935,20156
83,,3810340,1,20260827,5461,1129,0,,,,,0,0,0,,,,,3,36.794736036012644,140.752922,,,0,0,0,0,0,0,0,0,0,0,269,blue,6590,0,6590
83,,3810350,1,20260827,14681,3501,0,,,,,1,0,0,,,,,3,35.92645303498668,140.111775,,,0,0,0,0,0,0,0,0,0,0,269,blue,18182,1,18183
83,,3810360,1,20260827,,,,,,,,,,,,,,,3,35.694040942069805,139.789910543304,,,1,0,0,0,0,0,0,0,0,0,269,blue,0,0,0
83,,3810370,1,20260827,,,,,,,,,,,,,,,3,35.702867388707524,139.866257828687,,,1,0,0,0,0,0,0,0,0,0,269,blue,0,0,0
83,,3810380,1,20260827,,,,,,,,,,,,,,,3,35.628891034617155,140.088076,,,1,,,,,,,,,,269,blue,0,0,0
83,,3810390,1,20260827,,,,,,,,,,,,,,,3,35.62349099143046,139.737976826575,,,1,,,,,,,,,,269,blue,0,0,0
83,,3810400,1,20260827,4627,337,0,,,,,5900,257,0,,,,,3,35.263900034152,139.698397,,,0,0,0,0,0,0,1,0,1,0,269,blue,4964,6157,11121
83,,3810410,1,20260827,7320,1422,0,,,,,7503,1521,0,,,,,3,35.62304903460981,139.340292,,,0,0,0,0,0,0,0,0,0,0,269,blue,8742,9024,17766
83,,3810420,1,20260827,10074,1368,0,,,,,10345,1749,0,,,,,3,35.67571003467587,139.331954,,,0,0,0,0,0,0,0,0,0,0,269,blue,11442,12094,23536
83,,3810431,1,20260827,8937,4801,0,,,,,9955,4972,0,,,,,3,35.77594403480087,139.336731,,,0,0,0,0,0,0,0,0,0,0,269,blue,13738,14927,28665
83,,3810440,1,20260827,,,,,,,,,,,,,,,3,35.82933103486704,139.380426,,,1,0,0,0,0,0,0,0,0,0,269,blue,0,0,0
83,,3810460,1,20260827,16606,4339,0,,,,,15858,4574,0,,,,,3,35.91289603497003,139.534764,,,0,0,0,0,0,0,0,0,0,0,269,blue,20945,20432,41377
83,,3810470,1,20260827,,,,,,,,10824,3687,0,,,,,3,35.92749603498795,139.591065,,,0,0,0,0,0,0,2,0,0,0,269,blue,0,14511,14511
83,,3810490,1,20260827,,,,,,,,,,,,,,,3,35.992460035067445,139.820467,,,1,,,,,,,,,,269,blue,0,0,0
83,,3810500,1,20260827,5863,1243,0,,,,,8247,2706,0,,,,,3,35.79376864024429,139.685717006056,,,0,0,0,0,0,0,0,0,0,0,269,blue,7106,10953,18059
83,,3810510,1,20260827,4981,1446,0,,,,,4987,1586,0,,,,,3,35.8210620348568,139.680963,,,0,0,0,0,0,0,0,0,0,0,269,blue,6427,6573,13000
83,,3810520,1,20260827,17312,4008,0,,,,,17467,3779,0,,,,,3,35.97632603504774,139.594106,,,0,0,0,0,0,0,0,0,0,0,269,blue,21320,21246,42566
83,,3810540,1,20260827,8169,2102,0,,,,,8381,2058,0,,,,,3,36.230692035355204,139.2134,,,0,0,0,0,0,0,2,0,0,0,269,blue,10271,10439,20710
83,,3810560,1,20260827,15517,2155,0,,,,,14794,1810,0,,,,,3,36.31113903545105,139.02725,,,0,0,0,0,0,0,2,0,0,0,269,blue,17672,16604,34276
83,,3810600,1,20260827,2441,275,0,,,,,2242,410,0,,,,,3,36.68205603588405,138.968889,,,0,0,0,0,0,0,0,0,0,0,269,blue,2716,2652,5368
83,,3810610,1,20260827,17999,5530,0,,,,,,,,,,,,3,35.84803703489016,139.625615,,,0,0,0,0,0,0,2,0,0,0,269,blue,23529,0,23529
83,,3810620,1,20260827,,,,,,,,17487,5070,0,,,,,3,35.84444303488572,139.626759,,,0,0,0,0,0,0,2,0,0,0,269,blue,0,22557,22557
83,,3810670,1,20260827,,,,,,,,,,,,,,,3,36.35330303550101,139.215067,,,0,0,0,0,0,268,0,0,0,0,269,blue,0,0,0
83,,3810710,1,20260827,5524,892,0,,,,,5741,801,0,,,,,3,36.33250003547639,138.5235,,,0,0,0,0,0,2,0,0,0,0,269,blue,6416,6542,12958
83,,3810720,1,20260827,6771,1236,0,,,,,7254,1094,0,,,,,3,36.49438903566681,138.150722,,,0,0,0,0,0,0,15,0,0,0,269,blue,8007,8348,16355
83,,3810740,1,20260827,10618,1262,0,,,,,8969,965,0,,,,,3,36.65492503585288,138.23375,,,0,0,0,0,0,0,0,0,0,0,269,blue,11880,9934,21814
83,,3810750,1,20260827,9764,1164,0,,,,,4488,670,0,,,,,3,36.695139035899054,138.26925,,,0,0,0,0,0,0,0,0,0,0,269,blue,10928,5158,16086
83,,3810760,1,20260827,6302,870,0,,,,,6619,885,0,,,,,3,36.717694035924886,138.298306,,,0,0,0,0,0,2,2,0,0,0,269,blue,7172,7504,14676
83,,3810770,1,20260827,2423,1195,0,,,,,2286,610,0,,,,,3,36.75032203596213,138.212264,,,0,0,0,0,0,3,0,0,0,0,269,blue,3618,2896,6514
83,,3810780,1,20260827,2821,1035,0,,,,,2548,742,0,,,,,3,36.792972036010646,138.219778,,,0,0,0,0,0,1,0,0,0,0,269,blue,3856,3290,7146
83,,3810790,1,20260827,5357,586,0,,,,,5247,712,0,,,,,3,36.406417035563685,138.204417,,,0,0,0,0,0,0,0,0,0,0,269,blue,5943,5959,11902
83,,3810800,1,20260827,328,60,0,,,,,806,166,0,,,,,3,36.82044403604179,138.192306,,,0,0,0,0,0,3,2,0,0,0,269,blue,388,972,1360
83,,3810810,1,20260827,1415,431,0,,,,,1583,376,0,,,,,3,36.8368890360604,138.205542,,,0,0,0,0,0,3,0,0,0,0,269,blue,1846,1959,3805
83,,3810820,1,20260827,1872,149,0,,,,,1721,256,0,,,,,3,36.513833035689494,138.094389,,,0,0,0,0,0,17,5,0,0,0,269,blue,2021,1977,3998
83,,3810821,1,20260827,2155,314,0,,,,,2010,189,0,,,,,3,36.52786103570584,138.096722,,,0,0,0,0,0,17,2,0,0,0,269,blue,2469,2199,4668
83,,3810830,1,20260827,8692,875,0,,,,,4702,543,0,,,,,3,36.23586103536139,137.9565,,,0,0,0,0,0,1,5,0,0,0,269,blue,9567,5245,14812
83,,3810840,1,20260827,1941,574,0,,,,,2118,383,0,,,,,3,36.38313903553625,137.925722,,,0,0,0,0,0,1,2,0,0,0,269,blue,2515,2501,5016
83,,3810850,1,20260827,1113,401,0,,,,,1136,285,0,,,,,3,36.4623860356294,137.946275,,,0,0,0,0,0,1,5,0,0,0,269,blue,1514,1421,2935
83,,3810860,1,20260827,2524,520,0,,,,,2563,370,0,,,,,3,36.5884720357762,138.050889,,,0,0,0,0,0,0,3,0,0,0,269,blue,3044,2933,5977
83,,3810870,1,20260827,6030,866,0,,,,,6034,681,0,,,,,3,36.61469403580651,138.085167,,,0,0,0,0,0,0,0,0,0,0,269,blue,6896,6715,13611
83,,3810880,1,20260827,5485,1160,0,,,,,5682,1029,0,,,,,3,36.615111035807,138.086528,,,0,0,0,0,0,0,6,0,0,0,269,blue,6645,6711,13356
83,,3810900,1,20260827,3496,219,0,,,,,3640,387,0,,,,,3,36.62808303582196,138.153194,,,0,0,0,0,0,3,3,0,0,0,269,blue,3715,4027,7742
83,,3810910,1,20260827,10189,393,0,,,,,11683,397,0,,,,,3,36.64626403584291,138.18197200000003,,,0,0,0,0,0,0,0,0,0,0,269,blue,10582,12080,22662
83,,3810920,1,20260827,5011,442,0,,,,,5730,237,0,,,,,3,36.648972035846036,138.193972,,,0,0,0,0,0,0,0,0,0,0,269,blue,5453,5967,11420
83,,3810930,1,20260827,3500,938,0,,,,,3405,746,0,,,,,3,36.616944035809105,138.133611,,,0,0,0,0,0,0,0,0,0,0,269,blue,4438,4151,8589
83,,3810950,1,20260827,,,,,,,,,,,,,,,3,35.67318837384892,139.663841176629,,,0,0,0,0,0,0,0,268,0,0,269,blue,0,0,0
83,,3810970,1,20260827,2345,239,0,,,,,1890,162,0,,,,,3,35.61726703460252,139.240054,,,0,0,0,0,0,0,0,0,0,0,269,blue,2584,2052,4636
83,,3810980,1,20260827,2773,517,0,,,,,2663,411,0,,,,,3,35.62000003460596,139.1275,,,0,0,0,0,0,0,0,0,0,0,269,blue,3290,3074,6364
83,,3811030,1,20260827,14736,2190,0,,,,,13199,2294,0,,,,,3,35.643889034635976,138.636389,,,0,0,0,0,0,0,0,0,0,0,269,blue,16926,15493,32419
83,,3811050,1,20260827,3254,847,0,,,,,3213,642,0,,,,,3,35.91541703497313,138.227361,,,0,0,0,0,0,0,10,0,0,0,269,blue,4101,3855,7956
83,,3811060,1,20260827,,,,,,,,,,,,,,,3,35.94028603500364,138.197875,,,1,0,0,0,0,0,4,0,0,0,269,blue,0,0,0
83,,3811070,1,20260827,5299,282,0,,,,,5652,489,0,,,,,3,36.029750035112876,138.1255,,,0,0,0,0,0,0,8,0,0,0,269,blue,5581,6141,11722
83,,3811080,1,20260827,9621,1986,0,,,,,7658,1365,0,,,,,3,36.077694035171085,138.037889,,,0,0,0,0,0,0,1,0,0,0,269,blue,11607,9023,20630
83,,3811090,1,20260827,10,0,0,,,,,5585,1853,0,,,,,3,36.12191703522454,137.959472,,,0,0,0,0,0,1,6,0,0,0,269,blue,10,7438,7448
83,,3811100,1,20260827,4782,862,0,,,,,4697,720,0,,,,,3,35.9769440350485,138.163333,,,0,0,0,0,0,0,47,0,0,0,269,blue,5644,5417,11061
83,,3811110,1,20260827,2516,1045,0,,,,,2760,1688,0,,,,,3,36.08683303518214,138.06408300000004,,,0,0,0,0,0,0,1,0,0,0,269,blue,3561,4448,8009
83,,3811121,1,20260827,,,,,,,,1899,454,0,,,,,3,35.63168503462065,139.28402,,,0,0,0,0,0,0,8,0,0,0,269,blue,0,2353,2353
83,,3811130,1,20260827,4217,601,0,,,,,4193,535,0,,,,,3,35.99511103507067,138.139278,,,0,0,0,0,0,0,0,0,0,0,269,blue,4818,4728,9546
83,,3811220,1,20260827,,,,,,,,,,,,,,,3,35.959128035026716,140.602286,,,1,0,0,0,0,0,0,0,0,0,269,blue,0,0,0
83,,3811230,1,20260827,3817,816,0,,,,,3697,727,0,,,,,3,35.95769703502496,140.602514,,,0,0,0,0,0,0,0,0,0,0,269,blue,4633,4424,9057
83,,3811240,1,20260827,2254,649,0,,,,,2285,648,0,,,,,3,35.200928034070465,138.520986,,,0,0,0,0,0,0,1,0,0,0,269,blue,2903,2933,5836
83,,3811250,1,20260827,535,108,0,,,,,556,83,0,,,,,3,35.31250003421467,138.442011,,,0,0,0,0,0,0,0,0,0,0,269,blue,643,639,1282
83,,3811270,1,20260827,4102,1073,0,,,,,4966,835,0,,,,,3,35.5316670344945,138.450278,,,0,0,0,0,0,0,0,0,0,0,269,blue,5175,5801,10976
83,,3811290,1,20260827,,,,,,,,,,,,,,,3,35.041444033862305,139.833306,,,1,,,,,,,,,,269,blue,0,0,0
83,,3811300,1,20260827,,,,,,,,,,,,,,,3,35.157361034013846,139.819,,,1,,,,,,,,,,269,blue,0,0,0
83,,3811330,1,20260827,7512,755,0,,,,,7934,621,0,,,,,3,35.53888903450364,138.885556,,,0,0,0,0,0,0,0,0,0,0,269,blue,8267,8555,16822
83,,3811340,1,20260827,5780,615,0,,,,,6123,546,0,,,,,3,35.60305603458465,138.940833,,,0,0,0,0,0,0,79,0,0,0,269,blue,6395,6669,13064
83,,3811350,1,20260827,8478,1368,0,,,,,7966,1137,0,,,,,3,35.61569396585425,139.627538019939,,,0,0,0,0,0,0,93,0,0,0,269,blue,9846,9103,18949
83,,3811360,1,20260827,11831,4514,0,,,,,14529,5018,0,,,,,3,35.48552503443597,139.460986,,,0,0,0,0,0,22,0,0,1,0,269,blue,16345,19547,35892
83,,3811370,1,20260827,4409,1974,0,,,,,4327,1889,0,,,,,3,35.35857503427389,139.075042,,,0,0,0,0,0,22,0,0,1,0,269,blue,6383,6216,12599
83,,3811390,1,20260827,20802,8743,0,,,,,,,,,,,,3,35.64686740024182,139.854860316246,,,0,0,0,0,0,0,0,0,0,0,269,blue,29545,0,29545
83,,3811401,1,20260827,146,4,0,,,,,,,,,,,,3,35.64792275306184,139.837391468126,,,0,0,0,0,0,0,0,0,0,0,269,blue,150,0,150
83,,3811410,1,20260827,8703,4442,0,,,,,,,,,,,,3,35.6321085640565,139.785108560174,,,0,0,0,0,0,0,33,0,0,0,269,blue,13145,0,13145
83,,3811411,1,20260827,,,,,,,,11375,6600,0,,,,,3,35.63193106766495,139.786372369256,,,0,0,0,0,0,0,0,0,0,0,269,blue,0,17975,17975
83,,3811420,1,20260827,,,,,,,,,,,,,,,3,35.57873713134419,139.756665501316,,,1,0,0,0,0,0,22,0,0,20,269,blue,0,0,0
83,,3811421,1,20260827,,,,,,,,7146,6199,0,,,,,3,35.573715682248654,139.759184371525,,,0,0,0,0,0,5,3,0,0,0,269,blue,0,13345,13345
83,,3811430,1,20260827,,,,,,,,,,,,,,,3,35.6138270345982,140.103045,,,1,,,,,,,,,,269,blue,0,0,0
83,,3811440,1,20260827,1415,300,0,,,,,4246,785,0,,,,,3,35.60712645223976,139.747366707275,,,0,0,0,0,0,0,0,0,0,0,269,blue,1715,5031,6746
84,,4810010,1,20260827,19229,2904,0,,,,,18507,2451,0,,,,,3,37.9300000372281,139.134722,,,0,0,0,0,0,0,0,0,0,73,269,blue,22133,20958,43091
84,,4810020,1,20260827,20445,3546,0,,,,,18205,2909,0,,,,,3,37.95278103725094,139.213611,,,0,0,0,0,0,0,0,0,0,0,269,blue,23991,21114,45105
84,,4810040,1,20260827,6486,1324,0,,,,,540,53,0,,,,,3,37.96305603726123,139.3275,,,0,0,0,0,0,0,0,0,0,0,269,blue,7810,593,8403
84,,4810060,1,20260827,2720,260,0,,,,,2629,493,0,,,,,3,38.2550360375481,139.501792,,,0,0,0,0,0,0,0,0,0,0,269,blue,2980,3122,6102
84,,4810070,1,20260827,3339,1122,0,,,,,3565,885,0,,,,,3,38.28200003757407,139.521444,,,1,0,0,0,0,0,0,0,0,0,269,blue,4461,4450,8911
84,,4810080,1,20260827,1426,817,0,,,,,1567,764,0,,,,,3,38.374925037662884,139.556342,,,0,0,0,0,0,0,0,0,0,0,269,blue,2243,2331,4574
84,,4810090,1,20260827,10694,2494,0,,,,,9803,2398,0,,,,,3,37.5351670368223,138.881569,,,0,0,0,0,0,0,0,0,0,1,269,blue,13188,12201,25389
84,,4810100,1,20260827,11844,1847,0,,,,,12847,2085,0,,,,,3,37.473639036757405,138.880583,,,0,0,0,0,0,0,0,0,0,0,269,blue,13691,14932,28623
84,,4810110,1,20260827,12747,823,0,,,,,12724,713,0,,,,,3,37.459033036741936,138.856414,,,0,0,0,0,0,0,0,0,0,1,269,blue,13570,13437,27007
84,,4810120,1,20260827,12739,952,0,,,,,14768,1074,0,,,,,3,37.462169036745266,138.845592,,,0,0,0,0,0,0,0,0,0,0,269,blue,13691,15842,29533
84,,4810130,1,20260827,9052,808,0,,,,,10081,820,0,,,,,3,37.44445303672647,138.785889,,,0,0,0,0,0,0,0,0,0,0,269,blue,9860,10901,20761
84,,4810140,1,20260827,5074,648,0,,,,,5025,712,0,,,,,3,37.44069403672249,138.740364,,,0,0,0,0,0,0,0,0,0,2,269,blue,5722,5737,11459
84,,4810150,1,20260827,,,,,,,,,,,,,,,3,37.41229403669227,138.674192,,,1,0,0,0,0,0,0,0,0,2,269,blue,0,0,0
84,,4810160,1,20260827,4459,1085,0,,,,,4026,981,0,,,,,3,37.23896903650589,138.343486,,,0,0,0,0,0,0,0,0,0,0,269,blue,5544,5007,10551
84,,4810170,1,20260827,,,,,,,,,,,,,,,3,37.18690003644924,138.272953,,,1,0,0,0,0,0,0,0,0,0,269,blue,0,0,0
84,,4810180,1,20260827,10141,1546,0,,,,,10651,1236,0,,,,,3,37.17543303643671,138.266805,,,0,0,0,0,0,0,0,0,0,0,269,blue,11687,11887,23574
84,,4810190,1,20260827,11111,1448,0,,,,,11248,1362,0,,,,,3,37.1623530364224,138.247561,,,0,0,0,0,0,0,0,0,0,1,269,blue,12559,12610,25169
84,,4810200,1,20260827,2849,836,0,,,,,2901,756,0,,,,,3,37.105891036360454,137.990565,,,0,0,0,0,0,0,0,0,0,0,269,blue,3685,3657,7342
84,,4810210,1,20260827,3666,909,0,,,,,3730,680,0,,,,,3,37.08795603634071,137.96033,,,0,0,0,0,0,0,0,0,0,0,269,blue,4575,4410,8985
84,,4810220,1,20260827,3000,636,0,,,,,3436,538,0,,,,,3,37.057208036306754,137.905455,,,0,0,0,0,0,0,0,0,0,0,269,blue,3636,3974,7610
84,,4810230,1,20260827,2475,720,0,,,,,3178,645,0,,,,,3,37.050899036299775,137.885459,,,0,0,0,0,0,0,0,0,0,0,269,blue,3195,3823,7018
84,,4810250,1,20260827,1359,175,0,,,,,1276,48,0,,,,,3,37.05093203629982,137.890368,,,0,0,0,0,0,0,0,0,0,0,269,blue,1534,1324,2858
84,,4810260,1,20260827,4277,1067,0,,,,,4296,844,0,,,,,3,36.9856190362273,138.808078,,,0,0,0,0,0,0,0,0,0,2,269,blue,5344,5140,10484
84,,4810270,1,20260827,4362,826,0,,,,,4436,692,0,,,,,3,37.24858103651632,138.916575,,,0,0,0,0,0,0,0,0,0,2,269,blue,5188,5128,10316
84,,4810280,1,20260827,1615,306,0,,,,,1592,216,0,,,,,3,37.17036103643117,138.942139,,,0,0,0,0,0,0,0,0,0,1,269,blue,1921,1808,3729
84,,4810290,1,20260827,5640,1056,0,,,,,6174,956,0,,,,,3,37.07683703632844,138.265595,,,0,0,0,0,0,0,0,0,0,1,269,blue,6696,7130,13826
84,,4810300,1,20260827,563,286,0,,,,,546,260,0,,,,,3,37.66361103695634,139.536806,,,0,0,0,0,0,0,0,0,0,0,269,blue,849,806,1655
84,,4810310,1,20260827,7459,860,0,,,,,7179,700,0,,,,,3,37.84055603713779,139.147778,,,0,0,0,0,0,0,0,0,0,0,269,blue,8319,7879,16198
84,,4810330,1,20260827,27859,2476,0,,,,,26005,2474,0,,,,,3,37.8978060371957,139.070722,,,0,0,0,0,0,0,0,0,0,0,269,blue,30335,28479,58814
84,,4810340,1,20260827,1346,601,0,,,,,1468,579,0,,,,,3,37.563464036852,138.734306,,,0,0,0,0,0,0,0,0,0,2,269,blue,1947,2047,3994
84,,4810350,1,20260827,4840,947,0,,,,,4728,1013,0,,,,,3,37.61757803690852,138.825033,,,0,0,0,0,0,0,0,0,0,1,269,blue,5787,5741,11528
84,,4810360,1,20260827,6723,1431,0,,,,,7388,1488,0,,,,,3,37.690358036984,138.885919,,,0,0,0,0,0,0,0,0,0,1,269,blue,8154,8876,17030
84,,4810370,1,20260827,7628,1260,0,,,,,7806,1250,0,,,,,3,37.8052690371019,138.92235,,,0,0,0,0,0,0,0,0,0,0,269,blue,8888,9056,17944
84,,4810380,1,20260827,15674,1849,0,,,,,15905,2007,0,,,,,3,37.86309703716064,138.981,,,0,0,0,0,0,0,0,0,0,0,269,blue,17523,17912,35435
84,,4810395,1,20260827,,,,,,,,,,,,,,,3,36.691540505894935,136.9116223,,,1,,,,0,11,,,0,0,269,blue,0,0,0
84,,4810406,1,20260827,3668,727,73,,,,,4088,705,168,,,,,3,36.89660103612769,137.444677,,,0,,,,0,1,,,0,0,269,blue,4468,4961,9429
84,,4810410,1,20260827,5790,544,0,,,,,6714,479,0,,,,,3,36.816442036037266,137.41630300000003,,,0,0,0,0,0,92,92,0,0,0,269,blue,6334,7193,13527
84,,4810420,1,20260827,7534,1195,0,,,,,7540,1098,0,,,,,3,36.718606035925916,137.303914,,,0,0,0,0,0,80,80,0,0,8,269,blue,8729,8638,17367
84,,4810430,1,20260827,7188,1088,0,,,,,6840,949,0,,,,,3,36.71795303592518,137.279328,,,0,0,0,0,0,73,73,0,0,18,269,blue,8276,7789,16065
84,,4810440,1,20260827,8988,1585,0,,,,,8504,1396,0,,,,,3,36.72027203592783,137.263083,,,0,0,0,0,0,27,27,0,0,0,269,blue,10573,9900,20473
84,,4810445,1,20260827,12748,2469,73,,,,,12402,2292,141,,,,,3,36.73017862593915,137.18171158,,,0,,,,0,2,,,0,0,269,blue,15290,14835,30125
84,,4810447,1,20260827,,,,,,,,,,,,,,,3,36.72863947593739,137.12486156,,,1,,,,0,1,,,0,0,269,blue,0,0,0
84,,4810454,1,20260827,5521,702,473,,,,,6497,671,6,,,,,3,36.744673195955684,136.99179584,,,1,,,,0,64,,,0,0,269,blue,6696,7174,13870
84,,4810460,1,20260827,,,,,,,,,,,,,,,3,36.68745003589023,136.855675,,,1,0,0,0,0,97,97,0,0,8,269,blue,0,0,0
84,,4810462,1,20260827,1094,403,1,,,,,313,24,1,,,,,3,36.525710035703334,137.22999,,,0,,,,0,35,,,0,0,269,blue,1498,338,1836
84,,4810463,1,20260827,,,,,,,,,,,,,,,3,36.53609652571542,137.23114399,,,1,,,,0,25,,,0,0,269,blue,0,0,0
84,,4810470,1,20260827,,,,,,,,,,,,,,,3,36.69575603589977,137.237889,,,1,0,0,0,0,0,0,0,0,0,269,blue,0,0,0
84,,4810480,1,20260827,2081,181,0,,,,,2025,204,0,,,,,3,36.580522035767004,136.965706,,,0,0,0,0,0,67,67,0,0,0,269,blue,2262,2229,4491
84,,4810485,1,20260827,4066,458,23,,,,,4375,436,11,,,,,3,36.68510836918755,136.9765361111,,,1,,,,0,56,,,0,0,269,blue,4547,4822,9369
84,,4810490,1,20260827,2131,67,0,,,,,2424,74,0,,,,,3,36.74530803595641,137.01085,,,1,0,0,0,0,107,107,0,0,0,269,blue,2198,2498,4696
84,,4810500,1,20260827,84,14,0,,,,,22,1,0,,,,,3,36.91246103614551,137.019489,,,1,0,0,0,0,150,150,0,0,2,269,blue,98,23,121
84,,4810510,1,20260827,,,,,,,,,,,,,,,3,36.84943603607457,136.97895,,,1,,,,,,,,,,269,blue,0,0,0
84,,4810530,1,20260827,10890,948,0,,,,,8960,981,0,,,,,3,36.44611103561032,136.488056,,,0,0,0,0,0,0,0,0,0,0,269,blue,11838,9941,21779
84,,4810550,1,20260827,3395,703,0,,,,,3647,598,0,,,,,3,36.32672203546954,136.41169500000004,,,1,0,0,0,0,0,0,0,0,5,269,blue,4098,4245,8343
84,,4810570,1,20260827,9268,1138,0,,,,,9444,812,0,,,,,3,36.571667035756725,136.655556,,,0,0,0,0,0,1,1,0,0,2,269,blue,10406,10256,20662
84,,4810580,1,20260827,8646,307,0,,,,,3601,105,0,,,,,3,36.54430803572498,136.640516,,,0,0,0,0,0,2,2,0,0,2,269,blue,8953,3706,12659
84,,4810590,1,20260827,13833,352,0,,,,,14102,441,0,,,,,3,36.54061903572069,136.623128,,,0,0,0,0,0,0,0,0,0,2,269,blue,14185,14543,28728
84,,4810600,1,20260827,3803,281,0,,,,,3480,298,0,,,,,3,37.04041903628817,136.969305,,,0,0,0,0,0,0,0,0,0,0,269,blue,4084,3778,7862
84,,4810610,1,20260827,,,,,,,,,,,,,,,3,36.90469303613679,136.830093,,,1,,,,,,,,,,269,blue,0,0,0
84,,4810620,1,20260827,1089,114,0,,,,,1110,186,0,,,,,3,36.86972803609746,136.79694700000002,,,0,0,0,0,0,0,0,0,0,0,269,blue,1203,1296,2499
84,,4810630,1,20260827,7903,147,0,,,,,5353,91,0,,,,,3,36.560782035744104,136.677711,,,0,0,0,0,0,0,0,0,0,0,269,blue,8050,5444,13494
85,22,5810060,1,20260827,1566,762,,,,,,1428,628,,,,,,3,34.90554603368308,138.270337,,,0,,0,,0,0,0,0,,0,269,blue,2328,2056,4384
85,22,5810080,1,20260827,3963,2409,,,,,,8803,3043,,,,,,3,34.84454203360207,138.151981,,,0,,0,,0,0,0,0,,0,269,blue,6372,11846,18218
85,22,5810090,1,20260827,8399,2794,,,,,,7612,2916,,,,,,3,34.78638703352455,138.050184,,,0,,0,,0,0,0,0,,0,269,blue,11193,10528,21721
85,22,5810110,1,20260827,30789,8089,,,,,,26198,7133,,,,,,3,34.76273603349293,137.969553,,,0,,0,,0,0,0,0,,0,269,blue,38878,33331,72209
85,23,5810190,1,20260827,5474,1158,,,,,,6209,950,,,,,,3,35.11388803395716,136.734972,,,0,,0,,0,0,0,0,,0,269,blue,6632,7159,13791
85,24,5810210,1,20260827,5284,2373,,,,,,5075,2505,,,,,,3,34.86311003362677,136.47097,,,0,,0,,0,0,0,0,,0,269,blue,7657,7580,15237
85,21,5810280,1,20260827,12695,1306,,,,,,10294,849,,,,,,3,35.365972034283374,137.22477800000001,,,0,,0,,0,0,0,0,,0,269,blue,14001,11143,25144
85,21,5810330,1,20260827,10199,1422,,,,,,10036,1576,,,,,,3,35.44925903438983,137.419698,,,0,,0,,0,0,0,0,,0,269,blue,11621,11612,23233
85,21,5810340,1,20260827,8202,913,,,,,,8108,1603,,,,,,3,35.45966703440309,137.442028,,,0,,0,,0,0,0,0,,0,269,blue,9115,9711,18826
85,21,5810350,1,20260827,4492,1040,,,,,,15744,2164,,,,,,3,35.51200003446958,137.521639,,,0,,0,,0,0,0,0,,0,269,blue,5532,17908,23440
85,21,5810360,1,20260827,2457,1076,,,,,,2502,930,,,,,,3,35.581250034557165,137.537222,,,1,,0,,0,0,0,0,,0,269,blue,3533,3432,6965
85,21,5810370,1,20260827,3374,799,,,,,,3397,1063,,,,,,3,35.81618803485076,137.683244,,,0,,0,,0,0,0,0,,0,269,blue,4173,4460,8633
85,21,5810380,1,20260827,2391,1074,,,,,,2633,1036,,,,,,3,35.91502403497266,137.77069,,,0,,0,,0,0,0,0,,0,269,blue,3465,3669,7134
85,21,5810390,1,20260827,1923,1015,,,,,,1575,638,,,,,,3,35.93471103499681,137.786917,,,0,,0,,0,0,0,0,,0,269,blue,2938,2213,5151
85,21,5810420,1,20260827,4570,1333,,,,,,4676,947,,,,,,3,35.37572803429589,137.190676,,,0,,0,,0,0,0,0,,0,269,blue,5903,5623,11526
85,21,5810440,1,20260827,3951,757,,,,,,3858,658,,,,,,3,35.426917034361345,137.132361,,,0,,0,,0,0,0,0,,0,269,blue,4708,4516,9224
85,21,5810470,1,20260827,6878,965,,,,,,6440,917,,,,,,3,35.418612034350744,136.946394,,,0,,0,,0,0,0,0,,0,269,blue,7843,7357,15200
85,21,5810510,1,20260827,1510,436,,,,,,1604,266,,,,,,3,35.37112003428997,136.453326,,,0,,0,,0,0,0,0,,0,269,blue,1946,1870,3816
85,23,5810530,1,20260827,9380,4351,,,,,,7670,2843,,,,,,3,34.696128033403625,137.40686,,,0,,0,,0,0,0,0,,0,269,blue,13731,10513,24244
85,23,5810570,1,20260827,9341,3198,,,,,,9163,4134,,,,,,3,34.84938803360853,137.221222,,,0,,0,,0,0,0,0,,0,269,blue,12539,13297,25836
85,23,5810580,1,20260827,11285,5224,,,,,,24,6,,,,,,3,34.84869403360759,137.197416,,,0,,0,,0,0,0,0,,0,269,blue,16509,30,16539
85,23,5810620,1,20260827,18352,8719,,,,,,16761,6731,,,,,,3,35.10119403394058,136.86925,,,0,,0,,0,0,0,0,,0,269,blue,27071,23492,50563
85,24,5810670,1,20260827,13630,1645,,,,,,13309,1478,,,,,,3,34.65002003334157,136.51956,,,0,,0,,0,0,0,0,,0,269,blue,15275,14787,30062
85,24,5810680,1,20260827,10045,2435,,,,,,10319,1517,,,,,,3,34.71907003343443,136.4716,,,0,,0,,0,0,0,0,,0,269,blue,12480,11836,24316
85,24,5810690,1,20260827,11989,2147,,,,,,10952,1986,,,,,,3,34.64712003333765,136.49449,,,0,,0,,0,0,0,0,,0,269,blue,14136,12938,27074
85,24,5810700,1,20260827,7517,6954,,,,,,9365,8904,,,,,,3,34.850220033609624,136.416645,,,0,,0,,0,0,0,0,,0,269,blue,14471,18269,32740
85,24,5810730,1,20260827,14076,10749,,,,,,13659,8393,,,,,,3,34.62822503331218,135.986212,,,0,,0,,0,0,0,0,,0,269,blue,24825,22052,46877
85,21,5810760,1,20260827,2768,634,,,,,,2944,497,,,,,,3,35.55276203452119,137.177488,,,0,,0,,0,0,0,0,,0,269,blue,3402,3441,6843
85,21,5810770,1,20260827,1101,291,,,,,,1041,268,,,,,,3,35.64602003463866,137.169715,,,0,,0,,0,0,0,0,,0,269,blue,1392,1309,2701
85,21,5810780,1,20260827,1885,611,,,,,,2059,591,,,,,,3,35.667031034665,137.162564,,,0,,0,,0,0,0,0,,0,269,blue,2496,2650,5146
85,21,5810790,1,20260827,1575,510,,,,,,1654,435,,,,,,3,35.74291003475978,137.208481,,,0,,0,,0,0,0,0,,0,269,blue,2085,2089,4174
85,21,5810800,1,20260827,1554,1063,,,,,,1861,636,,,,,,3,35.77947703480525,137.252586,,,0,,0,,0,0,0,0,,0,269,blue,2617,2497,5114
85,21,5810810,1,20260827,3694,807,,,,,,3802,816,,,,,,3,35.83471903487371,137.232014,,,0,,0,,0,0,0,0,,0,269,blue,4501,4618,9119
85,21,5810830,1,20260827,716,220,,,,,,1913,608,,,,,,3,36.02357503510535,137.294767,,,0,,0,,0,0,0,0,,0,269,blue,936,2521,3457
85,21,5810840,1,20260827,4569,335,,,,,,4524,733,,,,,,3,36.10871303520861,137.266233,,,0,,0,,0,0,0,0,,0,269,blue,4904,5257,10161
85,21,5810850,1,20260827,6332,968,,,,,,5073,748,,,,,,3,36.12373303522673,137.258932,,,0,,0,,0,0,0,0,,0,269,blue,7300,5821,13121
85,21,5810860,1,20260827,1597,598,,,,,,1532,673,,,,,,3,36.25072803537914,137.162845,,,0,,0,,0,0,0,0,,0,269,blue,2195,2205,4400
85,21,5810880,1,20260827,854,401,,,,,,867,299,,,,,,3,36.31423303545473,137.259675,,,0,,0,,0,0,0,0,,0,269,blue,1255,1166,2421
85,24,5810890,1,20260827,3199,332,,,,,,3439,555,,,,,,3,34.407524733012174,136.4423714,,,0,,0,,0,0,0,0,,0,269,blue,3531,3994,7525
85,24,5810900,1,20260827,1273,243,,,,,,1280,114,,,,,,3,34.1617406326732,136.2779067,,,0,,0,,0,0,0,0,,0,269,blue,1516,1394,2910
85,24,5810920,1,20260827,1882,269,,,,,,1865,895,,,,,,3,34.05028613251784,136.1958331,,,0,,0,,0,0,0,0,,0,269,blue,2151,2760,4911
85,24,5810930,1,20260827,377,20,,,,,,231,31,,,,,,3,33.98629813242818,136.1080803,,,0,,0,,0,0,0,0,,0,269,blue,397,262,659
85,24,5810940,1,20260827,721,284,,,,,,813,253,,,,,,3,33.93298113235323,136.0940822,,,0,,0,,0,0,0,0,,0,269,blue,1005,1066,2071
85,24,5810960,1,20260827,2429,421,,,,,,2374,442,,,,,,3,34.00152563244955,136.1851117,,,0,,0,,0,0,0,0,,0,269,blue,2850,2816,5666
85,24,5810970,1,20260827,2220,429,,,,,,2272,420,,,,,,3,33.942137832366114,136.1524581,,,0,,0,,0,0,0,0,,0,269,blue,2649,2692,5341
85,24,5810980,1,20260827,2540,509,,,,,,2540,502,,,,,,3,33.92889863234747,136.1381858,,,0,,0,,0,0,0,0,,0,269,blue,3049,3042,6091
85,24,5810990,1,20260827,2949,292,,,,,,2519,384,,,,,,3,33.74057583208088,135.9955167,,,0,,0,,0,0,0,0,,0,269,blue,3241,2903,6144
85,24,5811000,1,20260827,3279,570,,,,,,3178,558,,,,,,1,34.10420863259313,136.1948133,,,0,,0,,0,0,0,0,,0,269,blue,3849,3736,7585
85,22,5811020,1,20260827,,,,,,,,,,,,,,,3,35.15084103400535,138.522379,,,1,,0,,0,0,0,0,,0,269,blue,0,0,0
85,22,5811030,1,20260827,1425,362,,,,,,1499,512,,,,,,3,35.15470103401037,138.520314,,,0,,0,,0,0,0,0,,0,269,blue,1787,2011,3798
85,22,5811040,1,20260827,,,,,,,,,,,,,,,3,35.19272303405982,138.529894,,,1,,0,,0,0,0,0,,0,269,blue,0,0,0
85,22,5811050,1,20260827,3190,410,,,,,,2734,356,,,,,,3,35.37095103428976,138.860418,,,0,,0,,0,0,0,0,,0,269,blue,3600,3090,6690
85,23,5811110,1,20260827,1952,416,,,,,,1933,274,,,,,,3,35.135027033984734,137.309194,,,0,,0,,0,0,0,0,,0,269,blue,2368,2207,4575
85,23,5811120,1,20260827,2232,480,,,,,,2033,432,,,,,,3,35.149777034003954,137.332722,,,0,,0,,0,0,0,0,,0,269,blue,2712,2465,5177
85,23,5811130,1,20260827,1017,743,,,,,,1436,300,,,,,,3,35.1700830340304,137.406805,,,0,,0,,0,0,0,0,,0,269,blue,1760,1736,3496
85,23,5811140,1,20260827,715,228,,,,,,696,216,,,,,,3,35.221388034097004,137.524166,,,0,,0,,0,0,0,0,,0,269,blue,943,912,1855
85,21,5811150,1,20260827,3719,564,,,,,,2820,790,,,,,,3,35.46219703440631,137.756093,,,0,,0,,0,0,0,0,,0,269,blue,4283,3610,7893
85,21,5811160,1,20260827,3913,829,,,,,,3713,742,,,,,,3,35.50206103445697,137.792544,,,0,,0,,0,0,0,0,,0,269,blue,4742,4455,9197
85,23,5811170,1,20260827,2995,651,,,,,,3087,612,,,,,,3,35.21055503408296,137.106666,,,0,,0,,0,0,0,0,,0,269,blue,3646,3699,7345
85,21,5811190,1,20260827,2992,540,,,,,,2671,467,,,,,,3,35.601941034583234,136.937212,,,0,,0,,0,0,0,0,,0,269,blue,3532,3138,6670
85,21,5811230,1,20260827,3051,678,,,,,,2771,678,,,,,,3,36.13868903524477,137.164639,,,0,,0,,0,0,0,0,,0,269,blue,3729,3449,7178
85,21,5811240,1,20260827,1843,491,,,,,,1003,271,,,,,,3,36.16135703527206,137.222749,,,0,,0,,0,0,0,0,,0,269,blue,2334,1274,3608
85,22,5811250,1,20260827,2294,459,,,,,,6766,1700,,,,,,3,35.312573034214765,138.927446,,,0,,0,,0,0,0,0,,0,269,blue,2753,8466,11219
85,21,5811270,1,20260827,3040,1299,,,,,,2893,1151,,,,,,3,35.23023303410846,136.596679,,,0,,0,,0,0,0,0,,0,269,blue,4339,4044,8383
85,21,5811330,1,20260827,1176,390,,,,,,1263,339,,,,,,3,35.46731303441282,137.78409,,,0,,0,,0,0,0,0,,0,269,blue,1566,1602,3168
86,,6810010,1,20260827,1974,1699,,,,,,1992,1309,,,,,,3,34.89694403367168,136.336111,,,0,,0,,0,0,0,0,,0,269,blue,3673,3301,6974
86,,6810020,1,20260827,,,,,,,,,,,,,,,3,34.97777803377855,135.901667,,,1,,0,,0,0,0,0,,0,269,blue,0,0,0
86,,6810030,1,20260827,,,,,,,,,,,,,,,3,35.00527803381478,136.094722,,,1,,0,,0,269,269,0,,0,269,blue,0,0,0
86,,6810060,1,20260827,0,0,,,,,,16008,2667,,,,,,3,34.986389033789905,135.75305600000002,,,0,,0,,0,0,0,0,,0,269,blue,0,18675,18675
86,,6810089,1,20260827,,,,,,,,,,,,,,,3,34.978118033779,135.908546,,,1,,0,,0,0,0,0,,0,269,blue,0,0,0
86,,6810090,1,20260827,3094,993,,,,,,0,0,,,,,,3,34.83138903358458,135.72305600000004,,,0,,0,,0,3,3,0,,0,269,blue,4087,0,4087
86,,6810100,1,20260827,0,0,,,,,,3287,883,,,,,,3,34.83138903358458,135.723889,,,0,,0,,0,3,3,0,,0,269,blue,0,4170,4170
86,,6810105,1,20260827,13543,2764,,,,,,11392,2138,,,,,,3,34.71411113342777,135.4489722,,,0,,0,,0,0,0,0,,0,269,blue,16307,13530,29837
86,,6810111,1,20260827,9869,1158,,,,,,10786,913,,,,,,3,34.6429970333321,135.019846,,,0,,0,,0,0,0,0,,0,269,blue,11027,11699,22726
86,,6810130,1,20260827,,,,,,,,,,,,,,,3,34.842500033599364,134.330556,,,0,,0,,0,0,0,0,,269,269,blue,0,0,0
86,,6810135,1,20260827,3336,1059,,,,,,2143,756,,,,,,3,36.18333336529846,136.26777780000003,,,0,,0,,0,0,0,0,,0,269,blue,4395,2899,7294
86,,6810140,1,20260827,7879,1889,,,,,,6039,2555,,,,,,3,36.14305603525003,136.263889,,,0,,0,,0,0,0,0,,0,269,blue,9768,8594,18362
86,,6810150,1,20260827,,,,,,,,,,,,,,,3,36.0772220351705,136.244444,,,1,,0,,0,0,0,0,,0,269,blue,0,0,0
86,,6810160,1,20260827,8117,4142,,,,,,10322,3195,,,,,,3,36.02444403510641,136.218333,,,0,,0,,0,0,0,0,,0,269,blue,12259,13517,25776
86,,6810165,1,20260827,14602,1690,,,,,,23,2,,,,,,3,35.980555595052905,136.1958333,,,0,,0,,0,0,0,0,,0,269,blue,16292,25,16317
86,,6810170,1,20260827,,,,,,,,,,,,,,,3,35.95555603502233,136.188889,,,1,,0,,0,0,0,0,,0,269,blue,0,0,0
86,,6810180,1,20260827,5041,1347,,,,,,4929,949,,,,,,3,35.878333034927515,136.169444,,,0,,0,,0,0,0,0,,0,269,blue,6388,5878,12266
86,,6810190,1,20260827,,,,,,,,,,,,,,,3,35.719444034730536,136.094722,,,1,,0,,0,0,0,0,,0,269,blue,0,0,0
86,,6810200,1,20260827,1073,236,,,,,,1100,262,,,,,,3,35.66555603466316,136.083056,,,0,,0,,0,1,1,0,,0,269,blue,1309,1362,2671
86,,6810220,1,20260827,1143,707,,,,,,1204,585,,,,,,3,35.60416703458605,136.107222,,,0,,0,,0,1,1,0,,0,269,blue,1850,1789,3639
86,,6810230,1,20260827,691,952,,,,,,1046,687,,,,,,3,35.57603003455058,136.122756,,,0,,0,,0,0,0,0,,0,269,blue,1643,1733,3376
86,,6810240,1,20260827,3500,1196,,,,,,3055,1124,,,,,,3,35.512778034470564,136.173333,,,0,,0,,0,0,0,0,,0,269,blue,4696,4179,8875
86,,6810241,1,20260827,3190,983,,,,,,2255,1389,,,,,,3,35.4322160343681,136.245092,,,0,,0,,0,0,0,0,,0,269,blue,4173,3644,7817
86,,6810250,1,20260827,6745,2854,,,,,,7460,2010,,,,,,3,35.27555603416706,136.269444,,,0,,0,,0,0,0,0,,0,269,blue,9599,9470,19069
86,,6810260,1,20260827,430,282,,,,,,440,241,,,,,,3,35.11611103396005,136.128333,,,0,,0,,0,0,0,0,,0,269,blue,712,681,1393
86,,6810270,1,20260827,6744,1345,,,,,,6818,1757,,,,,,3,35.091944033928485,136.089722,,,0,,0,,0,0,0,0,,0,269,blue,8089,8575,16664
86,,6810280,1,20260827,333,103,,,,,,1625,731,,,,,,3,35.66000003465618,136.084722,,,0,,0,,0,1,1,0,,0,269,blue,436,2356,2792
86,,6810290,1,20260827,10352,2461,,,,,,14915,1857,,,,,,3,34.996111033802705,135.722222,,,0,,0,,0,0,0,0,,0,269,blue,12813,16772,29585
86,,6810300,1,20260827,0,0,,,,,,2036,227,,,,,,3,34.981944033784046,135.693056,,,0,,0,,0,0,0,0,,0,269,blue,0,2263,2263
86,,6810310,1,20260827,10971,1538,,,,,,0,0,,,,,,3,34.981944033784046,135.692917,,,0,,0,,0,0,0,0,,0,269,blue,12509,0,12509
86,,6810320,1,20260827,10900,1474,,,,,,8576,1452,,,,,,3,34.992500033797945,135.64750000000004,,,0,,0,,0,0,0,0,,0,269,blue,12374,10028,22402
86,,6810330,1,20260827,10189,1553,,,,,,9903,1534,,,,,,3,34.989722033794294,135.636667,,,0,,0,,0,0,0,0,,0,269,blue,11742,11437,23179
86,,6810335,1,20260827,5374,904,,,,,,5076,812,,,,,,3,35.488936034440314,135.756215,,,0,,0,,0,0,0,0,,0,269,blue,6278,5888,12166
86,,6810340,1,20260827,500,46,,,,,,697,160,,,,,,3,35.12222203396803,135.439444,,,0,,0,,0,0,0,0,,0,269,blue,546,857,1403
86,,6810343,1,20260827,,,,,,,,,,,,,,,3,35.18777781405339,135.3219444,,,1,,0,,0,0,0,0,,0,269,blue,0,0,0
86,,6810344,1,20260827,3288,762,,,,,,3406,962,,,,,,3,35.24583336412865,135.2161111,,,0,,0,,0,0,0,0,,0,269,blue,4050,4368,8418
86,,6810346,1,20260827,5789,834,,,,,,5257,1088,,,,,,3,35.28305559417674,135.1777778,,,0,,0,,0,0,0,0,,0,269,blue,6623,6345,12968
86,,6810348,1,20260827,6141,1203,,,,,,4704,1389,,,,,,3,35.3139820342166,135.101491,,,0,,0,,0,0,0,0,,0,269,blue,7344,6093,13437
86,,6810360,1,20260827,,,,,,,,,,,,,,,3,35.333611034241834,134.917222,,,0,,0,,0,0,0,0,,269,269,blue,0,0,0
86,,6810365,1,20260827,2530,980,,,,,,2341,868,,,,,,3,36.25913403538918,136.286774,,,0,,0,,0,0,0,0,,0,269,blue,3510,3209,6719
86,,6810370,1,20260827,,,,,,,,,,,,,,,3,35.38305603430526,134.671667,,,0,,0,,0,0,0,0,,269,269,blue,0,0,0
86,,6810390,1,20260827,,,,,,,,,,,,,,,3,35.48083303443001,134.585278,,,0,,0,,0,0,0,0,,269,269,blue,0,0,0
86,,6810400,1,20260827,,,,,,,,,,,,,,,3,35.50388903445929,134.533889,,,0,,0,,0,0,0,0,,269,269,blue,0,0,0
86,,6810410,1,20260827,,,,,,,,,,,,,,,3,35.5247220344857,134.4275,,,0,,0,,0,0,0,0,,269,269,blue,0,0,0
86,,6810420,1,20260827,3508,1305,,,,,,3330,1164,,,,,,3,35.33111103423862,136.352222,,,0,,0,,0,0,0,0,,0,269,blue,4813,4494,9307
86,,6810450,1,20260827,4761,248,,,,,,1423,71,,,,,,3,34.229683032767404,135.169164,,,0,,0,,0,0,0,0,,0,269,blue,5009,1494,6503
86,,6810492,1,20260827,5944,1387,,,,,,6050,1213,,,,,,3,34.5749167332401,135.6647778,,,0,,0,,0,0,0,0,,0,269,blue,7331,7263,14594
86,,6810500,1,20260827,,,,,,,,,,,,,,,3,34.58000003324698,135.466581,,,1,,0,,0,0,0,0,,0,269,blue,0,0,0
86,,6810510,1,20260827,,,,,,,,,,,,,,,3,34.5797220332466,135.466581,,,1,,0,,0,0,0,0,,0,269,blue,0,0,0
86,,6810540,1,20260827,,,,,,,,,,,,,,,3,34.36000003294702,135.269444,,,1,,0,,0,0,0,0,,0,269,blue,0,0,0
86,,6810550,1,20260827,,,,,,,,,,,,,,,3,34.32270003289575,135.19756,,,1,,0,,0,0,0,0,,0,269,blue,0,0,0
86,,6810551,1,20260827,8970,2083,,,,,,8528,1458,,,,,,3,34.32488893289876,135.1913056,,,0,,0,,0,0,0,0,,0,269,blue,11053,9986,21039
86,,6810552,1,20260827,4711,860,,,,,,4854,980,,,,,,3,34.31283333288218,135.1605,,,0,,0,,0,0,0,0,,0,269,blue,5571,5834,11405
86,,6810560,1,20260827,,,,,,,,,,,,,,,3,34.24805603279281,135.175,,,1,,0,,0,0,0,0,,0,269,blue,0,0,0
86,,6810580,1,20260827,5998,571,,,,,,2739,285,,,,,,3,35.633611034623065,136.021389,,,0,,0,,0,0,0,0,,0,269,blue,6569,3024,9593
86,,6810590,1,20260827,2971,658,,,,,,2854,366,,,,,,3,35.58083303455663,135.910417,,,0,,0,,0,0,0,0,,0,269,blue,3629,3220,6849
86,,6810610,1,20260827,3039,644,,,,,,2919,673,,,,,,3,35.469444034415524,135.825,,,0,,0,,0,0,0,0,,0,269,blue,3683,3592,7275
86,,6810620,1,20260827,3642,247,,,,,,3731,707,,,,,,3,35.483056034432835,135.666111,,,0,,0,,0,0,0,0,,0,269,blue,3889,4438,8327
86,,6810630,1,20260827,3315,659,,,,,,2687,646,,,,,,3,35.48805603443919,135.595833,,,0,,0,,0,0,0,0,,0,269,blue,3974,3333,7307
86,,6810660,1,20260827,3690,821,,,,,,3132,882,,,,,,3,35.48083303443001,135.421389,,,0,,0,,0,1,1,0,,0,269,blue,4511,4014,8525
86,,6810667,1,20260827,2665,293,,,,,,6339,1161,,,,,,3,35.46027781440387,135.3566667,,,0,,0,,0,1,1,0,,0,269,blue,2958,7500,10458
86,,6810670,1,20260827,4559,910,,,,,,4872,909,,,,,,3,35.414167034345056,135.333056,,,0,,0,,0,1,1,0,,0,269,blue,5469,5781,11250
86,,6810671,1,20260827,4754,871,,,,,,4861,879,,,,,,3,35.37888892429992,135.3169444,,,0,,0,,0,0,0,0,,0,269,blue,5625,5740,11365
86,,6810730,1,20260827,,,,,,,,,,,,,,,3,34.85305603361341,134.605278,,,0,,0,,0,0,0,0,,269,269,blue,0,0,0
86,,6810740,1,20260827,,,,,,,,,,,,,,,3,34.87691203364509,134.61312,,,0,,0,,0,0,0,0,,269,269,blue,0,0,0
86,,6810750,1,20260827,,,,,,,,,,,,,,,3,35.07068203390065,134.587422,,,0,,0,,0,0,0,0,,269,269,blue,0,0,0
86,,6810760,1,20260827,,,,,,,,,,,,,,,3,35.145672033998615,134.539014,,,0,,0,,0,0,0,0,,269,269,blue,0,0,0
86,,6810770,1,20260827,5484,1325,,,,,,4252,775,,,,,,3,33.692375032012194,135.984591,,,0,,0,,0,0,0,0,,0,269,blue,6809,5027,11836
86,,6810780,1,20260827,2193,345,,,,,,1029,1481,,,,,,3,33.61777803190555,135.927061,,,0,,0,,0,0,0,0,,0,269,blue,2538,2510,5048
86,,6810790,1,20260827,5343,621,,,,,,274,15,,,,,,3,33.56853903183492,135.910197,,,0,,0,,0,0,0,0,,0,269,blue,5964,289,6253
86,,6810800,1,20260827,3371,757,,,,,,3670,451,,,,,,3,33.50323103174097,135.806228,,,0,,0,,0,0,0,0,,0,269,blue,4128,4121,8249
86,,6810810,1,20260827,2592,802,,,,,,2679,655,,,,,,3,33.48392803171314,135.760481,,,0,,0,,0,0,0,0,,0,269,blue,3394,3334,6728
86,,6810820,1,20260827,0,0,,,,,,67,17,,,,,,3,33.509890031750565,135.60639100000003,,,0,,0,,0,0,0,0,,0,269,blue,0,84,84
86,,6810830,1,20260827,,,,,,,,,,,,,,,3,33.51850003176297,135.57,,,1,,0,,0,0,0,0,,0,269,blue,0,0,0
86,,6810840,1,20260827,271,52,,,,,,319,16,,,,,,3,33.554167031814266,135.458889,,,1,,0,,0,0,0,0,,0,269,blue,323,335,658
86,,6810850,1,20260827,3156,450,,,,,,466,31,,,,,,3,33.70273603202697,135.411942,,,0,,0,,0,0,0,0,,0,269,blue,3606,497,4103
86,,6810860,1,20260827,9828,547,,,,,,6818,596,,,,,,3,33.72250003205514,135.404722,,,0,,0,,0,0,0,0,,0,269,blue,10375,7414,17789
86,,6810880,1,20260827,0,0,,,,,,0,0,,,,,,3,33.748889032092684,135.3275,,,1,,0,,0,0,0,0,,0,269,blue,0,0,0
86,,6810890,1,20260827,3416,387,,,,,,3301,604,,,,,,3,33.7811110321385,135.3025,,,0,,0,,0,0,0,0,,0,269,blue,3803,3905,7708
86,,6810900,1,20260827,4826,422,,,,,,4642,630,,,,,,3,33.91892803233343,135.146508,,,0,,0,,0,0,0,0,,0,269,blue,5248,5272,10520
86,,6810910,1,20260827,3305,650,,,,,,0,0,,,,,,3,33.94659203237239,135.12965,,,0,,0,,0,0,0,0,,0,269,blue,3955,0,3955
86,,6810920,1,20260827,6993,1205,,,,,,5643,1162,,,,,,3,34.04305603250771,135.189722,,,0,,0,,0,0,0,0,,0,269,blue,8198,6805,15003
86,,6810930,1,20260827,,,,,,,,,,,,,,,3,34.047035032513286,135.189167,,,1,,0,,0,0,0,0,,0,269,blue,0,0,0
86,,6810950,1,20260827,,,,,,,,,,,,,,,3,34.19539403271991,135.169583,,,1,,0,,0,0,0,0,,0,269,blue,0,0,0
86,,6810960,1,20260827,806,291,,,,,,7031,1247,,,,,,3,33.74962803209376,135.359472,,,0,,0,,0,0,0,0,,0,269,blue,1097,8278,9375
86,,6810980,1,20260827,,,,,,,,,,,,,,,3,34.652222033344536,135.48972200000003,,,1,,0,,0,0,0,0,,0,269,blue,0,0,0
86,,6810990,1,20260827,589,718,,,,,,1726,1096,,,,,,3,35.551944034520155,136.098333,,,0,,0,,0,1,1,0,,0,269,blue,1307,2822,4129
86,,6811000,1,20260827,1191,806,,,,,,1310,810,,,,,,3,35.530000034492396,136.094444,,,0,,0,,0,0,0,0,,0,269,blue,1997,2120,4117
86,,6811010,1,20260827,2845,972,,,,,,2334,934,,,,,,3,35.47888903442754,136.083056,,,0,,0,,0,0,0,0,,0,269,blue,3817,3268,7085
86,,6811020,1,20260827,1228,491,,,,,,1201,473,,,,,,3,35.39750003432375,136.024722,,,0,,0,,0,0,0,0,,0,269,blue,1719,1674,3393
86,,6811030,1,20260827,13497,5265,,,,,,11182,3156,,,,,,3,35.28722203418211,136.018056,,,0,,0,,0,0,0,0,,0,269,blue,18762,14338,33100
86,,6811040,1,20260827,3538,2467,,,,,,5512,1770,,,,,,3,35.24777803413116,135.960556,,,0,,0,,0,0,0,0,,0,269,blue,6005,7282,13287
86,,6811050,1,20260827,,,,,,,,,,,,,,,3,35.237778034118236,135.943333,,,1,,0,,0,269,269,0,,0,269,blue,0,0,0
86,,6811080,1,20260827,,,,,,,,,,,,,,,3,34.71861103343382,135.569444,,,1,,0,,0,0,0,0,,0,269,blue,0,0,0
86,,6811120,1,20260827,3224,830,,,,,,3442,794,,,,,,3,35.0725560339031,135.008778,,,0,,0,,0,0,0,0,,0,269,blue,4054,4236,8290
86,,6811130,1,20260827,3365,1005,,,,,,2938,521,,,,,,3,35.12139403396696,135.005953,,,0,,0,,0,0,0,0,,0,269,blue,4370,3459,7829
86,,6811150,1,20260827,,,,,,,,,,,,,,,3,35.16055603401799,135.066111,,,0,,0,,0,0,0,0,,269,269,blue,0,0,0
86,,6811160,1,20260827,,,,,,,,,,,,,,,3,35.23305603411212,135.020833,,,0,,0,,0,0,0,0,,269,269,blue,0,0,0
86,,6811165,1,20260827,2887,1044,,,,,,2221,829,,,,,,3,35.28748503418245,134.977245,,,0,,0,,0,0,0,0,,0,269,blue,3931,3050,6981
86,,6811170,1,20260827,,,,,,,,,,,,,,,3,35.29111103418713,134.970556,,,0,,0,,0,0,0,0,,269,269,blue,0,0,0
86,,6811180,1,20260827,,,,,,,,,,,,,,,3,35.30305603420252,134.92,,,0,,0,,0,0,0,0,,269,269,blue,0,0,0
86,,6811190,1,20260827,,,,,,,,,,,,,,,3,35.34500003425647,134.801111,,,0,,0,,0,0,0,0,,269,269,blue,0,0,0
86,,6811200,1,20260827,,,,,,,,,,,,,,,3,35.36333303427999,134.759167,,,0,,0,,0,0,0,0,,269,269,blue,0,0,0
86,,6811210,1,20260827,4554,512,,,,,,4844,577,,,,,,3,35.49942303445363,134.790538,,,0,,0,,0,0,0,0,,0,269,blue,5066,5421,10487
86,,6811220,1,20260827,3972,450,,,,,,3872,392,,,,,,3,35.474942034422526,134.764925,,,0,,0,,0,0,0,0,,0,269,blue,4422,4264,8686
86,,6811230,1,20260827,3773,659,,,,,,3678,785,,,,,,3,35.43722003437449,134.767839,,,0,,0,,0,0,0,0,,0,269,blue,4432,4463,8895
86,,6811260,1,20260827,8132,1173,,,,,,8467,1877,,,,,,3,35.01754603383091,136.023618,,,0,,0,,0,0,0,0,,0,269,blue,9305,10344,19649
86,,6811310,1,20260827,,,,,,,,,,,,,,,3,34.78856603352747,134.816183,,,1,,0,,0,0,0,0,,0,269,blue,0,0,0
86,,6811320,1,20260827,,,,,,,,,,,,,,,3,34.81472203356237,134.673055,,,1,,0,,0,0,0,0,,0,269,blue,0,0,0
86,,6811340,1,20260827,7839,1538,,,,,,18361,3036,,,,,,3,34.83503003358942,134.618945,,,1,,0,,0,0,0,0,,0,269,blue,9377,21397,30774
86,,6811400,1,20260827,4794,1045,,,,,,4081,955,,,,,,3,34.54152803319483,135.675417,,,0,,0,,0,0,0,0,,0,269,blue,5839,5036,10875
88,,8810010,1,20260827,1551,569,0,,,,,1648,466,0,,,,,3,34.22576903276199,134.506281,,,1,0,0,0,0,0,0,0,0,0,269,blue,2120,2114,4234
88,,8810040,1,20260827,2295,804,0,,,,,2307,779,0,,,,,3,34.21202803274294,134.426444,,,0,0,0,0,0,0,0,0,0,0,269,blue,3099,3086,6185
88,,8810050,1,20260827,,,,,,,,,,,,,,,3,34.2426940327854,134.369389,,,1,0,0,0,0,1,1,0,0,0,269,blue,0,0,0
88,,8810060,1,20260827,,,,,,,,,,,,,,,3,34.24194403278437,134.333056,,,1,0,0,0,0,0,0,0,0,0,269,blue,0,0,0
88,,8810070,1,20260827,,,,,,,,,,,,,,,3,34.3096610328778,134.235686,,,1,0,0,0,0,0,0,0,0,0,269,blue,0,0,0
88,,8810080,1,20260827,,,,,,,,,,,,,,,3,34.323825032897304,134.203003,,,1,0,0,0,0,0,0,0,0,0,269,blue,0,0,0
88,,8810090,1,20260827,,,,,,,,,,,,,,,3,34.31055603287904,134.040556,,,1,0,0,0,0,0,0,0,0,0,269,blue,0,0,0
88,,8810100,1,20260827,,,,,,,,,,,,,,,3,34.31083303287942,134.040833,,,1,0,0,0,0,0,0,0,0,0,269,blue,0,0,0
88,,8810110,1,20260827,,,,,,,,,,,,,,,3,34.296344462859466,133.9267892,,,1,0,0,0,0,0,0,0,0,0,269,blue,0,0,0
88,,8810120,1,20260827,10102,797,0,,,,,8331,720,0,,,,,3,34.30830303287593,133.886,,,0,0,0,0,0,0,0,0,0,0,269,blue,10899,9051,19950
88,,8810130,1,20260827,,,,,,,,,,,,,,,3,34.28116903283854,133.818719,,,1,0,0,0,0,2,2,0,0,0,269,blue,0,0,0
88,,8810150,1,20260827,,,,,,,,,,,,,,,3,33.79388903215663,132.931944,,,1,0,0,0,0,0,0,0,0,0,269,blue,0,0,0
88,,8810160,1,20260827,8997,1322,0,,,,,10032,1052,0,,,,,3,34.251008032796896,133.916925,,,0,0,0,0,0,1,1,0,0,0,269,blue,10319,11084,21403
88,,8810170,1,20260827,6750,1357,0,,,,,6302,1524,0,,,,,3,34.183472032703364,133.834944,,,0,0,0,0,0,0,0,0,0,0,269,blue,8107,7826,15933
88,,8810180,1,20260827,2183,483,0,,,,,2198,338,0,,,,,3,34.15741703266719,133.82277800000003,,,0,0,0,0,0,0,0,0,0,0,269,blue,2666,2536,5202
88,,8810210,1,20260827,4008,867,0,,,,,3087,1052,0,,,,,3,34.02985603248925,133.814811,,,0,0,0,0,0,0,0,0,0,0,269,blue,4875,4139,9014
88,,8810220,1,20260827,2399,776,0,,,,,2684,625,0,,,,,3,33.99827503244498,133.788456,,,0,0,0,0,0,0,0,0,0,0,269,blue,3175,3309,6484
88,,8810270,1,20260827,1620,469,0,,,,,1512,594,0,,,,,3,33.699149792021856,133.6898053,,,0,0,0,0,0,0,0,0,0,0,269,blue,2089,2106,4195
88,,8810310,1,20260827,1388,90,0,,,,,1793,575,0,,,,,3,33.65416703195762,133.66,,,0,0,0,0,0,0,0,0,0,0,269,blue,1478,2368,3846
88,,8810340,1,20260827,,,,,,,,,,,,,,,3,33.55527803181588,133.460556,,,1,0,0,0,0,0,0,0,0,0,269,blue,0,0,0
88,,8810380,1,20260827,,,,,,,,,,,,,,,3,33.555000031815474,133.139444,,,1,0,0,0,0,0,0,0,0,0,269,blue,0,0,0
88,,8810400,1,20260827,,,,,,,,,,,,,,,3,33.58111103185298,132.9925,,,1,0,0,0,0,0,0,0,0,0,269,blue,0,0,0
88,,8810410,1,20260827,1285,191,0,,,,,1239,365,0,,,,,3,33.61805603190595,132.933333,,,0,0,0,0,0,0,0,0,0,0,269,blue,1476,1604,3080
88,,8810420,1,20260827,1592,212,0,,,,,1555,499,0,,,,,3,33.62777803191986,132.916389,,,0,0,0,0,0,0,0,0,0,0,269,blue,1804,2054,3858
88,,8810430,1,20260827,1893,372,0,,,,,2006,531,0,,,,,3,33.646667031946905,132.905833,,,0,0,0,0,0,0,0,0,0,0,269,blue,2265,2537,4802
88,,8810450,1,20260827,,,,,,,,,,,,,,,3,33.68178252199708,132.8835762,,,1,0,0,0,0,0,0,0,0,0,269,blue,0,0,0
88,,8810510,1,20260827,,,,,,,,,,,,,,,3,33.73555603207373,132.811667,,,1,0,0,0,0,0,0,0,0,0,269,blue,0,0,0
88,,8810520,1,20260827,,,,,,,,,,,,,,,6,33.80277803216924,132.7775,,,1,0,0,0,0,1,1,0,0,0,269,blue,0,0,0
88,,8810530,1,20260827,9551,2137,0,,,,,11083,1923,0,,,,,3,33.80679213217494,132.7455604,,,0,0,0,0,0,0,0,0,0,0,269,blue,11688,13006,24694
88,,8810560,1,20260827,825,86,0,,,,,762,85,0,,,,,3,33.883114032282926,134.645522,,,1,0,0,0,0,0,0,0,0,0,269,blue,911,847,1758
88,,8810570,1,20260827,3788,601,0,,,,,3999,754,0,,,,,3,33.87310303226879,134.637228,,,1,0,0,0,0,0,0,0,0,0,269,blue,4389,4753,9142
88,,8810580,1,20260827,2436,378,0,,,,,2630,256,0,,,,,3,33.8064830321745,134.590708,,,1,0,0,0,0,0,0,0,0,0,269,blue,2814,2886,5700
88,,8810640,1,20260827,1523,259,0,,,,,1544,180,0,,,,,3,33.72289703205572,134.519397,,,1,0,0,0,0,0,0,0,0,0,269,blue,1782,1724,3506
88,,8810660,1,20260827,2115,422,0,,,,,2151,327,0,,,,,3,33.66041903196656,134.406369,,,0,0,0,0,0,0,0,0,0,0,269,blue,2537,2478,5015
88,,8810670,1,20260827,1636,118,0,,,,,1409,265,0,,,,,3,33.58200303185425,134.323467,,,1,0,0,0,0,0,0,0,0,0,269,blue,1754,1674,3428
88,,8810690,1,20260827,,,,,,,,,,,,,,,3,33.49111103172349,134.261667,,,1,0,0,0,0,0,0,0,0,0,269,blue,0,0,0
88,,8810720,1,20260827,,,,,,,,,,,,,,,3,33.33499901149748,134.1973409,,,1,0,0,0,0,0,0,0,0,0,269,blue,0,0,0
88,,8810730,1,20260827,,,,,,,,,,,,,,,3,33.2510477313752,134.1807112,,,1,0,0,0,0,0,0,0,0,0,269,blue,0,0,0
88,,8810740,1,20260827,,,,,,,,,,,,,,,3,33.29972203144615,134.123333,,,1,0,0,0,0,0,0,0,0,0,269,blue,0,0,0
88,,8810750,1,20260827,,,,,,,,,,,,,,,3,33.371439791550394,134.039855,,,1,0,0,0,0,0,0,0,0,0,269,blue,0,0,0
88,,8810760,1,20260827,,,,,,,,,,,,,,,3,33.42416703162678,134.023333,,,1,0,0,0,0,0,0,0,0,0,269,blue,0,0,0
88,,8810780,1,20260827,,,,,,,,,,,,,,,3,33.441944031652504,133.966111,,,1,0,0,0,0,0,0,0,0,0,269,blue,0,0,0
88,,8810820,1,20260827,,,,,,,,,,,,,,,3,33.5033880317412,133.878652,,,1,0,0,0,0,0,0,0,0,0,269,blue,0,0,0
88,,8810840,1,20260827,,,,,,,,,,,,,,,3,33.525000031772315,133.760278,,,1,0,0,0,0,0,0,0,0,0,269,blue,0,0,0
88,,8810850,1,20260827,5001,1043,0,,,,,556,363,0,,,,,3,33.42055603162157,133.301944,,,0,0,0,0,0,0,0,0,0,0,269,blue,6044,919,6963
88,,8810880,1,20260827,581,63,0,,,,,575,156,0,,,,,3,33.3074340314574,133.179556,,,0,0,0,0,0,0,0,0,0,0,269,blue,644,731,1375
88,,8810890,1,20260827,1209,356,0,,,,,1,3,0,,,,,3,33.28855103142989,133.172023,,,0,0,0,0,0,0,0,0,0,0,269,blue,1565,4,1569
88,,8810910,1,20260827,1352,253,0,,,,,5,1,0,,,,,3,33.266597031397886,133.171467,,,0,0,0,0,0,0,0,0,0,0,269,blue,1605,6,1611
88,,8810920,1,20260827,2957,588,0,,,,,2884,461,0,,,,,3,33.21880803132811,133.140708,,,0,0,0,0,0,0,0,0,0,0,269,blue,3545,3345,6890
88,,8810940,1,20260827,4679,476,0,,,,,4349,551,0,,,,,3,33.0089042010197,132.9856986,,,0,0,0,0,0,0,0,0,0,0,269,blue,5155,4900,10055
88,,8810960,1,20260827,2565,301,0,,,,,2463,456,0,,,,,3,32.97816103097427,132.889125,,,0,0,0,0,0,0,0,0,0,0,269,blue,2866,2919,5785
88,,8810970,1,20260827,2131,503,0,,,,,2415,217,0,,,,,3,32.977644030973515,132.885636,,,0,0,0,0,0,0,0,0,0,0,269,blue,2634,2632,5266
88,,8811000,1,20260827,4101,272,0,,,,,4238,247,0,,,,,3,32.96687203095758,132.865489,,,0,0,0,0,0,0,0,0,0,0,269,blue,4373,4485,8858
88,,8811020,1,20260827,1552,445,0,,,,,1706,364,0,,,,,3,32.96457803095418,132.816661,,,0,0,0,0,0,0,0,0,0,0,269,blue,1997,2070,4067
88,,8811040,1,20260827,2500,470,0,,,,,2951,204,0,,,,,3,32.95833303094494,132.796389,,,0,0,0,0,0,0,0,0,0,0,269,blue,2970,3155,6125
88,,8811050,1,20260827,4529,406,0,,,,,4868,324,0,,,,,3,32.93641403091248,132.736475,,,0,0,0,0,0,0,0,0,0,0,269,blue,4935,5192,10127
88,,8811060,1,20260827,1608,302,0,,,,,1654,169,0,,,,,3,32.969853030961985,132.683747,,,0,0,0,0,0,0,0,0,0,0,269,blue,1910,1823,3733
88,,8811070,1,20260827,633,117,0,,,,,706,90,0,,,,,3,32.970303030962654,132.665209,,,1,0,0,0,0,15,15,0,0,0,269,blue,750,796,1546
88,,8811080,1,20260827,2197,186,0,,,,,2210,370,0,,,,,3,32.95232903093605,132.60067,,,0,0,0,0,0,2,2,0,0,0,269,blue,2383,2580,4963
88,,8811090,1,20260827,2331,527,0,,,,,2630,302,0,,,,,3,32.9541190309387,132.584276,,,0,0,0,0,0,2,2,0,0,0,269,blue,2858,2932,5790
88,,8811110,1,20260827,2060,259,0,,,,,1591,276,0,,,,,3,33.04654603107523,132.48536,,,0,0,0,0,0,2,2,0,0,0,269,blue,2319,1867,4186
88,,8811130,1,20260827,2752,397,0,,,,,2788,618,0,,,,,3,33.0789110311229,132.49507,,,0,0,0,0,0,2,2,0,0,0,269,blue,3149,3406,6555
88,,8811140,1,20260827,1534,189,0,,,,,1503,193,0,,,,,3,33.11350003117377,132.518333,,,0,0,0,0,0,2,2,0,0,0,269,blue,1723,1696,3419
88,,8811150,1,20260827,2718,613,0,,,,,2761,613,0,,,,,3,33.12469803119022,132.521282,,,0,0,0,0,0,2,2,0,0,0,269,blue,3331,3374,6705
88,,8811170,1,20260827,2218,409,0,,,,,2066,393,0,,,,,3,33.49517003172935,132.54537,,,0,0,0,0,0,0,0,0,0,0,269,blue,2627,2459,5086
88,,8811180,1,20260827,1749,354,0,,,,,1597,275,0,,,,,3,33.15677703123728,132.5469,,,0,0,0,0,0,2,2,0,0,0,269,blue,2103,1872,3975
88,,8811190,1,20260827,3570,275,0,,,,,3595,583,0,,,,,3,33.264024031394136,132.552651,,,0,0,0,0,0,2,2,0,0,0,269,blue,3845,4178,8023
88,,8811210,1,20260827,9581,1247,0,,,,,9181,1826,0,,,,,3,33.23340003134943,132.559577,,,0,0,0,0,0,2,2,0,0,0,269,blue,10828,11007,21835
88,,8811220,1,20260827,4440,512,0,,,,,3931,893,0,,,,,3,33.21975503132949,132.55883,,,0,0,0,0,0,2,2,0,0,0,269,blue,4952,4824,9776
88,,8811230,1,20260827,8817,1442,0,,,,,9563,1081,0,,,,,3,33.21400003132108,132.545961,,,0,0,0,0,0,2,2,0,0,0,269,blue,10259,10644,20903
88,,8811240,1,20260827,3839,812,0,,,,,3648,495,0,,,,,3,33.187563031282394,132.543219,,,0,0,0,0,0,2,2,0,0,0,269,blue,4651,4143,8794
88,,8811250,1,20260827,,,,,,,,,,,,,,,3,33.623917031914345,132.69675,,,1,0,0,0,0,0,0,0,0,0,269,blue,0,0,0
88,,8811260,1,20260827,,,,,,,,,,,,,,,3,33.63910303193607,132.70852,,,1,0,0,0,0,0,0,0,0,0,269,blue,0,0,0
88,,8811300,1,20260827,3551,849,0,,,,,3658,762,0,,,,,3,33.701111032024656,132.7075,,,0,0,0,0,0,0,0,0,0,0,269,blue,4400,4420,8820
88,,8811320,1,20260827,3457,561,0,,,,,3006,885,0,,,,,3,33.99242782243679,133.6034113,,,0,0,0,0,0,0,0,0,0,0,269,blue,4018,3891,7909
88,,8811330,1,20260827,1348,338,0,,,,,1255,453,0,,,,,3,33.99611044244195,133.6571521,,,0,0,0,0,0,0,0,0,0,0,269,blue,1686,1708,3394
88,,8811360,1,20260827,1177,340,0,,,,,1097,310,0,,,,,3,34.015556032469206,133.77361100000002,,,1,0,0,0,0,0,0,0,0,0,269,blue,1517,1407,2924
88,,8811430,1,20260827,,,,,,,,,,,,,,,3,33.981944032422064,132.778333,,,1,0,0,0,0,0,0,0,0,0,269,blue,0,0,0
88,,8811450,1,20260827,6074,1109,0,,,,,5439,1210,0,,,,,3,33.98044403241997,133.057088,,,0,0,0,0,0,0,0,0,0,0,269,blue,7183,6649,13832
89,,9810010,1,20260827,12634,950,0,,,,,10489,816,0,,,,,3,33.86852803226232,130.79675,,,0,0,0,0,0,0,0,0,0,0,269,blue,13584,11305,24889
89,,9810020,1,20260827,,,,,,,,,,,,,,,3,33.835259032215276,130.608521,,,1,0,0,0,0,0,0,0,0,0,269,blue,0,0,0
89,,9810030,1,20260827,16938,2354,0,,,,,16851,2192,0,,,,,3,33.78978203215081,130.567337,,,0,0,0,0,0,0,0,0,0,0,269,blue,19292,19043,38335
89,,9810040,1,20260827,25909,2272,0,,,,,26907,3001,0,,,,,3,33.744955032087105,130.488242,,,0,0,0,0,0,0,0,0,0,0,269,blue,28181,29908,58089
89,,9810050,1,20260827,,,,,,,,,,,,,,,3,33.73691203207566,130.478193,,,1,0,0,0,0,0,0,0,0,0,269,blue,0,0,0
89,,9810070,1,20260827,12733,1767,0,,,,,12840,2019,0,,,,,3,33.52600403177376,130.49557,,,1,0,0,0,0,74,74,0,0,0,269,blue,14500,14859,29359
89,,9810080,1,20260827,21371,3028,0,,,,,17023,2624,0,,,,,3,33.51100303175216,130.511069,,,0,0,0,0,0,0,0,0,0,0,269,blue,24399,19647,44046
89,,9810090,1,20260827,12398,1274,0,,,,,13489,1931,0,,,,,3,33.510200031751005,130.520977,,,1,0,0,0,0,77,77,0,0,0,269,blue,13672,15420,29092
89,,9810100,1,20260827,14008,2984,0,,,,,15001,2863,0,,,,,3,33.477797031704284,130.53932,,,0,0,0,0,0,0,0,0,0,0,269,blue,16992,17864,34856
89,,9810120,1,20260827,,,,,,,,,,,,,,,3,33.33966203150427,130.525942,,,1,,,,,,,,,,269,blue,0,0,0
89,,9810130,1,20260827,2803,1310,0,,,,,2340,1425,0,,,,,3,33.19870703129871,130.60119,,,0,0,0,0,0,0,0,0,0,0,269,blue,4113,3765,7878
89,,9810140,1,20260827,,,,,,,,,,,,,,,3,33.170447031257325,130.617432,,,1,0,0,0,0,0,0,0,0,0,269,blue,0,0,0
89,,9810150,1,20260827,20941,2431,0,,,,,21067,2214,0,,,,,3,33.86806903226167,130.775199,,,0,0,0,0,0,0,0,0,0,0,269,blue,23372,23281,46653
89,,9810160,1,20260827,16489,1887,0,,,,,,,,,,,,3,33.86432503225638,130.74688,,,0,0,0,0,0,0,0,0,0,0,269,blue,18376,0,18376
89,,9810170,1,20260827,,,,,,,,,,,,,,,3,33.648732031949855,130.441499,,,1,0,0,0,0,0,0,0,0,0,269,blue,0,0,0
89,,9810180,1,20260827,25207,3456,0,,,,,25560,3547,0,,,,,3,33.61500003190157,130.438611,,,0,0,0,0,0,0,0,0,0,0,269,blue,28663,29107,57770
89,,9810190,1,20260827,,,,,,,,,,,,,,,3,33.4496850316637,130.546326,,,1,0,0,0,0,0,0,0,0,0,269,blue,0,0,0
89,,9810200,1,20260827,,,,,,,,,,,,,,,3,33.41916903161956,130.532642,,,1,,,,,,,,,,269,blue,0,0,0
89,,9810210,1,20260827,,,,,,,,,,,,,,,3,32.92737203089908,130.698429,,,1,0,0,0,0,0,0,0,0,0,269,blue,0,0,0
89,,9810230,1,20260827,,,,,,,,,,,,,,,3,32.33541003001024,130.485852,,,1,0,0,0,0,0,0,0,0,0,269,blue,0,0,0
89,,9810240,1,20260827,1446,239,0,,,,,1472,191,0,,,,,3,32.24685302987536,130.498828,,,0,0,0,0,0,0,0,0,0,0,269,blue,1685,1663,3348
89,,9810260,1,20260827,,,,,,,,,,,,,,,3,32.06933302960361,130.240833,,,1,0,0,0,0,0,0,0,0,0,269,blue,0,0,0
89,,9810270,1,20260827,,,,,,,,,,,,,,,3,32.05996802958923,130.223169,,,1,0,0,0,0,0,0,0,0,0,269,blue,0,0,0
89,,9810280,1,20260827,,,,,,,,,,,,,,,3,32.00103302949858,130.195866,,,1,0,0,0,0,0,0,0,0,0,269,blue,0,0,0
89,,9810290,1,20260827,,,,,,,,,,,,,,,3,31.77354502914685,130.301221,,,1,0,0,0,0,0,0,0,0,0,269,blue,0,0,0
89,,9810300,1,20260827,,,,,,,,,,,,,,,3,31.752394029113987,130.297198,,,1,0,0,0,0,0,0,0,0,0,269,blue,0,0,0
89,,9810310,1,20260827,,,,,,,,,,,,,,,3,31.671780028988586,130.334671,,,1,0,0,0,0,0,0,0,0,0,269,blue,0,0,0
89,,9810320,1,20260827,,,,,,,,,,,,,,,3,31.644384028945897,130.514685,,,1,0,0,0,0,0,0,0,0,0,269,blue,0,0,0
89,,9810330,1,20260827,13964,827,0,,,,,12299,659,0,,,,,3,31.593127028865894,130.55217,,,0,0,0,0,0,0,0,0,0,0,269,blue,14791,12958,27749
89,,9810340,1,20260827,,,,,,,,,,,,,,,3,31.774587029148464,130.294585,,,1,0,0,0,0,0,0,0,0,0,269,blue,0,0,0
89,,9810350,1,20260827,,,,,,,,14021,1679,0,,,,,3,31.586173028855043,130.521497,,,0,0,0,0,0,0,0,0,0,0,269,blue,0,15700,15700
89,,9810360,1,20260827,,,,,,,,,,,,,,,3,33.6356250319311,131.074923,,,1,0,0,0,0,1,1,0,1,0,269,blue,0,0,0
89,,9810370,1,20260827,,,,,,,,,,,,,,,3,33.60811903189171,131.1134,,,0,0,0,0,0,260,260,261,204,0,269,blue,0,0,0
89,,9810380,1,20260827,,,,,,,,,,,,,,,3,33.55407703181414,131.25154,,,1,0,0,0,0,0,0,0,0,0,269,blue,0,0,0
89,,9810390,1,20260827,,,,,,,,,,,,,,,3,33.47356403169818,131.495973,,,1,0,0,0,0,0,0,0,0,0,269,blue,0,0,0
89,,9810400,1,20260827,,,,,,,,,,,,,,,3,33.4199570316207,131.549075,,,1,0,0,0,0,0,0,0,0,0,269,blue,0,0,0
89,,9810410,1,20260827,15873,1256,0,,,,,14003,1113,0,,,,,3,33.35718603152971,131.497308,,,0,0,0,0,0,0,0,0,0,0,269,blue,17129,15116,32245
89,,9810420,1,20260827,20782,1920,0,,,,,21479,2477,0,,,,,3,33.28844603142974,131.50415600000002,,,0,0,0,0,0,0,0,0,0,0,269,blue,22702,23956,46658
89,,9810430,1,20260827,11022,1360,0,,,,,11829,1178,0,,,,,3,33.1773230312674,131.619615,,,0,0,0,0,0,0,0,0,0,0,269,blue,12382,13007,25389
89,,9810440,1,20260827,,,,,,,,9929,1848,0,,,,,3,33.091164031140934,131.647172,,,0,0,0,0,0,0,0,0,0,0,269,blue,0,11777,11777
89,,9810450,1,20260827,113,11,0,,,,,81,26,0,,,,,3,33.07813503112177,131.638559,,,0,0,0,0,0,48,48,1,129,0,269,blue,124,107,231
89,,9810460,1,20260827,74,8,0,,,,,54,19,0,,,,,3,33.03375103105637,131.689156,,,0,0,0,0,0,24,24,0,68,0,269,blue,82,73,155
89,,9810470,1,20260827,40,3,0,,,,,31,12,0,,,,,3,33.001599031008915,131.788698,,,0,0,0,0,0,56,56,1,81,0,269,blue,43,43,86
89,,9810480,1,20260827,57,6,0,,,,,70,23,0,,,,,3,32.95275303093668,131.841525,,,0,0,0,0,0,43,43,0,107,0,269,blue,63,93,156
89,,9810490,1,20260827,19,4,0,,,,,12,8,0,,,,,3,32.92192503089102,131.801353,,,0,0,0,0,0,20,20,0,58,0,269,blue,23,20,43
89,,9810500,1,20260827,6,3,0,,,,,5,3,0,,,,,3,32.84521503077709,131.718143,,,0,0,0,0,0,19,19,0,66,0,269,blue,9,8,17
89,,9810510,1,20260827,,,,,,,,,,,,,,,3,33.53550003178742,131.301439,,,1,0,0,0,0,0,0,0,0,0,269,blue,0,0,0
89,,9810520,1,20260827,,,,,,,,10663,934,0,,,,,3,33.17727003126732,131.636491,,,0,0,0,0,0,1,1,0,0,0,269,blue,0,11597,11597
89,,9810530,1,20260827,2,1,0,,,,,2,2,0,,,,,3,32.76588703065887,131.69922,,,0,0,0,0,0,41,41,3,120,0,269,blue,3,4,7
89,,9810540,1,20260827,0,0,0,,,,,0,0,0,,,,,3,32.73308003060985,131.712307,,,1,0,0,0,0,5,5,0,18,0,269,blue,0,0,0
89,,9810550,1,20260827,2,0,0,,,,,1,0,0,,,,,3,32.680641030531355,131.69547,,,1,0,0,0,0,10,10,0,10,0,269,blue,2,1,3
89,,9810560,1,20260827,0,0,0,,,,,0,0,0,,,,,3,32.6162990304348,131.682165,,,1,0,0,0,0,10,10,1,20,0,269,blue,0,0,0
89,,9810580,1,20260827,9,1,0,,,,,5,1,0,,,,,3,32.56240603035372,131.681538,,,1,0,0,0,0,3,3,0,9,0,269,blue,10,6,16
89,,9810590,1,20260827,,,,,,,,,,,,,,,3,32.512945030279155,131.682071,,,1,0,0,0,0,74,74,146,111,0,269,blue,0,0,0
89,,9810600,1,20260827,3,0,0,,,,,2,0,0,,,,,3,32.505475030267874,131.671612,,,1,0,0,0,0,19,19,2,34,0,269,blue,3,2,5
89,,9810610,1,20260827,17,2,0,,,,,12,2,0,,,,,3,32.48380003023514,131.65983,,,1,0,0,0,0,5,5,0,8,0,269,blue,19,14,33
89,,9810620,1,20260827,5,4,0,,,,,8,1,0,,,,,3,32.44750003018023,131.634167,,,1,0,0,0,0,17,17,0,25,0,269,blue,9,9,18
89,,9810630,1,20260827,2,1,0,,,,,2,0,0,,,,,3,32.34169203001978,131.615818,,,1,0,0,0,0,5,5,0,12,0,269,blue,3,2,5
89,,9810640,1,20260827,,,,,,,,,,,,,,,3,32.118920029679714,131.525151,,,1,0,0,0,0,12,12,0,13,0,269,blue,0,0,0
89,,9810650,1,20260827,,,,,,,,,,,,,,,3,32.04093702955998,131.469141,,,1,0,0,0,0,45,45,0,87,0,269,blue,0,0,0
89,,9810660,1,20260827,,,,,,,,,,,,,,,3,31.943136029409334,131.344339,,,1,0,0,0,0,0,0,0,0,0,269,blue,0,0,0
89,,9810670,1,20260827,,,,,,,,,,,,,,,3,31.95151902942227,131.26782500000002,,,1,0,0,0,0,0,0,0,0,0,269,blue,0,0,0
89,,9810680,1,20260827,,,,,,,,,,,,,,,3,31.916759029368613,131.228421,,,1,0,0,0,0,0,0,0,0,0,269,blue,0,0,0
89,,9810690,1,20260827,,,,,,,,,,,,,,,3,31.831007029235955,131.126939,,,1,0,0,0,0,0,0,0,0,0,269,blue,0,0,0
89,,9810700,1,20260827,,,,,,,,,,,,,,,3,31.70972202904765,131.054167,,,1,0,0,0,0,0,0,0,0,0,269,blue,0,0,0
89,,9810710,1,20260827,,,,,,,,,,,,,,,3,31.70997802904806,131.024809,,,1,0,0,0,0,0,0,0,0,0,269,blue,0,0,0
89,,9810720,1,20260827,,,,,,,,,,,,,,,3,31.661481028972545,130.889721,,,1,0,0,0,0,0,0,0,0,0,269,blue,0,0,0
89,,9810730,1,20260827,,,,,,,,,,,,,,,3,31.723242029068686,130.809578,,,1,0,0,0,0,0,0,0,0,0,269,blue,0,0,0
89,,9810740,1,20260827,,,,,,,,,,,,,,,3,33.30389903145224,130.368554,,,1,,,,,,,,,,269,blue,0,0,0
89,,9810750,1,20260827,,,,,,,,,,,,,,,3,33.27419603140898,130.293549,,,1,,,,,,,,,,269,blue,0,0,0
89,,9810760,1,20260827,,,,,,,,,,,,,,,3,33.26474303139519,130.245086,,,1,,,,,,,,,,269,blue,0,0,0
89,,9810770,1,20260827,,,,,,,,,,,,,,,3,33.26041603138888,130.218458,,,1,,,,,,,,,,269,blue,0,0,0
89,,9810780,1,20260827,,,,,,,,,,,,,,,3,33.23447503135101,130.18203100000002,,,1,,,,,,,,,,269,blue,0,0,0
89,,9810790,1,20260827,,,,,,,,,,,,,,,3,33.22225103133315,130.172161,,,1,,,,,,,,,,269,blue,0,0,0
89,,9810800,1,20260827,,,,,,,,,,,,,,,3,33.219025031328435,130.143217,,,1,,,,,,,,,,269,blue,0,0,0
89,,9810810,1,20260827,,,,,,,,,,,,,,,3,33.21595003132393,130.087452,,,1,,,,,,,,,,269,blue,0,0,0
89,,9810820,1,20260827,,,,,,,,,,,,,,,3,33.21877403132806,130.052459,,,1,,,,,,,,,,269,blue,0,0,0
89,,9810830,1,20260827,,,,,,,,,,,,,,,3,33.207839031312076,130.047967,,,1,,,,,,,,,,269,blue,0,0,0
89,,9810840,1,20260827,77,29,0,,,,,52,21,0,,,,,3,33.07291503111407,129.960829,,,0,0,0,0,0,0,0,0,0,0,269,blue,106,73,179
89,,9810850,1,20260827,6358,890,0,,,,,6245,1056,0,,,,,3,32.995999031000636,129.948701,,,0,0,0,0,0,0,0,0,0,0,269,blue,7248,7301,14549
89,,9810860,1,20260827,,,,,,,,,,,,,,,3,32.9044610308651,129.957531,,,1,0,0,0,0,0,0,0,0,0,269,blue,0,0,0
89,,9810870,1,20260827,,,,,,,,,,,,,,,3,32.8905010308444,129.971348,,,1,0,0,0,0,0,0,0,0,0,269,blue,0,0,0
89,,9810890,1,20260827,,,,,,,,,,,,,,,3,32.87494503082128,130.02412,,,1,0,0,0,0,0,0,0,0,0,269,blue,0,0,0
89,,9810900,1,20260827,4657,391,0,,,,,4942,461,0,,,,,3,32.83967403076884,130.024592,,,0,0,0,0,0,0,0,0,0,0,269,blue,5048,5403,10451
89,,9810910,1,20260827,,,,,,,,,,,,,,,3,33.19594003129466,129.977938,,,1,0,0,0,0,0,0,0,0,0,269,blue,0,0,0
89,,9810920,1,20260827,411,56,0,,,,,401,45,0,,,,,3,33.191150031287656,129.943948,,,1,0,0,0,0,0,0,0,0,0,269,blue,467,446,913
89,,9810930,1,20260827,4222,783,0,,,,,4254,733,0,,,,,3,33.18881403128423,129.9054,,,0,0,0,0,0,0,0,0,0,0,269,blue,5005,4987,9992
89,,9810940,1,20260827,71,31,0,,,,,58,21,0,,,,,3,32.97184603096493,131.383534,,,0,0,0,0,0,18,18,1,64,0,269,blue,102,79,181
89,,9810950,1,20260827,60,31,0,,,,,57,18,0,,,,,3,32.96828103095967,131.382552,,,0,0,0,0,0,20,20,0,64,0,269,blue,91,75,166
89,,9810960,1,20260827,23,17,0,,,,,19,13,0,,,,,3,32.96091703094877,131.248695,,,0,0,0,0,0,13,13,2,59,0,269,blue,40,32,72
89,,9810970,1,20260827,118,43,0,,,,,1,3,0,,,,,3,33.03288603105509,131.537821,,,0,0,0,0,0,41,41,0,104,0,269,blue,161,4,165
89,,9810980,1,20260827,,,,,,,,,,,,,,,3,33.00262303101042,131.45315500000004,,,1,0,0,0,0,108,108,182,136,0,269,blue,0,0,0
89,,9810990,1,20260827,,,,,,,,,,,,,,,3,32.96097103094884,131.244117,,,1,0,0,0,0,0,0,0,0,0,269,blue,0,0,0
89,,9811000,1,20260827,5504,1249,0,,,,,5796,1137,0,,,,,3,32.93530403091085,131.035064,,,0,0,0,0,0,0,0,0,0,0,269,blue,6753,6933,13686
89,,9811010,1,20260827,,,,,,,,,,,,,,,3,32.87672503082393,130.954853,,,1,0,0,0,0,0,0,0,0,0,269,blue,0,0,0
89,,9811020,1,20260827,,,,,,,,,,,,,,,3,32.614306030431806,130.462111,,,1,0,0,0,0,0,0,0,0,0,269,blue,0,0,0
89,,9811030,1,20260827,,,,,,,,,,,,,,,3,32.72539603059835,130.251342,,,1,,,,,,,,,,269,blue,0,0,0
89,,9811040,1,20260827,,,,,,,,,,,,,,,3,32.72077403059144,130.234748,,,1,,,,,,,,,,269,blue,0,0,0
89,,9811050,1,20260827,,,,,,,,,,,,,,,3,32.73587103061402,130.209003,,,1,,,,,,,,,,269,blue,0,0,0
89,,9811060,1,20260827,,,,,,,,,,,,,,,3,32.808908030723025,130.149506,,,1,,,,,,,,,,269,blue,0,0,0
89,,9811070,1,20260827,,,,,,,,,,,,,,,3,32.836521030764146,130.094768,,,1,,,,,,,,,,269,blue,0,0,0
89,,9811080,1,20260827,,,,,,,,,,,,,,,3,32.83196203075736,130.053336,,,1,,,,,,,,,,269,blue,0,0,0
89,,9811090,1,20260827,1,0,0,,,,,0,0,0,,,,,3,33.61888103190713,130.568781,,,0,0,0,0,0,256,256,2,204,0,269,blue,1,0,1
89,,9811100,1,20260827,0,0,0,,,,,1,0,0,,,,,3,33.61860003190672,130.579442,,,0,0,0,0,0,224,224,10,204,0,269,blue,0,1,1
89,,9811110,1,20260827,,,,,,,,,,,,,,,3,33.62194303191151,130.588462,,,1,0,0,0,0,2,2,0,2,0,269,blue,0,0,0
89,,9811120,1,20260827,,,,,,,,,,,,,,,3,33.65684603196145,130.750269,,,1,,,,,,,,,,269,blue,0,0,0
89,,9811130,1,20260827,,,,,,,,,,,,,,,3,33.6514250319537,130.761828,,,1,,,,,,,,,,269,blue,0,0,0
89,,9811140,1,20260827,,,,,,,,,,,,,,,3,33.64137503193933,130.764099,,,1,0,0,0,0,1,1,0,1,0,269,blue,0,0,0
89,,9811150,1,20260827,,,,,,,,,,,,,,,3,33.65331703195642,130.807798,,,1,0,0,0,0,1,1,0,1,0,269,blue,0,0,0
89,,9811170,1,20260827,,,,,,,,,,,,,,,3,33.37200003155121,130.3311,,,1,,,,,,,,,,269,blue,0,0,0
89,,9811180,1,20260827,,,,,,,,,,,,,,,3,33.6231190319132,130.671342,,,1,,,,,,,,,,269,blue,0,0,0
89,,9811190,1,20260827,,,,,,,,,,,,,,,3,33.74379703208545,130.970335,,,1,0,0,0,0,0,0,0,0,0,269,blue,0,0,0
89,,9811210,1,20260827,2466,187,0,,,,,2453,271,0,,,,,3,33.50948303174998,130.110769,,,0,0,0,0,0,0,0,0,0,0,269,blue,2653,2724,5377
89,,9811220,1,20260827,1201,137,0,,,,,1193,66,0,,,,,3,33.501667031738705,130.069167,,,0,0,0,0,0,0,0,0,0,0,269,blue,1338,1259,2597
89,,9811240,1,20260827,5533,1153,0,,,,,0,0,0,,,,,3,33.522842031769216,130.168427,,,0,0,0,0,0,0,0,0,0,0,269,blue,6686,0,6686
89,,9811250,1,20260827,9514,890,0,,,,,12,63,0,,,,,3,33.51344603175569,130.14563,,,0,0,0,0,0,0,0,0,0,0,269,blue,10404,75,10479
89,,9811260,1,20260827,1264,126,0,,,,,1407,90,0,,,,,3,33.45431303167039,130.042275,,,0,0,0,0,0,0,0,0,0,0,269,blue,1390,1497,2887
89,,9811270,1,20260827,8015,614,0,,,,,7146,1580,0,,,,,3,33.431110031636834,129.991737,,,0,0,0,0,0,0,0,0,0,0,269,blue,8629,8726,17355
89,,9811280,1,20260827,,,,,,,,,,,,,,,3,33.348904031517684,129.933234,,,1,0,0,0,0,0,0,0,0,0,269,blue,0,0,0
89,,9811290,1,20260827,,,,,,,,,,,,,,,3,33.331844031492885,129.928169,,,1,0,0,0,0,0,0,0,0,0,269,blue,0,0,0
89,,9811300,1,20260827,810,88,0,,,,,849,83,0,,,,,3,33.268208031400235,129.88248900000002,,,1,0,0,0,0,0,0,0,0,0,269,blue,898,932,1830
89,,9811310,1,20260827,,,,,,,,,,,,,,,3,33.24091903136041,129.850727,,,1,0,0,0,0,0,0,0,0,0,269,blue,0,0,0
89,,9811320,1,20260827,3347,414,0,,,,,2925,374,0,,,,,3,33.45989003167844,130.040128,,,0,0,0,0,0,0,0,0,0,0,269,blue,3761,3299,7060
89,,9811330,1,20260827,631,102,0,,,,,622,95,0,,,,,3,33.38450403156936,129.984455,,,1,0,0,0,0,0,0,0,0,0,269,blue,733,717,1450
89,,9811340,1,20260827,,,,,,,,,,,,,,,6,33.31161503146347,130.070351,,,1,,,,,,,,,,269,blue,0,0,0
89,,9811350,1,20260827,,,,,,,,,,,,,,,3,33.304966031453795,130.076971,,,1,,,,,,,,,,269,blue,0,0,0
89,,9811360,1,20260827,7497,1158,0,,,,,7206,1049,0,,,,,3,33.29002103143203,130.168151,,,0,0,0,0,0,0,0,0,0,0,269,blue,8655,8255,16910
89,,9811370,1,20260827,366,77,0,,,,,368,55,0,,,,,3,33.327444031486486,130.034833,,,0,0,0,0,0,5,5,0,0,0,269,blue,443,423,866
89,,9811380,1,20260827,374,66,0,,,,,374,64,0,,,,,3,33.29362203143727,130.116435,,,1,0,0,0,0,0,0,0,0,0,269,blue,440,438,878
89,,9811390,1,20260827,,,,,,,,,,,,,,,3,33.03691103106103,129.918279,,,1,,,,,,,,,,269,blue,0,0,0
89,,9811400,1,20260827,,,,,,,,,,,,,,,3,32.90829103087079,130.661481,,,1,0,0,0,0,0,0,0,0,0,269,blue,0,0,0
89,,9811410,1,20260827,7020,315,0,,,,,6845,219,0,,,,,3,33.01722203103198,130.439722,,,0,0,0,0,0,0,0,0,0,0,269,blue,7335,7064,14399
89,,9811420,1,20260827,7222,650,0,,,,,7239,649,0,,,,,3,33.05710503109079,130.465234,,,0,0,0,0,0,0,0,0,0,0,269,blue,7872,7888,15760
89,,9811450,1,20260827,6485,1392,0,,,,,6266,1589,0,,,,,3,33.01280003102545,130.425184,,,0,0,0,0,0,0,0,0,0,0,269,blue,7877,7855,15732
89,,9811460,1,20260827,9251,1373,0,,,,,8877,1695,0,,,,,3,33.140861031213944,130.422417,,,0,0,0,0,0,0,0,0,0,0,269,blue,10624,10572,21196
89,,9811461,1,20260827,2537,608,0,,,,,2426,601,0,,,,,3,33.184560031278004,130.387933,,,0,0,0,0,0,0,0,0,0,0,269,blue,3145,3027,6172
89,,9811470,1,20260827,8394,1398,0,,,,,7915,1509,0,,,,,3,33.0462530310748,130.431406,,,0,0,0,0,0,0,0,0,0,0,269,blue,9792,9424,19216
89,,9811480,1,20260827,7810,1587,0,,,,,6883,1283,0,,,,,3,33.055717031088754,130.4292,,,0,0,0,0,0,0,0,0,0,0,269,blue,9397,8166,17563
89,,9811490,1,20260827,8458,1291,0,,,,,9652,1806,0,,,,,3,33.069783031109466,130.42405,,,0,0,0,0,0,0,0,0,0,0,269,blue,9749,11458,21207
89,,9811500,1,20260827,9320,1794,0,,,,,8461,1434,0,,,,,3,33.077520031120855,130.428242,,,0,0,0,0,0,0,0,0,0,0,269,blue,11114,9895,21009
89,,9811510,1,20260827,8545,1499,0,,,,,8665,1657,0,,,,,3,33.08238303112801,130.433017,,,0,0,0,0,0,0,0,0,0,0,269,blue,10044,10322,20366
89,,9811520,1,20260827,,,,,,,,,,,,,,,3,33.11826103118075,130.430375,,,1,0,0,0,0,0,0,0,0,0,269,blue,0,0,0
89,,9811540,1,20260827,6290,845,0,,,,,6388,570,0,,,,,3,33.15753403123839,130.478771,,,0,0,0,0,0,0,0,0,0,0,269,blue,7135,6958,14093
89,,9811550,1,20260827,6645,971,0,,,,,6918,1104,0,,,,,3,33.22942603134362,130.505954,,,0,0,0,0,0,0,0,0,0,0,269,blue,7616,8022,15638
89,,9811560,1,20260827,8148,1305,0,,,,,7350,1230,0,,,,,3,33.23505203135184,130.507151,,,0,0,0,0,0,0,0,0,0,0,269,blue,9453,8580,18033
89,,9811570,1,20260827,7110,1183,0,,,,,7284,1226,0,,,,,3,33.24799503137074,130.509483,,,0,0,0,0,0,0,0,0,0,0,269,blue,8293,8510,16803
89,,9811580,1,20260827,7126,1070,0,,,,,7222,1002,0,,,,,3,33.25651503138319,130.509461,,,0,0,0,0,0,0,0,0,0,0,269,blue,8196,8224,16420
89,,9811590,1,20260827,58,14,0,,,,,3716,676,0,,,,,3,33.31995703147561,130.594037,,,0,0,0,0,0,0,0,0,0,0,269,blue,72,4392,4464
89,,9811600,1,20260827,3720,647,0,,,,,4133,685,0,,,,,3,33.345255031512394,130.730893,,,0,0,0,0,0,0,0,0,0,0,269,blue,4367,4818,9185
89,,9811610,1,20260827,4037,536,0,,,,,4479,615,0,,,,,3,33.3437500315102,130.752694,,,0,0,0,0,0,0,0,0,0,0,269,blue,4573,5094,9667
89,,9811620,1,20260827,2801,426,0,,,,,2732,570,0,,,,,3,33.33338803149515,130.801953,,,0,0,0,0,0,0,0,0,0,0,269,blue,3227,3302,6529
89,,9811650,1,20260827,4177,756,0,,,,,4033,771,0,,,,,3,33.331960031493075,130.852326,,,0,0,0,0,0,0,0,0,0,0,269,blue,4933,4804,9737
89,,9811660,1,20260827,1995,285,0,,,,,1903,495,0,,,,,3,33.307732031457824,130.915379,,,0,0,0,0,0,0,0,0,0,0,269,blue,2280,2398,4678
89,,9811670,1,20260827,3662,1012,0,,,,,3512,752,0,,,,,3,33.29883403144486,130.938844,,,0,0,0,0,0,0,0,0,0,0,269,blue,4674,4264,8938
89,,9811680,1,20260827,2016,704,0,,,,,2102,524,0,,,,,3,33.29818903144393,130.952388,,,0,0,0,0,0,0,0,0,0,0,269,blue,2720,2626,5346
89,,9811690,1,20260827,3478,797,0,,,,,3616,561,0,,,,,3,33.29921203144541,130.96937,,,0,0,0,0,0,0,0,0,0,0,269,blue,4275,4177,8452
89,,9811700,1,20260827,,,,,,,,,,,,,,,3,33.261645031390664,131.01058,,,1,0,0,0,0,0,0,0,0,0,269,blue,0,0,0
89,,9811710,1,20260827,,,,,,,,,,,,,,,3,33.28000003141744,131.128611,,,1,0,0,0,0,0,0,0,0,0,269,blue,0,0,0
89,,9811720,1,20260827,2321,849,0,,,,,2150,557,0,,,,,3,33.237877031355964,131.175263,,,0,0,0,0,0,0,0,0,0,0,269,blue,3170,2707,5877
89,,9811730,1,20260827,1567,487,0,,,,,1645,389,0,,,,,3,33.2405000313598,131.224187,,,0,0,0,0,0,0,0,0,0,0,269,blue,2054,2034,4088
89,,9811740,1,20260827,1565,721,0,,,,,1760,697,0,,,,,3,33.25496403138093,131.328533,,,0,0,0,0,0,0,0,0,0,0,269,blue,2286,2457,4743
89,,9811750,1,20260827,1456,1988,0,,,,,3008,666,0,,,,,3,33.23715803135492,131.323213,,,0,0,0,0,0,0,0,0,0,0,269,blue,3444,3674,7118
89,,9811760,1,20260827,243,249,0,,,,,9709,1171,0,,,,,3,33.18331803127619,131.452171,,,0,0,0,0,0,0,0,0,0,0,269,blue,492,10880,11372
89,,9811770,1,20260827,,,,,,,,,,,,,,,3,31.760789029127036,131.4707,,,1,0,0,0,0,0,0,0,0,0,269,blue,0,0,0
89,,9811780,1,20260827,,,,,,,,,,,,,,,3,31.559046028812634,131.38327000000004,,,1,0,0,0,0,0,0,0,0,0,269,blue,0,0,0
89,,9811790,1,20260827,,,,,,,,,,,,,,,3,31.547715028794922,131.378628,,,1,0,0,0,0,0,0,0,0,0,269,blue,0,0,0
89,,9811800,1,20260827,,,,,,,,,,,,,,,3,31.546675028793285,131.361225,,,1,0,0,0,0,0,0,0,0,0,269,blue,0,0,0
89,,9811810,1,20260827,,,,,,,,,,,,,,,3,31.45214102864519,131.212192,,,1,0,0,0,0,0,0,0,0,0,269,blue,0,0,0
89,,9811820,1,20260827,,,,,,,,,,,,,,,3,31.46555602866623,131.154444,,,1,0,0,0,0,0,0,0,0,0,269,blue,0,0,0
89,,9811830,1,20260827,,,,,,,,,,,,,,,3,31.447659028638157,131.051761,,,1,0,0,0,0,0,0,0,0,0,269,blue,0,0,0
89,,9811840,1,20260827,,,,,,,,,,,,,,,3,31.388108028544615,130.811533,,,1,0,0,0,0,0,0,0,0,0,269,blue,0,0,0
89,,9811850,1,20260827,,,,,,,,,,,,,,,3,31.41813502859181,130.764377,,,1,0,0,0,0,0,0,0,0,0,269,blue,0,0,0
89,,9811860,1,20260827,629,127,0,,,,,643,119,0,,,,,3,31.542976028787507,130.706877,,,0,0,0,0,0,0,0,0,0,0,269,blue,756,762,1518
89,,9811870,1,20260827,,,,,,,,,,,,,,,3,31.557778028810663,130.718333,,,1,0,0,0,0,0,0,0,0,0,269,blue,0,0,0
89,,9811880,1,20260827,,,,,,,,,,,,,,,3,31.647658028950993,130.819552,,,1,0,0,0,0,1,1,0,0,0,269,blue,0,0,0
89,,9811900,1,20260827,,,,,,,,,,,,,,,3,31.27982902837409,130.291795,,,1,0,0,0,0,0,0,0,0,0,269,blue,0,0,0
89,,9811910,1,20260827,1353,273,0,,,,,1324,237,0,,,,,3,31.2913800283923,130.293564,,,0,0,0,0,0,0,0,0,0,0,269,blue,1626,1561,3187
89,,9811920,1,20260827,1626,113,0,,,,,1649,117,0,,,,,3,31.327343028448986,130.334728,,,0,0,0,0,0,0,0,0,0,0,269,blue,1739,1766,3505
89,,9811930,1,20260827,364,36,0,,,,,374,23,0,,,,,3,31.494637028711818,130.506308,,,0,0,0,0,0,0,0,0,0,0,269,blue,400,397,797
89,,9811940,1,20260827,2813,156,0,,,,,2819,168,0,,,,,3,31.527877028763886,130.521631,,,0,0,0,0,0,0,0,0,0,0,269,blue,2969,2987,5956
89,,9811950,1,20260827,,,,,,,,,,,,,,,3,31.289730028389716,130.60717200000002,,,1,0,0,0,0,0,0,0,0,0,269,blue,0,0,0
89,,9811960,1,20260827,,,,,,,,,,,,,,,3,31.323917028443603,130.564308,,,1,0,0,0,0,0,0,0,0,0,269,blue,0,0,0
89,,9811970,1,20260827,,,,,,,,,,,,,,,3,31.466390028667544,130.513245,,,1,0,0,0,0,0,0,0,0,0,269,blue,0,0,0
89,,9811980,1,20260827,,,,,,,,,,,,,,,3,33.34976603151893,129.764492,,,1,,,,,,,,,,269,blue,0,0,0
89,,9812010,1,20260827,,,,,,,,,,,,,,,3,33.13956403121204,129.784069,,,1,,,,,,,,,,269,blue,0,0,0
89,,9812020,1,20260827,,,,,,,,,,,,,,,3,33.28640603142677,130.150153,,,1,,,,,,,,,,269,blue,0,0,0
89,,9812030,1,20260827,5057,1124,0,,,,,4960,954,0,,,,,3,33.0852950311323,131.637799,,,0,0,0,0,0,0,0,0,0,0,269,blue,6181,5914,12095
89,,9812040,1,20260827,3082,722,0,,,,,3118,553,0,,,,,3,32.56861103036308,131.553056,,,0,0,0,0,0,0,0,0,0,0,269,blue,3804,3671,7475
89,,9812050,1,20260827,,,,,,,,,,,,,,,3,33.55027803180869,130.478333,,,1,,,,,,,,,,269,blue,0,0,0
89,,9812060,1,20260827,,,,,,,,,,,,,,,3,32.92625003089743,131.00539,,,1,,,,,,,,,,269,blue,0,0,0
89,,9812070,1,20260827,3238,570,0,,,,,4044,753,0,,,,,3,32.90000003085849,130.933611,,,0,0,0,0,0,0,0,0,0,0,269,blue,3808,4797,8605
89,,9812080,1,20260827,7032,799,0,,,,,7241,760,0,,,,,3,33.27595303141153,130.319462,,,0,0,0,0,0,0,0,0,0,0,269,blue,7831,8001,15832
89,,9812090,1,20260827,,,,,,,,,,,,,,,3,33.59653803187511,130.611685,,,1,,,,,,,,,,269,blue,0,0,0
89,,9812100,1,20260827,9172,1789,0,,,,,8732,1590,0,,,,,3,33.05235003108379,130.430417,,,0,0,0,0,0,0,0,0,0,0,269,blue,10961,10322,21283
89,,9812110,1,20260827,3871,3458,0,,,,,1164,5018,0,,,,,3,33.15888903124039,129.761111,,,0,0,0,0,0,0,0,0,0,0,269,blue,7329,6182,13511
89,,9812120,1,20260827,10881,1305,0,,,,,11075,1411,0,,,,,3,31.737096029090242,130.677414,,,0,0,0,0,0,0,0,0,0,0,269,blue,12186,12486,24672
89,,9812130,1,20260827,6362,1237,0,,,,,7617,1315,0,,,,,3,33.32114903147733,130.391671,,,0,0,0,0,0,0,0,0,0,0,269,blue,7599,8932,16531
89,,9812140,1,20260827,547,84,0,,,,,598,114,0,,,,,3,32.733917030611096,130.31245,,,0,0,0,0,0,0,0,0,0,0,269,blue,631,712,1343
89,,9812150,1,20260827,1712,261,0,,,,,1800,357,0,,,,,3,33.06265303109897,129.960344,,,0,0,0,0,0,0,0,0,0,0,269,blue,1973,2157,4130
90,,10810020,1,20260827,4087,69,0,,,,,6912,215,0,,,,,3,26.424849820394154,127.81697970000002,,,0,0,0,0,0,0,0,0,0,0,267,blue,4156,7127,11283
90,,10810030,1,20260827,3258,71,0,,,,,11261,623,0,,,,,3,26.20527802002984,127.672778,,,0,0,0,0,0,0,0,0,0,0,267,blue,3329,11884,15213
90,,10810040,1,20260827,8801,449,0,,,,,4411,337,0,,,,,3,26.206111020031226,127.665833,,,0,0,0,0,0,0,0,0,0,0,267,blue,9250,4748,13998
90,,10810050,1,20260827,3551,63,0,,,,,3749,183,0,,,,,3,26.69152402083745,128.108879,,,0,,,,,,,,,,269,blue,3614,3932,7546
90,,10810060,1,20260827,0,0,0,,,,,0,0,0,,,,,3,26.634931020743306,128.037283,,,0,,,,,,,,,,269,blue,0,0,0
90,,10810070,1,20260827,0,0,0,,,,,0,0,0,,,,,3,26.60195202068847,127.99972500000001,,,0,,,,,,,,,,269,blue,0,0,0
90,,10810080,1,20260827,5234,616,0,,,,,6074,84,0,,,,,3,26.583164020657225,127.99781300000001,,,0,,,,,,,,,,269,blue,5850,6158,12008
90,,10810090,1,20260827,5892,136,0,,,,,6122,156,0,,,,,3,26.573059020640425,127.989432,,,0,,,,,,,,,,269,blue,6028,6278,12306
90,,10810100,1,20260827,0,0,0,,,,,0,0,0,,,,,3,26.558695020616547,127.976575,,,0,,,,,,,,,,269,blue,0,0,0
90,,10810110,1,20260827,0,0,0,,,,,0,0,0,,,,,3,26.547043020597176,127.96594700000001,,,0,,,,,,,,,,269,blue,0,0,0
90,,10810120,1,20260827,22000,3088,0,,,,,11213,1021,0,,,,,3,26.545420020594484,127.96513700000001,,,0,,,,,,,,,,269,blue,25088,12234,37322
90,,10810130,1,20260827,8747,287,0,,,,,6981,227,0,,,,,3,26.541292020587623,127.95978,,,0,,,,,,,,,,269,blue,9034,7208,16242
90,,10810140,1,20260827,8674,169,0,,,,,8849,188,0,,,,,3,26.536514020579673,127.935453,,,0,,,,,,,,,,269,blue,8843,9037,17880
90,,10810150,1,20260827,0,0,0,,,,,0,0,0,,,,,3,26.51382402054197,127.901775,,,0,,,,,,,,,,269,blue,0,0,0
90,,10810160,1,20260827,7784,29,0,,,,,7838,287,0,,,,,3,26.503684020525117,127.87991000000001,,,0,,,,,,,,,,269,blue,7813,8125,15938
90,,10810170,1,20260827,0,0,0,,,,,0,0,0,,,,,3,26.49844302051641,127.86208000000002,,,0,,,,,,,,,,269,blue,0,0,0
90,,10810180,1,20260827,0,0,0,,,,,0,0,0,,,,,3,26.48233402048965,127.85135699999998,,,0,,,,,,,,,,269,blue,0,0,0
90,,10810190,1,20260827,0,0,0,,,,,0,0,0,,,,,3,26.44345902042506,127.805583,,,0,,,,,,,,,,269,blue,0,0,0
90,,10810200,1,20260827,,,,,,,,,,,,,,,3,26.338860020251406,127.7508,,,1,,,,,,,,,,269,blue,0,0,0
90,,10810220,1,20260827,0,0,0,,,,,0,0,0,,,,,3,26.26837002013446,127.73051999999998,,,0,,,,,,,,,,269,blue,0,0,0
90,,10810230,1,20260827,13195,2578,0,,,,,16789,2489,0,,,,,3,26.266310020131048,127.72327,,,0,,,,,,,,,,269,blue,15773,19278,35051
90,,10810240,1,20260827,0,0,0,,,,,0,0,0,,,,,3,26.269040020135566,127.72616000000001,,,0,,,,,,,,,,269,blue,0,0,0
90,,10810260,1,20260827,11403,156,0,,,,,9277,651,0,,,,,3,26.273440020142868,127.71261000000001,,,0,,,,,,,,,,269,blue,11559,9928,21487
90,,10810270,1,20260827,0,0,0,,,,,0,0,0,,,,,3,26.451180020437896,127.89631,,,0,,,,,,,,,,269,blue,0,0,0
90,,10810280,1,20260827,5209,125,0,,,,,9379,18,0,,,,,3,26.4491400204345,127.849893,,,0,,,,,,,,,,269,blue,5334,9397,14731
90,,10810290,1,20260827,3685,220,0,,,,,3182,209,0,,,,,3,26.448972020434223,127.90855300000001,,,0,,,,,,,,,,269,blue,3905,3391,7296
90,,10810300,1,20260827,10683,410,0,,,,,8894,514,0,,,,,3,26.30711002019872,127.81338,,,0,,,,,,,,,,269,blue,11093,9408,20501
90,,10810310,1,20260827,0,0,0,,,,,0,0,0,,,,,3,26.287560020166286,127.81449,,,0,,,,,,,,,,269,blue,0,0,0
90,,10810320,1,20260827,13511,2464,0,,,,,10603,896,0,,,,,3,26.22351002006007,127.76571,,,0,,,,,,,,,,269,blue,15975,11499,27474
90,,10810330,1,20260827,,,,,,,,,,,,,,,3,26.200760020022358,127.75174999999999,,,1,,,,,,,,,,269,blue,0,0,0
90,,10810340,1,20260827,15359,325,0,,,,,13842,832,0,,,,,3,26.25841002011794,127.75767000000002,,,0,,,,,,,,,,269,blue,15684,14674,30358
90,,10810350,1,20260827,0,0,0,,,,,0,0,0,,,,,3,26.24962002010336,127.74765,,,0,,,,,,,,,,269,blue,0,0,0
90,,10810360,1,20260827,27836,1929,0,,,,,31040,875,0,,,,,3,26.25443002011134,127.73508000000001,,,0,,,,,,,,,,269,blue,29765,31915,61680
90,,10810370,1,20260827,30387,840,0,,,,,29024,306,0,,,,,3,26.25456002011155,127.72416000000001,,,0,,,,,,,,,,269,blue,31227,29330,60557
90,,10810380,1,20260827,16064,1217,0,,,,,15747,1993,0,,,,,3,26.169530019970612,127.65168,,,0,,,,,,,,,,269,blue,17281,17740,35021
90,,10810390,1,20260827,0,0,0,,,,,0,0,0,,,,,3,26.154010019944888,127.65812,,,0,,,,,,,,,,269,blue,0,0,0
90,,10810400,1,20260827,0,0,0,,,,,0,0,0,,,,,3,26.130710019906292,127.66514,,,0,,,,,,,,,,269,blue,0,0,0
90,,10810410,1,20260827,0,0,0,,,,,0,0,0,,,,,3,26.11574001988149,127.66860000000001,,,1,,,,,,,,,,269,blue,0,0,0
90,,10810420,1,20260827,,,,,,,,,,,,,,,3,26.09400001984549,127.71590000000002,,,1,,,,,,,,,,269,blue,0,0,0
90,,10810430,1,20260827,0,0,0,,,,,0,0,0,,,,,3,26.128730019903006,127.75918999999999,,,0,,,,,,,,,,269,blue,0,0,0
90,,10810440,1,20260827,0,0,0,,,,,0,0,0,,,,,3,26.140140019921905,127.77529,,,0,,,,,,,,,,269,blue,0,0,0
90,,10810450,1,20260827,0,0,0,,,,,0,0,0,,,,,3,26.170060019971476,127.8265,,,0,,,,,,,,,,269,blue,0,0,0
90,,10810460,1,20260827,0,0,0,,,,,0,0,0,,,,,3,26.20426002002816,127.652556,,,0,,,,,,,,,,269,blue,0,0,0
90,,10810470,1,20260827,0,0,0,,,,,0,0,0,,,,,3,26.209250020036425,127.73744999999998,,,0,,,,,,,,,,269,blue,0,0,0
90,,10810480,1,20260827,0,0,0,,,,,0,0,0,,,,,3,26.18171001999079,127.73158000000001,,,0,,,,,,,,,,269,blue,0,0,0
90,,10810490,1,20260827,0,0,0,,,,,0,0,0,,,,,3,26.17543001998038,127.70638000000001,,,1,,,,,,,,,,269,blue,0,0,0
90,,10810510,1,20260827,0,0,0,,,,,0,0,0,,,,,3,26.17208001997483,127.69662,,,1,,,,,,,,,,269,blue,0,0,0
90,,10810520,1,20260827,0,0,0,,,,,0,0,0,,,,,3,26.17121001997338,127.67963999999999,,,0,,,,,,,,,,269,blue,0,0,0
83,,3110030,1,20260827,5643,357,437,0,0,0,0,5553,404,393,0,0,0,0,3,35.30798103420886,139.30775,,,,,,,,,,,,,260,red,6437,6350,12787
82,,2110450,1,20260827,1840,546,0,1,0,0,1,1784,775,0,1,0,0,1,3,38.391999797679084,140.5672252,,,,,,,,,,,,,223,red,2386,2559,4945
87,,7110110,1,20260828,2,3,0,0,0,0,0,5,2,0,0,0,0,0,3,35.523803034484544,134.222875,,,,,,,,,,,,,1,red,5,7,12
87,,7110120,1,20260828,1,1,0,0,0,0,0,2,2,0,0,0,0,0,3,35.52073503448066,133.602321,,,,,,,,,,,,,1,red,2,4,6
87,,7110130,1,20260828,8,6,0,0,0,0,0,10,5,0,0,0,0,0,3,35.41880503435098,133.370183,,,,,,,,,,,,,1,red,14,15,29
87,,7310050,1,20260828,0,1,0,0,0,0,0,0,0,0,0,0,0,0,3,35.52642103448786,134.014803,,,,,,,,,,,,,1,red,1,0,1
87,,7310060,1,20260828,1,0,0,0,0,0,0,1,0,0,0,0,0,0,3,35.50599803446197,133.88375,,,,,,,,,,,,,1,red,1,1,2
87,,7310070,1,20260828,2,1,0,0,0,0,0,0,0,0,0,0,0,0,3,35.51442503447265,134.020507,,,,,,,,,,,,,1,red,3,0,3
87,,7310080,1,20260828,2,3,0,0,0,0,0,6,3,0,0,0,0,0,3,35.50773503446417,133.951629,,,,,,,,,,,,,1,red,5,9,14
87,,7310090,1,20260828,2,5,0,0,0,0,0,1,3,0,0,0,0,0,3,35.49831203445221,133.906984,,,,,,,,,,,,,1,red,7,4,11
87,,7310100,1,20260828,1,0,0,0,0,0,0,0,0,0,0,0,0,0,3,35.508808034465545,133.493736,,,,,,,,,,,,,1,red,1,0,1
87,,7310130,1,20260828,1,0,0,0,0,0,0,5,0,0,0,0,0,0,3,35.419582034351976,134.259336,,,,,,,,,,,,,1,red,1,5,6
87,,7310140,1,20260828,0,0,0,0,0,0,0,0,1,0,0,0,0,0,3,35.28755503418254,134.228921,,,,,,,,,,,,,1,red,0,1,1
87,,7310190,1,20260828,1,2,0,0,0,0,0,1,1,0,0,0,0,0,3,35.48752003443851,134.19798,,,,,,,,,,,,,1,red,3,2,5
87,,7310200,1,20260828,1,2,0,0,0,0,0,5,0,0,0,0,0,0,3,35.56082603453137,134.284636,,,,,,,,,,,,,1,red,3,5,8
87,,7310210,1,20260828,1,7,0,0,0,0,0,3,1,0,0,0,0,0,3,35.50841503446504,133.518074,,,,,,,,,,,,,1,red,8,4,12
87,,7310220,1,20260828,6,0,0,0,0,0,0,1,1,0,0,0,0,0,3,35.527027804488625,134.13269444,,,,,,,,,,,,,1,red,6,2,8
87,,7310240,1,20260828,3,0,0,0,0,0,0,0,0,0,0,0,0,0,3,35.397000034323106,134.20377777,,,,,,,,,,,,,1,red,3,0,3
87,,7310610,1,20260828,2,1,0,0,0,0,0,3,0,0,0,0,0,0,3,35.49457003444746,134.1603,,,,,,,,,,,,,1,red,3,3,6
87,,7310620,1,20260828,1,3,0,0,0,0,0,1,3,0,0,0,0,0,3,35.50153003445631,134.0804,,,,,,,,,,,,,1,red,4,4,8
87,,7310630,1,20260828,0,2,0,0,0,0,0,2,0,0,0,0,0,0,3,35.49990003445423,134.0626,,,,,,,,,,,,,1,red,2,2,4
87,,7310640,1,20260828,2,2,0,0,0,0,0,1,1,0,0,0,0,0,3,35.50860003446527,134.0108,,,,,,,,,,,,,1,red,4,2,6
87,,7360010,1,20260828,1,4,0,0,0,0,0,3,4,0,0,0,0,0,1,35.032454033850506,134.387568,,,,,,,,,,,,,1,red,5,7,12
87,,7360020,1,20260828,0,2,0,0,0,0,0,0,2,0,0,0,0,0,1,35.07606803390771,134.346092,,,,,,,,,,,,,1,red,2,2,4
87,,7360030,1,20260828,0,0,0,0,0,0,0,0,1,0,0,0,0,0,3,35.238191034118756,134.286932,,,,,,,,,,,,,1,red,0,1,1
87,,7360040,1,20260828,0,1,0,0,0,0,0,0,0,0,0,0,0,0,3,35.284722034178905,134.227547,,,,,,,,,,,,,1,red,1,0,1
87,,7360050,1,20260828,0,0,0,0,0,0,0,0,0,0,0,0,0,0,1,35.285344034179694,134.222766,,,,,,,,,,,,,1,red,0,0,0
87,,7360060,1,20260828,1,3,0,0,0,0,0,0,0,0,0,0,0,0,1,35.35362703426754,134.194581,,,,,,,,,,,,,1,red,4,0,4
87,,7360070,1,20260828,0,0,0,0,0,0,0,1,0,0,0,0,0,0,1,35.37911003430021,134.204798,,,,,,,,,,,,,1,red,0,1,1
87,,7360080,1,20260828,2,3,0,0,0,0,0,0,0,0,0,0,0,0,1,35.39104203431548,134.20339,,,,,,,,,,,,,1,red,5,0,5
87,,7360090,1,20260828,4,1,0,0,0,0,0,5,2,0,0,0,0,0,1,35.40772703433684,134.206955,,,,,,,,,,,,,1,red,5,7,12
87,,7360100,1,20260828,4,5,0,0,0,0,0,4,5,0,0,0,0,0,1,35.45862225662396,134.193141666666,,,,,,,,,,,,,1,red,9,9,18
87,,7360110,1,20260828,1,2,0,0,0,0,0,1,4,0,0,0,0,0,1,35.113784033957025,134.331458,,,,,,,,,,,,,1,red,3,5,8
