地方整備局等番号,開発建設部／都道府県コード,常時観測点コード,収集時間フラグ（5分間／1時間）,観測年月日,上り・小型交通量,上り・大型交通量,上り・車種判別不能交通量,上り・停電,上り・ループ異常,上り・超音波異常,上り・欠測,下り・小型交通量,下り・大型交通量,下り・車種判別不能交通量,下り・停電,下り・ループ異常,下り・超音波異常,下り・欠測,道路種別,lat,lng,lng2,lat2,カメラプリセット位置,気象影響による映像不良,照度不足,突発事象（交通事故等）,サーバの稼働,カメラの映像受信,映像のデコード処理,デコード映像から映像解析機能への取込加工処理の失敗,映像解析機能のフリーズ,その他エラー,count,color,上り・交通量,下り・交通量,交通量
81,02,1110010,1,20261001,7147,2280,0,0,0,0,0,6078,2126,0,0,0,0,0,3,41.93108757020422,140.6421045,,,,,,,,,,,,,253,red,9427,8204,17631
81,02,1110020,1,20261001,2548,1194,0,0,0,0,0,2291,1031,0,0,0,0,0,3,42.1540981903046,140.4840606,,,,,,,,,,,,,253,red,3742,3322,7064
81,03,1110030,1,20261001,629,157,0,0,0,0,0,523,178,0,0,0,0,0,3,42.672714040509845,140.377502,,,,,,,,,,,,,253,red,786,701,1487
81,03,1110050,1,20261001,2650,927,0,0,0,0,0,3475,1055,0,0,0,0,0,3,43.121255040655214,140.735792,,,,,,,,,,,,,253,red,3577,4530,8107
81,03,1110060,1,20261001,4257,693,0,1,0,0,0,4217,771,0,1,0,0,0,3,43.19868804067728,140.862496,,,,,,,,,,,,,253,red,4950,4988,9938
81,03,1110080,1,20261001,8607,1741,0,0,0,0,0,8801,1623,0,0,0,0,0,3,43.153022040664396,141.118728,,,,,,,,,,,,,253,red,10348,10424,20772
81,01,1110090,1,20261001,12796,962,0,0,0,0,0,10061,784,0,0,0,0,0,3,43.08364407064419,141.3496424,,,,,,,,,,,,,253,red,13758,10845,24603
81,02,1110100,1,20261001,8235,1464,1,0,0,1,0,7949,1251,0,0,0,0,0,3,41.855509180168546,140.7378302,,,,,,,,,,,,,253,red,9700,9200,18900
81,02,1110110,1,20261001,5421,828,2,0,0,0,1,4434,880,8,0,0,0,1,3,41.91094404019478,140.69325,,,,,,,,,,,,,253,red,6251,5322,11573
81,03,1110120,1,20261001,249,53,21,0,0,0,0,298,52,15,0,0,0,0,3,42.65674504050413,140.412444,,,,,,,,,,,,,253,red,323,365,688
81,01,1110130,1,20261001,6746,800,0,0,0,0,0,6253,754,0,0,0,0,0,3,43.18473404067338,141.721783,,,,,,,,,,,,,253,red,7546,7007,14553
81,01,1110140,1,20261001,3095,955,0,0,0,0,0,2827,939,0,0,0,0,0,3,43.351557040718205,141.866096,,,,,,,,,,,,,253,red,4050,3766,7816
81,04,1110150,1,20261001,4249,1564,0,0,0,0,0,4467,1633,0,0,0,0,0,3,43.72678204080376,142.211538,,,,,,,,,,,,,253,red,5813,6100,11913
81,04,1110160,1,20261001,4694,835,2183,0,0,1,0,7260,1686,165,0,0,0,0,3,43.798283040817644,142.333692,,,,,,,,,,,,,253,red,7712,9111,16823
81,01,1110170,1,20261001,0,0,0,0,0,253,0,0,0,0,0,0,253,0,3,42.95409804060455,141.495931,,,,,,,,,,,,,253,red,0,0,0
81,05,1110180,1,20261001,8733,1692,0,0,0,0,0,8588,1708,0,0,0,0,0,3,42.619514790490626,141.5539538,,,,,,,,,,,,,253,red,10425,10296,20721
81,05,1110190,1,20261001,7855,1084,79,0,0,0,0,7362,1117,159,0,0,0,0,3,42.38500765040089,141.0774629,,,,,,,,,,,,,253,red,9018,8638,17656
81,05,1110200,1,20261001,0,0,0,0,0,253,0,1059,603,0,0,0,0,0,3,42.60033645048358,140.6268309,,,,,,,,,,,,,253,red,0,1662,1662
81,01,1110220,1,20261001,2023,460,0,0,0,0,0,1979,458,0,0,0,0,0,3,43.53094035076174,142.1739006,,,,,,,,,,,,,253,red,2483,2437,4920
81,04,1110230,1,20261001,2493,383,0,0,0,0,0,2818,422,0,0,0,0,0,3,43.34513804071655,142.377435,,,,,,,,,,,,,253,red,2876,3240,6116
81,04,1110240,1,20261001,0,0,1144,0,0,253,0,0,0,1113,0,0,253,0,3,43.16138604066678,142.575567,,,,,,,,,,,,,253,red,1144,1113,2257
81,07,1110250,1,20261001,,,,0,0,0,253,,,,0,0,0,253,3,42.96760298060881,142.8955221,,,,,,,,,,,,,253,red,0,0,0
81,07,1110260,1,20261001,4705,572,72,0,0,0,0,4250,509,51,0,0,0,0,3,42.91673291059265,143.2700872,,,,,,,,,,,,,253,red,5349,4810,10159
81,07,1110270,1,20261001,869,551,0,0,0,0,3,359,242,0,0,0,0,3,3,42.832729040565155,143.765979,,,,,,,,,,,,,253,red,1420,601,2021
81,06,1110280,1,20261001,3037,827,0,0,0,0,0,3367,867,0,0,0,0,0,3,43.002010860619514,144.2464972,,,,,,,,,,,,,253,red,3864,4234,8098
81,06,1110281,1,20261001,4026,1167,0,0,0,0,0,4444,1075,0,0,0,0,0,3,43.03483108062955,144.3754256,,,,,,,,,,,,,253,red,5193,5519,10712
81,06,1110282,1,20261001,2691,986,0,0,0,0,0,2478,951,0,0,0,0,0,3,43.01628558062389,144.4224501,,,,,,,,,,,,,253,red,3677,3429,7106
81,06,1110283,1,20261001,1742,718,0,0,0,0,0,1511,618,0,0,0,0,0,3,43.00268904061971,144.473627,,,,,,,,,,,,,253,red,2460,2129,4589
81,04,1110290,1,20261001,3541,476,0,0,0,0,0,3258,431,0,0,0,0,0,3,43.818868040821506,142.447347,,,,,,,,,,,,,253,red,4017,3689,7706
81,04,1110300,1,20261001,783,309,10,0,0,0,0,0,0,1267,0,0,253,0,3,43.84894404082702,142.744489,,,,,,,,,,,,,253,red,1102,1267,2369
81,04,1110310,1,20261001,1058,357,12,0,0,0,0,0,0,1404,0,0,253,0,3,43.781848040814516,142.90227300000004,,,,,,,,,,,,,253,red,1427,1404,2831
81,08,1110320,1,20261001,692,365,0,0,253,0,0,762,419,0,0,253,0,0,3,43.750539740808456,143.4918536,,,,,,,,,,,,,253,red,1057,1181,2238
81,08,1110330,1,20261001,3980,339,83,0,0,0,0,4512,536,0,0,253,0,0,3,43.79818204081763,143.833134,,,,,,,,,,,,,253,red,4402,5048,9450
81,08,1110331,1,20261001,1507,609,0,0,0,0,0,1481,487,0,0,0,0,0,3,43.7822242308146,143.8981667,,,,,,,,,,,,,253,red,2116,1968,4084
81,08,1110332,1,20261001,1281,522,0,0,0,0,0,1150,447,0,0,0,0,0,3,43.80292804081852,143.926029,,,,,,,,,,,,,253,red,1803,1597,3400
81,08,1110340,1,20261001,,,,0,0,0,253,,,,0,0,0,253,3,43.85309704082778,144.102175,,,,,,,,,,,,,253,red,0,0,0
81,08,1110350,1,20261001,1766,247,0,0,0,0,0,1429,191,0,0,0,0,0,3,43.87040004083089,144.150466,,,,,,,,,,,,,253,red,2013,1620,3633
81,04,1110360,1,20261001,,,,0,0,0,253,,,,0,0,0,253,3,43.819632040821645,142.40886,,,,,,,,,,,,,253,red,0,0,0
81,04,1110370,1,20261001,1525,551,128,0,0,0,0,1624,511,4,0,0,0,0,3,43.9375450408425,142.46586,,,,,,,,,,,,,253,red,2204,2139,4343
81,04,1110380,1,20261001,,,,0,0,0,253,,,,0,0,0,253,3,44.49438804091256,142.340371,,,,,,,,,,,,,253,red,0,0,0
81,04,1110390,1,20261001,540,220,0,0,0,0,0,493,197,0,0,0,0,0,3,44.82270404093181,142.065768,,,,,,,,,,,,,253,red,760,690,1450
81,04,1110400,1,20261001,1144,370,5,0,0,0,0,848,253,13,0,0,0,0,3,44.331686040896926,142.446612,,,,,,,,,,,,,253,red,1519,1114,2633
81,04,1110410,1,20261001,1809,411,84,0,0,0,3,1490,325,2,0,0,0,3,3,44.4124520409052,142.40433,,,,,,,,,,,,,253,red,2304,1817,4121
81,04,1110420,1,20261001,1669,451,35,0,0,0,0,,,,0,0,0,253,3,44.436504040907465,142.370834,,,,,,,,,,,,,253,red,2155,0,2155
81,04,1110430,1,20261001,1200,382,41,0,0,0,1,1013,283,3,0,0,0,1,3,44.46719604091022,142.373557,,,,,,,,,,,,,253,red,1623,1299,2922
81,04,1110431,1,20261001,943,365,0,0,0,0,0,823,237,0,0,0,0,0,3,44.49400304091251,142.349754,,,,,,,,,,,,,253,red,1308,1060,2368
81,10,1110440,1,20261001,346,120,68,0,153,26,100,386,99,88,0,0,11,100,3,45.01690604093549,141.836757,,,,,,,,,,,,,253,red,534,573,1107
81,10,1110460,1,20261001,7,5,0,0,0,0,250,9,1,0,0,3,0,250,3,45.20892604093353,141.770096,,,,,,,,,,,,,253,red,12,10,22
81,06,1110470,1,20261001,2946,258,23,0,0,0,0,2843,278,12,0,0,0,0,3,42.99479183061728,144.4493526,,,,,,,,,,,,,253,red,3227,3133,6360
81,06,1110480,1,20261001,1206,291,10,0,0,0,0,1197,235,8,0,0,0,0,3,43.13343702065876,145.0159693,,,,,,,,,,,,,253,red,1507,1440,2947
81,02,1110490,1,20261001,1729,549,0,0,0,0,0,1370,545,0,0,0,0,0,3,41.89734796018839,140.6338191,,,,,,,,,,,,,253,red,2278,1915,4193
81,02,1110500,1,20261001,1265,193,0,0,253,0,0,1297,112,48,0,0,0,0,3,41.480587619979374,140.2558047,,,,,,,,,,,,,253,red,1458,1457,2915
81,02,1110510,1,20261001,5258,644,117,0,0,0,0,5514,593,17,0,0,0,0,3,41.83901009016065,140.7069415,,,,,,,,,,,,,253,red,6019,6124,12143
81,02,1110520,1,20261001,2896,380,0,0,253,0,0,2850,494,0,0,253,0,0,3,41.83229743015742,140.67026760000002,,,,,,,,,,,,,253,red,3276,3344,6620
81,02,1110530,1,20261001,2395,252,52,0,0,0,0,1945,179,102,0,0,0,0,3,41.82065939015182,140.6236414,,,,,,,,,,,,,253,red,2699,2226,4925
81,03,1110540,1,20261001,108,17,0,0,0,0,0,0,0,0,0,0,20,0,3,43.24834804069096,140.33431600000003,,,,,,,,,,,,,253,red,125,0,125
81,03,1110550,1,20261001,0,0,0,0,0,253,0,791,394,0,0,0,0,0,3,42.96644104060844,140.471476,,,,,,,,,,,,,253,red,0,1185,1185
81,03,1110560,1,20261001,171,30,0,0,0,0,0,136,28,0,0,0,0,0,3,42.69059604051622,139.972281,,,,,,,,,,,,,253,red,201,164,365
81,02,1110570,1,20261001,450,72,0,0,0,0,0,457,91,0,0,0,0,0,3,42.068390450266875,140.0715584,,,,,,,,,,,,,253,red,522,548,1070
81,01,1110600,1,20261001,6559,2150,0,0,0,0,0,4143,1866,0,0,0,0,0,3,43.1876802706742,141.3248983,,,,,,,,,,,,,253,red,8709,6009,14718
81,01,1110610,1,20261001,834,218,0,0,0,0,0,0,0,0,0,0,253,0,3,43.377555040724815,141.428392,,,,,,,,,,,,,253,red,1052,0,1052
81,09,1110620,1,20261001,1291,144,0,1,0,0,0,1381,171,0,1,0,0,0,3,43.89116004083455,141.602442,,,,,,,,,,,,,253,red,1435,1552,2987
81,09,1110630,1,20261001,,,,0,0,0,253,,,,0,0,0,253,3,44.71198204092715,141.790418,,,,,,,,,,,,,253,red,0,0,0
81,09,1110640,1,20261001,1623,573,0,0,0,0,0,1806,691,0,0,0,0,0,3,43.99996504085269,141.656227,,,,,,,,,,,,,253,red,2196,2497,4693
81,01,1110650,1,20261001,960,198,0,0,0,0,0,918,185,0,0,0,0,0,3,43.76598569081147,141.953873,,,,,,,,,,,,,253,red,1158,1103,2261
81,09,1110660,1,20261001,694,175,0,0,0,0,0,788,176,0,0,0,0,0,3,43.919969040839526,141.687135,,,,,,,,,,,,,253,red,869,964,1833
81,01,1110670,1,20261001,719,137,1,0,0,0,0,556,125,7,0,0,0,0,3,43.719328040802246,141.995229,,,,,,,,,,,,,253,red,857,688,1545
81,01,1110680,1,20261001,966,251,44,0,0,0,0,875,229,14,0,0,0,0,3,43.80247704081843,141.939455,,,,,,,,,,,,,253,red,1261,1118,2379
81,01,1110690,1,20261001,1154,252,2,0,0,0,1,958,277,3,0,0,0,1,3,43.804048040818735,141.856355,,,,,,,,,,,,,253,red,1408,1238,2646
81,09,1110700,1,20261001,1043,2031,0,0,252,102,1,1197,365,12,0,0,0,1,3,43.84518804082634,141.778679,,,,,,,,,,,,,253,red,3074,1574,4648
81,09,1110701,1,20261001,1368,397,0,0,0,0,0,1218,392,0,0,0,0,0,3,43.87822704083228,141.723595,,,,,,,,,,,,,253,red,1765,1610,3375
81,09,1110702,1,20261001,1144,382,0,0,0,0,0,1036,347,0,0,0,0,0,3,43.928072040840895,141.68278,,,,,,,,,,,,,253,red,1526,1383,2909
81,01,1110710,1,20261001,1249,228,0,0,0,253,0,2530,655,0,0,0,0,0,3,43.11269117065273,141.74737440000004,,,,,,,,,,,,,253,red,1477,3185,4662
81,05,1110720,1,20261001,1794,943,93,0,0,0,0,1699,1090,65,0,0,0,0,3,42.81091575055783,141.8315435,,,,,,,,,,,,,253,red,2830,2854,5684
81,05,1110730,1,20261001,2306,430,3,0,0,0,0,2006,366,17,0,0,0,0,3,42.57481157047414,141.9503395,,,,,,,,,,,,,253,red,2739,2389,5128
81,05,1110740,1,20261001,1993,447,0,0,0,0,0,1973,368,0,0,0,0,0,3,42.18634909031852,142.7152599,,,,,,,,,,,,,253,red,2440,2341,4781
81,05,1110750,1,20261001,0,0,0,0,0,253,0,1168,0,0,0,0,0,0,3,42.67572651051092,141.724241,,,,,,,,,,,,,253,red,0,1168,1168
81,05,1110760,1,20261001,3735,1127,0,0,0,0,0,3507,1175,0,0,0,0,0,3,42.65945501050509,141.8200069,,,,,,,,,,,,,253,red,4862,4682,9544
81,05,1110770,1,20261001,3560,1105,0,0,0,0,0,3206,1027,0,0,0,0,0,3,42.5992918904832,141.8930837,,,,,,,,,,,,,253,red,4665,4233,8898
81,07,1110780,1,20261001,1399,438,8,0,0,0,0,1442,333,2,0,0,0,0,3,42.47939292043798,143.273263,,,,,,,,,,,,,253,red,1845,1777,3622
81,05,1110790,1,20261001,182,75,0,0,0,0,0,174,83,0,0,0,0,0,3,42.23567851033952,142.9927157,,,,,,,,,,,,,253,red,257,257,514
81,07,1110800,1,20261001,877,382,31,0,0,0,0,919,390,15,0,0,0,0,3,42.944556830601535,143.1061614,,,,,,,,,,,,,253,red,1290,1324,2614
81,07,1110810,1,20261001,897,569,29,0,0,0,1,816,520,20,0,0,0,1,3,42.8783228205802,143.1246418,,,,,,,,,,,,,253,red,1495,1356,2851
81,07,1110820,1,20261001,2615,618,0,0,0,0,0,2142,553,0,0,0,0,0,3,42.772632730544835,143.175416,,,,,,,,,,,,,253,red,3233,2695,5928
81,07,1110830,1,20261001,2327,502,55,0,0,0,0,1947,430,45,0,0,0,0,3,42.722047130527294,143.168571,,,,,,,,,,,,,253,red,2884,2422,5306
81,07,1110831,1,20261001,1665,450,0,0,0,0,0,1495,347,0,0,0,0,0,3,42.67773204051164,143.145688,,,,,,,,,,,,,253,red,2115,1842,3957
81,07,1110832,1,20261001,1475,340,0,0,0,0,0,1307,291,0,0,0,0,0,3,42.637427040497144,143.190237,,,,,,,,,,,,,253,red,1815,1598,3413
81,07,1110833,1,20261001,1093,277,0,0,0,0,0,932,187,0,0,0,0,0,3,42.550911040465216,143.288527,,,,,,,,,,,,,253,red,1370,1119,2489
81,04,1110840,1,20261001,3404,510,0,0,0,0,0,2909,394,0,0,0,0,0,3,43.67766304079377,142.395871,,,,,,,,,,,,,253,red,3914,3303,7217
81,04,1110850,1,20261001,504,146,0,0,0,0,0,431,161,0,0,0,0,0,3,43.142849040661474,142.416499,,,,,,,,,,,,,253,red,650,592,1242
81,05,1110860,1,20261001,2669,1039,0,0,0,0,0,2305,932,0,0,0,0,0,3,42.56014623046868,141.984126,,,,,,,,,,,,,253,red,3708,3237,6945
81,05,1110861,1,20261001,1989,541,0,0,0,0,0,1768,419,0,0,0,0,0,3,42.511718620450374,142.0646378,,,,,,,,,,,,,253,red,2530,2187,4717
81,05,1110862,1,20261001,1720,441,0,0,0,0,0,1461,330,0,0,0,0,0,3,42.476880240437005,142.1551718,,,,,,,,,,,,,253,red,2161,1791,3952
81,08,1110870,1,20261001,1109,340,0,0,253,0,0,1048,244,0,0,253,0,0,3,44.122097850870915,144.0483972,,,,,,,,,,,,,253,red,1449,1292,2741
81,08,1110881,1,20261001,1288,415,0,0,0,0,0,1236,356,0,0,0,0,0,3,44.24722204088725,143.491111,,,,,,,,,,,,,253,red,1703,1592,3295
81,08,1110890,1,20261001,1299,267,0,0,253,0,0,1164,249,0,0,253,0,0,3,44.571011040918506,142.9747586,,,,,,,,,,,,,253,red,1566,1413,2979
81,10,1110900,1,20261001,,,,0,0,0,253,,,,0,0,0,253,3,45.401916040925876,141.74393,,,,,,,,,,,,,253,red,0,0,0
81,04,1110910,1,20261001,1089,217,0,0,0,0,0,0,0,0,0,0,253,0,3,44.33124604089689,142.51453,,,,,,,,,,,,,253,red,1306,0,1306
81,04,1110920,1,20261001,,,,0,0,0,253,,,,0,0,0,253,3,44.17901104087865,142.27833,,,,,,,,,,,,,253,red,0,0,0
81,06,1110930,1,20261001,1691,504,0,0,0,0,0,1537,467,0,0,0,0,0,3,43.094167250647295,144.1218925,,,,,,,,,,,,,253,red,2195,2004,4199
81,08,1110941,1,20261001,978,577,0,0,253,0,0,1185,471,0,0,253,0,0,3,43.69889304079811,144.026451,,,,,,,,,,,,,253,red,1555,1656,3211
81,07,1110950,1,20261001,1634,455,18,0,0,0,0,1831,534,18,0,0,0,0,3,43.204237410678836,143.2746363,,,,,,,,,,,,,253,red,2107,2383,4490
81,07,1110960,1,20261001,833,472,0,0,0,0,0,743,461,0,0,0,0,0,3,43.458400040744706,143.740097,,,,,,,,,,,,,253,red,1305,1204,2509
81,07,1110970,1,20261001,1568,633,0,0,0,0,0,1618,578,0,0,0,0,0,3,43.110542040652106,143.580506,,,,,,,,,,,,,253,red,2201,2196,4397
81,06,1110980,1,20261001,573,188,0,0,0,0,0,629,184,0,0,0,0,0,3,43.55969036076827,144.3196517,,,,,,,,,,,,,253,red,761,813,1574
81,06,1110990,1,20261001,941,207,6,0,0,0,0,859,212,5,0,0,0,0,3,43.46525075074637,144.6738938,,,,,,,,,,,,,253,red,1154,1076,2230
81,06,1111000,1,20261001,873,155,0,0,0,0,0,776,142,0,0,0,0,0,3,43.3767268407246,145.1354671,,,,,,,,,,,,,253,red,1028,918,1946
81,08,1111010,1,20261001,3287,499,0,0,253,0,0,3008,494,0,0,253,0,0,3,43.98185858084978,144.2978521,,,,,,,,,,,,,253,red,3786,3502,7288
81,06,1111020,1,20261001,601,51,1,0,0,0,0,648,50,13,0,0,0,0,3,43.58981766077498,145.2084661,,,,,,,,,,,,,253,red,653,711,1364
81,06,1111030,1,20261001,1371,509,0,0,0,0,0,1221,434,0,0,0,0,0,3,43.02214121062568,144.5287192,,,,,,,,,,,,,253,red,1880,1655,3535
81,06,1111040,1,20261001,0,0,5488,0,0,253,0,4935,910,0,0,253,0,0,3,43.53929381076365,144.9801323,,,,,,,,,,,,,253,red,5488,5845,11333
81,08,1111050,1,20261001,763,276,0,0,253,0,0,917,211,27,0,0,0,0,3,44.25159504088778,143.262315,,,,,,,,,,,,,253,red,1039,1155,2194
81,01,1111060,1,20261001,886,406,0,0,0,0,0,858,409,0,0,0,0,0,3,42.938085080599464,142.0403856,,,,,,,,,,,,,253,red,1292,1267,2559
81,07,1111080,1,20261001,519,837,0,0,0,0,0,525,956,0,0,0,0,0,3,42.97320004061056,142.816438,,,,,,,,,,,,,253,red,1356,1481,2837
81,01,1111090,1,20261001,5607,1776,0,0,0,0,0,5417,1663,0,0,0,0,0,3,43.12130790065524,141.4830387,,,,,,,,,,,,,253,red,7383,7080,14463
81,01,1111100,1,20261001,1962,1009,0,0,0,0,0,1873,1005,0,0,0,0,0,3,43.43463367073897,141.8216186,,,,,,,,,,,,,253,red,2971,2878,5849
81,01,1111110,1,20261001,1352,489,0,0,0,0,0,1141,467,0,0,0,0,0,3,43.57168557077097,141.8750113,,,,,,,,,,,,,253,red,1841,1608,3449
81,02,1111130,1,20261001,5588,593,24,0,253,0,0,6306,384,37,0,0,0,0,3,41.77319404012875,140.796333,,,,,,,,,,,,,253,red,6205,6727,12932
81,02,1111140,1,20261001,460,66,0,0,0,0,0,461,140,0,0,0,0,0,3,42.03841781025344,140.8062566,,,,,,,,,,,,,253,red,526,601,1127
81,02,1111145,1,20261001,8361,1046,0,0,0,0,0,9024,1017,0,0,0,0,0,3,41.84000143016112,140.7552781,,,,,,,,,,,,,253,red,9407,10041,19448
81,08,1111150,1,20261001,538,182,0,0,253,0,0,720,264,0,0,253,0,0,3,44.010611040854364,143.413281,,,,,,,,,,,,,253,red,720,984,1704
81,08,1111160,1,20261001,1928,410,45,0,0,0,0,2205,431,130,0,0,0,0,3,43.962452040846635,143.715644,,,,,,,,,,,,,253,red,2383,2766,5149
81,01,1111180,1,20261001,0,0,5426,0,0,253,0,0,0,0,0,253,253,0,3,42.815960640559524,141.6810393,,,,,,,,,,,,,253,red,5426,0,5426
81,01,1111190,1,20261001,0,0,3959,0,0,253,0,151,50,4228,0,0,253,0,3,42.83070733056448,141.6903091,,,,,,,,,,,,,253,red,3959,4429,8388
81,01,1111200,1,20261001,2323,1403,184,0,0,0,0,2530,1512,69,0,253,0,0,3,42.860948090574496,141.7104933,,,,,,,,,,,,,253,red,3910,4111,8021
81,01,1111210,1,20261001,1638,1464,0,0,0,0,0,0,0,0,0,0,253,0,3,43.18556004067363,141.554044,,,,,,,,,,,,,253,red,3102,0,3102
81,06,1111220,1,20261001,836,206,0,0,0,0,0,864,186,0,0,0,0,0,3,43.37269109072359,144.5593071,,,,,,,,,,,,,253,red,1042,1050,2092
81,08,1111230,1,20261001,252,122,7,0,0,0,0,242,121,5,0,0,0,0,3,43.81126104082009,144.489672,,,,,,,,,,,,,253,red,381,368,749
81,06,1111240,1,20261001,292,49,2,0,0,0,0,225,41,2,0,0,0,0,3,42.99604737061767,144.0391088,,,,,,,,,,,,,253,red,343,268,611
81,03,1111250,1,20261001,1026,366,0,0,0,0,0,586,216,0,0,0,0,0,3,43.089578040645954,140.955582,,,,,,,,,,,,,253,red,1392,802,2194
81,04,1111260,1,20261001,950,199,27,0,0,0,25,860,185,14,0,0,0,25,3,43.92330404084009,142.480139,,,,,,,,,,,,,253,red,1176,1059,2235
81,04,1111270,1,20261001,0,0,955,0,0,0,69,0,0,787,0,0,0,69,3,43.90347904083668,142.548538,,,,,,,,,,,,,253,red,955,787,1742
81,04,1111280,1,20261001,1238,333,6,0,0,0,131,1028,253,6,0,0,0,131,3,43.88962304083429,142.598335,,,,,,,,,,,,,253,red,1577,1287,2864
81,04,1111290,1,20261001,643,190,3,0,0,0,181,547,152,17,0,0,0,181,3,43.840859040825556,142.737691,,,,,,,,,,,,,253,red,836,716,1552
81,04,1111300,1,20261001,142,48,0,0,0,0,226,127,23,5,0,0,0,226,3,43.843162040825966,142.799904,,,,,,,,,,,,,253,red,190,155,345
81,04,1111310,1,20261001,,,,0,0,0,253,,,,0,0,0,253,3,43.885885060833616,142.99375530000003,,,,,,,,,,,,,253,red,0,0,0
81,08,1111320,1,20261001,,,,0,0,0,253,,,,0,0,0,253,3,43.942327040843296,143.272964,,,,,,,,,,,,,253,red,0,0,0
81,08,1111321,1,20261001,901,310,0,0,0,0,0,970,215,0,0,0,0,0,3,44.005186040853516,143.417614,,,,,,,,,,,,,253,red,1211,1185,2396
81,08,1111322,1,20261001,902,291,0,0,0,0,0,922,212,0,0,0,0,0,3,44.010190040854305,143.450296,,,,,,,,,,,,,253,red,1193,1134,2327
81,01,1111330,1,20261001,2794,420,0,0,0,0,0,2548,447,0,0,0,0,0,3,42.93896478059976,141.3440037,,,,,,,,,,,,,253,red,3214,2995,6209
81,05,1111340,1,20261001,1183,434,0,0,0,0,0,1319,398,0,0,0,0,0,3,42.559147540468295,140.8961254,,,,,,,,,,,,,253,red,1617,1717,3334
81,01,1111350,1,20261001,1973,1448,0,0,0,0,0,2168,1430,0,0,0,0,0,3,42.88313893058179,141.7190833,,,,,,,,,,,,,253,red,3421,3598,7019
81,01,1111360,1,20261001,1734,1356,0,0,0,0,0,1958,1346,0,0,0,0,0,3,42.91387104059173,141.717002,,,,,,,,,,,,,253,red,3090,3304,6394
81,01,1111370,1,20261001,820,608,0,0,0,0,0,950,755,0,0,0,0,0,3,43.05425404063542,141.635599,,,,,,,,,,,,,253,red,1428,1705,3133
81,02,1111380,1,20261001,6794,845,0,0,0,0,0,6665,747,0,0,0,0,0,3,41.822662040152785,140.7753,,,,,,,,,,,,,253,red,7639,7412,15051
81,02,1111390,1,20261001,3573,607,0,0,0,0,0,3176,554,0,0,0,0,0,3,41.80204204014281,140.800817,,,,,,,,,,,,,253,red,4180,3730,7910
81,02,1111400,1,20261001,1750,279,0,0,0,0,0,1402,224,0,0,0,0,0,3,41.75457904011961,140.573825,,,,,,,,,,,,,253,red,2029,1626,3655
81,04,1111410,1,20261001,266,141,2,0,0,7,0,203,130,0,0,0,0,0,3,43.35314804071861,142.36145400000004,,,,,,,,,,,,,253,red,409,333,742
81,04,1111420,1,20261001,680,184,0,0,0,0,0,464,146,0,0,0,0,0,3,43.3038010407058,142.381627,,,,,,,,,,,,,253,red,864,610,1474
81,06,1111500,1,20261001,1045,222,0,0,0,0,0,1180,197,0,0,0,0,0,3,43.29111104070245,145.517778,,,,,,,,,,,,,253,red,1267,1377,2644
81,03,1111600,1,20261001,969,312,0,0,0,0,0,1357,429,0,0,0,0,0,3,43.162210040667006,140.797074,,,,,,,,,,,,,253,red,1281,1786,3067
81,06,1160010,1,20261001,1150,604,52,0,0,0,0,1105,716,28,0,0,0,0,1,43.12053262065503,143.6537933,,,,,,,,,,,,,253,red,1806,1849,3655
81,06,1160020,1,20261001,955,648,0,0,0,0,0,803,673,0,0,0,0,0,1,43.12244095065557,143.6787104,,,,,,,,,,,,,253,red,1603,1476,3079
81,06,1160030,1,20261001,1340,747,0,0,0,0,0,1286,833,0,0,0,0,0,1,43.081215390643465,143.9874923,,,,,,,,,,,,,253,red,2087,2119,4206
81,06,1160040,1,20261001,1349,755,0,0,0,0,0,1360,811,0,0,0,0,0,1,43.08452217064445,144.1232336,,,,,,,,,,,,,253,red,2104,2171,4275
81,06,1160050,1,20261001,1822,749,0,0,0,0,0,2135,860,0,0,0,0,0,1,43.09138904064647,144.173494,,,,,,,,,,,,,253,red,2571,2995,5566
81,06,1160060,1,20261001,2229,779,0,0,0,0,0,2717,906,0,0,0,0,0,1,43.04670304063314,144.303761,,,,,,,,,,,,,253,red,3008,3623,6631
81,08,1160120,1,20261001,359,153,0,0,0,0,0,387,160,0,0,0,0,0,1,43.69663004079766,143.731065,,,,,,,,,,,,,253,red,512,547,1059
81,08,1160130,1,20261001,645,184,0,0,0,0,8,724,174,0,0,0,0,8,1,43.7375680408059,143.819828,,,,,,,,,,,,,253,red,829,898,1727
81,02,1310010,1,20261001,2091,236,0,0,0,0,0,2243,243,0,0,0,0,0,3,41.9090560401939,140.682556,,,,,,,,,,,,,253,red,2327,2486,4813
81,02,1310020,1,20261001,3828,1236,0,0,0,0,0,3490,1097,0,0,0,0,0,3,42.0164720402435,140.622028,,,,,,,,,,,,,253,red,5064,4587,9651
81,02,1310030,1,20261001,2083,965,0,0,0,0,0,1988,909,0,0,0,0,0,3,42.44355604042405,140.326972,,,,,,,,,,,,,253,red,3048,2897,5945
81,03,1310040,1,20261001,2017,768,0,0,0,0,0,2447,848,0,0,0,0,0,3,43.005875040620694,140.666614,,,,,,,,,,,,,253,red,2785,3295,6080
81,01,1310050,1,20261001,3144,252,0,0,0,253,0,3684,432,0,0,0,253,0,3,43.13178497065829,141.1990678,,,,,,,,,,,,,253,red,3396,4116,7512
81,01,1310060,1,20261001,11061,1906,0,0,0,0,0,11346,2035,0,0,0,0,0,3,43.06547437063878,141.3767481,,,,,,,,,,,,,253,red,12967,13381,26348
81,01,1310070,1,20261001,11107,1203,0,0,0,0,0,11638,1228,0,0,0,0,0,3,43.048510140633695,141.4108604,,,,,,,,,,,,,253,red,12310,12866,25176
81,01,1310080,1,20261001,10838,818,0,0,0,0,0,10681,811,0,0,0,0,0,3,43.057749330636454,141.4844763,,,,,,,,,,,,,253,red,11656,11492,23148
81,01,1310090,1,20261001,0,0,0,0,0,253,0,5260,0,0,0,0,0,0,3,43.294945650703454,141.8492997,,,,,,,,,,,,,253,red,0,5260,5260
81,01,1310100,1,20261001,6752,1136,0,0,0,0,0,7055,1043,0,0,0,0,0,3,43.53544778076278,141.9200456,,,,,,,,,,,,,253,red,7888,8098,15986
81,01,1310110,1,20261001,2530,1237,0,0,0,0,0,2301,1162,0,0,0,0,0,3,43.66238455079058,141.9957268,,,,,,,,,,,,,253,red,3767,3463,7230
81,01,1310120,1,20261001,0,0,0,0,0,253,0,11751,1285,0,0,0,0,0,3,43.0094644106218,141.4241588,,,,,,,,,,,,,253,red,0,13036,13036
81,01,1310130,1,20261001,7393,1423,0,0,0,253,0,7307,1804,0,0,0,253,0,3,42.85324004057195,141.609931,,,,,,,,,,,,,253,red,8816,9111,17927
81,01,1310140,1,20261001,7839,3040,0,0,0,0,0,7181,3109,0,0,0,0,0,3,42.79203104055144,141.693651,,,,,,,,,,,,,253,red,10879,10290,21169
81,05,1310150,1,20261001,3406,896,0,0,0,0,0,3352,844,0,0,0,0,0,3,42.483348820439495,141.2489566,,,,,,,,,,,,,253,red,4302,4196,8498
81,05,1310160,1,20261001,6450,1038,0,0,0,0,0,6599,821,0,0,0,0,0,3,42.362402460391806,140.964739,,,,,,,,,,,,,253,red,7488,7420,14908
81,05,1310170,1,20261001,3218,324,0,0,253,0,0,3028,173,22,0,0,0,0,3,42.363565450392265,140.9519019,,,,,,,,,,,,,253,red,3542,3223,6765
81,04,1310180,1,20261001,,,,0,0,0,253,,,,0,0,0,253,3,43.22376604068423,142.378762,,,,,,,,,,,,,253,red,0,0,0
81,06,1310200,1,20261001,1129,487,0,0,0,0,0,1223,504,0,0,0,0,0,3,42.89183628058462,143.9445233,,,,,,,,,,,,,253,red,1616,1727,3343
81,06,1310210,1,20261001,3827,700,42,0,0,0,0,3689,915,0,0,253,0,0,3,43.009797840621914,144.2786998,,,,,,,,,,,,,253,red,4569,4604,9173
81,06,1310220,1,20261001,2735,702,0,0,0,0,0,3718,777,0,0,0,0,0,3,43.02229809062573,144.2728472,,,,,,,,,,,,,253,red,3437,4495,7932
81,08,1310230,1,20261001,1749,727,0,0,253,0,0,1604,676,0,0,253,0,0,3,43.85893419082885,144.0808788,,,,,,,,,,,,,253,red,2476,2280,4756
81,08,1310240,1,20261001,1824,199,0,0,253,0,0,1800,256,0,0,253,0,0,3,44.01132969085448,144.2315868,,,,,,,,,,,,,253,red,2023,2056,4079
81,04,1310250,1,20261001,2940,648,124,0,0,0,0,2803,537,64,0,0,0,0,3,44.16725904087709,142.395004,,,,,,,,,,,,,253,red,3712,3404,7116
81,04,1310260,1,20261001,2348,619,12,0,0,0,0,2189,537,1,0,0,0,0,3,44.19030204088012,142.392098,,,,,,,,,,,,,253,red,2979,2727,5706
81,09,1310270,1,20261001,467,189,0,0,0,0,0,419,161,0,0,0,0,0,3,44.89849804093394,141.930734,,,,,,,,,,,,,253,red,656,580,1236
81,10,1310280,1,20261001,195,87,0,0,0,0,0,205,96,0,0,0,0,0,3,45.0919210409354,141.772244,,,,,,,,,,,,,253,red,282,301,583
81,10,1310290,1,20261001,,,,0,0,0,253,,,,0,0,0,253,3,45.3643680409278,141.728937,,,,,,,,,,,,,253,red,0,0,0
81,06,1310300,1,20261001,2422,506,13,0,0,0,0,0,0,2710,0,0,253,0,3,43.059450410636984,144.8007274,,,,,,,,,,,,,253,red,2941,2710,5651
81,06,1310310,1,20261001,334,115,0,0,253,0,0,343,90,3,0,0,0,0,3,43.27550252069827,145.50157790000003,,,,,,,,,,,,,253,red,449,436,885
81,02,1310320,1,20261001,2868,372,0,0,0,0,0,3010,395,0,0,0,0,0,3,41.8940000401868,140.139639,,,,,,,,,,,,,253,red,3240,3405,6645
81,02,1310330,1,20261001,2890,425,0,0,0,0,0,2513,386,0,0,0,0,0,3,41.68472204008489,140.444,,,,,,,,,,,,,253,red,3315,2899,6214
81,03,1310340,1,20261001,1496,168,0,0,0,0,0,0,2,5,0,0,234,0,3,43.26192904069464,140.646731,,,,,,,,,,,,,253,red,1664,7,1671
81,03,1310350,1,20261001,1682,630,0,0,0,0,0,1933,819,0,0,0,0,0,3,43.041313040631515,140.5119,,,,,,,,,,,,,253,red,2312,2752,5064
81,02,1310360,1,20261001,424,51,0,0,0,0,0,412,77,0,0,0,0,0,3,42.129260570293795,139.981876,,,,,,,,,,,,,253,red,475,489,964
81,01,1310370,1,20261001,13582,1464,0,0,0,0,0,14450,1317,0,0,0,0,0,3,43.007483420621185,141.3442719,,,,,,,,,,,,,253,red,15046,15767,30813
81,03,1310380,1,20261001,2419,586,0,0,0,0,0,2242,469,0,0,0,0,0,3,42.797316040553234,140.953155,,,,,,,,,,,,,253,red,3005,2711,5716
81,03,1310390,1,20261001,1764,492,0,0,0,0,0,1653,439,0,0,0,0,0,3,42.75911004054018,140.927534,,,,,,,,,,,,,253,red,2256,2092,4348
81,09,1310420,1,20261001,1410,295,0,0,0,0,0,1453,299,0,0,0,0,0,3,44.315812040895196,141.663389,,,,,,,,,,,,,253,red,1705,1752,3457
81,05,1310430,1,20261001,1625,692,0,0,0,0,0,1539,713,0,0,0,0,0,3,42.68397268051387,141.6803745,,,,,,,,,,,,,253,red,2317,2252,4569
81,05,1310440,1,20261001,763,162,0,0,0,0,0,981,194,0,0,0,0,0,3,42.455508520428715,142.1783574,,,,,,,,,,,,,253,red,925,1175,2100
81,07,1310450,1,20261001,3378,494,0,0,0,0,0,2928,447,0,0,0,0,0,3,42.850468990571045,143.1845784,,,,,,,,,,,,,253,red,3872,3375,7247
81,04,1310460,1,20261001,,,,0,0,0,253,,,,0,0,0,253,3,43.3597710407203,142.387706,,,,,,,,,,,,,253,red,0,0,0
81,05,1310470,1,20261001,324,623,0,0,0,0,0,384,616,0,0,0,0,0,3,42.87689451057974,142.4313468,,,,,,,,,,,,,253,red,947,1000,1947
81,08,1310490,1,20261001,1724,421,0,1,252,0,0,1743,313,12,1,0,0,0,3,44.469400040910415,143.131573,,,,,,,,,,,,,253,red,2145,2068,4213
81,10,1310500,1,20261001,,,,0,0,0,253,,,,0,0,0,253,3,44.9513530409349,142.577793,,,,,,,,,,,,,253,red,0,0,0
81,06,1310520,1,20261001,331,64,0,0,0,0,0,385,68,0,0,0,0,0,3,43.474956340748676,144.4077086,,,,,,,,,,,,,253,red,395,453,848
81,07,1310530,1,20261001,243,54,0,0,0,0,0,262,71,0,0,0,0,0,3,43.351455040718186,143.778977,,,,,,,,,,,,,253,red,297,333,630
81,08,1310540,1,20261001,378,132,0,0,253,0,0,369,125,0,0,253,0,0,3,43.71241358080086,144.1898958,,,,,,,,,,,,,253,red,510,494,1004
81,06,1310550,1,20261001,632,116,0,0,0,0,0,623,106,0,0,0,0,0,3,43.23651165068774,145.2499867,,,,,,,,,,,,,253,red,748,729,1477
81,06,1310560,1,20261001,1024,159,0,0,0,0,0,995,169,0,0,0,0,0,3,43.68069492079438,145.1213962,,,,,,,,,,,,,253,red,1183,1164,2347
81,06,1310570,1,20261001,814,484,0,0,0,0,0,936,395,0,0,0,0,0,3,43.3613193507207,144.8334503,,,,,,,,,,,,,253,red,1298,1331,2629
81,04,1310580,1,20261001,97,29,0,0,0,0,0,68,45,0,0,0,0,0,3,43.85535404082818,142.818956,,,,,,,,,,,,,253,red,126,113,239
81,01,1310590,1,20261001,15635,2472,0,0,0,0,0,17915,3208,0,0,0,0,0,3,43.101919030649576,141.3492984,,,,,,,,,,,,,253,red,18107,21123,39230
81,01,1310600,1,20261001,4397,1028,0,0,0,253,0,4314,1022,0,0,0,253,0,3,43.018587890624595,141.4801633,,,,,,,,,,,,,253,red,5425,5336,10761
81,07,1310610,1,20261001,427,112,0,0,0,0,0,469,182,0,0,0,0,0,3,43.124397040656135,143.671096,,,,,,,,,,,,,253,red,539,651,1190
81,01,1310620,1,20261001,7594,1442,0,0,0,0,0,9298,1495,0,0,0,0,0,3,43.080001040643104,141.40691,,,,,,,,,,,,,253,red,9036,10793,19829
81,01,1310630,1,20261001,0,0,0,0,0,253,0,0,0,0,0,0,253,0,3,43.224602350684464,141.5421492,,,,,,,,,,,,,253,red,0,0,0
81,05,1310650,1,20261001,0,0,3828,0,0,242,0,2867,923,22,0,0,0,0,3,42.664068480506764,141.5956308,,,,,,,,,,,,,253,red,3828,3812,7640
81,08,1310660,1,20261001,1296,304,11,0,0,0,0,1417,271,6,0,0,0,0,3,43.98436947085019,143.5657163,,,,,,,,,,,,,253,red,1611,1694,3305
81,08,1310670,1,20261001,657,141,0,0,253,0,0,817,181,0,0,253,0,0,3,43.93417044084193,144.7997993,,,,,,,,,,,,,253,red,798,998,1796
81,01,1310680,1,20261001,3079,397,0,0,0,0,0,3539,420,0,0,0,0,0,3,42.84334231056867,141.6642755,,,,,,,,,,,,,253,red,3476,3959,7435
81,06,1310690,1,20261001,1916,363,9,0,0,0,0,1876,401,209,0,0,0,0,3,43.048098520633566,144.4594431,,,,,,,,,,,,,253,red,2288,2486,4774
81,01,1310700,1,20261001,7026,834,0,0,0,0,0,8260,827,0,0,0,0,0,3,43.001297040619285,141.34856,,,,,,,,,,,,,253,red,7860,9087,16947
82,,2110010,1,20261001,3157,1443,0,0,0,0,0,3351,1429,0,0,0,0,0,3,37.110573456365614,140.1455465,,,,,,,,,,,,,257,red,4600,4780,9380
82,,2110017,1,20261001,14873,2855,0,0,0,0,0,15720,2913,0,0,0,0,0,3,37.37338104665072,140.3483355,,,,,,,,,,,,,257,red,17728,18633,36361
82,,2110019,1,20261001,14788,3241,0,0,0,0,0,14042,3274,0,0,0,0,0,3,37.46431627674753,140.3769493,,,,,,,,,,,,,257,red,18029,17316,35345
82,,2110021,1,20261001,10243,2216,86,0,0,0,0,9930,2783,32,0,257,0,0,3,37.606841446897334,140.4677635,,,,,,,,,,,,,257,red,12545,12745,25290
82,,2110030,1,20261001,14544,1973,0,0,0,0,0,15414,2061,0,0,0,0,0,3,37.73677529703182,140.4665726,,,,,,,,,,,,,257,red,16517,17475,33992
82,,2110040,1,20261001,9668,1704,0,0,0,0,0,9738,1687,0,0,0,0,0,3,37.807813217104496,140.4958221,,,,,,,,,,,,,257,red,11372,11425,22797
82,,2110050,1,20261001,2714,1566,0,0,0,0,0,2823,1567,0,0,0,0,0,3,37.90701278720498,140.5808128,,,,,,,,,,,,,257,red,4280,4390,8670
82,,2110055,1,20261001,7689,2750,0,0,0,0,0,8433,2567,0,0,0,0,0,3,38.041138927338956,140.6498056,,,,,,,,,,,,,257,red,10439,11000,21439
82,,2110060,1,20261001,13600,2854,0,0,0,0,0,13947,2670,0,0,0,0,0,3,38.085083367382396,140.8283056,,,,,,,,,,,,,257,red,16454,16617,33071
82,,2110062,1,20261001,2161,529,19,0,0,0,0,1971,440,20,0,0,0,0,3,39.659168038777906,141.92916800000003,,,,,,,,,,,,,257,red,2709,2431,5140
82,,2110063,1,20261001,1595,468,19,0,0,0,0,1398,382,11,0,0,0,0,3,39.73009903883322,141.960134,,,,,,,,,,,,,257,red,2082,1791,3873
82,,2110065,1,20261001,16065,2223,0,0,0,0,0,16041,2129,0,0,0,0,0,3,38.15208336744814,140.8853611,,,,,,,,,,,,,257,red,18288,18170,36458
82,,2110070,1,20261001,23409,2829,0,0,0,0,0,21609,2667,0,0,0,0,0,3,38.21891670751319,140.895,,,,,,,,,,,,,257,red,26238,24276,50514
82,,2110081,1,20261001,7557,329,0,0,0,0,0,0,0,0,0,0,0,0,3,38.340207037629824,140.883811,,,,,,,,,,,,,257,red,7886,0,7886
82,,2110090,1,20261001,6949,1508,0,0,0,0,0,7216,1323,0,0,0,0,0,3,38.61000803788275,140.98291900000004,,,,,,,,,,,,,257,red,8457,8539,16996
82,,2110091,1,20261001,2912,1205,0,0,0,0,0,2736,1039,0,0,0,0,0,3,38.834610038086325,141.085674,,,,,,,,,,,,,257,red,4117,3775,7892
82,,2110092,1,20261001,5382,1243,0,0,0,0,0,4321,1076,0,0,0,0,0,3,38.930416038171224,141.117432,,,,,,,,,,,,,257,red,6625,5397,12022
82,,2110093,1,20261001,4383,1319,47,0,0,0,0,4224,1128,47,0,0,0,0,3,39.003777838235415,141.1133766,,,,,,,,,,,,,257,red,5749,5399,11148
82,,2110095,1,20261001,4412,655,0,0,0,0,0,4424,626,0,0,0,0,0,3,39.166645038375485,141.142913,,,,,,,,,,,,,257,red,5067,5050,10117
82,,2110103,1,20261001,12373,1189,0,0,0,0,0,14155,690,0,0,0,0,0,3,39.668019038784855,141.15759,,,,,,,,,,,,,257,red,13562,14845,28407
82,,2110106,1,20261001,11173,887,0,0,0,0,0,10915,921,0,0,0,0,0,3,39.70774803881587,141.165401,,,,,,,,,,,,,257,red,12060,11836,23896
82,,2110110,1,20261001,10408,1007,0,0,0,0,0,9835,856,0,0,0,0,0,3,39.7581439588549,141.134491,,,,,,,,,,,,,257,red,11415,10691,22106
82,,2110120,1,20261001,3647,950,0,0,0,0,0,3718,948,0,0,0,0,0,3,40.24861199921695,141.2695885,,,,,,,,,,,,,257,red,4597,4666,9263
82,,2110121,1,20261001,2179,731,0,0,0,0,0,2274,609,0,0,0,0,0,3,40.33516094927743,141.2985134,,,,,,,,,,,,,257,red,2910,2883,5793
82,,2110129,1,20261001,2339,525,1,0,0,0,0,2342,476,3,0,0,0,0,3,40.60805264946136,141.26026802,,,,,,,,,,,,,257,red,2865,2821,5686
82,,2110130,1,20261001,0,0,5731,0,0,257,0,0,0,5600,0,0,257,0,3,40.65608164949267,141.19309457,,,,,,,,,,,,,257,red,5731,5600,11331
82,,2110132,1,20261001,2387,415,283,0,0,0,0,3596,542,71,0,0,0,0,3,40.683721049510524,141.17042319,,,,,,,,,,,,,257,red,3085,4209,7294
82,,2110140,1,20261001,4769,1000,38,0,0,0,0,4898,317,32,0,0,0,0,3,40.89753341964514,140.86029133,,,,,,,,,,,,,257,red,5807,5247,11054
82,,2110143,1,20261001,4254,1189,0,0,0,0,0,4177,1000,0,0,0,0,0,3,39.946858248998055,141.2168884,,,,,,,,,,,,,257,red,5443,5177,10620
82,,2110144,1,20261001,3901,1812,0,0,257,0,0,3931,1180,0,0,257,0,0,3,40.83532684960663,141.12935762,,,,,,,,,,,,,257,red,5713,5111,10824
82,,2110150,1,20261001,4953,1145,1,0,0,0,0,5189,1067,3,0,0,0,0,3,36.857960956084185,140.7891727,,,,,,,,,,,,,257,red,6099,6259,12358
82,,2110160,1,20261001,11808,2540,41,0,0,0,0,11306,2599,45,0,0,0,0,3,36.92281008615712,140.8423448,,,,,,,,,,,,,257,red,14389,13950,28339
82,,2110161,1,20261001,8239,1527,0,0,0,0,0,8565,1441,0,0,0,0,0,3,37.03306503628002,140.911907,,,,,,,,,,,,,257,red,9766,10006,19772
82,,2110162,1,20261001,5655,916,0,0,0,0,0,4747,821,0,0,0,0,0,3,37.11549536637102,140.9974993,,,,,,,,,,,,,257,red,6571,5568,12139
82,,2110163,1,20261001,4561,1174,9,0,0,0,0,3797,1233,2,0,0,0,0,3,37.38527750666344,141.0086632,,,,,,,,,,,,,257,red,5744,5032,10776
82,,2110165,1,20261001,4789,1043,34,0,0,0,0,5170,1293,44,0,0,0,0,3,37.63270112692426,140.9856901,,,,,,,,,,,,,257,red,5866,6507,12373
82,,2110168,1,20261001,2890,1036,0,0,0,0,0,2870,1016,0,0,0,0,0,3,37.81498403711179,140.943249,,,,,,,,,,,,,257,red,3926,3886,7812
82,,2110170,1,20261001,2221,405,0,0,0,0,0,2087,394,0,0,0,0,0,3,37.89520971719308,140.9035528,,,,,,,,,,,,,257,red,2626,2481,5107
82,,2110173,1,20261001,9554,1086,0,0,0,0,0,8935,1085,0,0,0,0,0,3,37.094818366348264,140.9771016,,,,,,,,,,,,,257,red,10640,10020,20660
82,,2110180,1,20261001,5524,463,0,0,0,0,0,5006,413,0,0,0,0,0,3,38.064732037362305,140.859399,,,,,,,,,,,,,257,red,5987,5419,11406
82,,2110190,1,20261001,2366,644,0,0,0,0,0,1799,549,0,0,0,0,0,1,38.69140541795727,139.678824,,,,,,,,,,,,,257,red,3010,2348,5358
82,,2110191,1,20261001,3480,681,0,0,0,0,0,3333,697,0,0,0,0,0,3,38.96127130819829,139.8400569,,,,,,,,,,,,,257,red,4161,4030,8191
82,,2110192,1,20261001,6741,696,0,0,0,0,0,6515,755,0,0,0,0,0,3,38.794079918050066,139.83442430000002,,,,,,,,,,,,,257,red,7437,7270,14707
82,,2110193,1,20261001,7309,806,0,0,0,0,0,7130,855,0,0,0,0,0,3,38.787431758044086,139.8346764,,,,,,,,,,,,,257,red,8115,7985,16100
82,,2110194,1,20261001,1084,243,0,0,0,0,0,1151,299,0,0,0,0,0,3,38.69287924795862,139.6478605,,,,,,,,,,,,,257,red,1327,1450,2777
82,,2110195,1,20261001,1136,802,0,0,0,0,0,1301,711,0,0,0,0,0,3,38.61589808788817,139.5797968,,,,,,,,,,,,,257,red,1938,2012,3950
82,,2110196,1,20261001,7488,955,0,0,0,0,0,7850,990,0,0,0,0,0,3,38.83854814808984,139.8486963,,,,,,,,,,,,,257,red,8443,8840,17283
82,,2110197,1,20261001,2654,291,0,0,0,0,0,2463,335,0,0,0,0,0,3,38.71753625798101,139.7594082,,,,,,,,,,,,,257,red,2945,2798,5743
82,,2110198,1,20261001,4593,680,0,0,0,0,0,4095,679,0,0,0,0,0,3,38.71622198797982,139.7565651,,,,,,,,,,,,,257,red,5273,4774,10047
82,,2110199,1,20261001,1535,552,0,0,0,0,0,1199,511,0,0,0,0,0,1,38.60695292787995,139.5878005,,,,,,,,,,,,,257,red,2087,1710,3797
82,,2110201,1,20261001,1955,625,0,0,0,0,0,1621,522,0,0,0,0,0,1,38.666421037934484,139.623761,,,,,,,,,,,,,257,red,2580,2143,4723
82,,2110202,1,20261001,5513,899,0,0,0,0,0,5771,900,0,0,0,0,0,3,39.62387474875015,140.0681964,,,,,,,,,,,,,257,red,6412,6671,13083
82,,2110203,1,20261001,1100,116,0,0,0,0,0,1040,126,0,0,0,0,0,3,39.240899018438185,139.9362623,,,,,,,,,,,,,257,red,1216,1166,2382
82,,2110204,1,20261001,2220,658,0,0,0,0,0,2648,654,0,0,0,0,0,3,39.290490888479674,139.9747431,,,,,,,,,,,,,257,red,2878,3302,6180
82,,2110205,1,20261001,1893,774,0,0,0,0,0,1918,751,0,0,0,0,0,3,39.11912903833497,139.876447,,,,,,,,,,,,,257,red,2667,2669,5336
82,,2110208,1,20261001,8327,483,0,0,0,0,0,7921,526,0,0,0,0,0,3,39.38953603856155,140.030682,,,,,,,,,,,,,257,red,8810,8447,17257
82,,2110210,1,20261001,8157,1107,0,0,0,0,0,9987,1046,0,0,0,0,0,3,39.79539903888355,140.0622,,,,,,,,,,,,,257,red,9264,11033,20297
82,,2110212,1,20261001,6194,861,0,0,0,0,0,5359,900,0,0,0,0,0,3,39.718472038824196,140.083211,,,,,,,,,,,,,257,red,7055,6259,13314
82,,2110213,1,20261001,3354,342,0,0,0,0,0,3264,395,0,0,0,0,0,3,39.52539935867177,140.0518185,,,,,,,,,,,,,257,red,3696,3659,7355
82,,2110214,1,20261001,2998,549,0,0,0,0,0,2870,504,0,0,0,0,0,3,39.90494615896667,140.076382,,,,,,,,,,,,,257,red,3547,3374,6921
82,,2110215,1,20261001,2787,506,46,0,0,0,0,2526,474,14,0,0,0,0,3,40.067095039086766,140.067721,,,,,,,,,,,,,257,red,3339,3014,6353
82,,2110216,1,20261001,2481,796,127,0,0,0,0,8,1,1,0,0,0,0,3,40.268120039230666,140.52780600000003,,,,,,,,,,,,,257,red,3404,10,3414
82,,2110217,1,20261001,2196,797,174,0,0,0,0,1245,483,111,0,0,0,0,3,40.27305803923414,140.532178,,,,,,,,,,,,,257,red,3167,1839,5006
82,,2110218,1,20261001,6406,393,0,0,0,0,0,6148,312,0,0,0,0,0,3,40.190834039176,140.036139,,,,,,,,,,,,,257,red,6799,6460,13259
82,,2110219,1,20261001,854,159,0,0,0,0,0,721,211,0,0,0,0,0,3,40.21531803919339,140.280482,,,,,,,,,,,,,257,red,1013,932,1945
82,,2110220,1,20261001,1936,641,3,0,0,0,0,1621,591,2,0,0,0,0,3,40.16185503915528,140.039381,,,,,,,,,,,,,257,red,2580,2214,4794
82,,2110221,1,20261001,3115,776,53,0,0,0,0,2490,664,9,0,0,0,0,3,40.20192503918389,140.151831,,,,,,,,,,,,,257,red,3944,3163,7107
82,,2110222,1,20261001,874,336,0,0,0,0,0,655,229,0,0,0,0,0,3,40.30719003925799,140.572683,,,,,,,,,,,,,257,red,1210,884,2094
82,,2110229,1,20261001,2967,845,61,0,0,0,0,925,190,54,0,0,0,0,3,40.230677039204274,140.489525,,,,,,,,,,,,,257,red,3873,1169,5042
82,,2110230,1,20261001,1545,476,4,0,0,0,0,1612,484,1,0,0,0,0,3,40.3821040393098,140.603544,,,,,,,,,,,,,257,red,2025,2097,4122
82,,2110231,1,20261001,1536,564,92,0,0,0,0,1808,523,25,0,0,0,0,3,40.461176699363655,140.6358415,,,,,,,,,,,,,257,red,2192,2356,4548
82,,2110232,1,20261001,1838,585,121,0,0,0,0,1299,270,48,0,0,0,0,3,40.199024039181815,140.383267,,,,,,,,,,,,,257,red,2544,1617,4161
82,,2110233,1,20261001,1202,385,0,0,0,0,0,1062,326,0,0,0,0,0,1,38.96155603819856,139.859806,,,,,,,,,,,,,257,red,1587,1388,2975
82,,2110234,1,20261001,3519,515,674,0,0,0,0,4502,839,293,0,0,0,0,3,40.57123242943714,140.52428552,,,,,,,,,,,,,257,red,4708,5634,10342
82,,2110235,1,20261001,10223,1105,36,0,0,0,0,0,0,11067,0,0,257,0,3,40.60269692945784,140.49957539,,,,,,,,,,,,,257,red,11364,11067,22431
82,,2110236,1,20261001,1242,398,0,0,0,0,0,1220,337,0,0,0,0,0,1,39.00850003823954,139.856924,,,,,,,,,,,,,257,red,1640,1557,3197
82,,2110237,1,20261001,258,24,0,0,0,0,0,306,37,0,0,0,0,0,1,39.05087603827627,139.890254,,,,,,,,,,,,,257,red,282,343,625
82,,2110240,1,20261001,7736,1042,23,0,0,0,0,2517,235,5334,0,0,257,0,3,40.65753935949361,140.50836074,,,,,,,,,,,,,257,red,8801,8086,16887
82,,2110249,1,20261001,5907,1178,549,0,0,0,0,2886,748,323,0,257,257,0,3,40.831625089604316,140.66283564,,,,,,,,,,,,,257,red,7634,3957,11591
82,,2110250,1,20261001,6971,1236,0,0,0,0,0,6714,1465,0,0,0,0,0,3,40.767838829564255,140.59194915,,,,,,,,,,,,,257,red,8207,8179,16386
82,,2110251,1,20261001,11380,1177,0,0,0,257,0,21111,3054,0,0,0,0,0,3,40.824380649599796,140.7354641,,,,,,,,,,,,,257,red,12557,24165,36722
82,,2110252,1,20261001,6902,1563,4,0,0,0,0,0,0,8036,0,0,257,0,3,40.80222556958593,140.69781704,,,,,,,,,,,,,257,red,8469,8036,16505
82,,2110253,1,20261001,3285,633,112,0,0,0,0,3665,792,76,0,0,0,0,3,40.82364700959935,140.81040657,,,,,,,,,,,,,257,red,4030,4533,8563
82,,2110255,1,20261001,0,0,0,0,0,0,0,0,0,0,0,0,0,0,3,40.797368279582884,140.73499562,,,,,,,,,,,,,257,red,0,0,0
82,,2110256,1,20261001,6753,709,29,0,0,0,0,0,0,0,0,0,0,0,3,40.79545531958167,140.74908182,,,,,,,,,,,,,257,red,7491,0,7491
82,,2110258,1,20261001,2718,298,12,0,0,0,0,4264,745,25,0,0,0,0,3,40.26361114922749,140.42944444,,,,,,,,,,,,,257,red,3028,5034,8062
82,,2110260,1,20261001,9912,583,0,0,0,0,0,10654,673,0,0,0,0,0,3,37.766077747061864,140.4643813,,,,,,,,,,,,,257,red,10495,11327,21822
82,,2110270,1,20261001,654,252,3,0,0,0,0,588,279,180,0,0,1,0,3,37.82286602711981,140.2786356,,,,,,,,,,,,,257,red,909,1047,1956
82,,2110271,1,20261001,2209,1319,0,0,0,0,0,2201,767,0,0,0,0,0,3,37.89655074719443,140.1500818,,,,,,,,,,,,,257,red,3528,2968,6496
82,,2110272,1,20261001,2029,1298,0,0,0,0,0,2239,758,0,0,0,0,0,3,37.92749748722557,140.13487,,,,,,,,,,,,,257,red,3327,2997,6324
82,,2110280,1,20261001,6190,1003,0,0,0,0,0,6142,915,0,0,0,0,0,3,37.99971367729781,140.14494900000003,,,,,,,,,,,,,257,red,7193,7057,14250
82,,2110290,1,20261001,6726,1397,0,0,0,0,0,6957,1356,0,0,0,0,0,3,38.13022203742675,140.241028,,,,,,,,,,,,,257,red,8123,8313,16436
82,,2110291,1,20261001,8437,1364,0,0,0,0,0,8326,1319,0,0,0,0,0,3,38.159814097455694,140.3001308,,,,,,,,,,,,,257,red,9801,9645,19446
82,,2110292,1,20261001,6424,1299,0,0,0,0,0,5572,1143,0,0,0,0,0,3,38.10297203739999,140.207083,,,,,,,,,,,,,257,red,7723,6715,14438
82,,2110294,1,20261001,1502,383,0,0,0,0,0,1780,403,0,0,0,0,0,3,37.767613677063444,140.8648291,,,,,,,,,,,,,257,red,1885,2183,4068
82,,2110295,1,20261001,1630,407,0,0,0,0,0,2011,431,0,0,0,0,0,3,37.75423885704973,140.7090153,,,,,,,,,,,,,257,red,2037,2442,4479
82,,2110296,1,20261001,1769,466,0,0,0,0,0,2278,511,0,0,0,0,0,3,37.75978319705542,140.5958156,,,,,,,,,,,,,257,red,2235,2789,5024
82,,2110297,1,20261001,1704,389,0,0,0,0,0,2150,439,0,0,0,0,0,3,37.78113503707728,140.573819,,,,,,,,,,,,,257,red,2093,2589,4682
82,,2110298,1,20261001,1810,547,0,0,0,0,0,2224,594,0,0,0,0,0,3,37.81669203711354,140.530266,,,,,,,,,,,,,257,red,2357,2818,5175
82,,2110299,1,20261001,1336,596,0,0,0,0,0,1702,629,0,0,0,0,0,3,37.83294203713006,140.49615,,,,,,,,,,,,,257,red,1932,2331,4263
82,,2110300,1,20261001,1827,1296,0,0,0,0,0,1881,812,0,0,0,0,0,1,37.79582169709228,140.4130094,,,,,,,,,,,,,257,red,3123,2693,5816
82,,2110301,1,20261001,2586,1504,0,0,0,0,0,2466,875,0,0,0,0,0,3,37.8687824871664,140.2279023,,,,,,,,,,,,,257,red,4090,3341,7431
82,,2110305,1,20261001,13012,2005,0,0,0,0,0,14207,2002,0,0,0,0,0,3,38.32857829761873,140.3671432,,,,,,,,,,,,,257,red,15017,16209,31226
82,,2110307,1,20261001,6309,475,0,0,0,0,0,7266,805,0,0,0,0,0,3,38.48098003776293,140.382831,,,,,,,,,,,,,257,red,6784,8071,14855
82,,2110308,1,20261001,2008,518,0,0,0,0,0,4326,1351,0,0,0,0,0,1,38.56969403784554,140.401333,,,,,,,,,,,,,257,red,2526,5677,8203
82,,2110309,1,20261001,3170,1060,0,0,0,0,0,2962,1033,0,0,0,0,0,1,38.42500003771029,140.352222,,,,,,,,,,,,,257,red,4230,3995,8225
82,,2110310,1,20261001,6130,1279,0,0,0,0,0,4324,512,0,0,0,0,0,3,38.57581640785121,140.403707,,,,,,,,,,,,,257,red,7409,4836,12245
82,,2110311,1,20261001,3528,1066,0,0,0,0,0,4429,1345,0,0,0,0,0,1,38.5505555978278,140.3888889,,,,,,,,,,,,,257,red,4594,5774,10368
82,,2110312,1,20261001,3940,1052,0,0,0,0,0,4177,1336,0,0,0,0,0,3,38.618265997890354,140.3838155,,,,,,,,,,,,,257,red,4992,5513,10505
82,,2110313,1,20261001,5494,1687,0,0,0,0,0,5356,1509,0,0,0,0,0,3,38.676631947943804,140.3212881,,,,,,,,,,,,,257,red,7181,6865,14046
82,,2110314,1,20261001,5367,1669,0,0,0,0,0,5247,1539,0,0,0,0,0,3,38.71993903798319,140.308757,,,,,,,,,,,,,257,red,7036,6786,13822
82,,2110315,1,20261001,3856,411,0,0,0,0,0,3905,359,0,0,0,0,0,3,38.8033716780584,140.3206605,,,,,,,,,,,,,257,red,4267,4264,8531
82,,2110316,1,20261001,2464,926,0,0,0,0,0,1880,710,0,0,0,0,0,3,38.74947203800992,140.290833,,,,,,,,,,,,,257,red,3390,2590,5980
82,,2110317,1,20261001,1166,678,0,0,0,0,0,1139,564,0,0,0,0,0,3,38.923639038165255,140.334806,,,,,,,,,,,,,257,red,1844,1703,3547
82,,2110318,1,20261001,1107,647,0,0,0,0,0,1165,561,0,0,0,0,0,3,38.94673520818555,140.3547943,,,,,,,,,,,,,257,red,1754,1726,3480
82,,2110319,1,20261001,2179,741,19,0,0,0,0,2018,718,24,0,0,0,0,3,39.072178338294655,140.4714918,,,,,,,,,,,,,257,red,2939,2760,5699
82,,2110320,1,20261001,2531,756,14,0,0,0,0,2350,731,24,0,0,0,0,3,39.11258080832936,140.486598,,,,,,,,,,,,,257,red,3301,3105,6406
82,,2110321,1,20261001,4995,505,0,0,0,0,0,4850,457,0,0,0,0,0,3,39.181412318388,140.4959965,,,,,,,,,,,,,257,red,5500,5307,10807
82,,2110322,1,20261001,2697,136,21,0,0,0,0,2532,102,203,0,0,0,0,3,39.1455093483575,140.4912436,,,,,,,,,,,,,257,red,2854,2837,5691
82,,2110324,1,20261001,719,457,0,0,0,0,0,31,355,0,0,0,0,0,3,39.046668898272635,140.4131154,,,,,,,,,,,,,257,red,1176,386,1562
82,,2110325,1,20261001,3736,1158,0,0,0,0,0,3875,1301,0,0,0,0,0,1,38.463333037746374,140.3575,,,,,,,,,,,,,257,red,4894,5176,10070
82,,2110326,1,20261001,3626,1092,0,0,0,0,0,4211,1298,0,0,0,0,0,1,38.49944403778021,140.370833,,,,,,,,,,,,,257,red,4718,5509,10227
82,,2110327,1,20261001,6996,650,0,0,0,0,0,6166,596,0,0,0,0,0,3,39.249316578445246,140.5351192,,,,,,,,,,,,,257,red,7646,6762,14408
82,,2110328,1,20261001,1601,743,0,0,0,0,0,1505,648,0,0,0,0,0,3,38.78089403803823,140.293372,,,,,,,,,,,,,257,red,2344,2153,4497
82,,2110335,1,20261001,3268,551,1513,0,0,127,0,4246,767,740,0,0,0,0,3,39.45464609861468,140.4982871,,,,,,,,,,,,,257,red,5332,5753,11085
82,,2110337,1,20261001,3315,537,2,0,0,0,0,3039,562,1,0,0,0,0,3,39.56556981870389,140.3349352,,,,,,,,,,,,,257,red,3854,3602,7456
82,,2110340,1,20261001,8451,1465,0,0,0,0,0,7812,1410,0,0,0,0,0,3,39.66778703878465,140.165768,,,,,,,,,,,,,257,red,9916,9222,19138
82,,2110350,1,20261001,13935,2109,0,0,0,0,0,15116,2326,0,0,0,0,0,3,38.27013892756266,140.95175,,,,,,,,,,,,,257,red,16044,17442,33486
82,,2110352,1,20261001,12513,2613,15,0,0,0,0,11978,2431,127,0,0,0,0,3,38.425472257710744,141.1867778,,,,,,,,,,,,,257,red,15141,14536,29677
82,,2110353,1,20261001,12373,2505,89,0,0,0,0,11547,2223,453,0,0,0,0,3,38.43294447771779,141.2090556,,,,,,,,,,,,,257,red,14967,14223,29190
82,,2110354,1,20261001,10329,1860,137,9,0,0,25,10192,1809,529,0,0,0,25,3,38.442000037726324,141.2525833,,,,,,,,,,,,,257,red,12326,12530,24856
82,,2110355,1,20261001,8542,1901,230,0,0,0,0,8848,1744,95,0,0,0,0,3,38.48202781776391,141.2923889,,,,,,,,,,,,,257,red,10673,10687,21360
82,,2110357,1,20261001,7487,1766,56,0,0,0,0,7773,1655,73,0,0,0,0,3,38.50430559778474,141.2861944,,,,,,,,,,,,,257,red,9309,9501,18810
82,,2110358,1,20261001,5534,1604,41,0,0,0,0,5597,1485,44,0,0,0,0,3,38.590638927864894,141.27905560000002,,,,,,,,,,,,,257,red,7179,7126,14305
82,,2110359,1,20261001,5071,1553,34,0,0,0,0,5075,1397,55,0,0,0,0,3,38.61066670788337,141.2839722,,,,,,,,,,,,,257,red,6658,6527,13185
82,,2110360,1,20261001,5497,148,0,0,0,0,0,4900,199,0,0,0,0,0,3,38.429333367714385,141.2390278,,,,,,,,,,,,,257,red,5645,5099,10744
82,,2110361,1,20261001,4785,316,0,0,0,0,0,4945,376,0,0,0,0,0,3,38.891555598136925,141.55625,,,,,,,,,,,,,257,red,5101,5321,10422
82,,2110362,1,20261001,4141,996,30,0,0,0,0,4161,947,26,0,0,0,0,3,38.696083367961535,141.2831389,,,,,,,,,,,,,257,red,5167,5134,10301
82,,2110363,1,20261001,10190,1912,68,0,0,0,0,9433,1779,77,0,0,0,0,3,38.456555597740014,141.2745,,,,,,,,,,,,,257,red,12170,11289,23459
82,,2110364,1,20261001,2744,806,1,0,0,0,0,2834,724,2,0,0,0,0,3,38.95011114818852,141.6280556,,,,,,,,,,,,,257,red,3551,3560,7111
82,,2110365,1,20261001,2871,234,0,0,0,0,0,3035,230,0,0,0,0,0,3,38.91955303816165,141.571364,,,,,,,,,,,,,257,red,3105,3265,6370
82,,2110366,1,20261001,3746,962,44,0,0,0,0,3743,923,34,0,0,0,0,3,38.71113892797521,141.3101667,,,,,,,,,,,,,257,red,4752,4700,9452
82,,2110367,1,20261001,4152,710,22,0,0,0,0,3691,631,46,0,0,0,0,3,39.02656869825523,141.6974974,,,,,,,,,,,,,257,red,4884,4368,9252
82,,2110368,1,20261001,3734,928,30,0,0,0,0,3736,889,35,0,0,0,0,3,38.70219447796709,141.3930833,,,,,,,,,,,,,257,red,4692,4660,9352
82,,2110370,1,20261001,4325,348,0,0,0,0,0,4218,351,0,0,0,0,0,3,39.059216658283475,141.7193842,,,,,,,,,,,,,257,red,4673,4569,9242
82,,2110371,1,20261001,2265,515,16,0,0,0,0,2011,474,11,0,0,0,0,3,39.074077398296275,141.7034197,,,,,,,,,,,,,257,red,2796,2496,5292
82,,2110372,1,20261001,2395,636,0,0,0,0,0,2063,560,0,0,0,0,0,3,39.125195598340156,141.7347157,,,,,,,,,,,,,257,red,3031,2623,5654
82,,2110373,1,20261001,3367,676,0,0,0,0,0,3117,578,0,0,0,0,0,3,39.12205355833746,141.7899934,,,,,,,,,,,,,257,red,4043,3695,7738
82,,2110374,1,20261001,2206,678,0,0,0,0,0,2235,646,0,0,0,0,0,3,39.03121932825926,141.6337144,,,,,,,,,,,,,257,red,2884,2881,5765
82,,2110379,1,20261001,2534,634,23,0,0,0,0,2240,553,52,0,0,0,0,3,39.14893559836042,141.8295097,,,,,,,,,,,,,257,red,3191,2845,6036
82,,2110380,1,20261001,3022,264,0,0,0,0,0,4078,231,0,0,0,0,0,3,39.29661287848477,141.8836641,,,,,,,,,,,,,257,red,3286,4309,7595
82,,2110381,1,20261001,3301,899,27,0,0,0,0,3338,859,68,0,0,0,0,3,38.69052781795646,141.4270556,,,,,,,,,,,,,257,red,4227,4265,8492
82,,2110382,1,20261001,3710,968,18,0,0,0,0,3856,912,88,0,0,0,0,3,38.70547225797006,141.4960833,,,,,,,,,,,,,257,red,4696,4856,9552
82,,2110383,1,20261001,3559,723,19,0,0,0,0,3989,654,21,0,0,0,0,3,39.32251283850628,141.8802524,,,,,,,,,,,,,257,red,4301,4664,8965
82,,2110384,1,20261001,4194,897,26,0,0,0,0,4107,849,46,0,0,0,0,3,38.81825003807172,141.5580556,,,,,,,,,,,,,257,red,5117,5002,10119
82,,2110387,1,20261001,105,38,2863,0,0,0,0,2398,471,30,0,0,0,0,3,39.59193303872486,141.940478,,,,,,,,,,,,,257,red,3006,2899,5905
82,,2110389,1,20261001,1712,468,28,2,1,1,0,1446,383,20,2,0,0,0,3,39.8199300389023,141.96138,,,,,,,,,,,,,257,red,2208,1849,4057
82,,2110392,1,20261001,1859,493,9,0,0,0,0,1588,394,9,0,0,0,0,3,39.836270038914755,141.96038,,,,,,,,,,,,,257,red,2361,1991,4352
82,,2110393,1,20261001,1085,475,0,0,0,0,0,1085,361,0,0,0,0,0,3,39.87071503894088,141.94008,,,,,,,,,,,,,257,red,1560,1446,3006
82,,2110394,1,20261001,4660,901,29,0,0,0,0,4499,881,21,0,0,0,0,3,38.86638892811462,141.5685833,,,,,,,,,,,,,257,red,5590,5401,10991
82,,2110396,1,20261001,167,9,0,0,0,257,1,177,30,0,0,0,257,1,3,39.93351162898809,141.8457699,,,,,,,,,,,,,257,red,176,207,383
82,,2110397,1,20261001,809,431,0,0,0,0,1,810,347,0,0,0,0,1,3,39.9934900390327,141.881411,,,,,,,,,,,,,257,red,1240,1157,2397
82,,2110401,1,20261001,1856,664,43,0,0,0,0,1836,638,13,0,0,0,0,3,39.029891708258106,141.6224,,,,,,,,,,,,,257,red,2563,2487,5050
82,,2110402,1,20261001,1679,157,0,0,0,0,0,1565,127,0,0,0,0,0,3,40.414361969331864,141.7051792,,,,,,,,,,,,,257,red,1836,1692,3528
82,,2110403,1,20261001,2361,581,26,0,0,0,0,2046,545,10,0,0,0,0,3,39.15806392836817,141.8413306,,,,,,,,,,,,,257,red,2968,2601,5569
82,,2110404,1,20261001,10619,608,9,0,0,0,0,10132,554,34,0,0,0,0,3,40.50576550939362,141.53235261,,,,,,,,,,,,,257,red,11236,10720,21956
82,,2110405,1,20261001,10997,1016,26,0,0,0,0,9431,971,19,0,0,0,0,3,40.528900439409064,141.46412799,,,,,,,,,,,,,257,red,12039,10421,22460
82,,2110407,1,20261001,2759,390,0,0,0,0,0,2582,361,156,0,0,0,0,3,40.481786839377534,141.5376989,,,,,,,,,,,,,257,red,3149,3099,6248
82,,2110408,1,20261001,6889,1035,61,0,0,0,0,7484,924,39,0,0,0,0,3,40.5637364594322,141.43539327,,,,,,,,,,,,,257,red,7985,8447,16432
82,,2110409,1,20261001,2504,602,36,0,0,0,0,2301,529,23,0,0,0,0,3,39.24333336844022,141.8452778,,,,,,,,,,,,,257,red,3142,2853,5995
82,,2110410,1,20261001,3040,546,39,0,0,0,0,2910,496,86,0,0,0,0,3,40.47949102937599,141.58069836,,,,,,,,,,,,,257,red,3625,3492,7117
82,,2110412,1,20261001,2626,821,64,0,0,0,0,2412,738,89,0,0,0,0,3,40.66162803949626,141.324363,,,,,,,,,,,,,257,red,3511,3239,6750
82,,2110413,1,20261001,2800,768,100,0,0,0,0,3197,879,156,0,0,0,0,3,40.675139039505,141.304575,,,,,,,,,,,,,257,red,3668,4232,7900
82,,2110414,1,20261001,8365,1271,0,0,0,0,0,7480,1167,0,0,0,0,0,3,39.699724768809624,141.0544968,,,,,,,,,,,,,257,red,9636,8647,18283
82,,2110415,1,20261001,3964,570,0,0,0,0,0,3994,539,0,0,0,0,0,3,39.69160156880328,141.008749,,,,,,,,,,,,,257,red,4534,4533,9067
82,,2110416,1,20261001,1600,522,6,0,0,0,0,1495,514,6,0,0,0,0,3,39.70020353880998,140.8836508,,,,,,,,,,,,,257,red,2128,2015,4143
82,,2110417,1,20261001,641,214,0,0,0,0,0,136,158,0,0,0,0,0,3,40.47147403937059,141.474002,,,,,,,,,,,,,257,red,855,294,1149
82,,2110418,1,20261001,3509,850,23,0,0,0,0,3295,740,25,0,0,0,0,3,39.260555598454665,141.8394444,,,,,,,,,,,,,257,red,4382,4060,8442
82,,2110419,1,20261001,2891,618,28,0,0,0,0,3028,553,35,0,0,0,0,3,39.288333368477865,141.8633333,,,,,,,,,,,,,257,red,3537,3616,7153
82,,2110421,1,20261001,2257,584,18,0,0,0,0,2318,501,24,0,0,0,0,3,39.366111148542295,141.9044444,,,,,,,,,,,,,257,red,2859,2843,5702
82,,2110422,1,20261001,2514,641,28,0,0,0,0,2711,589,35,0,0,0,0,3,39.36731670854329,141.8911806,,,,,,,,,,,,,257,red,3183,3335,6518
82,,2110423,1,20261001,2332,599,13,0,0,0,0,2676,501,2,0,0,0,0,3,40.22921103920324,141.7800234,,,,,,,,,,,,,257,red,2944,3179,6123
82,,2110424,1,20261001,1331,476,0,0,0,0,0,1399,456,0,0,0,0,0,3,39.601276038732266,140.551915,,,,,,,,,,,,,257,red,1807,1855,3662
82,,2110428,1,20261001,2678,612,79,0,0,0,0,2331,772,16,0,0,0,0,3,38.73322403799523,140.787123,,,,,,,,,,,,,257,red,3369,3119,6488
82,,2110432,1,20261001,735,350,0,1,0,0,0,688,371,0,1,0,0,0,3,38.73755603799914,140.598389,,,,,,,,,,,,,257,red,1085,1059,2144
82,,2110435,1,20261001,4008,1284,0,0,0,0,0,3563,1294,0,0,0,0,0,3,38.74138978800262,140.2831578,,,,,,,,,,,,,257,red,5292,4857,10149
82,,2110436,1,20261001,2584,1021,0,0,0,0,0,2469,947,0,0,0,0,0,3,38.74416703800512,140.259722,,,,,,,,,,,,,257,red,3605,3416,7021
82,,2110437,1,20261001,2875,1079,0,0,0,0,0,2796,1055,0,0,0,0,0,3,38.73663903799832,140.168833,,,,,,,,,,,,,256,red,3954,3851,7805
82,,2110438,1,20261001,2717,1065,0,0,0,0,0,2539,908,0,0,0,0,0,3,38.745210838006074,140.2326227,,,,,,,,,,,,,257,red,3782,3447,7229
82,,2110440,1,20261001,2381,997,0,0,0,0,1,2665,1017,0,0,0,0,1,3,38.78155241803881,140.0267226,,,,,,,,,,,,,257,red,3378,3682,7060
82,,2110445,1,20261001,13742,1529,0,0,0,0,0,14916,1674,0,0,0,0,0,3,38.26502503755774,140.79343300000002,,,,,,,,,,,,,257,red,15271,16590,31861
82,,2110450,1,20261001,2614,937,0,0,0,0,0,2352,920,0,0,0,0,0,3,38.391999797679084,140.5672252,,,,,,,,,,,,,257,red,3551,3272,6823
82,,2110451,1,20261001,3958,457,0,0,0,0,0,3837,431,0,0,0,0,0,3,38.877650438124604,139.8869442,,,,,,,,,,,,,257,red,4415,4268,8683
82,,2110452,1,20261001,6545,637,0,0,0,19,0,6436,638,0,0,0,0,0,3,38.901543148145755,139.8723154,,,,,,,,,,,,,257,red,7182,7074,14256
82,,2110453,1,20261001,257,47,0,0,0,0,0,201,45,0,0,0,0,0,3,38.90368057814766,139.8668909,,,,,,,,,,,,,257,red,304,246,550
82,,2110454,1,20261001,4903,597,0,0,0,0,0,4786,542,0,0,0,0,0,3,38.87364379812106,139.886117,,,,,,,,,,,,,257,red,5500,5328,10828
82,,2110455,1,20261001,6830,1230,0,0,0,0,0,4644,1248,0,0,0,0,0,3,37.062925546313075,140.8516252,,,,,,,,,,,,,257,red,8060,5892,13952
82,,2110456,1,20261001,3482,481,0,0,0,0,0,3313,462,0,0,0,0,0,3,38.85157810810144,139.8908657,,,,,,,,,,,,,257,red,3963,3775,7738
82,,2110457,1,20261001,2210,484,0,0,0,0,0,2181,500,0,0,0,0,0,3,38.831843418083864,139.9098858,,,,,,,,,,,,,257,red,2694,2681,5375
82,,2110460,1,20261001,2445,651,4,0,0,0,0,2629,727,3,0,0,0,0,3,37.11000003636498,140.7641667,,,,,,,,,,,,,257,red,3100,3359,6459
82,,2110464,1,20261001,1727,503,4,0,0,0,0,1606,661,106,0,0,0,0,3,37.31106211658384,140.4823494,,,,,,,,,,,,,257,red,2234,2373,4607
82,,2110465,1,20261001,5860,840,0,0,0,0,0,5293,926,0,0,0,0,0,3,37.33970064661463,140.406585,,,,,,,,,,,,,257,red,6700,6219,12919
82,,2110470,1,20261001,3292,748,0,0,0,0,0,3338,697,0,0,0,0,0,3,37.49456687677952,140.2463901,,,,,,,,,,,,,257,red,4040,4035,8075
82,,2110472,1,20261001,680,392,0,0,0,0,0,691,427,0,0,0,0,0,3,37.65080306694305,139.5936209,,,,,,,,,,,,,257,red,1072,1118,2190
82,,2110473,1,20261001,5268,1140,0,0,0,0,0,5143,1165,0,0,0,0,0,3,37.548570346836364,139.9683643,,,,,,,,,,,,,257,red,6408,6308,12716
82,,2110474,1,20261001,4827,1018,0,0,0,0,0,5010,935,0,0,0,0,0,3,37.55735328684558,139.8550022,,,,,,,,,,,,,257,red,5845,5945,11790
82,,2110477,1,20261001,5522,492,3,0,0,0,0,4784,521,8,0,0,0,0,3,40.48458321937942,141.42701414,,,,,,,,,,,,,257,red,6017,5313,11330
82,,2110478,1,20261001,2510,318,0,0,0,0,0,2508,321,0,0,0,0,0,3,38.52642903780538,141.156619,,,,,,,,,,,,,257,red,2828,2829,5657
82,,2110479,1,20261001,3414,469,0,0,0,0,0,3382,474,0,0,0,0,0,3,38.556163037833,141.069142,,,,,,,,,,,,,257,red,3883,3856,7739
82,,2110480,1,20261001,6208,322,0,0,0,0,0,5499,378,0,0,0,0,0,3,38.570337037846144,140.982089,,,,,,,,,,,,,257,red,6530,5877,12407
82,,2110481,1,20261001,1069,668,0,0,0,0,0,1024,524,0,0,0,0,0,3,39.036923848264195,140.3899339,,,,,,,,,,,,,257,red,1737,1548,3285
82,,2110482,1,20261001,4395,687,8,0,0,0,0,4975,771,0,0,0,0,0,3,39.363397818540065,140.5656534,,,,,,,,,,,,,257,red,5090,5746,10836
82,,2110485,1,20261001,8725,743,0,0,0,0,0,9360,673,0,0,0,0,0,3,38.33956088762922,140.2816558,,,,,,,,,,,,,257,red,9468,10033,19501
82,,2110488,1,20261001,1168,277,0,0,0,0,0,939,245,0,0,0,0,0,3,38.4566470377401,140.032103,,,,,,,,,,,,,257,red,1445,1184,2629
82,,2110491,1,20261001,1854,608,0,0,0,0,0,1860,578,0,0,0,0,0,3,38.58079848785582,139.9398136,,,,,,,,,,,,,257,red,2462,2438,4900
82,,2110500,1,20261001,1711,697,0,0,0,0,0,2001,663,0,0,0,0,0,3,38.046173177343945,139.7837305,,,,,,,,,,,,,257,red,2408,2664,5072
82,,2110501,1,20261001,1419,651,0,0,0,0,0,1319,591,0,0,0,0,0,3,38.0753590373728,139.72116,,,,,,,,,,,,,257,red,2070,1910,3980
82,,2110502,1,20261001,1535,538,0,0,0,0,0,1784,561,0,0,0,0,0,3,38.04606303734383,140.051715,,,,,,,,,,,,,257,red,2073,2345,4418
82,,2110503,1,20261001,2801,676,0,0,0,0,0,3225,615,0,0,0,0,0,3,38.044627037342416,140.064483,,,,,,,,,,,,,257,red,3477,3840,7317
82,,2110504,1,20261001,2917,843,0,0,0,0,0,3622,845,0,0,0,0,0,3,38.04518462734297,140.1366019,,,,,,,,,,,,,257,red,3760,4467,8227
82,,2110510,1,20261001,3418,797,0,0,0,0,0,3420,706,0,0,0,0,0,3,38.02769263732563,140.1668358,,,,,,,,,,,,,257,red,4215,4126,8341
82,,2110519,1,20261001,1895,399,14,0,0,0,0,1908,395,11,0,0,0,0,3,39.25195903844747,141.77938700000004,,,,,,,,,,,,,257,red,2308,2314,4622
82,,2110521,1,20261001,2249,487,0,0,0,0,0,2139,475,0,0,0,0,0,3,39.246448038442836,141.63560000000004,,,,,,,,,,,,,257,red,2736,2614,5350
82,,2110531,1,20261001,1236,148,0,0,0,0,0,2369,449,0,0,0,0,0,1,39.32515718850848,141.4883819,,,,,,,,,,,,,257,red,1384,2818,4202
82,,2110540,1,20261001,2842,609,0,0,0,0,0,2905,595,0,0,0,0,0,1,39.28807706847765,141.3475227,,,,,,,,,,,,,257,red,3451,3500,6951
82,,2110541,1,20261001,1469,223,0,0,0,0,0,1373,269,0,0,0,0,0,1,39.314345428499514,141.2615204,,,,,,,,,,,,,257,red,1692,1642,3334
82,,2110542,1,20261001,1449,360,0,0,0,0,0,1382,396,0,0,0,0,0,3,39.283375038473736,141.5516694,,,,,,,,,,,,,257,red,1809,1778,3587
82,,2110552,1,20261001,3460,908,35,0,0,0,0,3484,902,37,0,0,0,0,3,38.75991670801934,141.5025278,,,,,,,,,,,,,257,red,4403,4423,8826
82,,2110553,1,20261001,4399,965,59,0,0,0,0,4489,934,23,0,0,0,0,3,38.80716670806179,141.54275,,,,,,,,,,,,,257,red,5423,5446,10869
82,,2110554,1,20261001,2491,765,29,0,0,0,0,2507,691,21,0,0,0,0,3,38.96347225820022,141.6241944,,,,,,,,,,,,,257,red,3285,3219,6504
82,,2110555,1,20261001,1942,513,30,0,0,0,0,1714,467,14,0,0,0,0,3,39.21138892841335,141.865,,,,,,,,,,,,,257,red,2485,2195,4680
82,,2110556,1,20261001,4585,963,36,0,0,0,0,4131,795,93,0,0,0,0,3,38.8781944781251,141.5846444,,,,,,,,,,,,,257,red,5584,5019,10603
82,,2110557,1,20261001,2716,964,153,0,0,0,0,2802,889,169,0,0,0,0,3,38.789722258046154,141.5180556,,,,,,,,,,,,,257,red,3833,3860,7693
82,,2110558,1,20261001,2717,719,33,0,0,0,0,2737,624,48,0,0,0,0,3,38.88277803812915,141.585833,,,,,,,,,,,,,257,red,3469,3409,6878
82,,2110559,1,20261001,3216,863,33,0,0,0,0,2760,747,38,0,0,0,0,3,38.925278038166695,141.6025,,,,,,,,,,,,,257,red,4112,3545,7657
82,,2110560,1,20261001,1584,652,66,0,0,0,0,1431,582,91,0,0,0,0,3,38.89750003814219,141.595,,,,,,,,,,,,,257,red,2302,2104,4406
82,,2110561,1,20261001,3106,811,181,0,0,0,0,2876,911,233,0,0,0,0,3,38.91750003815984,141.591944,,,,,,,,,,,,,257,red,4098,4020,8118
82,,2110604,1,20261001,1671,504,173,0,0,0,0,1607,390,63,0,0,0,0,3,40.1607780391545,141.767278,,,,,,,,,,,,,257,red,2348,2060,4408
82,,2112104,1,20261001,2705,1025,9,0,0,0,0,1964,729,347,0,0,0,0,3,40.733783919542624,141.20798154,,,,,,,,,,,,,257,red,3739,3040,6779
82,,2120001,1,20261001,3800,814,0,0,0,0,0,3701,1078,0,0,0,0,0,3,40.75045198955322,140.54906872,,,,,,,,,,,,,257,red,4614,4779,9393
82,,2120005,1,20261001,3793,701,30,0,0,0,0,3928,652,19,0,0,0,0,3,40.79249892957982,140.48972552,,,,,,,,,,,,,257,red,4524,4599,9123
82,,2120010,1,20261001,2805,575,24,0,0,0,0,2856,537,22,0,0,0,0,3,40.81212879959214,140.47707546,,,,,,,,,,,,,257,red,3404,3415,6819
82,,2120015,1,20261001,2251,449,0,0,0,0,0,1939,392,0,0,0,0,0,3,40.82729603960163,140.4413,,,,,,,,,,,,,257,red,2700,2331,5031
82,,2120020,1,20261001,495,173,0,0,0,0,0,1914,185,0,0,0,0,0,3,40.78380703957434,140.261545,,,,,,,,,,,,,257,red,668,2099,2767
82,,2310200,1,20261001,10979,1517,0,0,0,0,0,10249,1672,0,0,0,0,0,3,39.70615403881462,140.09793,,,,,,,,,,,,,257,red,12496,11921,24417
82,,2312101,1,20261001,3403,1083,0,0,0,0,0,3128,919,0,0,0,0,0,3,40.70834700952637,141.24477593,,,,,,,,,,,,,257,red,4486,4047,8533
82,,2312102,1,20261001,3488,1020,0,0,0,0,0,2991,934,0,0,0,0,0,3,40.725233449537164,141.22804347,,,,,,,,,,,,,257,red,4508,3925,8433
82,,2312103,1,20261001,1781,424,0,0,0,0,0,2151,443,0,0,0,0,0,3,37.77535545707135,140.7514008,,,,,,,,,,,,,257,red,2205,2594,4799
83,,3110010,1,20261001,12806,1612,929,0,0,0,0,14460,1578,1401,0,0,0,0,3,35.58550262456253,139.7049058,,,,,,,,,,,,,257,red,15347,17439,32786
83,,3110020,1,20261001,21174,3532,917,0,0,0,0,22615,3833,1075,0,0,0,0,3,35.37938903430058,139.509906,,,,,,,,,,,,,257,red,25623,27523,53146
83,,3110030,1,20261001,5659,235,369,0,0,0,0,6571,370,420,0,0,0,0,3,35.30798103420886,139.30775,,,,,,,,,,,,,257,red,6263,7361,13624
83,,3110040,1,20261001,4854,1219,0,0,0,0,0,6042,1133,0,0,0,0,0,3,35.24085503412222,139.123519,,,,,,,,,,,,,257,red,6073,7175,13248
83,,3110050,1,20261001,11821,6675,690,0,0,0,0,12102,6829,331,0,0,0,0,3,36.238458295364495,139.8048878,,,,,,,,,,,,,257,red,19186,19262,38448
83,,3110060,1,20261001,22726,6062,410,0,0,0,0,23316,5815,336,0,0,0,0,3,36.51217142568756,139.9177551,,,,,,,,,,,,,257,red,29198,29467,58665
83,,3110070,1,20261001,9292,2447,60,0,0,0,0,9041,2411,76,0,0,0,0,3,36.833366956056416,139.9495983,,,,,,,,,,,,,257,red,11799,11528,23327
83,,3110080,1,20261001,5921,527,61,0,0,0,0,5358,513,52,0,0,0,0,3,36.29676104543397,139.7863913,,,,,,,,,,,,,257,red,6509,5923,12432
83,,3110090,1,20261001,8206,320,200,0,0,0,0,8242,371,79,0,0,0,0,3,36.52417383570154,139.8798609,,,,,,,,,,,,,257,red,8726,8692,17418
83,,3110100,1,20261001,8288,337,113,0,0,0,0,8991,363,79,0,0,0,0,3,36.58529299577252,139.9295837,,,,,,,,,,,,,257,red,8738,9433,18171
83,,3110110,1,20261001,7069,1362,0,0,0,0,0,6893,1384,0,0,0,0,0,3,36.019401995100274,140.15926790000003,,,,,,,,,,,,,252,red,8431,8277,16708
83,,3110120,1,20261001,8904,2281,0,0,0,0,0,52,12,0,0,0,0,0,3,36.297327425434645,140.4228446,,,,,,,,,,,,,252,red,11185,64,11249
83,,3110140,1,20261001,13331,2274,885,0,0,0,0,13993,1981,667,0,0,0,0,3,35.70274880470968,139.8786539,,,,,,,,,,,,,257,red,16490,16641,33131
83,,3110150,1,20261001,7283,1957,1053,0,0,0,0,10924,2409,1122,0,0,0,0,3,35.61902656460475,140.0975838,,,,,,,,,,,,,257,red,10293,14455,24748
83,,3110160,1,20261001,14049,2828,1418,0,0,0,0,14180,2408,1497,0,0,0,0,3,35.56474703453633,139.7273263,,,,,,,,,,,,,257,red,18295,18085,36380
83,,3110170,1,20261001,13757,4322,0,0,0,0,0,15226,2896,0,0,0,0,0,3,35.52794003448978,139.70328,,,,,,,,,,,,,257,red,18079,18122,36201
83,,3110180,1,20261001,12698,3836,0,0,0,0,0,12710,3411,0,0,0,24,0,3,35.47903203442772,139.638693,,,,,,,,,,,,,257,red,16534,16121,32655
83,,3110190,1,20261001,10142,422,807,0,0,0,0,9557,420,748,0,0,0,0,3,35.26731403415642,139.685375,,,,,,,,,,,,,257,red,11371,10725,22096
83,,3110200,1,20261001,7666,415,540,0,0,0,0,7212,429,613,0,0,0,0,3,35.36071103427663,139.629686,,,,,,,,,,,,,257,red,8621,8254,16875
83,,3110220,1,20261001,14887,5567,0,0,0,3,0,13898,4578,0,0,0,2,0,3,35.58894027456686,139.3426681,,,,,,,,,,,,,257,red,20454,18476,38930
83,,3110230,1,20261001,5838,507,493,0,0,0,0,5334,519,482,0,0,0,0,3,35.483485034433386,139.527129,,,,,,,,,,,,,257,red,6838,6335,13173
83,,3110240,1,20261001,9431,3930,0,0,0,0,0,10476,4136,0,0,0,0,0,3,35.83073572486877,139.3800849,,,,,,,,,,,,,257,red,13361,14612,27973
83,,3110250,1,20261001,15052,5009,316,0,0,0,0,13994,4985,311,0,0,0,0,3,35.707798574715994,140.1198261,,,,,,,,,,,,,257,red,20377,19290,39667
83,,3110260,1,20261001,12165,4210,673,0,0,0,0,12579,3455,228,0,0,0,0,3,35.53057826449313,140.0927666,,,,,,,,,,,,,257,red,17048,16262,33310
83,,3110270,1,20261001,9740,2013,510,0,0,0,0,10352,2378,631,0,0,0,0,3,35.79240130482129,139.6854329,,,,,,,,,,,,,257,red,12263,13361,25624
83,,3110280,1,20261001,21073,7167,0,0,0,0,0,20831,7022,0,0,0,0,0,3,35.803056924834515,139.6481824,,,,,,,,,,,,,257,red,28240,27853,56093
83,,3110290,1,20261001,13934,3219,0,0,0,0,0,13749,3043,0,0,0,0,0,3,36.07243401516468,139.4990623,,,,,,,,,,,,,257,red,17153,16792,33945
83,,3110300,1,20261001,5555,477,0,0,0,0,0,5357,529,0,0,0,0,0,3,36.18854634530473,139.3083894,,,,,,,,,,,,,257,red,6032,5886,11918
83,,3110310,1,20261001,7900,1157,103,0,0,0,0,8387,1352,105,0,0,0,0,3,36.28225430541672,139.0870374,,,,,,,,,,,,,257,red,9160,9844,19004
83,,3110320,1,20261001,16340,827,352,0,0,0,0,16087,804,231,0,0,0,0,3,36.3553183655034,139.0125096,,,,,,,,,,,,,257,red,17519,17122,34641
83,,3110350,1,20261001,7740,1398,0,0,0,0,0,8773,1482,0,0,0,0,0,3,36.343173145489025,138.5572287,,,,,,,,,,,,,257,red,9138,10255,19393
83,,3110360,1,20261001,8419,812,0,0,0,0,0,7787,723,0,0,0,0,0,3,36.37715425552919,138.2764444,,,,,,,,,,,,,257,red,9231,8510,17741
83,,3110370,1,20261001,6769,680,0,0,0,0,0,7497,781,0,0,0,0,0,3,36.6491958258463,138.2215959,,,,,,,,,,,,,257,red,7449,8278,15727
83,,3110380,1,20261001,7226,781,0,0,0,0,0,7100,817,0,0,0,0,0,3,36.20646628532621,137.9629773,,,,,,,,,,,,,257,red,8007,7917,15924
83,,3110390,1,20261001,1449,342,0,0,0,0,0,1402,284,0,0,0,0,0,3,36.53866995571842,137.9675826,,,,,,,,,,,,,257,red,1791,1686,3477
83,,3110400,1,20261001,12929,1211,796,0,0,0,0,13637,1352,1060,0,0,0,0,3,35.669090024667575,139.59433440000004,,,,,,,,,,,,,257,red,14936,16049,30985
83,,3110410,1,20261001,3964,457,191,0,0,0,0,4207,515,213,0,0,0,0,3,35.617552604602885,139.1855389,,,,,,,,,,,,,257,red,4612,4935,9547
83,,3110420,1,20261001,6243,803,0,0,0,0,0,5785,790,0,0,0,0,0,3,35.611220394594916,138.9628673,,,,,,,,,,,,,257,red,7046,6575,13621
83,,3110430,1,20261001,1603,1712,0,0,0,0,0,1319,2043,0,0,0,0,0,3,35.603966294585796,138.8040242,,,,,,,,,,,,,257,red,3315,3362,6677
83,,3110440,1,20261001,11700,1349,0,0,0,0,0,10508,1268,0,0,0,0,0,3,35.66782617466599,138.5078037,,,,,,,,,,,,,257,red,13049,11776,24825
83,,3110450,1,20261001,1933,705,0,0,0,0,0,2048,654,0,0,0,0,0,3,35.90777048496373,138.2345215,,,,,,,,,,,,,257,red,2638,2702,5340
83,,3110460,1,20261001,4762,447,0,0,0,0,0,4775,419,0,0,0,0,0,3,36.07055654516242,138.0938691,,,,,,,,,,,,,257,red,5209,5194,10403
83,,3110470,1,20261001,6328,1280,109,0,0,0,0,6283,1268,48,0,0,0,0,3,36.378318235530564,139.2290443,,,,,,,,,,,,,257,red,7717,7599,15316
83,,3110480,1,20261001,12203,3630,117,0,0,0,0,12269,3491,131,0,0,0,0,3,36.314701575455274,139.4271684,,,,,,,,,,,,,257,red,15950,15891,31841
83,,3110490,1,20261001,6043,1092,0,0,0,0,0,5500,969,0,0,0,0,0,3,36.3924270955472,140.2677888,,,,,,,,,,,,,252,red,7135,6469,13604
83,,3110520,1,20261001,3457,665,0,0,0,0,0,3656,668,0,0,0,0,0,3,35.95803238502537,140.6007609,,,,,,,,,,,,,252,red,4122,4324,8446
83,,3110550,1,20261001,70,2,3,0,0,0,0,0,0,0,0,0,0,0,3,35.150913034005455,139.829981,,,,,,,,,,,,,257,red,75,0,75
83,,3110560,1,20261001,4878,754,0,0,0,0,0,5717,664,0,0,0,0,0,3,35.43543715437221,138.84019380000004,,,,,,,,,,,,,257,red,5632,6381,12013
83,,3110570,1,20261001,2885,458,0,0,0,0,0,2763,725,0,0,0,0,0,3,35.39117538431567,138.86336800000004,,,,,,,,,,,,,255,red,3343,3488,6831
83,,3110580,1,20261001,1805,645,0,0,0,0,0,1822,663,0,0,0,0,0,3,35.47790102442629,138.6703992,,,,,,,,,,,,,257,red,2450,2485,4935
83,,3110590,1,20261001,5327,380,0,0,0,0,0,5530,359,0,0,0,0,0,3,35.51892892447836,138.83839670000003,,,,,,,,,,,,,253,red,5707,5889,11596
83,,3110610,1,20261001,19920,3326,739,0,0,0,0,11618,1760,3552,0,0,0,0,3,35.536946034501184,139.510691,,,,,,,,,,,,,257,red,23985,16930,40915
83,,3110620,1,20261001,16894,5307,645,0,0,0,0,16949,5244,783,0,0,0,0,3,35.472892034419914,139.412266,,,,,,,,,,,,,257,red,22846,22976,45822
83,,3110630,1,20261001,11795,1547,521,0,0,0,0,10918,1612,684,0,0,0,0,3,35.4275870343622,139.351511,,,,,,,,,,,,,257,red,13863,13214,27077
83,,3110640,1,20261001,7069,1069,385,0,0,0,0,7293,996,377,0,0,0,0,3,35.37445003429424,139.203293,,,,,,,,,,,,,257,red,8523,8666,17189
83,,3110650,1,20261001,4408,1907,177,0,0,0,0,3851,1806,133,0,0,0,0,3,35.36087503427685,139.014722,,,,,,,,,,,,,257,red,6492,5790,12282
83,,3110660,1,20261001,15819,5881,903,0,0,0,0,12833,5400,1070,0,0,0,0,3,35.68396699468621,139.992342,,,,,,,,,,,,,257,red,22603,19303,41906
83,,3110670,1,20261001,5615,4144,350,0,0,0,0,5846,5203,369,0,0,0,0,3,35.588442964566234,139.7548217,,,,,,,,,,,,,257,red,10109,11418,21527
83,,3110980,1,20261001,6221,1075,66,0,0,0,0,6283,1205,81,0,0,0,0,1,36.24888937537695,138.4463891,,,,,,,,,,,,,257,red,7362,7569,14931
83,,3110990,1,20261001,4312,817,0,0,0,0,0,0,0,0,0,0,0,0,1,36.242588925369425,138.4374556,,,,,,,,,,,,,257,red,5129,0,5129
83,,3111000,1,20261001,0,0,0,0,0,0,0,4071,745,0,0,0,0,0,1,36.22486392534824,138.4372861,,,,,,,,,,,,,257,red,0,4816,4816
83,,3111010,1,20261001,3503,727,0,0,0,0,0,3520,724,0,0,0,0,0,1,36.16839725528054,138.4688,,,,,,,,,,,,,257,red,4230,4244,8474
83,,3111030,1,20261001,2327,634,0,0,0,0,0,0,0,0,0,0,0,0,1,36.14629447525393,138.4676028,,,,,,,,,,,,,257,red,2961,0,2961
83,,3111040,1,20261001,0,0,0,0,0,0,0,2249,611,0,0,0,0,0,1,36.13644447524206,138.4613806,,,,,,,,,,,,,257,red,0,2860,2860
83,,3111050,1,20261001,3055,1351,44,0,0,0,0,3213,1420,38,0,0,0,0,1,35.443037034381895,138.453937,,,,,,,,,,,,,257,red,4450,4671,9121
83,,3111060,1,20261001,3029,1090,33,0,0,0,0,3283,1143,137,0,0,0,0,1,35.48100503443024,138.45894900000002,,,,,,,,,,,,,257,red,4152,4563,8715
83,,3111070,1,20261001,2900,1397,72,0,0,0,0,2809,1433,65,0,0,0,0,1,35.35961103427522,138.456636,,,,,,,,,,,,,257,red,4369,4307,8676
83,,3111080,1,20261001,2967,1381,106,0,0,0,0,2931,1421,47,0,0,0,0,1,35.337913034247364,138.45119000000003,,,,,,,,,,,,,257,red,4454,4399,8853
83,,3111090,1,20261001,2543,1355,43,0,0,0,0,2431,1362,55,0,0,0,0,1,35.27778503416994,138.444487,,,,,,,,,,,,,257,red,3941,3848,7789
83,,3310680,1,20261001,13363,1797,821,0,0,0,0,14592,1671,1184,0,0,0,0,3,35.55346203452207,139.695301,,,,,,,,,,,,,257,red,15981,17447,33428
83,,3310690,1,20261001,9070,1298,743,0,0,0,0,10102,1198,782,0,0,0,0,3,35.476498034424495,139.611304,,,,,,,,,,,,,257,red,11111,12082,23193
83,,3310720,1,20261001,16472,2961,942,0,0,0,0,15850,2942,1213,0,0,0,0,3,35.78172684480805,139.8030451,,,,,,,,,,,,,257,red,20375,20005,40380
83,,3310730,1,20261001,13028,1736,1365,0,0,0,0,13059,1691,1864,0,0,0,0,3,35.723854004736026,139.819876,,,,,,,,,,,,,257,red,16129,16614,32743
83,,3310740,1,20261001,16553,2879,1038,0,0,0,0,0,0,0,0,257,257,0,3,35.76173829478322,139.8620188,,,,,,,,,,,,,257,red,20470,0,20470
83,,3310750,1,20261001,14665,2947,968,0,0,0,0,18322,2802,1027,0,0,0,0,3,35.768080334791094,139.8831359,,,,,,,,,,,,,257,red,18580,22151,40731
83,,3310760,1,20261001,6720,763,0,0,0,0,0,6792,481,0,0,0,0,0,3,36.333593035477676,140.487226,,,,,,,,,,,,,252,red,7483,7273,14756
83,,3310770,1,20261001,15324,2249,1690,0,0,0,0,11791,1754,1431,0,0,0,0,3,35.696867714702336,139.8301488,,,,,,,,,,,,,257,red,19263,14976,34239
83,,3310780,1,20261001,11124,2267,980,0,0,0,0,12310,2072,1166,0,0,0,0,3,35.550513454518345,139.7165117,,,,,,,,,,,,,257,red,14371,15548,29919
83,,3310790,1,20261001,8814,1224,0,0,0,0,0,9043,1116,0,0,0,0,0,3,35.30616103420651,139.624807,,,,,,,,,,,,,257,red,10038,10159,20197
83,,3310810,1,20261001,11315,5373,1122,0,0,0,0,11335,5695,860,0,0,0,0,3,35.88142903493132,139.9657318,,,,,,,,,,,,,257,red,17810,17890,35700
83,,3310820,1,20261001,15677,2890,1294,0,0,0,0,13616,2596,798,0,0,0,0,3,35.769723434793136,139.7015664,,,,,,,,,,,,,257,red,19861,17010,36871
83,,3310830,1,20261001,4912,728,58,0,0,0,0,4304,719,45,0,0,0,0,3,36.65616783585431,139.0205401,,,,,,,,,,,,,257,red,5698,5068,10766
83,,3310840,1,20261001,14770,1435,1015,0,0,0,0,13238,1456,1059,0,0,0,0,3,35.67115788467016,139.6194506,,,,,,,,,,,,,257,red,17220,15753,32973
83,,3310850,1,20261001,15466,1640,0,0,0,0,0,14032,1384,0,0,0,0,0,3,35.644829464637155,138.6173022,,,,,,,,,,,,,257,red,17106,15416,32522
83,,3310860,1,20261001,1702,588,0,0,0,0,0,1754,632,0,0,0,0,0,3,35.85597447489995,138.2880181,,,,,,,,,,,,,257,red,2290,2386,4676
83,,3310880,1,20261001,3256,420,0,0,0,0,0,3821,491,0,0,0,0,0,3,35.58082577455663,138.474952,,,,,,,,,,,,,257,red,3676,4312,7988
83,,3310890,1,20261001,16080,2034,1236,0,0,0,0,16072,2017,1632,0,0,0,0,3,35.625824724613295,139.6414769,,,,,,,,,,,,,257,red,19350,19721,39071
83,,3310900,1,20261001,23933,3780,1632,0,0,0,0,22417,3573,1643,0,0,0,0,3,35.60764403459042,139.613062,,,,,,,,,,,,,257,red,29345,27633,56978
83,,3310910,1,20261001,4850,2033,338,0,0,0,0,5374,1903,136,0,0,0,0,3,35.34910803426173,139.141352,,,,,,,,,,,,,257,red,7221,7413,14634
83,,3310920,1,20261001,13301,1556,1418,0,0,0,0,12555,1868,2547,0,0,0,0,3,35.74888073476721,139.6969986,,,,,,,,,,,,,257,red,16275,16970,33245
83,,3310930,1,20261001,16318,2377,941,0,0,0,0,15757,2300,930,0,0,0,0,3,35.757753044778255,139.6835902,,,,,,,,,,,,,257,red,19636,18987,38623
83,,3310940,1,20261001,18400,5145,592,0,0,0,0,17207,5411,496,0,0,0,0,3,35.653820154648436,140.0442401,,,,,,,,,,,,,257,red,24137,23114,47251
83,,3310950,1,20261001,18433,8834,1039,0,0,0,0,17412,10109,1664,0,0,0,0,3,35.64815995464133,139.9005461,,,,,,,,,,,,,257,red,28306,29185,57491
83,,3310960,1,20261001,4224,2760,346,0,0,0,0,2669,1877,542,0,0,0,0,3,35.646721404639536,139.8238456,,,,,,,,,,,,,257,red,7330,5088,12418
84,,4110010,1,20261001,26123,5041,0,0,0,0,0,23213,6925,0,0,0,0,0,3,37.932215037230314,139.139722,,,,,,,,,,,,,257,red,31164,30138,61302
84,,4110020,1,20261001,8235,497,0,0,0,0,0,8052,657,0,0,0,0,0,3,37.96100603725917,139.354741,,,,,,,,,,,,,257,red,8732,8709,17441
84,,4110030,1,20261001,1695,901,0,0,0,0,0,1613,806,0,0,0,0,0,3,38.540634037818585,139.550276,,,,,,,,,,,,,257,red,2596,2419,5015
84,,4110040,1,20261001,38563,6468,0,0,0,0,0,39246,4577,0,0,0,0,0,3,37.89993403719785,139.068639,139.0649569,37.8988954271968,,,,,,,,,,,257,red,45031,43823,88854
84,,4110060,1,20261001,5368,1369,335,0,0,0,0,5177,1451,340,0,0,0,0,3,37.56415502685272,138.8938299,,,,,,,,,,,,,257,red,7072,6968,14040
84,,4110070,1,20261001,6296,611,74,0,0,0,0,6741,587,88,0,0,0,0,3,37.44889503673119,138.76828100000003,,,,,,,,,,,,,257,red,6981,7416,14397
84,,4110090,1,20261001,888,510,0,0,0,0,0,886,512,0,0,0,0,0,3,36.97923003622018,137.642048,,,,,,,,,,,,,257,red,1398,1398,2796
84,,4110110,1,20261001,11345,1445,69,0,0,0,0,10800,1366,89,0,0,0,0,3,36.737147395947105,137.3387361,137.3387361,36.737147395947105,,,,,,,,,,,257,red,12859,12255,25114
84,,4110120,1,20261001,11668,1835,81,0,0,0,0,12514,1810,107,0,0,0,0,3,36.74295939595373,137.1063924,,,,,,,,,,,,,257,red,13584,14431,28015
84,,4110130,1,20261001,11930,1857,66,0,0,0,0,11909,1698,88,0,0,0,0,3,36.75988562597303,137.0465469,,,,,,,,,,,,,257,red,13853,13695,27548
84,,4110140,1,20261001,5247,1490,45,0,0,0,0,5403,1497,44,0,0,0,0,3,36.6765250558777,136.8260425,,,,,,,,,,,,,257,red,6782,6944,13726
84,,4110150,1,20261001,23968,3579,0,0,0,0,0,24255,4120,0,0,0,0,0,3,36.589046875776866,136.6271782,136.6276288,36.58868075577644,,,,,,,,,,,257,red,27547,28375,55922
84,,4110160,1,20261001,7792,1885,0,0,0,0,0,7040,1723,0,0,0,0,0,3,36.33272803547666,136.42083400000004,,,,,,,,,,,,,257,red,9677,8763,18440
84,,4110170,1,20261001,5270,1769,81,0,0,0,0,5103,1532,389,0,0,0,0,3,36.295882035432925,136.303694,,,,,,,,,,,,,257,red,7120,7024,14144
84,,4110180,1,20261001,2912,298,0,0,0,0,0,3080,275,0,0,0,0,0,3,37.35568202663179,138.5718066,,,,,,,,,,,,,257,red,3210,3355,6565
84,,4110190,1,20261001,453,73,18,0,0,0,0,401,75,12,0,0,0,0,3,36.785345316001994,138.8016209,,,,,,,,,,,,,257,red,544,488,1032
84,,4110200,1,20261001,5032,842,179,0,0,0,0,4848,742,445,0,0,0,0,3,37.05929117630906,138.8725331,,,,,,,,,,,,,257,red,6053,6035,12088
84,,4110210,1,20261001,5285,1071,820,0,0,0,0,0,0,0,0,0,0,0,3,37.379305636657065,138.8344324,,,,,,,,,,,,,257,red,7176,0,7176
84,,4110220,1,20261001,1971,429,0,0,0,0,0,1802,354,0,0,0,0,0,3,36.859512036085945,138.194944,,,,,,,,,,,,,257,red,2400,2156,4556
84,,4110230,1,20261001,5083,355,38,0,0,0,0,4336,410,41,0,0,0,0,3,36.59277686578118,137.2042608,,,,,,,,,,,,,257,red,5476,4787,10263
84,,4110240,1,20261001,10722,549,69,0,0,0,0,10039,559,80,0,0,0,0,3,36.68543044588792,137.2119749,,,,,,,,,,,,,257,red,11340,10678,22018
84,,4110250,1,20261001,1907,466,0,0,0,0,0,1861,477,0,0,0,0,0,3,37.66099003695361,139.47592,,,,,,,,,,,,,257,red,2373,2338,4711
84,,4110260,1,20261001,1801,646,0,0,0,0,0,1660,554,0,0,0,0,0,3,38.081379037378746,139.576978,,,,,,,,,,,,,257,red,2447,2214,4661
84,,4110270,1,20261001,2401,722,0,0,0,0,0,2252,681,0,0,0,0,0,3,37.60222103689251,138.798415,,,,,,,,,,,,,257,red,3123,2933,6056
84,,4110280,1,20261001,7175,275,41,0,0,0,0,7779,293,46,0,0,0,0,3,36.650611795847915,136.963672,,,,,,,,,,,,,257,red,7491,8118,15609
84,,4110290,1,20261001,8258,1109,0,0,0,0,0,8994,1076,0,0,0,0,0,3,36.52124203569812,136.587868,,,,,,,,,,,,,257,red,9367,10070,19437
84,,4110300,1,20261001,12047,2499,0,0,257,0,0,13579,1067,0,0,0,0,0,3,36.59043403577848,136.685666,136.68521,36.59039903577843,,,,,,,,,,,257,red,14546,14646,29192
84,,4110310,1,20261001,474,26,7,0,0,0,0,511,31,13,0,0,0,0,3,37.0464990362949,137.047738,,,,,,,,,,,,,257,red,507,555,1062
84,,4110320,1,20261001,1731,394,10,0,0,0,0,1972,556,22,0,0,0,0,3,36.8686864160963,136.96136,,,,,,,,,,,,,257,red,2135,2550,4685
84,,4110330,1,20261001,3001,515,36,0,0,0,0,3235,659,38,0,0,0,0,3,36.83313510605615,136.9442582,,,,,,,,,,,,,257,red,3552,3932,7484
84,,4110340,1,20261001,3485,1849,0,0,0,0,0,2713,2773,0,0,0,0,0,3,36.75969223597281,136.9658715,,,,,,,,,,,,,257,red,5334,5486,10820
84,,4110350,1,20261001,1759,560,10,0,0,0,0,2395,900,0,0,257,0,0,3,37.240650036507716,136.905469,,,,,,,,,,,,,257,red,2329,3295,5624
84,,4110351,1,20261001,336,43,0,0,0,0,0,1955,595,0,0,0,0,0,3,37.31000403658269,136.9066,,,,,,,,,,,,,257,red,379,2550,2929
84,,4110370,1,20261001,4759,315,0,0,0,0,0,4465,360,0,0,0,0,0,6,37.83527203713243,139.227435,,,,,,,,,,,,,257,red,5074,4825,9899
84,,4110371,1,20261001,4084,559,0,0,0,0,0,4374,570,0,0,0,0,0,3,37.829370037126424,139.20906,,,,,,,,,,,,,257,red,4643,4944,9587
84,,4110380,1,20261001,2610,482,0,0,0,0,0,2747,372,0,0,0,1,0,3,37.73164303702653,139.333641,,,,,,,,,,,,,257,red,3092,3119,6211
84,,4110390,1,20261001,2297,494,0,0,0,0,0,2335,508,0,0,0,0,0,3,37.699376036993314,139.38248,,,,,,,,,,,,,257,red,2791,2843,5634
84,,4110400,1,20261001,1577,468,0,0,0,0,0,2026,604,0,0,0,0,0,3,37.012781036257515,137.026061,,,,,,,,,,,,,257,red,2045,2630,4675
84,,4110410,1,20261001,13359,2429,0,0,0,0,0,4730,596,0,0,0,257,0,3,36.38238103553535,136.486002,,,,,,,,,,,,,257,red,15788,5326,21114
84,,4110430,1,20261001,456,197,0,0,0,0,0,527,205,0,0,0,0,0,3,37.01726703626248,136.967459,,,,,,,,,,,,,257,red,653,732,1385
84,,4110440,1,20261001,3327,537,23,0,0,0,0,3396,704,38,0,0,0,0,3,36.80001257601863,136.9558319,,,,,,,,,,,,,257,red,3887,4138,8025
84,,4110450,1,20261001,1650,423,33,0,0,0,0,1967,653,67,0,0,0,0,3,36.88168028611092,136.97572590000001,,,,,,,,,,,,,257,red,2106,2687,4793
84,,4110460,1,20261001,1429,391,13,0,0,0,0,1795,527,25,0,0,0,0,3,36.93083435616611,137.0132339,,,,,,,,,,,,,257,red,1833,2347,4180
84,,4110470,1,20261001,6848,941,38,0,0,0,0,6981,921,28,0,0,0,0,3,36.84399970606843,137.4189931,,,,,,,,,,,,,257,red,7827,7930,15757
84,,4110480,1,20261001,5318,1053,0,0,0,0,0,4744,1004,0,0,0,0,0,3,37.7661015170619,139.0265521,,,,,,,,,,,,,257,red,6371,5748,12119
84,,4110490,1,20261001,4794,925,0,0,0,0,0,4613,891,0,0,0,0,0,3,37.77256794706851,139.0261587,,,,,,,,,,,,,257,red,5719,5504,11223
84,,4110880,1,20261001,4277,662,0,0,0,0,0,4461,621,0,0,0,0,0,3,37.159443036419226,138.223379,,,,,,,,,,,,,257,red,4939,5082,10021
84,,4160390,1,20261001,1524,610,0,0,0,0,0,1305,550,0,0,0,0,0,1,38.268866037561445,139.522026,,,,,,,,,,,,,257,red,2134,1855,3989
84,,4310010,1,20261001,19896,1754,0,0,0,0,0,17867,1638,0,0,0,0,0,3,37.90111003719903,139.07252,139.07275,37.90117003719909,,,,,,,,,,,257,red,21650,19505,41155
84,,4310012,1,20261001,7464,261,0,0,0,0,0,7130,171,0,0,0,0,0,3,37.92162903721969,139.058415,139.059129,37.921847037219905,,,,,,,,,,,257,red,7725,7301,15026
84,,4310014,1,20261001,27046,3457,0,0,0,2,0,20634,2460,0,0,0,257,0,3,37.91719603721522,139.11685,,,,,,,,,,,,,257,red,30503,23094,53597
84,,4310020,1,20261001,13639,1237,0,0,0,0,0,7631,647,0,0,0,0,0,3,37.96990561726807,139.2601579,,,,,,,,,,,,,257,red,14876,8278,23154
84,,4310030,1,20261001,13544,1166,0,0,0,0,0,11924,945,0,0,0,0,0,3,37.959626427257795,139.290365,,,,,,,,,,,,,257,red,14710,12869,27579
84,,4310060,1,20261001,9682,1374,0,0,0,0,0,12207,1676,0,0,0,0,0,3,37.855369037152805,139.017016,,,,,,,,,,,,,257,red,11056,13883,24939
84,,4310070,1,20261001,6183,1115,0,0,0,0,0,5463,1183,0,0,0,0,0,3,37.213535036478255,138.30873,,,,,,,,,,,,,257,red,7298,6646,13944
84,,4310080,1,20261001,6542,807,0,0,0,0,0,7625,787,0,0,0,0,0,3,37.15957303641935,138.228132,,,,,,,,,,,,,257,red,7349,8412,15761
84,,4310090,1,20261001,3075,710,0,0,0,0,0,2840,642,0,0,0,0,0,3,37.119068036374955,138.031711,,,,,,,,,,,,,257,red,3785,3482,7267
84,,4310100,1,20261001,5015,724,0,0,0,0,0,3934,650,0,0,0,0,0,3,37.04548803629378,137.853387,,,,,,,,,,,,,257,red,5739,4584,10323
84,,4310110,1,20261001,2706,126,34,0,0,0,0,1893,103,13,0,0,0,0,3,37.055192036304526,137.905522,,,,,,,,,,,,,257,red,2866,2009,4875
84,,4310120,1,20261001,4273,912,0,0,0,0,0,3877,780,0,0,0,0,0,3,36.94553606618256,137.53465,,,,,,,,,,,,,257,red,5185,4657,9842
84,,4310130,1,20261001,8068,1064,17,0,0,0,0,8096,1054,60,0,0,0,0,3,36.77997831599589,137.3953897,137.3949552,36.779578725995435,,,,,,,,,,,252,red,9149,9210,18359
84,,4310160,1,20261001,2998,426,0,0,0,0,0,3033,454,0,0,0,0,0,3,36.6900247158932,136.89856410000002,,,,,,,,,,,,,257,red,3424,3487,6911
84,,4310170,1,20261001,2859,551,55,0,0,0,0,1,0,0,0,0,0,0,3,36.92741586616228,137.4845517,,,,,,,,,,,,,257,red,3465,1,3466
84,,4310190,1,20261001,5593,1649,0,0,257,0,0,5428,1388,0,0,257,0,0,3,36.68614025588873,136.7302394,,,,,,,,,,,,,257,red,7242,6816,14058
84,,4310200,1,20261001,5630,1244,0,0,0,0,0,5434,1305,0,0,0,0,0,3,36.68324936588542,136.7232978,,,,,,,,,,,,,257,red,6874,6739,13613
84,,4310210,1,20261001,19191,3416,0,0,0,0,0,18772,3126,0,0,0,0,0,3,36.562841365746486,136.5982425,,,,,,,,,,,,,257,red,22607,21898,44505
84,,4310220,1,20261001,15814,3024,0,0,0,0,0,15975,2469,0,0,0,0,0,3,36.50450003567862,136.550432,,,,,,,,,,,,,257,red,18838,18444,37282
84,,4310230,1,20261001,11023,2343,0,0,0,0,0,12012,2017,0,0,0,0,0,3,36.42391556558427,136.483165,,,,,,,,,,,,,257,red,13366,14029,27395
84,,4310250,1,20261001,3953,1570,0,0,0,0,0,4061,1508,0,0,0,0,0,3,36.2785439554123,136.2915319,,,,,,,,,,,,,257,red,5523,5569,11092
84,,4310270,1,20261001,2291,64,14,0,0,0,0,1916,61,11,0,0,0,0,3,37.072231146323354,138.87240170000004,,,,,,,,,,,,,257,red,2369,1988,4357
84,,4310280,1,20261001,4125,868,0,0,0,0,1,4504,772,0,0,0,0,1,3,36.93595003617183,138.219789,,,,,,,,,,,,,257,red,4993,5276,10269
84,,4310300,1,20261001,14970,1851,0,0,0,0,0,14734,2037,0,0,0,0,0,3,37.135361036392844,138.266363,,,,,,,,,,,,,257,red,16821,16771,33592
84,,4310310,1,20261001,1656,423,49,0,0,0,0,1758,457,51,0,0,0,0,3,36.469212195637375,137.2416294,,,,,,,,,,,,,257,red,2128,2266,4394
84,,4310320,1,20261001,1659,434,49,0,0,0,0,1822,424,36,0,0,0,0,3,36.51196446568731,137.2282451,,,,,,,,,,,,,257,red,2142,2282,4424
84,,4310330,1,20261001,7523,834,0,0,0,0,0,6550,843,0,0,0,0,0,3,36.636592975831775,137.209239,,,,,,,,,,,,,257,red,8357,7393,15750
84,,4310350,1,20261001,13016,1588,0,0,0,0,0,11038,1793,0,0,0,0,0,3,37.85868303715617,139.114645,,,,,,,,,,,,,257,red,14604,12831,27435
84,,4310360,1,20261001,2466,615,386,0,0,0,0,3747,650,196,0,0,0,0,3,37.44596703672809,138.637808,,,,,,,,,,,,,257,red,3467,4593,8060
84,,4310370,1,20261001,5103,1334,0,0,0,0,0,5252,1345,0,0,0,0,0,3,37.659782356952356,138.8757271,,,,,,,,,,,,,257,red,6437,6597,13034
84,,4310380,1,20261001,4059,1117,0,0,0,0,0,4052,1410,0,0,0,0,0,3,37.75046003704586,138.90062,,,,,,,,,,,,,257,red,5176,5462,10638
84,,4310390,1,20261001,300,292,0,0,0,0,0,145,169,0,0,0,125,0,3,37.8373130371345,138.931687,,,,,,,,,,,,,257,red,592,314,906
84,,4310400,1,20261001,341,84,16,0,0,0,0,463,141,21,0,0,0,0,3,36.554335475736636,137.0083094,,,,,,,,,,,,,257,red,441,625,1066
84,,4310410,1,20261001,3211,307,22,0,0,0,0,3426,316,34,0,0,0,0,3,36.956120636194385,136.8892354,,,,,,,,,,,,,257,red,3540,3776,7316
84,,4310411,1,20261001,3138,343,0,0,0,0,0,3208,358,0,0,0,0,0,3,36.92171203615589,136.844019,,,,,,,,,,,,,257,red,3481,3566,7047
84,,4310420,1,20261001,1726,144,0,0,0,0,0,1765,153,0,0,0,0,0,3,36.81057320603062,136.7629731,,,,,,,,,,,,,257,red,1870,1918,3788
84,,4310430,1,20261001,13223,1856,0,0,0,0,0,13531,1467,0,0,0,0,0,3,36.68889768589191,136.7214257,,,,,,,,,,,,,257,red,15079,14998,30077
84,,4310440,1,20261001,8680,695,0,0,0,0,0,7788,881,0,0,0,0,0,3,36.62649371582013,136.7029238,,,,,,,,,,,,,257,red,9375,8669,18044
84,,4310441,1,20261001,11478,875,0,0,0,0,0,11544,717,0,0,0,0,0,3,36.60182503579164,136.700048,,,,,,,,,,,,,257,red,12353,12261,24614
84,,4310450,1,20261001,16268,1091,0,0,0,0,0,16053,662,872,0,0,0,0,3,36.57428003575976,136.686305,136.6864014,36.57449126576,,,,,,,,,,,257,red,17359,17587,34946
84,,4310460,1,20261001,355,50,26,0,0,0,0,328,53,26,0,0,0,0,3,36.9580881961966,137.048108,,,,,,,,,,,,,257,red,431,407,838
84,,4310470,1,20261001,9983,939,110,0,0,0,0,11507,846,82,0,0,0,0,3,36.77955370599541,137.0001501,,,,,,,,,,,,,257,red,11032,12435,23467
85,22,5110100,1,20261001,16032,2086,495,0,0,0,0,13908,2730,651,0,0,0,0,3,35.15213957400704,138.9246216,,,,,,,,,,,,,257,red,18613,17289,35902
85,22,5110109,1,20261001,6298,1060,140,0,0,0,0,6348,937,84,0,0,0,0,3,35.118767763963525,138.9293772,,,,,,,,,,,,,257,red,7498,7369,14867
85,22,5110111,1,20261001,16013,1387,298,0,0,0,0,15013,1312,289,0,0,0,0,3,35.10924329395108,138.9124954,,,,,,,,,,,,,257,red,17698,16614,34312
85,22,5110115,1,20261001,12120,3597,0,0,0,0,0,12574,3514,0,0,0,0,0,3,35.138890033989775,138.739584,,,,,,,,,,,,,257,red,15717,16088,31805
85,22,5110120,1,20261001,16812,5356,0,0,0,0,0,17035,5187,0,0,0,0,0,3,35.06126803388831,138.536991,,,,,,,,,,,,,257,red,22168,22222,44390
85,22,5110125,1,20261001,13908,1107,0,0,0,0,0,13086,1041,0,0,0,0,0,3,34.99945503380712,138.431978,,,,,,,,,,,,,257,red,15015,14127,29142
85,22,5110130,1,20261001,21205,5917,0,0,0,0,0,19718,5637,0,0,0,0,0,3,35.00292603381168,138.37946,,,,,,,,,,,,,257,red,27122,25355,52477
85,22,5110135,1,20261001,20104,5265,0,0,0,0,0,20709,5176,0,0,0,0,0,3,34.9427310337323,138.326229,,,,,,,,,,,,,257,red,25369,25885,51254
85,22,5110140,1,20261001,11064,3381,0,0,0,0,0,10305,3452,0,0,0,0,0,3,34.87443903364182,138.231472,,,,,,,,,,,,,257,red,14445,13757,28202
85,22,5110145,1,20261001,8859,2665,0,0,0,0,0,9301,3724,0,0,0,0,0,3,34.831770733585074,138.1182557,,,,,,,,,,,,,257,red,11524,13025,24549
85,22,5110148,1,20261001,25678,5841,0,0,0,0,0,26043,5637,0,0,0,0,0,3,34.73805952345989,137.853806,,,,,,,,,,,,,257,red,31519,31680,63199
85,22,5110150,1,20261001,26784,4436,695,0,0,0,0,26638,5027,0,0,0,0,0,3,34.731415953450984,137.7966642,,,,,,,,,,,,,257,red,31915,31665,63580
85,22,5110155,1,20261001,12124,5106,0,0,0,0,0,5379,2533,0,0,0,257,0,3,34.67742179337847,137.6802735,,,,,,,,,,,,,257,red,17230,7912,25142
85,22,5110158,1,20261001,14746,5211,0,0,0,0,0,13359,4825,0,0,0,0,0,3,34.67846877337988,137.608459,,,,,,,,,,,,,257,red,19957,18184,38141
85,22,5110160,1,20261001,8664,4132,0,0,0,0,0,8571,4187,0,0,0,0,0,3,34.67701253337791,137.5025406,,,,,,,,,,,,,257,red,12796,12758,25554
85,23,5110170,1,20261001,11427,1917,0,0,0,0,0,13793,2480,0,0,0,0,0,3,34.7982592835404,137.36621260000004,,,,,,,,,,,,,257,red,13344,16273,29617
85,23,5110175,1,20261001,11021,2299,0,0,0,0,0,11702,2310,0,0,0,0,0,3,34.92391956370741,137.2032416,,,,,,,,,,,,,257,red,13320,14012,27332
85,23,5110180,1,20261001,6173,956,0,0,0,0,0,6419,749,0,0,0,0,0,3,35.12246228396835,136.7712316,,,,,,,,,,,,,257,red,7129,7168,14297
85,24,5110185,1,20261001,9286,1614,0,0,0,0,0,8868,1551,0,0,0,0,0,3,35.02683417384312,136.6459825,,,,,,,,,,,,,257,red,10900,10419,21319
85,24,5110190,1,20261001,7997,3702,0,0,0,0,0,10067,3851,0,0,0,0,0,3,34.914394373694805,136.5686551,,,,,,,,,,,,,257,red,11699,13918,25617
85,23,5110250,1,20261001,12030,2060,0,0,0,0,0,12315,2075,0,0,0,0,0,3,35.23002111410819,136.9279236,,,,,,,,,,,,,257,red,14090,14390,28480
85,23,5110255,1,20261001,12391,1883,0,0,0,0,0,9109,1945,0,0,0,0,0,3,35.22358825409986,136.8807274,,,,,,,,,,,,,257,red,14274,11054,25328
85,22,5111410,1,20261001,3394,346,35,0,0,0,0,3408,275,26,0,0,0,0,3,34.9385786437268,138.9422778,,,,,,,,,,,,,257,red,3775,3709,7484
85,22,5111435,1,20261001,12804,1603,0,0,0,0,0,12232,1521,0,0,0,0,0,3,35.112323893955114,138.9483055,,,,,,,,,,,,,257,red,14407,13753,28160
85,22,5111440,1,20261001,6448,810,6,0,0,0,0,6050,864,15,0,0,0,0,3,35.09294534392978,138.9461249,,,,,,,,,,,,,257,red,7264,6929,14193
85,22,5111460,1,20261001,1218,170,0,0,0,0,0,1233,219,0,0,0,0,0,3,34.773393033507176,138.94734200000002,,,,,,,,,,,,,257,red,1388,1452,2840
85,23,5111910,1,20261001,18425,4102,0,0,0,0,0,19021,4469,0,0,0,0,0,3,35.251491704135965,136.9747388,,,,,,,,,,,,,257,red,22527,23490,46017
85,21,5111920,1,20261001,12096,2147,0,0,0,0,0,12288,2224,0,0,0,0,0,3,35.33014667423738,137.0762497,,,,,,,,,,,,,257,red,14243,14512,28755
85,21,5111930,1,20261001,10046,1700,0,0,0,0,0,10652,1939,0,0,0,0,0,3,35.36635604428386,137.2135359,,,,,,,,,,,,,257,red,11746,12591,24337
85,21,5111940,1,20261001,12737,2764,0,0,0,0,0,15015,2513,0,0,0,0,0,3,35.477490394425764,137.4827895,,,,,,,,,,,,,257,red,15501,17528,33029
85,21,5111950,1,20261001,3771,1223,0,0,0,0,0,4290,1129,0,0,0,0,0,3,35.54294722450878,137.5415325,,,,,,,,,,,,,257,red,4994,5419,10413
85,20,5111960,1,20261001,2756,1072,0,0,0,0,0,2853,1020,0,0,0,0,0,3,35.79372550482294,137.6867026,,,,,,,,,,,,,257,red,3828,3873,7701
85,20,5111970,1,20261001,0,0,0,0,0,257,0,5879,0,0,0,0,0,0,3,35.86568255491192,137.7375698,,,,,,,,,,,,,257,red,0,5879,5879
85,21,5112190,1,20261001,2493,888,0,0,0,0,0,2410,977,0,0,0,0,0,3,35.35969120427531,136.4557958,,,,,,,,,,,,,257,red,3381,3387,6768
85,21,5112240,1,20261001,18003,3044,0,0,0,0,0,15912,2691,0,0,0,0,0,3,35.38091091430252,136.7844039,,,,,,,,,,,,,257,red,21047,18603,39650
85,23,5112320,1,20261001,24346,10082,0,0,0,0,0,24211,10203,0,0,0,0,0,3,34.935405063722605,137.0426846,,,,,,,,,,,,,257,red,34428,34414,68842
85,23,5112325,1,20261001,30240,10777,0,0,0,0,0,31019,11888,0,0,0,0,0,3,35.020771293835146,137.0130622,,,,,,,,,,,,,257,red,41017,42907,83924
85,23,5112330,1,20261001,34786,13315,0,0,0,0,0,37784,12853,0,0,0,0,0,3,35.04312062386452,136.9841158,,,,,,,,,,,,,257,red,48101,50637,98738
85,23,5112340,1,20261001,11228,7595,0,0,0,0,0,12197,7341,0,0,0,0,0,3,35.06974911389942,136.7566216,,,,,,,,,,,,,257,red,18823,19538,38361
85,24,5112350,1,20261001,14660,6493,0,0,0,0,0,14265,6571,0,0,0,0,0,3,35.00912200381983,136.6732612,,,,,,,,,,,,,257,red,21153,20836,41989
85,24,5112355,1,20261001,18889,1171,0,0,0,0,0,15741,1058,0,0,0,0,0,3,34.75468373348215,136.5225828,,,,,,,,,,,,,257,red,20060,16799,36859
85,24,5112360,1,20261001,11389,1077,0,0,0,0,0,10936,999,0,0,0,0,0,3,34.558484833217825,136.6473028,,,,,,,,,,,,,257,red,12466,11935,24401
85,24,5112370,1,20261001,8459,1942,0,0,0,0,0,8595,1750,0,0,0,0,0,3,34.78302070352005,136.5006557,,,,,,,,,,,,,257,red,10401,10345,20746
85,24,5112375,1,20261001,9598,1993,0,0,0,0,0,10082,1978,0,0,0,0,0,3,34.74150673346451,136.4838785,,,,,,,,,,,,,257,red,11591,12060,23651
85,24,5112550,1,20261001,10864,10346,0,0,0,0,0,11138,9603,0,0,0,0,0,3,34.839452033595315,136.260335,,,,,,,,,,,,,257,red,21210,20741,41951
85,24,5112590,1,20261001,8136,10116,0,0,0,0,0,9847,9097,0,0,0,0,0,3,34.703780033413906,136.071242,,,,,,,,,,,,,257,red,18252,18944,37196
85,22,5113885,1,20261001,5525,958,0,0,0,0,0,6844,1441,0,0,0,0,0,3,35.33142394423902,138.8977143,,,,,,,,,,,,,257,red,6483,8285,14768
85,22,5113890,1,20261001,4457,599,0,0,0,0,0,5626,488,0,0,0,0,0,3,35.32388868422933,138.9049485,,,,,,,,,,,,,257,red,5056,6114,11170
85,22,5113910,1,20261001,15577,3476,0,0,0,0,0,13289,3007,0,0,0,0,0,3,35.18190903404577,138.676858,,,,,,,,,,,,,257,red,19053,16296,35349
85,22,5113920,1,20261001,13055,2838,0,0,0,0,0,14325,2431,0,0,0,0,0,3,35.209794034081966,138.64987,,,,,,,,,,,,,257,red,15893,16756,32649
85,22,5113990,1,20261001,1514,703,0,0,0,0,0,1543,798,0,0,0,0,0,3,35.41511303434628,138.590083,,,,,,,,,,,,,257,red,2217,2341,4558
85,23,5114110,1,20261001,14906,3731,0,0,0,0,0,13491,3658,0,0,0,0,0,3,35.268750034158266,136.907566,,,,,,,,,,,,,257,red,18637,17149,35786
85,23,5114120,1,20261001,12784,4769,0,0,0,0,0,15938,5218,0,0,0,0,0,3,35.33167103423934,136.91981,,,,,,,,,,,,,257,red,17553,21156,38709
85,21,5114130,1,20261001,4367,1167,0,0,0,0,0,4664,980,0,0,0,0,0,3,35.48643303443713,137.055201,,,,,,,,,,,,,257,red,5534,5644,11178
85,21,5114140,1,20261001,3852,809,0,0,0,0,0,3505,810,0,0,0,0,0,3,35.78858303481656,137.25606,,,,,,,,,,,,,257,red,4661,4315,8976
85,21,5114150,1,20261001,4427,591,0,0,0,0,0,4327,693,0,0,0,0,0,3,35.86755403491424,137.213563,,,,,,,,,,,,,257,red,5018,5020,10038
85,21,5114160,1,20261001,2907,476,0,0,0,0,0,2863,454,0,0,0,0,0,3,36.07096803516291,137.267306,,,,,,,,,,,,,257,red,3383,3317,6700
85,21,5114170,1,20261001,1749,489,0,0,0,0,0,1437,646,0,0,0,0,0,3,36.26496203539611,137.138911,,,,,,,,,,,,,257,red,2238,2083,4321
85,21,5114180,1,20261001,1101,356,0,0,0,0,0,1151,370,0,0,0,0,0,3,36.459520035626035,137.248946,,,,,,,,,,,,,257,red,1457,1521,2978
85,24,5114210,1,20261001,7020,739,0,0,0,0,0,7032,630,0,0,0,0,0,3,34.51961103316506,136.541333,,,,,,,,,,,,,257,red,7759,7662,15421
85,24,5114230,1,20261001,1671,298,0,0,0,0,0,1910,269,0,0,0,0,0,3,34.31527803288554,136.410056,,,,,,,,,,,,,257,red,1969,2179,4148
85,24,5114250,1,20261001,1550,99,0,0,0,0,0,1537,85,0,0,0,0,0,3,34.09569403258125,136.196222,,,,,,,,,,,,,257,red,1649,1622,3271
85,24,5114270,1,20261001,1131,184,0,0,0,0,0,1329,188,0,0,0,0,0,3,34.275333032830495,136.358917,,,,,,,,,,,,,257,red,1315,1517,2832
85,24,5114290,1,20261001,4984,480,0,0,0,0,0,4701,504,0,0,0,0,0,3,33.86069403225124,136.076111,,,,,,,,,,,,,257,red,5464,5205,10669
85,22,5114610,1,20261001,14272,2559,551,0,0,0,0,14523,2355,490,0,0,0,0,3,35.152874244008,138.8951207,,,,,,,,,,,,,257,red,17382,17368,34750
85,22,5114620,1,20261001,9570,1811,155,0,0,0,0,12225,2251,370,0,0,0,0,3,35.13134103397993,138.875041,,,,,,,,,,,,,257,red,11536,14846,26382
85,22,5114630,1,20261001,10599,1996,169,0,0,0,0,11381,1709,158,0,0,0,0,3,35.14589793399891,138.8871002,,,,,,,,,,,,,257,red,12764,13248,26012
85,22,5114680,1,20261001,4353,1970,0,0,0,0,0,3948,1950,0,0,0,0,0,3,35.35910497427457,139.0109217,,,,,,,,,,,,,257,red,6323,5898,12221
85,22,5114740,1,20261001,354,63,0,0,0,0,0,564,95,0,0,0,0,0,3,35.073007033903686,137.787657,,,,,,,,,,,,,257,red,417,659,1076
85,22,5114750,1,20261001,777,160,0,0,0,0,0,1011,144,0,0,0,0,0,3,34.90575222368336,137.6681803,,,,,,,,,,,,,257,red,937,1155,2092
85,22,5115250,1,20261001,1724,430,0,0,0,0,0,1266,417,0,0,0,0,0,3,35.137162033987515,138.520651,,,,,,,,,,,,,257,red,2154,1683,3837
85,23,5115320,1,20261001,13531,1617,0,0,0,0,0,13848,1265,0,0,0,0,0,3,35.10723119394846,137.0409411,,,,,,,,,,,,,257,red,15148,15113,30261
85,23,5115340,1,20261001,3579,499,0,0,0,0,0,3545,513,0,0,0,0,0,3,35.13153551398018,137.304967,,,,,,,,,,,,,257,red,4078,4058,8136
85,20,5115370,1,20261001,0,0,0,0,257,257,0,0,0,0,0,257,257,0,3,35.50121594445591,137.794953,,,,,,,,,,,,,257,red,0,0,0
85,20,5115380,1,20261001,4536,385,0,0,0,0,0,4305,468,0,0,0,0,0,3,35.71541168472551,137.9379522,,,,,,,,,,,,,257,red,4921,4773,9694
85,23,5115530,1,20261001,7631,2192,0,0,0,0,0,6397,2505,0,0,0,0,0,3,35.06429103389226,137.11723,,,,,,,,,,,,,257,red,9823,8902,18725
85,21,5115610,1,20261001,19434,2590,0,0,0,0,0,19170,2675,0,0,0,0,0,3,35.39814591432458,136.7848921,,,,,,,,,,,,,257,red,22024,21845,43869
85,21,5115630,1,20261001,4441,637,0,0,0,0,0,4392,577,0,0,0,0,0,3,35.73557476475065,136.9518113,,,,,,,,,,,,,257,red,5078,4969,10047
85,21,5115650,1,20261001,3172,337,0,0,0,0,0,3098,298,0,0,0,0,0,3,35.88316975493347,136.85442030000002,,,,,,,,,,,,,257,red,3509,3396,6905
85,21,5115680,1,20261001,690,159,0,0,0,0,0,647,129,0,0,0,0,0,3,35.99802490507423,136.9009352,,,,,,,,,,,,,257,red,849,776,1625
85,21,5115820,1,20261001,,,,0,0,0,257,,,,0,0,0,257,3,36.18407203529936,137.542187,,,,,,,,,,,,,257,red,0,0,0
85,22,5123510,1,20261001,6648,832,0,0,0,0,0,6906,538,0,0,0,0,0,3,35.141546483993245,139.1103673,,,,,,,,,,,,,257,red,7480,7444,14924
85,20,5125390,1,20261001,3781,500,0,0,0,0,0,4228,668,0,0,0,0,0,3,35.876706504925515,137.9806852,,,,,,,,,,,,,257,red,4281,4896,9177
85,23,5311910,1,20261001,12765,2409,0,0,0,0,0,12669,2072,0,0,0,0,0,3,35.124239273970666,136.856963,,,,,,,,,,,,,257,red,15174,14741,29915
86,,6110010,1,20261001,4282,1428,0,0,0,0,0,4604,1434,0,0,0,0,0,3,34.938138216795814,136.265283823013,,,,,,,,,,,,,257,red,5710,6038,11748
86,,6110020,1,20261001,7364,1536,0,0,0,0,0,7686,1517,0,0,0,0,0,3,34.990936305895495,136.115165948867,,,,,,,,,,,,,257,red,8900,9203,18103
86,,6110030,1,20261001,9898,1144,982,0,0,0,0,11286,1015,636,0,0,0,0,3,35.005385003512316,135.956851243972,,,,,,,,,,,,,257,red,12024,12937,24961
86,,6110040,1,20261001,5432,812,0,0,0,0,0,6389,792,0,0,0,0,0,3,34.95699292997823,135.913501381874,,,,,,,,,,,,,257,red,6244,7181,13425
86,,6110050,1,20261001,12997,1338,0,0,0,0,0,13134,1287,0,0,0,0,0,3,34.99087038445861,135.844525694847,,,,,,,,,,,,,257,red,14335,14421,28756
86,,6110060,1,20261001,24672,4058,0,0,0,0,0,21893,4918,0,0,0,0,0,3,34.99142632024544,135.831109285354,,,,,,,,,,,,,257,red,28730,26811,55541
86,,6110070,1,20261001,18569,2767,0,0,0,0,0,17063,2883,0,0,0,0,0,3,34.98630409707048,135.82777261734,,,,,,,,,,,,,257,red,21336,19946,41282
86,,6110080,1,20261001,16334,5584,0,0,0,0,0,17729,5785,0,0,0,0,0,3,34.91099177877929,135.744452476501,,,,,,,,,,,,,257,red,21918,23514,45432
86,,6110090,1,20261001,20273,5779,0,0,0,0,0,20659,5870,0,0,0,0,0,3,34.805311519271704,135.649480819702,,,,,,,,,,,,,257,red,26052,26529,52581
86,,6110100,1,20261001,,,,0,0,0,257,,,,0,0,0,257,3,34.81945711253497,135.720393061637,,,,,,,,,,,,,257,red,0,0,0
86,,6110110,1,20261001,11392,1287,0,0,0,0,0,11699,1298,0,0,0,0,0,3,34.71960434074075,135.436824560165,,,,,,,,,,,,,257,red,12679,12997,25676
86,,6110120,1,20261001,10680,1349,0,0,0,0,0,10986,1386,0,0,0,0,0,3,34.64078623273222,135.106242299079,,,,,,,,,,,,,257,red,12029,12372,24401
86,,6110130,1,20261001,25670,9115,0,0,0,0,0,25256,9180,0,0,0,0,0,3,34.75756172115131,134.859353005886,,,,,,,,,,,,,257,red,34785,34436,69221
86,,6110140,1,20261001,25195,7982,0,0,0,0,0,26319,7862,0,0,0,0,0,3,34.83274825524009,134.630174338817,,,,,,,,,,,,,257,red,33177,34181,67358
86,,6110150,1,20261001,16750,5750,0,0,0,0,0,17693,5703,0,0,0,0,0,3,34.847425137493005,134.578367471694,,,,,,,,,,,,,257,red,22500,23396,45896
86,,6110170,1,20261001,3883,1503,0,0,0,0,0,4007,1427,0,0,0,0,0,3,36.23649392464164,136.286623477935,,,,,,,,,,,,,257,red,5386,5434,10820
86,,6110180,1,20261001,3454,1729,0,0,0,0,0,1155,607,0,0,0,0,0,3,35.792989034822035,136.092793,,,,,,,,,,,,,257,red,5183,1762,6945
86,,6110190,1,20261001,2036,1672,0,0,0,0,0,1969,1744,0,0,0,0,0,3,35.62256603460919,136.08205800000002,,,,,,,,,,,,,257,red,3708,3713,7421
86,,6110200,1,20261001,5471,422,0,0,0,0,0,5261,458,0,0,0,0,0,3,35.319800029709974,136.279370784759,,,,,,,,,,,,,257,red,5893,5719,11612
86,,6110210,1,20261001,7451,1351,0,0,0,0,0,7371,1245,0,0,0,0,0,3,35.25049070224537,136.262805461883,,,,,,,,,,,,,257,red,8802,8616,17418
86,,6110220,1,20261001,7333,1847,0,0,0,0,0,7191,1711,0,0,0,0,0,3,35.135413702721344,136.168110072612,,,,,,,,,,,,,257,red,9180,8902,18082
86,,6110230,1,20261001,9019,1477,0,0,0,0,0,7979,1395,0,0,0,0,0,3,35.05193480694747,136.028718352317,,,,,,,,,,,,,257,red,10496,9374,19870
86,,6110240,1,20261001,14520,2202,0,0,0,0,0,14903,2219,0,0,0,0,0,3,34.97508726487281,135.666646957397,,,,,,,,,,,,,257,red,16722,17122,33844
86,,6110250,1,20261001,11024,1233,0,0,0,0,0,11225,1123,0,0,0,0,0,3,35.290674394918256,135.122528672218,,,,,,,,,,,,,257,red,12257,12348,24605
86,,6110260,1,20261001,2967,485,0,0,0,0,0,3029,521,0,0,0,0,0,3,35.33418386481987,134.859425425529,,,,,,,,,,,,,257,red,3452,3550,7002
86,,6110270,1,20261001,2553,324,0,0,0,0,0,2696,292,0,0,0,0,0,3,35.37906081109355,134.782794713974,,,,,,,,,,,,,257,red,2877,2988,5865
86,,6110280,1,20261001,1099,385,0,0,0,0,0,1136,317,0,0,0,0,0,3,35.39752934547739,134.617635011672,,,,,,,,,,,,,257,red,1484,1453,2937
86,,6110290,1,20261001,2291,1086,0,0,0,0,0,2331,1142,0,0,0,0,0,3,35.3445505431606,136.408736407756,,,,,,,,,,,,,257,red,3377,3473,6850
86,,6110300,1,20261001,8383,640,0,0,0,0,0,7291,523,0,0,0,0,0,3,34.929386538763445,135.767959356307,,,,,,,,,,,,,257,red,9023,7814,16837
86,,6110310,1,20261001,16659,2682,0,0,0,0,0,14910,2657,0,0,0,0,0,3,34.692826863672394,135.811829566955,,,,,,,,,,,,,257,red,19341,17567,36908
86,,6110320,1,20261001,11736,1842,0,0,0,257,0,17712,2477,0,0,0,0,0,3,34.49633103313339,135.742759,,,,,,,,,,,,,257,red,13578,20189,33767
86,,6110330,1,20261001,14040,787,0,0,0,0,0,11633,701,0,0,0,0,0,3,34.255336527005475,135.221571922302,,,,,,,,,,,,,257,red,14827,12334,27161
86,,6110340,1,20261001,12429,1820,0,0,0,0,0,12931,2008,0,0,0,0,0,3,34.59261679509626,135.476585626602,,,,,,,,,,,,,257,red,14249,14939,29188
86,,6110350,1,20261001,22960,2229,0,0,0,0,0,23019,2196,0,0,0,0,0,3,34.492391818044126,135.423381328582,,,,,,,,,,,,,257,red,25189,25215,50404
86,,6110361,1,20261001,6202,1062,0,0,0,0,0,6422,1021,0,0,0,0,0,3,34.27701629033371,135.164935521261,,,,,,,,,,,,,257,red,7264,7443,14707
86,,6110370,1,20261001,4676,807,0,0,0,0,0,4989,812,0,0,0,0,0,3,35.61308303459727,135.971192,,,,,,,,,,,,,257,red,5483,5801,11284
86,,6110380,1,20261001,3147,664,0,0,0,0,0,3587,642,0,0,0,0,0,3,35.486004106628485,135.463869273662,,,,,,,,,,,,,257,red,3811,4229,8040
86,,6110390,1,20261001,3167,630,0,0,0,0,0,3471,625,0,0,0,0,0,3,35.30401991598347,135.272947382363,,,,,,,,,,,,,257,red,3797,4096,7893
86,,6110410,1,20261001,4722,636,0,0,0,0,0,5123,641,0,0,0,0,0,3,34.99524305806187,134.558363556861,,,,,,,,,,,,,257,red,5358,5764,11122
86,,6110430,1,20261001,410,26,28,0,0,0,0,431,17,19,0,0,0,0,3,33.577233165562106,135.427241160067,,,,,,,,,,,,,257,red,464,467,931
86,,6110440,1,20261001,9120,739,0,0,0,0,0,8523,795,0,0,0,0,0,3,34.143380032647656,135.20039,,,,,,,,,,,,,257,red,9859,9318,19177
86,,6110450,1,20261001,16396,9363,0,0,0,0,0,15147,10716,0,0,0,0,0,3,34.71254919312948,135.425688028335,,,,,,,,,,,,,257,red,25759,25863,51622
86,,6110460,1,20261001,3350,1442,0,0,0,0,0,3492,1450,0,0,0,0,0,3,35.431053158155514,136.016224622726,,,,,,,,,,,,,257,red,4792,4942,9734
86,,6110470,1,20261001,6585,1612,0,0,0,0,0,6965,1813,0,0,0,0,0,3,35.21341864052877,135.925826132297,,,,,,,,,,,,,257,red,8197,8778,16975
86,,6110500,1,20261001,6023,1780,0,0,0,0,0,4782,842,0,0,0,0,0,3,35.10094221794055,135.892639160156,,,,,,,,,,,,,257,red,7803,5624,13427
86,,6110510,1,20261001,5079,1317,0,0,0,0,0,6657,1956,0,0,0,0,0,3,35.080206671418715,135.881878137588,,,,,,,,,,,,,257,red,6396,8613,15009
86,,6110520,1,20261001,14949,2656,0,0,0,0,0,3197,1082,1980,0,0,0,0,3,35.00895503826151,135.838812589645,,,,,,,,,,,,,257,red,17605,6259,23864
86,,6110530,1,20261001,9899,3467,0,0,0,0,0,10941,3611,0,0,0,0,0,3,34.8925928963683,135.684016942977,,,,,,,,,,,,,257,red,13366,14552,27918
86,,6110540,1,20261001,9606,1419,0,0,0,0,0,10148,1616,0,0,0,0,0,3,34.686726631641484,134.982630014419,,,,,,,,,,,,,257,red,11025,11764,22789
86,,6110670,1,20261001,9860,2994,0,0,0,0,0,10422,2729,0,0,0,0,0,3,34.486465033119956,135.763168,,,,,,,,,,,,,257,red,12854,13151,26005
86,,6110700,1,20261001,6588,1884,0,0,0,0,0,7042,1507,0,0,0,0,0,3,34.36883103295914,135.698397,,,,,,,,,,,,,257,red,8472,8549,17021
86,,6110710,1,20261001,6923,1670,0,0,0,0,0,7415,1478,0,0,0,0,0,3,34.346251032928144,135.675464,,,,,,,,,,,,,257,red,8593,8893,17486
86,,6110720,1,20261001,6392,1657,0,0,0,0,0,6811,1413,0,0,0,0,0,3,34.34307531292378,135.6723947,,,,,,,,,,,,,257,red,8049,8224,16273
86,,6110730,1,20261001,5850,1602,0,0,0,0,0,6191,1443,0,0,0,0,0,3,34.3344353954711,135.643944740295,,,,,,,,,,,,,257,red,7452,7634,15086
86,,6110740,1,20261001,7625,1583,87,0,0,0,0,7882,1322,144,0,0,0,0,3,34.32057809029414,135.595622062683,,,,,,,,,,,,,257,red,9295,9348,18643
86,,6110750,1,20261001,7588,1688,0,0,0,0,0,7872,1426,0,0,0,0,0,3,34.30420703287028,135.508371,,,,,,,,,,,,,257,red,9276,9298,18574
86,,6110760,1,20261001,6914,1721,0,0,0,0,0,7685,1522,0,0,0,0,0,3,34.300277802864876,135.49583333,,,,,,,,,,,,,257,red,8635,9207,17842
86,,6110765,1,20261001,7019,1782,0,0,0,0,0,7796,1553,0,0,0,0,0,3,34.293299032855266,135.42037,,,,,,,,,,,,,257,red,8801,9349,18150
86,,6110780,1,20261001,6932,1697,0,0,0,0,0,7616,1477,0,0,0,0,0,3,34.290835032851874,135.406025,,,,,,,,,,,,,257,red,8629,9093,17722
86,,6110790,1,20261001,3158,1211,0,0,0,0,0,3644,1161,0,0,0,0,0,3,34.28766234793788,135.279854549589,,,,,,,,,,,,,257,red,4369,4805,9174
86,,6110810,1,20261001,749,356,0,0,0,0,0,637,360,0,0,0,0,0,3,35.91898971813652,136.6293598948,,,,,,,,,,,,,257,red,1105,997,2102
86,,6110820,1,20261001,944,346,0,0,0,0,0,790,374,0,0,0,0,0,3,35.963561035032136,136.602468,,,,,,,,,,,,,257,red,1290,1164,2454
86,,6110840,1,20261001,916,333,0,0,0,0,0,799,345,0,0,0,0,0,3,35.98949103506382,136.526729,,,,,,,,,,,,,257,red,1249,1144,2393
86,,6110860,1,20261001,4676,615,0,0,0,0,0,5108,562,0,0,0,0,0,3,36.062580031168245,136.445198357105,,,,,,,,,,,,,257,red,5291,5670,10961
86,,6110870,1,20261001,4916,656,0,0,0,0,0,5430,576,0,0,0,0,0,3,36.074224272699254,136.374473869296,,,,,,,,,,,,,257,red,5572,6006,11578
86,,6110880,1,20261001,4856,883,0,0,0,0,0,6109,615,0,0,0,0,0,3,36.086521994378465,136.324462164098,,,,,,,,,,,,,257,red,5739,6724,12463
86,,6110980,1,20261001,1824,546,0,0,0,0,0,2083,605,0,0,0,0,0,3,35.30511375498357,134.89226102828903,,,,,,,,,,,,,257,red,2370,2688,5058
86,,6111020,1,20261001,10363,9624,0,0,0,0,0,4446,5886,0,0,0,257,0,3,34.61538892329484,135.8745,,,,,,,,,,,,,257,red,19987,10332,30319
86,,6111030,1,20261001,3803,206,24,0,0,0,0,4004,230,34,0,0,0,0,3,33.670648031981166,135.947246,,,,,,,,,,,,,257,red,4033,4268,8301
86,,6111040,1,20261001,2927,374,28,0,0,0,0,2759,329,29,0,0,0,0,1,33.74362082208521,135.40352793,,,,,,,,,,,,,257,red,3329,3117,6446
86,,6111050,1,20261001,3788,317,21,0,0,0,0,3495,233,39,0,0,0,0,1,33.67806806199178,135.40361475,,,,,,,,,,,,,257,red,4126,3767,7893
86,,6111060,1,20261001,3610,324,28,0,0,0,0,3204,261,51,0,0,0,0,1,33.63743103193369,135.410147,,,,,,,,,,,,,257,red,3962,3516,7478
86,,6111070,1,20261001,2248,248,21,0,0,0,0,1408,95,21,0,0,0,0,1,33.56605113183135,135.49421066,,,,,,,,,,,,,257,red,2517,1524,4041
86,,6111080,1,20261001,1718,253,18,0,0,0,0,4,0,0,0,0,0,0,1,33.53123967178131,135.54653822,,,,,,,,,,,,,257,red,1989,4,1993
86,,6111090,1,20261001,2648,230,24,0,0,0,0,2785,234,25,0,0,0,0,3,33.620083251908845,135.91802864,,,,,,,,,,,,,257,red,2902,3044,5946
86,,6111094,1,20261001,3534,170,66,0,0,0,0,3506,226,46,0,0,0,0,3,33.73308003207021,136.004619,,,,,,,,,,,,,257,red,3770,3778,7548
86,,6111100,1,20261001,5708,1522,0,0,0,0,0,6319,1358,0,0,0,0,0,3,34.29138892285263,135.3613889,,,,,,,,,,,,,257,red,7230,7677,14907
87,,7110040,1,20261001,7253,2186,0,0,0,0,0,6626,2271,0,0,0,0,0,3,34.51540182315934,133.565914,,,,,,,,,,,,,257,red,9439,8897,18336
87,,7110090,1,20261001,8440,3193,0,0,0,0,0,8609,2929,0,0,0,0,0,3,34.076861142554975,131.3867222,,,,,,,,,,,,,257,red,11633,11538,23171
87,,7110140,1,20261001,7100,1209,0,0,0,0,1,6955,1295,0,0,0,0,1,3,35.42972217436492,133.16019770000003,,,,,,,,,,,,,257,red,8309,8250,16559
87,,7110150,1,20261001,8175,1353,0,0,0,0,1,8498,1363,0,0,0,0,1,3,35.41501435434614,132.9291201,,,,,,,,,,,,,257,red,9528,9861,19389
87,,7110160,1,20261001,2870,392,0,0,0,0,1,2993,320,0,0,0,0,1,3,35.220801104096246,132.5117898,,,,,,,,,,,,,257,red,3262,3313,6575
87,,7110170,1,20261001,498,57,0,0,0,0,0,611,81,0,0,0,0,0,3,34.75449303348189,131.907185,,,,,,,,,,,,,257,red,555,692,1247
87,,7110180,1,20261001,1128,262,0,0,0,0,0,1056,227,0,0,0,0,0,3,34.42694447303873,131.76016670000004,,,,,,,,,,,,,257,red,1390,1283,2673
87,,7110210,1,20261001,4302,764,0,0,0,0,0,4453,783,0,0,0,0,0,3,34.8389208935946,133.9257149,,,,,,,,,,,,,257,red,5066,5236,10302
87,,7110240,1,20261001,3985,915,0,0,0,0,0,4117,847,0,0,0,0,0,3,34.684982133388644,133.784738,,,,,,,,,,,,,257,red,4900,4964,9864
87,,7110260,1,20261001,2523,162,0,0,0,0,0,2808,200,0,0,0,0,0,3,33.97988891241918,132.1977222,,,,,,,,,,,,,257,red,2685,3008,5693
87,,7110270,1,20261001,1328,233,0,0,0,1,0,1263,239,0,0,0,0,0,3,34.65950003335435,131.6773889,,,,,,,,,,,,,257,red,1561,1502,3063
87,,7110280,1,20261001,3155,396,0,0,0,0,1,3014,377,0,0,0,0,1,3,34.419861143029046,131.4097778,,,,,,,,,,,,,257,red,3551,3391,6942
87,,7110290,1,20261001,6622,299,0,0,0,0,0,6338,305,0,0,0,0,0,3,34.371805582963226,131.1861389,,,,,,,,,,,,,257,red,6921,6643,13564
87,,7110320,1,20261001,5537,360,0,0,0,0,0,5306,344,0,0,0,0,0,3,33.95763808238793,132.1366533,,,,,,,,,,,,,257,red,5897,5650,11547
87,,7310110,1,20261001,7183,1007,0,0,0,0,1,7432,1027,0,0,0,0,1,3,35.39772612432404,132.8747235,,,,,,,,,,,,,257,red,8190,8459,16649
87,,7310120,1,20261001,2668,707,0,0,0,0,0,2480,614,0,0,0,0,0,3,35.068629523897954,132.3222435,,,,,,,,,,,,,257,red,3375,3094,6469
87,,7310150,1,20261001,574,178,0,0,0,0,1,647,250,0,0,0,0,1,3,34.9738037337733,132.7317309,,,,,,,,,,,,,257,red,752,897,1649
87,,7310160,1,20261001,901,226,0,0,0,0,1,1077,326,0,0,0,0,1,3,35.117460163961816,132.778337,,,,,,,,,,,,,257,red,1127,1403,2530
87,,7310170,1,20261001,5559,742,0,0,0,0,0,4504,604,0,0,0,0,0,3,34.705264123415894,133.7151146,,,,,,,,,,,,,257,red,6301,5108,11409
87,,7310180,1,20261001,,,,,,,257,,,,,,,257,3,34.38963891298768,131.3651944,,,,,,,,,,,,,257,red,0,0,0
87,,7310260,1,20261001,2234,534,0,0,0,0,0,1900,417,0,0,0,0,0,3,35.132156843980994,132.4019922,,,,,,,,,,,,,257,red,2768,2317,5085
87,,7310270,1,20261001,2068,530,0,0,0,0,1,1772,418,0,0,0,0,1,3,35.08573619392036,132.3490609,,,,,,,,,,,,,257,red,2598,2190,4788
87,,7310280,1,20261001,2031,519,0,0,0,0,1,1759,425,0,0,0,0,1,3,35.076671573908484,132.335387,,,,,,,,,,,,,257,red,2550,2184,4734
87,,7310290,1,20261001,2612,753,0,0,0,257,0,3150,868,0,0,0,0,0,3,34.88220003365212,132.0657,,,,,,,,,,,,,257,red,3365,4018,7383
87,,7310300,1,20261001,2915,618,0,0,0,0,0,2908,568,0,0,0,0,0,3,34.86980443363566,132.0662027,,,,,,,,,,,,,257,red,3533,3476,7009
87,,7310350,1,20261001,3118,776,0,0,0,0,0,3146,761,0,0,0,0,0,3,34.83580109359045,131.9999083,,,,,,,,,,,,,257,red,3894,3907,7801
87,,7310410,1,20261001,3521,661,0,0,0,0,0,3377,634,0,0,0,0,0,3,35.21593257408993,132.5144274,,,,,,,,,,,,,257,red,4182,4011,8193
87,,7310420,1,20261001,3946,702,0,0,0,0,0,3594,663,0,0,0,0,0,3,35.275470134166945,132.6201357,,,,,,,,,,,,,257,red,4648,4257,8905
87,,7310430,1,20261001,3939,622,0,0,0,0,0,3529,577,0,0,0,0,0,3,35.303833034203514,132.688667,,,,,,,,,,,,,257,red,4561,4106,8667
87,,7310440,1,20261001,3736,658,0,0,0,0,0,0,0,0,0,0,0,0,3,35.298722034196935,132.676944,,,,,,,,,,,,,257,red,4394,0,4394
87,,7310450,1,20261001,0,0,0,0,0,0,0,3149,588,0,0,0,0,0,3,35.290444034186265,132.645583,,,,,,,,,,,,,257,red,0,3737,3737
87,,7310460,1,20261001,0,0,0,0,0,257,0,1023,250,0,0,0,0,0,3,35.20082803407034,132.459905,,,,,,,,,,,,,257,red,0,1273,1273
87,,7310470,1,20261001,1209,274,0,0,0,0,0,901,225,0,0,0,0,0,3,35.1986450340675,132.455753,,,,,,,,,,,,,257,red,1483,1126,2609
88,,8110010,1,20261001,2616,717,0,0,0,0,0,2553,767,0,0,0,0,0,3,34.2207184500313,134.411544799804,,,,,,,,,,,,,257,red,3333,3320,6653
88,,8110020,1,20261001,15350,1563,0,0,0,0,0,16697,1834,0,0,0,0,0,3,34.30277465209332,134.084776639938,,,,,,,,,,,,,257,red,16913,18531,35444
88,,8110030,1,20261001,13332,1914,0,0,0,0,0,12816,1941,0,0,0,0,0,3,34.29671450737887,133.946895003318,,,,,,,,,,,,,257,red,15246,14757,30003
88,,8110040,1,20261001,6364,980,0,0,0,0,0,6603,1000,0,0,0,0,0,3,34.17417938671837,133.715951442718,,,,,,,,,,,,,257,red,7344,7603,14947
88,,8110050,1,20261001,6477,931,2,0,0,0,0,7060,908,16,0,0,0,0,3,33.91236267641698,133.20324182510302,,,,,,,,,,,,,257,red,7410,7984,15394
88,,8110060,1,20261001,3702,1329,76,0,0,0,1,3891,1333,86,0,0,0,1,3,33.82431235182997,132.984384298324,,,,,,,,,,,,,257,red,5107,5310,10417
88,,8110070,1,20261001,7920,890,0,0,0,0,0,8037,720,0,0,0,0,0,3,34.28544169692582,134.00050163269,,,,,,,,,,,,,257,red,8810,8757,17567
88,,8110080,1,20261001,1580,423,0,0,0,0,0,1695,377,0,0,0,0,0,3,34.10608825909625,133.799223303794,,,,,,,,,,,,,257,red,2003,2072,4075
88,,8110090,1,20261001,7355,939,37,0,0,0,0,6302,828,86,0,0,0,0,3,34.028957826825085,133.828164339065,,,,,,,,,,,,,257,red,8331,7216,15547
88,,8110100,1,20261001,1547,439,0,0,0,0,0,1427,414,0,0,0,0,0,3,33.950764901704936,133.764853477478,,,,,,,,,,,,,257,red,1986,1841,3827
88,,8110110,1,20261001,4344,1514,0,0,0,0,0,5490,1239,0,0,0,0,0,3,33.58909346194513,133.626092746853,,,,,,,,,,,,,257,red,5858,6729,12587
88,,8110115,1,20261001,6018,538,0,0,0,0,0,5777,496,0,0,0,0,0,3,33.548205918990114,133.451582193374,,,,,,,,,,,,,257,red,6556,6273,12829
88,,8110120,1,20261001,6833,624,0,0,0,0,0,6319,754,0,0,0,0,0,3,33.543133969132924,133.402808904647,,,,,,,,,,,,,257,red,7457,7073,14530
88,,8110130,1,20261001,6774,474,183,0,0,0,2,7184,474,188,0,0,0,2,3,33.7476978963593,132.791587114334,,,,,,,,,,,,,257,red,7431,7846,15277
88,,8110131,1,20261001,2767,297,0,0,0,0,0,2662,246,0,0,0,0,0,3,33.793408870729856,134.592427611351,,,,,,,,,,,,,257,red,3064,2908,5972
88,,8110140,1,20261001,2111,266,0,1,0,0,1,2222,221,2,1,0,0,1,3,33.63466659400443,134.369745254516,,,,,,,,,,,,,257,red,2377,2445,4822
88,,8110142,1,20261001,2768,283,0,0,0,0,0,2539,251,0,0,0,0,0,3,33.74774819013548,134.53964678124,,,,,,,,,,,,,257,red,3051,2790,5841
88,,8110160,1,20261001,2893,303,0,0,0,0,0,2904,261,0,0,0,0,0,3,33.53924497073882,133.738444460766,,,,,,,,,,,,,257,red,3196,3165,6361
88,,8110161,1,20261001,5903,577,0,0,0,0,0,4679,472,0,0,0,0,0,3,33.520916544031145,133.780702650547,,,,,,,,,,,,,257,red,6480,5151,11631
88,,8110162,1,20261001,6905,655,0,0,0,0,0,6230,552,0,0,0,0,0,3,33.550342371512876,133.740176352243,,,,,,,,,,,,,257,red,7560,6782,14342
88,,8110163,1,20261001,7821,706,0,0,0,0,0,6889,602,0,0,0,0,0,3,33.55352220956595,133.721816021769,,,,,,,,,,,,,257,red,8527,7491,16018
88,,8110164,1,20261001,1405,337,0,0,0,0,0,1490,327,0,0,0,0,0,3,33.57127484589016,133.574287891387,,,,,,,,,,,,,257,red,1742,1817,3559
88,,8110165,1,20261001,7857,925,0,0,0,0,0,8409,734,0,0,0,0,0,3,33.56026408468244,133.633757829666,,,,,,,,,,,,,257,red,8782,9143,17925
88,,8110166,1,20261001,8908,1018,0,0,0,0,0,8514,905,0,0,0,0,0,3,33.540965031795295,133.601005,,,,,,,,,,,,,257,red,9926,9419,19345
88,,8110167,1,20261001,4983,422,0,0,0,0,0,4512,434,0,0,0,0,0,3,33.5424317654246,133.583077945611,,,,,,,,,,,,,257,red,5405,4946,10351
88,,8110168,1,20261001,7321,692,0,0,0,0,0,5947,526,0,0,0,0,0,3,33.55589303181676,133.683497,,,,,,,,,,,,,257,red,8013,6473,14486
88,,8110170,1,20261001,4667,652,0,0,0,0,0,4027,932,0,0,0,0,0,3,33.485055031714765,133.373125,,,,,,,,,,,,,257,red,5319,4959,10278
88,,8110171,1,20261001,2619,445,0,0,0,0,0,2341,354,0,0,0,0,0,3,33.40395558523113,133.288643360137,,,,,,,,,,,,,257,red,3064,2695,5759
88,,8110172,1,20261001,1742,669,0,0,0,0,0,1856,447,0,0,0,0,0,3,33.39236677628474,133.278601169586,,,,,,,,,,,,,257,red,2411,2303,4714
88,,8110174,1,20261001,793,139,0,2,0,0,2,1097,234,0,2,0,0,2,3,33.18330330083646,133.144855499267,,,,,,,,,,,,,257,red,932,1331,2263
88,,8110180,1,20261001,639,59,0,0,0,0,0,680,66,0,0,0,0,0,3,33.35817590038214,133.253152370452,,,,,,,,,,,,,257,red,698,746,1444
88,,8110181,1,20261001,2398,267,0,0,0,0,0,2345,249,0,0,0,0,0,3,32.974388919857596,132.933138888889,,,,,,,,,,,,,257,red,2665,2594,5259
88,,8110182,1,20261001,3843,315,0,0,0,0,0,3661,304,0,0,0,0,0,3,32.96811114207051,132.872277777778,,,,,,,,,,,,,257,red,4158,3965,8123
88,,8110183,1,20261001,2070,186,0,0,0,0,0,2231,177,0,0,0,0,0,3,32.95902780872377,132.776972222222,,,,,,,,,,,,,257,red,2256,2408,4664
88,,8110190,1,20261001,1453,180,0,0,0,0,0,1552,209,0,0,0,0,0,3,32.96996536793415,132.68920719623503,,,,,,,,,,,,,257,red,1633,1761,3394
88,,8110191,1,20261001,2264,407,0,0,0,0,0,2197,487,0,0,0,0,0,3,33.13903103121127,132.517477,,,,,,,,,,,,,257,red,2671,2684,5355
88,,8110192,1,20261001,3599,558,0,0,0,0,0,3756,606,0,0,0,0,0,3,33.14590213224344,132.52205863595,,,,,,,,,,,,,257,red,4157,4362,8519
88,,8110200,1,20261001,1730,158,0,0,0,0,0,1667,187,0,0,0,0,0,3,33.325562031483756,132.5285,,,,,,,,,,,,,257,red,1888,1854,3742
88,,8110210,1,20261001,13536,657,531,0,0,0,2,12810,587,466,0,0,0,2,3,33.81637909326473,132.744826823472,,,,,,,,,,,,,257,red,14724,13863,28587
88,,8110231,1,20261001,5925,477,0,0,0,0,0,5051,415,0,0,0,0,0,3,34.03847794648641,134.520513564348,,,,,,,,,,,,,257,red,6402,5466,11868
88,,8110232,1,20261001,6420,489,0,0,0,0,0,6580,522,0,0,0,0,0,3,34.04120064204002,134.531005024909,,,,,,,,,,,,,257,red,6909,7102,14011
88,,8110240,1,20261001,4375,718,0,0,0,0,0,3765,698,0,0,0,0,0,3,34.03149633348104,132.829599380493,,,,,,,,,,,,,257,red,5093,4463,9556
88,,8110250,1,20261001,4903,616,0,0,0,0,0,4909,621,0,0,0,0,0,3,33.93004373774009,133.094837665557,,,,,,,,,,,,,257,red,5519,5530,11049
88,,8111021,1,20261001,4651,459,0,0,0,0,0,4778,415,0,0,0,0,0,3,33.50191403173908,133.309236,,,,,,,,,,,,,257,red,5110,5193,10303
88,,8160020,1,20261001,3474,655,0,0,0,0,0,3135,549,0,0,0,0,0,1,33.331092031491806,133.206098,,,,,,,,,,,,,257,red,4129,3684,7813
88,,8160030,1,20261001,2888,601,0,0,0,0,0,2573,512,0,0,0,85,0,1,33.23544203135242,133.159939,,,,,,,,,,,,,257,red,3489,3085,6574
88,,8160040,1,20261001,5063,678,0,0,0,0,0,5305,757,0,0,0,0,0,1,33.24742026280611,132.570131868124,,,,,,,,,,,,,257,red,5741,6062,11803
88,,8160050,1,20261001,4741,692,0,0,0,0,0,4904,786,0,0,0,0,0,1,33.33622666521378,132.557060122489,,,,,,,,,,,,,257,red,5433,5690,11123
88,,8160060,1,20261001,4914,939,0,0,0,0,0,4353,839,0,0,0,0,0,1,34.056139032526026,134.588624,,,,,,,,,,,,,257,red,5853,5192,11045
88,,8310010,1,20261001,13467,1488,6,0,0,0,0,13728,1531,14,0,0,0,0,3,34.152121047215225,134.579402804374,,,,,,,,,,,,,257,red,14961,15273,30234
88,,8310020,1,20261001,6175,1047,0,0,0,0,0,6500,606,0,0,0,0,0,3,34.335875041773484,134.151295423507,,,,,,,,,,,,,257,red,7222,7106,14328
88,,8310030,1,20261001,7444,476,359,0,0,0,1,9199,546,114,0,0,0,1,3,33.79997204409725,132.86443054676,,,,,,,,,,,,,257,red,8279,9859,18138
88,,8310040,1,20261001,9758,1584,0,0,0,0,0,10389,1473,0,0,0,0,0,3,34.239532652899726,133.895906209945,,,,,,,,,,,,,257,red,11342,11862,23204
88,,8310050,1,20261001,597,370,0,0,0,0,0,633,333,0,0,0,0,0,3,33.797668032162,133.760304,,,,,,,,,,,,,257,red,967,966,1933
88,,8310060,1,20261001,432,113,0,0,0,0,0,439,101,0,0,0,0,0,3,33.54154672048833,133.042341470718,,,,,,,,,,,,,257,red,545,540,1085
88,,8310061,1,20261001,9059,1870,0,0,0,0,0,9844,1976,0,0,0,0,0,3,33.80675451706518,132.745272070169,,,,,,,,,,,,,257,red,10929,11820,22749
88,,8310062,1,20261001,5100,1354,0,0,0,0,0,5243,1345,0,0,0,0,0,3,33.814776032186245,132.720319,,,,,,,,,,,,,257,red,6454,6588,13042
88,,8310070,1,20261001,16112,1183,17,0,0,0,0,17470,1117,9,0,0,0,0,3,34.0102656781917,134.566428959369,,,,,,,,,,,,,257,red,17312,18596,35908
88,,8310080,1,20261001,9335,877,0,0,0,0,0,8794,904,0,0,0,0,0,3,33.9732071371816,134.633932113647,,,,,,,,,,,,,257,red,10212,9698,19910
88,,8310100,1,20261001,,,,0,0,0,257,,,,0,0,0,257,3,33.03511096021447,133.027331829071,,,,,,,,,,,,,257,red,0,0,0
88,,8310110,1,20261001,3303,454,0,0,0,0,0,3209,554,0,0,0,0,0,3,33.4066250316014,132.509843,,,,,,,,,,,,,257,red,3757,3763,7520
88,,8310120,1,20261001,7176,1189,0,0,0,0,0,7648,1379,0,0,0,0,0,3,33.504510031742804,132.56675,,,,,,,,,,,,,257,red,8365,9027,17392
88,,8310130,1,20261001,5257,875,0,0,0,0,0,5467,842,0,0,0,0,0,3,33.53462955300938,132.597781419754,,,,,,,,,,,,,257,red,6132,6309,12441
88,,8310140,1,20261001,3313,714,0,0,0,0,0,3057,709,0,0,0,0,0,3,33.6125750318981,132.68712,,,,,,,,,,,,,257,red,4027,3766,7793
88,,8310150,1,20261001,2316,602,0,0,0,0,0,2784,674,0,0,0,0,0,3,34.0401782523243,134.018440246582,,,,,,,,,,,,,257,red,2918,3458,6376
88,,8310160,1,20261001,8292,526,166,0,0,0,3,7412,537,179,0,0,0,3,3,33.89056122326423,132.757075130939,,,,,,,,,,,,,257,red,8984,8128,17112
89,,9110010,1,20261001,8235,541,0,0,0,0,0,9744,564,0,0,0,0,0,3,33.86399103225591,130.750068,,,,,,,,,,,,,257,red,8776,10308,19084
89,,9110030,1,20261001,15653,1681,0,0,0,0,0,17384,1823,0,0,0,1,0,3,32.75695803064553,130.688122,,,,,,,,,,,,,257,red,17334,19207,36541
89,,9110040,1,20261001,6481,1837,0,0,0,0,0,5831,1672,0,0,0,0,0,3,32.565580030358504,130.688167,,,,,,,,,,,,,257,red,8318,7503,15821
89,,9110050,1,20261001,9610,2070,0,0,0,0,0,8280,1763,0,0,0,0,0,3,32.50104503026118,130.627862,,,,,,,,,,,,,257,red,11680,10043,21723
89,,9110060,1,20261001,3696,1102,0,0,0,0,0,4226,1136,0,0,0,0,0,3,31.848210029262603,130.249002,,,,,,,,,,,,,257,red,4798,5362,10160
89,,9110070,1,20261001,3191,343,0,0,0,0,0,3372,339,0,0,0,0,0,3,31.65408502896101,130.444438,,,,,,,,,,,,,257,red,3534,3711,7245
89,,9110110,1,20261001,23142,1611,178,0,0,0,0,22657,1687,125,0,0,0,0,3,33.248593781371625,131.5788746,,,,,,,,,,,,,257,red,24931,24469,49400
89,,9110120,1,20261001,93,22,0,0,0,0,0,95,15,0,0,0,0,0,3,32.83826903076675,131.716873,,,,,,,,,,,,,257,red,115,110,225
89,,9110140,1,20261001,4458,1431,0,0,0,0,0,3970,1394,0,0,0,0,0,3,32.26510002990319,131.560352,,,,,,,,,,,,,257,red,5889,5364,11253
89,,9110150,1,20261001,2554,909,0,0,0,0,0,2602,1007,0,0,0,0,0,3,31.853840029271314,131.136144,,,,,,,,,,,,,257,red,3463,3609,7072
89,,9110160,1,20261001,3595,1219,27,0,0,0,0,3422,1251,22,0,0,0,0,3,31.710555029048958,130.774553,,,,,,,,,,,,,257,red,4841,4695,9536
89,,9110190,1,20261001,6258,2147,0,0,0,0,0,6140,2099,0,0,0,0,0,3,33.3577350315305,130.488663,,,,,,,,,,,,,257,red,8405,8239,16644
89,,9110200,1,20261001,6819,673,0,0,0,0,0,6354,686,0,0,0,0,0,3,33.19609887129489,130.0312792,,,,,,,,,,,,,257,red,7492,7040,14532
89,,9110230,1,20261001,1824,648,0,0,0,0,0,1705,594,0,0,0,0,0,3,32.95195803093551,131.35466,,,,,,,,,,,,,257,red,2472,2299,4771
89,,9110240,1,20261001,6477,1823,0,0,0,0,0,6241,1766,0,0,0,0,0,3,33.669370031979355,130.847832,,,,,,,,,,,,,257,red,8300,8007,16307
89,,9110280,1,20261001,4958,739,0,0,0,0,0,4647,752,0,0,0,0,0,3,33.34785503151616,130.0187991,,,,,,,,,,,,,257,red,5697,5399,11096
89,,9110290,1,20261001,5669,557,0,0,0,0,0,6073,561,0,0,0,0,0,3,32.97125925096407,130.445357,,,,,,,,,,,,,257,red,6226,6634,12860
89,,9110300,1,20261001,5906,613,0,0,0,0,0,6017,675,0,0,0,0,0,3,33.14141103121475,130.470721,,,,,,,,,,,,,257,red,6519,6692,13211
89,,9110335,1,20261001,2788,290,0,0,0,0,0,2983,232,0,0,0,0,0,3,31.396273028557452,130.783657,,,,,,,,,,,,,257,red,3078,3215,6293
89,,9110340,1,20261001,3684,545,0,0,0,0,0,3711,484,0,0,0,0,0,3,31.452851608646302,130.7281932,,,,,,,,,,,,,257,red,4229,4195,8424
89,,9310003,1,20261001,5847,1912,0,0,0,0,0,8002,1835,0,0,0,0,0,3,33.947867982374184,130.968647,,,,,,,,,,,,,257,red,7759,9837,17596
89,,9310015,1,20261001,14587,4836,0,0,0,0,0,14531,5388,0,0,0,0,0,3,33.44660203165923,130.540337,,,,,,,,,,,,,257,red,19423,19919,39342
89,,9310017,1,20261001,6783,1161,0,0,0,0,0,7221,1214,0,0,0,0,0,3,33.323489031480754,130.523608,,,,,,,,,,,,,257,red,7944,8435,16379
89,,9310020,1,20261001,1634,1156,0,0,0,0,0,1659,1142,0,0,0,0,0,3,33.11458003117534,130.669176,,,,,,,,,,,,,257,red,2790,2801,5591
89,,9310035,1,20261001,980,107,0,0,0,0,0,957,125,0,0,0,0,0,3,32.406040030117445,130.555735,,,,,,,,,,,,,257,red,1087,1082,2169
89,,9310045,1,20261001,3623,866,0,0,0,0,0,4132,797,0,0,0,0,0,3,32.16215502974594,130.36789,,,,,,,,,,,,,257,red,4489,4929,9418
89,,9310050,1,20261001,5752,389,30,0,0,0,0,5310,336,47,0,0,0,0,3,31.714213029054637,130.275752,,,,,,,,,,,,,257,red,6171,5693,11864
89,,9310060,1,20261001,3670,1055,123,31,0,0,5,3282,898,20,31,0,0,5,3,32.38562876008649,130.5414069,,,,,,,,,,,,,257,red,4848,4200,9048
89,,9310070,1,20261001,14,31,5663,0,0,177,176,5347,936,173,0,0,0,176,3,31.702321029036145,130.297006,,,,,,,,,,,,,257,red,5708,6456,12164
89,,9310080,1,20261001,10306,1092,0,0,0,0,0,9070,997,0,0,0,0,0,3,33.80588903217365,130.960473,,,,,,,,,,,,,257,red,11398,10067,21465
89,,9310085,1,20261001,6843,1167,0,0,0,0,0,6773,1057,0,0,0,0,0,3,33.54594303180245,131.283198,,,,,,,,,,,,,257,red,8010,7830,15840
89,,9310090,1,20261001,5754,762,0,0,0,0,0,6841,827,0,0,0,0,0,3,33.38094503156419,131.540397,,,,,,,,,,,,,257,red,6516,7668,14184
89,,9310100,1,20261001,12996,1593,0,0,0,2,0,12872,1574,0,0,0,0,0,3,33.15920703124086,131.651922,,,,,,,,,,,,,257,red,14589,14446,29035
89,,9310115,1,20261001,6103,2424,0,0,0,0,0,6134,2500,0,0,0,0,0,3,31.726570029073855,131.023972,,,,,,,,,,,,,257,red,8527,8634,17161
89,,9310120,1,20261001,10835,1795,0,0,0,0,0,9188,1470,0,0,0,0,0,3,31.705779029041526,130.613215,,,,,,,,,,,,,257,red,12630,10658,23288
89,,9310125,1,20261001,9485,1422,0,0,0,0,0,8851,1344,0,0,0,0,0,3,33.21761616132637,130.1637701,,,,,,,,,,,,,257,red,10907,10195,21102
89,,9310127,1,20261001,4190,1001,0,0,0,0,0,4271,847,0,0,0,0,0,3,32.91326503087817,130.976239,,,,,,,,,,,,,257,red,5191,5118,10309
89,,9310130,1,20261001,12247,1046,0,0,0,0,0,10676,1107,0,0,0,0,0,3,32.8754950308221,130.867355,,,,,,,,,,,,,257,red,13293,11783,25076
89,,9310140,1,20261001,16560,2314,0,0,0,0,0,16799,1774,0,0,0,0,0,3,32.820198990739854,130.7572925,,,,,,,,,,,,,257,red,18874,18573,37447
89,,9310150,1,20261001,4886,1420,0,0,0,0,0,3358,2555,0,0,0,0,0,3,32.6779330305273,130.55327,,,,,,,,,,,,,257,red,6306,5913,12219
89,,9310155,1,20261001,4779,216,0,0,0,0,0,6446,351,0,0,0,0,0,3,32.76467203065704,130.370667,,,,,,,,,,,,,257,red,4995,6797,11792
89,,9310156,1,20261001,5505,387,0,0,0,0,0,5466,424,0,0,0,0,0,3,32.78536503068792,130.199594,,,,,,,,,,,,,257,red,5892,5890,11782
89,,9310157,1,20261001,4736,987,0,0,0,0,0,4072,855,0,0,0,0,0,3,33.06696517110531,131.6229634,,,,,,,,,,,,,257,red,5723,4927,10650
89,,9310159,1,20261001,2140,694,0,0,0,0,0,1778,616,0,0,0,0,0,3,32.997429031002746,131.434075,,,,,,,,,,,,,257,red,2834,2394,5228
89,,9310165,1,20261001,8796,4437,0,0,0,0,0,9226,4498,0,0,0,0,0,3,33.62969103192261,130.442657,,,,,,,,,,,,,257,red,13233,13724,26957
89,,9310174,1,20261001,14740,2933,0,0,0,0,0,13105,2453,0,0,0,0,0,3,33.6275850319196,130.703907,,,,,,,,,,,,,257,red,17673,15558,33231
89,,9310181,1,20261001,6336,394,0,0,0,0,0,6421,314,0,0,0,0,0,3,33.230906841345785,130.3350523,,,,,,,,,,,,,257,red,6730,6735,13465
89,,9310184,1,20261001,7833,869,0,0,0,0,0,7213,1343,0,0,0,0,0,3,32.918079150885305,130.6264597,,,,,,,,,,,,,257,red,8702,8556,17258
89,,9310185,1,20261001,2234,265,0,0,0,0,257,0,0,0,0,0,257,257,3,33.37000946154832,129.9447181,,,,,,,,,,,,,257,red,2499,0,2499
89,,9310187,1,20261001,7668,1549,0,0,0,0,0,7712,1479,0,0,0,0,0,3,33.504396031742644,130.111167,,,,,,,,,,,,,257,red,9217,9191,18408
89,,9310188,1,20261001,4752,688,0,0,0,0,0,4592,664,0,0,0,0,0,3,33.3383090315023,130.64702,,,,,,,,,,,,,257,red,5440,5256,10696
89,,9310189,1,20261001,5650,966,0,0,0,0,0,6127,949,0,0,0,0,0,3,33.06535003110294,129.833592,,,,,,,,,,,,,257,red,6616,7076,13692
89,,9310191,1,20261001,6528,1090,0,0,0,0,0,6259,1108,0,0,0,0,0,3,33.18514003127884,130.387366,,,,,,,,,,,,,257,red,7618,7367,14985
89,,9310192,1,20261001,4890,980,0,0,0,0,0,10243,4388,0,0,0,0,0,3,33.20214803130375,130.361827,,,,,,,,,,,,,257,red,5870,14631,20501
89,,9310193,1,20261001,2804,2116,0,0,0,0,0,4020,862,0,0,0,0,0,3,33.20855403131311,130.343385,,,,,,,,,,,,,257,red,4920,4882,9802
89,,9310195,1,20261001,4581,908,0,0,0,0,0,4378,783,0,0,0,0,0,3,33.32086003147692,130.863524,,,,,,,,,,,,,257,red,5489,5161,10650
89,,9310200,1,20261001,1849,404,0,0,0,0,0,1784,396,0,0,0,0,0,3,33.250128031373855,131.295812,,,,,,,,,,,,,257,red,2253,2180,4433
89,,9310205,1,20261001,5022,819,0,0,0,0,0,5300,825,0,0,0,0,0,3,33.19671903129579,131.498216,,,,,,,,,,,,,257,red,5841,6125,11966
89,,9310210,1,20261001,8078,511,0,0,0,0,0,4681,316,0,0,0,0,0,3,31.816050029212782,131.442962,,,,,,,,,,,,,257,red,8589,4997,13586
89,,9310217,1,20261001,3178,393,0,0,0,0,0,3310,406,0,0,0,0,0,3,31.417765998591218,130.99969040000002,,,,,,,,,,,,,257,red,3571,3716,7287
89,,9310218,1,20261001,4643,456,0,0,0,0,0,4763,469,0,0,0,0,0,3,31.377286028527593,130.545285,,,,,,,,,,,,,257,red,5099,5232,10331
89,,9310219,1,20261001,1605,512,0,0,0,0,0,1507,510,0,0,0,0,0,3,31.56571802882308,130.617867,,,,,,,,,,,,,257,red,2117,2017,4134
89,,9310220,1,20261001,4354,1022,0,0,0,0,0,4030,921,0,0,0,0,0,3,33.43104381163675,130.0480662,,,,,,,,,,,,,257,red,5376,4951,10327
89,,9310470,1,20261001,2860,967,27,0,0,0,0,2617,812,44,0,0,0,0,3,32.24423502987137,130.476053,,,,,,,,,,,,,257,red,3854,3473,7327
89,,9310480,1,20261001,2755,1018,0,0,0,0,0,2450,885,0,0,0,0,0,3,32.21685802982958,130.428031,,,,,,,,,,,,,257,red,3773,3335,7108
89,,9310520,1,20261001,3792,651,0,0,0,0,0,3829,604,0,0,0,0,0,3,32.102630029654726,130.326106,,,,,,,,,,,,,257,red,4443,4433,8876
89,,9310530,1,20261001,4839,717,0,0,0,0,0,4829,652,0,0,0,0,0,3,32.08242202962371,130.292812,,,,,,,,,,,,,257,red,5556,5481,11037
89,,9310540,1,20261001,4195,691,0,0,0,0,0,3853,575,0,0,0,0,0,3,32.07232702960822,130.26224,,,,,,,,,,,,,257,red,4886,4428,9314
89,,9310600,1,20261001,1433,707,0,0,0,0,0,1811,666,0,0,0,0,0,3,31.84607502925929,130.257831,,,,,,,,,,,,,257,red,2140,2477,4617
89,,9310610,1,20261001,0,0,0,0,0,257,257,1942,702,0,0,0,0,257,3,31.804655029195118,130.283522,,,,,,,,,,,,,257,red,0,2644,2644
89,,9310620,1,20261001,4890,867,0,0,0,0,0,5549,940,0,0,0,0,0,3,31.759537029125095,130.304217,,,,,,,,,,,,,257,red,5757,6489,12246
89,,9310627,1,20261001,3653,985,0,0,0,0,0,3388,836,0,0,0,0,0,3,33.46078103167972,130.044889,,,,,,,,,,,,,257,red,4638,4224,8862
89,,9310630,1,20261001,4017,848,0,0,0,0,0,3293,698,0,0,0,0,0,3,33.414414111612686,129.9958886,,,,,,,,,,,,,257,red,4865,3991,8856
89,,9310640,1,20261001,5040,951,0,0,0,0,0,4482,805,0,0,0,0,0,3,33.391371311579306,129.9347973,,,,,,,,,,,,,257,red,5991,5287,11278
89,,9310650,1,20261001,4652,1155,0,2,0,0,2,4444,853,0,2,0,0,2,3,33.37966119156232,129.933567,,,,,,,,,,,,,257,red,5807,5297,11104
89,,9310660,1,20261001,3617,533,0,0,0,0,0,3439,526,0,0,0,0,0,3,33.30074103144764,129.915058,,,,,,,,,,,,,257,red,4150,3965,8115
89,,9310710,1,20261001,0,0,0,0,0,257,257,2273,684,0,0,0,0,257,3,33.323471851480726,129.8060041,,,,,,,,,,,,,257,red,0,2957,2957
89,,9310730,1,20261001,2930,349,0,0,0,0,0,2805,313,0,0,0,0,0,3,33.34824903151674,129.729277,,,,,,,,,,,,,257,red,3279,3118,6397
89,,9310740,1,20261001,1207,207,0,0,0,0,0,1352,176,0,0,0,0,0,3,33.34295921550905,129.672585536,,,,,,,,,,,,,257,red,1414,1528,2942
89,,9360270,1,20261001,1487,769,0,0,0,0,0,1410,618,0,0,0,0,0,1,32.93848103091554,131.866353,,,,,,,,,,,,,257,red,2256,2028,4284
89,,9360280,1,20261001,1780,788,0,0,0,0,0,1797,666,0,0,0,0,0,1,32.895717030852126,131.864089,,,,,,,,,,,,,257,red,2568,2463,5031
89,,9360290,1,20261001,1264,696,0,0,0,0,0,1318,571,0,0,0,0,0,1,32.80165203071222,131.87728,,,,,,,,,,,,,257,red,1960,1889,3849
89,,9360300,1,20261001,1262,669,0,0,0,0,0,1261,561,0,0,0,0,0,1,32.72780503060196,131.827089,,,,,,,,,,,,,257,red,1931,1822,3753
89,,9360310,1,20261001,1783,721,0,0,0,0,0,1823,590,0,0,0,0,0,1,32.708018030572354,131.811346,,,,,,,,,,,,,257,red,2504,2413,4917
89,,9360320,1,20261001,1914,767,0,0,0,0,0,2047,645,0,0,0,0,0,1,32.66071403050147,131.702707,,,,,,,,,,,,,257,red,2681,2692,5373
89,,9360330,1,20261001,1700,822,0,0,0,0,0,1838,750,0,0,0,0,0,3,32.67533903052341,131.725922,,,,,,,,,,,,,257,red,2522,2588,5110
89,,9360340,1,20261001,3765,1130,0,0,0,0,0,4482,1064,0,0,0,0,0,3,32.544601030326895,131.648426,,,,,,,,,,,,,257,red,4895,5546,10441
89,,9360350,1,20261001,3782,611,0,0,0,0,0,3242,551,0,0,0,0,0,1,31.69283102902137,131.379337,,,,,,,,,,,,,257,red,4393,3793,8186
89,,9360360,1,20261001,3788,650,0,0,0,0,0,3213,564,0,0,0,0,0,1,31.626655028918243,131.387644,,,,,,,,,,,,,257,red,4438,3777,8215
89,,9360380,1,20261001,1703,407,0,0,0,0,0,1620,349,0,0,0,0,0,1,31.48338302869418,131.081995,,,,,,,,,,,,,257,red,2110,1969,4079
89,,9360385,1,20261001,2043,576,0,0,0,0,0,2339,535,0,0,0,0,0,1,31.46605602866702,131.053459,,,,,,,,,,,,,257,red,2619,2874,5493
89,,9360390,1,20261001,2030,512,0,0,0,0,0,2435,518,0,0,0,0,0,1,31.445310028634466,130.99415,,,,,,,,,,,,,257,red,2542,2953,5495
89,,9360400,1,20261001,3271,948,0,0,0,0,0,3234,931,0,0,0,0,0,1,31.466282028667365,130.90009,,,,,,,,,,,,,257,red,4219,4165,8384
89,,9360410,1,20261001,2610,851,0,0,0,0,0,2728,914,0,0,0,0,0,1,31.521020028753135,130.93081,,,,,,,,,,,,,257,red,3461,3642,7103
89,,9360420,1,20261001,2204,681,0,0,0,0,48,2511,782,0,0,0,0,48,1,31.615248748900434,130.9538662,,,,,,,,,,,,,257,red,2885,3293,6178
89,,9360430,1,20261001,2858,422,0,0,0,0,0,2395,443,0,0,0,0,0,1,32.749633030634584,130.866625,,,,,,,,,,,,,257,red,3280,2838,6118
89,,9360440,1,20261001,3118,454,0,0,0,0,0,2627,439,0,0,0,0,0,1,32.741409030622286,130.89194,,,,,,,,,,,,,257,red,3572,3066,6638
89,,9360443,1,20261001,2839,355,0,0,0,0,0,2366,313,0,0,0,0,0,1,32.73097603060669,130.938429,,,,,,,,,,,,,257,red,3194,2679,5873
89,,9360465,1,20261001,2377,512,0,0,0,0,0,2689,518,0,0,0,0,0,3,32.69277003054952,131.345815,,,,,,,,,,,,,257,red,2889,3207,6096
89,,9360467,1,20261001,2494,538,0,0,0,0,0,2754,593,0,0,0,0,0,3,32.67691003052576,131.36226,,,,,,,,,,,,,257,red,3032,3347,6379
89,,9360470,1,20261001,2555,460,0,0,0,0,0,2902,516,0,0,0,0,0,3,32.587591030391636,131.509484,,,,,,,,,,,,,257,red,3015,3418,6433
90,,10110010,1,20261001,7762,933,0,0,0,0,0,8137,858,0,0,0,0,0,3,26.525846020561954,127.924665,,,,,,,,,,,,,257,red,8695,8995,17690
90,,10110030,1,20261001,24564,1263,0,0,0,0,0,24840,1556,0,0,0,0,0,3,26.27496950463181,127.741287946701,,,,,,,,,,,,,257,red,25827,26396,52223
90,,10110040,1,20261001,4990,303,0,0,0,0,0,5168,315,0,0,0,0,0,3,26.47501802047749,127.955092,,,,,,,,,,,,,257,red,5293,5483,10776
90,,10110060,1,20261001,12918,1953,0,1,0,0,1,11712,1524,0,1,0,0,1,3,26.28023651673024,127.81364321708601,,,,,,,,,,,,,257,red,14871,13236,28107
90,,10110070,1,20261001,12313,1163,0,0,0,0,0,12950,1028,0,0,0,0,0,3,26.200277295979053,127.66189455985999,,,,,,,,,,,,,257,red,13476,13978,27454
90,,10110090,1,20261001,15970,1716,0,0,0,0,0,17462,1548,0,0,0,0,0,3,26.1754430532393,127.706499695777,,,,,,,,,,,,,257,red,17686,19010,36696
81,02,1810010,1,20261001,5543,1797,0,,,,,0,0,0,,,,,3,41.996809040234545,140.63609,,,0,0,0,0,0,0,0,0,0,0,253,blue,7340,0,7340
81,02,1810020,1,20261001,3598,1143,0,,,,,3648,1065,0,,,,,3,42.079752040271956,140.596961,,,0,0,0,0,0,0,0,0,0,0,253,blue,4741,4713,9454
81,02,1810030,1,20261001,,,,,,,,,,,,,,,3,42.18194404031664,140.438889,,,1,0,0,0,0,0,0,0,0,0,253,blue,0,0,0
81,02,1810040,1,20261001,2842,1189,0,,,,,2519,994,0,,,,,3,42.21583304033111,140.385,,,0,0,0,0,0,0,0,0,0,0,253,blue,4031,3513,7544
81,02,1810050,1,20261001,1580,635,0,,,,,1463,669,0,,,,,3,42.29972204036625,140.271667,,,0,0,0,0,0,1,1,0,0,2,253,blue,2215,2132,4347
81,03,1810060,1,20261001,578,103,0,,,,,564,174,0,,,,,3,42.70250004052043,140.42222,,,0,0,0,0,0,0,0,0,0,0,253,blue,681,738,1419
81,03,1810070,1,20261001,1481,171,0,,,,,1315,365,0,,,,,3,42.805277040555936,140.52666,,,0,0,0,0,0,0,0,0,0,0,253,blue,1652,1680,3332
81,03,1810080,1,20261001,755,302,0,,,,,509,136,0,,,,,3,42.79952604055398,140.700552,,,0,0,0,0,0,1,1,0,0,145,253,blue,1057,645,1702
81,03,1810100,1,20261001,2108,740,0,,,,,2841,824,0,,,,,3,43.037777040630445,140.678611,,,0,0,0,0,0,0,0,0,0,0,253,blue,2848,3665,6513
81,03,1810110,1,20261001,4637,431,0,,,,,5032,796,0,,,,,3,43.20720804067966,140.975798,,,0,0,0,0,0,0,0,0,0,2,253,blue,5068,5828,10896
81,03,1810120,1,20261001,9426,1024,0,,,,,11361,1035,0,,,,,3,43.177556040671355,141.041001,,,0,0,0,0,0,0,0,0,0,1,253,blue,10450,12396,22846
81,02,1810130,1,20261001,6815,780,0,,,,,5012,696,0,,,,,3,41.88166704018098,140.720833,,,0,0,0,0,0,0,0,0,0,0,253,blue,7595,5708,13303
81,02,1810140,1,20261001,3171,472,0,,,,,4489,699,0,,,,,3,41.922053040199984,140.673037,,,0,0,0,0,0,0,0,0,0,0,253,blue,3643,5188,8831
81,01,1810160,1,20261001,762,187,0,,,,,1889,306,0,,,,,3,43.575214040771755,141.936064,,,0,0,0,0,0,0,0,0,0,0,253,blue,949,2195,3144
81,04,1810180,1,20261001,3389,679,0,,,,,4927,2001,0,,,,,3,43.75523899023857,142.273832256632,,,0,0,0,0,0,0,0,0,0,0,253,blue,4068,6928,10996
81,01,1810200,1,20261001,,,,,,,,,,,,,,,3,42.92800104059627,141.532244,,,1,0,0,0,0,1,1,0,0,3,253,blue,0,0,0
81,01,1810210,1,20261001,6133,1684,0,,,,,3468,924,0,,,,,3,42.86212604057491,141.599922,,,0,0,0,0,0,0,0,0,0,4,253,blue,7817,4392,12209
81,05,1810220,1,20261001,,,,,,,,,,,,,,,3,42.736385040532305,141.709144,,,1,0,0,0,0,0,0,0,0,0,253,blue,0,0,0
81,05,1810240,1,20261001,4059,738,0,,,,,4383,639,0,,,,,3,42.44474904042452,141.159993,,,0,0,0,0,0,0,0,0,0,0,253,blue,4797,5022,9819
81,05,1810250,1,20261001,9135,428,0,,,,,7232,387,0,,,,,3,42.32896604037825,140.996368,,,0,0,0,0,0,0,0,0,0,0,253,blue,9563,7619,17182
81,02,1810260,1,20261001,918,388,0,,,,,934,349,0,,,,,3,42.59861104048294,140.461667,,,0,0,0,0,0,2,2,0,0,0,253,blue,1306,1283,2589
81,05,1810270,1,20261001,928,490,0,,,,,1003,502,0,,,,,3,42.59319704048096,140.520753,,,0,0,0,0,0,1,1,0,0,0,253,blue,1418,1505,2923
81,05,1810280,1,20261001,932,477,0,,,,,974,469,0,,,,,3,42.59372804048115,140.535945,,,0,0,0,0,0,0,0,0,0,0,253,blue,1409,1443,2852
81,05,1810290,1,20261001,317,6,0,,,,,1285,314,0,,,,,3,42.56267604046962,140.742626,,,0,0,0,0,0,0,0,0,0,0,253,blue,323,1599,1922
81,01,1810310,1,20261001,,,,,,,,,,,,,,,3,43.57408404077149,141.983838,,,1,,,,,,,,,,253,blue,0,0,0
81,01,1810320,1,20261001,,,,,,,,,,,,,,,3,43.47080004074768,142.266721,,,1,,,,,,,,,,253,blue,0,0,0
81,04,1810350,1,20261001,744,267,0,,,,,699,200,0,,,,,3,43.197272411385796,142.57548514343702,,,0,0,0,0,0,1,1,0,0,75,253,blue,1011,899,1910
81,07,1810360,1,20261001,,,,,,,,,,,,,,,3,43.15712704066555,142.786825,,,0,0,0,0,0,0,0,0,0,253,253,blue,0,0,0
81,07,1810370,1,20261001,1350,549,0,,,,,1143,478,0,,,,,3,42.814306040558975,143.51125,,,0,0,0,0,0,1,1,0,0,0,253,blue,1899,1621,3520
81,07,1810380,1,20261001,,,,,,,,,,,,,,,3,42.82083104056116,143.71063,,,1,0,0,0,0,0,0,0,0,0,253,blue,0,0,0
81,06,1810390,1,20261001,,,,,,,,,,,,,,,3,42.86448904057567,143.874907,,,1,0,0,0,0,0,0,0,0,0,253,blue,0,0,0
81,06,1810400,1,20261001,2559,531,0,,,,,2175,301,0,,,,,3,43.00508004062045,144.254672,,,0,0,0,0,0,0,0,0,0,0,253,blue,3090,2476,5566
81,06,1810410,1,20261001,,,,,,,,,,,,,,,3,43.0195510406249,144.257695,,,1,0,0,0,0,0,0,0,0,0,253,blue,0,0,0
81,06,1810420,1,20261001,7781,388,0,,,,,7305,346,0,,,,,3,43.00768404062126,144.364725,,,0,0,0,0,0,0,0,0,0,0,253,blue,8169,7651,15820
81,04,1810430,1,20261001,921,279,0,,,,,841,217,0,,,,,3,43.89533772001418,142.522262332469,,,0,0,0,0,0,0,0,0,0,0,253,blue,1200,1058,2258
81,08,1810460,1,20261001,1903,666,0,,,,,1637,637,0,,,,,3,43.88484504083343,144.001818,,,0,0,0,0,0,0,0,0,0,51,253,blue,2569,2274,4843
81,08,1810480,1,20261001,,,,,,,,,,,,,,,3,43.91366204083846,144.156572,,,1,0,0,0,0,0,0,0,0,29,253,blue,0,0,0
81,04,1810490,1,20261001,2151,639,0,,,,,2007,699,0,,,,,3,43.84734151228824,142.449476813803,,,0,0,0,0,0,1,1,0,0,8,253,blue,2790,2706,5496
81,04,1810500,1,20261001,1222,376,0,,,,,1128,315,0,,,,,3,44.091634905591874,142.391293207353,,,0,0,0,0,0,0,0,0,0,6,253,blue,1598,1443,3041
81,04,1810510,1,20261001,694,315,0,,,,,581,165,0,,,,,3,44.70483751674948,142.274019195489,,,0,0,0,0,0,0,0,0,0,12,253,blue,1009,746,1755
81,04,1810520,1,20261001,89,27,0,,,,,60,12,0,,,,,3,44.72277804092767,142.249444,,,0,0,0,0,0,0,0,0,0,63,253,blue,116,72,188
81,09,1810530,1,20261001,435,193,0,,,,,458,192,0,,,,,3,44.89642004093388,141.953541,,,0,0,0,0,0,0,0,0,0,3,253,blue,628,650,1278
81,10,1810540,1,20261001,0,0,0,,,,,60,59,0,,,,,3,45.02095404093553,141.771843,,,0,0,0,0,0,2,2,0,0,0,253,blue,0,119,119
81,10,1810550,1,20261001,384,87,0,,,,,441,61,0,,,,,3,45.1450290409348,141.751626,,,0,0,0,0,0,3,3,0,0,35,253,blue,471,502,973
81,10,1810560,1,20261001,,,,,,,,,,,,,,,3,45.22646604093306,141.745387,,,1,,,,,,,,,,253,blue,0,0,0
81,10,1810570,1,20261001,539,190,0,,,,,618,98,0,,,,,3,45.11301904093522,141.794418,,,0,0,0,0,0,0,0,0,0,0,253,blue,729,716,1445
81,06,1810580,1,20261001,6421,303,0,,,,,6469,246,0,,,,,3,42.9878210406151,144.393418,,,0,0,0,0,0,0,0,0,0,0,253,blue,6724,6715,13439
81,06,1810590,1,20261001,,,,,,,,,,,,,,,3,43.05774504063647,144.791279,,,1,0,0,0,0,0,0,0,0,0,253,blue,0,0,0
81,06,1810600,1,20261001,2710,629,0,,,,,2403,440,0,,,,,3,43.05804004063655,144.830749,,,0,0,0,0,0,0,0,0,0,0,253,blue,3339,2843,6182
81,06,1810610,1,20261001,,,,,,,,,,,,,,,3,43.282406040700124,145.50731400000004,,,1,0,0,0,0,1,1,0,0,1,253,blue,0,0,0
81,02,1810620,1,20261001,1177,288,0,,,,,1012,209,0,,,,,3,41.95083004021339,140.45583300000004,,,0,0,0,0,0,0,0,0,0,0,253,blue,1465,1221,2686
81,02,1810630,1,20261001,1349,146,0,,,,,1200,124,0,,,,,3,41.77072204012754,140.613139,,,0,0,0,0,0,0,0,0,0,0,253,blue,1495,1324,2819
81,02,1810640,1,20261001,,,,,,,,,,,,,,,3,41.666445040075686,140.434972,,,1,0,0,0,0,0,0,0,0,0,253,blue,0,0,0
81,02,1810650,1,20261001,2030,309,0,,,,,1891,191,0,,,,,3,41.624898040054596,140.429715,,,0,0,0,0,0,0,0,0,0,0,253,blue,2339,2082,4421
81,02,1810660,1,20261001,752,116,0,,,,,750,147,0,,,,,3,41.49941703998935,140.249306,,,0,0,0,0,0,0,0,0,0,0,253,blue,868,897,1765
81,02,1810670,1,20261001,,,,,,,,,,,,,,,3,41.40202103993715,140.185625,,,1,0,0,0,0,0,0,0,0,0,253,blue,0,0,0
81,02,1810680,1,20261001,824,194,0,,,,,931,126,0,,,,,3,41.43166703995318,140.128056,,,0,0,0,0,0,0,0,0,0,0,253,blue,1018,1057,2075
81,02,1810690,1,20261001,292,38,0,,,,,263,93,0,,,,,3,41.71166704009836,140.027778,,,0,0,0,0,0,0,0,0,0,0,253,blue,330,356,686
81,02,1810700,1,20261001,1651,319,0,,,,,1759,288,0,,,,,3,41.84777804016484,140.12472200000002,,,0,0,0,0,0,0,0,0,0,0,253,blue,1970,2047,4017
81,02,1810710,1,20261001,,,,,,,,,,,,,,,3,41.84277804016245,140.732222,,,1,0,0,0,0,0,0,0,0,0,253,blue,0,0,0
81,02,1810720,1,20261001,,,,,,,,,,,,,,,3,41.83613904015928,140.64875,,,1,0,0,0,0,1,1,0,0,0,253,blue,0,0,0
81,02,1810730,1,20261001,,,,,,,,,,,,,,,3,41.78055604013235,140.61055600000003,,,1,0,0,0,0,0,0,0,0,0,253,blue,0,0,0
81,03,1810750,1,20261001,1465,172,0,,,,,1519,81,0,,,,,3,43.2287050406856,140.73446400000003,,,0,0,0,0,0,0,0,0,0,0,253,blue,1637,1600,3237
81,03,1810760,1,20261001,833,80,0,,,,,829,101,0,,,,,3,43.280277040699566,140.6375,,,0,0,0,0,0,0,0,0,0,0,253,blue,913,930,1843
81,03,1810780,1,20261001,279,51,0,,,,,279,24,0,,,,,3,43.328914040712355,140.422613,,,0,0,0,0,0,0,0,0,0,1,253,blue,330,303,633
81,03,1810790,1,20261001,,,,,,,,,,,,,,,3,43.19878704067732,140.346959,,,1,0,0,0,0,0,0,0,0,0,253,blue,0,0,0
81,03,1810800,1,20261001,950,126,0,,,,,1112,199,0,,,,,3,43.04480504063257,140.505833,,,0,0,0,0,0,0,0,0,0,0,253,blue,1076,1311,2387
81,03,1810810,1,20261001,,,,,,,,,,,,,,,3,43.02277704062587,140.548333,,,1,,,,,,,,,,253,blue,0,0,0
81,03,1810820,1,20261001,2673,1047,0,,,,,3547,929,0,,,,,3,42.99750304061811,140.538303,,,0,0,0,0,0,0,0,0,0,0,253,blue,3720,4476,8196
81,03,1810830,1,20261001,1479,359,0,,,,,1312,251,0,,,,,3,42.981000040613,140.511333,,,0,0,0,0,0,0,0,0,0,0,253,blue,1838,1563,3401
81,03,1810840,1,20261001,535,287,0,,,,,0,0,0,,,,,3,42.93163404059743,140.409415,,,0,0,0,0,0,0,0,0,0,1,253,blue,822,0,822
81,03,1810850,1,20261001,655,334,0,,,,,557,339,0,,,,,3,42.83094404056455,140.308974,,,0,0,0,0,0,0,0,0,0,0,253,blue,989,896,1885
81,03,1810860,1,20261001,4,2,0,,,,,553,244,0,,,,,3,42.818297040560324,140.184051,,,0,0,0,0,0,0,0,0,0,0,253,blue,6,797,803
81,03,1810870,1,20261001,133,26,0,,,,,120,19,0,,,,,3,42.68444404051404,139.919444,,,0,0,0,0,0,0,0,0,0,1,253,blue,159,139,298
81,02,1810880,1,20261001,,,,,,,,,,,,,,,3,42.57583304047453,139.832222,,,1,0,0,0,0,1,1,0,0,0,253,blue,0,0,0
81,02,1810890,1,20261001,,,,,,,,,,,,,,,3,42.17250004031257,139.899444,,,1,0,0,0,0,2,2,0,0,0,253,blue,0,0,0
81,02,1810900,1,20261001,,,,,,,,,,,,,,,3,42.21750004033183,139.868333,,,1,0,0,0,0,2,2,0,0,0,253,blue,0,0,0
81,02,1810910,1,20261001,463,113,0,,,,,513,95,0,,,,,3,42.11918804028937,140.016837,,,0,0,0,0,0,0,0,0,0,0,253,blue,576,608,1184
81,02,1810920,1,20261001,,,,,,,,,,,,,,,3,41.97324904022374,140.139624,,,1,0,0,0,0,1,1,0,0,0,253,blue,0,0,0
81,01,1810940,1,20261001,,,,,,,,,,,,,,,3,43.001256040619275,141.339621,,,1,0,0,0,0,0,0,0,0,1,253,blue,0,0,0
81,01,1810950,1,20261001,,,,,,,,,,,,,,,3,42.999192040618645,141.337588,,,1,0,0,0,0,0,0,0,0,0,253,blue,0,0,0
81,01,1810960,1,20261001,2466,386,0,,,,,1932,286,0,,,,,3,42.9536270406044,141.151206,,,0,0,0,0,0,1,1,0,0,25,253,blue,2852,2218,5070
81,01,1810970,1,20261001,,,,,,,,,,,,,,,3,42.883263040581824,141.139985,,,1,,,,,,,,,,253,blue,0,0,0
81,03,1810980,1,20261001,216,20,0,,,,,594,84,0,,,,,3,42.69444404051758,140.839722,,,0,0,0,0,0,0,0,0,0,101,253,blue,236,678,914
81,01,1811010,1,20261001,,,,,,,,,,,,,,,3,43.161847040666906,141.353771,,,1,0,0,0,0,0,0,0,0,126,253,blue,0,0,0
81,01,1811020,1,20261001,,,,,,,,,,,,,,,3,43.183375040672985,141.323859,,,1,0,0,0,0,0,0,0,0,0,253,blue,0,0,0
81,01,1811030,1,20261001,,,,,,,,,,,,,,,3,43.22320404068409,141.345058,,,1,0,0,0,0,0,0,0,0,0,253,blue,0,0,0
81,01,1811040,1,20261001,844,194,0,,,,,717,163,0,,,,,3,43.39904804073019,141.436259,,,0,0,0,0,0,0,0,0,0,13,253,blue,1038,880,1918
81,09,1811050,1,20261001,,,,,,,,,,,,,,,3,43.75429004080918,141.350733,,,1,0,0,0,0,0,0,0,0,1,253,blue,0,0,0
81,09,1811060,1,20261001,,,,,,,,,,,,,,,3,44.96648604093511,141.761931,,,1,0,0,0,0,0,0,0,0,2,253,blue,0,0,0
81,09,1811080,1,20261001,,,,,,,,,,,,,,,3,44.80492204093118,141.785854,,,1,0,0,0,0,0,0,0,0,0,253,blue,0,0,0
81,09,1811090,1,20261001,,,,,,,,,,,,,,,3,44.64226604092325,141.79398,,,1,0,0,0,0,0,0,0,0,0,253,blue,0,0,0
81,09,1811110,1,20261001,,,,,,,,,,,,,,,3,44.37405804090138,141.71125400000003,,,1,0,0,0,0,0,0,0,0,23,253,blue,0,0,0
81,09,1811120,1,20261001,520,105,0,,,,,1149,306,0,,,,,3,44.255796040888285,141.656338,,,0,0,0,0,0,0,0,3,0,5,253,blue,625,1455,2080
81,09,1811130,1,20261001,,,,,,,,,,,,,,,3,44.07063104086351,141.663029,,,1,0,0,0,0,1,1,0,0,11,253,blue,0,0,0
81,09,1811150,1,20261001,1445,445,0,,,,,1532,513,0,,,,,3,43.94678404084405,141.651833,,,0,0,0,0,0,0,0,0,0,8,253,blue,1890,2045,3935
81,09,1811160,1,20261001,,,,,,,,,,,,,,,3,43.832161040823955,141.829941,,,1,0,0,0,0,0,0,0,0,4,253,blue,0,0,0
81,09,1811170,1,20261001,,,,,,,,,,,,,,,3,43.849231040827085,141.814442,,,1,0,0,0,0,0,0,0,0,4,253,blue,0,0,0
81,09,1811180,1,20261001,212,75,0,,,,,289,110,0,,,,,3,43.874433040831605,141.738524,,,0,0,0,0,0,0,0,0,0,4,253,blue,287,399,686
81,09,1811190,1,20261001,,,,,,,,,,,,,,,3,43.91902504083936,141.685028,,,1,0,0,0,0,1,1,0,0,4,253,blue,0,0,0
81,09,1811200,1,20261001,1222,306,0,,,,,1063,349,0,,,,,3,43.887433040833905,141.711544,,,0,0,0,0,0,0,0,0,0,8,253,blue,1528,1412,2940
81,01,1811210,1,20261001,,,,,,,,,,,,,,,3,43.19164404067532,141.764248,,,1,,,,,,,,,,253,blue,0,0,0
81,01,1811220,1,20261001,,,,,,,,,,,,,,,3,42.898883040586895,141.813884,,,1,0,0,0,0,1,1,0,0,128,253,blue,0,0,0
81,05,1811230,1,20261001,1347,798,0,,,,,1237,963,0,,,,,3,42.885113040582425,141.812065,,,0,0,0,0,0,0,0,0,0,0,253,blue,2145,2200,4345
81,05,1811240,1,20261001,,,,,,,,,,,,,,,3,42.76319504054159,141.812586,,,1,0,0,0,0,0,0,0,0,2,253,blue,0,0,0
81,05,1811250,1,20261001,,,,,,,,,,,,,,,3,42.55317704046606,141.981715,,,1,0,0,0,0,0,0,0,0,107,253,blue,0,0,0
81,05,1811260,1,20261001,4500,500,0,,,,,3963,355,0,,,,,3,42.16916704031112,142.768611,,,0,0,0,0,0,0,0,0,0,2,253,blue,5000,4318,9318
81,05,1811270,1,20261001,1602,392,0,,,,,1413,305,0,,,,,3,42.50615204044825,142.070834,,,1,0,0,0,0,0,0,0,0,2,253,blue,1994,1718,3712
81,07,1811280,1,20261001,764,163,0,,,,,162,55,0,,,,,3,42.58422604047764,143.30053,,,0,0,0,0,0,0,0,0,0,0,253,blue,927,217,1144
81,07,1811290,1,20261001,100,45,0,,,,,80,48,0,,,,,3,42.3768230403976,143.061454,,,0,0,0,0,0,73,73,0,0,11,253,blue,145,128,273
81,04,1811320,1,20261001,3560,821,0,,,,,2965,734,0,,,,,3,43.60527804077837,142.469167,,,0,0,0,0,0,0,0,0,0,3,253,blue,4381,3699,8080
81,04,1811330,1,20261001,2634,726,0,,,,,2445,582,0,,,,,3,43.560996966472565,142.4353437615,,,0,0,0,0,0,0,0,0,0,2,253,blue,3360,3027,6387
81,08,1811370,1,20261001,187,55,0,,,,,151,36,0,,,,,3,44.09975304086775,143.867897,,,0,0,0,0,0,0,0,0,0,168,253,blue,242,187,429
81,08,1811380,1,20261001,698,224,0,,,,,540,169,0,,,,,3,44.12070404087072,143.72058,,,0,0,0,0,0,0,0,0,0,100,253,blue,922,709,1631
81,08,1811390,1,20261001,2690,540,0,,,,,2557,463,0,,,,,3,44.364948040900465,143.334896,,,0,0,0,0,0,0,0,0,0,0,253,blue,3230,3020,6250
81,10,1811400,1,20261001,,,,,,,,,,,,,,,3,44.77764204093013,142.721902,,,1,0,0,0,0,0,0,0,0,6,253,blue,0,0,0
81,10,1811410,1,20261001,86,14,0,,,,,151,9,0,,,,,3,45.361691040927944,142.122166,,,0,0,0,0,0,2,2,0,0,0,253,blue,100,160,260
81,10,1811420,1,20261001,0,0,0,,,,,118,5,0,,,,,3,45.43710504092389,141.862347,,,0,0,0,0,0,2,2,0,0,137,253,blue,0,123,123
81,08,1811430,1,20261001,290,91,0,,,,,252,104,0,,,,,3,44.40500204090447,143.017708,,,0,0,0,0,0,0,0,0,0,0,253,blue,381,356,737
81,04,1811440,1,20261001,183,62,0,,,,,185,70,0,,,,,3,44.31599186248862,142.78318613417,,,0,0,0,0,0,0,0,0,0,39,253,blue,245,255,500
81,04,1811450,1,20261001,390,73,0,,,,,240,77,0,,,,,3,44.18218514890566,142.3067879962,,,0,0,0,0,0,1,1,0,0,8,253,blue,463,317,780
81,09,1811460,1,20261001,,,,,,,,,,,,,,,3,44.20144804088155,142.034387,,,1,0,0,0,0,0,0,0,0,6,253,blue,0,0,0
81,06,1811490,1,20261001,,,,,,,,,,,,,,,3,43.28312104070033,144.106479,,,1,0,0,0,0,0,0,0,0,0,253,blue,0,0,0
81,06,1811500,1,20261001,260,272,0,,,,,275,217,0,,,,,3,43.45847504074473,144.008366,,,0,0,0,0,0,0,0,0,0,0,253,blue,532,492,1024
81,08,1811520,1,20261001,1758,233,0,,,,,1847,327,0,,,,,3,44.16231304087643,143.57881,,,0,0,0,0,0,0,0,0,0,0,253,blue,1991,2174,4165
81,08,1811530,1,20261001,2040,390,0,,,,,2092,378,0,,,,,3,44.13401504087257,143.561357,,,0,0,0,0,0,0,0,0,0,0,253,blue,2430,2470,4900
81,08,1811540,1,20261001,,,,,,,,,,,,,,,3,43.81153304082013,143.553741,,,1,0,0,0,0,0,0,0,0,40,253,blue,0,0,0
81,07,1811550,1,20261001,56,26,0,,,,,60,41,0,,,,,3,43.614803040780444,143.623559,,,0,0,0,0,0,0,0,0,0,0,253,blue,82,101,183
81,07,1811560,1,20261001,1150,323,0,,,,,1327,372,0,,,,,3,42.950446040603396,143.426823,,,0,0,0,0,0,0,0,0,0,0,253,blue,1473,1699,3172
81,07,1811570,1,20261001,309,28,0,,,,,3752,511,0,,,,,3,42.91920004059345,143.382799,,,0,0,0,0,0,0,0,0,0,0,253,blue,337,4263,4600
81,06,1811580,1,20261001,1,2,0,,,,,334,120,0,,,,,3,43.65168204078832,144.260814,,,0,0,0,0,0,0,0,0,0,0,253,blue,3,454,457
81,06,1811590,1,20261001,572,141,0,,,,,505,132,0,,,,,3,43.48222204075039,144.542778,,,0,0,0,0,0,0,0,0,0,0,253,blue,713,637,1350
81,06,1811600,1,20261001,396,108,0,,,,,422,109,0,,,,,3,43.415912040734376,144.740463,,,0,0,0,0,0,0,0,0,0,0,253,blue,504,531,1035
81,08,1811610,1,20261001,2128,313,0,,,,,2031,236,0,,,,,3,43.96614504084723,144.326697,,,0,0,0,0,0,0,0,0,0,0,253,blue,2441,2267,4708
81,08,1811620,1,20261001,917,162,0,,,,,1057,173,0,,,,,3,43.91012304083783,144.542023,,,0,0,0,0,0,0,0,0,0,0,253,blue,1079,1230,2309
81,08,1811630,1,20261001,,,,,,,,,,,,,,,3,43.888827040834144,144.736391,,,1,0,0,0,0,0,0,0,0,56,253,blue,0,0,0
81,06,1811640,1,20261001,191,71,0,,,,,204,65,0,,,,,3,43.73179504080475,144.960789,,,0,0,0,0,0,0,0,0,0,0,253,blue,262,269,531
81,06,1811650,1,20261001,174,27,0,,,,,190,41,0,,,,,3,43.69435704079721,145.112266,,,0,0,0,0,0,0,0,0,0,1,253,blue,201,231,432
81,06,1811660,1,20261001,,,,,,,,,,,,,,,3,43.37687304072465,145.283748,,,1,0,0,0,0,0,0,0,0,0,253,blue,0,0,0
81,06,1811670,1,20261001,934,429,0,,,,,885,362,0,,,,,3,43.225599040684756,144.69552000000002,,,0,0,0,0,0,0,0,0,0,0,253,blue,1363,1247,2610
81,06,1811680,1,20261001,770,314,0,,,,,773,272,0,,,,,3,43.384169040726476,144.866826,,,0,0,0,0,0,0,0,0,0,0,253,blue,1084,1045,2129
81,06,1811690,1,20261001,,,,,,,,,,,,,,,3,43.60985404077937,145.077277,,,1,0,0,0,0,0,0,0,0,0,253,blue,0,0,0
81,07,1811700,1,20261001,380,142,0,,,,,348,107,0,,,,,3,43.353586040718724,143.261308,,,0,0,0,0,0,0,0,0,0,9,253,blue,522,455,977
81,07,1811710,1,20261001,242,98,0,,,,,220,70,0,,,,,3,43.571286040770886,143.120781,,,0,0,0,0,0,0,0,0,0,10,253,blue,340,290,630
81,04,1811730,1,20261001,225,111,0,,,,,217,56,0,,,,,3,43.909246029716684,142.97348513542,,,0,0,0,0,0,0,0,0,0,2,253,blue,336,273,609
81,04,1811740,1,20261001,192,102,0,,,,,189,63,0,,,,,3,43.9388162846136,142.945802727953,,,0,0,0,0,0,0,0,0,0,47,253,blue,294,252,546
81,01,1811750,1,20261001,2063,1206,0,,,,,1789,1053,0,,,,,3,42.98946404061562,141.609539,,,0,0,0,0,0,1,1,0,0,14,253,blue,3269,2842,6111
81,01,1811760,1,20261001,1007,499,0,,,,,938,474,0,,,,,3,42.94269504060095,141.76061,,,0,0,0,0,0,1,1,0,0,6,253,blue,1506,1412,2918
81,01,1811770,1,20261001,807,470,0,,,,,732,495,0,,,,,3,42.950353040603375,141.802672,,,0,0,0,0,0,0,0,0,0,0,253,blue,1277,1227,2504
81,01,1811780,1,20261001,,,,,,,,,,,,,,,3,42.91325204059154,141.966963,,,1,0,0,0,0,1,1,0,0,4,253,blue,0,0,0
81,01,1811790,1,20261001,,,,,,,,,,,,,,,3,42.92852504059643,142.063994,,,1,0,0,0,0,0,0,0,0,2,253,blue,0,0,0
81,05,1811800,1,20261001,424,539,0,,,,,618,1092,0,,,,,3,42.9641030406077,142.63981100000004,,,0,0,0,0,0,0,0,0,0,0,253,blue,963,1710,2673
81,01,1811810,1,20261001,2933,969,0,,,,,2367,794,0,,,,,3,43.18243804067272,141.523454,,,0,0,0,0,0,0,0,0,0,36,253,blue,3902,3161,7063
81,01,1811830,1,20261001,1162,411,0,,,,,1194,293,0,,,,,3,43.54600104076516,141.884426,,,0,0,0,0,0,0,0,0,0,3,253,blue,1573,1487,3060
81,01,1811840,1,20261001,705,230,0,,,,,640,184,0,,,,,3,43.71586004080156,141.885874,,,0,0,0,0,0,1,1,0,0,13,253,blue,935,824,1759
81,01,1811850,1,20261001,261,80,0,,,,,269,69,0,,,,,3,43.76892104081203,141.884179,,,0,0,0,0,0,1,1,0,0,18,253,blue,341,338,679
81,01,1811860,1,20261001,379,86,0,,,,,387,72,0,,,,,3,43.80589304081908,141.905599,,,0,0,0,0,0,0,0,0,0,3,253,blue,465,459,924
81,01,1811870,1,20261001,214,81,0,,,,,172,77,0,,,,,3,43.917356040839074,142.125632,,,0,0,0,0,0,0,0,0,0,23,253,blue,295,249,544
81,04,1811880,1,20261001,203,92,0,,,,,174,36,0,,,,,3,44.74113379582216,142.253439072174,,,0,0,0,0,0,0,0,0,0,77,253,blue,295,210,505
81,10,1811890,1,20261001,268,109,0,,,,,254,57,0,,,,,3,44.820303040931734,142.284138,,,0,0,0,0,0,0,0,0,0,0,253,blue,377,311,688
81,10,1811900,1,20261001,227,59,0,,,,,267,55,0,,,,,3,45.044884040935564,142.315271,,,0,0,0,0,0,4,4,0,0,68,253,blue,286,322,608
81,10,1811910,1,20261001,281,93,0,,,,,309,79,0,,,,,3,45.10820204093526,142.363773,,,0,0,0,0,0,3,3,0,0,118,253,blue,374,388,762
81,03,1811920,1,20261001,,,,,,,,,,,,,,,3,42.98635304061466,140.606197,,,1,0,0,0,0,0,0,0,0,4,253,blue,0,0,0
81,03,1811930,1,20261001,539,188,0,,,,,599,230,0,,,,,3,42.88083304058103,140.878055,,,0,0,0,0,0,0,0,0,0,106,253,blue,727,829,1556
81,03,1811940,1,20261001,479,300,0,,,,,451,347,0,,,,,3,42.80440904055563,140.891961,,,0,0,0,0,0,0,0,0,0,38,253,blue,779,798,1577
81,03,1811950,1,20261001,292,194,0,,,,,244,161,0,,,,,3,42.75773904053971,141.013347,,,0,0,0,0,0,0,0,0,0,59,253,blue,486,405,891
81,01,1811980,1,20261001,,,,,,,,,,,,,,,3,42.71955604052643,141.252074,,,1,0,0,0,0,1,1,0,0,6,253,blue,0,0,0
81,01,1811990,1,20261001,668,339,0,,,,,643,347,0,,,,,3,42.74221004053433,141.402953,,,0,0,0,0,0,1,1,0,0,2,253,blue,1007,990,1997
81,02,1812000,1,20261001,186,15,0,,,,,165,30,0,,,,,3,42.1695560403113,140.052167,,,0,0,0,0,0,0,0,0,0,0,253,blue,201,195,396
81,02,1812010,1,20261001,1954,226,0,,,,,2028,281,0,,,,,3,41.76194404012323,140.856944,,,0,0,0,0,0,0,0,0,0,0,253,blue,2180,2309,4489
81,02,1812020,1,20261001,1064,126,0,,,,,1119,136,0,,,,,3,41.714722040099886,140.9975,,,0,0,0,0,0,0,0,0,0,0,253,blue,1190,1255,2445
81,02,1812030,1,20261001,,,,,,,,,,,,,,,3,41.87888904017965,141.092222,,,1,0,0,0,0,0,0,0,0,0,253,blue,0,0,0
81,02,1812040,1,20261001,502,200,0,,,,,557,88,0,,,,,3,41.9566670402161,140.928611,,,0,0,0,0,0,0,0,0,0,0,253,blue,702,645,1347
81,02,1812050,1,20261001,,,,,,,,,,,,,,,3,42.013056040241956,140.853611,,,1,0,0,0,0,0,0,0,0,0,253,blue,0,0,0
81,02,1812060,1,20261001,373,80,0,,,,,481,50,0,,,,,3,42.042500040255284,140.813056,,,0,0,0,0,0,0,0,0,0,0,253,blue,453,531,984
81,02,1812070,1,20261001,579,154,0,,,,,519,197,0,,,,,3,42.12805604029326,140.711389,,,0,0,0,0,0,0,0,0,0,0,253,blue,733,716,1449
81,02,1812080,1,20261001,1620,195,0,,,,,1672,211,0,,,,,3,42.118611040289125,140.632778,,,0,0,0,0,0,0,0,0,0,0,253,blue,1815,1883,3698
81,06,1812090,1,20261001,7,8,0,,,,,989,187,0,,,,,3,43.89994004083609,145.099582,,,0,0,0,0,0,0,0,0,0,4,253,blue,15,1176,1191
81,05,1812130,1,20261001,231,60,0,,,,,203,68,0,,,,,3,42.02778604024864,143.231184,,,0,0,0,0,0,0,0,0,0,3,253,blue,291,271,562
81,07,1812150,1,20261001,222,28,0,,,,,223,41,0,,,,,3,42.16205004030805,143.324722,,,0,0,0,0,0,0,0,0,0,0,253,blue,250,264,514
81,07,1812160,1,20261001,543,96,0,,,,,693,220,0,,,,,3,42.28181504035883,143.31818,,,0,0,0,0,0,0,0,0,0,0,253,blue,639,913,1552
81,07,1812170,1,20261001,1051,220,0,,,,,985,205,0,,,,,3,42.31167504037117,143.321422,,,0,0,0,0,0,65,65,0,0,7,253,blue,1271,1190,2461
81,07,1812180,1,20261001,110,83,0,,,,,102,101,0,,,,,3,42.68446104051403,143.603341,,,0,0,0,0,0,0,0,0,0,0,253,blue,193,203,396
81,07,1812190,1,20261001,167,215,0,,,,,149,179,0,,,,,3,42.69525004051786,143.616062,,,0,0,0,0,0,0,0,0,0,0,253,blue,382,328,710
81,07,1812200,1,20261001,120,182,0,,,,,147,202,0,,,,,3,42.74125304053399,143.631419,,,0,0,0,0,0,0,0,0,0,0,253,blue,302,349,651
81,01,1812210,1,20261001,200,83,0,,,,,143,50,0,,,,,3,42.85600604057288,141.704289,,,0,0,0,0,0,1,1,0,0,126,253,blue,283,193,476
81,01,1812220,1,20261001,,,,,,,,,,,,,,,3,42.969962040609545,141.672998,,,1,0,0,0,0,1,1,0,0,3,253,blue,0,0,0
81,01,1812230,1,20261001,,,,,,,,,,,,,,,3,43.02096904062534,141.663755,,,1,0,0,0,0,1,1,0,0,2,253,blue,0,0,0
81,03,1812240,1,20261001,4985,2057,0,,,,,4138,1653,0,,,,,3,43.14450004066195,141.187805,,,0,0,0,0,0,0,0,0,0,0,253,blue,7042,5791,12833
81,06,1812250,1,20261001,248,113,0,,,,,281,117,0,,,,,3,43.68733204079576,144.466438,,,0,0,0,0,0,0,0,0,0,2,253,blue,361,398,759
81,03,1812260,1,20261001,,,,,,,,,,,,,,,3,42.99111104061613,140.875833,,,1,0,0,0,0,0,0,0,0,0,253,blue,0,0,0
81,04,1812290,1,20261001,1929,596,0,,,,,1682,516,0,,,,,3,43.85258742603739,142.702731203374,,,0,0,0,0,0,2,2,0,0,6,253,blue,2525,2198,4723
81,01,1812300,1,20261001,0,0,0,,,,,264,18,0,,,,,3,43.578650040772516,141.414894,,,0,0,0,0,0,0,0,0,0,0,253,blue,0,282,282
81,01,1812310,1,20261001,50,0,0,,,,,51,1,0,,,,,3,43.548241040765674,141.621516,,,0,0,0,0,0,0,0,0,0,7,253,blue,50,52,102
81,01,1812320,1,20261001,54,1,0,,,,,55,2,0,,,,,3,43.542762040764444,141.638006,,,0,0,0,0,0,0,0,0,0,0,253,blue,55,57,112
81,01,1812330,1,20261001,808,40,0,,,,,793,31,0,,,,,3,43.55901004076813,141.903362,,,1,0,0,0,0,1,1,0,0,128,253,blue,848,824,1672
81,01,1812340,1,20261001,367,47,0,,,,,320,25,0,,,,,3,42.995832040617586,142.00991,,,0,0,0,0,0,1,1,0,0,0,253,blue,414,345,759
81,01,1812350,1,20261001,5860,329,0,,,,,6419,452,0,,,,,3,42.979904040612645,141.346302,,,0,0,0,0,0,1,1,0,0,7,253,blue,6189,6871,13060
81,01,1812370,1,20261001,627,52,0,,,,,495,72,0,,,,,3,42.83639604056636,141.300884,,,0,0,0,0,0,0,0,0,0,5,253,blue,679,567,1246
81,01,1812380,1,20261001,588,39,0,,,,,555,56,0,,,,,3,42.80255304055502,141.327921,,,0,0,0,0,0,0,0,0,0,5,253,blue,627,611,1238
82,,2810010,1,20261001,3333,1360,0,,,,,3364,1497,0,,,,,3,37.18051903644227,140.286944,,,1,,,,0,,,,,,257,blue,4693,4861,9554
82,,2810030,1,20261001,1300,567,0,,,,,1407,556,0,,,,,3,37.862598037160126,140.528175,,,0,,,,0,,,,,,257,blue,1867,1963,3830
82,,2810180,1,20261001,950,439,0,,,,,520,328,0,,,,,3,38.89166803813703,141.115835,,,1,,,,0,,,,,,257,blue,1389,848,2237
82,,2810190,1,20261001,196,133,0,,,,,238,194,0,,,,,3,39.03166703825964,141.1175,,,1,,,,0,,,,,,257,blue,329,432,761
82,,2810200,1,20261001,261,35,0,,,,,712,225,0,,,,,3,39.0450020382712,141.129544,,,1,,,,0,,,,,,257,blue,296,937,1233
82,,2810220,1,20261001,8668,1504,0,,,,,8607,1451,0,,,,,3,39.29444503848296,141.105556,,,0,,,,0,,,,,,257,blue,10172,10058,20230
82,,2810230,1,20261001,0,0,0,,,,,0,0,0,,,,,3,39.344446038524424,141.106946,,,1,,,,0,,,,,,257,blue,0,0,0
82,,2810240,1,20261001,279,173,0,,,,,369,167,0,,,,,3,39.651946038772245,141.164724,,,1,,,,0,,,,,,257,blue,452,536,988
82,,2810250,1,20261001,141,49,0,,,,,160,99,0,,,,,3,39.888889038954595,141.19528,,,1,,,,0,,,,,,257,blue,190,259,449
82,,2810270,1,20261001,48,12,0,,,,,0,0,0,,,,,3,40.27277803923393,141.293058,,,1,,,,0,,,,,,257,blue,60,0,60
82,,2810280,1,20261001,2215,758,0,,,,,2274,897,0,,,,,3,40.41445803933193,141.298913,,,1,,,,0,,,,,,257,blue,2973,3171,6144
82,,2810290,1,20261001,3311,794,0,,,,,3212,668,0,,,,,3,40.718083039532594,141.156692,,,0,,,,0,,,,,,257,blue,4105,3880,7985
82,,2810300,1,20261001,1789,723,0,,,,,1856,657,0,,,,,3,40.907508039651255,141.061111,,,0,,,,0,,,,,,257,blue,2512,2513,5025
82,,2810310,1,20261001,3442,1131,0,,,,,3155,941,0,,,,,3,40.8547220396187,140.839178,,,0,,,,0,,,,,,257,blue,4573,4096,8669
82,,2810320,1,20261001,4884,1390,0,,,,,5322,1072,0,,,,,3,36.91389703614713,140.802218,,,1,,,,0,,,,,,257,blue,6274,6394,12668
82,,2810330,1,20261001,6615,1919,0,,,,,6050,1954,0,,,,,3,37.027520036273884,140.897874,,,0,,,,0,,,,,,257,blue,8534,8004,16538
82,,2810340,1,20261001,,,,,,,,,,,,,,,3,37.191077036453784,140.999315,,,1,,,,0,,,,,,257,blue,0,0,0
82,,2810350,1,20261001,,,,,,,,,,,,,,,3,37.83831703713551,140.937334,,,1,,,,0,,,,,,257,blue,0,0,0
82,,2810400,1,20261001,2020,317,0,,,,,1565,266,0,,,,,3,39.26847903846129,139.923131,,,0,,,,0,,,,,,257,blue,2337,1831,4168
82,,2810430,1,20261001,685,196,0,,,,,768,178,0,,,,,3,39.976642039020206,140.07770900000003,,,1,,,,0,,,,,,257,blue,881,946,1827
82,,2810450,1,20261001,,,,,,,,,,,,,,,3,40.278639039238044,140.449111,,,1,,,,0,,,,,,257,blue,0,0,0
82,,2810460,1,20261001,682,117,0,,,,,532,46,0,,,,,3,40.275306039235716,140.516861,,,1,,,,0,,,,,,257,blue,799,578,1377
82,,2810470,1,20261001,1877,611,0,,,,,1825,857,0,,,,,3,40.317917039265446,140.578139,,,0,,,,0,,,,,,257,blue,2488,2682,5170
82,,2810480,1,20261001,690,187,0,,,,,895,241,0,,,,,3,40.577502039441285,140.518889,,,1,,,,0,,,,,,257,blue,877,1136,2013
82,,2810490,1,20261001,3493,729,0,,,,,3318,622,0,,,,,3,40.711137039528154,140.580013,,,1,,,,0,,,,,,257,blue,4222,3940,8162
82,,2810580,1,20261001,3622,760,0,,,,,1198,534,0,,,,,3,39.260555038454655,140.543611,,,0,,,,0,,,,,,257,blue,4382,1732,6114
82,,2810590,1,20261001,3738,1230,0,,,,,4191,734,0,,,,,3,39.44138803860391,140.505,,,0,,,,0,,,,,,257,blue,4968,4925,9893
82,,2810600,1,20261001,2629,716,0,,,,,2635,577,0,,,,,3,39.51138803866052,140.380833,,,0,,,,0,,,,,,257,blue,3345,3212,6557
82,,2810610,1,20261001,2586,803,0,,,,,2576,897,0,,,,,3,39.63750003876089,140.300833,,,1,,,,0,,,,,,257,blue,3389,3473,6862
82,,2810620,1,20261001,7288,1354,0,,,,,6097,1454,0,,,,,3,39.67388903878944,140.152222,,,1,,,,0,,,,,,257,blue,8642,7551,16193
82,,2810630,1,20261001,12140,1784,0,,,,,10794,2033,0,,,,,3,39.69425003880535,140.122194,,,0,,,,0,,,,,,257,blue,13924,12827,26751
82,,2810960,1,20261001,235,22,0,,,,,14,0,0,,,,,3,40.26398203922775,141.40187,,,1,,,,0,,,,,,257,blue,257,14,271
82,,2810970,1,20261001,166,30,0,,,,,148,32,0,,,,,3,40.4453010393529,141.638612,,,1,,,,0,,,,,,257,blue,196,180,376
82,,2810980,1,20261001,0,0,0,,,,,66,41,0,,,,,3,40.30396403925574,141.3059,,,1,,,,0,,,,,,257,blue,0,107,107
82,,2810990,1,20261001,3219,824,0,,,,,2848,624,0,,,,,3,40.60361303945845,141.404748,,,0,,,,0,,,,,,257,blue,4043,3472,7515
82,,2811030,1,20261001,880,309,0,,,,,837,314,0,,,,,3,39.608922038738314,140.57135,,,0,,,,0,,,,,,257,blue,1189,1151,2340
82,,2811140,1,20261001,1311,219,0,,,,,1839,192,0,,,,,3,37.03129103627806,140.879088,,,1,,,,0,,,,,,257,blue,1530,2031,3561
82,,2811160,1,20261001,966,416,0,,,,,1057,517,0,,,,,3,37.1928290364557,140.62122,,,0,,,,0,,,,,,257,blue,1382,1574,2956
83,,3810010,1,20261001,,,,,,,,,,,,,,,3,35.23222203411103,139.112514,,,1,,,,,,,,,,257,blue,0,0,0
83,,3810040,1,20261001,12660,879,0,,,,,1794,146,0,,,,,3,35.26450803415279,139.182925,,,0,0,0,0,0,1,0,0,0,0,257,blue,13539,1940,15479
83,,3810050,1,20261001,21305,3264,0,,,,,,,,,,,,3,35.71158901450833,139.777491746321,,,0,0,0,0,0,0,0,0,0,0,257,blue,24569,0,24569
83,,3810060,1,20261001,14776,2896,0,,,,,12519,2314,0,,,,,3,35.725261072361086,139.78833095668,,,0,0,0,0,0,0,0,0,0,0,257,blue,17672,14833,32505
83,,3810061,1,20261001,14154,2845,0,,,,,12838,2758,0,,,,,3,35.72724220226666,139.789181219765,,,0,0,0,0,0,0,0,0,0,0,257,blue,16999,15596,32595
83,,3810070,1,20261001,13835,3317,0,,,,,7809,1231,0,,,,,3,35.735055772282294,139.795343463609,,,0,0,0,0,0,0,0,0,0,0,257,blue,17152,9040,26192
83,,3810080,1,20261001,0,0,0,,,,,16621,2532,0,,,,,3,35.73896290498206,139.797270681572,,,0,0,0,0,0,0,0,0,0,0,257,blue,0,19153,19153
83,,3810100,1,20261001,2525,154,0,,,,,4115,280,0,,,,,3,36.53972203571964,139.883611,,,0,0,0,0,0,0,0,0,0,0,257,blue,2679,4395,7074
83,,3810110,1,20261001,6664,1777,0,,,,,6743,1917,0,,,,,3,36.91694403615054,139.999722,,,0,0,0,0,0,0,0,0,0,0,257,blue,8441,8660,17101
83,,3810140,1,20261001,6499,4817,0,,,,,6000,4123,0,,,,,3,35.9900520350645,139.793529,,,0,0,0,0,0,0,0,0,0,0,257,blue,11316,10123,21439
83,,3810151,1,20261001,3341,5158,0,,,,,5394,5934,0,,,,,3,36.07984803517367,139.770041,,,0,0,0,0,0,0,0,0,0,0,257,blue,8499,11328,19827
83,,3810160,1,20261001,5367,4369,0,,,,,9047,7037,0,,,,,3,36.167500035279446,139.779444,,,0,0,0,0,0,0,0,0,0,0,257,blue,9736,16084,25820
83,,3810180,1,20261001,2577,2634,0,,,,,11392,6351,0,,,,,3,36.296506035433666,139.841547,,,0,0,0,0,0,0,0,0,0,0,257,blue,5211,17743,22954
83,,3810200,1,20261001,684,185,0,,,,,19817,6578,0,,,,,3,36.57174703575683,139.941692,,,0,0,0,0,0,0,0,0,0,0,257,blue,869,26395,27264
83,,3810210,1,20261001,18655,1160,0,,,,,5,0,0,,,,,3,35.694558518577544,139.78420024258003,,,0,0,0,0,0,0,0,0,0,0,257,blue,19815,5,19820
83,,3810220,1,20261001,14349,2699,0,,,,,8068,975,0,,,,,3,35.73416286894769,139.831977693081,,,0,0,0,0,0,0,0,0,0,0,257,blue,17048,9043,26091
83,,3810230,1,20261001,1985,117,0,,,,,4870,745,0,,,,,3,35.735319871891136,139.833592336398,,,0,0,0,0,0,1,4,0,0,0,257,blue,2102,5615,7717
83,,3810260,1,20261001,,,,,,,,,,,,,,,3,35.83796603487771,139.939917,,,1,,,,,,,,,,257,blue,0,0,0
83,,3810280,1,20261001,,,,,,,,,,,,,,,3,35.895306034948405,140.059167,,,1,0,0,0,0,1,0,0,0,0,257,blue,0,0,0
83,,3810290,1,20261001,5686,1927,0,,,,,6964,2297,0,,,,,3,36.06811403515946,140.179269,,,0,0,0,0,0,0,0,0,0,0,257,blue,7613,9261,16874
83,,3810300,1,20261001,8456,2689,0,,,,,8304,1853,0,,,,,3,36.078239035171734,140.177747,,,0,0,0,0,0,0,0,0,0,0,257,blue,11145,10157,21302
83,,3810320,1,20261001,1854,169,0,,,,,9150,3055,0,,,,,3,36.378875035531216,140.500661,,,0,0,0,0,0,0,0,0,0,0,257,blue,2023,12205,14228
83,,3810330,1,20261001,2177,970,0,,,,,12861,1527,0,,,,,3,36.655972035854084,140.701006,,,0,0,0,0,0,0,0,0,0,0,257,blue,3147,14388,17535
83,,3810340,1,20261001,4852,1442,0,,,,,4960,1174,0,,,,,3,36.794736036012644,140.752922,,,0,0,0,0,0,0,0,0,0,0,257,blue,6294,6134,12428
83,,3810350,1,20261001,10957,2750,0,,,,,1,0,0,,,,,3,35.92645303498668,140.111775,,,0,0,0,0,0,0,0,0,0,0,257,blue,13707,1,13708
83,,3810360,1,20261001,,,,,,,,,,,,,,,3,35.694040942069805,139.789910543304,,,1,0,0,0,0,0,0,0,0,0,257,blue,0,0,0
83,,3810370,1,20261001,,,,,,,,,,,,,,,3,35.702867388707524,139.866257828687,,,1,0,0,0,0,0,0,0,0,0,257,blue,0,0,0
83,,3810380,1,20261001,,,,,,,,,,,,,,,3,35.628891034617155,140.088076,,,1,,,,,,,,,,257,blue,0,0,0
83,,3810390,1,20261001,,,,,,,,,,,,,,,3,35.62349099143046,139.737976826575,,,1,,,,,,,,,,257,blue,0,0,0
83,,3810400,1,20261001,4238,230,0,,,,,5046,219,0,,,,,3,35.263900034152,139.698397,,,0,0,0,0,0,0,2,0,0,0,257,blue,4468,5265,9733
83,,3810410,1,20261001,6735,1364,0,,,,,6884,1495,0,,,,,3,35.62304903460981,139.340292,,,0,0,0,0,0,0,0,0,0,0,257,blue,8099,8379,16478
83,,3810420,1,20261001,8576,978,0,,,,,9498,1398,0,,,,,3,35.67571003467587,139.331954,,,0,0,0,0,0,0,0,0,0,0,257,blue,9554,10896,20450
83,,3810431,1,20261001,7565,4293,0,,,,,8095,4543,0,,,,,3,35.77594403480087,139.336731,,,0,0,0,0,0,0,0,0,0,0,257,blue,11858,12638,24496
83,,3810440,1,20261001,,,,,,,,,,,,,,,3,35.82933103486704,139.380426,,,1,0,0,0,0,0,0,0,0,0,257,blue,0,0,0
83,,3810460,1,20261001,14493,3834,0,,,,,13854,4323,0,,,,,3,35.91289603497003,139.534764,,,0,0,0,0,0,0,0,0,0,0,257,blue,18327,18177,36504
83,,3810470,1,20261001,,,,,,,,8606,3188,0,,,,,3,35.92749603498795,139.591065,,,0,0,0,0,0,0,2,0,0,0,257,blue,0,11794,11794
83,,3810490,1,20261001,,,,,,,,,,,,,,,3,35.992460035067445,139.820467,,,1,,,,,,,,,,257,blue,0,0,0
83,,3810500,1,20261001,4614,1083,0,,,,,6843,2241,0,,,,,3,35.79376864024429,139.685717006056,,,0,0,0,0,0,0,0,0,0,0,257,blue,5697,9084,14781
83,,3810510,1,20261001,4862,1385,0,,,,,4866,1490,0,,,,,3,35.8210620348568,139.680963,,,0,0,0,0,0,0,0,0,0,0,257,blue,6247,6356,12603
83,,3810520,1,20261001,15255,3893,0,,,,,14903,3688,0,,,,,3,35.97632603504774,139.594106,,,0,0,0,0,0,0,0,0,0,0,257,blue,19148,18591,37739
83,,3810540,1,20261001,7225,2086,0,,,,,7109,2040,0,,,,,3,36.230692035355204,139.2134,,,0,0,0,0,0,0,3,0,0,0,257,blue,9311,9149,18460
83,,3810560,1,20261001,14058,2117,0,,,,,13791,1645,0,,,,,3,36.31113903545105,139.02725,,,0,0,0,0,0,0,1,0,0,0,257,blue,16175,15436,31611
83,,3810600,1,20261001,1923,221,0,,,,,1891,376,0,,,,,3,36.68205603588405,138.968889,,,0,0,0,0,0,0,0,0,0,0,257,blue,2144,2267,4411
83,,3810610,1,20261001,16410,5251,0,,,,,,,,,,,,3,35.84803703489016,139.625615,,,0,0,0,0,0,0,3,0,0,0,257,blue,21661,0,21661
83,,3810620,1,20261001,,,,,,,,16257,4838,0,,,,,3,35.84444303488572,139.626759,,,0,0,0,0,0,0,3,0,0,0,257,blue,0,21095,21095
83,,3810670,1,20261001,11519,3687,0,,,,,12445,3905,0,,,,,3,36.35330303550101,139.215067,,,0,0,0,0,0,2,0,0,0,0,257,blue,15206,16350,31556
83,,3810710,1,20261001,4779,1050,0,,,,,5583,1201,0,,,,,3,36.33250003547639,138.5235,,,0,0,0,0,0,0,0,0,0,0,257,blue,5829,6784,12613
83,,3810720,1,20261001,6227,1356,0,,,,,7239,1231,0,,,,,3,36.49438903566681,138.150722,,,0,0,0,0,0,0,9,0,0,0,257,blue,7583,8470,16053
83,,3810740,1,20261001,10135,1202,0,,,,,8484,908,0,,,,,3,36.65492503585288,138.23375,,,0,0,0,0,0,0,0,0,0,0,257,blue,11337,9392,20729
83,,3810750,1,20261001,8755,1026,0,,,,,3057,454,0,,,,,3,36.695139035899054,138.26925,,,0,0,0,0,0,0,0,0,0,0,257,blue,9781,3511,13292
83,,3810760,1,20261001,5918,930,0,,,,,6046,932,0,,,,,3,36.717694035924886,138.298306,,,0,0,0,0,0,2,4,0,0,0,257,blue,6848,6978,13826
83,,3810770,1,20261001,2043,589,0,,,,,2170,363,0,,,,,3,36.75032203596213,138.212264,,,0,0,0,0,0,2,0,0,0,0,257,blue,2632,2533,5165
83,,3810780,1,20261001,2320,475,0,,,,,2193,449,0,,,,,3,36.792972036010646,138.219778,,,0,0,0,0,0,0,0,0,0,0,257,blue,2795,2642,5437
83,,3810790,1,20261001,5076,661,0,,,,,4575,832,0,,,,,3,36.406417035563685,138.204417,,,0,0,0,0,0,0,1,0,0,0,257,blue,5737,5407,11144
83,,3810800,1,20261001,375,46,0,,,,,387,31,0,,,,,3,36.82044403604179,138.192306,,,0,0,0,0,0,2,7,0,0,0,257,blue,421,418,839
83,,3810810,1,20261001,1692,296,0,,,,,1554,259,0,,,,,3,36.8368890360604,138.205542,,,0,0,0,0,0,3,0,0,0,0,257,blue,1988,1813,3801
83,,3810820,1,20261001,1664,194,0,,,,,2036,379,0,,,,,3,36.513833035689494,138.094389,,,0,0,0,0,0,0,2,0,0,0,257,blue,1858,2415,4273
83,,3810821,1,20261001,2328,332,0,,,,,2376,216,0,,,,,3,36.52786103570584,138.096722,,,0,0,0,0,0,0,1,0,0,0,257,blue,2660,2592,5252
83,,3810830,1,20261001,7518,878,0,,,,,4187,447,0,,,,,3,36.23586103536139,137.9565,,,0,0,0,0,0,0,6,0,0,0,257,blue,8396,4634,13030
83,,3810840,1,20261001,1932,595,0,,,,,2244,369,0,,,,,3,36.38313903553625,137.925722,,,0,0,0,0,0,0,2,0,0,0,257,blue,2527,2613,5140
83,,3810850,1,20261001,1072,388,0,,,,,1044,274,0,,,,,3,36.4623860356294,137.946275,,,0,0,0,0,0,0,2,0,0,0,257,blue,1460,1318,2778
83,,3810860,1,20261001,2540,545,0,,,,,2723,303,0,,,,,3,36.5884720357762,138.050889,,,0,0,0,0,0,1,8,0,0,0,257,blue,3085,3026,6111
83,,3810870,1,20261001,5937,765,0,,,,,6065,749,0,,,,,3,36.61469403580651,138.085167,,,0,0,0,0,0,2,1,0,0,0,257,blue,6702,6814,13516
83,,3810880,1,20261001,5265,1272,0,,,,,5932,977,0,,,,,3,36.615111035807,138.086528,,,0,0,0,0,0,1,2,0,0,0,257,blue,6537,6909,13446
83,,3810900,1,20261001,3130,200,0,,,,,3097,311,0,,,,,3,36.62808303582196,138.153194,,,0,0,0,0,0,2,6,0,0,0,257,blue,3330,3408,6738
83,,3810910,1,20261001,9094,615,0,,,,,10753,340,0,,,,,3,36.64626403584291,138.18197200000003,,,0,0,0,0,0,1,1,0,0,0,257,blue,9709,11093,20802
83,,3810920,1,20261001,5515,412,0,,,,,5864,297,0,,,,,3,36.648972035846036,138.193972,,,0,0,0,0,0,0,0,0,0,0,257,blue,5927,6161,12088
83,,3810930,1,20261001,3297,974,0,,,,,3615,694,0,,,,,3,36.616944035809105,138.133611,,,0,0,0,0,0,2,2,0,0,0,257,blue,4271,4309,8580
83,,3810950,1,20261001,0,0,0,,,,,0,0,0,,,,,3,35.67318837384892,139.663841176629,,,0,0,0,0,0,1,0,255,0,0,257,blue,0,0,0
83,,3810970,1,20261001,2055,222,0,,,,,1698,153,0,,,,,3,35.61726703460252,139.240054,,,0,0,0,0,0,0,0,0,0,0,257,blue,2277,1851,4128
83,,3810980,1,20261001,2380,468,0,,,,,2383,374,0,,,,,3,35.62000003460596,139.1275,,,0,0,0,0,0,0,0,0,0,0,257,blue,2848,2757,5605
83,,3811030,1,20261001,11493,1724,0,,,,,10301,1549,0,,,,,3,35.643889034635976,138.636389,,,0,0,0,0,0,1,14,0,0,0,257,blue,13217,11850,25067
83,,3811050,1,20261001,3219,822,0,,,,,3152,645,0,,,,,3,35.91541703497313,138.227361,,,0,0,0,0,0,0,7,0,0,0,257,blue,4041,3797,7838
83,,3811060,1,20261001,,,,,,,,,,,,,,,3,35.94028603500364,138.197875,,,1,0,0,0,0,0,8,0,0,0,257,blue,0,0,0
83,,3811070,1,20261001,5007,309,0,,,,,5005,514,0,,,,,3,36.029750035112876,138.1255,,,0,0,0,0,0,0,2,0,0,0,257,blue,5316,5519,10835
83,,3811080,1,20261001,8108,1730,0,,,,,6958,1199,0,,,,,3,36.077694035171085,138.037889,,,0,0,0,0,0,0,3,0,0,0,257,blue,9838,8157,17995
83,,3811090,1,20261001,6,0,0,,,,,5407,1779,0,,,,,3,36.12191703522454,137.959472,,,0,0,0,0,0,0,4,0,0,0,257,blue,6,7186,7192
83,,3811100,1,20261001,3066,664,0,,,,,3480,616,0,,,,,3,35.9769440350485,138.163333,,,0,0,0,0,0,0,22,0,0,0,257,blue,3730,4096,7826
83,,3811110,1,20261001,1272,752,0,,,,,1469,1076,0,,,,,3,36.08683303518214,138.06408300000004,,,0,0,0,0,0,0,2,0,0,0,257,blue,2024,2545,4569
83,,3811121,1,20261001,,,,,,,,2602,538,0,,,,,3,35.63168503462065,139.28402,,,0,0,0,0,0,0,0,0,0,0,257,blue,0,3140,3140
83,,3811130,1,20261001,3741,601,0,,,,,3751,532,0,,,,,3,35.99511103507067,138.139278,,,0,0,0,0,0,0,0,0,0,0,257,blue,4342,4283,8625
83,,3811220,1,20261001,,,,,,,,,,,,,,,3,35.959128035026716,140.602286,,,1,0,0,0,0,0,0,0,0,0,257,blue,0,0,0
83,,3811230,1,20261001,85,173,0,,,,,3261,714,0,,,,,3,35.95769703502496,140.602514,,,0,0,0,0,0,0,0,0,0,0,257,blue,258,3975,4233
83,,3811240,1,20261001,2001,711,0,,,,,2016,675,0,,,,,3,35.200928034070465,138.520986,,,0,0,0,0,0,0,0,0,0,0,257,blue,2712,2691,5403
83,,3811250,1,20261001,508,112,0,,,,,468,96,0,,,,,3,35.31250003421467,138.442011,,,0,0,0,0,0,0,0,0,0,0,257,blue,620,564,1184
83,,3811270,1,20261001,3772,992,0,,,,,4222,770,0,,,,,3,35.5316670344945,138.450278,,,0,0,0,0,0,0,0,0,0,0,257,blue,4764,4992,9756
83,,3811290,1,20261001,,,,,,,,,,,,,,,3,35.041444033862305,139.833306,,,1,,,,,,,,,,257,blue,0,0,0
83,,3811300,1,20261001,,,,,,,,,,,,,,,3,35.157361034013846,139.819,,,1,,,,,,,,,,257,blue,0,0,0
83,,3811330,1,20261001,6737,892,0,,,,,6968,604,0,,,,,3,35.53888903450364,138.885556,,,0,0,0,0,0,0,0,0,0,0,257,blue,7629,7572,15201
83,,3811340,1,20261001,6071,814,0,,,,,6336,651,0,,,,,3,35.60305603458465,138.940833,,,0,0,0,0,0,0,0,0,0,0,257,blue,6885,6987,13872
83,,3811350,1,20261001,13381,2651,0,,,,,15698,2759,0,,,,,3,35.61569396585425,139.627538019939,,,0,0,0,0,0,0,0,0,0,0,257,blue,16032,18457,34489
83,,3811360,1,20261001,12112,4246,0,,,,,13733,4794,0,,,,,3,35.48552503443597,139.460986,,,0,0,0,0,0,11,0,0,0,0,257,blue,16358,18527,34885
83,,3811370,1,20261001,4384,2069,0,,,,,3748,1948,0,,,,,3,35.35857503427389,139.075042,,,0,0,0,0,0,11,0,0,0,0,257,blue,6453,5696,12149
83,,3811390,1,20261001,18661,8210,0,,,,,,,,,,,,3,35.64686740024182,139.854860316246,,,0,0,0,0,0,0,24,0,0,8,257,blue,26871,0,26871
83,,3811401,1,20261001,5,0,0,,,,,,,,,,,,3,35.64792275306184,139.837391468126,,,0,0,0,0,0,0,0,0,0,0,257,blue,5,0,5
83,,3811410,1,20261001,11447,6369,0,,,,,,,,,,,,3,35.6321085640565,139.785108560174,,,0,0,0,0,0,0,0,0,0,0,257,blue,17816,0,17816
83,,3811411,1,20261001,,,,,,,,14154,8536,0,,,,,3,35.63193106766495,139.786372369256,,,0,0,0,0,0,0,0,0,0,0,257,blue,0,22690,22690
83,,3811420,1,20261001,,,,,,,,,,,,,,,3,35.57873713134419,139.756665501316,,,1,0,0,0,0,0,0,0,0,0,257,blue,0,0,0
83,,3811421,1,20261001,,,,,,,,7320,6533,0,,,,,3,35.573715682248654,139.759184371525,,,0,0,0,0,0,6,7,0,0,0,257,blue,0,13853,13853
83,,3811430,1,20261001,,,,,,,,,,,,,,,3,35.6138270345982,140.103045,,,1,,,,,,,,,,257,blue,0,0,0
83,,3811440,1,20261001,1553,329,0,,,,,4733,770,0,,,,,3,35.60712645223976,139.747366707275,,,0,0,0,0,0,0,0,0,0,0,257,blue,1882,5503,7385
84,,4810010,1,20261001,21187,4044,0,,,,,20096,3632,0,,,,,3,37.9300000372281,139.134722,,,0,0,0,0,0,0,0,0,1,0,257,blue,25231,23728,48959
84,,4810020,1,20261001,16871,3628,0,,,,,13045,2847,0,,,,,3,37.95278103725094,139.213611,,,0,0,0,0,0,0,0,0,1,0,257,blue,20499,15892,36391
84,,4810040,1,20261001,10628,1309,0,,,,,456,49,0,,,,,3,37.96305603726123,139.3275,,,0,0,0,0,0,0,0,0,1,1,257,blue,11937,505,12442
84,,4810060,1,20261001,2122,337,0,,,,,2410,393,0,,,,,3,38.2550360375481,139.501792,,,0,0,0,0,0,0,0,0,0,0,257,blue,2459,2803,5262
84,,4810070,1,20261001,,,,,,,,,,,,,,,3,38.28200003757407,139.521444,,,1,0,0,0,0,257,257,0,0,0,257,blue,0,0,0
84,,4810080,1,20261001,,,,,,,,,,,,,,,3,38.374925037662884,139.556342,,,1,0,0,0,0,0,0,0,0,0,257,blue,0,0,0
84,,4810090,1,20261001,8955,2336,0,,,,,7505,2272,0,,,,,3,37.5351670368223,138.881569,,,0,0,0,0,0,0,0,0,0,3,257,blue,11291,9777,21068
84,,4810100,1,20261001,9495,1881,0,,,,,11035,1943,0,,,,,3,37.473639036757405,138.880583,,,0,0,0,0,0,0,0,0,0,2,257,blue,11376,12978,24354
84,,4810110,1,20261001,2654,93,0,,,,,2092,127,0,,,,,3,37.459033036741936,138.856414,,,1,0,0,0,0,0,0,0,0,3,257,blue,2747,2219,4966
84,,4810120,1,20261001,11133,966,0,,,,,13056,1061,0,,,,,3,37.462169036745266,138.845592,,,0,0,0,0,0,0,0,0,0,2,257,blue,12099,14117,26216
84,,4810130,1,20261001,7898,803,0,,,,,8353,795,0,,,,,3,37.44445303672647,138.785889,,,0,0,0,0,0,0,0,0,0,8,257,blue,8701,9148,17849
84,,4810140,1,20261001,4650,711,0,,,,,4078,642,0,,,,,3,37.44069403672249,138.740364,,,0,0,0,0,0,0,0,0,0,2,257,blue,5361,4720,10081
84,,4810150,1,20261001,2570,557,0,,,,,2471,563,0,,,,,3,37.41229403669227,138.674192,,,0,0,0,0,0,0,0,0,0,4,257,blue,3127,3034,6161
84,,4810160,1,20261001,3887,1045,0,,,,,3374,1039,0,,,,,3,37.23896903650589,138.343486,,,0,0,0,0,0,0,0,0,0,0,257,blue,4932,4413,9345
84,,4810170,1,20261001,21,4,0,,,,,18,9,0,,,,,3,37.18690003644924,138.272953,,,1,0,0,0,0,0,0,0,0,0,257,blue,25,27,52
84,,4810180,1,20261001,8880,1496,0,,,,,9633,1150,0,,,,,3,37.17543303643671,138.266805,,,0,0,0,0,0,0,0,0,0,0,257,blue,10376,10783,21159
84,,4810190,1,20261001,9403,1314,0,,,,,10912,1232,0,,,,,3,37.1623530364224,138.247561,,,0,0,0,0,0,0,0,0,0,1,257,blue,10717,12144,22861
84,,4810200,1,20261001,3112,846,0,,,,,2839,730,0,,,,,3,37.105891036360454,137.990565,,,0,0,0,0,0,0,0,0,0,0,257,blue,3958,3569,7527
84,,4810210,1,20261001,3863,971,0,,,,,3414,694,0,,,,,3,37.08795603634071,137.96033,,,0,0,0,0,0,0,0,0,0,0,257,blue,4834,4108,8942
84,,4810220,1,20261001,3192,727,0,,,,,3111,471,0,,,,,3,37.057208036306754,137.905455,,,0,0,0,0,0,0,0,0,0,0,257,blue,3919,3582,7501
84,,4810230,1,20261001,2626,744,0,,,,,2916,652,0,,,,,3,37.050899036299775,137.885459,,,0,0,0,0,0,0,0,0,0,0,257,blue,3370,3568,6938
84,,4810250,1,20261001,1382,183,0,,,,,1019,79,0,,,,,3,37.05093203629982,137.890368,,,0,0,0,0,0,0,0,0,0,0,257,blue,1565,1098,2663
84,,4810260,1,20261001,3634,1082,0,,,,,4296,827,0,,,,,3,36.9856190362273,138.808078,,,0,0,0,0,0,0,0,0,0,0,257,blue,4716,5123,9839
84,,4810270,1,20261001,2718,551,0,,,,,3051,731,0,,,,,3,37.24858103651632,138.916575,,,0,0,0,0,0,0,0,0,0,39,257,blue,3269,3782,7051
84,,4810280,1,20261001,1132,189,0,,,,,1136,116,0,,,,,3,37.17036103643117,138.942139,,,0,0,0,0,0,0,0,0,0,47,257,blue,1321,1252,2573
84,,4810290,1,20261001,4728,882,0,,,,,4748,938,0,,,,,3,37.07683703632844,138.265595,,,0,0,0,0,0,0,0,0,0,2,257,blue,5610,5686,11296
84,,4810300,1,20261001,569,286,0,,,,,552,228,0,,,,,3,37.66361103695634,139.536806,,,0,0,0,0,0,0,0,0,1,0,257,blue,855,780,1635
84,,4810310,1,20261001,6749,821,0,,,,,6467,691,0,,,,,3,37.84055603713779,139.147778,,,0,0,0,0,0,0,0,0,1,0,257,blue,7570,7158,14728
84,,4810330,1,20261001,27807,2528,0,,,,,23446,2539,0,,,,,3,37.8978060371957,139.070722,,,0,0,0,0,0,0,0,0,1,0,257,blue,30335,25985,56320
84,,4810340,1,20261001,1262,596,0,,,,,1210,580,0,,,,,3,37.563464036852,138.734306,,,0,0,0,0,0,0,0,0,0,8,257,blue,1858,1790,3648
84,,4810350,1,20261001,4189,857,0,,,,,4177,978,0,,,,,3,37.61757803690852,138.825033,,,0,0,0,0,0,0,0,0,0,2,257,blue,5046,5155,10201
84,,4810360,1,20261001,6064,1356,0,,,,,7081,1535,0,,,,,3,37.690358036984,138.885919,,,0,0,0,0,0,0,0,0,1,0,257,blue,7420,8616,16036
84,,4810370,1,20261001,6665,1174,0,,,,,7081,1295,0,,,,,3,37.8052690371019,138.92235,,,0,0,0,0,0,0,0,0,1,0,257,blue,7839,8376,16215
84,,4810380,1,20261001,15020,1755,0,,,,,13842,1960,0,,,,,3,37.86309703716064,138.981,,,0,0,0,0,0,0,0,0,1,0,257,blue,16775,15802,32577
84,,4810395,1,20261001,3608,1051,26,,,,,3138,1086,59,,,,,3,36.691540505894935,136.9116223,,,0,,,,0,9,,,0,0,257,blue,4685,4283,8968
84,,4810406,1,20261001,3452,790,30,,,,,4215,822,127,,,,,3,36.89660103612769,137.444677,,,0,,,,0,0,,,0,0,257,blue,4272,5164,9436
84,,4810410,1,20261001,5213,588,0,,,,,6797,422,0,,,,,3,36.816442036037266,137.41630300000003,,,0,0,0,0,0,78,78,0,0,0,257,blue,5801,7219,13020
84,,4810420,1,20261001,7817,1330,0,,,,,7606,1148,0,,,,,3,36.718606035925916,137.303914,,,0,0,0,0,0,73,73,0,0,6,257,blue,9147,8754,17901
84,,4810430,1,20261001,7198,1253,0,,,,,6258,1071,0,,,,,3,36.71795303592518,137.279328,,,0,0,0,0,0,76,76,0,0,15,257,blue,8451,7329,15780
84,,4810440,1,20261001,8454,1578,0,,,,,7891,1371,0,,,,,3,36.72027203592783,137.263083,,,0,0,0,0,0,31,31,0,0,0,257,blue,10032,9262,19294
84,,4810445,1,20261001,13670,2716,30,,,,,13018,2473,93,,,,,3,36.73017862593915,137.18171158,,,0,,,,0,1,,,0,0,257,blue,16416,15584,32000
84,,4810447,1,20261001,8438,1599,55,,,,,9845,1524,95,,,,,3,36.72863947593739,137.12486156,,,0,,,,0,1,,,0,0,257,blue,10092,11464,21556
84,,4810454,1,20261001,9505,1199,987,,,,,11253,1050,5,,,,,3,36.744673195955684,136.99179584,,,0,,,,0,1,,,0,0,257,blue,11691,12308,23999
84,,4810460,1,20261001,,,,,,,,,,,,,,,3,36.68745003589023,136.855675,,,1,0,0,0,0,84,84,0,0,13,257,blue,0,0,0
84,,4810462,1,20261001,,,,,,,,,,,,,,,3,36.525710035703334,137.22999,,,1,,,,0,23,,,0,0,257,blue,0,0,0
84,,4810463,1,20261001,1982,395,180,,,,,2211,440,12,,,,,3,36.53609652571542,137.23114399,,,0,,,,0,22,,,0,0,257,blue,2557,2663,5220
84,,4810470,1,20261001,,,,,,,,,,,,,,,3,36.69575603589977,137.237889,,,1,0,0,0,0,0,0,0,0,0,257,blue,0,0,0
84,,4810480,1,20261001,2098,222,0,,,,,2255,288,0,,,,,3,36.580522035767004,136.965706,,,0,0,0,0,0,77,77,0,0,2,257,blue,2320,2543,4863
84,,4810485,1,20261001,5862,248,18,,,,,6389,254,16,,,,,3,36.68510836918755,136.9765361111,,,0,,,,0,1,,,0,0,257,blue,6128,6659,12787
84,,4810490,1,20261001,2913,84,0,,,,,3363,118,0,,,,,3,36.74530803595641,137.01085,,,0,0,0,0,0,88,88,0,0,1,257,blue,2997,3481,6478
84,,4810500,1,20261001,407,67,0,,,,,153,13,0,,,,,3,36.91246103614551,137.019489,,,0,0,0,0,0,189,189,0,0,2,257,blue,474,166,640
84,,4810510,1,20261001,,,,,,,,,,,,,,,3,36.84943603607457,136.97895,,,1,,,,,,,,,,257,blue,0,0,0
84,,4810530,1,20261001,13887,2128,0,,,,,15304,2351,0,,,,,3,36.44611103561032,136.488056,,,0,0,0,0,0,0,0,0,0,0,257,blue,16015,17655,33670
84,,4810550,1,20261001,6380,1373,0,,,,,5946,1398,0,,,,,3,36.32672203546954,136.41169500000004,,,0,0,0,0,0,2,2,0,0,6,257,blue,7753,7344,15097
84,,4810570,1,20261001,9851,1127,0,,,,,10020,681,0,,,,,3,36.571667035756725,136.655556,,,0,0,0,0,0,0,0,0,0,5,257,blue,10978,10701,21679
84,,4810580,1,20261001,9558,335,0,,,,,3580,118,0,,,,,3,36.54430803572498,136.640516,,,0,0,0,0,0,0,0,0,0,3,257,blue,9893,3698,13591
84,,4810590,1,20261001,13738,376,0,,,,,14494,316,0,,,,,3,36.54061903572069,136.623128,,,0,0,0,0,0,0,0,0,0,3,257,blue,14114,14810,28924
84,,4810600,1,20261001,4103,329,0,,,,,4446,388,0,,,,,3,37.04041903628817,136.969305,,,0,0,0,0,0,0,0,0,0,0,257,blue,4432,4834,9266
84,,4810610,1,20261001,,,,,,,,,,,,,,,3,36.90469303613679,136.830093,,,1,,,,,,,,,,257,blue,0,0,0
84,,4810620,1,20261001,1611,160,0,,,,,1529,225,0,,,,,3,36.86972803609746,136.79694700000002,,,0,0,0,0,0,0,0,0,0,0,257,blue,1771,1754,3525
84,,4810630,1,20261001,9258,126,0,,,,,5752,75,0,,,,,3,36.560782035744104,136.677711,,,0,0,0,0,0,0,0,0,0,2,257,blue,9384,5827,15211
85,22,5810060,1,20261001,1077,719,,,,,,998,528,,,,,,3,34.90554603368308,138.270337,,,0,,0,,0,0,0,0,,0,257,blue,1796,1526,3322
85,22,5810080,1,20261001,2990,2034,,,,,,7927,3188,,,,,,3,34.84454203360207,138.151981,,,0,,0,,0,0,0,0,,0,257,blue,5024,11115,16139
85,22,5810090,1,20261001,,,,,,,,,,,,,,,3,34.78638703352455,138.050184,,,1,,0,,0,0,0,0,,0,257,blue,0,0,0
85,22,5810110,1,20261001,25509,7268,,,,,,21846,6023,,,,,,3,34.76273603349293,137.969553,,,0,,0,,0,0,0,0,,0,257,blue,32777,27869,60646
85,23,5810190,1,20261001,4971,1139,,,,,,5444,887,,,,,,3,35.11388803395716,136.734972,,,0,,0,,0,0,0,0,,0,257,blue,6110,6331,12441
85,24,5810210,1,20261001,4082,2369,,,,,,3973,2574,,,,,,3,34.86311003362677,136.47097,,,0,,0,,0,0,0,0,,0,257,blue,6451,6547,12998
85,21,5810280,1,20261001,10125,920,,,,,,8651,745,,,,,,3,35.365972034283374,137.22477800000001,,,0,,0,,0,0,0,0,,0,257,blue,11045,9396,20441
85,21,5810330,1,20261001,9508,1242,,,,,,9389,1336,,,,,,3,35.44925903438983,137.419698,,,0,,0,,0,0,0,0,,0,257,blue,10750,10725,21475
85,21,5810340,1,20261001,7240,503,,,,,,6976,1464,,,,,,3,35.45966703440309,137.442028,,,0,,0,,0,0,0,0,,0,257,blue,7743,8440,16183
85,21,5810350,1,20261001,3361,619,,,,,,11714,2502,,,,,,3,35.51200003446958,137.521639,,,0,,0,,0,0,0,0,,0,257,blue,3980,14216,18196
85,21,5810360,1,20261001,2509,1064,,,,,,2658,1112,,,,,,3,35.581250034557165,137.537222,,,0,,0,,0,0,0,0,,0,257,blue,3573,3770,7343
85,21,5810370,1,20261001,3033,548,,,,,,3283,993,,,,,,3,35.81618803485076,137.683244,,,0,,0,,0,0,0,0,,0,257,blue,3581,4276,7857
85,21,5810380,1,20261001,2075,807,,,,,,2919,1097,,,,,,3,35.91502403497266,137.77069,,,0,,0,,0,0,0,0,,0,257,blue,2882,4016,6898
85,21,5810390,1,20261001,1837,901,,,,,,1531,692,,,,,,3,35.93471103499681,137.786917,,,0,,0,,0,0,0,0,,0,257,blue,2738,2223,4961
85,21,5810420,1,20261001,3078,612,,,,,,2526,517,,,,,,3,35.37572803429589,137.190676,,,1,,0,,0,0,0,0,,0,257,blue,3690,3043,6733
85,21,5810440,1,20261001,3150,797,,,,,,3362,558,,,,,,3,35.426917034361345,137.132361,,,0,,0,,0,0,0,0,,0,257,blue,3947,3920,7867
85,21,5810470,1,20261001,5819,841,,,,,,4830,1333,,,,,,3,35.418612034350744,136.946394,,,0,,0,,0,0,0,0,,0,257,blue,6660,6163,12823
85,21,5810510,1,20261001,1502,344,,,,,,1447,209,,,,,,3,35.37112003428997,136.453326,,,0,,0,,0,0,0,0,,0,257,blue,1846,1656,3502
85,23,5810530,1,20261001,8513,4000,,,,,,6811,2656,,,,,,3,34.696128033403625,137.40686,,,0,,0,,0,0,0,0,,0,257,blue,12513,9467,21980
85,23,5810570,1,20261001,8078,3065,,,,,,7726,4090,,,,,,3,34.84938803360853,137.221222,,,0,,0,,0,0,0,0,,0,257,blue,11143,11816,22959
85,23,5810580,1,20261001,9412,5547,,,,,,14,3,,,,,,3,34.84869403360759,137.197416,,,0,,0,,0,0,0,0,,0,257,blue,14959,17,14976
85,23,5810620,1,20261001,16425,8262,,,,,,14292,6323,,,,,,3,35.10119403394058,136.86925,,,0,,0,,0,0,0,0,,0,257,blue,24687,20615,45302
85,24,5810670,1,20261001,10001,1387,,,,,,11643,1380,,,,,,3,34.65002003334157,136.51956,,,0,,0,,0,0,0,0,,0,257,blue,11388,13023,24411
85,24,5810680,1,20261001,9146,2610,,,,,,9850,1373,,,,,,3,34.71907003343443,136.4716,,,0,,0,,0,0,0,0,,0,257,blue,11756,11223,22979
85,24,5810690,1,20261001,10366,2077,,,,,,10381,1936,,,,,,3,34.64712003333765,136.49449,,,0,,0,,0,0,0,0,,0,257,blue,12443,12317,24760
85,24,5810700,1,20261001,4215,5384,,,,,,7250,8314,,,,,,3,34.850220033609624,136.416645,,,0,,0,,0,0,0,0,,0,257,blue,9599,15564,25163
85,24,5810730,1,20261001,9650,8461,,,,,,11737,7017,,,,,,3,34.62822503331218,135.986212,,,0,,0,,0,0,0,0,,0,257,blue,18111,18754,36865
85,21,5810760,1,20261001,2458,627,,,,,,2663,505,,,,,,3,35.55276203452119,137.177488,,,0,,0,,0,0,0,0,,0,257,blue,3085,3168,6253
85,21,5810770,1,20261001,913,277,,,,,,865,306,,,,,,3,35.64602003463866,137.169715,,,0,,0,,0,0,0,0,,0,257,blue,1190,1171,2361
85,21,5810780,1,20261001,1723,361,,,,,,1989,538,,,,,,3,35.667031034665,137.162564,,,0,,0,,0,0,0,0,,0,257,blue,2084,2527,4611
85,21,5810790,1,20261001,1303,470,,,,,,1295,448,,,,,,3,35.74291003475978,137.208481,,,0,,0,,0,0,0,0,,0,257,blue,1773,1743,3516
85,21,5810800,1,20261001,1605,604,,,,,,1643,503,,,,,,3,35.77947703480525,137.252586,,,0,,0,,0,0,0,0,,0,257,blue,2209,2146,4355
85,21,5810810,1,20261001,3121,612,,,,,,3375,725,,,,,,3,35.83471903487371,137.232014,,,0,,0,,0,0,0,0,,0,257,blue,3733,4100,7833
85,21,5810830,1,20261001,850,172,,,,,,2097,478,,,,,,3,36.02357503510535,137.294767,,,0,,0,,0,0,0,0,,0,257,blue,1022,2575,3597
85,21,5810840,1,20261001,3999,195,,,,,,4186,507,,,,,,3,36.10871303520861,137.266233,,,0,,0,,0,0,0,0,,0,257,blue,4194,4693,8887
85,21,5810850,1,20261001,5987,946,,,,,,5004,564,,,,,,3,36.12373303522673,137.258932,,,0,,0,,0,0,0,0,,0,257,blue,6933,5568,12501
85,21,5810860,1,20261001,1656,419,,,,,,1697,638,,,,,,3,36.25072803537914,137.162845,,,0,,0,,0,0,0,0,,0,257,blue,2075,2335,4410
85,21,5810880,1,20261001,876,162,,,,,,831,176,,,,,,3,36.31423303545473,137.259675,,,0,,0,,0,0,0,0,,0,257,blue,1038,1007,2045
85,24,5810890,1,20261001,2585,366,,,,,,2998,574,,,,,,3,34.407524733012174,136.4423714,,,0,,0,,0,0,0,0,,0,257,blue,2951,3572,6523
85,24,5810900,1,20261001,1018,237,,,,,,956,131,,,,,,3,34.1617406326732,136.2779067,,,0,,0,,0,0,0,0,,0,257,blue,1255,1087,2342
85,24,5810920,1,20261001,1568,254,,,,,,1517,842,,,,,,3,34.05028613251784,136.1958331,,,0,,0,,0,0,0,0,,0,257,blue,1822,2359,4181
85,24,5810930,1,20261001,217,15,,,,,,214,29,,,,,,3,33.98629813242818,136.1080803,,,0,,0,,0,0,0,0,,0,257,blue,232,243,475
85,24,5810940,1,20261001,609,185,,,,,,679,215,,,,,,3,33.93298113235323,136.0940822,,,0,,0,,0,0,0,0,,0,257,blue,794,894,1688
85,24,5810960,1,20261001,1961,339,,,,,,1724,367,,,,,,3,34.00152563244955,136.1851117,,,0,,0,,0,0,0,0,,0,257,blue,2300,2091,4391
85,24,5810970,1,20261001,1705,427,,,,,,1642,336,,,,,,3,33.942137832366114,136.1524581,,,0,,0,,0,0,0,0,,0,257,blue,2132,1978,4110
85,24,5810980,1,20261001,2273,375,,,,,,1900,407,,,,,,3,33.92889863234747,136.1381858,,,0,,0,,0,0,0,0,,0,257,blue,2648,2307,4955
85,24,5810990,1,20261001,2545,192,,,,,,2237,271,,,,,,3,33.74057583208088,135.9955167,,,0,,0,,0,0,0,0,,0,257,blue,2737,2508,5245
85,24,5811000,1,20261001,2597,554,,,,,,2621,446,,,,,,1,34.10420863259313,136.1948133,,,0,,0,,0,0,0,0,,0,257,blue,3151,3067,6218
85,22,5811020,1,20261001,713,183,,,,,,613,219,,,,,,3,35.15084103400535,138.522379,,,1,,0,,0,0,0,0,,0,257,blue,896,832,1728
85,22,5811030,1,20261001,1278,339,,,,,,1147,460,,,,,,3,35.15470103401037,138.520314,,,0,,0,,0,0,0,0,,0,257,blue,1617,1607,3224
85,22,5811040,1,20261001,,,,,,,,,,,,,,,3,35.19272303405982,138.529894,,,1,,0,,0,0,0,0,,2,257,blue,0,0,0
85,22,5811050,1,20261001,2501,411,,,,,,2876,368,,,,,,3,35.37095103428976,138.860418,,,0,,0,,0,0,0,0,,0,257,blue,2912,3244,6156
85,23,5811110,1,20261001,1749,234,,,,,,2042,253,,,,,,3,35.135027033984734,137.309194,,,0,,0,,0,0,0,0,,0,257,blue,1983,2295,4278
85,23,5811120,1,20261001,2057,336,,,,,,2078,409,,,,,,3,35.149777034003954,137.332722,,,0,,0,,0,0,0,0,,0,257,blue,2393,2487,4880
85,23,5811130,1,20261001,992,536,,,,,,1529,262,,,,,,3,35.1700830340304,137.406805,,,0,,0,,0,0,0,0,,0,257,blue,1528,1791,3319
85,23,5811140,1,20261001,688,114,,,,,,720,204,,,,,,3,35.221388034097004,137.524166,,,0,,0,,0,0,0,0,,0,257,blue,802,924,1726
85,21,5811150,1,20261001,2979,388,,,,,,2555,569,,,,,,3,35.46219703440631,137.756093,,,0,,0,,0,0,0,0,,0,257,blue,3367,3124,6491
85,21,5811160,1,20261001,3852,868,,,,,,3290,543,,,,,,3,35.50206103445697,137.792544,,,0,,0,,0,0,0,0,,0,257,blue,4720,3833,8553
85,23,5811170,1,20261001,2911,917,,,,,,2797,603,,,,,,3,35.21055503408296,137.106666,,,0,,0,,0,0,0,0,,0,257,blue,3828,3400,7228
85,21,5811190,1,20261001,2499,439,,,,,,2271,337,,,,,,3,35.601941034583234,136.937212,,,0,,0,,0,0,0,0,,0,257,blue,2938,2608,5546
85,21,5811230,1,20261001,2805,510,,,,,,2138,578,,,,,,3,36.13868903524477,137.164639,,,0,,0,,0,0,0,0,,0,257,blue,3315,2716,6031
85,21,5811240,1,20261001,2204,331,,,,,,1737,458,,,,,,3,36.16135703527206,137.222749,,,0,,0,,0,1,1,0,,0,257,blue,2535,2195,4730
85,22,5811250,1,20261001,1639,429,,,,,,5694,1651,,,,,,3,35.312573034214765,138.927446,,,0,,0,,0,0,0,0,,0,257,blue,2068,7345,9413
85,21,5811270,1,20261001,2628,1072,,,,,,2771,946,,,,,,3,35.23023303410846,136.596679,,,0,,0,,0,0,0,0,,0,257,blue,3700,3717,7417
85,21,5811330,1,20261001,833,296,,,,,,968,234,,,,,,3,35.46731303441282,137.78409,,,0,,0,,0,0,0,0,,0,257,blue,1129,1202,2331
86,,6810010,1,20261001,1399,1176,,,,,,1525,1078,,,,,,3,34.89694403367168,136.336111,,,0,,0,,0,0,0,0,,0,257,blue,2575,2603,5178
86,,6810020,1,20261001,,,,,,,,,,,,,,,3,34.97777803377855,135.901667,,,1,,0,,0,0,0,0,,0,257,blue,0,0,0
86,,6810030,1,20261001,,,,,,,,,,,,,,,3,35.00527803381478,136.094722,,,1,,0,,0,257,257,0,,0,257,blue,0,0,0
86,,6810060,1,20261001,0,0,,,,,,11288,2134,,,,,,3,34.986389033789905,135.75305600000002,,,0,,0,,0,0,0,0,,0,257,blue,0,13422,13422
86,,6810089,1,20261001,,,,,,,,,,,,,,,3,34.978118033779,135.908546,,,1,,0,,0,0,0,0,,0,257,blue,0,0,0
86,,6810090,1,20261001,2862,1086,,,,,,0,0,,,,,,3,34.83138903358458,135.72305600000004,,,0,,0,,0,0,0,0,,0,257,blue,3948,0,3948
86,,6810100,1,20261001,0,0,,,,,,2450,937,,,,,,3,34.83138903358458,135.723889,,,0,,0,,0,0,0,0,,0,257,blue,0,3387,3387
86,,6810105,1,20261001,10761,1901,,,,,,8740,1907,,,,,,3,34.71411113342777,135.4489722,,,0,,0,,0,0,0,0,,0,257,blue,12662,10647,23309
86,,6810111,1,20261001,,,,,,,,,,,,,,,3,34.6429970333321,135.019846,,,1,,0,,0,0,0,0,,0,257,blue,0,0,0
86,,6810130,1,20261001,,,,,,,,,,,,,,,3,34.842500033599364,134.330556,,,1,,0,,0,0,0,0,,0,257,blue,0,0,0
86,,6810135,1,20261001,2988,967,,,,,,2724,783,,,,,,3,36.18333336529846,136.26777780000003,,,0,,0,,0,0,0,0,,0,257,blue,3955,3507,7462
86,,6810140,1,20261001,7044,1716,,,,,,5863,1859,,,,,,3,36.14305603525003,136.263889,,,0,,0,,0,0,0,0,,0,257,blue,8760,7722,16482
86,,6810150,1,20261001,,,,,,,,,,,,,,,3,36.0772220351705,136.244444,,,1,,0,,0,0,0,0,,0,257,blue,0,0,0
86,,6810160,1,20261001,7619,2561,,,,,,7473,2841,,,,,,3,36.02444403510641,136.218333,,,0,,0,,0,0,0,0,,0,257,blue,10180,10314,20494
86,,6810165,1,20261001,11486,1379,,,,,,1050,43,,,,,,3,35.980555595052905,136.1958333,,,0,,0,,0,0,0,0,,0,257,blue,12865,1093,13958
86,,6810170,1,20261001,,,,,,,,,,,,,,,3,35.95555603502233,136.188889,,,1,,0,,0,2,2,0,,0,257,blue,0,0,0
86,,6810180,1,20261001,4128,1159,,,,,,3497,789,,,,,,3,35.878333034927515,136.169444,,,0,,0,,0,2,2,0,,0,257,blue,5287,4286,9573
86,,6810190,1,20261001,,,,,,,,,,,,,,,3,35.719444034730536,136.094722,,,1,,0,,0,0,0,0,,0,257,blue,0,0,0
86,,6810200,1,20261001,771,145,,,,,,681,146,,,,,,3,35.66555603466316,136.083056,,,0,,0,,0,0,0,0,,0,257,blue,916,827,1743
86,,6810220,1,20261001,1080,469,,,,,,1394,518,,,,,,3,35.60416703458605,136.107222,,,0,,0,,0,0,0,0,,0,257,blue,1549,1912,3461
86,,6810230,1,20261001,761,744,,,,,,1135,589,,,,,,3,35.57603003455058,136.122756,,,0,,0,,0,0,0,0,,0,257,blue,1505,1724,3229
86,,6810240,1,20261001,3273,1082,,,,,,2627,771,,,,,,3,35.512778034470564,136.173333,,,0,,0,,0,0,0,0,,0,257,blue,4355,3398,7753
86,,6810241,1,20261001,2039,1059,,,,,,1787,809,,,,,,3,35.4322160343681,136.245092,,,0,,0,,0,0,0,0,,0,257,blue,3098,2596,5694
86,,6810250,1,20261001,5539,1584,,,,,,5652,1721,,,,,,3,35.27555603416706,136.269444,,,0,,0,,0,0,0,0,,0,257,blue,7123,7373,14496
86,,6810260,1,20261001,4298,1496,,,,,,4317,1338,,,,,,3,35.11611103396005,136.128333,,,0,,0,,0,0,0,0,,0,257,blue,5794,5655,11449
86,,6810270,1,20261001,4842,1074,,,,,,4613,1628,,,,,,3,35.091944033928485,136.089722,,,0,,0,,0,0,0,0,,0,257,blue,5916,6241,12157
86,,6810280,1,20261001,334,95,,,,,,1255,628,,,,,,3,35.66000003465618,136.084722,,,0,,0,,0,0,0,0,,0,257,blue,429,1883,2312
86,,6810290,1,20261001,7492,1765,,,,,,10764,1933,,,,,,3,34.996111033802705,135.722222,,,0,,0,,0,0,0,0,,0,257,blue,9257,12697,21954
86,,6810300,1,20261001,0,0,,,,,,1154,110,,,,,,3,34.981944033784046,135.693056,,,0,,0,,0,0,0,0,,0,257,blue,0,1264,1264
86,,6810310,1,20261001,8335,1343,,,,,,0,0,,,,,,3,34.981944033784046,135.692917,,,0,,0,,0,0,0,0,,0,257,blue,9678,0,9678
86,,6810320,1,20261001,7407,924,,,,,,5805,688,,,,,,3,34.992500033797945,135.64750000000004,,,0,,0,,0,0,0,0,,0,257,blue,8331,6493,14824
86,,6810330,1,20261001,7507,1378,,,,,,7363,1417,,,,,,3,34.989722033794294,135.636667,,,0,,0,,0,0,0,0,,0,257,blue,8885,8780,17665
86,,6810335,1,20261001,4495,890,,,,,,4272,473,,,,,,3,35.488936034440314,135.756215,,,0,,0,,0,0,0,0,,0,257,blue,5385,4745,10130
86,,6810340,1,20261001,209,12,,,,,,517,114,,,,,,3,35.12222203396803,135.439444,,,0,,0,,0,0,0,0,,0,257,blue,221,631,852
86,,6810343,1,20261001,,,,,,,,,,,,,,,3,35.18777781405339,135.3219444,,,1,,0,,0,0,0,0,,0,257,blue,0,0,0
86,,6810344,1,20261001,2330,578,,,,,,2660,754,,,,,,3,35.24583336412865,135.2161111,,,0,,0,,0,0,0,0,,0,257,blue,2908,3414,6322
86,,6810346,1,20261001,4002,860,,,,,,4058,1031,,,,,,3,35.28305559417674,135.1777778,,,0,,0,,0,0,0,0,,0,257,blue,4862,5089,9951
86,,6810348,1,20261001,4897,982,,,,,,3999,732,,,,,,3,35.3139820342166,135.101491,,,0,,0,,0,0,0,0,,0,257,blue,5879,4731,10610
86,,6810360,1,20261001,746,593,,,,,,971,346,,,,,,3,35.333611034241834,134.917222,,,0,,0,,0,0,0,0,,0,257,blue,1339,1317,2656
86,,6810365,1,20261001,2391,929,,,,,,2646,784,,,,,,3,36.25913403538918,136.286774,,,0,,0,,0,0,0,0,,0,257,blue,3320,3430,6750
86,,6810370,1,20261001,1852,604,,,,,,2179,320,,,,,,3,35.38305603430526,134.671667,,,0,,0,,0,0,0,0,,0,257,blue,2456,2499,4955
86,,6810390,1,20261001,1872,551,,,,,,1870,306,,,,,,3,35.48083303443001,134.585278,,,0,,0,,0,0,0,0,,0,257,blue,2423,2176,4599
86,,6810400,1,20261001,1118,410,,,,,,997,425,,,,,,3,35.50388903445929,134.533889,,,0,,0,,0,0,0,0,,0,257,blue,1528,1422,2950
86,,6810410,1,20261001,,,,,,,,,,,,,,,3,35.5247220344857,134.4275,,,0,,0,,0,0,0,0,,257,257,blue,0,0,0
86,,6810420,1,20261001,2551,971,,,,,,2408,870,,,,,,3,35.33111103423862,136.352222,,,0,,0,,0,0,0,0,,0,257,blue,3522,3278,6800
86,,6810450,1,20261001,6484,503,,,,,,2500,84,,,,,,3,34.229683032767404,135.169164,,,0,,0,,0,0,0,0,,0,257,blue,6987,2584,9571
86,,6810492,1,20261001,4585,1368,,,,,,4181,1092,,,,,,3,34.5749167332401,135.6647778,,,0,,0,,0,0,0,0,,0,257,blue,5953,5273,11226
86,,6810500,1,20261001,,,,,,,,,,,,,,,3,34.58000003324698,135.466581,,,1,,0,,0,0,0,0,,0,257,blue,0,0,0
86,,6810510,1,20261001,,,,,,,,,,,,,,,3,34.5797220332466,135.466581,,,1,,0,,0,0,0,0,,0,257,blue,0,0,0
86,,6810540,1,20261001,,,,,,,,,,,,,,,3,34.36000003294702,135.269444,,,1,,0,,0,0,0,0,,0,257,blue,0,0,0
86,,6810550,1,20261001,,,,,,,,,,,,,,,3,34.32270003289575,135.19756,,,1,,0,,0,0,0,0,,0,257,blue,0,0,0
86,,6810551,1,20261001,6781,1751,,,,,,5747,1118,,,,,,3,34.32488893289876,135.1913056,,,0,,0,,0,0,0,0,,0,257,blue,8532,6865,15397
86,,6810552,1,20261001,3444,667,,,,,,3366,703,,,,,,3,34.31283333288218,135.1605,,,0,,0,,0,0,0,0,,0,257,blue,4111,4069,8180
86,,6810560,1,20261001,,,,,,,,,,,,,,,3,34.24805603279281,135.175,,,1,,0,,0,0,0,0,,0,257,blue,0,0,0
86,,6810580,1,20261001,4952,1056,,,,,,2503,510,,,,,,3,35.633611034623065,136.021389,,,0,,0,,0,0,0,0,,0,257,blue,6008,3013,9021
86,,6810590,1,20261001,2089,576,,,,,,2239,373,,,,,,3,35.58083303455663,135.910417,,,0,,0,,0,0,0,0,,0,257,blue,2665,2612,5277
86,,6810610,1,20261001,2519,647,,,,,,2122,771,,,,,,3,35.469444034415524,135.825,,,0,,0,,0,0,0,0,,0,257,blue,3166,2893,6059
86,,6810620,1,20261001,2126,516,,,,,,2817,578,,,,,,3,35.483056034432835,135.666111,,,0,,0,,0,0,0,0,,0,257,blue,2642,3395,6037
86,,6810630,1,20261001,,,,,,,,,,,,,,,3,35.48805603443919,135.595833,,,1,,0,,0,0,0,0,,0,257,blue,0,0,0
86,,6810660,1,20261001,2816,656,,,,,,2625,467,,,,,,3,35.48083303443001,135.421389,,,0,,0,,0,0,0,0,,0,257,blue,3472,3092,6564
86,,6810667,1,20261001,992,98,,,,,,4994,1467,,,,,,3,35.46027781440387,135.3566667,,,0,,0,,0,0,0,0,,0,257,blue,1090,6461,7551
86,,6810670,1,20261001,3338,697,,,,,,2957,817,,,,,,3,35.414167034345056,135.333056,,,0,,0,,0,0,0,0,,0,257,blue,4035,3774,7809
86,,6810671,1,20261001,3734,747,,,,,,3298,773,,,,,,3,35.37888892429992,135.3169444,,,0,,0,,0,0,0,0,,0,257,blue,4481,4071,8552
86,,6810730,1,20261001,,,,,,,,,,,,,,,3,34.85305603361341,134.605278,,,1,,0,,0,0,0,0,,0,257,blue,0,0,0
86,,6810740,1,20261001,2636,452,,,,,,1853,850,,,,,,3,34.87691203364509,134.61312,,,0,,0,,0,0,0,0,,0,257,blue,3088,2703,5791
86,,6810750,1,20261001,,,,,,,,,,,,,,,3,35.07068203390065,134.587422,,,1,,0,,0,0,0,0,,0,257,blue,0,0,0
86,,6810760,1,20261001,,,,,,,,,,,,,,,3,35.145672033998615,134.539014,,,1,,0,,0,0,0,0,,0,257,blue,0,0,0
86,,6810770,1,20261001,5142,785,,,,,,3566,548,,,,,,3,33.692375032012194,135.984591,,,0,,0,,0,0,0,0,,0,257,blue,5927,4114,10041
86,,6810780,1,20261001,1943,344,,,,,,1144,977,,,,,,3,33.61777803190555,135.927061,,,0,,0,,0,0,0,0,,0,257,blue,2287,2121,4408
86,,6810790,1,20261001,3874,557,,,,,,164,12,,,,,,3,33.56853903183492,135.910197,,,0,,0,,0,0,0,0,,0,257,blue,4431,176,4607
86,,6810800,1,20261001,3028,671,,,,,,3002,383,,,,,,3,33.50323103174097,135.806228,,,0,,0,,0,0,0,0,,0,257,blue,3699,3385,7084
86,,6810810,1,20261001,1982,609,,,,,,2064,480,,,,,,3,33.48392803171314,135.760481,,,0,,0,,0,0,0,0,,0,257,blue,2591,2544,5135
86,,6810820,1,20261001,,,,,,,,,,,,,,,3,33.509890031750565,135.60639100000003,,,1,,0,,0,0,0,0,,0,257,blue,0,0,0
86,,6810830,1,20261001,,,,,,,,,,,,,,,3,33.51850003176297,135.57,,,1,,0,,0,0,0,0,,0,257,blue,0,0,0
86,,6810840,1,20261001,1101,239,,,,,,792,39,,,,,,3,33.554167031814266,135.458889,,,0,,0,,0,0,0,0,,0,257,blue,1340,831,2171
86,,6810850,1,20261001,3589,190,,,,,,624,11,,,,,,3,33.70273603202697,135.411942,,,0,,0,,0,0,0,0,,0,257,blue,3779,635,4414
86,,6810860,1,20261001,8911,331,,,,,,5406,530,,,,,,3,33.72250003205514,135.404722,,,0,,0,,0,0,0,0,,0,257,blue,9242,5936,15178
86,,6810880,1,20261001,,,,,,,,,,,,,,,3,33.748889032092684,135.3275,,,1,,0,,0,0,0,0,,0,257,blue,0,0,0
86,,6810890,1,20261001,2524,410,,,,,,2651,545,,,,,,3,33.7811110321385,135.3025,,,0,,0,,0,0,0,0,,0,257,blue,2934,3196,6130
86,,6810900,1,20261001,4251,350,,,,,,3718,657,,,,,,3,33.91892803233343,135.146508,,,0,,0,,0,0,0,0,,0,257,blue,4601,4375,8976
86,,6810910,1,20261001,2672,636,,,,,,0,0,,,,,,3,33.94659203237239,135.12965,,,0,,0,,0,0,0,0,,0,257,blue,3308,0,3308
86,,6810920,1,20261001,6559,1152,,,,,,4840,569,,,,,,3,34.04305603250771,135.189722,,,0,,0,,0,0,0,0,,0,257,blue,7711,5409,13120
86,,6810930,1,20261001,,,,,,,,,,,,,,,3,34.047035032513286,135.189167,,,1,,0,,0,0,0,0,,0,257,blue,0,0,0
86,,6810950,1,20261001,,,,,,,,,,,,,,,3,34.19539403271991,135.169583,,,1,,0,,0,0,0,0,,0,257,blue,0,0,0
86,,6810960,1,20261001,879,202,,,,,,6235,782,,,,,,3,33.74962803209376,135.359472,,,0,,0,,0,0,0,0,,0,257,blue,1081,7017,8098
86,,6810980,1,20261001,,,,,,,,,,,,,,,3,34.652222033344536,135.48972200000003,,,1,,0,,0,0,0,0,,0,257,blue,0,0,0
86,,6810990,1,20261001,,,,,,,,,,,,,,,3,35.551944034520155,136.098333,,,1,,0,,0,0,0,0,,0,257,blue,0,0,0
86,,6811000,1,20261001,908,483,,,,,,825,619,,,,,,3,35.530000034492396,136.094444,,,0,,0,,0,0,0,0,,0,257,blue,1391,1444,2835
86,,6811010,1,20261001,1795,876,,,,,,1497,668,,,,,,3,35.47888903442754,136.083056,,,0,,0,,0,0,0,0,,0,257,blue,2671,2165,4836
86,,6811020,1,20261001,1408,406,,,,,,1263,520,,,,,,3,35.39750003432375,136.024722,,,0,,0,,0,0,0,0,,0,257,blue,1814,1783,3597
86,,6811030,1,20261001,7779,2699,,,,,,7574,2183,,,,,,3,35.28722203418211,136.018056,,,0,,0,,0,0,0,0,,0,257,blue,10478,9757,20235
86,,6811040,1,20261001,2713,1363,,,,,,3927,1236,,,,,,3,35.24777803413116,135.960556,,,0,,0,,0,0,0,0,,0,257,blue,4076,5163,9239
86,,6811050,1,20261001,,,,,,,,,,,,,,,3,35.237778034118236,135.943333,,,1,,0,,0,257,257,0,,0,257,blue,0,0,0
86,,6811080,1,20261001,,,,,,,,,,,,,,,3,34.71861103343382,135.569444,,,1,,0,,0,0,0,0,,0,257,blue,0,0,0
86,,6811120,1,20261001,0,0,,,,,,1529,620,,,,,,3,35.0725560339031,135.008778,,,0,,0,,0,0,0,0,,0,257,blue,0,2149,2149
86,,6811130,1,20261001,2420,704,,,,,,2102,526,,,,,,3,35.12139403396696,135.005953,,,0,,0,,0,0,0,0,,0,257,blue,3124,2628,5752
86,,6811150,1,20261001,,,,,,,,,,,,,,,3,35.16055603401799,135.066111,,,0,,0,,0,0,0,0,,257,257,blue,0,0,0
86,,6811160,1,20261001,,,,,,,,,,,,,,,3,35.23305603411212,135.020833,,,0,,0,,0,0,0,0,,257,257,blue,0,0,0
86,,6811165,1,20261001,1772,1117,,,,,,1706,917,,,,,,3,35.28748503418245,134.977245,,,0,,0,,0,0,0,0,,0,257,blue,2889,2623,5512
86,,6811170,1,20261001,,,,,,,,,,,,,,,3,35.29111103418713,134.970556,,,0,,0,,0,0,0,0,,257,257,blue,0,0,0
86,,6811180,1,20261001,,,,,,,,,,,,,,,3,35.30305603420252,134.92,,,0,,0,,0,0,0,0,,257,257,blue,0,0,0
86,,6811190,1,20261001,,,,,,,,,,,,,,,3,35.34500003425647,134.801111,,,0,,0,,0,0,0,0,,257,257,blue,0,0,0
86,,6811200,1,20261001,,,,,,,,,,,,,,,3,35.36333303427999,134.759167,,,0,,0,,0,0,0,0,,257,257,blue,0,0,0
86,,6811210,1,20261001,3518,578,,,,,,4443,462,,,,,,3,35.49942303445363,134.790538,,,0,,0,,0,0,0,0,,0,257,blue,4096,4905,9001
86,,6811220,1,20261001,3447,392,,,,,,3650,382,,,,,,3,35.474942034422526,134.764925,,,0,,0,,0,0,0,0,,0,257,blue,3839,4032,7871
86,,6811230,1,20261001,3041,530,,,,,,3188,628,,,,,,3,35.43722003437449,134.767839,,,0,,0,,0,0,0,0,,0,257,blue,3571,3816,7387
86,,6811260,1,20261001,4811,934,,,,,,5269,1527,,,,,,3,35.01754603383091,136.023618,,,0,,0,,0,0,0,0,,0,257,blue,5745,6796,12541
86,,6811310,1,20261001,14482,4802,,,,,,12864,4690,,,,,,3,34.78856603352747,134.816183,,,0,,0,,0,0,0,0,,0,257,blue,19284,17554,36838
86,,6811320,1,20261001,,,,,,,,,,,,,,,3,34.81472203356237,134.673055,,,1,,0,,0,0,0,0,,0,257,blue,0,0,0
86,,6811340,1,20261001,10918,2261,,,,,,21170,5188,,,,,,3,34.83503003358942,134.618945,,,0,,0,,0,0,0,0,,0,257,blue,13179,26358,39537
86,,6811400,1,20261001,4111,963,,,,,,3047,902,,,,,,3,34.54152803319483,135.675417,,,0,,0,,0,0,0,0,,0,257,blue,5074,3949,9023
87,,7810030,1,20261001,10063,2787,0,,,,,10947,2826,0,,,,,3,34.46130403308565,133.299608,,,0,0,0,0,0,0,0,0,0,0,257,blue,12850,13773,26623
87,,7810050,1,20261001,4326,1544,0,,,,,6035,2516,0,,,,,3,34.405934033009984,133.010289,,,0,0,0,0,0,1,1,0,0,0,257,blue,5870,8551,14421
87,,7810060,1,20261001,2625,1726,0,,,,,3015,1417,0,,,,,3,34.391480032990195,132.905302,,,0,0,0,0,0,0,0,0,0,0,257,blue,4351,4432,8783
87,,7810080,1,20261001,,,,,,,,4192,1586,0,,,,,3,34.40409903300748,132.811446,,,0,0,0,0,0,0,0,0,0,0,257,blue,0,5778,5778
87,,7810090,1,20261001,3710,2880,0,,,,,3624,1138,0,,,,,3,34.37165503296302,132.548551,,,0,0,0,0,0,0,0,0,0,0,257,blue,6590,4762,11352
87,,7810100,1,20261001,213,42,0,,,,,5102,1216,0,,,,,3,34.370314032961176,132.43065,,,0,0,0,0,0,0,0,0,0,0,257,blue,255,6318,6573
87,,7810120,1,20261001,6226,2762,0,,,,,6544,2707,0,,,,,3,34.40929103301459,133.075998,,,0,0,0,0,0,0,0,0,0,0,257,blue,8988,9251,18239
87,,7810130,1,20261001,2787,1720,0,,,,,2248,945,0,,,,,3,34.394348032994124,133.04909,,,0,0,0,0,0,1,1,0,0,0,257,blue,4507,3193,7700
87,,7810140,1,20261001,319,73,0,,,,,261,531,0,,,,,3,34.186157032707094,132.173982,,,0,0,0,0,0,0,0,0,0,0,257,blue,392,792,1184
87,,7810150,1,20261001,7303,3241,0,,,,,2200,1571,0,,,,,3,34.069307032544415,131.669576,,,0,0,0,0,0,0,0,0,0,0,257,blue,10544,3771,14315
87,,7810180,1,20261001,3257,801,0,,,,,5278,2778,0,,,,,3,34.03918803250232,131.248456,,,0,0,0,0,0,0,0,0,0,0,257,blue,4058,8056,12114
87,,7810220,1,20261001,15036,1242,0,,,,,13573,853,0,,,,,3,35.51908503447856,134.20671,,,0,0,0,0,0,0,0,0,0,0,257,blue,16278,14426,30704
87,,7810230,1,20261001,7476,634,0,,,,,7341,676,0,,,,,3,35.523372034484,134.171906,,,0,0,0,0,0,0,0,0,0,0,257,blue,8110,8017,16127
87,,7810240,1,20261001,3607,418,0,,,,,3867,544,0,,,,,3,35.527852034489676,134.139977,,,0,0,0,0,0,0,0,0,0,0,257,blue,4025,4411,8436
87,,7810250,1,20261001,4223,636,0,,,,,4879,815,0,,,,,3,35.51594103447459,134.071698,,,0,0,0,0,0,0,0,0,0,0,257,blue,4859,5694,10553
87,,7810280,1,20261001,3011,518,0,,,,,3070,437,0,,,,,3,35.50301603445818,133.70857000000004,,,0,0,0,0,0,0,0,0,0,0,257,blue,3529,3507,7036
87,,7810330,1,20261001,4876,910,0,,,,,5746,631,0,,,,,3,35.46553703441056,133.4305,,,0,0,0,0,0,0,0,0,0,0,257,blue,5786,6377,12163
87,,7810350,1,20261001,7601,833,0,,,,,8221,774,0,,,,,3,35.432832034368886,133.358295,,,0,0,0,0,0,0,0,0,0,0,257,blue,8434,8995,17429
87,,7810360,1,20261001,10065,451,0,,,,,8955,455,0,,,,,3,35.43101403436657,133.331902,,,0,0,0,0,0,0,0,0,0,0,257,blue,10516,9410,19926
87,,7810380,1,20261001,6443,1823,0,,,,,6363,1636,0,,,,,3,35.48149203443085,133.474531,,,0,0,0,0,0,0,0,0,0,0,257,blue,8266,7999,16265
87,,7810390,1,20261001,7167,1818,0,,,,,6031,1430,0,,,,,3,35.476145034424064,133.461163,,,0,0,0,0,0,0,0,0,0,0,257,blue,8985,7461,16446
87,,7810400,1,20261001,6181,1713,0,,,,,5892,1374,0,,,,,3,35.432832034368886,133.415136,,,0,0,0,0,0,0,0,0,0,0,257,blue,7894,7266,15160
87,,7810420,1,20261001,5281,1749,0,,,,,5281,1695,0,,,,,3,35.50747003446383,133.61465,,,0,0,0,0,0,0,0,0,0,0,257,blue,7030,6976,14006
87,,7810430,1,20261001,4495,532,0,,,,,4275,614,0,,,,,3,35.57299803454675,134.315436,,,0,0,0,0,0,0,0,0,0,0,257,blue,5027,4889,9916
87,,7810440,1,20261001,7310,1573,0,,,,,7449,1323,0,,,,,3,35.40803703433723,133.302548,,,0,0,0,0,0,0,0,0,0,0,257,blue,8883,8772,17655
87,,7810480,1,20261001,1665,287,0,,,,,1521,233,0,,,,,3,35.27600903416763,132.599938,,,0,0,0,0,0,0,0,0,0,0,257,blue,1952,1754,3706
87,,7810500,1,20261001,3277,748,0,,,,,3570,520,0,,,,,3,35.198965034067925,132.455335,,,0,0,0,0,0,0,0,0,0,0,257,blue,4025,4090,8115
87,,7810530,1,20261001,815,200,0,,,,,920,144,0,,,,,3,35.0882140339236,132.347724,,,0,0,0,0,0,0,0,0,0,0,257,blue,1015,1064,2079
87,,7810540,1,20261001,2370,655,0,,,,,2466,609,0,,,,,3,35.05910603388547,132.317104,,,0,0,0,0,0,0,0,0,0,0,257,blue,3025,3075,6100
87,,7810550,1,20261001,349,8,0,,,,,262,30,0,,,,,3,35.03529803385423,132.246444,,,0,0,0,0,0,0,0,0,0,0,257,blue,357,292,649
87,,7810560,1,20261001,4007,758,0,,,,,3981,616,0,,,,,3,34.96136103375689,132.144917,,,0,0,0,0,0,0,0,0,0,0,257,blue,4765,4597,9362
87,,7810570,1,20261001,7205,1001,0,,,,,5733,1005,0,,,,,3,34.92234503370532,132.109083,,,0,0,0,0,0,0,0,0,0,0,257,blue,8206,6738,14944
87,,7810580,1,20261001,4531,1337,0,,,,,5021,1151,0,,,,,3,34.90375903368071,132.105961,,,0,0,0,0,0,0,0,0,0,0,257,blue,5868,6172,12040
87,,7810590,1,20261001,4831,1325,0,,,,,4523,960,0,,,,,3,34.892214033665404,132.087679,,,0,0,0,0,0,0,0,0,0,0,257,blue,6156,5483,11639
87,,7810600,1,20261001,5902,1280,0,,,,,5760,957,0,,,,,3,34.886378033657664,132.069161,,,0,0,0,0,0,0,0,0,0,0,257,blue,7182,6717,13899
87,,7810610,1,20261001,4175,620,0,,,,,4294,753,0,,,,,3,34.8693890336351,132.044972,,,0,0,0,0,0,0,0,0,0,0,257,blue,4795,5047,9842
87,,7810630,1,20261001,2623,396,0,,,,,2959,381,0,,,,,3,34.69280003339916,131.858404,,,0,0,0,0,0,0,0,0,0,0,257,blue,3019,3340,6359
87,,7810640,1,20261001,3434,659,0,,,,,3680,755,0,,,,,3,34.64982003334131,131.812549,,,0,0,0,0,0,0,0,0,0,0,257,blue,4093,4435,8528
87,,7810650,1,20261001,1948,526,0,,,,,1867,339,0,,,,,3,34.603665033279,131.799331,,,0,0,0,0,0,0,0,0,0,0,257,blue,2474,2206,4680
87,,7810660,1,20261001,1835,487,0,,,,,1813,345,0,,,,,3,34.56766203323026,131.793408,,,0,0,0,0,0,0,0,0,0,0,257,blue,2322,2158,4480
87,,7810670,1,20261001,872,241,0,,,,,908,193,0,,,,,3,34.4411940330582,131.772423,,,0,0,0,0,0,0,0,0,0,0,257,blue,1113,1101,2214
87,,7810680,1,20261001,15333,2888,0,,,,,16997,2289,0,,,,,3,35.44391203438301,133.070902,,,0,0,0,0,0,0,0,0,0,0,257,blue,18221,19286,37507
87,,7810700,1,20261001,7272,960,0,,,,,7082,808,0,,,,,3,35.37289303429224,132.787156,,,0,0,0,0,0,0,0,0,0,0,257,blue,8232,7890,16122
87,,7810710,1,20261001,6874,902,0,,,,,7499,887,0,,,,,3,35.37446803429426,132.777994,,,0,0,0,0,0,0,0,0,0,0,257,blue,7776,8386,16162
87,,7810730,1,20261001,3162,941,0,,,,,3873,811,0,,,,,3,35.0087950338194,132.223163,,,0,0,0,0,0,0,0,0,0,0,257,blue,4103,4684,8787
87,,7810750,1,20261001,1610,412,0,,,,,1883,469,0,,,,,3,34.66552003336244,131.809437,,,0,0,0,0,0,0,0,0,0,0,257,blue,2022,2352,4374
87,,7810780,1,20261001,218,160,0,,,,,2518,471,0,,,,,3,34.245635032789465,131.522947,,,0,0,0,0,0,0,0,0,0,0,257,blue,378,2989,3367
87,,7810790,1,20261001,8627,1062,0,,,,,316,4,0,,,,,3,34.190602032713265,131.483723,,,0,0,0,0,0,0,0,0,0,0,257,blue,9689,320,10009
87,,7810800,1,20261001,8993,787,0,,,,,0,0,0,,,,,3,34.18878403271073,131.480083,,,0,0,0,0,0,0,0,0,0,0,257,blue,9780,0,9780
87,,7810840,1,20261001,5945,781,0,,,,,6615,411,0,,,,,3,35.47203803441882,134.240441,,,0,0,0,0,0,0,0,0,0,0,257,blue,6726,7026,13752
87,,7810850,1,20261001,8278,1194,0,,,,,11381,1485,0,,,,,3,35.49999403445436,134.20171,,,0,0,0,0,0,0,0,0,0,0,257,blue,9472,12866,22338
87,,7810870,1,20261001,11360,635,0,,,,,11448,742,0,,,,,3,34.52362703317051,133.901839,,,0,0,0,0,0,0,0,0,0,0,257,blue,11995,12190,24185
87,,7810900,1,20261001,3190,965,0,,,,,3247,913,0,,,,,3,34.9118280336914,133.946407,,,0,0,0,0,0,8,8,0,0,0,257,blue,4155,4160,8315
87,,7810950,1,20261001,458,128,0,,,,,3567,763,0,,,,,3,35.3698230342883,134.215379,,,0,0,0,0,0,0,0,0,0,0,257,blue,586,4330,4916
87,,7810960,1,20261001,3934,1051,0,,,,,3526,974,0,,,,,3,34.64456803333422,132.667015,,,0,0,0,0,0,0,0,0,0,0,257,blue,4985,4500,9485
87,,7810970,1,20261001,2134,540,0,,,,,2138,550,0,,,,,3,34.68134903338374,132.742245,,,0,0,0,0,0,0,0,0,0,0,257,blue,2674,2688,5362
87,,7810980,1,20261001,1251,433,0,,,,,2239,499,0,,,,,3,34.81798703356671,132.823527,,,0,0,0,0,0,0,0,0,0,0,257,blue,1684,2738,4422
87,,7810990,1,20261001,1022,386,0,,,,,1093,406,0,,,,,3,34.86090703362384,132.793186,,,0,0,0,0,0,0,0,0,0,0,257,blue,1408,1499,2907
87,,7811010,1,20261001,1387,393,0,,,,,1551,356,0,,,,,3,35.221765034097494,132.816639,,,0,0,0,0,0,0,0,0,0,0,257,blue,1780,1907,3687
87,,7811020,1,20261001,2881,693,0,,,,,2779,559,0,,,,,3,35.33258003424051,132.907662,,,0,0,0,0,0,0,0,0,0,0,257,blue,3574,3338,6912
87,,7811070,1,20261001,10648,1149,0,,,,,711,800,0,,,,,3,34.23547503277542,132.6053,,,0,0,0,0,0,0,0,0,0,0,257,blue,11797,1511,13308
87,,7811080,1,20261001,1225,217,0,,,,,8506,1125,0,,,,,3,34.220918032755264,132.662702,,,0,0,0,0,0,0,0,0,0,0,257,blue,1442,9631,11073
87,,7811090,1,20261001,1540,268,0,,,,,1764,101,0,,,,,3,34.27213903282609,132.728126,,,0,0,0,0,0,0,0,0,0,0,257,blue,1808,1865,3673
87,,7811100,1,20261001,2438,355,0,,,,,2157,178,0,,,,,3,34.33997203291951,132.948483,,,0,0,0,0,0,0,0,0,0,0,257,blue,2793,2335,5128
87,,7811120,1,20261001,1286,309,0,,,,,1310,217,0,,,,,3,33.9055670323146,132.028679,,,0,0,0,0,0,0,0,0,0,0,257,blue,1595,1527,3122
87,,7811130,1,20261001,3301,495,0,,,,,270,119,0,,,,,3,33.93038903234958,131.978502,,,0,0,0,0,0,0,0,0,0,0,257,blue,3796,389,4185
87,,7811140,1,20261001,8146,584,0,,,,,9889,602,0,,,,,3,33.976741032414765,131.89892000000003,,,0,0,0,0,0,0,0,0,0,0,257,blue,8730,10491,19221
87,,7811150,1,20261001,13594,1070,0,,,,,13035,613,0,,,,,3,33.97531203241275,131.223377,,,0,0,0,0,0,0,0,0,0,0,257,blue,14664,13648,28312
87,,7811160,1,20261001,3739,744,0,,,,,4439,701,0,,,,,3,34.0254670324831,131.108286,,,0,0,0,0,0,0,0,0,0,0,257,blue,4483,5140,9623
87,,7811170,1,20261001,2248,347,0,,,,,1,0,0,,,,,3,34.06179303253392,130.910708,,,0,0,0,0,0,0,0,0,0,0,257,blue,2595,1,2596
87,,7811190,1,20261001,2238,367,0,,,,,2313,184,0,,,,,3,34.372636032964365,131.13719,,,0,0,0,0,0,0,0,0,0,0,257,blue,2605,2497,5102
87,,7811200,1,20261001,10,1,0,,,,,7156,406,0,,,,,3,34.36655403295601,131.21721,,,0,0,0,0,0,0,0,0,0,0,257,blue,11,7562,7573
87,,7811210,1,20261001,28,38,0,,,,,104,13,0,,,,,3,34.36556503295465,131.327923,,,0,0,0,0,0,0,0,0,0,0,257,blue,66,117,183
87,,7811220,1,20261001,2104,487,0,,,,,2179,283,0,,,,,3,34.46117103308548,131.429169,,,0,0,0,0,0,0,0,0,0,0,257,blue,2591,2462,5053
87,,7811230,1,20261001,230,110,0,,,,,1651,371,0,,,,,3,34.53625103318765,131.50609,,,0,0,0,0,0,0,0,0,0,0,257,blue,340,2022,2362
87,,7811240,1,20261001,5319,126,0,,,,,7051,380,0,,,,,3,33.97863403241742,130.917824,,,0,0,0,0,0,0,0,0,0,0,257,blue,5445,7431,12876
87,,7811250,1,20261001,2025,334,0,,,,,1945,323,0,,,,,3,34.371174032962365,131.269202,,,0,0,0,0,0,0,0,0,0,0,257,blue,2359,2268,4627
87,,7811260,1,20261001,2336,326,0,,,,,2298,326,0,,,,,3,34.386217032983,131.345346,,,0,0,0,0,0,0,0,0,0,0,257,blue,2662,2624,5286
87,,7811280,1,20261001,8153,299,0,,,,,9245,234,0,,,,,3,33.98188003242198,130.919334,,,0,0,0,0,0,0,0,0,0,0,257,blue,8452,9479,17931
87,,7811290,1,20261001,1233,291,0,,,,,1204,243,0,,,,,3,34.66606703336319,131.689768,,,0,0,0,0,0,0,0,0,0,0,257,blue,1524,1447,2971
87,,7811300,1,20261001,1671,194,0,,,,,1527,304,0,,,,,3,34.680670033382846,131.768346,,,0,0,0,0,0,0,0,0,0,0,257,blue,1865,1831,3696
87,,7811310,1,20261001,5309,1183,0,,,,,5410,1109,0,,,,,3,34.274175032828886,132.632159,,,0,0,0,0,0,0,0,0,0,0,257,blue,6492,6519,13011
88,,8810010,1,20261001,1658,603,0,,,,,1617,613,0,,,,,3,34.22576903276199,134.506281,,,0,0,0,0,0,0,0,0,0,0,257,blue,2261,2230,4491
88,,8810040,1,20261001,,,,,,,,,,,,,,,3,34.21202803274294,134.426444,,,1,0,0,0,0,0,0,0,0,0,257,blue,0,0,0
88,,8810050,1,20261001,,,,,,,,,,,,,,,3,34.2426940327854,134.369389,,,1,0,0,0,0,1,1,0,0,0,257,blue,0,0,0
88,,8810060,1,20261001,,,,,,,,,,,,,,,3,34.24194403278437,134.333056,,,1,0,0,0,0,0,0,0,0,0,257,blue,0,0,0
88,,8810070,1,20261001,,,,,,,,,,,,,,,3,34.3096610328778,134.235686,,,1,0,0,0,0,0,0,0,0,0,257,blue,0,0,0
88,,8810080,1,20261001,,,,,,,,,,,,,,,3,34.323825032897304,134.203003,,,1,0,0,0,0,1,1,0,0,0,257,blue,0,0,0
88,,8810090,1,20261001,,,,,,,,,,,,,,,3,34.31055603287904,134.040556,,,1,0,0,0,0,0,0,0,0,0,257,blue,0,0,0
88,,8810100,1,20261001,,,,,,,,,,,,,,,3,34.31083303287942,134.040833,,,1,0,0,0,0,0,0,0,0,0,257,blue,0,0,0
88,,8810110,1,20261001,,,,,,,,,,,,,,,3,34.296344462859466,133.9267892,,,1,0,0,0,0,1,1,0,0,0,257,blue,0,0,0
88,,8810120,1,20261001,7735,683,0,,,,,5170,400,0,,,,,3,34.30830303287593,133.886,,,0,0,0,0,0,0,0,0,0,0,257,blue,8418,5570,13988
88,,8810130,1,20261001,,,,,,,,,,,,,,,3,34.28116903283854,133.818719,,,1,0,0,0,0,0,0,0,0,0,257,blue,0,0,0
88,,8810150,1,20261001,,,,,,,,,,,,,,,3,33.79388903215663,132.931944,,,1,0,0,0,0,0,0,0,0,0,257,blue,0,0,0
88,,8810160,1,20261001,7608,1143,0,,,,,9430,886,0,,,,,3,34.251008032796896,133.916925,,,0,0,0,0,0,0,0,0,0,0,257,blue,8751,10316,19067
88,,8810170,1,20261001,5727,1286,0,,,,,4811,1144,0,,,,,3,34.183472032703364,133.834944,,,0,0,0,0,0,0,0,0,0,0,257,blue,7013,5955,12968
88,,8810180,1,20261001,2005,409,0,,,,,2042,322,0,,,,,3,34.15741703266719,133.82277800000003,,,0,0,0,0,0,0,0,0,0,0,257,blue,2414,2364,4778
88,,8810210,1,20261001,3574,848,0,,,,,2343,894,0,,,,,3,34.02985603248925,133.814811,,,0,0,0,0,0,0,0,0,0,0,257,blue,4422,3237,7659
88,,8810220,1,20261001,1905,610,0,,,,,2210,589,0,,,,,3,33.99827503244498,133.788456,,,0,0,0,0,0,0,0,0,0,0,257,blue,2515,2799,5314
88,,8810270,1,20261001,1329,453,0,,,,,1355,591,0,,,,,3,33.699149792021856,133.6898053,,,0,0,0,0,0,0,0,0,0,0,257,blue,1782,1946,3728
88,,8810310,1,20261001,2163,737,0,,,,,1,0,0,,,,,3,33.65416703195762,133.66,,,0,0,0,0,0,0,0,0,0,0,257,blue,2900,1,2901
88,,8810340,1,20261001,,,,,,,,,,,,,,,3,33.55527803181588,133.460556,,,1,0,0,0,0,0,0,0,0,0,257,blue,0,0,0
88,,8810380,1,20261001,,,,,,,,,,,,,,,3,33.555000031815474,133.139444,,,1,0,0,0,0,0,0,0,0,0,257,blue,0,0,0
88,,8810400,1,20261001,,,,,,,,,,,,,,,3,33.58111103185298,132.9925,,,1,0,0,0,0,0,0,0,0,0,257,blue,0,0,0
88,,8810410,1,20261001,1178,187,0,,,,,1008,328,0,,,,,3,33.61805603190595,132.933333,,,0,0,0,0,0,0,0,0,0,0,257,blue,1365,1336,2701
88,,8810420,1,20261001,1389,213,0,,,,,1265,407,0,,,,,3,33.62777803191986,132.916389,,,0,0,0,0,0,0,0,0,0,0,257,blue,1602,1672,3274
88,,8810430,1,20261001,1719,328,0,,,,,1740,503,0,,,,,3,33.646667031946905,132.905833,,,0,0,0,0,0,0,0,0,0,0,257,blue,2047,2243,4290
88,,8810450,1,20261001,,,,,,,,,,,,,,,3,33.68178252199708,132.8835762,,,1,0,0,0,0,0,0,0,0,0,257,blue,0,0,0
88,,8810510,1,20261001,,,,,,,,,,,,,,,3,33.73555603207373,132.811667,,,1,0,0,0,0,0,0,0,0,0,257,blue,0,0,0
88,,8810520,1,20261001,,,,,,,,,,,,,,,6,33.80277803216924,132.7775,,,1,0,0,0,0,1,1,0,0,0,257,blue,0,0,0
88,,8810530,1,20261001,,,,,,,,,,,,,,,3,33.80679213217494,132.7455604,,,1,0,0,0,0,1,1,0,0,0,257,blue,0,0,0
88,,8810560,1,20261001,906,133,0,,,,,613,110,0,,,,,3,33.883114032282926,134.645522,,,0,0,0,0,0,0,0,0,0,0,257,blue,1039,723,1762
88,,8810570,1,20261001,4365,838,0,,,,,3855,881,0,,,,,3,33.87310303226879,134.637228,,,0,0,0,0,0,0,0,0,0,0,257,blue,5203,4736,9939
88,,8810580,1,20261001,2719,612,0,,,,,2776,361,0,,,,,3,33.8064830321745,134.590708,,,0,0,0,0,0,0,0,0,0,0,257,blue,3331,3137,6468
88,,8810640,1,20261001,1600,372,0,,,,,1594,236,0,,,,,3,33.72289703205572,134.519397,,,0,0,0,0,0,0,0,0,0,0,257,blue,1972,1830,3802
88,,8810660,1,20261001,1888,478,0,,,,,2067,299,0,,,,,3,33.66041903196656,134.406369,,,0,0,0,0,0,1,1,0,0,0,257,blue,2366,2366,4732
88,,8810670,1,20261001,2055,160,0,,,,,1633,388,0,,,,,3,33.58200303185425,134.323467,,,0,0,0,0,0,0,0,0,0,0,257,blue,2215,2021,4236
88,,8810690,1,20261001,,,,,,,,,,,,,,,3,33.49111103172349,134.261667,,,1,0,0,0,0,2,2,1,0,0,257,blue,0,0,0
88,,8810720,1,20261001,,,,,,,,,,,,,,,3,33.33499901149748,134.1973409,,,1,0,0,0,0,0,0,0,0,0,257,blue,0,0,0
88,,8810730,1,20261001,15,2,0,,,,,575,83,0,,,,,3,33.2510477313752,134.1807112,,,0,0,0,0,0,0,0,0,0,0,257,blue,17,658,675
88,,8810740,1,20261001,,,,,,,,,,,,,,,3,33.29972203144615,134.123333,,,1,0,0,0,0,0,0,0,0,0,257,blue,0,0,0
88,,8810750,1,20261001,,,,,,,,,,,,,,,3,33.371439791550394,134.039855,,,1,0,0,0,0,0,0,0,0,0,257,blue,0,0,0
88,,8810760,1,20261001,2903,290,0,,,,,3106,550,0,,,,,3,33.42416703162678,134.023333,,,0,0,0,0,0,0,0,0,0,0,257,blue,3193,3656,6849
88,,8810780,1,20261001,3293,305,0,,,,,3256,773,0,,,,,3,33.441944031652504,133.966111,,,0,0,0,0,0,0,0,0,0,0,257,blue,3598,4029,7627
88,,8810820,1,20261001,,,,,,,,,,,,,,,3,33.5033880317412,133.878652,,,1,0,0,0,0,0,0,0,0,0,257,blue,0,0,0
88,,8810840,1,20261001,,,,,,,,,,,,,,,3,33.525000031772315,133.760278,,,1,0,0,0,0,0,0,0,0,0,257,blue,0,0,0
88,,8810850,1,20261001,,,,,,,,,,,,,,,3,33.42055603162157,133.301944,,,1,0,0,0,0,0,0,0,0,0,257,blue,0,0,0
88,,8810880,1,20261001,456,59,0,,,,,436,121,0,,,,,3,33.3074340314574,133.179556,,,0,0,0,0,0,0,0,0,0,0,257,blue,515,557,1072
88,,8810890,1,20261001,1067,297,0,,,,,5,0,0,,,,,3,33.28855103142989,133.172023,,,0,0,0,0,0,0,0,0,0,0,257,blue,1364,5,1369
88,,8810910,1,20261001,1232,251,0,,,,,4,2,0,,,,,3,33.266597031397886,133.171467,,,0,0,0,0,0,0,0,0,0,0,257,blue,1483,6,1489
88,,8810920,1,20261001,2303,606,0,,,,,2193,428,0,,,,,3,33.21880803132811,133.140708,,,0,0,0,0,0,0,0,0,0,0,257,blue,2909,2621,5530
88,,8810940,1,20261001,3657,453,0,,,,,3497,448,0,,,,,3,33.0089042010197,132.9856986,,,0,0,0,0,0,0,0,0,0,0,257,blue,4110,3945,8055
88,,8810960,1,20261001,2427,348,0,,,,,2151,506,0,,,,,3,32.97816103097427,132.889125,,,0,0,0,0,0,2,2,0,0,0,257,blue,2775,2657,5432
88,,8810970,1,20261001,2062,511,0,,,,,2006,289,0,,,,,3,32.977644030973515,132.885636,,,0,0,0,0,0,2,2,0,0,0,257,blue,2573,2295,4868
88,,8811000,1,20261001,5552,377,0,,,,,216,7,0,,,,,3,32.96687203095758,132.865489,,,0,0,0,0,0,2,2,0,0,0,257,blue,5929,223,6152
88,,8811020,1,20261001,,,,,,,,,,,,,,,3,32.96457803095418,132.816661,,,1,0,0,0,0,2,2,0,0,0,257,blue,0,0,0
88,,8811040,1,20261001,2262,410,0,,,,,2786,182,0,,,,,3,32.95833303094494,132.796389,,,0,0,0,0,0,3,3,0,0,0,257,blue,2672,2968,5640
88,,8811050,1,20261001,0,0,0,,,,,0,0,0,,,,,3,32.93641403091248,132.736475,,,0,0,0,0,0,3,3,0,0,0,257,blue,0,0,0
88,,8811060,1,20261001,1417,276,0,,,,,1380,172,0,,,,,3,32.969853030961985,132.683747,,,0,0,0,0,0,2,2,0,0,0,257,blue,1693,1552,3245
88,,8811070,1,20261001,,,,,,,,,,,,,,,3,32.970303030962654,132.665209,,,1,0,0,0,0,61,61,0,0,0,257,blue,0,0,0
88,,8811080,1,20261001,781,57,0,,,,,708,130,0,,,,,3,32.95232903093605,132.60067,,,0,0,0,0,0,65,65,0,0,0,257,blue,838,838,1676
88,,8811090,1,20261001,498,152,0,,,,,618,128,0,,,,,3,32.9541190309387,132.584276,,,0,0,0,0,0,219,219,0,0,0,257,blue,650,746,1396
88,,8811110,1,20261001,,,,,,,,,,,,,,,3,33.04654603107523,132.48536,,,1,0,0,0,0,35,35,0,0,0,257,blue,0,0,0
88,,8811130,1,20261001,1033,97,0,,,,,860,236,0,,,,,3,33.0789110311229,132.49507,,,1,0,0,0,0,194,194,0,0,0,257,blue,1130,1096,2226
88,,8811140,1,20261001,997,96,0,,,,,924,116,0,,,,,3,33.11350003117377,132.518333,,,1,0,0,0,0,35,35,0,0,0,257,blue,1093,1040,2133
88,,8811150,1,20261001,1315,248,0,,,,,1102,348,0,,,,,3,33.12469803119022,132.521282,,,1,0,0,0,0,194,194,0,0,0,257,blue,1563,1450,3013
88,,8811170,1,20261001,1707,399,0,,,,,1533,228,0,,,,,3,33.49517003172935,132.54537,,,0,0,0,0,0,0,0,0,0,0,257,blue,2106,1761,3867
88,,8811180,1,20261001,777,149,0,,,,,651,59,0,,,,,3,33.15677703123728,132.5469,,,1,0,0,0,0,199,199,0,0,0,257,blue,926,710,1636
88,,8811190,1,20261001,,,,,,,,,,,,,,,3,33.264024031394136,132.552651,,,1,0,0,0,0,0,0,0,0,0,257,blue,0,0,0
88,,8811210,1,20261001,7885,1264,0,,,,,7930,1680,0,,,,,3,33.23340003134943,132.559577,,,0,0,0,0,0,0,0,0,0,0,257,blue,9149,9610,18759
88,,8811220,1,20261001,3289,567,0,,,,,3238,757,0,,,,,3,33.21975503132949,132.55883,,,0,0,0,0,0,0,0,0,0,0,257,blue,3856,3995,7851
88,,8811230,1,20261001,7312,1490,0,,,,,8546,1076,0,,,,,3,33.21400003132108,132.545961,,,0,0,0,0,0,0,0,0,0,0,257,blue,8802,9622,18424
88,,8811240,1,20261001,2849,798,0,,,,,2935,449,0,,,,,3,33.187563031282394,132.543219,,,0,0,0,0,0,0,0,0,0,0,257,blue,3647,3384,7031
88,,8811250,1,20261001,,,,,,,,,,,,,,,3,33.623917031914345,132.69675,,,1,0,0,0,0,1,1,0,0,0,257,blue,0,0,0
88,,8811260,1,20261001,,,,,,,,,,,,,,,3,33.63910303193607,132.70852,,,1,0,0,0,0,0,0,0,0,0,257,blue,0,0,0
88,,8811300,1,20261001,3462,1006,0,,,,,3758,931,0,,,,,3,33.701111032024656,132.7075,,,0,0,0,0,0,0,0,0,0,0,257,blue,4468,4689,9157
88,,8811320,1,20261001,2798,476,0,,,,,2763,852,0,,,,,3,33.99242782243679,133.6034113,,,0,0,0,0,0,0,0,0,0,0,257,blue,3274,3615,6889
88,,8811330,1,20261001,1005,306,0,,,,,1236,445,0,,,,,3,33.99611044244195,133.6571521,,,0,0,0,0,0,1,1,0,0,0,257,blue,1311,1681,2992
88,,8811360,1,20261001,1032,451,0,,,,,1300,441,0,,,,,3,34.015556032469206,133.77361100000002,,,0,0,0,0,0,0,0,0,0,0,257,blue,1483,1741,3224
88,,8811430,1,20261001,,,,,,,,,,,,,,,3,33.981944032422064,132.778333,,,1,0,0,0,0,0,0,0,0,0,257,blue,0,0,0
88,,8811450,1,20261001,,,,,,,,,,,,,,,3,33.98044403241997,133.057088,,,1,0,0,0,0,0,0,0,0,0,257,blue,0,0,0
89,,9810010,1,20261001,10262,817,0,,,,,8694,1003,0,,,,,3,33.86852803226232,130.79675,,,0,0,0,0,0,0,0,0,0,0,257,blue,11079,9697,20776
89,,9810020,1,20261001,,,,,,,,,,,,,,,3,33.835259032215276,130.608521,,,1,0,0,0,0,1,1,0,0,0,257,blue,0,0,0
89,,9810030,1,20261001,1833,654,0,,,,,2346,401,0,,,,,3,33.78978203215081,130.567337,,,0,0,0,0,0,0,0,0,0,0,257,blue,2487,2747,5234
89,,9810040,1,20261001,23671,2216,0,,,,,23293,2681,0,,,,,3,33.744955032087105,130.488242,,,0,0,0,0,0,0,0,0,0,0,257,blue,25887,25974,51861
89,,9810050,1,20261001,,,,,,,,,,,,,,,3,33.73691203207566,130.478193,,,1,0,0,0,0,0,0,0,0,0,257,blue,0,0,0
89,,9810070,1,20261001,16066,3266,0,,,,,18508,3896,0,,,,,3,33.52600403177376,130.49557,,,0,0,0,0,0,0,0,0,0,0,257,blue,19332,22404,41736
89,,9810080,1,20261001,17526,2849,0,,,,,15702,2735,0,,,,,3,33.51100303175216,130.511069,,,0,0,0,0,0,0,0,0,0,0,257,blue,20375,18437,38812
89,,9810090,1,20261001,16874,2325,0,,,,,19076,3635,0,,,,,3,33.510200031751005,130.520977,,,0,0,0,0,0,0,0,0,0,0,257,blue,19199,22711,41910
89,,9810100,1,20261001,12191,2837,0,,,,,13371,2693,0,,,,,3,33.477797031704284,130.53932,,,0,0,0,0,0,0,0,0,0,0,257,blue,15028,16064,31092
89,,9810120,1,20261001,,,,,,,,,,,,,,,3,33.33966203150427,130.525942,,,1,,,,,,,,,,257,blue,0,0,0
89,,9810130,1,20261001,2627,1324,0,,,,,2378,1485,0,,,,,3,33.19870703129871,130.60119,,,0,0,0,0,0,0,0,0,0,0,257,blue,3951,3863,7814
89,,9810140,1,20261001,,,,,,,,,,,,,,,3,33.170447031257325,130.617432,,,1,0,0,0,0,0,0,0,0,0,257,blue,0,0,0
89,,9810150,1,20261001,14790,2459,0,,,,,15341,2071,0,,,,,3,33.86806903226167,130.775199,,,0,0,0,0,0,0,0,0,0,0,257,blue,17249,17412,34661
89,,9810160,1,20261001,14783,1827,0,,,,,,,,,,,,3,33.86432503225638,130.74688,,,0,0,0,0,0,0,0,0,0,0,257,blue,16610,0,16610
89,,9810170,1,20261001,,,,,,,,,,,,,,,3,33.648732031949855,130.441499,,,1,0,0,0,0,0,0,0,0,0,257,blue,0,0,0
89,,9810180,1,20261001,23415,3563,0,,,,,22739,3430,0,,,,,3,33.61500003190157,130.438611,,,0,0,0,0,0,0,0,0,0,0,257,blue,26978,26169,53147
89,,9810190,1,20261001,,,,,,,,,,,,,,,3,33.4496850316637,130.546326,,,1,0,0,0,0,0,0,0,0,0,257,blue,0,0,0
89,,9810200,1,20261001,,,,,,,,,,,,,,,3,33.41916903161956,130.532642,,,1,,,,,,,,,,257,blue,0,0,0
89,,9810210,1,20261001,5190,1560,0,,,,,6150,1244,0,,,,,3,32.92737203089908,130.698429,,,0,0,0,0,0,0,0,0,0,0,257,blue,6750,7394,14144
89,,9810230,1,20261001,1306,297,0,,,,,1273,301,0,,,,,3,32.33541003001024,130.485852,,,0,0,0,0,0,0,0,0,0,0,257,blue,1603,1574,3177
89,,9810240,1,20261001,1272,213,0,,,,,1267,188,0,,,,,3,32.24685302987536,130.498828,,,0,0,0,0,0,0,0,0,0,0,257,blue,1485,1455,2940
89,,9810260,1,20261001,,,,,,,,,,,,,,,3,32.06933302960361,130.240833,,,1,0,0,0,0,0,0,0,0,0,257,blue,0,0,0
89,,9810270,1,20261001,,,,,,,,,,,,,,,3,32.05996802958923,130.223169,,,1,0,0,0,0,0,0,0,0,0,257,blue,0,0,0
89,,9810280,1,20261001,,,,,,,,,,,,,,,3,32.00103302949858,130.195866,,,1,0,0,0,0,0,0,0,0,0,257,blue,0,0,0
89,,9810290,1,20261001,,,,,,,,,,,,,,,3,31.77354502914685,130.301221,,,1,0,0,0,0,0,0,0,0,0,257,blue,0,0,0
89,,9810300,1,20261001,,,,,,,,,,,,,,,3,31.752394029113987,130.297198,,,1,0,0,0,0,0,0,0,0,0,257,blue,0,0,0
89,,9810310,1,20261001,,,,,,,,,,,,,,,3,31.671780028988586,130.334671,,,1,0,0,0,0,0,0,0,0,0,257,blue,0,0,0
89,,9810320,1,20261001,5522,677,0,,,,,5936,742,0,,,,,3,31.644384028945897,130.514685,,,0,0,0,0,0,0,0,0,0,0,257,blue,6199,6678,12877
89,,9810330,1,20261001,12433,877,0,,,,,11091,681,0,,,,,3,31.593127028865894,130.55217,,,0,0,0,0,0,0,0,0,0,0,257,blue,13310,11772,25082
89,,9810340,1,20261001,,,,,,,,,,,,,,,3,31.774587029148464,130.294585,,,1,0,0,0,0,0,0,0,0,0,257,blue,0,0,0
89,,9810350,1,20261001,,,,,,,,12020,1762,0,,,,,3,31.586173028855043,130.521497,,,0,0,0,0,0,0,0,0,0,0,257,blue,0,13782,13782
89,,9810360,1,20261001,,,,,,,,,,,,,,,3,33.6356250319311,131.074923,,,1,0,0,0,0,6,6,0,5,0,257,blue,0,0,0
89,,9810370,1,20261001,,,,,,,,,,,,,,,3,33.60811903189171,131.1134,,,0,0,0,0,0,252,252,253,191,0,257,blue,0,0,0
89,,9810380,1,20261001,3693,1186,0,,,,,3565,1383,0,,,,,3,33.55407703181414,131.25154,,,0,0,0,0,0,0,0,0,0,0,257,blue,4879,4948,9827
89,,9810390,1,20261001,2547,585,0,,,,,2393,694,0,,,,,3,33.47356403169818,131.495973,,,0,0,0,0,0,0,0,0,0,0,257,blue,3132,3087,6219
89,,9810400,1,20261001,3354,636,0,,,,,3341,791,0,,,,,3,33.4199570316207,131.549075,,,0,0,0,0,0,0,0,0,0,0,257,blue,3990,4132,8122
89,,9810410,1,20261001,,,,,,,,,,,,,,,3,33.35718603152971,131.497308,,,1,0,0,0,0,0,0,0,0,0,257,blue,0,0,0
89,,9810420,1,20261001,17691,1821,0,,,,,18069,2284,0,,,,,3,33.28844603142974,131.50415600000002,,,0,0,0,0,0,0,0,0,0,0,257,blue,19512,20353,39865
89,,9810430,1,20261001,10155,1128,0,,,,,9993,1066,0,,,,,3,33.1773230312674,131.619615,,,0,0,0,0,0,0,0,0,0,0,257,blue,11283,11059,22342
89,,9810440,1,20261001,,,,,,,,8139,1684,0,,,,,3,33.091164031140934,131.647172,,,0,0,0,0,0,0,0,0,0,0,257,blue,0,9823,9823
89,,9810450,1,20261001,140,25,0,,,,,71,13,0,,,,,3,33.07813503112177,131.638559,,,1,0,0,0,0,48,48,0,97,0,257,blue,165,84,249
89,,9810460,1,20261001,94,21,0,,,,,113,36,0,,,,,3,33.03375103105637,131.689156,,,1,0,0,0,0,26,26,0,55,0,257,blue,115,149,264
89,,9810470,1,20261001,47,7,0,,,,,55,12,0,,,,,3,33.001599031008915,131.788698,,,1,0,0,0,0,64,64,0,93,0,257,blue,54,67,121
89,,9810480,1,20261001,109,17,0,,,,,91,28,0,,,,,3,32.95275303093668,131.841525,,,1,0,0,0,0,52,52,0,94,0,257,blue,126,119,245
89,,9810490,1,20261001,47,15,0,,,,,51,7,0,,,,,3,32.92192503089102,131.801353,,,1,0,0,0,0,25,25,0,56,0,257,blue,62,58,120
89,,9810500,1,20261001,10,3,0,,,,,4,5,0,,,,,3,32.84521503077709,131.718143,,,1,0,0,0,0,24,24,1,57,0,257,blue,13,9,22
89,,9810510,1,20261001,2386,855,0,,,,,2320,739,0,,,,,3,33.53550003178742,131.301439,,,0,0,0,0,0,0,0,0,0,0,257,blue,3241,3059,6300
89,,9810520,1,20261001,,,,,,,,9017,818,0,,,,,3,33.17727003126732,131.636491,,,0,0,0,0,0,0,0,0,0,0,257,blue,0,9835,9835
89,,9810530,1,20261001,2,2,0,,,,,4,1,0,,,,,3,32.76588703065887,131.69922,,,1,0,0,0,0,38,38,0,84,0,257,blue,4,5,9
89,,9810540,1,20261001,2,0,0,,,,,0,0,0,,,,,3,32.73308003060985,131.712307,,,1,0,0,0,0,9,9,0,29,0,257,blue,2,0,2
89,,9810550,1,20261001,3,0,0,,,,,2,2,0,,,,,3,32.680641030531355,131.69547,,,1,0,0,0,0,10,10,1,33,0,257,blue,3,4,7
89,,9810560,1,20261001,2,0,0,,,,,8,2,0,,,,,3,32.6162990304348,131.682165,,,1,0,0,0,0,18,18,1,38,0,257,blue,2,10,12
89,,9810580,1,20261001,30,3,0,,,,,21,3,0,,,,,3,32.56240603035372,131.681538,,,1,0,0,0,0,5,5,0,17,0,257,blue,33,24,57
89,,9810590,1,20261001,,,,,,,,,,,,,,,3,32.512945030279155,131.682071,,,0,0,0,0,0,73,73,174,137,0,257,blue,0,0,0
89,,9810600,1,20261001,6,1,0,,,,,0,2,0,,,,,3,32.505475030267874,131.671612,,,1,0,0,0,0,14,14,0,38,0,257,blue,7,2,9
89,,9810610,1,20261001,21,6,0,,,,,19,4,0,,,,,3,32.48380003023514,131.65983,,,1,0,0,0,0,6,6,0,19,0,257,blue,27,23,50
89,,9810620,1,20261001,8,1,0,,,,,5,0,0,,,,,3,32.44750003018023,131.634167,,,0,0,0,0,0,12,12,0,32,0,257,blue,9,5,14
89,,9810630,1,20261001,14,3,0,,,,,10,4,0,,,,,3,32.34169203001978,131.615818,,,1,0,0,0,0,9,9,0,29,0,257,blue,17,14,31
89,,9810640,1,20261001,,,,,,,,,,,,,,,3,32.118920029679714,131.525151,,,1,0,0,0,0,19,19,1,60,0,257,blue,0,0,0
89,,9810650,1,20261001,,,,,,,,,,,,,,,3,32.04093702955998,131.469141,,,1,0,0,0,0,34,34,0,90,0,257,blue,0,0,0
89,,9810660,1,20261001,,,,,,,,,,,,,,,3,31.943136029409334,131.344339,,,1,0,0,0,0,0,0,0,0,0,257,blue,0,0,0
89,,9810670,1,20261001,,,,,,,,,,,,,,,3,31.95151902942227,131.26782500000002,,,1,0,0,0,0,0,0,0,0,0,257,blue,0,0,0
89,,9810680,1,20261001,,,,,,,,,,,,,,,3,31.916759029368613,131.228421,,,1,0,0,0,0,0,0,0,0,0,257,blue,0,0,0
89,,9810690,1,20261001,,,,,,,,,,,,,,,3,31.831007029235955,131.126939,,,1,0,0,0,0,0,0,0,0,0,257,blue,0,0,0
89,,9810700,1,20261001,,,,,,,,,,,,,,,3,31.70972202904765,131.054167,,,1,0,0,0,0,0,0,0,0,0,257,blue,0,0,0
89,,9810710,1,20261001,,,,,,,,,,,,,,,3,31.70997802904806,131.024809,,,1,0,0,0,0,0,0,0,0,0,257,blue,0,0,0
89,,9810720,1,20261001,,,,,,,,,,,,,,,3,31.661481028972545,130.889721,,,1,0,0,0,0,0,0,0,0,0,257,blue,0,0,0
89,,9810730,1,20261001,,,,,,,,,,,,,,,3,31.723242029068686,130.809578,,,1,0,0,0,0,0,0,0,0,0,257,blue,0,0,0
89,,9810740,1,20261001,,,,,,,,,,,,,,,3,33.30389903145224,130.368554,,,1,,,,,,,,,,257,blue,0,0,0
89,,9810750,1,20261001,,,,,,,,,,,,,,,3,33.27419603140898,130.293549,,,1,,,,,,,,,,257,blue,0,0,0
89,,9810760,1,20261001,,,,,,,,,,,,,,,3,33.26474303139519,130.245086,,,1,,,,,,,,,,257,blue,0,0,0
89,,9810770,1,20261001,,,,,,,,,,,,,,,3,33.26041603138888,130.218458,,,1,,,,,,,,,,257,blue,0,0,0
89,,9810780,1,20261001,,,,,,,,,,,,,,,3,33.23447503135101,130.18203100000002,,,1,,,,,,,,,,257,blue,0,0,0
89,,9810790,1,20261001,,,,,,,,,,,,,,,3,33.22225103133315,130.172161,,,1,,,,,,,,,,257,blue,0,0,0
89,,9810800,1,20261001,,,,,,,,,,,,,,,3,33.219025031328435,130.143217,,,1,,,,,,,,,,257,blue,0,0,0
89,,9810810,1,20261001,,,,,,,,,,,,,,,3,33.21595003132393,130.087452,,,1,,,,,,,,,,257,blue,0,0,0
89,,9810820,1,20261001,,,,,,,,,,,,,,,3,33.21877403132806,130.052459,,,1,,,,,,,,,,257,blue,0,0,0
89,,9810830,1,20261001,,,,,,,,,,,,,,,3,33.207839031312076,130.047967,,,1,,,,,,,,,,257,blue,0,0,0
89,,9810840,1,20261001,,,,,,,,,,,,,,,3,33.07291503111407,129.960829,,,1,0,0,0,0,0,0,0,0,0,257,blue,0,0,0
89,,9810850,1,20261001,5566,945,0,,,,,5624,1023,0,,,,,3,32.995999031000636,129.948701,,,0,0,0,0,0,0,0,0,0,0,257,blue,6511,6647,13158
89,,9810860,1,20261001,,,,,,,,,,,,,,,3,32.9044610308651,129.957531,,,1,0,0,0,0,0,0,0,0,0,257,blue,0,0,0
89,,9810870,1,20261001,,,,,,,,,,,,,,,3,32.8905010308444,129.971348,,,1,0,0,0,0,0,0,0,0,0,257,blue,0,0,0
89,,9810890,1,20261001,,,,,,,,,,,,,,,3,32.87494503082128,130.02412,,,1,0,0,0,0,0,0,0,0,0,257,blue,0,0,0
89,,9810900,1,20261001,,,,,,,,,,,,,,,3,32.83967403076884,130.024592,,,1,0,0,0,0,0,0,0,0,0,257,blue,0,0,0
89,,9810910,1,20261001,,,,,,,,,,,,,,,3,33.19594003129466,129.977938,,,1,0,0,0,0,0,0,0,0,0,257,blue,0,0,0
89,,9810920,1,20261001,238,39,0,,,,,221,36,0,,,,,3,33.191150031287656,129.943948,,,1,0,0,0,0,0,0,0,0,0,257,blue,277,257,534
89,,9810930,1,20261001,97,29,0,,,,,70,26,0,,,,,3,33.18881403128423,129.9054,,,0,0,0,0,0,2,2,1,0,0,257,blue,126,96,222
89,,9810940,1,20261001,36,19,0,,,,,40,7,0,,,,,3,32.97184603096493,131.383534,,,1,0,0,0,0,25,25,0,56,0,257,blue,55,47,102
89,,9810950,1,20261001,137,44,0,,,,,118,39,0,,,,,3,32.96828103095967,131.382552,,,1,0,0,0,0,18,18,1,55,0,257,blue,181,157,338
89,,9810960,1,20261001,33,25,0,,,,,37,29,0,,,,,3,32.96091703094877,131.248695,,,1,0,0,0,0,21,21,0,54,0,257,blue,58,66,124
89,,9810970,1,20261001,158,42,0,,,,,0,2,0,,,,,3,33.03288603105509,131.537821,,,1,0,0,0,0,39,39,0,89,0,257,blue,200,2,202
89,,9810980,1,20261001,,,,,,,,,,,,,,,3,33.00262303101042,131.45315500000004,,,1,0,0,0,0,115,115,178,124,0,257,blue,0,0,0
89,,9810990,1,20261001,,,,,,,,,,,,,,,3,32.96097103094884,131.244117,,,1,0,0,0,0,0,0,0,0,0,257,blue,0,0,0
89,,9811000,1,20261001,,,,,,,,,,,,,,,3,32.93530403091085,131.035064,,,1,0,0,0,0,0,0,0,0,0,257,blue,0,0,0
89,,9811010,1,20261001,,,,,,,,,,,,,,,3,32.87672503082393,130.954853,,,1,0,0,0,0,0,0,0,0,0,257,blue,0,0,0
89,,9811020,1,20261001,,,,,,,,,,,,,,,3,32.614306030431806,130.462111,,,1,0,0,0,0,0,0,0,0,0,257,blue,0,0,0
89,,9811030,1,20261001,,,,,,,,,,,,,,,3,32.72539603059835,130.251342,,,1,,,,,,,,,,257,blue,0,0,0
89,,9811040,1,20261001,,,,,,,,,,,,,,,3,32.72077403059144,130.234748,,,1,,,,,,,,,,257,blue,0,0,0
89,,9811050,1,20261001,,,,,,,,,,,,,,,3,32.73587103061402,130.209003,,,1,,,,,,,,,,257,blue,0,0,0
89,,9811060,1,20261001,,,,,,,,,,,,,,,3,32.808908030723025,130.149506,,,1,,,,,,,,,,257,blue,0,0,0
89,,9811070,1,20261001,,,,,,,,,,,,,,,3,32.836521030764146,130.094768,,,1,,,,,,,,,,257,blue,0,0,0
89,,9811080,1,20261001,,,,,,,,,,,,,,,3,32.83196203075736,130.053336,,,1,,,,,,,,,,257,blue,0,0,0
89,,9811090,1,20261001,,,,,,,,,,,,,,,3,33.61888103190713,130.568781,,,0,0,0,0,0,248,248,2,191,0,257,blue,0,0,0
89,,9811100,1,20261001,1,1,0,,,,,0,1,0,,,,,3,33.61860003190672,130.579442,,,0,0,0,0,0,222,222,3,192,0,257,blue,2,1,3
89,,9811110,1,20261001,,,,,,,,,,,,,,,3,33.62194303191151,130.588462,,,1,0,0,0,0,1,1,0,1,0,257,blue,0,0,0
89,,9811120,1,20261001,,,,,,,,,,,,,,,3,33.65684603196145,130.750269,,,1,0,0,0,0,1,1,0,1,0,257,blue,0,0,0
89,,9811130,1,20261001,,,,,,,,,,,,,,,3,33.6514250319537,130.761828,,,1,,,,,,,,,,257,blue,0,0,0
89,,9811140,1,20261001,,,,,,,,,,,,,,,3,33.64137503193933,130.764099,,,1,0,0,0,0,1,1,0,1,0,257,blue,0,0,0
89,,9811150,1,20261001,,,,,,,,,,,,,,,3,33.65331703195642,130.807798,,,1,0,0,0,0,1,1,0,1,0,257,blue,0,0,0
89,,9811170,1,20261001,,,,,,,,,,,,,,,3,33.37200003155121,130.3311,,,1,,,,,,,,,,257,blue,0,0,0
89,,9811180,1,20261001,,,,,,,,,,,,,,,3,33.6231190319132,130.671342,,,1,,,,,,,,,,257,blue,0,0,0
89,,9811190,1,20261001,,,,,,,,,,,,,,,3,33.74379703208545,130.970335,,,1,0,0,0,0,0,0,0,0,0,257,blue,0,0,0
89,,9811210,1,20261001,2474,174,0,,,,,2353,263,0,,,,,3,33.50948303174998,130.110769,,,0,0,0,0,0,0,0,0,0,0,257,blue,2648,2616,5264
89,,9811220,1,20261001,1195,105,0,,,,,1051,74,0,,,,,3,33.501667031738705,130.069167,,,0,0,0,0,0,0,0,0,0,0,257,blue,1300,1125,2425
89,,9811240,1,20261001,4131,933,0,,,,,0,0,0,,,,,3,33.522842031769216,130.168427,,,0,0,0,0,0,0,0,0,0,0,257,blue,5064,0,5064
89,,9811250,1,20261001,6693,840,0,,,,,4,10,0,,,,,3,33.51344603175569,130.14563,,,0,0,0,0,0,0,0,0,0,0,257,blue,7533,14,7547
89,,9811260,1,20261001,1265,116,0,,,,,1322,87,0,,,,,3,33.45431303167039,130.042275,,,0,0,0,0,0,0,0,0,0,0,257,blue,1381,1409,2790
89,,9811270,1,20261001,7300,751,0,,,,,6240,983,0,,,,,3,33.431110031636834,129.991737,,,0,0,0,0,0,0,0,0,0,0,257,blue,8051,7223,15274
89,,9811280,1,20261001,,,,,,,,,,,,,,,3,33.348904031517684,129.933234,,,1,0,0,0,0,0,0,0,0,0,257,blue,0,0,0
89,,9811290,1,20261001,,,,,,,,,,,,,,,3,33.331844031492885,129.928169,,,1,0,0,0,0,0,0,0,0,0,257,blue,0,0,0
89,,9811300,1,20261001,600,81,0,,,,,592,46,0,,,,,3,33.268208031400235,129.88248900000002,,,0,0,0,0,0,0,0,0,0,0,257,blue,681,638,1319
89,,9811310,1,20261001,,,,,,,,,,,,,,,3,33.24091903136041,129.850727,,,1,0,0,0,0,0,0,0,0,0,257,blue,0,0,0
89,,9811320,1,20261001,2657,419,0,,,,,2663,406,0,,,,,3,33.45989003167844,130.040128,,,0,0,0,0,0,0,0,0,0,0,257,blue,3076,3069,6145
89,,9811330,1,20261001,353,65,0,,,,,290,49,0,,,,,3,33.38450403156936,129.984455,,,1,0,0,0,0,0,0,0,0,0,257,blue,418,339,757
89,,9811340,1,20261001,,,,,,,,,,,,,,,6,33.31161503146347,130.070351,,,1,,,,,,,,,,257,blue,0,0,0
89,,9811350,1,20261001,,,,,,,,,,,,,,,3,33.304966031453795,130.076971,,,1,,,,,,,,,,257,blue,0,0,0
89,,9811360,1,20261001,5854,1134,0,,,,,6191,1053,0,,,,,3,33.29002103143203,130.168151,,,0,0,0,0,0,0,0,0,0,0,257,blue,6988,7244,14232
89,,9811370,1,20261001,2970,404,0,,,,,3151,315,0,,,,,3,33.327444031486486,130.034833,,,0,0,0,0,0,0,0,0,0,0,257,blue,3374,3466,6840
89,,9811380,1,20261001,138,24,0,,,,,159,46,0,,,,,3,33.29362203143727,130.116435,,,1,0,0,0,0,0,0,0,0,0,257,blue,162,205,367
89,,9811390,1,20261001,,,,,,,,,,,,,,,3,33.03691103106103,129.918279,,,1,,,,,,,,,,257,blue,0,0,0
89,,9811400,1,20261001,,,,,,,,,,,,,,,3,32.90829103087079,130.661481,,,1,0,0,0,0,0,0,0,0,0,257,blue,0,0,0
89,,9811410,1,20261001,5754,293,0,,,,,5411,206,0,,,,,3,33.01722203103198,130.439722,,,0,0,0,0,0,0,0,0,0,0,257,blue,6047,5617,11664
89,,9811420,1,20261001,6660,561,0,,,,,6872,543,0,,,,,3,33.05710503109079,130.465234,,,0,0,0,0,0,0,0,0,0,0,257,blue,7221,7415,14636
89,,9811450,1,20261001,5153,1091,0,,,,,4956,1176,0,,,,,3,33.01280003102545,130.425184,,,1,0,0,0,0,0,0,0,0,0,257,blue,6244,6132,12376
89,,9811460,1,20261001,7903,1243,0,,,,,7740,1586,0,,,,,3,33.140861031213944,130.422417,,,0,0,0,0,0,0,0,0,0,0,257,blue,9146,9326,18472
89,,9811461,1,20261001,5125,1067,0,,,,,6069,1252,0,,,,,3,33.184560031278004,130.387933,,,0,0,0,0,0,0,0,0,0,0,257,blue,6192,7321,13513
89,,9811470,1,20261001,,,,,,,,,,,,,,,3,33.0462530310748,130.431406,,,1,0,0,0,0,0,0,0,0,0,257,blue,0,0,0
89,,9811480,1,20261001,6659,1431,0,,,,,5747,1212,0,,,,,3,33.055717031088754,130.4292,,,0,0,0,0,0,0,0,0,0,0,257,blue,8090,6959,15049
89,,9811490,1,20261001,6592,1099,0,,,,,8579,1774,0,,,,,3,33.069783031109466,130.42405,,,0,0,0,0,0,0,0,0,0,0,257,blue,7691,10353,18044
89,,9811500,1,20261001,7821,1630,0,,,,,7076,1463,0,,,,,3,33.077520031120855,130.428242,,,0,0,0,0,0,0,0,0,0,0,257,blue,9451,8539,17990
89,,9811510,1,20261001,7276,1315,0,,,,,7674,1589,0,,,,,3,33.08238303112801,130.433017,,,0,0,0,0,0,0,0,0,0,0,257,blue,8591,9263,17854
89,,9811520,1,20261001,5739,1257,0,,,,,5677,1122,0,,,,,3,33.11826103118075,130.430375,,,0,0,0,0,0,0,0,0,0,0,257,blue,6996,6799,13795
89,,9811540,1,20261001,5705,867,0,,,,,5751,628,0,,,,,3,33.15753403123839,130.478771,,,0,0,0,0,0,0,0,0,0,0,257,blue,6572,6379,12951
89,,9811550,1,20261001,6133,991,0,,,,,6569,1055,0,,,,,3,33.22942603134362,130.505954,,,0,0,0,0,0,0,0,0,0,0,257,blue,7124,7624,14748
89,,9811560,1,20261001,7692,1262,0,,,,,6832,1197,0,,,,,3,33.23505203135184,130.507151,,,0,0,0,0,0,0,0,0,0,0,257,blue,8954,8029,16983
89,,9811570,1,20261001,6274,1163,0,,,,,6835,1159,0,,,,,3,33.24799503137074,130.509483,,,0,0,0,0,0,0,0,0,0,0,257,blue,7437,7994,15431
89,,9811580,1,20261001,6511,1063,0,,,,,6342,994,0,,,,,3,33.25651503138319,130.509461,,,0,0,0,0,0,0,0,0,0,0,257,blue,7574,7336,14910
89,,9811590,1,20261001,76,16,0,,,,,3042,754,0,,,,,3,33.31995703147561,130.594037,,,0,0,0,0,0,0,0,0,0,0,257,blue,92,3796,3888
89,,9811600,1,20261001,3378,707,0,,,,,3980,680,0,,,,,3,33.345255031512394,130.730893,,,0,0,0,0,0,0,0,0,0,0,257,blue,4085,4660,8745
89,,9811610,1,20261001,3686,515,0,,,,,4153,646,0,,,,,3,33.3437500315102,130.752694,,,0,0,0,0,0,0,0,0,0,0,257,blue,4201,4799,9000
89,,9811620,1,20261001,2448,408,0,,,,,2417,561,0,,,,,3,33.33338803149515,130.801953,,,0,0,0,0,0,0,0,0,0,0,257,blue,2856,2978,5834
89,,9811650,1,20261001,3579,692,0,,,,,3585,684,0,,,,,3,33.331960031493075,130.852326,,,0,0,0,0,0,0,0,0,0,0,257,blue,4271,4269,8540
89,,9811660,1,20261001,1827,217,0,,,,,1802,427,0,,,,,3,33.307732031457824,130.915379,,,0,0,0,0,0,0,0,0,0,0,257,blue,2044,2229,4273
89,,9811670,1,20261001,3312,945,0,,,,,3196,626,0,,,,,3,33.29883403144486,130.938844,,,0,0,0,0,0,0,0,0,0,0,257,blue,4257,3822,8079
89,,9811680,1,20261001,,,,,,,,,,,,,,,3,33.29818903144393,130.952388,,,1,0,0,0,0,0,0,0,0,0,257,blue,0,0,0
89,,9811690,1,20261001,3145,712,0,,,,,3273,565,0,,,,,3,33.29921203144541,130.96937,,,0,0,0,0,0,0,0,0,0,0,257,blue,3857,3838,7695
89,,9811700,1,20261001,,,,,,,,,,,,,,,3,33.261645031390664,131.01058,,,1,0,0,0,0,0,0,0,0,0,257,blue,0,0,0
89,,9811710,1,20261001,2913,1012,0,,,,,3141,694,0,,,,,3,33.28000003141744,131.128611,,,0,0,0,0,0,0,0,0,0,0,257,blue,3925,3835,7760
89,,9811720,1,20261001,1878,790,0,,,,,1656,493,0,,,,,3,33.237877031355964,131.175263,,,0,0,0,0,0,0,0,0,0,0,257,blue,2668,2149,4817
89,,9811730,1,20261001,,,,,,,,,,,,,,,3,33.2405000313598,131.224187,,,1,0,0,0,0,0,0,0,0,0,257,blue,0,0,0
89,,9811740,1,20261001,1310,653,0,,,,,1514,649,0,,,,,3,33.25496403138093,131.328533,,,0,0,0,0,0,0,0,0,0,0,257,blue,1963,2163,4126
89,,9811750,1,20261001,1347,1615,0,,,,,2473,818,0,,,,,3,33.23715803135492,131.323213,,,0,0,0,0,0,0,0,0,0,0,257,blue,2962,3291,6253
89,,9811760,1,20261001,179,120,0,,,,,7971,1213,0,,,,,3,33.18331803127619,131.452171,,,0,0,0,0,0,0,0,0,0,0,257,blue,299,9184,9483
89,,9811770,1,20261001,,,,,,,,,,,,,,,3,31.760789029127036,131.4707,,,1,0,0,0,0,0,0,0,0,0,257,blue,0,0,0
89,,9811780,1,20261001,,,,,,,,,,,,,,,3,31.559046028812634,131.38327000000004,,,1,0,0,0,0,0,0,0,0,0,257,blue,0,0,0
89,,9811790,1,20261001,,,,,,,,,,,,,,,3,31.547715028794922,131.378628,,,1,0,0,0,0,0,0,0,0,0,257,blue,0,0,0
89,,9811800,1,20261001,,,,,,,,,,,,,,,3,31.546675028793285,131.361225,,,1,0,0,0,0,0,0,0,0,0,257,blue,0,0,0
89,,9811810,1,20261001,,,,,,,,,,,,,,,3,31.45214102864519,131.212192,,,1,0,0,0,0,0,0,0,0,0,257,blue,0,0,0
89,,9811820,1,20261001,,,,,,,,,,,,,,,3,31.46555602866623,131.154444,,,1,0,0,0,0,0,0,0,0,0,257,blue,0,0,0
89,,9811830,1,20261001,,,,,,,,,,,,,,,3,31.447659028638157,131.051761,,,1,0,0,0,0,0,0,0,0,0,257,blue,0,0,0
89,,9811840,1,20261001,,,,,,,,,,,,,,,3,31.388108028544615,130.811533,,,1,0,0,0,0,0,0,0,0,0,257,blue,0,0,0
89,,9811850,1,20261001,,,,,,,,,,,,,,,3,31.41813502859181,130.764377,,,1,0,0,0,0,0,0,0,0,0,257,blue,0,0,0
89,,9811860,1,20261001,882,272,0,,,,,904,290,0,,,,,3,31.542976028787507,130.706877,,,0,0,0,0,0,0,0,0,0,0,257,blue,1154,1194,2348
89,,9811870,1,20261001,,,,,,,,,,,,,,,3,31.557778028810663,130.718333,,,1,0,0,0,0,0,0,0,0,0,257,blue,0,0,0
89,,9811880,1,20261001,,,,,,,,,,,,,,,3,31.647658028950993,130.819552,,,1,0,0,0,0,0,0,0,0,0,257,blue,0,0,0
89,,9811900,1,20261001,,,,,,,,,,,,,,,3,31.27982902837409,130.291795,,,1,0,0,0,0,0,0,0,0,0,257,blue,0,0,0
89,,9811910,1,20261001,,,,,,,,,,,,,,,3,31.2913800283923,130.293564,,,1,0,0,0,0,2,2,0,0,0,257,blue,0,0,0
89,,9811920,1,20261001,1374,179,0,,,,,1378,108,0,,,,,3,31.327343028448986,130.334728,,,0,0,0,0,0,0,0,0,0,0,257,blue,1553,1486,3039
89,,9811930,1,20261001,,,,,,,,,,,,,,,3,31.494637028711818,130.506308,,,1,0,0,0,0,0,0,0,0,0,257,blue,0,0,0
89,,9811940,1,20261001,,,,,,,,,,,,,,,3,31.527877028763886,130.521631,,,1,0,0,0,0,0,0,0,0,0,257,blue,0,0,0
89,,9811950,1,20261001,3981,379,0,,,,,3710,564,0,,,,,3,31.289730028389716,130.60717200000002,,,0,0,0,0,0,0,0,0,0,0,257,blue,4360,4274,8634
89,,9811960,1,20261001,4175,437,0,,,,,4208,622,0,,,,,3,31.323917028443603,130.564308,,,0,0,0,0,0,0,0,0,0,0,257,blue,4612,4830,9442
89,,9811970,1,20261001,,,,,,,,,,,,,,,3,31.466390028667544,130.513245,,,1,0,0,0,0,0,0,0,0,0,257,blue,0,0,0
89,,9811980,1,20261001,,,,,,,,,,,,,,,3,33.34976603151893,129.764492,,,1,,,,,,,,,,257,blue,0,0,0
89,,9812010,1,20261001,,,,,,,,,,,,,,,3,33.13956403121204,129.784069,,,1,,,,,,,,,,257,blue,0,0,0
89,,9812020,1,20261001,,,,,,,,,,,,,,,3,33.28640603142677,130.150153,,,1,,,,,,,,,,257,blue,0,0,0
89,,9812030,1,20261001,4971,1074,0,,,,,4601,999,0,,,,,3,33.0852950311323,131.637799,,,0,0,0,0,0,0,0,0,0,0,257,blue,6045,5600,11645
89,,9812040,1,20261001,2444,601,0,,,,,1932,442,0,,,,,3,32.56861103036308,131.553056,,,0,0,0,0,0,0,0,0,0,0,257,blue,3045,2374,5419
89,,9812050,1,20261001,,,,,,,,,,,,,,,3,33.55027803180869,130.478333,,,1,,,,,,,,,,257,blue,0,0,0
89,,9812060,1,20261001,,,,,,,,,,,,,,,3,32.92625003089743,131.00539,,,1,,,,,,,,,,257,blue,0,0,0
89,,9812070,1,20261001,3476,807,0,,,,,3592,788,0,,,,,3,32.90000003085849,130.933611,,,0,0,0,0,0,0,0,0,0,0,257,blue,4283,4380,8663
89,,9812080,1,20261001,5552,797,0,,,,,5789,743,0,,,,,3,33.27595303141153,130.319462,,,0,0,0,0,0,0,0,0,0,0,257,blue,6349,6532,12881
89,,9812090,1,20261001,,,,,,,,,,,,,,,3,33.59653803187511,130.611685,,,1,,,,,,,,,,257,blue,0,0,0
89,,9812100,1,20261001,8085,1753,0,,,,,6973,1394,0,,,,,3,33.05235003108379,130.430417,,,0,0,0,0,0,0,0,0,0,0,257,blue,9838,8367,18205
89,,9812110,1,20261001,14320,1350,0,,,,,10366,1465,0,,,,,3,33.15888903124039,129.761111,,,0,0,0,0,0,0,0,0,0,0,257,blue,15670,11831,27501
89,,9812120,1,20261001,8996,1195,0,,,,,9521,1380,0,,,,,3,31.737096029090242,130.677414,,,0,0,0,0,0,0,0,0,0,0,257,blue,10191,10901,21092
89,,9812130,1,20261001,5666,1169,0,,,,,7142,1196,0,,,,,3,33.32114903147733,130.391671,,,0,0,0,0,0,0,0,0,0,0,257,blue,6835,8338,15173
89,,9812140,1,20261001,51,12,0,,,,,43,24,0,,,,,3,32.733917030611096,130.31245,,,0,0,0,0,0,0,0,0,0,0,257,blue,63,67,130
89,,9812150,1,20261001,1523,241,0,,,,,1612,314,0,,,,,3,33.06265303109897,129.960344,,,0,0,0,0,0,0,0,0,0,0,257,blue,1764,1926,3690
90,,10810020,1,20261001,3536,222,0,,,,,6385,221,0,,,,,3,26.424849820394154,127.81697970000002,,,0,0,0,0,0,0,0,0,0,0,257,blue,3758,6606,10364
90,,10810030,1,20261001,2536,41,0,,,,,8277,857,0,,,,,3,26.20527802002984,127.672778,,,0,0,0,0,0,0,0,0,0,0,257,blue,2577,9134,11711
90,,10810040,1,20261001,6535,457,0,,,,,3976,551,0,,,,,3,26.206111020031226,127.665833,,,0,0,0,0,0,0,0,0,0,0,257,blue,6992,4527,11519
90,,10810050,1,20261001,2482,209,0,,,,,2881,304,0,,,,,3,26.69152402083745,128.108879,,,0,,,,,,,,,,257,blue,2691,3185,5876
90,,10810060,1,20261001,0,0,0,,,,,0,0,0,,,,,3,26.634931020743306,128.037283,,,0,,,,,,,,,,257,blue,0,0,0
90,,10810070,1,20261001,0,0,0,,,,,0,0,0,,,,,3,26.60195202068847,127.99972500000001,,,0,,,,,,,,,,257,blue,0,0,0
90,,10810080,1,20261001,4056,672,0,,,,,4437,374,0,,,,,3,26.583164020657225,127.99781300000001,,,0,,,,,,,,,,257,blue,4728,4811,9539
90,,10810090,1,20261001,3873,332,0,,,,,4254,239,0,,,,,3,26.573059020640425,127.989432,,,0,,,,,,,,,,257,blue,4205,4493,8698
90,,10810100,1,20261001,0,0,0,,,,,0,0,0,,,,,3,26.558695020616547,127.976575,,,0,,,,,,,,,,257,blue,0,0,0
90,,10810110,1,20261001,0,0,0,,,,,0,0,0,,,,,3,26.547043020597176,127.96594700000001,,,0,,,,,,,,,,257,blue,0,0,0
90,,10810120,1,20261001,15608,3587,0,,,,,8630,1402,0,,,,,3,26.545420020594484,127.96513700000001,,,0,,,,,,,,,,257,blue,19195,10032,29227
90,,10810130,1,20261001,7301,768,0,,,,,5625,738,0,,,,,3,26.541292020587623,127.95978,,,0,,,,,,,,,,257,blue,8069,6363,14432
90,,10810140,1,20261001,7619,675,0,,,,,7466,674,0,,,,,3,26.536514020579673,127.935453,,,0,,,,,,,,,,257,blue,8294,8140,16434
90,,10810150,1,20261001,0,0,0,,,,,0,0,0,,,,,3,26.51382402054197,127.901775,,,0,,,,,,,,,,257,blue,0,0,0
90,,10810160,1,20261001,6458,119,0,,,,,6793,421,0,,,,,3,26.503684020525117,127.87991000000001,,,0,,,,,,,,,,257,blue,6577,7214,13791
90,,10810170,1,20261001,0,0,0,,,,,0,0,0,,,,,3,26.49844302051641,127.86208000000002,,,0,,,,,,,,,,257,blue,0,0,0
90,,10810180,1,20261001,0,0,0,,,,,0,0,0,,,,,3,26.48233402048965,127.85135699999998,,,0,,,,,,,,,,257,blue,0,0,0
90,,10810190,1,20261001,0,0,0,,,,,0,0,0,,,,,3,26.44345902042506,127.805583,,,0,,,,,,,,,,257,blue,0,0,0
90,,10810200,1,20261001,,,,,,,,,,,,,,,3,26.338860020251406,127.7508,,,1,,,,,,,,,,257,blue,0,0,0
90,,10810220,1,20261001,0,0,0,,,,,0,0,0,,,,,3,26.26837002013446,127.73051999999998,,,0,,,,,,,,,,257,blue,0,0,0
90,,10810230,1,20261001,13832,2727,0,,,,,15798,2724,0,,,,,3,26.266310020131048,127.72327,,,0,,,,,,,,,,257,blue,16559,18522,35081
90,,10810240,1,20261001,0,0,0,,,,,0,0,0,,,,,3,26.269040020135566,127.72616000000001,,,0,,,,,,,,,,257,blue,0,0,0
90,,10810260,1,20261001,12247,142,0,,,,,8850,967,0,,,,,3,26.273440020142868,127.71261000000001,,,0,,,,,,,,,,257,blue,12389,9817,22206
90,,10810270,1,20261001,0,0,0,,,,,0,0,0,,,,,3,26.451180020437896,127.89631,,,0,,,,,,,,,,257,blue,0,0,0
90,,10810280,1,20261001,3463,31,0,,,,,8338,6,0,,,,,3,26.4491400204345,127.849893,,,0,,,,,,,,,,257,blue,3494,8344,11838
90,,10810290,1,20261001,3052,145,0,,,,,3232,148,0,,,,,3,26.448972020434223,127.90855300000001,,,0,,,,,,,,,,257,blue,3197,3380,6577
90,,10810300,1,20261001,9026,606,0,,,,,6567,765,0,,,,,3,26.30711002019872,127.81338,,,0,,,,,,,,,,257,blue,9632,7332,16964
90,,10810310,1,20261001,0,0,0,,,,,0,0,0,,,,,3,26.287560020166286,127.81449,,,0,,,,,,,,,,257,blue,0,0,0
90,,10810320,1,20261001,,,,,,,,,,,,,,,3,26.22351002006007,127.76571,,,1,,,,,,,,,,257,blue,0,0,0
90,,10810330,1,20261001,,,,,,,,,,,,,,,3,26.200760020022358,127.75174999999999,,,1,,,,,,,,,,257,blue,0,0,0
90,,10810340,1,20261001,13560,395,0,,,,,12173,830,0,,,,,3,26.25841002011794,127.75767000000002,,,0,,,,,,,,,,257,blue,13955,13003,26958
90,,10810350,1,20261001,0,0,0,,,,,0,0,0,,,,,3,26.24962002010336,127.74765,,,0,,,,,,,,,,257,blue,0,0,0
90,,10810360,1,20261001,25215,2866,0,,,,,28491,1126,0,,,,,3,26.25443002011134,127.73508000000001,,,0,,,,,,,,,,257,blue,28081,29617,57698
90,,10810370,1,20261001,27253,1101,0,,,,,25915,320,0,,,,,3,26.25456002011155,127.72416000000001,,,0,,,,,,,,,,257,blue,28354,26235,54589
90,,10810380,1,20261001,15759,1524,0,,,,,16362,1412,0,,,,,3,26.169530019970612,127.65168,,,0,,,,,,,,,,257,blue,17283,17774,35057
90,,10810390,1,20261001,0,0,0,,,,,0,0,0,,,,,3,26.154010019944888,127.65812,,,0,,,,,,,,,,257,blue,0,0,0
90,,10810400,1,20261001,0,0,0,,,,,0,0,0,,,,,3,26.130710019906292,127.66514,,,0,,,,,,,,,,257,blue,0,0,0
90,,10810410,1,20261001,0,0,0,,,,,0,0,0,,,,,3,26.11574001988149,127.66860000000001,,,0,,,,,,,,,,257,blue,0,0,0
90,,10810420,1,20261001,0,0,0,,,,,0,0,0,,,,,3,26.09400001984549,127.71590000000002,,,0,,,,,,,,,,257,blue,0,0,0
90,,10810430,1,20261001,0,0,0,,,,,0,0,0,,,,,3,26.128730019903006,127.75918999999999,,,0,,,,,,,,,,257,blue,0,0,0
90,,10810440,1,20261001,0,0,0,,,,,0,0,0,,,,,3,26.140140019921905,127.77529,,,0,,,,,,,,,,257,blue,0,0,0
90,,10810450,1,20261001,0,0,0,,,,,0,0,0,,,,,3,26.170060019971476,127.8265,,,0,,,,,,,,,,257,blue,0,0,0
90,,10810460,1,20261001,0,0,0,,,,,0,0,0,,,,,3,26.20426002002816,127.652556,,,0,,,,,,,,,,257,blue,0,0,0
90,,10810470,1,20261001,0,0,0,,,,,0,0,0,,,,,3,26.209250020036425,127.73744999999998,,,0,,,,,,,,,,257,blue,0,0,0
90,,10810480,1,20261001,0,0,0,,,,,0,0,0,,,,,3,26.18171001999079,127.73158000000001,,,0,,,,,,,,,,257,blue,0,0,0
90,,10810490,1,20261001,0,0,0,,,,,0,0,0,,,,,3,26.17543001998038,127.70638000000001,,,0,,,,,,,,,,257,blue,0,0,0
90,,10810510,1,20261001,0,0,0,,,,,0,0,0,,,,,3,26.17208001997483,127.69662,,,0,,,,,,,,,,257,blue,0,0,0
90,,10810520,1,20261001,0,0,0,,,,,0,0,0,,,,,3,26.17121001997338,127.67963999999999,,,0,,,,,,,,,,257,blue,0,0,0
87,,7110110,1,20261002,5,1,0,0,0,0,0,2,0,0,0,0,0,0,3,35.523803034484544,134.222875,,,,,,,,,,,,,1,red,6,2,8
87,,7110120,1,20261002,,,,0,0,0,1,,,,0,0,0,1,3,35.52073503448066,133.602321,,,,,,,,,,,,,1,red,0,0,0
87,,7110130,1,20261002,7,3,0,0,0,0,0,8,4,0,0,0,0,0,3,35.41880503435098,133.370183,,,,,,,,,,,,,1,red,10,12,22
87,,7310050,1,20261002,0,0,0,0,0,0,0,0,0,0,0,0,0,0,3,35.52642103448786,134.014803,,,,,,,,,,,,,1,red,0,0,0
87,,7310060,1,20261002,1,0,0,0,0,0,0,0,0,0,0,0,0,0,3,35.50599803446197,133.88375,,,,,,,,,,,,,1,red,1,0,1
87,,7310070,1,20261002,1,1,0,0,0,0,0,2,0,0,0,0,0,0,3,35.51442503447265,134.020507,,,,,,,,,,,,,1,red,2,2,4
87,,7310080,1,20261002,2,2,0,0,0,0,0,5,5,0,0,0,0,0,3,35.50773503446417,133.951629,,,,,,,,,,,,,1,red,4,10,14
87,,7310090,1,20261002,4,2,0,0,0,0,0,6,7,0,0,0,0,0,3,35.49831203445221,133.906984,,,,,,,,,,,,,1,red,6,13,19
87,,7310100,1,20261002,1,0,0,0,0,0,0,0,1,0,0,0,0,0,3,35.508808034465545,133.493736,,,,,,,,,,,,,1,red,1,1,2
87,,7310130,1,20261002,2,0,0,0,0,0,0,5,0,0,0,0,0,0,3,35.419582034351976,134.259336,,,,,,,,,,,,,1,red,2,5,7
87,,7310140,1,20261002,0,0,0,0,0,0,0,1,0,0,0,0,0,0,3,35.28755503418254,134.228921,,,,,,,,,,,,,1,red,0,1,1
87,,7310190,1,20261002,1,2,0,0,0,0,0,5,2,0,0,0,0,0,3,35.48752003443851,134.19798,,,,,,,,,,,,,1,red,3,7,10
87,,7310200,1,20261002,6,1,0,0,0,0,0,1,0,0,0,0,0,0,3,35.56082603453137,134.284636,,,,,,,,,,,,,1,red,7,1,8
87,,7310210,1,20261002,5,6,0,0,0,0,0,5,5,0,0,0,0,0,3,35.50841503446504,133.518074,,,,,,,,,,,,,1,red,11,10,21
87,,7310220,1,20261002,5,0,0,0,0,0,0,0,0,0,0,0,0,0,3,35.527027804488625,134.13269444,,,,,,,,,,,,,1,red,5,0,5
87,,7310240,1,20261002,4,0,0,0,0,0,0,4,0,0,0,0,0,0,3,35.397000034323106,134.20377777,,,,,,,,,,,,,1,red,4,4,8
87,,7310610,1,20261002,2,5,0,0,0,0,0,5,2,0,0,0,0,0,3,35.49457003444746,134.1603,,,,,,,,,,,,,1,red,7,7,14
87,,7310620,1,20261002,2,2,0,0,0,0,0,3,2,0,0,0,0,0,3,35.50153003445631,134.0804,,,,,,,,,,,,,1,red,4,5,9
87,,7310630,1,20261002,3,2,0,0,0,0,0,2,2,0,0,0,0,0,3,35.49990003445423,134.0626,,,,,,,,,,,,,1,red,5,4,9
87,,7310640,1,20261002,2,3,0,0,0,0,0,5,5,0,0,0,0,0,3,35.50860003446527,134.0108,,,,,,,,,,,,,1,red,5,10,15
87,,7360010,1,20261002,3,2,0,0,0,0,0,2,3,0,0,0,0,0,1,35.032454033850506,134.387568,,,,,,,,,,,,,1,red,5,5,10
87,,7360020,1,20261002,1,1,0,0,0,0,0,1,3,0,0,0,0,0,1,35.07606803390771,134.346092,,,,,,,,,,,,,1,red,2,4,6
87,,7360030,1,20261002,0,0,0,0,0,0,0,3,3,0,0,0,0,0,3,35.238191034118756,134.286932,,,,,,,,,,,,,1,red,0,6,6
87,,7360040,1,20261002,2,3,0,0,0,0,0,0,0,0,0,0,0,0,3,35.284722034178905,134.227547,,,,,,,,,,,,,1,red,5,0,5
87,,7360050,1,20261002,0,0,0,0,0,0,0,2,8,0,0,0,0,0,1,35.285344034179694,134.222766,,,,,,,,,,,,,1,red,0,10,10
87,,7360060,1,20261002,1,0,0,0,0,0,0,0,0,0,0,0,0,0,1,35.35362703426754,134.194581,,,,,,,,,,,,,1,red,1,0,1
87,,7360070,1,20261002,0,0,0,0,0,0,0,5,1,0,0,0,0,0,1,35.37911003430021,134.204798,,,,,,,,,,,,,1,red,0,6,6
87,,7360080,1,20261002,2,1,0,0,0,0,0,0,0,0,0,0,0,0,1,35.39104203431548,134.20339,,,,,,,,,,,,,1,red,3,0,3
87,,7360090,1,20261002,4,3,0,0,0,0,0,6,4,0,0,0,0,0,1,35.40772703433684,134.206955,,,,,,,,,,,,,1,red,7,10,17
87,,7360100,1,20261002,0,1,0,0,0,0,0,3,1,0,0,0,0,0,1,35.45862225662396,134.193141666666,,,,,,,,,,,,,1,red,1,4,5
87,,7360110,1,20261002,1,4,0,0,0,0,0,3,3,0,0,0,0,0,1,35.113784033957025,134.331458,,,,,,,,,,,,,1,red,5,6,11
