地方整備局等番号,開発建設部／都道府県コード,常時観測点コード,収集時間フラグ（5分間／1時間）,観測年月日,上り・小型交通量,上り・大型交通量,上り・車種判別不能交通量,上り・停電,上り・ループ異常,上り・超音波異常,上り・欠測,下り・小型交通量,下り・大型交通量,下り・車種判別不能交通量,下り・停電,下り・ループ異常,下り・超音波異常,下り・欠測,道路種別,lat,lng,lng2,lat2,カメラプリセット位置,気象影響による映像不良,照度不足,突発事象（交通事故等）,サーバの稼働,カメラの映像受信,映像のデコード処理,デコード映像から映像解析機能への取込加工処理の失敗,映像解析機能のフリーズ,その他エラー,count,color,上り・交通量,下り・交通量,交通量
81,02,1110010,1,20260922,13781,2052,0,0,0,0,0,10699,1796,0,0,0,0,0,3,41.93108757020422,140.6421045,,,,,,,,,,,,,236,red,15833,12495,28328
81,02,1110020,1,20260922,6287,837,0,0,0,0,0,5174,632,0,0,0,0,0,3,42.1540981903046,140.4840606,,,,,,,,,,,,,236,red,7124,5806,12930
81,03,1110030,1,20260922,1482,231,0,0,0,0,0,1194,185,0,0,0,0,0,3,42.672714040509845,140.377502,,,,,,,,,,,,,236,red,1713,1379,3092
81,03,1110050,1,20260922,5722,592,0,0,0,0,0,6439,774,0,0,0,0,0,3,43.121255040655214,140.735792,,,,,,,,,,,,,236,red,6314,7213,13527
81,03,1110060,1,20260922,7011,387,0,0,0,0,0,7527,571,0,0,0,0,0,3,43.19868804067728,140.862496,,,,,,,,,,,,,236,red,7398,8098,15496
81,03,1110080,1,20260922,14136,1156,0,0,0,0,0,15828,1062,0,0,0,0,0,3,43.153022040664396,141.118728,,,,,,,,,,,,,236,red,15292,16890,32182
81,01,1110090,1,20260922,11727,591,0,0,0,0,0,9716,419,0,0,0,0,0,3,43.08364407064419,141.3496424,,,,,,,,,,,,,236,red,12318,10135,22453
81,02,1110100,1,20260922,13119,1120,0,0,0,0,0,11101,795,0,0,0,0,0,3,41.855509180168546,140.7378302,,,,,,,,,,,,,236,red,14239,11896,26135
81,02,1110110,1,20260922,10019,716,3,0,0,0,5,7609,717,8,0,0,0,5,3,41.91094404019478,140.69325,,,,,,,,,,,,,236,red,10738,8334,19072
81,03,1110120,1,20260922,742,39,14,0,0,0,0,786,40,11,0,0,0,0,3,42.65674504050413,140.412444,,,,,,,,,,,,,236,red,795,837,1632
81,01,1110130,1,20260922,10427,479,0,0,0,0,0,9259,425,0,0,0,0,0,3,43.18473404067338,141.721783,,,,,,,,,,,,,236,red,10906,9684,20590
81,01,1110140,1,20260922,6439,537,0,0,0,0,0,5525,474,0,0,0,0,0,3,43.351557040718205,141.866096,,,,,,,,,,,,,236,red,6976,5999,12975
81,04,1110150,1,20260922,10317,1001,0,0,0,0,0,10311,1059,0,0,0,0,0,3,43.72678204080376,142.211538,,,,,,,,,,,,,236,red,11318,11370,22688
81,04,1110160,1,20260922,6884,431,2113,0,0,1,0,10049,777,369,0,0,0,0,3,43.798283040817644,142.333692,,,,,,,,,,,,,236,red,9428,11195,20623
81,01,1110170,1,20260922,0,0,0,0,0,236,0,0,0,0,0,0,236,0,3,42.95409804060455,141.495931,,,,,,,,,,,,,236,red,0,0,0
81,05,1110180,1,20260922,10807,1030,0,0,0,0,0,10577,1006,0,0,0,0,0,3,42.619514790490626,141.5539538,,,,,,,,,,,,,236,red,11837,11583,23420
81,05,1110190,1,20260922,8703,476,410,0,0,9,0,9547,467,59,0,0,0,0,3,42.38500765040089,141.0774629,,,,,,,,,,,,,236,red,9589,10073,19662
81,05,1110200,1,20260922,0,0,0,0,0,236,0,3179,480,17,0,0,93,0,3,42.60033645048358,140.6268309,,,,,,,,,,,,,236,red,0,3676,3676
81,01,1110220,1,20260922,3204,321,0,0,0,0,0,2998,304,0,0,0,0,0,3,43.53094035076174,142.1739006,,,,,,,,,,,,,236,red,3525,3302,6827
81,04,1110230,1,20260922,3763,270,0,0,0,0,0,3706,248,0,0,0,0,0,3,43.34513804071655,142.377435,,,,,,,,,,,,,236,red,4033,3954,7987
81,04,1110240,1,20260922,0,0,2592,0,0,236,0,0,0,2789,0,0,236,0,3,43.16138604066678,142.575567,,,,,,,,,,,,,236,red,2592,2789,5381
81,07,1110250,1,20260922,,,,0,0,0,236,,,,0,0,0,236,3,42.96760298060881,142.8955221,,,,,,,,,,,,,236,red,0,0,0
81,07,1110260,1,20260922,5625,331,96,0,0,0,0,5081,262,64,0,0,0,0,3,42.91673291059265,143.2700872,,,,,,,,,,,,,236,red,6052,5407,11459
81,07,1110270,1,20260922,1722,213,0,0,0,0,0,1673,206,0,0,0,0,0,3,42.832729040565155,143.765979,,,,,,,,,,,,,236,red,1935,1879,3814
81,06,1110280,1,20260922,4021,446,0,0,0,0,0,4299,507,0,0,0,0,0,3,43.002010860619514,144.2464972,,,,,,,,,,,,,236,red,4467,4806,9273
81,06,1110281,1,20260922,6270,736,0,0,0,0,0,7204,656,0,0,0,0,0,3,43.03483108062955,144.3754256,,,,,,,,,,,,,236,red,7006,7860,14866
81,06,1110282,1,20260922,4102,652,0,0,0,0,0,4052,555,0,0,0,0,0,3,43.01628558062389,144.4224501,,,,,,,,,,,,,236,red,4754,4607,9361
81,06,1110283,1,20260922,2825,522,0,0,0,0,0,2455,334,0,0,0,0,0,3,43.00268904061971,144.473627,,,,,,,,,,,,,236,red,3347,2789,6136
81,04,1110290,1,20260922,5299,343,0,0,0,0,0,4272,279,0,0,0,0,0,3,43.818868040821506,142.447347,,,,,,,,,,,,,236,red,5642,4551,10193
81,04,1110300,1,20260922,1677,177,9,0,0,0,0,0,0,1650,0,0,236,0,3,43.84894404082702,142.744489,,,,,,,,,,,,,236,red,1863,1650,3513
81,04,1110310,1,20260922,3833,228,21,0,0,0,0,0,0,3348,0,0,236,0,3,43.781848040814516,142.90227300000004,,,,,,,,,,,,,236,red,4082,3348,7430
81,08,1110320,1,20260922,1808,272,0,0,236,0,0,1699,315,0,0,236,0,0,3,43.750539740808456,143.4918536,,,,,,,,,,,,,236,red,2080,2014,4094
81,08,1110330,1,20260922,3729,191,66,0,0,0,0,4364,243,0,0,236,0,0,3,43.79818204081763,143.833134,,,,,,,,,,,,,236,red,3986,4607,8593
81,08,1110331,1,20260922,1659,383,0,0,0,0,0,1592,282,0,0,0,0,0,3,43.7822242308146,143.8981667,,,,,,,,,,,,,236,red,2042,1874,3916
81,08,1110332,1,20260922,1383,313,0,0,0,0,0,1289,232,0,0,0,0,0,3,43.80292804081852,143.926029,,,,,,,,,,,,,236,red,1696,1521,3217
81,08,1110340,1,20260922,,,,0,0,0,236,,,,0,0,0,236,3,43.85309704082778,144.102175,,,,,,,,,,,,,236,red,0,0,0
81,08,1110350,1,20260922,2400,190,0,0,0,0,0,1993,161,0,0,0,0,0,3,43.87040004083089,144.150466,,,,,,,,,,,,,236,red,2590,2154,4744
81,04,1110360,1,20260922,,,,0,0,0,236,,,,0,0,0,236,3,43.819632040821645,142.40886,,,,,,,,,,,,,236,red,0,0,0
81,04,1110370,1,20260922,2879,323,221,0,0,0,0,3031,273,1,0,0,0,0,3,43.9375450408425,142.46586,,,,,,,,,,,,,236,red,3423,3305,6728
81,04,1110380,1,20260922,239,57,0,0,104,0,132,155,37,0,0,104,0,132,3,44.49438804091256,142.340371,,,,,,,,,,,,,236,red,296,192,488
81,04,1110390,1,20260922,955,164,0,0,0,0,0,898,136,0,0,0,0,0,3,44.82270404093181,142.065768,,,,,,,,,,,,,236,red,1119,1034,2153
81,04,1110400,1,20260922,2014,310,10,0,0,0,0,1475,225,15,0,0,0,0,3,44.331686040896926,142.446612,,,,,,,,,,,,,236,red,2334,1715,4049
81,04,1110410,1,20260922,2704,310,58,0,0,0,4,2267,271,13,0,0,0,4,3,44.4124520409052,142.40433,,,,,,,,,,,,,236,red,3072,2551,5623
81,04,1110420,1,20260922,2602,375,41,0,0,0,0,,,,0,0,0,236,3,44.436504040907465,142.370834,,,,,,,,,,,,,236,red,3018,0,3018
81,04,1110430,1,20260922,2221,299,40,0,0,0,2,1850,248,9,0,0,0,2,3,44.46719604091022,142.373557,,,,,,,,,,,,,236,red,2560,2107,4667
81,04,1110431,1,20260922,1900,258,0,0,0,0,0,1590,163,0,0,0,0,0,3,44.49400304091251,142.349754,,,,,,,,,,,,,236,red,2158,1753,3911
81,10,1110440,1,20260922,858,106,0,0,171,0,65,916,61,219,0,0,57,65,3,45.01690604093549,141.836757,,,,,,,,,,,,,236,red,964,1196,2160
81,10,1110460,1,20260922,63,9,14,0,0,11,217,92,31,0,0,19,0,217,3,45.20892604093353,141.770096,,,,,,,,,,,,,236,red,86,123,209
81,06,1110470,1,20260922,3612,120,26,0,0,0,0,3277,120,17,0,0,0,0,3,42.99479183061728,144.4493526,,,,,,,,,,,,,236,red,3758,3414,7172
81,06,1110480,1,20260922,2019,239,7,0,0,0,0,1885,143,10,0,0,0,0,3,43.13343702065876,145.0159693,,,,,,,,,,,,,236,red,2265,2038,4303
81,02,1110490,1,20260922,2694,424,0,0,0,0,0,2154,469,0,0,0,0,0,3,41.89734796018839,140.6338191,,,,,,,,,,,,,236,red,3118,2623,5741
81,02,1110500,1,20260922,1633,139,0,0,236,0,0,1605,85,46,0,0,0,0,3,41.480587619979374,140.2558047,,,,,,,,,,,,,236,red,1772,1736,3508
81,02,1110510,1,20260922,5060,272,174,0,0,0,1,5768,256,40,0,0,0,1,3,41.83901009016065,140.7069415,,,,,,,,,,,,,236,red,5506,6064,11570
81,02,1110520,1,20260922,3458,280,0,0,235,0,1,3239,298,0,0,235,0,1,3,41.83229743015742,140.67026760000002,,,,,,,,,,,,,236,red,3738,3537,7275
81,02,1110530,1,20260922,3197,168,42,0,0,0,0,2512,78,86,0,0,0,0,3,41.82065939015182,140.6236414,,,,,,,,,,,,,236,red,3407,2676,6083
81,03,1110540,1,20260922,515,20,0,0,0,0,0,0,1,0,0,0,0,0,3,43.24834804069096,140.33431600000003,,,,,,,,,,,,,236,red,535,1,536
81,03,1110550,1,20260922,0,0,0,0,0,236,0,1677,226,0,0,0,0,0,3,42.96644104060844,140.471476,,,,,,,,,,,,,236,red,0,1903,1903
81,03,1110560,1,20260922,426,94,0,0,0,0,0,287,61,0,0,0,0,0,3,42.69059604051622,139.972281,,,,,,,,,,,,,236,red,520,348,868
81,02,1110570,1,20260922,944,75,0,0,0,0,0,839,71,0,0,0,0,0,3,42.068390450266875,140.0715584,,,,,,,,,,,,,236,red,1019,910,1929
81,01,1110600,1,20260922,9070,1098,0,0,0,0,0,6610,975,0,0,0,0,0,3,43.1876802706742,141.3248983,,,,,,,,,,,,,236,red,10168,7585,17753
81,01,1110610,1,20260922,3444,278,0,0,0,0,0,0,0,0,0,0,236,0,3,43.377555040724815,141.428392,,,,,,,,,,,,,236,red,3722,0,3722
81,09,1110620,1,20260922,2649,139,0,0,0,0,0,2766,156,0,0,0,0,0,3,43.89116004083455,141.602442,,,,,,,,,,,,,236,red,2788,2922,5710
81,09,1110630,1,20260922,,,,0,0,0,236,,,,0,0,0,236,3,44.71198204092715,141.790418,,,,,,,,,,,,,236,red,0,0,0
81,09,1110640,1,20260922,2839,480,0,0,0,0,0,3103,635,0,0,0,0,0,3,43.99996504085269,141.656227,,,,,,,,,,,,,236,red,3319,3738,7057
81,01,1110650,1,20260922,1174,130,0,0,0,0,0,1255,149,0,0,0,0,0,3,43.76598569081147,141.953873,,,,,,,,,,,,,236,red,1304,1404,2708
81,09,1110660,1,20260922,1218,134,0,0,0,0,0,1324,142,0,0,0,0,0,3,43.919969040839526,141.687135,,,,,,,,,,,,,236,red,1352,1466,2818
81,01,1110670,1,20260922,1787,119,12,0,0,0,0,1319,94,19,0,0,0,0,3,43.719328040802246,141.995229,,,,,,,,,,,,,236,red,1918,1432,3350
81,01,1110680,1,20260922,2325,157,72,0,0,0,0,2059,114,6,0,0,0,0,3,43.80247704081843,141.939455,,,,,,,,,,,,,236,red,2554,2179,4733
81,01,1110690,1,20260922,2762,154,7,0,0,0,0,2419,133,9,0,0,0,0,3,43.804048040818735,141.856355,,,,,,,,,,,,,236,red,2923,2561,5484
81,09,1110700,1,20260922,3130,1027,0,0,236,90,0,3156,239,4,0,0,0,0,3,43.84518804082634,141.778679,,,,,,,,,,,,,236,red,4157,3399,7556
81,09,1110701,1,20260922,3593,254,0,0,0,0,0,3275,237,0,0,0,0,0,3,43.87822704083228,141.723595,,,,,,,,,,,,,236,red,3847,3512,7359
81,09,1110702,1,20260922,2972,248,0,0,0,0,0,2754,205,0,0,0,0,0,3,43.928072040840895,141.68278,,,,,,,,,,,,,236,red,3220,2959,6179
81,01,1110710,1,20260922,1882,137,0,0,0,236,0,3865,343,0,0,0,0,0,3,43.11269117065273,141.74737440000004,,,,,,,,,,,,,236,red,2019,4208,6227
81,05,1110720,1,20260922,3089,402,51,0,0,0,0,3134,567,37,0,0,0,0,3,42.81091575055783,141.8315435,,,,,,,,,,,,,236,red,3542,3738,7280
81,05,1110730,1,20260922,3403,371,8,0,0,0,0,2508,276,31,0,0,0,0,3,42.57481157047414,141.9503395,,,,,,,,,,,,,236,red,3782,2815,6597
81,05,1110740,1,20260922,2588,294,0,0,0,0,0,2574,207,0,0,0,0,0,3,42.18634909031852,142.7152599,,,,,,,,,,,,,236,red,2882,2781,5663
81,05,1110750,1,20260922,0,0,0,0,0,236,0,1932,0,0,0,0,0,0,3,42.67572651051092,141.724241,,,,,,,,,,,,,236,red,0,1932,1932
81,05,1110760,1,20260922,6233,800,0,0,0,0,0,5824,689,0,0,0,0,0,3,42.65945501050509,141.8200069,,,,,,,,,,,,,236,red,7033,6513,13546
81,05,1110770,1,20260922,6010,790,0,0,0,0,0,5402,555,0,0,0,0,0,3,42.5992918904832,141.8930837,,,,,,,,,,,,,236,red,6800,5957,12757
81,07,1110780,1,20260922,2030,327,0,0,0,0,0,2134,176,3,0,0,0,0,3,42.47939292043798,143.273263,,,,,,,,,,,,,236,red,2357,2313,4670
81,05,1110790,1,20260922,570,45,0,0,0,0,0,648,72,0,0,0,0,0,3,42.23567851033952,142.9927157,,,,,,,,,,,,,236,red,615,720,1335
81,07,1110800,1,20260922,2252,225,67,0,0,0,0,2600,227,6,0,0,0,0,3,42.944556830601535,143.1061614,,,,,,,,,,,,,236,red,2544,2833,5377
81,07,1110810,1,20260922,1284,352,28,0,0,0,1,1205,262,12,0,0,0,1,3,42.8783228205802,143.1246418,,,,,,,,,,,,,236,red,1664,1479,3143
81,07,1110820,1,20260922,3486,404,0,0,0,0,0,3015,252,0,0,0,0,0,3,42.772632730544835,143.175416,,,,,,,,,,,,,236,red,3890,3267,7157
81,07,1110830,1,20260922,2958,316,67,0,0,0,0,2656,181,58,0,0,0,0,3,42.722047130527294,143.168571,,,,,,,,,,,,,236,red,3341,2895,6236
81,07,1110831,1,20260922,2135,319,0,0,0,0,0,1987,174,0,0,0,0,0,3,42.67773204051164,143.145688,,,,,,,,,,,,,236,red,2454,2161,4615
81,07,1110832,1,20260922,1898,217,0,0,0,0,0,1783,132,0,0,0,0,0,3,42.637427040497144,143.190237,,,,,,,,,,,,,236,red,2115,1915,4030
81,07,1110833,1,20260922,1422,152,0,0,0,0,0,1322,88,0,0,0,0,0,3,42.550911040465216,143.288527,,,,,,,,,,,,,236,red,1574,1410,2984
81,04,1110840,1,20260922,4952,324,0,0,0,0,0,4248,222,0,0,0,0,0,3,43.67766304079377,142.395871,,,,,,,,,,,,,236,red,5276,4470,9746
81,04,1110850,1,20260922,927,95,0,0,0,0,0,1061,118,0,0,0,0,0,3,43.142849040661474,142.416499,,,,,,,,,,,,,236,red,1022,1179,2201
81,05,1110860,1,20260922,4598,746,0,0,0,0,0,3954,493,0,0,0,0,0,3,42.56014623046868,141.984126,,,,,,,,,,,,,236,red,5344,4447,9791
81,05,1110861,1,20260922,3378,391,0,0,0,0,0,3327,306,0,0,0,0,0,3,42.511718620450374,142.0646378,,,,,,,,,,,,,236,red,3769,3633,7402
81,05,1110862,1,20260922,3122,296,0,0,0,0,0,2696,192,0,0,0,0,0,3,42.476880240437005,142.1551718,,,,,,,,,,,,,236,red,3418,2888,6306
81,08,1110870,1,20260922,1778,496,0,0,236,0,0,1770,361,0,0,236,0,0,3,44.122097850870915,144.0483972,,,,,,,,,,,,,236,red,2274,2131,4405
81,08,1110881,1,20260922,2228,318,0,0,0,0,0,2016,274,0,0,0,0,0,3,44.24722204088725,143.491111,,,,,,,,,,,,,236,red,2546,2290,4836
81,08,1110890,1,20260922,1696,289,0,0,236,0,0,1566,223,0,0,236,0,0,3,44.571011040918506,142.9747586,,,,,,,,,,,,,236,red,1985,1789,3774
81,10,1110900,1,20260922,,,,0,0,0,236,,,,0,0,0,236,3,45.401916040925876,141.74393,,,,,,,,,,,,,236,red,0,0,0
81,04,1110910,1,20260922,1254,167,0,0,0,0,0,0,0,0,0,0,236,0,3,44.33124604089689,142.51453,,,,,,,,,,,,,236,red,1421,0,1421
81,04,1110920,1,20260922,,,,0,0,0,236,,,,0,0,0,236,3,44.17901104087865,142.27833,,,,,,,,,,,,,236,red,0,0,0
81,06,1110930,1,20260922,2878,371,0,0,0,0,0,2491,285,0,0,0,0,0,3,43.094167250647295,144.1218925,,,,,,,,,,,,,236,red,3249,2776,6025
81,08,1110941,1,20260922,1799,539,0,0,236,0,0,2026,321,0,0,236,0,0,3,43.69889304079811,144.026451,,,,,,,,,,,,,236,red,2338,2347,4685
81,07,1110950,1,20260922,3099,263,35,0,0,0,0,3944,366,26,0,0,0,0,3,43.204237410678836,143.2746363,,,,,,,,,,,,,236,red,3397,4336,7733
81,07,1110960,1,20260922,1684,270,0,0,0,0,0,1871,372,0,0,0,0,0,3,43.458400040744706,143.740097,,,,,,,,,,,,,236,red,1954,2243,4197
81,07,1110970,1,20260922,2507,438,0,0,0,0,0,2859,447,0,0,0,0,0,3,43.110542040652106,143.580506,,,,,,,,,,,,,236,red,2945,3306,6251
81,06,1110980,1,20260922,1735,194,0,0,0,0,0,1758,170,0,0,0,0,0,3,43.55969036076827,144.3196517,,,,,,,,,,,,,236,red,1929,1928,3857
81,06,1110990,1,20260922,1527,97,10,0,0,0,0,1451,117,6,0,0,0,0,3,43.46525075074637,144.6738938,,,,,,,,,,,,,236,red,1634,1574,3208
81,06,1111000,1,20260922,950,93,0,0,0,0,0,963,76,0,0,0,0,0,3,43.3767268407246,145.1354671,,,,,,,,,,,,,236,red,1043,1039,2082
81,08,1111010,1,20260922,3748,345,0,0,236,0,0,3493,295,0,0,236,0,0,3,43.98185858084978,144.2978521,,,,,,,,,,,,,236,red,4093,3788,7881
81,06,1111020,1,20260922,941,32,3,0,0,0,0,1092,42,11,0,0,0,0,3,43.58981766077498,145.2084661,,,,,,,,,,,,,236,red,976,1145,2121
81,06,1111030,1,20260922,2009,327,0,0,0,0,0,1903,242,0,0,0,0,0,3,43.02214121062568,144.5287192,,,,,,,,,,,,,236,red,2336,2145,4481
81,06,1111040,1,20260922,0,0,5350,0,0,236,0,4789,619,0,0,236,0,0,3,43.53929381076365,144.9801323,,,,,,,,,,,,,236,red,5350,5408,10758
81,08,1111050,1,20260922,1074,201,0,0,236,0,0,1185,104,22,0,0,0,0,3,44.25159504088778,143.262315,,,,,,,,,,,,,236,red,1275,1311,2586
81,01,1111060,1,20260922,2872,339,0,0,0,0,0,2417,249,0,0,0,0,0,3,42.938085080599464,142.0403856,,,,,,,,,,,,,236,red,3211,2666,5877
81,07,1111080,1,20260922,2280,480,0,0,0,0,0,2025,359,0,0,0,0,0,3,42.97320004061056,142.816438,,,,,,,,,,,,,236,red,2760,2384,5144
81,01,1111090,1,20260922,8959,1080,0,0,0,0,0,7787,991,0,0,0,0,0,3,43.12130790065524,141.4830387,,,,,,,,,,,,,236,red,10039,8778,18817
81,01,1111100,1,20260922,5814,751,0,0,0,0,0,5039,635,0,0,0,0,0,3,43.43463367073897,141.8216186,,,,,,,,,,,,,236,red,6565,5674,12239
81,01,1111110,1,20260922,2950,382,0,0,0,0,0,2243,305,0,0,0,0,0,3,43.57168557077097,141.8750113,,,,,,,,,,,,,236,red,3332,2548,5880
81,02,1111130,1,20260922,6073,385,28,0,236,0,0,6547,258,36,0,0,0,0,3,41.77319404012875,140.796333,,,,,,,,,,,,,236,red,6486,6841,13327
81,02,1111140,1,20260922,598,78,0,0,0,0,0,579,110,0,0,0,0,0,3,42.03841781025344,140.8062566,,,,,,,,,,,,,236,red,676,689,1365
81,02,1111145,1,20260922,9357,664,0,0,0,0,0,11222,703,0,0,0,0,0,3,41.84000143016112,140.7552781,,,,,,,,,,,,,236,red,10021,11925,21946
81,08,1111150,1,20260922,536,107,0,0,236,0,0,650,127,0,0,236,0,0,3,44.010611040854364,143.413281,,,,,,,,,,,,,236,red,643,777,1420
81,08,1111160,1,20260922,3474,244,30,0,0,0,0,3913,246,150,0,0,0,0,3,43.962452040846635,143.715644,,,,,,,,,,,,,236,red,3748,4309,8057
81,01,1111180,1,20260922,0,0,6768,0,0,236,0,0,0,0,0,236,236,0,3,42.815960640559524,141.6810393,,,,,,,,,,,,,236,red,6768,0,6768
81,01,1111190,1,20260922,0,0,5544,0,0,236,0,299,22,6063,0,0,236,0,3,42.83070733056448,141.6903091,,,,,,,,,,,,,236,red,5544,6384,11928
81,01,1111200,1,20260922,4411,613,128,0,0,0,0,5257,810,35,0,236,0,0,3,42.860948090574496,141.7104933,,,,,,,,,,,,,236,red,5152,6102,11254
81,01,1111210,1,20260922,3143,788,0,0,0,0,0,0,0,0,0,0,236,0,3,43.18556004067363,141.554044,,,,,,,,,,,,,236,red,3931,0,3931
81,06,1111220,1,20260922,1277,212,0,0,0,0,0,1195,164,0,0,0,0,0,3,43.37269109072359,144.5593071,,,,,,,,,,,,,236,red,1489,1359,2848
81,08,1111230,1,20260922,585,75,8,0,0,0,0,611,69,14,0,0,0,0,3,43.81126104082009,144.489672,,,,,,,,,,,,,236,red,668,694,1362
81,06,1111240,1,20260922,341,32,3,0,0,0,0,258,29,0,0,0,0,0,3,42.99604737061767,144.0391088,,,,,,,,,,,,,236,red,376,287,663
81,03,1111250,1,20260922,2755,299,0,0,0,0,0,1890,172,0,0,0,0,0,3,43.089578040645954,140.955582,,,,,,,,,,,,,236,red,3054,2062,5116
81,04,1111260,1,20260922,2275,108,20,0,0,0,49,1990,108,6,0,0,0,49,3,43.92330404084009,142.480139,,,,,,,,,,,,,236,red,2403,2104,4507
81,04,1111270,1,20260922,0,0,1485,0,0,0,85,0,0,1215,0,0,0,85,3,43.90347904083668,142.548538,,,,,,,,,,,,,236,red,1485,1215,2700
81,04,1111280,1,20260922,2483,175,7,0,0,0,144,2094,162,2,0,0,0,144,3,43.88962304083429,142.598335,,,,,,,,,,,,,236,red,2665,2258,4923
81,04,1111290,1,20260922,1629,126,15,0,0,0,168,1476,76,28,0,0,0,168,3,43.840859040825556,142.737691,,,,,,,,,,,,,236,red,1770,1580,3350
81,04,1111300,1,20260922,541,35,3,0,0,0,202,541,33,2,0,0,0,202,3,43.843162040825966,142.799904,,,,,,,,,,,,,236,red,579,576,1155
81,04,1111310,1,20260922,,,,0,0,0,236,,,,0,0,0,236,3,43.885885060833616,142.99375530000003,,,,,,,,,,,,,236,red,0,0,0
81,08,1111320,1,20260922,,,,0,0,0,236,,,,0,0,0,236,3,43.942327040843296,143.272964,,,,,,,,,,,,,236,red,0,0,0
81,08,1111321,1,20260922,3229,371,0,0,0,0,0,3492,247,0,0,0,0,0,3,44.005186040853516,143.417614,,,,,,,,,,,,,236,red,3600,3739,7339
81,08,1111322,1,20260922,3178,326,0,0,0,0,0,3254,232,0,0,0,0,0,3,44.010190040854305,143.450296,,,,,,,,,,,,,236,red,3504,3486,6990
81,01,1111330,1,20260922,5300,293,0,0,0,0,0,4482,263,0,0,0,0,0,3,42.93896478059976,141.3440037,,,,,,,,,,,,,236,red,5593,4745,10338
81,05,1111340,1,20260922,2909,283,0,0,0,0,0,2931,267,0,0,0,0,0,3,42.559147540468295,140.8961254,,,,,,,,,,,,,236,red,3192,3198,6390
81,01,1111350,1,20260922,3651,612,0,0,0,0,0,4598,713,0,0,0,0,0,3,42.88313893058179,141.7190833,,,,,,,,,,,,,236,red,4263,5311,9574
81,01,1111360,1,20260922,3048,527,0,0,0,0,0,4141,654,0,0,0,0,0,3,42.91387104059173,141.717002,,,,,,,,,,,,,236,red,3575,4795,8370
81,01,1111370,1,20260922,1719,368,0,0,0,0,0,2171,542,0,0,0,0,0,3,43.05425404063542,141.635599,,,,,,,,,,,,,236,red,2087,2713,4800
81,02,1111380,1,20260922,7466,500,0,0,0,0,0,7937,462,0,0,0,0,0,3,41.822662040152785,140.7753,,,,,,,,,,,,,236,red,7966,8399,16365
81,02,1111390,1,20260922,4206,373,0,0,0,0,0,3926,353,0,0,0,0,0,3,41.80204204014281,140.800817,,,,,,,,,,,,,236,red,4579,4279,8858
81,02,1111400,1,20260922,2438,217,0,0,0,0,0,1973,117,0,0,0,0,0,3,41.75457904011961,140.573825,,,,,,,,,,,,,236,red,2655,2090,4745
81,04,1111410,1,20260922,1020,117,0,0,0,0,0,752,114,0,0,0,0,0,3,43.35314804071861,142.36145400000004,,,,,,,,,,,,,236,red,1137,866,2003
81,04,1111420,1,20260922,1643,167,0,0,0,0,0,1402,188,0,0,0,0,0,3,43.3038010407058,142.381627,,,,,,,,,,,,,236,red,1810,1590,3400
81,06,1111500,1,20260922,1837,181,0,0,0,0,0,2106,139,0,0,0,0,0,3,43.29111104070245,145.517778,,,,,,,,,,,,,236,red,2018,2245,4263
81,03,1111600,1,20260922,2069,205,0,0,0,0,0,2368,316,0,0,0,0,0,3,43.162210040667006,140.797074,,,,,,,,,,,,,236,red,2274,2684,4958
81,06,1160010,1,20260922,3829,432,118,0,0,0,0,3904,468,39,0,0,0,0,1,43.12053262065503,143.6537933,,,,,,,,,,,,,236,red,4379,4411,8790
81,06,1160020,1,20260922,4298,531,0,0,0,0,0,4357,556,0,0,0,0,0,1,43.12244095065557,143.6787104,,,,,,,,,,,,,236,red,4829,4913,9742
81,06,1160030,1,20260922,4138,576,0,0,0,0,0,4442,565,0,0,0,0,0,1,43.081215390643465,143.9874923,,,,,,,,,,,,,236,red,4714,5007,9721
81,06,1160040,1,20260922,4065,580,0,0,0,0,0,4448,544,0,0,0,0,0,1,43.08452217064445,144.1232336,,,,,,,,,,,,,236,red,4645,4992,9637
81,06,1160050,1,20260922,4460,543,0,0,0,0,0,5481,617,0,0,0,0,0,1,43.09138904064647,144.173494,,,,,,,,,,,,,236,red,5003,6098,11101
81,06,1160060,1,20260922,5049,556,0,0,0,0,0,6260,617,0,0,0,0,0,1,43.04670304063314,144.303761,,,,,,,,,,,,,236,red,5605,6877,12482
81,08,1160120,1,20260922,889,114,0,0,0,0,0,971,95,0,0,0,0,0,1,43.69663004079766,143.731065,,,,,,,,,,,,,236,red,1003,1066,2069
81,08,1160130,1,20260922,1163,182,0,0,0,0,3,1266,145,0,0,0,0,3,1,43.7375680408059,143.819828,,,,,,,,,,,,,236,red,1345,1411,2756
81,02,1310010,1,20260922,2588,148,0,0,0,0,0,2611,171,0,0,0,0,0,3,41.9090560401939,140.682556,,,,,,,,,,,,,236,red,2736,2782,5518
81,02,1310020,1,20260922,6995,803,0,0,0,0,0,6066,637,0,0,0,0,0,3,42.0164720402435,140.622028,,,,,,,,,,,,,236,red,7798,6703,14501
81,02,1310030,1,20260922,5882,726,0,0,0,0,0,5191,665,0,0,0,0,0,3,42.44355604042405,140.326972,,,,,,,,,,,,,236,red,6608,5856,12464
81,03,1310040,1,20260922,4382,494,0,0,0,0,0,4791,635,0,0,0,0,0,3,43.005875040620694,140.666614,,,,,,,,,,,,,236,red,4876,5426,10302
81,01,1310050,1,20260922,4691,144,0,0,0,236,0,5356,318,0,0,0,236,0,3,43.13178497065829,141.1990678,,,,,,,,,,,,,236,red,4835,5674,10509
81,01,1310060,1,20260922,11613,1036,0,0,0,0,0,10956,1181,0,0,0,0,0,3,43.06547437063878,141.3767481,,,,,,,,,,,,,236,red,12649,12137,24786
81,01,1310070,1,20260922,10275,675,0,0,0,0,0,10725,706,0,0,0,0,0,3,43.048510140633695,141.4108604,,,,,,,,,,,,,236,red,10950,11431,22381
81,01,1310080,1,20260922,13325,513,0,0,0,0,0,12324,487,0,0,0,0,0,3,43.057749330636454,141.4844763,,,,,,,,,,,,,236,red,13838,12811,26649
81,01,1310090,1,20260922,0,0,0,0,0,236,0,7232,361,0,0,0,0,0,3,43.294945650703454,141.8492997,,,,,,,,,,,,,236,red,0,7593,7593
81,01,1310100,1,20260922,9182,675,0,0,0,0,0,8438,526,0,0,0,0,0,3,43.53544778076278,141.9200456,,,,,,,,,,,,,236,red,9857,8964,18821
81,01,1310110,1,20260922,6848,775,0,0,0,0,0,5965,651,0,0,0,0,0,3,43.66238455079058,141.9957268,,,,,,,,,,,,,236,red,7623,6616,14239
81,01,1310120,1,20260922,0,0,0,0,0,236,0,12549,810,0,0,0,0,0,3,43.0094644106218,141.4241588,,,,,,,,,,,,,236,red,0,13359,13359
81,01,1310130,1,20260922,8435,623,0,0,0,236,0,9618,760,0,0,0,236,0,3,42.85324004057195,141.609931,,,,,,,,,,,,,236,red,9058,10378,19436
81,01,1310140,1,20260922,13710,1712,0,0,0,0,0,12185,1653,0,0,0,0,0,3,42.79203104055144,141.693651,,,,,,,,,,,,,236,red,15422,13838,29260
81,05,1310150,1,20260922,7066,491,0,0,0,0,0,7217,492,0,0,0,0,0,3,42.483348820439495,141.2489566,,,,,,,,,,,,,236,red,7557,7709,15266
81,05,1310160,1,20260922,6925,502,0,0,0,0,0,7707,406,0,0,0,0,0,3,42.362402460391806,140.964739,,,,,,,,,,,,,236,red,7427,8113,15540
81,05,1310170,1,20260922,4161,206,0,0,236,0,0,4258,90,35,0,0,0,0,3,42.363565450392265,140.9519019,,,,,,,,,,,,,236,red,4367,4383,8750
81,04,1310180,1,20260922,,,,0,0,0,236,,,,0,0,0,236,3,43.22376604068423,142.378762,,,,,,,,,,,,,236,red,0,0,0
81,06,1310200,1,20260922,2171,259,0,0,0,0,0,2274,274,0,0,0,0,0,3,42.89183628058462,143.9445233,,,,,,,,,,,,,236,red,2430,2548,4978
81,06,1310210,1,20260922,3689,348,29,0,0,0,0,3374,530,0,0,236,0,0,3,43.009797840621914,144.2786998,,,,,,,,,,,,,236,red,4066,3904,7970
81,06,1310220,1,20260922,3161,410,0,0,0,0,0,4174,517,0,0,0,0,0,3,43.02229809062573,144.2728472,,,,,,,,,,,,,236,red,3571,4691,8262
81,08,1310230,1,20260922,2565,734,0,0,236,0,0,2397,631,0,0,236,0,0,3,43.85893419082885,144.0808788,,,,,,,,,,,,,236,red,3299,3028,6327
81,08,1310240,1,20260922,2604,197,0,0,236,0,0,2385,229,0,0,236,0,0,3,44.01132969085448,144.2315868,,,,,,,,,,,,,236,red,2801,2614,5415
81,04,1310250,1,20260922,4317,363,154,0,0,0,0,4022,286,85,0,0,0,0,3,44.16725904087709,142.395004,,,,,,,,,,,,,236,red,4834,4393,9227
81,04,1310260,1,20260922,3751,339,14,0,0,0,0,3382,293,4,0,0,0,0,3,44.19030204088012,142.392098,,,,,,,,,,,,,236,red,4104,3679,7783
81,09,1310270,1,20260922,809,123,0,0,0,0,0,905,127,0,0,0,0,0,3,44.89849804093394,141.930734,,,,,,,,,,,,,236,red,932,1032,1964
81,10,1310280,1,20260922,232,68,0,0,0,0,0,225,81,0,0,0,0,0,3,45.0919210409354,141.772244,,,,,,,,,,,,,236,red,300,306,606
81,10,1310290,1,20260922,,,,0,0,0,236,,,,0,0,0,236,3,45.3643680409278,141.728937,,,,,,,,,,,,,236,red,0,0,0
81,06,1310300,1,20260922,3475,334,13,0,0,0,0,0,0,3410,0,0,236,0,3,43.059450410636984,144.8007274,,,,,,,,,,,,,236,red,3822,3410,7232
81,06,1310310,1,20260922,397,67,0,0,236,0,0,454,58,7,0,0,0,0,3,43.27550252069827,145.50157790000003,,,,,,,,,,,,,236,red,464,519,983
81,02,1310320,1,20260922,3289,261,0,2,0,0,0,3387,247,0,2,0,0,0,3,41.8940000401868,140.139639,,,,,,,,,,,,,236,red,3550,3634,7184
81,02,1310330,1,20260922,3967,329,0,0,0,0,0,3489,232,0,0,0,0,0,3,41.68472204008489,140.444,,,,,,,,,,,,,236,red,4296,3721,8017
81,03,1310340,1,20260922,3307,170,0,0,0,0,0,4,8,1,0,0,203,0,3,43.26192904069464,140.646731,,,,,,,,,,,,,236,red,3477,13,3490
81,03,1310350,1,20260922,1671,364,0,0,0,0,0,1757,435,0,0,0,0,0,3,43.041313040631515,140.5119,,,,,,,,,,,,,236,red,2035,2192,4227
81,02,1310360,1,20260922,695,58,0,0,0,0,0,664,57,0,0,0,0,0,3,42.129260570293795,139.981876,,,,,,,,,,,,,236,red,753,721,1474
81,01,1310370,1,20260922,16207,880,0,0,0,0,0,15293,788,0,0,0,0,0,3,43.007483420621185,141.3442719,,,,,,,,,,,,,236,red,17087,16081,33168
81,03,1310380,1,20260922,7572,467,0,0,0,0,0,6807,347,0,0,0,0,0,3,42.797316040553234,140.953155,,,,,,,,,,,,,236,red,8039,7154,15193
81,03,1310390,1,20260922,5648,467,0,0,0,0,0,5470,419,0,0,0,0,0,3,42.75911004054018,140.927534,,,,,,,,,,,,,236,red,6115,5889,12004
81,09,1310420,1,20260922,2430,230,0,0,0,0,0,2579,246,0,0,0,0,0,3,44.315812040895196,141.663389,,,,,,,,,,,,,236,red,2660,2825,5485
81,05,1310430,1,20260922,2000,318,0,0,0,0,0,1698,796,0,0,0,0,0,3,42.68397268051387,141.6803745,,,,,,,,,,,,,236,red,2318,2494,4812
81,05,1310440,1,20260922,1112,102,12,0,0,0,0,1763,154,13,0,0,0,0,3,42.455508520428715,142.1783574,,,,,,,,,,,,,236,red,1226,1930,3156
81,07,1310450,1,20260922,3612,409,0,0,0,0,0,2847,409,0,0,0,0,0,3,42.850468990571045,143.1845784,,,,,,,,,,,,,236,red,4021,3256,7277
81,04,1310460,1,20260922,953,41,1,0,0,0,195,1009,71,0,0,41,0,195,3,43.3597710407203,142.387706,,,,,,,,,,,,,236,red,995,1080,2075
81,05,1310470,1,20260922,814,283,0,0,0,0,0,1075,387,0,0,0,0,0,3,42.87689451057974,142.4313468,,,,,,,,,,,,,236,red,1097,1462,2559
81,08,1310490,1,20260922,2136,330,0,0,236,0,0,2004,199,11,0,0,0,0,3,44.469400040910415,143.131573,,,,,,,,,,,,,236,red,2466,2214,4680
81,10,1310500,1,20260922,,,,0,0,0,236,,,,0,0,0,236,3,44.9513530409349,142.577793,,,,,,,,,,,,,236,red,0,0,0
81,06,1310520,1,20260922,844,118,0,0,0,0,0,1094,111,0,0,0,0,0,3,43.474956340748676,144.4077086,,,,,,,,,,,,,236,red,962,1205,2167
81,07,1310530,1,20260922,660,42,0,0,0,0,0,1037,96,0,0,0,0,0,3,43.351455040718186,143.778977,,,,,,,,,,,,,236,red,702,1133,1835
81,08,1310540,1,20260922,1357,97,0,0,236,0,0,1217,136,0,0,236,0,0,3,43.71241358080086,144.1898958,,,,,,,,,,,,,236,red,1454,1353,2807
81,06,1310550,1,20260922,1088,85,0,0,0,0,0,1176,98,0,0,0,0,0,3,43.23651165068774,145.2499867,,,,,,,,,,,,,236,red,1173,1274,2447
81,06,1310560,1,20260922,1252,116,0,0,0,0,0,1580,168,0,0,0,0,0,3,43.68069492079438,145.1213962,,,,,,,,,,,,,236,red,1368,1748,3116
81,06,1310570,1,20260922,1435,292,0,0,0,0,0,1634,216,0,0,0,0,0,3,43.3613193507207,144.8334503,,,,,,,,,,,,,236,red,1727,1850,3577
81,04,1310580,1,20260922,305,30,0,0,0,0,0,146,14,0,0,0,0,0,3,43.85535404082818,142.818956,,,,,,,,,,,,,236,red,335,160,495
81,01,1310590,1,20260922,15913,1183,0,0,0,0,0,17380,1503,0,0,0,0,0,3,43.101919030649576,141.3492984,,,,,,,,,,,,,236,red,17096,18883,35979
81,01,1310600,1,20260922,6634,571,0,0,0,236,0,5879,606,0,0,0,236,0,3,43.018587890624595,141.4801633,,,,,,,,,,,,,236,red,7205,6485,13690
81,07,1310610,1,20260922,91,16,0,0,0,0,0,84,19,0,0,0,0,0,3,43.124397040656135,143.671096,,,,,,,,,,,,,236,red,107,103,210
81,01,1310620,1,20260922,8130,727,0,0,0,0,0,9962,802,0,0,0,0,0,3,43.080001040643104,141.40691,,,,,,,,,,,,,236,red,8857,10764,19621
81,01,1310630,1,20260922,0,0,0,0,0,236,0,0,0,0,0,0,236,0,3,43.224602350684464,141.5421492,,,,,,,,,,,,,236,red,0,0,0
81,05,1310650,1,20260922,0,0,5408,0,0,236,0,5543,696,62,0,0,0,0,3,42.664068480506764,141.5956308,,,,,,,,,,,,,236,red,5408,6301,11709
81,08,1310660,1,20260922,2903,203,3,0,0,0,0,3239,170,7,0,0,0,0,3,43.98436947085019,143.5657163,,,,,,,,,,,,,236,red,3109,3416,6525
81,08,1310670,1,20260922,1621,118,0,0,236,0,0,1557,282,0,0,236,0,0,3,43.93417044084193,144.7997993,,,,,,,,,,,,,236,red,1739,1839,3578
81,01,1310680,1,20260922,4114,253,0,0,0,0,0,4124,238,0,0,0,0,0,3,42.84334231056867,141.6642755,,,,,,,,,,,,,236,red,4367,4362,8729
81,06,1310690,1,20260922,2653,244,1,0,0,0,0,2284,182,1,0,0,0,0,3,43.048098520633566,144.4594431,,,,,,,,,,,,,236,red,2898,2467,5365
81,01,1310700,1,20260922,8033,632,0,0,0,0,0,8638,618,0,0,0,0,0,3,43.001297040619285,141.34856,,,,,,,,,,,,,236,red,8665,9256,17921
82,,2110010,1,20260922,7022,535,0,0,0,0,0,6904,454,0,0,0,0,0,3,37.110573456365614,140.1455465,,,,,,,,,,,,,237,red,7557,7358,14915
82,,2110017,1,20260922,17043,987,0,0,0,0,0,16892,861,0,0,0,0,0,3,37.37338104665072,140.3483355,,,,,,,,,,,,,237,red,18030,17753,35783
82,,2110019,1,20260922,18310,1297,0,0,0,0,0,16956,1181,0,0,0,0,0,3,37.46431627674753,140.3769493,,,,,,,,,,,,,237,red,19607,18137,37744
82,,2110021,1,20260922,13292,773,132,0,0,0,0,13783,1186,19,0,237,0,0,3,37.606841446897334,140.4677635,,,,,,,,,,,,,237,red,14197,14988,29185
82,,2110030,1,20260922,16698,738,0,0,0,0,0,17365,734,0,0,0,0,0,3,37.73677529703182,140.4665726,,,,,,,,,,,,,237,red,17436,18099,35535
82,,2110040,1,20260922,11575,660,0,0,0,0,0,11474,634,0,0,0,0,0,3,37.807813217104496,140.4958221,,,,,,,,,,,,,237,red,12235,12108,24343
82,,2110050,1,20260922,7083,611,0,0,0,0,0,6705,551,0,0,0,0,0,3,37.90701278720498,140.5808128,,,,,,,,,,,,,237,red,7694,7256,14950
82,,2110055,1,20260922,12279,1212,0,0,0,0,0,12480,1104,0,0,0,0,0,3,38.041138927338956,140.6498056,,,,,,,,,,,,,237,red,13491,13584,27075
82,,2110060,1,20260922,17198,1201,0,0,0,0,0,16736,1065,0,0,0,0,0,3,38.085083367382396,140.8283056,,,,,,,,,,,,,237,red,18399,17801,36200
82,,2110062,1,20260922,4161,259,56,0,0,0,0,3439,189,37,0,0,0,0,3,39.659168038777906,141.92916800000003,,,,,,,,,,,,,237,red,4476,3665,8141
82,,2110063,1,20260922,3453,225,55,0,0,0,0,2822,168,39,0,0,0,0,3,39.73009903883322,141.960134,,,,,,,,,,,,,237,red,3733,3029,6762
82,,2110065,1,20260922,18233,805,0,0,0,0,0,17682,762,0,0,0,0,0,3,38.15208336744814,140.8853611,,,,,,,,,,,,,237,red,19038,18444,37482
82,,2110070,1,20260922,23165,1028,0,0,0,0,0,22375,1019,0,0,0,0,0,3,38.21891670751319,140.895,,,,,,,,,,,,,237,red,24193,23394,47587
82,,2110081,1,20260922,8831,149,0,0,0,0,0,0,0,0,0,0,0,0,3,38.340207037629824,140.883811,,,,,,,,,,,,,237,red,8980,0,8980
82,,2110090,1,20260922,9003,613,0,0,0,0,0,9112,418,0,0,0,0,0,3,38.61000803788275,140.98291900000004,,,,,,,,,,,,,237,red,9616,9530,19146
82,,2110091,1,20260922,5157,466,0,0,0,0,0,4791,367,0,0,0,0,0,3,38.834610038086325,141.085674,,,,,,,,,,,,,237,red,5623,5158,10781
82,,2110092,1,20260922,7077,486,0,0,0,0,0,5910,394,0,0,0,0,0,3,38.930416038171224,141.117432,,,,,,,,,,,,,237,red,7563,6304,13867
82,,2110093,1,20260922,6726,476,122,0,0,0,0,6908,400,99,0,0,0,0,3,39.003777838235415,141.1133766,,,,,,,,,,,,,237,red,7324,7407,14731
82,,2110095,1,20260922,5041,240,0,0,0,0,0,5474,225,0,0,0,0,0,3,39.166645038375485,141.142913,,,,,,,,,,,,,237,red,5281,5699,10980
82,,2110103,1,20260922,13548,603,0,0,0,0,0,14865,347,0,0,0,0,0,3,39.668019038784855,141.15759,,,,,,,,,,,,,237,red,14151,15212,29363
82,,2110106,1,20260922,12895,410,0,0,0,0,0,12663,456,0,0,0,0,0,3,39.70774803881587,141.165401,,,,,,,,,,,,,237,red,13305,13119,26424
82,,2110110,1,20260922,12079,496,0,0,0,0,0,11044,479,0,0,0,0,0,3,39.7581439588549,141.134491,,,,,,,,,,,,,237,red,12575,11523,24098
82,,2110120,1,20260922,4659,512,0,0,0,0,0,4944,484,0,0,0,0,0,3,40.24861199921695,141.2695885,,,,,,,,,,,,,237,red,5171,5428,10599
82,,2110121,1,20260922,3063,398,0,0,0,0,0,3556,268,0,0,0,0,0,3,40.33516094927743,141.2985134,,,,,,,,,,,,,237,red,3461,3824,7285
82,,2110129,1,20260922,3624,279,2,0,0,0,0,3689,257,1,0,0,0,0,3,40.60805264946136,141.26026802,,,,,,,,,,,,,237,red,3905,3947,7852
82,,2110130,1,20260922,0,0,6747,0,0,237,0,0,0,6565,0,0,237,0,3,40.65608164949267,141.19309457,,,,,,,,,,,,,237,red,6747,6565,13312
82,,2110132,1,20260922,4783,325,499,0,0,0,0,5290,274,80,0,0,0,0,3,40.683721049510524,141.17042319,,,,,,,,,,,,,237,red,5607,5644,11251
82,,2110140,1,20260922,7832,438,70,0,0,0,0,7803,174,44,0,0,0,0,3,40.89753341964514,140.86029133,,,,,,,,,,,,,233,red,8340,8021,16361
82,,2110143,1,20260922,7060,645,0,0,0,0,0,6595,530,0,0,0,0,0,3,39.946858248998055,141.2168884,,,,,,,,,,,,,237,red,7705,7125,14830
82,,2110144,1,20260922,6987,1028,0,0,237,0,0,6985,475,0,0,237,0,0,3,40.83532684960663,141.12935762,,,,,,,,,,,,,237,red,8015,7460,15475
82,,2110150,1,20260922,7794,291,3,0,0,0,0,7773,294,5,0,0,0,0,3,36.857960956084185,140.7891727,,,,,,,,,,,,,237,red,8088,8072,16160
82,,2110160,1,20260922,13297,1574,44,0,0,0,0,13167,1615,53,0,0,0,0,3,36.92281008615712,140.8423448,,,,,,,,,,,,,237,red,14915,14835,29750
82,,2110161,1,20260922,8274,388,0,0,0,0,0,7934,324,0,0,0,0,0,3,37.03306503628002,140.911907,,,,,,,,,,,,,237,red,8662,8258,16920
82,,2110162,1,20260922,5894,259,0,0,0,0,0,5058,193,0,0,0,0,0,3,37.11549536637102,140.9974993,,,,,,,,,,,,,237,red,6153,5251,11404
82,,2110163,1,20260922,3648,220,3,0,0,0,0,2727,221,0,0,0,0,0,3,37.38527750666344,141.0086632,,,,,,,,,,,,,237,red,3871,2948,6819
82,,2110165,1,20260922,4897,220,26,0,0,0,0,5344,244,21,0,0,0,0,3,37.63270112692426,140.9856901,,,,,,,,,,,,,237,red,5143,5609,10752
82,,2110168,1,20260922,4056,323,0,0,0,0,0,4194,273,0,0,0,0,0,3,37.81498403711179,140.943249,,,,,,,,,,,,,237,red,4379,4467,8846
82,,2110170,1,20260922,3143,117,0,0,0,0,0,2994,119,0,0,0,0,0,3,37.89520971719308,140.9035528,,,,,,,,,,,,,237,red,3260,3113,6373
82,,2110173,1,20260922,9965,343,0,0,0,0,0,8979,296,0,0,0,0,0,3,37.094818366348264,140.9771016,,,,,,,,,,,,,237,red,10308,9275,19583
82,,2110180,1,20260922,6187,173,0,0,0,0,0,5726,165,0,0,0,0,0,3,38.064732037362305,140.859399,,,,,,,,,,,,,237,red,6360,5891,12251
82,,2110190,1,20260922,5307,440,0,0,0,0,0,4085,211,0,0,0,0,0,1,38.69140541795727,139.678824,,,,,,,,,,,,,237,red,5747,4296,10043
82,,2110191,1,20260922,4726,269,0,0,0,0,0,4755,232,0,0,0,0,0,3,38.96127130819829,139.8400569,,,,,,,,,,,,,237,red,4995,4987,9982
82,,2110192,1,20260922,7896,215,0,0,0,0,0,7530,215,0,0,0,0,0,3,38.794079918050066,139.83442430000002,,,,,,,,,,,,,237,red,8111,7745,15856
82,,2110193,1,20260922,8185,255,0,0,0,0,0,7853,241,0,0,0,0,0,3,38.787431758044086,139.8346764,,,,,,,,,,,,,237,red,8440,8094,16534
82,,2110194,1,20260922,2501,134,0,0,0,0,0,2830,126,0,0,0,0,0,3,38.69287924795862,139.6478605,,,,,,,,,,,,,237,red,2635,2956,5591
82,,2110195,1,20260922,3614,489,0,0,0,0,0,3947,269,0,0,0,0,0,3,38.61589808788817,139.5797968,,,,,,,,,,,,,237,red,4103,4216,8319
82,,2110196,1,20260922,8079,292,0,0,0,0,0,8264,309,0,0,0,0,0,3,38.83854814808984,139.8486963,,,,,,,,,,,,,237,red,8371,8573,16944
82,,2110197,1,20260922,3567,119,0,0,0,0,0,3755,138,0,0,0,0,0,3,38.71753625798101,139.7594082,,,,,,,,,,,,,237,red,3686,3893,7579
82,,2110198,1,20260922,7019,316,0,0,0,0,0,6705,252,0,0,0,0,0,3,38.71622198797982,139.7565651,,,,,,,,,,,,,237,red,7335,6957,14292
82,,2110199,1,20260922,4377,376,0,0,0,0,0,3280,216,0,0,0,0,0,1,38.60695292787995,139.5878005,,,,,,,,,,,,,237,red,4753,3496,8249
82,,2110201,1,20260922,4956,436,0,0,0,0,0,3928,192,0,0,0,0,0,1,38.666421037934484,139.623761,,,,,,,,,,,,,237,red,5392,4120,9512
82,,2110202,1,20260922,9195,343,0,0,0,0,0,9177,338,0,0,0,0,0,3,39.62387474875015,140.0681964,,,,,,,,,,,,,237,red,9538,9515,19053
82,,2110203,1,20260922,2955,82,0,0,0,0,0,2265,61,0,0,0,0,0,3,39.240899018438185,139.9362623,,,,,,,,,,,,,237,red,3037,2326,5363
82,,2110204,1,20260922,5176,416,0,0,0,0,0,5068,254,0,0,0,0,0,3,39.290490888479674,139.9747431,,,,,,,,,,,,,237,red,5592,5322,10914
82,,2110205,1,20260922,6498,556,0,0,0,0,0,5717,354,0,0,0,0,0,3,39.11912903833497,139.876447,,,,,,,,,,,,,237,red,7054,6071,13125
82,,2110208,1,20260922,9286,173,0,0,0,0,0,8482,194,0,0,0,0,0,3,39.38953603856155,140.030682,,,,,,,,,,,,,237,red,9459,8676,18135
82,,2110210,1,20260922,9619,397,0,0,0,0,0,10743,342,0,0,0,0,0,3,39.79539903888355,140.0622,,,,,,,,,,,,,237,red,10016,11085,21101
82,,2110212,1,20260922,6994,333,0,0,0,0,0,6998,383,0,0,0,0,0,3,39.718472038824196,140.083211,,,,,,,,,,,,,237,red,7327,7381,14708
82,,2110213,1,20260922,5121,138,0,0,0,0,0,4848,159,0,0,0,0,0,3,39.52539935867177,140.0518185,,,,,,,,,,,,,237,red,5259,5007,10266
82,,2110214,1,20260922,4189,210,0,0,0,0,0,3907,172,0,0,0,0,0,3,39.90494615896667,140.076382,,,,,,,,,,,,,237,red,4399,4079,8478
82,,2110215,1,20260922,3745,275,47,0,0,0,0,3626,264,27,0,0,0,0,3,40.067095039086766,140.067721,,,,,,,,,,,,,237,red,4067,3917,7984
82,,2110216,1,20260922,5407,464,174,0,0,0,0,5774,247,162,0,0,0,0,3,40.268120039230666,140.52780600000003,,,,,,,,,,,,,237,red,6045,6183,12228
82,,2110217,1,20260922,4452,519,269,0,0,0,0,3841,340,262,0,0,0,0,3,40.27305803923414,140.532178,,,,,,,,,,,,,237,red,5240,4443,9683
82,,2110218,1,20260922,6408,171,0,0,0,0,0,5797,120,0,0,0,0,0,3,40.190834039176,140.036139,,,,,,,,,,,,,237,red,6579,5917,12496
82,,2110219,1,20260922,1553,76,0,0,0,0,0,1216,67,0,0,0,0,0,3,40.21531803919339,140.280482,,,,,,,,,,,,,237,red,1629,1283,2912
82,,2110220,1,20260922,3751,380,7,0,0,0,0,3154,328,1,0,0,0,0,3,40.16185503915528,140.039381,,,,,,,,,,,,,237,red,4138,3483,7621
82,,2110221,1,20260922,5438,455,101,0,0,0,0,4542,328,4,0,0,0,0,3,40.20192503918389,140.151831,,,,,,,,,,,,,237,red,5994,4874,10868
82,,2110222,1,20260922,1903,177,0,0,0,0,0,1899,114,0,0,0,0,0,3,40.30719003925799,140.572683,,,,,,,,,,,,,237,red,2080,2013,4093
82,,2110229,1,20260922,5898,490,95,0,0,0,0,5847,305,102,0,0,0,0,3,40.230677039204274,140.489525,,,,,,,,,,,,,237,red,6483,6254,12737
82,,2110230,1,20260922,4268,271,5,0,0,0,0,3805,192,3,0,0,0,0,3,40.3821040393098,140.603544,,,,,,,,,,,,,232,red,4544,4000,8544
82,,2110231,1,20260922,4781,309,115,0,0,0,0,4632,224,108,0,0,0,0,3,40.461176699363655,140.6358415,,,,,,,,,,,,,237,red,5205,4964,10169
82,,2110232,1,20260922,4116,377,73,0,0,0,0,3949,283,54,0,0,0,0,3,40.199024039181815,140.383267,,,,,,,,,,,,,237,red,4566,4286,8852
82,,2110233,1,20260922,3744,302,0,0,0,0,0,2734,164,0,0,0,0,0,1,38.96155603819856,139.859806,,,,,,,,,,,,,237,red,4046,2898,6944
82,,2110234,1,20260922,5339,374,887,0,0,0,0,6981,606,517,0,0,0,0,3,40.57123242943714,140.52428552,,,,,,,,,,,,,237,red,6600,8104,14704
82,,2110235,1,20260922,11372,539,54,0,0,0,0,0,0,11657,0,0,237,0,3,40.60269692945784,140.49957539,,,,,,,,,,,,,237,red,11965,11657,23622
82,,2110236,1,20260922,4152,337,0,0,0,0,0,3285,170,0,0,0,0,0,1,39.00850003823954,139.856924,,,,,,,,,,,,,237,red,4489,3455,7944
82,,2110237,1,20260922,696,30,0,0,0,0,0,934,25,0,0,0,0,0,1,39.05087603827627,139.890254,,,,,,,,,,,,,237,red,726,959,1685
82,,2110240,1,20260922,9475,535,28,0,0,0,0,3147,110,5864,0,0,237,0,3,40.65753935949361,140.50836074,,,,,,,,,,,,,237,red,10038,9121,19159
82,,2110249,1,20260922,8419,783,652,0,0,0,0,4710,500,453,0,237,237,0,3,40.831625089604316,140.66283564,,,,,,,,,,,,,237,red,9854,5663,15517
82,,2110250,1,20260922,9968,630,0,0,0,0,0,10574,795,0,0,0,0,0,3,40.767838829564255,140.59194915,,,,,,,,,,,,,237,red,10598,11369,21967
82,,2110251,1,20260922,11096,768,0,0,0,237,0,22754,1647,0,0,0,0,0,3,40.824380649599796,140.7354641,,,,,,,,,,,,,237,red,11864,24401,36265
82,,2110252,1,20260922,6964,743,1,0,0,0,0,0,0,6844,0,0,232,0,3,40.80222556958593,140.69781704,,,,,,,,,,,,,232,red,7708,6844,14552
82,,2110253,1,20260922,4616,360,81,0,0,0,0,4377,361,87,0,0,0,0,3,40.82364700959935,140.81040657,,,,,,,,,,,,,237,red,5057,4825,9882
82,,2110255,1,20260922,0,0,0,0,0,0,0,0,0,0,0,0,0,0,3,40.797368279582884,140.73499562,,,,,,,,,,,,,237,red,0,0,0
82,,2110256,1,20260922,7295,294,73,0,0,0,0,0,0,0,0,0,0,0,3,40.79545531958167,140.74908182,,,,,,,,,,,,,237,red,7662,0,7662
82,,2110258,1,20260922,3134,135,40,0,0,0,0,3224,189,47,0,0,0,0,3,40.26361114922749,140.42944444,,,,,,,,,,,,,237,red,3309,3460,6769
82,,2110260,1,20260922,9572,242,0,0,0,0,0,9422,331,0,0,0,0,0,3,37.766077747061864,140.4643813,,,,,,,,,,,,,237,red,9814,9753,19567
82,,2110270,1,20260922,1533,27,4,0,0,0,0,548,12,136,0,0,118,0,3,37.82286602711981,140.2786356,,,,,,,,,,,,,237,red,1564,696,2260
82,,2110271,1,20260922,8009,624,0,0,0,0,0,7192,434,0,0,0,0,0,3,37.89655074719443,140.1500818,,,,,,,,,,,,,237,red,8633,7626,16259
82,,2110272,1,20260922,6633,592,0,0,0,0,0,5819,426,0,0,0,0,0,3,37.92749748722557,140.13487,,,,,,,,,,,,,237,red,7225,6245,13470
82,,2110280,1,20260922,7816,315,0,0,0,0,0,7649,263,0,0,0,0,0,3,37.99971367729781,140.14494900000003,,,,,,,,,,,,,237,red,8131,7912,16043
82,,2110290,1,20260922,11855,509,0,0,0,0,0,11309,488,0,0,0,0,0,3,38.13022203742675,140.241028,,,,,,,,,,,,,237,red,12364,11797,24161
82,,2110291,1,20260922,12030,558,0,0,0,0,0,12148,520,0,0,0,0,0,3,38.159814097455694,140.3001308,,,,,,,,,,,,,237,red,12588,12668,25256
82,,2110292,1,20260922,11181,475,0,0,0,0,0,9858,397,0,0,0,0,0,3,38.10297203739999,140.207083,,,,,,,,,,,,,237,red,11656,10255,21911
82,,2110294,1,20260922,3541,137,0,0,0,0,0,3321,134,0,0,0,0,0,3,37.767613677063444,140.8648291,,,,,,,,,,,,,237,red,3678,3455,7133
82,,2110295,1,20260922,3593,132,0,0,0,0,0,3395,133,0,0,0,0,0,3,37.75423885704973,140.7090153,,,,,,,,,,,,,237,red,3725,3528,7253
82,,2110296,1,20260922,4077,153,0,0,0,0,0,3990,165,0,0,0,0,0,3,37.75978319705542,140.5958156,,,,,,,,,,,,,237,red,4230,4155,8385
82,,2110297,1,20260922,3276,140,0,0,0,0,0,3283,131,0,0,0,0,0,3,37.78113503707728,140.573819,,,,,,,,,,,,,237,red,3416,3414,6830
82,,2110298,1,20260922,3158,187,0,0,0,0,0,3318,169,0,0,0,0,0,3,37.81669203711354,140.530266,,,,,,,,,,,,,237,red,3345,3487,6832
82,,2110299,1,20260922,2576,237,0,0,0,0,0,2599,221,0,0,0,0,0,3,37.83294203713006,140.49615,,,,,,,,,,,,,237,red,2813,2820,5633
82,,2110300,1,20260922,6943,615,0,0,0,0,0,6424,415,0,0,0,0,0,1,37.79582169709228,140.4130094,,,,,,,,,,,,,237,red,7558,6839,14397
82,,2110301,1,20260922,9601,715,0,0,0,0,0,8954,474,0,0,0,0,0,3,37.8687824871664,140.2279023,,,,,,,,,,,,,237,red,10316,9428,19744
82,,2110305,1,20260922,15925,696,0,0,0,0,0,16200,672,0,0,0,0,0,3,38.32857829761873,140.3671432,,,,,,,,,,,,,237,red,16621,16872,33493
82,,2110307,1,20260922,6375,118,0,0,0,0,0,9399,341,0,0,0,0,0,3,38.48098003776293,140.382831,,,,,,,,,,,,,237,red,6493,9740,16233
82,,2110308,1,20260922,10549,714,0,0,0,0,0,9386,575,0,0,0,0,0,1,38.56969403784554,140.401333,,,,,,,,,,,,,237,red,11263,9961,21224
82,,2110309,1,20260922,7975,530,0,0,0,0,0,6127,370,0,0,0,0,0,1,38.42500003771029,140.352222,,,,,,,,,,,,,237,red,8505,6497,15002
82,,2110310,1,20260922,5668,236,0,0,0,0,0,5819,206,0,0,0,0,0,3,38.57581640785121,140.403707,,,,,,,,,,,,,237,red,5904,6025,11929
82,,2110311,1,20260922,10786,706,0,0,0,0,0,9104,550,0,0,0,0,0,1,38.5505555978278,140.3888889,,,,,,,,,,,,,237,red,11492,9654,21146
82,,2110312,1,20260922,9969,650,0,0,0,0,0,9203,552,0,0,0,0,0,3,38.618265997890354,140.3838155,,,,,,,,,,,,,237,red,10619,9755,20374
82,,2110313,1,20260922,11311,773,0,0,0,0,0,11037,690,0,0,0,0,0,3,38.676631947943804,140.3212881,,,,,,,,,,,,,237,red,12084,11727,23811
82,,2110314,1,20260922,10807,785,0,0,0,0,0,10618,677,0,0,0,0,0,3,38.71993903798319,140.308757,,,,,,,,,,,,,237,red,11592,11295,22887
82,,2110315,1,20260922,4277,150,0,0,0,0,0,4097,129,0,0,0,0,0,3,38.8033716780584,140.3206605,,,,,,,,,,,,,237,red,4427,4226,8653
82,,2110316,1,20260922,5421,421,0,0,0,0,0,3650,314,0,0,0,0,0,3,38.74947203800992,140.290833,,,,,,,,,,,,,237,red,5842,3964,9806
82,,2110317,1,20260922,4686,334,0,0,0,0,0,4141,269,0,0,0,0,0,3,38.923639038165255,140.334806,,,,,,,,,,,,,237,red,5020,4410,9430
82,,2110318,1,20260922,4458,347,0,0,0,0,0,4179,291,0,0,0,0,0,3,38.94673520818555,140.3547943,,,,,,,,,,,,,237,red,4805,4470,9275
82,,2110319,1,20260922,5290,358,62,0,0,0,0,4965,293,65,0,0,0,0,3,39.072178338294655,140.4714918,,,,,,,,,,,,,237,red,5710,5323,11033
82,,2110320,1,20260922,5489,378,60,0,0,0,0,5267,322,42,0,0,0,0,3,39.11258080832936,140.486598,,,,,,,,,,,,,237,red,5927,5631,11558
82,,2110321,1,20260922,5447,239,0,0,0,0,0,5123,194,0,0,0,0,0,3,39.181412318388,140.4959965,,,,,,,,,,,,,237,red,5686,5317,11003
82,,2110322,1,20260922,2564,71,15,0,0,0,0,2370,44,151,0,0,0,0,3,39.1455093483575,140.4912436,,,,,,,,,,,,,237,red,2650,2565,5215
82,,2110324,1,20260922,3285,238,0,0,0,0,0,22,157,0,0,0,0,0,3,39.046668898272635,140.4131154,,,,,,,,,,,,,237,red,3523,179,3702
82,,2110325,1,20260922,9531,651,0,0,0,0,0,7757,497,0,0,0,0,0,1,38.463333037746374,140.3575,,,,,,,,,,,,,237,red,10182,8254,18436
82,,2110326,1,20260922,10209,685,0,0,0,0,0,8599,546,0,0,0,0,0,1,38.49944403778021,140.370833,,,,,,,,,,,,,237,red,10894,9145,20039
82,,2110327,1,20260922,7794,300,0,0,0,0,0,7289,286,0,0,0,0,0,3,39.249316578445246,140.5351192,,,,,,,,,,,,,237,red,8094,7575,15669
82,,2110328,1,20260922,4144,345,0,0,0,0,0,3518,290,0,0,0,0,0,3,38.78089403803823,140.293372,,,,,,,,,,,,,237,red,4489,3808,8297
82,,2110335,1,20260922,3310,413,1637,0,0,83,0,4454,412,1071,0,0,0,0,3,39.45464609861468,140.4982871,,,,,,,,,,,,,237,red,5360,5937,11297
82,,2110337,1,20260922,4884,250,0,0,0,0,0,5122,261,1,0,0,0,0,3,39.56556981870389,140.3349352,,,,,,,,,,,,,237,red,5134,5384,10518
82,,2110340,1,20260922,10526,692,0,0,0,0,0,10179,654,0,0,0,0,0,3,39.66778703878465,140.165768,,,,,,,,,,,,,237,red,11218,10833,22051
82,,2110350,1,20260922,13714,770,0,0,0,0,0,13510,876,0,0,0,0,0,3,38.27013892756266,140.95175,,,,,,,,,,,,,237,red,14484,14386,28870
82,,2110352,1,20260922,21674,1010,23,0,0,0,0,19819,872,236,0,0,0,0,3,38.425472257710744,141.1867778,,,,,,,,,,,,,237,red,22707,20927,43634
82,,2110353,1,20260922,21084,995,148,0,0,0,0,19573,805,353,0,0,0,0,3,38.43294447771779,141.2090556,,,,,,,,,,,,,237,red,22227,20731,42958
82,,2110354,1,20260922,17520,761,339,6,0,0,7,17572,638,247,0,0,0,7,3,38.442000037726324,141.2525833,,,,,,,,,,,,,237,red,18620,18457,37077
82,,2110355,1,20260922,16505,769,479,0,0,0,0,14710,610,198,0,0,0,0,3,38.48202781776391,141.2923889,,,,,,,,,,,,,237,red,17753,15518,33271
82,,2110357,1,20260922,14574,709,169,0,0,0,0,12931,579,132,0,0,0,0,3,38.50430559778474,141.2861944,,,,,,,,,,,,,237,red,15452,13642,29094
82,,2110358,1,20260922,12236,631,180,0,0,0,0,10873,499,97,0,0,0,0,3,38.590638927864894,141.27905560000002,,,,,,,,,,,,,237,red,13047,11469,24516
82,,2110359,1,20260922,11160,606,181,0,0,0,0,10073,480,124,0,0,0,0,3,38.61066670788337,141.2839722,,,,,,,,,,,,,237,red,11947,10677,22624
82,,2110360,1,20260922,5387,74,0,0,0,0,0,5159,88,0,0,0,0,0,3,38.429333367714385,141.2390278,,,,,,,,,,,,,237,red,5461,5247,10708
82,,2110361,1,20260922,4892,125,0,0,0,0,0,5097,140,0,0,0,0,0,3,38.891555598136925,141.55625,,,,,,,,,,,,,237,red,5017,5237,10254
82,,2110362,1,20260922,9718,447,132,0,0,0,0,8768,366,106,0,0,0,0,3,38.696083367961535,141.2831389,,,,,,,,,,,,,237,red,10297,9240,19537
82,,2110363,1,20260922,18019,775,221,0,0,0,0,15659,601,216,0,0,0,0,3,38.456555597740014,141.2745,,,,,,,,,,,,,237,red,19015,16476,35491
82,,2110364,1,20260922,7143,311,7,0,0,0,0,6050,251,6,0,0,0,0,3,38.95011114818852,141.6280556,,,,,,,,,,,,,237,red,7461,6307,13768
82,,2110365,1,20260922,3414,87,0,0,0,0,0,3534,97,0,0,0,0,0,3,38.91955303816165,141.571364,,,,,,,,,,,,,237,red,3501,3631,7132
82,,2110366,1,20260922,9185,441,122,0,0,0,0,8270,346,129,0,0,0,0,3,38.71113892797521,141.3101667,,,,,,,,,,,,,237,red,9748,8745,18493
82,,2110367,1,20260922,6399,335,83,1,0,0,1,5759,263,111,1,0,0,1,3,39.02656869825523,141.6974974,,,,,,,,,,,,,237,red,6817,6133,12950
82,,2110368,1,20260922,9080,423,179,0,0,0,0,8284,350,120,0,0,0,0,3,38.70219447796709,141.3930833,,,,,,,,,,,,,237,red,9682,8754,18436
82,,2110370,1,20260922,5215,241,0,0,0,0,0,4397,173,0,0,0,0,0,3,39.059216658283475,141.7193842,,,,,,,,,,,,,237,red,5456,4570,10026
82,,2110371,1,20260922,2973,158,47,0,0,0,0,3755,171,14,0,0,0,0,3,39.074077398296275,141.7034197,,,,,,,,,,,,,237,red,3178,3940,7118
82,,2110372,1,20260922,4222,251,0,0,0,0,0,3825,212,0,0,0,0,0,3,39.125195598340156,141.7347157,,,,,,,,,,,,,237,red,4473,4037,8510
82,,2110373,1,20260922,5844,263,0,0,0,0,0,5110,197,0,0,0,0,0,3,39.12205355833746,141.7899934,,,,,,,,,,,,,237,red,6107,5307,11414
82,,2110374,1,20260922,4602,303,0,0,0,0,0,4296,259,0,0,0,0,0,3,39.03121932825926,141.6337144,,,,,,,,,,,,,237,red,4905,4555,9460
82,,2110379,1,20260922,5052,251,66,0,0,0,0,4173,189,161,0,0,0,0,3,39.14893559836042,141.8295097,,,,,,,,,,,,,237,red,5369,4523,9892
82,,2110380,1,20260922,3395,111,0,0,0,0,0,3803,84,0,0,0,0,0,3,39.29661287848477,141.8836641,,,,,,,,,,,,,237,red,3506,3887,7393
82,,2110381,1,20260922,8180,410,120,0,0,0,0,7177,327,149,0,0,0,0,3,38.69052781795646,141.4270556,,,,,,,,,,,,,237,red,8710,7653,16363
82,,2110382,1,20260922,9166,441,152,0,0,0,0,7915,340,117,0,0,0,0,3,38.70547225797006,141.4960833,,,,,,,,,,,,,237,red,9759,8372,18131
82,,2110383,1,20260922,6353,286,77,0,0,0,0,5843,232,70,0,0,0,0,3,39.32251283850628,141.8802524,,,,,,,,,,,,,237,red,6716,6145,12861
82,,2110384,1,20260922,8674,402,112,0,0,0,0,7530,339,115,0,0,0,0,3,38.81825003807172,141.5580556,,,,,,,,,,,,,237,red,9188,7984,17172
82,,2110387,1,20260922,3894,241,435,0,0,0,0,4435,200,59,0,0,0,0,3,39.59193303872486,141.940478,,,,,,,,,,,,,237,red,4570,4694,9264
82,,2110389,1,20260922,3804,222,54,0,0,0,0,3133,176,48,0,0,0,0,3,39.8199300389023,141.96138,,,,,,,,,,,,,237,red,4080,3357,7437
82,,2110392,1,20260922,3945,234,40,0,0,0,0,3278,179,45,0,0,0,0,3,39.836270038914755,141.96038,,,,,,,,,,,,,237,red,4219,3502,7721
82,,2110393,1,20260922,2770,305,0,1,0,0,0,2487,203,0,1,0,0,0,3,39.87071503894088,141.94008,,,,,,,,,,,,,237,red,3075,2690,5765
82,,2110394,1,20260922,9177,402,138,0,0,0,0,7971,353,138,0,0,0,0,3,38.86638892811462,141.5685833,,,,,,,,,,,,,237,red,9717,8462,18179
82,,2110396,1,20260922,75,3,0,0,0,237,1,126,14,0,0,0,237,1,3,39.93351162898809,141.8457699,,,,,,,,,,,,,237,red,78,140,218
82,,2110397,1,20260922,2500,241,0,0,0,0,1,2374,188,0,0,0,0,1,3,39.9934900390327,141.881411,,,,,,,,,,,,,237,red,2741,2562,5303
82,,2110401,1,20260922,4924,260,81,0,0,0,0,4267,235,71,0,0,0,0,3,39.029891708258106,141.6224,,,,,,,,,,,,,237,red,5265,4573,9838
82,,2110402,1,20260922,2115,88,0,0,0,0,0,1995,74,0,0,0,0,0,3,40.414361969331864,141.7051792,,,,,,,,,,,,,237,red,2203,2069,4272
82,,2110403,1,20260922,4889,221,72,0,0,0,0,4157,188,65,0,0,0,0,3,39.15806392836817,141.8413306,,,,,,,,,,,,,237,red,5182,4410,9592
82,,2110404,1,20260922,10916,335,10,0,0,0,0,10127,308,33,0,0,0,0,3,40.50576550939362,141.53235261,,,,,,,,,,,,,237,red,11261,10468,21729
82,,2110405,1,20260922,11906,527,31,0,0,0,0,10369,507,25,0,0,0,0,3,40.528900439409064,141.46412799,,,,,,,,,,,,,237,red,12464,10901,23365
82,,2110407,1,20260922,3697,239,3,0,0,0,0,3863,187,54,0,0,0,0,3,40.481786839377534,141.5376989,,,,,,,,,,,,,237,red,3939,4104,8043
82,,2110408,1,20260922,8758,520,62,0,0,0,0,8381,439,61,0,0,0,0,3,40.5637364594322,141.43539327,,,,,,,,,,,,,237,red,9340,8881,18221
82,,2110409,1,20260922,4932,236,72,0,0,0,0,4314,196,81,0,0,0,0,3,39.24333336844022,141.8452778,,,,,,,,,,,,,237,red,5240,4591,9831
82,,2110410,1,20260922,4846,294,36,0,0,0,0,5076,267,40,0,0,0,0,3,40.47949102937599,141.58069836,,,,,,,,,,,,,237,red,5176,5383,10559
82,,2110412,1,20260922,5774,463,91,0,0,0,0,5048,381,63,0,0,0,0,3,40.66162803949626,141.324363,,,,,,,,,,,,,237,red,6328,5492,11820
82,,2110413,1,20260922,7179,587,209,0,0,0,0,6235,486,244,0,0,0,0,3,40.675139039505,141.304575,,,,,,,,,,,,,237,red,7975,6965,14940
82,,2110414,1,20260922,13871,899,0,0,0,0,0,12350,855,0,0,0,0,0,3,39.699724768809624,141.0544968,,,,,,,,,,,,,237,red,14770,13205,27975
82,,2110415,1,20260922,7318,349,0,0,0,0,0,6816,340,0,0,0,0,0,3,39.69160156880328,141.008749,,,,,,,,,,,,,237,red,7667,7156,14823
82,,2110416,1,20260922,5777,312,5,0,0,0,0,5394,303,9,0,0,0,0,3,39.70020353880998,140.8836508,,,,,,,,,,,,,237,red,6094,5706,11800
82,,2110417,1,20260922,1820,139,0,0,0,0,0,339,100,0,0,0,0,0,3,40.47147403937059,141.474002,,,,,,,,,,,,,237,red,1959,439,2398
82,,2110418,1,20260922,6918,361,72,0,0,0,0,6464,284,59,0,0,0,0,3,39.260555598454665,141.8394444,,,,,,,,,,,,,237,red,7351,6807,14158
82,,2110419,1,20260922,5372,267,92,0,0,0,0,4809,197,82,0,0,0,0,3,39.288333368477865,141.8633333,,,,,,,,,,,,,237,red,5731,5088,10819
82,,2110421,1,20260922,4903,256,81,0,0,0,0,4261,191,59,0,0,0,0,3,39.366111148542295,141.9044444,,,,,,,,,,,,,237,red,5240,4511,9751
82,,2110422,1,20260922,5029,256,85,0,0,0,0,4453,205,72,0,0,0,0,3,39.36731670854329,141.8911806,,,,,,,,,,,,,237,red,5370,4730,10100
82,,2110423,1,20260922,4297,308,1,0,0,0,0,4351,245,3,0,0,0,0,3,40.22921103920324,141.7800234,,,,,,,,,,,,,237,red,4606,4599,9205
82,,2110424,1,20260922,3620,237,0,0,0,0,0,3946,251,0,0,0,0,0,3,39.601276038732266,140.551915,,,,,,,,,,,,,237,red,3857,4197,8054
82,,2110428,1,20260922,5967,297,57,0,0,0,0,5765,302,43,0,0,0,0,3,38.73322403799523,140.787123,,,,,,,,,,,,,237,red,6321,6110,12431
82,,2110432,1,20260922,2184,186,0,0,0,0,0,2185,168,0,0,0,0,0,3,38.73755603799914,140.598389,,,,,,,,,,,,,237,red,2370,2353,4723
82,,2110435,1,20260922,6621,646,0,0,0,0,0,6720,583,0,0,0,0,0,3,38.74138978800262,140.2831578,,,,,,,,,,,,,237,red,7267,7303,14570
82,,2110436,1,20260922,6038,496,0,0,0,0,0,5806,411,0,0,0,0,0,3,38.74416703800512,140.259722,,,,,,,,,,,,,237,red,6534,6217,12751
82,,2110437,1,20260922,6444,506,0,0,0,0,0,6640,467,0,0,0,0,0,3,38.73663903799832,140.168833,,,,,,,,,,,,,237,red,6950,7107,14057
82,,2110438,1,20260922,6242,489,0,0,0,0,0,6030,356,0,0,0,0,0,3,38.745210838006074,140.2326227,,,,,,,,,,,,,237,red,6731,6386,13117
82,,2110440,1,20260922,6243,481,0,0,0,0,1,7187,480,0,0,0,0,1,3,38.78155241803881,140.0267226,,,,,,,,,,,,,237,red,6724,7667,14391
82,,2110445,1,20260922,16674,587,0,0,0,0,0,16456,616,0,0,0,0,0,3,38.26502503755774,140.79343300000002,,,,,,,,,,,,,237,red,17261,17072,34333
82,,2110450,1,20260922,7937,370,0,0,0,0,0,7501,352,0,0,0,0,0,3,38.391999797679084,140.5672252,,,,,,,,,,,,,237,red,8307,7853,16160
82,,2110451,1,20260922,4658,181,0,0,0,0,0,4996,190,0,0,0,0,0,3,38.877650438124604,139.8869442,,,,,,,,,,,,,237,red,4839,5186,10025
82,,2110452,1,20260922,6715,226,0,0,0,35,0,7344,283,0,0,0,0,0,3,38.901543148145755,139.8723154,,,,,,,,,,,,,237,red,6941,7627,14568
82,,2110453,1,20260922,503,31,0,0,0,0,0,422,27,0,0,0,0,0,3,38.90368057814766,139.8668909,,,,,,,,,,,,,237,red,534,449,983
82,,2110454,1,20260922,5307,238,0,0,0,0,0,5806,229,0,0,0,0,0,3,38.87364379812106,139.886117,,,,,,,,,,,,,237,red,5545,6035,11580
82,,2110455,1,20260922,7706,417,0,0,0,0,0,6271,406,0,0,0,0,0,3,37.062925546313075,140.8516252,,,,,,,,,,,,,237,red,8123,6677,14800
82,,2110456,1,20260922,4271,157,0,0,0,0,0,4771,179,0,0,0,0,0,3,38.85157810810144,139.8908657,,,,,,,,,,,,,237,red,4428,4950,9378
82,,2110457,1,20260922,3417,160,0,0,0,0,0,3920,184,0,0,0,0,0,3,38.831843418083864,139.9098858,,,,,,,,,,,,,237,red,3577,4104,7681
82,,2110460,1,20260922,5385,185,3,0,0,0,0,4808,222,4,0,0,0,0,3,37.11000003636498,140.7641667,,,,,,,,,,,,,237,red,5573,5034,10607
82,,2110464,1,20260922,4266,162,6,1,0,0,0,3811,200,187,1,0,0,0,3,37.31106211658384,140.4823494,,,,,,,,,,,,,237,red,4434,4198,8632
82,,2110465,1,20260922,6601,324,0,0,0,0,0,6628,364,0,0,0,0,0,3,37.33970064661463,140.406585,,,,,,,,,,,,,237,red,6925,6992,13917
82,,2110470,1,20260922,8042,345,0,0,0,0,0,6648,229,0,0,0,0,0,3,37.49456687677952,140.2463901,,,,,,,,,,,,,237,red,8387,6877,15264
82,,2110472,1,20260922,2636,201,0,0,0,0,0,2784,155,0,0,0,0,0,3,37.65080306694305,139.5936209,,,,,,,,,,,,,237,red,2837,2939,5776
82,,2110473,1,20260922,8030,450,0,0,0,0,0,7813,389,0,0,0,0,0,3,37.548570346836364,139.9683643,,,,,,,,,,,,,237,red,8480,8202,16682
82,,2110474,1,20260922,6054,240,0,0,0,0,0,6061,191,0,0,0,0,0,3,37.55735328684558,139.8550022,,,,,,,,,,,,,237,red,6294,6252,12546
82,,2110477,1,20260922,5633,237,7,0,0,0,0,5541,235,5,0,0,0,0,3,40.48458321937942,141.42701414,,,,,,,,,,,,,237,red,5877,5781,11658
82,,2110478,1,20260922,3096,139,0,0,0,0,0,3030,155,0,0,0,0,0,3,38.52642903780538,141.156619,,,,,,,,,,,,,237,red,3235,3185,6420
82,,2110479,1,20260922,3882,188,0,0,0,0,0,3745,197,0,0,0,0,0,3,38.556163037833,141.069142,,,,,,,,,,,,,237,red,4070,3942,8012
82,,2110480,1,20260922,6093,151,0,0,0,0,0,5727,131,0,0,0,0,0,3,38.570337037846144,140.982089,,,,,,,,,,,,,237,red,6244,5858,12102
82,,2110481,1,20260922,4745,321,0,0,0,0,0,4187,247,0,0,0,0,0,3,39.036923848264195,140.3899339,,,,,,,,,,,,,237,red,5066,4434,9500
82,,2110482,1,20260922,6779,341,8,0,0,0,0,7186,318,0,0,0,0,0,3,39.363397818540065,140.5656534,,,,,,,,,,,,,237,red,7128,7504,14632
82,,2110485,1,20260922,9551,303,0,0,0,0,0,9391,259,0,0,0,0,0,3,38.33956088762922,140.2816558,,,,,,,,,,,,,237,red,9854,9650,19504
82,,2110488,1,20260922,3714,132,0,0,0,0,0,3043,120,0,0,0,0,0,3,38.4566470377401,140.032103,,,,,,,,,,,,,237,red,3846,3163,7009
82,,2110491,1,20260922,6129,391,0,0,0,0,0,5917,334,0,0,0,0,0,3,38.58079848785582,139.9398136,,,,,,,,,,,,,237,red,6520,6251,12771
82,,2110500,1,20260922,5463,287,0,0,0,0,0,5450,248,0,0,0,0,0,3,38.046173177343945,139.7837305,,,,,,,,,,,,,237,red,5750,5698,11448
82,,2110501,1,20260922,5349,260,0,0,0,0,0,5198,214,0,0,0,0,0,3,38.0753590373728,139.72116,,,,,,,,,,,,,237,red,5609,5412,11021
82,,2110502,1,20260922,3882,219,0,0,0,0,0,4202,205,0,0,0,0,0,3,38.04606303734383,140.051715,,,,,,,,,,,,,237,red,4101,4407,8508
82,,2110503,1,20260922,5184,253,0,0,0,0,0,5216,239,0,0,0,0,0,3,38.044627037342416,140.064483,,,,,,,,,,,,,237,red,5437,5455,10892
82,,2110504,1,20260922,4665,280,0,0,0,0,0,5097,287,0,0,0,0,0,3,38.04518462734297,140.1366019,,,,,,,,,,,,,237,red,4945,5384,10329
82,,2110510,1,20260922,5587,266,0,0,0,0,0,5087,239,0,0,0,0,0,3,38.02769263732563,140.1668358,,,,,,,,,,,,,237,red,5853,5326,11179
82,,2110519,1,20260922,3868,200,51,0,0,0,0,4003,149,35,0,0,0,0,3,39.25195903844747,141.77938700000004,,,,,,,,,,,,,237,red,4119,4187,8306
82,,2110520,1,20260922,4803,184,57,0,0,0,0,4449,214,52,0,0,0,0,3,39.24514978844176,141.7423439,,,,,,,,,,,,,237,red,5044,4715,9759
82,,2110521,1,20260922,4867,217,0,0,0,0,0,4538,238,0,0,0,0,0,3,39.246448038442836,141.63560000000004,,,,,,,,,,,,,237,red,5084,4776,9860
82,,2110531,1,20260922,4757,245,0,0,0,0,0,5042,215,0,0,0,0,0,1,39.32515718850848,141.4883819,,,,,,,,,,,,,237,red,5002,5257,10259
82,,2110540,1,20260922,6121,342,0,0,0,0,0,6358,313,0,0,0,0,0,1,39.28807706847765,141.3475227,,,,,,,,,,,,,237,red,6463,6671,13134
82,,2110541,1,20260922,3167,152,0,0,0,0,0,3057,156,0,0,0,0,0,1,39.314345428499514,141.2615204,,,,,,,,,,,,,237,red,3319,3213,6532
82,,2110542,1,20260922,3631,219,0,0,0,0,0,3645,191,0,0,0,0,0,3,39.283375038473736,141.5516694,,,,,,,,,,,,,237,red,3850,3836,7686
82,,2110552,1,20260922,8740,424,119,0,0,0,0,7506,326,98,0,0,0,0,3,38.75991670801934,141.5025278,,,,,,,,,,,,,237,red,9283,7930,17213
82,,2110553,1,20260922,9199,437,144,0,0,0,0,8274,370,103,0,0,0,0,3,38.80716670806179,141.54275,,,,,,,,,,,,,237,red,9780,8747,18527
82,,2110554,1,20260922,6568,278,166,0,0,0,0,5564,221,120,0,0,0,0,3,38.96347225820022,141.6241944,,,,,,,,,,,,,237,red,7012,5905,12917
82,,2110555,1,20260922,4260,197,74,0,0,0,0,3656,165,76,0,0,0,0,3,39.21138892841335,141.865,,,,,,,,,,,,,237,red,4531,3897,8428
82,,2110556,1,20260922,9045,402,117,0,0,0,0,7422,301,159,0,0,0,0,3,38.8781944781251,141.5846444,,,,,,,,,,,,,237,red,9564,7882,17446
82,,2110557,1,20260922,7381,611,376,0,0,0,0,6582,335,284,0,0,0,0,3,38.789722258046154,141.5180556,,,,,,,,,,,,,237,red,8368,7201,15569
82,,2110558,1,20260922,6698,266,124,0,0,0,0,5619,224,80,0,0,0,0,3,38.88277803812915,141.585833,,,,,,,,,,,,,237,red,7088,5923,13011
82,,2110559,1,20260922,7590,377,135,0,0,0,0,5861,286,109,0,0,0,0,3,38.925278038166695,141.6025,,,,,,,,,,,,,237,red,8102,6256,14358
82,,2110560,1,20260922,4662,268,252,0,0,0,0,3245,206,353,0,0,0,0,3,38.89750003814219,141.595,,,,,,,,,,,,,237,red,5182,3804,8986
82,,2110561,1,20260922,7278,334,470,0,0,0,0,4826,686,179,0,0,0,0,3,38.91750003815984,141.591944,,,,,,,,,,,,,237,red,8082,5691,13773
82,,2110604,1,20260922,3120,242,644,0,0,0,0,3507,221,159,0,0,0,0,3,40.1607780391545,141.767278,,,,,,,,,,,,,237,red,4006,3887,7893
82,,2112104,1,20260922,6138,554,13,0,0,0,0,4993,441,297,0,0,0,0,3,40.733783919542624,141.20798154,,,,,,,,,,,,,237,red,6705,5731,12436
82,,2120001,1,20260922,7276,414,0,0,0,0,0,6968,655,0,0,0,0,0,3,40.75045198955322,140.54906872,,,,,,,,,,,,,237,red,7690,7623,15313
82,,2120005,1,20260922,6910,355,77,0,0,0,0,6797,339,69,0,0,0,0,3,40.79249892957982,140.48972552,,,,,,,,,,,,,237,red,7342,7205,14547
82,,2120010,1,20260922,4403,290,58,0,0,0,0,4402,284,63,0,0,0,0,3,40.81212879959214,140.47707546,,,,,,,,,,,,,237,red,4751,4749,9500
82,,2120015,1,20260922,3393,274,0,0,0,0,0,3041,239,0,0,0,0,0,3,40.82729603960163,140.4413,,,,,,,,,,,,,237,red,3667,3280,6947
82,,2120020,1,20260922,767,103,0,0,0,0,0,2628,99,0,0,0,0,0,3,40.78380703957434,140.261545,,,,,,,,,,,,,237,red,870,2727,3597
82,,2310200,1,20260922,10799,588,0,0,0,0,0,10705,676,0,0,0,0,0,3,39.70615403881462,140.09793,,,,,,,,,,,,,237,red,11387,11381,22768
82,,2312101,1,20260922,6905,654,0,0,0,0,0,6243,499,0,0,0,0,0,3,40.70834700952637,141.24477593,,,,,,,,,,,,,237,red,7559,6742,14301
82,,2312102,1,20260922,7053,567,0,0,0,0,0,6187,504,0,0,0,0,0,3,40.725233449537164,141.22804347,,,,,,,,,,,,,237,red,7620,6691,14311
82,,2312103,1,20260922,3986,139,0,0,0,0,0,3726,152,0,0,0,0,0,3,37.77535545707135,140.7514008,,,,,,,,,,,,,237,red,4125,3878,8003
83,,3110010,1,20260922,12804,821,1017,0,0,0,0,14667,777,1523,0,0,0,0,3,35.58550262456253,139.7049058,,,,,,,,,,,,,237,red,14642,16967,31609
83,,3110020,1,20260922,23861,1698,865,0,0,0,0,22043,1721,931,0,0,0,0,3,35.37938903430058,139.509906,,,,,,,,,,,,,237,red,26424,24695,51119
83,,3110030,1,20260922,6469,158,462,0,0,0,0,7020,197,528,0,0,0,0,3,35.30798103420886,139.30775,,,,,,,,,,,,,237,red,7089,7745,14834
83,,3110040,1,20260922,12384,916,0,0,0,0,0,11471,494,0,0,0,0,0,3,35.24085503412222,139.123519,,,,,,,,,,,,,237,red,13300,11965,25265
83,,3110050,1,20260922,21396,2799,1306,0,0,0,0,19603,2625,539,0,0,0,0,3,36.238458295364495,139.8048878,,,,,,,,,,,,,237,red,25501,22767,48268
83,,3110060,1,20260922,29392,2343,757,0,0,0,0,29409,2249,604,0,0,0,0,3,36.51217142568756,139.9177551,,,,,,,,,,,,,237,red,32492,32262,64754
83,,3110070,1,20260922,12463,842,205,0,0,0,0,11923,800,186,0,0,0,0,3,36.833366956056416,139.9495983,,,,,,,,,,,,,237,red,13510,12909,26419
83,,3110080,1,20260922,5853,205,71,0,0,0,0,5322,186,86,0,0,0,0,3,36.29676104543397,139.7863913,,,,,,,,,,,,,237,red,6129,5594,11723
83,,3110090,1,20260922,7322,122,135,0,0,0,0,7384,144,103,0,0,0,0,3,36.52417383570154,139.8798609,,,,,,,,,,,,,237,red,7579,7631,15210
83,,3110100,1,20260922,8386,179,136,0,0,0,0,8931,193,130,0,0,0,0,3,36.58529299577252,139.9295837,,,,,,,,,,,,,237,red,8701,9254,17955
83,,3110110,1,20260922,8106,473,0,0,0,0,0,7918,488,0,0,0,0,0,3,36.019401995100274,140.15926790000003,,,,,,,,,,,,,231,red,8579,8406,16985
83,,3110120,1,20260922,10678,867,0,0,0,0,0,26,4,0,0,0,0,0,3,36.297327425434645,140.4228446,,,,,,,,,,,,,231,red,11545,30,11575
83,,3110140,1,20260922,13826,721,833,0,0,0,0,13989,834,615,0,0,0,0,3,35.70274880470968,139.8786539,,,,,,,,,,,,,237,red,15380,15438,30818
83,,3110150,1,20260922,11835,970,983,0,0,0,0,12785,1117,986,0,0,0,0,3,35.61902656460475,140.0975838,,,,,,,,,,,,,237,red,13788,14888,28676
83,,3110160,1,20260922,15663,1127,1435,0,0,0,0,15451,960,1368,0,0,0,0,3,35.56474703453633,139.7273263,,,,,,,,,,,,,237,red,18225,17779,36004
83,,3110170,1,20260922,16804,1881,0,0,0,0,0,17947,1193,0,0,0,0,0,3,35.52794003448978,139.70328,,,,,,,,,,,,,237,red,18685,19140,37825
83,,3110180,1,20260922,14061,1548,0,0,0,0,0,14453,1556,0,0,0,12,0,3,35.47903203442772,139.638693,,,,,,,,,,,,,237,red,15609,16009,31618
83,,3110190,1,20260922,11898,241,758,0,0,0,0,12151,261,830,0,0,0,0,3,35.26731403415642,139.685375,,,,,,,,,,,,,237,red,12897,13242,26139
83,,3110200,1,20260922,8422,225,502,0,0,0,0,7984,209,643,0,0,0,0,3,35.36071103427663,139.629686,,,,,,,,,,,,,237,red,9149,8836,17985
83,,3110220,1,20260922,17927,2842,0,0,0,0,0,15377,2417,0,0,0,0,0,3,35.58894027456686,139.3426681,,,,,,,,,,,,,237,red,20769,17794,38563
83,,3110230,1,20260922,6962,373,556,0,0,0,0,6581,336,363,0,0,0,0,3,35.483485034433386,139.527129,,,,,,,,,,,,,237,red,7891,7280,15171
83,,3110240,1,20260922,12540,1927,0,0,0,0,0,13936,2211,0,0,0,0,0,3,35.83073572486877,139.3800849,,,,,,,,,,,,,237,red,14467,16147,30614
83,,3110250,1,20260922,18049,2223,362,0,0,0,0,17713,2184,312,0,0,0,0,3,35.707798574715994,140.1198261,,,,,,,,,,,,,237,red,20634,20209,40843
83,,3110260,1,20260922,14420,1154,556,0,0,0,0,15036,1086,316,0,0,0,0,3,35.53057826449313,140.0927666,,,,,,,,,,,,,237,red,16130,16438,32568
83,,3110270,1,20260922,10306,951,529,0,0,0,0,11672,1268,647,0,0,0,0,3,35.79240130482129,139.6854329,,,,,,,,,,,,,237,red,11786,13587,25373
83,,3110280,1,20260922,25899,2628,0,0,0,17,0,25019,2761,0,0,0,0,0,3,35.803056924834515,139.6481824,,,,,,,,,,,,,237,red,28527,27780,56307
83,,3110290,1,20260922,18546,1331,0,0,0,0,0,15897,1332,0,0,0,0,0,3,36.07243401516468,139.4990623,,,,,,,,,,,,,237,red,19877,17229,37106
83,,3110300,1,20260922,6624,155,0,0,0,0,0,6189,153,0,0,0,0,0,3,36.18854634530473,139.3083894,,,,,,,,,,,,,237,red,6779,6342,13121
83,,3110310,1,20260922,9376,399,184,0,0,0,0,9261,428,149,0,0,0,0,3,36.28225430541672,139.0870374,,,,,,,,,,,,,237,red,9959,9838,19797
83,,3110320,1,20260922,15260,340,410,0,0,0,0,15719,330,320,0,0,0,0,3,36.3553183655034,139.0125096,,,,,,,,,,,,,237,red,16010,16369,32379
83,,3110350,1,20260922,9917,684,0,0,0,0,0,10477,559,0,0,0,0,0,3,36.343173145489025,138.5572287,,,,,,,,,,,,,237,red,10601,11036,21637
83,,3110360,1,20260922,8449,364,0,0,0,0,0,8147,321,0,0,0,0,0,3,36.37715425552919,138.2764444,,,,,,,,,,,,,237,red,8813,8468,17281
83,,3110370,1,20260922,7236,258,0,0,0,0,0,7552,301,0,0,0,0,0,3,36.6491958258463,138.2215959,,,,,,,,,,,,,237,red,7494,7853,15347
83,,3110380,1,20260922,7479,340,0,0,0,0,0,7174,345,0,0,0,0,0,3,36.20646628532621,137.9629773,,,,,,,,,,,,,237,red,7819,7519,15338
83,,3110390,1,20260922,2910,147,0,0,0,0,0,2777,146,0,0,0,0,0,3,36.53866995571842,137.9675826,,,,,,,,,,,,,237,red,3057,2923,5980
83,,3110400,1,20260922,14612,500,846,0,0,0,0,14426,569,924,0,0,0,0,3,35.669090024667575,139.59433440000004,,,,,,,,,,,,,237,red,15958,15919,31877
83,,3110410,1,20260922,8121,192,412,0,0,0,0,6378,235,220,0,0,0,0,3,35.617552604602885,139.1855389,,,,,,,,,,,,,237,red,8725,6833,15558
83,,3110420,1,20260922,10036,637,0,0,0,0,0,5970,278,0,0,0,0,0,3,35.611220394594916,138.9628673,,,,,,,,,,,,,237,red,10673,6248,16921
83,,3110430,1,20260922,4627,3261,0,0,0,0,0,1836,1963,0,0,0,0,0,3,35.603966294585796,138.8040242,,,,,,,,,,,,,237,red,7888,3799,11687
83,,3110440,1,20260922,14604,695,0,0,0,0,0,11904,537,0,0,0,0,0,3,35.66782617466599,138.5078037,,,,,,,,,,,,,237,red,15299,12441,27740
83,,3110450,1,20260922,5228,332,0,0,0,0,0,4284,221,0,0,0,0,0,3,35.90777048496373,138.2345215,,,,,,,,,,,,,237,red,5560,4505,10065
83,,3110460,1,20260922,6622,286,0,0,0,0,0,5355,207,0,0,0,0,0,3,36.07055654516242,138.0938691,,,,,,,,,,,,,237,red,6908,5562,12470
83,,3110470,1,20260922,7325,486,145,0,0,0,0,7202,474,94,0,0,0,0,3,36.378318235530564,139.2290443,,,,,,,,,,,,,237,red,7956,7770,15726
83,,3110480,1,20260922,14533,1418,217,0,0,0,0,15375,1366,335,0,0,0,0,3,36.314701575455274,139.4271684,,,,,,,,,,,,,237,red,16168,17076,33244
83,,3110490,1,20260922,8686,372,0,0,0,0,0,8068,334,0,0,0,0,0,3,36.3924270955472,140.2677888,,,,,,,,,,,,,231,red,9058,8402,17460
83,,3110520,1,20260922,5323,291,0,0,0,0,0,5735,328,0,0,0,0,0,3,35.95803238502537,140.6007609,,,,,,,,,,,,,231,red,5614,6063,11677
83,,3110550,1,20260922,114,0,11,0,0,0,0,143,4,11,0,0,0,0,3,35.150913034005455,139.829981,,,,,,,,,,,,,237,red,125,158,283
83,,3110560,1,20260922,8759,418,0,0,0,0,0,6819,233,0,0,0,0,0,3,35.43543715437221,138.84019380000004,,,,,,,,,,,,,237,red,9177,7052,16229
83,,3110570,1,20260922,6234,265,0,0,0,0,0,5589,992,0,0,0,0,0,3,35.39117538431567,138.86336800000004,,,,,,,,,,,,,237,red,6499,6581,13080
83,,3110580,1,20260922,4691,334,0,0,0,0,0,4830,328,0,0,0,0,0,3,35.47790102442629,138.6703992,,,,,,,,,,,,,237,red,5025,5158,10183
83,,3110590,1,20260922,5995,186,0,0,0,0,0,6808,202,0,0,0,0,0,3,35.51892892447836,138.83839670000003,,,,,,,,,,,,,237,red,6181,7010,13191
83,,3110610,1,20260922,22785,1648,918,0,0,0,0,9357,733,1796,0,0,0,0,3,35.536946034501184,139.510691,,,,,,,,,,,,,237,red,25351,11886,37237
83,,3110620,1,20260922,19432,2467,800,0,0,0,0,19251,2493,761,0,0,0,0,3,35.472892034419914,139.412266,,,,,,,,,,,,,237,red,22699,22505,45204
83,,3110630,1,20260922,13433,745,601,0,0,0,0,11671,693,793,0,0,0,0,3,35.4275870343622,139.351511,,,,,,,,,,,,,237,red,14779,13157,27936
83,,3110640,1,20260922,8376,389,496,0,0,0,0,8235,356,417,0,0,0,0,3,35.37445003429424,139.203293,,,,,,,,,,,,,237,red,9261,9008,18269
83,,3110650,1,20260922,9907,810,551,0,0,0,0,7353,594,402,0,0,0,0,3,35.36087503427685,139.014722,,,,,,,,,,,,,237,red,11268,8349,19617
83,,3110660,1,20260922,20372,2143,1023,0,0,0,0,14785,1967,863,0,0,0,0,3,35.68396699468621,139.992342,,,,,,,,,,,,,237,red,23538,17615,41153
83,,3110670,1,20260922,8107,1732,433,0,0,0,0,8781,2640,426,0,0,0,0,3,35.588442964566234,139.7548217,,,,,,,,,,,,,237,red,10272,11847,22119
83,,3110980,1,20260922,9307,592,166,0,0,0,0,9125,561,246,0,0,0,0,1,36.24888937537695,138.4463891,,,,,,,,,,,,,237,red,10065,9932,19997
83,,3110990,1,20260922,6614,503,0,0,0,0,0,0,0,0,0,0,0,0,1,36.242588925369425,138.4374556,,,,,,,,,,,,,237,red,7117,0,7117
83,,3111000,1,20260922,0,0,0,0,0,0,0,6493,432,0,0,0,0,0,1,36.22486392534824,138.4372861,,,,,,,,,,,,,237,red,0,6925,6925
83,,3111010,1,20260922,5808,457,0,0,0,0,0,6260,447,0,0,0,0,0,1,36.16839725528054,138.4688,,,,,,,,,,,,,237,red,6265,6707,12972
83,,3111030,1,20260922,4227,416,0,0,0,0,0,0,0,0,0,0,0,0,1,36.14629447525393,138.4676028,,,,,,,,,,,,,237,red,4643,0,4643
83,,3111040,1,20260922,0,0,0,0,0,0,0,4799,389,0,0,0,0,0,1,36.13644447524206,138.4613806,,,,,,,,,,,,,237,red,0,5188,5188
83,,3111050,1,20260922,10028,637,147,0,0,0,0,9173,664,152,0,0,0,0,1,35.443037034381895,138.453937,,,,,,,,,,,,,237,red,10812,9989,20801
83,,3111060,1,20260922,9922,559,183,0,0,0,0,9026,556,494,0,0,0,0,1,35.48100503443024,138.45894900000002,,,,,,,,,,,,,237,red,10664,10076,20740
83,,3111070,1,20260922,10194,662,214,0,0,0,0,8717,652,186,0,0,0,0,1,35.35961103427522,138.456636,,,,,,,,,,,,,237,red,11070,9555,20625
83,,3111080,1,20260922,10404,652,211,0,0,0,0,8820,618,172,0,0,0,0,1,35.337913034247364,138.45119000000003,,,,,,,,,,,,,237,red,11267,9610,20877
83,,3111090,1,20260922,10120,629,197,0,0,0,0,7936,598,166,0,0,0,0,1,35.27778503416994,138.444487,,,,,,,,,,,,,237,red,10946,8700,19646
83,,3310680,1,20260922,15580,772,871,0,0,0,0,16794,738,1285,0,0,0,0,3,35.55346203452207,139.695301,,,,,,,,,,,,,237,red,17223,18817,36040
83,,3310690,1,20260922,10175,564,787,0,0,0,0,10004,557,807,0,0,0,0,3,35.476498034424495,139.611304,,,,,,,,,,,,,237,red,11526,11368,22894
83,,3310720,1,20260922,18086,1115,945,0,0,0,0,17713,1263,1324,0,0,0,0,3,35.78172684480805,139.8030451,,,,,,,,,,,,,237,red,20146,20300,40446
83,,3310730,1,20260922,13315,815,1240,0,0,0,0,14104,846,1365,0,0,0,0,3,35.723854004736026,139.819876,,,,,,,,,,,,,237,red,15370,16315,31685
83,,3310740,1,20260922,18349,1073,1190,0,0,0,0,0,0,0,0,237,237,0,3,35.76173829478322,139.8620188,,,,,,,,,,,,,237,red,20612,0,20612
83,,3310750,1,20260922,16729,1127,1026,0,0,0,0,21528,1167,1063,0,0,0,0,3,35.768080334791094,139.8831359,,,,,,,,,,,,,237,red,18882,23758,42640
83,,3310760,1,20260922,7293,481,0,0,0,0,0,7026,183,0,0,0,0,0,3,36.333593035477676,140.487226,,,,,,,,,,,,,231,red,7774,7209,14983
83,,3310770,1,20260922,14783,848,1914,0,0,0,0,11810,990,1825,0,0,0,0,3,35.696867714702336,139.8301488,,,,,,,,,,,,,237,red,17545,14625,32170
83,,3310780,1,20260922,13222,816,1153,0,0,0,0,14086,848,1126,0,0,0,0,3,35.550513454518345,139.7165117,,,,,,,,,,,,,237,red,15191,16060,31251
83,,3310790,1,20260922,11844,677,0,0,0,0,0,13126,808,0,0,0,0,0,3,35.30616103420651,139.624807,,,,,,,,,,,,,237,red,12521,13934,26455
83,,3310810,1,20260922,16187,2256,772,0,0,0,0,15919,2712,937,0,0,0,0,3,35.88142903493132,139.9657318,,,,,,,,,,,,,237,red,19215,19568,38783
83,,3310820,1,20260922,15527,1347,1507,0,0,0,0,14370,1412,776,0,0,0,0,3,35.769723434793136,139.7015664,,,,,,,,,,,,,237,red,18381,16558,34939
83,,3310830,1,20260922,6370,251,151,0,0,0,0,5207,190,127,0,0,0,0,3,36.65616783585431,139.0205401,,,,,,,,,,,,,237,red,6772,5524,12296
83,,3310840,1,20260922,16880,697,1025,0,0,0,0,14535,648,968,0,0,0,0,3,35.67115788467016,139.6194506,,,,,,,,,,,,,237,red,18602,16151,34753
83,,3310850,1,20260922,18391,779,0,0,0,0,0,16565,600,0,0,0,0,0,3,35.644829464637155,138.6173022,,,,,,,,,,,,,237,red,19170,17165,36335
83,,3310860,1,20260922,5061,315,0,0,0,0,0,3961,236,0,0,0,0,0,3,35.85597447489995,138.2880181,,,,,,,,,,,,,237,red,5376,4197,9573
83,,3310880,1,20260922,3651,129,0,0,0,0,0,3707,164,0,0,0,0,0,3,35.58082577455663,138.474952,,,,,,,,,,,,,237,red,3780,3871,7651
83,,3310890,1,20260922,18424,838,1291,0,0,0,0,16863,749,1819,0,0,0,0,3,35.625824724613295,139.6414769,,,,,,,,,,,,,237,red,20553,19431,39984
83,,3310900,1,20260922,27976,1457,1691,0,0,0,0,25056,1338,1653,0,0,0,0,3,35.60764403459042,139.613062,,,,,,,,,,,,,237,red,31124,28047,59171
83,,3310910,1,20260922,7261,902,848,0,0,0,0,7655,589,315,0,0,0,0,3,35.34910803426173,139.141352,,,,,,,,,,,,,237,red,9011,8559,17570
83,,3310920,1,20260922,13254,722,1465,0,0,0,0,12019,933,3118,0,0,0,0,3,35.74888073476721,139.6969986,,,,,,,,,,,,,237,red,15441,16070,31511
83,,3310930,1,20260922,17299,908,1052,0,0,0,0,17013,959,930,0,0,0,0,3,35.757753044778255,139.6835902,,,,,,,,,,,,,237,red,19259,18902,38161
83,,3310940,1,20260922,23094,1884,670,0,0,0,0,20648,1979,609,0,0,0,0,3,35.653820154648436,140.0442401,,,,,,,,,,,,,237,red,25648,23236,48884
83,,3310950,1,20260922,24728,3080,971,0,0,0,0,21164,3663,1887,0,0,0,0,3,35.64815995464133,139.9005461,,,,,,,,,,,,,237,red,28779,26714,55493
83,,3310960,1,20260922,4508,1249,491,0,0,0,0,4721,1047,565,0,0,0,0,3,35.646721404639536,139.8238456,,,,,,,,,,,,,237,red,6248,6333,12581
84,,4110010,1,20260922,30105,1920,0,0,0,0,0,25988,3805,0,0,0,0,0,3,37.932215037230314,139.139722,,,,,,,,,,,,,237,red,32025,29793,61818
84,,4110020,1,20260922,9164,160,0,0,0,0,0,8644,178,0,0,0,0,0,3,37.96100603725917,139.354741,,,,,,,,,,,,,237,red,9324,8822,18146
84,,4110030,1,20260922,6051,611,0,0,0,0,0,5357,381,0,0,0,0,0,3,38.540634037818585,139.550276,,,,,,,,,,,,,237,red,6662,5738,12400
84,,4110040,1,20260922,37214,2171,0,0,0,0,0,37835,1480,0,0,0,0,0,3,37.89993403719785,139.068639,139.0649569,37.8988954271968,,,,,,,,,,,237,red,39385,39315,78700
84,,4110060,1,20260922,8434,394,422,0,0,0,0,8293,406,463,0,0,0,0,3,37.56415502685272,138.8938299,,,,,,,,,,,,,237,red,9250,9162,18412
84,,4110070,1,20260922,8364,155,118,0,0,0,0,8346,155,115,0,0,0,0,3,37.44889503673119,138.76828100000003,,,,,,,,,,,,,237,red,8637,8616,17253
84,,4110090,1,20260922,2837,249,0,0,0,0,0,2913,213,0,0,0,0,0,3,36.97923003622018,137.642048,,,,,,,,,,,,,237,red,3086,3126,6212
84,,4110110,1,20260922,14273,369,191,0,0,0,0,14093,379,167,0,0,0,0,3,36.737147395947105,137.3387361,137.3387361,36.737147395947105,,,,,,,,,,,237,red,14833,14639,29472
84,,4110120,1,20260922,14606,494,211,0,0,0,0,14594,450,190,0,0,0,0,3,36.74295939595373,137.1063924,,,,,,,,,,,,,237,red,15311,15234,30545
84,,4110130,1,20260922,14052,477,183,0,0,0,0,13412,437,174,0,0,0,0,3,36.75988562597303,137.0465469,,,,,,,,,,,,,237,red,14712,14023,28735
84,,4110140,1,20260922,10700,434,304,0,0,0,0,11366,524,126,0,0,0,0,3,36.6765250558777,136.8260425,,,,,,,,,,,,,237,red,11438,12016,23454
84,,4110150,1,20260922,25476,1275,0,0,0,0,0,26590,1639,0,0,0,0,0,3,36.589046875776866,136.6271782,136.6276288,36.58868075577644,,,,,,,,,,,237,red,26751,28229,54980
84,,4110160,1,20260922,13344,685,0,0,0,0,0,12757,669,0,0,0,0,0,3,36.33272803547666,136.42083400000004,,,,,,,,,,,,,237,red,14029,13426,27455
84,,4110170,1,20260922,11466,658,136,0,0,0,0,11022,582,542,0,0,0,0,3,36.295882035432925,136.303694,,,,,,,,,,,,,237,red,12260,12146,24406
84,,4110180,1,20260922,3742,94,0,0,0,0,0,3318,86,0,0,0,0,0,3,37.35568202663179,138.5718066,,,,,,,,,,,,,237,red,3836,3404,7240
84,,4110190,1,20260922,1654,43,103,0,0,0,0,1179,34,131,0,0,0,0,3,36.785345316001994,138.8016209,,,,,,,,,,,,,237,red,1800,1344,3144
84,,4110200,1,20260922,4939,307,222,0,0,0,0,4803,239,549,0,0,0,0,3,37.05929117630906,138.8725331,,,,,,,,,,,,,237,red,5468,5591,11059
84,,4110210,1,20260922,7580,343,757,0,0,0,0,0,0,0,0,0,0,0,3,37.379305636657065,138.8344324,,,,,,,,,,,,,237,red,8680,0,8680
84,,4110220,1,20260922,5528,245,0,0,0,0,0,5039,194,0,0,0,0,0,3,36.859512036085945,138.194944,,,,,,,,,,,,,237,red,5773,5233,11006
84,,4110230,1,20260922,6193,165,137,0,0,0,0,6118,159,146,0,0,0,0,3,36.59277686578118,137.2042608,,,,,,,,,,,,,237,red,6495,6423,12918
84,,4110240,1,20260922,9508,271,81,0,0,0,0,9934,242,102,0,0,0,0,3,36.68543044588792,137.2119749,,,,,,,,,,,,,237,red,9860,10278,20138
84,,4110250,1,20260922,3674,167,0,0,0,0,0,3819,139,0,0,0,0,0,3,37.66099003695361,139.47592,,,,,,,,,,,,,237,red,3841,3958,7799
84,,4110260,1,20260922,5752,214,0,0,0,0,0,4868,154,0,0,0,0,0,3,38.081379037378746,139.576978,,,,,,,,,,,,,237,red,5966,5022,10988
84,,4110270,1,20260922,4421,224,0,0,0,0,0,4465,211,0,0,0,0,0,3,37.60222103689251,138.798415,,,,,,,,,,,,,237,red,4645,4676,9321
84,,4110280,1,20260922,7736,118,63,0,0,0,0,8680,130,83,0,0,0,0,3,36.650611795847915,136.963672,,,,,,,,,,,,,237,red,7917,8893,16810
84,,4110290,1,20260922,8621,394,0,0,0,0,0,8481,372,0,0,0,0,0,3,36.52124203569812,136.587868,,,,,,,,,,,,,237,red,9015,8853,17868
84,,4110300,1,20260922,14575,1701,0,0,237,0,0,17217,550,0,0,0,0,0,3,36.59043403577848,136.685666,136.68521,36.59039903577843,,,,,,,,,,,237,red,16276,17767,34043
84,,4110310,1,20260922,718,10,18,0,0,0,0,853,10,48,0,0,0,0,3,37.0464990362949,137.047738,,,,,,,,,,,,,237,red,746,911,1657
84,,4110320,1,20260922,3769,124,87,0,0,0,0,4598,215,132,0,0,0,0,3,36.8686864160963,136.96136,,,,,,,,,,,,,237,red,3980,4945,8925
84,,4110330,1,20260922,5377,169,97,0,0,0,0,6342,249,148,0,0,0,0,3,36.83313510605615,136.9442582,,,,,,,,,,,,,237,red,5643,6739,12382
84,,4110340,1,20260922,6161,1153,0,0,0,0,0,5436,2692,0,0,0,0,0,3,36.75969223597281,136.9658715,,,,,,,,,,,,,237,red,7314,8128,15442
84,,4110350,1,20260922,3238,285,15,0,0,0,0,4025,533,0,0,237,0,0,3,37.240650036507716,136.905469,,,,,,,,,,,,,237,red,3538,4558,8096
84,,4110351,1,20260922,1296,122,0,0,0,0,0,1497,163,0,0,0,0,0,3,37.31000403658269,136.9066,,,,,,,,,,,,,237,red,1418,1660,3078
84,,4110370,1,20260922,4071,95,0,0,0,0,0,4053,102,0,0,0,0,0,6,37.83527203713243,139.227435,,,,,,,,,,,,,237,red,4166,4155,8321
84,,4110371,1,20260922,5315,202,0,0,0,0,0,6001,193,0,0,0,0,0,3,37.829370037126424,139.20906,,,,,,,,,,,,,237,red,5517,6194,11711
84,,4110380,1,20260922,5107,113,0,0,0,1,0,4909,200,0,0,0,5,0,3,37.73164303702653,139.333641,,,,,,,,,,,,,237,red,5220,5109,10329
84,,4110390,1,20260922,4631,165,0,0,0,0,0,4925,126,0,0,0,0,0,3,37.699376036993314,139.38248,,,,,,,,,,,,,237,red,4796,5051,9847
84,,4110400,1,20260922,4039,142,0,0,0,0,0,4680,259,0,0,0,0,0,3,37.012781036257515,137.026061,,,,,,,,,,,,,237,red,4181,4939,9120
84,,4110410,1,20260922,18275,858,0,0,0,0,0,7196,264,0,0,0,237,0,3,36.38238103553535,136.486002,,,,,,,,,,,,,237,red,19133,7460,26593
84,,4110430,1,20260922,1338,57,0,0,0,0,0,1261,85,0,0,0,0,0,3,37.01726703626248,136.967459,,,,,,,,,,,,,237,red,1395,1346,2741
84,,4110440,1,20260922,5821,186,100,0,0,0,0,6724,283,111,0,0,0,0,3,36.80001257601863,136.9558319,,,,,,,,,,,,,237,red,6107,7118,13225
84,,4110450,1,20260922,3757,163,194,0,0,0,0,4691,402,145,0,0,0,0,3,36.88168028611092,136.97572590000001,,,,,,,,,,,,,237,red,4114,5238,9352
84,,4110460,1,20260922,3865,123,105,0,0,0,0,4555,208,120,0,0,0,0,3,36.93083435616611,137.0132339,,,,,,,,,,,,,237,red,4093,4883,8976
84,,4110470,1,20260922,8557,307,79,0,0,0,0,8350,312,86,0,0,0,0,3,36.84399970606843,137.4189931,,,,,,,,,,,,,237,red,8943,8748,17691
84,,4110480,1,20260922,7244,357,0,0,0,0,0,6433,320,0,0,0,0,0,3,37.7661015170619,139.0265521,,,,,,,,,,,,,237,red,7601,6753,14354
84,,4110490,1,20260922,6109,313,0,0,0,0,0,5768,258,0,0,0,0,0,3,37.77256794706851,139.0261587,,,,,,,,,,,,,237,red,6422,6026,12448
84,,4110880,1,20260922,7246,245,0,0,0,0,0,6944,234,0,0,0,0,0,3,37.159443036419226,138.223379,,,,,,,,,,,,,237,red,7491,7178,14669
84,,4160390,1,20260922,3819,354,0,0,0,0,0,3347,179,0,0,0,0,0,1,38.268866037561445,139.522026,,,,,,,,,,,,,237,red,4173,3526,7699
84,,4310010,1,20260922,20973,745,0,0,0,0,0,17458,660,0,0,0,0,0,3,37.90111003719903,139.07252,139.07275,37.90117003719909,,,,,,,,,,,237,red,21718,18118,39836
84,,4310012,1,20260922,6121,85,0,0,0,0,0,5396,68,0,0,0,0,0,3,37.92162903721969,139.058415,139.059129,37.921847037219905,,,,,,,,,,,237,red,6206,5464,11670
84,,4310014,1,20260922,29300,1244,0,0,0,4,0,20975,858,0,0,0,237,0,3,37.91719603721522,139.11685,,,,,,,,,,,,,237,red,30544,21833,52377
84,,4310020,1,20260922,16654,431,0,0,0,0,0,8417,129,0,0,0,0,0,3,37.96990561726807,139.2601579,,,,,,,,,,,,,237,red,17085,8546,25631
84,,4310030,1,20260922,15701,407,0,0,0,0,0,12208,302,0,0,0,0,0,3,37.959626427257795,139.290365,,,,,,,,,,,,,237,red,16108,12510,28618
84,,4310060,1,20260922,11409,548,0,0,0,0,0,12988,549,0,0,0,0,0,3,37.855369037152805,139.017016,,,,,,,,,,,,,237,red,11957,13537,25494
84,,4310070,1,20260922,7391,399,0,0,0,0,0,6742,412,0,0,0,0,0,3,37.213535036478255,138.30873,,,,,,,,,,,,,237,red,7790,7154,14944
84,,4310080,1,20260922,8670,280,0,0,0,0,0,8698,264,0,0,0,0,0,3,37.15957303641935,138.228132,,,,,,,,,,,,,237,red,8950,8962,17912
84,,4310090,1,20260922,6022,266,0,0,0,0,0,5579,259,0,0,0,0,0,3,37.119068036374955,138.031711,,,,,,,,,,,,,237,red,6288,5838,12126
84,,4310100,1,20260922,6102,248,0,0,0,0,0,5409,229,0,0,0,0,0,3,37.04548803629378,137.853387,,,,,,,,,,,,,237,red,6350,5638,11988
84,,4310110,1,20260922,3496,70,96,0,0,0,0,2105,39,46,0,0,0,0,3,37.055192036304526,137.905522,,,,,,,,,,,,,237,red,3662,2190,5852
84,,4310120,1,20260922,5555,498,0,0,0,0,0,5590,325,0,0,0,0,0,3,36.94553606618256,137.53465,,,,,,,,,,,,,237,red,6053,5915,11968
84,,4310130,1,20260922,10696,373,17,0,0,0,0,10922,387,120,0,0,0,0,3,36.77997831599589,137.3953897,137.3949552,36.779578725995435,,,,,,,,,,,237,red,11086,11429,22515
84,,4310160,1,20260922,5163,150,0,0,0,0,0,4842,189,0,0,0,0,0,3,36.6900247158932,136.89856410000002,,,,,,,,,,,,,237,red,5313,5031,10344
84,,4310170,1,20260922,3911,188,121,0,0,0,0,0,0,0,0,0,0,0,3,36.92741586616228,137.4845517,,,,,,,,,,,,,237,red,4220,0,4220
84,,4310190,1,20260922,10556,748,0,0,237,0,0,10325,490,0,0,237,0,0,3,36.68614025588873,136.7302394,,,,,,,,,,,,,237,red,11304,10815,22119
84,,4310200,1,20260922,9923,418,0,0,0,0,0,10269,511,0,0,0,0,0,3,36.68324936588542,136.7232978,,,,,,,,,,,,,237,red,10341,10780,21121
84,,4310210,1,20260922,21568,1227,0,0,0,0,0,20942,1178,0,0,0,0,0,3,36.562841365746486,136.5982425,,,,,,,,,,,,,237,red,22795,22120,44915
84,,4310220,1,20260922,19219,1191,0,0,0,0,0,19724,1047,0,0,0,0,0,3,36.50450003567862,136.550432,,,,,,,,,,,,,237,red,20410,20771,41181
84,,4310230,1,20260922,15065,916,0,0,0,0,0,16045,848,0,0,0,0,0,3,36.42391556558427,136.483165,,,,,,,,,,,,,237,red,15981,16893,32874
84,,4310250,1,20260922,9305,527,0,0,0,0,0,9623,558,0,0,0,0,0,3,36.2785439554123,136.2915319,,,,,,,,,,,,,237,red,9832,10181,20013
84,,4310270,1,20260922,2301,54,17,0,0,0,0,1756,44,15,0,0,0,0,3,37.072231146323354,138.87240170000004,,,,,,,,,,,,,237,red,2372,1815,4187
84,,4310280,1,20260922,6949,428,0,0,0,0,1,7403,301,0,0,0,0,1,3,36.93595003617183,138.219789,,,,,,,,,,,,,237,red,7377,7704,15081
84,,4310300,1,20260922,14764,642,0,0,0,0,0,15584,732,0,0,0,0,0,3,37.135361036392844,138.266363,,,,,,,,,,,,,237,red,15406,16316,31722
84,,4310310,1,20260922,4519,184,266,0,0,0,0,4941,169,286,0,0,0,0,3,36.469212195637375,137.2416294,,,,,,,,,,,,,237,red,4969,5396,10365
84,,4310320,1,20260922,4392,215,176,0,0,0,0,4856,169,225,0,0,0,0,3,36.51196446568731,137.2282451,,,,,,,,,,,,,237,red,4783,5250,10033
84,,4310330,1,20260922,7846,471,0,0,0,0,0,8025,396,0,0,0,0,0,3,36.636592975831775,137.209239,,,,,,,,,,,,,237,red,8317,8421,16738
84,,4310350,1,20260922,13324,634,0,0,0,0,0,12857,996,0,0,0,0,0,3,37.85868303715617,139.114645,,,,,,,,,,,,,237,red,13958,13853,27811
84,,4310360,1,20260922,3210,308,707,0,0,0,0,4430,215,171,0,0,0,0,3,37.44596703672809,138.637808,,,,,,,,,,,,,237,red,4225,4816,9041
84,,4310370,1,20260922,6313,380,0,0,0,0,0,6474,354,0,0,0,0,0,3,37.659782356952356,138.8757271,,,,,,,,,,,,,237,red,6693,6828,13521
84,,4310380,1,20260922,5499,350,0,0,0,0,0,5599,490,0,0,0,0,0,3,37.75046003704586,138.90062,,,,,,,,,,,,,237,red,5849,6089,11938
84,,4310390,1,20260922,94,121,0,0,0,0,0,12,20,0,0,0,117,0,3,37.8373130371345,138.931687,,,,,,,,,,,,,237,red,215,32,247
84,,4310400,1,20260922,649,22,60,0,0,0,0,800,23,107,0,0,0,0,3,36.554335475736636,137.0083094,,,,,,,,,,,,,237,red,731,930,1661
84,,4310410,1,20260922,3597,98,23,0,0,0,0,3611,99,39,0,0,0,0,3,36.956120636194385,136.8892354,,,,,,,,,,,,,237,red,3718,3749,7467
84,,4310411,1,20260922,3302,122,0,0,0,0,0,3609,129,0,0,0,0,0,3,36.92171203615589,136.844019,,,,,,,,,,,,,237,red,3424,3738,7162
84,,4310420,1,20260922,2135,55,0,0,0,0,0,2296,65,0,0,0,0,0,3,36.81057320603062,136.7629731,,,,,,,,,,,,,237,red,2190,2361,4551
84,,4310430,1,20260922,16443,793,0,0,0,0,0,17474,671,0,0,0,0,0,3,36.68889768589191,136.7214257,,,,,,,,,,,,,237,red,17236,18145,35381
84,,4310440,1,20260922,10118,356,0,0,0,0,0,11239,475,0,0,0,0,0,3,36.62649371582013,136.7029238,,,,,,,,,,,,,237,red,10474,11714,22188
84,,4310441,1,20260922,14493,383,0,0,0,0,0,16364,376,0,0,0,0,0,3,36.60182503579164,136.700048,,,,,,,,,,,,,237,red,14876,16740,31616
84,,4310450,1,20260922,17872,545,0,0,0,0,0,18664,339,932,0,0,0,0,3,36.57428003575976,136.686305,136.6864014,36.57449126576,,,,,,,,,,,237,red,18417,19935,38352
84,,4310460,1,20260922,655,10,226,0,0,0,0,695,10,181,0,0,0,0,3,36.9580881961966,137.048108,,,,,,,,,,,,,237,red,891,886,1777
84,,4310470,1,20260922,11601,395,211,0,0,0,0,11886,262,221,0,0,0,0,3,36.77955370599541,137.0001501,,,,,,,,,,,,,237,red,12207,12369,24576
85,22,5110100,1,20260922,17285,999,672,0,0,0,0,15764,1453,1195,0,0,0,0,3,35.15213957400704,138.9246216,,,,,,,,,,,,,237,red,18956,18412,37368
85,22,5110109,1,20260922,7948,517,287,0,0,0,0,7189,379,157,0,0,0,0,3,35.118767763963525,138.9293772,,,,,,,,,,,,,237,red,8752,7725,16477
85,22,5110111,1,20260922,17340,655,434,0,0,0,0,15932,527,389,0,0,0,0,3,35.10924329395108,138.9124954,,,,,,,,,,,,,237,red,18429,16848,35277
85,22,5110115,1,20260922,18506,1312,0,0,0,0,0,16905,1169,0,0,0,0,0,3,35.138890033989775,138.739584,,,,,,,,,,,,,237,red,19818,18074,37892
85,22,5110120,1,20260922,23829,1928,0,0,0,0,0,24625,1684,0,0,0,0,0,3,35.06126803388831,138.536991,,,,,,,,,,,,,237,red,25757,26309,52066
85,22,5110125,1,20260922,13183,349,0,0,0,0,0,12970,278,0,0,0,0,0,3,34.99945503380712,138.431978,,,,,,,,,,,,,237,red,13532,13248,26780
85,22,5110130,1,20260922,23625,2410,0,0,0,0,0,24109,2404,0,0,0,0,0,3,35.00292603381168,138.37946,,,,,,,,,,,,,237,red,26035,26513,52548
85,22,5110135,1,20260922,24961,2017,0,0,0,0,0,25194,1845,0,0,0,0,0,3,34.9427310337323,138.326229,,,,,,,,,,,,,237,red,26978,27039,54017
85,22,5110140,1,20260922,13421,1317,0,0,0,0,0,12669,1207,0,0,0,0,0,3,34.87443903364182,138.231472,,,,,,,,,,,,,237,red,14738,13876,28614
85,22,5110145,1,20260922,14400,1351,0,0,0,0,0,14243,1491,0,0,0,0,0,3,34.831770733585074,138.1182557,,,,,,,,,,,,,237,red,15751,15734,31485
85,22,5110148,1,20260922,28491,2963,0,0,0,0,0,29367,2882,0,0,0,0,0,3,34.73805952345989,137.853806,,,,,,,,,,,,,237,red,31454,32249,63703
85,22,5110150,1,20260922,28586,2288,537,0,0,0,0,29555,3584,0,0,0,0,0,3,34.731415953450984,137.7966642,,,,,,,,,,,,,237,red,31411,33139,64550
85,22,5110155,1,20260922,16007,2899,0,0,0,0,0,6892,1491,1,0,0,208,0,3,34.67742179337847,137.6802735,,,,,,,,,,,,,237,red,18906,8384,27290
85,22,5110158,1,20260922,20766,3072,0,0,0,0,0,18307,2759,0,0,0,0,0,3,34.67846877337988,137.608459,,,,,,,,,,,,,237,red,23838,21066,44904
85,22,5110160,1,20260922,13186,2045,0,0,0,0,0,13597,2296,0,0,0,0,0,3,34.67701253337791,137.5025406,,,,,,,,,,,,,237,red,15231,15893,31124
85,23,5110170,1,20260922,13398,1163,0,0,0,0,0,15063,1390,0,0,0,0,0,3,34.7982592835404,137.36621260000004,,,,,,,,,,,,,237,red,14561,16453,31014
85,23,5110175,1,20260922,13506,1532,0,0,0,0,0,14650,1492,0,0,0,0,0,3,34.92391956370741,137.2032416,,,,,,,,,,,,,237,red,15038,16142,31180
85,23,5110180,1,20260922,6490,539,0,0,0,0,0,6835,381,0,0,0,0,0,3,35.12246228396835,136.7712316,,,,,,,,,,,,,237,red,7029,7216,14245
85,24,5110185,1,20260922,8519,788,0,0,0,0,0,8362,797,0,0,0,0,0,3,35.02683417384312,136.6459825,,,,,,,,,,,,,237,red,9307,9159,18466
85,24,5110190,1,20260922,10779,1403,0,0,0,0,0,10534,1332,0,0,0,0,0,3,34.914394373694805,136.5686551,,,,,,,,,,,,,237,red,12182,11866,24048
85,23,5110250,1,20260922,11924,840,0,0,0,0,0,12172,786,0,0,0,0,0,3,35.23002111410819,136.9279236,,,,,,,,,,,,,237,red,12764,12958,25722
85,23,5110255,1,20260922,12495,736,0,0,0,0,0,9591,787,0,0,0,0,0,3,35.22358825409986,136.8807274,,,,,,,,,,,,,237,red,13231,10378,23609
85,22,5111410,1,20260922,6537,191,128,0,0,0,0,6790,177,97,0,0,0,0,3,34.9385786437268,138.9422778,,,,,,,,,,,,,237,red,6856,7064,13920
85,22,5111435,1,20260922,14776,804,0,0,0,0,0,13576,680,0,0,0,0,0,3,35.112323893955114,138.9483055,,,,,,,,,,,,,237,red,15580,14256,29836
85,22,5111440,1,20260922,8972,355,22,0,0,0,0,4232,172,189,0,0,0,0,3,35.09294534392978,138.9461249,,,,,,,,,,,,,237,red,9349,4593,13942
85,22,5111460,1,20260922,2408,107,0,0,0,0,0,2323,123,0,0,0,0,0,3,34.773393033507176,138.94734200000002,,,,,,,,,,,,,237,red,2515,2446,4961
85,23,5111910,1,20260922,20255,1829,0,0,0,0,0,19933,2028,0,0,0,0,0,3,35.251491704135965,136.9747388,,,,,,,,,,,,,237,red,22084,21961,44045
85,21,5111920,1,20260922,16264,880,0,0,0,0,0,14018,877,0,0,0,0,0,3,35.33014667423738,137.0762497,,,,,,,,,,,,,237,red,17144,14895,32039
85,21,5111930,1,20260922,14294,810,0,0,0,0,0,12843,813,0,0,0,0,0,3,35.36635604428386,137.2135359,,,,,,,,,,,,,237,red,15104,13656,28760
85,21,5111940,1,20260922,18185,1247,0,0,0,0,0,18791,1040,0,0,0,0,0,3,35.477490394425764,137.4827895,,,,,,,,,,,,,237,red,19432,19831,39263
85,21,5111950,1,20260922,7812,500,0,0,0,0,0,6266,429,0,0,0,0,0,3,35.54294722450878,137.5415325,,,,,,,,,,,,,237,red,8312,6695,15007
85,20,5111960,1,20260922,5903,481,0,0,0,0,0,4954,420,0,0,0,0,0,3,35.79372550482294,137.6867026,,,,,,,,,,,,,237,red,6384,5374,11758
85,20,5111970,1,20260922,0,0,0,0,0,237,0,8177,0,0,0,0,0,0,3,35.86568255491192,137.7375698,,,,,,,,,,,,,237,red,0,8177,8177
85,21,5112190,1,20260922,4623,307,0,0,0,0,0,4450,324,0,0,0,0,0,3,35.35969120427531,136.4557958,,,,,,,,,,,,,237,red,4930,4774,9704
85,21,5112240,1,20260922,21126,1458,0,0,0,0,0,19034,1119,0,0,0,0,0,3,35.38091091430252,136.7844039,,,,,,,,,,,,,237,red,22584,20153,42737
85,23,5112320,1,20260922,28256,6142,0,0,0,0,0,26823,6149,0,0,0,0,0,3,34.935405063722605,137.0426846,,,,,,,,,,,,,237,red,34398,32972,67370
85,23,5112325,1,20260922,31993,5875,0,0,0,0,0,34343,6658,0,0,0,0,0,3,35.020771293835146,137.0130622,,,,,,,,,,,,,237,red,37868,41001,78869
85,23,5112330,1,20260922,38137,7241,0,0,0,0,0,42205,7181,0,0,0,0,0,3,35.04312062386452,136.9841158,,,,,,,,,,,,,237,red,45378,49386,94764
85,23,5112340,1,20260922,19060,3246,0,0,0,0,0,17410,2991,0,0,0,0,0,3,35.06974911389942,136.7566216,,,,,,,,,,,,,237,red,22306,20401,42707
85,24,5112350,1,20260922,20728,2651,0,0,0,0,0,20067,2521,0,0,0,0,0,3,35.00912200381983,136.6732612,,,,,,,,,,,,,237,red,23379,22588,45967
85,24,5112355,1,20260922,18368,649,0,0,0,0,0,16169,540,0,0,0,0,0,3,34.75468373348215,136.5225828,,,,,,,,,,,,,237,red,19017,16709,35726
85,24,5112360,1,20260922,14566,533,0,0,0,0,0,13573,432,0,0,0,0,0,3,34.558484833217825,136.6473028,,,,,,,,,,,,,237,red,15099,14005,29104
85,24,5112370,1,20260922,10405,990,0,0,0,0,0,10695,838,0,0,0,0,0,3,34.78302070352005,136.5006557,,,,,,,,,,,,,237,red,11395,11533,22928
85,24,5112375,1,20260922,10765,948,0,0,0,0,0,11216,901,0,0,0,0,0,3,34.74150673346451,136.4838785,,,,,,,,,,,,,237,red,11713,12117,23830
85,24,5112550,1,20260922,26852,3523,0,0,0,0,0,25648,3144,0,0,0,0,0,3,34.839452033595315,136.260335,,,,,,,,,,,,,237,red,30375,28792,59167
85,24,5112590,1,20260922,25128,3563,0,0,0,0,0,25954,2946,0,0,0,0,0,3,34.703780033413906,136.071242,,,,,,,,,,,,,237,red,28691,28900,57591
85,22,5113885,1,20260922,11848,789,0,0,0,0,0,13825,696,0,0,0,0,0,3,35.33142394423902,138.8977143,,,,,,,,,,,,,237,red,12637,14521,27158
85,22,5113890,1,20260922,8261,394,0,0,0,0,0,10391,246,0,0,0,0,0,3,35.32388868422933,138.9049485,,,,,,,,,,,,,237,red,8655,10637,19292
85,22,5113910,1,20260922,17229,1470,0,0,0,0,0,13921,1173,0,0,0,0,0,3,35.18190903404577,138.676858,,,,,,,,,,,,,237,red,18699,15094,33793
85,22,5113920,1,20260922,16396,1285,0,0,0,1,0,16084,812,0,0,0,0,0,3,35.209794034081966,138.64987,,,,,,,,,,,,,237,red,17681,16896,34577
85,22,5113990,1,20260922,5391,324,0,0,0,0,0,5057,326,0,0,0,0,0,3,35.41511303434628,138.590083,,,,,,,,,,,,,237,red,5715,5383,11098
85,23,5114110,1,20260922,16850,1685,0,0,0,0,0,14841,1621,0,0,0,0,0,3,35.268750034158266,136.907566,,,,,,,,,,,,,237,red,18535,16462,34997
85,23,5114120,1,20260922,18320,2529,0,0,0,0,0,19020,2522,0,0,0,0,0,3,35.33167103423934,136.91981,,,,,,,,,,,,,237,red,20849,21542,42391
85,21,5114130,1,20260922,7073,661,0,0,0,0,0,6147,431,0,0,0,0,0,3,35.48643303443713,137.055201,,,,,,,,,,,,,237,red,7734,6578,14312
85,21,5114140,1,20260922,6288,548,0,0,0,0,0,5445,423,0,0,0,0,0,3,35.78858303481656,137.25606,,,,,,,,,,,,,237,red,6836,5868,12704
85,21,5114150,1,20260922,5872,347,0,0,0,0,0,5236,340,0,0,0,0,0,3,35.86755403491424,137.213563,,,,,,,,,,,,,237,red,6219,5576,11795
85,21,5114160,1,20260922,4021,294,0,0,0,0,0,3694,215,0,0,0,0,0,3,36.07096803516291,137.267306,,,,,,,,,,,,,237,red,4315,3909,8224
85,21,5114170,1,20260922,3199,273,0,0,0,0,0,2976,417,0,0,0,0,0,3,36.26496203539611,137.138911,,,,,,,,,,,,,237,red,3472,3393,6865
85,21,5114180,1,20260922,3029,227,0,0,0,0,0,3255,188,0,0,0,0,0,3,36.459520035626035,137.248946,,,,,,,,,,,,,237,red,3256,3443,6699
85,24,5114210,1,20260922,7867,388,0,0,0,0,0,7494,256,0,0,0,0,0,3,34.51961103316506,136.541333,,,,,,,,,,,,,237,red,8255,7750,16005
85,24,5114230,1,20260922,2744,147,0,0,0,0,0,2474,145,0,0,0,0,0,3,34.31527803288554,136.410056,,,,,,,,,,,,,237,red,2891,2619,5510
85,24,5114250,1,20260922,1692,56,0,0,0,0,0,1747,64,0,0,0,0,0,3,34.09569403258125,136.196222,,,,,,,,,,,,,237,red,1748,1811,3559
85,24,5114270,1,20260922,2077,90,0,0,0,0,0,1884,103,0,0,0,0,0,3,34.275333032830495,136.358917,,,,,,,,,,,,,237,red,2167,1987,4154
85,24,5114290,1,20260922,6805,255,0,0,0,0,0,6033,218,0,0,0,0,0,3,33.86069403225124,136.076111,,,,,,,,,,,,,237,red,7060,6251,13311
85,22,5114610,1,20260922,15721,1018,446,0,0,0,0,14195,844,549,0,0,0,0,3,35.152874244008,138.8951207,,,,,,,,,,,,,237,red,17185,15588,32773
85,22,5114620,1,20260922,10910,788,205,0,0,0,0,13929,862,515,0,0,0,0,3,35.13134103397993,138.875041,,,,,,,,,,,,,237,red,11903,15306,27209
85,22,5114630,1,20260922,11261,736,313,0,0,0,0,12728,654,264,0,0,0,0,3,35.14589793399891,138.8871002,,,,,,,,,,,,,237,red,12310,13646,25956
85,22,5114680,1,20260922,9893,881,0,0,0,0,0,7517,703,0,0,0,0,0,3,35.35910497427457,139.0109217,,,,,,,,,,,,,237,red,10774,8220,18994
85,22,5114740,1,20260922,550,45,0,0,0,0,0,560,63,0,0,0,0,0,3,35.073007033903686,137.787657,,,,,,,,,,,,,237,red,595,623,1218
85,22,5114750,1,20260922,1924,115,0,0,0,0,0,2629,130,0,0,0,0,0,3,34.90575222368336,137.6681803,,,,,,,,,,,,,237,red,2039,2759,4798
85,22,5115250,1,20260922,3213,126,0,0,0,0,0,2460,102,0,0,0,0,0,3,35.137162033987515,138.520651,,,,,,,,,,,,,237,red,3339,2562,5901
85,23,5115320,1,20260922,14951,971,0,0,0,0,0,13542,638,0,0,0,0,0,3,35.10723119394846,137.0409411,,,,,,,,,,,,,237,red,15922,14180,30102
85,23,5115340,1,20260922,6062,417,0,0,0,0,0,5289,389,0,0,0,0,0,3,35.13153551398018,137.304967,,,,,,,,,,,,,237,red,6479,5678,12157
85,20,5115370,1,20260922,0,0,0,0,237,237,0,0,0,0,0,237,237,0,3,35.50121594445591,137.794953,,,,,,,,,,,,,237,red,0,0,0
85,20,5115380,1,20260922,5341,167,0,0,0,0,0,5277,204,0,0,0,0,0,3,35.71541168472551,137.9379522,,,,,,,,,,,,,237,red,5508,5481,10989
85,23,5115530,1,20260922,6846,1742,0,0,0,0,0,6025,2050,0,0,0,0,0,3,35.06429103389226,137.11723,,,,,,,,,,,,,237,red,8588,8075,16663
85,21,5115610,1,20260922,19659,1162,0,0,0,0,0,19263,1297,0,0,0,0,0,3,35.39814591432458,136.7848921,,,,,,,,,,,,,237,red,20821,20560,41381
85,21,5115630,1,20260922,7398,420,0,0,0,0,0,6641,278,0,0,0,0,0,3,35.73557476475065,136.9518113,,,,,,,,,,,,,237,red,7818,6919,14737
85,21,5115650,1,20260922,5184,241,0,0,0,0,0,4434,210,0,0,0,0,0,3,35.88316975493347,136.85442030000002,,,,,,,,,,,,,237,red,5425,4644,10069
85,21,5115680,1,20260922,2158,123,0,0,0,0,0,2125,87,0,0,0,0,0,3,35.99802490507423,136.9009352,,,,,,,,,,,,,237,red,2281,2212,4493
85,21,5115820,1,20260922,,,,0,0,0,237,,,,0,0,0,237,3,36.18407203529936,137.542187,,,,,,,,,,,,,237,red,0,0,0
85,22,5123510,1,20260922,8420,960,0,0,0,0,0,11568,802,0,0,0,0,0,3,35.141546483993245,139.1103673,,,,,,,,,,,,,237,red,9380,12370,21750
85,20,5125390,1,20260922,4590,198,0,0,0,0,0,4468,188,0,0,0,0,0,3,35.876706504925515,137.9806852,,,,,,,,,,,,,237,red,4788,4656,9444
85,23,5311910,1,20260922,12102,852,0,0,0,0,0,11902,844,0,0,0,0,0,3,35.124239273970666,136.856963,,,,,,,,,,,,,237,red,12954,12746,25700
86,,6110010,1,20260922,6671,471,0,0,0,0,0,7368,457,0,0,0,0,0,3,34.938138216795814,136.265283823013,,,,,,,,,,,,,237,red,7142,7825,14967
86,,6110020,1,20260922,9130,421,0,0,0,0,0,8959,468,0,0,0,0,0,3,34.990936305895495,136.115165948867,,,,,,,,,,,,,237,red,9551,9427,18978
86,,6110030,1,20260922,9553,437,1548,0,0,0,0,10656,452,894,0,0,0,0,3,35.005385003512316,135.956851243972,,,,,,,,,,,,,237,red,11538,12002,23540
86,,6110040,1,20260922,5764,422,0,0,0,0,0,7739,446,0,0,0,0,0,3,34.95699292997823,135.913501381874,,,,,,,,,,,,,237,red,6186,8185,14371
86,,6110050,1,20260922,13695,460,0,0,0,0,0,15540,538,0,0,0,0,0,3,34.99087038445861,135.844525694847,,,,,,,,,,,,,237,red,14155,16078,30233
86,,6110060,1,20260922,28788,1504,0,0,0,0,0,27473,2574,0,0,0,0,0,3,34.99142632024544,135.831109285354,,,,,,,,,,,,,237,red,30292,30047,60339
86,,6110070,1,20260922,20513,1088,0,0,0,0,0,21163,1159,0,0,0,0,0,3,34.98630409707048,135.82777261734,,,,,,,,,,,,,237,red,21601,22322,43923
86,,6110080,1,20260922,18191,2343,0,0,0,0,0,18223,2704,0,0,0,0,0,3,34.91099177877929,135.744452476501,,,,,,,,,,,,,237,red,20534,20927,41461
86,,6110090,1,20260922,22500,2369,0,0,0,0,0,22838,2404,0,0,0,0,0,3,34.805311519271704,135.649480819702,,,,,,,,,,,,,237,red,24869,25242,50111
86,,6110100,1,20260922,,,,0,0,0,237,,,,0,0,0,237,3,34.81945711253497,135.720393061637,,,,,,,,,,,,,237,red,0,0,0
86,,6110110,1,20260922,11488,555,0,0,0,0,0,11221,507,0,0,0,0,0,3,34.71960434074075,135.436824560165,,,,,,,,,,,,,237,red,12043,11728,23771
86,,6110120,1,20260922,13134,509,0,0,0,0,0,12963,487,0,0,0,0,0,3,34.64078623273222,135.106242299079,,,,,,,,,,,,,237,red,13643,13450,27093
86,,6110130,1,20260922,34112,2823,0,0,0,0,0,31536,2725,0,0,0,0,0,3,34.75756172115131,134.859353005886,,,,,,,,,,,,,237,red,36935,34261,71196
86,,6110140,1,20260922,32441,2559,0,0,0,0,0,31474,2341,0,0,0,0,0,3,34.83274825524009,134.630174338817,,,,,,,,,,,,,237,red,35000,33815,68815
86,,6110150,1,20260922,21824,1991,0,0,0,0,0,21014,1703,0,0,0,0,0,3,34.847425137493005,134.578367471694,,,,,,,,,,,,,237,red,23815,22717,46532
86,,6110170,1,20260922,8309,487,0,0,0,0,0,8662,517,0,0,0,0,0,3,36.23649392464164,136.286623477935,,,,,,,,,,,,,237,red,8796,9179,17975
86,,6110180,1,20260922,4958,314,0,0,0,0,0,4910,367,0,0,0,0,0,3,35.792989034822035,136.092793,,,,,,,,,,,,,237,red,5272,5277,10549
86,,6110190,1,20260922,7327,662,0,0,0,0,0,8545,752,0,0,0,0,0,3,35.62256603460919,136.08205800000002,,,,,,,,,,,,,237,red,7989,9297,17286
86,,6110200,1,20260922,6230,151,0,0,0,0,0,6310,156,0,0,0,0,0,3,35.319800029709974,136.279370784759,,,,,,,,,,,,,237,red,6381,6466,12847
86,,6110210,1,20260922,8592,407,0,0,0,0,0,8750,391,0,0,0,0,0,3,35.25049070224537,136.262805461883,,,,,,,,,,,,,237,red,8999,9141,18140
86,,6110220,1,20260922,8538,564,0,0,0,0,0,8053,603,0,0,0,0,0,3,35.135413702721344,136.168110072612,,,,,,,,,,,,,237,red,9102,8656,17758
86,,6110230,1,20260922,9470,473,0,0,0,0,0,8841,520,0,0,0,0,0,3,35.05193480694747,136.028718352317,,,,,,,,,,,,,237,red,9943,9361,19304
86,,6110240,1,20260922,20384,1014,0,0,0,0,0,18543,956,0,0,0,0,0,3,34.97508726487281,135.666646957397,,,,,,,,,,,,,237,red,21398,19499,40897
86,,6110250,1,20260922,12356,592,0,0,0,0,0,12162,538,0,0,0,0,0,3,35.290674394918256,135.122528672218,,,,,,,,,,,,,237,red,12948,12700,25648
86,,6110260,1,20260922,4333,248,0,0,0,0,0,3651,176,0,0,0,0,0,3,35.33418386481987,134.859425425529,,,,,,,,,,,,,237,red,4581,3827,8408
86,,6110270,1,20260922,3781,204,0,0,0,0,0,3077,115,0,0,0,0,0,3,35.37906081109355,134.782794713974,,,,,,,,,,,,,237,red,3985,3192,7177
86,,6110280,1,20260922,3265,247,0,0,0,0,0,2663,159,0,0,0,0,0,3,35.39752934547739,134.617635011672,,,,,,,,,,,,,237,red,3512,2822,6334
86,,6110290,1,20260922,5044,351,0,0,0,0,0,5168,394,0,0,0,0,0,3,35.3445505431606,136.408736407756,,,,,,,,,,,,,237,red,5395,5562,10957
86,,6110300,1,20260922,7875,271,0,0,0,0,0,7370,253,0,0,0,0,0,3,34.929386538763445,135.767959356307,,,,,,,,,,,,,237,red,8146,7623,15769
86,,6110310,1,20260922,19643,1239,0,0,0,0,0,18301,1273,0,0,0,0,0,3,34.692826863672394,135.811829566955,,,,,,,,,,,,,237,red,20882,19574,40456
86,,6110320,1,20260922,13550,702,0,0,0,237,0,22319,1009,0,0,0,0,0,3,34.49633103313339,135.742759,,,,,,,,,,,,,237,red,14252,23328,37580
86,,6110330,1,20260922,13533,377,0,0,0,0,0,12167,337,0,0,0,0,0,3,34.255336527005475,135.221571922302,,,,,,,,,,,,,237,red,13910,12504,26414
86,,6110340,1,20260922,12909,606,0,0,0,0,0,13518,669,0,0,0,0,0,3,34.59261679509626,135.476585626602,,,,,,,,,,,,,237,red,13515,14187,27702
86,,6110350,1,20260922,22509,855,0,0,0,0,0,23406,852,0,0,0,0,0,3,34.492391818044126,135.423381328582,,,,,,,,,,,,,237,red,23364,24258,47622
86,,6110361,1,20260922,8206,386,0,0,0,0,0,9046,349,0,0,0,0,0,3,34.27701629033371,135.164935521261,,,,,,,,,,,,,237,red,8592,9395,17987
86,,6110370,1,20260922,6648,280,0,0,0,0,0,6259,243,0,0,0,0,0,3,35.61308303459727,135.971192,,,,,,,,,,,,,237,red,6928,6502,13430
86,,6110380,1,20260922,3967,231,0,0,0,0,24,3975,248,0,0,0,0,24,3,35.486004106628485,135.463869273662,,,,,,,,,,,,,237,red,4198,4223,8421
86,,6110390,1,20260922,3737,223,0,0,0,0,26,3651,250,0,0,0,0,26,3,35.30401991598347,135.272947382363,,,,,,,,,,,,,237,red,3960,3901,7861
86,,6110410,1,20260922,5762,224,0,0,0,0,0,5616,204,0,0,0,0,0,3,34.99524305806187,134.558363556861,,,,,,,,,,,,,237,red,5986,5820,11806
86,,6110430,1,20260922,790,22,72,0,0,0,0,1016,32,126,0,0,0,0,3,33.577233165562106,135.427241160067,,,,,,,,,,,,,237,red,884,1174,2058
86,,6110440,1,20260922,10862,297,0,0,0,0,0,11131,343,0,0,0,0,0,3,34.143380032647656,135.20039,,,,,,,,,,,,,237,red,11159,11474,22633
86,,6110450,1,20260922,18988,4137,0,0,0,0,0,16705,5098,0,0,0,0,0,3,34.71254919312948,135.425688028335,,,,,,,,,,,,,237,red,23125,21803,44928
86,,6110460,1,20260922,8242,504,0,0,0,0,0,8802,544,0,0,0,0,0,3,35.431053158155514,136.016224622726,,,,,,,,,,,,,237,red,8746,9346,18092
86,,6110470,1,20260922,10621,425,0,0,0,0,0,12540,596,0,0,0,0,0,3,35.21341864052877,135.925826132297,,,,,,,,,,,,,237,red,11046,13136,24182
86,,6110500,1,20260922,7794,552,0,0,0,0,0,6803,424,0,0,0,0,0,3,35.10094221794055,135.892639160156,,,,,,,,,,,,,237,red,8346,7227,15573
86,,6110510,1,20260922,9914,1281,0,0,0,0,0,9245,663,0,0,0,0,0,3,35.080206671418715,135.881878137588,,,,,,,,,,,,,237,red,11195,9908,21103
86,,6110520,1,20260922,20963,1005,0,0,0,0,0,4300,772,2885,0,0,0,0,3,35.00895503826151,135.838812589645,,,,,,,,,,,,,237,red,21968,7957,29925
86,,6110530,1,20260922,13962,1804,0,0,0,0,0,13949,1595,0,0,0,0,0,3,34.8925928963683,135.684016942977,,,,,,,,,,,,,237,red,15766,15544,31310
86,,6110540,1,20260922,10387,635,0,0,0,0,0,10053,628,0,0,0,0,0,3,34.686726631641484,134.982630014419,,,,,,,,,,,,,237,red,11022,10681,21703
86,,6110670,1,20260922,13157,1020,0,0,0,0,0,13664,889,0,0,0,0,0,3,34.486465033119956,135.763168,,,,,,,,,,,,,237,red,14177,14553,28730
86,,6110700,1,20260922,12645,843,0,0,0,0,0,12093,649,0,0,0,0,0,3,34.36883103295914,135.698397,,,,,,,,,,,,,237,red,13488,12742,26230
86,,6110710,1,20260922,13079,759,0,0,0,0,0,13052,674,0,0,0,0,0,3,34.346251032928144,135.675464,,,,,,,,,,,,,237,red,13838,13726,27564
86,,6110720,1,20260922,12445,784,0,0,0,0,0,12307,660,0,0,0,0,0,3,34.34307531292378,135.6723947,,,,,,,,,,,,,237,red,13229,12967,26196
86,,6110730,1,20260922,11836,691,0,0,0,0,0,11727,665,0,0,0,0,0,3,34.3344353954711,135.643944740295,,,,,,,,,,,,,237,red,12527,12392,24919
86,,6110740,1,20260922,13171,663,331,0,0,0,0,12969,524,494,0,0,0,0,3,34.32057809029414,135.595622062683,,,,,,,,,,,,,237,red,14165,13987,28152
86,,6110750,1,20260922,13246,736,0,0,0,0,0,13146,580,0,0,0,0,0,3,34.30420703287028,135.508371,,,,,,,,,,,,,237,red,13982,13726,27708
86,,6110760,1,20260922,12222,797,0,0,0,0,0,12845,676,0,0,0,0,0,3,34.300277802864876,135.49583333,,,,,,,,,,,,,237,red,13019,13521,26540
86,,6110765,1,20260922,12945,870,0,0,0,0,0,13373,717,0,0,0,0,0,3,34.293299032855266,135.42037,,,,,,,,,,,,,237,red,13815,14090,27905
86,,6110780,1,20260922,12680,815,0,0,0,0,0,12736,689,0,0,0,0,0,3,34.290835032851874,135.406025,,,,,,,,,,,,,237,red,13495,13425,26920
86,,6110790,1,20260922,6239,646,0,0,0,0,0,6105,492,0,0,0,0,0,3,34.28766234793788,135.279854549589,,,,,,,,,,,,,237,red,6885,6597,13482
86,,6110810,1,20260922,2655,219,0,0,0,0,0,2927,231,0,0,0,0,0,3,35.91898971813652,136.6293598948,,,,,,,,,,,,,237,red,2874,3158,6032
86,,6110820,1,20260922,3033,218,0,0,0,0,0,3140,244,0,0,0,0,0,3,35.963561035032136,136.602468,,,,,,,,,,,,,237,red,3251,3384,6635
86,,6110840,1,20260922,3182,190,0,0,0,0,0,3073,222,0,0,0,0,0,3,35.98949103506382,136.526729,,,,,,,,,,,,,237,red,3372,3295,6667
86,,6110860,1,20260922,8533,331,0,0,0,0,0,7792,279,0,0,0,0,0,3,36.062580031168245,136.445198357105,,,,,,,,,,,,,237,red,8864,8071,16935
86,,6110870,1,20260922,8778,388,0,0,0,0,0,8454,316,0,0,0,0,0,3,36.074224272699254,136.374473869296,,,,,,,,,,,,,237,red,9166,8770,17936
86,,6110880,1,20260922,8378,703,0,0,0,0,0,8786,342,0,0,0,0,0,3,36.086521994378465,136.324462164098,,,,,,,,,,,,,237,red,9081,9128,18209
86,,6110980,1,20260922,6385,335,0,0,0,0,0,7209,345,0,0,0,0,0,3,35.30511375498357,134.89226102828903,,,,,,,,,,,,,237,red,6720,7554,14274
86,,6111020,1,20260922,24082,3602,0,0,0,0,0,12480,2478,0,0,0,237,0,3,34.61538892329484,135.8745,,,,,,,,,,,,,237,red,27684,14958,42642
86,,6111030,1,20260922,5747,127,99,0,0,0,0,5718,109,94,0,0,0,0,3,33.670648031981166,135.947246,,,,,,,,,,,,,237,red,5973,5921,11894
86,,6111040,1,20260922,7566,166,207,0,0,0,0,6764,153,171,0,0,0,0,1,33.74362082208521,135.40352793,,,,,,,,,,,,,237,red,7939,7088,15027
86,,6111050,1,20260922,7606,173,152,0,0,0,0,6888,94,193,0,0,0,0,1,33.67806806199178,135.40361475,,,,,,,,,,,,,237,red,7931,7175,15106
86,,6111060,1,20260922,6166,141,201,0,0,0,0,5281,105,105,0,0,0,0,1,33.63743103193369,135.410147,,,,,,,,,,,,,237,red,6508,5491,11999
86,,6111070,1,20260922,4641,113,112,0,0,0,0,3114,45,105,0,0,0,0,1,33.56605113183135,135.49421066,,,,,,,,,,,,,237,red,4866,3264,8130
86,,6111080,1,20260922,3991,114,119,0,0,0,0,3,0,0,0,0,0,0,1,33.53123967178131,135.54653822,,,,,,,,,,,,,237,red,4224,3,4227
86,,6111090,1,20260922,4054,121,89,0,0,0,0,4243,100,107,0,0,0,0,3,33.620083251908845,135.91802864,,,,,,,,,,,,,237,red,4264,4450,8714
86,,6111094,1,20260922,4057,86,70,0,0,0,0,4105,103,63,0,0,0,0,3,33.73308003207021,136.004619,,,,,,,,,,,,,237,red,4213,4271,8484
86,,6111100,1,20260922,10626,644,0,0,0,0,0,10858,537,0,0,0,0,0,3,34.29138892285263,135.3613889,,,,,,,,,,,,,237,red,11270,11395,22665
87,,7110040,1,20260922,9066,868,0,0,0,0,0,8921,789,0,0,0,0,0,3,34.51540182315934,133.565914,,,,,,,,,,,,,237,red,9934,9710,19644
87,,7110090,1,20260922,11154,1326,0,0,0,0,0,10629,1132,0,0,0,0,0,3,34.076861142554975,131.3867222,,,,,,,,,,,,,237,red,12480,11761,24241
87,,7110140,1,20260922,8600,581,0,0,0,0,0,8401,578,0,0,0,0,0,3,35.42972217436492,133.16019770000003,,,,,,,,,,,,,237,red,9181,8979,18160
87,,7110150,1,20260922,10284,534,0,0,0,0,1,9954,507,0,0,0,0,1,3,35.41501435434614,132.9291201,,,,,,,,,,,,,237,red,10818,10461,21279
87,,7110160,1,20260922,3397,156,0,0,0,0,1,3360,139,0,0,0,0,1,3,35.220801104096246,132.5117898,,,,,,,,,,,,,237,red,3553,3499,7052
87,,7110170,1,20260922,810,37,0,0,0,0,0,774,39,0,0,0,0,0,3,34.75449303348189,131.907185,,,,,,,,,,,,,237,red,847,813,1660
87,,7110180,1,20260922,3021,127,0,0,0,0,0,3067,112,0,0,0,0,0,3,34.42694447303873,131.76016670000004,,,,,,,,,,,,,237,red,3148,3179,6327
87,,7110210,1,20260922,7032,395,0,0,0,0,0,6665,398,0,0,0,0,0,3,34.8389208935946,133.9257149,,,,,,,,,,,,,237,red,7427,7063,14490
87,,7110240,1,20260922,4911,516,0,0,0,0,0,4860,437,0,0,0,0,0,3,34.684982133388644,133.784738,,,,,,,,,,,,,237,red,5427,5297,10724
87,,7110260,1,20260922,3764,92,0,0,0,0,0,3951,112,0,0,0,0,0,3,33.97988891241918,132.1977222,,,,,,,,,,,,,237,red,3856,4063,7919
87,,7110270,1,20260922,3031,165,0,0,0,0,0,3153,175,0,0,0,0,0,3,34.65950003335435,131.6773889,,,,,,,,,,,,,237,red,3196,3328,6524
87,,7110280,1,20260922,4677,215,0,0,0,0,1,4399,215,0,0,0,0,1,3,34.419861143029046,131.4097778,,,,,,,,,,,,,237,red,4892,4614,9506
87,,7110290,1,20260922,6830,227,0,0,0,0,0,6730,233,0,0,0,0,0,3,34.371805582963226,131.1861389,,,,,,,,,,,,,237,red,7057,6963,14020
87,,7110320,1,20260922,6078,165,0,0,0,0,0,6053,155,0,0,0,0,0,3,33.95763808238793,132.1366533,,,,,,,,,,,,,237,red,6243,6208,12451
87,,7310110,1,20260922,9209,411,0,0,0,0,0,8985,396,0,0,0,0,0,3,35.39772612432404,132.8747235,,,,,,,,,,,,,237,red,9620,9381,19001
87,,7310120,1,20260922,6126,331,0,0,0,0,0,6003,252,0,0,0,0,0,3,35.068629523897954,132.3222435,,,,,,,,,,,,,237,red,6457,6255,12712
87,,7310150,1,20260922,1436,62,0,0,0,0,0,1324,50,0,0,0,0,0,3,34.9738037337733,132.7317309,,,,,,,,,,,,,237,red,1498,1374,2872
87,,7310160,1,20260922,1333,74,0,0,0,0,0,1400,78,0,0,0,0,0,3,35.117460163961816,132.778337,,,,,,,,,,,,,237,red,1407,1478,2885
87,,7310170,1,20260922,6562,335,0,0,0,0,0,5627,260,0,0,0,0,0,3,34.705264123415894,133.7151146,,,,,,,,,,,,,237,red,6897,5887,12784
87,,7310180,1,20260922,,,,,,,237,,,,,,,237,3,34.38963891298768,131.3651944,,,,,,,,,,,,,237,red,0,0,0
87,,7310260,1,20260922,5636,289,0,0,0,0,1,5467,227,0,0,0,0,1,3,35.132156843980994,132.4019922,,,,,,,,,,,,,237,red,5925,5694,11619
87,,7310270,1,20260922,5248,294,0,0,0,0,1,5136,197,0,0,0,0,1,3,35.08573619392036,132.3490609,,,,,,,,,,,,,237,red,5542,5333,10875
87,,7310280,1,20260922,5182,275,0,0,0,0,1,5126,210,0,0,0,0,1,3,35.076671573908484,132.335387,,,,,,,,,,,,,237,red,5457,5336,10793
87,,7310290,1,20260922,4925,433,0,0,0,0,0,4379,993,0,0,0,0,0,3,34.88220003365212,132.0657,,,,,,,,,,,,,237,red,5358,5372,10730
87,,7310300,1,20260922,5257,288,0,0,0,0,0,4961,262,0,0,0,0,0,3,34.86980443363566,132.0662027,,,,,,,,,,,,,237,red,5545,5223,10768
87,,7310350,1,20260922,5293,330,0,0,0,0,0,5305,352,0,0,0,0,0,3,34.83580109359045,131.9999083,,,,,,,,,,,,,237,red,5623,5657,11280
87,,7310410,1,20260922,7401,376,0,0,0,0,0,7214,324,0,0,0,0,0,3,35.21593257408993,132.5144274,,,,,,,,,,,,,237,red,7777,7538,15315
87,,7310420,1,20260922,8115,376,0,0,0,0,0,7485,328,0,0,0,0,0,3,35.275470134166945,132.6201357,,,,,,,,,,,,,237,red,8491,7813,16304
87,,7310430,1,20260922,7373,290,0,0,0,0,0,6945,265,0,0,0,0,0,3,35.303833034203514,132.688667,,,,,,,,,,,,,237,red,7663,7210,14873
87,,7310440,1,20260922,7117,313,0,0,0,0,0,0,0,0,0,0,0,0,3,35.298722034196935,132.676944,,,,,,,,,,,,,237,red,7430,0,7430
87,,7310450,1,20260922,0,0,0,0,0,0,0,6137,249,0,0,0,0,0,3,35.290444034186265,132.645583,,,,,,,,,,,,,237,red,0,6386,6386
87,,7310460,1,20260922,0,0,0,0,0,237,0,5486,272,0,0,0,0,0,3,35.20082803407034,132.459905,,,,,,,,,,,,,237,red,0,5758,5758
87,,7310470,1,20260922,6293,326,0,0,0,0,0,5590,275,0,0,0,0,0,3,35.1986450340675,132.455753,,,,,,,,,,,,,237,red,6619,5865,12484
88,,8110010,1,20260922,5111,324,0,0,0,0,0,4562,311,0,0,0,0,0,3,34.2207184500313,134.411544799804,,,,,,,,,,,,,237,red,5435,4873,10308
88,,8110020,1,20260922,15057,793,0,0,0,0,0,16218,949,0,0,0,0,0,3,34.30277465209332,134.084776639938,,,,,,,,,,,,,237,red,15850,17167,33017
88,,8110030,1,20260922,13878,961,0,0,0,0,0,13798,907,0,0,0,0,0,3,34.29671450737887,133.946895003318,,,,,,,,,,,,,237,red,14839,14705,29544
88,,8110040,1,20260922,7165,311,0,0,0,0,0,7258,283,0,0,0,0,0,3,34.17417938671837,133.715951442718,,,,,,,,,,,,,237,red,7476,7541,15017
88,,8110050,1,20260922,7871,416,3,0,0,0,0,7589,361,19,0,0,0,0,3,33.91236267641698,133.20324182510302,,,,,,,,,,,,,237,red,8290,7969,16259
88,,8110060,1,20260922,6478,643,248,0,0,0,0,6591,648,214,0,0,0,0,3,33.82431235182997,132.984384298324,,,,,,,,,,,,,237,red,7369,7453,14822
88,,8110070,1,20260922,9567,334,0,0,0,0,0,8952,311,0,0,0,0,0,3,34.28544169692582,134.00050163269,,,,,,,,,,,,,237,red,9901,9263,19164
88,,8110080,1,20260922,4145,244,0,0,0,0,0,3645,170,0,0,0,0,0,3,34.10608825909625,133.799223303794,,,,,,,,,,,,,237,red,4389,3815,8204
88,,8110090,1,20260922,8918,474,50,0,0,0,1,7481,338,251,0,0,0,1,3,34.028957826825085,133.828164339065,,,,,,,,,,,,,237,red,9442,8070,17512
88,,8110100,1,20260922,4260,313,0,0,0,0,0,3487,211,0,0,0,0,0,3,33.950764901704936,133.764853477478,,,,,,,,,,,,,237,red,4573,3698,8271
88,,8110110,1,20260922,5042,766,0,0,0,0,0,5573,566,0,0,0,0,0,3,33.58909346194513,133.626092746853,,,,,,,,,,,,,237,red,5808,6139,11947
88,,8110115,1,20260922,7228,326,0,0,0,0,0,6801,287,0,0,0,0,0,3,33.548205918990114,133.451582193374,,,,,,,,,,,,,237,red,7554,7088,14642
88,,8110120,1,20260922,8063,360,0,0,0,0,0,7397,414,0,0,0,0,0,3,33.543133969132924,133.402808904647,,,,,,,,,,,,,237,red,8423,7811,16234
88,,8110130,1,20260922,8708,249,394,0,0,0,0,10242,293,489,0,0,0,0,3,33.7476978963593,132.791587114334,,,,,,,,,,,,,237,red,9351,11024,20375
88,,8110131,1,20260922,4385,253,0,0,0,0,0,3640,163,0,0,0,0,0,3,33.793408870729856,134.592427611351,,,,,,,,,,,,,237,red,4638,3803,8441
88,,8110140,1,20260922,3416,205,2,1,0,0,0,2893,174,0,1,0,0,0,3,33.63466659400443,134.369745254516,,,,,,,,,,,,,237,red,3623,3067,6690
88,,8110142,1,20260922,4233,229,0,0,0,0,0,3398,164,0,0,0,0,0,3,33.74774819013548,134.53964678124,,,,,,,,,,,,,237,red,4462,3562,8024
88,,8110160,1,20260922,3355,166,0,0,0,0,0,3365,130,0,0,0,0,0,3,33.53924497073882,133.738444460766,,,,,,,,,,,,,237,red,3521,3495,7016
88,,8110161,1,20260922,6599,295,0,0,0,0,0,5520,229,0,0,0,0,0,3,33.520916544031145,133.780702650547,,,,,,,,,,,,,237,red,6894,5749,12643
88,,8110162,1,20260922,7489,334,0,0,0,0,0,7142,273,0,0,0,0,0,3,33.550342371512876,133.740176352243,,,,,,,,,,,,,237,red,7823,7415,15238
88,,8110163,1,20260922,8637,346,0,0,0,0,0,7717,275,0,0,0,0,0,3,33.55352220956595,133.721816021769,,,,,,,,,,,,,237,red,8983,7992,16975
88,,8110164,1,20260922,2745,223,0,0,0,0,0,2517,212,0,0,0,0,0,3,33.57127484589016,133.574287891387,,,,,,,,,,,,,237,red,2968,2729,5697
88,,8110165,1,20260922,9035,472,0,0,0,0,0,8822,359,0,0,0,0,0,3,33.56026408468244,133.633757829666,,,,,,,,,,,,,237,red,9507,9181,18688
88,,8110166,1,20260922,9969,432,0,0,0,0,0,8678,382,0,0,0,0,0,3,33.540965031795295,133.601005,,,,,,,,,,,,,237,red,10401,9060,19461
88,,8110167,1,20260922,6280,255,0,0,0,0,0,5145,230,0,0,0,0,0,3,33.5424317654246,133.583077945611,,,,,,,,,,,,,237,red,6535,5375,11910
88,,8110168,1,20260922,8092,315,0,0,0,0,0,6837,233,0,0,0,0,0,3,33.55589303181676,133.683497,,,,,,,,,,,,,237,red,8407,7070,15477
88,,8110170,1,20260922,5623,450,0,0,0,0,0,4756,590,0,0,0,0,0,3,33.485055031714765,133.373125,,,,,,,,,,,,,237,red,6073,5346,11419
88,,8110171,1,20260922,6568,425,0,0,0,0,0,4927,223,0,0,0,0,0,3,33.40395558523113,133.288643360137,,,,,,,,,,,,,237,red,6993,5150,12143
88,,8110172,1,20260922,4698,854,0,0,0,0,0,4104,350,0,0,0,0,0,3,33.39236677628474,133.278601169586,,,,,,,,,,,,,237,red,5552,4454,10006
88,,8110174,1,20260922,4859,345,0,0,0,0,0,3967,205,0,0,0,0,0,3,33.18330330083646,133.144855499267,,,,,,,,,,,,,237,red,5204,4172,9376
88,,8110180,1,20260922,1059,72,0,0,0,0,0,1010,53,0,0,0,0,0,3,33.35817590038214,133.253152370452,,,,,,,,,,,,,237,red,1131,1063,2194
88,,8110181,1,20260922,2858,175,0,0,0,0,0,2707,160,0,0,0,0,0,3,32.974388919857596,132.933138888889,,,,,,,,,,,,,237,red,3033,2867,5900
88,,8110182,1,20260922,4267,194,0,0,0,0,0,4064,195,0,0,0,0,0,3,32.96811114207051,132.872277777778,,,,,,,,,,,,,237,red,4461,4259,8720
88,,8110183,1,20260922,2941,142,0,0,0,0,0,2814,123,0,0,0,0,0,3,32.95902780872377,132.776972222222,,,,,,,,,,,,,237,red,3083,2937,6020
88,,8110190,1,20260922,2426,133,0,0,0,0,0,2716,177,0,0,0,0,0,3,32.96996536793415,132.68920719623503,,,,,,,,,,,,,237,red,2559,2893,5452
88,,8110191,1,20260922,3298,236,0,0,0,0,0,3486,337,0,0,0,0,0,3,33.13903103121127,132.517477,,,,,,,,,,,,,237,red,3534,3823,7357
88,,8110192,1,20260922,4751,342,0,0,0,0,0,5368,398,0,0,0,0,0,3,33.14590213224344,132.52205863595,,,,,,,,,,,,,237,red,5093,5766,10859
88,,8110200,1,20260922,2070,75,0,0,0,0,0,2121,113,0,0,0,0,0,3,33.325562031483756,132.5285,,,,,,,,,,,,,237,red,2145,2234,4379
88,,8110210,1,20260922,13510,306,569,0,0,0,1,13536,283,529,0,0,0,1,3,33.81637909326473,132.744826823472,,,,,,,,,,,,,237,red,14385,14348,28733
88,,8110231,1,20260922,5696,221,0,0,0,0,0,5340,198,0,0,0,0,0,3,34.03847794648641,134.520513564348,,,,,,,,,,,,,237,red,5917,5538,11455
88,,8110232,1,20260922,6364,220,0,0,0,0,0,7373,272,0,0,0,0,0,3,34.04120064204002,134.531005024909,,,,,,,,,,,,,237,red,6584,7645,14229
88,,8110240,1,20260922,7337,321,0,0,0,0,0,6989,321,0,0,0,0,0,3,34.03149633348104,132.829599380493,,,,,,,,,,,,,237,red,7658,7310,14968
88,,8110250,1,20260922,5533,235,0,0,0,0,0,5383,245,0,0,0,0,0,3,33.93004373774009,133.094837665557,,,,,,,,,,,,,237,red,5768,5628,11396
88,,8111021,1,20260922,6040,389,0,0,0,0,0,5973,340,0,0,0,0,0,3,33.50191403173908,133.309236,,,,,,,,,,,,,237,red,6429,6313,12742
88,,8160020,1,20260922,7135,488,0,0,0,0,0,5345,295,0,0,0,0,0,1,33.331092031491806,133.206098,,,,,,,,,,,,,237,red,7623,5640,13263
88,,8160030,1,20260922,6436,473,0,0,0,0,0,4701,283,0,0,0,20,0,1,33.23544203135242,133.159939,,,,,,,,,,,,,237,red,6909,4984,11893
88,,8160040,1,20260922,7100,388,0,0,0,0,0,7116,458,0,0,0,0,0,1,33.24742026280611,132.570131868124,,,,,,,,,,,,,237,red,7488,7574,15062
88,,8160050,1,20260922,7789,377,0,0,0,0,0,8082,513,0,0,0,0,0,1,33.33622666521378,132.557060122489,,,,,,,,,,,,,237,red,8166,8595,16761
88,,8160060,1,20260922,4847,371,0,0,0,0,0,4405,330,0,0,0,0,0,1,34.056139032526026,134.588624,,,,,,,,,,,,,237,red,5218,4735,9953
88,,8310010,1,20260922,17684,639,10,0,0,0,1,17286,652,37,0,0,0,1,3,34.152121047215225,134.579402804374,,,,,,,,,,,,,237,red,18333,17975,36308
88,,8310020,1,20260922,6923,803,0,0,0,0,0,7682,230,0,0,0,0,0,3,34.335875041773484,134.151295423507,,,,,,,,,,,,,237,red,7726,7912,15638
88,,8310030,1,20260922,8240,307,472,0,0,0,0,9338,308,162,0,0,0,0,3,33.79997204409725,132.86443054676,,,,,,,,,,,,,237,red,9019,9808,18827
88,,8310040,1,20260922,13885,661,0,0,0,0,0,13714,562,0,0,0,0,0,3,34.239532652899726,133.895906209945,,,,,,,,,,,,,237,red,14546,14276,28822
88,,8310050,1,20260922,2185,376,0,0,0,0,0,2176,189,0,0,0,0,0,3,33.797668032162,133.760304,,,,,,,,,,,,,237,red,2561,2365,4926
88,,8310060,1,20260922,1878,81,0,0,0,0,0,2038,75,0,0,0,0,0,3,33.54154672048833,133.042341470718,,,,,,,,,,,,,237,red,1959,2113,4072
88,,8310061,1,20260922,9047,688,0,0,0,0,0,10535,808,0,0,0,0,0,3,33.80675451706518,132.745272070169,,,,,,,,,,,,,237,red,9735,11343,21078
88,,8310062,1,20260922,4566,574,0,0,0,0,0,5568,608,0,0,0,0,0,3,33.814776032186245,132.720319,,,,,,,,,,,,,237,red,5140,6176,11316
88,,8310070,1,20260922,17411,537,22,0,0,0,0,18666,483,19,0,0,0,0,3,34.0102656781917,134.566428959369,,,,,,,,,,,,,237,red,17970,19168,37138
88,,8310080,1,20260922,8936,406,0,0,0,0,0,9175,407,0,0,0,0,0,3,33.9732071371816,134.633932113647,,,,,,,,,,,,,237,red,9342,9582,18924
88,,8310100,1,20260922,,,,0,0,0,237,,,,0,0,0,237,3,33.03511096021447,133.027331829071,,,,,,,,,,,,,237,red,0,0,0
88,,8310110,1,20260922,4063,296,0,0,0,0,0,3979,353,0,0,0,0,0,3,33.4066250316014,132.509843,,,,,,,,,,,,,237,red,4359,4332,8691
88,,8310120,1,20260922,11697,672,0,0,0,0,0,13046,864,0,0,0,0,0,3,33.504510031742804,132.56675,,,,,,,,,,,,,237,red,12369,13910,26279
88,,8310130,1,20260922,5677,342,0,0,0,0,0,5624,359,0,0,0,0,0,3,33.53462955300938,132.597781419754,,,,,,,,,,,,,237,red,6019,5983,12002
88,,8310140,1,20260922,4717,229,0,0,0,0,0,4839,285,0,0,0,0,0,3,33.6125750318981,132.68712,,,,,,,,,,,,,237,red,4946,5124,10070
88,,8310150,1,20260922,2850,223,0,0,0,0,0,3471,256,0,0,0,0,0,3,34.0401782523243,134.018440246582,,,,,,,,,,,,,237,red,3073,3727,6800
88,,8310160,1,20260922,9466,243,162,0,0,0,1,8456,227,219,0,0,0,1,3,33.89056122326423,132.757075130939,,,,,,,,,,,,,237,red,9871,8902,18773
89,,9110010,1,20260922,8753,326,0,0,0,0,0,9310,283,0,0,0,0,0,3,33.86399103225591,130.750068,,,,,,,,,,,,,237,red,9079,9593,18672
89,,9110030,1,20260922,16572,672,0,0,0,0,0,17239,651,0,0,0,0,0,3,32.75695803064553,130.688122,,,,,,,,,,,,,237,red,17244,17890,35134
89,,9110040,1,20260922,9221,919,0,0,0,0,0,7914,758,0,0,0,0,0,3,32.565580030358504,130.688167,,,,,,,,,,,,,237,red,10140,8672,18812
89,,9110050,1,20260922,10945,1186,0,0,0,0,0,8316,694,0,0,0,0,0,3,32.50104503026118,130.627862,,,,,,,,,,,,,237,red,12131,9010,21141
89,,9110060,1,20260922,5131,580,0,0,0,0,0,5442,548,0,0,0,0,0,3,31.848210029262603,130.249002,,,,,,,,,,,,,237,red,5711,5990,11701
89,,9110070,1,20260922,3415,138,0,0,0,0,0,3548,139,0,0,0,0,0,3,31.65408502896101,130.444438,,,,,,,,,,,,,237,red,3553,3687,7240
89,,9110110,1,20260922,24299,729,204,0,0,0,0,22262,2297,346,0,0,0,0,3,33.248593781371625,131.5788746,,,,,,,,,,,,,237,red,25232,24905,50137
89,,9110120,1,20260922,233,17,0,0,0,0,0,256,19,0,0,0,0,0,3,32.83826903076675,131.716873,,,,,,,,,,,,,237,red,250,275,525
89,,9110140,1,20260922,7334,769,0,0,0,0,0,6661,782,0,0,0,0,0,3,32.26510002990319,131.560352,,,,,,,,,,,,,237,red,8103,7443,15546
89,,9110150,1,20260922,3642,515,0,0,0,0,0,3599,542,0,0,0,0,0,3,31.853840029271314,131.136144,,,,,,,,,,,,,237,red,4157,4141,8298
89,,9110160,1,20260922,6724,667,41,0,0,0,0,6354,698,35,0,0,0,0,3,31.710555029048958,130.774553,,,,,,,,,,,,,237,red,7432,7087,14519
89,,9110190,1,20260922,7125,896,0,0,0,0,0,6990,777,0,0,0,0,0,3,33.3577350315305,130.488663,,,,,,,,,,,,,237,red,8021,7767,15788
89,,9110200,1,20260922,8593,257,0,0,0,0,0,7902,275,0,0,0,0,0,3,33.19609887129489,130.0312792,,,,,,,,,,,,,237,red,8850,8177,17027
89,,9110230,1,20260922,4155,305,0,0,0,0,0,4014,244,0,0,0,0,0,3,32.95195803093551,131.35466,,,,,,,,,,,,,237,red,4460,4258,8718
89,,9110240,1,20260922,8894,982,0,0,0,0,0,8150,944,0,0,0,0,0,3,33.669370031979355,130.847832,,,,,,,,,,,,,237,red,9876,9094,18970
89,,9110280,1,20260922,7082,341,0,0,0,0,0,6703,333,0,0,0,0,0,3,33.34785503151616,130.0187991,,,,,,,,,,,,,237,red,7423,7036,14459
89,,9110290,1,20260922,6056,207,0,0,0,0,0,6478,233,0,0,0,0,0,3,32.97125925096407,130.445357,,,,,,,,,,,,,237,red,6263,6711,12974
89,,9110300,1,20260922,5761,273,0,0,0,0,0,6071,297,0,0,0,0,0,3,33.14141103121475,130.470721,,,,,,,,,,,,,237,red,6034,6368,12402
89,,9110335,1,20260922,3553,182,0,0,0,0,0,3453,152,0,0,0,0,0,3,31.396273028557452,130.783657,,,,,,,,,,,,,237,red,3735,3605,7340
89,,9110340,1,20260922,5613,355,0,0,0,0,0,5358,316,0,0,0,0,0,3,31.452851608646302,130.7281932,,,,,,,,,,,,,237,red,5968,5674,11642
89,,9310003,1,20260922,6834,556,0,0,0,0,0,10604,585,0,0,0,0,0,3,33.947867982374184,130.968647,,,,,,,,,,,,,237,red,7390,11189,18579
89,,9310015,1,20260922,22108,2247,0,0,0,0,0,21712,2320,0,0,0,0,0,3,33.44660203165923,130.540337,,,,,,,,,,,,,237,red,24355,24032,48387
89,,9310017,1,20260922,8002,534,0,0,0,0,0,7867,505,0,0,0,0,0,3,33.323489031480754,130.523608,,,,,,,,,,,,,237,red,8536,8372,16908
89,,9310020,1,20260922,4679,476,0,0,0,0,0,4308,425,0,0,0,0,0,3,33.11458003117534,130.669176,,,,,,,,,,,,,237,red,5155,4733,9888
89,,9310035,1,20260922,1352,56,0,0,0,0,0,1252,66,0,0,0,0,0,3,32.406040030117445,130.555735,,,,,,,,,,,,,237,red,1408,1318,2726
89,,9310045,1,20260922,6007,374,0,0,0,0,0,5776,268,0,0,0,0,0,3,32.16215502974594,130.36789,,,,,,,,,,,,,237,red,6381,6044,12425
89,,9310050,1,20260922,5733,149,19,0,0,0,0,5385,139,32,0,0,0,0,3,31.714213029054637,130.275752,,,,,,,,,,,,,237,red,5901,5556,11457
89,,9310060,1,20260922,7168,739,155,44,0,0,8,5100,342,53,44,0,0,8,3,32.38562876008649,130.5414069,,,,,,,,,,,,,237,red,8062,5495,13557
89,,9310070,1,20260922,10,1,7300,0,0,165,165,6873,435,172,0,0,0,165,3,31.702321029036145,130.297006,,,,,,,,,,,,,237,red,7311,7480,14791
89,,9310080,1,20260922,10425,537,0,0,0,0,0,9080,456,0,0,0,0,0,3,33.80588903217365,130.960473,,,,,,,,,,,,,237,red,10962,9536,20498
89,,9310085,1,20260922,9376,572,0,0,0,0,0,8596,501,0,0,0,0,0,3,33.54594303180245,131.283198,,,,,,,,,,,,,237,red,9948,9097,19045
89,,9310090,1,20260922,6898,389,0,0,0,0,0,8490,362,0,0,0,0,0,3,33.38094503156419,131.540397,,,,,,,,,,,,,237,red,7287,8852,16139
89,,9310100,1,20260922,15766,775,0,0,0,0,0,14867,927,0,0,0,0,0,3,33.15920703124086,131.651922,,,,,,,,,,,,,237,red,16541,15794,32335
89,,9310115,1,20260922,9232,1350,0,0,0,0,0,8573,1244,0,0,0,0,0,3,31.726570029073855,131.023972,,,,,,,,,,,,,237,red,10582,9817,20399
89,,9310120,1,20260922,13025,799,0,0,0,0,0,11560,782,0,0,0,0,0,3,31.705779029041526,130.613215,,,,,,,,,,,,,237,red,13824,12342,26166
89,,9310125,1,20260922,12946,675,0,0,0,0,0,11966,560,0,0,0,0,0,3,33.21761616132637,130.1637701,,,,,,,,,,,,,237,red,13621,12526,26147
89,,9310127,1,20260922,7524,715,0,0,0,0,0,8716,520,0,0,0,0,0,3,32.91326503087817,130.976239,,,,,,,,,,,,,237,red,8239,9236,17475
89,,9310130,1,20260922,13385,511,0,0,0,0,0,13730,619,0,0,0,4,0,3,32.8754950308221,130.867355,,,,,,,,,,,,,237,red,13896,14349,28245
89,,9310140,1,20260922,16836,1069,0,0,0,0,0,17094,772,0,0,0,0,0,3,32.820198990739854,130.7572925,,,,,,,,,,,,,237,red,17905,17866,35771
89,,9310150,1,20260922,7652,1414,0,0,0,0,0,5677,3220,0,0,0,0,0,3,32.6779330305273,130.55327,,,,,,,,,,,,,237,red,9066,8897,17963
89,,9310155,1,20260922,5644,138,0,0,0,0,0,6954,192,0,0,0,0,0,3,32.76467203065704,130.370667,,,,,,,,,,,,,237,red,5782,7146,12928
89,,9310156,1,20260922,7187,219,0,0,0,0,0,8004,262,0,0,0,0,0,3,32.78536503068792,130.199594,,,,,,,,,,,,,237,red,7406,8266,15672
89,,9310157,1,20260922,7783,496,0,0,0,0,0,7166,363,0,0,0,0,0,3,33.06696517110531,131.6229634,,,,,,,,,,,,,237,red,8279,7529,15808
89,,9310159,1,20260922,4362,322,0,0,0,0,0,4017,268,0,0,0,0,0,3,32.997429031002746,131.434075,,,,,,,,,,,,,237,red,4684,4285,8969
89,,9310165,1,20260922,9923,1545,0,0,0,0,0,10461,1512,0,0,0,0,0,3,33.62969103192261,130.442657,,,,,,,,,,,,,237,red,11468,11973,23441
89,,9310174,1,20260922,17908,1457,0,0,0,0,0,15574,1028,0,0,0,0,0,3,33.6275850319196,130.703907,,,,,,,,,,,,,237,red,19365,16602,35967
89,,9310181,1,20260922,6027,190,0,0,0,0,0,6081,194,0,0,0,0,0,3,33.230906841345785,130.3350523,,,,,,,,,,,,,237,red,6217,6275,12492
89,,9310184,1,20260922,9112,330,0,0,0,0,0,8304,794,0,0,0,0,0,3,32.918079150885305,130.6264597,,,,,,,,,,,,,237,red,9442,9098,18540
89,,9310185,1,20260922,2672,131,0,0,0,0,237,0,0,0,0,0,237,237,3,33.37000946154832,129.9447181,,,,,,,,,,,,,237,red,2803,0,2803
89,,9310187,1,20260922,12259,619,0,0,0,0,0,12818,774,0,0,0,0,0,3,33.504396031742644,130.111167,,,,,,,,,,,,,237,red,12878,13592,26470
89,,9310188,1,20260922,5494,348,0,0,0,0,0,4921,368,0,0,0,0,0,3,33.3383090315023,130.64702,,,,,,,,,,,,,237,red,5842,5289,11131
89,,9310189,1,20260922,4484,283,0,0,0,0,54,4655,289,0,0,0,0,54,3,33.06535003110294,129.833592,,,,,,,,,,,,,237,red,4767,4944,9711
89,,9310191,1,20260922,9632,416,0,0,0,0,0,10051,470,0,0,0,0,0,3,33.18514003127884,130.387366,,,,,,,,,,,,,237,red,10048,10521,20569
89,,9310192,1,20260922,8074,368,0,0,0,0,0,7178,2174,0,0,0,0,0,3,33.20214803130375,130.361827,,,,,,,,,,,,,237,red,8442,9352,17794
89,,9310193,1,20260922,4519,2374,0,0,0,0,0,6112,319,0,0,0,0,0,3,33.20855403131311,130.343385,,,,,,,,,,,,,237,red,6893,6431,13324
89,,9310195,1,20260922,8619,420,0,0,0,0,0,7683,345,0,0,0,0,0,3,33.32086003147692,130.863524,,,,,,,,,,,,,237,red,9039,8028,17067
89,,9310200,1,20260922,4449,249,0,0,0,0,0,4842,248,0,0,0,0,0,3,33.250128031373855,131.295812,,,,,,,,,,,,,237,red,4698,5090,9788
89,,9310205,1,20260922,5921,404,0,0,0,0,0,6654,453,0,0,0,0,0,3,33.19671903129579,131.498216,,,,,,,,,,,,,237,red,6325,7107,13432
89,,9310210,1,20260922,11852,372,0,0,0,0,0,10968,239,0,0,0,0,0,3,31.816050029212782,131.442962,,,,,,,,,,,,,237,red,12224,11207,23431
89,,9310217,1,20260922,3169,176,0,0,0,0,0,3295,175,0,0,0,0,0,3,31.417765998591218,130.99969040000002,,,,,,,,,,,,,237,red,3345,3470,6815
89,,9310218,1,20260922,6289,270,0,0,0,0,0,6688,307,0,0,0,0,0,3,31.377286028527593,130.545285,,,,,,,,,,,,,237,red,6559,6995,13554
89,,9310219,1,20260922,2810,172,0,0,0,0,0,2704,173,0,0,0,0,0,3,31.56571802882308,130.617867,,,,,,,,,,,,,237,red,2982,2877,5859
89,,9310220,1,20260922,8968,426,0,0,0,0,0,8810,462,0,0,0,0,0,3,33.43104381163675,130.0480662,,,,,,,,,,,,,237,red,9394,9272,18666
89,,9310470,1,20260922,5025,535,74,0,0,0,0,4188,304,61,0,0,0,0,3,32.24423502987137,130.476053,,,,,,,,,,,,,237,red,5634,4553,10187
89,,9310480,1,20260922,4758,592,0,0,0,0,0,3988,350,0,0,0,0,0,3,32.21685802982958,130.428031,,,,,,,,,,,,,237,red,5350,4338,9688
89,,9310520,1,20260922,5242,319,0,0,0,0,0,5200,249,0,0,0,0,0,3,32.102630029654726,130.326106,,,,,,,,,,,,,237,red,5561,5449,11010
89,,9310530,1,20260922,6004,346,0,0,0,0,0,5868,267,0,0,0,0,0,3,32.08242202962371,130.292812,,,,,,,,,,,,,237,red,6350,6135,12485
89,,9310540,1,20260922,5528,368,0,0,0,0,0,4961,263,0,0,0,0,0,3,32.07232702960822,130.26224,,,,,,,,,,,,,237,red,5896,5224,11120
89,,9310600,1,20260922,2992,408,0,0,0,0,0,3222,300,0,0,0,0,0,3,31.84607502925929,130.257831,,,,,,,,,,,,,237,red,3400,3522,6922
89,,9310610,1,20260922,0,0,0,0,0,237,237,3331,325,0,0,0,0,237,3,31.804655029195118,130.283522,,,,,,,,,,,,,237,red,0,3656,3656
89,,9310620,1,20260922,6897,400,0,0,0,0,0,6883,406,0,0,0,0,0,3,31.759537029125095,130.304217,,,,,,,,,,,,,237,red,7297,7289,14586
89,,9310627,1,20260922,7370,374,0,0,0,0,0,8030,389,0,0,0,0,0,3,33.46078103167972,130.044889,,,,,,,,,,,,,237,red,7744,8419,16163
89,,9310630,1,20260922,8271,461,0,0,0,0,0,7298,376,0,0,0,0,0,3,33.414414111612686,129.9958886,,,,,,,,,,,,,237,red,8732,7674,16406
89,,9310640,1,20260922,9178,472,0,0,0,0,0,8481,401,0,0,0,0,0,3,33.391371311579306,129.9347973,,,,,,,,,,,,,237,red,9650,8882,18532
89,,9310650,1,20260922,9018,638,0,0,0,0,0,8523,433,0,0,0,0,0,3,33.37966119156232,129.933567,,,,,,,,,,,,,237,red,9656,8956,18612
89,,9310660,1,20260922,6837,307,0,0,0,0,0,6301,265,0,0,0,0,0,3,33.30074103144764,129.915058,,,,,,,,,,,,,237,red,7144,6566,13710
89,,9310710,1,20260922,0,0,0,0,0,237,237,3779,607,0,0,0,0,237,3,33.323471851480726,129.8060041,,,,,,,,,,,,,237,red,0,4386,4386
89,,9310730,1,20260922,4470,221,0,0,0,0,0,4220,204,0,0,0,0,0,3,33.34824903151674,129.729277,,,,,,,,,,,,,237,red,4691,4424,9115
89,,9310740,1,20260922,2228,142,0,0,0,0,0,2234,129,0,0,0,0,0,3,33.34295921550905,129.672585536,,,,,,,,,,,,,237,red,2370,2363,4733
89,,9360270,1,20260922,5741,531,0,0,0,0,0,4910,333,0,0,0,0,0,1,32.93848103091554,131.866353,,,,,,,,,,,,,237,red,6272,5243,11515
89,,9360280,1,20260922,6017,532,0,0,0,0,0,5351,386,0,0,0,0,0,1,32.895717030852126,131.864089,,,,,,,,,,,,,237,red,6549,5737,12286
89,,9360290,1,20260922,5440,412,0,0,0,0,0,4898,267,0,0,0,0,0,1,32.80165203071222,131.87728,,,,,,,,,,,,,237,red,5852,5165,11017
89,,9360300,1,20260922,5367,398,0,0,0,0,0,4825,243,0,0,0,0,0,1,32.72780503060196,131.827089,,,,,,,,,,,,,237,red,5765,5068,10833
89,,9360310,1,20260922,5650,393,0,0,0,0,0,5189,248,0,0,0,0,0,1,32.708018030572354,131.811346,,,,,,,,,,,,,237,red,6043,5437,11480
89,,9360320,1,20260922,5958,409,0,0,0,0,0,5668,266,0,0,0,0,0,1,32.66071403050147,131.702707,,,,,,,,,,,,,237,red,6367,5934,12301
89,,9360330,1,20260922,5689,445,0,0,0,0,0,5213,370,0,0,0,0,0,3,32.67533903052341,131.725922,,,,,,,,,,,,,237,red,6134,5583,11717
89,,9360340,1,20260922,8396,617,0,0,0,0,0,8820,486,0,0,0,0,0,3,32.544601030326895,131.648426,,,,,,,,,,,,,237,red,9013,9306,18319
89,,9360350,1,20260922,5889,281,0,0,0,0,0,5263,228,0,0,0,0,0,1,31.69283102902137,131.379337,,,,,,,,,,,,,237,red,6170,5491,11661
89,,9360360,1,20260922,5437,299,0,0,0,0,0,4985,233,0,0,0,0,0,1,31.626655028918243,131.387644,,,,,,,,,,,,,237,red,5736,5218,10954
89,,9360380,1,20260922,2309,211,0,0,0,0,0,2217,152,0,0,0,0,0,1,31.48338302869418,131.081995,,,,,,,,,,,,,237,red,2520,2369,4889
89,,9360385,1,20260922,2587,325,0,0,0,0,0,2670,294,0,0,0,0,0,1,31.46605602866702,131.053459,,,,,,,,,,,,,237,red,2912,2964,5876
89,,9360390,1,20260922,2621,275,0,0,0,0,0,2840,262,0,0,0,0,0,1,31.445310028634466,130.99415,,,,,,,,,,,,,237,red,2896,3102,5998
89,,9360400,1,20260922,4983,494,0,0,0,0,0,4636,461,0,0,0,0,0,1,31.466282028667365,130.90009,,,,,,,,,,,,,237,red,5477,5097,10574
89,,9360410,1,20260922,4427,425,0,0,0,0,0,4285,462,0,0,0,0,0,1,31.521020028753135,130.93081,,,,,,,,,,,,,237,red,4852,4747,9599
89,,9360420,1,20260922,4414,402,0,0,0,0,0,4459,459,0,0,0,0,0,1,31.615248748900434,130.9538662,,,,,,,,,,,,,237,red,4816,4918,9734
89,,9360430,1,20260922,5047,264,0,0,0,0,0,4144,241,0,0,0,0,0,1,32.749633030634584,130.866625,,,,,,,,,,,,,237,red,5311,4385,9696
89,,9360440,1,20260922,5161,287,0,0,0,0,0,4248,235,0,0,0,0,0,1,32.741409030622286,130.89194,,,,,,,,,,,,,237,red,5448,4483,9931
89,,9360443,1,20260922,4768,192,0,0,0,0,0,4002,159,0,0,0,0,0,1,32.73097603060669,130.938429,,,,,,,,,,,,,237,red,4960,4161,9121
89,,9360465,1,20260922,4738,229,0,0,0,0,0,5175,214,0,0,0,0,0,3,32.69277003054952,131.345815,,,,,,,,,,,,,237,red,4967,5389,10356
89,,9360467,1,20260922,4853,263,0,0,0,0,0,5354,269,0,0,0,0,0,3,32.67691003052576,131.36226,,,,,,,,,,,,,237,red,5116,5623,10739
89,,9360470,1,20260922,4856,210,0,0,0,0,0,5795,230,0,0,0,0,0,3,32.587591030391636,131.509484,,,,,,,,,,,,,237,red,5066,6025,11091
90,,10110010,1,20260922,10103,452,0,0,0,0,0,10455,498,0,0,0,0,0,3,26.525846020561954,127.924665,,,,,,,,,,,,,237,red,10555,10953,21508
90,,10110030,1,20260922,24184,699,0,0,0,0,0,25758,971,0,0,0,0,0,3,26.27496950463181,127.741287946701,,,,,,,,,,,,,237,red,24883,26729,51612
90,,10110040,1,20260922,5325,264,0,0,0,0,0,6340,223,0,0,0,0,0,3,26.47501802047749,127.955092,,,,,,,,,,,,,237,red,5589,6563,12152
90,,10110060,1,20260922,12530,1224,0,1,0,0,1,12486,907,0,1,0,0,1,3,26.28023651673024,127.81364321708601,,,,,,,,,,,,,237,red,13754,13393,27147
90,,10110070,1,20260922,12536,617,0,0,0,0,0,12668,630,0,0,0,0,0,3,26.200277295979053,127.66189455985999,,,,,,,,,,,,,237,red,13153,13298,26451
90,,10110090,1,20260922,16901,982,0,0,0,0,0,16780,787,0,0,0,0,0,3,26.1754430532393,127.706499695777,,,,,,,,,,,,,237,red,17883,17567,35450
81,02,1810010,1,20260922,10391,1052,0,,,,,3,23,0,,,,,3,41.996809040234545,140.63609,,,0,0,0,0,0,0,0,0,0,0,234,blue,11443,26,11469
81,02,1810020,1,20260922,5472,599,0,,,,,5993,553,0,,,,,3,42.079752040271956,140.596961,,,0,0,0,0,0,0,0,0,0,0,234,blue,6071,6546,12617
81,02,1810030,1,20260922,,,,,,,,,,,,,,,3,42.18194404031664,140.438889,,,1,0,0,0,0,2,2,0,0,0,234,blue,0,0,0
81,02,1810040,1,20260922,5986,759,0,,,,,4971,561,0,,,,,3,42.21583304033111,140.385,,,0,0,0,0,0,0,0,0,0,0,234,blue,6745,5532,12277
81,02,1810050,1,20260922,4057,507,0,,,,,3687,468,0,,,,,3,42.29972204036625,140.271667,,,0,0,0,0,0,0,0,0,0,2,234,blue,4564,4155,8719
81,03,1810060,1,20260922,1744,101,0,,,,,1775,135,0,,,,,3,42.70250004052043,140.42222,,,0,0,0,0,0,0,0,0,0,0,234,blue,1845,1910,3755
81,03,1810070,1,20260922,2201,153,0,,,,,2280,265,0,,,,,3,42.805277040555936,140.52666,,,0,0,0,0,0,0,0,0,0,0,234,blue,2354,2545,4899
81,03,1810080,1,20260922,1546,355,0,,,,,1016,165,0,,,,,3,42.79952604055398,140.700552,,,0,0,0,0,0,0,0,0,0,109,234,blue,1901,1181,3082
81,03,1810100,1,20260922,4600,457,0,,,,,5179,590,0,,,,,3,43.037777040630445,140.678611,,,0,0,0,0,0,0,0,0,0,0,234,blue,5057,5769,10826
81,03,1810110,1,20260922,6973,409,0,,,,,8012,510,0,,,,,3,43.20720804067966,140.975798,,,0,0,0,0,0,0,0,0,0,0,234,blue,7382,8522,15904
81,03,1810120,1,20260922,13194,559,0,,,,,15834,470,0,,,,,3,43.177556040671355,141.041001,,,0,0,0,0,0,0,0,0,0,0,234,blue,13753,16304,30057
81,02,1810130,1,20260922,11702,477,0,,,,,8224,406,0,,,,,3,41.88166704018098,140.720833,,,0,0,0,0,0,0,0,0,0,0,234,blue,12179,8630,20809
81,02,1810140,1,20260922,3342,155,0,,,,,7111,391,0,,,,,3,41.922053040199984,140.673037,,,0,0,0,0,0,0,0,0,0,0,234,blue,3497,7502,10999
81,01,1810160,1,20260922,2452,165,0,,,,,3450,140,0,,,,,3,43.575214040771755,141.936064,,,0,0,0,0,0,0,0,0,0,0,234,blue,2617,3590,6207
81,04,1810180,1,20260922,7068,322,0,,,,,13784,1167,0,,,,,3,43.75523899023857,142.273832256632,,,0,0,0,0,0,0,0,0,0,0,234,blue,7390,14951,22341
81,01,1810200,1,20260922,,,,,,,,,,,,,,,3,42.92800104059627,141.532244,,,1,0,0,0,0,0,0,0,0,0,234,blue,0,0,0
81,01,1810210,1,20260922,5401,431,0,,,,,3012,235,0,,,,,3,42.86212604057491,141.599922,,,0,0,0,0,0,0,0,0,0,3,234,blue,5832,3247,9079
81,05,1810220,1,20260922,,,,,,,,,,,,,,,3,42.736385040532305,141.709144,,,1,0,0,0,0,0,0,0,0,0,234,blue,0,0,0
81,05,1810240,1,20260922,6301,311,0,,,,,7023,268,0,,,,,3,42.44474904042452,141.159993,,,0,0,0,0,0,0,0,0,0,0,234,blue,6612,7291,13903
81,05,1810250,1,20260922,7507,149,0,,,,,6249,157,0,,,,,3,42.32896604037825,140.996368,,,0,0,0,0,0,0,0,0,0,0,234,blue,7656,6406,14062
81,02,1810260,1,20260922,3400,244,0,,,,,3012,175,0,,,,,3,42.59861104048294,140.461667,,,0,0,0,0,0,0,0,0,0,0,234,blue,3644,3187,6831
81,05,1810270,1,20260922,3823,370,0,,,,,3754,320,0,,,,,3,42.59319704048096,140.520753,,,0,0,0,0,0,0,0,0,0,0,234,blue,4193,4074,8267
81,05,1810280,1,20260922,3953,269,0,,,,,3718,281,0,,,,,3,42.59372804048115,140.535945,,,0,0,0,0,0,0,0,0,0,0,234,blue,4222,3999,8221
81,05,1810290,1,20260922,235,0,0,,,,,1821,178,0,,,,,3,42.56267604046962,140.742626,,,0,0,0,0,0,0,0,0,0,0,234,blue,235,1999,2234
81,01,1810310,1,20260922,,,,,,,,,,,,,,,3,43.57408404077149,141.983838,,,1,,,,,,,,,,234,blue,0,0,0
81,01,1810320,1,20260922,,,,,,,,,,,,,,,3,43.47080004074768,142.266721,,,1,,,,,,,,,,234,blue,0,0,0
81,04,1810350,1,20260922,1678,144,0,,,,,1668,121,0,,,,,3,43.197272411385796,142.57548514343702,,,0,0,0,0,0,0,0,0,0,73,234,blue,1822,1789,3611
81,07,1810360,1,20260922,529,22,0,,,,,513,29,0,,,,,3,43.15712704066555,142.786825,,,0,0,0,0,0,0,0,0,0,184,234,blue,551,542,1093
81,07,1810370,1,20260922,2037,352,0,,,,,1956,272,0,,,,,3,42.814306040558975,143.51125,,,0,0,0,0,0,0,0,0,0,0,234,blue,2389,2228,4617
81,07,1810380,1,20260922,,,,,,,,,,,,,,,3,42.82083104056116,143.71063,,,1,0,0,0,0,1,1,0,0,0,234,blue,0,0,0
81,06,1810390,1,20260922,,,,,,,,,,,,,,,3,42.86448904057567,143.874907,,,1,0,0,0,0,0,0,0,0,0,234,blue,0,0,0
81,06,1810400,1,20260922,,,,,,,,,,,,,,,3,43.00508004062045,144.254672,,,1,0,0,0,0,0,0,0,0,0,234,blue,0,0,0
81,06,1810410,1,20260922,,,,,,,,,,,,,,,3,43.0195510406249,144.257695,,,1,0,0,0,0,0,0,0,0,0,234,blue,0,0,0
81,06,1810420,1,20260922,6149,250,0,,,,,6287,184,0,,,,,3,43.00768404062126,144.364725,,,0,0,0,0,0,0,0,0,0,0,234,blue,6399,6471,12870
81,04,1810430,1,20260922,1619,186,0,,,,,1260,133,0,,,,,3,43.89533772001418,142.522262332469,,,0,0,0,0,0,0,0,0,0,0,234,blue,1805,1393,3198
81,08,1810460,1,20260922,3168,489,0,,,,,2772,451,0,,,,,3,43.88484504083343,144.001818,,,0,0,0,0,0,0,0,0,0,44,234,blue,3657,3223,6880
81,08,1810480,1,20260922,,,,,,,,,,,,,,,3,43.91366204083846,144.156572,,,1,0,0,0,0,0,0,0,0,51,234,blue,0,0,0
81,04,1810490,1,20260922,4105,417,0,,,,,3742,366,0,,,,,3,43.84734151228824,142.449476813803,,,0,0,0,0,0,0,0,0,0,0,234,blue,4522,4108,8630
81,04,1810500,1,20260922,2872,257,0,,,,,2289,189,0,,,,,3,44.091634905591874,142.391293207353,,,0,0,0,0,0,0,0,0,0,2,234,blue,3129,2478,5607
81,04,1810510,1,20260922,1555,249,0,,,,,1142,191,0,,,,,3,44.70483751674948,142.274019195489,,,0,0,0,0,0,0,0,0,0,9,234,blue,1804,1333,3137
81,04,1810520,1,20260922,192,18,0,,,,,139,9,0,,,,,3,44.72277804092767,142.249444,,,0,0,0,0,0,0,0,0,0,60,234,blue,210,148,358
81,09,1810530,1,20260922,951,202,0,,,,,1036,208,0,,,,,3,44.89642004093388,141.953541,,,0,0,0,0,0,0,0,0,0,1,234,blue,1153,1244,2397
81,10,1810540,1,20260922,0,0,0,,,,,104,34,0,,,,,3,45.02095404093553,141.771843,,,0,0,0,0,0,0,0,0,0,0,234,blue,0,138,138
81,10,1810550,1,20260922,507,63,0,,,,,491,57,0,,,,,3,45.1450290409348,141.751626,,,0,0,0,0,0,0,0,0,0,30,234,blue,570,548,1118
81,10,1810560,1,20260922,,,,,,,,,,,,,,,3,45.22646604093306,141.745387,,,1,,,,,,,,,,234,blue,0,0,0
81,10,1810570,1,20260922,1047,100,0,,,,,1206,98,0,,,,,3,45.11301904093522,141.794418,,,0,0,0,0,0,0,0,0,0,0,234,blue,1147,1304,2451
81,06,1810580,1,20260922,5472,198,0,,,,,5866,142,0,,,,,3,42.9878210406151,144.393418,,,0,0,0,0,0,0,0,0,0,0,234,blue,5670,6008,11678
81,06,1810590,1,20260922,,,,,,,,,,,,,,,3,43.05774504063647,144.791279,,,1,0,0,0,0,0,0,0,0,0,234,blue,0,0,0
81,06,1810600,1,20260922,3553,419,0,,,,,3552,232,0,,,,,3,43.05804004063655,144.830749,,,0,0,0,0,0,0,0,0,0,0,234,blue,3972,3784,7756
81,06,1810610,1,20260922,,,,,,,,,,,,,,,3,43.282406040700124,145.50731400000004,,,1,0,0,0,0,0,0,0,0,0,234,blue,0,0,0
81,02,1810620,1,20260922,1832,280,0,,,,,1671,217,0,,,,,3,41.95083004021339,140.45583300000004,,,0,0,0,0,0,0,0,0,0,0,234,blue,2112,1888,4000
81,02,1810630,1,20260922,1803,88,0,,,,,1584,76,0,,,,,3,41.77072204012754,140.613139,,,0,0,0,0,0,0,0,0,0,0,234,blue,1891,1660,3551
81,02,1810640,1,20260922,,,,,,,,,,,,,,,3,41.666445040075686,140.434972,,,1,0,0,0,0,0,0,0,0,0,234,blue,0,0,0
81,02,1810650,1,20260922,2362,203,0,,,,,2252,120,0,,,,,3,41.624898040054596,140.429715,,,0,0,0,0,0,0,0,0,0,0,234,blue,2565,2372,4937
81,02,1810660,1,20260922,1172,107,0,,,,,1159,107,0,,,,,3,41.49941703998935,140.249306,,,0,0,0,0,0,0,0,0,0,0,234,blue,1279,1266,2545
81,02,1810670,1,20260922,,,,,,,,,,,,,,,3,41.40202103993715,140.185625,,,1,0,0,0,0,1,1,0,0,0,234,blue,0,0,0
81,02,1810680,1,20260922,1135,142,0,,,,,1143,78,0,,,,,3,41.43166703995318,140.128056,,,0,0,0,0,0,0,0,0,0,0,234,blue,1277,1221,2498
81,02,1810690,1,20260922,521,30,0,,,,,585,86,0,,,,,3,41.71166704009836,140.027778,,,0,0,0,0,0,0,0,0,0,0,234,blue,551,671,1222
81,02,1810700,1,20260922,1885,214,0,,,,,2124,211,0,,,,,3,41.84777804016484,140.12472200000002,,,0,0,0,0,0,0,0,0,0,0,234,blue,2099,2335,4434
81,02,1810710,1,20260922,,,,,,,,,,,,,,,3,41.84277804016245,140.732222,,,1,0,0,0,0,0,0,0,0,0,234,blue,0,0,0
81,02,1810720,1,20260922,,,,,,,,,,,,,,,3,41.83613904015928,140.64875,,,1,0,0,0,0,0,0,0,0,0,234,blue,0,0,0
81,02,1810730,1,20260922,,,,,,,,,,,,,,,3,41.78055604013235,140.61055600000003,,,1,0,0,0,0,0,0,0,0,0,234,blue,0,0,0
81,03,1810750,1,20260922,3256,127,0,,,,,3175,86,0,,,,,3,43.2287050406856,140.73446400000003,,,0,0,0,0,0,0,0,0,0,0,234,blue,3383,3261,6644
81,03,1810760,1,20260922,2292,69,0,,,,,2177,90,0,,,,,3,43.280277040699566,140.6375,,,0,0,0,0,0,0,0,0,0,0,234,blue,2361,2267,4628
81,03,1810780,1,20260922,1291,51,0,,,,,1192,33,0,,,,,3,43.328914040712355,140.422613,,,0,0,0,0,0,0,0,0,0,0,234,blue,1342,1225,2567
81,03,1810790,1,20260922,,,,,,,,,,,,,,,3,43.19878704067732,140.346959,,,1,0,0,0,0,0,0,0,0,0,234,blue,0,0,0
81,03,1810800,1,20260922,1473,119,0,,,,,1359,139,0,,,,,3,43.04480504063257,140.505833,,,0,0,0,0,0,0,0,0,0,0,234,blue,1592,1498,3090
81,03,1810810,1,20260922,,,,,,,,,,,,,,,3,43.02277704062587,140.548333,,,1,,,,,,,,,,234,blue,0,0,0
81,03,1810820,1,20260922,3092,585,0,,,,,3824,573,0,,,,,3,42.99750304061811,140.538303,,,0,0,0,0,0,0,0,0,0,0,234,blue,3677,4397,8074
81,03,1810830,1,20260922,2780,316,0,,,,,2638,255,0,,,,,3,42.981000040613,140.511333,,,0,0,0,0,0,0,0,0,0,0,234,blue,3096,2893,5989
81,03,1810840,1,20260922,1332,147,0,,,,,0,0,0,,,,,3,42.93163404059743,140.409415,,,0,0,0,0,0,0,0,0,0,0,234,blue,1479,0,1479
81,03,1810850,1,20260922,,,,,,,,,,,,,,,3,42.83094404056455,140.308974,,,1,0,0,0,0,0,0,0,0,0,234,blue,0,0,0
81,03,1810860,1,20260922,3,0,0,,,,,1067,277,0,,,,,3,42.818297040560324,140.184051,,,0,0,0,0,0,0,0,0,0,0,234,blue,3,1344,1347
81,03,1810870,1,20260922,380,85,0,,,,,261,55,0,,,,,3,42.68444404051404,139.919444,,,0,0,0,0,0,0,0,0,0,0,234,blue,465,316,781
81,02,1810880,1,20260922,294,28,0,,,,,217,8,0,,,,,3,42.57583304047453,139.832222,,,0,0,0,0,0,0,0,0,0,0,234,blue,322,225,547
81,02,1810890,1,20260922,460,43,0,,,,,425,31,0,,,,,3,42.17250004031257,139.899444,,,0,0,0,0,0,0,0,0,0,0,234,blue,503,456,959
81,02,1810900,1,20260922,472,39,0,,,,,507,56,0,,,,,3,42.21750004033183,139.868333,,,0,0,0,0,0,0,0,0,0,0,234,blue,511,563,1074
81,02,1810910,1,20260922,911,90,0,,,,,884,52,0,,,,,3,42.11918804028937,140.016837,,,0,0,0,0,0,0,0,0,0,0,234,blue,1001,936,1937
81,02,1810920,1,20260922,,,,,,,,,,,,,,,3,41.97324904022374,140.139624,,,1,0,0,0,0,0,0,0,0,0,234,blue,0,0,0
81,01,1810940,1,20260922,,,,,,,,,,,,,,,3,43.001256040619275,141.339621,,,1,0,0,0,0,0,0,0,0,0,234,blue,0,0,0
81,01,1810950,1,20260922,,,,,,,,,,,,,,,3,42.999192040618645,141.337588,,,1,0,0,0,0,0,0,0,0,0,234,blue,0,0,0
81,01,1810960,1,20260922,6654,230,0,,,,,5223,136,0,,,,,3,42.9536270406044,141.151206,,,0,0,0,0,0,0,0,0,0,11,234,blue,6884,5359,12243
81,01,1810970,1,20260922,,,,,,,,,,,,,,,3,42.883263040581824,141.139985,,,1,,,,,,,,,,234,blue,0,0,0
81,03,1810980,1,20260922,1741,46,0,,,,,654,42,0,,,,,3,42.69444404051758,140.839722,,,0,0,0,0,0,0,0,0,0,67,234,blue,1787,696,2483
81,01,1811010,1,20260922,,,,,,,,,,,,,,,3,43.161847040666906,141.353771,,,1,0,0,0,0,0,0,0,0,104,234,blue,0,0,0
81,01,1811020,1,20260922,,,,,,,,,,,,,,,3,43.183375040672985,141.323859,,,1,0,0,0,0,0,0,0,0,0,234,blue,0,0,0
81,01,1811030,1,20260922,,,,,,,,,,,,,,,3,43.22320404068409,141.345058,,,1,0,0,0,0,0,0,0,0,1,234,blue,0,0,0
81,01,1811040,1,20260922,2732,168,0,,,,,2490,145,0,,,,,3,43.39904804073019,141.436259,,,0,0,0,0,0,0,0,0,0,7,234,blue,2900,2635,5535
81,09,1811050,1,20260922,,,,,,,,,,,,,,,3,43.75429004080918,141.350733,,,1,0,0,0,0,0,0,0,0,4,234,blue,0,0,0
81,09,1811060,1,20260922,,,,,,,,,,,,,,,3,44.96648604093511,141.761931,,,1,0,0,0,0,0,0,0,0,5,234,blue,0,0,0
81,09,1811080,1,20260922,,,,,,,,,,,,,,,3,44.80492204093118,141.785854,,,1,0,0,0,0,0,0,0,0,0,234,blue,0,0,0
81,09,1811090,1,20260922,,,,,,,,,,,,,,,3,44.64226604092325,141.79398,,,1,0,0,0,0,0,0,0,0,0,234,blue,0,0,0
81,09,1811110,1,20260922,,,,,,,,,,,,,,,3,44.37405804090138,141.71125400000003,,,1,0,0,0,0,0,0,0,0,8,234,blue,0,0,0
81,09,1811120,1,20260922,482,21,0,,,,,3192,210,0,,,,,3,44.255796040888285,141.656338,,,0,0,0,0,0,0,0,0,0,6,234,blue,503,3402,3905
81,09,1811130,1,20260922,,,,,,,,,,,,,,,3,44.07063104086351,141.663029,,,1,0,0,0,0,0,0,0,0,3,234,blue,0,0,0
81,09,1811150,1,20260922,2770,218,0,,,,,3018,240,0,,,,,3,43.94678404084405,141.651833,,,0,0,0,0,0,0,0,0,0,9,234,blue,2988,3258,6246
81,09,1811160,1,20260922,,,,,,,,,,,,,,,3,43.832161040823955,141.829941,,,1,0,0,0,0,0,0,0,0,4,234,blue,0,0,0
81,09,1811170,1,20260922,,,,,,,,,,,,,,,3,43.849231040827085,141.814442,,,1,0,0,0,0,0,0,0,0,0,234,blue,0,0,0
81,09,1811180,1,20260922,485,41,0,,,,,534,65,0,,,,,3,43.874433040831605,141.738524,,,0,0,0,0,0,0,0,0,0,2,234,blue,526,599,1125
81,09,1811190,1,20260922,,,,,,,,,,,,,,,3,43.91902504083936,141.685028,,,1,0,0,0,0,0,0,0,0,4,234,blue,0,0,0
81,09,1811200,1,20260922,3417,278,0,,,,,2962,410,0,,,,,3,43.887433040833905,141.711544,,,0,0,0,0,0,0,0,0,0,5,234,blue,3695,3372,7067
81,01,1811210,1,20260922,,,,,,,,,,,,,,,3,43.19164404067532,141.764248,,,1,,,,,,,,,,234,blue,0,0,0
81,01,1811220,1,20260922,,,,,,,,,,,,,,,3,42.898883040586895,141.813884,,,1,0,0,0,0,0,0,0,0,108,234,blue,0,0,0
81,05,1811230,1,20260922,2937,289,0,,,,,2858,480,0,,,,,3,42.885113040582425,141.812065,,,0,0,0,0,0,0,0,0,0,0,234,blue,3226,3338,6564
81,05,1811240,1,20260922,,,,,,,,,,,,,,,3,42.76319504054159,141.812586,,,1,0,0,0,0,0,0,0,0,0,234,blue,0,0,0
81,05,1811250,1,20260922,,,,,,,,,,,,,,,3,42.55317704046606,141.981715,,,1,0,0,0,0,0,0,0,0,114,234,blue,0,0,0
81,05,1811260,1,20260922,3777,279,0,,,,,3470,158,0,,,,,3,42.16916704031112,142.768611,,,0,0,0,0,0,0,0,0,0,0,234,blue,4056,3628,7684
81,05,1811270,1,20260922,3392,305,0,,,,,3155,224,0,,,,,3,42.50615204044825,142.070834,,,0,0,0,0,0,0,0,0,0,0,234,blue,3697,3379,7076
81,07,1811280,1,20260922,1115,88,0,,,,,320,24,0,,,,,3,42.58422604047764,143.30053,,,0,0,0,0,0,0,0,0,0,0,234,blue,1203,344,1547
81,07,1811290,1,20260922,390,20,0,,,,,405,39,0,,,,,3,42.3768230403976,143.061454,,,0,0,0,0,0,58,58,0,0,3,234,blue,410,444,854
81,04,1811320,1,20260922,,,,,,,,,,,,,,,3,43.60527804077837,142.469167,,,1,0,0,0,0,0,0,0,0,2,234,blue,0,0,0
81,04,1811330,1,20260922,4909,383,0,,,,,4845,286,0,,,,,3,43.560996966472565,142.4353437615,,,0,0,0,0,0,0,0,0,0,1,234,blue,5292,5131,10423
81,08,1811370,1,20260922,324,25,0,,,,,306,24,0,,,,,3,44.09975304086775,143.867897,,,0,0,0,0,0,0,0,0,0,168,234,blue,349,330,679
81,08,1811380,1,20260922,942,133,0,,,,,739,121,0,,,,,3,44.12070404087072,143.72058,,,0,0,0,0,0,0,0,0,0,108,234,blue,1075,860,1935
81,08,1811390,1,20260922,2617,358,0,,,,,2525,317,0,,,,,3,44.364948040900465,143.334896,,,0,0,0,0,0,0,0,0,0,0,234,blue,2975,2842,5817
81,10,1811400,1,20260922,,,,,,,,,,,,,,,3,44.77764204093013,142.721902,,,1,0,0,0,0,0,0,0,0,14,234,blue,0,0,0
81,10,1811410,1,20260922,978,224,0,,,,,838,257,0,,,,,3,45.361691040927944,142.122166,,,0,0,0,0,0,0,0,0,0,0,234,blue,1202,1095,2297
81,10,1811420,1,20260922,0,0,0,,,,,1588,80,0,,,,,3,45.43710504092389,141.862347,,,0,0,0,0,0,0,0,0,0,114,234,blue,0,1668,1668
81,08,1811430,1,20260922,520,52,0,,,,,656,60,0,,,,,3,44.40500204090447,143.017708,,,0,0,0,0,0,0,0,0,0,0,234,blue,572,716,1288
81,04,1811440,1,20260922,450,40,0,,,,,577,52,0,,,,,3,44.31599186248862,142.78318613417,,,0,0,0,0,0,0,0,0,0,43,234,blue,490,629,1119
81,04,1811450,1,20260922,525,74,0,,,,,360,73,0,,,,,3,44.18218514890566,142.3067879962,,,0,0,0,0,0,0,0,0,0,4,234,blue,599,433,1032
81,09,1811460,1,20260922,,,,,,,,,,,,,,,3,44.20144804088155,142.034387,,,1,0,0,0,0,0,0,0,0,1,234,blue,0,0,0
81,06,1811490,1,20260922,,,,,,,,,,,,,,,3,43.28312104070033,144.106479,,,1,0,0,0,0,0,0,0,0,0,234,blue,0,0,0
81,06,1811500,1,20260922,1057,158,0,,,,,949,105,0,,,,,3,43.45847504074473,144.008366,,,0,0,0,0,0,0,0,0,0,0,234,blue,1215,1054,2269
81,08,1811520,1,20260922,1755,167,0,,,,,2059,227,0,,,,,3,44.16231304087643,143.57881,,,0,0,0,0,0,0,0,0,0,1,234,blue,1922,2286,4208
81,08,1811530,1,20260922,2181,221,0,,,,,2143,186,0,,,,,3,44.13401504087257,143.561357,,,0,0,0,0,0,0,0,0,0,0,234,blue,2402,2329,4731
81,08,1811540,1,20260922,,,,,,,,,,,,,,,3,43.81153304082013,143.553741,,,1,0,0,0,0,0,0,0,0,44,234,blue,0,0,0
81,07,1811550,1,20260922,172,25,0,,,,,196,32,0,,,,,3,43.614803040780444,143.623559,,,0,0,0,0,0,0,0,0,0,0,234,blue,197,228,425
81,07,1811560,1,20260922,1931,206,0,,,,,2542,297,0,,,,,3,42.950446040603396,143.426823,,,0,0,0,0,0,0,0,0,0,0,234,blue,2137,2839,4976
81,07,1811570,1,20260922,527,34,0,,,,,4640,276,0,,,,,3,42.91920004059345,143.382799,,,0,0,0,0,0,0,0,0,0,0,234,blue,561,4916,5477
81,06,1811580,1,20260922,6,1,0,,,,,1273,72,0,,,,,3,43.65168204078832,144.260814,,,0,0,0,0,0,0,0,0,0,0,234,blue,7,1345,1352
81,06,1811590,1,20260922,1342,99,0,,,,,1198,107,0,,,,,3,43.48222204075039,144.542778,,,0,0,0,0,0,0,0,0,0,0,234,blue,1441,1305,2746
81,06,1811600,1,20260922,520,68,0,,,,,593,99,0,,,,,3,43.415912040734376,144.740463,,,0,0,0,0,0,0,0,0,0,0,234,blue,588,692,1280
81,08,1811610,1,20260922,2958,206,0,,,,,2758,144,0,,,,,3,43.96614504084723,144.326697,,,0,0,0,0,0,1,1,0,0,0,234,blue,3164,2902,6066
81,08,1811620,1,20260922,1450,93,0,,,,,1509,112,0,,,,,3,43.91012304083783,144.542023,,,0,0,0,0,0,0,0,0,0,0,234,blue,1543,1621,3164
81,08,1811630,1,20260922,,,,,,,,,,,,,,,3,43.888827040834144,144.736391,,,1,0,0,0,0,0,0,0,0,52,234,blue,0,0,0
81,06,1811640,1,20260922,496,37,0,,,,,530,31,0,,,,,3,43.73179504080475,144.960789,,,0,0,0,0,0,0,0,0,0,0,234,blue,533,561,1094
81,06,1811650,1,20260922,294,24,0,,,,,339,21,0,,,,,3,43.69435704079721,145.112266,,,0,0,0,0,0,0,0,0,0,0,234,blue,318,360,678
81,06,1811660,1,20260922,,,,,,,,,,,,,,,3,43.37687304072465,145.283748,,,1,0,0,0,0,0,0,0,0,0,234,blue,0,0,0
81,06,1811670,1,20260922,1581,253,0,,,,,1590,202,0,,,,,3,43.225599040684756,144.69552000000002,,,0,0,0,0,0,0,0,0,0,0,234,blue,1834,1792,3626
81,06,1811680,1,20260922,1278,163,0,,,,,1359,155,0,,,,,3,43.384169040726476,144.866826,,,0,0,0,0,0,0,0,0,0,0,234,blue,1441,1514,2955
81,06,1811690,1,20260922,,,,,,,,,,,,,,,3,43.60985404077937,145.077277,,,1,0,0,0,0,0,0,0,0,0,234,blue,0,0,0
81,07,1811700,1,20260922,1384,95,0,,,,,1206,85,0,,,,,3,43.353586040718724,143.261308,,,0,0,0,0,0,0,0,0,0,3,234,blue,1479,1291,2770
81,07,1811710,1,20260922,1044,52,0,,,,,917,39,0,,,,,3,43.571286040770886,143.120781,,,0,0,0,0,0,0,0,0,0,10,234,blue,1096,956,2052
81,04,1811730,1,20260922,552,59,0,,,,,374,15,0,,,,,3,43.909246029716684,142.97348513542,,,0,0,0,0,0,0,0,0,0,8,234,blue,611,389,1000
81,04,1811740,1,20260922,512,48,0,,,,,319,21,0,,,,,3,43.9388162846136,142.945802727953,,,0,0,0,0,0,0,0,0,0,53,234,blue,560,340,900
81,01,1811750,1,20260922,5426,723,0,,,,,4097,580,0,,,,,3,42.98946404061562,141.609539,,,0,0,0,0,0,0,0,0,0,10,234,blue,6149,4677,10826
81,01,1811760,1,20260922,2820,266,0,,,,,2385,196,0,,,,,3,42.94269504060095,141.76061,,,0,0,0,0,0,0,0,0,0,3,234,blue,3086,2581,5667
81,01,1811770,1,20260922,2679,329,0,,,,,2071,280,0,,,,,3,42.950353040603375,141.802672,,,0,0,0,0,0,0,0,0,0,0,234,blue,3008,2351,5359
81,01,1811780,1,20260922,,,,,,,,,,,,,,,3,42.91325204059154,141.966963,,,1,0,0,0,0,0,0,0,0,1,234,blue,0,0,0
81,01,1811790,1,20260922,,,,,,,,,,,,,,,3,42.92852504059643,142.063994,,,1,0,0,0,0,0,0,0,0,0,234,blue,0,0,0
81,05,1811800,1,20260922,2199,411,0,,,,,1875,318,0,,,,,3,42.9641030406077,142.63981100000004,,,0,0,0,0,0,0,0,0,0,0,234,blue,2610,2193,4803
81,01,1811810,1,20260922,4219,472,0,,,,,3524,434,0,,,,,3,43.18243804067272,141.523454,,,0,0,0,0,0,0,0,0,0,38,234,blue,4691,3958,8649
81,01,1811830,1,20260922,1502,183,0,,,,,1374,142,0,,,,,3,43.54600104076516,141.884426,,,0,0,0,0,0,0,0,0,0,1,234,blue,1685,1516,3201
81,01,1811840,1,20260922,1328,87,0,,,,,968,63,0,,,,,3,43.71586004080156,141.885874,,,0,0,0,0,0,0,0,0,0,11,234,blue,1415,1031,2446
81,01,1811850,1,20260922,323,27,0,,,,,276,18,0,,,,,3,43.76892104081203,141.884179,,,0,0,0,0,0,0,0,0,0,11,234,blue,350,294,644
81,01,1811860,1,20260922,566,29,0,,,,,488,34,0,,,,,3,43.80589304081908,141.905599,,,0,0,0,0,0,0,0,0,0,1,234,blue,595,522,1117
81,01,1811870,1,20260922,434,30,0,,,,,271,23,0,,,,,3,43.917356040839074,142.125632,,,0,0,0,0,0,0,0,0,0,14,234,blue,464,294,758
81,04,1811880,1,20260922,528,46,0,,,,,420,37,0,,,,,3,44.74113379582216,142.253439072174,,,0,0,0,0,0,0,0,0,0,62,234,blue,574,457,1031
81,10,1811890,1,20260922,678,57,0,,,,,575,44,0,,,,,3,44.820303040931734,142.284138,,,0,0,0,0,0,0,0,0,0,0,234,blue,735,619,1354
81,10,1811900,1,20260922,397,71,0,,,,,434,89,0,,,,,3,45.044884040935564,142.315271,,,0,0,0,0,0,0,0,0,0,52,234,blue,468,523,991
81,10,1811910,1,20260922,375,52,0,,,,,395,58,0,,,,,3,45.10820204093526,142.363773,,,0,0,0,0,0,0,0,0,0,106,234,blue,427,453,880
81,03,1811920,1,20260922,,,,,,,,,,,,,,,3,42.98635304061466,140.606197,,,1,0,0,0,0,0,0,0,0,0,234,blue,0,0,0
81,03,1811930,1,20260922,920,180,0,,,,,883,190,0,,,,,3,42.88083304058103,140.878055,,,0,0,0,0,0,0,0,0,0,66,234,blue,1100,1073,2173
81,03,1811940,1,20260922,1282,204,0,,,,,1379,246,0,,,,,3,42.80440904055563,140.891961,,,0,0,0,0,0,0,0,0,0,25,234,blue,1486,1625,3111
81,03,1811950,1,20260922,1053,154,0,,,,,884,106,0,,,,,3,42.75773904053971,141.013347,,,0,0,0,0,0,0,0,0,0,52,234,blue,1207,990,2197
81,01,1811980,1,20260922,,,,,,,,,,,,,,,3,42.71955604052643,141.252074,,,1,0,0,0,0,0,0,0,0,6,234,blue,0,0,0
81,01,1811990,1,20260922,2394,184,0,,,,,1152,115,0,,,,,3,42.74221004053433,141.402953,,,0,0,0,0,0,0,0,0,0,4,234,blue,2578,1267,3845
81,02,1812000,1,20260922,358,8,0,,,,,370,11,0,,,,,3,42.1695560403113,140.052167,,,0,0,0,0,0,0,0,0,0,0,234,blue,366,381,747
81,02,1812010,1,20260922,2188,258,0,,,,,2369,214,0,,,,,3,41.76194404012323,140.856944,,,0,0,0,0,0,0,0,0,0,0,234,blue,2446,2583,5029
81,02,1812020,1,20260922,,,,,,,,,,,,,,,3,41.714722040099886,140.9975,,,1,0,0,0,0,0,0,0,0,0,234,blue,0,0,0
81,02,1812030,1,20260922,,,,,,,,,,,,,,,3,41.87888904017965,141.092222,,,1,0,0,0,0,0,0,0,0,0,234,blue,0,0,0
81,02,1812040,1,20260922,900,153,0,,,,,955,100,0,,,,,3,41.9566670402161,140.928611,,,0,0,0,0,0,0,0,0,0,0,234,blue,1053,1055,2108
81,02,1812050,1,20260922,,,,,,,,,,,,,,,3,42.013056040241956,140.853611,,,1,0,0,0,0,0,0,0,0,0,234,blue,0,0,0
81,02,1812060,1,20260922,455,55,0,,,,,497,45,0,,,,,3,42.042500040255284,140.813056,,,0,0,0,0,0,0,0,0,0,0,234,blue,510,542,1052
81,02,1812070,1,20260922,787,122,0,,,,,811,158,0,,,,,3,42.12805604029326,140.711389,,,0,0,0,0,0,0,0,0,0,0,234,blue,909,969,1878
81,02,1812080,1,20260922,1707,122,0,,,,,1733,115,0,,,,,3,42.118611040289125,140.632778,,,0,0,0,0,0,0,0,0,0,0,234,blue,1829,1848,3677
81,06,1812090,1,20260922,27,4,0,,,,,1815,132,0,,,,,3,43.89994004083609,145.099582,,,0,0,0,0,0,0,0,0,0,0,234,blue,31,1947,1978
81,05,1812130,1,20260922,309,41,0,,,,,292,49,0,,,,,3,42.02778604024864,143.231184,,,0,0,0,0,0,0,0,0,0,0,234,blue,350,341,691
81,07,1812150,1,20260922,516,22,0,,,,,473,26,0,,,,,3,42.16205004030805,143.324722,,,0,0,0,0,0,0,0,0,0,0,234,blue,538,499,1037
81,07,1812160,1,20260922,821,47,0,,,,,1045,164,0,,,,,3,42.28181504035883,143.31818,,,0,0,0,0,0,0,0,0,0,0,234,blue,868,1209,2077
81,07,1812170,1,20260922,1354,84,0,,,,,1289,77,0,,,,,3,42.31167504037117,143.321422,,,0,0,0,0,0,54,54,0,0,5,234,blue,1438,1366,2804
81,07,1812180,1,20260922,305,30,0,,,,,267,47,0,,,,,3,42.68446104051403,143.603341,,,0,0,0,0,0,0,0,0,0,0,234,blue,335,314,649
81,07,1812190,1,20260922,340,129,0,,,,,359,117,0,,,,,3,42.69525004051786,143.616062,,,0,0,0,0,0,0,0,0,0,0,234,blue,469,476,945
81,07,1812200,1,20260922,246,148,0,,,,,194,131,0,,,,,3,42.74125304053399,143.631419,,,0,0,0,0,0,0,0,0,0,0,234,blue,394,325,719
81,01,1812210,1,20260922,317,39,0,,,,,320,22,0,,,,,3,42.85600604057288,141.704289,,,0,0,0,0,0,0,0,0,0,105,234,blue,356,342,698
81,01,1812220,1,20260922,,,,,,,,,,,,,,,3,42.969962040609545,141.672998,,,1,0,0,0,0,0,0,0,0,2,234,blue,0,0,0
81,01,1812230,1,20260922,,,,,,,,,,,,,,,3,43.02096904062534,141.663755,,,1,0,0,0,0,0,0,0,0,0,234,blue,0,0,0
81,03,1812240,1,20260922,7683,1166,0,,,,,6470,901,0,,,,,3,43.14450004066195,141.187805,,,0,0,0,0,0,0,0,0,0,0,234,blue,8849,7371,16220
81,06,1812250,1,20260922,928,97,0,,,,,742,79,0,,,,,3,43.68733204079576,144.466438,,,0,0,0,0,0,0,0,0,0,0,234,blue,1025,821,1846
81,03,1812260,1,20260922,,,,,,,,,,,,,,,3,42.99111104061613,140.875833,,,1,0,0,0,0,0,0,0,0,0,234,blue,0,0,0
81,04,1812290,1,20260922,6471,499,0,,,,,5656,370,0,,,,,3,43.85258742603739,142.702731203374,,,0,0,0,0,0,2,2,0,0,6,234,blue,6970,6026,12996
81,01,1812300,1,20260922,0,0,0,,,,,698,35,0,,,,,3,43.578650040772516,141.414894,,,0,0,0,0,0,0,0,0,0,1,234,blue,0,733,733
81,01,1812310,1,20260922,82,6,0,,,,,120,2,0,,,,,3,43.548241040765674,141.621516,,,0,0,0,0,0,0,0,0,0,7,234,blue,88,122,210
81,01,1812320,1,20260922,196,11,0,,,,,250,7,0,,,,,3,43.542762040764444,141.638006,,,0,0,0,0,0,0,0,0,0,0,234,blue,207,257,464
81,01,1812330,1,20260922,,,,,,,,,,,,,,,3,43.55901004076813,141.903362,,,1,0,0,0,0,0,0,0,0,109,234,blue,0,0,0
81,01,1812340,1,20260922,546,43,0,,,,,504,9,0,,,,,3,42.995832040617586,142.00991,,,0,0,0,0,0,0,0,0,0,1,234,blue,589,513,1102
81,01,1812350,1,20260922,7592,252,0,,,,,7462,336,0,,,,,3,42.979904040612645,141.346302,,,0,0,0,0,0,0,0,0,0,2,234,blue,7844,7798,15642
81,01,1812370,1,20260922,1564,21,0,,,,,1519,33,0,,,,,3,42.83639604056636,141.300884,,,0,0,0,0,0,0,0,0,0,0,234,blue,1585,1552,3137
81,01,1812380,1,20260922,2056,20,0,,,,,2271,23,0,,,,,3,42.80255304055502,141.327921,,,0,0,0,0,0,0,0,0,0,1,234,blue,2076,2294,4370
82,,2810010,1,20260922,5238,477,0,,,,,5284,594,0,,,,,3,37.18051903644227,140.286944,,,0,,,,0,,,,,,237,blue,5715,5878,11593
82,,2810030,1,20260922,1737,250,0,,,,,1692,138,0,,,,,3,37.862598037160126,140.528175,,,0,,,,0,,,,,,237,blue,1987,1830,3817
82,,2810180,1,20260922,1499,174,0,,,,,714,50,0,,,,,3,38.89166803813703,141.115835,,,1,,,,0,,,,,,237,blue,1673,764,2437
82,,2810190,1,20260922,672,62,0,,,,,107,50,0,,,,,3,39.03166703825964,141.1175,,,1,,,,0,,,,,,237,blue,734,157,891
82,,2810200,1,20260922,213,14,0,,,,,760,61,0,,,,,3,39.0450020382712,141.129544,,,1,,,,0,,,,,,237,blue,227,821,1048
82,,2810220,1,20260922,10468,1177,0,,,,,10619,794,0,,,,,3,39.29444503848296,141.105556,,,0,,,,0,,,,,,237,blue,11645,11413,23058
82,,2810230,1,20260922,0,0,0,,,,,0,0,0,,,,,3,39.344446038524424,141.106946,,,1,,,,0,,,,,,237,blue,0,0,0
82,,2810240,1,20260922,94,133,0,,,,,198,117,0,,,,,3,39.651946038772245,141.164724,,,1,,,,0,,,,,,237,blue,227,315,542
82,,2810250,1,20260922,2,0,0,,,,,12,1,0,,,,,3,39.888889038954595,141.19528,,,1,,,,0,,,,,,237,blue,2,13,15
82,,2810270,1,20260922,123,6,0,,,,,0,1,0,,,,,3,40.27277803923393,141.293058,,,1,,,,0,,,,,,237,blue,129,1,130
82,,2810280,1,20260922,84,15,0,,,,,230,16,0,,,,,3,40.41445803933193,141.298913,,,1,,,,0,,,,,,237,blue,99,246,345
82,,2810290,1,20260922,4743,439,0,,,,,4598,427,0,,,,,3,40.718083039532594,141.156692,,,0,,,,0,,,,,,237,blue,5182,5025,10207
82,,2810300,1,20260922,2264,356,0,,,,,1852,169,0,,,,,3,40.907508039651255,141.061111,,,1,,,,0,,,,,,237,blue,2620,2021,4641
82,,2810310,1,20260922,4289,480,0,,,,,4012,310,0,,,,,3,40.8547220396187,140.839178,,,1,,,,0,,,,,,237,blue,4769,4322,9091
82,,2810320,1,20260922,5940,786,0,,,,,6675,439,0,,,,,3,36.91389703614713,140.802218,,,0,,,,0,,,,,,237,blue,6726,7114,13840
82,,2810330,1,20260922,7449,955,0,,,,,6614,1178,0,,,,,3,37.027520036273884,140.897874,,,0,,,,0,,,,,,237,blue,8404,7792,16196
82,,2810340,1,20260922,,,,,,,,,,,,,,,3,37.191077036453784,140.999315,,,1,,,,0,,,,,,237,blue,0,0,0
82,,2810350,1,20260922,,,,,,,,,,,,,,,3,37.83831703713551,140.937334,,,1,,,,0,,,,,,237,blue,0,0,0
82,,2810400,1,20260922,2281,136,0,,,,,1750,130,0,,,,,3,39.26847903846129,139.923131,,,0,,,,0,,,,,,237,blue,2417,1880,4297
82,,2810430,1,20260922,2196,207,0,,,,,2283,189,0,,,,,3,39.976642039020206,140.07770900000003,,,0,,,,0,,,,,,237,blue,2403,2472,4875
82,,2810450,1,20260922,,,,,,,,,,,,,,,3,40.278639039238044,140.449111,,,1,,,,0,,,,,,237,blue,0,0,0
82,,2810460,1,20260922,539,78,0,,,,,413,15,0,,,,,3,40.275306039235716,140.516861,,,1,,,,0,,,,,,237,blue,617,428,1045
82,,2810470,1,20260922,3895,534,0,,,,,3667,732,0,,,,,3,40.317917039265446,140.578139,,,0,,,,0,,,,,,237,blue,4429,4399,8828
82,,2810480,1,20260922,662,57,0,,,,,1336,97,0,,,,,3,40.577502039441285,140.518889,,,1,,,,0,,,,,,237,blue,719,1433,2152
82,,2810490,1,20260922,5881,435,0,,,,,5729,344,0,,,,,3,40.711137039528154,140.580013,,,1,,,,0,,,,,,237,blue,6316,6073,12389
82,,2810580,1,20260922,492,29,0,,,,,4,2,0,,,,,3,39.260555038454655,140.543611,,,0,,,,0,,,,,,237,blue,521,6,527
82,,2810590,1,20260922,5506,1365,0,,,,,6919,446,0,,,,,3,39.44138803860391,140.505,,,0,,,,0,,,,,,237,blue,6871,7365,14236
82,,2810600,1,20260922,4670,518,0,,,,,4721,342,0,,,,,3,39.51138803866052,140.380833,,,0,,,,0,,,,,,237,blue,5188,5063,10251
82,,2810610,1,20260922,4785,321,0,,,,,5367,523,0,,,,,3,39.63750003876089,140.300833,,,1,,,,0,,,,,,237,blue,5106,5890,10996
82,,2810620,1,20260922,5487,522,0,,,,,2983,703,0,,,,,3,39.67388903878944,140.152222,,,1,,,,0,,,,,,237,blue,6009,3686,9695
82,,2810630,1,20260922,12259,778,0,,,,,12100,1377,0,,,,,3,39.69425003880535,140.122194,,,0,,,,0,,,,,,237,blue,13037,13477,26514
82,,2810960,1,20260922,106,2,0,,,,,5,0,0,,,,,3,40.26398203922775,141.40187,,,1,,,,0,,,,,,237,blue,108,5,113
82,,2810970,1,20260922,81,3,0,,,,,47,7,0,,,,,3,40.4453010393529,141.638612,,,1,,,,0,,,,,,237,blue,84,54,138
82,,2810980,1,20260922,0,0,0,,,,,124,115,0,,,,,3,40.30396403925574,141.3059,,,1,,,,0,,,,,,237,blue,0,239,239
82,,2810990,1,20260922,4779,544,0,,,,,3754,433,0,,,,,3,40.60361303945845,141.404748,,,0,,,,0,,,,,,237,blue,5323,4187,9510
82,,2811030,1,20260922,2555,145,0,,,,,2040,431,0,,,,,3,39.608922038738314,140.57135,,,0,,,,0,,,,,,237,blue,2700,2471,5171
82,,2811140,1,20260922,816,90,0,,,,,1152,89,0,,,,,3,37.03129103627806,140.879088,,,1,,,,0,,,,,,237,blue,906,1241,2147
82,,2811160,1,20260922,2610,301,0,,,,,2606,286,0,,,,,3,37.1928290364557,140.62122,,,0,,,,0,,,,,,237,blue,2911,2892,5803
83,,3810010,1,20260922,,,,,,,,,,,,,,,3,35.23222203411103,139.112514,,,1,,,,,,,,,,237,blue,0,0,0
83,,3810040,1,20260922,14728,458,0,,,,,2066,66,0,,,,,3,35.26450803415279,139.182925,,,0,0,0,0,0,1,0,0,0,0,237,blue,15186,2132,17318
83,,3810050,1,20260922,21067,1350,0,,,,,,,,,,,,3,35.71158901450833,139.777491746321,,,0,0,0,0,0,0,0,0,0,0,237,blue,22417,0,22417
83,,3810060,1,20260922,14460,976,0,,,,,13317,1025,0,,,,,3,35.725261072361086,139.78833095668,,,0,0,0,0,0,1,1,0,0,0,237,blue,15436,14342,29778
83,,3810061,1,20260922,15426,1041,0,,,,,13387,1176,0,,,,,3,35.72724220226666,139.789181219765,,,0,0,0,0,0,1,1,0,0,0,237,blue,16467,14563,31030
83,,3810070,1,20260922,15640,1148,0,,,,,8857,718,0,,,,,3,35.735055772282294,139.795343463609,,,0,0,0,0,0,0,0,0,0,0,237,blue,16788,9575,26363
83,,3810080,1,20260922,0,0,0,,,,,17574,1237,0,,,,,3,35.73896290498206,139.797270681572,,,0,0,0,0,0,0,0,0,0,0,237,blue,0,18811,18811
83,,3810100,1,20260922,2764,51,0,,,,,4156,104,0,,,,,3,36.53972203571964,139.883611,,,0,0,0,0,0,0,0,0,0,0,237,blue,2815,4260,7075
83,,3810110,1,20260922,8973,709,0,,,,,8312,694,0,,,,,3,36.91694403615054,139.999722,,,0,0,0,0,0,0,0,0,0,0,237,blue,9682,9006,18688
83,,3810140,1,20260922,13355,1457,0,,,,,10901,1439,0,,,,,3,35.9900520350645,139.793529,,,0,0,0,0,0,0,0,0,0,0,237,blue,14812,12340,27152
83,,3810151,1,20260922,7964,1613,0,,,,,12355,1982,0,,,,,3,36.07984803517367,139.770041,,,0,0,0,0,0,0,0,0,0,0,237,blue,9577,14337,23914
83,,3810160,1,20260922,11331,1585,0,,,,,16467,2499,0,,,,,3,36.167500035279446,139.779444,,,0,0,0,0,0,0,0,0,0,0,237,blue,12916,18966,31882
83,,3810180,1,20260922,5317,1266,0,,,,,17576,2339,0,,,,,3,36.296506035433666,139.841547,,,0,0,0,0,0,0,0,0,0,0,237,blue,6583,19915,26498
83,,3810200,1,20260922,458,57,0,,,,,27033,2428,0,,,,,3,36.57174703575683,139.941692,,,0,0,0,0,0,0,0,0,0,0,237,blue,515,29461,29976
83,,3810210,1,20260922,19528,520,0,,,,,6,1,0,,,,,3,35.694558518577544,139.78420024258003,,,0,0,0,0,0,1,1,0,0,0,237,blue,20048,7,20055
83,,3810220,1,20260922,9039,839,0,,,,,4862,245,0,,,,,3,35.73416286894769,139.831977693081,,,0,0,0,0,0,1,74,0,0,0,237,blue,9878,5107,14985
83,,3810230,1,20260922,2454,57,0,,,,,3794,287,0,,,,,3,35.735319871891136,139.833592336398,,,0,0,0,0,0,0,80,0,0,0,237,blue,2511,4081,6592
83,,3810260,1,20260922,,,,,,,,,,,,,,,3,35.83796603487771,139.939917,,,1,,,,,,,,,,237,blue,0,0,0
83,,3810280,1,20260922,,,,,,,,,,,,,,,3,35.895306034948405,140.059167,,,1,0,0,0,0,0,0,0,0,0,237,blue,0,0,0
83,,3810290,1,20260922,4810,310,0,,,,,10451,1335,0,,,,,3,36.06811403515946,140.179269,,,0,0,0,0,0,0,0,0,0,0,237,blue,5120,11786,16906
83,,3810300,1,20260922,11342,1165,0,,,,,10783,659,0,,,,,3,36.078239035171734,140.177747,,,0,0,0,0,0,0,0,0,0,0,237,blue,12507,11442,23949
83,,3810320,1,20260922,1021,164,0,,,,,11591,1198,0,,,,,3,36.378875035531216,140.500661,,,0,0,0,0,0,0,0,0,0,0,237,blue,1185,12789,13974
83,,3810330,1,20260922,2495,254,0,,,,,16379,440,0,,,,,3,36.655972035854084,140.701006,,,0,0,0,0,0,0,0,0,0,0,237,blue,2749,16819,19568
83,,3810340,1,20260922,7845,415,0,,,,,6750,331,0,,,,,3,36.794736036012644,140.752922,,,0,0,0,0,0,0,0,0,0,0,237,blue,8260,7081,15341
83,,3810350,1,20260922,15129,941,0,,,,,14,6,0,,,,,3,35.92645303498668,140.111775,,,0,0,0,0,0,0,0,0,0,0,237,blue,16070,20,16090
83,,3810360,1,20260922,,,,,,,,,,,,,,,3,35.694040942069805,139.789910543304,,,1,0,0,0,0,0,75,0,0,9,237,blue,0,0,0
83,,3810370,1,20260922,,,,,,,,,,,,,,,3,35.702867388707524,139.866257828687,,,1,0,0,0,0,0,0,0,0,0,237,blue,0,0,0
83,,3810380,1,20260922,,,,,,,,,,,,,,,3,35.628891034617155,140.088076,,,1,,,,,,,,,,237,blue,0,0,0
83,,3810390,1,20260922,,,,,,,,,,,,,,,3,35.62349099143046,139.737976826575,,,1,,,,,,,,,,237,blue,0,0,0
83,,3810400,1,20260922,5662,132,0,,,,,6757,169,0,,,,,3,35.263900034152,139.698397,,,0,0,0,0,0,0,0,0,0,0,237,blue,5794,6926,12720
83,,3810410,1,20260922,7409,523,0,,,,,8647,586,0,,,,,3,35.62304903460981,139.340292,,,0,0,0,0,0,0,0,0,0,0,237,blue,7932,9233,17165
83,,3810420,1,20260922,11265,656,0,,,,,10568,927,0,,,,,3,35.67571003467587,139.331954,,,0,0,0,0,0,0,0,0,0,0,237,blue,11921,11495,23416
83,,3810431,1,20260922,12827,2402,0,,,,,11545,2471,0,,,,,3,35.77594403480087,139.336731,,,0,0,0,0,0,0,0,0,0,0,237,blue,15229,14016,29245
83,,3810440,1,20260922,,,,,,,,,,,,,,,3,35.82933103486704,139.380426,,,1,0,0,0,0,0,0,0,0,0,237,blue,0,0,0
83,,3810460,1,20260922,17501,1802,0,,,,,18457,2046,0,,,,,3,35.91289603497003,139.534764,,,0,0,0,0,0,0,0,0,0,0,237,blue,19303,20503,39806
83,,3810470,1,20260922,,,,,,,,12275,1650,0,,,,,3,35.92749603498795,139.591065,,,0,0,0,0,0,0,2,0,0,0,237,blue,0,13925,13925
83,,3810490,1,20260922,,,,,,,,,,,,,,,3,35.992460035067445,139.820467,,,1,,,,,,,,,,237,blue,0,0,0
83,,3810500,1,20260922,5079,336,0,,,,,8624,1286,0,,,,,3,35.79376864024429,139.685717006056,,,0,0,0,0,0,0,0,0,0,0,237,blue,5415,9910,15325
83,,3810510,1,20260922,5491,702,0,,,,,5508,743,0,,,,,3,35.8210620348568,139.680963,,,0,0,0,0,0,0,0,0,0,0,237,blue,6193,6251,12444
83,,3810520,1,20260922,19058,1417,0,,,,,17763,1473,0,,,,,3,35.97632603504774,139.594106,,,0,0,0,0,0,0,0,0,0,0,237,blue,20475,19236,39711
83,,3810540,1,20260922,9483,710,0,,,,,10653,730,0,,,,,3,36.230692035355204,139.2134,,,0,0,0,0,0,0,2,0,0,0,237,blue,10193,11383,21576
83,,3810560,1,20260922,16159,806,0,,,,,14067,487,0,,,,,3,36.31113903545105,139.02725,,,0,0,0,0,0,0,1,0,0,0,237,blue,16965,14554,31519
83,,3810600,1,20260922,3310,84,0,,,,,3595,235,0,,,,,3,36.68205603588405,138.968889,,,0,0,0,0,0,0,0,0,0,0,237,blue,3394,3830,7224
83,,3810610,1,20260922,20137,1888,0,,,,,,,,,,,,3,35.84803703489016,139.625615,,,0,0,0,0,0,0,3,0,0,0,237,blue,22025,0,22025
83,,3810620,1,20260922,,,,,,,,18835,1793,0,,,,,3,35.84444303488572,139.626759,,,0,0,0,0,0,0,4,0,0,0,237,blue,0,20628,20628
83,,3810670,1,20260922,16171,1694,0,,,,,16781,1769,0,,,,,3,36.35330303550101,139.215067,,,0,0,0,0,0,0,0,0,0,0,237,blue,17865,18550,36415
83,,3810710,1,20260922,6475,433,0,,,,,6980,555,0,,,,,3,36.33250003547639,138.5235,,,0,0,0,0,0,0,0,0,0,0,237,blue,6908,7535,14443
83,,3810720,1,20260922,7477,563,0,,,,,7958,399,0,,,,,3,36.49438903566681,138.150722,,,0,0,0,0,0,0,11,0,0,0,237,blue,8040,8357,16397
83,,3810740,1,20260922,10306,480,0,,,,,8725,440,0,,,,,3,36.65492503585288,138.23375,,,0,0,0,0,0,0,0,0,0,0,237,blue,10786,9165,19951
83,,3810750,1,20260922,10040,333,0,,,,,3435,157,0,,,,,3,36.695139035899054,138.26925,,,0,0,0,0,0,0,0,0,0,0,237,blue,10373,3592,13965
83,,3810760,1,20260922,7405,229,0,,,,,7175,274,0,,,,,3,36.717694035924886,138.298306,,,0,0,0,0,0,0,4,0,0,0,237,blue,7634,7449,15083
83,,3810770,1,20260922,3986,263,0,,,,,3569,104,0,,,,,3,36.75032203596213,138.212264,,,0,0,0,0,0,0,0,0,0,0,237,blue,4249,3673,7922
83,,3810780,1,20260922,4486,187,0,,,,,4374,207,0,,,,,3,36.792972036010646,138.219778,,,0,0,0,0,0,0,0,0,0,0,237,blue,4673,4581,9254
83,,3810790,1,20260922,6045,139,0,,,,,5433,245,0,,,,,3,36.406417035563685,138.204417,,,0,0,0,0,0,0,2,0,0,0,237,blue,6184,5678,11862
83,,3810800,1,20260922,1370,35,0,,,,,1788,16,0,,,,,3,36.82044403604179,138.192306,,,0,0,0,0,0,0,1,0,0,0,237,blue,1405,1804,3209
83,,3810810,1,20260922,4634,96,0,,,,,4341,62,0,,,,,3,36.8368890360604,138.205542,,,0,0,0,0,0,0,0,0,0,0,237,blue,4730,4403,9133
83,,3810820,1,20260922,1822,86,0,,,,,1949,202,0,,,,,3,36.513833035689494,138.094389,,,0,0,0,0,0,0,4,0,0,0,237,blue,1908,2151,4059
83,,3810821,1,20260922,2316,193,0,,,,,2309,107,0,,,,,3,36.52786103570584,138.096722,,,0,0,0,0,0,0,0,0,0,0,237,blue,2509,2416,4925
83,,3810830,1,20260922,8308,495,0,,,,,3822,150,0,,,,,3,36.23586103536139,137.9565,,,0,0,0,0,0,0,4,0,0,0,237,blue,8803,3972,12775
83,,3810840,1,20260922,3364,315,0,,,,,3243,134,0,,,,,3,36.38313903553625,137.925722,,,0,0,0,0,0,0,4,0,0,0,237,blue,3679,3377,7056
83,,3810850,1,20260922,2613,188,0,,,,,2381,126,0,,,,,3,36.4623860356294,137.946275,,,0,0,0,0,0,0,2,0,0,0,237,blue,2801,2507,5308
83,,3810860,1,20260922,4114,246,0,,,,,3918,123,0,,,,,3,36.5884720357762,138.050889,,,0,0,0,0,0,0,5,0,0,0,237,blue,4360,4041,8401
83,,3810870,1,20260922,8178,248,0,,,,,8679,257,0,,,,,3,36.61469403580651,138.085167,,,0,0,0,0,0,0,0,0,0,0,237,blue,8426,8936,17362
83,,3810880,1,20260922,7648,597,0,,,,,8715,496,0,,,,,3,36.615111035807,138.086528,,,0,0,0,0,0,0,3,0,0,0,237,blue,8245,9211,17456
83,,3810900,1,20260922,3968,96,0,,,,,4406,194,0,,,,,3,36.62808303582196,138.153194,,,0,0,0,0,0,0,2,0,0,0,237,blue,4064,4600,8664
83,,3810910,1,20260922,9768,307,0,,,,,10596,184,0,,,,,3,36.64626403584291,138.18197200000003,,,0,0,0,0,0,0,0,0,0,0,237,blue,10075,10780,20855
83,,3810920,1,20260922,5767,181,0,,,,,6305,132,0,,,,,3,36.648972035846036,138.193972,,,0,0,0,0,0,0,0,0,0,0,237,blue,5948,6437,12385
83,,3810930,1,20260922,4470,385,0,,,,,5157,256,0,,,,,3,36.616944035809105,138.133611,,,0,0,0,0,0,0,0,0,0,0,237,blue,4855,5413,10268
83,,3810950,1,20260922,0,0,0,,,,,0,0,0,,,,,3,35.67318837384892,139.663841176629,,,0,0,0,0,0,0,0,236,0,0,237,blue,0,0,0
83,,3810970,1,20260922,5448,97,0,,,,,4065,139,0,,,,,3,35.61726703460252,139.240054,,,0,0,0,0,0,0,0,0,0,0,237,blue,5545,4204,9749
83,,3810980,1,20260922,5688,224,0,,,,,3522,144,0,,,,,3,35.62000003460596,139.1275,,,0,0,0,0,0,0,0,0,0,0,237,blue,5912,3666,9578
83,,3811030,1,20260922,14420,664,0,,,,,11982,1117,0,,,,,3,35.643889034635976,138.636389,,,0,0,0,0,0,0,78,0,0,0,237,blue,15084,13099,28183
83,,3811050,1,20260922,5805,409,0,,,,,4526,247,0,,,,,3,35.91541703497313,138.227361,,,0,0,0,0,0,0,3,0,0,0,237,blue,6214,4773,10987
83,,3811060,1,20260922,,,,,,,,,,,,,,,3,35.94028603500364,138.197875,,,1,0,0,0,0,0,2,0,0,0,237,blue,0,0,0
83,,3811070,1,20260922,6071,156,0,,,,,5709,191,0,,,,,3,36.029750035112876,138.1255,,,0,0,0,0,0,0,1,0,0,0,237,blue,6227,5900,12127
83,,3811080,1,20260922,10965,657,0,,,,,9250,450,0,,,,,3,36.077694035171085,138.037889,,,0,0,0,0,0,0,1,0,0,0,237,blue,11622,9700,21322
83,,3811090,1,20260922,,,,,,,,,,,,,,,3,36.12191703522454,137.959472,,,0,0,0,0,0,237,0,0,0,0,237,blue,0,0,0
83,,3811100,1,20260922,,,,,,,,,,,,,,,3,35.9769440350485,138.163333,,,1,0,0,0,0,0,20,0,0,0,237,blue,0,0,0
83,,3811110,1,20260922,4793,463,0,,,,,4548,643,0,,,,,3,36.08683303518214,138.06408300000004,,,0,0,0,0,0,0,1,0,0,0,237,blue,5256,5191,10447
83,,3811121,1,20260922,,,,,,,,5051,308,0,,,,,3,35.63168503462065,139.28402,,,0,0,0,0,0,0,0,0,0,0,237,blue,0,5359,5359
83,,3811130,1,20260922,4115,218,0,,,,,4161,175,0,,,,,3,35.99511103507067,138.139278,,,0,0,0,0,0,0,0,0,0,0,237,blue,4333,4336,8669
83,,3811220,1,20260922,,,,,,,,,,,,,,,3,35.959128035026716,140.602286,,,1,0,0,0,0,0,0,0,0,0,237,blue,0,0,0
83,,3811230,1,20260922,28,21,0,,,,,4757,347,0,,,,,3,35.95769703502496,140.602514,,,0,0,0,0,0,1,0,0,0,0,237,blue,49,5104,5153
83,,3811240,1,20260922,5107,256,0,,,,,4368,186,0,,,,,3,35.200928034070465,138.520986,,,0,0,0,0,0,0,0,0,0,0,237,blue,5363,4554,9917
83,,3811250,1,20260922,1562,41,0,,,,,1372,28,0,,,,,3,35.31250003421467,138.442011,,,0,0,0,0,0,1,0,0,0,0,237,blue,1603,1400,3003
83,,3811270,1,20260922,5446,535,0,,,,,6182,245,0,,,,,3,35.5316670344945,138.450278,,,0,0,0,0,0,0,0,0,0,0,237,blue,5981,6427,12408
83,,3811290,1,20260922,,,,,,,,,,,,,,,3,35.041444033862305,139.833306,,,1,,,,,,,,,,237,blue,0,0,0
83,,3811300,1,20260922,,,,,,,,,,,,,,,3,35.157361034013846,139.819,,,1,,,,,,,,,,237,blue,0,0,0
83,,3811330,1,20260922,7279,415,0,,,,,8311,231,0,,,,,3,35.53888903450364,138.885556,,,0,0,0,0,0,0,0,0,0,0,237,blue,7694,8542,16236
83,,3811340,1,20260922,7241,340,0,,,,,7091,247,0,,,,,3,35.60305603458465,138.940833,,,0,0,0,0,0,0,0,0,0,0,237,blue,7581,7338,14919
83,,3811350,1,20260922,16404,867,0,,,,,19094,960,0,,,,,3,35.61569396585425,139.627538019939,,,0,0,0,0,0,0,0,0,0,0,237,blue,17271,20054,37325
83,,3811360,1,20260922,11156,1778,0,,,,,15391,2284,0,,,,,3,35.48552503443597,139.460986,,,0,0,0,0,0,10,0,0,0,0,237,blue,12934,17675,30609
83,,3811370,1,20260922,8770,835,0,,,,,6153,613,0,,,,,3,35.35857503427389,139.075042,,,0,0,0,0,0,10,0,0,0,0,237,blue,9605,6766,16371
83,,3811390,1,20260922,25119,3307,0,,,,,,,,,,,,3,35.64686740024182,139.854860316246,,,0,0,0,0,0,0,0,0,0,0,237,blue,28426,0,28426
83,,3811401,1,20260922,4,0,0,,,,,,,,,,,,3,35.64792275306184,139.837391468126,,,0,0,0,0,0,0,0,0,0,0,237,blue,4,0,4
83,,3811410,1,20260922,15248,2281,0,,,,,,,,,,,,3,35.6321085640565,139.785108560174,,,0,0,0,0,0,0,45,0,0,0,237,blue,17529,0,17529
83,,3811411,1,20260922,,,,,,,,18358,3095,0,,,,,3,35.63193106766495,139.786372369256,,,0,0,0,0,0,0,0,0,0,0,237,blue,0,21453,21453
83,,3811420,1,20260922,,,,,,,,,,,,,,,3,35.57873713134419,139.756665501316,,,1,0,0,0,0,0,0,0,0,0,237,blue,0,0,0
83,,3811421,1,20260922,,,,,,,,10384,2585,0,,,,,3,35.573715682248654,139.759184371525,,,0,0,0,0,0,6,5,0,0,0,237,blue,0,12969,12969
83,,3811430,1,20260922,,,,,,,,,,,,,,,3,35.6138270345982,140.103045,,,1,,,,,,,,,,237,blue,0,0,0
83,,3811440,1,20260922,1345,194,0,,,,,4771,416,0,,,,,3,35.60712645223976,139.747366707275,,,0,0,0,0,0,1,1,0,0,0,237,blue,1539,5187,6726
84,,4810010,1,20260922,,,,,,,,,,,,,,,3,37.9300000372281,139.134722,,,0,0,0,0,0,0,0,3,0,236,237,blue,0,0,0
84,,4810020,1,20260922,21731,1283,0,,,,,17632,829,0,,,,,3,37.95278103725094,139.213611,,,0,0,0,0,0,0,0,0,0,0,237,blue,23014,18461,41475
84,,4810040,1,20260922,5286,378,0,,,,,368,16,0,,,,,3,37.96305603726123,139.3275,,,0,0,0,0,0,0,0,0,0,0,237,blue,5664,384,6048
84,,4810060,1,20260922,2992,99,0,,,,,2727,221,0,,,,,3,38.2550360375481,139.501792,,,0,0,0,0,0,0,0,0,0,0,237,blue,3091,2948,6039
84,,4810070,1,20260922,,,,,,,,,,,,,,,3,38.28200003757407,139.521444,,,1,0,0,0,0,237,237,0,0,0,237,blue,0,0,0
84,,4810080,1,20260922,373,43,0,,,,,349,21,0,,,,,3,38.374925037662884,139.556342,,,0,0,0,0,0,1,1,0,0,0,237,blue,416,370,786
84,,4810090,1,20260922,12777,862,0,,,,,11312,792,0,,,,,3,37.5351670368223,138.881569,,,0,0,0,0,0,0,0,0,0,1,237,blue,13639,12104,25743
84,,4810100,1,20260922,11677,534,0,,,,,13402,583,0,,,,,3,37.473639036757405,138.880583,,,0,0,0,0,0,0,0,0,0,0,237,blue,12211,13985,26196
84,,4810110,1,20260922,,,,,,,,,,,,,,,3,37.459033036741936,138.856414,,,1,0,0,0,0,0,0,0,0,0,237,blue,0,0,0
84,,4810120,1,20260922,11919,217,0,,,,,13755,314,0,,,,,3,37.462169036745266,138.845592,,,0,0,0,0,0,0,0,0,0,1,237,blue,12136,14069,26205
84,,4810130,1,20260922,9821,221,0,,,,,10046,177,0,,,,,3,37.44445303672647,138.785889,,,0,0,0,0,0,0,0,0,0,13,237,blue,10042,10223,20265
84,,4810140,1,20260922,6001,176,0,,,,,5384,201,0,,,,,3,37.44069403672249,138.740364,,,0,0,0,0,0,0,0,0,0,1,237,blue,6177,5585,11762
84,,4810150,1,20260922,3739,112,0,,,,,3683,113,0,,,,,3,37.41229403669227,138.674192,,,0,0,0,0,0,0,0,0,0,1,237,blue,3851,3796,7647
84,,4810160,1,20260922,5808,365,0,,,,,5251,394,0,,,,,3,37.23896903650589,138.343486,,,0,0,0,0,0,0,0,0,0,0,237,blue,6173,5645,11818
84,,4810170,1,20260922,,,,,,,,,,,,,,,3,37.18690003644924,138.272953,,,1,0,0,0,0,0,0,0,0,0,237,blue,0,0,0
84,,4810180,1,20260922,9210,395,0,,,,,9146,275,0,,,,,3,37.17543303643671,138.266805,,,0,0,0,0,0,0,0,0,0,0,237,blue,9605,9421,19026
84,,4810190,1,20260922,11383,451,0,,,,,11738,413,0,,,,,3,37.1623530364224,138.247561,,,0,0,0,0,0,0,0,0,0,0,237,blue,11834,12151,23985
84,,4810200,1,20260922,6008,278,0,,,,,5641,273,0,,,,,3,37.105891036360454,137.990565,,,0,0,0,0,0,0,0,0,0,1,237,blue,6286,5914,12200
84,,4810210,1,20260922,5596,308,0,,,,,5382,214,0,,,,,3,37.08795603634071,137.96033,,,0,0,0,0,0,0,0,0,0,0,237,blue,5904,5596,11500
84,,4810220,1,20260922,3569,204,0,,,,,4530,149,0,,,,,3,37.057208036306754,137.905455,,,0,0,0,0,0,0,0,0,0,0,237,blue,3773,4679,8452
84,,4810230,1,20260922,3108,203,0,,,,,4418,223,0,,,,,3,37.050899036299775,137.885459,,,0,0,0,0,0,0,0,0,0,0,237,blue,3311,4641,7952
84,,4810250,1,20260922,2355,91,0,,,,,1184,28,0,,,,,3,37.05093203629982,137.890368,,,0,0,0,0,0,0,0,0,0,0,237,blue,2446,1212,3658
84,,4810260,1,20260922,5901,437,0,,,,,6094,303,0,,,,,3,36.9856190362273,138.808078,,,0,0,0,0,0,0,0,0,0,1,237,blue,6338,6397,12735
84,,4810270,1,20260922,5473,293,0,,,,,5114,256,0,,,,,3,37.24858103651632,138.916575,,,0,0,0,0,0,0,0,0,0,0,237,blue,5766,5370,11136
84,,4810280,1,20260922,1621,107,0,,,,,1305,70,0,,,,,3,37.17036103643117,138.942139,,,0,0,0,0,0,0,0,0,0,0,237,blue,1728,1375,3103
84,,4810290,1,20260922,6248,246,0,,,,,6478,278,0,,,,,3,37.07683703632844,138.265595,,,0,0,0,0,0,0,0,0,0,3,237,blue,6494,6756,13250
84,,4810300,1,20260922,2225,97,0,,,,,2225,61,0,,,,,3,37.66361103695634,139.536806,,,0,0,0,0,0,0,0,0,0,0,237,blue,2322,2286,4608
84,,4810310,1,20260922,7773,388,0,,,,,8329,329,0,,,,,3,37.84055603713779,139.147778,,,0,0,0,0,0,0,0,0,0,0,237,blue,8161,8658,16819
84,,4810330,1,20260922,27871,775,0,,,,,25031,785,0,,,,,3,37.8978060371957,139.070722,,,0,0,0,0,0,0,0,0,0,0,237,blue,28646,25816,54462
84,,4810340,1,20260922,3041,163,0,,,,,3078,198,0,,,,,3,37.563464036852,138.734306,,,0,0,0,0,0,0,0,0,0,1,237,blue,3204,3276,6480
84,,4810350,1,20260922,6781,250,0,,,,,7061,216,0,,,,,3,37.61757803690852,138.825033,,,0,0,0,0,0,0,0,0,0,0,237,blue,7031,7277,14308
84,,4810360,1,20260922,7289,424,0,,,,,8032,494,0,,,,,3,37.690358036984,138.885919,,,0,0,0,0,0,0,0,0,0,0,237,blue,7713,8526,16239
84,,4810370,1,20260922,7962,382,0,,,,,8469,374,0,,,,,3,37.8052690371019,138.92235,,,0,0,0,0,0,0,0,0,0,1,237,blue,8344,8843,17187
84,,4810380,1,20260922,15954,599,0,,,,,16973,614,0,,,,,3,37.86309703716064,138.981,,,0,0,0,0,0,0,0,0,0,0,237,blue,16553,17587,34140
84,,4810395,1,20260922,5725,250,20,,,,,5080,323,51,,,,,3,36.691540505894935,136.9116223,,,0,,,,0,15,,,0,0,237,blue,5995,5454,11449
84,,4810406,1,20260922,4032,221,62,,,,,4892,247,147,,,,,3,36.89660103612769,137.444677,,,0,,,,0,1,,,0,0,237,blue,4315,5286,9601
84,,4810410,1,20260922,6940,202,0,,,,,7769,114,0,,,,,3,36.816442036037266,137.41630300000003,,,0,0,0,0,0,78,78,0,0,0,237,blue,7142,7883,15025
84,,4810420,1,20260922,9263,286,0,,,,,9675,307,0,,,,,3,36.718606035925916,137.303914,,,0,0,0,0,0,78,78,0,0,7,237,blue,9549,9982,19531
84,,4810430,1,20260922,8059,274,0,,,,,7087,222,0,,,,,3,36.71795303592518,137.279328,,,0,0,0,0,0,87,87,0,0,15,237,blue,8333,7309,15642
84,,4810440,1,20260922,10735,448,0,,,,,10471,409,0,,,,,3,36.72027203592783,137.263083,,,0,0,0,0,0,33,33,0,0,0,237,blue,11183,10880,22063
84,,4810445,1,20260922,16221,741,20,,,,,15036,688,145,,,,,3,36.73017862593915,137.18171158,,,0,,,,0,0,,,0,0,237,blue,16982,15869,32851
84,,4810447,1,20260922,11291,525,42,,,,,12235,422,101,,,,,3,36.72863947593739,137.12486156,,,0,,,,0,1,,,0,0,237,blue,11858,12758,24616
84,,4810454,1,20260922,11068,286,987,,,,,12164,245,4,,,,,3,36.744673195955684,136.99179584,,,0,,,,0,1,,,0,0,237,blue,12341,12413,24754
84,,4810460,1,20260922,,,,,,,,,,,,,,,3,36.68745003589023,136.855675,,,1,0,0,0,0,78,78,0,0,7,237,blue,0,0,0
84,,4810462,1,20260922,3669,184,6,,,,,1347,13,0,,,,,3,36.525710035703334,137.22999,,,0,,,,0,20,,,0,0,237,blue,3859,1360,5219
84,,4810463,1,20260922,,,,,,,,,,,,,,,3,36.53609652571542,137.23114399,,,1,,,,0,19,,,0,0,237,blue,0,0,0
84,,4810470,1,20260922,,,,,,,,,,,,,,,3,36.69575603589977,137.237889,,,1,0,0,0,0,0,0,0,0,0,237,blue,0,0,0
84,,4810480,1,20260922,1925,89,0,,,,,2090,130,0,,,,,3,36.580522035767004,136.965706,,,0,0,0,0,0,88,88,0,0,0,237,blue,2014,2220,4234
84,,4810485,1,20260922,6164,106,16,,,,,6990,110,13,,,,,3,36.68510836918755,136.9765361111,,,0,,,,0,1,,,0,0,237,blue,6286,7113,13399
84,,4810490,1,20260922,2741,29,0,,,,,3256,43,0,,,,,3,36.74530803595641,137.01085,,,0,0,0,0,0,65,65,0,0,0,237,blue,2770,3299,6069
84,,4810500,1,20260922,547,34,0,,,,,274,7,0,,,,,3,36.91246103614551,137.019489,,,0,0,0,0,0,170,170,0,0,1,237,blue,581,281,862
84,,4810510,1,20260922,,,,,,,,,,,,,,,3,36.84943603607457,136.97895,,,1,,,,,,,,,,237,blue,0,0,0
84,,4810530,1,20260922,19503,793,0,,,,,14649,795,0,,,,,3,36.44611103561032,136.488056,,,0,0,0,0,0,0,0,0,0,0,237,blue,20296,15444,35740
84,,4810550,1,20260922,11048,413,0,,,,,11335,449,0,,,,,3,36.32672203546954,136.41169500000004,,,0,0,0,0,0,1,1,0,0,1,237,blue,11461,11784,23245
84,,4810570,1,20260922,9732,892,0,,,,,10300,530,0,,,,,3,36.571667035756725,136.655556,,,0,0,0,0,0,0,0,0,0,4,237,blue,10624,10830,21454
84,,4810580,1,20260922,8699,159,0,,,,,4217,88,0,,,,,3,36.54430803572498,136.640516,,,0,0,0,0,0,0,0,0,0,6,237,blue,8858,4305,13163
84,,4810590,1,20260922,20514,180,0,,,,,7109,84,0,,,,,3,36.54061903572069,136.623128,,,0,0,0,0,0,0,0,0,0,6,237,blue,20694,7193,27887
84,,4810600,1,20260922,3931,167,0,,,,,4221,177,0,,,,,3,37.04041903628817,136.969305,,,0,0,0,0,0,0,0,0,0,0,237,blue,4098,4398,8496
84,,4810610,1,20260922,,,,,,,,,,,,,,,3,36.90469303613679,136.830093,,,1,,,,,,,,,,237,blue,0,0,0
84,,4810620,1,20260922,1594,57,0,,,,,1665,117,0,,,,,3,36.86972803609746,136.79694700000002,,,0,0,0,0,0,0,0,0,0,0,237,blue,1651,1782,3433
84,,4810630,1,20260922,3740,44,0,,,,,2990,23,0,,,,,3,36.560782035744104,136.677711,,,0,0,0,0,0,0,0,0,0,2,237,blue,3784,3013,6797
85,22,5810060,1,20260922,2383,279,,,,,,2899,319,,,,,,3,34.90554603368308,138.270337,,,0,,0,,0,0,0,0,,0,237,blue,2662,3218,5880
85,22,5810080,1,20260922,5628,1947,,,,,,11195,1206,,,,,,3,34.84454203360207,138.151981,,,0,,0,,0,0,0,0,,0,237,blue,7575,12401,19976
85,22,5810090,1,20260922,,,,,,,,,,,,,,,3,34.78638703352455,138.050184,,,1,,0,,0,0,0,0,,0,237,blue,0,0,0
85,22,5810110,1,20260922,31931,3925,,,,,,24881,2619,,,,,,3,34.76273603349293,137.969553,,,0,,0,,0,0,0,0,,0,237,blue,35856,27500,63356
85,23,5810190,1,20260922,5486,463,,,,,,5842,358,,,,,,3,35.11388803395716,136.734972,,,0,,0,,0,0,0,0,,0,237,blue,5949,6200,12149
85,24,5810210,1,20260922,7433,1031,,,,,,6782,1109,,,,,,3,34.86311003362677,136.47097,,,0,,0,,0,0,0,0,,0,237,blue,8464,7891,16355
85,21,5810280,1,20260922,14935,412,,,,,,11119,299,,,,,,3,35.365972034283374,137.22477800000001,,,0,,0,,0,0,0,0,,0,237,blue,15347,11418,26765
85,21,5810330,1,20260922,13017,507,,,,,,11381,762,,,,,,3,35.44925903438983,137.419698,,,0,,0,,0,0,0,0,,0,237,blue,13524,12143,25667
85,21,5810340,1,20260922,10194,381,,,,,,9216,629,,,,,,3,35.45966703440309,137.442028,,,0,,0,,0,0,0,0,,0,237,blue,10575,9845,20420
85,21,5810350,1,20260922,5315,286,,,,,,17818,1096,,,,,,3,35.51200003446958,137.521639,,,0,,0,,0,0,0,0,,0,237,blue,5601,18914,24515
85,21,5810360,1,20260922,6127,620,,,,,,4997,482,,,,,,3,35.581250034557165,137.537222,,,0,,0,,0,0,0,0,,0,237,blue,6747,5479,12226
85,21,5810370,1,20260922,5728,215,,,,,,5172,412,,,,,,3,35.81618803485076,137.683244,,,0,,0,,0,0,0,0,,0,237,blue,5943,5584,11527
85,21,5810380,1,20260922,4297,471,,,,,,4935,410,,,,,,3,35.91502403497266,137.77069,,,0,,0,,0,0,0,0,,0,237,blue,4768,5345,10113
85,21,5810390,1,20260922,3721,394,,,,,,3079,334,,,,,,3,35.93471103499681,137.786917,,,0,,0,,0,0,0,0,,0,237,blue,4115,3413,7528
85,21,5810420,1,20260922,4082,338,,,,,,3907,366,,,,,,3,35.37572803429589,137.190676,,,0,,0,,0,0,0,0,,0,237,blue,4420,4273,8693
85,21,5810440,1,20260922,3650,345,,,,,,4033,296,,,,,,3,35.426917034361345,137.132361,,,0,,0,,0,0,0,0,,0,237,blue,3995,4329,8324
85,21,5810470,1,20260922,6723,327,,,,,,6412,1039,,,,,,3,35.418612034350744,136.946394,,,0,,0,,0,0,0,0,,0,237,blue,7050,7451,14501
85,21,5810510,1,20260922,4059,196,,,,,,3457,113,,,,,,3,35.37112003428997,136.453326,,,0,,0,,0,0,0,0,,0,237,blue,4255,3570,7825
85,23,5810530,1,20260922,11148,2106,,,,,,8738,1508,,,,,,3,34.696128033403625,137.40686,,,0,,0,,0,0,0,0,,0,237,blue,13254,10246,23500
85,23,5810570,1,20260922,10998,1585,,,,,,11136,1912,,,,,,3,34.84938803360853,137.221222,,,0,,0,,0,0,0,0,,0,237,blue,12583,13048,25631
85,23,5810580,1,20260922,13368,2924,,,,,,14,8,,,,,,3,34.84869403360759,137.197416,,,0,,0,,0,0,0,0,,0,237,blue,16292,22,16314
85,23,5810620,1,20260922,21184,3748,,,,,,18174,3132,,,,,,3,35.10119403394058,136.86925,,,0,,0,,0,0,0,0,,0,237,blue,24932,21306,46238
85,24,5810670,1,20260922,11707,632,,,,,,12259,539,,,,,,3,34.65002003334157,136.51956,,,0,,0,,0,0,0,0,,0,237,blue,12339,12798,25137
85,24,5810680,1,20260922,10134,1205,,,,,,11258,734,,,,,,3,34.71907003343443,136.4716,,,0,,0,,0,0,0,0,,0,237,blue,11339,11992,23331
85,24,5810690,1,20260922,12654,844,,,,,,12568,830,,,,,,3,34.64712003333765,136.49449,,,0,,0,,0,0,0,0,,0,237,blue,13498,13398,26896
85,24,5810700,1,20260922,10627,2180,,,,,,17261,2821,,,,,,3,34.850220033609624,136.416645,,,0,,0,,0,0,0,0,,0,237,blue,12807,20082,32889
85,24,5810730,1,20260922,23703,2700,,,,,,24009,2517,,,,,,3,34.62822503331218,135.986212,,,0,,0,,0,0,0,0,,0,237,blue,26403,26526,52929
85,21,5810760,1,20260922,5231,285,,,,,,4287,243,,,,,,3,35.55276203452119,137.177488,,,0,,0,,0,0,0,0,,0,237,blue,5516,4530,10046
85,21,5810770,1,20260922,2041,132,,,,,,1706,126,,,,,,3,35.64602003463866,137.169715,,,0,,0,,0,0,0,0,,0,237,blue,2173,1832,4005
85,21,5810780,1,20260922,3473,333,,,,,,3431,315,,,,,,3,35.667031034665,137.162564,,,0,,0,,0,0,0,0,,0,237,blue,3806,3746,7552
85,21,5810790,1,20260922,2824,461,,,,,,2781,168,,,,,,3,35.74291003475978,137.208481,,,0,,0,,0,0,0,0,,0,237,blue,3285,2949,6234
85,21,5810800,1,20260922,3113,586,,,,,,2668,309,,,,,,3,35.77947703480525,137.252586,,,0,,0,,0,0,0,0,,0,237,blue,3699,2977,6676
85,21,5810810,1,20260922,4738,348,,,,,,4423,353,,,,,,3,35.83471903487371,137.232014,,,0,,0,,0,0,0,0,,0,237,blue,5086,4776,9862
85,21,5810830,1,20260922,1022,106,,,,,,3024,398,,,,,,3,36.02357503510535,137.294767,,,0,,0,,0,0,0,0,,0,237,blue,1128,3422,4550
85,21,5810840,1,20260922,4980,117,,,,,,5191,245,,,,,,3,36.10871303520861,137.266233,,,0,,0,,0,0,0,0,,0,237,blue,5097,5436,10533
85,21,5810850,1,20260922,6340,499,,,,,,5279,327,,,,,,3,36.12373303522673,137.258932,,,0,,0,,0,0,0,0,,0,237,blue,6839,5606,12445
85,21,5810860,1,20260922,2849,246,,,,,,3032,372,,,,,,3,36.25072803537914,137.162845,,,0,,0,,0,0,0,0,,0,237,blue,3095,3404,6499
85,21,5810880,1,20260922,1436,78,,,,,,1483,82,,,,,,3,36.31423303545473,137.259675,,,0,,0,,0,0,0,0,,0,237,blue,1514,1565,3079
85,24,5810890,1,20260922,3264,143,,,,,,3601,294,,,,,,3,34.407524733012174,136.4423714,,,0,,0,,0,0,0,0,,0,237,blue,3407,3895,7302
85,24,5810900,1,20260922,1335,168,,,,,,1115,57,,,,,,3,34.1617406326732,136.2779067,,,0,,0,,0,0,0,0,,0,237,blue,1503,1172,2675
85,24,5810920,1,20260922,1987,174,,,,,,1810,671,,,,,,3,34.05028613251784,136.1958331,,,0,,0,,0,0,0,0,,0,237,blue,2161,2481,4642
85,24,5810930,1,20260922,437,8,,,,,,404,12,,,,,,3,33.98629813242818,136.1080803,,,0,,0,,0,0,0,0,,0,237,blue,445,416,861
85,24,5810940,1,20260922,957,156,,,,,,1099,102,,,,,,3,33.93298113235323,136.0940822,,,0,,0,,0,0,0,0,,0,237,blue,1113,1201,2314
85,24,5810960,1,20260922,4262,236,,,,,,3394,160,,,,,,3,34.00152563244955,136.1851117,,,0,,0,,0,0,0,0,,0,237,blue,4498,3554,8052
85,24,5810970,1,20260922,4034,234,,,,,,3302,181,,,,,,3,33.942137832366114,136.1524581,,,0,,0,,0,0,0,0,,0,237,blue,4268,3483,7751
85,24,5810980,1,20260922,4370,295,,,,,,3507,163,,,,,,3,33.92889863234747,136.1381858,,,0,,0,,0,0,0,0,,0,237,blue,4665,3670,8335
85,24,5810990,1,20260922,3329,105,,,,,,2697,159,,,,,,3,33.74057583208088,135.9955167,,,0,,0,,0,0,0,0,,0,237,blue,3434,2856,6290
85,24,5811000,1,20260922,4407,264,,,,,,3593,201,,,,,,1,34.10420863259313,136.1948133,,,0,,0,,0,0,0,0,,0,237,blue,4671,3794,8465
85,22,5811020,1,20260922,1448,173,,,,,,1234,563,,,,,,3,35.15084103400535,138.522379,,,1,,0,,0,0,0,0,,0,237,blue,1621,1797,3418
85,22,5811030,1,20260922,2329,105,,,,,,2479,127,,,,,,3,35.15470103401037,138.520314,,,0,,0,,0,0,0,0,,0,237,blue,2434,2606,5040
85,22,5811040,1,20260922,,,,,,,,,,,,,,,3,35.19272303405982,138.529894,,,1,,0,,0,0,0,0,,4,237,blue,0,0,0
85,22,5811050,1,20260922,5308,258,,,,,,5650,124,,,,,,3,35.37095103428976,138.860418,,,0,,0,,0,0,0,0,,0,237,blue,5566,5774,11340
85,23,5811110,1,20260922,3327,269,,,,,,3409,160,,,,,,3,35.135027033984734,137.309194,,,0,,0,,0,0,0,0,,0,237,blue,3596,3569,7165
85,23,5811120,1,20260922,3939,247,,,,,,3603,235,,,,,,3,35.149777034003954,137.332722,,,0,,0,,0,0,0,0,,2,237,blue,4186,3838,8024
85,23,5811130,1,20260922,2368,1597,,,,,,3479,197,,,,,,3,35.1700830340304,137.406805,,,0,,0,,0,0,0,0,,0,237,blue,3965,3676,7641
85,23,5811140,1,20260922,2061,229,,,,,,1748,150,,,,,,3,35.221388034097004,137.524166,,,0,,0,,0,0,0,0,,0,237,blue,2290,1898,4188
85,21,5811150,1,20260922,4160,282,,,,,,3893,381,,,,,,3,35.46219703440631,137.756093,,,0,,0,,0,0,0,0,,0,237,blue,4442,4274,8716
85,21,5811160,1,20260922,4121,661,,,,,,3767,324,,,,,,3,35.50206103445697,137.792544,,,0,,0,,0,0,0,0,,0,237,blue,4782,4091,8873
85,23,5811170,1,20260922,2539,388,,,,,,2720,282,,,,,,3,35.21055503408296,137.106666,,,0,,0,,0,0,0,0,,0,237,blue,2927,3002,5929
85,21,5811190,1,20260922,5821,231,,,,,,4357,304,,,,,,3,35.601941034583234,136.937212,,,0,,0,,0,0,0,0,,0,237,blue,6052,4661,10713
85,21,5811230,1,20260922,6860,275,,,,,,5998,305,,,,,,3,36.13868903524477,137.164639,,,0,,0,,0,0,0,0,,0,237,blue,7135,6303,13438
85,21,5811240,1,20260922,5577,213,,,,,,5688,320,,,,,,3,36.16135703527206,137.222749,,,0,,0,,0,0,0,0,,0,237,blue,5790,6008,11798
85,22,5811250,1,20260922,2075,221,,,,,,7509,774,,,,,,3,35.312573034214765,138.927446,,,0,,0,,0,0,0,0,,0,237,blue,2296,8283,10579
85,21,5811270,1,20260922,,,,,,,,,,,,,,,3,35.23023303410846,136.596679,,,1,,0,,0,0,0,0,,0,237,blue,0,0,0
85,21,5811330,1,20260922,1563,174,,,,,,1631,129,,,,,,3,35.46731303441282,137.78409,,,0,,0,,0,0,0,0,,0,237,blue,1737,1760,3497
86,,6810010,1,20260922,3599,828,,,,,,5153,790,,,,,,3,34.89694403367168,136.336111,,,0,,0,,0,0,0,0,,0,237,blue,4427,5943,10370
86,,6810020,1,20260922,,,,,,,,,,,,,,,3,34.97777803377855,135.901667,,,1,,0,,0,0,0,0,,0,237,blue,0,0,0
86,,6810030,1,20260922,,,,,,,,,,,,,,,3,35.00527803381478,136.094722,,,1,,0,,0,237,237,0,,0,237,blue,0,0,0
86,,6810060,1,20260922,0,0,,,,,,15806,1703,,,,,,3,34.986389033789905,135.75305600000002,,,0,,0,,0,0,0,0,,0,237,blue,0,17509,17509
86,,6810089,1,20260922,,,,,,,,,,,,,,,3,34.978118033779,135.908546,,,1,,0,,0,0,0,0,,0,237,blue,0,0,0
86,,6810090,1,20260922,4698,468,,,,,,0,0,,,,,,3,34.83138903358458,135.72305600000004,,,0,,0,,0,0,0,0,,0,237,blue,5166,0,5166
86,,6810100,1,20260922,0,0,,,,,,3694,291,,,,,,3,34.83138903358458,135.723889,,,0,,0,,0,0,0,0,,0,237,blue,0,3985,3985
86,,6810105,1,20260922,12114,805,,,,,,10225,769,,,,,,3,34.71411113342777,135.4489722,,,0,,0,,0,0,0,0,,0,237,blue,12919,10994,23913
86,,6810111,1,20260922,,,,,,,,,,,,,,,3,34.6429970333321,135.019846,,,1,,0,,0,0,0,0,,0,237,blue,0,0,0
86,,6810130,1,20260922,,,,,,,,,,,,,,,3,34.842500033599364,134.330556,,,1,,0,,0,0,0,0,,0,237,blue,0,0,0
86,,6810135,1,20260922,7301,311,,,,,,5415,264,,,,,,3,36.18333336529846,136.26777780000003,,,0,,0,,0,0,0,0,,0,237,blue,7612,5679,13291
86,,6810140,1,20260922,11057,746,,,,,,9197,1614,,,,,,3,36.14305603525003,136.263889,,,0,,0,,0,0,0,0,,0,237,blue,11803,10811,22614
86,,6810150,1,20260922,,,,,,,,,,,,,,,3,36.0772220351705,136.244444,,,1,,0,,0,0,0,0,,0,237,blue,0,0,0
86,,6810160,1,20260922,9531,1944,,,,,,9791,1955,,,,,,3,36.02444403510641,136.218333,,,0,,0,,0,0,0,0,,0,237,blue,11475,11746,23221
86,,6810165,1,20260922,17246,565,,,,,,9,1,,,,,,3,35.980555595052905,136.1958333,,,0,,0,,0,0,0,0,,0,237,blue,17811,10,17821
86,,6810170,1,20260922,,,,,,,,,,,,,,,3,35.95555603502233,136.188889,,,1,,0,,0,0,0,0,,0,237,blue,0,0,0
86,,6810180,1,20260922,7072,490,,,,,,6136,344,,,,,,3,35.878333034927515,136.169444,,,0,,0,,0,0,0,0,,0,237,blue,7562,6480,14042
86,,6810190,1,20260922,,,,,,,,,,,,,,,3,35.719444034730536,136.094722,,,1,,0,,0,0,0,0,,0,237,blue,0,0,0
86,,6810200,1,20260922,1874,115,,,,,,1836,89,,,,,,3,35.66555603466316,136.083056,,,0,,0,,0,0,0,0,,0,237,blue,1989,1925,3914
86,,6810220,1,20260922,4495,422,,,,,,6182,279,,,,,,3,35.60416703458605,136.107222,,,0,,0,,0,0,0,0,,0,237,blue,4917,6461,11378
86,,6810230,1,20260922,3249,1090,,,,,,5258,353,,,,,,3,35.57603003455058,136.122756,,,0,,0,,0,0,0,0,,0,237,blue,4339,5611,9950
86,,6810240,1,20260922,,,,,,,,,,,,,,,3,35.512778034470564,136.173333,,,1,,0,,0,0,0,0,,0,237,blue,0,0,0
86,,6810241,1,20260922,3394,991,,,,,,2385,1179,,,,,,3,35.4322160343681,136.245092,,,0,,0,,0,0,0,0,,0,237,blue,4385,3564,7949
86,,6810250,1,20260922,8353,777,,,,,,8438,724,,,,,,3,35.27555603416706,136.269444,,,0,,0,,0,0,0,0,,0,237,blue,9130,9162,18292
86,,6810260,1,20260922,6842,544,,,,,,6813,539,,,,,,3,35.11611103396005,136.128333,,,0,,0,,0,0,0,0,,0,237,blue,7386,7352,14738
86,,6810270,1,20260922,7581,526,,,,,,6906,1433,,,,,,3,35.091944033928485,136.089722,,,0,,0,,0,0,0,0,,0,237,blue,8107,8339,16446
86,,6810280,1,20260922,541,16,,,,,,4065,199,,,,,,3,35.66000003465618,136.084722,,,0,,0,,0,0,0,0,,0,237,blue,557,4264,4821
86,,6810290,1,20260922,9848,2591,,,,,,14369,1474,,,,,,3,34.996111033802705,135.722222,,,0,,0,,0,0,0,0,,0,237,blue,12439,15843,28282
86,,6810300,1,20260922,0,0,,,,,,2707,132,,,,,,3,34.981944033784046,135.693056,,,0,,0,,0,0,0,0,,0,237,blue,0,2839,2839
86,,6810310,1,20260922,12728,596,,,,,,0,0,,,,,,3,34.981944033784046,135.692917,,,0,,0,,0,0,0,0,,0,237,blue,13324,0,13324
86,,6810320,1,20260922,10653,362,,,,,,7399,255,,,,,,3,34.992500033797945,135.64750000000004,,,0,,0,,0,0,0,0,,0,237,blue,11015,7654,18669
86,,6810330,1,20260922,11335,648,,,,,,10181,664,,,,,,3,34.989722033794294,135.636667,,,0,,0,,0,0,0,0,,0,237,blue,11983,10845,22828
86,,6810335,1,20260922,6885,473,,,,,,6301,252,,,,,,3,35.488936034440314,135.756215,,,0,,0,,0,0,0,0,,0,237,blue,7358,6553,13911
86,,6810340,1,20260922,668,27,,,,,,1126,149,,,,,,3,35.12222203396803,135.439444,,,0,,0,,0,0,0,0,,0,237,blue,695,1275,1970
86,,6810343,1,20260922,,,,,,,,,,,,,,,3,35.18777781405339,135.3219444,,,1,,0,,0,0,0,0,,0,237,blue,0,0,0
86,,6810344,1,20260922,3934,404,,,,,,4736,395,,,,,,3,35.24583336412865,135.2161111,,,0,,0,,0,0,0,0,,0,237,blue,4338,5131,9469
86,,6810346,1,20260922,5991,578,,,,,,5718,572,,,,,,3,35.28305559417674,135.1777778,,,0,,0,,0,0,0,0,,0,237,blue,6569,6290,12859
86,,6810348,1,20260922,8401,641,,,,,,6866,600,,,,,,3,35.3139820342166,135.101491,,,0,,0,,0,0,0,0,,0,237,blue,9042,7466,16508
86,,6810360,1,20260922,1751,606,,,,,,2069,161,,,,,,3,35.333611034241834,134.917222,,,0,,0,,0,0,0,0,,0,237,blue,2357,2230,4587
86,,6810365,1,20260922,7087,351,,,,,,7262,321,,,,,,3,36.25913403538918,136.286774,,,0,,0,,0,0,0,0,,0,237,blue,7438,7583,15021
86,,6810370,1,20260922,4001,311,,,,,,3220,182,,,,,,3,35.38305603430526,134.671667,,,0,,0,,0,0,0,0,,0,237,blue,4312,3402,7714
86,,6810390,1,20260922,3858,335,,,,,,3305,192,,,,,,3,35.48083303443001,134.585278,,,0,,0,,0,0,0,0,,0,237,blue,4193,3497,7690
86,,6810400,1,20260922,2924,244,,,,,,2419,207,,,,,,3,35.50388903445929,134.533889,,,0,,0,,0,0,0,0,,0,237,blue,3168,2626,5794
86,,6810410,1,20260922,,,,,,,,,,,,,,,3,35.5247220344857,134.4275,,,0,,0,,0,0,0,0,,237,237,blue,0,0,0
86,,6810420,1,20260922,5386,370,,,,,,4926,278,,,,,,3,35.33111103423862,136.352222,,,0,,0,,0,0,0,0,,0,237,blue,5756,5204,10960
86,,6810450,1,20260922,6041,256,,,,,,2441,59,,,,,,3,34.229683032767404,135.169164,,,0,,0,,0,0,0,0,,0,237,blue,6297,2500,8797
86,,6810492,1,20260922,6505,1226,,,,,,6836,448,,,,,,3,34.5749167332401,135.6647778,,,0,,0,,0,0,0,0,,0,237,blue,7731,7284,15015
86,,6810500,1,20260922,,,,,,,,,,,,,,,3,34.58000003324698,135.466581,,,1,,0,,0,0,0,0,,0,237,blue,0,0,0
86,,6810510,1,20260922,,,,,,,,,,,,,,,3,34.5797220332466,135.466581,,,1,,0,,0,0,0,0,,0,237,blue,0,0,0
86,,6810540,1,20260922,,,,,,,,,,,,,,,3,34.36000003294702,135.269444,,,1,,0,,0,0,0,0,,0,237,blue,0,0,0
86,,6810550,1,20260922,,,,,,,,,,,,,,,3,34.32270003289575,135.19756,,,1,,0,,0,0,0,0,,0,237,blue,0,0,0
86,,6810551,1,20260922,11235,1173,,,,,,10644,422,,,,,,3,34.32488893289876,135.1913056,,,0,,0,,0,0,0,0,,0,237,blue,12408,11066,23474
86,,6810552,1,20260922,5851,230,,,,,,6136,228,,,,,,3,34.31283333288218,135.1605,,,0,,0,,0,0,0,0,,0,237,blue,6081,6364,12445
86,,6810560,1,20260922,,,,,,,,,,,,,,,3,34.24805603279281,135.175,,,1,,0,,0,0,0,0,,0,237,blue,0,0,0
86,,6810580,1,20260922,7365,149,,,,,,3402,156,,,,,,3,35.633611034623065,136.021389,,,0,,0,,0,0,0,0,,0,237,blue,7514,3558,11072
86,,6810590,1,20260922,4304,222,,,,,,4005,143,,,,,,3,35.58083303455663,135.910417,,,0,,0,,0,0,0,0,,0,237,blue,4526,4148,8674
86,,6810610,1,20260922,5528,332,,,,,,4704,725,,,,,,3,35.469444034415524,135.825,,,0,,0,,0,0,0,0,,0,237,blue,5860,5429,11289
86,,6810620,1,20260922,4263,222,,,,,,5041,291,,,,,,3,35.483056034432835,135.666111,,,0,,0,,0,0,0,0,,0,237,blue,4485,5332,9817
86,,6810630,1,20260922,,,,,,,,,,,,,,,3,35.48805603443919,135.595833,,,1,,0,,0,0,0,0,,0,237,blue,0,0,0
86,,6810660,1,20260922,3566,316,,,,,,2925,434,,,,,,3,35.48083303443001,135.421389,,,0,,0,,0,28,28,0,,0,237,blue,3882,3359,7241
86,,6810667,1,20260922,1834,35,,,,,,5671,702,,,,,,3,35.46027781440387,135.3566667,,,0,,0,,0,28,28,0,,0,237,blue,1869,6373,8242
86,,6810670,1,20260922,4491,365,,,,,,4158,345,,,,,,3,35.414167034345056,135.333056,,,0,,0,,0,28,28,0,,0,237,blue,4856,4503,9359
86,,6810671,1,20260922,4781,330,,,,,,4634,296,,,,,,3,35.37888892429992,135.3169444,,,0,,0,,0,26,26,0,,0,237,blue,5111,4930,10041
86,,6810730,1,20260922,,,,,,,,,,,,,,,3,34.85305603361341,134.605278,,,1,,0,,0,0,0,0,,0,237,blue,0,0,0
86,,6810740,1,20260922,,,,,,,,,,,,,,,3,34.87691203364509,134.61312,,,1,,0,,0,237,237,0,,0,237,blue,0,0,0
86,,6810750,1,20260922,,,,,,,,,,,,,,,3,35.07068203390065,134.587422,,,1,,0,,0,0,0,0,,0,237,blue,0,0,0
86,,6810760,1,20260922,,,,,,,,,,,,,,,3,35.145672033998615,134.539014,,,1,,0,,0,0,0,0,,0,237,blue,0,0,0
86,,6810770,1,20260922,5001,733,,,,,,3584,310,,,,,,3,33.692375032012194,135.984591,,,0,,0,,0,0,0,0,,0,237,blue,5734,3894,9628
86,,6810780,1,20260922,2864,249,,,,,,1275,1413,,,,,,3,33.61777803190555,135.927061,,,0,,0,,0,0,0,0,,0,237,blue,3113,2688,5801
86,,6810790,1,20260922,,,,,,,,,,,,,,,3,33.56853903183492,135.910197,,,1,,0,,0,0,0,0,,0,237,blue,0,0,0
86,,6810800,1,20260922,4591,391,,,,,,4842,242,,,,,,3,33.50323103174097,135.806228,,,0,,0,,0,0,0,0,,0,237,blue,4982,5084,10066
86,,6810810,1,20260922,4023,237,,,,,,4312,382,,,,,,3,33.48392803171314,135.760481,,,0,,0,,0,0,0,0,,0,237,blue,4260,4694,8954
86,,6810820,1,20260922,1,0,,,,,,337,20,,,,,,3,33.509890031750565,135.60639100000003,,,0,,0,,0,0,0,0,,0,237,blue,1,357,358
86,,6810830,1,20260922,,,,,,,,,,,,,,,3,33.51850003176297,135.57,,,1,,0,,0,0,0,0,,0,237,blue,0,0,0
86,,6810840,1,20260922,1652,104,,,,,,1396,29,,,,,,3,33.554167031814266,135.458889,,,0,,0,,0,0,0,0,,0,237,blue,1756,1425,3181
86,,6810850,1,20260922,6167,125,,,,,,669,3,,,,,,3,33.70273603202697,135.411942,,,0,,0,,0,0,0,0,,0,237,blue,6292,672,6964
86,,6810860,1,20260922,9482,143,,,,,,6073,393,,,,,,3,33.72250003205514,135.404722,,,0,,0,,0,0,0,0,,0,237,blue,9625,6466,16091
86,,6810880,1,20260922,,,,,,,,,,,,,,,3,33.748889032092684,135.3275,,,1,,0,,0,0,0,0,,0,237,blue,0,0,0
86,,6810890,1,20260922,4140,444,,,,,,5263,361,,,,,,3,33.7811110321385,135.3025,,,0,,0,,0,0,0,0,,0,237,blue,4584,5624,10208
86,,6810900,1,20260922,,,,,,,,,,,,,,,3,33.91892803233343,135.146508,,,1,,0,,0,0,0,0,,0,237,blue,0,0,0
86,,6810910,1,20260922,2662,757,,,,,,0,0,,,,,,3,33.94659203237239,135.12965,,,0,,0,,0,0,0,0,,0,237,blue,3419,0,3419
86,,6810920,1,20260922,7419,590,,,,,,5687,353,,,,,,3,34.04305603250771,135.189722,,,0,,0,,0,0,0,0,,0,237,blue,8009,6040,14049
86,,6810930,1,20260922,,,,,,,,,,,,,,,3,34.047035032513286,135.189167,,,1,,0,,0,0,0,0,,0,237,blue,0,0,0
86,,6810950,1,20260922,2395,101,,,,,,6367,375,,,,,,3,34.19539403271991,135.169583,,,0,,0,,0,0,0,0,,0,237,blue,2496,6742,9238
86,,6810960,1,20260922,788,107,,,,,,8022,391,,,,,,3,33.74962803209376,135.359472,,,0,,0,,0,0,0,0,,0,237,blue,895,8413,9308
86,,6810980,1,20260922,,,,,,,,,,,,,,,3,34.652222033344536,135.48972200000003,,,1,,0,,0,0,0,0,,0,237,blue,0,0,0
86,,6810990,1,20260922,,,,,,,,,,,,,,,3,35.551944034520155,136.098333,,,1,,0,,0,0,0,0,,0,237,blue,0,0,0
86,,6811000,1,20260922,3378,153,,,,,,4146,352,,,,,,3,35.530000034492396,136.094444,,,0,,0,,0,0,0,0,,0,237,blue,3531,4498,8029
86,,6811010,1,20260922,2747,503,,,,,,4557,301,,,,,,3,35.47888903442754,136.083056,,,0,,0,,0,0,0,0,,0,237,blue,3250,4858,8108
86,,6811020,1,20260922,3097,157,,,,,,2796,238,,,,,,3,35.39750003432375,136.024722,,,0,,0,,0,0,0,0,,0,237,blue,3254,3034,6288
86,,6811030,1,20260922,17094,2648,,,,,,11663,2649,,,,,,3,35.28722203418211,136.018056,,,0,,0,,0,0,0,0,,0,237,blue,19742,14312,34054
86,,6811040,1,20260922,4356,751,,,,,,9409,588,,,,,,3,35.24777803413116,135.960556,,,0,,0,,0,0,0,0,,0,237,blue,5107,9997,15104
86,,6811050,1,20260922,,,,,,,,,,,,,,,3,35.237778034118236,135.943333,,,1,,0,,0,237,237,0,,0,237,blue,0,0,0
86,,6811080,1,20260922,,,,,,,,,,,,,,,3,34.71861103343382,135.569444,,,1,,0,,0,0,0,0,,0,237,blue,0,0,0
86,,6811120,1,20260922,4699,292,,,,,,4818,331,,,,,,3,35.0725560339031,135.008778,,,0,,0,,0,0,0,0,,0,237,blue,4991,5149,10140
86,,6811130,1,20260922,4551,538,,,,,,3634,202,,,,,,3,35.12139403396696,135.005953,,,0,,0,,0,0,0,0,,0,237,blue,5089,3836,8925
86,,6811150,1,20260922,,,,,,,,,,,,,,,3,35.16055603401799,135.066111,,,0,,0,,0,0,0,0,,237,237,blue,0,0,0
86,,6811160,1,20260922,,,,,,,,,,,,,,,3,35.23305603411212,135.020833,,,0,,0,,0,0,0,0,,237,237,blue,0,0,0
86,,6811165,1,20260922,6669,1289,,,,,,5520,1183,,,,,,3,35.28748503418245,134.977245,,,0,,0,,0,0,0,0,,0,237,blue,7958,6703,14661
86,,6811170,1,20260922,,,,,,,,,,,,,,,3,35.29111103418713,134.970556,,,0,,0,,0,0,0,0,,237,237,blue,0,0,0
86,,6811180,1,20260922,,,,,,,,,,,,,,,3,35.30305603420252,134.92,,,0,,0,,0,0,0,0,,237,237,blue,0,0,0
86,,6811190,1,20260922,,,,,,,,,,,,,,,3,35.34500003425647,134.801111,,,0,,0,,0,0,0,0,,237,237,blue,0,0,0
86,,6811200,1,20260922,,,,,,,,,,,,,,,3,35.36333303427999,134.759167,,,0,,0,,0,0,0,0,,237,237,blue,0,0,0
86,,6811210,1,20260922,5608,477,,,,,,7101,202,,,,,,3,35.49942303445363,134.790538,,,0,,0,,0,0,0,0,,0,237,blue,6085,7303,13388
86,,6811220,1,20260922,5491,140,,,,,,5326,146,,,,,,3,35.474942034422526,134.764925,,,0,,0,,0,0,0,0,,0,237,blue,5631,5472,11103
86,,6811230,1,20260922,6680,242,,,,,,6471,394,,,,,,3,35.43722003437449,134.767839,,,0,,0,,0,0,0,0,,0,237,blue,6922,6865,13787
86,,6811260,1,20260922,7169,266,,,,,,8495,814,,,,,,3,35.01754603383091,136.023618,,,0,,0,,0,0,0,0,,0,237,blue,7435,9309,16744
86,,6811310,1,20260922,33506,2287,,,,,,33126,1989,,,,,,3,34.78856603352747,134.816183,,,0,,0,,0,0,0,0,,0,237,blue,35793,35115,70908
86,,6811320,1,20260922,,,,,,,,,,,,,,,3,34.81472203356237,134.673055,,,1,,0,,0,0,0,0,,0,237,blue,0,0,0
86,,6811340,1,20260922,13085,693,,,,,,24657,1334,,,,,,3,34.83503003358942,134.618945,,,0,,0,,0,0,0,0,,0,237,blue,13778,25991,39769
86,,6811400,1,20260922,5881,341,,,,,,4256,382,,,,,,3,34.54152803319483,135.675417,,,0,,0,,0,0,0,0,,0,237,blue,6222,4638,10860
87,,7810030,1,20260922,10936,107,0,,,,,8365,793,0,,,,,3,34.46130403308565,133.299608,,,0,0,0,0,0,0,0,0,0,0,237,blue,11043,9158,20201
87,,7810050,1,20260922,6455,832,0,,,,,2855,940,0,,,,,3,34.405934033009984,133.010289,,,0,0,0,0,0,0,0,0,0,0,237,blue,7287,3795,11082
87,,7810060,1,20260922,5375,661,0,,,,,5720,527,0,,,,,3,34.391480032990195,132.905302,,,0,0,0,0,0,0,0,0,0,0,237,blue,6036,6247,12283
87,,7810080,1,20260922,,,,,,,,6950,664,0,,,,,3,34.40409903300748,132.811446,,,0,0,0,0,0,0,0,0,0,0,237,blue,0,7614,7614
87,,7810090,1,20260922,4782,1385,0,,,,,3555,542,0,,,,,3,34.37165503296302,132.548551,,,0,0,0,0,0,0,0,0,0,0,237,blue,6167,4097,10264
87,,7810100,1,20260922,144,18,0,,,,,4607,516,0,,,,,3,34.370314032961176,132.43065,,,0,0,0,0,0,0,0,0,0,0,237,blue,162,5123,5285
87,,7810120,1,20260922,8877,1075,0,,,,,9278,989,0,,,,,3,34.40929103301459,133.075998,,,0,0,0,0,0,1,1,0,0,0,237,blue,9952,10267,20219
87,,7810130,1,20260922,4612,1046,0,,,,,3935,507,0,,,,,3,34.394348032994124,133.04909,,,0,0,0,0,0,0,0,0,0,0,237,blue,5658,4442,10100
87,,7810140,1,20260922,414,29,0,,,,,273,215,0,,,,,3,34.186157032707094,132.173982,,,0,0,0,0,0,0,0,0,0,0,237,blue,443,488,931
87,,7810150,1,20260922,12742,1672,0,,,,,3642,790,0,,,,,3,34.069307032544415,131.669576,,,0,0,0,0,0,0,0,0,0,0,237,blue,14414,4432,18846
87,,7810180,1,20260922,5779,119,0,,,,,7848,1231,0,,,,,3,34.03918803250232,131.248456,,,0,0,0,0,0,0,0,0,0,0,237,blue,5898,9079,14977
87,,7810220,1,20260922,18616,593,0,,,,,16812,413,0,,,,,3,35.51908503447856,134.20671,,,0,0,0,0,0,0,0,0,0,0,237,blue,19209,17225,36434
87,,7810230,1,20260922,9468,288,0,,,,,8156,269,0,,,,,3,35.523372034484,134.171906,,,0,0,0,0,0,0,0,0,0,0,237,blue,9756,8425,18181
87,,7810240,1,20260922,6303,201,0,,,,,5819,201,0,,,,,3,35.527852034489676,134.139977,,,0,0,0,0,0,0,0,0,0,0,237,blue,6504,6020,12524
87,,7810250,1,20260922,7060,355,0,,,,,6336,364,0,,,,,3,35.51594103447459,134.071698,,,0,0,0,0,0,0,0,0,0,0,237,blue,7415,6700,14115
87,,7810280,1,20260922,3752,245,0,,,,,3362,172,0,,,,,3,35.50301603445818,133.70857000000004,,,0,0,0,0,0,0,0,0,0,0,237,blue,3997,3534,7531
87,,7810330,1,20260922,6417,442,0,,,,,7356,294,0,,,,,3,35.46553703441056,133.4305,,,0,0,0,0,0,0,0,0,0,0,237,blue,6859,7650,14509
87,,7810350,1,20260922,8040,358,0,,,,,7842,461,0,,,,,3,35.432832034368886,133.358295,,,0,0,0,0,0,0,0,0,0,0,237,blue,8398,8303,16701
87,,7810360,1,20260922,9577,219,0,,,,,8719,270,0,,,,,3,35.43101403436657,133.331902,,,0,0,0,0,0,0,0,0,0,0,237,blue,9796,8989,18785
87,,7810380,1,20260922,11967,729,0,,,,,11494,551,0,,,,,3,35.48149203443085,133.474531,,,0,0,0,0,0,0,0,0,0,0,237,blue,12696,12045,24741
87,,7810390,1,20260922,11857,614,0,,,,,10300,530,0,,,,,3,35.476145034424064,133.461163,,,0,0,0,0,0,0,0,0,0,0,237,blue,12471,10830,23301
87,,7810400,1,20260922,9975,711,0,,,,,9567,593,0,,,,,3,35.432832034368886,133.415136,,,0,0,0,0,0,0,0,0,0,0,237,blue,10686,10160,20846
87,,7810420,1,20260922,8548,395,0,,,,,10438,592,0,,,,,3,35.50747003446383,133.61465,,,0,0,0,0,0,0,0,0,0,0,237,blue,8943,11030,19973
87,,7810430,1,20260922,7356,256,0,,,,,7111,298,0,,,,,3,35.57299803454675,134.315436,,,0,0,0,0,0,0,0,0,0,0,237,blue,7612,7409,15021
87,,7810440,1,20260922,9096,656,0,,,,,8895,654,0,,,,,3,35.40803703433723,133.302548,,,0,0,0,0,0,1,1,0,0,0,237,blue,9752,9549,19301
87,,7810480,1,20260922,2438,147,0,,,,,2208,131,0,,,,,3,35.27600903416763,132.599938,,,0,0,0,0,0,0,0,0,0,0,237,blue,2585,2339,4924
87,,7810500,1,20260922,3141,168,0,,,,,3142,100,0,,,,,3,35.198965034067925,132.455335,,,0,0,0,0,0,0,0,0,0,0,237,blue,3309,3242,6551
87,,7810530,1,20260922,1194,86,0,,,,,1111,41,0,,,,,3,35.0882140339236,132.347724,,,0,0,0,0,0,0,0,0,0,0,237,blue,1280,1152,2432
87,,7810540,1,20260922,5772,251,0,,,,,5728,217,0,,,,,3,35.05910603388547,132.317104,,,0,0,0,0,0,1,1,0,0,0,237,blue,6023,5945,11968
87,,7810550,1,20260922,120,4,0,,,,,0,0,0,,,,,3,35.03529803385423,132.246444,,,0,0,0,0,0,1,1,0,0,0,237,blue,124,0,124
87,,7810560,1,20260922,4446,292,0,,,,,5905,233,0,,,,,3,34.96136103375689,132.144917,,,0,0,0,0,0,0,0,0,0,0,237,blue,4738,6138,10876
87,,7810570,1,20260922,7318,428,0,,,,,6469,366,0,,,,,3,34.92234503370532,132.109083,,,0,0,0,0,0,0,0,0,0,0,237,blue,7746,6835,14581
87,,7810580,1,20260922,6623,488,0,,,,,6720,402,0,,,,,3,34.90375903368071,132.105961,,,0,0,0,0,0,1,1,0,0,0,237,blue,7111,7122,14233
87,,7810590,1,20260922,7088,455,0,,,,,6563,329,0,,,,,3,34.892214033665404,132.087679,,,0,0,0,0,0,0,0,0,0,0,237,blue,7543,6892,14435
87,,7810600,1,20260922,7519,473,0,,,,,6903,329,0,,,,,3,34.886378033657664,132.069161,,,0,0,0,0,0,0,0,0,0,0,237,blue,7992,7232,15224
87,,7810610,1,20260922,3918,224,0,,,,,3517,513,0,,,,,3,34.8693890336351,132.044972,,,0,0,0,0,0,0,0,0,0,0,237,blue,4142,4030,8172
87,,7810630,1,20260922,2599,157,0,,,,,2738,183,0,,,,,3,34.69280003339916,131.858404,,,0,0,0,0,0,0,0,0,0,0,237,blue,2756,2921,5677
87,,7810640,1,20260922,4018,341,0,,,,,4298,334,0,,,,,3,34.64982003334131,131.812549,,,0,0,0,0,0,0,0,0,0,0,237,blue,4359,4632,8991
87,,7810650,1,20260922,3080,256,0,,,,,3005,158,0,,,,,3,34.603665033279,131.799331,,,0,0,0,0,0,0,0,0,0,0,237,blue,3336,3163,6499
87,,7810660,1,20260922,2919,241,0,,,,,2979,157,0,,,,,3,34.56766203323026,131.793408,,,0,0,0,0,0,0,0,0,0,0,237,blue,3160,3136,6296
87,,7810670,1,20260922,2506,117,0,,,,,2724,83,0,,,,,3,34.4411940330582,131.772423,,,0,0,0,0,0,0,0,0,0,0,237,blue,2623,2807,5430
87,,7810680,1,20260922,19594,1143,0,,,,,21734,1102,0,,,,,3,35.44391203438301,133.070902,,,0,0,0,0,0,1,1,0,0,0,237,blue,20737,22836,43573
87,,7810700,1,20260922,8273,303,0,,,,,8412,312,0,,,,,3,35.37289303429224,132.787156,,,0,0,0,0,0,0,0,0,0,0,237,blue,8576,8724,17300
87,,7810710,1,20260922,8288,331,0,,,,,8462,356,0,,,,,3,35.37446803429426,132.777994,,,0,0,0,0,0,0,0,0,0,0,237,blue,8619,8818,17437
87,,7810730,1,20260922,5541,291,0,,,,,5972,225,0,,,,,3,35.0087950338194,132.223163,,,0,0,0,0,0,1,1,0,0,0,237,blue,5832,6197,12029
87,,7810750,1,20260922,2176,193,0,,,,,2454,209,0,,,,,3,34.66552003336244,131.809437,,,0,0,0,0,0,0,0,0,0,0,237,blue,2369,2663,5032
87,,7810780,1,20260922,125,78,0,,,,,5246,258,0,,,,,3,34.245635032789465,131.522947,,,0,0,0,0,0,0,0,0,0,0,237,blue,203,5504,5707
87,,7810790,1,20260922,8705,969,0,,,,,286,2,0,,,,,3,34.190602032713265,131.483723,,,0,0,0,0,0,0,0,0,0,0,237,blue,9674,288,9962
87,,7810800,1,20260922,9384,353,0,,,,,0,0,0,,,,,3,34.18878403271073,131.480083,,,0,0,0,0,0,0,0,0,0,0,237,blue,9737,0,9737
87,,7810840,1,20260922,5069,263,0,,,,,5369,111,0,,,,,3,35.47203803441882,134.240441,,,0,0,0,0,0,0,0,0,0,0,237,blue,5332,5480,10812
87,,7810850,1,20260922,10940,481,0,,,,,13713,628,0,,,,,3,35.49999403445436,134.20171,,,0,0,0,0,0,1,1,0,0,0,237,blue,11421,14341,25762
87,,7810870,1,20260922,12398,256,0,,,,,12938,240,0,,,,,3,34.52362703317051,133.901839,,,0,0,0,0,0,0,0,0,0,0,237,blue,12654,13178,25832
87,,7810900,1,20260922,5511,508,0,,,,,5737,442,0,,,,,3,34.9118280336914,133.946407,,,0,0,0,0,0,0,0,0,0,0,237,blue,6019,6179,12198
87,,7810950,1,20260922,547,81,0,,,,,5104,424,0,,,,,3,35.3698230342883,134.215379,,,0,0,0,0,0,0,0,0,0,0,237,blue,628,5528,6156
87,,7810960,1,20260922,5444,630,0,,,,,4667,540,0,,,,,3,34.64456803333422,132.667015,,,0,0,0,0,0,0,0,0,0,0,237,blue,6074,5207,11281
87,,7810970,1,20260922,2953,254,0,,,,,3376,263,0,,,,,3,34.68134903338374,132.742245,,,0,0,0,0,0,0,0,0,0,0,237,blue,3207,3639,6846
87,,7810980,1,20260922,2079,188,0,,,,,2772,175,0,,,,,3,34.81798703356671,132.823527,,,0,0,0,0,0,0,0,0,0,0,237,blue,2267,2947,5214
87,,7810990,1,20260922,1845,176,0,,,,,1653,166,0,,,,,3,34.86090703362384,132.793186,,,0,0,0,0,0,0,0,0,0,0,237,blue,2021,1819,3840
87,,7811010,1,20260922,1653,137,0,,,,,1716,81,0,,,,,3,35.221765034097494,132.816639,,,0,0,0,0,0,0,0,0,0,0,237,blue,1790,1797,3587
87,,7811020,1,20260922,3608,365,0,,,,,3283,265,0,,,,,3,35.33258003424051,132.907662,,,0,0,0,0,0,0,0,0,0,0,237,blue,3973,3548,7521
87,,7811070,1,20260922,10076,453,0,,,,,534,314,0,,,,,3,34.23547503277542,132.6053,,,0,0,0,0,0,0,0,0,0,0,237,blue,10529,848,11377
87,,7811080,1,20260922,5479,332,0,,,,,5299,256,0,,,,,3,34.220918032755264,132.662702,,,0,0,0,0,0,0,0,0,0,0,237,blue,5811,5555,11366
87,,7811090,1,20260922,1659,110,0,,,,,1803,39,0,,,,,3,34.27213903282609,132.728126,,,0,0,0,0,0,0,0,0,0,0,237,blue,1769,1842,3611
87,,7811100,1,20260922,2608,158,0,,,,,2340,90,0,,,,,3,34.33997203291951,132.948483,,,0,0,0,0,0,0,0,0,0,0,237,blue,2766,2430,5196
87,,7811120,1,20260922,1750,117,0,,,,,1738,88,0,,,,,3,33.9055670323146,132.028679,,,0,0,0,0,0,0,0,0,0,0,237,blue,1867,1826,3693
87,,7811130,1,20260922,3757,164,0,,,,,523,64,0,,,,,3,33.93038903234958,131.978502,,,0,0,0,0,0,0,0,0,0,0,237,blue,3921,587,4508
87,,7811140,1,20260922,7919,272,0,,,,,9795,176,0,,,,,3,33.976741032414765,131.89892000000003,,,0,0,0,0,0,0,0,0,0,0,237,blue,8191,9971,18162
87,,7811150,1,20260922,12979,334,0,,,,,11274,176,0,,,,,3,33.97531203241275,131.223377,,,0,0,0,0,0,0,0,0,0,0,237,blue,13313,11450,24763
87,,7811160,1,20260922,5529,268,0,,,,,5537,254,0,,,,,3,34.0254670324831,131.108286,,,0,0,0,0,0,0,0,0,0,0,237,blue,5797,5791,11588
87,,7811170,1,20260922,3158,167,0,,,,,0,0,0,,,,,3,34.06179303253392,130.910708,,,0,0,0,0,0,0,0,0,0,0,237,blue,3325,0,3325
87,,7811190,1,20260922,2936,272,0,,,,,3349,158,0,,,,,3,34.372636032964365,131.13719,,,0,0,0,0,0,0,0,0,0,0,237,blue,3208,3507,6715
87,,7811200,1,20260922,6,1,0,,,,,9478,160,0,,,,,3,34.36655403295601,131.21721,,,0,0,0,0,0,0,0,0,0,0,237,blue,7,9638,9645
87,,7811210,1,20260922,388,25,0,,,,,9,0,0,,,,,3,34.36556503295465,131.327923,,,0,0,0,0,0,0,0,0,0,0,237,blue,413,9,422
87,,7811220,1,20260922,3636,256,0,,,,,3609,165,0,,,,,3,34.46117103308548,131.429169,,,0,0,0,0,0,0,0,0,0,0,237,blue,3892,3774,7666
87,,7811230,1,20260922,473,44,0,,,,,3843,127,0,,,,,3,34.53625103318765,131.50609,,,0,0,0,0,0,0,0,0,0,0,237,blue,517,3970,4487
87,,7811240,1,20260922,5025,44,0,,,,,6180,141,0,,,,,3,33.97863403241742,130.917824,,,0,0,0,0,0,0,0,0,0,0,237,blue,5069,6321,11390
87,,7811250,1,20260922,2907,158,0,,,,,2722,191,0,,,,,3,34.371174032962365,131.269202,,,0,0,0,0,0,0,0,0,0,0,237,blue,3065,2913,5978
87,,7811260,1,20260922,3021,159,0,,,,,2994,153,0,,,,,3,34.386217032983,131.345346,,,0,0,0,0,0,0,0,0,0,0,237,blue,3180,3147,6327
87,,7811280,1,20260922,8157,140,0,,,,,8012,102,0,,,,,3,33.98188003242198,130.919334,,,0,0,0,0,0,0,0,0,0,0,237,blue,8297,8114,16411
87,,7811290,1,20260922,2864,154,0,,,,,3065,129,0,,,,,3,34.66606703336319,131.689768,,,0,0,0,0,0,0,0,0,0,0,237,blue,3018,3194,6212
87,,7811300,1,20260922,178,9,0,,,,,458,18,0,,,,,3,34.680670033382846,131.768346,,,0,0,0,0,0,0,0,0,0,0,237,blue,187,476,663
87,,7811310,1,20260922,6360,422,0,,,,,6503,363,0,,,,,3,34.274175032828886,132.632159,,,0,0,0,0,0,0,0,0,0,0,237,blue,6782,6866,13648
88,,8810010,1,20260922,4124,276,0,,,,,3592,219,0,,,,,3,34.22576903276199,134.506281,,,0,0,0,0,0,0,0,0,0,0,237,blue,4400,3811,8211
88,,8810040,1,20260922,,,,,,,,,,,,,,,3,34.21202803274294,134.426444,,,1,0,0,0,0,0,0,0,0,0,237,blue,0,0,0
88,,8810050,1,20260922,,,,,,,,,,,,,,,3,34.2426940327854,134.369389,,,1,0,0,0,0,0,0,0,0,0,237,blue,0,0,0
88,,8810060,1,20260922,,,,,,,,,,,,,,,3,34.24194403278437,134.333056,,,1,0,0,0,0,0,0,0,0,0,237,blue,0,0,0
88,,8810070,1,20260922,,,,,,,,,,,,,,,3,34.3096610328778,134.235686,,,1,0,0,0,0,0,0,0,0,0,237,blue,0,0,0
88,,8810080,1,20260922,,,,,,,,,,,,,,,3,34.323825032897304,134.203003,,,1,0,0,0,0,0,0,0,0,0,237,blue,0,0,0
88,,8810090,1,20260922,,,,,,,,,,,,,,,3,34.31055603287904,134.040556,,,1,0,0,0,0,0,0,0,0,0,237,blue,0,0,0
88,,8810100,1,20260922,,,,,,,,,,,,,,,3,34.31083303287942,134.040833,,,1,0,0,0,0,0,0,0,0,0,237,blue,0,0,0
88,,8810110,1,20260922,,,,,,,,,,,,,,,3,34.296344462859466,133.9267892,,,1,0,0,0,0,0,0,0,0,0,237,blue,0,0,0
88,,8810120,1,20260922,8662,290,0,,,,,5502,163,0,,,,,3,34.30830303287593,133.886,,,0,0,0,0,0,0,0,0,0,0,237,blue,8952,5665,14617
88,,8810130,1,20260922,,,,,,,,,,,,,,,3,34.28116903283854,133.818719,,,1,0,0,0,0,1,1,0,0,0,237,blue,0,0,0
88,,8810150,1,20260922,,,,,,,,,,,,,,,3,33.79388903215663,132.931944,,,1,0,0,0,0,0,0,0,0,0,237,blue,0,0,0
88,,8810160,1,20260922,11403,460,0,,,,,12508,295,0,,,,,3,34.251008032796896,133.916925,,,0,0,0,0,0,0,0,0,0,0,237,blue,11863,12803,24666
88,,8810170,1,20260922,7584,511,0,,,,,7470,459,0,,,,,3,34.183472032703364,133.834944,,,0,0,0,0,0,0,0,0,0,0,237,blue,8095,7929,16024
88,,8810180,1,20260922,3962,218,0,,,,,3547,114,0,,,,,3,34.15741703266719,133.82277800000003,,,0,0,0,0,0,0,0,0,0,0,237,blue,4180,3661,7841
88,,8810210,1,20260922,,,,,,,,,,,,,,,3,34.02985603248925,133.814811,,,1,0,0,0,0,0,0,0,0,0,237,blue,0,0,0
88,,8810220,1,20260922,4259,511,0,,,,,3808,342,0,,,,,3,33.99827503244498,133.788456,,,0,0,0,0,0,0,0,0,0,0,237,blue,4770,4150,8920
88,,8810270,1,20260922,2115,253,0,,,,,2286,269,0,,,,,3,33.699149792021856,133.6898053,,,0,0,0,0,0,0,0,0,0,0,237,blue,2368,2555,4923
88,,8810310,1,20260922,,,,,,,,,,,,,,,3,33.65416703195762,133.66,,,1,0,0,0,0,0,0,0,0,0,237,blue,0,0,0
88,,8810340,1,20260922,,,,,,,,,,,,,,,3,33.55527803181588,133.460556,,,1,0,0,0,0,0,0,0,0,0,237,blue,0,0,0
88,,8810380,1,20260922,,,,,,,,,,,,,,,3,33.555000031815474,133.139444,,,1,0,0,0,0,0,0,0,0,0,237,blue,0,0,0
88,,8810400,1,20260922,,,,,,,,,,,,,,,3,33.58111103185298,132.9925,,,1,0,0,0,0,0,0,0,0,0,237,blue,0,0,0
88,,8810410,1,20260922,2911,97,0,,,,,3257,175,0,,,,,3,33.61805603190595,132.933333,,,0,0,0,0,0,0,0,0,0,0,237,blue,3008,3432,6440
88,,8810420,1,20260922,3034,131,0,,,,,3457,254,0,,,,,3,33.62777803191986,132.916389,,,0,0,0,0,0,0,0,0,0,0,237,blue,3165,3711,6876
88,,8810430,1,20260922,3527,155,0,,,,,4081,338,0,,,,,3,33.646667031946905,132.905833,,,0,0,0,0,0,0,0,0,0,0,237,blue,3682,4419,8101
88,,8810450,1,20260922,,,,,,,,,,,,,,,3,33.68178252199708,132.8835762,,,1,0,0,0,0,0,0,0,0,0,237,blue,0,0,0
88,,8810510,1,20260922,,,,,,,,,,,,,,,3,33.73555603207373,132.811667,,,1,0,0,0,0,0,0,0,0,0,237,blue,0,0,0
88,,8810520,1,20260922,,,,,,,,,,,,,,,6,33.80277803216924,132.7775,,,1,0,0,0,0,0,0,0,0,0,237,blue,0,0,0
88,,8810530,1,20260922,,,,,,,,,,,,,,,3,33.80679213217494,132.7455604,,,1,0,0,0,0,2,2,0,0,0,237,blue,0,0,0
88,,8810560,1,20260922,,,,,,,,,,,,,,,3,33.883114032282926,134.645522,,,1,0,0,0,0,0,0,0,0,0,237,blue,0,0,0
88,,8810570,1,20260922,,,,,,,,,,,,,,,3,33.87310303226879,134.637228,,,1,0,0,0,0,0,0,0,0,0,237,blue,0,0,0
88,,8810580,1,20260922,,,,,,,,,,,,,,,3,33.8064830321745,134.590708,,,1,0,0,0,0,0,0,0,0,0,237,blue,0,0,0
88,,8810640,1,20260922,2793,244,0,,,,,2073,169,0,,,,,3,33.72289703205572,134.519397,,,0,0,0,0,0,0,0,0,0,0,237,blue,3037,2242,5279
88,,8810660,1,20260922,3237,324,0,,,,,2689,222,0,,,,,3,33.66041903196656,134.406369,,,0,0,0,0,0,0,0,0,0,0,237,blue,3561,2911,6472
88,,8810670,1,20260922,,,,,,,,,,,,,,,3,33.58200303185425,134.323467,,,1,0,0,0,0,0,0,0,0,0,237,blue,0,0,0
88,,8810690,1,20260922,,,,,,,,,,,,,,,3,33.49111103172349,134.261667,,,1,0,0,0,0,0,0,0,0,0,237,blue,0,0,0
88,,8810720,1,20260922,,,,,,,,,,,,,,,3,33.33499901149748,134.1973409,,,1,0,0,0,0,0,0,0,0,0,237,blue,0,0,0
88,,8810730,1,20260922,77,0,0,,,,,1437,89,0,,,,,3,33.2510477313752,134.1807112,,,0,0,0,0,0,0,0,0,0,0,237,blue,77,1526,1603
88,,8810740,1,20260922,,,,,,,,,,,,,,,3,33.29972203144615,134.123333,,,1,0,0,0,0,0,0,0,0,0,237,blue,0,0,0
88,,8810750,1,20260922,,,,,,,,,,,,,,,3,33.371439791550394,134.039855,,,1,0,0,0,0,0,0,0,0,0,237,blue,0,0,0
88,,8810760,1,20260922,3558,167,0,,,,,3861,277,0,,,,,3,33.42416703162678,134.023333,,,0,0,0,0,0,0,0,0,0,0,237,blue,3725,4138,7863
88,,8810780,1,20260922,4158,129,0,,,,,4406,388,0,,,,,3,33.441944031652504,133.966111,,,0,0,0,0,0,0,0,0,0,0,237,blue,4287,4794,9081
88,,8810820,1,20260922,,,,,,,,,,,,,,,3,33.5033880317412,133.878652,,,1,0,0,0,0,0,0,0,0,0,237,blue,0,0,0
88,,8810840,1,20260922,,,,,,,,,,,,,,,3,33.525000031772315,133.760278,,,1,0,0,0,0,0,0,0,0,0,237,blue,0,0,0
88,,8810850,1,20260922,,,,,,,,,,,,,,,3,33.42055603162157,133.301944,,,1,0,0,0,0,0,0,0,0,0,237,blue,0,0,0
88,,8810880,1,20260922,278,10,0,,,,,263,42,0,,,,,3,33.3074340314574,133.179556,,,1,0,0,0,0,0,0,0,0,0,237,blue,288,305,593
88,,8810890,1,20260922,1481,147,0,,,,,4,10,0,,,,,3,33.28855103142989,133.172023,,,0,0,0,0,0,0,0,0,0,0,237,blue,1628,14,1642
88,,8810910,1,20260922,1492,131,0,,,,,18,1,0,,,,,3,33.266597031397886,133.171467,,,0,0,0,0,0,0,0,0,0,0,237,blue,1623,19,1642
88,,8810920,1,20260922,5283,341,0,,,,,4047,286,0,,,,,3,33.21880803132811,133.140708,,,0,0,0,0,0,0,0,0,0,0,237,blue,5624,4333,9957
88,,8810940,1,20260922,5164,251,0,,,,,4778,250,0,,,,,3,33.0089042010197,132.9856986,,,0,0,0,0,0,0,0,0,0,0,237,blue,5415,5028,10443
88,,8810960,1,20260922,1966,169,0,,,,,1955,267,0,,,,,3,32.97816103097427,132.889125,,,0,0,0,0,0,0,0,0,0,0,237,blue,2135,2222,4357
88,,8810970,1,20260922,1685,278,0,,,,,1725,135,0,,,,,3,32.977644030973515,132.885636,,,0,0,0,0,0,0,0,0,0,0,237,blue,1963,1860,3823
88,,8811000,1,20260922,3620,147,0,,,,,3225,95,0,,,,,3,32.96687203095758,132.865489,,,0,0,0,0,0,0,0,0,0,0,237,blue,3767,3320,7087
88,,8811020,1,20260922,1271,232,0,,,,,1397,173,0,,,,,3,32.96457803095418,132.816661,,,0,0,0,0,0,0,0,0,0,0,237,blue,1503,1570,3073
88,,8811040,1,20260922,2081,274,0,,,,,2465,105,0,,,,,3,32.95833303094494,132.796389,,,0,0,0,0,0,0,0,0,0,0,237,blue,2355,2570,4925
88,,8811050,1,20260922,4385,195,0,,,,,4847,172,0,,,,,3,32.93641403091248,132.736475,,,0,0,0,0,0,0,0,0,0,0,237,blue,4580,5019,9599
88,,8811060,1,20260922,2395,187,0,,,,,2538,123,0,,,,,3,32.969853030961985,132.683747,,,0,0,0,0,0,0,0,0,0,0,237,blue,2582,2661,5243
88,,8811070,1,20260922,,,,,,,,,,,,,,,3,32.970303030962654,132.665209,,,1,0,0,0,0,86,86,0,0,0,237,blue,0,0,0
88,,8811080,1,20260922,2582,65,0,,,,,2605,196,0,,,,,3,32.95232903093605,132.60067,,,0,0,0,0,0,0,0,0,0,0,237,blue,2647,2801,5448
88,,8811090,1,20260922,2873,327,0,,,,,3232,224,0,,,,,3,32.9541190309387,132.584276,,,0,0,0,0,0,0,0,0,0,0,237,blue,3200,3456,6656
88,,8811110,1,20260922,2458,161,0,,,,,2928,230,0,,,,,3,33.04654603107523,132.48536,,,0,0,0,0,0,0,0,0,0,0,237,blue,2619,3158,5777
88,,8811130,1,20260922,3415,285,0,,,,,3687,403,0,,,,,3,33.0789110311229,132.49507,,,0,0,0,0,0,0,0,0,0,0,237,blue,3700,4090,7790
88,,8811140,1,20260922,1339,104,0,,,,,1386,123,0,,,,,3,33.11350003117377,132.518333,,,0,0,0,0,0,0,0,0,0,0,237,blue,1443,1509,2952
88,,8811150,1,20260922,2403,459,0,,,,,2420,610,0,,,,,3,33.12469803119022,132.521282,,,0,0,0,0,0,0,0,0,0,0,237,blue,2862,3030,5892
88,,8811170,1,20260922,4211,239,0,,,,,3402,118,0,,,,,3,33.49517003172935,132.54537,,,0,0,0,0,0,0,0,0,0,0,237,blue,4450,3520,7970
88,,8811180,1,20260922,1681,254,0,,,,,1667,145,0,,,,,3,33.15677703123728,132.5469,,,0,0,0,0,0,0,0,0,0,0,237,blue,1935,1812,3747
88,,8811190,1,20260922,,,,,,,,,,,,,,,3,33.264024031394136,132.552651,,,1,0,0,0,0,0,0,0,0,0,237,blue,0,0,0
88,,8811210,1,20260922,10317,723,0,,,,,9787,1003,0,,,,,3,33.23340003134943,132.559577,,,0,0,0,0,0,0,0,0,0,0,237,blue,11040,10790,21830
88,,8811220,1,20260922,4705,342,0,,,,,4020,535,0,,,,,3,33.21975503132949,132.55883,,,0,0,0,0,0,0,0,0,0,0,237,blue,5047,4555,9602
88,,8811230,1,20260922,8481,920,0,,,,,8832,654,0,,,,,3,33.21400003132108,132.545961,,,0,0,0,0,0,0,0,0,0,0,237,blue,9401,9486,18887
88,,8811240,1,20260922,4397,467,0,,,,,3749,260,0,,,,,3,33.187563031282394,132.543219,,,0,0,0,0,0,0,0,0,0,0,237,blue,4864,4009,8873
88,,8811250,1,20260922,,,,,,,,,,,,,,,3,33.623917031914345,132.69675,,,1,0,0,0,0,0,0,0,0,0,237,blue,0,0,0
88,,8811260,1,20260922,,,,,,,,,,,,,,,3,33.63910303193607,132.70852,,,1,0,0,0,0,0,0,0,0,0,237,blue,0,0,0
88,,8811300,1,20260922,4667,395,0,,,,,5402,458,0,,,,,3,33.701111032024656,132.7075,,,0,0,0,0,0,0,0,0,0,0,237,blue,5062,5860,10922
88,,8811320,1,20260922,3421,161,0,,,,,3094,402,0,,,,,3,33.99242782243679,133.6034113,,,0,0,0,0,0,0,0,0,0,0,237,blue,3582,3496,7078
88,,8811330,1,20260922,1653,91,0,,,,,1659,184,0,,,,,3,33.99611044244195,133.6571521,,,0,0,0,0,0,0,0,0,0,0,237,blue,1744,1843,3587
88,,8811360,1,20260922,1625,194,0,,,,,1697,187,0,,,,,3,34.015556032469206,133.77361100000002,,,0,0,0,0,0,0,0,0,0,0,237,blue,1819,1884,3703
88,,8811430,1,20260922,,,,,,,,,,,,,,,3,33.981944032422064,132.778333,,,1,0,0,0,0,0,0,0,0,0,237,blue,0,0,0
88,,8811450,1,20260922,,,,,,,,,,,,,,,3,33.98044403241997,133.057088,,,1,0,0,0,0,0,0,0,0,0,237,blue,0,0,0
89,,9810010,1,20260922,11497,256,0,,,,,9187,560,0,,,,,3,33.86852803226232,130.79675,,,0,0,0,0,0,0,0,0,0,0,237,blue,11753,9747,21500
89,,9810020,1,20260922,,,,,,,,,,,,,,,3,33.835259032215276,130.608521,,,1,0,0,0,0,0,0,0,0,0,237,blue,0,0,0
89,,9810030,1,20260922,,,,,,,,,,,,,,,3,33.78978203215081,130.567337,,,1,0,0,0,0,0,0,0,0,0,237,blue,0,0,0
89,,9810040,1,20260922,28407,730,0,,,,,29921,947,0,,,,,3,33.744955032087105,130.488242,,,0,0,0,0,0,0,0,0,0,0,237,blue,29137,30868,60005
89,,9810050,1,20260922,,,,,,,,,,,,,,,3,33.73691203207566,130.478193,,,1,0,0,0,0,0,0,0,0,0,237,blue,0,0,0
89,,9810070,1,20260922,22690,1292,0,,,,,21557,1533,0,,,,,3,33.52600403177376,130.49557,,,0,0,0,0,0,0,0,0,0,0,237,blue,23982,23090,47072
89,,9810080,1,20260922,24163,1117,0,,,,,18167,889,0,,,,,3,33.51100303175216,130.511069,,,0,0,0,0,0,0,0,0,0,0,237,blue,25280,19056,44336
89,,9810090,1,20260922,21394,907,0,,,,,22237,1315,0,,,,,3,33.510200031751005,130.520977,,,0,0,0,0,0,0,0,0,0,0,237,blue,22301,23552,45853
89,,9810100,1,20260922,13689,980,0,,,,,14934,965,0,,,,,3,33.477797031704284,130.53932,,,0,0,0,0,0,0,0,0,0,0,237,blue,14669,15899,30568
89,,9810120,1,20260922,,,,,,,,,,,,,,,3,33.33966203150427,130.525942,,,1,,,,,,,,,,237,blue,0,0,0
89,,9810130,1,20260922,5503,520,0,,,,,4277,617,0,,,,,3,33.19870703129871,130.60119,,,0,0,0,0,0,0,0,0,0,0,237,blue,6023,4894,10917
89,,9810140,1,20260922,4317,684,0,,,,,3743,590,0,,,,,3,33.170447031257325,130.617432,,,0,0,0,0,0,0,0,0,0,0,237,blue,5001,4333,9334
89,,9810150,1,20260922,,,,,,,,,,,,,,,3,33.86806903226167,130.775199,,,1,0,0,0,0,0,0,0,0,0,237,blue,0,0,0
89,,9810160,1,20260922,14565,602,0,,,,,,,,,,,,3,33.86432503225638,130.74688,,,0,0,0,0,0,0,0,0,0,0,237,blue,15167,0,15167
89,,9810170,1,20260922,,,,,,,,,,,,,,,3,33.648732031949855,130.441499,,,1,0,0,0,0,0,0,0,0,0,237,blue,0,0,0
89,,9810180,1,20260922,24458,1214,0,,,,,24469,1168,0,,,,,3,33.61500003190157,130.438611,,,0,0,0,0,0,0,0,0,0,0,237,blue,25672,25637,51309
89,,9810190,1,20260922,15653,1271,0,,,,,14556,1233,0,,,,,3,33.4496850316637,130.546326,,,0,0,0,0,0,0,0,0,0,0,237,blue,16924,15789,32713
89,,9810200,1,20260922,,,,,,,,,,,,,,,3,33.41916903161956,130.532642,,,1,,,,,,,,,,237,blue,0,0,0
89,,9810210,1,20260922,,,,,,,,,,,,,,,3,32.92737203089908,130.698429,,,1,0,0,0,0,0,0,0,0,0,237,blue,0,0,0
89,,9810230,1,20260922,1693,161,0,,,,,1474,174,0,,,,,3,32.33541003001024,130.485852,,,0,0,0,0,0,0,0,0,0,0,237,blue,1854,1648,3502
89,,9810240,1,20260922,1357,127,0,,,,,1297,107,0,,,,,3,32.24685302987536,130.498828,,,0,0,0,0,0,0,0,0,0,0,237,blue,1484,1404,2888
89,,9810260,1,20260922,,,,,,,,,,,,,,,3,32.06933302960361,130.240833,,,1,0,0,0,0,0,0,0,0,0,237,blue,0,0,0
89,,9810270,1,20260922,,,,,,,,,,,,,,,3,32.05996802958923,130.223169,,,1,0,0,0,0,0,0,0,0,0,237,blue,0,0,0
89,,9810280,1,20260922,,,,,,,,,,,,,,,3,32.00103302949858,130.195866,,,1,0,0,0,0,0,0,0,0,0,237,blue,0,0,0
89,,9810290,1,20260922,,,,,,,,,,,,,,,3,31.77354502914685,130.301221,,,1,0,0,0,0,0,0,0,0,0,237,blue,0,0,0
89,,9810300,1,20260922,,,,,,,,,,,,,,,3,31.752394029113987,130.297198,,,1,0,0,0,0,0,0,0,0,0,237,blue,0,0,0
89,,9810310,1,20260922,,,,,,,,,,,,,,,3,31.671780028988586,130.334671,,,1,0,0,0,0,0,0,0,0,0,237,blue,0,0,0
89,,9810320,1,20260922,6058,299,0,,,,,6863,377,0,,,,,3,31.644384028945897,130.514685,,,0,0,0,0,0,0,0,0,0,0,237,blue,6357,7240,13597
89,,9810330,1,20260922,12739,614,0,,,,,10817,302,0,,,,,3,31.593127028865894,130.55217,,,0,0,0,0,0,0,0,0,0,0,237,blue,13353,11119,24472
89,,9810340,1,20260922,,,,,,,,,,,,,,,3,31.774587029148464,130.294585,,,1,0,0,0,0,0,0,0,0,0,237,blue,0,0,0
89,,9810350,1,20260922,,,,,,,,13439,982,0,,,,,3,31.586173028855043,130.521497,,,0,0,0,0,0,0,0,0,0,0,237,blue,0,14421,14421
89,,9810360,1,20260922,,,,,,,,,,,,,,,3,33.6356250319311,131.074923,,,1,0,0,0,0,2,2,0,2,0,237,blue,0,0,0
89,,9810370,1,20260922,,,,,,,,,,,,,,,3,33.60811903189171,131.1134,,,0,0,0,0,0,231,231,232,181,0,237,blue,0,0,0
89,,9810380,1,20260922,5647,737,0,,,,,5896,772,0,,,,,3,33.55407703181414,131.25154,,,0,0,0,0,0,0,0,0,0,0,237,blue,6384,6668,13052
89,,9810390,1,20260922,3705,265,0,,,,,3184,381,0,,,,,3,33.47356403169818,131.495973,,,0,0,0,0,0,0,0,0,0,0,237,blue,3970,3565,7535
89,,9810400,1,20260922,4585,284,0,,,,,4219,338,0,,,,,3,33.4199570316207,131.549075,,,0,0,0,0,0,0,0,0,0,0,237,blue,4869,4557,9426
89,,9810410,1,20260922,,,,,,,,,,,,,,,3,33.35718603152971,131.497308,,,1,0,0,0,0,0,0,0,0,0,237,blue,0,0,0
89,,9810420,1,20260922,20434,886,0,,,,,21256,1022,0,,,,,3,33.28844603142974,131.50415600000002,,,0,0,0,0,0,0,0,0,0,0,237,blue,21320,22278,43598
89,,9810430,1,20260922,10882,544,0,,,,,10217,484,0,,,,,3,33.1773230312674,131.619615,,,0,0,0,0,0,0,0,0,0,0,237,blue,11426,10701,22127
89,,9810440,1,20260922,,,,,,,,11594,644,0,,,,,3,33.091164031140934,131.647172,,,0,0,0,0,0,0,0,0,0,0,237,blue,0,12238,12238
89,,9810450,1,20260922,166,3,0,,,,,102,3,0,,,,,3,33.07813503112177,131.638559,,,1,0,0,0,0,55,55,1,100,0,237,blue,169,105,274
89,,9810460,1,20260922,113,8,0,,,,,123,13,0,,,,,3,33.03375103105637,131.689156,,,1,0,0,0,0,22,22,0,49,0,237,blue,121,136,257
89,,9810470,1,20260922,97,7,0,,,,,94,5,0,,,,,3,33.001599031008915,131.788698,,,1,0,0,0,0,64,64,0,84,0,237,blue,104,99,203
89,,9810480,1,20260922,,,,,,,,,,,,,,,3,32.95275303093668,131.841525,,,1,0,0,0,0,42,42,0,97,0,237,blue,0,0,0
89,,9810490,1,20260922,37,9,0,,,,,40,5,0,,,,,3,32.92192503089102,131.801353,,,1,0,0,0,0,22,22,1,48,0,237,blue,46,45,91
89,,9810500,1,20260922,8,1,0,,,,,14,1,0,,,,,3,32.84521503077709,131.718143,,,1,0,0,0,0,22,22,0,49,0,237,blue,9,15,24
89,,9810510,1,20260922,,,,,,,,,,,,,,,3,33.53550003178742,131.301439,,,1,0,0,0,0,0,0,0,0,0,237,blue,0,0,0
89,,9810520,1,20260922,,,,,,,,8860,355,0,,,,,3,33.17727003126732,131.636491,,,0,0,0,0,0,0,0,0,0,0,237,blue,0,9215,9215
89,,9810530,1,20260922,5,0,0,,,,,7,0,0,,,,,3,32.76588703065887,131.69922,,,1,0,0,0,0,30,30,0,70,0,237,blue,5,7,12
89,,9810540,1,20260922,0,0,0,,,,,0,0,0,,,,,3,32.73308003060985,131.712307,,,1,0,0,0,0,8,8,0,15,0,237,blue,0,0,0
89,,9810550,1,20260922,2,0,0,,,,,1,0,0,,,,,3,32.680641030531355,131.69547,,,1,0,0,0,0,7,7,0,9,0,237,blue,2,1,3
89,,9810560,1,20260922,0,0,0,,,,,0,0,0,,,,,3,32.6162990304348,131.682165,,,1,0,0,0,0,10,10,0,19,0,237,blue,0,0,0
89,,9810580,1,20260922,0,0,0,,,,,3,1,0,,,,,3,32.56240603035372,131.681538,,,1,0,0,0,0,1,1,0,4,0,237,blue,0,4,4
89,,9810590,1,20260922,,,,,,,,,,,,,,,3,32.512945030279155,131.682071,,,1,0,0,0,0,50,50,134,106,0,237,blue,0,0,0
89,,9810600,1,20260922,3,0,0,,,,,1,0,0,,,,,3,32.505475030267874,131.671612,,,1,0,0,0,0,16,16,1,24,0,237,blue,3,1,4
89,,9810610,1,20260922,0,0,0,,,,,0,0,0,,,,,3,32.48380003023514,131.65983,,,1,0,0,0,0,3,3,0,2,0,237,blue,0,0,0
89,,9810620,1,20260922,1,1,0,,,,,0,0,0,,,,,3,32.44750003018023,131.634167,,,1,0,0,0,0,12,12,0,21,0,237,blue,2,0,2
89,,9810630,1,20260922,,,,,,,,,,,,,,,3,32.34169203001978,131.615818,,,1,0,0,0,0,6,6,0,8,0,237,blue,0,0,0
89,,9810640,1,20260922,,,,,,,,,,,,,,,3,32.118920029679714,131.525151,,,1,0,0,0,0,17,17,1,25,0,237,blue,0,0,0
89,,9810650,1,20260922,,,,,,,,,,,,,,,3,32.04093702955998,131.469141,,,1,0,0,0,0,32,32,0,71,0,237,blue,0,0,0
89,,9810660,1,20260922,,,,,,,,,,,,,,,3,31.943136029409334,131.344339,,,1,0,0,0,0,0,0,0,0,0,237,blue,0,0,0
89,,9810670,1,20260922,,,,,,,,,,,,,,,3,31.95151902942227,131.26782500000002,,,1,0,0,0,0,0,0,0,0,0,237,blue,0,0,0
89,,9810680,1,20260922,,,,,,,,,,,,,,,3,31.916759029368613,131.228421,,,1,0,0,0,0,0,0,0,0,0,237,blue,0,0,0
89,,9810690,1,20260922,,,,,,,,,,,,,,,3,31.831007029235955,131.126939,,,1,0,0,0,0,0,0,0,0,0,237,blue,0,0,0
89,,9810700,1,20260922,2188,220,0,,,,,5133,206,0,,,,,3,31.70972202904765,131.054167,,,0,0,0,0,0,0,0,0,0,0,237,blue,2408,5339,7747
89,,9810710,1,20260922,3913,623,0,,,,,450,69,0,,,,,3,31.70997802904806,131.024809,,,1,0,0,0,0,0,0,0,0,0,237,blue,4536,519,5055
89,,9810720,1,20260922,,,,,,,,,,,,,,,3,31.661481028972545,130.889721,,,1,0,0,0,0,0,0,0,0,0,237,blue,0,0,0
89,,9810730,1,20260922,,,,,,,,,,,,,,,3,31.723242029068686,130.809578,,,1,0,0,0,0,0,0,0,0,0,237,blue,0,0,0
89,,9810740,1,20260922,,,,,,,,,,,,,,,3,33.30389903145224,130.368554,,,1,,,,,,,,,,237,blue,0,0,0
89,,9810750,1,20260922,,,,,,,,,,,,,,,3,33.27419603140898,130.293549,,,1,,,,,,,,,,237,blue,0,0,0
89,,9810760,1,20260922,,,,,,,,,,,,,,,3,33.26474303139519,130.245086,,,1,,,,,,,,,,237,blue,0,0,0
89,,9810770,1,20260922,,,,,,,,,,,,,,,3,33.26041603138888,130.218458,,,1,,,,,,,,,,237,blue,0,0,0
89,,9810780,1,20260922,,,,,,,,,,,,,,,3,33.23447503135101,130.18203100000002,,,1,,,,,,,,,,237,blue,0,0,0
89,,9810790,1,20260922,,,,,,,,,,,,,,,3,33.22225103133315,130.172161,,,1,,,,,,,,,,237,blue,0,0,0
89,,9810800,1,20260922,,,,,,,,,,,,,,,3,33.219025031328435,130.143217,,,1,,,,,,,,,,237,blue,0,0,0
89,,9810810,1,20260922,,,,,,,,,,,,,,,3,33.21595003132393,130.087452,,,1,,,,,,,,,,237,blue,0,0,0
89,,9810820,1,20260922,,,,,,,,,,,,,,,3,33.21877403132806,130.052459,,,1,,,,,,,,,,237,blue,0,0,0
89,,9810830,1,20260922,,,,,,,,,,,,,,,3,33.207839031312076,130.047967,,,1,,,,,,,,,,237,blue,0,0,0
89,,9810840,1,20260922,,,,,,,,,,,,,,,3,33.07291503111407,129.960829,,,1,0,0,0,0,0,0,0,0,0,237,blue,0,0,0
89,,9810850,1,20260922,7577,404,0,,,,,7925,486,0,,,,,3,32.995999031000636,129.948701,,,0,0,0,0,0,0,0,0,0,0,237,blue,7981,8411,16392
89,,9810860,1,20260922,,,,,,,,,,,,,,,3,32.9044610308651,129.957531,,,1,0,0,0,0,0,0,0,0,0,237,blue,0,0,0
89,,9810870,1,20260922,,,,,,,,,,,,,,,3,32.8905010308444,129.971348,,,1,0,0,0,0,0,0,0,0,0,237,blue,0,0,0
89,,9810890,1,20260922,,,,,,,,,,,,,,,3,32.87494503082128,130.02412,,,1,0,0,0,0,0,0,0,0,0,237,blue,0,0,0
89,,9810900,1,20260922,,,,,,,,,,,,,,,3,32.83967403076884,130.024592,,,1,0,0,0,0,0,0,0,0,0,237,blue,0,0,0
89,,9810910,1,20260922,,,,,,,,,,,,,,,3,33.19594003129466,129.977938,,,1,0,0,0,0,0,0,0,0,0,237,blue,0,0,0
89,,9810920,1,20260922,498,47,0,,,,,452,24,0,,,,,3,33.191150031287656,129.943948,,,0,0,0,0,0,0,0,0,0,0,237,blue,545,476,1021
89,,9810930,1,20260922,4627,556,0,,,,,4987,308,0,,,,,3,33.18881403128423,129.9054,,,0,0,0,0,0,0,0,0,0,0,237,blue,5183,5295,10478
89,,9810940,1,20260922,146,20,0,,,,,89,12,0,,,,,3,32.97184603096493,131.383534,,,1,0,0,0,0,20,20,0,50,0,237,blue,166,101,267
89,,9810950,1,20260922,182,23,0,,,,,160,22,0,,,,,3,32.96828103095967,131.382552,,,1,0,0,0,0,23,23,1,50,0,237,blue,205,182,387
89,,9810960,1,20260922,63,18,0,,,,,81,11,0,,,,,3,32.96091703094877,131.248695,,,1,0,0,0,0,24,24,0,46,0,237,blue,81,92,173
89,,9810970,1,20260922,287,16,0,,,,,0,5,0,,,,,3,33.03288603105509,131.537821,,,1,0,0,0,0,38,38,0,70,0,237,blue,303,5,308
89,,9810980,1,20260922,,,,,,,,,,,,,,,3,33.00262303101042,131.45315500000004,,,1,0,0,0,0,98,98,161,120,0,237,blue,0,0,0
89,,9810990,1,20260922,,,,,,,,,,,,,,,3,32.96097103094884,131.244117,,,1,0,0,0,0,0,0,0,0,0,237,blue,0,0,0
89,,9811000,1,20260922,,,,,,,,,,,,,,,3,32.93530403091085,131.035064,,,1,0,0,0,0,0,0,0,0,0,237,blue,0,0,0
89,,9811010,1,20260922,0,0,0,,,,,0,0,0,,,,,3,32.87672503082393,130.954853,,,0,0,0,0,0,0,0,0,0,0,237,blue,0,0,0
89,,9811020,1,20260922,5927,269,0,,,,,5594,222,0,,,,,3,32.614306030431806,130.462111,,,0,0,0,0,0,0,0,0,0,0,237,blue,6196,5816,12012
89,,9811030,1,20260922,,,,,,,,,,,,,,,3,32.72539603059835,130.251342,,,1,,,,,,,,,,237,blue,0,0,0
89,,9811040,1,20260922,,,,,,,,,,,,,,,3,32.72077403059144,130.234748,,,1,,,,,,,,,,237,blue,0,0,0
89,,9811050,1,20260922,,,,,,,,,,,,,,,3,32.73587103061402,130.209003,,,1,,,,,,,,,,237,blue,0,0,0
89,,9811060,1,20260922,,,,,,,,,,,,,,,3,32.808908030723025,130.149506,,,1,,,,,,,,,,237,blue,0,0,0
89,,9811070,1,20260922,,,,,,,,,,,,,,,3,32.836521030764146,130.094768,,,1,,,,,,,,,,237,blue,0,0,0
89,,9811080,1,20260922,,,,,,,,,,,,,,,3,32.83196203075736,130.053336,,,1,,,,,,,,,,237,blue,0,0,0
89,,9811090,1,20260922,0,0,0,,,,,0,0,0,,,,,3,33.61888103190713,130.568781,,,0,0,0,0,0,226,226,1,181,0,237,blue,0,0,0
89,,9811100,1,20260922,,,,,,,,,,,,,,,3,33.61860003190672,130.579442,,,1,0,0,0,0,200,200,4,181,0,237,blue,0,0,0
89,,9811110,1,20260922,,,,,,,,,,,,,,,3,33.62194303191151,130.588462,,,1,0,0,0,0,1,1,0,2,0,237,blue,0,0,0
89,,9811120,1,20260922,,,,,,,,,,,,,,,3,33.65684603196145,130.750269,,,1,,,,,,,,,,237,blue,0,0,0
89,,9811130,1,20260922,,,,,,,,,,,,,,,3,33.6514250319537,130.761828,,,1,,,,,,,,,,237,blue,0,0,0
89,,9811140,1,20260922,,,,,,,,,,,,,,,3,33.64137503193933,130.764099,,,1,,,,,,,,,,237,blue,0,0,0
89,,9811150,1,20260922,,,,,,,,,,,,,,,3,33.65331703195642,130.807798,,,1,0,0,0,0,2,2,0,3,0,237,blue,0,0,0
89,,9811170,1,20260922,,,,,,,,,,,,,,,3,33.37200003155121,130.3311,,,1,,,,,,,,,,237,blue,0,0,0
89,,9811180,1,20260922,,,,,,,,,,,,,,,3,33.6231190319132,130.671342,,,1,,,,,,,,,,237,blue,0,0,0
89,,9811190,1,20260922,3776,755,0,,,,,3994,790,0,,,,,3,33.74379703208545,130.970335,,,0,0,0,0,0,0,0,0,0,0,237,blue,4531,4784,9315
89,,9811210,1,20260922,6685,142,0,,,,,4862,245,0,,,,,3,33.50948303174998,130.110769,,,0,0,0,0,0,0,0,0,0,0,237,blue,6827,5107,11934
89,,9811220,1,20260922,2757,154,0,,,,,1812,131,0,,,,,3,33.501667031738705,130.069167,,,0,0,0,0,0,0,0,0,0,0,237,blue,2911,1943,4854
89,,9811240,1,20260922,5702,346,0,,,,,0,0,0,,,,,3,33.522842031769216,130.168427,,,0,0,0,0,0,0,0,0,0,0,237,blue,6048,0,6048
89,,9811250,1,20260922,4036,273,0,,,,,1,2,0,,,,,3,33.51344603175569,130.14563,,,0,0,0,0,0,0,0,0,0,0,237,blue,4309,3,4312
89,,9811260,1,20260922,4486,169,0,,,,,3350,141,0,,,,,3,33.45431303167039,130.042275,,,0,0,0,0,0,0,0,0,0,0,237,blue,4655,3491,8146
89,,9811270,1,20260922,8522,404,0,,,,,7460,625,0,,,,,3,33.431110031636834,129.991737,,,0,0,0,0,0,0,0,0,0,0,237,blue,8926,8085,17011
89,,9811280,1,20260922,,,,,,,,,,,,,,,3,33.348904031517684,129.933234,,,1,0,0,0,0,0,0,0,0,0,237,blue,0,0,0
89,,9811290,1,20260922,,,,,,,,,,,,,,,3,33.331844031492885,129.928169,,,1,0,0,0,0,0,0,0,0,0,237,blue,0,0,0
89,,9811300,1,20260922,825,38,0,,,,,794,20,0,,,,,3,33.268208031400235,129.88248900000002,,,1,0,0,0,0,0,0,0,0,0,237,blue,863,814,1677
89,,9811310,1,20260922,,,,,,,,,,,,,,,3,33.24091903136041,129.850727,,,1,0,0,0,0,0,0,0,0,0,237,blue,0,0,0
89,,9811320,1,20260922,4085,190,0,,,,,3375,138,0,,,,,3,33.45989003167844,130.040128,,,0,0,0,0,0,0,0,0,0,0,237,blue,4275,3513,7788
89,,9811330,1,20260922,605,31,0,,,,,507,58,0,,,,,3,33.38450403156936,129.984455,,,1,0,0,0,0,0,0,0,0,0,237,blue,636,565,1201
89,,9811340,1,20260922,,,,,,,,,,,,,,,6,33.31161503146347,130.070351,,,1,,,,,,,,,,237,blue,0,0,0
89,,9811350,1,20260922,,,,,,,,,,,,,,,3,33.304966031453795,130.076971,,,1,,,,,,,,,,237,blue,0,0,0
89,,9811360,1,20260922,7156,464,0,,,,,7377,441,0,,,,,3,33.29002103143203,130.168151,,,0,0,0,0,0,0,0,0,0,0,237,blue,7620,7818,15438
89,,9811370,1,20260922,4494,158,0,,,,,4910,145,0,,,,,3,33.327444031486486,130.034833,,,0,0,0,0,0,0,0,0,0,0,237,blue,4652,5055,9707
89,,9811380,1,20260922,222,9,0,,,,,244,20,0,,,,,3,33.29362203143727,130.116435,,,1,0,0,0,0,0,0,0,0,0,237,blue,231,264,495
89,,9811390,1,20260922,,,,,,,,,,,,,,,3,33.03691103106103,129.918279,,,1,,,,,,,,,,237,blue,0,0,0
89,,9811400,1,20260922,4037,280,0,,,,,4036,281,0,,,,,3,32.90829103087079,130.661481,,,0,0,0,0,0,0,0,0,0,0,237,blue,4317,4317,8634
89,,9811410,1,20260922,5478,116,0,,,,,5015,87,0,,,,,3,33.01722203103198,130.439722,,,0,0,0,0,0,0,0,0,0,0,237,blue,5594,5102,10696
89,,9811420,1,20260922,6810,274,0,,,,,6275,256,0,,,,,3,33.05710503109079,130.465234,,,0,0,0,0,0,0,0,0,0,0,237,blue,7084,6531,13615
89,,9811450,1,20260922,,,,,,,,,,,,,,,3,33.01280003102545,130.425184,,,1,0,0,0,0,0,0,0,0,0,237,blue,0,0,0
89,,9811460,1,20260922,10718,420,0,,,,,11032,612,0,,,,,3,33.140861031213944,130.422417,,,0,0,0,0,0,0,0,0,0,0,237,blue,11138,11644,22782
89,,9811461,1,20260922,7997,345,0,,,,,9955,444,0,,,,,3,33.184560031278004,130.387933,,,0,0,0,0,0,0,0,0,0,0,237,blue,8342,10399,18741
89,,9811470,1,20260922,9665,478,0,,,,,9617,465,0,,,,,3,33.0462530310748,130.431406,,,0,0,0,0,0,0,0,0,0,0,237,blue,10143,10082,20225
89,,9811480,1,20260922,9712,486,0,,,,,7821,461,0,,,,,3,33.055717031088754,130.4292,,,0,0,0,0,0,0,0,0,0,0,237,blue,10198,8282,18480
89,,9811490,1,20260922,,,,,,,,,,,,,,,3,33.069783031109466,130.42405,,,1,0,0,0,0,0,0,0,0,0,237,blue,0,0,0
89,,9811500,1,20260922,11239,635,0,,,,,9742,536,0,,,,,3,33.077520031120855,130.428242,,,0,0,0,0,0,0,0,0,0,0,237,blue,11874,10278,22152
89,,9811510,1,20260922,10597,486,0,,,,,10681,601,0,,,,,3,33.08238303112801,130.433017,,,0,0,0,0,0,0,0,0,0,0,237,blue,11083,11282,22365
89,,9811520,1,20260922,7616,356,0,,,,,7454,320,0,,,,,3,33.11826103118075,130.430375,,,0,0,0,0,0,0,0,0,0,0,237,blue,7972,7774,15746
89,,9811540,1,20260922,5822,348,0,,,,,5643,258,0,,,,,3,33.15753403123839,130.478771,,,0,0,0,0,0,0,0,0,0,0,237,blue,6170,5901,12071
89,,9811550,1,20260922,6629,368,0,,,,,6703,469,0,,,,,3,33.22942603134362,130.505954,,,0,0,0,0,0,0,0,0,0,0,237,blue,6997,7172,14169
89,,9811560,1,20260922,7887,438,0,,,,,7010,477,0,,,,,3,33.23505203135184,130.507151,,,0,0,0,0,0,0,0,0,0,0,237,blue,8325,7487,15812
89,,9811570,1,20260922,6794,485,0,,,,,7227,541,0,,,,,3,33.24799503137074,130.509483,,,0,0,0,0,0,0,0,0,0,0,237,blue,7279,7768,15047
89,,9811580,1,20260922,7234,386,0,,,,,6825,460,0,,,,,3,33.25651503138319,130.509461,,,0,0,0,0,0,0,0,0,0,0,237,blue,7620,7285,14905
89,,9811590,1,20260922,114,8,0,,,,,3758,352,0,,,,,3,33.31995703147561,130.594037,,,0,0,0,0,0,0,0,0,0,0,237,blue,122,4110,4232
89,,9811600,1,20260922,4430,335,0,,,,,4615,341,0,,,,,3,33.345255031512394,130.730893,,,0,0,0,0,0,0,0,0,0,0,237,blue,4765,4956,9721
89,,9811610,1,20260922,4430,266,0,,,,,4710,336,0,,,,,3,33.3437500315102,130.752694,,,0,0,0,0,0,0,0,0,0,0,237,blue,4696,5046,9742
89,,9811620,1,20260922,3870,151,0,,,,,3631,251,0,,,,,3,33.33338803149515,130.801953,,,0,0,0,0,0,0,0,0,0,0,237,blue,4021,3882,7903
89,,9811650,1,20260922,6270,307,0,,,,,5757,345,0,,,,,3,33.331960031493075,130.852326,,,0,0,0,0,0,0,0,0,0,0,237,blue,6577,6102,12679
89,,9811660,1,20260922,4211,82,0,,,,,3831,181,0,,,,,3,33.307732031457824,130.915379,,,0,0,0,0,0,0,0,0,0,0,237,blue,4293,4012,8305
89,,9811670,1,20260922,7136,500,0,,,,,5993,315,0,,,,,3,33.29883403144486,130.938844,,,0,0,0,0,0,0,0,0,0,0,237,blue,7636,6308,13944
89,,9811680,1,20260922,,,,,,,,,,,,,,,3,33.29818903144393,130.952388,,,1,0,0,0,0,0,0,0,0,0,237,blue,0,0,0
89,,9811690,1,20260922,5383,395,0,,,,,4467,281,0,,,,,3,33.29921203144541,130.96937,,,0,0,0,0,0,0,0,0,0,0,237,blue,5778,4748,10526
89,,9811700,1,20260922,,,,,,,,,,,,,,,3,33.261645031390664,131.01058,,,1,0,0,0,0,0,0,0,0,0,237,blue,0,0,0
89,,9811710,1,20260922,4640,715,0,,,,,4344,438,0,,,,,3,33.28000003141744,131.128611,,,0,0,0,0,0,0,0,0,0,0,237,blue,5355,4782,10137
89,,9811720,1,20260922,2991,428,0,,,,,2606,266,0,,,,,3,33.237877031355964,131.175263,,,0,0,0,0,0,0,0,0,0,0,237,blue,3419,2872,6291
89,,9811730,1,20260922,2743,274,0,,,,,2584,221,0,,,,,3,33.2405000313598,131.224187,,,0,0,0,0,0,0,0,0,0,0,237,blue,3017,2805,5822
89,,9811740,1,20260922,3149,352,0,,,,,3462,379,0,,,,,3,33.25496403138093,131.328533,,,0,0,0,0,0,0,0,0,0,0,237,blue,3501,3841,7342
89,,9811750,1,20260922,2475,1446,0,,,,,3837,472,0,,,,,3,33.23715803135492,131.323213,,,0,0,0,0,0,0,0,0,0,0,237,blue,3921,4309,8230
89,,9811760,1,20260922,137,61,0,,,,,10461,701,0,,,,,3,33.18331803127619,131.452171,,,0,0,0,0,0,0,0,0,0,0,237,blue,198,11162,11360
89,,9811770,1,20260922,,,,,,,,,,,,,,,3,31.760789029127036,131.4707,,,1,0,0,0,0,0,0,0,0,0,237,blue,0,0,0
89,,9811780,1,20260922,,,,,,,,,,,,,,,3,31.559046028812634,131.38327000000004,,,1,0,0,0,0,0,0,0,0,0,237,blue,0,0,0
89,,9811790,1,20260922,,,,,,,,,,,,,,,3,31.547715028794922,131.378628,,,1,0,0,0,0,0,0,0,0,0,237,blue,0,0,0
89,,9811800,1,20260922,,,,,,,,,,,,,,,3,31.546675028793285,131.361225,,,1,0,0,0,0,0,0,0,0,0,237,blue,0,0,0
89,,9811810,1,20260922,,,,,,,,,,,,,,,3,31.45214102864519,131.212192,,,1,0,0,0,0,0,0,0,0,0,237,blue,0,0,0
89,,9811820,1,20260922,,,,,,,,,,,,,,,3,31.46555602866623,131.154444,,,1,0,0,0,0,0,0,0,0,0,237,blue,0,0,0
89,,9811830,1,20260922,,,,,,,,,,,,,,,3,31.447659028638157,131.051761,,,1,0,0,0,0,0,0,0,0,0,237,blue,0,0,0
89,,9811840,1,20260922,,,,,,,,,,,,,,,3,31.388108028544615,130.811533,,,1,0,0,0,0,0,0,0,0,0,237,blue,0,0,0
89,,9811850,1,20260922,,,,,,,,,,,,,,,3,31.41813502859181,130.764377,,,1,0,0,0,0,0,0,0,0,0,237,blue,0,0,0
89,,9811860,1,20260922,,,,,,,,,,,,,,,3,31.542976028787507,130.706877,,,1,0,0,0,0,0,0,0,0,0,237,blue,0,0,0
89,,9811870,1,20260922,,,,,,,,,,,,,,,3,31.557778028810663,130.718333,,,1,0,0,0,0,0,0,0,0,0,237,blue,0,0,0
89,,9811880,1,20260922,2672,140,0,,,,,3393,133,0,,,,,3,31.647658028950993,130.819552,,,0,0,0,0,0,0,0,0,0,0,237,blue,2812,3526,6338
89,,9811900,1,20260922,,,,,,,,,,,,,,,3,31.27982902837409,130.291795,,,1,0,0,0,0,0,0,0,0,0,237,blue,0,0,0
89,,9811910,1,20260922,,,,,,,,,,,,,,,3,31.2913800283923,130.293564,,,1,0,0,0,0,0,0,0,0,0,237,blue,0,0,0
89,,9811920,1,20260922,1646,104,0,,,,,1593,62,0,,,,,3,31.327343028448986,130.334728,,,0,0,0,0,0,0,0,0,0,0,237,blue,1750,1655,3405
89,,9811930,1,20260922,5550,255,0,,,,,5270,195,0,,,,,3,31.494637028711818,130.506308,,,0,0,0,0,0,0,0,0,0,0,237,blue,5805,5465,11270
89,,9811940,1,20260922,,,,,,,,,,,,,,,3,31.527877028763886,130.521631,,,1,0,0,0,0,0,0,0,0,0,237,blue,0,0,0
89,,9811950,1,20260922,4964,210,0,,,,,5092,369,0,,,,,3,31.289730028389716,130.60717200000002,,,0,0,0,0,0,0,0,0,0,0,237,blue,5174,5461,10635
89,,9811960,1,20260922,5797,219,0,,,,,6153,357,0,,,,,3,31.323917028443603,130.564308,,,0,0,0,0,0,0,0,0,0,0,237,blue,6016,6510,12526
89,,9811970,1,20260922,,,,,,,,,,,,,,,3,31.466390028667544,130.513245,,,1,0,0,0,0,0,0,0,0,0,237,blue,0,0,0
89,,9811980,1,20260922,,,,,,,,,,,,,,,3,33.34976603151893,129.764492,,,1,,,,,,,,,,237,blue,0,0,0
89,,9812010,1,20260922,,,,,,,,,,,,,,,3,33.13956403121204,129.784069,,,1,,,,,,,,,,237,blue,0,0,0
89,,9812020,1,20260922,,,,,,,,,,,,,,,3,33.28640603142677,130.150153,,,1,,,,,,,,,,237,blue,0,0,0
89,,9812030,1,20260922,7800,618,0,,,,,7333,478,0,,,,,3,33.0852950311323,131.637799,,,0,0,0,0,0,0,0,0,0,0,237,blue,8418,7811,16229
89,,9812040,1,20260922,,,,,,,,,,,,,,,3,32.56861103036308,131.553056,,,1,0,0,0,0,0,0,0,0,0,237,blue,0,0,0
89,,9812050,1,20260922,,,,,,,,,,,,,,,3,33.55027803180869,130.478333,,,1,,,,,,,,,,237,blue,0,0,0
89,,9812060,1,20260922,,,,,,,,,,,,,,,3,32.92625003089743,131.00539,,,1,,,,,,,,,,237,blue,0,0,0
89,,9812070,1,20260922,6687,378,0,,,,,7379,539,0,,,,,3,32.90000003085849,130.933611,,,0,0,0,0,0,0,0,0,0,0,237,blue,7065,7918,14983
89,,9812080,1,20260922,6351,353,0,,,,,6510,248,0,,,,,3,33.27595303141153,130.319462,,,0,0,0,0,0,0,0,0,0,0,237,blue,6704,6758,13462
89,,9812090,1,20260922,,,,,,,,,,,,,,,3,33.59653803187511,130.611685,,,1,,,,,,,,,,237,blue,0,0,0
89,,9812100,1,20260922,10971,600,0,,,,,8528,591,0,,,,,3,33.05235003108379,130.430417,,,0,0,0,0,0,0,0,0,0,0,237,blue,11571,9119,20690
89,,9812110,1,20260922,3399,3366,0,,,,,1809,3395,0,,,,,3,33.15888903124039,129.761111,,,0,0,0,0,0,0,0,0,0,0,237,blue,6765,5204,11969
89,,9812120,1,20260922,10437,549,0,,,,,10610,646,0,,,,,3,31.737096029090242,130.677414,,,0,0,0,0,0,0,0,0,0,0,237,blue,10986,11256,22242
89,,9812130,1,20260922,7020,598,0,,,,,8763,570,0,,,,,3,33.32114903147733,130.391671,,,0,0,0,0,0,0,0,0,0,0,237,blue,7618,9333,16951
89,,9812140,1,20260922,836,56,0,,,,,887,59,0,,,,,3,32.733917030611096,130.31245,,,0,0,0,0,0,0,0,0,0,0,237,blue,892,946,1838
89,,9812150,1,20260922,2404,130,0,,,,,2662,203,0,,,,,3,33.06265303109897,129.960344,,,0,0,0,0,0,0,0,0,0,0,237,blue,2534,2865,5399
90,,10810020,1,20260922,3489,200,0,,,,,7401,400,0,,,,,3,26.424849820394154,127.81697970000002,,,0,0,0,0,0,0,0,0,0,0,237,blue,3689,7801,11490
90,,10810030,1,20260922,1475,13,0,,,,,7580,435,0,,,,,3,26.20527802002984,127.672778,,,0,0,0,0,0,0,0,0,0,0,237,blue,1488,8015,9503
90,,10810040,1,20260922,5681,227,0,,,,,3596,307,0,,,,,3,26.206111020031226,127.665833,,,0,0,0,0,0,0,0,0,0,0,237,blue,5908,3903,9811
90,,10810050,1,20260922,3428,117,0,,,,,4049,167,0,,,,,3,26.69152402083745,128.108879,,,0,,,,,,,,,,237,blue,3545,4216,7761
90,,10810060,1,20260922,0,0,0,,,,,0,0,0,,,,,3,26.634931020743306,128.037283,,,0,,,,,,,,,,237,blue,0,0,0
90,,10810070,1,20260922,0,0,0,,,,,0,0,0,,,,,3,26.60195202068847,127.99972500000001,,,0,,,,,,,,,,237,blue,0,0,0
90,,10810080,1,20260922,6252,856,0,,,,,6572,111,0,,,,,3,26.583164020657225,127.99781300000001,,,0,,,,,,,,,,237,blue,7108,6683,13791
90,,10810090,1,20260922,6113,177,0,,,,,6358,207,0,,,,,3,26.573059020640425,127.989432,,,0,,,,,,,,,,237,blue,6290,6565,12855
90,,10810100,1,20260922,0,0,0,,,,,0,0,0,,,,,3,26.558695020616547,127.976575,,,0,,,,,,,,,,237,blue,0,0,0
90,,10810110,1,20260922,0,0,0,,,,,0,0,0,,,,,3,26.547043020597176,127.96594700000001,,,0,,,,,,,,,,237,blue,0,0,0
90,,10810120,1,20260922,23386,3295,0,,,,,11957,1474,0,,,,,3,26.545420020594484,127.96513700000001,,,0,,,,,,,,,,237,blue,26681,13431,40112
90,,10810130,1,20260922,9494,660,0,,,,,8096,407,0,,,,,3,26.541292020587623,127.95978,,,0,,,,,,,,,,237,blue,10154,8503,18657
90,,10810140,1,20260922,9883,295,0,,,,,9870,363,0,,,,,3,26.536514020579673,127.935453,,,0,,,,,,,,,,237,blue,10178,10233,20411
90,,10810150,1,20260922,0,0,0,,,,,0,0,0,,,,,3,26.51382402054197,127.901775,,,0,,,,,,,,,,237,blue,0,0,0
90,,10810160,1,20260922,8166,58,0,,,,,8967,319,0,,,,,3,26.503684020525117,127.87991000000001,,,0,,,,,,,,,,237,blue,8224,9286,17510
90,,10810170,1,20260922,0,0,0,,,,,0,0,0,,,,,3,26.49844302051641,127.86208000000002,,,0,,,,,,,,,,237,blue,0,0,0
90,,10810180,1,20260922,0,0,0,,,,,0,0,0,,,,,3,26.48233402048965,127.85135699999998,,,0,,,,,,,,,,237,blue,0,0,0
90,,10810190,1,20260922,0,0,0,,,,,0,0,0,,,,,3,26.44345902042506,127.805583,,,0,,,,,,,,,,237,blue,0,0,0
90,,10810200,1,20260922,,,,,,,,,,,,,,,3,26.338860020251406,127.7508,,,1,,,,,,,,,,237,blue,0,0,0
90,,10810220,1,20260922,0,0,0,,,,,0,0,0,,,,,3,26.26837002013446,127.73051999999998,,,0,,,,,,,,,,237,blue,0,0,0
90,,10810230,1,20260922,13189,2335,0,,,,,16625,2212,0,,,,,3,26.266310020131048,127.72327,,,0,,,,,,,,,,237,blue,15524,18837,34361
90,,10810240,1,20260922,0,0,0,,,,,0,0,0,,,,,3,26.269040020135566,127.72616000000001,,,0,,,,,,,,,,237,blue,0,0,0
90,,10810260,1,20260922,11926,109,0,,,,,8985,636,0,,,,,3,26.273440020142868,127.71261000000001,,,0,,,,,,,,,,237,blue,12035,9621,21656
90,,10810270,1,20260922,0,0,0,,,,,0,0,0,,,,,3,26.451180020437896,127.89631,,,0,,,,,,,,,,237,blue,0,0,0
90,,10810280,1,20260922,3319,30,0,,,,,9516,8,0,,,,,3,26.4491400204345,127.849893,,,0,,,,,,,,,,237,blue,3349,9524,12873
90,,10810290,1,20260922,3344,133,0,,,,,4165,116,0,,,,,3,26.448972020434223,127.90855300000001,,,0,,,,,,,,,,237,blue,3477,4281,7758
90,,10810300,1,20260922,9232,461,0,,,,,6726,644,0,,,,,3,26.30711002019872,127.81338,,,0,,,,,,,,,,237,blue,9693,7370,17063
90,,10810310,1,20260922,0,0,0,,,,,0,0,0,,,,,3,26.287560020166286,127.81449,,,0,,,,,,,,,,237,blue,0,0,0
90,,10810320,1,20260922,,,,,,,,,,,,,,,3,26.22351002006007,127.76571,,,1,,,,,,,,,,237,blue,0,0,0
90,,10810330,1,20260922,,,,,,,,,,,,,,,3,26.200760020022358,127.75174999999999,,,1,,,,,,,,,,237,blue,0,0,0
90,,10810340,1,20260922,12760,310,0,,,,,11199,722,0,,,,,3,26.25841002011794,127.75767000000002,,,0,,,,,,,,,,237,blue,13070,11921,24991
90,,10810350,1,20260922,0,0,0,,,,,0,0,0,,,,,3,26.24962002010336,127.74765,,,0,,,,,,,,,,237,blue,0,0,0
90,,10810360,1,20260922,22496,1972,0,,,,,25701,789,0,,,,,3,26.25443002011134,127.73508000000001,,,0,,,,,,,,,,237,blue,24468,26490,50958
90,,10810370,1,20260922,25132,950,0,,,,,23353,278,0,,,,,3,26.25456002011155,127.72416000000001,,,0,,,,,,,,,,237,blue,26082,23631,49713
90,,10810380,1,20260922,16550,952,0,,,,,15717,1880,0,,,,,3,26.169530019970612,127.65168,,,0,,,,,,,,,,237,blue,17502,17597,35099
90,,10810390,1,20260922,0,0,0,,,,,0,0,0,,,,,3,26.154010019944888,127.65812,,,0,,,,,,,,,,237,blue,0,0,0
90,,10810400,1,20260922,0,0,0,,,,,0,0,0,,,,,3,26.130710019906292,127.66514,,,0,,,,,,,,,,237,blue,0,0,0
90,,10810410,1,20260922,0,0,0,,,,,0,0,0,,,,,3,26.11574001988149,127.66860000000001,,,0,,,,,,,,,,237,blue,0,0,0
90,,10810420,1,20260922,0,0,0,,,,,0,0,0,,,,,3,26.09400001984549,127.71590000000002,,,0,,,,,,,,,,237,blue,0,0,0
90,,10810430,1,20260922,0,0,0,,,,,0,0,0,,,,,3,26.128730019903006,127.75918999999999,,,0,,,,,,,,,,237,blue,0,0,0
90,,10810440,1,20260922,0,0,0,,,,,0,0,0,,,,,3,26.140140019921905,127.77529,,,0,,,,,,,,,,237,blue,0,0,0
90,,10810450,1,20260922,0,0,0,,,,,0,0,0,,,,,3,26.170060019971476,127.8265,,,0,,,,,,,,,,237,blue,0,0,0
90,,10810460,1,20260922,0,0,0,,,,,0,0,0,,,,,3,26.20426002002816,127.652556,,,0,,,,,,,,,,237,blue,0,0,0
90,,10810470,1,20260922,0,0,0,,,,,0,0,0,,,,,3,26.209250020036425,127.73744999999998,,,0,,,,,,,,,,237,blue,0,0,0
90,,10810480,1,20260922,0,0,0,,,,,0,0,0,,,,,3,26.18171001999079,127.73158000000001,,,0,,,,,,,,,,237,blue,0,0,0
90,,10810490,1,20260922,0,0,0,,,,,0,0,0,,,,,3,26.17543001998038,127.70638000000001,,,0,,,,,,,,,,237,blue,0,0,0
90,,10810510,1,20260922,0,0,0,,,,,0,0,0,,,,,3,26.17208001997483,127.69662,,,0,,,,,,,,,,237,blue,0,0,0
90,,10810520,1,20260922,,,,,,,,,,,,,,,3,26.17121001997338,127.67963999999999,,,1,,,,,,,,,,237,blue,0,0,0
