地方整備局等番号,開発建設部／都道府県コード,常時観測点コード,収集時間フラグ（5分間／1時間）,観測年月日,上り・小型交通量,上り・大型交通量,上り・車種判別不能交通量,上り・停電,上り・ループ異常,上り・超音波異常,上り・欠測,下り・小型交通量,下り・大型交通量,下り・車種判別不能交通量,下り・停電,下り・ループ異常,下り・超音波異常,下り・欠測,道路種別,lat,lng,lng2,lat2,カメラプリセット位置,気象影響による映像不良,照度不足,突発事象（交通事故等）,サーバの稼働,カメラの映像受信,映像のデコード処理,デコード映像から映像解析機能への取込加工処理の失敗,映像解析機能のフリーズ,その他エラー,count,color,上り・交通量,下り・交通量,交通量
81,02,1110010,1,20260807,1100,565,0,0,0,0,0,2628,1143,0,0,0,0,0,3,41.93108757020422,140.6421045,,,,,,,,,,,,,69,red,1665,3771,5436
81,02,1110020,1,20260807,481,244,0,0,0,0,0,1086,457,0,0,0,0,0,3,42.1540981903046,140.4840606,,,,,,,,,,,,,69,red,725,1543,2268
81,03,1110030,1,20260807,144,59,0,0,0,0,0,183,53,0,0,0,0,0,3,42.672714040509845,140.377502,,,,,,,,,,,,,69,red,203,236,439
81,03,1110050,1,20260807,1310,424,0,0,0,0,0,579,183,0,0,0,0,0,3,43.121255040655214,140.735792,,,,,,,,,,,,,69,red,1734,762,2496
81,03,1110060,1,20260807,1440,347,0,0,0,0,0,1026,189,0,0,0,0,0,3,43.19868804067728,140.862496,,,,,,,,,,,,,69,red,1787,1215,3002
81,03,1110080,1,20260807,2690,628,0,0,0,0,0,2889,455,0,0,0,0,0,3,43.153022040664396,141.118728,,,,,,,,,,,,,69,red,3318,3344,6662
81,01,1110090,1,20260807,2868,220,0,0,0,0,0,2930,372,0,0,0,0,0,3,43.08364407064419,141.3496424,,,,,,,,,,,,,69,red,3088,3302,6390
81,02,1110100,1,20260807,2021,399,0,0,0,0,0,3077,504,0,0,0,0,0,3,41.855509180168546,140.7378302,,,,,,,,,,,,,69,red,2420,3581,6001
81,02,1110110,1,20260807,796,245,3,0,0,0,0,2247,389,1,0,0,0,0,3,41.91094404019478,140.69325,,,,,,,,,,,,,69,red,1044,2637,3681
81,03,1110120,1,20260807,93,15,1,0,0,0,0,65,12,1,0,0,0,0,3,42.65674504050413,140.412444,,,,,,,,,,,,,69,red,109,78,187
81,01,1110130,1,20260807,1399,277,0,0,0,0,0,1868,327,0,0,0,0,0,3,43.18473404067338,141.721783,,,,,,,,,,,,,69,red,1676,2195,3871
81,01,1110140,1,20260807,821,453,0,0,0,0,0,885,383,0,0,0,0,0,3,43.351557040718205,141.866096,,,,,,,,,,,,,69,red,1274,1268,2542
81,04,1110150,1,20260807,1559,756,0,0,0,0,0,847,527,0,0,0,0,0,3,43.72678204080376,142.211538,,,,,,,,,,,,,69,red,2315,1374,3689
81,04,1110160,1,20260807,1810,395,414,0,0,0,0,1958,503,57,0,0,0,0,3,43.798283040817644,142.333692,,,,,,,,,,,,,69,red,2619,2518,5137
81,01,1110170,1,20260807,0,0,0,0,0,69,0,0,0,0,0,0,69,0,3,42.95409804060455,141.495931,,,,,,,,,,,,,69,red,0,0,0
81,05,1110180,1,20260807,3416,600,0,0,0,0,0,1539,560,0,0,0,0,0,3,42.619514790490626,141.5539538,,,,,,,,,,,,,69,red,4016,2099,6115
81,05,1110190,1,20260807,2138,297,83,0,0,16,0,2267,410,19,0,0,0,0,3,42.38500765040089,141.0774629,,,,,,,,,,,,,69,red,2518,2696,5214
81,05,1110200,1,20260807,0,0,0,0,0,69,0,335,155,0,0,0,0,0,3,42.60033645048358,140.6268309,,,,,,,,,,,,,69,red,0,490,490
81,01,1110220,1,20260807,550,109,0,0,0,0,0,691,162,0,0,0,0,0,3,43.53094035076174,142.1739006,,,,,,,,,,,,,69,red,659,853,1512
81,04,1110230,1,20260807,484,93,0,0,0,0,0,425,114,0,0,0,0,0,3,43.34513804071655,142.377435,,,,,,,,,,,,,69,red,577,539,1116
81,04,1110240,1,20260807,0,0,312,0,0,69,0,0,0,368,0,0,69,0,3,43.16138604066678,142.575567,,,,,,,,,,,,,69,red,312,368,680
81,07,1110250,1,20260807,829,305,0,0,0,0,0,439,258,0,0,0,0,0,3,42.96760298060881,142.8955221,,,,,,,,,,,,,69,red,1134,697,1831
81,07,1110260,1,20260807,714,148,13,0,0,0,0,1348,255,13,0,0,0,0,3,42.91673291059265,143.2700872,,,,,,,,,,,,,69,red,875,1616,2491
81,07,1110270,1,20260807,167,186,0,0,0,0,1,151,208,0,0,0,0,1,3,42.832729040565155,143.765979,,,,,,,,,,,,,69,red,353,359,712
81,06,1110280,1,20260807,1387,434,0,0,0,0,0,732,366,0,0,0,0,0,3,43.002010860619514,144.2464972,,,,,,,,,,,,,69,red,1821,1098,2919
81,06,1110281,1,20260807,1905,381,0,0,0,0,0,1009,469,0,0,0,0,0,3,43.03483108062955,144.3754256,,,,,,,,,,,,,69,red,2286,1478,3764
81,06,1110282,1,20260807,969,315,0,0,0,0,0,913,455,0,0,0,0,0,3,43.01628558062389,144.4224501,,,,,,,,,,,,,69,red,1284,1368,2652
81,06,1110283,1,20260807,315,168,0,0,0,0,0,624,383,0,0,0,0,0,3,43.00268904061971,144.473627,,,,,,,,,,,,,69,red,483,1007,1490
81,04,1110290,1,20260807,606,129,0,0,0,0,0,826,171,0,0,0,0,0,3,43.818868040821506,142.447347,,,,,,,,,,,,,69,red,735,997,1732
81,04,1110300,1,20260807,175,60,7,0,0,0,0,0,0,364,0,0,69,0,3,43.84894404082702,142.744489,,,,,,,,,,,,,69,red,242,364,606
81,04,1110310,1,20260807,178,88,1,0,0,0,0,0,0,424,0,0,69,0,3,43.781848040814516,142.90227300000004,,,,,,,,,,,,,69,red,267,424,691
81,08,1110320,1,20260807,282,99,0,0,69,0,0,96,81,0,0,69,0,0,3,43.750539740808456,143.4918536,,,,,,,,,,,,,69,red,381,177,558
81,08,1110330,1,20260807,1327,108,21,0,0,0,0,753,179,0,0,69,0,0,3,43.79818204081763,143.833134,,,,,,,,,,,,,69,red,1456,932,2388
81,08,1110331,1,20260807,487,136,0,0,0,0,0,559,252,0,0,0,0,0,3,43.7822242308146,143.8981667,,,,,,,,,,,,,69,red,623,811,1434
81,08,1110332,1,20260807,339,127,0,0,0,0,0,472,221,0,0,0,0,0,3,43.80292804081852,143.926029,,,,,,,,,,,,,69,red,466,693,1159
81,08,1110340,1,20260807,,,,0,0,0,69,,,,0,0,0,69,3,43.85309704082778,144.102175,,,,,,,,,,,,,69,red,0,0,0
81,08,1110350,1,20260807,302,53,0,0,0,0,0,542,98,0,0,0,0,0,3,43.87040004083089,144.150466,,,,,,,,,,,,,69,red,355,640,995
81,04,1110360,1,20260807,865,254,0,0,0,0,0,1497,387,0,0,0,0,0,3,43.819632040821645,142.40886,,,,,,,,,,,,,69,red,1119,1884,3003
81,04,1110370,1,20260807,418,110,24,0,0,0,0,487,276,1,0,0,0,0,3,43.9375450408425,142.46586,,,,,,,,,,,,,69,red,552,764,1316
81,04,1110380,1,20260807,67,26,0,0,53,0,16,84,41,0,0,53,0,16,3,44.49438804091256,142.340371,,,,,,,,,,,,,69,red,93,125,218
81,04,1110390,1,20260807,144,60,0,0,0,0,0,120,91,0,0,0,0,0,3,44.82270404093181,142.065768,,,,,,,,,,,,,69,red,204,211,415
81,04,1110400,1,20260807,,,,0,0,0,69,,,,0,0,0,69,3,44.331686040896926,142.446612,,,,,,,,,,,,,69,red,0,0,0
81,04,1110410,1,20260807,432,72,20,0,0,0,0,471,193,2,0,0,0,0,3,44.4124520409052,142.40433,,,,,,,,,,,,,69,red,524,666,1190
81,04,1110420,1,20260807,426,75,5,0,0,0,0,,,,0,0,0,69,3,44.436504040907465,142.370834,,,,,,,,,,,,,69,red,506,0,506
81,04,1110430,1,20260807,326,60,1,0,0,0,0,349,179,5,0,0,0,0,3,44.46719604091022,142.373557,,,,,,,,,,,,,69,red,387,533,920
81,04,1110431,1,20260807,266,46,0,0,0,0,0,244,147,0,0,0,0,0,3,44.49400304091251,142.349754,,,,,,,,,,,,,69,red,312,391,703
81,10,1110440,1,20260807,294,78,0,0,69,0,0,151,67,42,0,0,0,0,3,45.01690604093549,141.836757,,,,,,,,,,,,,69,red,372,260,632
81,10,1110460,1,20260807,184,44,224,0,0,48,1,89,66,5,0,0,0,1,3,45.20892604093353,141.770096,,,,,,,,,,,,,69,red,452,160,612
81,06,1110470,1,20260807,582,25,6,0,0,0,0,855,117,10,0,0,0,0,3,42.99479183061728,144.4493526,,,,,,,,,,,,,69,red,613,982,1595
81,06,1110480,1,20260807,364,69,1,0,0,0,0,358,129,4,0,0,0,0,3,43.13343702065876,145.0159693,,,,,,,,,,,,,69,red,434,491,925
81,02,1110490,1,20260807,290,123,0,0,0,0,0,584,335,0,0,0,0,0,3,41.89734796018839,140.6338191,,,,,,,,,,,,,69,red,413,919,1332
81,02,1110500,1,20260807,379,42,0,0,69,0,0,388,40,15,0,0,0,0,3,41.480587619979374,140.2558047,,,,,,,,,,,,,69,red,421,443,864
81,02,1110510,1,20260807,1539,204,41,0,0,0,0,2196,175,5,0,0,0,0,3,41.83901009016065,140.7069415,,,,,,,,,,,,,69,red,1784,2376,4160
81,02,1110520,1,20260807,710,81,0,0,69,0,0,1047,266,0,0,69,0,0,3,41.83229743015742,140.67026760000002,,,,,,,,,,,,,69,red,791,1313,2104
81,02,1110530,1,20260807,484,46,20,0,0,0,0,982,84,50,0,0,0,0,3,41.82065939015182,140.6236414,,,,,,,,,,,,,69,red,550,1116,1666
81,03,1110540,1,20260807,29,2,0,0,0,0,0,28,1,0,0,0,0,0,3,43.24834804069096,140.33431600000003,,,,,,,,,,,,,69,red,31,29,60
81,03,1110550,1,20260807,0,0,0,0,0,69,0,315,96,0,0,0,0,0,3,42.96644104060844,140.471476,,,,,,,,,,,,,69,red,0,411,411
81,03,1110560,1,20260807,38,9,0,0,0,0,0,46,12,0,0,0,0,0,3,42.69059604051622,139.972281,,,,,,,,,,,,,69,red,47,58,105
81,02,1110570,1,20260807,134,26,0,0,0,0,0,150,15,0,0,0,0,0,3,42.068390450266875,140.0715584,,,,,,,,,,,,,69,red,160,165,325
81,01,1110600,1,20260807,678,556,0,0,0,0,0,3281,425,0,0,0,0,0,3,43.1876802706742,141.3248983,,,,,,,,,,,,,69,red,1234,3706,4940
81,01,1110610,1,20260807,216,44,0,0,0,0,0,0,0,0,0,0,69,0,3,43.377555040724815,141.428392,,,,,,,,,,,,,69,red,260,0,260
81,09,1110620,1,20260807,420,52,0,0,0,0,0,447,34,0,0,0,0,0,3,43.89116004083455,141.602442,,,,,,,,,,,,,69,red,472,481,953
81,09,1110630,1,20260807,176,57,1,0,0,0,0,222,48,0,0,0,0,0,3,44.71198204092715,141.790418,,,,,,,,,,,,,69,red,234,270,504
81,09,1110640,1,20260807,531,284,0,0,0,0,0,456,136,0,0,0,0,0,3,43.99996504085269,141.656227,,,,,,,,,,,,,69,red,815,592,1407
81,01,1110650,1,20260807,216,40,0,0,0,0,0,270,73,0,0,0,0,0,3,43.76598569081147,141.953873,,,,,,,,,,,,,69,red,256,343,599
81,09,1110660,1,20260807,292,58,0,0,0,0,0,144,56,0,0,0,0,0,3,43.919969040839526,141.687135,,,,,,,,,,,,,69,red,350,200,550
81,01,1110670,1,20260807,122,32,0,0,0,0,0,237,54,1,0,0,0,0,3,43.719328040802246,141.995229,,,,,,,,,,,,,69,red,154,292,446
81,01,1110680,1,20260807,243,70,6,0,0,0,0,309,111,2,0,0,0,0,3,43.80247704081843,141.939455,,,,,,,,,,,,,69,red,319,422,741
81,01,1110690,1,20260807,295,88,1,0,0,0,0,320,130,1,0,0,0,0,3,43.804048040818735,141.856355,,,,,,,,,,,,,69,red,384,451,835
81,09,1110700,1,20260807,335,389,0,0,69,11,0,366,178,6,0,0,0,0,3,43.84518804082634,141.778679,,,,,,,,,,,,,69,red,724,550,1274
81,09,1110701,1,20260807,445,134,0,0,0,0,0,361,175,0,0,0,0,0,3,43.87822704083228,141.723595,,,,,,,,,,,,,69,red,579,536,1115
81,09,1110702,1,20260807,362,123,0,0,0,0,0,310,154,0,0,0,0,0,3,43.928072040840895,141.68278,,,,,,,,,,,,,69,red,485,464,949
81,01,1110710,1,20260807,293,72,0,0,0,69,0,1023,246,0,0,0,0,0,3,43.11269117065273,141.74737440000004,,,,,,,,,,,,,69,red,365,1269,1634
81,05,1110720,1,20260807,457,423,26,0,0,0,0,553,399,23,0,0,0,0,3,42.81091575055783,141.8315435,,,,,,,,,,,,,69,red,906,975,1881
81,05,1110730,1,20260807,440,145,0,0,0,0,0,735,201,9,0,0,0,0,3,42.57481157047414,141.9503395,,,,,,,,,,,,,69,red,585,945,1530
81,05,1110740,1,20260807,509,130,0,0,0,0,0,516,173,0,0,0,0,0,3,42.18634909031852,142.7152599,,,,,,,,,,,,,69,red,639,689,1328
81,05,1110750,1,20260807,207,66,0,0,0,0,0,392,196,0,0,0,0,0,3,42.67572651051092,141.724241,,,,,,,,,,,,,69,red,273,588,861
81,05,1110760,1,20260807,782,222,0,0,0,0,0,1281,534,0,0,0,0,0,3,42.65945501050509,141.8200069,,,,,,,,,,,,,69,red,1004,1815,2819
81,05,1110770,1,20260807,796,243,0,0,0,0,0,1061,494,0,0,0,0,0,3,42.5992918904832,141.8930837,,,,,,,,,,,,,69,red,1039,1555,2594
81,07,1110780,1,20260807,373,163,2,0,0,0,0,355,179,0,0,0,0,0,3,42.47939292043798,143.273263,,,,,,,,,,,,,69,red,538,534,1072
81,05,1110790,1,20260807,,,,0,0,0,69,,,,0,0,0,69,3,42.23567851033952,142.9927157,,,,,,,,,,,,,69,red,0,0,0
81,07,1110800,1,20260807,392,118,12,0,0,0,0,104,122,1,0,0,0,0,3,42.944556830601535,143.1061614,,,,,,,,,,,,,69,red,522,227,749
81,07,1110810,1,20260807,264,122,11,0,0,0,1,288,273,8,0,0,0,1,3,42.8783228205802,143.1246418,,,,,,,,,,,,,69,red,397,569,966
81,07,1110820,1,20260807,426,118,0,0,0,0,0,990,323,0,0,0,0,0,3,42.772632730544835,143.175416,,,,,,,,,,,,,69,red,544,1313,1857
81,07,1110830,1,20260807,393,91,29,0,0,0,0,882,253,13,0,0,0,0,3,42.722047130527294,143.168571,,,,,,,,,,,,,69,red,513,1148,1661
81,07,1110831,1,20260807,321,74,0,0,0,0,0,610,224,0,0,0,0,0,3,42.67773204051164,143.145688,,,,,,,,,,,,,69,red,395,834,1229
81,07,1110832,1,20260807,275,76,0,0,0,0,0,502,196,0,0,0,0,0,3,42.637427040497144,143.190237,,,,,,,,,,,,,69,red,351,698,1049
81,07,1110833,1,20260807,222,66,0,0,0,0,0,293,131,0,0,0,0,0,3,42.550911040465216,143.288527,,,,,,,,,,,,,69,red,288,424,712
81,04,1110840,1,20260807,628,84,0,0,0,0,0,1255,163,0,0,0,0,0,3,43.67766304079377,142.395871,,,,,,,,,,,,,69,red,712,1418,2130
81,04,1110850,1,20260807,91,55,0,0,0,0,0,138,68,0,0,0,0,0,3,43.142849040661474,142.416499,,,,,,,,,,,,,69,red,146,206,352
81,05,1110860,1,20260807,660,253,0,0,0,0,0,694,452,0,0,0,0,0,3,42.56014623046868,141.984126,,,,,,,,,,,,,69,red,913,1146,2059
81,05,1110861,1,20260807,535,179,0,0,0,0,0,493,288,0,0,0,0,0,3,42.511718620450374,142.0646378,,,,,,,,,,,,,69,red,714,781,1495
81,05,1110862,1,20260807,507,144,0,0,0,0,0,365,232,0,0,0,0,0,3,42.476880240437005,142.1551718,,,,,,,,,,,,,69,red,651,597,1248
81,08,1110870,1,20260807,294,168,0,0,69,0,0,340,174,0,0,69,0,0,3,44.122097850870915,144.0483972,,,,,,,,,,,,,69,red,462,514,976
81,08,1110881,1,20260807,335,143,0,0,0,0,0,289,162,0,0,0,0,0,3,44.24722204088725,143.491111,,,,,,,,,,,,,69,red,478,451,929
81,08,1110890,1,20260807,409,97,0,0,69,0,0,337,83,0,0,69,0,0,3,44.571011040918506,142.9747586,,,,,,,,,,,,,69,red,506,420,926
81,10,1110900,1,20260807,,,,0,0,0,69,,,,0,0,0,69,3,45.401916040925876,141.74393,,,,,,,,,,,,,69,red,0,0,0
81,04,1110910,1,20260807,351,119,0,0,0,0,0,0,0,0,0,0,69,0,3,44.33124604089689,142.51453,,,,,,,,,,,,,69,red,470,0,470
81,04,1110920,1,20260807,,,,0,0,0,69,,,,0,0,0,69,3,44.17901104087865,142.27833,,,,,,,,,,,,,69,red,0,0,0
81,06,1110930,1,20260807,403,158,0,0,0,0,0,577,247,0,0,0,0,0,3,43.094167250647295,144.1218925,,,,,,,,,,,,,69,red,561,824,1385
81,08,1110941,1,20260807,318,206,0,0,69,0,0,249,226,0,0,69,0,0,3,43.69889304079811,144.026451,,,,,,,,,,,,,69,red,524,475,999
81,07,1110950,1,20260807,584,260,6,0,0,0,0,389,134,4,0,0,0,0,3,43.204237410678836,143.2746363,,,,,,,,,,,,,69,red,850,527,1377
81,07,1110960,1,20260807,175,185,0,0,0,0,0,245,136,0,0,0,0,0,3,43.458400040744706,143.740097,,,,,,,,,,,,,69,red,360,381,741
81,07,1110970,1,20260807,442,211,0,0,0,0,0,387,208,0,0,0,0,0,3,43.110542040652106,143.580506,,,,,,,,,,,,,69,red,653,595,1248
81,06,1110980,1,20260807,163,89,0,0,0,0,0,159,61,0,0,0,0,0,3,43.55969036076827,144.3196517,,,,,,,,,,,,,69,red,252,220,472
81,06,1110990,1,20260807,213,84,1,0,0,0,0,246,94,1,0,0,0,0,3,43.46525075074637,144.6738938,,,,,,,,,,,,,69,red,298,341,639
81,06,1111000,1,20260807,140,30,0,0,0,0,0,188,56,0,0,0,0,0,3,43.3767268407246,145.1354671,,,,,,,,,,,,,69,red,170,244,414
81,08,1111010,1,20260807,563,133,0,0,69,0,0,1027,210,0,0,69,0,0,3,43.98185858084978,144.2978521,,,,,,,,,,,,,69,red,696,1237,1933
81,06,1111020,1,20260807,231,20,0,0,0,0,0,194,41,10,0,0,0,0,3,43.58981766077498,145.2084661,,,,,,,,,,,,,69,red,251,245,496
81,06,1111030,1,20260807,292,128,0,0,0,0,0,454,293,0,0,0,0,0,3,43.02214121062568,144.5287192,,,,,,,,,,,,,69,red,420,747,1167
81,06,1111040,1,20260807,0,0,1254,0,0,69,0,709,188,0,0,69,0,0,3,43.53929381076365,144.9801323,,,,,,,,,,,,,69,red,1254,897,2151
81,08,1111050,1,20260807,277,96,0,0,69,0,0,166,94,2,0,0,0,0,3,44.25159504088778,143.262315,,,,,,,,,,,,,69,red,373,262,635
81,01,1111060,1,20260807,212,81,0,0,0,0,0,299,129,0,0,0,0,0,3,42.938085080599464,142.0403856,,,,,,,,,,,,,69,red,293,428,721
81,07,1111080,1,20260807,173,186,0,0,0,0,0,104,186,0,0,0,0,0,3,42.97320004061056,142.816438,,,,,,,,,,,,,69,red,359,290,649
81,01,1111090,1,20260807,1507,510,0,0,0,0,0,2180,474,0,0,0,0,0,3,43.12130790065524,141.4830387,,,,,,,,,,,,,69,red,2017,2654,4671
81,01,1111100,1,20260807,612,345,0,0,0,0,0,573,406,0,0,0,0,0,3,43.43463367073897,141.8216186,,,,,,,,,,,,,69,red,957,979,1936
81,01,1111110,1,20260807,315,139,0,0,0,0,0,433,204,0,0,0,0,0,3,43.57168557077097,141.8750113,,,,,,,,,,,,,69,red,454,637,1091
81,02,1111130,1,20260807,1520,169,5,0,69,0,0,1382,93,13,0,0,0,0,3,41.77319404012875,140.796333,,,,,,,,,,,,,69,red,1694,1488,3182
81,02,1111140,1,20260807,179,39,0,0,0,0,0,126,37,0,0,0,0,0,3,42.03841781025344,140.8062566,,,,,,,,,,,,,69,red,218,163,381
81,02,1111145,1,20260807,3300,383,0,0,0,0,0,2693,338,0,0,0,0,0,3,41.84000143016112,140.7552781,,,,,,,,,,,,,69,red,3683,3031,6714
81,08,1111150,1,20260807,235,43,0,0,69,0,0,133,37,0,0,69,0,0,3,44.010611040854364,143.413281,,,,,,,,,,,,,69,red,278,170,448
81,08,1111160,1,20260807,,,,0,0,0,69,,,,0,0,0,69,3,43.962452040846635,143.715644,,,,,,,,,,,,,69,red,0,0,0
81,01,1111180,1,20260807,,,,0,0,0,69,,,,0,0,0,69,3,42.815960640559524,141.6810393,,,,,,,,,,,,,69,red,0,0,0
81,01,1111190,1,20260807,0,0,1709,0,0,69,0,29,7,1459,0,0,69,0,3,42.83070733056448,141.6903091,,,,,,,,,,,,,69,red,1709,1495,3204
81,01,1111200,1,20260807,985,499,69,0,0,0,0,599,620,34,0,69,0,0,3,42.860948090574496,141.7104933,,,,,,,,,,,,,69,red,1553,1253,2806
81,01,1111210,1,20260807,762,620,0,0,0,0,0,0,0,0,0,0,69,0,3,43.18556004067363,141.554044,,,,,,,,,,,,,69,red,1382,0,1382
81,06,1111220,1,20260807,191,52,0,0,0,0,0,248,91,0,0,0,0,0,3,43.37269109072359,144.5593071,,,,,,,,,,,,,69,red,243,339,582
81,08,1111230,1,20260807,59,34,1,0,0,0,0,51,38,4,0,0,0,0,3,43.81126104082009,144.489672,,,,,,,,,,,,,69,red,94,93,187
81,06,1111240,1,20260807,53,24,1,0,0,0,0,115,47,2,0,0,0,0,3,42.99604737061767,144.0391088,,,,,,,,,,,,,69,red,78,164,242
81,03,1111250,1,20260807,108,40,0,0,0,0,0,366,155,0,0,0,0,0,3,43.089578040645954,140.955582,,,,,,,,,,,,,69,red,148,521,669
81,04,1111260,1,20260807,169,33,4,0,0,0,0,269,76,5,0,0,0,0,3,43.92330404084009,142.480139,,,,,,,,,,,,,69,red,206,350,556
81,04,1111270,1,20260807,0,0,232,0,0,0,0,0,0,342,0,0,0,0,3,43.90347904083668,142.548538,,,,,,,,,,,,,69,red,232,342,574
81,04,1111280,1,20260807,391,116,1,0,0,0,0,715,283,3,0,0,0,0,3,43.88962304083429,142.598335,,,,,,,,,,,,,69,red,508,1001,1509
81,04,1111290,1,20260807,412,127,3,0,0,0,0,655,278,14,0,0,0,0,3,43.840859040825556,142.737691,,,,,,,,,,,,,69,red,542,947,1489
81,04,1111300,1,20260807,306,83,1,0,0,0,0,375,223,6,0,0,0,0,3,43.843162040825966,142.799904,,,,,,,,,,,,,69,red,390,604,994
81,04,1111310,1,20260807,,,,0,0,0,69,,,,0,0,0,69,3,43.885885060833616,142.99375530000003,,,,,,,,,,,,,69,red,0,0,0
81,08,1111320,1,20260807,,,,0,0,0,69,,,,0,0,0,69,3,43.942327040843296,143.272964,,,,,,,,,,,,,69,red,0,0,0
81,08,1111321,1,20260807,398,102,0,0,0,0,0,196,176,0,0,0,0,0,3,44.005186040853516,143.417614,,,,,,,,,,,,,69,red,500,372,872
81,08,1111322,1,20260807,387,91,0,0,0,0,0,183,175,0,0,0,0,0,3,44.010190040854305,143.450296,,,,,,,,,,,,,69,red,478,358,836
81,01,1111330,1,20260807,594,148,0,0,0,0,0,1138,145,0,0,0,0,0,3,42.93896478059976,141.3440037,,,,,,,,,,,,,69,red,742,1283,2025
81,05,1111340,1,20260807,310,119,0,0,0,0,0,187,86,0,0,0,0,0,3,42.559147540468295,140.8961254,,,,,,,,,,,,,69,red,429,273,702
81,01,1111350,1,20260807,877,507,0,0,0,0,0,540,614,0,0,0,0,0,3,42.88313893058179,141.7190833,,,,,,,,,,,,,69,red,1384,1154,2538
81,01,1111360,1,20260807,800,483,0,0,0,0,0,434,563,0,0,0,0,0,3,42.91387104059173,141.717002,,,,,,,,,,,,,69,red,1283,997,2280
81,01,1111370,1,20260807,440,263,0,0,0,0,0,256,243,0,0,0,0,0,3,43.05425404063542,141.635599,,,,,,,,,,,,,69,red,703,499,1202
81,02,1111380,1,20260807,2507,236,0,0,0,0,0,2121,284,0,0,0,0,0,3,41.822662040152785,140.7753,,,,,,,,,,,,,69,red,2743,2405,5148
81,02,1111390,1,20260807,1162,158,0,0,0,0,0,1222,219,0,0,0,0,0,3,41.80204204014281,140.800817,,,,,,,,,,,,,69,red,1320,1441,2761
81,02,1111400,1,20260807,351,64,0,0,0,0,0,744,134,0,0,0,0,0,3,41.75457904011961,140.573825,,,,,,,,,,,,,69,red,415,878,1293
81,04,1111410,1,20260807,54,45,0,0,0,0,0,102,71,0,0,0,0,0,3,43.35314804071861,142.36145400000004,,,,,,,,,,,,,69,red,99,173,272
81,04,1111420,1,20260807,127,63,0,0,0,0,0,150,99,0,0,0,0,0,3,43.3038010407058,142.381627,,,,,,,,,,,,,69,red,190,249,439
81,06,1111500,1,20260807,410,47,0,0,0,0,0,173,93,0,0,0,0,0,3,43.29111104070245,145.517778,,,,,,,,,,,,,69,red,457,266,723
81,03,1111600,1,20260807,644,172,0,0,0,0,0,162,70,0,0,0,0,0,3,43.162210040667006,140.797074,,,,,,,,,,,,,69,red,816,232,1048
81,06,1160010,1,20260807,373,148,22,0,0,0,0,226,171,6,0,0,0,0,1,43.12053262065503,143.6537933,,,,,,,,,,,,,69,red,543,403,946
81,06,1160020,1,20260807,440,191,0,0,0,0,0,240,211,0,0,0,0,0,1,43.12244095065557,143.6787104,,,,,,,,,,,,,69,red,631,451,1082
81,06,1160030,1,20260807,512,221,0,0,0,0,0,204,193,0,0,0,0,0,1,43.081215390643465,143.9874923,,,,,,,,,,,,,69,red,733,397,1130
81,06,1160040,1,20260807,566,243,0,0,0,0,0,209,173,0,0,0,0,0,1,43.08452217064445,144.1232336,,,,,,,,,,,,,69,red,809,382,1191
81,06,1160050,1,20260807,838,239,0,0,0,0,0,290,180,0,0,0,0,0,1,43.09138904064647,144.173494,,,,,,,,,,,,,69,red,1077,470,1547
81,06,1160060,1,20260807,1210,285,0,0,0,0,0,309,202,0,0,0,0,0,1,43.04670304063314,144.303761,,,,,,,,,,,,,69,red,1495,511,2006
81,08,1160120,1,20260807,167,65,0,0,0,0,0,43,55,0,0,0,0,0,1,43.69663004079766,143.731065,,,,,,,,,,,,,69,red,232,98,330
81,08,1160130,1,20260807,273,82,0,0,0,0,0,106,90,0,0,0,0,0,1,43.7375680408059,143.819828,,,,,,,,,,,,,69,red,355,196,551
81,02,1310010,1,20260807,349,63,0,0,0,0,0,690,86,0,0,0,0,0,3,41.9090560401939,140.682556,,,,,,,,,,,,,69,red,412,776,1188
81,02,1310020,1,20260807,750,289,0,0,0,0,0,1487,523,0,0,0,0,0,3,42.0164720402435,140.622028,,,,,,,,,,,,,69,red,1039,2010,3049
81,02,1310030,1,20260807,563,229,0,0,0,0,0,819,309,0,0,0,0,0,3,42.44355604042405,140.326972,,,,,,,,,,,,,69,red,792,1128,1920
81,03,1310040,1,20260807,814,317,0,0,0,0,0,528,186,0,0,0,0,0,3,43.005875040620694,140.666614,,,,,,,,,,,,,69,red,1131,714,1845
81,01,1310050,1,20260807,938,100,0,0,0,69,0,949,95,0,0,0,69,0,3,43.13178497065829,141.1990678,,,,,,,,,,,,,69,red,1038,1044,2082
81,01,1310060,1,20260807,3123,704,0,0,0,0,0,3073,403,0,0,0,0,0,3,43.06547437063878,141.3767481,,,,,,,,,,,,,69,red,3827,3476,7303
81,01,1310070,1,20260807,2524,388,0,0,0,0,0,2782,340,0,0,0,0,0,3,43.048510140633695,141.4108604,,,,,,,,,,,,,69,red,2912,3122,6034
81,01,1310080,1,20260807,3007,251,0,0,0,0,0,2636,257,0,0,0,0,0,3,43.057749330636454,141.4844763,,,,,,,,,,,,,69,red,3258,2893,6151
81,01,1310090,1,20260807,0,0,0,0,0,69,0,1122,382,0,0,0,0,0,3,43.294945650703454,141.8492997,,,,,,,,,,,,,69,red,0,1504,1504
81,01,1310100,1,20260807,2298,421,0,0,0,0,0,1270,316,0,0,0,0,0,3,43.53544778076278,141.9200456,,,,,,,,,,,,,69,red,2719,1586,4305
81,01,1310110,1,20260807,723,491,0,0,0,0,0,629,414,0,0,0,0,0,3,43.66238455079058,141.9957268,,,,,,,,,,,,,69,red,1214,1043,2257
81,01,1310120,1,20260807,0,0,0,0,0,69,0,3484,371,0,0,0,0,0,3,43.0094644106218,141.4241588,,,,,,,,,,,,,69,red,0,3855,3855
81,01,1310130,1,20260807,1457,441,0,0,0,69,0,2385,584,0,0,0,69,0,3,42.85324004057195,141.609931,,,,,,,,,,,,,69,red,1898,2969,4867
81,01,1310140,1,20260807,1712,1187,0,0,0,0,0,3248,1001,0,0,0,0,0,3,42.79203104055144,141.693651,,,,,,,,,,,,,69,red,2899,4249,7148
81,05,1310150,1,20260807,965,305,0,0,0,0,0,871,337,0,0,0,0,0,3,42.483348820439495,141.2489566,,,,,,,,,,,,,69,red,1270,1208,2478
81,05,1310160,1,20260807,1706,404,0,0,0,0,0,1811,166,0,0,0,0,0,3,42.362402460391806,140.964739,,,,,,,,,,,,,69,red,2110,1977,4087
81,05,1310170,1,20260807,659,122,0,0,69,0,0,1242,53,7,0,0,0,0,3,42.363565450392265,140.9519019,,,,,,,,,,,,,69,red,781,1302,2083
81,04,1310180,1,20260807,,,,0,0,0,69,,,,0,0,0,69,3,43.22376604068423,142.378762,,,,,,,,,,,,,69,red,0,0,0
81,06,1310200,1,20260807,535,242,0,0,0,0,0,264,238,0,0,0,0,0,3,42.89183628058462,143.9445233,,,,,,,,,,,,,69,red,777,502,1279
81,06,1310210,1,20260807,,,,0,0,0,69,,,,0,0,0,69,3,43.009797840621914,144.2786998,,,,,,,,,,,,,69,red,0,0,0
81,06,1310220,1,20260807,1685,314,0,0,0,0,0,654,246,0,0,0,0,0,3,43.02229809062573,144.2728472,,,,,,,,,,,,,69,red,1999,900,2899
81,08,1310230,1,20260807,,,,0,0,0,69,,,,0,0,0,69,3,43.85893419082885,144.0808788,,,,,,,,,,,,,69,red,0,0,0
81,08,1310240,1,20260807,424,45,0,0,69,0,0,360,56,0,0,69,0,0,3,44.01132969085448,144.2315868,,,,,,,,,,,,,69,red,469,416,885
81,04,1310250,1,20260807,613,144,41,0,0,0,0,512,284,24,0,0,0,0,3,44.16725904087709,142.395004,,,,,,,,,,,,,69,red,798,820,1618
81,04,1310260,1,20260807,543,140,3,0,0,0,0,685,286,0,0,0,0,0,3,44.19030204088012,142.392098,,,,,,,,,,,,,69,red,686,971,1657
81,09,1310270,1,20260807,157,85,0,0,0,0,0,88,75,0,0,0,0,0,3,44.89849804093394,141.930734,,,,,,,,,,,,,69,red,242,163,405
81,10,1310280,1,20260807,74,39,0,0,0,0,0,38,20,0,0,0,0,0,3,45.0919210409354,141.772244,,,,,,,,,,,,,69,red,113,58,171
81,10,1310290,1,20260807,,,,0,0,0,69,,,,0,0,0,69,3,45.3643680409278,141.728937,,,,,,,,,,,,,69,red,0,0,0
81,06,1310300,1,20260807,634,89,6,0,0,0,0,0,0,912,0,0,69,0,3,43.059450410636984,144.8007274,,,,,,,,,,,,,69,red,729,912,1641
81,06,1310310,1,20260807,72,42,0,0,69,0,0,52,33,1,0,0,0,0,3,43.27550252069827,145.50157790000003,,,,,,,,,,,,,69,red,114,86,200
81,02,1310320,1,20260807,846,117,0,0,0,0,0,653,176,0,0,0,0,0,3,41.8940000401868,140.139639,,,,,,,,,,,,,69,red,963,829,1792
81,02,1310330,1,20260807,710,97,0,0,0,0,0,1088,175,0,0,0,0,0,3,41.68472204008489,140.444,,,,,,,,,,,,,69,red,807,1263,2070
81,03,1310340,1,20260807,514,75,0,0,0,0,0,50,10,1,0,0,55,0,3,43.26192904069464,140.646731,,,,,,,,,,,,,69,red,589,61,650
81,03,1310350,1,20260807,512,162,0,0,0,0,0,412,142,0,0,0,0,0,3,43.041313040631515,140.5119,,,,,,,,,,,,,69,red,674,554,1228
81,02,1310360,1,20260807,115,21,0,0,0,0,0,157,17,0,0,0,0,0,3,42.129260570293795,139.981876,,,,,,,,,,,,,69,red,136,174,310
81,01,1310370,1,20260807,4222,406,0,0,0,0,0,2866,451,0,0,0,0,0,3,43.007483420621185,141.3442719,,,,,,,,,,,,,69,red,4628,3317,7945
81,03,1310380,1,20260807,506,111,0,0,0,0,0,818,250,0,0,0,0,0,3,42.797316040553234,140.953155,,,,,,,,,,,,,69,red,617,1068,1685
81,03,1310390,1,20260807,384,105,0,0,0,0,0,632,153,0,0,0,0,0,3,42.75911004054018,140.927534,,,,,,,,,,,,,69,red,489,785,1274
81,09,1310420,1,20260807,381,130,0,0,0,0,0,462,89,0,0,0,0,0,3,44.315812040895196,141.663389,,,,,,,,,,,,,69,red,511,551,1062
81,05,1310430,1,20260807,495,220,0,0,0,0,0,516,235,0,0,0,0,0,3,42.68397268051387,141.6803745,,,,,,,,,,,,,69,red,715,751,1466
81,05,1310440,1,20260807,248,53,2,0,0,0,0,162,59,3,0,0,0,0,3,42.455508520428715,142.1783574,,,,,,,,,,,,,69,red,303,224,527
81,07,1310450,1,20260807,,,,0,0,0,69,,,,0,0,0,69,3,42.850468990571045,143.1845784,,,,,,,,,,,,,69,red,0,0,0
81,04,1310460,1,20260807,585,118,4,0,0,0,0,605,191,0,0,69,0,0,3,43.3597710407203,142.387706,,,,,,,,,,,,,69,red,707,796,1503
81,05,1310470,1,20260807,101,173,0,0,0,0,0,91,163,0,0,0,0,0,3,42.87689451057974,142.4313468,,,,,,,,,,,,,69,red,274,254,528
81,08,1310490,1,20260807,392,107,0,0,69,0,0,425,111,6,0,0,0,0,3,44.469400040910415,143.131573,,,,,,,,,,,,,69,red,499,542,1041
81,10,1310500,1,20260807,,,,0,0,0,69,,,,0,0,0,69,3,44.9513530409349,142.577793,,,,,,,,,,,,,69,red,0,0,0
81,06,1310520,1,20260807,69,38,0,0,0,0,0,74,19,0,0,0,0,0,3,43.474956340748676,144.4077086,,,,,,,,,,,,,69,red,107,93,200
81,07,1310530,1,20260807,53,43,0,0,0,0,0,43,13,0,0,0,0,0,3,43.351455040718186,143.778977,,,,,,,,,,,,,69,red,96,56,152
81,08,1310540,1,20260807,78,60,0,0,69,0,0,110,62,0,0,69,0,0,3,43.71241358080086,144.1898958,,,,,,,,,,,,,69,red,138,172,310
81,06,1310550,1,20260807,165,30,0,0,0,0,0,108,39,0,0,0,0,0,3,43.23651165068774,145.2499867,,,,,,,,,,,,,69,red,195,147,342
81,06,1310560,1,20260807,232,42,0,0,0,0,0,240,46,0,0,0,0,0,3,43.68069492079438,145.1213962,,,,,,,,,,,,,69,red,274,286,560
81,06,1310570,1,20260807,309,149,0,0,0,0,0,179,214,0,0,0,0,0,3,43.3613193507207,144.8334503,,,,,,,,,,,,,69,red,458,393,851
81,04,1310580,1,20260807,8,8,0,0,0,0,0,29,11,0,0,0,0,0,3,43.85535404082818,142.818956,,,,,,,,,,,,,69,red,16,40,56
81,01,1310590,1,20260807,3438,977,0,0,0,0,0,5493,885,0,0,0,0,0,3,43.101919030649576,141.3492984,,,,,,,,,,,,,69,red,4415,6378,10793
81,01,1310600,1,20260807,961,374,0,0,0,69,0,1589,329,0,0,0,69,0,3,43.018587890624595,141.4801633,,,,,,,,,,,,,69,red,1335,1918,3253
81,07,1310610,1,20260807,23,17,0,0,0,0,0,29,24,0,0,0,0,0,3,43.124397040656135,143.671096,,,,,,,,,,,,,69,red,40,53,93
81,01,1310620,1,20260807,2200,517,0,0,0,0,0,2081,285,0,0,0,0,0,3,43.080001040643104,141.40691,,,,,,,,,,,,,69,red,2717,2366,5083
81,01,1310630,1,20260807,0,0,0,0,0,69,0,0,0,0,0,0,69,0,3,43.224602350684464,141.5421492,,,,,,,,,,,,,69,red,0,0,0
81,05,1310650,1,20260807,0,0,1229,0,0,69,0,678,209,12,0,0,0,0,3,42.664068480506764,141.5956308,,,,,,,,,,,,,69,red,1229,899,2128
81,08,1310660,1,20260807,485,94,0,0,0,0,0,292,145,4,0,0,0,0,3,43.98436947085019,143.5657163,,,,,,,,,,,,,69,red,579,441,1020
81,08,1310670,1,20260807,223,67,0,0,69,0,0,118,50,0,0,69,0,0,3,43.93417044084193,144.7997993,,,,,,,,,,,,,69,red,290,168,458
81,01,1310680,1,20260807,924,121,0,0,0,0,0,637,85,0,0,0,0,0,3,42.84334231056867,141.6642755,,,,,,,,,,,,,69,red,1045,722,1767
81,06,1310690,1,20260807,341,90,2,0,0,0,0,695,197,1,0,0,0,0,3,43.048098520633566,144.4594431,,,,,,,,,,,,,69,red,433,893,1326
81,01,1310700,1,20260807,1901,210,0,0,0,0,0,1753,246,0,0,0,0,0,3,43.001297040619285,141.34856,,,,,,,,,,,,,69,red,2111,1999,4110
82,,2110010,1,20260807,982,366,0,0,0,0,0,873,471,0,0,0,0,0,3,37.110573456365614,140.1455465,,,,,,,,,,,,,71,red,1348,1344,2692
82,,2110017,1,20260807,4893,761,0,0,0,0,0,4607,948,0,0,0,0,0,3,37.37338104665072,140.3483355,,,,,,,,,,,,,71,red,5654,5555,11209
82,,2110019,1,20260807,3767,915,0,0,0,0,0,5035,1076,0,0,0,0,0,3,37.46431627674753,140.3769493,,,,,,,,,,,,,71,red,4682,6111,10793
82,,2110021,1,20260807,3161,581,31,0,0,0,0,3345,1149,14,0,71,0,0,3,37.606841446897334,140.4677635,,,,,,,,,,,,,71,red,3773,4508,8281
82,,2110030,1,20260807,3557,477,0,0,0,0,0,3788,758,0,0,0,0,0,3,37.73677529703182,140.4665726,,,,,,,,,,,,,71,red,4034,4546,8580
82,,2110040,1,20260807,2426,509,0,0,0,0,0,2659,612,0,0,0,0,0,3,37.807813217104496,140.4958221,,,,,,,,,,,,,71,red,2935,3271,6206
82,,2110050,1,20260807,922,444,0,0,0,0,0,975,659,0,0,0,0,0,3,37.90701278720498,140.5808128,,,,,,,,,,,,,71,red,1366,1634,3000
82,,2110055,1,20260807,2967,831,0,0,0,0,0,2199,929,0,0,0,0,0,3,38.041138927338956,140.6498056,,,,,,,,,,,,,71,red,3798,3128,6926
82,,2110060,1,20260807,4309,954,0,0,0,0,0,4852,928,0,0,0,0,0,3,38.085083367382396,140.8283056,,,,,,,,,,,,,71,red,5263,5780,11043
82,,2110062,1,20260807,620,132,5,0,0,0,0,722,204,11,0,0,0,0,3,39.659168038777906,141.92916800000003,,,,,,,,,,,,,71,red,757,937,1694
82,,2110063,1,20260807,458,114,5,0,0,0,0,526,168,23,0,0,0,0,3,39.73009903883322,141.960134,,,,,,,,,,,,,71,red,577,717,1294
82,,2110065,1,20260807,4842,711,0,0,0,0,0,4387,703,0,0,0,0,0,3,38.15208336744814,140.8853611,,,,,,,,,,,,,71,red,5553,5090,10643
82,,2110070,1,20260807,5216,909,0,0,0,0,0,6478,766,0,0,0,0,0,3,38.21891670751319,140.895,,,,,,,,,,,,,71,red,6125,7244,13369
82,,2110081,1,20260807,1598,149,0,0,0,0,0,0,0,0,0,0,0,0,3,38.340207037629824,140.883811,,,,,,,,,,,,,71,red,1747,0,1747
82,,2110090,1,20260807,1968,395,0,0,0,0,0,1886,504,0,0,0,0,0,3,38.61000803788275,140.98291900000004,,,,,,,,,,,,,71,red,2363,2390,4753
82,,2110091,1,20260807,776,282,0,0,0,0,0,813,456,0,0,0,0,0,3,38.834610038086325,141.085674,,,,,,,,,,,,,71,red,1058,1269,2327
82,,2110092,1,20260807,1149,331,0,0,0,0,0,1520,539,0,0,0,0,0,3,38.930416038171224,141.117432,,,,,,,,,,,,,71,red,1480,2059,3539
82,,2110093,1,20260807,1171,319,13,0,0,0,0,1381,516,15,0,0,0,0,3,39.003777838235415,141.1133766,,,,,,,,,,,,,71,red,1503,1912,3415
82,,2110095,1,20260807,1163,184,0,0,0,0,0,1124,243,0,0,0,0,0,3,39.166645038375485,141.142913,,,,,,,,,,,,,71,red,1347,1367,2714
82,,2110103,1,20260807,3387,317,0,0,0,0,0,3543,270,0,0,0,0,0,3,39.668019038784855,141.15759,,,,,,,,,,,,,71,red,3704,3813,7517
82,,2110106,1,20260807,3360,241,0,0,0,0,0,3115,350,0,0,0,0,0,3,39.70774803881587,141.165401,,,,,,,,,,,,,71,red,3601,3465,7066
82,,2110110,1,20260807,3126,343,0,0,0,0,0,2677,337,0,0,0,0,0,3,39.7581439588549,141.134491,,,,,,,,,,,,,71,red,3469,3014,6483
82,,2110120,1,20260807,1183,305,0,0,0,0,0,1160,360,0,0,0,0,0,3,40.24861199921695,141.2695885,,,,,,,,,,,,,71,red,1488,1520,3008
82,,2110121,1,20260807,726,257,0,0,0,0,0,609,262,0,0,0,0,0,3,40.33516094927743,141.2985134,,,,,,,,,,,,,71,red,983,871,1854
82,,2110129,1,20260807,595,180,0,0,0,0,0,661,186,3,0,0,0,0,3,40.60805264946136,141.26026802,,,,,,,,,,,,,71,red,775,850,1625
82,,2110130,1,20260807,0,0,1408,0,0,71,0,0,0,1718,0,0,71,0,3,40.65608164949267,141.19309457,,,,,,,,,,,,,71,red,1408,1718,3126
82,,2110132,1,20260807,765,168,83,0,0,0,0,1249,251,24,0,0,0,0,3,40.683721049510524,141.17042319,,,,,,,,,,,,,71,red,1016,1524,2540
82,,2110140,1,20260807,1841,476,12,0,0,0,0,1254,81,9,0,0,0,0,3,40.89753341964514,140.86029133,,,,,,,,,,,,,71,red,2329,1344,3673
82,,2110143,1,20260807,1243,350,0,0,0,0,0,1321,376,0,0,0,0,0,3,39.946858248998055,141.2168884,,,,,,,,,,,,,71,red,1593,1697,3290
82,,2110144,1,20260807,1148,665,0,0,71,0,0,1640,433,0,0,71,0,0,3,40.83532684960663,141.12935762,,,,,,,,,,,,,71,red,1813,2073,3886
82,,2110150,1,20260807,1357,344,1,0,0,0,0,1371,345,2,0,0,0,0,3,36.857960956084185,140.7891727,,,,,,,,,,,,,71,red,1702,1718,3420
82,,2110160,1,20260807,3779,727,12,0,0,0,0,4208,710,28,0,0,0,0,3,36.92281008615712,140.8423448,,,,,,,,,,,,,71,red,4518,4946,9464
82,,2110161,1,20260807,3110,333,0,0,0,0,0,3393,489,0,0,0,0,0,3,37.03306503628002,140.911907,,,,,,,,,,,,,71,red,3443,3882,7325
82,,2110162,1,20260807,817,173,0,0,0,0,0,2621,318,0,0,0,0,0,3,37.11549536637102,140.9974993,,,,,,,,,,,,,71,red,990,2939,3929
82,,2110163,1,20260807,800,298,2,0,0,0,0,2012,366,1,0,0,0,0,3,37.38527750666344,141.0086632,,,,,,,,,,,,,71,red,1100,2379,3479
82,,2110165,1,20260807,1343,286,9,0,0,0,0,896,309,9,0,0,0,0,3,37.63270112692426,140.9856901,,,,,,,,,,,,,71,red,1638,1214,2852
82,,2110168,1,20260807,986,345,0,0,0,0,0,1087,342,0,0,0,0,0,3,37.81498403711179,140.943249,,,,,,,,,,,,,71,red,1331,1429,2760
82,,2110170,1,20260807,633,139,0,0,0,0,0,668,139,0,0,0,0,0,3,37.89520971719308,140.9035528,,,,,,,,,,,,,71,red,772,807,1579
82,,2110173,1,20260807,2514,241,0,0,0,0,0,3284,406,0,0,0,0,0,3,37.094818366348264,140.9771016,,,,,,,,,,,,,71,red,2755,3690,6445
82,,2110180,1,20260807,1268,135,0,0,0,0,0,1430,131,0,0,0,0,0,3,38.064732037362305,140.859399,,,,,,,,,,,,,71,red,1403,1561,2964
82,,2110190,1,20260807,743,129,0,0,0,0,0,904,171,0,0,0,0,0,1,38.69140541795727,139.678824,,,,,,,,,,,,,71,red,872,1075,1947
82,,2110191,1,20260807,1172,149,0,0,0,0,0,1386,264,0,0,0,0,0,3,38.96127130819829,139.8400569,,,,,,,,,,,,,71,red,1321,1650,2971
82,,2110192,1,20260807,1472,200,0,0,0,0,0,1907,215,0,0,0,0,0,3,38.794079918050066,139.83442430000002,,,,,,,,,,,,,71,red,1672,2122,3794
82,,2110193,1,20260807,1764,223,0,0,0,0,0,2164,237,0,0,0,0,0,3,38.787431758044086,139.8346764,,,,,,,,,,,,,71,red,1987,2401,4388
82,,2110194,1,20260807,266,73,0,0,0,0,0,452,88,0,0,0,0,0,3,38.69287924795862,139.6478605,,,,,,,,,,,,,71,red,339,540,879
82,,2110195,1,20260807,310,157,0,0,0,0,0,507,249,0,0,0,0,0,3,38.61589808788817,139.5797968,,,,,,,,,,,,,71,red,467,756,1223
82,,2110196,1,20260807,1876,292,0,0,0,0,0,2194,291,0,0,0,0,0,3,38.83854814808984,139.8486963,,,,,,,,,,,,,71,red,2168,2485,4653
82,,2110197,1,20260807,526,93,0,0,0,0,0,955,89,0,0,0,0,0,3,38.71753625798101,139.7594082,,,,,,,,,,,,,71,red,619,1044,1663
82,,2110198,1,20260807,1086,196,0,0,0,0,0,1690,172,0,0,0,0,0,3,38.71622198797982,139.7565651,,,,,,,,,,,,,71,red,1282,1862,3144
82,,2110199,1,20260807,552,88,0,0,0,0,0,577,167,0,0,0,0,0,1,38.60695292787995,139.5878005,,,,,,,,,,,,,71,red,640,744,1384
82,,2110201,1,20260807,691,124,0,0,0,0,0,783,168,0,0,0,0,0,1,38.666421037934484,139.623761,,,,,,,,,,,,,71,red,815,951,1766
82,,2110202,1,20260807,2084,304,0,0,0,0,0,1864,294,0,0,0,0,0,3,39.62387474875015,140.0681964,,,,,,,,,,,,,71,red,2388,2158,4546
82,,2110203,1,20260807,464,50,0,0,0,0,0,495,37,0,0,0,0,0,3,39.240899018438185,139.9362623,,,,,,,,,,,,,71,red,514,532,1046
82,,2110204,1,20260807,1071,152,0,0,0,0,0,1002,263,0,0,0,0,0,3,39.290490888479674,139.9747431,,,,,,,,,,,,,71,red,1223,1265,2488
82,,2110205,1,20260807,661,208,0,0,0,0,0,505,324,0,0,0,0,0,3,39.11912903833497,139.876447,,,,,,,,,,,,,71,red,869,829,1698
82,,2110208,1,20260807,2377,170,0,0,0,0,0,1768,153,0,0,0,0,0,3,39.38953603856155,140.030682,,,,,,,,,,,,,71,red,2547,1921,4468
82,,2110210,1,20260807,2916,215,0,0,0,0,0,2017,466,0,0,0,0,0,3,39.79539903888355,140.0622,,,,,,,,,,,,,71,red,3131,2483,5614
82,,2110212,1,20260807,1673,274,0,0,0,0,0,2325,275,0,0,0,0,0,3,39.718472038824196,140.083211,,,,,,,,,,,,,71,red,1947,2600,4547
82,,2110213,1,20260807,1007,108,0,0,0,0,0,1115,87,0,0,0,0,0,3,39.52539935867177,140.0518185,,,,,,,,,,,,,71,red,1115,1202,2317
82,,2110214,1,20260807,873,160,0,0,0,0,0,700,184,0,0,0,0,0,3,39.90494615896667,140.076382,,,,,,,,,,,,,71,red,1033,884,1917
82,,2110215,1,20260807,815,145,3,0,0,0,0,940,170,4,0,0,0,0,3,40.067095039086766,140.067721,,,,,,,,,,,,,71,red,963,1114,2077
82,,2110216,1,20260807,1005,312,54,0,0,0,0,657,154,43,0,0,0,0,3,40.268120039230666,140.52780600000003,,,,,,,,,,,,,60,red,1371,854,2225
82,,2110217,1,20260807,1079,251,28,0,0,0,0,356,155,30,0,0,0,0,3,40.27305803923414,140.532178,,,,,,,,,,,,,60,red,1358,541,1899
82,,2110218,1,20260807,1333,100,0,0,0,0,0,1214,120,0,0,0,0,0,3,40.190834039176,140.036139,,,,,,,,,,,,,71,red,1433,1334,2767
82,,2110219,1,20260807,257,64,0,0,0,0,0,268,59,0,0,0,0,0,3,40.21531803919339,140.280482,,,,,,,,,,,,,71,red,321,327,648
82,,2110220,1,20260807,588,181,3,0,0,0,0,674,286,1,0,0,0,0,3,40.16185503915528,140.039381,,,,,,,,,,,,,71,red,772,961,1733
82,,2110221,1,20260807,976,237,5,0,0,0,0,896,247,0,0,0,0,0,3,40.20192503918389,140.151831,,,,,,,,,,,,,71,red,1218,1143,2361
82,,2110222,1,20260807,252,134,0,0,0,0,0,298,104,0,0,0,0,0,3,40.30719003925799,140.572683,,,,,,,,,,,,,71,red,386,402,788
82,,2110229,1,20260807,1117,264,12,0,0,0,0,884,227,24,0,0,0,0,3,40.230677039204274,140.489525,,,,,,,,,,,,,60,red,1393,1135,2528
82,,2110230,1,20260807,419,172,0,0,0,0,0,498,164,0,0,0,0,0,3,40.3821040393098,140.603544,,,,,,,,,,,,,71,red,591,662,1253
82,,2110231,1,20260807,523,200,17,0,0,0,0,563,159,8,0,0,0,0,3,40.461176699363655,140.6358415,,,,,,,,,,,,,71,red,740,730,1470
82,,2110232,1,20260807,649,178,5,0,0,0,0,585,152,5,0,0,0,0,3,40.199024039181815,140.383267,,,,,,,,,,,,,62,red,832,742,1574
82,,2110233,1,20260807,458,60,0,0,0,0,0,409,111,0,0,0,0,0,1,38.96155603819856,139.859806,,,,,,,,,,,,,71,red,518,520,1038
82,,2110234,1,20260807,821,150,99,0,0,0,0,1479,406,217,0,0,0,0,3,40.57123242943714,140.52428552,,,,,,,,,,,,,71,red,1070,2102,3172
82,,2110235,1,20260807,2207,338,9,0,0,0,0,0,0,3243,0,0,36,0,3,40.60269692945784,140.49957539,,,,,,,,,,,,,71,red,2554,3243,5797
82,,2110236,1,20260807,492,68,0,0,0,0,0,460,115,0,0,0,0,0,1,39.00850003823954,139.856924,,,,,,,,,,,,,71,red,560,575,1135
82,,2110237,1,20260807,131,5,0,0,0,0,0,112,19,0,0,0,0,0,1,39.05087603827627,139.890254,,,,,,,,,,,,,71,red,136,131,267
82,,2110240,1,20260807,2302,333,2,0,0,0,0,817,103,1614,0,0,71,0,3,40.65753935949361,140.50836074,,,,,,,,,,,,,71,red,2637,2534,5171
82,,2110249,1,20260807,1777,423,135,0,0,0,0,1078,328,155,0,71,71,0,3,40.831625089604316,140.66283564,,,,,,,,,,,,,71,red,2335,1561,3896
82,,2110250,1,20260807,1823,403,0,0,0,0,0,2279,600,0,0,0,0,0,3,40.767838829564255,140.59194915,,,,,,,,,,,,,71,red,2226,2879,5105
82,,2110251,1,20260807,2753,347,0,0,0,71,0,5546,1022,0,0,0,0,0,3,40.824380649599796,140.7354641,,,,,,,,,,,,,71,red,3100,6568,9668
82,,2110252,1,20260807,2529,449,1,0,0,0,0,0,0,2205,0,0,71,0,3,40.80222556958593,140.69781704,,,,,,,,,,,,,71,red,2979,2205,5184
82,,2110253,1,20260807,1250,281,19,0,0,0,0,1038,202,11,0,0,0,0,3,40.82364700959935,140.81040657,,,,,,,,,,,,,71,red,1550,1251,2801
82,,2110255,1,20260807,0,0,0,0,0,0,0,0,0,0,0,0,0,0,3,40.797368279582884,140.73499562,,,,,,,,,,,,,71,red,0,0,0
82,,2110256,1,20260807,1998,221,13,0,0,0,0,0,0,0,0,0,0,0,3,40.79545531958167,140.74908182,,,,,,,,,,,,,71,red,2232,0,2232
82,,2110258,1,20260807,759,138,5,0,0,0,0,1012,147,6,0,0,0,0,3,40.26361114922749,140.42944444,,,,,,,,,,,,,71,red,902,1165,2067
82,,2110260,1,20260807,3754,185,0,0,0,0,0,1868,149,0,0,0,0,0,3,37.766077747061864,140.4643813,,,,,,,,,,,,,71,red,3939,2017,5956
82,,2110270,1,20260807,109,24,0,0,0,0,0,16,2,183,0,0,10,0,3,37.82286602711981,140.2786356,,,,,,,,,,,,,71,red,133,201,334
82,,2110271,1,20260807,828,236,0,0,0,0,0,727,495,0,0,0,0,0,3,37.89655074719443,140.1500818,,,,,,,,,,,,,71,red,1064,1222,2286
82,,2110272,1,20260807,1029,233,0,0,0,0,0,809,482,0,0,0,0,0,3,37.92749748722557,140.13487,,,,,,,,,,,,,71,red,1262,1291,2553
82,,2110280,1,20260807,1609,207,0,0,0,0,0,1626,266,0,0,0,0,0,3,37.99971367729781,140.14494900000003,,,,,,,,,,,,,71,red,1816,1892,3708
82,,2110290,1,20260807,2330,411,0,0,0,0,0,2029,400,0,0,0,0,0,3,38.13022203742675,140.241028,,,,,,,,,,,,,71,red,2741,2429,5170
82,,2110291,1,20260807,2261,419,0,0,0,0,0,3088,405,0,0,0,0,0,3,38.159814097455694,140.3001308,,,,,,,,,,,,,71,red,2680,3493,6173
82,,2110292,1,20260807,1997,407,0,0,0,0,0,1847,381,0,0,0,0,0,3,38.10297203739999,140.207083,,,,,,,,,,,,,71,red,2404,2228,4632
82,,2110294,1,20260807,588,165,0,0,0,0,0,399,116,0,0,0,0,0,3,37.767613677063444,140.8648291,,,,,,,,,,,,,71,red,753,515,1268
82,,2110295,1,20260807,770,177,0,0,0,0,0,407,111,0,0,0,0,0,3,37.75423885704973,140.7090153,,,,,,,,,,,,,71,red,947,518,1465
82,,2110296,1,20260807,920,199,0,0,0,0,0,434,117,0,0,0,0,0,3,37.75978319705542,140.5958156,,,,,,,,,,,,,71,red,1119,551,1670
82,,2110297,1,20260807,896,158,0,0,0,0,0,516,102,0,0,0,0,0,3,37.78113503707728,140.573819,,,,,,,,,,,,,71,red,1054,618,1672
82,,2110298,1,20260807,918,212,0,0,0,0,0,643,178,0,0,0,0,0,3,37.81669203711354,140.530266,,,,,,,,,,,,,71,red,1130,821,1951
82,,2110299,1,20260807,687,263,0,0,0,0,0,511,204,0,0,0,0,0,3,37.83294203713006,140.49615,,,,,,,,,,,,,71,red,950,715,1665
82,,2110300,1,20260807,557,217,0,0,0,0,0,732,414,0,0,0,0,0,1,37.79582169709228,140.4130094,,,,,,,,,,,,,71,red,774,1146,1920
82,,2110301,1,20260807,740,291,0,0,0,0,0,798,553,0,0,0,0,0,3,37.8687824871664,140.2279023,,,,,,,,,,,,,71,red,1031,1351,2382
82,,2110305,1,20260807,4012,512,0,0,0,0,0,3109,710,0,0,0,0,0,3,38.32857829761873,140.3671432,,,,,,,,,,,,,71,red,4524,3819,8343
82,,2110307,1,20260807,1769,77,0,0,0,0,0,2398,250,0,0,0,0,0,3,38.48098003776293,140.382831,,,,,,,,,,,,,71,red,1846,2648,4494
82,,2110308,1,20260807,1472,370,0,0,0,0,0,1854,619,0,0,0,0,0,1,38.56969403784554,140.401333,,,,,,,,,,,,,71,red,1842,2473,4315
82,,2110309,1,20260807,1067,262,0,0,0,0,0,1467,486,0,0,0,0,0,1,38.42500003771029,140.352222,,,,,,,,,,,,,71,red,1329,1953,3282
82,,2110310,1,20260807,1425,120,0,0,0,0,0,1351,145,0,0,0,0,0,3,38.57581640785121,140.403707,,,,,,,,,,,,,71,red,1545,1496,3041
82,,2110311,1,20260807,1586,364,0,0,0,0,0,1943,615,0,0,0,0,0,1,38.5505555978278,140.3888889,,,,,,,,,,,,,71,red,1950,2558,4508
82,,2110312,1,20260807,1468,345,0,0,0,0,0,1753,604,0,0,0,0,0,3,38.618265997890354,140.3838155,,,,,,,,,,,,,71,red,1813,2357,4170
82,,2110313,1,20260807,1898,435,0,0,0,0,0,1938,666,0,0,0,0,0,3,38.676631947943804,140.3212881,,,,,,,,,,,,,71,red,2333,2604,4937
82,,2110314,1,20260807,1870,397,0,0,0,0,0,1794,539,0,0,0,0,0,3,38.71993903798319,140.308757,,,,,,,,,,,,,71,red,2267,2333,4600
82,,2110315,1,20260807,1429,133,0,0,0,0,0,1133,190,0,0,0,0,0,3,38.8033716780584,140.3206605,,,,,,,,,,,,,71,red,1562,1323,2885
82,,2110316,1,20260807,1219,185,0,0,0,0,0,818,255,0,0,0,0,0,3,38.74947203800992,140.290833,,,,,,,,,,,,,71,red,1404,1073,2477
82,,2110317,1,20260807,501,176,0,0,0,0,0,430,301,0,0,0,0,0,3,38.923639038165255,140.334806,,,,,,,,,,,,,71,red,677,731,1408
82,,2110318,1,20260807,489,180,0,0,0,0,0,426,315,0,0,0,0,0,3,38.94673520818555,140.3547943,,,,,,,,,,,,,71,red,669,741,1410
82,,2110319,1,20260807,800,146,7,0,0,0,0,723,238,11,0,0,0,0,3,39.072178338294655,140.4714918,,,,,,,,,,,,,71,red,953,972,1925
82,,2110320,1,20260807,960,186,6,0,0,0,0,901,244,3,0,0,0,0,3,39.11258080832936,140.486598,,,,,,,,,,,,,71,red,1152,1148,2300
82,,2110321,1,20260807,1390,145,0,0,0,0,0,105,107,0,0,0,0,0,3,39.181412318388,140.4959965,,,,,,,,,,,,,71,red,1535,212,1747
82,,2110322,1,20260807,707,36,1,0,0,0,0,725,22,32,0,0,0,0,3,39.1455093483575,140.4912436,,,,,,,,,,,,,71,red,744,779,1523
82,,2110324,1,20260807,350,141,0,0,0,0,0,24,192,0,0,0,0,0,3,39.046668898272635,140.4131154,,,,,,,,,,,,,71,red,491,216,707
82,,2110325,1,20260807,1286,324,0,0,0,0,0,1875,584,0,0,0,0,0,1,38.463333037746374,140.3575,,,,,,,,,,,,,71,red,1610,2459,4069
82,,2110326,1,20260807,1422,341,0,0,0,0,0,1957,630,0,0,0,0,0,1,38.49944403778021,140.370833,,,,,,,,,,,,,71,red,1763,2587,4350
82,,2110327,1,20260807,1477,176,0,0,0,0,0,1975,186,0,0,0,0,0,3,39.249316578445246,140.5351192,,,,,,,,,,,,,71,red,1653,2161,3814
82,,2110328,1,20260807,699,134,0,0,0,0,0,657,231,0,0,0,0,0,3,38.78089403803823,140.293372,,,,,,,,,,,,,71,red,833,888,1721
82,,2110335,1,20260807,789,151,948,0,0,71,0,1450,259,16,0,0,0,0,3,39.45464609861468,140.4982871,,,,,,,,,,,,,71,red,1888,1725,3613
82,,2110337,1,20260807,775,194,2,0,0,0,0,1272,227,0,0,0,0,0,3,39.56556981870389,140.3349352,,,,,,,,,,,,,71,red,971,1499,2470
82,,2110340,1,20260807,2962,588,0,0,0,0,0,2079,494,0,0,0,0,0,3,39.66778703878465,140.165768,,,,,,,,,,,,,71,red,3550,2573,6123
82,,2110350,1,20260807,4588,594,0,0,0,0,0,3416,555,0,0,0,0,0,3,38.27013892756266,140.95175,,,,,,,,,,,,,71,red,5182,3971,9153
82,,2110352,1,20260807,4464,675,3,0,0,0,0,3700,1027,29,0,0,0,0,3,38.425472257710744,141.1867778,,,,,,,,,,,,,71,red,5142,4756,9898
82,,2110353,1,20260807,4092,676,16,0,0,0,0,3952,918,85,0,0,0,0,3,38.43294447771779,141.2090556,,,,,,,,,,,,,71,red,4784,4955,9739
82,,2110354,1,20260807,3474,427,47,9,0,0,18,3524,820,33,0,0,0,18,3,38.442000037726324,141.2525833,,,,,,,,,,,,,71,red,3948,4377,8325
82,,2110355,1,20260807,3040,556,79,0,0,0,0,2671,780,54,0,0,0,0,3,38.48202781776391,141.2923889,,,,,,,,,,,,,71,red,3675,3505,7180
82,,2110357,1,20260807,2725,478,16,0,0,0,0,2261,749,31,0,0,0,0,3,38.50430559778474,141.2861944,,,,,,,,,,,,,71,red,3219,3041,6260
82,,2110358,1,20260807,1818,432,10,0,0,0,0,1700,668,29,0,0,0,0,3,38.590638927864894,141.27905560000002,,,,,,,,,,,,,71,red,2260,2397,4657
82,,2110359,1,20260807,1585,415,1,0,0,0,0,1565,639,30,0,0,0,0,3,38.61066670788337,141.2839722,,,,,,,,,,,,,71,red,2001,2234,4235
82,,2110360,1,20260807,761,66,0,0,0,0,0,1396,98,0,0,0,0,0,3,38.429333367714385,141.2390278,,,,,,,,,,,,,71,red,827,1494,2321
82,,2110361,1,20260807,1228,110,0,0,0,0,0,1172,102,0,0,0,0,0,3,38.891555598136925,141.55625,,,,,,,,,,,,,71,red,1338,1274,2612
82,,2110362,1,20260807,1232,238,5,0,0,0,0,1331,434,10,0,0,0,0,3,38.696083367961535,141.2831389,,,,,,,,,,,,,71,red,1475,1775,3250
82,,2110363,1,20260807,3298,520,12,0,0,0,0,3108,777,30,0,0,0,0,3,38.456555597740014,141.2745,,,,,,,,,,,,,71,red,3830,3915,7745
82,,2110364,1,20260807,839,195,0,0,0,0,0,776,284,0,0,0,0,0,3,38.95011114818852,141.6280556,,,,,,,,,,,,,71,red,1034,1060,2094
82,,2110365,1,20260807,858,46,0,0,0,0,0,663,88,0,0,0,0,0,3,38.91955303816165,141.571364,,,,,,,,,,,,,71,red,904,751,1655
82,,2110366,1,20260807,1078,228,15,0,0,0,0,1180,422,13,0,0,0,0,3,38.71113892797521,141.3101667,,,,,,,,,,,,,71,red,1321,1615,2936
82,,2110367,1,20260807,1167,206,4,0,0,0,0,1325,244,15,0,0,0,0,3,39.02656869825523,141.6974974,,,,,,,,,,,,,71,red,1377,1584,2961
82,,2110368,1,20260807,1107,239,13,0,0,0,0,1150,394,14,0,0,0,0,3,38.70219447796709,141.3930833,,,,,,,,,,,,,71,red,1359,1558,2917
82,,2110370,1,20260807,812,115,0,0,0,0,0,1511,111,0,0,0,0,0,3,39.059216658283475,141.7193842,,,,,,,,,,,,,71,red,927,1622,2549
82,,2110371,1,20260807,668,103,4,0,0,0,0,722,183,4,0,0,0,0,3,39.074077398296275,141.7034197,,,,,,,,,,,,,71,red,775,909,1684
82,,2110372,1,20260807,690,139,0,0,0,0,0,726,215,0,0,0,0,0,3,39.125195598340156,141.7347157,,,,,,,,,,,,,71,red,829,941,1770
82,,2110373,1,20260807,980,153,0,0,0,0,0,926,226,0,0,0,0,0,3,39.12205355833746,141.7899934,,,,,,,,,,,,,71,red,1133,1152,2285
82,,2110374,1,20260807,713,186,0,0,0,0,0,864,252,0,0,0,0,0,3,39.03121932825926,141.6337144,,,,,,,,,,,,,71,red,899,1116,2015
82,,2110379,1,20260807,694,143,17,0,0,0,0,686,215,25,0,0,0,0,3,39.14893559836042,141.8295097,,,,,,,,,,,,,71,red,854,926,1780
82,,2110380,1,20260807,1377,73,0,0,0,0,0,726,89,0,0,0,0,0,3,39.29661287848477,141.8836641,,,,,,,,,,,,,71,red,1450,815,2265
82,,2110381,1,20260807,1030,221,11,0,0,0,0,1076,361,39,0,0,0,0,3,38.69052781795646,141.4270556,,,,,,,,,,,,,71,red,1262,1476,2738
82,,2110382,1,20260807,1321,243,5,0,0,0,0,1033,380,26,0,0,0,0,3,38.70547225797006,141.4960833,,,,,,,,,,,,,71,red,1569,1439,3008
82,,2110383,1,20260807,1715,193,5,0,0,0,0,999,262,3,0,0,0,0,3,39.32251283850628,141.8802524,,,,,,,,,,,,,71,red,1913,1264,3177
82,,2110384,1,20260807,1165,247,7,0,0,0,0,1523,350,27,0,0,0,0,3,38.81825003807172,141.5580556,,,,,,,,,,,,,71,red,1419,1900,3319
82,,2110387,1,20260807,599,145,27,0,0,0,0,984,212,14,0,0,0,0,3,39.59193303872486,141.940478,,,,,,,,,,,,,71,red,771,1210,1981
82,,2110389,1,20260807,476,124,4,0,0,0,0,576,169,5,0,0,0,0,3,39.8199300389023,141.96138,,,,,,,,,,,,,71,red,604,750,1354
82,,2110392,1,20260807,508,126,4,0,0,0,0,610,174,3,0,0,0,0,3,39.836270038914755,141.96038,,,,,,,,,,,,,71,red,638,787,1425
82,,2110393,1,20260807,410,120,0,0,0,0,0,326,161,0,0,0,0,0,3,39.87071503894088,141.94008,,,,,,,,,,,,,71,red,530,487,1017
82,,2110394,1,20260807,1247,251,9,0,0,0,0,1720,362,17,0,0,0,0,3,38.86638892811462,141.5685833,,,,,,,,,,,,,71,red,1507,2099,3606
82,,2110396,1,20260807,57,66,0,0,0,71,0,61,11,0,0,0,71,0,3,39.93351162898809,141.8457699,,,,,,,,,,,,,71,red,123,72,195
82,,2110397,1,20260807,288,140,0,0,0,0,0,236,145,0,0,0,0,0,3,39.9934900390327,141.881411,,,,,,,,,,,,,71,red,428,381,809
82,,2110401,1,20260807,502,183,11,0,0,0,0,582,257,3,0,0,0,0,3,39.029891708258106,141.6224,,,,,,,,,,,,,71,red,696,842,1538
82,,2110402,1,20260807,404,50,0,0,0,0,0,416,27,0,0,0,0,0,3,40.414361969331864,141.7051792,,,,,,,,,,,,,71,red,454,443,897
82,,2110403,1,20260807,605,137,7,0,0,0,0,696,215,8,0,0,0,0,3,39.15806392836817,141.8413306,,,,,,,,,,,,,71,red,749,919,1668
82,,2110404,1,20260807,2040,188,6,0,0,0,0,2661,254,9,0,0,0,0,3,40.50576550939362,141.53235261,,,,,,,,,,,,,71,red,2234,2924,5158
82,,2110405,1,20260807,2463,321,5,0,0,0,0,3530,353,13,0,0,0,0,3,40.528900439409064,141.46412799,,,,,,,,,,,,,71,red,2789,3896,6685
82,,2110407,1,20260807,930,155,0,0,0,0,0,1107,126,24,0,0,0,0,3,40.481786839377534,141.5376989,,,,,,,,,,,,,71,red,1085,1257,2342
82,,2110408,1,20260807,2209,294,16,0,0,0,0,1670,427,12,0,0,0,0,3,40.5637364594322,141.43539327,,,,,,,,,,,,,71,red,2519,2109,4628
82,,2110409,1,20260807,686,126,14,0,0,0,0,809,214,9,0,0,0,0,3,39.24333336844022,141.8452778,,,,,,,,,,,,,71,red,826,1032,1858
82,,2110410,1,20260807,882,220,7,0,0,0,0,1272,191,10,0,0,0,0,3,40.47949102937599,141.58069836,,,,,,,,,,,,,71,red,1109,1473,2582
82,,2110412,1,20260807,730,291,22,0,0,0,0,861,337,19,0,0,0,0,3,40.66162803949626,141.324363,,,,,,,,,,,,,71,red,1043,1217,2260
82,,2110413,1,20260807,1014,341,33,0,0,0,0,1288,378,60,0,0,0,0,3,40.675139039505,141.304575,,,,,,,,,,,,,71,red,1388,1726,3114
82,,2110414,1,20260807,2521,403,0,0,0,0,0,2519,513,0,0,0,0,0,3,39.699724768809624,141.0544968,,,,,,,,,,,,,71,red,2924,3032,5956
82,,2110415,1,20260807,1283,144,0,0,0,0,0,999,256,0,0,0,0,0,3,39.69160156880328,141.008749,,,,,,,,,,,,,71,red,1427,1255,2682
82,,2110416,1,20260807,375,110,1,0,0,0,0,417,225,7,0,0,0,0,3,39.70020353880998,140.8836508,,,,,,,,,,,,,71,red,486,649,1135
82,,2110417,1,20260807,329,72,0,0,0,0,0,74,76,0,0,0,0,0,3,40.47147403937059,141.474002,,,,,,,,,,,,,71,red,401,150,551
82,,2110418,1,20260807,1077,247,6,0,0,0,0,1085,309,8,0,0,0,0,3,39.260555598454665,141.8394444,,,,,,,,,,,,,71,red,1330,1402,2732
82,,2110419,1,20260807,1314,159,9,0,0,0,0,885,227,7,0,0,0,0,3,39.288333368477865,141.8633333,,,,,,,,,,,,,71,red,1482,1119,2601
82,,2110421,1,20260807,844,133,4,0,0,0,0,676,216,7,0,0,0,0,3,39.366111148542295,141.9044444,,,,,,,,,,,,,71,red,981,899,1880
82,,2110422,1,20260807,1236,156,5,0,0,0,0,663,219,17,0,0,0,0,3,39.36731670854329,141.8911806,,,,,,,,,,,,,71,red,1397,899,2296
82,,2110423,1,20260807,852,220,1,0,0,0,0,741,216,2,0,0,0,0,3,40.22921103920324,141.7800234,,,,,,,,,,,,,71,red,1073,959,2032
82,,2110424,1,20260807,534,152,0,0,0,0,0,493,214,0,0,0,0,0,3,39.601276038732266,140.551915,,,,,,,,,,,,,71,red,686,707,1393
82,,2110428,1,20260807,530,141,4,0,0,0,0,700,239,3,0,0,0,0,3,38.73322403799523,140.787123,,,,,,,,,,,,,71,red,675,942,1617
82,,2110432,1,20260807,217,153,0,0,0,0,0,255,208,0,0,0,0,0,3,38.73755603799914,140.598389,,,,,,,,,,,,,71,red,370,463,833
82,,2110435,1,20260807,1067,438,0,0,0,0,0,1581,472,0,0,0,0,0,3,38.74138978800262,140.2831578,,,,,,,,,,,,,71,red,1505,2053,3558
82,,2110436,1,20260807,914,324,0,0,0,0,0,753,394,0,0,0,0,0,3,38.74416703800512,140.259722,,,,,,,,,,,,,71,red,1238,1147,2385
82,,2110437,1,20260807,803,359,0,0,0,0,0,948,398,0,0,0,0,0,3,38.73663903799832,140.168833,,,,,,,,,,,,,71,red,1162,1346,2508
82,,2110438,1,20260807,855,339,0,0,0,0,0,861,379,0,0,0,0,0,3,38.745210838006074,140.2326227,,,,,,,,,,,,,71,red,1194,1240,2434
82,,2110440,1,20260807,764,392,0,0,0,0,0,694,408,0,0,0,0,0,3,38.78155241803881,140.0267226,,,,,,,,,,,,,71,red,1156,1102,2258
82,,2110445,1,20260807,4626,423,0,0,0,0,0,3433,527,0,0,0,0,0,3,38.26502503755774,140.79343300000002,,,,,,,,,,,,,71,red,5049,3960,9009
82,,2110450,1,20260807,594,294,0,0,0,0,0,584,451,0,0,0,0,0,3,38.391999797679084,140.5672252,,,,,,,,,,,,,71,red,888,1035,1923
82,,2110451,1,20260807,1194,187,0,0,0,0,0,1423,168,0,0,0,0,0,3,38.877650438124604,139.8869442,,,,,,,,,,,,,71,red,1381,1591,2972
82,,2110452,1,20260807,1823,222,0,0,0,8,0,2181,269,0,0,0,0,0,3,38.901543148145755,139.8723154,,,,,,,,,,,,,71,red,2045,2450,4495
82,,2110453,1,20260807,65,23,0,0,0,0,0,125,10,0,0,0,0,0,3,38.90368057814766,139.8668909,,,,,,,,,,,,,71,red,88,135,223
82,,2110454,1,20260807,1452,244,0,0,0,0,0,1833,207,0,0,0,0,0,3,38.87364379812106,139.886117,,,,,,,,,,,,,71,red,1696,2040,3736
82,,2110455,1,20260807,1754,421,0,0,0,0,0,3017,358,0,0,0,0,0,3,37.062925546313075,140.8516252,,,,,,,,,,,,,71,red,2175,3375,5550
82,,2110456,1,20260807,974,214,0,0,0,0,0,1359,187,0,0,0,0,0,3,38.85157810810144,139.8908657,,,,,,,,,,,,,71,red,1188,1546,2734
82,,2110457,1,20260807,691,210,0,0,0,0,0,1012,198,0,0,0,0,0,3,38.831843418083864,139.9098858,,,,,,,,,,,,,71,red,901,1210,2111
82,,2110460,1,20260807,969,314,0,0,0,0,0,749,245,0,0,0,0,0,3,37.11000003636498,140.7641667,,,,,,,,,,,,,71,red,1283,994,2277
82,,2110464,1,20260807,593,334,3,0,0,0,0,409,190,20,0,0,0,0,3,37.31106211658384,140.4823494,,,,,,,,,,,,,71,red,930,619,1549
82,,2110465,1,20260807,1459,399,0,0,0,0,0,1826,238,0,0,0,0,0,3,37.33970064661463,140.406585,,,,,,,,,,,,,71,red,1858,2064,3922
82,,2110470,1,20260807,913,123,0,0,0,0,0,909,284,0,0,0,0,0,3,37.49456687677952,140.2463901,,,,,,,,,,,,,71,red,1036,1193,2229
82,,2110472,1,20260807,180,93,0,0,0,0,0,194,115,0,0,0,0,0,3,37.65080306694305,139.5936209,,,,,,,,,,,,,71,red,273,309,582
82,,2110473,1,20260807,1863,284,0,0,0,0,0,1396,389,0,0,0,0,0,3,37.548570346836364,139.9683643,,,,,,,,,,,,,71,red,2147,1785,3932
82,,2110474,1,20260807,1427,132,0,0,0,0,0,1295,227,0,0,0,0,0,3,37.55735328684558,139.8550022,,,,,,,,,,,,,71,red,1559,1522,3081
82,,2110477,1,20260807,1250,187,1,0,0,0,0,1682,145,7,0,0,0,0,3,40.48458321937942,141.42701414,,,,,,,,,,,,,71,red,1438,1834,3272
82,,2110478,1,20260807,781,139,0,0,0,0,0,828,115,0,0,0,0,0,3,38.52642903780538,141.156619,,,,,,,,,,,,,71,red,920,943,1863
82,,2110479,1,20260807,961,187,0,0,0,0,0,867,162,0,0,0,0,0,3,38.556163037833,141.069142,,,,,,,,,,,,,71,red,1148,1029,2177
82,,2110480,1,20260807,1255,91,0,0,0,0,0,1600,84,0,0,0,0,0,3,38.570337037846144,140.982089,,,,,,,,,,,,,71,red,1346,1684,3030
82,,2110481,1,20260807,483,181,0,0,0,0,0,342,281,0,0,0,0,0,3,39.036923848264195,140.3899339,,,,,,,,,,,,,71,red,664,623,1287
82,,2110482,1,20260807,1539,263,2,0,0,0,0,957,276,0,0,0,0,0,3,39.363397818540065,140.5656534,,,,,,,,,,,,,71,red,1804,1233,3037
82,,2110485,1,20260807,2932,192,0,0,0,0,0,2573,224,0,0,0,0,0,3,38.33956088762922,140.2816558,,,,,,,,,,,,,71,red,3124,2797,5921
82,,2110488,1,20260807,219,84,0,0,0,0,0,410,120,0,0,0,0,0,3,38.4566470377401,140.032103,,,,,,,,,,,,,71,red,303,530,833
82,,2110491,1,20260807,484,158,0,0,0,0,0,531,298,0,0,0,0,0,3,38.58079848785582,139.9398136,,,,,,,,,,,,,71,red,642,829,1471
82,,2110500,1,20260807,823,133,0,0,0,0,0,513,210,0,0,0,0,0,3,38.046173177343945,139.7837305,,,,,,,,,,,,,71,red,956,723,1679
82,,2110501,1,20260807,458,121,0,0,0,0,0,471,198,0,0,0,0,0,3,38.0753590373728,139.72116,,,,,,,,,,,,,71,red,579,669,1248
82,,2110502,1,20260807,729,120,0,0,0,0,0,475,146,0,0,0,0,0,3,38.04606303734383,140.051715,,,,,,,,,,,,,71,red,849,621,1470
82,,2110503,1,20260807,1408,164,0,0,0,0,0,793,187,0,0,0,0,0,3,38.044627037342416,140.064483,,,,,,,,,,,,,71,red,1572,980,2552
82,,2110504,1,20260807,1570,217,0,0,0,0,0,958,214,0,0,0,0,0,3,38.04518462734297,140.1366019,,,,,,,,,,,,,71,red,1787,1172,2959
82,,2110510,1,20260807,1337,188,0,0,0,0,0,1036,187,0,0,0,0,0,3,38.02769263732563,140.1668358,,,,,,,,,,,,,71,red,1525,1223,2748
82,,2110519,1,20260807,660,143,6,0,0,0,0,580,139,2,0,0,0,0,3,39.25195903844747,141.77938700000004,,,,,,,,,,,,,71,red,809,721,1530
82,,2110520,1,20260807,634,164,10,0,0,0,0,777,158,8,0,0,0,0,3,39.24514978844176,141.7423439,,,,,,,,,,,,,71,red,808,943,1751
82,,2110521,1,20260807,637,182,0,0,0,0,0,762,167,0,0,0,0,0,3,39.246448038442836,141.63560000000004,,,,,,,,,,,,,71,red,819,929,1748
82,,2110531,1,20260807,795,127,0,0,0,0,0,805,176,0,0,0,0,0,1,39.32515718850848,141.4883819,,,,,,,,,,,,,71,red,922,981,1903
82,,2110540,1,20260807,950,183,0,0,0,0,0,993,251,0,0,0,0,0,1,39.28807706847765,141.3475227,,,,,,,,,,,,,71,red,1133,1244,2377
82,,2110541,1,20260807,502,62,0,0,0,0,0,545,133,0,0,0,0,0,1,39.314345428499514,141.2615204,,,,,,,,,,,,,71,red,564,678,1242
82,,2110542,1,20260807,467,129,0,0,0,0,0,422,154,0,0,0,0,0,3,39.283375038473736,141.5516694,,,,,,,,,,,,,71,red,596,576,1172
82,,2110552,1,20260807,1071,237,7,0,0,0,0,1066,354,19,0,0,0,0,3,38.75991670801934,141.5025278,,,,,,,,,,,,,71,red,1315,1439,2754
82,,2110553,1,20260807,1271,256,7,0,0,0,0,1515,385,12,0,0,0,0,3,38.80716670806179,141.54275,,,,,,,,,,,,,71,red,1534,1912,3446
82,,2110554,1,20260807,708,186,5,0,0,0,0,713,280,9,0,0,0,0,3,38.96347225820022,141.6241944,,,,,,,,,,,,,71,red,899,1002,1901
82,,2110555,1,20260807,491,110,6,0,0,0,0,578,199,8,0,0,0,0,3,39.21138892841335,141.865,,,,,,,,,,,,,71,red,607,785,1392
82,,2110556,1,20260807,1210,234,11,0,0,0,0,1740,326,43,0,0,0,0,3,38.8781944781251,141.5846444,,,,,,,,,,,,,71,red,1455,2109,3564
82,,2110557,1,20260807,780,244,67,0,0,0,0,882,343,61,0,0,0,0,3,38.789722258046154,141.5180556,,,,,,,,,,,,,71,red,1091,1286,2377
82,,2110558,1,20260807,923,174,8,0,0,0,0,943,258,16,0,0,0,0,3,38.88277803812915,141.585833,,,,,,,,,,,,,71,red,1105,1217,2322
82,,2110559,1,20260807,1070,209,7,0,0,0,0,760,296,17,0,0,0,0,3,38.925278038166695,141.6025,,,,,,,,,,,,,71,red,1286,1073,2359
82,,2110560,1,20260807,541,158,26,0,0,0,0,509,237,48,0,0,0,0,3,38.89750003814219,141.595,,,,,,,,,,,,,71,red,725,794,1519
82,,2110561,1,20260807,1015,205,56,0,0,0,0,744,374,66,0,0,0,0,3,38.91750003815984,141.591944,,,,,,,,,,,,,71,red,1276,1184,2460
82,,2110604,1,20260807,532,190,57,0,0,0,0,615,161,82,0,0,0,0,3,40.1607780391545,141.767278,,,,,,,,,,,,,71,red,779,858,1637
82,,2112104,1,20260807,677,341,0,0,0,0,0,998,197,210,0,0,0,0,3,40.733783919542624,141.20798154,,,,,,,,,,,,,71,red,1018,1405,2423
82,,2120001,1,20260807,1444,232,0,0,0,0,0,1048,368,0,0,0,0,0,3,40.75045198955322,140.54906872,,,,,,,,,,,,,71,red,1676,1416,3092
82,,2120005,1,20260807,1494,211,10,0,0,0,0,1111,243,6,0,0,0,0,3,40.79249892957982,140.48972552,,,,,,,,,,,,,71,red,1715,1360,3075
82,,2120010,1,20260807,1239,167,14,0,0,0,0,865,157,7,0,0,0,0,3,40.81212879959214,140.47707546,,,,,,,,,,,,,71,red,1420,1029,2449
82,,2120015,1,20260807,666,108,0,0,0,0,0,622,131,0,0,0,0,0,3,40.82729603960163,140.4413,,,,,,,,,,,,,71,red,774,753,1527
82,,2120020,1,20260807,132,43,0,0,0,0,0,578,73,0,0,0,0,0,3,40.78380703957434,140.261545,,,,,,,,,,,,,71,red,175,651,826
82,,2310200,1,20260807,2706,568,0,0,0,0,0,3331,507,0,0,0,0,0,3,39.70615403881462,140.09793,,,,,,,,,,,,,71,red,3274,3838,7112
82,,2312101,1,20260807,914,378,0,0,0,0,0,1245,393,0,0,0,0,0,3,40.70834700952637,141.24477593,,,,,,,,,,,,,71,red,1292,1638,2930
82,,2312102,1,20260807,883,353,0,0,0,0,0,1267,401,0,0,0,0,0,3,40.725233449537164,141.22804347,,,,,,,,,,,,,71,red,1236,1668,2904
82,,2312103,1,20260807,808,175,0,0,0,0,0,463,118,0,0,0,0,0,3,37.77535545707135,140.7514008,,,,,,,,,,,,,71,red,983,581,1564
83,,3110010,1,20260807,4472,651,325,0,0,0,0,2626,501,236,0,0,0,0,3,35.58550262456253,139.7049058,,,,,,,,,,,,,71,red,5448,3363,8811
83,,3110020,1,20260807,5422,1246,208,0,0,0,0,5244,1290,246,0,0,0,0,3,35.37938903430058,139.509906,,,,,,,,,,,,,71,red,6876,6780,13656
83,,3110030,1,20260807,1543,71,159,0,0,0,0,1223,126,77,0,0,0,0,3,35.30798103420886,139.30775,,,,,,,,,,,,,71,red,1773,1426,3199
83,,3110040,1,20260807,574,360,0,0,0,0,0,3128,338,0,0,0,0,0,3,35.24085503412222,139.123519,,,,,,,,,,,,,71,red,934,3466,4400
83,,3110050,1,20260807,4092,2388,320,0,0,0,0,3787,2410,183,0,0,0,0,3,36.238458295364495,139.8048878,,,,,,,,,,,,,71,red,6800,6380,13180
83,,3110060,1,20260807,7234,1902,198,0,0,0,0,6614,1946,139,0,0,0,0,3,36.51217142568756,139.9177551,,,,,,,,,,,,,71,red,9334,8699,18033
83,,3110070,1,20260807,2855,757,30,0,0,0,0,2746,758,27,0,0,0,0,3,36.833366956056416,139.9495983,,,,,,,,,,,,,71,red,3642,3531,7173
83,,3110080,1,20260807,1291,164,42,0,0,0,0,1272,166,4,0,0,0,0,3,36.29676104543397,139.7863913,,,,,,,,,,,,,71,red,1497,1442,2939
83,,3110090,1,20260807,1624,105,28,0,0,0,0,2209,104,23,0,0,0,0,3,36.52417383570154,139.8798609,,,,,,,,,,,,,71,red,1757,2336,4093
83,,3110100,1,20260807,1848,111,14,0,0,0,0,2641,157,40,0,0,0,0,3,36.58529299577252,139.9295837,,,,,,,,,,,,,71,red,1973,2838,4811
83,,3110110,1,20260807,1480,587,0,0,0,0,0,1685,497,0,0,0,0,0,3,36.019401995100274,140.15926790000003,,,,,,,,,,,,,70,red,2067,2182,4249
83,,3110120,1,20260807,2725,782,0,0,0,0,0,60,4,0,0,0,0,0,3,36.297327425434645,140.4228446,,,,,,,,,,,,,70,red,3507,64,3571
83,,3110140,1,20260807,4286,945,211,0,0,0,0,2805,496,140,0,0,0,0,3,35.70274880470968,139.8786539,,,,,,,,,,,,,71,red,5442,3441,8883
83,,3110150,1,20260807,2858,727,403,0,0,0,0,3614,1242,354,0,0,0,0,3,35.61902656460475,140.0975838,,,,,,,,,,,,,71,red,3988,5210,9198
83,,3110160,1,20260807,5193,898,575,0,0,0,0,2703,1017,232,0,0,0,0,3,35.56474703453633,139.7273263,,,,,,,,,,,,,71,red,6666,3952,10618
83,,3110170,1,20260807,5032,1553,0,0,0,0,0,3003,1122,0,0,0,0,0,3,35.52794003448978,139.70328,,,,,,,,,,,,,71,red,6585,4125,10710
83,,3110180,1,20260807,4364,1283,0,0,0,4,0,2524,1094,0,0,0,11,0,3,35.47903203442772,139.638693,,,,,,,,,,,,,71,red,5647,3618,9265
83,,3110190,1,20260807,1216,128,80,0,0,0,0,3009,137,330,0,0,0,0,3,35.26731403415642,139.685375,,,,,,,,,,,,,71,red,1424,3476,4900
83,,3110200,1,20260807,1305,208,90,0,0,0,0,2450,148,221,0,0,0,0,3,35.36071103427663,139.629686,,,,,,,,,,,,,71,red,1603,2819,4422
83,,3110220,1,20260807,4340,2036,0,0,0,0,0,3958,1715,0,0,0,0,0,3,35.58894027456686,139.3426681,,,,,,,,,,,,,71,red,6376,5673,12049
83,,3110230,1,20260807,1292,229,134,0,0,0,0,1250,183,127,0,0,0,0,3,35.483485034433386,139.527129,,,,,,,,,,,,,71,red,1655,1560,3215
83,,3110240,1,20260807,2875,1993,0,0,0,0,0,2730,1338,0,0,0,0,0,3,35.83073572486877,139.3800849,,,,,,,,,,,,,71,red,4868,4068,8936
83,,3110250,1,20260807,4064,1704,66,0,0,0,0,4536,1704,89,0,0,0,0,3,35.707798574715994,140.1198261,,,,,,,,,,,,,71,red,5834,6329,12163
83,,3110260,1,20260807,3208,1380,193,0,0,0,0,3615,1238,124,0,0,0,0,3,35.53057826449313,140.0927666,,,,,,,,,,,,,71,red,4781,4977,9758
83,,3110270,1,20260807,3120,790,200,0,0,0,0,1904,667,140,0,0,0,0,3,35.79240130482129,139.6854329,,,,,,,,,,,,,71,red,4110,2711,6821
83,,3110280,1,20260807,8269,3354,0,0,0,0,0,5675,1900,0,0,0,0,0,3,35.803056924834515,139.6481824,,,,,,,,,,,,,71,red,11623,7575,19198
83,,3110290,1,20260807,3818,1223,0,0,0,0,0,3766,980,0,0,0,0,0,3,36.07243401516468,139.4990623,,,,,,,,,,,,,71,red,5041,4746,9787
83,,3110300,1,20260807,1146,142,0,0,0,0,0,1058,193,0,0,0,0,0,3,36.18854634530473,139.3083894,,,,,,,,,,,,,71,red,1288,1251,2539
83,,3110310,1,20260807,2002,343,20,0,0,0,0,2693,472,23,0,0,0,0,3,36.28225430541672,139.0870374,,,,,,,,,,,,,71,red,2365,3188,5553
83,,3110320,1,20260807,4075,257,91,0,0,0,0,4052,230,45,0,0,0,0,3,36.3553183655034,139.0125096,,,,,,,,,,,,,71,red,4423,4327,8750
83,,3110350,1,20260807,2263,346,0,0,0,0,0,2081,820,0,0,0,0,0,3,36.343173145489025,138.5572287,,,,,,,,,,,,,71,red,2609,2901,5510
83,,3110360,1,20260807,1845,220,0,0,0,0,0,1914,243,0,0,0,0,0,3,36.37715425552919,138.2764444,,,,,,,,,,,,,71,red,2065,2157,4222
83,,3110370,1,20260807,1415,217,0,0,0,0,0,1724,248,0,0,0,0,0,3,36.6491958258463,138.2215959,,,,,,,,,,,,,71,red,1632,1972,3604
83,,3110380,1,20260807,1524,277,0,0,0,0,0,1330,393,0,0,0,0,0,3,36.20646628532621,137.9629773,,,,,,,,,,,,,71,red,1801,1723,3524
83,,3110390,1,20260807,309,110,0,0,0,0,0,356,123,0,0,0,0,0,3,36.53866995571842,137.9675826,,,,,,,,,,,,,71,red,419,479,898
83,,3110400,1,20260807,4175,458,240,0,0,0,0,2807,451,188,0,0,0,0,3,35.669090024667575,139.59433440000004,,,,,,,,,,,,,71,red,4873,3446,8319
83,,3110410,1,20260807,1105,156,37,0,0,0,0,1556,197,70,0,0,0,0,3,35.617552604602885,139.1855389,,,,,,,,,,,,,71,red,1298,1823,3121
83,,3110420,1,20260807,1490,256,0,0,0,0,0,1932,228,0,0,0,0,0,3,35.611220394594916,138.9628673,,,,,,,,,,,,,71,red,1746,2160,3906
83,,3110430,1,20260807,453,535,0,0,0,0,0,468,626,0,0,0,0,0,3,35.603966294585796,138.8040242,,,,,,,,,,,,,71,red,988,1094,2082
83,,3110440,1,20260807,2747,416,0,0,0,0,0,3685,442,0,0,0,0,0,3,35.66782617466599,138.5078037,,,,,,,,,,,,,71,red,3163,4127,7290
83,,3110450,1,20260807,478,198,0,0,0,0,0,521,216,0,0,0,0,0,3,35.90777048496373,138.2345215,,,,,,,,,,,,,71,red,676,737,1413
83,,3110460,1,20260807,1563,136,0,0,0,0,0,1176,94,0,0,0,0,0,3,36.07055654516242,138.0938691,,,,,,,,,,,,,71,red,1699,1270,2969
83,,3110470,1,20260807,1682,481,23,0,0,0,0,1461,430,6,0,0,0,0,3,36.378318235530564,139.2290443,,,,,,,,,,,,,71,red,2186,1897,4083
83,,3110480,1,20260807,4124,1192,25,0,0,0,0,3676,1214,42,0,0,0,0,3,36.314701575455274,139.4271684,,,,,,,,,,,,,71,red,5341,4932,10273
83,,3110490,1,20260807,1378,415,0,0,0,0,0,1759,385,0,0,0,0,0,3,36.3924270955472,140.2677888,,,,,,,,,,,,,70,red,1793,2144,3937
83,,3110510,1,20260807,1794,520,37,0,0,0,0,1861,481,28,0,0,0,0,3,35.72363407473576,140.2680677,,,,,,,,,,,,,71,red,2351,2370,4721
83,,3110520,1,20260807,1176,235,0,0,0,0,0,1192,194,0,0,0,0,0,3,35.95803238502537,140.6007609,,,,,,,,,,,,,70,red,1411,1386,2797
83,,3110550,1,20260807,411,39,36,0,0,0,0,812,42,2,0,0,0,0,3,35.150913034005455,139.829981,,,,,,,,,,,,,71,red,486,856,1342
83,,3110560,1,20260807,1216,236,0,0,0,0,0,1356,238,0,0,0,0,0,3,35.43543715437221,138.84019380000004,,,,,,,,,,,,,71,red,1452,1594,3046
83,,3110570,1,20260807,782,134,0,0,0,0,0,503,204,0,0,0,0,0,3,35.39117538431567,138.86336800000004,,,,,,,,,,,,,66,red,916,707,1623
83,,3110580,1,20260807,504,180,0,0,0,0,0,502,277,0,0,0,0,0,3,35.47790102442629,138.6703992,,,,,,,,,,,,,71,red,684,779,1463
83,,3110590,1,20260807,1349,124,0,0,0,0,0,1273,116,0,0,0,0,0,3,35.51892892447836,138.83839670000003,,,,,,,,,,,,,63,red,1473,1389,2862
83,,3110610,1,20260807,6349,1309,150,0,0,0,0,2635,591,1199,0,0,0,0,3,35.536946034501184,139.510691,,,,,,,,,,,,,71,red,7808,4425,12233
83,,3110620,1,20260807,3819,1838,106,0,0,0,0,4549,1602,218,0,0,0,0,3,35.472892034419914,139.412266,,,,,,,,,,,,,71,red,5763,6369,12132
83,,3110630,1,20260807,2608,390,215,0,0,0,0,2505,469,178,0,0,0,0,3,35.4275870343622,139.351511,,,,,,,,,,,,,71,red,3213,3152,6365
83,,3110640,1,20260807,1668,315,79,0,0,0,0,1537,428,88,0,0,0,0,3,35.37445003429424,139.203293,,,,,,,,,,,,,71,red,2062,2053,4115
83,,3110650,1,20260807,949,589,18,0,0,0,0,1779,612,52,0,0,0,0,3,35.36087503427685,139.014722,,,,,,,,,,,,,71,red,1556,2443,3999
83,,3110660,1,20260807,3370,2316,280,0,0,0,0,2836,1746,260,0,0,0,0,3,35.68396699468621,139.992342,,,,,,,,,,,,,71,red,5966,4842,10808
83,,3110670,1,20260807,1641,1371,116,0,0,0,0,2170,1495,107,0,0,0,0,3,35.588442964566234,139.7548217,,,,,,,,,,,,,71,red,3128,3772,6900
83,,3110980,1,20260807,2313,314,18,0,0,0,0,1981,310,27,0,0,0,0,1,36.24888937537695,138.4463891,,,,,,,,,,,,,71,red,2645,2318,4963
83,,3110990,1,20260807,1524,233,0,0,0,0,0,0,0,0,0,0,0,0,1,36.242588925369425,138.4374556,,,,,,,,,,,,,71,red,1757,0,1757
83,,3111000,1,20260807,0,0,0,0,0,0,0,1365,266,0,0,0,0,0,1,36.22486392534824,138.4372861,,,,,,,,,,,,,71,red,0,1631,1631
83,,3111010,1,20260807,1094,198,0,0,0,0,0,1143,258,0,0,0,0,0,1,36.16839725528054,138.4688,,,,,,,,,,,,,71,red,1292,1401,2693
83,,3111030,1,20260807,511,181,0,0,0,0,0,0,0,0,0,0,0,0,1,36.14629447525393,138.4676028,,,,,,,,,,,,,71,red,692,0,692
83,,3111040,1,20260807,0,0,0,0,0,0,0,788,223,0,0,0,0,0,1,36.13644447524206,138.4613806,,,,,,,,,,,,,71,red,0,1011,1011
83,,3111050,1,20260807,930,393,8,0,0,0,0,1189,487,23,0,0,0,0,1,35.443037034381895,138.453937,,,,,,,,,,,,,71,red,1331,1699,3030
83,,3111060,1,20260807,1034,299,8,0,0,0,0,1108,372,55,0,0,0,0,1,35.48100503443024,138.45894900000002,,,,,,,,,,,,,71,red,1341,1535,2876
83,,3111070,1,20260807,692,414,18,0,0,0,0,1223,519,28,0,0,0,0,1,35.35961103427522,138.456636,,,,,,,,,,,,,71,red,1124,1770,2894
83,,3111080,1,20260807,740,408,23,0,0,0,0,1270,525,26,0,0,0,0,1,35.337913034247364,138.45119000000003,,,,,,,,,,,,,71,red,1171,1821,2992
83,,3111090,1,20260807,587,394,6,0,0,0,0,1145,508,30,0,0,0,0,1,35.27778503416994,138.444487,,,,,,,,,,,,,71,red,987,1683,2670
83,,3310680,1,20260807,5110,734,389,0,0,0,0,2882,575,203,0,0,0,0,3,35.55346203452207,139.695301,,,,,,,,,,,,,71,red,6233,3660,9893
83,,3310690,1,20260807,3615,584,361,0,0,0,0,2002,374,107,0,0,0,0,3,35.476498034424495,139.611304,,,,,,,,,,,,,71,red,4560,2483,7043
83,,3310720,1,20260807,4228,1406,185,0,0,0,0,3451,921,359,0,0,0,0,3,35.78172684480805,139.8030451,,,,,,,,,,,,,71,red,5819,4731,10550
83,,3310730,1,20260807,4093,744,546,0,0,0,0,2073,554,257,0,0,0,0,3,35.723854004736026,139.819876,,,,,,,,,,,,,71,red,5383,2884,8267
83,,3310740,1,20260807,5050,1228,243,0,0,0,0,0,0,0,0,71,71,0,3,35.76173829478322,139.8620188,,,,,,,,,,,,,71,red,6521,0,6521
83,,3310750,1,20260807,4573,1180,410,0,0,0,0,4158,986,276,0,0,0,0,3,35.768080334791094,139.8831359,,,,,,,,,,,,,71,red,6163,5420,11583
83,,3310760,1,20260807,1757,257,0,0,0,0,0,1971,138,0,0,0,0,0,3,36.333593035477676,140.487226,,,,,,,,,,,,,70,red,2014,2109,4123
83,,3310770,1,20260807,4798,999,493,0,0,0,0,1692,399,180,0,0,0,0,3,35.696867714702336,139.8301488,,,,,,,,,,,,,71,red,6290,2271,8561
83,,3310780,1,20260807,3954,783,359,0,0,0,0,2229,859,174,0,0,0,0,3,35.550513454518345,139.7165117,,,,,,,,,,,,,71,red,5096,3262,8358
83,,3310790,1,20260807,2153,366,0,0,0,0,0,3070,381,0,0,0,0,0,3,35.30616103420651,139.624807,,,,,,,,,,,,,71,red,2519,3451,5970
83,,3310810,1,20260807,3672,1964,282,0,0,0,0,2739,2501,252,0,0,0,0,3,35.88142903493132,139.9657318,,,,,,,,,,,,,71,red,5918,5492,11410
83,,3310820,1,20260807,3856,1047,208,0,0,0,0,2827,709,185,0,0,0,0,3,35.769723434793136,139.7015664,,,,,,,,,,,,,71,red,5111,3721,8832
83,,3310830,1,20260807,1143,109,50,0,0,0,0,1225,201,19,0,0,0,0,3,36.65616783585431,139.0205401,,,,,,,,,,,,,71,red,1302,1445,2747
83,,3310840,1,20260807,4865,496,162,0,0,0,0,2798,492,216,0,0,0,0,3,35.67115788467016,139.6194506,,,,,,,,,,,,,71,red,5523,3506,9029
83,,3310850,1,20260807,3818,678,0,0,0,0,0,3744,487,0,0,0,0,0,3,35.644829464637155,138.6173022,,,,,,,,,,,,,71,red,4496,4231,8727
83,,3310860,1,20260807,429,163,0,0,0,0,0,452,217,0,0,0,0,0,3,35.85597447489995,138.2880181,,,,,,,,,,,,,71,red,592,669,1261
83,,3310880,1,20260807,1288,152,0,0,0,0,0,664,131,0,0,0,0,0,3,35.58082577455663,138.474952,,,,,,,,,,,,,71,red,1440,795,2235
83,,3310890,1,20260807,5342,765,399,0,0,0,0,3229,761,194,0,0,0,0,3,35.625824724613295,139.6414769,,,,,,,,,,,,,71,red,6506,4184,10690
83,,3310900,1,20260807,9249,1270,389,0,0,0,0,4271,1387,247,0,0,0,0,3,35.60764403459042,139.613062,,,,,,,,,,,,,71,red,10908,5905,16813
83,,3310910,1,20260807,1283,608,103,0,0,0,0,2237,678,45,0,0,0,0,3,35.34910803426173,139.141352,,,,,,,,,,,,,71,red,1994,2960,4954
83,,3310920,1,20260807,4043,738,389,0,0,0,0,2457,513,128,0,0,0,0,3,35.74888073476721,139.6969986,,,,,,,,,,,,,71,red,5170,3098,8268
83,,3310930,1,20260807,4257,1019,134,0,0,0,0,3081,688,177,0,0,0,0,3,35.757753044778255,139.6835902,,,,,,,,,,,,,71,red,5410,3946,9356
83,,3310940,1,20260807,4348,1994,140,0,0,0,0,5838,1814,224,0,0,0,0,3,35.653820154648436,140.0442401,,,,,,,,,,,,,71,red,6482,7876,14358
83,,3310950,1,20260807,3646,2674,232,0,0,0,0,5266,3040,462,0,0,0,0,3,35.64815995464133,139.9005461,,,,,,,,,,,,,71,red,6552,8768,15320
83,,3310960,1,20260807,891,577,85,0,0,0,0,963,410,112,0,0,0,0,3,35.646721404639536,139.8238456,,,,,,,,,,,,,71,red,1553,1485,3038
84,,4110010,1,20260807,7084,1382,0,0,0,0,0,7645,1684,0,0,0,0,0,3,37.932215037230314,139.139722,,,,,,,,,,,,,71,red,8466,9329,17795
84,,4110020,1,20260807,2361,154,0,0,0,0,0,1852,198,0,0,0,0,0,3,37.96100603725917,139.354741,,,,,,,,,,,,,71,red,2515,2050,4565
84,,4110030,1,20260807,552,147,0,0,0,0,0,536,262,0,0,0,0,0,3,38.540634037818585,139.550276,,,,,,,,,,,,,71,red,699,798,1497
84,,4110040,1,20260807,10706,1626,0,0,0,0,0,10928,1307,0,0,0,0,0,3,37.89993403719785,139.068639,139.0649569,37.8988954271968,,,,,,,,,,,71,red,12332,12235,24567
84,,4110060,1,20260807,1222,435,81,0,0,0,0,1451,395,92,0,0,0,0,3,37.56415502685272,138.8938299,,,,,,,,,,,,,71,red,1738,1938,3676
84,,4110070,1,20260807,1979,114,23,0,0,0,0,1857,239,11,0,0,0,0,3,37.44889503673119,138.76828100000003,,,,,,,,,,,,,71,red,2116,2107,4223
84,,4110090,1,20260807,239,126,0,0,0,0,0,283,167,0,0,0,0,0,3,36.97923003622018,137.642048,,,,,,,,,,,,,71,red,365,450,815
84,,4110110,1,20260807,3565,343,12,0,0,0,0,3890,343,30,0,0,0,0,3,36.737147395947105,137.3387361,137.3387361,36.737147395947105,,,,,,,,,,,71,red,3920,4263,8183
84,,4110120,1,20260807,4027,543,20,0,0,0,0,3431,595,21,0,0,0,0,3,36.74295939595373,137.1063924,,,,,,,,,,,,,71,red,4590,4047,8637
84,,4110130,1,20260807,4056,509,30,0,0,0,0,3965,673,22,0,0,0,0,3,36.75988562597303,137.0465469,,,,,,,,,,,,,71,red,4595,4660,9255
84,,4110140,1,20260807,1654,551,14,0,0,0,0,1146,443,1,0,0,0,0,3,36.6765250558777,136.8260425,,,,,,,,,,,,,71,red,2219,1590,3809
84,,4110150,1,20260807,7172,1201,0,0,0,0,0,6687,1123,0,0,0,0,0,3,36.589046875776866,136.6271782,136.6276288,36.58868075577644,,,,,,,,,,,71,red,8373,7810,16183
84,,4110160,1,20260807,2092,593,0,0,0,0,0,2484,472,0,0,0,0,0,3,36.33272803547666,136.42083400000004,,,,,,,,,,,,,71,red,2685,2956,5641
84,,4110170,1,20260807,1311,602,22,0,0,0,0,1301,395,86,0,0,0,0,3,36.295882035432925,136.303694,,,,,,,,,,,,,71,red,1935,1782,3717
84,,4110180,1,20260807,1186,62,0,0,0,0,0,732,74,0,0,0,0,0,3,37.35568202663179,138.5718066,,,,,,,,,,,,,71,red,1248,806,2054
84,,4110190,1,20260807,93,6,5,0,0,0,0,152,10,15,0,0,0,0,3,36.785345316001994,138.8016209,,,,,,,,,,,,,71,red,104,177,281
84,,4110200,1,20260807,1045,152,43,0,0,0,0,1118,197,134,0,0,0,0,3,37.05929117630906,138.8725331,,,,,,,,,,,,,71,red,1240,1449,2689
84,,4110210,1,20260807,1395,206,96,0,0,0,0,2017,322,275,0,0,0,0,3,37.379305636657065,138.8344324,,,,,,,,,,,,,71,red,1697,2614,4311
84,,4110220,1,20260807,391,139,0,0,0,0,0,455,110,0,0,0,0,0,3,36.859512036085945,138.194944,,,,,,,,,,,,,71,red,530,565,1095
84,,4110230,1,20260807,838,122,14,0,0,0,0,1305,129,7,0,0,0,0,3,36.59277686578118,137.2042608,,,,,,,,,,,,,71,red,974,1441,2415
84,,4110240,1,20260807,2717,175,25,0,0,0,0,2797,225,24,0,0,0,0,3,36.68543044588792,137.2119749,,,,,,,,,,,,,71,red,2917,3046,5963
84,,4110250,1,20260807,489,135,0,0,0,0,0,566,137,0,0,0,0,0,3,37.66099003695361,139.47592,,,,,,,,,,,,,71,red,624,703,1327
84,,4110260,1,20260807,542,93,0,0,0,0,0,509,183,0,0,0,0,0,3,38.081379037378746,139.576978,,,,,,,,,,,,,71,red,635,692,1327
84,,4110270,1,20260807,724,207,0,0,0,0,0,713,202,0,0,0,0,0,3,37.60222103689251,138.798415,,,,,,,,,,,,,71,red,931,915,1846
84,,4110280,1,20260807,1738,69,13,0,0,0,0,1498,58,10,0,0,0,0,3,36.650611795847915,136.963672,,,,,,,,,,,,,71,red,1820,1566,3386
84,,4110290,1,20260807,2960,305,0,0,0,0,0,1845,340,0,0,0,0,0,3,36.52124203569812,136.587868,,,,,,,,,,,,,71,red,3265,2185,5450
84,,4110300,1,20260807,4489,867,0,0,71,0,0,3889,330,0,0,0,0,0,3,36.59043403577848,136.685666,136.68521,36.59039903577843,,,,,,,,,,,71,red,5356,4219,9575
84,,4110310,1,20260807,199,11,0,0,0,0,0,104,10,3,0,0,0,0,3,37.0464990362949,137.047738,,,,,,,,,,,,,71,red,210,117,327
84,,4110320,1,20260807,704,287,6,0,0,0,0,831,129,4,0,0,0,0,3,36.8686864160963,136.96136,,,,,,,,,,,,,71,red,997,964,1961
84,,4110330,1,20260807,1277,371,9,0,0,0,0,1495,182,23,0,0,0,0,3,36.83313510605615,136.9442582,,,,,,,,,,,,,71,red,1657,1700,3357
84,,4110340,1,20260807,1251,972,0,0,0,0,0,1123,1309,0,0,0,0,0,3,36.75969223597281,136.9658715,,,,,,,,,,,,,71,red,2223,2432,4655
84,,4110350,1,20260807,1149,369,4,0,0,0,0,393,157,0,0,71,0,0,3,37.240650036507716,136.905469,,,,,,,,,,,,,71,red,1522,550,2072
84,,4110351,1,20260807,528,139,0,0,0,0,0,238,36,0,0,0,0,0,3,37.31000403658269,136.9066,,,,,,,,,,,,,71,red,667,274,941
84,,4110370,1,20260807,1094,111,0,0,0,0,0,1003,123,0,0,0,0,0,6,37.83527203713243,139.227435,,,,,,,,,,,,,71,red,1205,1126,2331
84,,4110371,1,20260807,1179,161,0,0,0,0,0,1147,166,0,0,0,0,0,3,37.829370037126424,139.20906,,,,,,,,,,,,,71,red,1340,1313,2653
84,,4110380,1,20260807,776,120,0,0,0,0,0,797,102,0,0,0,0,0,3,37.73164303702653,139.333641,,,,,,,,,,,,,71,red,896,899,1795
84,,4110390,1,20260807,668,126,0,0,0,0,0,707,151,0,0,0,0,0,3,37.699376036993314,139.38248,,,,,,,,,,,,,71,red,794,858,1652
84,,4110400,1,20260807,752,305,0,0,0,0,0,450,143,0,0,0,0,0,3,37.012781036257515,137.026061,,,,,,,,,,,,,71,red,1057,593,1650
84,,4110410,1,20260807,4678,729,0,0,0,0,0,4611,639,0,0,0,0,0,3,36.38238103553535,136.486002,,,,,,,,,,,,,71,red,5407,5250,10657
84,,4110430,1,20260807,230,116,0,0,0,0,0,113,40,0,0,0,0,0,3,37.01726703626248,136.967459,,,,,,,,,,,,,71,red,346,153,499
84,,4110440,1,20260807,1328,374,5,0,0,0,0,1820,191,24,0,0,0,0,3,36.80001257601863,136.9558319,,,,,,,,,,,,,71,red,1707,2035,3742
84,,4110450,1,20260807,715,319,18,0,0,0,0,597,149,16,0,0,0,0,3,36.88168028611092,136.97572590000001,,,,,,,,,,,,,71,red,1052,762,1814
84,,4110460,1,20260807,688,307,7,0,0,0,0,439,126,3,0,0,0,0,3,36.93083435616611,137.0132339,,,,,,,,,,,,,71,red,1002,568,1570
84,,4110470,1,20260807,2107,263,19,0,0,0,0,2307,238,12,0,0,0,0,3,36.84399970606843,137.4189931,,,,,,,,,,,,,71,red,2389,2557,4946
84,,4110480,1,20260807,1212,282,0,0,0,0,0,1357,347,0,0,0,0,0,3,37.7661015170619,139.0265521,,,,,,,,,,,,,71,red,1494,1704,3198
84,,4110490,1,20260807,1150,226,0,0,0,0,0,1219,275,0,0,0,0,0,3,37.77256794706851,139.0261587,,,,,,,,,,,,,71,red,1376,1494,2870
84,,4110880,1,20260807,1334,154,0,0,0,0,0,1208,252,0,0,0,0,0,3,37.159443036419226,138.223379,,,,,,,,,,,,,71,red,1488,1460,2948
84,,4160390,1,20260807,432,78,0,0,0,0,0,670,222,0,0,0,0,0,1,38.268866037561445,139.522026,,,,,,,,,,,,,71,red,510,892,1402
84,,4310010,1,20260807,5448,579,0,0,0,0,0,4620,450,0,0,0,0,0,3,37.90111003719903,139.07252,139.07275,37.90117003719909,,,,,,,,,,,71,red,6027,5070,11097
84,,4310012,1,20260807,1860,60,0,0,0,0,0,1505,35,0,0,0,0,0,3,37.92162903721969,139.058415,139.059129,37.921847037219905,,,,,,,,,,,71,red,1920,1540,3460
84,,4310014,1,20260807,7176,947,0,0,0,1,0,4660,590,0,0,0,71,0,3,37.91719603721522,139.11685,,,,,,,,,,,,,71,red,8123,5250,13373
84,,4310020,1,20260807,5351,312,0,0,0,0,0,1866,112,0,0,0,0,0,3,37.96990561726807,139.2601579,,,,,,,,,,,,,71,red,5663,1978,7641
84,,4310030,1,20260807,5328,299,0,0,0,0,0,2784,325,0,0,0,0,0,3,37.959626427257795,139.290365,,,,,,,,,,,,,71,red,5627,3109,8736
84,,4310060,1,20260807,2751,368,0,0,0,0,0,2327,510,0,0,0,0,0,3,37.855369037152805,139.017016,,,,,,,,,,,,,71,red,3119,2837,5956
84,,4310070,1,20260807,1567,420,0,0,0,0,0,1782,334,0,0,0,0,0,3,37.213535036478255,138.30873,,,,,,,,,,,,,71,red,1987,2116,4103
84,,4310080,1,20260807,2610,189,0,0,0,0,0,1300,313,0,0,0,0,0,3,37.15957303641935,138.228132,,,,,,,,,,,,,71,red,2799,1613,4412
84,,4310090,1,20260807,777,164,0,0,0,0,0,958,239,0,0,0,0,0,3,37.119068036374955,138.031711,,,,,,,,,,,,,71,red,941,1197,2138
84,,4310100,1,20260807,1196,176,0,0,0,0,0,1913,216,0,0,0,0,0,3,37.04548803629378,137.853387,,,,,,,,,,,,,71,red,1372,2129,3501
84,,4310110,1,20260807,570,28,5,0,0,0,0,820,26,8,0,0,0,0,3,37.055192036304526,137.905522,,,,,,,,,,,,,71,red,603,854,1457
84,,4310120,1,20260807,1068,233,0,0,0,0,0,948,201,0,0,0,0,0,3,36.94553606618256,137.53465,,,,,,,,,,,,,71,red,1301,1149,2450
84,,4310130,1,20260807,2614,287,9,0,0,0,0,2783,278,23,0,0,0,0,3,36.77997831599589,137.3953897,137.3949552,36.779578725995435,,,,,,,,,,,71,red,2910,3084,5994
84,,4310160,1,20260807,582,110,0,0,0,0,0,620,148,0,0,0,0,0,3,36.6900247158932,136.89856410000002,,,,,,,,,,,,,71,red,692,768,1460
84,,4310170,1,20260807,690,118,26,0,0,0,0,0,0,0,0,0,0,0,3,36.92741586616228,137.4845517,,,,,,,,,,,,,71,red,834,0,834
84,,4310190,1,20260807,1594,652,0,0,71,0,0,1445,407,0,0,71,0,0,3,36.68614025588873,136.7302394,,,,,,,,,,,,,71,red,2246,1852,4098
84,,4310200,1,20260807,1728,455,0,0,0,0,0,1539,340,0,0,0,0,0,3,36.68324936588542,136.7232978,,,,,,,,,,,,,71,red,2183,1879,4062
84,,4310210,1,20260807,5804,1103,0,0,0,0,0,4752,967,0,0,0,0,0,3,36.562841365746486,136.5982425,,,,,,,,,,,,,71,red,6907,5719,12626
84,,4310220,1,20260807,4375,874,0,0,0,0,0,5331,748,0,0,0,0,0,3,36.50450003567862,136.550432,,,,,,,,,,,,,71,red,5249,6079,11328
84,,4310230,1,20260807,4178,662,0,0,0,0,0,3439,616,0,0,0,0,0,3,36.42391556558427,136.483165,,,,,,,,,,,,,71,red,4840,4055,8895
84,,4310250,1,20260807,1055,531,0,0,0,0,0,995,387,0,0,0,0,0,3,36.2785439554123,136.2915319,,,,,,,,,,,,,71,red,1586,1382,2968
84,,4310270,1,20260807,355,22,1,0,0,0,0,413,16,2,0,0,0,0,3,37.072231146323354,138.87240170000004,,,,,,,,,,,,,71,red,378,431,809
84,,4310280,1,20260807,1145,268,0,0,0,0,0,923,130,0,0,0,0,0,3,36.93595003617183,138.219789,,,,,,,,,,,,,71,red,1413,1053,2466
84,,4310300,1,20260807,3851,600,0,0,0,0,0,5454,526,0,0,0,0,0,3,37.135361036392844,138.266363,,,,,,,,,,,,,71,red,4451,5980,10431
84,,4310310,1,20260807,579,113,12,0,0,0,0,419,140,3,0,0,0,0,3,36.469212195637375,137.2416294,,,,,,,,,,,,,71,red,704,562,1266
84,,4310320,1,20260807,579,118,8,0,0,0,0,419,127,3,0,0,0,0,3,36.51196446568731,137.2282451,,,,,,,,,,,,,71,red,705,549,1254
84,,4310330,1,20260807,1754,280,0,0,0,0,0,2151,208,0,0,0,0,0,3,36.636592975831775,137.209239,,,,,,,,,,,,,71,red,2034,2359,4393
84,,4310350,1,20260807,2855,404,0,0,0,0,0,3320,954,0,0,0,0,0,3,37.85868303715617,139.114645,,,,,,,,,,,,,71,red,3259,4274,7533
84,,4310360,1,20260807,1126,179,270,0,0,0,0,766,160,49,0,0,0,0,3,37.44596703672809,138.637808,,,,,,,,,,,,,71,red,1575,975,2550
84,,4310370,1,20260807,1313,358,0,0,0,0,0,1461,336,0,0,0,0,0,3,37.659782356952356,138.8757271,,,,,,,,,,,,,71,red,1671,1797,3468
84,,4310380,1,20260807,1145,395,0,0,0,0,0,1105,369,0,0,0,0,0,3,37.75046003704586,138.90062,,,,,,,,,,,,,71,red,1540,1474,3014
84,,4310390,1,20260807,31,88,0,0,0,0,0,168,72,0,0,0,38,0,3,37.8373130371345,138.931687,,,,,,,,,,,,,71,red,119,240,359
84,,4310400,1,20260807,200,46,4,0,0,0,0,60,17,3,0,0,0,0,3,36.554335475736636,137.0083094,,,,,,,,,,,,,71,red,250,80,330
84,,4310410,1,20260807,994,111,5,0,0,0,0,839,73,3,0,0,0,0,3,36.956120636194385,136.8892354,,,,,,,,,,,,,71,red,1110,915,2025
84,,4310411,1,20260807,979,127,0,0,0,0,0,1019,68,0,0,0,0,0,3,36.92171203615589,136.844019,,,,,,,,,,,,,71,red,1106,1087,2193
84,,4310420,1,20260807,561,59,0,0,0,0,0,453,40,0,0,0,0,0,3,36.81057320603062,136.7629731,,,,,,,,,,,,,71,red,620,493,1113
84,,4310430,1,20260807,4322,942,0,0,0,0,0,4249,366,0,0,0,0,0,3,36.68889768589191,136.7214257,,,,,,,,,,,,,71,red,5264,4615,9879
84,,4310440,1,20260807,2866,231,0,0,0,0,0,3432,209,0,0,0,0,0,3,36.62649371582013,136.7029238,,,,,,,,,,,,,71,red,3097,3641,6738
84,,4310441,1,20260807,4779,308,0,0,0,0,0,3628,214,0,0,0,0,0,3,36.60182503579164,136.700048,,,,,,,,,,,,,71,red,5087,3842,8929
84,,4310450,1,20260807,5458,310,0,0,0,0,0,4387,203,143,0,0,0,0,3,36.57428003575976,136.686305,136.6864014,36.57449126576,,,,,,,,,,,71,red,5768,4733,10501
84,,4310460,1,20260807,45,7,4,0,0,0,0,42,5,4,0,0,0,0,3,36.9580881961966,137.048108,,,,,,,,,,,,,71,red,56,51,107
84,,4310470,1,20260807,3910,218,35,0,0,0,0,2848,288,21,0,0,0,0,3,36.77955370599541,137.0001501,,,,,,,,,,,,,71,red,4163,3157,7320
85,22,5110100,1,20260807,2160,494,119,0,0,0,0,2938,568,186,0,0,0,0,3,35.15213957400704,138.9246216,,,,,,,,,,,,,71,red,2773,3692,6465
85,22,5110109,1,20260807,1659,396,82,0,0,0,0,1392,296,24,0,0,0,0,3,35.118767763963525,138.9293772,,,,,,,,,,,,,71,red,2137,1712,3849
85,22,5110111,1,20260807,3421,548,62,0,0,0,0,3692,430,111,0,0,0,0,3,35.10924329395108,138.9124954,,,,,,,,,,,,,71,red,4031,4233,8264
85,22,5110115,1,20260807,3830,1242,0,0,0,0,0,3484,1179,0,0,0,0,0,3,35.138890033989775,138.739584,,,,,,,,,,,,,71,red,5072,4663,9735
85,22,5110120,1,20260807,5993,1774,0,0,0,0,0,5290,1590,0,0,0,0,0,3,35.06126803388831,138.536991,,,,,,,,,,,,,71,red,7767,6880,14647
85,22,5110125,1,20260807,3110,278,0,0,0,0,0,3324,361,0,0,0,0,0,3,34.99945503380712,138.431978,,,,,,,,,,,,,71,red,3388,3685,7073
85,22,5110130,1,20260807,8070,1665,0,0,0,0,0,6691,1902,0,0,0,0,0,3,35.00292603381168,138.37946,,,,,,,,,,,,,71,red,9735,8593,18328
85,22,5110135,1,20260807,6154,1467,0,0,0,0,0,6964,1786,0,0,0,0,0,3,34.9427310337323,138.326229,,,,,,,,,,,,,71,red,7621,8750,16371
85,22,5110140,1,20260807,2661,819,0,0,0,0,0,2574,1109,0,0,0,0,0,3,34.87443903364182,138.231472,,,,,,,,,,,,,71,red,3480,3683,7163
85,22,5110145,1,20260807,221,342,0,0,0,0,0,3438,1176,0,0,0,0,0,3,34.831770733585074,138.1182557,,,,,,,,,,,,,71,red,563,4614,5177
85,22,5110148,1,20260807,8540,1761,0,0,0,0,0,7816,1582,0,0,0,0,0,3,34.73805952345989,137.853806,,,,,,,,,,,,,71,red,10301,9398,19699
85,22,5110150,1,20260807,9024,1329,202,0,0,0,0,7287,1651,0,0,0,0,0,3,34.731415953450984,137.7966642,,,,,,,,,,,,,71,red,10555,8938,19493
85,22,5110155,1,20260807,3928,1518,0,0,0,0,0,1446,935,2,0,0,4,0,3,34.67742179337847,137.6802735,,,,,,,,,,,,,71,red,5446,2383,7829
85,22,5110158,1,20260807,4117,1589,0,0,0,0,0,5717,1651,0,0,0,0,0,3,34.67846877337988,137.608459,,,,,,,,,,,,,71,red,5706,7368,13074
85,22,5110160,1,20260807,2449,1364,0,0,0,0,0,2610,1399,0,0,0,0,0,3,34.67701253337791,137.5025406,,,,,,,,,,,,,71,red,3813,4009,7822
85,23,5110170,1,20260807,3020,718,0,0,0,0,0,3926,814,0,0,0,0,0,3,34.7982592835404,137.36621260000004,,,,,,,,,,,,,71,red,3738,4740,8478
85,23,5110175,1,20260807,3518,703,0,0,0,0,0,3018,656,0,0,0,0,0,3,34.92391956370741,137.2032416,,,,,,,,,,,,,71,red,4221,3674,7895
85,23,5110180,1,20260807,1401,284,0,0,0,0,0,1402,281,0,0,0,0,0,3,35.12246228396835,136.7712316,,,,,,,,,,,,,71,red,1685,1683,3368
85,24,5110185,1,20260807,3138,420,0,0,0,0,0,2687,401,0,0,0,0,0,3,35.02683417384312,136.6459825,,,,,,,,,,,,,71,red,3558,3088,6646
85,24,5110190,1,20260807,3003,1166,0,0,0,0,0,3157,1103,0,0,0,0,0,3,34.914394373694805,136.5686551,,,,,,,,,,,,,71,red,4169,4260,8429
85,23,5110250,1,20260807,3374,681,0,0,0,0,0,3135,792,0,0,0,0,0,3,35.23002111410819,136.9279236,,,,,,,,,,,,,71,red,4055,3927,7982
85,23,5110255,1,20260807,3174,659,0,0,0,0,0,2336,802,0,0,0,0,0,3,35.22358825409986,136.8807274,,,,,,,,,,,,,71,red,3833,3138,6971
85,22,5111410,1,20260807,915,79,4,0,0,0,0,1430,168,9,0,0,0,0,3,34.9385786437268,138.9422778,,,,,,,,,,,,,71,red,998,1607,2605
85,22,5111435,1,20260807,3686,701,0,0,0,0,0,3606,465,0,0,0,0,0,3,35.112323893955114,138.9483055,,,,,,,,,,,,,71,red,4387,4071,8458
85,22,5111440,1,20260807,1274,183,24,0,0,0,0,666,115,40,0,0,0,0,3,35.09294534392978,138.9461249,,,,,,,,,,,,,71,red,1481,821,2302
85,22,5111460,1,20260807,506,82,0,0,0,0,0,426,47,0,0,0,0,0,3,34.773393033507176,138.94734200000002,,,,,,,,,,,,,71,red,588,473,1061
85,23,5111910,1,20260807,4903,1495,0,0,0,0,0,4806,1463,0,0,0,0,0,3,35.251491704135965,136.9747388,,,,,,,,,,,,,71,red,6398,6269,12667
85,21,5111920,1,20260807,5017,725,0,0,0,0,0,3070,831,0,0,0,0,0,3,35.33014667423738,137.0762497,,,,,,,,,,,,,71,red,5742,3901,9643
85,21,5111930,1,20260807,3443,507,0,0,0,0,0,2683,661,0,0,0,0,0,3,35.36635604428386,137.2135359,,,,,,,,,,,,,71,red,3950,3344,7294
85,21,5111940,1,20260807,4238,585,0,0,0,0,0,3845,617,0,0,0,0,0,3,35.477490394425764,137.4827895,,,,,,,,,,,,,71,red,4823,4462,9285
85,21,5111950,1,20260807,1414,227,0,0,0,0,0,1300,216,0,0,0,0,0,3,35.54294722450878,137.5415325,,,,,,,,,,,,,71,red,1641,1516,3157
85,20,5111960,1,20260807,671,198,0,0,0,0,0,981,220,0,0,0,0,0,3,35.79372550482294,137.6867026,,,,,,,,,,,,,71,red,869,1201,2070
85,20,5111970,1,20260807,0,0,0,0,0,71,0,1367,0,0,0,0,0,0,3,35.86568255491192,137.7375698,,,,,,,,,,,,,71,red,0,1367,1367
85,21,5112190,1,20260807,700,342,0,0,0,0,0,659,389,0,0,0,0,0,3,35.35969120427531,136.4557958,,,,,,,,,,,,,71,red,1042,1048,2090
85,21,5112240,1,20260807,5476,965,0,0,0,0,0,4149,962,0,0,0,0,0,3,35.38091091430252,136.7844039,,,,,,,,,,,,,71,red,6441,5111,11552
85,23,5112320,1,20260807,7182,3036,0,0,0,0,0,7427,2894,0,0,0,0,0,3,34.935405063722605,137.0426846,,,,,,,,,,,,,71,red,10218,10321,20539
85,23,5112325,1,20260807,7851,3421,0,0,0,0,0,9139,3311,0,0,0,0,0,3,35.020771293835146,137.0130622,,,,,,,,,,,,,71,red,11272,12450,23722
85,23,5112330,1,20260807,9026,4634,0,0,0,0,0,10848,4123,0,0,0,0,0,3,35.04312062386452,136.9841158,,,,,,,,,,,,,71,red,13660,14971,28631
85,23,5112340,1,20260807,3635,2429,0,0,0,0,0,3374,2674,0,0,0,0,0,3,35.06974911389942,136.7566216,,,,,,,,,,,,,71,red,6064,6048,12112
85,24,5112350,1,20260807,4180,2179,0,0,0,0,0,3882,2115,0,0,0,0,0,3,35.00912200381983,136.6732612,,,,,,,,,,,,,71,red,6359,5997,12356
85,24,5112355,1,20260807,3809,458,0,0,0,0,0,3742,404,0,0,0,0,0,3,34.75468373348215,136.5225828,,,,,,,,,,,,,71,red,4267,4146,8413
85,24,5112360,1,20260807,3784,340,0,0,0,0,0,2749,404,0,0,0,0,0,3,34.558484833217825,136.6473028,,,,,,,,,,,,,71,red,4124,3153,7277
85,24,5112370,1,20260807,2430,572,0,0,0,0,0,2184,584,0,0,0,0,0,3,34.78302070352005,136.5006557,,,,,,,,,,,,,71,red,3002,2768,5770
85,24,5112375,1,20260807,2713,607,0,0,0,0,0,2451,647,0,0,0,0,0,3,34.74150673346451,136.4838785,,,,,,,,,,,,,71,red,3320,3098,6418
85,24,5112550,1,20260807,3503,3083,0,0,0,0,0,3741,3075,0,0,0,0,0,3,34.839452033595315,136.260335,,,,,,,,,,,,,71,red,6586,6816,13402
85,24,5112590,1,20260807,3995,3336,0,0,0,0,0,2355,2851,0,0,0,0,0,3,34.703780033413906,136.071242,,,,,,,,,,,,,71,red,7331,5206,12537
85,22,5113885,1,20260807,2622,777,0,0,0,0,0,1305,306,0,0,0,0,0,3,35.33142394423902,138.8977143,,,,,,,,,,,,,71,red,3399,1611,5010
85,22,5113890,1,20260807,1859,321,0,0,0,0,0,1082,154,0,0,0,0,0,3,35.32388868422933,138.9049485,,,,,,,,,,,,,71,red,2180,1236,3416
85,22,5113910,1,20260807,4860,1055,0,0,0,0,0,2918,934,0,0,0,0,0,3,35.18190903404577,138.676858,,,,,,,,,,,,,71,red,5915,3852,9767
85,22,5113920,1,20260807,4372,1012,0,0,0,0,0,3521,854,0,0,0,0,0,3,35.209794034081966,138.64987,,,,,,,,,,,,,71,red,5384,4375,9759
85,22,5113990,1,20260807,263,208,0,0,0,0,0,409,283,0,0,0,0,0,3,35.41511303434628,138.590083,,,,,,,,,,,,,71,red,471,692,1163
85,23,5114110,1,20260807,3837,1272,0,0,0,0,0,3929,1270,0,0,0,0,0,3,35.268750034158266,136.907566,,,,,,,,,,,,,71,red,5109,5199,10308
85,23,5114120,1,20260807,5145,1590,0,0,0,0,0,3800,1559,0,0,0,0,0,3,35.33167103423934,136.91981,,,,,,,,,,,,,71,red,6735,5359,12094
85,21,5114130,1,20260807,1772,392,0,0,0,0,0,1535,262,0,0,0,0,0,3,35.48643303443713,137.055201,,,,,,,,,,,,,71,red,2164,1797,3961
85,21,5114140,1,20260807,817,274,0,0,0,0,0,1282,236,0,0,0,0,0,3,35.78858303481656,137.25606,,,,,,,,,,,,,71,red,1091,1518,2609
85,21,5114150,1,20260807,1144,188,0,0,0,0,0,1011,217,0,0,0,0,0,3,35.86755403491424,137.213563,,,,,,,,,,,,,71,red,1332,1228,2560
85,21,5114160,1,20260807,718,165,0,0,0,0,0,887,137,0,0,0,0,0,3,36.07096803516291,137.267306,,,,,,,,,,,,,71,red,883,1024,1907
85,21,5114170,1,20260807,454,107,0,0,0,0,0,530,273,0,0,0,0,0,3,36.26496203539611,137.138911,,,,,,,,,,,,,71,red,561,803,1364
85,21,5114180,1,20260807,419,108,0,0,0,0,0,267,134,0,0,0,0,0,3,36.459520035626035,137.248946,,,,,,,,,,,,,71,red,527,401,928
85,24,5114210,1,20260807,1923,221,0,0,0,0,0,2022,222,0,0,0,0,0,3,34.51961103316506,136.541333,,,,,,,,,,,,,71,red,2144,2244,4388
85,24,5114230,1,20260807,553,67,0,0,0,0,0,384,112,0,0,0,0,0,3,34.31527803288554,136.410056,,,,,,,,,,,,,71,red,620,496,1116
85,24,5114250,1,20260807,298,18,0,0,0,0,0,382,19,0,0,0,0,0,3,34.09569403258125,136.196222,,,,,,,,,,,,,71,red,316,401,717
85,24,5114270,1,20260807,367,50,0,0,0,0,0,294,66,0,0,0,0,0,3,34.275333032830495,136.358917,,,,,,,,,,,,,71,red,417,360,777
85,24,5114290,1,20260807,1152,156,0,0,0,0,0,1035,154,0,0,0,0,0,3,33.86069403225124,136.076111,,,,,,,,,,,,,71,red,1308,1189,2497
85,22,5114610,1,20260807,4347,771,95,0,0,0,0,3961,668,137,0,0,0,0,3,35.152874244008,138.8951207,,,,,,,,,,,,,71,red,5213,4766,9979
85,22,5114620,1,20260807,3324,621,57,0,0,0,0,3196,704,124,0,0,0,0,3,35.13134103397993,138.875041,,,,,,,,,,,,,71,red,4002,4024,8026
85,22,5114630,1,20260807,2760,586,66,0,0,0,0,3343,484,42,0,0,0,0,3,35.14589793399891,138.8871002,,,,,,,,,,,,,71,red,3412,3869,7281
85,22,5114680,1,20260807,948,593,0,0,0,0,0,1782,648,0,0,0,0,0,3,35.35910497427457,139.0109217,,,,,,,,,,,,,71,red,1541,2430,3971
85,22,5114740,1,20260807,307,57,0,0,0,0,0,98,20,0,0,0,0,0,3,35.073007033903686,137.787657,,,,,,,,,,,,,71,red,364,118,482
85,22,5114750,1,20260807,426,82,0,0,0,0,0,140,25,0,0,0,0,0,3,34.90575222368336,137.6681803,,,,,,,,,,,,,71,red,508,165,673
85,22,5115250,1,20260807,348,121,0,0,0,0,0,778,146,0,0,0,0,0,3,35.137162033987515,138.520651,,,,,,,,,,,,,71,red,469,924,1393
85,23,5115320,1,20260807,3265,471,0,0,0,0,0,4693,470,0,0,0,0,0,3,35.10723119394846,137.0409411,,,,,,,,,,,,,71,red,3736,5163,8899
85,23,5115340,1,20260807,777,124,0,0,0,0,0,1248,214,0,0,0,0,0,3,35.13153551398018,137.304967,,,,,,,,,,,,,71,red,901,1462,2363
85,20,5115370,1,20260807,0,0,0,0,71,71,0,0,0,0,0,71,71,0,3,35.50121594445591,137.794953,,,,,,,,,,,,,71,red,0,0,0
85,20,5115380,1,20260807,1040,115,0,0,0,0,0,1291,144,0,0,0,0,0,3,35.71541168472551,137.9379522,,,,,,,,,,,,,71,red,1155,1435,2590
85,23,5115530,1,20260807,2279,469,0,0,0,0,0,1822,554,0,0,0,0,0,3,35.06429103389226,137.11723,,,,,,,,,,,,,71,red,2748,2376,5124
85,21,5115610,1,20260807,5863,643,0,0,0,0,0,5066,880,0,0,0,0,0,3,35.39814591432458,136.7848921,,,,,,,,,,,,,71,red,6506,5946,12452
85,21,5115630,1,20260807,1304,184,0,0,0,0,0,1249,185,0,0,0,0,0,3,35.73557476475065,136.9518113,,,,,,,,,,,,,71,red,1488,1434,2922
85,21,5115650,1,20260807,842,61,0,0,0,0,0,689,114,0,0,0,0,0,3,35.88316975493347,136.85442030000002,,,,,,,,,,,,,71,red,903,803,1706
85,21,5115680,1,20260807,153,21,0,0,0,0,0,249,42,0,0,0,0,0,3,35.99802490507423,136.9009352,,,,,,,,,,,,,71,red,174,291,465
85,21,5115820,1,20260807,241,23,0,0,0,0,0,549,66,0,0,0,0,0,3,36.18407203529936,137.542187,,,,,,,,,,,,,71,red,264,615,879
85,22,5123510,1,20260807,2178,453,0,0,0,0,0,1154,176,0,0,0,0,0,3,35.141546483993245,139.1103673,,,,,,,,,,,,,71,red,2631,1330,3961
85,20,5125390,1,20260807,1189,113,0,0,0,0,0,1223,123,0,0,0,0,0,3,35.876706504925515,137.9806852,,,,,,,,,,,,,71,red,1302,1346,2648
85,23,5311910,1,20260807,3681,599,0,0,0,0,0,2662,452,0,0,0,0,0,3,35.124239273970666,136.856963,,,,,,,,,,,,,71,red,4280,3114,7394
86,,6110010,1,20260807,1405,427,0,0,0,0,0,1023,499,0,0,0,0,0,3,34.938138216795814,136.265283823013,,,,,,,,,,,,,71,red,1832,1522,3354
86,,6110020,1,20260807,2202,467,0,0,0,0,0,2052,458,0,0,0,0,0,3,34.990936305895495,136.115165948867,,,,,,,,,,,,,71,red,2669,2510,5179
86,,6110030,1,20260807,1546,310,214,0,0,0,0,2219,336,262,0,0,0,0,3,35.005385003512316,135.956851243972,,,,,,,,,,,,,71,red,2070,2817,4887
86,,6110040,1,20260807,1902,299,0,0,0,0,0,1429,270,0,0,0,0,0,3,34.95699292997823,135.913501381874,,,,,,,,,,,,,71,red,2201,1699,3900
86,,6110050,1,20260807,3322,733,0,0,0,0,0,3691,506,0,0,0,0,0,3,34.99087038445861,135.844525694847,,,,,,,,,,,,,71,red,4055,4197,8252
86,,6110060,1,20260807,6210,1818,0,0,0,0,0,6924,1744,0,0,0,0,0,3,34.99142632024544,135.831109285354,,,,,,,,,,,,,71,red,8028,8668,16696
86,,6110070,1,20260807,5043,1342,0,0,0,0,0,4891,961,0,0,0,0,0,3,34.98630409707048,135.82777261734,,,,,,,,,,,,,71,red,6385,5852,12237
86,,6110080,1,20260807,4318,1976,0,0,0,0,0,4847,2059,0,0,0,0,0,3,34.91099177877929,135.744452476501,,,,,,,,,,,,,71,red,6294,6906,13200
86,,6110090,1,20260807,5099,2007,0,0,0,0,0,5651,1941,0,0,0,0,0,3,34.805311519271704,135.649480819702,,,,,,,,,,,,,71,red,7106,7592,14698
86,,6110100,1,20260807,,,,0,0,0,71,,,,0,0,0,71,3,34.81945711253497,135.720393061637,,,,,,,,,,,,,71,red,0,0,0
86,,6110110,1,20260807,2911,509,0,0,0,0,0,2945,590,0,0,0,0,0,3,34.71960434074075,135.436824560165,,,,,,,,,,,,,71,red,3420,3535,6955
86,,6110120,1,20260807,4401,438,0,0,0,0,0,1966,741,0,0,0,0,0,3,34.64078623273222,135.106242299079,,,,,,,,,,,,,71,red,4839,2707,7546
86,,6110130,1,20260807,7294,2866,0,0,0,0,0,6816,2837,0,0,0,0,0,3,34.75756172115131,134.859353005886,,,,,,,,,,,,,71,red,10160,9653,19813
86,,6110140,1,20260807,7898,2223,0,0,0,0,0,7722,2334,0,0,0,0,0,3,34.83274825524009,134.630174338817,,,,,,,,,,,,,71,red,10121,10056,20177
86,,6110150,1,20260807,5556,1609,0,0,0,0,0,6102,1749,0,0,0,0,0,3,34.847425137493005,134.578367471694,,,,,,,,,,,,,71,red,7165,7851,15016
86,,6110170,1,20260807,1179,539,0,0,0,0,0,987,360,0,0,0,0,0,3,36.23649392464164,136.286623477935,,,,,,,,,,,,,71,red,1718,1347,3065
86,,6110180,1,20260807,511,312,0,0,0,0,0,611,301,0,0,0,0,0,3,35.792989034822035,136.092793,,,,,,,,,,,,,71,red,823,912,1735
86,,6110190,1,20260807,655,411,0,0,0,0,0,412,395,0,0,0,0,0,3,35.62256603460919,136.08205800000002,,,,,,,,,,,,,71,red,1066,807,1873
86,,6110200,1,20260807,1358,140,0,0,0,0,0,1695,142,0,0,0,0,0,3,35.319800029709974,136.279370784759,,,,,,,,,,,,,71,red,1498,1837,3335
86,,6110210,1,20260807,1751,496,0,0,0,0,0,1397,420,0,0,0,0,0,3,35.25049070224537,136.262805461883,,,,,,,,,,,,,71,red,2247,1817,4064
86,,6110220,1,20260807,1848,500,0,0,0,0,0,2332,501,0,0,0,0,0,3,35.135413702721344,136.168110072612,,,,,,,,,,,,,71,red,2348,2833,5181
86,,6110230,1,20260807,1811,467,0,0,0,0,0,1882,444,0,0,0,0,0,3,35.05193480694747,136.028718352317,,,,,,,,,,,,,71,red,2278,2326,4604
86,,6110240,1,20260807,4200,650,0,0,0,0,0,4509,647,0,0,0,0,0,3,34.97508726487281,135.666646957397,,,,,,,,,,,,,71,red,4850,5156,10006
86,,6110250,1,20260807,2764,401,0,0,0,0,0,2555,403,0,0,0,0,0,3,35.290674394918256,135.122528672218,,,,,,,,,,,,,71,red,3165,2958,6123
86,,6110260,1,20260807,555,99,0,0,0,0,0,603,100,0,0,0,0,0,3,35.33418386481987,134.859425425529,,,,,,,,,,,,,71,red,654,703,1357
86,,6110270,1,20260807,586,49,0,0,0,0,0,671,69,0,0,0,0,0,3,35.37906081109355,134.782794713974,,,,,,,,,,,,,71,red,635,740,1375
86,,6110280,1,20260807,416,66,0,0,0,0,0,303,74,0,0,0,0,0,3,35.39752934547739,134.617635011672,,,,,,,,,,,,,71,red,482,377,859
86,,6110290,1,20260807,624,420,0,0,0,0,0,528,480,0,0,0,0,0,3,35.3445505431606,136.408736407756,,,,,,,,,,,,,71,red,1044,1008,2052
86,,6110300,1,20260807,2900,313,0,0,0,0,0,1839,183,0,0,0,0,0,3,34.929386538763445,135.767959356307,,,,,,,,,,,,,71,red,3213,2022,5235
86,,6110310,1,20260807,3989,1102,0,0,0,0,0,4304,811,0,0,0,0,0,3,34.692826863672394,135.811829566955,,,,,,,,,,,,,71,red,5091,5115,10206
86,,6110320,1,20260807,2942,738,0,0,0,71,0,4397,811,0,0,0,0,0,3,34.49633103313339,135.742759,,,,,,,,,,,,,71,red,3680,5208,8888
86,,6110330,1,20260807,2580,225,0,0,0,0,0,3948,251,0,0,0,0,0,3,34.255336527005475,135.221571922302,,,,,,,,,,,,,71,red,2805,4199,7004
86,,6110340,1,20260807,3418,779,0,0,0,0,0,2981,597,0,0,0,0,0,3,34.59261679509626,135.476585626602,,,,,,,,,,,,,71,red,4197,3578,7775
86,,6110350,1,20260807,6695,909,0,0,0,0,0,5472,671,0,0,0,0,0,3,34.492391818044126,135.423381328582,,,,,,,,,,,,,71,red,7604,6143,13747
86,,6110361,1,20260807,1599,423,0,0,0,0,0,1635,415,0,0,0,0,0,3,34.27701629033371,135.164935521261,,,,,,,,,,,,,71,red,2022,2050,4072
86,,6110370,1,20260807,1390,117,0,0,0,0,0,1320,141,0,0,0,0,0,3,35.61308303459727,135.971192,,,,,,,,,,,,,71,red,1507,1461,2968
86,,6110380,1,20260807,1488,199,0,0,0,0,0,731,142,0,0,0,0,0,3,35.486004106628485,135.463869273662,,,,,,,,,,,,,71,red,1687,873,2560
86,,6110390,1,20260807,1134,224,0,0,0,0,0,896,174,0,0,0,0,0,3,35.30401991598347,135.272947382363,,,,,,,,,,,,,71,red,1358,1070,2428
86,,6110410,1,20260807,1544,199,0,0,0,0,0,1425,197,0,0,0,0,0,3,34.99524305806187,134.558363556861,,,,,,,,,,,,,71,red,1743,1622,3365
86,,6110430,1,20260807,51,8,7,0,0,0,0,70,6,0,0,0,0,0,3,33.577233165562106,135.427241160067,,,,,,,,,,,,,71,red,66,76,142
86,,6110440,1,20260807,2300,257,0,0,0,0,0,2787,241,0,0,0,0,0,3,34.143380032647656,135.20039,,,,,,,,,,,,,71,red,2557,3028,5585
86,,6110450,1,20260807,5406,3009,0,0,0,0,0,4536,4635,0,0,0,0,0,3,34.71254919312948,135.425688028335,,,,,,,,,,,,,71,red,8415,9171,17586
86,,6110460,1,20260807,1265,356,0,0,0,0,0,949,317,0,0,0,0,0,3,35.431053158155514,136.016224622726,,,,,,,,,,,,,71,red,1621,1266,2887
86,,6110470,1,20260807,2305,465,0,0,0,0,0,1868,453,0,0,0,0,0,3,35.21341864052877,135.925826132297,,,,,,,,,,,,,71,red,2770,2321,5091
86,,6110500,1,20260807,1828,584,0,0,0,0,0,2002,338,0,0,0,0,0,3,35.10094221794055,135.892639160156,,,,,,,,,,,,,71,red,2412,2340,4752
86,,6110510,1,20260807,1981,528,0,0,0,0,0,1792,584,0,0,0,0,0,3,35.080206671418715,135.881878137588,,,,,,,,,,,,,71,red,2509,2376,4885
86,,6110520,1,20260807,3938,928,0,0,0,0,0,553,143,693,0,0,0,0,3,35.00895503826151,135.838812589645,,,,,,,,,,,,,71,red,4866,1389,6255
86,,6110530,1,20260807,3727,1096,0,0,0,0,0,2586,1248,0,0,0,0,0,3,34.8925928963683,135.684016942977,,,,,,,,,,,,,71,red,4823,3834,8657
86,,6110540,1,20260807,2170,514,0,0,0,0,0,3066,420,0,0,0,0,0,3,34.686726631641484,134.982630014419,,,,,,,,,,,,,71,red,2684,3486,6170
86,,6110670,1,20260807,2739,853,0,0,0,0,0,2773,941,0,0,0,0,0,3,34.486465033119956,135.763168,,,,,,,,,,,,,71,red,3592,3714,7306
86,,6110700,1,20260807,2510,541,0,0,0,0,0,1817,615,0,0,0,0,0,3,34.36883103295914,135.698397,,,,,,,,,,,,,71,red,3051,2432,5483
86,,6110710,1,20260807,2503,495,0,0,0,0,0,1676,564,0,0,0,0,0,3,34.346251032928144,135.675464,,,,,,,,,,,,,71,red,2998,2240,5238
86,,6110720,1,20260807,2202,499,0,0,0,0,0,1540,551,0,0,0,0,0,3,34.34307531292378,135.6723947,,,,,,,,,,,,,71,red,2701,2091,4792
86,,6110730,1,20260807,2113,516,0,0,0,0,0,1528,551,0,0,0,0,0,3,34.3344353954711,135.643944740295,,,,,,,,,,,,,71,red,2629,2079,4708
86,,6110740,1,20260807,2534,498,21,0,0,0,0,2369,493,32,0,0,0,0,3,34.32057809029414,135.595622062683,,,,,,,,,,,,,71,red,3053,2894,5947
86,,6110750,1,20260807,2512,576,0,0,0,0,0,2332,535,0,0,0,0,0,3,34.30420703287028,135.508371,,,,,,,,,,,,,71,red,3088,2867,5955
86,,6110760,1,20260807,2531,630,0,0,0,0,0,2111,549,0,0,0,0,0,3,34.300277802864876,135.49583333,,,,,,,,,,,,,71,red,3161,2660,5821
86,,6110765,1,20260807,2630,664,0,0,0,0,0,2034,576,0,0,0,0,0,3,34.293299032855266,135.42037,,,,,,,,,,,,,71,red,3294,2610,5904
86,,6110780,1,20260807,,,,0,0,0,71,,,,0,0,0,71,3,34.290835032851874,135.406025,,,,,,,,,,,,,71,red,0,0,0
86,,6110790,1,20260807,1183,430,0,0,0,0,0,1199,382,0,0,0,0,0,3,34.28766234793788,135.279854549589,,,,,,,,,,,,,71,red,1613,1581,3194
86,,6110810,1,20260807,234,87,0,0,0,0,0,321,108,0,0,0,0,0,3,35.91898971813652,136.6293598948,,,,,,,,,,,,,71,red,321,429,750
86,,6110820,1,20260807,297,112,0,0,0,0,0,382,136,0,0,0,0,0,3,35.963561035032136,136.602468,,,,,,,,,,,,,71,red,409,518,927
86,,6110840,1,20260807,328,80,0,0,0,0,0,321,114,0,0,0,0,0,3,35.98949103506382,136.526729,,,,,,,,,,,,,71,red,408,435,843
86,,6110860,1,20260807,2005,124,0,0,0,0,0,1385,217,0,0,0,0,0,3,36.062580031168245,136.445198357105,,,,,,,,,,,,,71,red,2129,1602,3731
86,,6110870,1,20260807,2088,113,0,0,0,0,0,1446,235,0,0,0,0,0,3,36.074224272699254,136.374473869296,,,,,,,,,,,,,71,red,2201,1681,3882
86,,6110880,1,20260807,2195,173,0,0,0,0,0,1542,252,0,0,0,0,0,3,36.086521994378465,136.324462164098,,,,,,,,,,,,,71,red,2368,1794,4162
86,,6110980,1,20260807,729,249,0,0,0,0,0,657,176,0,0,0,0,0,3,35.30511375498357,134.89226102828903,,,,,,,,,,,,,71,red,978,833,1811
86,,6111020,1,20260807,5191,3359,0,0,0,0,0,2471,3194,0,0,0,0,0,3,34.61538892329484,135.8745,,,,,,,,,,,,,71,red,8550,5665,14215
86,,6111030,1,20260807,1221,83,5,0,0,0,0,1064,88,21,0,0,0,0,3,33.670648031981166,135.947246,,,,,,,,,,,,,71,red,1309,1173,2482
86,,6111040,1,20260807,656,114,6,0,0,0,0,1135,187,6,0,0,0,0,1,33.74362082208521,135.40352793,,,,,,,,,,,,,71,red,776,1328,2104
86,,6111050,1,20260807,772,56,6,0,0,0,0,1308,170,10,0,0,0,0,1,33.67806806199178,135.40361475,,,,,,,,,,,,,71,red,834,1488,2322
86,,6111060,1,20260807,808,64,5,0,0,0,0,1231,188,14,0,0,0,0,1,33.63743103193369,135.410147,,,,,,,,,,,,,71,red,877,1433,2310
86,,6111070,1,20260807,442,77,1,0,0,0,0,806,173,16,0,0,0,0,1,33.56605113183135,135.49421066,,,,,,,,,,,,,71,red,520,995,1515
86,,6111080,1,20260807,331,85,25,0,0,0,0,633,162,33,0,0,0,0,1,33.53123967178131,135.54653822,,,,,,,,,,,,,71,red,441,828,1269
86,,6111090,1,20260807,888,89,19,0,0,0,0,691,101,18,0,0,0,0,3,33.620083251908845,135.91802864,,,,,,,,,,,,,71,red,996,810,1806
86,,6111094,1,20260807,647,89,53,0,0,0,0,886,54,24,0,0,0,0,3,33.73308003207021,136.004619,,,,,,,,,,,,,71,red,789,964,1753
86,,6111100,1,20260807,2176,514,0,0,0,0,0,1676,488,0,0,0,0,0,3,34.29138892285263,135.3613889,,,,,,,,,,,,,71,red,2690,2164,4854
87,,7110040,1,20260807,1815,704,0,0,0,0,0,1905,822,0,0,0,0,0,3,34.51540182315934,133.565914,,,,,,,,,,,,,71,red,2519,2727,5246
87,,7110090,1,20260807,2770,1011,0,0,0,0,0,2724,926,0,0,0,0,0,3,34.076861142554975,131.3867222,,,,,,,,,,,,,71,red,3781,3650,7431
87,,7110140,1,20260807,1906,321,0,0,0,0,0,1779,343,0,0,0,0,0,3,35.42972217436492,133.16019770000003,,,,,,,,,,,,,71,red,2227,2122,4349
87,,7110150,1,20260807,2248,364,0,0,0,0,0,2144,441,0,0,0,0,0,3,35.41501435434614,132.9291201,,,,,,,,,,,,,71,red,2612,2585,5197
87,,7110160,1,20260807,867,88,0,0,0,0,0,722,137,0,0,0,0,0,3,35.220801104096246,132.5117898,,,,,,,,,,,,,71,red,955,859,1814
87,,7110170,1,20260807,240,29,0,0,0,0,0,164,30,0,0,0,0,0,3,34.75449303348189,131.907185,,,,,,,,,,,,,71,red,269,194,463
87,,7110180,1,20260807,175,80,0,0,0,0,0,170,64,0,0,0,0,0,3,34.42694447303873,131.76016670000004,,,,,,,,,,,,,71,red,255,234,489
87,,7110210,1,20260807,1249,213,0,0,0,0,0,1292,400,0,0,0,0,0,3,34.8389208935946,133.9257149,,,,,,,,,,,,,71,red,1462,1692,3154
87,,7110240,1,20260807,1212,302,0,0,0,0,0,899,342,0,0,0,0,0,3,34.684982133388644,133.784738,,,,,,,,,,,,,71,red,1514,1241,2755
87,,7110260,1,20260807,294,34,0,0,0,32,0,824,80,0,0,0,0,0,3,33.97988891241918,132.1977222,,,,,,,,,,,,,71,red,328,904,1232
87,,7110270,1,20260807,235,68,0,0,0,0,0,285,65,0,0,0,0,0,3,34.65950003335435,131.6773889,,,,,,,,,,,,,71,red,303,350,653
87,,7110280,1,20260807,825,108,0,0,0,0,0,581,123,0,0,0,0,0,3,34.419861143029046,131.4097778,,,,,,,,,,,,,71,red,933,704,1637
87,,7110290,1,20260807,998,91,0,0,0,0,0,1276,76,0,0,0,0,0,3,34.371805582963226,131.1861389,,,,,,,,,,,,,71,red,1089,1352,2441
87,,7110320,1,20260807,1087,127,0,0,0,0,0,1459,92,0,0,0,0,0,3,33.95763808238793,132.1366533,,,,,,,,,,,,,71,red,1214,1551,2765
87,,7310110,1,20260807,1892,276,0,0,0,0,0,1759,329,0,0,0,0,0,3,35.39772612432404,132.8747235,,,,,,,,,,,,,71,red,2168,2088,4256
87,,7310120,1,20260807,700,148,0,0,0,0,0,803,155,0,0,0,0,0,3,35.068629523897954,132.3222435,,,,,,,,,,,,,71,red,848,958,1806
87,,7310150,1,20260807,158,38,0,0,0,0,0,123,46,0,0,0,0,0,3,34.9738037337733,132.7317309,,,,,,,,,,,,,71,red,196,169,365
87,,7310160,1,20260807,328,57,0,0,0,0,0,247,46,0,0,0,0,0,3,35.117460163961816,132.778337,,,,,,,,,,,,,71,red,385,293,678
87,,7310170,1,20260807,790,162,0,0,0,0,0,1514,200,0,0,0,0,0,3,34.705264123415894,133.7151146,,,,,,,,,,,,,71,red,952,1714,2666
87,,7310180,1,20260807,378,35,0,0,0,0,0,432,21,0,0,0,0,0,3,34.38963891298768,131.3651944,,,,,,,,,,,,,71,red,413,453,866
87,,7310260,1,20260807,635,124,0,0,0,0,0,697,134,0,0,0,0,0,3,35.132156843980994,132.4019922,,,,,,,,,,,,,71,red,759,831,1590
87,,7310270,1,20260807,576,129,0,0,0,0,0,649,123,0,0,0,0,0,3,35.08573619392036,132.3490609,,,,,,,,,,,,,71,red,705,772,1477
87,,7310280,1,20260807,562,120,0,0,0,0,0,620,121,0,0,0,0,0,3,35.076671573908484,132.335387,,,,,,,,,,,,,71,red,682,741,1423
87,,7310290,1,20260807,1247,211,0,0,0,0,0,640,620,0,0,0,0,0,3,34.88220003365212,132.0657,,,,,,,,,,,,,71,red,1458,1260,2718
87,,7310300,1,20260807,1085,159,0,0,0,0,0,873,184,0,0,0,0,0,3,34.86980443363566,132.0662027,,,,,,,,,,,,,71,red,1244,1057,2301
87,,7310350,1,20260807,1120,189,0,0,0,0,0,941,223,0,0,0,0,0,3,34.83580109359045,131.9999083,,,,,,,,,,,,,71,red,1309,1164,2473
87,,7310410,1,20260807,1063,203,0,0,0,0,0,1235,198,0,0,0,0,0,3,35.21593257408993,132.5144274,,,,,,,,,,,,,71,red,1266,1433,2699
87,,7310420,1,20260807,1105,200,0,0,0,0,0,1345,271,0,0,0,0,0,3,35.275470134166945,132.6201357,,,,,,,,,,,,,71,red,1305,1616,2921
87,,7310430,1,20260807,1135,166,0,0,0,0,0,1345,183,0,0,0,0,0,3,35.303833034203514,132.688667,,,,,,,,,,,,,71,red,1301,1528,2829
87,,7310440,1,20260807,1007,182,0,0,0,0,0,0,0,0,0,0,0,0,3,35.298722034196935,132.676944,,,,,,,,,,,,,71,red,1189,0,1189
87,,7310450,1,20260807,0,0,0,0,0,0,0,1230,172,0,0,0,0,0,3,35.290444034186265,132.645583,,,,,,,,,,,,,71,red,0,1402,1402
87,,7310460,1,20260807,0,0,0,0,0,71,0,293,109,0,0,0,0,0,3,35.20082803407034,132.459905,,,,,,,,,,,,,71,red,0,402,402
87,,7310470,1,20260807,503,142,0,0,0,0,0,665,153,0,0,0,0,0,3,35.1986450340675,132.455753,,,,,,,,,,,,,71,red,645,818,1463
88,,8110010,1,20260807,643,308,0,0,0,0,0,620,212,0,0,0,0,0,3,34.2207184500313,134.411544799804,,,,,,,,,,,,,71,red,951,832,1783
88,,8110020,1,20260807,3588,793,0,0,0,0,0,5222,839,0,0,0,0,0,3,34.30277465209332,134.084776639938,,,,,,,,,,,,,71,red,4381,6061,10442
88,,8110030,1,20260807,3593,662,0,0,0,0,0,4963,697,0,0,0,0,0,3,34.29671450737887,133.946895003318,,,,,,,,,,,,,71,red,4255,5660,9915
88,,8110040,1,20260807,1553,292,0,0,0,0,0,1444,376,0,0,0,0,0,3,34.17417938671837,133.715951442718,,,,,,,,,,,,,71,red,1845,1820,3665
88,,8110050,1,20260807,1878,297,4,0,0,0,0,1597,343,3,0,0,0,0,3,33.91236267641698,133.20324182510302,,,,,,,,,,,,,71,red,2179,1943,4122
88,,8110060,1,20260807,1164,522,24,0,0,0,0,907,452,13,0,0,0,0,3,33.82431235182997,132.984384298324,,,,,,,,,,,,,71,red,1710,1372,3082
88,,8110070,1,20260807,2350,227,0,0,0,0,0,2075,272,0,0,0,0,0,3,34.28544169692582,134.00050163269,,,,,,,,,,,,,71,red,2577,2347,4924
88,,8110080,1,20260807,478,122,0,0,0,0,0,341,176,0,0,0,0,0,3,34.10608825909625,133.799223303794,,,,,,,,,,,,,71,red,600,517,1117
88,,8110090,1,20260807,1436,236,12,0,0,0,0,2461,328,29,0,0,0,0,3,34.028957826825085,133.828164339065,,,,,,,,,,,,,71,red,1684,2818,4502
88,,8110100,1,20260807,360,110,0,0,0,0,0,526,183,0,0,0,0,0,3,33.950764901704936,133.764853477478,,,,,,,,,,,,,71,red,470,709,1179
88,,8110110,1,20260807,2143,439,0,0,0,0,0,1134,471,0,0,0,0,0,3,33.58909346194513,133.626092746853,,,,,,,,,,,,,71,red,2582,1605,4187
88,,8110115,1,20260807,1966,224,0,0,0,0,0,2158,290,0,0,0,0,0,3,33.548205918990114,133.451582193374,,,,,,,,,,,,,71,red,2190,2448,4638
88,,8110120,1,20260807,1933,166,0,0,0,0,0,1919,395,0,0,0,0,0,3,33.543133969132924,133.402808904647,,,,,,,,,,,,,71,red,2099,2314,4413
88,,8110130,1,20260807,2057,201,26,0,0,0,0,1807,121,37,0,0,0,0,3,33.7476978963593,132.791587114334,,,,,,,,,,,,,71,red,2284,1965,4249
88,,8110131,1,20260807,739,65,0,0,0,0,0,830,129,0,0,0,0,0,3,33.793408870729856,134.592427611351,,,,,,,,,,,,,71,red,804,959,1763
88,,8110140,1,20260807,648,57,0,0,0,0,0,419,69,0,0,0,0,0,3,33.63466659400443,134.369745254516,,,,,,,,,,,,,71,red,705,488,1193
88,,8110142,1,20260807,691,58,0,0,0,0,0,837,116,0,0,0,0,0,3,33.74774819013548,134.53964678124,,,,,,,,,,,,,71,red,749,953,1702
88,,8110160,1,20260807,829,96,0,0,0,0,0,640,47,0,0,0,0,0,3,33.53924497073882,133.738444460766,,,,,,,,,,,,,71,red,925,687,1612
88,,8110161,1,20260807,1326,129,0,0,0,0,0,1724,203,0,0,0,0,0,3,33.520916544031145,133.780702650547,,,,,,,,,,,,,71,red,1455,1927,3382
88,,8110162,1,20260807,1632,149,0,0,0,0,0,2177,237,0,0,0,0,0,3,33.550342371512876,133.740176352243,,,,,,,,,,,,,71,red,1781,2414,4195
88,,8110163,1,20260807,1974,157,0,0,0,0,0,2430,267,0,0,0,0,0,3,33.55352220956595,133.721816021769,,,,,,,,,,,,,71,red,2131,2697,4828
88,,8110164,1,20260807,472,181,0,0,0,0,0,564,116,0,0,0,0,0,3,33.57127484589016,133.574287891387,,,,,,,,,,,,,71,red,653,680,1333
88,,8110165,1,20260807,2669,177,0,0,0,0,0,2861,293,0,0,0,0,0,3,33.56026408468244,133.633757829666,,,,,,,,,,,,,71,red,2846,3154,6000
88,,8110166,1,20260807,2713,300,0,0,0,0,0,2786,311,0,0,0,0,0,3,33.540965031795295,133.601005,,,,,,,,,,,,,71,red,3013,3097,6110
88,,8110167,1,20260807,1442,185,0,0,0,0,0,1626,160,0,0,0,0,0,3,33.5424317654246,133.583077945611,,,,,,,,,,,,,71,red,1627,1786,3413
88,,8110168,1,20260807,2282,139,0,0,0,0,0,2108,224,0,0,0,0,0,3,33.55589303181676,133.683497,,,,,,,,,,,,,71,red,2421,2332,4753
88,,8110170,1,20260807,1168,191,0,0,0,0,0,1093,440,0,0,0,0,0,3,33.485055031714765,133.373125,,,,,,,,,,,,,71,red,1359,1533,2892
88,,8110171,1,20260807,652,61,0,0,0,0,0,717,200,0,0,0,0,0,3,33.40395558523113,133.288643360137,,,,,,,,,,,,,71,red,713,917,1630
88,,8110172,1,20260807,411,165,0,0,0,0,0,496,252,0,0,0,0,0,3,33.39236677628474,133.278601169586,,,,,,,,,,,,,71,red,576,748,1324
88,,8110174,1,20260807,576,84,0,0,0,0,0,422,199,0,0,0,0,0,3,33.18330330083646,133.144855499267,,,,,,,,,,,,,71,red,660,621,1281
88,,8110180,1,20260807,171,21,0,0,0,0,0,168,24,0,0,0,0,0,3,33.35817590038214,133.253152370452,,,,,,,,,,,,,71,red,192,192,384
88,,8110181,1,20260807,724,81,0,0,0,0,0,851,109,0,0,0,0,0,3,32.974388919857596,132.933138888889,,,,,,,,,,,,,71,red,805,960,1765
88,,8110182,1,20260807,1021,104,0,0,0,0,0,1222,126,0,0,0,0,0,3,32.96811114207051,132.872277777778,,,,,,,,,,,,,71,red,1125,1348,2473
88,,8110183,1,20260807,729,69,0,0,0,0,0,476,74,0,0,0,0,0,3,32.95902780872377,132.776972222222,,,,,,,,,,,,,71,red,798,550,1348
88,,8110190,1,20260807,336,77,0,0,0,0,0,318,74,0,0,0,0,0,3,32.96996536793415,132.68920719623503,,,,,,,,,,,,,71,red,413,392,805
88,,8110191,1,20260807,561,192,0,0,0,0,0,777,126,0,0,0,0,0,3,33.13903103121127,132.517477,,,,,,,,,,,,,71,red,753,903,1656
88,,8110192,1,20260807,884,269,0,0,0,0,0,1353,175,0,0,0,0,0,3,33.14590213224344,132.52205863595,,,,,,,,,,,,,71,red,1153,1528,2681
88,,8110200,1,20260807,377,62,0,0,0,0,0,469,48,0,0,0,0,0,3,33.325562031483756,132.5285,,,,,,,,,,,,,71,red,439,517,956
88,,8110210,1,20260807,3401,228,95,0,0,0,0,3197,229,142,0,0,0,0,3,33.81637909326473,132.744826823472,,,,,,,,,,,,,71,red,3724,3568,7292
88,,8110231,1,20260807,1375,137,0,0,0,0,0,1924,179,0,0,0,0,0,3,34.03847794648641,134.520513564348,,,,,,,,,,,,,71,red,1512,2103,3615
88,,8110232,1,20260807,1487,138,0,0,0,0,0,2319,198,0,0,0,0,0,3,34.04120064204002,134.531005024909,,,,,,,,,,,,,71,red,1625,2517,4142
88,,8110240,1,20260807,878,259,0,0,0,0,0,1621,344,0,0,0,0,0,3,34.03149633348104,132.829599380493,,,,,,,,,,,,,71,red,1137,1965,3102
88,,8110250,1,20260807,1263,183,0,0,0,0,0,1342,186,0,0,0,0,0,3,33.93004373774009,133.094837665557,,,,,,,,,,,,,71,red,1446,1528,2974
88,,8111021,1,20260807,1383,112,0,0,0,0,0,1287,153,0,0,0,0,0,3,33.50191403173908,133.309236,,,,,,,,,,,,,71,red,1495,1440,2935
88,,8160020,1,20260807,888,114,0,0,0,0,0,886,273,0,0,0,0,0,1,33.331092031491806,133.206098,,,,,,,,,,,,,71,red,1002,1159,2161
88,,8160030,1,20260807,734,103,0,0,0,0,0,686,249,0,0,0,0,0,1,33.23544203135242,133.159939,,,,,,,,,,,,,71,red,837,935,1772
88,,8160040,1,20260807,1436,332,0,0,0,0,0,1420,234,0,0,0,0,0,1,33.24742026280611,132.570131868124,,,,,,,,,,,,,71,red,1768,1654,3422
88,,8160050,1,20260807,1252,374,0,0,0,0,0,1387,233,0,0,0,0,0,1,33.33622666521378,132.557060122489,,,,,,,,,,,,,71,red,1626,1620,3246
88,,8160060,1,20260807,1864,238,0,0,0,0,0,1177,333,0,0,0,0,0,1,34.056139032526026,134.588624,,,,,,,,,,,,,71,red,2102,1510,3612
88,,8310010,1,20260807,3776,509,3,0,0,0,0,4077,496,3,0,0,0,0,3,34.152121047215225,134.579402804374,,,,,,,,,,,,,71,red,4288,4576,8864
88,,8310020,1,20260807,1113,538,0,0,0,0,0,2042,195,0,0,0,0,0,3,34.335875041773484,134.151295423507,,,,,,,,,,,,,71,red,1651,2237,3888
88,,8310030,1,20260807,2632,158,173,0,0,0,1,1603,212,24,0,0,0,1,3,33.79997204409725,132.86443054676,,,,,,,,,,,,,71,red,2963,1839,4802
88,,8310040,1,20260807,3333,414,0,0,0,0,0,2506,603,0,0,0,0,0,3,34.239532652899726,133.895906209945,,,,,,,,,,,,,71,red,3747,3109,6856
88,,8310050,1,20260807,116,122,0,0,0,0,0,135,130,0,0,0,0,0,3,33.797668032162,133.760304,,,,,,,,,,,,,71,red,238,265,503
88,,8310060,1,20260807,67,47,0,0,0,0,0,88,34,0,0,0,0,0,3,33.54154672048833,133.042341470718,,,,,,,,,,,,,71,red,114,122,236
88,,8310061,1,20260807,2922,593,0,0,0,0,0,2778,607,0,0,0,0,0,3,33.80675451706518,132.745272070169,,,,,,,,,,,,,71,red,3515,3385,6900
88,,8310062,1,20260807,1540,489,0,0,0,0,0,1706,412,0,0,0,0,0,3,33.814776032186245,132.720319,,,,,,,,,,,,,71,red,2029,2118,4147
88,,8310070,1,20260807,4622,307,16,0,0,0,0,5120,541,6,0,0,0,0,3,34.0102656781917,134.566428959369,,,,,,,,,,,,,71,red,4945,5667,10612
88,,8310080,1,20260807,2767,242,0,0,0,0,0,3059,444,0,0,0,0,0,3,33.9732071371816,134.633932113647,,,,,,,,,,,,,71,red,3009,3503,6512
88,,8310100,1,20260807,1019,143,0,0,0,0,0,893,199,0,0,0,0,0,3,33.03511096021447,133.027331829071,,,,,,,,,,,,,71,red,1162,1092,2254
88,,8310110,1,20260807,782,218,0,0,0,0,0,868,178,0,0,0,0,0,3,33.4066250316014,132.509843,,,,,,,,,,,,,71,red,1000,1046,2046
88,,8310120,1,20260807,2223,585,0,0,0,0,0,2040,356,0,0,0,0,0,3,33.504510031742804,132.56675,,,,,,,,,,,,,71,red,2808,2396,5204
88,,8310130,1,20260807,1465,283,0,0,0,0,0,1171,202,0,0,0,0,0,3,33.53462955300938,132.597781419754,,,,,,,,,,,,,71,red,1748,1373,3121
88,,8310140,1,20260807,826,260,0,0,0,0,0,709,147,0,0,0,0,0,3,33.6125750318981,132.68712,,,,,,,,,,,,,71,red,1086,856,1942
88,,8310150,1,20260807,903,205,0,0,0,0,0,876,179,0,0,0,0,0,3,34.0401782523243,134.018440246582,,,,,,,,,,,,,71,red,1108,1055,2163
88,,8310160,1,20260807,2385,194,24,0,0,0,0,2421,217,44,0,0,0,0,3,33.89056122326423,132.757075130939,,,,,,,,,,,,,71,red,2603,2682,5285
89,,9110010,1,20260807,2116,205,0,0,0,0,0,1657,118,0,0,0,0,0,3,33.86399103225591,130.750068,,,,,,,,,,,,,71,red,2321,1775,4096
89,,9110030,1,20260807,4117,563,0,0,0,0,0,5106,695,0,0,0,0,0,3,32.75695803064553,130.688122,,,,,,,,,,,,,71,red,4680,5801,10481
89,,9110040,1,20260807,2031,869,0,0,0,0,0,1456,1359,0,0,0,0,0,3,32.565580030358504,130.688167,,,,,,,,,,,,,71,red,2900,2815,5715
89,,9110050,1,20260807,1669,512,0,0,0,0,0,1726,916,0,0,0,0,0,3,32.50104503026118,130.627862,,,,,,,,,,,,,71,red,2181,2642,4823
89,,9110060,1,20260807,1415,414,0,0,0,0,0,953,449,0,0,0,0,0,3,31.848210029262603,130.249002,,,,,,,,,,,,,71,red,1829,1402,3231
89,,9110070,1,20260807,817,120,0,0,0,0,0,857,97,0,0,0,0,0,3,31.65408502896101,130.444438,,,,,,,,,,,,,71,red,937,954,1891
89,,9110110,1,20260807,6983,676,227,0,0,0,0,4317,395,320,0,0,0,0,3,33.248593781371625,131.5788746,,,,,,,,,,,,,71,red,7886,5032,12918
89,,9110120,1,20260807,29,8,0,0,0,0,0,18,17,0,0,0,0,0,3,32.83826903076675,131.716873,,,,,,,,,,,,,71,red,37,35,72
89,,9110140,1,20260807,1024,527,0,0,0,0,0,1136,486,0,0,0,0,0,3,32.26510002990319,131.560352,,,,,,,,,,,,,71,red,1551,1622,3173
89,,9110150,1,20260807,796,391,0,0,0,0,0,764,327,0,0,0,0,0,3,31.853840029271314,131.136144,,,,,,,,,,,,,71,red,1187,1091,2278
89,,9110160,1,20260807,896,412,9,0,0,0,0,977,510,11,0,0,0,0,3,31.710555029048958,130.774553,,,,,,,,,,,,,71,red,1317,1498,2815
89,,9110190,1,20260807,1487,791,0,0,0,0,0,1353,776,0,0,0,0,0,3,33.3577350315305,130.488663,,,,,,,,,,,,,71,red,2278,2129,4407
89,,9110200,1,20260807,1382,202,0,0,0,0,0,1081,262,0,0,0,0,0,3,33.19609887129489,130.0312792,,,,,,,,,,,,,71,red,1584,1343,2927
89,,9110230,1,20260807,348,160,0,0,0,0,0,411,250,0,0,0,0,0,3,32.95195803093551,131.35466,,,,,,,,,,,,,71,red,508,661,1169
89,,9110240,1,20260807,2008,655,0,0,0,0,0,1725,740,0,0,0,0,0,3,33.669370031979355,130.847832,,,,,,,,,,,,,71,red,2663,2465,5128
89,,9110280,1,20260807,1474,259,0,0,0,0,0,1556,304,0,0,0,0,0,3,33.34785503151616,130.0187991,,,,,,,,,,,,,71,red,1733,1860,3593
89,,9110290,1,20260807,1196,216,0,0,0,0,0,1481,194,0,0,0,0,0,3,32.97125925096407,130.445357,,,,,,,,,,,,,71,red,1412,1675,3087
89,,9110300,1,20260807,1395,252,0,0,0,0,0,1615,241,0,0,0,0,0,3,33.14141103121475,130.470721,,,,,,,,,,,,,71,red,1647,1856,3503
89,,9110335,1,20260807,538,63,0,0,0,0,0,788,79,0,0,0,0,0,3,31.396273028557452,130.783657,,,,,,,,,,,,,71,red,601,867,1468
89,,9110340,1,20260807,716,132,0,0,0,0,0,961,164,0,0,0,0,0,3,31.452851608646302,130.7281932,,,,,,,,,,,,,71,red,848,1125,1973
89,,9310003,1,20260807,1786,721,0,0,0,0,0,2571,592,0,0,0,0,0,3,33.947867982374184,130.968647,,,,,,,,,,,,,71,red,2507,3163,5670
89,,9310015,1,20260807,3156,1611,0,0,0,0,0,4861,2142,0,0,0,0,0,3,33.44660203165923,130.540337,,,,,,,,,,,,,71,red,4767,7003,11770
89,,9310017,1,20260807,1707,426,0,0,0,0,0,1628,495,0,0,0,5,0,3,33.323489031480754,130.523608,,,,,,,,,,,,,71,red,2133,2123,4256
89,,9310020,1,20260807,290,416,0,0,0,0,0,338,484,0,0,0,0,0,3,33.11458003117534,130.669176,,,,,,,,,,,,,71,red,706,822,1528
89,,9310035,1,20260807,,,,0,0,0,71,,,,0,0,0,71,3,32.406040030117445,130.555735,,,,,,,,,,,,,71,red,0,0,0
89,,9310045,1,20260807,1401,246,0,0,0,0,0,817,363,0,0,0,0,0,3,32.16215502974594,130.36789,,,,,,,,,,,,,71,red,1647,1180,2827
89,,9310050,1,20260807,1250,119,2,0,0,0,0,988,99,4,0,0,0,0,3,31.714213029054637,130.275752,,,,,,,,,,,,,71,red,1371,1091,2462
89,,9310060,1,20260807,28,6,1,17,0,0,2,7,1,0,17,0,0,2,3,32.38562876008649,130.5414069,,,,,,,,,,,,,71,red,35,8,43
89,,9310070,1,20260807,0,0,2561,0,0,71,71,1476,352,37,0,0,0,71,3,31.702321029036145,130.297006,,,,,,,,,,,,,71,red,2561,1865,4426
89,,9310080,1,20260807,3019,312,0,0,0,0,0,3262,408,0,0,0,0,0,3,33.80588903217365,130.960473,,,,,,,,,,,,,71,red,3331,3670,7001
89,,9310085,1,20260807,1821,397,0,0,0,0,0,1849,409,0,0,0,0,0,3,33.54594303180245,131.283198,,,,,,,,,,,,,71,red,2218,2258,4476
89,,9310090,1,20260807,1765,257,0,0,0,0,0,1640,333,0,0,0,0,0,3,33.38094503156419,131.540397,,,,,,,,,,,,,71,red,2022,1973,3995
89,,9310100,1,20260807,3613,431,0,0,0,0,0,3889,509,0,0,0,0,0,3,33.15920703124086,131.651922,,,,,,,,,,,,,71,red,4044,4398,8442
89,,9310115,1,20260807,2097,746,0,0,0,0,0,1715,1007,0,0,0,0,0,3,31.726570029073855,131.023972,,,,,,,,,,,,,71,red,2843,2722,5565
89,,9310120,1,20260807,2575,648,0,0,0,0,0,2125,474,0,0,0,0,0,3,31.705779029041526,130.613215,,,,,,,,,,,,,71,red,3223,2599,5822
89,,9310125,1,20260807,2710,467,0,0,0,0,0,2147,587,0,0,0,0,0,3,33.21761616132637,130.1637701,,,,,,,,,,,,,71,red,3177,2734,5911
89,,9310127,1,20260807,1685,499,0,0,0,0,0,1209,294,0,0,0,0,0,3,32.91326503087817,130.976239,,,,,,,,,,,,,71,red,2184,1503,3687
89,,9310130,1,20260807,2678,336,0,0,0,0,0,2614,344,0,0,0,0,0,3,32.8754950308221,130.867355,,,,,,,,,,,,,71,red,3014,2958,5972
89,,9310140,1,20260807,4374,553,0,0,0,0,0,2968,468,0,0,0,0,0,3,32.820198990739854,130.7572925,,,,,,,,,,,,,71,red,4927,3436,8363
89,,9310150,1,20260807,1429,307,0,0,0,0,0,882,753,0,0,0,0,0,3,32.6779330305273,130.55327,,,,,,,,,,,,,71,red,1736,1635,3371
89,,9310155,1,20260807,1399,64,0,0,0,0,0,925,83,0,0,0,0,0,3,32.76467203065704,130.370667,,,,,,,,,,,,,71,red,1463,1008,2471
89,,9310156,1,20260807,1337,160,0,0,0,0,0,1806,115,0,0,0,0,0,3,32.78536503068792,130.199594,,,,,,,,,,,,,71,red,1497,1921,3418
89,,9310157,1,20260807,1298,263,0,0,0,0,0,1717,351,0,0,0,0,0,3,33.06696517110531,131.6229634,,,,,,,,,,,,,71,red,1561,2068,3629
89,,9310159,1,20260807,413,170,0,0,0,0,0,654,255,0,0,0,0,0,3,32.997429031002746,131.434075,,,,,,,,,,,,,71,red,583,909,1492
89,,9310165,1,20260807,1914,1503,0,0,0,0,0,2229,1125,0,0,0,0,0,3,33.62969103192261,130.442657,,,,,,,,,,,,,71,red,3417,3354,6771
89,,9310174,1,20260807,4489,1212,0,0,0,0,0,3328,821,0,0,0,0,0,3,33.6275850319196,130.703907,,,,,,,,,,,,,71,red,5701,4149,9850
89,,9310181,1,20260807,1281,86,0,0,0,0,0,1252,102,0,0,0,0,0,3,33.230906841345785,130.3350523,,,,,,,,,,,,,71,red,1367,1354,2721
89,,9310184,1,20260807,2395,260,0,0,0,0,0,1905,403,0,0,0,0,0,3,32.918079150885305,130.6264597,,,,,,,,,,,,,71,red,2655,2308,4963
89,,9310185,1,20260807,598,99,0,0,0,0,71,0,0,0,0,0,71,71,3,33.37000946154832,129.9447181,,,,,,,,,,,,,71,red,697,0,697
89,,9310187,1,20260807,2042,401,0,0,0,0,0,2262,660,0,0,0,0,0,3,33.504396031742644,130.111167,,,,,,,,,,,,,71,red,2443,2922,5365
89,,9310188,1,20260807,1066,227,0,0,0,0,0,1046,240,0,0,0,0,0,3,33.3383090315023,130.64702,,,,,,,,,,,,,71,red,1293,1286,2579
89,,9310189,1,20260807,1764,240,0,0,0,0,23,1453,210,0,0,0,0,23,3,33.06535003110294,129.833592,,,,,,,,,,,,,71,red,2004,1663,3667
89,,9310191,1,20260807,1645,369,0,0,0,0,0,1778,426,0,0,0,0,0,3,33.18514003127884,130.387366,,,,,,,,,,,,,71,red,2014,2204,4218
89,,9310192,1,20260807,1333,335,0,0,0,0,0,618,909,0,0,0,0,0,3,33.20214803130375,130.361827,,,,,,,,,,,,,71,red,1668,1527,3195
89,,9310193,1,20260807,486,856,0,0,0,0,0,901,376,0,0,0,0,0,3,33.20855403131311,130.343385,,,,,,,,,,,,,71,red,1342,1277,2619
89,,9310195,1,20260807,1207,358,0,0,0,0,0,1078,332,0,0,0,0,0,3,33.32086003147692,130.863524,,,,,,,,,,,,,71,red,1565,1410,2975
89,,9310200,1,20260807,421,180,0,0,0,0,0,474,180,0,0,0,0,0,3,33.250128031373855,131.295812,,,,,,,,,,,,,71,red,601,654,1255
89,,9310205,1,20260807,1852,335,0,0,0,0,0,1211,244,0,0,0,0,0,3,33.19671903129579,131.498216,,,,,,,,,,,,,71,red,2187,1455,3642
89,,9310210,1,20260807,1074,95,0,0,0,0,0,1141,125,0,0,0,0,0,3,31.816050029212782,131.442962,,,,,,,,,,,,,71,red,1169,1266,2435
89,,9310217,1,20260807,834,130,0,0,0,0,0,726,116,0,0,0,0,0,3,31.417765998591218,130.99969040000002,,,,,,,,,,,,,71,red,964,842,1806
89,,9310218,1,20260807,1213,208,0,0,0,0,0,1279,124,0,0,0,0,0,3,31.377286028527593,130.545285,,,,,,,,,,,,,71,red,1421,1403,2824
89,,9310219,1,20260807,403,53,0,0,0,0,0,572,52,0,0,0,0,0,3,31.56571802882308,130.617867,,,,,,,,,,,,,71,red,456,624,1080
89,,9310220,1,20260807,1148,307,0,0,0,0,0,1467,493,0,0,0,0,0,3,33.43104381163675,130.0480662,,,,,,,,,,,,,71,red,1455,1960,3415
89,,9310470,1,20260807,1234,394,6,0,0,0,0,809,765,13,0,0,0,0,3,32.24423502987137,130.476053,,,,,,,,,,,,,71,red,1634,1587,3221
89,,9310480,1,20260807,1157,426,0,0,0,0,0,828,792,0,0,0,0,0,3,32.21685802982958,130.428031,,,,,,,,,,,,,71,red,1583,1620,3203
89,,9310520,1,20260807,1157,172,0,0,0,0,0,851,305,0,0,0,0,0,3,32.102630029654726,130.326106,,,,,,,,,,,,,71,red,1329,1156,2485
89,,9310530,1,20260807,1424,195,0,0,0,0,0,1386,333,0,0,0,0,0,3,32.08242202962371,130.292812,,,,,,,,,,,,,71,red,1619,1719,3338
89,,9310540,1,20260807,1165,211,0,0,0,0,0,1176,312,0,0,0,0,0,3,32.07232702960822,130.26224,,,,,,,,,,,,,71,red,1376,1488,2864
89,,9310600,1,20260807,751,354,0,0,0,0,0,419,302,0,0,0,0,0,3,31.84607502925929,130.257831,,,,,,,,,,,,,71,red,1105,721,1826
89,,9310610,1,20260807,0,0,0,0,0,71,71,391,290,0,0,0,0,71,3,31.804655029195118,130.283522,,,,,,,,,,,,,71,red,0,681,681
89,,9310620,1,20260807,2214,417,0,0,0,0,0,1449,382,0,0,0,0,0,3,31.759537029125095,130.304217,,,,,,,,,,,,,71,red,2631,1831,4462
89,,9310627,1,20260807,912,286,0,0,0,0,0,1191,472,0,0,0,0,0,3,33.46078103167972,130.044889,,,,,,,,,,,,,71,red,1198,1663,2861
89,,9310630,1,20260807,916,260,0,0,0,0,0,1464,399,0,0,0,0,0,3,33.414414111612686,129.9958886,,,,,,,,,,,,,71,red,1176,1863,3039
89,,9310640,1,20260807,1247,300,0,0,0,0,0,1681,435,0,0,0,0,0,3,33.391371311579306,129.9347973,,,,,,,,,,,,,71,red,1547,2116,3663
89,,9310650,1,20260807,1215,380,0,0,0,0,0,1601,451,0,0,0,0,0,3,33.37966119156232,129.933567,,,,,,,,,,,,,71,red,1595,2052,3647
89,,9310660,1,20260807,1103,206,0,0,0,0,0,895,256,0,0,0,0,0,3,33.30074103144764,129.915058,,,,,,,,,,,,,71,red,1309,1151,2460
89,,9310710,1,20260807,0,0,0,0,0,71,71,663,282,0,0,0,0,71,3,33.323471851480726,129.8060041,,,,,,,,,,,,,71,red,0,945,945
89,,9310730,1,20260807,863,106,0,0,0,0,0,868,163,0,0,0,0,0,3,33.34824903151674,129.729277,,,,,,,,,,,,,71,red,969,1031,2000
89,,9310740,1,20260807,464,44,0,0,0,0,0,286,62,0,0,0,0,0,3,33.34295921550905,129.672585536,,,,,,,,,,,,,71,red,508,348,856
89,,9360270,1,20260807,740,222,0,0,0,0,0,631,585,0,0,0,0,0,1,32.93848103091554,131.866353,,,,,,,,,,,,,71,red,962,1216,2178
89,,9360280,1,20260807,826,257,0,0,0,0,0,604,605,0,0,0,0,0,1,32.895717030852126,131.864089,,,,,,,,,,,,,71,red,1083,1209,2292
89,,9360290,1,20260807,694,236,0,0,0,0,0,420,558,0,0,0,0,0,1,32.80165203071222,131.87728,,,,,,,,,,,,,71,red,930,978,1908
89,,9360300,1,20260807,714,243,0,0,0,0,0,417,556,0,0,0,0,0,1,32.72780503060196,131.827089,,,,,,,,,,,,,71,red,957,973,1930
89,,9360310,1,20260807,858,270,0,0,0,0,0,634,562,0,0,0,0,0,1,32.708018030572354,131.811346,,,,,,,,,,,,,71,red,1128,1196,2324
89,,9360320,1,20260807,931,289,0,0,0,0,0,629,570,0,0,0,0,0,1,32.66071403050147,131.702707,,,,,,,,,,,,,71,red,1220,1199,2419
89,,9360330,1,20260807,1022,311,0,0,0,0,0,608,600,0,0,0,0,0,3,32.67533903052341,131.725922,,,,,,,,,,,,,71,red,1333,1208,2541
89,,9360340,1,20260807,2137,568,0,0,0,0,0,1409,916,0,0,0,0,0,3,32.544601030326895,131.648426,,,,,,,,,,,,,71,red,2705,2325,5030
89,,9360350,1,20260807,854,124,0,0,0,0,0,1099,225,0,0,0,0,0,1,31.69283102902137,131.379337,,,,,,,,,,,,,71,red,978,1324,2302
89,,9360360,1,20260807,902,135,0,0,0,0,0,938,211,0,0,0,0,0,1,31.626655028918243,131.387644,,,,,,,,,,,,,71,red,1037,1149,2186
89,,9360380,1,20260807,452,107,0,0,0,0,0,481,125,0,0,0,0,0,1,31.48338302869418,131.081995,,,,,,,,,,,,,71,red,559,606,1165
89,,9360385,1,20260807,746,203,0,0,0,0,0,561,198,0,0,0,0,0,1,31.46605602866702,131.053459,,,,,,,,,,,,,71,red,949,759,1708
89,,9360390,1,20260807,730,186,0,0,0,0,0,530,149,0,0,0,0,0,1,31.445310028634466,130.99415,,,,,,,,,,,,,71,red,916,679,1595
89,,9360400,1,20260807,802,338,0,0,0,0,0,1158,297,0,0,0,0,0,1,31.466282028667365,130.90009,,,,,,,,,,,,,71,red,1140,1455,2595
89,,9360410,1,20260807,726,336,0,0,0,0,0,857,279,0,0,0,0,0,1,31.521020028753135,130.93081,,,,,,,,,,,,,71,red,1062,1136,2198
89,,9360420,1,20260807,708,344,0,0,0,0,0,705,246,0,0,0,0,0,1,31.615248748900434,130.9538662,,,,,,,,,,,,,71,red,1052,951,2003
89,,9360430,1,20260807,686,129,0,0,0,0,0,978,261,0,0,0,0,0,1,32.749633030634584,130.866625,,,,,,,,,,,,,71,red,815,1239,2054
89,,9360440,1,20260807,742,132,0,0,0,0,0,1062,252,0,0,0,0,0,1,32.741409030622286,130.89194,,,,,,,,,,,,,71,red,874,1314,2188
89,,9360443,1,20260807,697,118,0,0,0,0,0,940,238,0,0,0,0,0,1,32.73097603060669,130.938429,,,,,,,,,,,,,71,red,815,1178,1993
89,,9360465,1,20260807,901,246,0,0,0,0,0,609,359,0,0,0,0,0,3,32.69277003054952,131.345815,,,,,,,,,,,,,71,red,1147,968,2115
89,,9360467,1,20260807,887,268,0,0,0,0,0,629,377,0,0,0,0,0,3,32.67691003052576,131.36226,,,,,,,,,,,,,71,red,1155,1006,2161
89,,9360470,1,20260807,967,283,0,0,0,0,0,637,372,0,0,0,0,0,3,32.587591030391636,131.509484,,,,,,,,,,,,,71,red,1250,1009,2259
90,,10110010,1,20260807,258,13,0,0,0,0,0,221,8,0,0,0,0,0,3,26.525846020561954,127.924665,,,,,,,,,,,,,71,red,271,229,500
90,,10110030,1,20260807,1001,4,0,0,0,0,0,1155,3,0,0,0,0,0,3,26.27496950463181,127.741287946701,,,,,,,,,,,,,71,red,1005,1158,2163
90,,10110040,1,20260807,210,5,0,0,0,0,0,206,6,0,0,0,0,0,3,26.47501802047749,127.955092,,,,,,,,,,,,,71,red,215,212,427
90,,10110060,1,20260807,569,28,0,0,0,0,0,558,28,0,0,0,0,0,3,26.28023651673024,127.81364321708601,,,,,,,,,,,,,71,red,597,586,1183
90,,10110070,1,20260807,641,33,0,0,0,0,0,571,7,0,0,0,0,0,3,26.200277295979053,127.66189455985999,,,,,,,,,,,,,71,red,674,578,1252
90,,10110090,1,20260807,26,22,0,0,0,0,0,49,76,0,0,0,0,0,3,26.1754430532393,127.706499695777,,,,,,,,,,,,,71,red,48,125,173
81,02,1810010,1,20260807,822,417,0,,,,,0,3,0,,,,,3,41.996809040234545,140.63609,,,0,0,0,0,0,0,0,0,0,0,71,blue,1239,3,1242
81,02,1810020,1,20260807,878,285,0,,,,,1501,513,0,,,,,3,42.079752040271956,140.596961,,,0,0,0,0,0,0,0,0,0,0,71,blue,1163,2014,3177
81,02,1810030,1,20260807,,,,,,,,,,,,,,,3,42.18194404031664,140.438889,,,1,0,0,0,0,0,0,0,0,0,71,blue,0,0,0
81,02,1810040,1,20260807,,,,,,,,,,,,,,,3,42.21583304033111,140.385,,,1,0,0,0,0,0,0,0,0,0,71,blue,0,0,0
81,02,1810050,1,20260807,,,,,,,,,,,,,,,3,42.29972204036625,140.271667,,,1,0,0,0,0,0,0,0,0,1,71,blue,0,0,0
81,03,1810060,1,20260807,178,43,0,,,,,148,47,0,,,,,3,42.70250004052043,140.42222,,,0,0,0,0,0,0,0,0,0,0,71,blue,221,195,416
81,03,1810070,1,20260807,414,65,0,,,,,375,95,0,,,,,3,42.805277040555936,140.52666,,,0,0,0,0,0,0,0,0,0,0,71,blue,479,470,949
81,03,1810080,1,20260807,251,113,0,,,,,107,53,0,,,,,3,42.79952604055398,140.700552,,,0,0,0,0,0,0,0,0,0,39,71,blue,364,160,524
81,03,1810100,1,20260807,,,,,,,,,,,,,,,3,43.037777040630445,140.678611,,,1,0,0,0,0,0,0,0,0,0,71,blue,0,0,0
81,03,1810110,1,20260807,1444,234,0,,,,,1282,223,0,,,,,3,43.20720804067966,140.975798,,,0,0,0,0,0,0,0,0,0,0,71,blue,1678,1505,3183
81,03,1810120,1,20260807,3283,403,0,,,,,2703,381,0,,,,,3,43.177556040671355,141.041001,,,0,0,0,0,0,0,0,0,0,0,71,blue,3686,3084,6770
81,02,1810130,1,20260807,1532,240,0,,,,,2942,327,0,,,,,3,41.88166704018098,140.720833,,,0,0,0,0,0,0,0,0,0,0,71,blue,1772,3269,5041
81,02,1810140,1,20260807,357,129,0,,,,,1573,204,0,,,,,3,41.922053040199984,140.673037,,,0,0,0,0,0,0,0,0,0,0,71,blue,486,1777,2263
81,01,1810160,1,20260807,553,187,0,,,,,543,153,0,,,,,3,43.575214040771755,141.936064,,,0,0,0,0,0,0,0,0,0,0,71,blue,740,696,1436
81,04,1810180,1,20260807,1529,489,0,,,,,1006,697,0,,,,,3,43.75523899023857,142.273832256632,,,0,0,0,0,0,0,0,0,0,0,71,blue,2018,1703,3721
81,01,1810200,1,20260807,2974,538,0,,,,,3647,529,0,,,,,3,42.92800104059627,141.532244,,,0,0,0,0,0,0,0,0,0,1,71,blue,3512,4176,7688
81,01,1810210,1,20260807,1770,430,0,,,,,641,264,0,,,,,3,42.86212604057491,141.599922,,,0,0,0,0,0,0,0,0,0,0,71,blue,2200,905,3105
81,05,1810220,1,20260807,2628,1122,0,,,,,2360,741,0,,,,,3,42.736385040532305,141.709144,,,0,0,0,0,0,0,0,0,0,0,71,blue,3750,3101,6851
81,05,1810240,1,20260807,1435,307,0,,,,,965,280,0,,,,,3,42.44474904042452,141.159993,,,0,0,0,0,0,0,0,0,0,0,71,blue,1742,1245,2987
81,05,1810250,1,20260807,1951,106,0,,,,,3311,129,0,,,,,3,42.32896604037825,140.996368,,,0,0,0,0,0,0,0,0,0,0,71,blue,2057,3440,5497
81,02,1810260,1,20260807,323,113,0,,,,,498,92,0,,,,,3,42.59861104048294,140.461667,,,0,0,0,0,0,0,0,0,0,0,71,blue,436,590,1026
81,05,1810270,1,20260807,323,148,0,,,,,323,130,0,,,,,3,42.59319704048096,140.520753,,,0,0,0,0,0,0,0,0,0,0,71,blue,471,453,924
81,05,1810280,1,20260807,334,153,0,,,,,329,121,0,,,,,3,42.59372804048115,140.535945,,,0,0,0,0,0,0,0,0,0,0,71,blue,487,450,937
81,05,1810290,1,20260807,1,0,0,,,,,294,81,0,,,,,3,42.56267604046962,140.742626,,,0,0,0,0,0,0,0,0,0,0,71,blue,1,375,376
81,01,1810310,1,20260807,,,,,,,,,,,,,,,3,43.57408404077149,141.983838,,,1,,,,,,,,,,71,blue,0,0,0
81,01,1810320,1,20260807,,,,,,,,,,,,,,,3,43.47080004074768,142.266721,,,1,,,,,,,,,,71,blue,0,0,0
81,04,1810350,1,20260807,135,75,0,,,,,228,70,0,,,,,3,43.197272411385796,142.57548514343702,,,0,0,0,0,0,0,0,0,0,22,71,blue,210,298,508
81,07,1810360,1,20260807,160,85,0,,,,,99,78,0,,,,,3,43.15712704066555,142.786825,,,0,0,0,0,0,0,0,0,0,0,71,blue,245,177,422
81,07,1810370,1,20260807,259,204,0,,,,,388,182,0,,,,,3,42.814306040558975,143.51125,,,0,0,0,0,0,0,0,0,0,0,71,blue,463,570,1033
81,07,1810380,1,20260807,,,,,,,,,,,,,,,3,42.82083104056116,143.71063,,,1,0,0,0,0,0,0,0,0,0,71,blue,0,0,0
81,06,1810390,1,20260807,,,,,,,,,,,,,,,3,42.86448904057567,143.874907,,,1,0,0,0,0,0,0,0,0,0,71,blue,0,0,0
81,06,1810400,1,20260807,,,,,,,,,,,,,,,3,43.00508004062045,144.254672,,,1,0,0,0,0,0,0,0,0,0,71,blue,0,0,0
81,06,1810410,1,20260807,,,,,,,,,,,,,,,3,43.0195510406249,144.257695,,,1,0,0,0,0,0,0,0,0,0,71,blue,0,0,0
81,06,1810420,1,20260807,1268,76,0,,,,,1560,103,0,,,,,3,43.00768404062126,144.364725,,,0,0,0,0,0,0,0,0,0,0,71,blue,1344,1663,3007
81,04,1810430,1,20260807,188,48,0,,,,,382,115,0,,,,,3,43.89533772001418,142.522262332469,,,0,0,0,0,0,0,0,0,0,0,71,blue,236,497,733
81,08,1810460,1,20260807,,,,,,,,,,,,,,,3,43.88484504083343,144.001818,,,1,0,0,0,0,0,0,0,0,17,71,blue,0,0,0
81,08,1810480,1,20260807,,,,,,,,,,,,,,,3,43.91366204083846,144.156572,,,1,0,0,0,0,0,0,0,0,10,71,blue,0,0,0
81,04,1810490,1,20260807,549,166,0,,,,,784,423,0,,,,,3,43.84734151228824,142.449476813803,,,0,0,0,0,0,0,0,0,0,1,71,blue,715,1207,1922
81,04,1810500,1,20260807,452,91,0,,,,,425,246,0,,,,,3,44.091634905591874,142.391293207353,,,0,0,0,0,0,0,0,0,0,1,71,blue,543,671,1214
81,04,1810510,1,20260807,229,54,0,,,,,162,90,0,,,,,3,44.70483751674948,142.274019195489,,,0,0,0,0,0,16,16,0,0,11,71,blue,283,252,535
81,04,1810520,1,20260807,6,1,0,,,,,19,6,0,,,,,3,44.72277804092767,142.249444,,,0,0,0,0,0,0,0,0,0,37,71,blue,7,25,32
81,09,1810530,1,20260807,202,111,0,,,,,86,124,0,,,,,3,44.89642004093388,141.953541,,,0,0,0,0,0,0,0,0,0,0,71,blue,313,210,523
81,10,1810540,1,20260807,0,0,0,,,,,22,23,0,,,,,3,45.02095404093553,141.771843,,,0,0,0,0,0,0,0,0,0,0,71,blue,0,45,45
81,10,1810550,1,20260807,158,41,0,,,,,101,12,0,,,,,3,45.1450290409348,141.751626,,,0,0,0,0,0,0,0,0,0,9,71,blue,199,113,312
81,10,1810560,1,20260807,,,,,,,,,,,,,,,3,45.22646604093306,141.745387,,,1,,,,,,,,,,71,blue,0,0,0
81,10,1810570,1,20260807,294,75,0,,,,,132,54,0,,,,,3,45.11301904093522,141.794418,,,0,0,0,0,0,0,0,0,0,0,71,blue,369,186,555
81,06,1810580,1,20260807,1002,50,0,,,,,1665,96,0,,,,,3,42.9878210406151,144.393418,,,0,0,0,0,0,0,0,0,0,0,71,blue,1052,1761,2813
81,06,1810590,1,20260807,,,,,,,,,,,,,,,3,43.05774504063647,144.791279,,,1,0,0,0,0,0,0,0,0,0,71,blue,0,0,0
81,06,1810600,1,20260807,670,148,0,,,,,787,214,0,,,,,3,43.05804004063655,144.830749,,,0,0,0,0,0,0,0,0,0,0,71,blue,818,1001,1819
81,06,1810610,1,20260807,,,,,,,,,,,,,,,3,43.282406040700124,145.50731400000004,,,1,0,0,0,0,0,0,0,0,0,71,blue,0,0,0
81,02,1810620,1,20260807,235,61,0,,,,,376,202,0,,,,,3,41.95083004021339,140.45583300000004,,,0,0,0,0,0,0,0,0,0,0,71,blue,296,578,874
81,02,1810630,1,20260807,422,58,0,,,,,500,53,0,,,,,3,41.77072204012754,140.613139,,,0,0,0,0,0,0,0,0,0,0,71,blue,480,553,1033
81,02,1810640,1,20260807,,,,,,,,,,,,,,,3,41.666445040075686,140.434972,,,1,0,0,0,0,0,0,0,0,0,71,blue,0,0,0
81,02,1810650,1,20260807,519,73,0,,,,,817,75,0,,,,,3,41.624898040054596,140.429715,,,0,0,0,0,0,0,0,0,0,0,71,blue,592,892,1484
81,02,1810660,1,20260807,315,27,0,,,,,248,60,0,,,,,3,41.49941703998935,140.249306,,,0,0,0,0,0,0,0,0,0,0,71,blue,342,308,650
81,02,1810670,1,20260807,,,,,,,,,,,,,,,3,41.40202103993715,140.185625,,,1,0,0,0,0,0,0,0,0,0,71,blue,0,0,0
81,02,1810680,1,20260807,251,76,0,,,,,283,31,0,,,,,3,41.43166703995318,140.128056,,,0,0,0,0,0,0,0,0,0,0,71,blue,327,314,641
81,02,1810690,1,20260807,108,30,0,,,,,107,29,0,,,,,3,41.71166704009836,140.027778,,,0,0,0,0,0,0,0,0,0,0,71,blue,138,136,274
81,02,1810700,1,20260807,371,147,0,,,,,586,96,0,,,,,3,41.84777804016484,140.12472200000002,,,0,0,0,0,0,0,0,0,0,0,71,blue,518,682,1200
81,02,1810710,1,20260807,,,,,,,,,,,,,,,3,41.84277804016245,140.732222,,,1,0,0,0,0,2,2,0,0,0,71,blue,0,0,0
81,02,1810720,1,20260807,382,26,0,,,,,798,50,0,,,,,3,41.83613904015928,140.64875,,,0,0,0,0,0,0,0,0,0,0,71,blue,408,848,1256
81,02,1810730,1,20260807,371,64,0,,,,,905,117,0,,,,,3,41.78055604013235,140.61055600000003,,,0,0,0,0,0,0,0,0,0,0,71,blue,435,1022,1457
81,03,1810750,1,20260807,328,70,0,,,,,607,63,0,,,,,3,43.2287050406856,140.73446400000003,,,0,0,0,0,0,0,0,0,0,0,71,blue,398,670,1068
81,03,1810760,1,20260807,203,33,0,,,,,335,66,0,,,,,3,43.280277040699566,140.6375,,,0,0,0,0,0,0,0,0,0,0,71,blue,236,401,637
81,03,1810780,1,20260807,62,12,0,,,,,101,14,0,,,,,3,43.328914040712355,140.422613,,,0,0,0,0,0,0,0,0,0,0,71,blue,74,115,189
81,03,1810790,1,20260807,42,7,0,,,,,34,2,0,,,,,3,43.19878704067732,140.346959,,,0,0,0,0,0,0,0,0,0,0,71,blue,49,36,85
81,03,1810800,1,20260807,316,50,0,,,,,432,50,0,,,,,3,43.04480504063257,140.505833,,,0,0,0,0,0,0,0,0,0,0,71,blue,366,482,848
81,03,1810810,1,20260807,,,,,,,,,,,,,,,3,43.02277704062587,140.548333,,,1,,,,,,,,,,71,blue,0,0,0
81,03,1810820,1,20260807,1549,431,0,,,,,591,285,0,,,,,3,42.99750304061811,140.538303,,,0,0,0,0,0,0,0,0,0,0,71,blue,1980,876,2856
81,03,1810830,1,20260807,678,122,0,,,,,440,107,0,,,,,3,42.981000040613,140.511333,,,0,0,0,0,0,0,0,0,0,0,71,blue,800,547,1347
81,03,1810840,1,20260807,272,107,0,,,,,0,0,0,,,,,3,42.93163404059743,140.409415,,,0,0,0,0,0,0,0,0,0,0,71,blue,379,0,379
81,03,1810850,1,20260807,216,77,0,,,,,190,80,0,,,,,3,42.83094404056455,140.308974,,,0,0,0,0,0,0,0,0,0,0,71,blue,293,270,563
81,03,1810860,1,20260807,0,0,0,,,,,185,70,0,,,,,3,42.818297040560324,140.184051,,,0,0,0,0,0,0,0,0,0,0,71,blue,0,255,255
81,03,1810870,1,20260807,28,11,0,,,,,34,7,0,,,,,3,42.68444404051404,139.919444,,,0,0,0,0,0,0,0,0,0,0,71,blue,39,41,80
81,02,1810880,1,20260807,24,4,0,,,,,20,0,0,,,,,3,42.57583304047453,139.832222,,,0,0,0,0,0,0,0,0,0,0,71,blue,28,20,48
81,02,1810890,1,20260807,59,9,0,,,,,60,14,0,,,,,3,42.17250004031257,139.899444,,,0,0,0,0,0,0,0,0,0,0,71,blue,68,74,142
81,02,1810900,1,20260807,69,12,0,,,,,82,14,0,,,,,3,42.21750004033183,139.868333,,,0,0,0,0,0,0,0,0,0,0,71,blue,81,96,177
81,02,1810910,1,20260807,,,,,,,,,,,,,,,3,42.11918804028937,140.016837,,,1,0,0,0,0,0,0,0,0,0,71,blue,0,0,0
81,02,1810920,1,20260807,364,55,0,,,,,349,59,0,,,,,3,41.97324904022374,140.139624,,,0,0,0,0,0,0,0,0,0,0,71,blue,419,408,827
81,01,1810940,1,20260807,,,,,,,,,,,,,,,3,43.001256040619275,141.339621,,,1,0,0,0,0,0,0,0,0,1,71,blue,0,0,0
81,01,1810950,1,20260807,,,,,,,,,,,,,,,3,42.999192040618645,141.337588,,,1,0,0,0,0,0,0,0,0,0,71,blue,0,0,0
81,01,1810960,1,20260807,276,57,0,,,,,1031,161,0,,,,,3,42.9536270406044,141.151206,,,0,0,0,0,0,0,0,0,0,4,71,blue,333,1192,1525
81,01,1810970,1,20260807,,,,,,,,,,,,,,,3,42.883263040581824,141.139985,,,1,,,,,,,,,,71,blue,0,0,0
81,03,1810980,1,20260807,,,,,,,,,,,,,,,3,42.69444404051758,140.839722,,,1,0,0,0,0,0,0,0,0,41,71,blue,0,0,0
81,01,1811010,1,20260807,818,353,0,,,,,2464,285,0,,,,,3,43.161847040666906,141.353771,,,0,0,0,0,0,0,0,0,0,7,71,blue,1171,2749,3920
81,01,1811020,1,20260807,,,,,,,,,,,,,,,3,43.183375040672985,141.323859,,,1,0,0,0,0,0,0,0,0,0,71,blue,0,0,0
81,01,1811030,1,20260807,,,,,,,,,,,,,,,3,43.22320404068409,141.345058,,,1,0,0,0,0,0,0,0,0,0,71,blue,0,0,0
81,01,1811040,1,20260807,190,37,0,,,,,441,50,0,,,,,3,43.39904804073019,141.436259,,,0,0,0,0,0,0,0,0,0,2,71,blue,227,491,718
81,09,1811050,1,20260807,,,,,,,,,,,,,,,3,43.75429004080918,141.350733,,,1,0,0,0,0,0,0,0,0,0,71,blue,0,0,0
81,09,1811060,1,20260807,,,,,,,,,,,,,,,3,44.96648604093511,141.761931,,,1,0,0,0,0,0,0,0,0,0,71,blue,0,0,0
81,09,1811080,1,20260807,,,,,,,,,,,,,,,3,44.80492204093118,141.785854,,,1,0,0,0,0,0,0,0,0,0,71,blue,0,0,0
81,09,1811090,1,20260807,,,,,,,,,,,,,,,3,44.64226604092325,141.79398,,,1,0,0,0,0,0,0,0,0,0,71,blue,0,0,0
81,09,1811110,1,20260807,,,,,,,,,,,,,,,3,44.37405804090138,141.71125400000003,,,1,0,0,0,0,0,0,0,0,3,71,blue,0,0,0
81,09,1811120,1,20260807,163,61,0,,,,,450,105,0,,,,,3,44.255796040888285,141.656338,,,0,0,0,0,0,0,0,0,0,1,71,blue,224,555,779
81,09,1811130,1,20260807,,,,,,,,,,,,,,,3,44.07063104086351,141.663029,,,1,0,0,0,0,0,0,0,0,0,71,blue,0,0,0
81,09,1811150,1,20260807,460,189,0,,,,,486,162,0,,,,,3,43.94678404084405,141.651833,,,0,0,0,0,0,0,0,0,0,0,71,blue,649,648,1297
81,09,1811160,1,20260807,,,,,,,,,,,,,,,3,43.832161040823955,141.829941,,,1,0,0,0,0,0,0,0,0,1,71,blue,0,0,0
81,09,1811170,1,20260807,,,,,,,,,,,,,,,3,43.849231040827085,141.814442,,,1,0,0,0,0,0,0,0,0,2,71,blue,0,0,0
81,09,1811180,1,20260807,116,40,0,,,,,59,28,0,,,,,3,43.874433040831605,141.738524,,,0,0,0,0,0,0,0,0,0,0,71,blue,156,87,243
81,09,1811190,1,20260807,360,77,0,,,,,107,71,0,,,,,3,43.91902504083936,141.685028,,,0,0,0,0,0,0,0,0,0,0,71,blue,437,178,615
81,09,1811200,1,20260807,432,136,0,,,,,323,180,0,,,,,3,43.887433040833905,141.711544,,,0,0,0,0,0,0,0,0,0,2,71,blue,568,503,1071
81,01,1811210,1,20260807,,,,,,,,,,,,,,,3,43.19164404067532,141.764248,,,1,,,,,,,,,,71,blue,0,0,0
81,01,1811220,1,20260807,181,295,0,,,,,302,194,0,,,,,3,42.898883040586895,141.813884,,,0,0,0,0,0,0,0,0,0,9,71,blue,476,496,972
81,05,1811230,1,20260807,313,374,0,,,,,371,368,0,,,,,3,42.885113040582425,141.812065,,,0,0,0,0,0,0,0,0,0,0,71,blue,687,739,1426
81,05,1811240,1,20260807,381,324,0,,,,,435,293,0,,,,,3,42.76319504054159,141.812586,,,0,0,0,0,0,0,0,0,0,0,71,blue,705,728,1433
81,05,1811250,1,20260807,,,,,,,,,,,,,,,3,42.55317704046606,141.981715,,,1,0,0,0,0,0,0,0,0,31,71,blue,0,0,0
81,05,1811260,1,20260807,781,159,0,,,,,1082,150,0,,,,,3,42.16916704031112,142.768611,,,0,0,0,0,0,0,0,0,0,0,71,blue,940,1232,2172
81,05,1811270,1,20260807,567,182,0,,,,,553,243,0,,,,,3,42.50615204044825,142.070834,,,0,0,0,0,0,0,0,0,0,0,71,blue,749,796,1545
81,07,1811280,1,20260807,211,50,0,,,,,43,21,0,,,,,3,42.58422604047764,143.30053,,,0,0,0,0,0,0,0,0,0,0,71,blue,261,64,325
81,07,1811290,1,20260807,39,35,0,,,,,37,23,0,,,,,3,42.3768230403976,143.061454,,,0,0,0,0,0,17,17,0,0,0,71,blue,74,60,134
81,04,1811320,1,20260807,788,185,0,,,,,1124,338,0,,,,,3,43.60527804077837,142.469167,,,0,0,0,0,0,0,0,0,0,1,71,blue,973,1462,2435
81,04,1811330,1,20260807,576,132,0,,,,,893,254,0,,,,,3,43.560996966472565,142.4353437615,,,0,0,0,0,0,0,0,0,0,1,71,blue,708,1147,1855
81,08,1811370,1,20260807,40,43,0,,,,,57,32,0,,,,,3,44.09975304086775,143.867897,,,0,0,0,0,0,0,0,0,0,35,71,blue,83,89,172
81,08,1811380,1,20260807,215,91,0,,,,,193,105,0,,,,,3,44.12070404087072,143.72058,,,0,0,0,0,0,0,0,0,0,26,71,blue,306,298,604
81,08,1811390,1,20260807,382,120,0,,,,,507,147,0,,,,,3,44.364948040900465,143.334896,,,0,0,0,0,0,0,0,0,0,0,71,blue,502,654,1156
81,10,1811400,1,20260807,137,44,0,,,,,100,35,0,,,,,3,44.77764204093013,142.721902,,,0,0,0,0,0,0,0,0,0,3,71,blue,181,135,316
81,10,1811410,1,20260807,162,109,0,,,,,92,81,0,,,,,3,45.361691040927944,142.122166,,,0,0,0,0,0,0,0,0,0,0,71,blue,271,173,444
81,10,1811420,1,20260807,0,0,0,,,,,342,44,0,,,,,3,45.43710504092389,141.862347,,,0,0,0,0,0,0,0,0,0,12,71,blue,0,386,386
81,08,1811430,1,20260807,71,29,0,,,,,100,36,0,,,,,3,44.40500204090447,143.017708,,,0,0,0,0,0,0,0,0,0,0,71,blue,100,136,236
81,04,1811440,1,20260807,66,42,0,,,,,47,17,0,,,,,3,44.31599186248862,142.78318613417,,,0,0,0,0,0,0,0,0,0,18,71,blue,108,64,172
81,04,1811450,1,20260807,47,10,0,,,,,189,36,0,,,,,3,44.18218514890566,142.3067879962,,,0,0,0,0,0,0,0,0,0,2,71,blue,57,225,282
81,09,1811460,1,20260807,,,,,,,,,,,,,,,3,44.20144804088155,142.034387,,,1,0,0,0,0,0,0,0,0,0,71,blue,0,0,0
81,06,1811490,1,20260807,,,,,,,,,,,,,,,3,43.28312104070033,144.106479,,,1,0,0,0,0,0,0,0,0,0,71,blue,0,0,0
81,06,1811500,1,20260807,55,77,0,,,,,64,142,0,,,,,3,43.45847504074473,144.008366,,,0,0,0,0,0,0,0,0,0,0,71,blue,132,206,338
81,08,1811520,1,20260807,577,136,0,,,,,524,89,0,,,,,3,44.16231304087643,143.57881,,,0,0,0,0,0,0,0,0,0,0,71,blue,713,613,1326
81,08,1811530,1,20260807,723,173,0,,,,,468,81,0,,,,,3,44.13401504087257,143.561357,,,0,0,0,0,0,0,0,0,0,0,71,blue,896,549,1445
81,08,1811540,1,20260807,,,,,,,,,,,,,,,3,43.81153304082013,143.553741,,,1,0,0,0,0,0,0,0,0,6,71,blue,0,0,0
81,07,1811550,1,20260807,12,25,0,,,,,12,20,0,,,,,3,43.614803040780444,143.623559,,,0,0,0,0,0,0,0,0,0,0,71,blue,37,32,69
81,07,1811560,1,20260807,507,170,0,,,,,292,132,0,,,,,3,42.950446040603396,143.426823,,,0,0,0,0,0,0,0,0,0,0,71,blue,677,424,1101
81,07,1811570,1,20260807,65,37,0,,,,,918,206,0,,,,,3,42.91920004059345,143.382799,,,0,0,0,0,0,0,0,0,0,0,71,blue,102,1124,1226
81,06,1811580,1,20260807,0,0,0,,,,,54,14,0,,,,,3,43.65168204078832,144.260814,,,0,0,0,0,0,0,0,0,0,0,71,blue,0,68,68
81,06,1811590,1,20260807,104,42,0,,,,,121,75,0,,,,,3,43.48222204075039,144.542778,,,0,0,0,0,0,0,0,0,0,0,71,blue,146,196,342
81,06,1811600,1,20260807,,,,,,,,,,,,,,,3,43.415912040734376,144.740463,,,1,0,0,0,0,0,0,0,0,0,71,blue,0,0,0
81,08,1811610,1,20260807,409,110,0,,,,,660,94,0,,,,,3,43.96614504084723,144.326697,,,0,0,0,0,0,0,0,0,0,0,71,blue,519,754,1273
81,08,1811620,1,20260807,273,71,0,,,,,232,70,0,,,,,3,43.91012304083783,144.542023,,,0,0,0,0,0,0,0,0,0,0,71,blue,344,302,646
81,08,1811630,1,20260807,,,,,,,,,,,,,,,3,43.888827040834144,144.736391,,,1,0,0,0,0,0,0,0,0,13,71,blue,0,0,0
81,06,1811640,1,20260807,,,,,,,,,,,,,,,3,43.73179504080475,144.960789,,,1,0,0,0,0,0,0,0,0,0,71,blue,0,0,0
81,06,1811650,1,20260807,41,6,0,,,,,30,17,0,,,,,3,43.69435704079721,145.112266,,,0,0,0,0,0,0,0,0,0,0,71,blue,47,47,94
81,06,1811660,1,20260807,,,,,,,,,,,,,,,3,43.37687304072465,145.283748,,,1,0,0,0,0,0,0,0,0,0,71,blue,0,0,0
81,06,1811670,1,20260807,,,,,,,,,,,,,,,3,43.225599040684756,144.69552000000002,,,1,0,0,0,0,0,0,0,0,0,71,blue,0,0,0
81,06,1811680,1,20260807,290,82,0,,,,,178,150,0,,,,,3,43.384169040726476,144.866826,,,0,0,0,0,0,0,0,0,0,0,71,blue,372,328,700
81,06,1811690,1,20260807,,,,,,,,,,,,,,,3,43.60985404077937,145.077277,,,1,0,0,0,0,0,0,0,0,0,71,blue,0,0,0
81,07,1811700,1,20260807,67,26,0,,,,,123,26,0,,,,,3,43.353586040718724,143.261308,,,0,0,0,0,0,0,0,0,0,0,71,blue,93,149,242
81,07,1811710,1,20260807,44,30,0,,,,,36,16,0,,,,,3,43.571286040770886,143.120781,,,0,0,0,0,0,0,0,0,0,1,71,blue,74,52,126
81,04,1811730,1,20260807,68,20,0,,,,,47,52,0,,,,,3,43.909246029716684,142.97348513542,,,0,0,0,0,0,0,0,0,0,1,71,blue,88,99,187
81,04,1811740,1,20260807,52,18,0,,,,,36,31,0,,,,,3,43.9388162846136,142.945802727953,,,0,0,0,0,0,0,0,0,0,20,71,blue,70,67,137
81,01,1811750,1,20260807,372,402,0,,,,,1188,483,0,,,,,3,42.98946404061562,141.609539,,,0,0,0,0,0,0,0,0,0,1,71,blue,774,1671,2445
81,01,1811760,1,20260807,231,159,0,,,,,462,198,0,,,,,3,42.94269504060095,141.76061,,,0,0,0,0,0,0,0,0,0,1,71,blue,390,660,1050
81,01,1811770,1,20260807,144,127,0,,,,,313,145,0,,,,,3,42.950353040603375,141.802672,,,0,0,0,0,0,0,0,0,0,0,71,blue,271,458,729
81,01,1811780,1,20260807,,,,,,,,,,,,,,,3,42.91325204059154,141.966963,,,1,0,0,0,0,0,0,0,0,2,71,blue,0,0,0
81,01,1811790,1,20260807,,,,,,,,,,,,,,,3,42.92852504059643,142.063994,,,1,0,0,0,0,0,0,0,0,0,71,blue,0,0,0
81,05,1811800,1,20260807,136,183,0,,,,,120,175,0,,,,,3,42.9641030406077,142.63981100000004,,,0,0,0,0,0,0,0,0,0,0,71,blue,319,295,614
81,01,1811810,1,20260807,604,250,0,,,,,772,230,0,,,,,3,43.18243804067272,141.523454,,,0,0,0,0,0,0,0,0,0,16,71,blue,854,1002,1856
81,01,1811830,1,20260807,287,107,0,,,,,283,126,0,,,,,3,43.54600104076516,141.884426,,,0,0,0,0,0,0,0,0,0,1,71,blue,394,409,803
81,01,1811840,1,20260807,146,65,0,,,,,222,60,0,,,,,3,43.71586004080156,141.885874,,,0,0,0,0,0,0,0,0,0,5,71,blue,211,282,493
81,01,1811850,1,20260807,48,22,0,,,,,72,18,0,,,,,3,43.76892104081203,141.884179,,,0,0,0,0,0,0,0,0,0,4,71,blue,70,90,160
81,01,1811860,1,20260807,78,24,0,,,,,91,27,0,,,,,3,43.80589304081908,141.905599,,,0,0,0,0,0,0,0,0,0,1,71,blue,102,118,220
81,01,1811870,1,20260807,28,18,0,,,,,51,30,0,,,,,3,43.917356040839074,142.125632,,,0,0,0,0,0,0,0,0,0,7,71,blue,46,81,127
81,04,1811880,1,20260807,72,13,0,,,,,28,34,0,,,,,3,44.74113379582216,142.253439072174,,,0,0,0,0,0,0,0,0,0,25,71,blue,85,62,147
81,10,1811890,1,20260807,109,18,0,,,,,50,40,0,,,,,3,44.820303040931734,142.284138,,,0,0,0,0,0,0,0,0,0,0,71,blue,127,90,217
81,10,1811900,1,20260807,69,8,0,,,,,45,17,0,,,,,3,45.044884040935564,142.315271,,,0,0,0,0,0,0,0,0,0,33,71,blue,77,62,139
81,10,1811910,1,20260807,147,26,0,,,,,68,23,0,,,,,3,45.10820204093526,142.363773,,,0,0,0,0,0,0,0,0,0,25,71,blue,173,91,264
81,03,1811920,1,20260807,271,162,0,,,,,386,155,0,,,,,3,42.98635304061466,140.606197,,,0,0,0,0,0,0,0,0,0,0,71,blue,433,541,974
81,03,1811930,1,20260807,205,82,0,,,,,157,51,0,,,,,3,42.88083304058103,140.878055,,,0,0,0,0,0,0,0,0,0,37,71,blue,287,208,495
81,03,1811940,1,20260807,113,179,0,,,,,166,72,0,,,,,3,42.80440904055563,140.891961,,,0,0,0,0,0,0,0,0,0,15,71,blue,292,238,530
81,03,1811950,1,20260807,98,42,0,,,,,80,75,0,,,,,3,42.75773904053971,141.013347,,,0,0,0,0,0,0,0,0,0,38,71,blue,140,155,295
81,01,1811980,1,20260807,,,,,,,,,,,,,,,3,42.71955604052643,141.252074,,,1,0,0,0,0,0,0,0,0,4,71,blue,0,0,0
81,01,1811990,1,20260807,276,174,0,,,,,30,25,0,,,,,3,42.74221004053433,141.402953,,,0,0,0,0,0,0,0,0,0,1,71,blue,450,55,505
81,02,1812000,1,20260807,,,,,,,,,,,,,,,3,42.1695560403113,140.052167,,,1,0,0,0,0,0,0,0,0,0,71,blue,0,0,0
81,02,1812010,1,20260807,711,62,0,,,,,486,76,0,,,,,3,41.76194404012323,140.856944,,,0,0,0,0,0,0,0,0,0,0,71,blue,773,562,1335
81,02,1812020,1,20260807,,,,,,,,,,,,,,,3,41.714722040099886,140.9975,,,1,0,0,0,0,0,0,0,0,0,71,blue,0,0,0
81,02,1812030,1,20260807,84,14,0,,,,,69,13,0,,,,,3,41.87888904017965,141.092222,,,0,0,0,0,0,0,0,0,0,0,71,blue,98,82,180
81,02,1812040,1,20260807,147,67,0,,,,,160,36,0,,,,,3,41.9566670402161,140.928611,,,0,0,0,0,0,0,0,0,0,0,71,blue,214,196,410
81,02,1812050,1,20260807,86,50,0,,,,,141,22,0,,,,,3,42.013056040241956,140.853611,,,0,0,0,0,0,0,0,0,0,0,71,blue,136,163,299
81,02,1812060,1,20260807,161,36,0,,,,,46,8,0,,,,,3,42.042500040255284,140.813056,,,0,0,0,0,0,0,0,0,0,0,71,blue,197,54,251
81,02,1812070,1,20260807,210,37,0,,,,,163,49,0,,,,,3,42.12805604029326,140.711389,,,0,0,0,0,0,0,0,0,0,0,71,blue,247,212,459
81,02,1812080,1,20260807,417,54,0,,,,,426,59,0,,,,,3,42.118611040289125,140.632778,,,0,0,0,0,0,0,0,0,0,0,71,blue,471,485,956
81,06,1812090,1,20260807,,,,,,,,,,,,,,,3,43.89994004083609,145.099582,,,1,0,0,0,0,0,0,0,0,0,71,blue,0,0,0
81,05,1812130,1,20260807,81,13,0,,,,,105,28,0,,,,,3,42.02778604024864,143.231184,,,0,0,0,0,0,0,0,0,0,0,71,blue,94,133,227
81,07,1812150,1,20260807,49,17,0,,,,,54,11,0,,,,,3,42.16205004030805,143.324722,,,0,0,0,0,0,0,0,0,0,0,71,blue,66,65,131
81,07,1812160,1,20260807,189,20,0,,,,,201,38,0,,,,,3,42.28181504035883,143.31818,,,0,0,0,0,0,0,0,0,0,0,71,blue,209,239,448
81,07,1812170,1,20260807,214,82,0,,,,,474,113,0,,,,,3,42.31167504037117,143.321422,,,0,0,0,0,0,14,14,0,0,0,71,blue,296,587,883
81,07,1812180,1,20260807,44,42,0,,,,,40,19,0,,,,,3,42.68446104051403,143.603341,,,0,0,0,0,0,0,0,0,0,0,71,blue,86,59,145
81,07,1812190,1,20260807,50,23,0,,,,,50,51,0,,,,,3,42.69525004051786,143.616062,,,0,0,0,0,0,0,0,0,0,0,71,blue,73,101,174
81,07,1812200,1,20260807,59,48,0,,,,,22,24,0,,,,,3,42.74125304053399,143.631419,,,0,0,0,0,0,0,0,0,0,0,71,blue,107,46,153
81,01,1812210,1,20260807,66,12,0,,,,,126,18,0,,,,,3,42.85600604057288,141.704289,,,0,0,0,0,0,0,0,0,0,8,71,blue,78,144,222
81,01,1812220,1,20260807,,,,,,,,,,,,,,,3,42.969962040609545,141.672998,,,1,0,0,0,0,0,0,0,0,0,71,blue,0,0,0
81,01,1812230,1,20260807,,,,,,,,,,,,,,,3,43.02096904062534,141.663755,,,1,0,0,0,0,0,0,0,0,0,71,blue,0,0,0
81,03,1812240,1,20260807,1814,513,0,,,,,2024,666,0,,,,,3,43.14450004066195,141.187805,,,0,0,0,0,0,0,0,0,0,0,71,blue,2327,2690,5017
81,06,1812250,1,20260807,48,38,0,,,,,68,57,0,,,,,3,43.68733204079576,144.466438,,,0,0,0,0,0,0,0,0,0,0,71,blue,86,125,211
81,03,1812260,1,20260807,133,62,0,,,,,369,90,0,,,,,3,42.99111104061613,140.875833,,,0,0,0,0,0,0,0,0,0,0,71,blue,195,459,654
81,04,1812290,1,20260807,361,130,0,,,,,617,283,0,,,,,3,43.85258742603739,142.702731203374,,,0,0,0,0,0,1,1,0,0,3,71,blue,491,900,1391
81,01,1812300,1,20260807,0,0,0,,,,,120,8,0,,,,,3,43.578650040772516,141.414894,,,0,0,0,0,0,0,0,0,0,0,71,blue,0,128,128
81,01,1812310,1,20260807,27,9,0,,,,,21,1,0,,,,,3,43.548241040765674,141.621516,,,0,0,0,0,0,0,0,0,0,2,71,blue,36,22,58
81,01,1812320,1,20260807,27,14,0,,,,,20,2,0,,,,,3,43.542762040764444,141.638006,,,0,0,0,0,0,0,0,0,0,0,71,blue,41,22,63
81,01,1812330,1,20260807,450,70,0,,,,,714,35,0,,,,,3,43.55901004076813,141.903362,,,0,0,0,0,0,0,0,0,0,7,71,blue,520,749,1269
81,01,1812340,1,20260807,106,30,0,,,,,117,4,0,,,,,3,42.995832040617586,142.00991,,,0,0,0,0,0,0,0,0,0,0,71,blue,136,121,257
81,01,1812350,1,20260807,1595,165,0,,,,,1569,110,0,,,,,3,42.979904040612645,141.346302,,,0,0,0,0,0,0,0,0,0,1,71,blue,1760,1679,3439
81,01,1812370,1,20260807,84,9,0,,,,,183,18,0,,,,,3,42.83639604056636,141.300884,,,0,0,0,0,0,0,0,0,0,1,71,blue,93,201,294
81,01,1812380,1,20260807,120,9,0,,,,,181,13,0,,,,,3,42.80255304055502,141.327921,,,0,0,0,0,0,0,0,0,0,1,71,blue,129,194,323
82,,2810180,1,20260807,243,136,0,,,,,228,244,0,,,,,3,38.89166803813703,141.115835,,,0,,,,0,,,,,,72,blue,379,472,851
82,,2810190,1,20260807,319,165,0,,,,,461,258,0,,,,,3,39.03166703825964,141.1175,,,0,,,,0,,,,,,72,blue,484,719,1203
82,,2810200,1,20260807,65,22,0,,,,,247,171,0,,,,,3,39.0450020382712,141.129544,,,0,,,,0,,,,,,72,blue,87,418,505
82,,2810220,1,20260807,2494,450,0,,,,,2469,423,0,,,,,3,39.29444503848296,141.105556,,,0,,,,0,,,,,,72,blue,2944,2892,5836
82,,2810230,1,20260807,0,0,0,,,,,0,0,0,,,,,3,39.344446038524424,141.106946,,,0,,,,0,,,,,,72,blue,0,0,0
82,,2810240,1,20260807,384,113,0,,,,,373,92,0,,,,,3,39.651946038772245,141.164724,,,0,,,,0,,,,,,72,blue,497,465,962
82,,2810250,1,20260807,265,90,0,,,,,349,192,0,,,,,3,39.888889038954595,141.19528,,,0,,,,0,,,,,,72,blue,355,541,896
82,,2810270,1,20260807,3,2,0,,,,,0,1,0,,,,,3,40.27277803923393,141.293058,,,0,,,,0,,,,,,72,blue,5,1,6
82,,2810280,1,20260807,298,197,0,,,,,377,203,0,,,,,3,40.41445803933193,141.298913,,,0,,,,0,,,,,,72,blue,495,580,1075
82,,2810290,1,20260807,1055,245,0,,,,,1274,309,0,,,,,3,40.718083039532594,141.156692,,,0,,,,0,,,,,,72,blue,1300,1583,2883
82,,2810300,1,20260807,477,224,0,,,,,191,123,0,,,,,3,40.907508039651255,141.061111,,,0,,,,0,,,,,,72,blue,701,314,1015
82,,2810310,1,20260807,688,317,0,,,,,333,127,0,,,,,3,40.8547220396187,140.839178,,,0,,,,0,,,,,,72,blue,1005,460,1465
82,,2810400,1,20260807,697,103,0,,,,,627,99,0,,,,,3,39.26847903846129,139.923131,,,0,,,,0,,,,,,72,blue,800,726,1526
82,,2810430,1,20260807,410,146,0,,,,,358,170,0,,,,,3,39.976642039020206,140.07770900000003,,,0,,,,0,,,,,,72,blue,556,528,1084
82,,2810450,1,20260807,,,,,,,,,,,,,,,3,40.278639039238044,140.449111,,,1,,,,0,,,,,,72,blue,0,0,0
82,,2810460,1,20260807,177,53,0,,,,,242,68,0,,,,,3,40.275306039235716,140.516861,,,0,,,,0,,,,,,72,blue,230,310,540
82,,2810470,1,20260807,481,165,0,,,,,345,227,0,,,,,3,40.317917039265446,140.578139,,,0,,,,0,,,,,,72,blue,646,572,1218
82,,2810480,1,20260807,392,142,0,,,,,413,183,0,,,,,3,40.577502039441285,140.518889,,,0,,,,0,,,,,,72,blue,534,596,1130
82,,2810490,1,20260807,426,145,0,,,,,707,164,0,,,,,3,40.711137039528154,140.580013,,,0,,,,0,,,,,,72,blue,571,871,1442
82,,2810580,1,20260807,1289,306,0,,,,,1872,248,0,,,,,3,39.260555038454655,140.543611,,,0,,,,0,,,,,,72,blue,1595,2120,3715
82,,2810590,1,20260807,1057,330,0,,,,,1068,234,0,,,,,3,39.44138803860391,140.505,,,0,,,,0,,,,,,72,blue,1387,1302,2689
82,,2810600,1,20260807,1010,306,0,,,,,1383,252,0,,,,,3,39.51138803866052,140.380833,,,0,,,,0,,,,,,72,blue,1316,1635,2951
82,,2810610,1,20260807,233,171,0,,,,,442,211,0,,,,,3,39.63750003876089,140.300833,,,0,,,,0,,,,,,72,blue,404,653,1057
82,,2810620,1,20260807,1889,585,0,,,,,1305,420,0,,,,,3,39.67388903878944,140.152222,,,0,,,,0,,,,,,72,blue,2474,1725,4199
82,,2810630,1,20260807,2314,493,0,,,,,2663,654,0,,,,,3,39.69425003880535,140.122194,,,0,,,,0,,,,,,72,blue,2807,3317,6124
82,,2810960,1,20260807,207,20,0,,,,,5,0,0,,,,,3,40.26398203922775,141.40187,,,0,,,,0,,,,,,72,blue,227,5,232
82,,2810970,1,20260807,98,24,0,,,,,148,23,0,,,,,3,40.4453010393529,141.638612,,,0,,,,0,,,,,,72,blue,122,171,293
82,,2810980,1,20260807,0,0,0,,,,,27,7,0,,,,,3,40.30396403925574,141.3059,,,0,,,,0,,,,,,72,blue,0,34,34
82,,2810990,1,20260807,861,285,0,,,,,633,269,0,,,,,3,40.60361303945845,141.404748,,,0,,,,0,,,,,,72,blue,1146,902,2048
82,,2811030,1,20260807,439,103,0,,,,,376,180,0,,,,,3,39.608922038738314,140.57135,,,0,,,,0,,,,,,72,blue,542,556,1098
83,,3810010,1,20260807,,,,,,,,,,,,,,,3,35.23222203411103,139.112514,,,1,,,,,,,,,,72,blue,0,0,0
83,,3810040,1,20260807,2842,344,0,,,,,502,65,0,,,,,3,35.26450803415279,139.182925,,,0,0,0,0,0,3,0,0,0,0,72,blue,3186,567,3753
83,,3810050,1,20260807,4558,1608,0,,,,,,,,,,,,3,35.71158901450833,139.777491746321,,,0,0,0,0,0,0,0,0,0,0,72,blue,6166,0,6166
83,,3810060,1,20260807,3798,1457,0,,,,,1914,651,0,,,,,3,35.725261072361086,139.78833095668,,,0,0,0,0,0,0,0,0,0,0,72,blue,5255,2565,7820
83,,3810061,1,20260807,3290,1418,0,,,,,2077,806,0,,,,,3,35.72724220226666,139.789181219765,,,0,0,0,0,0,0,0,0,0,0,72,blue,4708,2883,7591
83,,3810070,1,20260807,4388,1747,0,,,,,896,334,0,,,,,3,35.735055772282294,139.795343463609,,,0,0,0,0,0,0,0,0,0,0,72,blue,6135,1230,7365
83,,3810080,1,20260807,0,0,0,,,,,2529,858,0,,,,,3,35.73896290498206,139.797270681572,,,0,0,0,0,0,0,0,0,0,0,72,blue,0,3387,3387
83,,3810100,1,20260807,796,99,0,,,,,1077,81,0,,,,,3,36.53972203571964,139.883611,,,0,0,0,0,0,0,0,0,0,0,72,blue,895,1158,2053
83,,3810110,1,20260807,1769,489,0,,,,,2203,577,0,,,,,3,36.91694403615054,139.999722,,,0,0,0,0,0,0,0,0,0,0,72,blue,2258,2780,5038
83,,3810140,1,20260807,2156,1943,0,,,,,2076,1460,0,,,,,3,35.9900520350645,139.793529,,,0,0,0,0,0,0,0,0,0,0,72,blue,4099,3536,7635
83,,3810151,1,20260807,1359,2083,0,,,,,1956,2133,0,,,,,3,36.07984803517367,139.770041,,,0,0,0,0,0,0,0,0,0,0,72,blue,3442,4089,7531
83,,3810160,1,20260807,3076,2101,0,,,,,3079,2677,0,,,,,3,36.167500035279446,139.779444,,,0,0,0,0,0,0,0,0,0,0,72,blue,5177,5756,10933
83,,3810180,1,20260807,1845,1326,0,,,,,5353,2380,0,,,,,3,36.296506035433666,139.841547,,,0,0,0,0,0,0,0,0,0,0,72,blue,3171,7733,10904
83,,3810200,1,20260807,188,90,0,,,,,7157,2631,0,,,,,3,36.57174703575683,139.941692,,,0,0,0,0,0,0,0,0,0,0,72,blue,278,9788,10066
83,,3810210,1,20260807,4736,554,0,,,,,0,0,0,,,,,3,35.694558518577544,139.78420024258003,,,0,0,0,0,0,0,0,0,0,0,72,blue,5290,0,5290
83,,3810220,1,20260807,3485,1019,0,,,,,1746,397,0,,,,,3,35.73416286894769,139.831977693081,,,0,0,0,0,0,0,0,0,0,0,72,blue,4504,2143,6647
83,,3810230,1,20260807,1449,102,0,,,,,864,168,0,,,,,3,35.735319871891136,139.833592336398,,,0,0,0,0,0,0,0,0,0,0,72,blue,1551,1032,2583
83,,3810260,1,20260807,,,,,,,,,,,,,,,3,35.83796603487771,139.939917,,,1,,,,,,,,,,72,blue,0,0,0
83,,3810280,1,20260807,,,,,,,,,,,,,,,3,35.895306034948405,140.059167,,,1,0,0,0,0,0,0,0,0,0,72,blue,0,0,0
83,,3810290,1,20260807,68,43,0,,,,,3309,1178,0,,,,,3,36.06811403515946,140.179269,,,0,0,0,0,0,0,0,0,0,0,72,blue,111,4487,4598
83,,3810300,1,20260807,4658,1106,0,,,,,2121,870,0,,,,,3,36.078239035171734,140.177747,,,0,0,0,0,0,0,0,0,0,0,72,blue,5764,2991,8755
83,,3810320,1,20260807,1202,92,0,,,,,2865,1105,0,,,,,3,36.378875035531216,140.500661,,,0,0,0,0,0,0,0,0,0,0,72,blue,1294,3970,5264
83,,3810330,1,20260807,1060,271,0,,,,,3418,513,0,,,,,3,36.655972035854084,140.701006,,,0,0,0,0,0,0,0,0,0,0,72,blue,1331,3931,5262
83,,3810340,1,20260807,1530,416,0,,,,,1357,354,0,,,,,3,36.794736036012644,140.752922,,,0,0,0,0,0,0,0,0,0,0,72,blue,1946,1711,3657
83,,3810350,1,20260807,2377,743,0,,,,,1967,573,0,,,,,3,35.92645303498668,140.111775,,,0,0,0,0,0,0,0,0,0,0,72,blue,3120,2540,5660
83,,3810360,1,20260807,,,,,,,,,,,,,,,3,35.694040942069805,139.789910543304,,,1,0,0,0,0,0,0,0,0,0,72,blue,0,0,0
83,,3810370,1,20260807,,,,,,,,,,,,,,,3,35.702867388707524,139.866257828687,,,1,0,0,0,0,0,0,0,0,0,72,blue,0,0,0
83,,3810380,1,20260807,,,,,,,,,,,,,,,3,35.628891034617155,140.088076,,,1,,,,,,,,,,72,blue,0,0,0
83,,3810390,1,20260807,,,,,,,,,,,,,,,3,35.62349099143046,139.737976826575,,,1,,,,,,,,,,72,blue,0,0,0
83,,3810400,1,20260807,495,83,0,,,,,1767,115,0,,,,,3,35.263900034152,139.698397,,,0,0,0,0,0,0,0,0,0,0,72,blue,578,1882,2460
83,,3810410,1,20260807,1746,396,0,,,,,1554,369,0,,,,,3,35.62304903460981,139.340292,,,0,0,0,0,0,0,0,0,0,0,72,blue,2142,1923,4065
83,,3810420,1,20260807,1772,401,0,,,,,2980,680,0,,,,,3,35.67571003467587,139.331954,,,0,0,0,0,0,0,0,0,0,0,72,blue,2173,3660,5833
83,,3810431,1,20260807,1709,1722,0,,,,,2565,1513,0,,,,,3,35.77594403480087,139.336731,,,0,0,0,0,0,0,0,0,0,0,72,blue,3431,4078,7509
83,,3810440,1,20260807,,,,,,,,,,,,,,,3,35.82933103486704,139.380426,,,1,0,0,0,0,0,0,0,0,0,72,blue,0,0,0
83,,3810460,1,20260807,4485,1687,0,,,,,3659,1559,0,,,,,3,35.91289603497003,139.534764,,,0,0,0,0,0,0,0,0,0,0,72,blue,6172,5218,11390
83,,3810470,1,20260807,,,,,,,,2545,1001,0,,,,,3,35.92749603498795,139.591065,,,0,0,0,0,0,0,1,0,0,0,72,blue,0,3546,3546
83,,3810490,1,20260807,,,,,,,,,,,,,,,3,35.992460035067445,139.820467,,,1,,,,,,,,,,72,blue,0,0,0
83,,3810500,1,20260807,2175,549,0,,,,,2418,867,0,,,,,3,35.79376864024429,139.685717006056,,,0,0,0,0,0,0,0,0,0,0,72,blue,2724,3285,6009
83,,3810510,1,20260807,1009,498,0,,,,,1010,450,0,,,,,3,35.8210620348568,139.680963,,,0,0,0,0,0,0,0,0,0,0,72,blue,1507,1460,2967
83,,3810520,1,20260807,4441,1520,0,,,,,3837,1220,0,,,,,3,35.97632603504774,139.594106,,,0,0,0,0,0,0,0,0,0,0,72,blue,5961,5057,11018
83,,3810540,1,20260807,1847,708,0,,,,,1865,758,0,,,,,3,36.230692035355204,139.2134,,,0,0,0,0,0,0,1,0,0,0,72,blue,2555,2623,5178
83,,3810560,1,20260807,4104,603,0,,,,,3446,573,0,,,,,3,36.31113903545105,139.02725,,,0,0,0,0,0,0,0,0,0,0,72,blue,4707,4019,8726
83,,3810600,1,20260807,689,138,0,,,,,684,131,0,,,,,3,36.68205603588405,138.968889,,,0,0,0,0,0,0,0,0,0,0,72,blue,827,815,1642
83,,3810610,1,20260807,4952,2174,0,,,,,,,,,,,,3,35.84803703489016,139.625615,,,0,0,0,0,0,0,1,0,0,0,72,blue,7126,0,7126
83,,3810620,1,20260807,,,,,,,,3935,1680,0,,,,,3,35.84444303488572,139.626759,,,0,0,0,0,0,0,1,0,0,0,72,blue,0,5615,5615
83,,3810670,1,20260807,4185,1356,0,,,,,3905,1333,0,,,,,3,36.35330303550101,139.215067,,,0,0,0,0,0,0,0,0,0,0,72,blue,5541,5238,10779
83,,3810710,1,20260807,1599,306,0,,,,,1029,452,0,,,,,3,36.33250003547639,138.5235,,,0,0,0,0,0,0,0,0,0,0,72,blue,1905,1481,3386
83,,3810720,1,20260807,1569,360,0,,,,,1745,323,0,,,,,3,36.49438903566681,138.150722,,,0,0,0,0,0,0,5,0,0,0,72,blue,1929,2068,3997
83,,3810740,1,20260807,2418,370,0,,,,,1954,207,0,,,,,3,36.65492503585288,138.23375,,,0,0,0,0,0,0,0,0,0,0,72,blue,2788,2161,4949
83,,3810750,1,20260807,1862,291,0,,,,,626,157,0,,,,,3,36.695139035899054,138.26925,,,0,0,0,0,0,0,0,0,0,0,72,blue,2153,783,2936
83,,3810760,1,20260807,1965,256,0,,,,,1673,324,0,,,,,3,36.717694035924886,138.298306,,,0,0,0,0,0,0,1,0,0,0,72,blue,2221,1997,4218
83,,3810770,1,20260807,481,159,0,,,,,791,122,0,,,,,3,36.75032203596213,138.212264,,,0,0,0,0,0,0,0,0,0,0,72,blue,640,913,1553
83,,3810780,1,20260807,559,132,0,,,,,752,163,0,,,,,3,36.792972036010646,138.219778,,,0,0,0,0,0,0,0,0,0,0,72,blue,691,915,1606
83,,3810790,1,20260807,1445,172,0,,,,,1876,247,0,,,,,3,36.406417035563685,138.204417,,,0,0,0,0,0,0,0,0,0,0,72,blue,1617,2123,3740
83,,3810800,1,20260807,102,17,0,,,,,150,7,0,,,,,3,36.82044403604179,138.192306,,,0,0,0,0,0,0,0,0,0,0,72,blue,119,157,276
83,,3810810,1,20260807,398,108,0,,,,,464,94,0,,,,,3,36.8368890360604,138.205542,,,0,0,0,0,0,0,0,0,0,0,72,blue,506,558,1064
83,,3810820,1,20260807,711,54,0,,,,,331,83,0,,,,,3,36.513833035689494,138.094389,,,0,0,0,0,0,0,1,0,0,0,72,blue,765,414,1179
83,,3810821,1,20260807,531,114,0,,,,,381,71,0,,,,,3,36.52786103570584,138.096722,,,0,0,0,0,0,0,1,0,0,0,72,blue,645,452,1097
83,,3810830,1,20260807,2218,311,0,,,,,1366,197,0,,,,,3,36.23586103536139,137.9565,,,0,0,0,0,0,0,0,0,0,0,72,blue,2529,1563,4092
83,,3810840,1,20260807,531,149,0,,,,,562,177,0,,,,,3,36.38313903553625,137.925722,,,0,0,0,0,0,0,1,0,0,0,72,blue,680,739,1419
83,,3810850,1,20260807,265,126,0,,,,,349,147,0,,,,,3,36.4623860356294,137.946275,,,0,0,0,0,0,0,0,0,0,0,72,blue,391,496,887
83,,3810860,1,20260807,666,172,0,,,,,689,134,0,,,,,3,36.5884720357762,138.050889,,,0,0,0,0,0,0,4,0,0,0,72,blue,838,823,1661
83,,3810870,1,20260807,2095,273,0,,,,,1596,191,0,,,,,3,36.61469403580651,138.085167,,,0,0,0,0,0,0,0,0,0,0,72,blue,2368,1787,4155
83,,3810880,1,20260807,1860,468,0,,,,,1579,223,0,,,,,3,36.615111035807,138.086528,,,0,0,0,0,0,0,0,0,0,0,72,blue,2328,1802,4130
83,,3810900,1,20260807,817,89,0,,,,,1161,102,0,,,,,3,36.62808303582196,138.153194,,,0,0,0,0,0,0,0,0,0,0,72,blue,906,1263,2169
83,,3810910,1,20260807,2390,158,0,,,,,2443,95,0,,,,,3,36.64626403584291,138.18197200000003,,,0,0,0,0,0,0,0,0,0,0,72,blue,2548,2538,5086
83,,3810920,1,20260807,1788,117,0,,,,,1125,66,0,,,,,3,36.648972035846036,138.193972,,,0,0,0,0,0,0,0,0,0,0,72,blue,1905,1191,3096
83,,3810930,1,20260807,1208,359,0,,,,,886,180,0,,,,,3,36.616944035809105,138.133611,,,0,0,0,0,0,0,0,0,0,0,72,blue,1567,1066,2633
83,,3810950,1,20260807,,,,,,,,,,,,,,,3,35.67318837384892,139.663841176629,,,0,0,0,0,0,1,0,72,0,0,72,blue,0,0,0
83,,3810970,1,20260807,537,91,0,,,,,730,64,0,,,,,3,35.61726703460252,139.240054,,,0,0,0,0,0,0,0,0,0,0,72,blue,628,794,1422
83,,3810980,1,20260807,536,177,0,,,,,916,162,0,,,,,3,35.62000003460596,139.1275,,,0,0,0,0,0,0,0,0,0,0,72,blue,713,1078,1791
83,,3811030,1,20260807,3014,778,0,,,,,3220,642,0,,,,,3,35.643889034635976,138.636389,,,0,0,0,0,0,0,0,0,0,0,72,blue,3792,3862,7654
83,,3811050,1,20260807,672,217,0,,,,,774,181,0,,,,,3,35.91541703497313,138.227361,,,0,0,0,0,0,0,2,0,0,0,72,blue,889,955,1844
83,,3811060,1,20260807,1390,262,0,,,,,1057,179,0,,,,,3,35.94028603500364,138.197875,,,0,0,0,0,0,0,0,0,0,0,72,blue,1652,1236,2888
83,,3811070,1,20260807,1318,66,0,,,,,1252,135,0,,,,,3,36.029750035112876,138.1255,,,0,0,0,0,0,0,0,0,0,0,72,blue,1384,1387,2771
83,,3811080,1,20260807,1900,361,0,,,,,2123,197,0,,,,,3,36.077694035171085,138.037889,,,0,0,0,0,0,0,4,0,0,0,72,blue,2261,2320,4581
83,,3811090,1,20260807,2,0,0,,,,,1564,368,0,,,,,3,36.12191703522454,137.959472,,,0,0,0,0,0,0,1,0,0,0,72,blue,2,1932,1934
83,,3811100,1,20260807,1222,235,0,,,,,913,149,0,,,,,3,35.9769440350485,138.163333,,,0,0,0,0,0,0,14,0,0,0,72,blue,1457,1062,2519
83,,3811110,1,20260807,691,251,0,,,,,713,199,0,,,,,3,36.08683303518214,138.06408300000004,,,0,0,0,0,0,0,0,0,0,0,72,blue,942,912,1854
83,,3811121,1,20260807,,,,,,,,1237,164,0,,,,,3,35.63168503462065,139.28402,,,0,0,0,0,0,0,0,0,0,0,72,blue,0,1401,1401
83,,3811130,1,20260807,943,159,0,,,,,981,140,0,,,,,3,35.99511103507067,138.139278,,,0,0,0,0,0,0,0,0,0,0,72,blue,1102,1121,2223
83,,3811220,1,20260807,1162,178,0,,,,,1364,198,0,,,,,3,35.959128035026716,140.602286,,,0,0,0,0,0,0,0,0,0,0,72,blue,1340,1562,2902
83,,3811230,1,20260807,0,13,0,,,,,1096,152,0,,,,,3,35.95769703502496,140.602514,,,0,0,0,0,0,0,0,0,0,0,72,blue,13,1248,1261
83,,3811240,1,20260807,625,238,0,,,,,730,254,0,,,,,3,35.200928034070465,138.520986,,,0,0,0,0,0,0,1,0,0,0,72,blue,863,984,1847
83,,3811250,1,20260807,106,30,0,,,,,167,13,0,,,,,3,35.31250003421467,138.442011,,,0,0,0,0,0,0,0,0,0,0,72,blue,136,180,316
83,,3811270,1,20260807,968,261,0,,,,,1391,282,0,,,,,3,35.5316670344945,138.450278,,,0,0,0,0,0,0,0,0,0,0,72,blue,1229,1673,2902
83,,3811290,1,20260807,,,,,,,,,,,,,,,3,35.041444033862305,139.833306,,,1,,,,,,,,,,72,blue,0,0,0
83,,3811300,1,20260807,,,,,,,,,,,,,,,3,35.157361034013846,139.819,,,1,,,,,,,,,,72,blue,0,0,0
83,,3811330,1,20260807,1640,244,0,,,,,1936,192,0,,,,,3,35.53888903450364,138.885556,,,0,0,0,0,0,0,0,0,0,0,72,blue,1884,2128,4012
83,,3811340,1,20260807,1485,283,0,,,,,1498,225,0,,,,,3,35.60305603458465,138.940833,,,0,0,0,0,0,0,0,0,0,0,72,blue,1768,1723,3491
83,,3811350,1,20260807,6411,888,0,,,,,3003,1006,0,,,,,3,35.61569396585425,139.627538019939,,,0,0,0,0,0,0,0,0,0,0,72,blue,7299,4009,11308
83,,3811360,1,20260807,2524,1457,0,,,,,3244,1469,0,,,,,3,35.48552503443597,139.460986,,,0,0,0,0,0,3,0,0,0,0,72,blue,3981,4713,8694
83,,3811370,1,20260807,774,633,0,,,,,1703,630,0,,,,,3,35.35857503427389,139.075042,,,0,0,0,0,0,3,0,0,0,0,72,blue,1407,2333,3740
83,,3811390,1,20260807,3740,2313,0,,,,,,,,,,,,3,35.64686740024182,139.854860316246,,,0,0,0,0,0,0,0,0,0,0,72,blue,6053,0,6053
83,,3811401,1,20260807,1,0,0,,,,,,,,,,,,3,35.64792275306184,139.837391468126,,,0,0,0,0,0,0,0,0,0,0,72,blue,1,0,1
83,,3811410,1,20260807,2983,1662,0,,,,,,,,,,,,3,35.6321085640565,139.785108560174,,,0,0,0,0,0,0,0,0,0,0,72,blue,4645,0,4645
83,,3811411,1,20260807,,,,,,,,430,577,0,,,,,3,35.63193106766495,139.786372369256,,,0,0,0,0,0,0,51,0,0,0,72,blue,0,1007,1007
83,,3811420,1,20260807,,,,,,,,,,,,,,,3,35.57873713134419,139.756665501316,,,1,0,0,0,0,0,0,0,0,0,72,blue,0,0,0
83,,3811421,1,20260807,,,,,,,,1950,1887,0,,,,,3,35.573715682248654,139.759184371525,,,0,0,0,0,0,0,0,0,0,0,72,blue,0,3837,3837
83,,3811430,1,20260807,,,,,,,,,,,,,,,3,35.6138270345982,140.103045,,,1,,,,,,,,,,72,blue,0,0,0
83,,3811440,1,20260807,250,78,0,,,,,972,338,0,,,,,3,35.60712645223976,139.747366707275,,,0,0,0,0,0,0,0,0,0,0,72,blue,328,1310,1638
84,,4810010,1,20260807,5727,1136,0,,,,,6515,892,0,,,,,3,37.9300000372281,139.134722,,,0,0,0,0,0,0,0,0,0,0,72,blue,6863,7407,14270
84,,4810020,1,20260807,5104,974,0,,,,,5913,886,0,,,,,3,37.95278103725094,139.213611,,,0,0,0,0,0,0,0,0,0,0,72,blue,6078,6799,12877
84,,4810040,1,20260807,2135,220,0,,,,,1641,238,0,,,,,3,37.96305603726123,139.3275,,,0,0,0,0,0,0,0,0,0,0,72,blue,2355,1879,4234
84,,4810060,1,20260807,840,52,0,,,,,527,123,0,,,,,3,38.2550360375481,139.501792,,,0,0,0,0,0,0,0,0,0,0,72,blue,892,650,1542
84,,4810070,1,20260807,1051,228,0,,,,,1100,320,0,,,,,3,38.28200003757407,139.521444,,,0,0,0,0,0,0,0,0,0,0,72,blue,1279,1420,2699
84,,4810080,1,20260807,517,148,0,,,,,607,277,0,,,,,3,38.374925037662884,139.556342,,,0,0,0,0,0,0,0,0,0,0,72,blue,665,884,1549
84,,4810090,1,20260807,2481,705,0,,,,,2720,611,0,,,,,3,37.5351670368223,138.881569,,,0,0,0,0,0,0,0,0,0,0,72,blue,3186,3331,6517
84,,4810100,1,20260807,3491,463,0,,,,,2731,541,0,,,,,3,37.473639036757405,138.880583,,,0,0,0,0,0,0,0,0,0,0,72,blue,3954,3272,7226
84,,4810110,1,20260807,2254,234,0,,,,,3456,211,0,,,,,3,37.459033036741936,138.856414,,,0,0,0,0,0,0,0,0,0,0,72,blue,2488,3667,6155
84,,4810120,1,20260807,2954,286,0,,,,,4039,301,0,,,,,3,37.462169036745266,138.845592,,,0,0,0,0,0,0,0,0,0,0,72,blue,3240,4340,7580
84,,4810130,1,20260807,2536,207,0,,,,,2625,303,0,,,,,3,37.44445303672647,138.785889,,,0,0,0,0,0,0,0,0,0,6,72,blue,2743,2928,5671
84,,4810140,1,20260807,1531,128,0,,,,,1846,287,0,,,,,3,37.44069403672249,138.740364,,,0,0,0,0,0,0,0,0,0,0,72,blue,1659,2133,3792
84,,4810150,1,20260807,,,,,,,,,,,,,,,3,37.41229403669227,138.674192,,,1,0,0,0,0,0,0,0,0,1,72,blue,0,0,0
84,,4810160,1,20260807,1054,356,0,,,,,893,236,0,,,,,3,37.23896903650589,138.343486,,,0,0,0,0,0,0,0,0,0,0,72,blue,1410,1129,2539
84,,4810170,1,20260807,,,,,,,,,,,,,,,3,37.18690003644924,138.272953,,,1,0,0,0,0,0,0,0,0,0,72,blue,0,0,0
84,,4810180,1,20260807,3077,385,0,,,,,2804,405,0,,,,,3,37.17543303643671,138.266805,,,0,0,0,0,0,0,0,0,0,0,72,blue,3462,3209,6671
84,,4810190,1,20260807,3314,360,0,,,,,2200,406,0,,,,,3,37.1623530364224,138.247561,,,0,0,0,0,0,0,0,0,0,1,72,blue,3674,2606,6280
84,,4810200,1,20260807,844,221,0,,,,,954,259,0,,,,,3,37.105891036360454,137.990565,,,0,0,0,0,0,0,0,0,0,0,72,blue,1065,1213,2278
84,,4810210,1,20260807,938,191,0,,,,,1491,257,0,,,,,3,37.08795603634071,137.96033,,,0,0,0,0,0,0,0,0,0,0,72,blue,1129,1748,2877
84,,4810220,1,20260807,725,124,0,,,,,1390,179,0,,,,,3,37.057208036306754,137.905455,,,0,0,0,0,0,0,0,0,0,0,72,blue,849,1569,2418
84,,4810230,1,20260807,553,169,0,,,,,1263,258,0,,,,,3,37.050899036299775,137.885459,,,0,0,0,0,0,0,0,0,0,0,72,blue,722,1521,2243
84,,4810250,1,20260807,370,48,0,,,,,517,20,0,,,,,3,37.05093203629982,137.890368,,,0,0,0,0,0,0,0,0,0,0,72,blue,418,537,955
84,,4810260,1,20260807,1183,212,0,,,,,919,176,0,,,,,3,36.9856190362273,138.808078,,,0,0,0,0,0,0,0,0,0,0,72,blue,1395,1095,2490
84,,4810270,1,20260807,1234,187,0,,,,,1280,226,0,,,,,3,37.24858103651632,138.916575,,,0,0,0,0,0,0,0,0,0,0,72,blue,1421,1506,2927
84,,4810280,1,20260807,510,93,0,,,,,408,65,0,,,,,3,37.17036103643117,138.942139,,,0,0,0,0,0,0,0,0,0,0,72,blue,603,473,1076
84,,4810290,1,20260807,1692,350,0,,,,,2295,193,0,,,,,3,37.07683703632844,138.265595,,,0,0,0,0,0,0,0,0,0,0,72,blue,2042,2488,4530
84,,4810300,1,20260807,166,90,0,,,,,178,95,0,,,,,3,37.66361103695634,139.536806,,,0,0,0,0,0,0,0,0,0,0,72,blue,256,273,529
84,,4810310,1,20260807,1742,280,0,,,,,2208,238,0,,,,,3,37.84055603713779,139.147778,,,0,0,0,0,0,0,0,0,0,0,72,blue,2022,2446,4468
84,,4810330,1,20260807,6754,706,0,,,,,6545,728,0,,,,,3,37.8978060371957,139.070722,,,0,0,0,0,0,0,0,0,0,0,72,blue,7460,7273,14733
84,,4810340,1,20260807,525,169,0,,,,,456,186,0,,,,,3,37.563464036852,138.734306,,,0,0,0,0,0,0,0,0,0,0,72,blue,694,642,1336
84,,4810350,1,20260807,1253,257,0,,,,,1354,277,0,,,,,3,37.61757803690852,138.825033,,,0,0,0,0,0,0,0,0,0,0,72,blue,1510,1631,3141
84,,4810360,1,20260807,1859,421,0,,,,,1332,347,0,,,,,3,37.690358036984,138.885919,,,0,0,0,0,0,0,0,0,0,0,72,blue,2280,1679,3959
84,,4810370,1,20260807,2341,398,0,,,,,1198,187,0,,,,,3,37.8052690371019,138.92235,,,0,0,0,0,0,0,0,0,0,0,72,blue,2739,1385,4124
84,,4810380,1,20260807,3238,542,0,,,,,4973,458,0,,,,,3,37.86309703716064,138.981,,,0,0,0,0,0,0,0,0,0,0,72,blue,3780,5431,9211
84,,4810395,1,20260807,,,,,,,,,,,,,,,3,36.691540505894935,136.9116223,,,1,,,,0,0,,,0,0,72,blue,0,0,0
84,,4810406,1,20260807,,,,,,,,,,,,,,,3,36.89660103612769,137.444677,,,1,,,,0,0,,,0,0,72,blue,0,0,0
84,,4810410,1,20260807,,,,,,,,,,,,,,,3,36.816442036037266,137.41630300000003,,,1,0,0,0,0,26,26,0,0,0,72,blue,0,0,0
84,,4810420,1,20260807,2338,268,0,,,,,2733,267,0,,,,,3,36.718606035925916,137.303914,,,0,0,0,0,0,25,25,0,0,0,72,blue,2606,3000,5606
84,,4810430,1,20260807,2566,333,0,,,,,2942,288,0,,,,,3,36.71795303592518,137.279328,,,0,0,0,0,0,26,26,0,0,4,72,blue,2899,3230,6129
84,,4810440,1,20260807,,,,,,,,,,,,,,,3,36.72027203592783,137.263083,,,1,0,0,0,0,7,7,0,0,0,72,blue,0,0,0
84,,4810445,1,20260807,,,,,,,,,,,,,,,3,36.73017862593915,137.18171158,,,1,,,,0,0,,,0,0,72,blue,0,0,0
84,,4810447,1,20260807,2921,437,2,,,,,2794,515,14,,,,,3,36.72863947593739,137.12486156,,,0,,,,0,0,,,0,0,72,blue,3360,3323,6683
84,,4810454,1,20260807,,,,,,,,,,,,,,,3,36.744673195955684,136.99179584,,,1,,,,0,0,,,0,0,72,blue,0,0,0
84,,4810460,1,20260807,,,,,,,,,,,,,,,3,36.68745003589023,136.855675,,,1,0,0,0,0,21,21,0,0,5,72,blue,0,0,0
84,,4810462,1,20260807,,,,,,,,,,,,,,,3,36.525710035703334,137.22999,,,1,,,,0,5,,,0,0,72,blue,0,0,0
84,,4810463,1,20260807,,,,,,,,,,,,,,,3,36.53609652571542,137.23114399,,,1,,,,0,5,,,0,0,72,blue,0,0,0
84,,4810470,1,20260807,,,,,,,,,,,,,,,3,36.69575603589977,137.237889,,,1,0,0,0,0,0,0,0,0,0,72,blue,0,0,0
84,,4810480,1,20260807,,,,,,,,,,,,,,,3,36.580522035767004,136.965706,,,1,0,0,0,0,27,27,0,0,0,72,blue,0,0,0
84,,4810485,1,20260807,1293,55,1,,,,,1535,56,1,,,,,3,36.68510836918755,136.9765361111,,,0,,,,0,1,,,0,0,72,blue,1349,1592,2941
84,,4810490,1,20260807,,,,,,,,,,,,,,,3,36.74530803595641,137.01085,,,1,0,0,0,0,31,31,0,0,0,72,blue,0,0,0
84,,4810500,1,20260807,,,,,,,,,,,,,,,3,36.91246103614551,137.019489,,,1,0,0,0,0,50,50,0,0,0,72,blue,0,0,0
84,,4810510,1,20260807,,,,,,,,,,,,,,,3,36.84943603607457,136.97895,,,1,,,,,,,,,,72,blue,0,0,0
84,,4810530,1,20260807,5800,631,0,,,,,4221,739,0,,,,,3,36.44611103561032,136.488056,,,0,0,0,0,0,0,0,0,0,0,72,blue,6431,4960,11391
84,,4810550,1,20260807,1691,399,0,,,,,1897,380,0,,,,,3,36.32672203546954,136.41169500000004,,,0,0,0,0,0,1,1,0,0,7,72,blue,2090,2277,4367
84,,4810570,1,20260807,2001,270,0,,,,,1725,208,0,,,,,3,36.571667035756725,136.655556,,,0,0,0,0,0,0,0,0,0,1,72,blue,2271,1933,4204
84,,4810580,1,20260807,2459,106,0,,,,,881,20,0,,,,,3,36.54430803572498,136.640516,,,0,0,0,0,0,0,0,0,0,0,72,blue,2565,901,3466
84,,4810590,1,20260807,3240,90,0,,,,,3148,114,0,,,,,3,36.54061903572069,136.623128,,,0,0,0,0,0,0,0,0,0,1,72,blue,3330,3262,6592
84,,4810600,1,20260807,1224,100,0,,,,,633,95,0,,,,,3,37.04041903628817,136.969305,,,0,0,0,0,0,0,0,0,0,0,72,blue,1324,728,2052
84,,4810610,1,20260807,,,,,,,,,,,,,,,3,36.90469303613679,136.830093,,,1,,,,,,,,,,72,blue,0,0,0
84,,4810620,1,20260807,555,53,0,,,,,503,43,0,,,,,3,36.86972803609746,136.79694700000002,,,0,0,0,0,0,0,0,0,0,0,72,blue,608,546,1154
84,,4810630,1,20260807,1388,38,0,,,,,1831,22,0,,,,,3,36.560782035744104,136.677711,,,0,0,0,0,0,0,0,0,0,0,72,blue,1426,1853,3279
85,22,5810060,1,20260807,364,238,,,,,,647,289,,,,,,3,34.90554603368308,138.270337,,,0,,0,,0,0,0,0,,0,72,blue,602,936,1538
85,22,5810080,1,20260807,1176,1126,,,,,,1290,608,,,,,,3,34.84454203360207,138.151981,,,0,,0,,0,0,0,0,,0,72,blue,2302,1898,4200
85,22,5810090,1,20260807,1904,790,,,,,,1895,1027,,,,,,3,34.78638703352455,138.050184,,,0,,0,,0,0,0,0,,0,72,blue,2694,2922,5616
85,22,5810110,1,20260807,6430,2030,,,,,,7024,1861,,,,,,3,34.76273603349293,137.969553,,,0,,0,,0,0,0,0,,0,72,blue,8460,8885,17345
85,23,5810190,1,20260807,1170,391,,,,,,1128,381,,,,,,3,35.11388803395716,136.734972,,,0,,0,,0,0,0,0,,0,72,blue,1561,1509,3070
85,24,5810210,1,20260807,1494,764,,,,,,1836,817,,,,,,3,34.86311003362677,136.47097,,,0,,0,,0,0,0,0,,0,72,blue,2258,2653,4911
85,21,5810280,1,20260807,3759,328,,,,,,1379,254,,,,,,3,35.365972034283374,137.22477800000001,,,0,,0,,0,0,0,0,,0,72,blue,4087,1633,5720
85,21,5810330,1,20260807,2579,395,,,,,,2235,395,,,,,,3,35.44925903438983,137.419698,,,0,,0,,0,0,0,0,,0,72,blue,2974,2630,5604
85,21,5810340,1,20260807,2215,145,,,,,,2343,497,,,,,,3,35.45966703440309,137.442028,,,0,,0,,0,0,0,0,,0,72,blue,2360,2840,5200
85,21,5810350,1,20260807,1258,228,,,,,,3758,371,,,,,,3,35.51200003446958,137.521639,,,0,,0,,0,0,0,0,,0,72,blue,1486,4129,5615
85,21,5810360,1,20260807,569,186,,,,,,1006,251,,,,,,3,35.581250034557165,137.537222,,,0,,0,,0,0,0,0,,0,72,blue,755,1257,2012
85,21,5810370,1,20260807,884,134,,,,,,1046,241,,,,,,3,35.81618803485076,137.683244,,,0,,0,,0,0,0,0,,0,72,blue,1018,1287,2305
85,21,5810380,1,20260807,820,205,,,,,,786,233,,,,,,3,35.91502403497266,137.77069,,,0,,0,,0,0,0,0,,0,72,blue,1025,1019,2044
85,21,5810390,1,20260807,593,197,,,,,,493,152,,,,,,3,35.93471103499681,137.786917,,,0,,0,,0,0,0,0,,0,72,blue,790,645,1435
85,21,5810420,1,20260807,814,361,,,,,,1979,267,,,,,,3,35.37572803429589,137.190676,,,0,,0,,0,0,0,0,,0,72,blue,1175,2246,3421
85,21,5810440,1,20260807,1511,274,,,,,,1150,226,,,,,,3,35.426917034361345,137.132361,,,0,,0,,0,0,0,0,,0,72,blue,1785,1376,3161
85,21,5810470,1,20260807,,,,,,,,,,,,,,,3,35.418612034350744,136.946394,,,1,,0,,0,0,0,0,,0,72,blue,0,0,0
85,21,5810510,1,20260807,,,,,,,,,,,,,,,3,35.37112003428997,136.453326,,,1,,0,,0,0,0,0,,0,72,blue,0,0,0
85,23,5810530,1,20260807,2356,1339,,,,,,2178,958,,,,,,3,34.696128033403625,137.40686,,,0,,0,,0,0,0,0,,0,72,blue,3695,3136,6831
85,23,5810570,1,20260807,2746,1149,,,,,,2270,1470,,,,,,3,34.84938803360853,137.221222,,,0,,0,,0,0,0,0,,0,72,blue,3895,3740,7635
85,23,5810580,1,20260807,3117,1700,,,,,,20,10,,,,,,3,34.84869403360759,137.197416,,,0,,0,,0,0,0,0,,0,72,blue,4817,30,4847
85,23,5810620,1,20260807,4262,3634,,,,,,4744,1602,,,,,,3,35.10119403394058,136.86925,,,0,,0,,0,0,0,0,,0,72,blue,7896,6346,14242
85,24,5810670,1,20260807,4071,820,,,,,,2197,467,,,,,,3,34.65002003334157,136.51956,,,0,,0,,0,0,0,0,,0,72,blue,4891,2664,7555
85,24,5810680,1,20260807,2547,820,,,,,,2157,490,,,,,,3,34.71907003343443,136.4716,,,0,,0,,0,0,0,0,,0,72,blue,3367,2647,6014
85,24,5810690,1,20260807,3212,795,,,,,,2711,641,,,,,,3,34.64712003333765,136.49449,,,0,,0,,0,0,0,0,,0,72,blue,4007,3352,7359
85,24,5810700,1,20260807,2646,1558,,,,,,2766,2704,,,,,,3,34.850220033609624,136.416645,,,0,,0,,0,0,0,0,,0,72,blue,4204,5470,9674
85,24,5810730,1,20260807,5719,3483,,,,,,2840,2557,,,,,,3,34.62822503331218,135.986212,,,0,,0,,0,0,0,0,,0,72,blue,9202,5397,14599
85,21,5810760,1,20260807,894,221,,,,,,1011,155,,,,,,3,35.55276203452119,137.177488,,,0,,0,,0,0,0,0,,0,72,blue,1115,1166,2281
85,21,5810770,1,20260807,325,118,,,,,,279,110,,,,,,3,35.64602003463866,137.169715,,,0,,0,,0,0,0,0,,0,72,blue,443,389,832
85,21,5810780,1,20260807,453,246,,,,,,464,187,,,,,,3,35.667031034665,137.162564,,,0,,0,,0,0,0,0,,0,72,blue,699,651,1350
85,21,5810790,1,20260807,318,126,,,,,,483,143,,,,,,3,35.74291003475978,137.208481,,,0,,0,,0,0,0,0,,0,72,blue,444,626,1070
85,21,5810800,1,20260807,507,279,,,,,,452,216,,,,,,3,35.77947703480525,137.252586,,,0,,0,,0,0,0,0,,0,72,blue,786,668,1454
85,21,5810810,1,20260807,1143,222,,,,,,1013,259,,,,,,3,35.83471903487371,137.232014,,,0,,0,,0,0,0,0,,0,72,blue,1365,1272,2637
85,21,5810830,1,20260807,138,37,,,,,,662,141,,,,,,3,36.02357503510535,137.294767,,,0,,0,,0,0,0,0,,0,72,blue,175,803,978
85,21,5810840,1,20260807,1120,58,,,,,,1525,173,,,,,,3,36.10871303520861,137.266233,,,0,,0,,0,0,0,0,,0,72,blue,1178,1698,2876
85,21,5810850,1,20260807,1298,273,,,,,,1548,181,,,,,,3,36.12373303522673,137.258932,,,0,,0,,0,0,0,0,,0,72,blue,1571,1729,3300
85,21,5810860,1,20260807,567,165,,,,,,488,156,,,,,,3,36.25072803537914,137.162845,,,0,,0,,0,0,0,0,,0,72,blue,732,644,1376
85,21,5810880,1,20260807,234,64,,,,,,376,104,,,,,,3,36.31423303545473,137.259675,,,0,,0,,0,0,0,0,,0,72,blue,298,480,778
85,24,5810890,1,20260807,925,118,,,,,,839,192,,,,,,3,34.407524733012174,136.4423714,,,0,,0,,0,0,0,0,,0,72,blue,1043,1031,2074
85,24,5810900,1,20260807,320,64,,,,,,317,70,,,,,,3,34.1617406326732,136.2779067,,,0,,0,,0,0,0,0,,0,72,blue,384,387,771
85,24,5810920,1,20260807,372,82,,,,,,445,139,,,,,,3,34.05028613251784,136.1958331,,,0,,0,,0,0,0,0,,0,72,blue,454,584,1038
85,24,5810930,1,20260807,91,6,,,,,,65,12,,,,,,3,33.98629813242818,136.1080803,,,0,,0,,0,0,0,0,,0,72,blue,97,77,174
85,24,5810940,1,20260807,210,78,,,,,,231,59,,,,,,3,33.93298113235323,136.0940822,,,0,,0,,0,0,0,0,,0,72,blue,288,290,578
85,24,5810960,1,20260807,652,97,,,,,,629,175,,,,,,3,34.00152563244955,136.1851117,,,0,,0,,0,0,0,0,,0,72,blue,749,804,1553
85,24,5810970,1,20260807,586,138,,,,,,559,160,,,,,,3,33.942137832366114,136.1524581,,,0,,0,,0,0,0,0,,0,72,blue,724,719,1443
85,24,5810980,1,20260807,648,161,,,,,,672,173,,,,,,3,33.92889863234747,136.1381858,,,0,,0,,0,0,0,0,,0,72,blue,809,845,1654
85,24,5810990,1,20260807,509,60,,,,,,659,93,,,,,,3,33.74057583208088,135.9955167,,,0,,0,,0,0,0,0,,0,72,blue,569,752,1321
85,24,5811000,1,20260807,1021,184,,,,,,875,300,,,,,,1,34.10420863259313,136.1948133,,,0,,0,,0,0,0,0,,0,72,blue,1205,1175,2380
85,22,5811020,1,20260807,,,,,,,,,,,,,,,3,35.15084103400535,138.522379,,,1,,0,,0,0,0,0,,0,72,blue,0,0,0
85,22,5811030,1,20260807,256,108,,,,,,681,165,,,,,,3,35.15470103401037,138.520314,,,0,,0,,0,0,0,0,,0,72,blue,364,846,1210
85,22,5811040,1,20260807,,,,,,,,,,,,,,,3,35.19272303405982,138.529894,,,1,,0,,0,0,0,0,,0,72,blue,0,0,0
85,22,5811050,1,20260807,838,112,,,,,,595,104,,,,,,3,35.37095103428976,138.860418,,,0,,0,,0,0,0,0,,0,72,blue,950,699,1649
85,23,5811110,1,20260807,501,57,,,,,,762,106,,,,,,3,35.135027033984734,137.309194,,,0,,0,,0,0,0,0,,0,72,blue,558,868,1426
85,23,5811120,1,20260807,564,95,,,,,,803,163,,,,,,3,35.149777034003954,137.332722,,,0,,0,,0,0,0,0,,0,72,blue,659,966,1625
85,23,5811130,1,20260807,207,147,,,,,,711,157,,,,,,3,35.1700830340304,137.406805,,,0,,0,,0,0,0,0,,0,72,blue,354,868,1222
85,23,5811140,1,20260807,128,32,,,,,,355,75,,,,,,3,35.221388034097004,137.524166,,,0,,0,,0,0,0,0,,0,72,blue,160,430,590
85,21,5811150,1,20260807,1221,216,,,,,,697,197,,,,,,3,35.46219703440631,137.756093,,,0,,0,,0,0,0,0,,0,72,blue,1437,894,2331
85,21,5811160,1,20260807,653,166,,,,,,907,323,,,,,,3,35.50206103445697,137.792544,,,0,,0,,0,0,0,0,,0,72,blue,819,1230,2049
85,23,5811170,1,20260807,783,236,,,,,,849,155,,,,,,3,35.21055503408296,137.106666,,,0,,0,,0,0,0,0,,0,72,blue,1019,1004,2023
85,21,5811190,1,20260807,890,182,,,,,,977,138,,,,,,3,35.601941034583234,136.937212,,,0,,0,,0,0,0,0,,0,72,blue,1072,1115,2187
85,21,5811230,1,20260807,822,252,,,,,,1028,249,,,,,,3,36.13868903524477,137.164639,,,0,,0,,0,0,0,0,,0,72,blue,1074,1277,2351
85,21,5811240,1,20260807,694,155,,,,,,625,247,,,,,,3,36.16135703527206,137.222749,,,0,,0,,0,0,0,0,,0,72,blue,849,872,1721
85,22,5811250,1,20260807,668,144,,,,,,1859,569,,,,,,3,35.312573034214765,138.927446,,,0,,0,,0,0,0,0,,0,72,blue,812,2428,3240
85,21,5811270,1,20260807,930,389,,,,,,799,354,,,,,,3,35.23023303410846,136.596679,,,0,,0,,0,0,0,0,,0,72,blue,1319,1153,2472
85,21,5811330,1,20260807,479,123,,,,,,481,70,,,,,,3,35.46731303441282,137.78409,,,0,,0,,0,0,0,0,,0,72,blue,602,551,1153
86,,6810010,1,20260807,417,305,,,,,,523,456,,,,,,3,34.89694403367168,136.336111,,,0,,0,,0,0,0,0,,0,72,blue,722,979,1701
86,,6810020,1,20260807,,,,,,,,,,,,,,,3,34.97777803377855,135.901667,,,1,,0,,0,0,0,0,,0,72,blue,0,0,0
86,,6810030,1,20260807,,,,,,,,,,,,,,,3,35.00527803381478,136.094722,,,1,,0,,0,72,72,0,,0,72,blue,0,0,0
86,,6810060,1,20260807,0,0,,,,,,3542,604,,,,,,3,34.986389033789905,135.75305600000002,,,0,,0,,0,0,0,0,,0,72,blue,0,4146,4146
86,,6810089,1,20260807,,,,,,,,,,,,,,,3,34.978118033779,135.908546,,,1,,0,,0,0,0,0,,0,72,blue,0,0,0
86,,6810090,1,20260807,1490,526,,,,,,0,0,,,,,,3,34.83138903358458,135.72305600000004,,,0,,0,,0,0,0,0,,0,72,blue,2016,0,2016
86,,6810100,1,20260807,0,0,,,,,,824,420,,,,,,3,34.83138903358458,135.723889,,,0,,0,,0,0,0,0,,0,72,blue,0,1244,1244
86,,6810105,1,20260807,,,,,,,,,,,,,,,3,34.71411113342777,135.4489722,,,0,,0,,0,0,0,0,,72,72,blue,0,0,0
86,,6810111,1,20260807,,,,,,,,,,,,,,,3,34.6429970333321,135.019846,,,0,,0,,0,0,0,0,,72,72,blue,0,0,0
86,,6810130,1,20260807,,,,,,,,,,,,,,,3,34.842500033599364,134.330556,,,0,,0,,0,0,0,0,,72,72,blue,0,0,0
86,,6810135,1,20260807,1268,476,,,,,,823,251,,,,,,3,36.18333336529846,136.26777780000003,,,0,,0,,0,0,0,0,,0,72,blue,1744,1074,2818
86,,6810140,1,20260807,2143,741,,,,,,2232,699,,,,,,3,36.14305603525003,136.263889,,,0,,0,,0,0,0,0,,0,72,blue,2884,2931,5815
86,,6810150,1,20260807,3350,698,,,,,,3010,565,,,,,,3,36.0772220351705,136.244444,,,0,,0,,0,0,0,0,,0,72,blue,4048,3575,7623
86,,6810160,1,20260807,2721,1012,,,,,,3293,633,,,,,,3,36.02444403510641,136.218333,,,0,,0,,0,0,0,0,,0,72,blue,3733,3926,7659
86,,6810165,1,20260807,3638,467,,,,,,2511,153,,,,,,3,35.980555595052905,136.1958333,,,0,,0,,0,0,0,0,,0,72,blue,4105,2664,6769
86,,6810170,1,20260807,3183,519,,,,,,1995,130,,,,,,3,35.95555603502233,136.188889,,,0,,0,,0,0,0,0,,0,72,blue,3702,2125,5827
86,,6810180,1,20260807,1731,319,,,,,,1900,299,,,,,,3,35.878333034927515,136.169444,,,0,,0,,0,0,0,0,,0,72,blue,2050,2199,4249
86,,6810190,1,20260807,,,,,,,,,,,,,,,3,35.719444034730536,136.094722,,,1,,0,,0,0,0,0,,0,72,blue,0,0,0
86,,6810200,1,20260807,263,89,,,,,,341,96,,,,,,3,35.66555603466316,136.083056,,,0,,0,,0,0,0,0,,0,72,blue,352,437,789
86,,6810220,1,20260807,377,202,,,,,,284,210,,,,,,3,35.60416703458605,136.107222,,,0,,0,,0,0,0,0,,0,72,blue,579,494,1073
86,,6810230,1,20260807,253,258,,,,,,222,233,,,,,,3,35.57603003455058,136.122756,,,0,,0,,0,0,0,0,,0,72,blue,511,455,966
86,,6810240,1,20260807,945,394,,,,,,1145,307,,,,,,3,35.512778034470564,136.173333,,,0,,0,,0,0,0,0,,0,72,blue,1339,1452,2791
86,,6810241,1,20260807,959,196,,,,,,664,361,,,,,,3,35.4322160343681,136.245092,,,0,,0,,0,0,0,0,,0,72,blue,1155,1025,2180
86,,6810250,1,20260807,1716,745,,,,,,1821,609,,,,,,3,35.27555603416706,136.269444,,,0,,0,,0,0,0,0,,0,72,blue,2461,2430,4891
86,,6810260,1,20260807,1179,531,,,,,,1576,500,,,,,,3,35.11611103396005,136.128333,,,0,,0,,0,0,0,0,,0,72,blue,1710,2076,3786
86,,6810270,1,20260807,1459,362,,,,,,1820,747,,,,,,3,35.091944033928485,136.089722,,,0,,0,,0,0,0,0,,0,72,blue,1821,2567,4388
86,,6810280,1,20260807,45,16,,,,,,435,262,,,,,,3,35.66000003465618,136.084722,,,0,,0,,0,0,0,0,,0,72,blue,61,697,758
86,,6810290,1,20260807,2493,797,,,,,,2849,548,,,,,,3,34.996111033802705,135.722222,,,0,,0,,0,0,0,0,,0,72,blue,3290,3397,6687
86,,6810300,1,20260807,0,0,,,,,,694,97,,,,,,3,34.981944033784046,135.693056,,,0,,0,,0,0,0,0,,0,72,blue,0,791,791
86,,6810310,1,20260807,2555,524,,,,,,0,0,,,,,,3,34.981944033784046,135.692917,,,0,,0,,0,0,0,0,,0,72,blue,3079,0,3079
86,,6810320,1,20260807,2940,524,,,,,,2341,347,,,,,,3,34.992500033797945,135.64750000000004,,,0,,0,,0,0,0,0,,0,72,blue,3464,2688,6152
86,,6810330,1,20260807,2221,603,,,,,,640,220,,,,,,3,34.989722033794294,135.636667,,,0,,0,,0,0,0,0,,0,72,blue,2824,860,3684
86,,6810335,1,20260807,1070,213,,,,,,1641,169,,,,,,3,35.488936034440314,135.756215,,,0,,0,,0,0,0,0,,0,72,blue,1283,1810,3093
86,,6810340,1,20260807,88,8,,,,,,228,45,,,,,,3,35.12222203396803,135.439444,,,0,,0,,0,0,0,0,,0,72,blue,96,273,369
86,,6810343,1,20260807,,,,,,,,,,,,,,,3,35.18777781405339,135.3219444,,,1,,0,,0,0,0,0,,0,72,blue,0,0,0
86,,6810344,1,20260807,1187,217,,,,,,960,335,,,,,,3,35.24583336412865,135.2161111,,,0,,0,,0,0,0,0,,0,72,blue,1404,1295,2699
86,,6810346,1,20260807,,,,,,,,,,,,,,,3,35.28305559417674,135.1777778,,,0,,0,,0,0,0,0,,72,72,blue,0,0,0
86,,6810348,1,20260807,1369,383,,,,,,1158,333,,,,,,3,35.3139820342166,135.101491,,,0,,0,,0,0,0,0,,0,72,blue,1752,1491,3243
86,,6810360,1,20260807,,,,,,,,,,,,,,,3,35.333611034241834,134.917222,,,0,,0,,0,0,0,0,,72,72,blue,0,0,0
86,,6810365,1,20260807,940,329,,,,,,1058,373,,,,,,3,36.25913403538918,136.286774,,,0,,0,,0,0,0,0,,0,72,blue,1269,1431,2700
86,,6810370,1,20260807,,,,,,,,,,,,,,,3,35.38305603430526,134.671667,,,0,,0,,0,0,0,0,,72,72,blue,0,0,0
86,,6810390,1,20260807,,,,,,,,,,,,,,,3,35.48083303443001,134.585278,,,0,,0,,0,0,0,0,,72,72,blue,0,0,0
86,,6810400,1,20260807,,,,,,,,,,,,,,,3,35.50388903445929,134.533889,,,0,,0,,0,0,0,0,,72,72,blue,0,0,0
86,,6810410,1,20260807,,,,,,,,,,,,,,,3,35.5247220344857,134.4275,,,0,,0,,0,0,0,0,,72,72,blue,0,0,0
86,,6810420,1,20260807,943,466,,,,,,973,482,,,,,,3,35.33111103423862,136.352222,,,0,,0,,0,0,0,0,,0,72,blue,1409,1455,2864
86,,6810450,1,20260807,706,38,,,,,,506,19,,,,,,3,34.229683032767404,135.169164,,,0,,0,,0,0,0,0,,0,72,blue,744,525,1269
86,,6810492,1,20260807,,,,,,,,,,,,,,,3,34.5749167332401,135.6647778,,,0,,0,,0,0,0,0,,72,72,blue,0,0,0
86,,6810500,1,20260807,,,,,,,,,,,,,,,3,34.58000003324698,135.466581,,,1,,0,,0,0,0,0,,0,72,blue,0,0,0
86,,6810510,1,20260807,,,,,,,,,,,,,,,3,34.5797220332466,135.466581,,,1,,0,,0,0,0,0,,0,72,blue,0,0,0
86,,6810540,1,20260807,,,,,,,,,,,,,,,3,34.36000003294702,135.269444,,,1,,0,,0,0,0,0,,0,72,blue,0,0,0
86,,6810550,1,20260807,2167,412,,,,,,2391,506,,,,,,3,34.32270003289575,135.19756,,,0,,0,,0,0,0,0,,0,72,blue,2579,2897,5476
86,,6810551,1,20260807,2201,752,,,,,,2379,522,,,,,,3,34.32488893289876,135.1913056,,,0,,0,,0,0,0,0,,0,72,blue,2953,2901,5854
86,,6810552,1,20260807,,,,,,,,,,,,,,,3,34.31283333288218,135.1605,,,0,,0,,0,0,0,0,,72,72,blue,0,0,0
86,,6810560,1,20260807,,,,,,,,,,,,,,,3,34.24805603279281,135.175,,,1,,0,,0,0,0,0,,0,72,blue,0,0,0
86,,6810580,1,20260807,2027,125,,,,,,1490,153,,,,,,3,35.633611034623065,136.021389,,,0,,0,,0,0,0,0,,0,72,blue,2152,1643,3795
86,,6810590,1,20260807,922,149,,,,,,869,146,,,,,,3,35.58083303455663,135.910417,,,0,,0,,0,0,0,0,,0,72,blue,1071,1015,2086
86,,6810610,1,20260807,924,177,,,,,,864,204,,,,,,3,35.469444034415524,135.825,,,0,,0,,0,0,0,0,,0,72,blue,1101,1068,2169
86,,6810620,1,20260807,2062,219,,,,,,50,12,,,,,,3,35.483056034432835,135.666111,,,0,,0,,0,0,0,0,,0,72,blue,2281,62,2343
86,,6810630,1,20260807,1028,206,,,,,,806,283,,,,,,3,35.48805603443919,135.595833,,,0,,0,,0,0,0,0,,0,72,blue,1234,1089,2323
86,,6810660,1,20260807,746,267,,,,,,708,188,,,,,,3,35.48083303443001,135.421389,,,0,,0,,0,0,0,0,,0,72,blue,1013,896,1909
86,,6810667,1,20260807,,,,,,,,,,,,,,,3,35.46027781440387,135.3566667,,,0,,0,,0,0,0,0,,72,72,blue,0,0,0
86,,6810670,1,20260807,971,303,,,,,,1441,214,,,,,,3,35.414167034345056,135.333056,,,0,,0,,0,0,0,0,,0,72,blue,1274,1655,2929
86,,6810671,1,20260807,,,,,,,,,,,,,,,3,35.37888892429992,135.3169444,,,0,,0,,0,0,0,0,,72,72,blue,0,0,0
86,,6810730,1,20260807,,,,,,,,,,,,,,,3,34.85305603361341,134.605278,,,0,,0,,0,0,0,0,,72,72,blue,0,0,0
86,,6810740,1,20260807,,,,,,,,,,,,,,,3,34.87691203364509,134.61312,,,0,,0,,0,0,0,0,,72,72,blue,0,0,0
86,,6810750,1,20260807,,,,,,,,,,,,,,,3,35.07068203390065,134.587422,,,0,,0,,0,0,0,0,,72,72,blue,0,0,0
86,,6810760,1,20260807,,,,,,,,,,,,,,,3,35.145672033998615,134.539014,,,0,,0,,0,0,0,0,,72,72,blue,0,0,0
86,,6810770,1,20260807,,,,,,,,,,,,,,,3,33.692375032012194,135.984591,,,1,,0,,0,0,0,0,,0,72,blue,0,0,0
86,,6810780,1,20260807,,,,,,,,,,,,,,,3,33.61777803190555,135.927061,,,1,,0,,0,0,0,0,,0,72,blue,0,0,0
86,,6810790,1,20260807,,,,,,,,,,,,,,,3,33.56853903183492,135.910197,,,1,,0,,0,72,72,0,,0,72,blue,0,0,0
86,,6810800,1,20260807,,,,,,,,,,,,,,,3,33.50323103174097,135.806228,,,1,,0,,0,0,0,0,,0,72,blue,0,0,0
86,,6810810,1,20260807,578,237,,,,,,574,143,,,,,,3,33.48392803171314,135.760481,,,0,,0,,0,0,0,0,,0,72,blue,815,717,1532
86,,6810820,1,20260807,5,0,,,,,,15,1,,,,,,3,33.509890031750565,135.60639100000003,,,1,,0,,0,0,0,0,,0,72,blue,5,16,21
86,,6810830,1,20260807,,,,,,,,,,,,,,,3,33.51850003176297,135.57,,,1,,0,,0,0,0,0,,0,72,blue,0,0,0
86,,6810840,1,20260807,129,42,,,,,,197,22,,,,,,3,33.554167031814266,135.458889,,,0,,0,,0,0,0,0,,0,72,blue,171,219,390
86,,6810850,1,20260807,717,92,,,,,,53,2,,,,,,3,33.70273603202697,135.411942,,,0,,0,,0,0,0,0,,0,72,blue,809,55,864
86,,6810860,1,20260807,2164,184,,,,,,1866,149,,,,,,3,33.72250003205514,135.404722,,,0,,0,,0,0,0,0,,0,72,blue,2348,2015,4363
86,,6810880,1,20260807,,,,,,,,,,,,,,,3,33.748889032092684,135.3275,,,1,,0,,0,0,0,0,,0,72,blue,0,0,0
86,,6810890,1,20260807,975,115,,,,,,834,220,,,,,,3,33.7811110321385,135.3025,,,0,,0,,0,0,0,0,,0,72,blue,1090,1054,2144
86,,6810900,1,20260807,895,111,,,,,,1223,202,,,,,,3,33.91892803233343,135.146508,,,0,,0,,0,0,0,0,,0,72,blue,1006,1425,2431
86,,6810910,1,20260807,897,216,,,,,,0,0,,,,,,3,33.94659203237239,135.12965,,,0,,0,,0,0,0,0,,0,72,blue,1113,0,1113
86,,6810920,1,20260807,1339,373,,,,,,1584,224,,,,,,3,34.04305603250771,135.189722,,,0,,0,,0,0,0,0,,0,72,blue,1712,1808,3520
86,,6810930,1,20260807,,,,,,,,,,,,,,,3,34.047035032513286,135.189167,,,1,,0,,0,0,0,0,,0,72,blue,0,0,0
86,,6810950,1,20260807,,,,,,,,,,,,,,,3,34.19539403271991,135.169583,,,1,,0,,0,0,0,0,,0,72,blue,0,0,0
86,,6810960,1,20260807,,,,,,,,,,,,,,,3,33.74962803209376,135.359472,,,1,,0,,0,0,0,0,,0,72,blue,0,0,0
86,,6810980,1,20260807,,,,,,,,,,,,,,,3,34.652222033344536,135.48972200000003,,,1,,0,,0,0,0,0,,0,72,blue,0,0,0
86,,6810990,1,20260807,283,149,,,,,,454,247,,,,,,3,35.551944034520155,136.098333,,,0,,0,,0,0,0,0,,0,72,blue,432,701,1133
86,,6811000,1,20260807,481,195,,,,,,276,138,,,,,,3,35.530000034492396,136.094444,,,0,,0,,0,0,0,0,,0,72,blue,676,414,1090
86,,6811010,1,20260807,1011,264,,,,,,687,224,,,,,,3,35.47888903442754,136.083056,,,0,,0,,0,0,0,0,,0,72,blue,1275,911,2186
86,,6811020,1,20260807,144,86,,,,,,51,101,,,,,,3,35.39750003432375,136.024722,,,0,,0,,0,0,0,0,,0,72,blue,230,152,382
86,,6811030,1,20260807,3544,827,,,,,,2684,701,,,,,,3,35.28722203418211,136.018056,,,0,,0,,0,0,0,0,,0,72,blue,4371,3385,7756
86,,6811040,1,20260807,1603,662,,,,,,1456,445,,,,,,3,35.24777803413116,135.960556,,,0,,0,,0,0,0,0,,0,72,blue,2265,1901,4166
86,,6811050,1,20260807,,,,,,,,,,,,,,,3,35.237778034118236,135.943333,,,1,,0,,0,72,72,0,,0,72,blue,0,0,0
86,,6811080,1,20260807,,,,,,,,,,,,,,,3,34.71861103343382,135.569444,,,1,,0,,0,0,0,0,,0,72,blue,0,0,0
86,,6811120,1,20260807,1029,253,,,,,,929,271,,,,,,3,35.0725560339031,135.008778,,,0,,0,,0,0,0,0,,0,72,blue,1282,1200,2482
86,,6811130,1,20260807,897,218,,,,,,1066,281,,,,,,3,35.12139403396696,135.005953,,,0,,0,,0,0,0,0,,0,72,blue,1115,1347,2462
86,,6811150,1,20260807,,,,,,,,,,,,,,,3,35.16055603401799,135.066111,,,0,,0,,0,0,0,0,,72,72,blue,0,0,0
86,,6811160,1,20260807,,,,,,,,,,,,,,,3,35.23305603411212,135.020833,,,0,,0,,0,0,0,0,,72,72,blue,0,0,0
86,,6811165,1,20260807,824,354,,,,,,705,338,,,,,,3,35.28748503418245,134.977245,,,0,,0,,0,0,0,0,,0,72,blue,1178,1043,2221
86,,6811170,1,20260807,,,,,,,,,,,,,,,3,35.29111103418713,134.970556,,,0,,0,,0,0,0,0,,72,72,blue,0,0,0
86,,6811180,1,20260807,,,,,,,,,,,,,,,3,35.30305603420252,134.92,,,0,,0,,0,0,0,0,,72,72,blue,0,0,0
86,,6811190,1,20260807,,,,,,,,,,,,,,,3,35.34500003425647,134.801111,,,0,,0,,0,0,0,0,,72,72,blue,0,0,0
86,,6811200,1,20260807,,,,,,,,,,,,,,,3,35.36333303427999,134.759167,,,0,,0,,0,0,0,0,,72,72,blue,0,0,0
86,,6811210,1,20260807,1583,180,,,,,,1163,123,,,,,,3,35.49942303445363,134.790538,,,0,,0,,0,0,0,0,,0,72,blue,1763,1286,3049
86,,6811220,1,20260807,1263,165,,,,,,849,117,,,,,,3,35.474942034422526,134.764925,,,0,,0,,0,0,0,0,,0,72,blue,1428,966,2394
86,,6811230,1,20260807,1117,239,,,,,,998,280,,,,,,3,35.43722003437449,134.767839,,,0,,0,,0,0,0,0,,0,72,blue,1356,1278,2634
86,,6811260,1,20260807,2504,315,,,,,,1890,452,,,,,,3,35.01754603383091,136.023618,,,0,,0,,0,0,0,0,,0,72,blue,2819,2342,5161
86,,6811310,1,20260807,7082,2121,,,,,,7837,1855,,,,,,3,34.78856603352747,134.816183,,,0,,0,,0,0,0,0,,0,72,blue,9203,9692,18895
86,,6811320,1,20260807,,,,,,,,,,,,,,,3,34.81472203356237,134.673055,,,1,,0,,0,0,0,0,,0,72,blue,0,0,0
86,,6811340,1,20260807,3873,768,,,,,,6527,1559,,,,,,3,34.83503003358942,134.618945,,,0,,0,,0,0,0,0,,0,72,blue,4641,8086,12727
86,,6811400,1,20260807,1482,449,,,,,,1108,279,,,,,,3,34.54152803319483,135.675417,,,0,,0,,0,0,0,0,,0,72,blue,1931,1387,3318
88,,8810010,1,20260807,483,265,0,,,,,588,177,0,,,,,3,34.22576903276199,134.506281,,,0,0,0,0,0,0,0,0,0,0,72,blue,748,765,1513
88,,8810040,1,20260807,495,297,0,,,,,490,207,0,,,,,3,34.21202803274294,134.426444,,,0,0,0,0,0,0,0,0,0,0,72,blue,792,697,1489
88,,8810050,1,20260807,,,,,,,,,,,,,,,3,34.2426940327854,134.369389,,,1,0,0,0,0,0,0,0,0,0,72,blue,0,0,0
88,,8810060,1,20260807,,,,,,,,,,,,,,,3,34.24194403278437,134.333056,,,1,0,0,0,0,0,0,0,0,0,72,blue,0,0,0
88,,8810070,1,20260807,,,,,,,,,,,,,,,3,34.3096610328778,134.235686,,,1,0,0,0,0,0,0,0,0,0,72,blue,0,0,0
88,,8810080,1,20260807,,,,,,,,,,,,,,,3,34.323825032897304,134.203003,,,1,0,0,0,0,0,0,0,0,0,72,blue,0,0,0
88,,8810090,1,20260807,,,,,,,,,,,,,,,3,34.31055603287904,134.040556,,,1,0,0,0,0,0,0,0,0,0,72,blue,0,0,0
88,,8810100,1,20260807,3070,559,0,,,,,,,,,,,,3,34.31083303287942,134.040833,,,0,0,0,0,0,0,0,0,0,0,72,blue,3629,0,3629
88,,8810110,1,20260807,,,,,,,,,,,,,,,3,34.296344462859466,133.9267892,,,1,0,0,0,0,0,0,0,0,0,72,blue,0,0,0
88,,8810120,1,20260807,3035,266,0,,,,,2552,152,0,,,,,3,34.30830303287593,133.886,,,0,0,0,0,0,0,0,0,0,0,72,blue,3301,2704,6005
88,,8810130,1,20260807,,,,,,,,,,,,,,,3,34.28116903283854,133.818719,,,1,0,0,0,0,0,0,0,0,0,72,blue,0,0,0
88,,8810150,1,20260807,,,,,,,,,,,,,,,3,33.79388903215663,132.931944,,,1,0,0,0,0,0,0,0,0,0,72,blue,0,0,0
88,,8810160,1,20260807,2243,312,0,,,,,2070,390,0,,,,,3,34.251008032796896,133.916925,,,0,0,0,0,0,0,0,0,0,0,72,blue,2555,2460,5015
88,,8810170,1,20260807,1634,311,0,,,,,1844,581,0,,,,,3,34.183472032703364,133.834944,,,0,0,0,0,0,0,0,0,0,0,72,blue,1945,2425,4370
88,,8810180,1,20260807,567,166,0,,,,,502,150,0,,,,,3,34.15741703266719,133.82277800000003,,,0,0,0,0,0,0,0,0,0,0,72,blue,733,652,1385
88,,8810210,1,20260807,941,204,0,,,,,1092,405,0,,,,,3,34.02985603248925,133.814811,,,0,0,0,0,0,0,0,0,0,0,72,blue,1145,1497,2642
88,,8810220,1,20260807,509,193,0,,,,,783,270,0,,,,,3,33.99827503244498,133.788456,,,0,0,0,0,0,0,0,0,0,0,72,blue,702,1053,1755
88,,8810270,1,20260807,506,176,0,,,,,319,164,0,,,,,3,33.699149792021856,133.6898053,,,0,0,0,0,0,0,0,0,0,0,72,blue,682,483,1165
88,,8810310,1,20260807,,,,,,,,,,,,,,,3,33.65416703195762,133.66,,,1,0,0,0,0,0,0,0,0,0,72,blue,0,0,0
88,,8810340,1,20260807,,,,,,,,,,,,,,,3,33.55527803181588,133.460556,,,1,0,0,0,0,0,0,0,0,0,72,blue,0,0,0
88,,8810380,1,20260807,,,,,,,,,,,,,,,3,33.555000031815474,133.139444,,,1,0,0,0,0,0,0,0,0,0,72,blue,0,0,0
88,,8810400,1,20260807,,,,,,,,,,,,,,,3,33.58111103185298,132.9925,,,1,0,0,0,0,0,0,0,0,0,72,blue,0,0,0
88,,8810410,1,20260807,327,63,0,,,,,212,95,0,,,,,3,33.61805603190595,132.933333,,,0,0,0,0,0,0,0,0,0,0,72,blue,390,307,697
88,,8810420,1,20260807,416,75,0,,,,,301,134,0,,,,,3,33.62777803191986,132.916389,,,0,0,0,0,0,0,0,0,0,0,72,blue,491,435,926
88,,8810430,1,20260807,495,114,0,,,,,347,139,0,,,,,3,33.646667031946905,132.905833,,,0,0,0,0,0,0,0,0,0,0,72,blue,609,486,1095
88,,8810450,1,20260807,,,,,,,,,,,,,,,3,33.68178252199708,132.8835762,,,1,0,0,0,0,0,0,0,0,0,72,blue,0,0,0
88,,8810510,1,20260807,,,,,,,,,,,,,,,3,33.73555603207373,132.811667,,,1,0,0,0,0,0,0,0,0,0,72,blue,0,0,0
88,,8810520,1,20260807,,,,,,,,,,,,,,,6,33.80277803216924,132.7775,,,1,0,0,0,0,0,0,0,0,0,72,blue,0,0,0
88,,8810530,1,20260807,,,,,,,,,,,,,,,3,33.80679213217494,132.7455604,,,1,0,0,0,0,0,0,0,0,0,72,blue,0,0,0
88,,8810560,1,20260807,175,25,0,,,,,313,38,0,,,,,3,33.883114032282926,134.645522,,,0,0,0,0,0,0,0,0,0,0,72,blue,200,351,551
88,,8810570,1,20260807,979,155,0,,,,,1378,288,0,,,,,3,33.87310303226879,134.637228,,,0,0,0,0,0,0,0,0,0,0,72,blue,1134,1666,2800
88,,8810580,1,20260807,757,131,0,,,,,870,143,0,,,,,3,33.8064830321745,134.590708,,,0,0,0,0,0,0,0,0,0,0,72,blue,888,1013,1901
88,,8810640,1,20260807,561,76,0,,,,,570,117,0,,,,,3,33.72289703205572,134.519397,,,0,0,0,0,0,0,0,0,0,0,72,blue,637,687,1324
88,,8810660,1,20260807,562,109,0,,,,,420,82,0,,,,,3,33.66041903196656,134.406369,,,0,0,0,0,0,0,0,0,0,0,72,blue,671,502,1173
88,,8810670,1,20260807,566,44,0,,,,,332,74,0,,,,,3,33.58200303185425,134.323467,,,0,0,0,0,0,0,0,0,0,0,72,blue,610,406,1016
88,,8810690,1,20260807,,,,,,,,,,,,,,,3,33.49111103172349,134.261667,,,1,0,0,0,0,0,0,0,0,0,72,blue,0,0,0
88,,8810720,1,20260807,,,,,,,,,,,,,,,3,33.33499901149748,134.1973409,,,1,0,0,0,0,0,0,0,0,0,72,blue,0,0,0
88,,8810730,1,20260807,,,,,,,,,,,,,,,3,33.2510477313752,134.1807112,,,1,0,0,0,0,0,0,0,0,0,72,blue,0,0,0
88,,8810740,1,20260807,,,,,,,,,,,,,,,3,33.29972203144615,134.123333,,,1,0,0,0,0,0,0,0,0,0,72,blue,0,0,0
88,,8810750,1,20260807,,,,,,,,,,,,,,,3,33.371439791550394,134.039855,,,1,0,0,0,0,0,0,0,0,0,72,blue,0,0,0
88,,8810760,1,20260807,,,,,,,,,,,,,,,3,33.42416703162678,134.023333,,,1,0,0,0,0,0,0,0,0,0,72,blue,0,0,0
88,,8810780,1,20260807,,,,,,,,,,,,,,,3,33.441944031652504,133.966111,,,1,0,0,0,0,0,0,0,0,0,72,blue,0,0,0
88,,8810820,1,20260807,,,,,,,,,,,,,,,3,33.5033880317412,133.878652,,,1,0,0,0,0,0,0,0,0,0,72,blue,0,0,0
88,,8810840,1,20260807,,,,,,,,,,,,,,,3,33.525000031772315,133.760278,,,1,0,0,0,0,0,0,0,0,0,72,blue,0,0,0
88,,8810850,1,20260807,,,,,,,,,,,,,,,3,33.42055603162157,133.301944,,,1,0,0,0,0,0,0,0,0,0,72,blue,0,0,0
88,,8810880,1,20260807,138,12,0,,,,,129,36,0,,,,,3,33.3074340314574,133.179556,,,0,0,0,0,0,0,0,0,0,0,72,blue,150,165,315
88,,8810890,1,20260807,,,,,,,,,,,,,,,3,33.28855103142989,133.172023,,,1,0,0,0,0,0,0,0,0,0,72,blue,0,0,0
88,,8810910,1,20260807,346,48,0,,,,,5,0,0,,,,,3,33.266597031397886,133.171467,,,0,0,0,0,0,0,0,0,0,0,72,blue,394,5,399
88,,8810920,1,20260807,613,118,0,,,,,624,188,0,,,,,3,33.21880803132811,133.140708,,,0,0,0,0,0,0,0,0,0,0,72,blue,731,812,1543
88,,8810940,1,20260807,1020,134,0,,,,,1104,157,0,,,,,3,33.0089042010197,132.9856986,,,0,0,0,0,0,0,0,0,0,0,72,blue,1154,1261,2415
88,,8810960,1,20260807,552,58,0,,,,,589,107,0,,,,,3,32.97816103097427,132.889125,,,0,0,0,0,0,0,0,0,0,0,72,blue,610,696,1306
88,,8810970,1,20260807,425,89,0,,,,,640,47,0,,,,,3,32.977644030973515,132.885636,,,0,0,0,0,0,0,0,0,0,0,72,blue,514,687,1201
88,,8811000,1,20260807,959,86,0,,,,,1161,82,0,,,,,3,32.96687203095758,132.865489,,,0,0,0,0,0,0,0,0,0,0,72,blue,1045,1243,2288
88,,8811020,1,20260807,279,94,0,,,,,534,66,0,,,,,3,32.96457803095418,132.816661,,,0,0,0,0,0,0,0,0,0,0,72,blue,373,600,973
88,,8811040,1,20260807,602,89,0,,,,,525,57,0,,,,,3,32.95833303094494,132.796389,,,0,0,0,0,0,0,0,0,0,0,72,blue,691,582,1273
88,,8811050,1,20260807,,,,,,,,,,,,,,,3,32.93641403091248,132.736475,,,1,0,0,0,0,0,0,0,0,0,72,blue,0,0,0
88,,8811060,1,20260807,317,101,0,,,,,310,68,0,,,,,3,32.969853030961985,132.683747,,,0,0,0,0,0,0,0,0,0,0,72,blue,418,378,796
88,,8811070,1,20260807,,,,,,,,,,,,,,,3,32.970303030962654,132.665209,,,1,0,0,0,0,0,0,0,0,0,72,blue,0,0,0
88,,8811080,1,20260807,519,39,0,,,,,536,125,0,,,,,3,32.95232903093605,132.60067,,,0,0,0,0,0,0,0,0,0,0,72,blue,558,661,1219
88,,8811090,1,20260807,481,151,0,,,,,578,107,0,,,,,3,32.9541190309387,132.584276,,,0,0,0,0,0,0,0,0,0,0,72,blue,632,685,1317
88,,8811110,1,20260807,451,125,0,,,,,483,91,0,,,,,3,33.04654603107523,132.48536,,,0,0,0,0,0,0,0,0,0,0,72,blue,576,574,1150
88,,8811130,1,20260807,509,177,0,,,,,821,178,0,,,,,3,33.0789110311229,132.49507,,,0,0,0,0,0,0,0,0,0,0,72,blue,686,999,1685
88,,8811140,1,20260807,307,83,0,,,,,438,87,0,,,,,3,33.11350003117377,132.518333,,,0,0,0,0,0,0,0,0,0,0,72,blue,390,525,915
88,,8811150,1,20260807,529,145,0,,,,,718,117,0,,,,,3,33.12469803119022,132.521282,,,0,0,0,0,0,0,0,0,0,0,72,blue,674,835,1509
88,,8811170,1,20260807,488,83,0,,,,,531,203,0,,,,,3,33.49517003172935,132.54537,,,0,0,0,0,0,0,0,0,0,0,72,blue,571,734,1305
88,,8811180,1,20260807,313,76,0,,,,,337,71,0,,,,,3,33.15677703123728,132.5469,,,0,0,0,0,0,0,0,0,0,0,72,blue,389,408,797
88,,8811190,1,20260807,1005,78,0,,,,,808,124,0,,,,,3,33.264024031394136,132.552651,,,0,0,0,0,0,0,0,0,0,0,72,blue,1083,932,2015
88,,8811210,1,20260807,2373,350,0,,,,,1996,603,0,,,,,3,33.23340003134943,132.559577,,,0,0,0,0,0,0,0,0,0,0,72,blue,2723,2599,5322
88,,8811220,1,20260807,1347,151,0,,,,,827,269,0,,,,,3,33.21975503132949,132.55883,,,0,0,0,0,0,0,0,0,0,0,72,blue,1498,1096,2594
88,,8811230,1,20260807,2514,369,0,,,,,1861,413,0,,,,,3,33.21400003132108,132.545961,,,0,0,0,0,0,0,0,0,0,0,72,blue,2883,2274,5157
88,,8811240,1,20260807,1170,253,0,,,,,884,216,0,,,,,3,33.187563031282394,132.543219,,,0,0,0,0,0,0,0,0,0,0,72,blue,1423,1100,2523
88,,8811250,1,20260807,,,,,,,,,,,,,,,3,33.623917031914345,132.69675,,,1,0,0,0,0,0,0,0,0,0,72,blue,0,0,0
88,,8811260,1,20260807,,,,,,,,,,,,,,,3,33.63910303193607,132.70852,,,1,0,0,0,0,0,0,0,0,0,72,blue,0,0,0
88,,8811300,1,20260807,985,348,0,,,,,838,178,0,,,,,3,33.701111032024656,132.7075,,,0,0,0,0,0,0,0,0,0,0,72,blue,1333,1016,2349
88,,8811320,1,20260807,1190,156,0,,,,,510,249,0,,,,,3,33.99242782243679,133.6034113,,,0,0,0,0,0,0,0,0,0,0,72,blue,1346,759,2105
88,,8811330,1,20260807,508,112,0,,,,,159,124,0,,,,,3,33.99611044244195,133.6571521,,,0,0,0,0,0,0,0,0,0,0,72,blue,620,283,903
88,,8811360,1,20260807,574,160,0,,,,,295,127,0,,,,,3,34.015556032469206,133.77361100000002,,,0,0,0,0,0,0,0,0,0,0,72,blue,734,422,1156
88,,8811430,1,20260807,,,,,,,,,,,,,,,3,33.981944032422064,132.778333,,,1,0,0,0,0,0,0,0,0,0,72,blue,0,0,0
88,,8811450,1,20260807,1511,336,0,,,,,1633,422,0,,,,,3,33.98044403241997,133.057088,,,0,0,0,0,0,0,0,0,0,0,72,blue,1847,2055,3902
89,,9810010,1,20260807,3338,320,0,,,,,1811,203,0,,,,,3,33.86852803226232,130.79675,,,0,0,0,0,0,0,0,0,0,0,72,blue,3658,2014,5672
89,,9810020,1,20260807,,,,,,,,,,,,,,,3,33.835259032215276,130.608521,,,1,0,0,0,0,0,0,0,0,0,72,blue,0,0,0
89,,9810030,1,20260807,,,,,,,,,,,,,,,3,33.78978203215081,130.567337,,,1,0,0,0,0,0,0,0,0,0,72,blue,0,0,0
89,,9810040,1,20260807,4613,728,0,,,,,8094,985,0,,,,,3,33.744955032087105,130.488242,,,0,0,0,0,0,0,0,0,0,0,72,blue,5341,9079,14420
89,,9810050,1,20260807,,,,,,,,,,,,,,,3,33.73691203207566,130.478193,,,1,0,0,0,0,0,0,0,0,0,72,blue,0,0,0
89,,9810070,1,20260807,6063,1194,0,,,,,3802,1124,0,,,,,3,33.52600403177376,130.49557,,,0,0,0,0,0,0,0,0,0,0,72,blue,7257,4926,12183
89,,9810080,1,20260807,6349,1023,0,,,,,3795,882,0,,,,,3,33.51100303175216,130.511069,,,0,0,0,0,0,0,0,0,0,0,72,blue,7372,4677,12049
89,,9810090,1,20260807,5304,967,0,,,,,4788,1207,0,,,,,3,33.510200031751005,130.520977,,,0,0,0,0,0,0,0,0,0,0,72,blue,6271,5995,12266
89,,9810100,1,20260807,3494,1020,0,,,,,3896,1016,0,,,,,3,33.477797031704284,130.53932,,,0,0,0,0,0,0,0,0,0,0,72,blue,4514,4912,9426
89,,9810120,1,20260807,,,,,,,,,,,,,,,3,33.33966203150427,130.525942,,,1,,,,,,,,,,72,blue,0,0,0
89,,9810130,1,20260807,555,484,0,,,,,486,593,0,,,,,3,33.19870703129871,130.60119,,,0,0,0,0,0,0,0,0,0,0,72,blue,1039,1079,2118
89,,9810140,1,20260807,,,,,,,,,,,,,,,3,33.170447031257325,130.617432,,,1,0,0,0,0,0,0,0,0,0,72,blue,0,0,0
89,,9810150,1,20260807,6258,766,0,,,,,4236,697,0,,,,,3,33.86806903226167,130.775199,,,0,0,0,0,0,0,0,0,0,0,72,blue,7024,4933,11957
89,,9810160,1,20260807,3035,585,0,,,,,,,,,,,,3,33.86432503225638,130.74688,,,0,0,0,0,0,0,0,0,0,0,72,blue,3620,0,3620
89,,9810170,1,20260807,1174,138,0,,,,,1427,276,0,,,,,3,33.648732031949855,130.441499,,,0,0,0,0,0,0,0,0,0,0,72,blue,1312,1703,3015
89,,9810180,1,20260807,5871,1034,0,,,,,5986,1108,0,,,,,3,33.61500003190157,130.438611,,,0,0,0,0,0,0,0,0,0,0,72,blue,6905,7094,13999
89,,9810190,1,20260807,,,,,,,,,,,,,,,3,33.4496850316637,130.546326,,,1,0,0,0,0,0,0,0,0,0,72,blue,0,0,0
89,,9810200,1,20260807,,,,,,,,,,,,,,,3,33.41916903161956,130.532642,,,1,,,,,,,,,,72,blue,0,0,0
89,,9810210,1,20260807,1364,477,0,,,,,1482,391,0,,,,,3,32.92737203089908,130.698429,,,0,0,0,0,0,0,0,0,0,0,72,blue,1841,1873,3714
89,,9810230,1,20260807,400,63,0,,,,,337,61,0,,,,,3,32.33541003001024,130.485852,,,0,0,0,0,0,0,0,0,0,0,72,blue,463,398,861
89,,9810240,1,20260807,399,84,0,,,,,318,43,0,,,,,3,32.24685302987536,130.498828,,,0,0,0,0,0,0,0,0,0,0,72,blue,483,361,844
89,,9810260,1,20260807,,,,,,,,,,,,,,,3,32.06933302960361,130.240833,,,1,0,0,0,0,0,0,0,0,0,72,blue,0,0,0
89,,9810270,1,20260807,,,,,,,,,,,,,,,3,32.05996802958923,130.223169,,,1,0,0,0,0,0,0,0,0,0,72,blue,0,0,0
89,,9810280,1,20260807,,,,,,,,,,,,,,,3,32.00103302949858,130.195866,,,1,0,0,0,0,0,0,0,0,0,72,blue,0,0,0
89,,9810290,1,20260807,,,,,,,,,,,,,,,3,31.77354502914685,130.301221,,,1,0,0,0,0,0,0,0,0,0,72,blue,0,0,0
89,,9810300,1,20260807,,,,,,,,,,,,,,,3,31.752394029113987,130.297198,,,1,0,0,0,0,0,0,0,0,0,72,blue,0,0,0
89,,9810310,1,20260807,,,,,,,,,,,,,,,3,31.671780028988586,130.334671,,,1,0,0,0,0,0,0,0,0,0,72,blue,0,0,0
89,,9810320,1,20260807,,,,,,,,,,,,,,,3,31.644384028945897,130.514685,,,1,0,0,0,0,0,0,0,0,0,72,blue,0,0,0
89,,9810330,1,20260807,2927,157,0,,,,,2625,186,0,,,,,3,31.593127028865894,130.55217,,,0,0,0,0,0,0,0,0,0,0,72,blue,3084,2811,5895
89,,9810340,1,20260807,,,,,,,,,,,,,,,3,31.774587029148464,130.294585,,,1,0,0,0,0,0,0,0,0,0,72,blue,0,0,0
89,,9810350,1,20260807,,,,,,,,2646,471,0,,,,,3,31.586173028855043,130.521497,,,0,0,0,0,0,0,0,0,0,0,72,blue,0,3117,3117
89,,9810360,1,20260807,,,,,,,,,,,,,,,3,33.6356250319311,131.074923,,,1,0,0,0,0,2,2,0,1,0,72,blue,0,0,0
89,,9810370,1,20260807,,,,,,,,,,,,,,,3,33.60811903189171,131.1134,,,1,0,0,0,0,67,67,68,50,0,72,blue,0,0,0
89,,9810380,1,20260807,,,,,,,,,,,,,,,3,33.55407703181414,131.25154,,,1,0,0,0,0,0,0,0,0,0,72,blue,0,0,0
89,,9810390,1,20260807,,,,,,,,,,,,,,,3,33.47356403169818,131.495973,,,1,0,0,0,0,0,0,0,0,0,72,blue,0,0,0
89,,9810400,1,20260807,,,,,,,,,,,,,,,3,33.4199570316207,131.549075,,,1,0,0,0,0,0,0,0,0,0,72,blue,0,0,0
89,,9810410,1,20260807,,,,,,,,,,,,,,,3,33.35718603152971,131.497308,,,1,0,0,0,0,0,0,0,0,0,72,blue,0,0,0
89,,9810420,1,20260807,4172,600,0,,,,,5173,772,0,,,,,3,33.28844603142974,131.50415600000002,,,0,0,0,0,0,0,0,0,0,0,72,blue,4772,5945,10717
89,,9810430,1,20260807,2393,374,0,,,,,3002,306,0,,,,,3,33.1773230312674,131.619615,,,0,0,0,0,0,0,0,0,0,0,72,blue,2767,3308,6075
89,,9810440,1,20260807,,,,,,,,,,,,,,,3,33.091164031140934,131.647172,,,1,0,0,0,0,0,0,0,0,0,72,blue,0,0,0
89,,9810450,1,20260807,53,7,0,,,,,23,7,0,,,,,3,33.07813503112177,131.638559,,,0,0,0,0,0,17,17,0,35,0,72,blue,60,30,90
89,,9810460,1,20260807,28,7,0,,,,,25,3,0,,,,,3,33.03375103105637,131.689156,,,1,0,0,0,0,4,4,0,16,0,72,blue,35,28,63
89,,9810470,1,20260807,27,4,0,,,,,12,4,0,,,,,3,33.001599031008915,131.788698,,,1,0,0,0,0,20,20,0,26,0,72,blue,31,16,47
89,,9810480,1,20260807,9,2,0,,,,,7,0,0,,,,,3,32.95275303093668,131.841525,,,1,0,0,0,0,8,8,0,23,0,72,blue,11,7,18
89,,9810490,1,20260807,0,0,0,,,,,0,0,0,,,,,3,32.92192503089102,131.801353,,,1,0,0,0,0,6,6,0,17,0,72,blue,0,0,0
89,,9810500,1,20260807,0,0,0,,,,,2,2,0,,,,,3,32.84521503077709,131.718143,,,1,0,0,0,0,5,5,0,16,0,72,blue,0,4,4
89,,9810510,1,20260807,,,,,,,,,,,,,,,3,33.53550003178742,131.301439,,,1,0,0,0,0,0,0,0,0,0,72,blue,0,0,0
89,,9810520,1,20260807,,,,,,,,,,,,,,,3,33.17727003126732,131.636491,,,1,0,0,0,0,0,0,0,0,0,72,blue,0,0,0
89,,9810530,1,20260807,0,0,0,,,,,0,0,0,,,,,3,32.76588703065887,131.69922,,,0,0,0,0,0,13,13,0,25,0,72,blue,0,0,0
89,,9810540,1,20260807,0,0,0,,,,,0,0,0,,,,,3,32.73308003060985,131.712307,,,1,0,0,0,0,6,6,0,2,0,72,blue,0,0,0
89,,9810550,1,20260807,0,0,0,,,,,0,0,0,,,,,3,32.680641030531355,131.69547,,,1,0,0,0,0,3,3,1,2,0,72,blue,0,0,0
89,,9810560,1,20260807,0,0,0,,,,,0,0,0,,,,,3,32.6162990304348,131.682165,,,1,0,0,0,0,6,6,0,4,0,72,blue,0,0,0
89,,9810580,1,20260807,0,0,0,,,,,0,0,0,,,,,3,32.56240603035372,131.681538,,,1,0,0,0,0,3,3,0,1,0,72,blue,0,0,0
89,,9810590,1,20260807,,,,,,,,,,,,,,,3,32.512945030279155,131.682071,,,1,0,0,0,0,15,15,33,26,0,72,blue,0,0,0
89,,9810600,1,20260807,0,0,0,,,,,0,0,0,,,,,3,32.505475030267874,131.671612,,,1,0,0,0,0,8,8,1,9,0,72,blue,0,0,0
89,,9810610,1,20260807,0,0,0,,,,,1,0,0,,,,,3,32.48380003023514,131.65983,,,1,0,0,0,0,2,2,0,0,0,72,blue,0,1,1
89,,9810620,1,20260807,0,1,0,,,,,3,0,0,,,,,3,32.44750003018023,131.634167,,,1,0,0,0,0,5,5,0,3,0,72,blue,1,3,4
89,,9810630,1,20260807,4,1,0,,,,,2,1,0,,,,,3,32.34169203001978,131.615818,,,1,0,0,0,0,3,3,0,1,0,72,blue,5,3,8
89,,9810640,1,20260807,,,,,,,,,,,,,,,3,32.118920029679714,131.525151,,,1,0,0,0,0,6,6,1,7,0,72,blue,0,0,0
89,,9810650,1,20260807,,,,,,,,,,,,,,,3,32.04093702955998,131.469141,,,1,0,0,0,0,19,19,0,20,0,72,blue,0,0,0
89,,9810660,1,20260807,,,,,,,,,,,,,,,3,31.943136029409334,131.344339,,,1,0,0,0,0,0,0,0,0,0,72,blue,0,0,0
89,,9810670,1,20260807,,,,,,,,,,,,,,,3,31.95151902942227,131.26782500000002,,,1,0,0,0,0,0,0,0,0,0,72,blue,0,0,0
89,,9810680,1,20260807,,,,,,,,,,,,,,,3,31.916759029368613,131.228421,,,1,0,0,0,0,0,0,0,0,0,72,blue,0,0,0
89,,9810690,1,20260807,,,,,,,,,,,,,,,3,31.831007029235955,131.126939,,,1,0,0,0,0,0,0,0,0,0,72,blue,0,0,0
89,,9810700,1,20260807,6,3,0,,,,,31,7,0,,,,,3,31.70972202904765,131.054167,,,1,0,0,0,0,0,0,0,0,0,72,blue,9,38,47
89,,9810710,1,20260807,,,,,,,,,,,,,,,3,31.70997802904806,131.024809,,,1,0,0,0,0,0,0,0,0,0,72,blue,0,0,0
89,,9810720,1,20260807,,,,,,,,,,,,,,,3,31.661481028972545,130.889721,,,1,0,0,0,0,0,0,0,0,0,72,blue,0,0,0
89,,9810730,1,20260807,2097,494,0,,,,,1188,483,0,,,,,3,31.723242029068686,130.809578,,,0,0,0,0,0,0,0,0,0,0,72,blue,2591,1671,4262
89,,9810740,1,20260807,,,,,,,,,,,,,,,3,33.30389903145224,130.368554,,,1,,,,,,,,,,72,blue,0,0,0
89,,9810750,1,20260807,,,,,,,,,,,,,,,3,33.27419603140898,130.293549,,,1,,,,,,,,,,72,blue,0,0,0
89,,9810760,1,20260807,,,,,,,,,,,,,,,3,33.26474303139519,130.245086,,,1,,,,,,,,,,72,blue,0,0,0
89,,9810770,1,20260807,,,,,,,,,,,,,,,3,33.26041603138888,130.218458,,,1,,,,,,,,,,72,blue,0,0,0
89,,9810780,1,20260807,,,,,,,,,,,,,,,3,33.23447503135101,130.18203100000002,,,1,,,,,,,,,,72,blue,0,0,0
89,,9810790,1,20260807,,,,,,,,,,,,,,,3,33.22225103133315,130.172161,,,1,,,,,,,,,,72,blue,0,0,0
89,,9810800,1,20260807,,,,,,,,,,,,,,,3,33.219025031328435,130.143217,,,1,,,,,,,,,,72,blue,0,0,0
89,,9810810,1,20260807,,,,,,,,,,,,,,,3,33.21595003132393,130.087452,,,1,,,,,,,,,,72,blue,0,0,0
89,,9810820,1,20260807,,,,,,,,,,,,,,,3,33.21877403132806,130.052459,,,1,,,,,,,,,,72,blue,0,0,0
89,,9810830,1,20260807,,,,,,,,,,,,,,,3,33.207839031312076,130.047967,,,1,,,,,,,,,,72,blue,0,0,0
89,,9810840,1,20260807,417,77,0,,,,,367,104,0,,,,,3,33.07291503111407,129.960829,,,0,0,0,0,0,0,0,0,0,0,72,blue,494,471,965
89,,9810850,1,20260807,1739,304,0,,,,,1454,322,0,,,,,3,32.995999031000636,129.948701,,,0,0,0,0,0,0,0,0,0,0,72,blue,2043,1776,3819
89,,9810860,1,20260807,,,,,,,,,,,,,,,3,32.9044610308651,129.957531,,,1,0,0,0,0,0,0,0,0,0,72,blue,0,0,0
89,,9810870,1,20260807,,,,,,,,,,,,,,,3,32.8905010308444,129.971348,,,1,0,0,0,0,0,0,0,0,0,72,blue,0,0,0
89,,9810890,1,20260807,1356,205,0,,,,,1461,166,0,,,,,3,32.87494503082128,130.02412,,,0,0,0,0,0,0,0,0,0,0,72,blue,1561,1627,3188
89,,9810900,1,20260807,923,109,0,,,,,1570,146,0,,,,,3,32.83967403076884,130.024592,,,0,0,0,0,0,0,0,0,0,0,72,blue,1032,1716,2748
89,,9810910,1,20260807,,,,,,,,,,,,,,,3,33.19594003129466,129.977938,,,1,0,0,0,0,0,0,0,0,0,72,blue,0,0,0
89,,9810920,1,20260807,61,10,0,,,,,78,12,0,,,,,3,33.191150031287656,129.943948,,,1,0,0,0,0,0,0,0,0,0,72,blue,71,90,161
89,,9810930,1,20260807,1017,244,0,,,,,901,283,0,,,,,3,33.18881403128423,129.9054,,,0,0,0,0,0,0,0,0,0,0,72,blue,1261,1184,2445
89,,9810940,1,20260807,24,12,0,,,,,30,5,0,,,,,3,32.97184603096493,131.383534,,,1,0,0,0,0,5,5,0,12,0,72,blue,36,35,71
89,,9810950,1,20260807,15,7,0,,,,,10,4,0,,,,,3,32.96828103095967,131.382552,,,1,0,0,0,0,3,3,0,13,0,72,blue,22,14,36
89,,9810960,1,20260807,3,3,0,,,,,6,7,0,,,,,3,32.96091703094877,131.248695,,,1,0,0,0,0,5,5,0,16,0,72,blue,6,13,19
89,,9810970,1,20260807,43,21,0,,,,,1,0,0,,,,,3,33.03288603105509,131.537821,,,0,0,0,0,0,12,12,0,29,0,72,blue,64,1,65
89,,9810980,1,20260807,,,,,,,,,,,,,,,3,33.00262303101042,131.45315500000004,,,1,0,0,0,0,33,33,51,37,0,72,blue,0,0,0
89,,9810990,1,20260807,,,,,,,,,,,,,,,3,32.96097103094884,131.244117,,,1,0,0,0,0,0,0,0,0,0,72,blue,0,0,0
89,,9811000,1,20260807,1399,390,0,,,,,1203,350,0,,,,,3,32.93530403091085,131.035064,,,0,0,0,0,0,0,0,0,0,0,72,blue,1789,1553,3342
89,,9811010,1,20260807,,,,,,,,,,,,,,,3,32.87672503082393,130.954853,,,1,0,0,0,0,0,0,0,0,0,72,blue,0,0,0
89,,9811020,1,20260807,1056,168,0,,,,,877,241,0,,,,,3,32.614306030431806,130.462111,,,0,0,0,0,0,0,0,0,0,0,72,blue,1224,1118,2342
89,,9811030,1,20260807,,,,,,,,,,,,,,,3,32.72539603059835,130.251342,,,1,,,,,,,,,,72,blue,0,0,0
89,,9811040,1,20260807,,,,,,,,,,,,,,,3,32.72077403059144,130.234748,,,1,,,,,,,,,,72,blue,0,0,0
89,,9811050,1,20260807,,,,,,,,,,,,,,,3,32.73587103061402,130.209003,,,1,,,,,,,,,,72,blue,0,0,0
89,,9811060,1,20260807,,,,,,,,,,,,,,,3,32.808908030723025,130.149506,,,1,,,,,,,,,,72,blue,0,0,0
89,,9811070,1,20260807,,,,,,,,,,,,,,,3,32.836521030764146,130.094768,,,1,,,,,,,,,,72,blue,0,0,0
89,,9811080,1,20260807,,,,,,,,,,,,,,,3,32.83196203075736,130.053336,,,1,,,,,,,,,,72,blue,0,0,0
89,,9811090,1,20260807,,,,,,,,,,,,,,,3,33.61888103190713,130.568781,,,1,0,0,0,0,68,68,0,50,0,72,blue,0,0,0
89,,9811100,1,20260807,0,0,0,,,,,1,0,0,,,,,3,33.61860003190672,130.579442,,,1,0,0,0,0,59,59,1,49,0,72,blue,0,1,1
89,,9811110,1,20260807,,,,,,,,,,,,,,,3,33.62194303191151,130.588462,,,1,0,0,0,0,1,1,0,1,0,72,blue,0,0,0
89,,9811120,1,20260807,,,,,,,,,,,,,,,3,33.65684603196145,130.750269,,,1,,,,,,,,,,72,blue,0,0,0
89,,9811130,1,20260807,,,,,,,,,,,,,,,3,33.6514250319537,130.761828,,,1,,,,,,,,,,72,blue,0,0,0
89,,9811140,1,20260807,,,,,,,,,,,,,,,3,33.64137503193933,130.764099,,,1,0,0,0,0,1,1,0,1,0,72,blue,0,0,0
89,,9811150,1,20260807,,,,,,,,,,,,,,,3,33.65331703195642,130.807798,,,1,,,,,,,,,,72,blue,0,0,0
89,,9811170,1,20260807,,,,,,,,,,,,,,,3,33.37200003155121,130.3311,,,1,,,,,,,,,,72,blue,0,0,0
89,,9811180,1,20260807,,,,,,,,,,,,,,,3,33.6231190319132,130.671342,,,1,,,,,,,,,,72,blue,0,0,0
89,,9811190,1,20260807,,,,,,,,,,,,,,,3,33.74379703208545,130.970335,,,1,0,0,0,0,0,0,0,0,0,72,blue,0,0,0
89,,9811210,1,20260807,504,51,0,,,,,400,64,0,,,,,3,33.50948303174998,130.110769,,,0,0,0,0,0,0,0,0,0,0,72,blue,555,464,1019
89,,9811220,1,20260807,186,35,0,,,,,226,17,0,,,,,3,33.501667031738705,130.069167,,,0,0,0,0,0,0,0,0,0,0,72,blue,221,243,464
89,,9811240,1,20260807,1542,359,0,,,,,0,0,0,,,,,3,33.522842031769216,130.168427,,,0,0,0,0,0,0,0,0,0,0,72,blue,1901,0,1901
89,,9811250,1,20260807,,,,,,,,,,,,,,,3,33.51344603175569,130.14563,,,1,0,0,0,0,0,0,0,0,0,72,blue,0,0,0
89,,9811260,1,20260807,172,31,0,,,,,264,23,0,,,,,3,33.45431303167039,130.042275,,,0,0,0,0,0,0,0,0,0,0,72,blue,203,287,490
89,,9811270,1,20260807,1404,147,0,,,,,1516,328,0,,,,,3,33.431110031636834,129.991737,,,0,0,0,0,0,0,0,0,0,0,72,blue,1551,1844,3395
89,,9811280,1,20260807,348,56,0,,,,,389,86,0,,,,,3,33.348904031517684,129.933234,,,0,0,0,0,0,0,0,0,0,0,72,blue,404,475,879
89,,9811290,1,20260807,1062,180,0,,,,,916,203,0,,,,,3,33.331844031492885,129.928169,,,0,0,0,0,0,0,0,0,0,0,72,blue,1242,1119,2361
89,,9811300,1,20260807,156,23,0,,,,,149,30,0,,,,,3,33.268208031400235,129.88248900000002,,,1,0,0,0,0,0,0,0,0,0,72,blue,179,179,358
89,,9811310,1,20260807,,,,,,,,,,,,,,,3,33.24091903136041,129.850727,,,1,0,0,0,0,0,0,0,0,0,72,blue,0,0,0
89,,9811320,1,20260807,896,143,0,,,,,610,133,0,,,,,3,33.45989003167844,130.040128,,,0,0,0,0,0,0,0,0,0,0,72,blue,1039,743,1782
89,,9811330,1,20260807,170,29,0,,,,,153,35,0,,,,,3,33.38450403156936,129.984455,,,1,0,0,0,0,0,0,0,0,0,72,blue,199,188,387
89,,9811340,1,20260807,,,,,,,,,,,,,,,6,33.31161503146347,130.070351,,,1,,,,,,,,,,72,blue,0,0,0
89,,9811350,1,20260807,,,,,,,,,,,,,,,3,33.304966031453795,130.076971,,,1,,,,,,,,,,72,blue,0,0,0
89,,9811360,1,20260807,2128,385,0,,,,,1661,274,0,,,,,3,33.29002103143203,130.168151,,,0,0,0,0,0,0,0,0,0,0,72,blue,2513,1935,4448
89,,9811370,1,20260807,1191,147,0,,,,,1298,131,0,,,,,3,33.327444031486486,130.034833,,,0,0,0,0,0,0,0,0,0,0,72,blue,1338,1429,2767
89,,9811380,1,20260807,148,9,0,,,,,156,25,0,,,,,3,33.29362203143727,130.116435,,,1,0,0,0,0,0,0,0,0,0,72,blue,157,181,338
89,,9811390,1,20260807,,,,,,,,,,,,,,,3,33.03691103106103,129.918279,,,1,,,,,,,,,,72,blue,0,0,0
89,,9811400,1,20260807,891,178,0,,,,,970,178,0,,,,,3,32.90829103087079,130.661481,,,0,0,0,0,0,0,0,0,0,0,72,blue,1069,1148,2217
89,,9811410,1,20260807,952,115,0,,,,,1335,81,0,,,,,3,33.01722203103198,130.439722,,,0,0,0,0,0,0,0,0,0,0,72,blue,1067,1416,2483
89,,9811420,1,20260807,1332,194,0,,,,,1294,163,0,,,,,3,33.05710503109079,130.465234,,,0,0,0,0,0,0,0,0,0,0,72,blue,1526,1457,2983
89,,9811450,1,20260807,1680,467,0,,,,,1536,517,0,,,,,3,33.01280003102545,130.425184,,,0,0,0,0,0,0,0,0,0,0,72,blue,2147,2053,4200
89,,9811460,1,20260807,,,,,,,,,,,,,,,3,33.140861031213944,130.422417,,,1,0,0,0,0,0,0,0,0,0,72,blue,0,0,0
89,,9811461,1,20260807,1597,329,0,,,,,1734,482,0,,,,,3,33.184560031278004,130.387933,,,0,0,0,0,0,0,0,0,0,0,72,blue,1926,2216,4142
89,,9811470,1,20260807,2378,481,0,,,,,1836,493,0,,,,,3,33.0462530310748,130.431406,,,0,0,0,0,0,0,0,0,0,0,72,blue,2859,2329,5188
89,,9811480,1,20260807,2307,614,0,,,,,1692,391,0,,,,,3,33.055717031088754,130.4292,,,0,0,0,0,0,0,0,0,0,0,72,blue,2921,2083,5004
89,,9811490,1,20260807,2772,504,0,,,,,2153,560,0,,,,,3,33.069783031109466,130.42405,,,0,0,0,0,0,0,0,0,0,0,72,blue,3276,2713,5989
89,,9811500,1,20260807,2644,678,0,,,,,2085,442,0,,,,,3,33.077520031120855,130.428242,,,0,0,0,0,0,0,0,0,0,0,72,blue,3322,2527,5849
89,,9811510,1,20260807,2302,570,0,,,,,1938,509,0,,,,,3,33.08238303112801,130.433017,,,0,0,0,0,0,0,0,0,0,0,72,blue,2872,2447,5319
89,,9811520,1,20260807,2086,564,0,,,,,1728,391,0,,,,,3,33.11826103118075,130.430375,,,0,0,0,0,0,0,0,0,0,0,72,blue,2650,2119,4769
89,,9811540,1,20260807,1346,316,0,,,,,1377,198,0,,,,,3,33.15753403123839,130.478771,,,0,0,0,0,0,0,0,0,0,0,72,blue,1662,1575,3237
89,,9811550,1,20260807,1364,340,0,,,,,1415,386,0,,,,,3,33.22942603134362,130.505954,,,0,0,0,0,0,0,0,0,0,0,72,blue,1704,1801,3505
89,,9811560,1,20260807,1683,395,0,,,,,1505,462,0,,,,,3,33.23505203135184,130.507151,,,0,0,0,0,0,0,0,0,0,0,72,blue,2078,1967,4045
89,,9811570,1,20260807,1675,502,0,,,,,1550,378,0,,,,,3,33.24799503137074,130.509483,,,0,0,0,0,0,0,0,0,0,0,72,blue,2177,1928,4105
89,,9811580,1,20260807,1526,359,0,,,,,1743,405,0,,,,,3,33.25651503138319,130.509461,,,0,0,0,0,0,0,0,0,0,0,72,blue,1885,2148,4033
89,,9811590,1,20260807,7,7,0,,,,,736,201,0,,,,,3,33.31995703147561,130.594037,,,0,0,0,0,0,0,0,0,0,0,72,blue,14,937,951
89,,9811600,1,20260807,663,187,0,,,,,577,195,0,,,,,3,33.345255031512394,130.730893,,,0,0,0,0,0,0,0,0,0,0,72,blue,850,772,1622
89,,9811610,1,20260807,704,161,0,,,,,607,178,0,,,,,3,33.3437500315102,130.752694,,,0,0,0,0,0,0,0,0,0,0,72,blue,865,785,1650
89,,9811620,1,20260807,592,159,0,,,,,538,198,0,,,,,3,33.33338803149515,130.801953,,,0,0,0,0,0,0,0,0,0,0,72,blue,751,736,1487
89,,9811650,1,20260807,1031,284,0,,,,,833,273,0,,,,,3,33.331960031493075,130.852326,,,0,0,0,0,0,0,0,0,0,0,72,blue,1315,1106,2421
89,,9811660,1,20260807,,,,,,,,,,,,,,,3,33.307732031457824,130.915379,,,1,0,0,0,0,0,0,0,0,0,72,blue,0,0,0
89,,9811670,1,20260807,,,,,,,,,,,,,,,3,33.29883403144486,130.938844,,,1,0,0,0,0,0,0,0,0,0,72,blue,0,0,0
89,,9811680,1,20260807,,,,,,,,,,,,,,,3,33.29818903144393,130.952388,,,1,0,0,0,0,0,0,0,0,0,72,blue,0,0,0
89,,9811690,1,20260807,,,,,,,,,,,,,,,3,33.29921203144541,130.96937,,,1,0,0,0,0,0,0,0,0,0,72,blue,0,0,0
89,,9811700,1,20260807,571,230,0,,,,,546,233,0,,,,,3,33.261645031390664,131.01058,,,0,0,0,0,0,0,0,0,0,0,72,blue,801,779,1580
89,,9811710,1,20260807,,,,,,,,,,,,,,,3,33.28000003141744,131.128611,,,1,0,0,0,0,0,0,0,0,0,72,blue,0,0,0
89,,9811720,1,20260807,,,,,,,,,,,,,,,3,33.237877031355964,131.175263,,,1,0,0,0,0,0,0,0,0,0,72,blue,0,0,0
89,,9811730,1,20260807,334,194,0,,,,,516,170,0,,,,,3,33.2405000313598,131.224187,,,0,0,0,0,0,0,0,0,0,0,72,blue,528,686,1214
89,,9811740,1,20260807,421,229,0,,,,,326,234,0,,,,,3,33.25496403138093,131.328533,,,0,0,0,0,0,0,0,0,0,0,72,blue,650,560,1210
89,,9811750,1,20260807,599,470,0,,,,,558,232,0,,,,,3,33.23715803135492,131.323213,,,0,0,0,0,0,0,0,0,0,0,72,blue,1069,790,1859
89,,9811760,1,20260807,,,,,,,,,,,,,,,3,33.18331803127619,131.452171,,,1,0,0,0,0,0,0,0,0,0,72,blue,0,0,0
89,,9811770,1,20260807,,,,,,,,,,,,,,,3,31.760789029127036,131.4707,,,1,0,0,0,0,0,0,0,0,0,72,blue,0,0,0
89,,9811780,1,20260807,,,,,,,,,,,,,,,3,31.559046028812634,131.38327000000004,,,1,0,0,0,0,0,0,0,0,0,72,blue,0,0,0
89,,9811790,1,20260807,,,,,,,,,,,,,,,3,31.547715028794922,131.378628,,,1,0,0,0,0,0,0,0,0,0,72,blue,0,0,0
89,,9811800,1,20260807,,,,,,,,,,,,,,,3,31.546675028793285,131.361225,,,1,0,0,0,0,0,0,0,0,0,72,blue,0,0,0
89,,9811810,1,20260807,,,,,,,,,,,,,,,3,31.45214102864519,131.212192,,,1,0,0,0,0,0,0,0,0,0,72,blue,0,0,0
89,,9811820,1,20260807,,,,,,,,,,,,,,,3,31.46555602866623,131.154444,,,1,0,0,0,0,0,0,0,0,0,72,blue,0,0,0
89,,9811830,1,20260807,,,,,,,,,,,,,,,3,31.447659028638157,131.051761,,,1,0,0,0,0,0,0,0,0,0,72,blue,0,0,0
89,,9811840,1,20260807,,,,,,,,,,,,,,,3,31.388108028544615,130.811533,,,1,0,0,0,0,0,0,0,0,0,72,blue,0,0,0
89,,9811850,1,20260807,,,,,,,,,,,,,,,3,31.41813502859181,130.764377,,,1,0,0,0,0,0,0,0,0,0,72,blue,0,0,0
89,,9811860,1,20260807,,,,,,,,,,,,,,,3,31.542976028787507,130.706877,,,1,0,0,0,0,0,0,0,0,0,72,blue,0,0,0
89,,9811870,1,20260807,,,,,,,,,,,,,,,3,31.557778028810663,130.718333,,,1,0,0,0,0,0,0,0,0,0,72,blue,0,0,0
89,,9811880,1,20260807,,,,,,,,,,,,,,,3,31.647658028950993,130.819552,,,1,0,0,0,0,0,0,0,0,0,72,blue,0,0,0
89,,9811900,1,20260807,,,,,,,,,,,,,,,3,31.27982902837409,130.291795,,,1,0,0,0,0,0,0,0,0,0,72,blue,0,0,0
89,,9811910,1,20260807,221,78,0,,,,,291,78,0,,,,,3,31.2913800283923,130.293564,,,0,0,0,0,0,0,0,0,0,0,72,blue,299,369,668
89,,9811920,1,20260807,287,53,0,,,,,458,44,0,,,,,3,31.327343028448986,130.334728,,,0,0,0,0,0,0,0,0,0,0,72,blue,340,502,842
89,,9811930,1,20260807,835,93,0,,,,,1158,71,0,,,,,3,31.494637028711818,130.506308,,,0,0,0,0,0,0,0,0,0,0,72,blue,928,1229,2157
89,,9811940,1,20260807,2097,110,0,,,,,2219,114,0,,,,,3,31.527877028763886,130.521631,,,0,0,0,0,0,0,0,0,0,0,72,blue,2207,2333,4540
89,,9811950,1,20260807,948,120,0,,,,,910,112,0,,,,,3,31.289730028389716,130.60717200000002,,,0,0,0,0,0,0,0,0,0,0,72,blue,1068,1022,2090
89,,9811960,1,20260807,,,,,,,,,,,,,,,3,31.323917028443603,130.564308,,,1,0,0,0,0,0,0,0,0,0,72,blue,0,0,0
89,,9811970,1,20260807,,,,,,,,,,,,,,,3,31.466390028667544,130.513245,,,1,0,0,0,0,0,0,0,0,0,72,blue,0,0,0
89,,9811980,1,20260807,,,,,,,,,,,,,,,3,33.34976603151893,129.764492,,,1,,,,,,,,,,72,blue,0,0,0
89,,9812010,1,20260807,,,,,,,,,,,,,,,3,33.13956403121204,129.784069,,,1,,,,,,,,,,72,blue,0,0,0
89,,9812020,1,20260807,,,,,,,,,,,,,,,3,33.28640603142677,130.150153,,,1,,,,,,,,,,72,blue,0,0,0
89,,9812030,1,20260807,1226,267,0,,,,,2012,412,0,,,,,3,33.0852950311323,131.637799,,,0,0,0,0,0,0,0,0,0,0,72,blue,1493,2424,3917
89,,9812040,1,20260807,956,290,0,,,,,733,310,0,,,,,3,32.56861103036308,131.553056,,,0,0,0,0,0,0,0,0,0,0,72,blue,1246,1043,2289
89,,9812050,1,20260807,,,,,,,,,,,,,,,3,33.55027803180869,130.478333,,,1,,,,,,,,,,72,blue,0,0,0
89,,9812060,1,20260807,,,,,,,,,,,,,,,3,32.92625003089743,131.00539,,,1,,,,,,,,,,72,blue,0,0,0
89,,9812070,1,20260807,1774,331,0,,,,,1134,268,0,,,,,3,32.90000003085849,130.933611,,,0,0,0,0,0,0,0,0,0,0,72,blue,2105,1402,3507
89,,9812080,1,20260807,1721,268,0,,,,,1972,274,0,,,,,3,33.27595303141153,130.319462,,,0,0,0,0,0,0,0,0,0,0,72,blue,1989,2246,4235
89,,9812090,1,20260807,,,,,,,,,,,,,,,3,33.59653803187511,130.611685,,,1,,,,,,,,,,72,blue,0,0,0
89,,9812100,1,20260807,2827,714,0,,,,,1834,428,0,,,,,3,33.05235003108379,130.430417,,,0,0,0,0,0,0,0,0,0,0,72,blue,3541,2262,5803
89,,9812110,1,20260807,3799,364,0,,,,,3418,374,0,,,,,3,33.15888903124039,129.761111,,,0,0,0,0,0,0,0,0,0,0,72,blue,4163,3792,7955
89,,9812120,1,20260807,2642,370,0,,,,,2548,461,0,,,,,3,31.737096029090242,130.677414,,,0,0,0,0,0,0,0,0,0,0,72,blue,3012,3009,6021
89,,9812130,1,20260807,1343,361,0,,,,,1280,474,0,,,,,3,33.32114903147733,130.391671,,,0,0,0,0,0,0,0,0,0,0,72,blue,1704,1754,3458
89,,9812140,1,20260807,74,13,0,,,,,112,45,0,,,,,3,32.733917030611096,130.31245,,,0,0,0,0,0,0,0,0,0,0,72,blue,87,157,244
89,,9812150,1,20260807,418,78,0,,,,,356,108,0,,,,,3,33.06265303109897,129.960344,,,0,0,0,0,0,0,0,0,0,0,72,blue,496,464,960
90,,10810020,1,20260807,187,2,0,,,,,183,2,0,,,,,3,26.424849820394154,127.81697970000002,,,0,0,0,0,0,0,0,0,0,0,72,blue,189,185,374
90,,10810030,1,20260807,238,0,0,,,,,476,3,0,,,,,3,26.20527802002984,127.672778,,,0,0,0,0,0,0,0,0,0,0,72,blue,238,479,717
90,,10810040,1,20260807,508,3,0,,,,,137,0,0,,,,,3,26.206111020031226,127.665833,,,0,0,0,0,0,0,0,0,0,0,72,blue,511,137,648
90,,10810050,1,20260807,20,0,0,,,,,30,0,0,,,,,3,26.69152402083745,128.108879,,,1,,,,,,,,,,72,blue,20,30,50
90,,10810060,1,20260807,0,0,0,,,,,0,0,0,,,,,3,26.634931020743306,128.037283,,,1,,,,,,,,,,72,blue,0,0,0
90,,10810070,1,20260807,0,0,0,,,,,0,0,0,,,,,3,26.60195202068847,127.99972500000001,,,0,,,,,,,,,,72,blue,0,0,0
90,,10810080,1,20260807,41,6,0,,,,,73,3,0,,,,,3,26.583164020657225,127.99781300000001,,,0,,,,,,,,,,72,blue,47,76,123
90,,10810090,1,20260807,48,3,0,,,,,48,0,0,,,,,3,26.573059020640425,127.989432,,,0,,,,,,,,,,72,blue,51,48,99
90,,10810100,1,20260807,57,2,0,,,,,61,6,0,,,,,3,26.558695020616547,127.976575,,,0,,,,,,,,,,72,blue,59,67,126
90,,10810110,1,20260807,0,0,0,,,,,0,0,0,,,,,3,26.547043020597176,127.96594700000001,,,1,,,,,,,,,,72,blue,0,0,0
90,,10810120,1,20260807,77,0,0,,,,,125,2,0,,,,,3,26.545420020594484,127.96513700000001,,,1,,,,,,,,,,72,blue,77,127,204
90,,10810130,1,20260807,81,3,0,,,,,54,2,0,,,,,3,26.541292020587623,127.95978,,,1,,,,,,,,,,72,blue,84,56,140
90,,10810140,1,20260807,181,4,0,,,,,233,2,0,,,,,3,26.536514020579673,127.935453,,,0,,,,,,,,,,72,blue,185,235,420
90,,10810150,1,20260807,0,0,0,,,,,0,0,0,,,,,3,26.51382402054197,127.901775,,,0,,,,,,,,,,72,blue,0,0,0
90,,10810160,1,20260807,197,0,0,,,,,152,2,0,,,,,3,26.503684020525117,127.87991000000001,,,0,,,,,,,,,,72,blue,197,154,351
90,,10810170,1,20260807,0,0,0,,,,,0,0,0,,,,,3,26.49844302051641,127.86208000000002,,,0,,,,,,,,,,72,blue,0,0,0
90,,10810180,1,20260807,191,9,0,,,,,127,3,0,,,,,3,26.48233402048965,127.85135699999998,,,0,,,,,,,,,,72,blue,200,130,330
90,,10810190,1,20260807,0,0,0,,,,,0,0,0,,,,,3,26.44345902042506,127.805583,,,0,,,,,,,,,,72,blue,0,0,0
90,,10810200,1,20260807,,,,,,,,,,,,,,,3,26.338860020251406,127.7508,,,1,,,,,,,,,,72,blue,0,0,0
90,,10810220,1,20260807,350,37,0,,,,,283,187,0,,,,,3,26.26837002013446,127.73051999999998,,,0,,,,,,,,,,72,blue,387,470,857
90,,10810230,1,20260807,,,,,,,,,,,,,,,3,26.266310020131048,127.72327,,,1,,,,,,,,,,72,blue,0,0,0
90,,10810240,1,20260807,0,0,0,,,,,0,0,0,,,,,3,26.269040020135566,127.72616000000001,,,0,,,,,,,,,,72,blue,0,0,0
90,,10810260,1,20260807,8,0,0,,,,,4,1,0,,,,,3,26.273440020142868,127.71261000000001,,,0,,,,,,,,,,72,blue,8,5,13
90,,10810270,1,20260807,0,0,0,,,,,0,0,0,,,,,3,26.451180020437896,127.89631,,,0,,,,,,,,,,72,blue,0,0,0
90,,10810280,1,20260807,826,110,0,,,,,273,1,0,,,,,3,26.4491400204345,127.849893,,,0,,,,,,,,,,72,blue,936,274,1210
90,,10810290,1,20260807,83,3,0,,,,,107,89,0,,,,,3,26.448972020434223,127.90855300000001,,,0,,,,,,,,,,72,blue,86,196,282
90,,10810300,1,20260807,432,59,0,,,,,373,29,0,,,,,3,26.30711002019872,127.81338,,,0,,,,,,,,,,72,blue,491,402,893
90,,10810310,1,20260807,0,0,0,,,,,0,0,0,,,,,3,26.287560020166286,127.81449,,,0,,,,,,,,,,72,blue,0,0,0
90,,10810320,1,20260807,,,,,,,,,,,,,,,3,26.22351002006007,127.76571,,,1,,,,,,,,,,72,blue,0,0,0
90,,10810330,1,20260807,24,1,0,,,,,175,121,0,,,,,3,26.200760020022358,127.75174999999999,,,0,,,,,,,,,,72,blue,25,296,321
90,,10810340,1,20260807,875,10,0,,,,,859,36,0,,,,,3,26.25841002011794,127.75767000000002,,,0,,,,,,,,,,72,blue,885,895,1780
90,,10810350,1,20260807,0,0,0,,,,,0,0,0,,,,,3,26.24962002010336,127.74765,,,0,,,,,,,,,,72,blue,0,0,0
90,,10810360,1,20260807,823,4,0,,,,,1062,9,0,,,,,3,26.25443002011134,127.73508000000001,,,0,,,,,,,,,,72,blue,827,1071,1898
90,,10810370,1,20260807,1318,64,0,,,,,1034,32,0,,,,,3,26.25456002011155,127.72416000000001,,,0,,,,,,,,,,72,blue,1382,1066,2448
90,,10810380,1,20260807,2,0,0,,,,,3,0,0,,,,,3,26.169530019970612,127.65168,,,0,,,,,,,,,,72,blue,2,3,5
90,,10810390,1,20260807,,,,,,,,,,,,,,,3,26.154010019944888,127.65812,,,1,,,,,,,,,,72,blue,0,0,0
90,,10810400,1,20260807,0,0,0,,,,,0,0,0,,,,,3,26.130710019906292,127.66514,,,0,,,,,,,,,,72,blue,0,0,0
90,,10810410,1,20260807,0,0,0,,,,,0,0,0,,,,,3,26.11574001988149,127.66860000000001,,,0,,,,,,,,,,72,blue,0,0,0
90,,10810420,1,20260807,0,0,0,,,,,0,0,0,,,,,3,26.09400001984549,127.71590000000002,,,0,,,,,,,,,,72,blue,0,0,0
90,,10810430,1,20260807,0,0,0,,,,,0,0,0,,,,,3,26.128730019903006,127.75918999999999,,,0,,,,,,,,,,72,blue,0,0,0
90,,10810440,1,20260807,0,0,0,,,,,0,0,0,,,,,3,26.140140019921905,127.77529,,,0,,,,,,,,,,72,blue,0,0,0
90,,10810450,1,20260807,0,0,0,,,,,0,0,0,,,,,3,26.170060019971476,127.8265,,,0,,,,,,,,,,72,blue,0,0,0
90,,10810460,1,20260807,0,0,0,,,,,0,0,0,,,,,3,26.20426002002816,127.652556,,,0,,,,,,,,,,72,blue,0,0,0
90,,10810470,1,20260807,0,0,0,,,,,0,0,0,,,,,3,26.209250020036425,127.73744999999998,,,0,,,,,,,,,,72,blue,0,0,0
90,,10810480,1,20260807,0,0,0,,,,,0,0,0,,,,,3,26.18171001999079,127.73158000000001,,,0,,,,,,,,,,72,blue,0,0,0
90,,10810490,1,20260807,0,0,0,,,,,0,0,0,,,,,3,26.17543001998038,127.70638000000001,,,0,,,,,,,,,,72,blue,0,0,0
90,,10810510,1,20260807,,,,,,,,,,,,,,,3,26.17208001997483,127.69662,,,1,,,,,,,,,,72,blue,0,0,0
90,,10810520,1,20260807,0,0,0,,,,,0,0,0,,,,,3,26.17121001997338,127.67963999999999,,,0,,,,,,,,,,72,blue,0,0,0
87,,7110110,1,20260807,1,2,0,0,0,0,0,6,0,0,0,0,0,0,3,35.523803034484544,134.222875,,,,,,,,,,,,,1,red,3,6,9
87,,7110120,1,20260807,1,0,0,0,0,0,0,1,0,0,0,0,0,0,3,35.52073503448066,133.602321,,,,,,,,,,,,,1,red,1,1,2
87,,7110130,1,20260807,9,3,0,0,0,0,0,7,6,0,0,0,0,0,3,35.41880503435098,133.370183,,,,,,,,,,,,,1,red,12,13,25
87,,7310050,1,20260807,1,0,0,0,0,0,0,0,0,0,0,0,0,0,3,35.52642103448786,134.014803,,,,,,,,,,,,,1,red,1,0,1
87,,7310060,1,20260807,3,0,0,0,0,0,0,1,0,0,0,0,0,0,3,35.50599803446197,133.88375,,,,,,,,,,,,,1,red,3,1,4
87,,7310070,1,20260807,1,0,0,0,0,0,0,1,1,0,0,0,0,0,3,35.51442503447265,134.020507,,,,,,,,,,,,,1,red,1,2,3
87,,7310080,1,20260807,7,6,0,0,0,0,0,5,3,0,0,0,0,0,3,35.50773503446417,133.951629,,,,,,,,,,,,,1,red,13,8,21
87,,7310090,1,20260807,6,1,0,0,0,0,0,3,4,0,0,0,0,0,3,35.49831203445221,133.906984,,,,,,,,,,,,,1,red,7,7,14
87,,7310100,1,20260807,3,0,0,0,0,0,0,1,0,0,0,0,0,0,3,35.508808034465545,133.493736,,,,,,,,,,,,,1,red,3,1,4
87,,7310130,1,20260807,2,0,0,0,0,0,0,2,0,0,0,0,0,0,3,35.419582034351976,134.259336,,,,,,,,,,,,,1,red,2,2,4
87,,7310140,1,20260807,0,2,0,0,0,0,0,0,0,0,0,0,0,0,3,35.28755503418254,134.228921,,,,,,,,,,,,,1,red,2,0,2
87,,7310190,1,20260807,1,2,0,0,0,0,0,4,2,0,0,0,0,0,3,35.48752003443851,134.19798,,,,,,,,,,,,,1,red,3,6,9
87,,7310200,1,20260807,1,2,0,0,0,0,0,10,1,0,0,0,0,0,3,35.56082603453137,134.284636,,,,,,,,,,,,,1,red,3,11,14
87,,7310210,1,20260807,3,3,0,0,0,0,0,1,5,0,0,0,0,0,3,35.50841503446504,133.518074,,,,,,,,,,,,,1,red,6,6,12
87,,7310220,1,20260807,5,0,0,0,0,0,0,2,0,0,0,0,0,0,3,35.527027804488625,134.13269444,,,,,,,,,,,,,1,red,5,2,7
87,,7310240,1,20260807,,,,0,0,0,1,,,,0,0,0,1,3,35.397000034323106,134.20377777,,,,,,,,,,,,,1,red,0,0,0
87,,7310610,1,20260807,11,5,0,0,0,0,0,5,7,0,0,0,0,0,3,35.49457003444746,134.1603,,,,,,,,,,,,,1,red,16,12,28
87,,7310620,1,20260807,4,3,0,0,0,0,0,3,4,0,0,0,0,0,3,35.50153003445631,134.0804,,,,,,,,,,,,,1,red,7,7,14
87,,7310630,1,20260807,0,3,0,0,0,0,0,4,4,0,0,0,0,0,3,35.49990003445423,134.0626,,,,,,,,,,,,,1,red,3,8,11
87,,7310640,1,20260807,9,4,0,0,0,0,0,1,6,0,0,0,0,0,3,35.50860003446527,134.0108,,,,,,,,,,,,,1,red,13,7,20
87,,7360010,1,20260807,3,2,0,0,0,0,0,3,3,0,0,0,0,0,1,35.032454033850506,134.387568,,,,,,,,,,,,,1,red,5,6,11
87,,7360020,1,20260807,3,4,0,0,0,0,0,3,3,0,0,0,0,0,1,35.07606803390771,134.346092,,,,,,,,,,,,,1,red,7,6,13
87,,7360030,1,20260807,0,0,0,0,0,0,0,2,5,0,0,0,0,0,3,35.238191034118756,134.286932,,,,,,,,,,,,,1,red,0,7,7
87,,7360040,1,20260807,1,6,0,0,0,0,0,0,0,0,0,0,0,0,3,35.284722034178905,134.227547,,,,,,,,,,,,,1,red,7,0,7
87,,7360050,1,20260807,0,0,0,0,0,0,0,5,8,0,0,0,0,0,1,35.285344034179694,134.222766,,,,,,,,,,,,,1,red,0,13,13
87,,7360060,1,20260807,7,3,0,0,0,0,0,0,0,0,0,0,0,0,1,35.35362703426754,134.194581,,,,,,,,,,,,,1,red,10,0,10
87,,7360070,1,20260807,0,0,0,0,0,0,0,2,4,0,0,0,0,0,1,35.37911003430021,134.204798,,,,,,,,,,,,,1,red,0,6,6
87,,7360080,1,20260807,5,2,0,0,0,0,0,0,0,0,0,0,0,0,1,35.39104203431548,134.20339,,,,,,,,,,,,,1,red,7,0,7
87,,7360090,1,20260807,9,1,0,0,0,0,0,2,4,0,0,0,0,0,1,35.40772703433684,134.206955,,,,,,,,,,,,,1,red,10,6,16
87,,7360100,1,20260807,8,1,0,0,0,0,0,3,0,0,0,0,0,0,1,35.45862225662396,134.193141666666,,,,,,,,,,,,,1,red,9,3,12
87,,7360110,1,20260807,1,1,0,0,0,0,0,4,3,0,0,0,0,0,1,35.113784033957025,134.331458,,,,,,,,,,,,,1,red,2,7,9
87,,7110050,1,20260807,36,7,0,0,0,0,0,17,9,0,0,0,0,0,3,34.48565560311886,133.3551943,,,,,,,,,,,,,1,red,43,26,69
87,,7110060,1,20260807,23,10,0,0,0,0,0,31,17,0,0,0,0,0,3,34.42263781303284,133.2070398,,,,,,,,,,,,,1,red,33,48,81
87,,7110070,1,20260807,29,16,0,0,0,0,0,18,21,0,0,0,0,0,3,34.407573573012236,133.1699288,,,,,,,,,,,,,1,red,45,39,84
87,,7110230,1,20260807,9,2,0,0,0,0,0,7,3,0,0,0,0,0,3,34.76131441349103,132.8171003,,,,,,,,,,,,,1,red,11,10,21
87,,7110300,1,20260807,40,12,0,0,0,0,0,6,11,0,0,0,0,0,3,34.38300703297858,132.459786,132.459786,34.38300703297858,,,,,,,,,,,1,red,52,17,69
87,,7116080,1,20260807,21,14,0,0,0,0,0,11,11,0,0,0,0,0,3,34.39666703299729,133.151389,,,,,,,,,,,,,1,red,35,22,57
87,,7160010,1,20260807,3,3,0,0,0,0,0,2,7,0,0,0,0,0,1,34.5622222532229,133.1247222,,,,,,,,,,,,,1,red,6,9,15
87,,7160020,1,20260807,,,,0,0,1,1,,,,0,0,1,1,1,35.07931507391195,132.8976065,,,,,,,,,,,,,1,red,0,0,0
87,,7310030,1,20260807,18,10,0,0,0,0,0,11,16,0,0,0,0,0,3,34.49757349313508,133.4192187,,,,,,,,,,,,,1,red,28,27,55
87,,7310310,1,20260807,,,,0,0,0,1,,,,0,0,0,1,3,34.34795203293048,132.689449,,,,,,,,,,,,,1,red,0,0,0
87,,7310320,1,20260807,7,7,0,0,0,0,0,10,5,0,0,0,0,0,3,34.3631870329514,132.733939,,,,,,,,,,,,,1,red,14,15,29
87,,7310340,1,20260807,22,10,0,0,0,0,0,19,13,0,0,0,0,0,3,34.46347803308863,133.26236,133.262329,34.46377003308901,,,,,,,,,,,1,red,32,32,64
87,,7310370,1,20260807,4,3,0,0,0,0,0,0,5,0,0,0,0,0,1,35.200455524069866,132.8454097,,,,,,,,,,,,,1,red,7,5,12
87,,7310510,1,20260807,3,8,0,0,0,0,0,9,3,0,0,0,0,0,3,34.40069503300281,132.797334,,,,,,,,,,,,,1,red,11,12,23
87,,7310520,1,20260807,5,3,0,0,0,0,0,17,1,0,0,0,0,0,3,34.53976203319243,132.51558,,,,,,,,,,,,,1,red,8,18,26
87,,7310530,1,20260807,29,9,0,0,0,0,0,27,11,0,0,0,0,0,3,34.347256032929515,132.31778000000003,,,,,,,,,,,,,1,red,38,38,76
87,,7310540,1,20260807,18,4,0,0,0,0,0,14,5,0,0,0,0,0,3,34.310647032879174,132.631054,,,,,,,,,,,,,1,red,22,19,41
87,,7360130,1,20260807,1,1,0,0,0,0,0,1,4,0,0,0,0,0,1,34.69455889340151,133.033421,,,,,,,,,,,,,1,red,2,5,7
87,,7360140,1,20260807,0,1,0,0,0,0,0,1,1,0,0,0,0,0,1,34.687231643391655,133.0469408,,,,,,,,,,,,,1,red,1,2,3
