地方整備局等番号,開発建設部／都道府県コード,常時観測点コード,収集時間フラグ（5分間／1時間）,観測年月日,上り・小型交通量,上り・大型交通量,上り・車種判別不能交通量,上り・停電,上り・ループ異常,上り・超音波異常,上り・欠測,下り・小型交通量,下り・大型交通量,下り・車種判別不能交通量,下り・停電,下り・ループ異常,下り・超音波異常,下り・欠測,道路種別,lat,lng,lng2,lat2,カメラプリセット位置,気象影響による映像不良,照度不足,突発事象（交通事故等）,サーバの稼働,カメラの映像受信,映像のデコード処理,デコード映像から映像解析機能への取込加工処理の失敗,映像解析機能のフリーズ,その他エラー,count,color,上り・交通量,下り・交通量,交通量
81,02,1110010,1,20260819,7732,2593,0,0,0,0,0,6228,2099,0,0,0,0,0,3,41.93108757020422,140.6421045,,,,,,,,,,,,,201,red,10325,8327,18652
81,02,1110020,1,20260819,2990,1095,0,0,0,0,0,2414,886,0,0,0,0,0,3,42.1540981903046,140.4840606,,,,,,,,,,,,,201,red,4085,3300,7385
81,03,1110030,1,20260819,660,178,0,0,0,0,0,593,191,0,0,0,0,0,3,42.672714040509845,140.377502,,,,,,,,,,,,,201,red,838,784,1622
81,03,1110050,1,20260819,2890,708,0,0,0,0,0,3803,946,0,0,0,0,0,3,43.121255040655214,140.735792,,,,,,,,,,,,,201,red,3598,4749,8347
81,03,1110060,1,20260819,4477,549,0,0,0,0,0,4623,807,0,0,0,0,0,3,43.19868804067728,140.862496,,,,,,,,,,,,,201,red,5026,5430,10456
81,03,1110080,1,20260819,8803,1498,0,0,0,0,0,8967,1481,0,0,0,0,0,3,43.153022040664396,141.118728,,,,,,,,,,,,,201,red,10301,10448,20749
81,01,1110090,1,20260819,13040,846,0,0,0,0,0,9807,559,0,0,0,0,0,3,43.08364407064419,141.3496424,,,,,,,,,,,,,201,red,13886,10366,24252
81,02,1110100,1,20260819,9187,1287,0,0,0,0,0,8195,1043,0,0,0,0,0,3,41.855509180168546,140.7378302,,,,,,,,,,,,,201,red,10474,9238,19712
81,02,1110110,1,20260819,5989,971,2,0,0,0,0,4541,909,6,0,0,0,0,3,41.91094404019478,140.69325,,,,,,,,,,,,,201,red,6962,5456,12418
81,03,1110120,1,20260819,302,58,10,0,0,0,0,368,59,6,0,0,0,0,3,42.65674504050413,140.412444,,,,,,,,,,,,,201,red,370,433,803
81,01,1110130,1,20260819,6931,663,0,0,0,0,0,6580,629,0,0,0,0,0,3,43.18473404067338,141.721783,,,,,,,,,,,,,201,red,7594,7209,14803
81,01,1110140,1,20260819,3374,716,0,0,0,0,0,3064,773,0,0,0,0,0,3,43.351557040718205,141.866096,,,,,,,,,,,,,201,red,4090,3837,7927
81,04,1110150,1,20260819,4497,1215,0,0,0,0,0,5005,1382,0,0,0,0,0,3,43.72678204080376,142.211538,,,,,,,,,,,,,201,red,5712,6387,12099
81,04,1110160,1,20260819,7118,1235,256,0,0,6,0,7481,1383,184,0,0,0,0,3,43.798283040817644,142.333692,,,,,,,,,,,,,201,red,8609,9048,17657
81,01,1110170,1,20260819,0,0,0,0,0,201,0,0,0,0,0,0,201,0,3,42.95409804060455,141.495931,,,,,,,,,,,,,201,red,0,0,0
81,05,1110180,1,20260819,8407,1375,0,0,0,0,0,8768,1299,0,0,0,0,0,3,42.619514790490626,141.5539538,,,,,,,,,,,,,201,red,9782,10067,19849
81,05,1110190,1,20260819,7308,945,574,0,0,25,0,7318,879,35,0,0,0,0,3,42.38500765040089,141.0774629,,,,,,,,,,,,,201,red,8827,8232,17059
81,05,1110200,1,20260819,0,0,0,0,0,201,0,1377,517,0,0,0,0,0,3,42.60033645048358,140.6268309,,,,,,,,,,,,,201,red,0,1894,1894
81,01,1110220,1,20260819,2169,332,0,0,0,0,0,1963,315,0,0,0,0,0,3,43.53094035076174,142.1739006,,,,,,,,,,,,,201,red,2501,2278,4779
81,04,1110230,1,20260819,2632,343,0,0,0,0,0,2931,342,0,0,0,0,0,3,43.34513804071655,142.377435,,,,,,,,,,,,,201,red,2975,3273,6248
81,04,1110240,1,20260819,0,0,1292,0,0,201,0,0,0,1216,0,0,201,0,3,43.16138604066678,142.575567,,,,,,,,,,,,,201,red,1292,1216,2508
81,07,1110250,1,20260819,2279,664,0,0,0,0,0,2575,704,0,0,0,0,0,3,42.96760298060881,142.8955221,,,,,,,,,,,,,201,red,2943,3279,6222
81,07,1110260,1,20260819,4756,457,61,0,0,0,0,4094,356,44,0,0,0,0,3,42.91673291059265,143.2700872,,,,,,,,,,,,,201,red,5274,4494,9768
81,07,1110270,1,20260819,700,290,0,0,0,0,0,513,188,0,0,0,0,0,3,42.832729040565155,143.765979,,,,,,,,,,,,,201,red,990,701,1691
81,06,1110280,1,20260819,2953,629,0,0,0,0,0,3542,720,0,0,0,0,0,3,43.002010860619514,144.2464972,,,,,,,,,,,,,201,red,3582,4262,7844
81,06,1110281,1,20260819,4169,998,0,0,0,0,0,4992,888,0,0,0,0,0,3,43.03483108062955,144.3754256,,,,,,,,,,,,,201,red,5167,5880,11047
81,06,1110282,1,20260819,2658,894,0,0,0,0,0,2770,793,0,0,0,0,0,3,43.01628558062389,144.4224501,,,,,,,,,,,,,201,red,3552,3563,7115
81,06,1110283,1,20260819,1547,640,0,0,0,0,0,1560,517,0,0,0,0,0,3,43.00268904061971,144.473627,,,,,,,,,,,,,201,red,2187,2077,4264
81,04,1110290,1,20260819,3563,444,0,0,0,0,0,3116,354,0,0,0,0,0,3,43.818868040821506,142.447347,,,,,,,,,,,,,201,red,4007,3470,7477
81,04,1110300,1,20260819,823,223,1,0,0,0,0,0,0,921,0,0,201,0,3,43.84894404082702,142.744489,,,,,,,,,,,,,201,red,1047,921,1968
81,04,1110310,1,20260819,1040,292,14,0,0,0,0,0,0,1106,0,0,201,0,3,43.781848040814516,142.90227300000004,,,,,,,,,,,,,201,red,1346,1106,2452
81,08,1110320,1,20260819,662,230,0,0,201,0,0,761,253,0,0,201,0,0,3,43.750539740808456,143.4918536,,,,,,,,,,,,,201,red,892,1014,1906
81,08,1110330,1,20260819,3725,290,70,0,0,0,0,4450,427,0,0,201,0,0,3,43.79818204081763,143.833134,,,,,,,,,,,,,201,red,4085,4877,8962
81,08,1110331,1,20260819,1386,480,0,0,0,0,0,1483,351,0,0,0,0,0,3,43.7822242308146,143.8981667,,,,,,,,,,,,,201,red,1866,1834,3700
81,08,1110332,1,20260819,1162,408,0,0,0,0,0,1115,303,0,0,0,0,0,3,43.80292804081852,143.926029,,,,,,,,,,,,,201,red,1570,1418,2988
81,08,1110340,1,20260819,,,,0,0,0,201,,,,0,0,0,201,3,43.85309704082778,144.102175,,,,,,,,,,,,,201,red,0,0,0
81,08,1110350,1,20260819,2082,226,0,0,0,0,2,1720,176,0,0,0,0,2,3,43.87040004083089,144.150466,,,,,,,,,,,,,201,red,2308,1896,4204
81,04,1110360,1,20260819,4876,876,0,0,0,0,0,4217,796,0,0,0,0,0,3,43.819632040821645,142.40886,,,,,,,,,,,,,201,red,5752,5013,10765
81,04,1110370,1,20260819,1648,495,145,0,0,0,0,1701,374,3,0,0,0,0,3,43.9375450408425,142.46586,,,,,,,,,,,,,201,red,2288,2078,4366
81,04,1110380,1,20260819,46,15,0,0,72,0,129,46,17,0,0,72,0,129,3,44.49438804091256,142.340371,,,,,,,,,,,,,201,red,61,63,124
81,04,1110390,1,20260819,512,200,0,0,0,0,0,510,158,0,0,0,0,0,3,44.82270404093181,142.065768,,,,,,,,,,,,,201,red,712,668,1380
81,04,1110400,1,20260819,,,,0,0,0,201,,,,0,0,0,201,3,44.331686040896926,142.446612,,,,,,,,,,,,,201,red,0,0,0
81,04,1110410,1,20260819,1886,323,63,0,0,0,0,1564,220,0,0,0,0,0,3,44.4124520409052,142.40433,,,,,,,,,,,,,201,red,2272,1784,4056
81,04,1110420,1,20260819,1548,524,27,0,199,0,0,,,,0,0,0,201,3,44.436504040907465,142.370834,,,,,,,,,,,,,201,red,2099,0,2099
81,04,1110430,1,20260819,690,205,2,0,0,0,130,590,124,4,0,0,0,130,3,44.46719604091022,142.373557,,,,,,,,,,,,,201,red,897,718,1615
81,04,1110431,1,20260819,987,280,0,0,0,0,0,820,147,0,0,0,0,0,3,44.49400304091251,142.349754,,,,,,,,,,,,,201,red,1267,967,2234
81,10,1110440,1,20260819,699,197,0,0,201,0,0,850,126,102,0,0,0,0,3,45.01690604093549,141.836757,,,,,,,,,,,,,201,red,896,1078,1974
81,10,1110460,1,20260819,166,55,594,0,0,163,3,785,162,0,0,0,0,3,3,45.20892604093353,141.770096,,,,,,,,,,,,,201,red,815,947,1762
81,06,1110470,1,20260819,3438,306,29,0,0,0,0,2690,161,15,0,0,0,0,3,42.99479183061728,144.4493526,,,,,,,,,,,,,201,red,3773,2866,6639
81,06,1110480,1,20260819,1361,305,13,0,0,0,0,1287,220,9,0,0,0,0,3,43.13343702065876,145.0159693,,,,,,,,,,,,,201,red,1679,1516,3195
81,02,1110490,1,20260819,1781,529,0,0,0,0,0,1085,718,0,0,0,0,0,3,41.89734796018839,140.6338191,,,,,,,,,,,,,201,red,2310,1803,4113
81,02,1110500,1,20260819,1292,244,0,0,201,0,0,1273,143,75,0,0,0,0,3,41.480587619979374,140.2558047,,,,,,,,,,,,,201,red,1536,1491,3027
81,02,1110510,1,20260819,5605,569,112,0,0,0,0,5338,619,10,0,0,0,0,3,41.83901009016065,140.7069415,,,,,,,,,,,,,201,red,6286,5967,12253
81,02,1110520,1,20260819,3023,450,0,0,201,0,0,2662,552,0,0,201,0,0,3,41.83229743015742,140.67026760000002,,,,,,,,,,,,,201,red,3473,3214,6687
81,02,1110530,1,20260819,2504,271,56,0,0,0,0,1875,163,59,0,0,0,0,3,41.82065939015182,140.6236414,,,,,,,,,,,,,201,red,2831,2097,4928
81,03,1110540,1,20260819,153,13,0,0,0,0,0,146,14,0,0,0,0,0,3,43.24834804069096,140.33431600000003,,,,,,,,,,,,,201,red,166,160,326
81,03,1110550,1,20260819,0,0,0,0,0,201,0,805,300,0,0,0,0,0,3,42.96644104060844,140.471476,,,,,,,,,,,,,201,red,0,1105,1105
81,03,1110560,1,20260819,159,34,0,0,0,0,0,134,26,0,0,0,0,0,3,42.69059604051622,139.972281,,,,,,,,,,,,,201,red,193,160,353
81,02,1110570,1,20260819,494,57,0,0,0,0,0,412,62,0,0,0,0,0,3,42.068390450266875,140.0715584,,,,,,,,,,,,,201,red,551,474,1025
81,01,1110600,1,20260819,6839,1611,0,0,0,0,0,3716,1478,0,0,0,0,0,3,43.1876802706742,141.3248983,,,,,,,,,,,,,201,red,8450,5194,13644
81,01,1110610,1,20260819,990,165,0,0,0,0,0,0,0,0,0,0,201,0,3,43.377555040724815,141.428392,,,,,,,,,,,,,201,red,1155,0,1155
81,09,1110620,1,20260819,1387,159,0,0,0,0,0,1464,155,0,0,0,0,0,3,43.89116004083455,141.602442,,,,,,,,,,,,,201,red,1546,1619,3165
81,09,1110630,1,20260819,,,,0,0,0,201,,,,0,0,0,201,3,44.71198204092715,141.790418,,,,,,,,,,,,,201,red,0,0,0
81,09,1110640,1,20260819,1788,489,0,0,0,0,0,1831,661,0,0,0,0,0,3,43.99996504085269,141.656227,,,,,,,,,,,,,201,red,2277,2492,4769
81,01,1110650,1,20260819,1046,158,0,0,0,0,0,1042,143,0,0,0,0,0,3,43.76598569081147,141.953873,,,,,,,,,,,,,201,red,1204,1185,2389
81,09,1110660,1,20260819,728,197,0,0,0,0,0,885,192,0,0,0,0,0,3,43.919969040839526,141.687135,,,,,,,,,,,,,201,red,925,1077,2002
81,01,1110670,1,20260819,852,102,2,0,0,0,0,729,76,2,0,0,0,0,3,43.719328040802246,141.995229,,,,,,,,,,,,,201,red,956,807,1763
81,01,1110680,1,20260819,1087,188,16,0,0,0,0,1082,116,5,0,0,0,0,3,43.80247704081843,141.939455,,,,,,,,,,,,,201,red,1291,1203,2494
81,01,1110690,1,20260819,1198,192,2,0,0,0,1,1198,158,0,0,0,0,1,3,43.804048040818735,141.856355,,,,,,,,,,,,,201,red,1392,1356,2748
81,09,1110700,1,20260819,1356,446,0,0,201,1,0,1486,286,2,0,0,0,0,3,43.84518804082634,141.778679,,,,,,,,,,,,,201,red,1802,1774,3576
81,09,1110701,1,20260819,1474,296,0,0,0,0,0,1588,285,0,0,0,0,0,3,43.87822704083228,141.723595,,,,,,,,,,,,,201,red,1770,1873,3643
81,09,1110702,1,20260819,1228,277,0,0,0,0,0,1336,240,0,0,0,0,0,3,43.928072040840895,141.68278,,,,,,,,,,,,,201,red,1505,1576,3081
81,01,1110710,1,20260819,1338,209,0,0,0,201,0,2601,470,0,0,0,0,0,3,43.11269117065273,141.74737440000004,,,,,,,,,,,,,201,red,1547,3071,4618
81,05,1110720,1,20260819,1782,766,73,0,0,0,0,1583,920,30,0,0,0,0,3,42.81091575055783,141.8315435,,,,,,,,,,,,,201,red,2621,2533,5154
81,05,1110730,1,20260819,2208,554,2,0,0,0,0,1795,467,16,0,0,0,0,3,42.57481157047414,141.9503395,,,,,,,,,,,,,201,red,2764,2278,5042
81,05,1110740,1,20260819,2008,371,0,0,0,0,0,2051,349,0,0,0,0,0,3,42.18634909031852,142.7152599,,,,,,,,,,,,,201,red,2379,2400,4779
81,05,1110750,1,20260819,0,0,0,0,0,201,0,1017,268,0,0,0,0,0,3,42.67572651051092,141.724241,,,,,,,,,,,,,201,red,0,1285,1285
81,05,1110760,1,20260819,2216,598,17,0,0,139,0,3613,863,0,0,0,0,0,3,42.65945501050509,141.8200069,,,,,,,,,,,,,201,red,2831,4476,7307
81,05,1110770,1,20260819,3931,1020,0,0,0,0,0,3373,709,0,0,0,0,0,3,42.5992918904832,141.8930837,,,,,,,,,,,,,201,red,4951,4082,9033
81,07,1110780,1,20260819,1515,512,6,0,0,0,0,1540,325,4,0,0,0,0,3,42.47939292043798,143.273263,,,,,,,,,,,,,201,red,2033,1869,3902
81,05,1110790,1,20260819,,,,0,0,0,201,,,,0,0,0,201,3,42.23567851033952,142.9927157,,,,,,,,,,,,,201,red,0,0,0
81,07,1110800,1,20260819,1009,297,22,0,0,0,1,1349,348,9,0,0,0,1,3,42.944556830601535,143.1061614,,,,,,,,,,,,,201,red,1328,1706,3034
81,07,1110810,1,20260819,924,574,42,0,0,0,4,901,472,8,0,0,0,4,3,42.8783228205802,143.1246418,,,,,,,,,,,,,201,red,1540,1381,2921
81,07,1110820,1,20260819,2850,696,0,0,0,0,0,2309,475,0,0,0,0,0,3,42.772632730544835,143.175416,,,,,,,,,,,,,201,red,3546,2784,6330
81,07,1110830,1,20260819,2504,555,74,0,0,0,0,1983,379,36,0,0,0,0,3,42.722047130527294,143.168571,,,,,,,,,,,,,201,red,3133,2398,5531
81,07,1110831,1,20260819,1814,521,0,0,0,0,0,1511,311,0,0,0,0,0,3,42.67773204051164,143.145688,,,,,,,,,,,,,201,red,2335,1822,4157
81,07,1110832,1,20260819,1611,407,0,0,0,0,0,1311,258,0,0,0,0,0,3,42.637427040497144,143.190237,,,,,,,,,,,,,201,red,2018,1569,3587
81,07,1110833,1,20260819,1198,332,0,0,0,0,0,973,199,0,0,0,0,0,3,42.550911040465216,143.288527,,,,,,,,,,,,,201,red,1530,1172,2702
81,04,1110840,1,20260819,4009,491,0,0,0,0,0,3220,381,0,0,0,0,0,3,43.67766304079377,142.395871,,,,,,,,,,,,,201,red,4500,3601,8101
81,04,1110850,1,20260819,561,150,0,0,0,0,0,529,129,0,0,0,0,0,3,43.142849040661474,142.416499,,,,,,,,,,,,,201,red,711,658,1369
81,05,1110860,1,20260819,3048,962,0,0,0,0,0,2524,658,0,0,0,0,0,3,42.56014623046868,141.984126,,,,,,,,,,,,,201,red,4010,3182,7192
81,05,1110861,1,20260819,2500,475,0,0,0,0,0,2169,327,0,0,0,0,0,3,42.511718620450374,142.0646378,,,,,,,,,,,,,201,red,2975,2496,5471
81,05,1110862,1,20260819,2222,383,0,0,0,0,0,1870,273,0,0,0,0,0,3,42.476880240437005,142.1551718,,,,,,,,,,,,,201,red,2605,2143,4748
81,08,1110870,1,20260819,1155,313,0,0,201,0,0,1024,326,0,0,201,0,0,3,44.122097850870915,144.0483972,,,,,,,,,,,,,201,red,1468,1350,2818
81,08,1110881,1,20260819,1326,378,0,0,0,0,0,1379,350,0,0,0,0,0,3,44.24722204088725,143.491111,,,,,,,,,,,,,201,red,1704,1729,3433
81,08,1110890,1,20260819,1234,306,0,0,201,0,0,1236,300,0,0,201,0,0,3,44.571011040918506,142.9747586,,,,,,,,,,,,,201,red,1540,1536,3076
81,10,1110900,1,20260819,,,,0,0,0,201,,,,0,0,0,201,3,45.401916040925876,141.74393,,,,,,,,,,,,,201,red,0,0,0
81,04,1110910,1,20260819,1099,217,0,0,0,0,0,0,0,0,0,0,201,0,3,44.33124604089689,142.51453,,,,,,,,,,,,,201,red,1316,0,1316
81,04,1110920,1,20260819,,,,0,0,0,201,,,,0,0,0,201,3,44.17901104087865,142.27833,,,,,,,,,,,,,201,red,0,0,0
81,06,1110930,1,20260819,1874,481,0,0,0,0,0,1618,355,0,0,0,0,0,3,43.094167250647295,144.1218925,,,,,,,,,,,,,201,red,2355,1973,4328
81,08,1110941,1,20260819,994,484,0,0,201,0,0,1245,365,0,0,201,0,0,3,43.69889304079811,144.026451,,,,,,,,,,,,,201,red,1478,1610,3088
81,07,1110950,1,20260819,1474,369,26,0,0,0,0,1757,534,8,0,0,0,0,3,43.204237410678836,143.2746363,,,,,,,,,,,,,201,red,1869,2299,4168
81,07,1110960,1,20260819,868,322,0,0,0,0,0,874,415,0,0,0,0,0,3,43.458400040744706,143.740097,,,,,,,,,,,,,201,red,1190,1289,2479
81,07,1110970,1,20260819,1532,517,0,0,0,0,0,1596,593,0,0,0,0,0,3,43.110542040652106,143.580506,,,,,,,,,,,,,201,red,2049,2189,4238
81,06,1110980,1,20260819,801,171,0,0,0,0,0,884,187,0,0,0,0,0,3,43.55969036076827,144.3196517,,,,,,,,,,,,,201,red,972,1071,2043
81,06,1110990,1,20260819,1016,227,13,0,0,0,0,959,209,4,0,0,0,0,3,43.46525075074637,144.6738938,,,,,,,,,,,,,201,red,1256,1172,2428
81,06,1111000,1,20260819,875,169,0,0,0,0,0,807,138,0,0,0,0,0,3,43.3767268407246,145.1354671,,,,,,,,,,,,,201,red,1044,945,1989
81,08,1111010,1,20260819,3146,528,0,0,201,0,0,2648,465,0,0,201,0,0,3,43.98185858084978,144.2978521,,,,,,,,,,,,,201,red,3674,3113,6787
81,06,1111020,1,20260819,671,82,7,0,0,0,0,767,85,11,0,0,0,0,3,43.58981766077498,145.2084661,,,,,,,,,,,,,201,red,760,863,1623
81,06,1111030,1,20260819,1431,478,0,0,0,0,0,1198,331,0,0,0,0,0,3,43.02214121062568,144.5287192,,,,,,,,,,,,,201,red,1909,1529,3438
81,06,1111040,1,20260819,0,0,5295,0,0,201,0,4518,964,0,0,201,0,0,3,43.53929381076365,144.9801323,,,,,,,,,,,,,201,red,5295,5482,10777
81,08,1111050,1,20260819,818,267,0,0,201,0,0,948,180,11,0,0,0,0,3,44.25159504088778,143.262315,,,,,,,,,,,,,201,red,1085,1139,2224
81,01,1111060,1,20260819,1119,287,0,0,0,0,0,1037,310,0,0,0,0,0,3,42.938085080599464,142.0403856,,,,,,,,,,,,,201,red,1406,1347,2753
81,07,1111080,1,20260819,501,573,0,0,0,0,0,520,562,0,0,0,0,0,3,42.97320004061056,142.816438,,,,,,,,,,,,,201,red,1074,1082,2156
81,01,1111090,1,20260819,5831,1559,0,0,0,0,0,5286,1392,0,0,0,0,0,3,43.12130790065524,141.4830387,,,,,,,,,,,,,201,red,7390,6678,14068
81,01,1111100,1,20260819,2132,913,0,0,0,0,0,2187,863,0,0,0,0,0,3,43.43463367073897,141.8216186,,,,,,,,,,,,,201,red,3045,3050,6095
81,01,1111110,1,20260819,1421,440,0,0,0,0,0,1191,409,0,0,0,0,0,3,43.57168557077097,141.8750113,,,,,,,,,,,,,201,red,1861,1600,3461
81,02,1111130,1,20260819,5407,786,49,0,201,0,0,6282,427,57,0,0,0,0,3,41.77319404012875,140.796333,,,,,,,,,,,,,201,red,6242,6766,13008
81,02,1111140,1,20260819,489,86,0,0,0,0,0,535,134,0,0,0,0,0,3,42.03841781025344,140.8062566,,,,,,,,,,,,,201,red,575,669,1244
81,02,1111145,1,20260819,8189,1002,0,0,0,0,0,9571,1033,0,0,0,0,0,3,41.84000143016112,140.7552781,,,,,,,,,,,,,201,red,9191,10604,19795
81,08,1111150,1,20260819,470,111,0,0,201,0,0,615,138,0,0,201,0,0,3,44.010611040854364,143.413281,,,,,,,,,,,,,201,red,581,753,1334
81,08,1111160,1,20260819,1978,293,33,0,0,0,0,2319,287,150,0,0,0,0,3,43.962452040846635,143.715644,,,,,,,,,,,,,201,red,2304,2756,5060
81,01,1111180,1,20260819,,,,0,0,0,201,,,,0,0,0,201,3,42.815960640559524,141.6810393,,,,,,,,,,,,,201,red,0,0,0
81,01,1111190,1,20260819,0,0,4203,0,0,201,0,189,20,4810,0,0,201,0,3,42.83070733056448,141.6903091,,,,,,,,,,,,,201,red,4203,5019,9222
81,01,1111200,1,20260819,2553,1193,144,0,0,0,0,3295,1353,58,0,201,0,0,3,42.860948090574496,141.7104933,,,,,,,,,,,,,201,red,3890,4706,8596
81,01,1111210,1,20260819,1683,1172,0,0,0,0,0,0,0,0,0,0,201,0,3,43.18556004067363,141.554044,,,,,,,,,,,,,201,red,2855,0,2855
81,06,1111220,1,20260819,946,168,0,1,0,0,0,884,109,0,1,0,0,0,3,43.37269109072359,144.5593071,,,,,,,,,,,,,201,red,1114,993,2107
81,08,1111230,1,20260819,287,65,11,0,0,0,0,268,76,6,0,0,0,0,3,43.81126104082009,144.489672,,,,,,,,,,,,,201,red,363,350,713
81,06,1111240,1,20260819,300,56,2,0,0,0,0,228,82,1,0,0,0,0,3,42.99604737061767,144.0391088,,,,,,,,,,,,,201,red,358,311,669
81,03,1111250,1,20260819,1153,283,0,0,0,0,0,623,151,0,0,0,0,0,3,43.089578040645954,140.955582,,,,,,,,,,,,,201,red,1436,774,2210
81,04,1111260,1,20260819,1065,249,19,0,0,0,2,980,165,5,0,0,0,2,3,43.92330404084009,142.480139,,,,,,,,,,,,,201,red,1333,1150,2483
81,04,1111270,1,20260819,0,0,1310,0,0,0,0,0,0,1044,0,0,0,0,3,43.90347904083668,142.548538,,,,,,,,,,,,,201,red,1310,1044,2354
81,04,1111280,1,20260819,2492,626,3,0,0,0,0,2139,380,13,0,0,0,0,3,43.88962304083429,142.598335,,,,,,,,,,,,,201,red,3121,2532,5653
81,04,1111290,1,20260819,2329,639,9,0,0,0,0,2117,365,46,0,0,0,0,3,43.840859040825556,142.737691,,,,,,,,,,,,,201,red,2977,2528,5505
81,04,1111300,1,20260819,1422,430,12,0,0,0,0,1396,279,11,0,0,0,0,3,43.843162040825966,142.799904,,,,,,,,,,,,,201,red,1864,1686,3550
81,04,1111310,1,20260819,,,,0,0,0,201,,,,0,0,0,201,3,43.885885060833616,142.99375530000003,,,,,,,,,,,,,201,red,0,0,0
81,08,1111320,1,20260819,,,,0,0,0,201,,,,0,0,0,201,3,43.942327040843296,143.272964,,,,,,,,,,,,,201,red,0,0,0
81,08,1111321,1,20260819,1090,326,0,0,0,0,0,1257,236,0,0,0,0,0,3,44.005186040853516,143.417614,,,,,,,,,,,,,201,red,1416,1493,2909
81,08,1111322,1,20260819,1059,323,0,0,0,0,0,1200,238,0,0,0,0,0,3,44.010190040854305,143.450296,,,,,,,,,,,,,201,red,1382,1438,2820
81,01,1111330,1,20260819,3122,378,0,0,0,0,0,2603,365,0,0,0,0,0,3,42.93896478059976,141.3440037,,,,,,,,,,,,,201,red,3500,2968,6468
81,05,1111340,1,20260819,1142,314,0,0,0,0,0,1245,301,0,0,0,0,0,3,42.559147540468295,140.8961254,,,,,,,,,,,,,201,red,1456,1546,3002
81,01,1111350,1,20260819,2133,1192,0,0,0,0,0,2736,1250,0,0,0,0,0,3,42.88313893058179,141.7190833,,,,,,,,,,,,,201,red,3325,3986,7311
81,01,1111360,1,20260819,1798,1110,0,0,0,0,0,2506,1161,0,0,0,0,0,3,42.91387104059173,141.717002,,,,,,,,,,,,,201,red,2908,3667,6575
81,01,1111370,1,20260819,964,553,0,0,0,0,0,1223,700,0,0,0,0,0,3,43.05425404063542,141.635599,,,,,,,,,,,,,201,red,1517,1923,3440
81,02,1111380,1,20260819,6846,833,0,0,0,0,0,7034,768,0,0,0,0,0,3,41.822662040152785,140.7753,,,,,,,,,,,,,201,red,7679,7802,15481
81,02,1111390,1,20260819,3866,567,0,0,0,0,0,3490,549,0,0,0,0,0,3,41.80204204014281,140.800817,,,,,,,,,,,,,201,red,4433,4039,8472
81,02,1111400,1,20260819,1891,280,0,0,0,0,0,1399,169,0,0,0,0,0,3,41.75457904011961,140.573825,,,,,,,,,,,,,201,red,2171,1568,3739
81,04,1111410,1,20260819,386,115,0,0,0,0,0,264,94,0,0,0,0,0,3,43.35314804071861,142.36145400000004,,,,,,,,,,,,,201,red,501,358,859
81,04,1111420,1,20260819,879,177,0,0,0,0,0,579,134,0,0,0,0,0,3,43.3038010407058,142.381627,,,,,,,,,,,,,201,red,1056,713,1769
81,06,1111500,1,20260819,1056,220,0,0,0,0,0,1289,192,0,0,0,0,0,3,43.29111104070245,145.517778,,,,,,,,,,,,,201,red,1276,1481,2757
81,03,1111600,1,20260819,935,242,0,0,0,0,0,1405,360,0,0,0,0,0,3,43.162210040667006,140.797074,,,,,,,,,,,,,201,red,1177,1765,2942
81,06,1160010,1,20260819,1559,597,65,0,0,0,0,1562,584,23,0,0,0,0,1,43.12053262065503,143.6537933,,,,,,,,,,,,,201,red,2221,2169,4390
81,06,1160020,1,20260819,1699,707,0,0,0,0,0,1698,677,0,0,0,0,0,1,43.12244095065557,143.6787104,,,,,,,,,,,,,201,red,2406,2375,4781
81,06,1160030,1,20260819,1606,689,0,0,0,0,0,1780,712,0,0,0,0,0,1,43.081215390643465,143.9874923,,,,,,,,,,,,,201,red,2295,2492,4787
81,06,1160040,1,20260819,1615,685,0,0,0,0,0,1827,667,0,0,0,0,0,1,43.08452217064445,144.1232336,,,,,,,,,,,,,201,red,2300,2494,4794
81,06,1160050,1,20260819,2089,636,0,0,0,0,0,2666,708,0,0,0,0,0,1,43.09138904064647,144.173494,,,,,,,,,,,,,201,red,2725,3374,6099
81,06,1160060,1,20260819,2591,660,0,0,0,0,0,3311,744,0,0,0,0,0,1,43.04670304063314,144.303761,,,,,,,,,,,,,201,red,3251,4055,7306
81,08,1160120,1,20260819,421,132,0,0,0,0,0,533,122,0,0,0,0,0,1,43.69663004079766,143.731065,,,,,,,,,,,,,201,red,553,655,1208
81,08,1160130,1,20260819,696,175,0,0,0,0,1,828,146,0,0,0,0,1,1,43.7375680408059,143.819828,,,,,,,,,,,,,201,red,871,974,1845
81,02,1310010,1,20260819,2301,182,0,0,0,0,0,2309,196,0,0,0,0,0,3,41.9090560401939,140.682556,,,,,,,,,,,,,201,red,2483,2505,4988
81,02,1310020,1,20260819,4120,1133,0,0,0,0,0,3609,897,0,0,0,0,0,3,42.0164720402435,140.622028,,,,,,,,,,,,,201,red,5253,4506,9759
81,02,1310030,1,20260819,2556,863,0,0,0,0,0,2254,821,0,0,0,0,0,3,42.44355604042405,140.326972,,,,,,,,,,,,,201,red,3419,3075,6494
81,03,1310040,1,20260819,2272,625,0,0,0,0,0,2757,764,0,0,0,0,0,3,43.005875040620694,140.666614,,,,,,,,,,,,,201,red,2897,3521,6418
81,01,1310050,1,20260819,3238,204,0,0,0,201,0,3824,461,0,0,0,201,0,3,43.13178497065829,141.1990678,,,,,,,,,,,,,201,red,3442,4285,7727
81,01,1310060,1,20260819,11168,2983,0,0,0,0,0,10729,2133,0,0,0,0,0,3,43.06547437063878,141.3767481,,,,,,,,,,,,,201,red,14151,12862,27013
81,01,1310070,1,20260819,10999,919,0,0,0,0,0,11508,1061,0,0,0,0,0,3,43.048510140633695,141.4108604,,,,,,,,,,,,,201,red,11918,12569,24487
81,01,1310080,1,20260819,10349,762,0,1,0,0,0,10310,717,0,1,0,0,0,3,43.057749330636454,141.4844763,,,,,,,,,,,,,201,red,11111,11027,22138
81,01,1310090,1,20260819,0,0,0,0,0,201,0,4719,723,0,0,0,0,0,3,43.294945650703454,141.8492997,,,,,,,,,,,,,201,red,0,5442,5442
81,01,1310100,1,20260819,6403,899,0,0,0,0,0,6842,849,0,0,0,0,0,3,43.53544778076278,141.9200456,,,,,,,,,,,,,201,red,7302,7691,14993
81,01,1310110,1,20260819,2595,979,0,0,0,0,0,2648,931,0,0,0,0,0,3,43.66238455079058,141.9957268,,,,,,,,,,,,,201,red,3574,3579,7153
81,01,1310120,1,20260819,0,0,0,0,0,201,0,11040,1090,0,0,0,0,0,3,43.0094644106218,141.4241588,,,,,,,,,,,,,201,red,0,12130,12130
81,01,1310130,1,20260819,7365,1120,0,0,0,201,0,7235,1257,0,0,0,201,0,3,42.85324004057195,141.609931,,,,,,,,,,,,,201,red,8485,8492,16977
81,01,1310140,1,20260819,8515,2574,0,0,0,0,0,7177,2666,0,0,0,0,0,3,42.79203104055144,141.693651,,,,,,,,,,,,,201,red,11089,9843,20932
81,05,1310150,1,20260819,3508,732,0,0,0,0,0,3538,645,0,0,0,0,0,3,42.483348820439495,141.2489566,,,,,,,,,,,,,201,red,4240,4183,8423
81,05,1310160,1,20260819,6129,761,0,0,0,0,0,6176,646,0,0,0,0,0,3,42.362402460391806,140.964739,,,,,,,,,,,,,201,red,6890,6822,13712
81,05,1310170,1,20260819,2996,651,0,0,201,0,0,3104,222,23,0,0,0,0,3,42.363565450392265,140.9519019,,,,,,,,,,,,,201,red,3647,3349,6996
81,04,1310180,1,20260819,,,,0,0,0,201,,,,0,0,0,201,3,43.22376604068423,142.378762,,,,,,,,,,,,,201,red,0,0,0
81,06,1310200,1,20260819,1124,343,0,0,0,0,0,1401,386,0,0,0,0,0,3,42.89183628058462,143.9445233,,,,,,,,,,,,,201,red,1467,1787,3254
81,06,1310210,1,20260819,3735,542,43,0,0,0,0,3592,789,0,0,201,0,0,3,43.009797840621914,144.2786998,,,,,,,,,,,,,201,red,4320,4381,8701
81,06,1310220,1,20260819,2426,578,0,0,0,0,0,3766,711,0,0,0,0,0,3,43.02229809062573,144.2728472,,,,,,,,,,,,,201,red,3004,4477,7481
81,08,1310230,1,20260819,1814,801,0,0,201,0,0,1777,691,0,0,201,0,0,3,43.85893419082885,144.0808788,,,,,,,,,,,,,201,red,2615,2468,5083
81,08,1310240,1,20260819,1817,197,0,0,201,0,0,1827,204,0,0,201,0,0,3,44.01132969085448,144.2315868,,,,,,,,,,,,,201,red,2014,2031,4045
81,04,1310250,1,20260819,3164,619,138,0,0,0,0,3142,469,83,0,0,0,0,3,44.16725904087709,142.395004,,,,,,,,,,,,,201,red,3921,3694,7615
81,04,1310260,1,20260819,2531,606,7,0,0,0,0,2322,475,1,0,0,0,0,3,44.19030204088012,142.392098,,,,,,,,,,,,,201,red,3144,2798,5942
81,09,1310270,1,20260819,457,161,0,0,0,0,0,525,139,0,0,0,0,0,3,44.89849804093394,141.930734,,,,,,,,,,,,,201,red,618,664,1282
81,10,1310280,1,20260819,208,64,0,0,0,0,0,219,65,0,0,0,0,0,3,45.0919210409354,141.772244,,,,,,,,,,,,,201,red,272,284,556
81,10,1310290,1,20260819,,,,0,0,0,201,,,,0,0,0,201,3,45.3643680409278,141.728937,,,,,,,,,,,,,201,red,0,0,0
81,06,1310300,1,20260819,2632,434,8,0,0,0,0,0,0,2758,0,0,201,0,3,43.059450410636984,144.8007274,,,,,,,,,,,,,201,red,3074,2758,5832
81,06,1310310,1,20260819,288,108,0,0,201,0,0,366,88,2,0,0,0,0,3,43.27550252069827,145.50157790000003,,,,,,,,,,,,,201,red,396,456,852
81,02,1310320,1,20260819,2776,399,0,0,0,0,0,2920,352,0,0,0,0,0,3,41.8940000401868,140.139639,,,,,,,,,,,,,201,red,3175,3272,6447
81,02,1310330,1,20260819,3093,408,0,0,0,0,0,2684,304,0,0,0,0,0,3,41.68472204008489,140.444,,,,,,,,,,,,,201,red,3501,2988,6489
81,03,1310340,1,20260819,1700,197,0,0,0,0,0,7,6,1,0,0,199,0,3,43.26192904069464,140.646731,,,,,,,,,,,,,201,red,1897,14,1911
81,03,1310350,1,20260819,1429,295,0,0,0,0,0,1282,278,0,0,0,0,0,3,43.041313040631515,140.5119,,,,,,,,,,,,,201,red,1724,1560,3284
81,02,1310360,1,20260819,469,36,0,0,0,0,0,400,59,0,0,0,0,0,3,42.129260570293795,139.981876,,,,,,,,,,,,,201,red,505,459,964
81,01,1310370,1,20260819,13079,1152,0,0,0,0,0,13793,1025,0,0,0,0,0,3,43.007483420621185,141.3442719,,,,,,,,,,,,,201,red,14231,14818,29049
81,03,1310380,1,20260819,2889,518,0,0,0,0,0,2498,356,0,0,0,0,0,3,42.797316040553234,140.953155,,,,,,,,,,,,,201,red,3407,2854,6261
81,03,1310390,1,20260819,2273,469,0,0,0,0,0,2021,366,0,0,0,0,0,3,42.75911004054018,140.927534,,,,,,,,,,,,,201,red,2742,2387,5129
81,09,1310420,1,20260819,1572,248,0,0,0,0,0,1480,281,0,0,0,0,0,3,44.315812040895196,141.663389,,,,,,,,,,,,,201,red,1820,1761,3581
81,05,1310430,1,20260819,1667,632,0,0,0,0,0,1471,688,0,0,0,0,0,3,42.68397268051387,141.6803745,,,,,,,,,,,,,201,red,2299,2159,4458
81,05,1310440,1,20260819,784,150,3,0,0,0,0,865,152,2,0,0,0,0,3,42.455508520428715,142.1783574,,,,,,,,,,,,,201,red,937,1019,1956
81,07,1310450,1,20260819,3378,407,0,0,0,0,0,2635,371,0,0,0,0,0,3,42.850468990571045,143.1845784,,,,,,,,,,,,,201,red,3785,3006,6791
81,04,1310460,1,20260819,3003,255,3,0,0,0,0,2470,757,0,0,201,0,0,3,43.3597710407203,142.387706,,,,,,,,,,,,,201,red,3261,3227,6488
81,05,1310470,1,20260819,326,445,0,0,0,0,0,387,485,0,0,0,0,0,3,42.87689451057974,142.4313468,,,,,,,,,,,,,201,red,771,872,1643
81,08,1310490,1,20260819,1677,412,0,1,201,0,0,1701,285,41,1,0,0,0,3,44.469400040910415,143.131573,,,,,,,,,,,,,201,red,2089,2027,4116
81,10,1310500,1,20260819,,,,0,0,0,201,,,,0,0,0,201,3,44.9513530409349,142.577793,,,,,,,,,,,,,201,red,0,0,0
81,06,1310520,1,20260819,482,93,0,0,0,0,0,519,71,0,0,0,0,0,3,43.474956340748676,144.4077086,,,,,,,,,,,,,201,red,575,590,1165
81,07,1310530,1,20260819,271,49,0,0,0,0,0,343,55,0,0,0,0,0,3,43.351455040718186,143.778977,,,,,,,,,,,,,201,red,320,398,718
81,08,1310540,1,20260819,532,151,0,0,201,0,0,515,142,0,0,201,0,0,3,43.71241358080086,144.1898958,,,,,,,,,,,,,201,red,683,657,1340
81,06,1310550,1,20260819,694,122,0,0,0,0,0,705,131,0,0,0,0,0,3,43.23651165068774,145.2499867,,,,,,,,,,,,,201,red,816,836,1652
81,06,1310560,1,20260819,918,154,0,0,0,0,0,989,180,0,0,0,0,0,3,43.68069492079438,145.1213962,,,,,,,,,,,,,201,red,1072,1169,2241
81,06,1310570,1,20260819,941,430,0,0,0,0,0,1028,364,0,0,0,0,0,3,43.3613193507207,144.8334503,,,,,,,,,,,,,201,red,1371,1392,2763
81,04,1310580,1,20260819,114,45,0,0,0,0,0,62,15,0,0,0,0,0,3,43.85535404082818,142.818956,,,,,,,,,,,,,201,red,159,77,236
81,01,1310590,1,20260819,15670,2703,0,0,0,0,0,17306,2855,0,0,0,0,0,3,43.101919030649576,141.3492984,,,,,,,,,,,,,201,red,18373,20161,38534
81,01,1310600,1,20260819,4925,858,0,0,0,201,0,4287,856,0,0,0,201,0,3,43.018587890624595,141.4801633,,,,,,,,,,,,,201,red,5783,5143,10926
81,07,1310610,1,20260819,42,15,0,0,0,0,0,53,18,0,0,0,0,0,3,43.124397040656135,143.671096,,,,,,,,,,,,,201,red,57,71,128
81,01,1310620,1,20260819,7690,1311,0,0,0,0,0,8908,1370,0,0,0,0,0,3,43.080001040643104,141.40691,,,,,,,,,,,,,201,red,9001,10278,19279
81,01,1310630,1,20260819,0,0,0,0,0,201,0,0,0,0,0,0,201,0,3,43.224602350684464,141.5421492,,,,,,,,,,,,,201,red,0,0,0
81,05,1310650,1,20260819,0,0,3396,0,0,201,0,2985,912,21,0,0,0,0,3,42.664068480506764,141.5956308,,,,,,,,,,,,,201,red,3396,3918,7314
81,08,1310660,1,20260819,1408,259,3,0,0,0,0,1637,213,3,0,0,0,0,3,43.98436947085019,143.5657163,,,,,,,,,,,,,201,red,1670,1853,3523
81,08,1310670,1,20260819,753,135,0,0,201,0,0,840,191,0,0,201,0,0,3,43.93417044084193,144.7997993,,,,,,,,,,,,,201,red,888,1031,1919
81,01,1310680,1,20260819,3166,313,0,0,0,0,0,3719,343,0,0,0,0,0,3,42.84334231056867,141.6642755,,,,,,,,,,,,,201,red,3479,4062,7541
81,06,1310690,1,20260819,2089,350,0,0,0,0,0,1655,308,7,0,0,0,0,3,43.048098520633566,144.4594431,,,,,,,,,,,,,201,red,2439,1970,4409
81,01,1310700,1,20260819,6854,888,0,0,0,0,0,8012,726,0,0,0,0,0,3,43.001297040619285,141.34856,,,,,,,,,,,,,201,red,7742,8738,16480
82,,2110010,1,20260819,3487,1264,0,0,0,0,0,3670,1258,0,0,0,0,0,3,37.110573456365614,140.1455465,,,,,,,,,,,,,206,red,4751,4928,9679
82,,2110017,1,20260819,14537,2532,0,0,0,0,0,15371,2353,0,0,0,0,0,3,37.37338104665072,140.3483355,,,,,,,,,,,,,206,red,17069,17724,34793
82,,2110019,1,20260819,15077,2858,0,0,0,0,0,13763,2633,0,0,0,0,0,3,37.46431627674753,140.3769493,,,,,,,,,,,,,206,red,17935,16396,34331
82,,2110021,1,20260819,10024,2060,88,0,0,0,0,9837,2325,26,0,206,0,0,3,37.606841446897334,140.4677635,,,,,,,,,,,,,206,red,12172,12188,24360
82,,2110030,1,20260819,15334,1710,0,0,0,0,0,15701,1635,0,0,0,0,0,3,37.73677529703182,140.4665726,,,,,,,,,,,,,206,red,17044,17336,34380
82,,2110040,1,20260819,9879,1445,0,0,0,0,0,9817,1316,0,0,0,0,0,3,37.807813217104496,140.4958221,,,,,,,,,,,,,206,red,11324,11133,22457
82,,2110050,1,20260819,3460,1261,0,0,0,0,0,3792,1174,0,0,0,0,0,3,37.90701278720498,140.5808128,,,,,,,,,,,,,206,red,4721,4966,9687
82,,2110055,1,20260819,8262,2378,0,0,0,0,0,8951,2143,0,0,0,0,0,3,38.041138927338956,140.6498056,,,,,,,,,,,,,206,red,10640,11094,21734
82,,2110060,1,20260819,13848,2303,0,0,0,0,0,13924,1990,0,0,0,0,0,3,38.085083367382396,140.8283056,,,,,,,,,,,,,206,red,16151,15914,32065
82,,2110062,1,20260819,2275,485,27,0,0,0,0,2003,377,23,0,0,0,0,3,39.659168038777906,141.92916800000003,,,,,,,,,,,,,206,red,2787,2403,5190
82,,2110063,1,20260819,1713,452,31,0,0,0,0,1428,342,20,0,0,0,0,3,39.73009903883322,141.960134,,,,,,,,,,,,,206,red,2196,1790,3986
82,,2110065,1,20260819,16189,1830,0,0,0,0,0,15951,1614,0,0,0,0,0,3,38.15208336744814,140.8853611,,,,,,,,,,,,,206,red,18019,17565,35584
82,,2110070,1,20260819,22415,2132,0,0,0,0,0,20142,1988,0,0,0,0,0,3,38.21891670751319,140.895,,,,,,,,,,,,,206,red,24547,22130,46677
82,,2110081,1,20260819,7537,246,0,0,0,0,0,0,0,0,0,0,0,0,3,38.340207037629824,140.883811,,,,,,,,,,,,,206,red,7783,0,7783
82,,2110090,1,20260819,6858,1297,0,0,0,0,0,7545,975,0,0,0,0,0,3,38.61000803788275,140.98291900000004,,,,,,,,,,,,,206,red,8155,8520,16675
82,,2110091,1,20260819,3003,1077,0,0,0,0,0,2745,707,0,0,0,0,0,3,38.834610038086325,141.085674,,,,,,,,,,,,,206,red,4080,3452,7532
82,,2110092,1,20260819,5720,1207,0,0,0,0,0,4316,794,0,0,0,0,0,3,38.930416038171224,141.117432,,,,,,,,,,,,,206,red,6927,5110,12037
82,,2110093,1,20260819,4556,1240,162,0,0,0,0,4332,875,53,0,0,0,0,3,39.003777838235415,141.1133766,,,,,,,,,,,,,206,red,5958,5260,11218
82,,2110095,1,20260819,4298,601,0,0,0,0,0,4537,506,0,0,0,0,0,3,39.166645038375485,141.142913,,,,,,,,,,,,,206,red,4899,5043,9942
82,,2110103,1,20260819,12859,1104,0,0,0,0,0,14703,635,0,0,0,0,0,3,39.668019038784855,141.15759,,,,,,,,,,,,,206,red,13963,15338,29301
82,,2110106,1,20260819,11017,844,0,0,0,0,0,11118,840,0,0,0,0,0,3,39.70774803881587,141.165401,,,,,,,,,,,,,206,red,11861,11958,23819
82,,2110110,1,20260819,10593,844,0,0,0,0,0,9912,678,0,0,0,0,0,3,39.7581439588549,141.134491,,,,,,,,,,,,,206,red,11437,10590,22027
82,,2110120,1,20260819,3746,746,0,0,0,0,0,4004,693,0,0,0,0,0,3,40.24861199921695,141.2695885,,,,,,,,,,,,,206,red,4492,4697,9189
82,,2110121,1,20260819,2473,603,0,0,0,0,0,2334,478,0,0,0,0,0,3,40.33516094927743,141.2985134,,,,,,,,,,,,,206,red,3076,2812,5888
82,,2110129,1,20260819,2541,440,0,0,0,0,0,2524,424,3,0,0,0,0,3,40.60805264946136,141.26026802,,,,,,,,,,,,,206,red,2981,2951,5932
82,,2110130,1,20260819,0,0,5928,0,0,206,0,0,0,5579,0,0,206,0,3,40.65608164949267,141.19309457,,,,,,,,,,,,,206,red,5928,5579,11507
82,,2110132,1,20260819,3509,485,317,0,0,0,0,3729,436,57,0,0,0,0,3,40.683721049510524,141.17042319,,,,,,,,,,,,,206,red,4311,4222,8533
82,,2110140,1,20260819,5089,654,26,0,0,0,0,5361,210,29,0,0,0,0,3,40.89753341964514,140.86029133,,,,,,,,,,,,,206,red,5769,5600,11369
82,,2110143,1,20260819,4401,1063,0,0,0,0,0,4296,816,0,0,0,0,0,3,39.946858248998055,141.2168884,,,,,,,,,,,,,206,red,5464,5112,10576
82,,2110144,1,20260819,3851,2325,0,0,206,0,0,4299,772,0,0,206,0,0,3,40.83532684960663,141.12935762,,,,,,,,,,,,,206,red,6176,5071,11247
82,,2110150,1,20260819,4755,893,3,0,0,0,0,4883,817,6,0,0,0,0,3,36.857960956084185,140.7891727,,,,,,,,,,,,,206,red,5651,5706,11357
82,,2110160,1,20260819,11536,2795,13,0,0,0,0,11201,2844,39,0,0,0,0,3,36.92281008615712,140.8423448,,,,,,,,,,,,,206,red,14344,14084,28428
82,,2110161,1,20260819,8000,1310,0,0,0,0,0,7525,1157,0,0,0,0,0,3,37.03306503628002,140.911907,,,,,,,,,,,,,206,red,9310,8682,17992
82,,2110162,1,20260819,5635,855,0,0,0,0,0,3373,649,0,0,0,0,0,3,37.11549536637102,140.9974993,,,,,,,,,,,,,206,red,6490,4022,10512
82,,2110163,1,20260819,4135,1022,4,0,0,0,0,2630,959,3,0,0,0,0,3,37.38527750666344,141.0086632,,,,,,,,,,,,,206,red,5161,3592,8753
82,,2110165,1,20260819,4302,774,28,0,0,0,0,5138,1009,33,0,0,0,0,3,37.63270112692426,140.9856901,,,,,,,,,,,,,206,red,5104,6180,11284
82,,2110168,1,20260819,2850,957,0,0,0,0,0,2834,898,0,0,0,0,0,3,37.81498403711179,140.943249,,,,,,,,,,,,,206,red,3807,3732,7539
82,,2110170,1,20260819,2012,331,0,0,0,0,0,2030,343,0,0,0,0,0,3,37.89520971719308,140.9035528,,,,,,,,,,,,,206,red,2343,2373,4716
82,,2110173,1,20260819,9686,946,0,0,0,0,0,7730,828,0,0,0,0,0,3,37.094818366348264,140.9771016,,,,,,,,,,,,,206,red,10632,8558,19190
82,,2110180,1,20260819,5284,440,0,0,0,0,0,4760,395,0,0,0,0,0,3,38.064732037362305,140.859399,,,,,,,,,,,,,206,red,5724,5155,10879
82,,2110190,1,20260819,2652,713,0,0,0,0,0,1937,437,0,0,0,0,0,1,38.69140541795727,139.678824,,,,,,,,,,,,,206,red,3365,2374,5739
82,,2110191,1,20260819,3694,862,0,0,0,0,0,3555,759,0,0,0,0,0,3,38.96127130819829,139.8400569,,,,,,,,,,,,,206,red,4556,4314,8870
82,,2110192,1,20260819,6906,610,0,0,0,0,0,6599,552,0,0,0,0,0,3,38.794079918050066,139.83442430000002,,,,,,,,,,,,,206,red,7516,7151,14667
82,,2110193,1,20260819,7396,693,0,0,0,0,0,7300,596,0,0,0,0,0,3,38.787431758044086,139.8346764,,,,,,,,,,,,,206,red,8089,7896,15985
82,,2110194,1,20260819,1269,213,0,0,0,0,0,1304,300,0,0,0,0,0,3,38.69287924795862,139.6478605,,,,,,,,,,,,,206,red,1482,1604,3086
82,,2110195,1,20260819,1410,832,0,0,0,0,0,1554,611,0,0,0,0,0,3,38.61589808788817,139.5797968,,,,,,,,,,,,,206,red,2242,2165,4407
82,,2110196,1,20260819,7638,820,0,0,0,0,0,7787,813,0,0,0,0,0,3,38.83854814808984,139.8486963,,,,,,,,,,,,,206,red,8458,8600,17058
82,,2110197,1,20260819,2856,268,0,0,0,0,0,2628,330,0,0,0,0,0,3,38.71753625798101,139.7594082,,,,,,,,,,,,,206,red,3124,2958,6082
82,,2110198,1,20260819,4878,632,0,0,0,0,0,4224,553,0,0,0,0,0,3,38.71622198797982,139.7565651,,,,,,,,,,,,,206,red,5510,4777,10287
82,,2110199,1,20260819,1768,606,0,0,0,0,0,1370,394,0,0,0,0,0,1,38.60695292787995,139.5878005,,,,,,,,,,,,,206,red,2374,1764,4138
82,,2110201,1,20260819,2243,697,0,0,0,0,0,1767,413,0,0,0,0,0,1,38.666421037934484,139.623761,,,,,,,,,,,,,206,red,2940,2180,5120
82,,2110202,1,20260819,5966,769,0,0,0,0,0,6269,764,0,0,0,0,0,3,39.62387474875015,140.0681964,,,,,,,,,,,,,206,red,6735,7033,13768
82,,2110203,1,20260819,1294,118,0,0,0,0,0,1158,109,0,0,0,0,0,3,39.240899018438185,139.9362623,,,,,,,,,,,,,206,red,1412,1267,2679
82,,2110204,1,20260819,2501,711,0,0,0,0,0,2964,510,0,0,0,0,0,3,39.290490888479674,139.9747431,,,,,,,,,,,,,206,red,3212,3474,6686
82,,2110205,1,20260819,2211,868,0,0,0,0,0,2206,638,0,0,0,0,0,3,39.11912903833497,139.876447,,,,,,,,,,,,,206,red,3079,2844,5923
82,,2110208,1,20260819,8423,445,0,0,0,0,0,7936,480,0,0,0,0,0,3,39.38953603856155,140.030682,,,,,,,,,,,,,206,red,8868,8416,17284
82,,2110210,1,20260819,8440,948,0,0,0,0,0,10542,769,0,0,0,0,0,3,39.79539903888355,140.0622,,,,,,,,,,,,,206,red,9388,11311,20699
82,,2110212,1,20260819,5965,654,0,0,0,0,0,5493,701,0,0,0,0,0,3,39.718472038824196,140.083211,,,,,,,,,,,,,206,red,6619,6194,12813
82,,2110213,1,20260819,3511,296,0,0,0,0,0,3353,323,0,0,0,0,0,3,39.52539935867177,140.0518185,,,,,,,,,,,,,206,red,3807,3676,7483
82,,2110214,1,20260819,3277,540,0,0,0,0,0,3163,452,0,0,0,0,0,3,39.90494615896667,140.076382,,,,,,,,,,,,,206,red,3817,3615,7432
82,,2110215,1,20260819,2856,369,16,0,0,0,0,2772,366,13,0,0,0,0,3,40.067095039086766,140.067721,,,,,,,,,,,,,206,red,3241,3151,6392
82,,2110216,1,20260819,2397,705,118,0,0,0,0,10,3,0,0,0,0,0,3,40.268120039230666,140.52780600000003,,,,,,,,,,,,,206,red,3220,13,3233
82,,2110217,1,20260819,2184,814,268,0,0,0,0,837,316,175,0,0,0,0,3,40.27305803923414,140.532178,,,,,,,,,,,,,206,red,3266,1328,4594
82,,2110218,1,20260819,6503,337,0,0,0,0,0,6204,295,0,0,0,0,0,3,40.190834039176,140.036139,,,,,,,,,,,,,206,red,6840,6499,13339
82,,2110219,1,20260819,1197,181,0,0,0,0,0,893,224,0,0,0,0,0,3,40.21531803919339,140.280482,,,,,,,,,,,,,206,red,1378,1117,2495
82,,2110220,1,20260819,2152,581,5,0,0,0,0,1812,613,0,0,0,0,0,3,40.16185503915528,140.039381,,,,,,,,,,,,,206,red,2738,2425,5163
82,,2110221,1,20260819,3493,622,24,0,0,0,0,2970,519,3,0,0,0,0,3,40.20192503918389,140.151831,,,,,,,,,,,,,206,red,4139,3492,7631
82,,2110222,1,20260819,978,298,0,0,0,0,0,830,252,0,0,0,0,0,3,40.30719003925799,140.572683,,,,,,,,,,,,,206,red,1276,1082,2358
82,,2110229,1,20260819,2497,649,23,0,0,0,0,660,75,17,0,0,0,0,3,40.230677039204274,140.489525,,,,,,,,,,,,,206,red,3169,752,3921
82,,2110230,1,20260819,1764,389,4,0,0,0,0,1762,369,1,0,0,0,0,3,40.3821040393098,140.603544,,,,,,,,,,,,,202,red,2157,2132,4289
82,,2110231,1,20260819,1930,426,31,0,0,0,0,2054,411,16,0,0,0,0,3,40.461176699363655,140.6358415,,,,,,,,,,,,,206,red,2387,2481,4868
82,,2110232,1,20260819,1799,432,18,0,0,0,0,1580,165,11,0,0,0,0,3,40.199024039181815,140.383267,,,,,,,,,,,,,206,red,2249,1756,4005
82,,2110233,1,20260819,1447,437,0,0,0,0,0,1124,213,0,0,0,0,0,1,38.96155603819856,139.859806,,,,,,,,,,,,,206,red,1884,1337,3221
82,,2110234,1,20260819,3433,393,571,0,0,0,0,5014,757,295,0,0,0,0,3,40.57123242943714,140.52428552,,,,,,,,,,,,,206,red,4397,6066,10463
82,,2110235,1,20260819,10448,866,32,0,0,0,0,0,0,10591,0,0,206,0,3,40.60269692945784,140.49957539,,,,,,,,,,,,,206,red,11346,10591,21937
82,,2110236,1,20260819,1499,506,0,0,0,0,0,1320,301,0,0,0,0,0,1,39.00850003823954,139.856924,,,,,,,,,,,,,206,red,2005,1621,3626
82,,2110237,1,20260819,285,90,0,0,0,0,0,405,88,0,0,0,0,0,1,39.05087603827627,139.890254,,,,,,,,,,,,,206,red,375,493,868
82,,2110240,1,20260819,8294,911,32,0,0,0,0,2598,153,5500,0,0,206,0,3,40.65753935949361,140.50836074,,,,,,,,,,,,,206,red,9237,8251,17488
82,,2110249,1,20260819,6563,1217,494,0,0,0,0,3426,846,445,0,206,206,0,3,40.831625089604316,140.66283564,,,,,,,,,,,,,206,red,8274,4717,12991
82,,2110250,1,20260819,7790,969,0,0,0,0,0,7283,1408,0,0,0,0,0,3,40.767838829564255,140.59194915,,,,,,,,,,,,,206,red,8759,8691,17450
82,,2110251,1,20260819,12025,1403,0,0,0,206,0,19976,3028,0,0,0,0,0,3,40.824380649599796,140.7354641,,,,,,,,,,,,,206,red,13428,23004,36432
82,,2110252,1,20260819,6645,1205,1,0,0,0,0,0,0,7759,0,0,199,0,3,40.80222556958593,140.69781704,,,,,,,,,,,,,199,red,7851,7759,15610
82,,2110253,1,20260819,3622,433,49,0,0,0,0,3818,574,67,0,0,0,0,3,40.82364700959935,140.81040657,,,,,,,,,,,,,206,red,4104,4459,8563
82,,2110255,1,20260819,0,0,0,0,0,0,0,0,0,0,0,0,0,0,3,40.797368279582884,140.73499562,,,,,,,,,,,,,206,red,0,0,0
82,,2110256,1,20260819,6929,601,25,0,0,0,0,0,0,0,0,0,0,0,3,40.79545531958167,140.74908182,,,,,,,,,,,,,206,red,7555,0,7555
82,,2110258,1,20260819,3649,327,10,0,0,0,0,4934,770,28,0,0,0,0,3,40.26361114922749,140.42944444,,,,,,,,,,,,,206,red,3986,5732,9718
82,,2110260,1,20260819,10252,479,0,0,0,0,0,10746,542,0,0,0,0,0,3,37.766077747061864,140.4643813,,,,,,,,,,,,,206,red,10731,11288,22019
82,,2110270,1,20260819,483,91,0,0,0,0,0,423,83,42,0,0,2,0,3,37.82286602711981,140.2786356,,,,,,,,,,,,,206,red,574,548,1122
82,,2110271,1,20260819,2884,1472,0,0,0,0,0,2881,886,0,0,0,0,0,3,37.89655074719443,140.1500818,,,,,,,,,,,,,206,red,4356,3767,8123
82,,2110272,1,20260819,2711,1399,0,0,0,0,0,2839,886,0,0,0,0,0,3,37.92749748722557,140.13487,,,,,,,,,,,,,206,red,4110,3725,7835
82,,2110280,1,20260819,6394,892,0,0,0,0,0,6502,763,0,0,0,0,0,3,37.99971367729781,140.14494900000003,,,,,,,,,,,,,206,red,7286,7265,14551
82,,2110290,1,20260819,6875,1226,0,0,0,0,0,7214,1113,0,0,0,0,0,3,38.13022203742675,140.241028,,,,,,,,,,,,,206,red,8101,8327,16428
82,,2110291,1,20260819,8534,1234,0,0,0,0,0,8107,1097,0,0,0,0,0,3,38.159814097455694,140.3001308,,,,,,,,,,,,,206,red,9768,9204,18972
82,,2110292,1,20260819,6827,1184,0,0,0,0,0,6708,943,0,0,0,0,0,3,38.10297203739999,140.207083,,,,,,,,,,,,,206,red,8011,7651,15662
82,,2110294,1,20260819,1747,300,0,0,0,0,0,2017,385,0,0,0,0,0,3,37.767613677063444,140.8648291,,,,,,,,,,,,,206,red,2047,2402,4449
82,,2110295,1,20260819,1813,303,0,0,0,0,0,2235,427,0,0,0,0,0,3,37.75423885704973,140.7090153,,,,,,,,,,,,,206,red,2116,2662,4778
82,,2110296,1,20260819,1961,330,0,0,0,0,0,2510,471,0,0,0,0,0,3,37.75978319705542,140.5958156,,,,,,,,,,,,,206,red,2291,2981,5272
82,,2110297,1,20260819,1855,286,0,0,0,0,0,2231,381,0,0,0,0,0,3,37.78113503707728,140.573819,,,,,,,,,,,,,206,red,2141,2612,4753
82,,2110298,1,20260819,1974,421,0,0,0,0,0,2313,472,0,0,0,0,0,3,37.81669203711354,140.530266,,,,,,,,,,,,,206,red,2395,2785,5180
82,,2110299,1,20260819,1551,483,0,0,0,0,0,2132,552,0,0,0,0,0,3,37.83294203713006,140.49615,,,,,,,,,,,,,206,red,2034,2684,4718
82,,2110300,1,20260819,2598,1413,0,0,0,0,0,2398,828,0,0,0,0,0,1,37.79582169709228,140.4130094,,,,,,,,,,,,,206,red,4011,3226,7237
82,,2110301,1,20260819,3498,1718,0,0,0,0,0,3368,1036,0,0,0,0,0,3,37.8687824871664,140.2279023,,,,,,,,,,,,,206,red,5216,4404,9620
82,,2110305,1,20260819,13168,1695,0,0,0,0,0,14269,1602,0,0,0,0,0,3,38.32857829761873,140.3671432,,,,,,,,,,,,,206,red,14863,15871,30734
82,,2110307,1,20260819,5481,308,0,0,0,0,0,7476,658,0,0,0,0,0,3,38.48098003776293,140.382831,,,,,,,,,,,,,206,red,5789,8134,13923
82,,2110308,1,20260819,5884,1512,0,0,0,0,0,4948,1076,0,0,0,0,0,1,38.56969403784554,140.401333,,,,,,,,,,,,,206,red,7396,6024,13420
82,,2110309,1,20260819,4656,1241,0,0,0,0,0,3530,755,0,0,0,0,0,1,38.42500003771029,140.352222,,,,,,,,,,,,,206,red,5897,4285,10182
82,,2110310,1,20260819,4227,402,0,0,0,0,0,4576,429,0,0,0,0,0,3,38.57581640785121,140.403707,,,,,,,,,,,,,206,red,4629,5005,9634
82,,2110311,1,20260819,6325,1511,0,0,0,0,0,5156,1067,0,0,0,0,0,1,38.5505555978278,140.3888889,,,,,,,,,,,,,206,red,7836,6223,14059
82,,2110312,1,20260819,5679,1359,0,0,0,0,0,4912,1014,0,0,0,0,0,3,38.618265997890354,140.3838155,,,,,,,,,,,,,206,red,7038,5926,12964
82,,2110313,1,20260819,6537,1549,0,0,0,0,0,6185,1266,0,0,0,0,0,3,38.676631947943804,140.3212881,,,,,,,,,,,,,206,red,8086,7451,15537
82,,2110314,1,20260819,6232,1515,0,0,0,0,0,6119,1189,0,0,0,0,0,3,38.71993903798319,140.308757,,,,,,,,,,,,,206,red,7747,7308,15055
82,,2110315,1,20260819,4350,362,0,0,0,0,0,4114,304,0,0,0,0,0,3,38.8033716780584,140.3206605,,,,,,,,,,,,,206,red,4712,4418,9130
82,,2110316,1,20260819,2794,889,0,0,0,0,0,2339,562,0,0,0,0,0,3,38.74947203800992,140.290833,,,,,,,,,,,,,206,red,3683,2901,6584
82,,2110317,1,20260819,1386,703,0,0,0,0,0,1363,458,0,0,0,0,0,3,38.923639038165255,140.334806,,,,,,,,,,,,,206,red,2089,1821,3910
82,,2110318,1,20260819,1386,715,0,0,0,0,0,1386,540,0,0,0,0,0,3,38.94673520818555,140.3547943,,,,,,,,,,,,,206,red,2101,1926,4027
82,,2110319,1,20260819,2404,680,17,0,0,0,0,2274,501,25,0,0,0,0,3,39.072178338294655,140.4714918,,,,,,,,,,,,,206,red,3101,2800,5901
82,,2110320,1,20260819,2763,712,10,0,0,0,0,2701,557,13,0,0,0,0,3,39.11258080832936,140.486598,,,,,,,,,,,,,206,red,3485,3271,6756
82,,2110321,1,20260819,4864,435,0,0,0,0,0,351,268,0,0,0,0,0,3,39.181412318388,140.4959965,,,,,,,,,,,,,206,red,5299,619,5918
82,,2110322,1,20260819,2825,126,22,0,0,0,0,2630,72,153,0,0,0,0,3,39.1455093483575,140.4912436,,,,,,,,,,,,,206,red,2973,2855,5828
82,,2110324,1,20260819,867,474,0,0,0,0,0,43,278,0,0,0,0,0,3,39.046668898272635,140.4131154,,,,,,,,,,,,,206,red,1341,321,1662
82,,2110325,1,20260819,5698,1453,0,0,0,0,0,4470,976,0,0,0,0,0,1,38.463333037746374,140.3575,,,,,,,,,,,,,206,red,7151,5446,12597
82,,2110326,1,20260819,6073,1453,0,0,0,0,0,4875,1033,0,0,0,0,0,1,38.49944403778021,140.370833,,,,,,,,,,,,,206,red,7526,5908,13434
82,,2110327,1,20260819,6972,575,0,0,0,0,0,6098,507,0,0,0,0,0,3,39.249316578445246,140.5351192,,,,,,,,,,,,,206,red,7547,6605,14152
82,,2110328,1,20260819,1832,761,0,0,0,0,0,1713,502,0,0,0,0,0,3,38.78089403803823,140.293372,,,,,,,,,,,,,206,red,2593,2215,4808
82,,2110335,1,20260819,4813,409,1818,0,0,90,0,6716,658,230,0,0,0,0,3,39.45464609861468,140.4982871,,,,,,,,,,,,,206,red,7040,7604,14644
82,,2110337,1,20260819,3429,459,0,0,0,0,0,3207,448,2,0,0,0,0,3,39.56556981870389,140.3349352,,,,,,,,,,,,,206,red,3888,3657,7545
82,,2110340,1,20260819,9125,1368,0,0,0,0,0,8348,1295,0,0,0,0,0,3,39.66778703878465,140.165768,,,,,,,,,,,,,206,red,10493,9643,20136
82,,2110350,1,20260819,13166,1789,0,0,0,0,0,14590,1904,0,0,0,0,0,3,38.27013892756266,140.95175,,,,,,,,,,,,,206,red,14955,16494,31449
82,,2110352,1,20260819,12959,2437,13,0,0,0,0,12834,1895,179,0,0,0,0,3,38.425472257710744,141.1867778,,,,,,,,,,,,,206,red,15409,14908,30317
82,,2110353,1,20260819,12978,2326,122,0,0,0,0,12790,1777,225,0,0,0,0,3,38.43294447771779,141.2090556,,,,,,,,,,,,,206,red,15426,14792,30218
82,,2110354,1,20260819,11279,2012,176,0,0,0,0,11360,1506,127,0,0,0,0,3,38.442000037726324,141.2525833,,,,,,,,,,,,,206,red,13467,12993,26460
82,,2110355,1,20260819,9323,1898,246,0,0,0,0,9585,1435,109,0,0,0,0,3,38.48202781776391,141.2923889,,,,,,,,,,,,,206,red,11467,11129,22596
82,,2110357,1,20260819,8309,1691,69,0,0,0,0,8358,1255,111,0,0,0,0,3,38.50430559778474,141.2861944,,,,,,,,,,,,,206,red,10069,9724,19793
82,,2110358,1,20260819,6393,1542,66,0,0,0,0,6260,1155,58,0,0,0,0,3,38.590638927864894,141.27905560000002,,,,,,,,,,,,,206,red,8001,7473,15474
82,,2110359,1,20260819,5899,1498,52,0,0,0,0,5706,1083,63,0,0,0,0,3,38.61066670788337,141.2839722,,,,,,,,,,,,,206,red,7449,6852,14301
82,,2110360,1,20260819,5452,202,0,0,0,0,0,5418,231,0,0,0,0,0,3,38.429333367714385,141.2390278,,,,,,,,,,,,,206,red,5654,5649,11303
82,,2110361,1,20260819,4613,287,0,0,0,0,0,4806,285,0,0,0,0,0,3,38.891555598136925,141.55625,,,,,,,,,,,,,206,red,4900,5091,9991
82,,2110362,1,20260819,4921,1037,50,0,0,0,0,4690,724,39,0,0,0,0,3,38.696083367961535,141.2831389,,,,,,,,,,,,,206,red,6008,5453,11461
82,,2110363,1,20260819,10801,2017,90,0,0,0,0,10014,1504,105,0,0,0,0,3,38.456555597740014,141.2745,,,,,,,,,,,,,206,red,12908,11623,24531
82,,2110364,1,20260819,3112,732,3,0,0,0,0,3128,523,2,0,0,0,0,3,38.95011114818852,141.6280556,,,,,,,,,,,,,206,red,3847,3653,7500
82,,2110365,1,20260819,2619,200,0,0,0,0,0,2916,189,0,0,0,0,0,3,38.91955303816165,141.571364,,,,,,,,,,,,,206,red,2819,3105,5924
82,,2110366,1,20260819,4562,949,86,0,0,0,0,4266,696,49,0,0,0,0,3,38.71113892797521,141.3101667,,,,,,,,,,,,,206,red,5597,5011,10608
82,,2110367,1,20260819,4430,732,35,1,0,0,0,3891,521,61,1,0,0,0,3,39.02656869825523,141.6974974,,,,,,,,,,,,,206,red,5197,4473,9670
82,,2110368,1,20260819,4544,952,59,0,0,0,0,4288,657,40,0,0,0,0,3,38.70219447796709,141.3930833,,,,,,,,,,,,,206,red,5555,4985,10540
82,,2110370,1,20260819,4347,344,0,0,0,0,0,4161,342,0,0,0,0,0,3,39.059216658283475,141.7193842,,,,,,,,,,,,,206,red,4691,4503,9194
82,,2110371,1,20260819,2362,523,20,0,1,1,0,2172,351,14,0,1,1,0,3,39.074077398296275,141.7034197,,,,,,,,,,,,,206,red,2905,2537,5442
82,,2110372,1,20260819,2391,662,0,1,0,0,0,2059,446,0,1,0,0,0,3,39.125195598340156,141.7347157,,,,,,,,,,,,,163,red,3053,2505,5558
82,,2110373,1,20260819,3317,707,0,0,0,0,0,3059,455,0,0,0,0,0,3,39.12205355833746,141.7899934,,,,,,,,,,,,,163,red,4024,3514,7538
82,,2110374,1,20260819,2587,681,0,0,0,0,0,2441,535,0,0,0,0,0,3,39.03121932825926,141.6337144,,,,,,,,,,,,,206,red,3268,2976,6244
82,,2110379,1,20260819,2562,661,41,0,0,0,0,2260,433,45,0,0,0,0,3,39.14893559836042,141.8295097,,,,,,,,,,,,,163,red,3264,2738,6002
82,,2110380,1,20260819,3093,275,0,0,0,0,0,4289,241,0,0,0,0,0,3,39.29661287848477,141.8836641,,,,,,,,,,,,,206,red,3368,4530,7898
82,,2110381,1,20260819,3934,913,68,0,0,0,0,3695,668,94,0,0,0,0,3,38.69052781795646,141.4270556,,,,,,,,,,,,,206,red,4915,4457,9372
82,,2110382,1,20260819,4293,996,30,0,0,0,0,4344,688,32,0,0,0,0,3,38.70547225797006,141.4960833,,,,,,,,,,,,,206,red,5319,5064,10383
82,,2110383,1,20260819,3664,711,22,0,0,0,0,4050,562,20,0,0,0,0,3,39.32251283850628,141.8802524,,,,,,,,,,,,,206,red,4397,4632,9029
82,,2110384,1,20260819,4780,920,28,0,0,0,0,4426,680,51,0,0,0,0,3,38.81825003807172,141.5580556,,,,,,,,,,,,,206,red,5728,5157,10885
82,,2110387,1,20260819,2435,543,108,0,0,0,0,2465,380,30,0,0,0,0,3,39.59193303872486,141.940478,,,,,,,,,,,,,206,red,3086,2875,5961
82,,2110389,1,20260819,1771,441,31,0,0,0,0,1460,353,24,0,0,0,0,3,39.8199300389023,141.96138,,,,,,,,,,,,,206,red,2243,1837,4080
82,,2110392,1,20260819,1872,462,18,0,0,0,0,1575,358,19,0,0,0,0,3,39.836270038914755,141.96038,,,,,,,,,,,,,206,red,2352,1952,4304
82,,2110393,1,20260819,1208,528,0,0,0,0,0,1177,373,0,0,0,0,0,3,39.87071503894088,141.94008,,,,,,,,,,,,,206,red,1736,1550,3286
82,,2110394,1,20260819,5259,932,39,0,0,0,0,4824,704,37,0,0,0,0,3,38.86638892811462,141.5685833,,,,,,,,,,,,,206,red,6230,5565,11795
82,,2110396,1,20260819,167,42,0,0,0,157,1,379,103,0,0,0,206,1,3,39.93351162898809,141.8457699,,,,,,,,,,,,,206,red,209,482,691
82,,2110397,1,20260819,928,402,0,0,0,0,1,889,321,0,0,0,0,1,3,39.9934900390327,141.881411,,,,,,,,,,,,,206,red,1330,1210,2540
82,,2110401,1,20260819,2130,649,31,0,0,0,0,1997,498,13,0,0,0,0,3,39.029891708258106,141.6224,,,,,,,,,,,,,206,red,2810,2508,5318
82,,2110402,1,20260819,1799,131,0,0,0,0,0,1605,129,0,0,0,0,0,3,40.414361969331864,141.7051792,,,,,,,,,,,,,206,red,1930,1734,3664
82,,2110403,1,20260819,2518,618,33,0,0,0,0,2165,441,22,0,0,0,0,3,39.15806392836817,141.8413306,,,,,,,,,,,,,206,red,3169,2628,5797
82,,2110404,1,20260819,10329,489,13,0,0,0,0,9756,428,22,0,0,0,0,3,40.50576550939362,141.53235261,,,,,,,,,,,,,206,red,10831,10206,21037
82,,2110405,1,20260819,10902,847,47,0,0,0,0,8881,810,33,0,0,0,0,3,40.528900439409064,141.46412799,,,,,,,,,,,,,206,red,11796,9724,21520
82,,2110407,1,20260819,2786,376,1,0,0,0,0,2689,305,48,0,0,0,0,3,40.481786839377534,141.5376989,,,,,,,,,,,,,206,red,3163,3042,6205
82,,2110408,1,20260819,7194,750,45,0,0,0,0,7199,606,28,0,0,0,0,3,40.5637364594322,141.43539327,,,,,,,,,,,,,206,red,7989,7833,15822
82,,2110409,1,20260819,2639,607,48,0,0,0,0,2406,430,24,0,0,0,0,3,39.24333336844022,141.8452778,,,,,,,,,,,,,206,red,3294,2860,6154
82,,2110410,1,20260819,3308,415,19,0,0,0,0,3172,406,16,0,0,0,0,3,40.47949102937599,141.58069836,,,,,,,,,,,,,206,red,3742,3594,7336
82,,2110412,1,20260819,3211,756,36,0,0,0,0,2682,585,65,0,0,0,0,3,40.66162803949626,141.324363,,,,,,,,,,,,,206,red,4003,3332,7335
82,,2110413,1,20260819,3818,855,107,0,0,0,0,3491,680,146,0,0,0,0,3,40.675139039505,141.304575,,,,,,,,,,,,,206,red,4780,4317,9097
82,,2110414,1,20260819,9397,1171,0,0,0,0,0,8409,1010,0,0,0,0,0,3,39.699724768809624,141.0544968,,,,,,,,,,,,,206,red,10568,9419,19987
82,,2110415,1,20260819,4470,547,0,0,0,0,0,4781,460,0,0,0,0,0,3,39.69160156880328,141.008749,,,,,,,,,,,,,206,red,5017,5241,10258
82,,2110416,1,20260819,1959,397,6,0,0,0,0,1772,384,7,0,0,0,0,3,39.70020353880998,140.8836508,,,,,,,,,,,,,206,red,2362,2163,4525
82,,2110417,1,20260819,789,175,0,0,0,0,0,192,145,0,0,0,0,0,3,40.47147403937059,141.474002,,,,,,,,,,,,,206,red,964,337,1301
82,,2110418,1,20260819,3672,771,24,0,0,0,0,3479,569,26,0,0,0,0,3,39.260555598454665,141.8394444,,,,,,,,,,,,,206,red,4467,4074,8541
82,,2110419,1,20260819,2908,613,26,0,0,0,0,3042,444,24,0,0,0,0,3,39.288333368477865,141.8633333,,,,,,,,,,,,,206,red,3547,3510,7057
82,,2110421,1,20260819,2417,594,19,0,0,0,0,2482,454,24,0,0,0,0,3,39.366111148542295,141.9044444,,,,,,,,,,,,,206,red,3030,2960,5990
82,,2110422,1,20260819,2623,635,28,0,0,0,0,2849,491,36,0,0,0,0,3,39.36731670854329,141.8911806,,,,,,,,,,,,,206,red,3286,3376,6662
82,,2110423,1,20260819,2625,518,0,0,0,0,0,2805,470,2,0,0,0,0,3,40.22921103920324,141.7800234,,,,,,,,,,,,,206,red,3143,3277,6420
82,,2110424,1,20260819,1668,414,0,0,0,0,0,1707,414,0,0,0,0,0,3,39.601276038732266,140.551915,,,,,,,,,,,,,206,red,2082,2121,4203
82,,2110428,1,20260819,2985,605,18,0,0,0,0,2613,500,8,0,0,0,0,3,38.73322403799523,140.787123,,,,,,,,,,,,,201,red,3608,3121,6729
82,,2110432,1,20260819,846,323,0,0,0,0,0,739,265,0,0,0,0,0,3,38.73755603799914,140.598389,,,,,,,,,,,,,206,red,1169,1004,2173
82,,2110435,1,20260819,4557,1205,0,0,0,0,0,3967,1167,0,0,0,0,0,3,38.74138978800262,140.2831578,,,,,,,,,,,,,206,red,5762,5134,10896
82,,2110436,1,20260819,3083,841,0,0,0,0,0,2857,731,0,0,0,0,0,3,38.74416703800512,140.259722,,,,,,,,,,,,,206,red,3924,3588,7512
82,,2110437,1,20260819,3452,823,0,0,0,0,0,3184,747,0,0,0,0,0,3,38.73663903799832,140.168833,,,,,,,,,,,,,206,red,4275,3931,8206
82,,2110438,1,20260819,3253,775,0,0,0,0,0,2943,683,0,0,0,0,0,3,38.745210838006074,140.2326227,,,,,,,,,,,,,206,red,4028,3626,7654
82,,2110440,1,20260819,2858,813,0,0,0,0,1,3079,834,0,0,0,0,1,3,38.78155241803881,140.0267226,,,,,,,,,,,,,206,red,3671,3913,7584
82,,2110445,1,20260819,14168,1296,0,0,0,0,0,15341,1301,0,0,0,0,0,3,38.26502503755774,140.79343300000002,,,,,,,,,,,,,206,red,15464,16642,32106
82,,2110450,1,20260819,3134,728,0,0,0,0,0,2731,707,0,0,0,0,0,3,38.391999797679084,140.5672252,,,,,,,,,,,,,206,red,3862,3438,7300
82,,2110451,1,20260819,4059,400,0,0,0,0,0,3893,384,0,0,0,0,0,3,38.877650438124604,139.8869442,,,,,,,,,,,,,206,red,4459,4277,8736
82,,2110452,1,20260819,6724,504,0,0,0,33,0,6418,677,0,0,0,0,0,3,38.901543148145755,139.8723154,,,,,,,,,,,,,206,red,7228,7095,14323
82,,2110453,1,20260819,338,86,0,0,0,0,0,234,44,0,0,0,0,0,3,38.90368057814766,139.8668909,,,,,,,,,,,,,206,red,424,278,702
82,,2110454,1,20260819,4944,540,0,0,0,0,0,4736,479,0,0,0,0,0,3,38.87364379812106,139.886117,,,,,,,,,,,,,206,red,5484,5215,10699
82,,2110455,1,20260819,7129,1166,0,0,0,0,0,4630,1186,0,0,0,0,0,3,37.062925546313075,140.8516252,,,,,,,,,,,,,206,red,8295,5816,14111
82,,2110456,1,20260819,3675,405,0,0,0,0,0,3406,391,0,0,0,0,0,3,38.85157810810144,139.8908657,,,,,,,,,,,,,206,red,4080,3797,7877
82,,2110457,1,20260819,2370,388,0,0,0,0,0,2292,395,0,0,0,0,0,3,38.831843418083864,139.9098858,,,,,,,,,,,,,206,red,2758,2687,5445
82,,2110460,1,20260819,2606,527,2,0,0,0,0,2852,644,2,0,0,0,0,3,37.11000003636498,140.7641667,,,,,,,,,,,,,206,red,3135,3498,6633
82,,2110464,1,20260819,1910,394,4,0,0,0,0,2042,519,82,0,0,0,0,3,37.31106211658384,140.4823494,,,,,,,,,,,,,206,red,2308,2643,4951
82,,2110465,1,20260819,5798,636,0,0,0,0,0,5500,802,0,0,0,0,0,3,37.33970064661463,140.406585,,,,,,,,,,,,,206,red,6434,6302,12736
82,,2110470,1,20260819,3648,569,0,0,0,0,0,3639,427,0,0,0,0,0,3,37.49456687677952,140.2463901,,,,,,,,,,,,,206,red,4217,4066,8283
82,,2110472,1,20260819,835,398,0,0,0,0,0,814,356,0,0,0,0,0,3,37.65080306694305,139.5936209,,,,,,,,,,,,,206,red,1233,1170,2403
82,,2110473,1,20260819,5442,966,0,0,0,0,0,5429,850,0,0,0,0,0,3,37.548570346836364,139.9683643,,,,,,,,,,,,,206,red,6408,6279,12687
82,,2110474,1,20260819,4595,682,0,0,0,0,0,4846,556,0,0,0,0,0,3,37.55735328684558,139.8550022,,,,,,,,,,,,,206,red,5277,5402,10679
82,,2110477,1,20260819,5557,358,7,0,0,0,0,4787,400,15,0,0,0,0,3,40.48458321937942,141.42701414,,,,,,,,,,,,,206,red,5922,5202,11124
82,,2110478,1,20260819,2245,218,0,0,0,0,0,2380,250,0,0,0,0,0,3,38.52642903780538,141.156619,,,,,,,,,,,,,206,red,2463,2630,5093
82,,2110479,1,20260819,3323,388,0,0,0,0,0,3292,435,0,0,0,0,0,3,38.556163037833,141.069142,,,,,,,,,,,,,206,red,3711,3727,7438
82,,2110480,1,20260819,6149,256,0,0,0,0,0,5431,251,0,0,0,0,0,3,38.570337037846144,140.982089,,,,,,,,,,,,,206,red,6405,5682,12087
82,,2110481,1,20260819,1322,676,0,0,0,0,0,1297,445,0,0,0,0,0,3,39.036923848264195,140.3899339,,,,,,,,,,,,,206,red,1998,1742,3740
82,,2110482,1,20260819,4500,647,8,0,0,0,0,5080,539,0,0,0,0,0,3,39.363397818540065,140.5656534,,,,,,,,,,,,,206,red,5155,5619,10774
82,,2110485,1,20260819,8962,738,0,0,0,0,0,9651,615,0,0,0,0,0,3,38.33956088762922,140.2816558,,,,,,,,,,,,,206,red,9700,10266,19966
82,,2110488,1,20260819,1520,222,0,0,0,0,0,1166,182,0,0,0,0,0,3,38.4566470377401,140.032103,,,,,,,,,,,,,206,red,1742,1348,3090
82,,2110491,1,20260819,2539,569,0,0,0,0,0,2396,473,0,0,0,0,0,3,38.58079848785582,139.9398136,,,,,,,,,,,,,206,red,3108,2869,5977
82,,2110500,1,20260819,1993,724,0,0,0,0,0,2248,574,0,0,0,0,0,3,38.046173177343945,139.7837305,,,,,,,,,,,,,206,red,2717,2822,5539
82,,2110501,1,20260819,1699,649,0,0,0,0,0,1626,488,0,0,0,0,0,3,38.0753590373728,139.72116,,,,,,,,,,,,,206,red,2348,2114,4462
82,,2110502,1,20260819,1720,530,0,0,0,0,0,1991,458,0,0,0,0,0,3,38.04606303734383,140.051715,,,,,,,,,,,,,206,red,2250,2449,4699
82,,2110503,1,20260819,3032,639,0,0,0,0,0,3519,637,0,0,0,0,0,3,38.044627037342416,140.064483,,,,,,,,,,,,,206,red,3671,4156,7827
82,,2110504,1,20260819,3032,814,0,0,0,0,0,3837,767,0,0,0,0,0,3,38.04518462734297,140.1366019,,,,,,,,,,,,,206,red,3846,4604,8450
82,,2110510,1,20260819,3714,772,0,0,0,0,0,3600,649,0,0,0,0,0,3,38.02769263732563,140.1668358,,,,,,,,,,,,,206,red,4486,4249,8735
82,,2110519,1,20260819,1929,294,17,0,0,0,0,1967,284,17,0,0,0,0,3,39.25195903844747,141.77938700000004,,,,,,,,,,,,,206,red,2240,2268,4508
82,,2110520,1,20260819,2397,320,24,0,0,0,0,2251,320,15,0,0,0,0,3,39.24514978844176,141.7423439,,,,,,,,,,,,,206,red,2741,2586,5327
82,,2110521,1,20260819,2404,360,0,0,0,0,0,2299,368,0,0,0,0,0,3,39.246448038442836,141.63560000000004,,,,,,,,,,,,,206,red,2764,2667,5431
82,,2110531,1,20260819,2474,356,0,0,0,0,0,1078,87,0,0,0,0,0,1,39.32515718850848,141.4883819,,,,,,,,,,,,,206,red,2830,1165,3995
82,,2110540,1,20260819,3298,559,0,0,0,0,0,3079,499,0,0,0,0,0,1,39.28807706847765,141.3475227,,,,,,,,,,,,,206,red,3857,3578,7435
82,,2110541,1,20260819,1934,250,0,0,0,0,0,1542,241,0,0,0,0,0,1,39.314345428499514,141.2615204,,,,,,,,,,,,,206,red,2184,1783,3967
82,,2110542,1,20260819,1558,293,0,0,0,0,0,1369,264,0,0,0,0,0,3,39.283375038473736,141.5516694,,,,,,,,,,,,,206,red,1851,1633,3484
82,,2110552,1,20260819,4083,939,42,0,0,0,0,3952,673,49,0,0,0,0,3,38.75991670801934,141.5025278,,,,,,,,,,,,,206,red,5064,4674,9738
82,,2110553,1,20260819,5001,979,35,0,0,0,0,4854,734,33,0,0,0,0,3,38.80716670806179,141.54275,,,,,,,,,,,,,206,red,6015,5621,11636
82,,2110554,1,20260819,2797,683,44,0,0,0,0,2753,485,38,0,0,0,0,3,38.96347225820022,141.6241944,,,,,,,,,,,,,206,red,3524,3276,6800
82,,2110555,1,20260819,2087,540,32,0,0,0,0,1710,358,21,0,0,0,0,3,39.21138892841335,141.865,,,,,,,,,,,,,206,red,2659,2089,4748
82,,2110556,1,20260819,5090,962,72,0,0,0,0,4221,644,87,0,0,0,0,3,38.8781944781251,141.5846444,,,,,,,,,,,,,206,red,6124,4952,11076
82,,2110557,1,20260819,3291,812,454,0,0,0,0,3184,692,194,0,0,0,0,3,38.789722258046154,141.5180556,,,,,,,,,,,,,206,red,4557,4070,8627
82,,2110558,1,20260819,3122,689,57,0,0,0,0,2902,484,46,0,0,0,0,3,38.88277803812915,141.585833,,,,,,,,,,,,,206,red,3868,3432,7300
82,,2110559,1,20260819,3589,788,43,0,0,0,0,3001,549,67,0,0,0,0,3,38.925278038166695,141.6025,,,,,,,,,,,,,206,red,4420,3617,8037
82,,2110560,1,20260819,1838,601,99,0,0,0,0,1510,407,107,0,0,0,0,3,38.89750003814219,141.595,,,,,,,,,,,,,206,red,2538,2024,4562
82,,2110561,1,20260819,3461,769,173,0,0,0,0,3109,801,188,0,0,0,0,3,38.91750003815984,141.591944,,,,,,,,,,,,,206,red,4403,4098,8501
82,,2110604,1,20260819,1807,432,306,0,0,0,0,2047,408,89,0,0,0,0,3,40.1607780391545,141.767278,,,,,,,,,,,,,206,red,2545,2544,5089
82,,2112104,1,20260819,3225,788,5,0,0,0,0,2401,569,297,0,0,0,0,3,40.733783919542624,141.20798154,,,,,,,,,,,,,206,red,4018,3267,7285
82,,2120001,1,20260819,4492,608,0,0,0,0,0,4590,754,0,0,0,0,0,3,40.75045198955322,140.54906872,,,,,,,,,,,,,206,red,5100,5344,10444
82,,2120005,1,20260819,4413,471,23,0,0,0,0,4608,397,24,0,0,0,0,3,40.79249892957982,140.48972552,,,,,,,,,,,,,206,red,4907,5029,9936
82,,2120010,1,20260819,3080,360,15,0,0,0,0,3265,319,14,0,0,0,0,3,40.81212879959214,140.47707546,,,,,,,,,,,,,206,red,3455,3598,7053
82,,2120015,1,20260819,2459,311,0,0,0,0,0,2207,262,0,0,0,0,0,3,40.82729603960163,140.4413,,,,,,,,,,,,,206,red,2770,2469,5239
82,,2120020,1,20260819,692,111,0,0,0,0,0,2099,117,0,0,0,0,0,3,40.78380703957434,140.261545,,,,,,,,,,,,,206,red,803,2216,3019
82,,2310200,1,20260819,11219,1273,0,0,0,0,0,10811,1399,0,0,0,0,0,3,39.70615403881462,140.09793,,,,,,,,,,,,,206,red,12492,12210,24702
82,,2312101,1,20260819,3951,942,0,0,0,0,0,3360,736,0,0,0,0,0,3,40.70834700952637,141.24477593,,,,,,,,,,,,,206,red,4893,4096,8989
82,,2312102,1,20260819,3962,858,0,0,0,0,0,3261,745,0,0,0,0,0,3,40.725233449537164,141.22804347,,,,,,,,,,,,,206,red,4820,4006,8826
82,,2312103,1,20260819,2015,320,0,0,0,0,0,2380,439,0,0,0,0,0,3,37.77535545707135,140.7514008,,,,,,,,,,,,,206,red,2335,2819,5154
83,,3110010,1,20260819,11646,1566,744,0,0,0,0,13205,1407,1259,0,0,0,0,3,35.58550262456253,139.7049058,,,,,,,,,,,,,206,red,13956,15871,29827
83,,3110020,1,20260819,19086,2794,669,0,0,0,0,20067,2900,877,0,0,0,0,3,35.37938903430058,139.509906,,,,,,,,,,,,,206,red,22549,23844,46393
83,,3110030,1,20260819,5651,237,349,0,0,0,0,6469,284,401,0,0,0,0,3,35.30798103420886,139.30775,,,,,,,,,,,,,206,red,6237,7154,13391
83,,3110040,1,20260819,6519,916,0,0,0,0,0,6428,849,0,0,0,0,0,3,35.24085503412222,139.123519,,,,,,,,,,,,,206,red,7435,7277,14712
83,,3110050,1,20260819,11408,5184,669,0,0,0,0,11433,5628,208,0,0,0,0,3,36.238458295364495,139.8048878,,,,,,,,,,,,,206,red,17261,17269,34530
83,,3110060,1,20260819,22473,5050,465,0,0,0,0,22792,4531,263,0,0,0,0,3,36.51217142568756,139.9177551,,,,,,,,,,,,,206,red,27988,27586,55574
83,,3110070,1,20260819,9509,2042,98,0,0,0,0,9258,2033,52,0,0,0,0,3,36.833366956056416,139.9495983,,,,,,,,,,,,,206,red,11649,11343,22992
83,,3110080,1,20260819,5795,444,40,0,0,0,0,5182,398,45,0,0,0,0,3,36.29676104543397,139.7863913,,,,,,,,,,,,,206,red,6279,5625,11904
83,,3110090,1,20260819,7830,288,184,0,0,0,0,7728,271,122,0,0,0,0,3,36.52417383570154,139.8798609,,,,,,,,,,,,,206,red,8302,8121,16423
83,,3110100,1,20260819,8000,282,94,0,0,0,0,8266,340,221,0,0,0,0,3,36.58529299577252,139.9295837,,,,,,,,,,,,,206,red,8376,8827,17203
83,,3110140,1,20260819,12217,1686,676,0,0,0,0,12617,1714,637,0,0,0,0,3,35.70274880470968,139.8786539,,,,,,,,,,,,,206,red,14579,14968,29547
83,,3110150,1,20260819,8855,1554,1613,0,0,0,0,10548,1804,742,0,0,0,0,3,35.61902656460475,140.0975838,,,,,,,,,,,,,206,red,12022,13094,25116
83,,3110160,1,20260819,12203,2327,1072,0,0,0,0,13045,1866,1286,0,0,0,0,3,35.56474703453633,139.7273263,,,,,,,,,,,,,206,red,15602,16197,31799
83,,3110170,1,20260819,12163,3652,0,0,0,0,0,14511,2431,0,0,0,2,0,3,35.52794003448978,139.70328,,,,,,,,,,,,,206,red,15815,16942,32757
83,,3110180,1,20260819,11070,3086,0,0,0,4,0,11964,2774,0,0,0,55,0,3,35.47903203442772,139.638693,,,,,,,,,,,,,206,red,14156,14738,28894
83,,3110190,1,20260819,9857,334,653,0,0,0,0,8653,420,563,0,0,0,0,3,35.26731403415642,139.685375,,,,,,,,,,,,,206,red,10844,9636,20480
83,,3110200,1,20260819,7567,344,465,0,0,0,0,6738,376,464,0,0,0,0,3,35.36071103427663,139.629686,,,,,,,,,,,,,206,red,8376,7578,15954
83,,3110220,1,20260819,14392,4181,0,0,0,0,0,13555,3941,0,0,0,0,0,3,35.58894027456686,139.3426681,,,,,,,,,,,,,206,red,18573,17496,36069
83,,3110230,1,20260819,5507,394,430,0,0,0,0,5211,465,363,0,0,0,0,3,35.483485034433386,139.527129,,,,,,,,,,,,,206,red,6331,6039,12370
83,,3110240,1,20260819,10088,3226,0,0,0,0,0,10708,3452,0,0,0,0,0,3,35.83073572486877,139.3800849,,,,,,,,,,,,,206,red,13314,14160,27474
83,,3110250,1,20260819,14159,3929,496,0,0,0,0,13437,3897,234,0,0,0,0,3,35.707798574715994,140.1198261,,,,,,,,,,,,,206,red,18584,17568,36152
83,,3110260,1,20260819,7817,2797,393,0,0,0,0,10389,3056,334,0,0,0,0,3,35.53057826449313,140.0927666,,,,,,,,,,,,,206,red,11007,13779,24786
83,,3110270,1,20260819,8027,1444,467,0,0,0,0,9552,2032,577,0,0,0,0,3,35.79240130482129,139.6854329,,,,,,,,,,,,,206,red,9938,12161,22099
83,,3110280,1,20260819,18605,5221,0,0,0,0,0,19101,5767,0,0,0,0,0,3,35.803056924834515,139.6481824,,,,,,,,,,,,,206,red,23826,24868,48694
83,,3110290,1,20260819,13768,2417,0,0,0,0,0,13109,2277,0,0,0,0,0,3,36.07243401516468,139.4990623,,,,,,,,,,,,,206,red,16185,15386,31571
83,,3110300,1,20260819,5525,414,0,0,0,0,0,5457,433,0,0,0,0,0,3,36.18854634530473,139.3083894,,,,,,,,,,,,,206,red,5939,5890,11829
83,,3110310,1,20260819,7830,910,74,0,0,0,0,8117,1036,75,0,0,0,0,3,36.28225430541672,139.0870374,,,,,,,,,,,,,206,red,8814,9228,18042
83,,3110320,1,20260819,15664,737,340,0,0,0,0,15547,674,228,0,0,0,0,3,36.3553183655034,139.0125096,,,,,,,,,,,,,206,red,16741,16449,33190
83,,3110350,1,20260819,8557,1056,0,0,0,0,0,9411,1035,0,0,0,0,0,3,36.343173145489025,138.5572287,,,,,,,,,,,,,206,red,9613,10446,20059
83,,3110360,1,20260819,8185,701,0,0,0,0,0,7778,602,0,0,0,0,0,3,36.37715425552919,138.2764444,,,,,,,,,,,,,206,red,8886,8380,17266
83,,3110370,1,20260819,6798,564,0,0,0,0,0,7528,602,0,0,0,0,0,3,36.6491958258463,138.2215959,,,,,,,,,,,,,206,red,7362,8130,15492
83,,3110380,1,20260819,6884,627,0,0,0,0,0,6628,588,0,0,0,0,0,3,36.20646628532621,137.9629773,,,,,,,,,,,,,206,red,7511,7216,14727
83,,3110390,1,20260819,1504,302,0,0,0,0,0,1427,237,0,0,0,0,0,3,36.53866995571842,137.9675826,,,,,,,,,,,,,206,red,1806,1664,3470
83,,3110400,1,20260819,11830,1050,691,0,0,0,0,12380,1072,904,0,0,0,0,3,35.669090024667575,139.59433440000004,,,,,,,,,,,,,206,red,13571,14356,27927
83,,3110410,1,20260819,4642,437,214,0,0,0,0,4131,539,160,0,0,0,0,3,35.617552604602885,139.1855389,,,,,,,,,,,,,206,red,5293,4830,10123
83,,3110420,1,20260819,6567,704,0,0,0,0,0,5707,760,0,0,0,0,0,3,35.611220394594916,138.9628673,,,,,,,,,,,,,206,red,7271,6467,13738
83,,3110430,1,20260819,1762,1625,0,0,0,0,0,1187,2044,0,0,0,0,0,3,35.603966294585796,138.8040242,,,,,,,,,,,,,206,red,3387,3231,6618
83,,3110440,1,20260819,11519,1212,0,0,0,0,0,10027,977,0,0,0,0,0,3,35.66782617466599,138.5078037,,,,,,,,,,,,,206,red,12731,11004,23735
83,,3110450,1,20260819,2180,562,0,0,0,0,0,2060,555,0,0,0,0,0,3,35.90777048496373,138.2345215,,,,,,,,,,,,,206,red,2742,2615,5357
83,,3110460,1,20260819,4964,399,0,0,0,0,0,4806,380,0,0,0,0,0,3,36.07055654516242,138.0938691,,,,,,,,,,,,,206,red,5363,5186,10549
83,,3110470,1,20260819,6090,1000,95,0,0,0,0,5897,988,34,0,0,0,0,3,36.378318235530564,139.2290443,,,,,,,,,,,,,206,red,7185,6919,14104
83,,3110480,1,20260819,11482,3030,83,0,0,0,0,11539,2816,115,0,0,0,0,3,36.314701575455274,139.4271684,,,,,,,,,,,,,206,red,14595,14470,29065
83,,3110550,1,20260819,2551,101,291,0,0,0,0,2688,86,55,0,0,0,0,3,35.150913034005455,139.829981,,,,,,,,,,,,,206,red,2943,2829,5772
83,,3110560,1,20260819,5678,597,0,0,0,0,0,6359,433,0,0,0,0,0,3,35.43543715437221,138.84019380000004,,,,,,,,,,,,,206,red,6275,6792,13067
83,,3110570,1,20260819,2775,306,0,0,0,0,0,2881,850,0,0,0,0,0,3,35.39117538431567,138.86336800000004,,,,,,,,,,,,,206,red,3081,3731,6812
83,,3110580,1,20260819,2786,611,0,0,0,0,0,3031,628,0,0,0,0,0,3,35.47790102442629,138.6703992,,,,,,,,,,,,,206,red,3397,3659,7056
83,,3110590,1,20260819,5376,345,0,0,0,0,0,5741,360,0,0,0,0,0,3,35.51892892447836,138.83839670000003,,,,,,,,,,,,,206,red,5721,6101,11822
83,,3110610,1,20260819,17008,2266,568,0,0,0,0,9586,1221,3912,0,0,0,0,3,35.536946034501184,139.510691,,,,,,,,,,,,,206,red,19842,14719,34561
83,,3110620,1,20260819,15406,3637,579,0,0,0,0,15800,4135,573,0,0,0,0,3,35.472892034419914,139.412266,,,,,,,,,,,,,206,red,19622,20508,40130
83,,3110630,1,20260819,11823,1104,454,0,0,0,0,10390,1109,782,0,0,0,0,3,35.4275870343622,139.351511,,,,,,,,,,,,,206,red,13381,12281,25662
83,,3110640,1,20260819,6870,687,388,0,0,0,0,7219,640,298,0,0,0,0,3,35.37445003429424,139.203293,,,,,,,,,,,,,206,red,7945,8157,16102
83,,3110650,1,20260819,4752,1389,197,0,0,0,0,3742,1295,121,0,0,0,0,3,35.36087503427685,139.014722,,,,,,,,,,,,,206,red,6338,5158,11496
83,,3110660,1,20260819,14211,4104,910,0,0,0,0,9954,3829,663,0,0,0,0,3,35.68396699468621,139.992342,,,,,,,,,,,,,206,red,19225,14446,33671
83,,3110670,1,20260819,5263,3275,262,0,0,0,0,4934,4116,276,0,0,0,0,3,35.588442964566234,139.7548217,,,,,,,,,,,,,206,red,8800,9326,18126
83,,3110980,1,20260819,6530,910,53,0,0,0,0,6413,1130,115,0,0,0,0,1,36.24888937537695,138.4463891,,,,,,,,,,,,,206,red,7493,7658,15151
83,,3110990,1,20260819,4518,747,0,0,0,0,0,0,0,0,0,0,0,0,1,36.242588925369425,138.4374556,,,,,,,,,,,,,206,red,5265,0,5265
83,,3111000,1,20260819,0,0,0,0,0,0,0,4394,674,0,0,0,0,0,1,36.22486392534824,138.4372861,,,,,,,,,,,,,206,red,0,5068,5068
83,,3111010,1,20260819,3718,668,0,0,0,0,0,3789,667,0,0,0,0,0,1,36.16839725528054,138.4688,,,,,,,,,,,,,206,red,4386,4456,8842
83,,3111030,1,20260819,2589,591,0,0,0,0,0,0,0,0,0,0,0,0,1,36.14629447525393,138.4676028,,,,,,,,,,,,,206,red,3180,0,3180
83,,3111040,1,20260819,0,0,0,0,0,0,0,2541,593,0,0,0,0,0,1,36.13644447524206,138.4613806,,,,,,,,,,,,,206,red,0,3134,3134
83,,3111050,1,20260819,3949,1119,41,0,0,0,0,3657,1076,35,0,0,0,0,1,35.443037034381895,138.453937,,,,,,,,,,,,,206,red,5109,4768,9877
83,,3111060,1,20260819,3887,957,33,0,0,0,0,3747,844,162,0,0,0,0,1,35.48100503443024,138.45894900000002,,,,,,,,,,,,,206,red,4877,4753,9630
83,,3111070,1,20260819,3852,1173,74,0,0,0,0,3199,1085,59,0,0,0,0,1,35.35961103427522,138.456636,,,,,,,,,,,,,206,red,5099,4343,9442
83,,3111080,1,20260819,3914,1170,99,0,0,0,0,3290,1072,52,0,0,0,0,1,35.337913034247364,138.45119000000003,,,,,,,,,,,,,206,red,5183,4414,9597
83,,3111090,1,20260819,3424,1145,46,0,0,0,0,2809,1016,43,0,0,0,0,1,35.27778503416994,138.444487,,,,,,,,,,,,,206,red,4615,3868,8483
83,,3310680,1,20260819,11728,1389,613,0,0,0,0,13558,1290,916,0,0,0,0,3,35.55346203452207,139.695301,,,,,,,,,,,,,206,red,13730,15764,29494
83,,3310690,1,20260819,7715,1067,559,0,0,0,0,9204,1046,820,0,0,0,0,3,35.476498034424495,139.611304,,,,,,,,,,,,,206,red,9341,11070,20411
83,,3310720,1,20260819,14561,2142,854,0,0,0,0,14914,2448,1261,0,0,0,0,3,35.78172684480805,139.8030451,,,,,,,,,,,,,206,red,17557,18623,36180
83,,3310730,1,20260819,11509,1249,998,0,0,0,0,12764,1419,1230,0,0,0,0,3,35.723854004736026,139.819876,,,,,,,,,,,,,206,red,13756,15413,29169
83,,3310740,1,20260819,14815,1934,801,0,0,0,0,0,0,0,0,206,206,0,3,35.76173829478322,139.8620188,,,,,,,,,,,,,206,red,17550,0,17550
83,,3310750,1,20260819,12549,1955,856,0,0,0,0,17134,2308,1005,0,0,0,0,3,35.768080334791094,139.8831359,,,,,,,,,,,,,206,red,15360,20447,35807
83,,3310770,1,20260819,13401,1649,1474,0,0,0,0,10987,1704,1380,0,0,0,0,3,35.696867714702336,139.8301488,,,,,,,,,,,,,206,red,16524,14071,30595
83,,3310780,1,20260819,9675,1751,822,0,0,0,0,11448,1568,950,0,0,0,0,3,35.550513454518345,139.7165117,,,,,,,,,,,,,206,red,12248,13966,26214
83,,3310790,1,20260819,8470,969,0,0,0,0,0,8423,945,0,0,0,0,0,3,35.30616103420651,139.624807,,,,,,,,,,,,,206,red,9439,9368,18807
83,,3310810,1,20260819,11612,4318,760,0,0,0,0,11391,4534,832,0,0,0,0,3,35.88142903493132,139.9657318,,,,,,,,,,,,,206,red,16690,16757,33447
83,,3310820,1,20260819,13445,2032,1123,0,0,0,0,12330,2095,649,0,0,0,0,3,35.769723434793136,139.7015664,,,,,,,,,,,,,206,red,16600,15074,31674
83,,3310830,1,20260819,4998,662,52,0,0,0,0,4241,562,40,0,0,0,0,3,36.65616783585431,139.0205401,,,,,,,,,,,,,206,red,5712,4843,10555
83,,3310840,1,20260819,14488,1161,827,0,0,0,0,12387,1115,899,0,0,0,0,3,35.67115788467016,139.6194506,,,,,,,,,,,,,206,red,16476,14401,30877
83,,3310850,1,20260819,15553,1309,0,0,0,0,0,14444,1066,0,0,0,0,0,3,35.644829464637155,138.6173022,,,,,,,,,,,,,206,red,16862,15510,32372
83,,3310860,1,20260819,1969,456,0,0,0,0,0,1792,524,0,0,0,0,0,3,35.85597447489995,138.2880181,,,,,,,,,,,,,206,red,2425,2316,4741
83,,3310880,1,20260819,3009,342,0,0,0,0,0,3753,438,0,0,0,0,0,3,35.58082577455663,138.474952,,,,,,,,,,,,,206,red,3351,4191,7542
83,,3310890,1,20260819,14826,1508,1050,0,0,0,0,14853,1592,1478,0,0,0,0,3,35.625824724613295,139.6414769,,,,,,,,,,,,,206,red,17384,17923,35307
83,,3310900,1,20260819,20989,2657,1383,0,0,0,0,21042,2549,1367,0,0,0,0,3,35.60764403459042,139.613062,,,,,,,,,,,,,206,red,25029,24958,49987
83,,3310910,1,20260819,4803,1702,476,0,0,0,0,5042,1439,159,0,0,0,0,3,35.34910803426173,139.141352,,,,,,,,,,,,,206,red,6981,6640,13621
83,,3310920,1,20260819,11690,1166,1261,0,0,0,0,10883,1301,2268,0,0,0,0,3,35.74888073476721,139.6969986,,,,,,,,,,,,,206,red,14117,14452,28569
83,,3310930,1,20260819,14149,1577,852,0,0,0,0,14786,1753,787,0,0,0,0,3,35.757753044778255,139.6835902,,,,,,,,,,,,,206,red,16578,17326,33904
83,,3310940,1,20260819,17482,3599,504,0,0,0,0,15648,3536,464,0,0,0,0,3,35.653820154648436,140.0442401,,,,,,,,,,,,,206,red,21585,19648,41233
83,,3310950,1,20260819,16659,6968,835,0,0,0,0,13403,7233,1675,0,0,0,0,3,35.64815995464133,139.9005461,,,,,,,,,,,,,206,red,24462,22311,46773
83,,3310960,1,20260819,3658,2401,350,0,0,0,0,1350,767,507,0,0,0,0,3,35.646721404639536,139.8238456,,,,,,,,,,,,,206,red,6409,2624,9033
84,,4110010,1,20260819,25158,4007,0,0,0,0,0,22524,4999,0,0,0,0,0,3,37.932215037230314,139.139722,,,,,,,,,,,,,206,red,29165,27523,56688
84,,4110020,1,20260819,7665,373,0,0,0,0,0,7739,526,0,0,0,0,0,3,37.96100603725917,139.354741,,,,,,,,,,,,,206,red,8038,8265,16303
84,,4110030,1,20260819,2272,1003,0,0,0,0,0,2023,668,0,0,0,0,0,3,38.540634037818585,139.550276,,,,,,,,,,,,,206,red,3275,2691,5966
84,,4110040,1,20260819,36399,5459,0,0,0,0,0,37444,3630,0,0,0,0,0,3,37.89993403719785,139.068639,139.0649569,37.8988954271968,,,,,,,,,,,206,red,41858,41074,82932
84,,4110060,1,20260819,5380,1231,406,0,0,0,0,5168,1334,368,0,0,0,0,3,37.56415502685272,138.8938299,,,,,,,,,,,,,206,red,7017,6870,13887
84,,4110070,1,20260819,6511,577,64,0,0,0,0,6662,464,58,0,0,0,0,3,37.44889503673119,138.76828100000003,,,,,,,,,,,,,206,red,7152,7184,14336
84,,4110090,1,20260819,1038,507,0,0,0,0,0,1008,514,0,0,0,0,0,3,36.97923003622018,137.642048,,,,,,,,,,,,,206,red,1545,1522,3067
84,,4110110,1,20260819,11094,1418,81,0,0,0,0,10378,1339,71,0,0,0,0,3,36.737147395947105,137.3387361,137.3387361,36.737147395947105,,,,,,,,,,,206,red,12593,11788,24381
84,,4110120,1,20260819,11120,1636,85,0,0,0,0,12213,1575,75,0,0,0,0,3,36.74295939595373,137.1063924,,,,,,,,,,,,,206,red,12841,13863,26704
84,,4110130,1,20260819,11342,1731,82,0,0,0,0,11389,1531,77,0,0,0,0,3,36.75988562597303,137.0465469,,,,,,,,,,,,,206,red,13155,12997,26152
84,,4110140,1,20260819,5429,1265,56,0,0,0,0,5847,1312,36,0,0,0,0,3,36.6765250558777,136.8260425,,,,,,,,,,,,,206,red,6750,7195,13945
84,,4110150,1,20260819,23835,2980,0,0,0,0,0,23482,3120,0,0,0,0,0,3,36.589046875776866,136.6271782,136.6276288,36.58868075577644,,,,,,,,,,,206,red,26815,26602,53417
84,,4110160,1,20260819,8204,1560,0,0,0,0,0,7347,1586,0,0,0,0,0,3,36.33272803547666,136.42083400000004,,,,,,,,,,,,,206,red,9764,8933,18697
84,,4110180,1,20260819,2428,147,0,0,0,0,0,2958,158,0,0,0,0,0,3,37.35568202663179,138.5718066,,,,,,,,,,,,,206,red,2575,3116,5691
84,,4110190,1,20260819,584,65,31,0,0,0,0,424,58,41,0,0,0,0,3,36.785345316001994,138.8016209,,,,,,,,,,,,,206,red,680,523,1203
84,,4110200,1,20260819,4802,762,257,0,0,0,0,4215,584,533,0,0,0,0,3,37.05929117630906,138.8725331,,,,,,,,,,,,,206,red,5821,5332,11153
84,,4110210,1,20260819,5727,1094,631,0,0,0,0,6317,977,581,0,0,0,0,3,37.379305636657065,138.8344324,,,,,,,,,,,,,206,red,7452,7875,15327
84,,4110220,1,20260819,2432,348,0,0,0,0,0,2116,386,0,0,0,0,0,3,36.859512036085945,138.194944,,,,,,,,,,,,,206,red,2780,2502,5282
84,,4110230,1,20260819,5197,295,27,0,0,0,0,4536,353,39,0,0,0,0,3,36.59277686578118,137.2042608,,,,,,,,,,,,,206,red,5519,4928,10447
84,,4110240,1,20260819,10273,472,56,0,0,0,0,9853,505,101,0,0,0,0,3,36.68543044588792,137.2119749,,,,,,,,,,,,,206,red,10801,10459,21260
84,,4110250,1,20260819,1972,419,0,0,0,0,0,1914,364,0,0,0,0,0,3,37.66099003695361,139.47592,,,,,,,,,,,,,206,red,2391,2278,4669
84,,4110260,1,20260819,2093,620,0,0,0,0,0,1976,421,0,0,0,0,0,3,38.081379037378746,139.576978,,,,,,,,,,,,,206,red,2713,2397,5110
84,,4110270,1,20260819,2291,617,0,0,0,0,0,2158,541,0,0,0,0,0,3,37.60222103689251,138.798415,,,,,,,,,,,,,206,red,2908,2699,5607
84,,4110280,1,20260819,6990,257,47,0,0,0,0,7560,277,58,0,0,0,0,3,36.650611795847915,136.963672,,,,,,,,,,,,,206,red,7294,7895,15189
84,,4110290,1,20260819,7838,937,0,0,0,0,0,8359,826,0,0,0,0,0,3,36.52124203569812,136.587868,,,,,,,,,,,,,206,red,8775,9185,17960
84,,4110300,1,20260819,11130,2246,0,0,206,0,0,13426,1029,0,0,0,0,0,3,36.59043403577848,136.685666,136.68521,36.59039903577843,,,,,,,,,,,206,red,13376,14455,27831
84,,4110310,1,20260819,412,15,4,0,0,0,0,447,15,13,0,0,0,0,3,37.0464990362949,137.047738,,,,,,,,,,,,,206,red,431,475,906
84,,4110320,1,20260819,2052,379,14,0,0,0,0,2168,529,19,0,0,0,0,3,36.8686864160963,136.96136,,,,,,,,,,,,,206,red,2445,2716,5161
84,,4110330,1,20260819,3456,557,37,0,0,0,0,3679,715,46,0,0,0,0,3,36.83313510605615,136.9442582,,,,,,,,,,,,,206,red,4050,4440,8490
84,,4110340,1,20260819,4057,2042,0,0,0,0,0,3081,3126,0,0,0,0,0,3,36.75969223597281,136.9658715,,,,,,,,,,,,,206,red,6099,6207,12306
84,,4110350,1,20260819,1778,417,4,0,0,0,0,2441,738,0,0,206,0,0,3,37.240650036507716,136.905469,,,,,,,,,,,,,206,red,2199,3179,5378
84,,4110351,1,20260819,914,174,0,0,0,0,0,1193,260,0,0,0,0,0,3,37.31000403658269,136.9066,,,,,,,,,,,,,206,red,1088,1453,2541
84,,4110370,1,20260819,4715,280,0,0,0,0,0,4382,311,0,0,0,0,0,6,37.83527203713243,139.227435,,,,,,,,,,,,,206,red,4995,4693,9688
84,,4110371,1,20260819,3886,697,0,0,0,0,0,4040,634,0,0,0,0,0,3,37.829370037126424,139.20906,,,,,,,,,,,,,206,red,4583,4674,9257
84,,4110380,1,20260819,2618,395,0,0,0,0,0,2729,227,0,0,0,0,0,3,37.73164303702653,139.333641,,,,,,,,,,,,,206,red,3013,2956,5969
84,,4110390,1,20260819,2343,452,0,0,0,0,0,2393,379,0,0,0,0,0,3,37.699376036993314,139.38248,,,,,,,,,,,,,206,red,2795,2772,5567
84,,4110400,1,20260819,1768,411,0,0,0,0,0,2157,545,0,0,0,0,0,3,37.012781036257515,137.026061,,,,,,,,,,,,,206,red,2179,2702,4881
84,,4110410,1,20260819,13390,2102,0,0,0,0,0,12868,2077,0,0,0,0,0,3,36.38238103553535,136.486002,,,,,,,,,,,,,206,red,15492,14945,30437
84,,4110430,1,20260819,558,143,0,0,0,0,0,533,152,0,0,0,0,0,3,37.01726703626248,136.967459,,,,,,,,,,,,,206,red,701,685,1386
84,,4110440,1,20260819,3887,574,23,0,0,0,0,3838,762,58,0,0,0,0,3,36.80001257601863,136.9558319,,,,,,,,,,,,,206,red,4484,4658,9142
84,,4110450,1,20260819,1899,376,35,0,0,0,0,2143,613,65,0,0,0,0,3,36.88168028611092,136.97572590000001,,,,,,,,,,,,,206,red,2310,2821,5131
84,,4110460,1,20260819,1667,369,13,0,0,0,0,2041,510,27,0,0,0,0,3,36.93083435616611,137.0132339,,,,,,,,,,,,,206,red,2049,2578,4627
84,,4110470,1,20260819,6594,928,43,0,0,0,0,6769,934,26,0,0,0,0,3,36.84399970606843,137.4189931,,,,,,,,,,,,,206,red,7565,7729,15294
84,,4110480,1,20260819,5260,905,0,0,0,0,0,4617,849,0,0,0,0,0,3,37.7661015170619,139.0265521,,,,,,,,,,,,,206,red,6165,5466,11631
84,,4110490,1,20260819,4630,780,0,0,0,0,0,4501,734,0,0,0,0,0,3,37.77256794706851,139.0261587,,,,,,,,,,,,,206,red,5410,5235,10645
84,,4110880,1,20260819,4621,586,0,0,0,0,0,4667,566,0,0,0,0,0,3,37.159443036419226,138.223379,,,,,,,,,,,,,206,red,5207,5233,10440
84,,4160390,1,20260819,1557,618,0,0,0,0,0,1497,451,0,0,0,0,0,1,38.268866037561445,139.522026,,,,,,,,,,,,,206,red,2175,1948,4123
84,,4310010,1,20260819,20431,1661,0,0,0,0,0,17898,1522,0,0,0,0,0,3,37.90111003719903,139.07252,139.07275,37.90117003719909,,,,,,,,,,,206,red,22092,19420,41512
84,,4310012,1,20260819,7377,191,0,0,0,0,0,7076,152,0,0,0,0,0,3,37.92162903721969,139.058415,139.059129,37.921847037219905,,,,,,,,,,,206,red,7568,7228,14796
84,,4310014,1,20260819,26397,2571,0,0,0,2,0,14939,1763,0,0,0,206,0,3,37.91719603721522,139.11685,,,,,,,,,,,,,206,red,28968,16702,45670
84,,4310020,1,20260819,11346,860,0,0,0,0,0,7311,242,0,0,0,7,0,3,37.96990561726807,139.2601579,,,,,,,,,,,,,206,red,12206,7553,19759
84,,4310030,1,20260819,12832,919,0,0,0,0,0,12473,686,0,0,0,0,0,3,37.959626427257795,139.290365,,,,,,,,,,,,,206,red,13751,13159,26910
84,,4310060,1,20260819,9303,1217,0,0,0,0,0,11832,1411,0,0,0,0,0,3,37.855369037152805,139.017016,,,,,,,,,,,,,206,red,10520,13243,23763
84,,4310070,1,20260819,6249,926,0,0,0,0,0,5344,1050,0,0,0,0,0,3,37.213535036478255,138.30873,,,,,,,,,,,,,206,red,7175,6394,13569
84,,4310080,1,20260819,6564,722,0,0,0,0,0,7642,703,0,0,0,0,0,3,37.15957303641935,138.228132,,,,,,,,,,,,,206,red,7286,8345,15631
84,,4310090,1,20260819,3456,651,0,0,0,0,0,3144,605,0,0,0,0,0,3,37.119068036374955,138.031711,,,,,,,,,,,,,206,red,4107,3749,7856
84,,4310100,1,20260819,5301,662,0,0,0,0,0,4002,597,0,0,0,0,0,3,37.04548803629378,137.853387,,,,,,,,,,,,,206,red,5963,4599,10562
84,,4310110,1,20260819,2835,128,47,0,0,0,0,1811,65,19,0,0,0,0,3,37.055192036304526,137.905522,,,,,,,,,,,,,206,red,3010,1895,4905
84,,4310120,1,20260819,4341,917,0,0,0,0,0,3792,672,0,0,0,0,0,3,36.94553606618256,137.53465,,,,,,,,,,,,,206,red,5258,4464,9722
84,,4310130,1,20260819,8060,1023,15,0,0,0,0,7912,1021,103,0,0,0,0,3,36.77997831599589,137.3953897,137.3949552,36.779578725995435,,,,,,,,,,,206,red,9098,9036,18134
84,,4310160,1,20260819,3139,385,0,0,0,0,0,3216,365,0,0,0,0,0,3,36.6900247158932,136.89856410000002,,,,,,,,,,,,,206,red,3524,3581,7105
84,,4310170,1,20260819,2777,541,55,0,0,0,0,0,0,1,0,0,0,0,3,36.92741586616228,137.4845517,,,,,,,,,,,,,206,red,3373,1,3374
84,,4310190,1,20260819,5722,1441,0,0,206,0,0,5664,1269,0,0,206,0,0,3,36.68614025588873,136.7302394,,,,,,,,,,,,,206,red,7163,6933,14096
84,,4310200,1,20260819,5715,1075,0,0,0,0,0,5800,1163,0,0,0,0,0,3,36.68324936588542,136.7232978,,,,,,,,,,,,,206,red,6790,6963,13753
84,,4310210,1,20260819,19370,2720,0,0,0,0,0,18199,2471,0,0,0,0,0,3,36.562841365746486,136.5982425,,,,,,,,,,,,,206,red,22090,20670,42760
84,,4310220,1,20260819,15612,2531,0,0,0,0,0,15897,2180,0,0,0,0,0,3,36.50450003567862,136.550432,,,,,,,,,,,,,206,red,18143,18077,36220
84,,4310230,1,20260819,10577,2159,0,0,0,0,0,12231,1861,0,0,0,0,0,3,36.42391556558427,136.483165,,,,,,,,,,,,,206,red,12736,14092,26828
84,,4310250,1,20260819,4109,1258,0,0,0,0,0,4223,1341,0,0,0,0,0,3,36.2785439554123,136.2915319,,,,,,,,,,,,,206,red,5367,5564,10931
84,,4310270,1,20260819,2311,91,9,0,0,0,0,2005,81,7,0,0,0,0,3,37.072231146323354,138.87240170000004,,,,,,,,,,,,,206,red,2411,2093,4504
84,,4310280,1,20260819,4238,682,0,0,0,0,1,4581,715,0,0,0,0,1,3,36.93595003617183,138.219789,,,,,,,,,,,,,206,red,4920,5296,10216
84,,4310300,1,20260819,14970,1732,0,0,0,0,0,14750,1771,0,0,0,0,0,3,37.135361036392844,138.266363,,,,,,,,,,,,,206,red,16702,16521,33223
84,,4310310,1,20260819,1838,403,53,0,0,0,0,1949,420,54,0,0,0,0,3,36.469212195637375,137.2416294,,,,,,,,,,,,,206,red,2294,2423,4717
84,,4310320,1,20260819,1853,402,28,0,0,0,0,2003,414,55,0,0,0,0,3,36.51196446568731,137.2282451,,,,,,,,,,,,,206,red,2283,2472,4755
84,,4310330,1,20260819,7512,900,0,0,0,0,0,6495,908,0,0,0,0,0,3,36.636592975831775,137.209239,,,,,,,,,,,,,206,red,8412,7403,15815
84,,4310350,1,20260819,13205,1586,0,0,0,0,0,10729,2044,0,0,0,0,0,3,37.85868303715617,139.114645,,,,,,,,,,,,,206,red,14791,12773,27564
84,,4310360,1,20260819,2290,550,699,0,0,0,0,3874,603,151,0,0,0,0,3,37.44596703672809,138.637808,,,,,,,,,,,,,206,red,3539,4628,8167
84,,4310370,1,20260819,4911,1178,0,0,0,0,0,4861,1517,0,0,0,0,0,3,37.659782356952356,138.8757271,,,,,,,,,,,,,206,red,6089,6378,12467
84,,4310380,1,20260819,3902,1078,0,0,0,0,0,3878,1351,0,0,0,0,0,3,37.75046003704586,138.90062,,,,,,,,,,,,,206,red,4980,5229,10209
84,,4310390,1,20260819,300,176,0,0,0,0,0,385,280,0,0,0,13,0,3,37.8373130371345,138.931687,,,,,,,,,,,,,206,red,476,665,1141
84,,4310400,1,20260819,349,42,13,0,0,0,0,472,88,22,0,0,0,0,3,36.554335475736636,137.0083094,,,,,,,,,,,,,206,red,404,582,986
84,,4310410,1,20260819,3125,274,22,0,0,0,0,3273,324,25,0,0,0,0,3,36.956120636194385,136.8892354,,,,,,,,,,,,,206,red,3421,3622,7043
84,,4310411,1,20260819,3129,267,0,0,0,0,0,3137,300,0,0,0,0,0,3,36.92171203615589,136.844019,,,,,,,,,,,,,206,red,3396,3437,6833
84,,4310420,1,20260819,1724,127,0,0,0,0,0,1791,153,0,0,0,0,0,3,36.81057320603062,136.7629731,,,,,,,,,,,,,206,red,1851,1944,3795
84,,4310430,1,20260819,13141,1430,0,0,0,0,0,13741,1317,0,0,0,0,0,3,36.68889768589191,136.7214257,,,,,,,,,,,,,206,red,14571,15058,29629
84,,4310440,1,20260819,8266,576,0,0,0,0,0,7570,658,0,0,0,0,0,3,36.62649371582013,136.7029238,,,,,,,,,,,,,206,red,8842,8228,17070
84,,4310441,1,20260819,10948,761,0,0,0,0,0,11941,698,0,0,0,0,0,3,36.60182503579164,136.700048,,,,,,,,,,,,,206,red,11709,12639,24348
84,,4310450,1,20260819,15139,985,0,0,0,0,0,15179,706,1369,0,0,0,0,3,36.57428003575976,136.686305,136.6864014,36.57449126576,,,,,,,,,,,206,red,16124,17254,33378
84,,4310460,1,20260819,210,10,24,0,0,0,0,220,16,20,0,0,0,0,3,36.9580881961966,137.048108,,,,,,,,,,,,,206,red,244,256,500
84,,4310470,1,20260819,8825,812,750,0,0,0,0,11052,669,93,0,0,0,0,3,36.77955370599541,137.0001501,,,,,,,,,,,,,206,red,10387,11814,22201
85,22,5110100,1,20260819,17246,1570,436,0,0,0,0,15876,1703,395,0,0,0,0,3,35.15213957400704,138.9246216,,,,,,,,,,,,,206,red,19252,17974,37226
85,22,5110109,1,20260819,6215,807,112,0,0,0,0,6321,752,70,0,0,0,0,3,35.118767763963525,138.9293772,,,,,,,,,,,,,206,red,7134,7143,14277
85,22,5110111,1,20260819,15898,1104,301,0,0,0,0,14638,1034,237,0,0,0,0,3,35.10924329395108,138.9124954,,,,,,,,,,,,,206,red,17303,15909,33212
85,22,5110115,1,20260819,12235,2984,0,0,0,0,0,12183,2745,0,0,0,0,0,3,35.138890033989775,138.739584,,,,,,,,,,,,,206,red,15219,14928,30147
85,22,5110120,1,20260819,16011,4289,0,0,0,0,0,16973,4101,0,0,0,0,0,3,35.06126803388831,138.536991,,,,,,,,,,,,,206,red,20300,21074,41374
85,22,5110125,1,20260819,13849,992,0,0,0,0,0,13275,793,0,0,0,0,0,3,34.99945503380712,138.431978,,,,,,,,,,,,,206,red,14841,14068,28909
85,22,5110130,1,20260819,19980,4849,0,0,0,0,0,21498,5215,0,0,0,0,0,3,35.00292603381168,138.37946,,,,,,,,,,,,,206,red,24829,26713,51542
85,22,5110135,1,20260819,19832,4270,0,0,0,0,0,20087,4268,0,0,0,0,0,3,34.9427310337323,138.326229,,,,,,,,,,,,,206,red,24102,24355,48457
85,22,5110140,1,20260819,9907,2373,0,0,0,0,0,8951,2250,0,0,0,0,0,3,34.87443903364182,138.231472,,,,,,,,,,,,,206,red,12280,11201,23481
85,22,5110145,1,20260819,9961,2673,0,0,0,0,0,8864,2842,0,0,0,0,0,3,34.831770733585074,138.1182557,,,,,,,,,,,,,206,red,12634,11706,24340
85,22,5110148,1,20260819,24322,4770,0,0,0,0,0,25622,4510,0,0,0,0,0,3,34.73805952345989,137.853806,,,,,,,,,,,,,206,red,29092,30132,59224
85,22,5110150,1,20260819,25150,3678,355,0,0,0,0,26490,4769,0,0,0,0,0,3,34.731415953450984,137.7966642,,,,,,,,,,,,,206,red,29183,31259,60442
85,22,5110155,1,20260819,11199,4277,0,0,0,0,0,5113,2062,3,0,0,151,0,3,34.67742179337847,137.6802735,,,,,,,,,,,,,206,red,15476,7178,22654
85,22,5110158,1,20260819,14445,4375,0,0,0,0,0,12933,3893,0,0,0,0,0,3,34.67846877337988,137.608459,,,,,,,,,,,,,206,red,18820,16826,35646
85,22,5110160,1,20260819,8403,3304,0,0,0,0,0,8364,3322,0,0,0,0,0,3,34.67701253337791,137.5025406,,,,,,,,,,,,,206,red,11707,11686,23393
85,23,5110170,1,20260819,11353,1711,0,0,0,0,0,12949,2112,0,0,0,0,0,3,34.7982592835404,137.36621260000004,,,,,,,,,,,,,206,red,13064,15061,28125
85,23,5110175,1,20260819,10251,1849,0,0,0,0,0,10989,1724,0,0,0,0,0,3,34.92391956370741,137.2032416,,,,,,,,,,,,,206,red,12100,12713,24813
85,23,5110180,1,20260819,5752,1023,0,0,0,0,0,6465,709,0,0,0,0,0,3,35.12246228396835,136.7712316,,,,,,,,,,,,,206,red,6775,7174,13949
85,24,5110185,1,20260819,8310,1261,0,0,0,0,0,8214,1307,0,0,0,0,0,3,35.02683417384312,136.6459825,,,,,,,,,,,,,206,red,9571,9521,19092
85,24,5110190,1,20260819,8073,2991,0,0,0,0,0,10004,3185,0,0,0,0,0,3,34.914394373694805,136.5686551,,,,,,,,,,,,,206,red,11064,13189,24253
85,23,5110250,1,20260819,10772,1741,0,0,0,0,0,11517,1737,0,0,0,0,0,3,35.23002111410819,136.9279236,,,,,,,,,,,,,206,red,12513,13254,25767
85,23,5110255,1,20260819,11243,1483,0,0,0,0,0,9157,1428,0,0,0,0,0,3,35.22358825409986,136.8807274,,,,,,,,,,,,,206,red,12726,10585,23311
85,22,5111410,1,20260819,5727,315,60,0,0,0,0,5181,195,40,0,0,0,0,3,34.9385786437268,138.9422778,,,,,,,,,,,,,206,red,6102,5416,11518
85,22,5111435,1,20260819,13681,1258,0,0,0,0,0,13230,1166,0,0,0,0,0,3,35.112323893955114,138.9483055,,,,,,,,,,,,,206,red,14939,14396,29335
85,22,5111440,1,20260819,7464,572,16,0,0,0,0,6473,581,22,0,0,0,0,3,35.09294534392978,138.9461249,,,,,,,,,,,,,206,red,8052,7076,15128
85,22,5111460,1,20260819,1711,121,0,0,0,0,0,1938,168,0,0,0,0,0,3,34.773393033507176,138.94734200000002,,,,,,,,,,,,,206,red,1832,2106,3938
85,23,5111910,1,20260819,17457,3141,0,0,0,0,0,17926,3473,0,0,0,0,0,3,35.251491704135965,136.9747388,,,,,,,,,,,,,206,red,20598,21399,41997
85,21,5111920,1,20260819,10696,1638,0,0,0,0,0,11565,1778,0,0,0,0,0,3,35.33014667423738,137.0762497,,,,,,,,,,,,,206,red,12334,13343,25677
85,21,5111930,1,20260819,9748,1402,0,0,0,0,0,10116,1566,0,0,0,0,0,3,35.36635604428386,137.2135359,,,,,,,,,,,,,206,red,11150,11682,22832
85,21,5111940,1,20260819,13050,2461,0,0,0,0,0,14633,2101,0,0,0,0,0,3,35.477490394425764,137.4827895,,,,,,,,,,,,,206,red,15511,16734,32245
85,21,5111950,1,20260819,4167,1105,1,0,0,1,0,4144,952,1,0,0,1,0,3,35.54294722450878,137.5415325,,,,,,,,,,,,,206,red,5273,5097,10370
85,20,5111960,1,20260819,3205,1047,0,0,0,0,0,2872,902,0,0,0,0,0,3,35.79372550482294,137.6867026,,,,,,,,,,,,,206,red,4252,3774,8026
85,20,5111970,1,20260819,0,0,0,0,0,206,0,5667,0,0,0,0,0,0,3,35.86568255491192,137.7375698,,,,,,,,,,,,,206,red,0,5667,5667
85,21,5112190,1,20260819,2461,727,0,0,0,0,0,2486,791,0,0,0,0,0,3,35.35969120427531,136.4557958,,,,,,,,,,,,,206,red,3188,3277,6465
85,21,5112240,1,20260819,17275,2499,0,0,0,0,0,15603,2021,0,0,0,0,0,3,35.38091091430252,136.7844039,,,,,,,,,,,,,206,red,19774,17624,37398
85,23,5112320,1,20260819,23044,7836,0,0,0,0,0,21654,8152,0,0,0,0,0,3,34.935405063722605,137.0426846,,,,,,,,,,,,,206,red,30880,29806,60686
85,23,5112325,1,20260819,27603,7919,0,0,0,0,0,29156,9424,0,0,0,0,0,3,35.020771293835146,137.0130622,,,,,,,,,,,,,206,red,35522,38580,74102
85,23,5112330,1,20260819,31768,10276,0,0,0,0,0,35034,10379,0,0,0,0,0,3,35.04312062386452,136.9841158,,,,,,,,,,,,,206,red,42044,45413,87457
85,23,5112340,1,20260819,11078,6043,0,0,0,0,0,11355,5734,0,0,0,0,0,3,35.06974911389942,136.7566216,,,,,,,,,,,,,206,red,17121,17089,34210
85,24,5112350,1,20260819,14495,5224,0,0,0,0,0,14325,5199,0,0,0,0,0,3,35.00912200381983,136.6732612,,,,,,,,,,,,,206,red,19719,19524,39243
85,24,5112355,1,20260819,18530,980,0,0,0,0,0,15337,894,0,0,0,0,0,3,34.75468373348215,136.5225828,,,,,,,,,,,,,206,red,19510,16231,35741
85,24,5112360,1,20260819,10886,911,0,0,0,0,0,10964,810,0,0,0,0,0,3,34.558484833217825,136.6473028,,,,,,,,,,,,,206,red,11797,11774,23571
85,24,5112370,1,20260819,8462,1535,0,0,0,0,0,8591,1327,0,0,0,0,0,3,34.78302070352005,136.5006557,,,,,,,,,,,,,206,red,9997,9918,19915
85,24,5112375,1,20260819,9064,1608,0,0,0,0,0,9755,1518,0,0,0,0,0,3,34.74150673346451,136.4838785,,,,,,,,,,,,,206,red,10672,11273,21945
85,24,5112550,1,20260819,12345,9131,0,0,0,0,0,12027,7143,0,0,0,0,0,3,34.839452033595315,136.260335,,,,,,,,,,,,,206,red,21476,19170,40646
85,24,5112590,1,20260819,9126,8952,0,0,0,0,0,11311,7067,0,0,0,0,0,3,34.703780033413906,136.071242,,,,,,,,,,,,,206,red,18078,18378,36456
85,22,5113885,1,20260819,6846,1245,0,0,0,0,0,9142,1651,0,0,0,0,0,3,35.33142394423902,138.8977143,,,,,,,,,,,,,206,red,8091,10793,18884
85,22,5113890,1,20260819,5253,605,0,0,0,0,0,7239,523,0,0,0,0,0,3,35.32388868422933,138.9049485,,,,,,,,,,,,,206,red,5858,7762,13620
85,22,5113910,1,20260819,14778,2947,0,0,0,0,0,12799,2454,0,0,0,0,0,3,35.18190903404577,138.676858,,,,,,,,,,,,,206,red,17725,15253,32978
85,22,5113920,1,20260819,13049,2590,0,0,0,0,0,14198,2062,0,0,0,0,0,3,35.209794034081966,138.64987,,,,,,,,,,,,,206,red,15639,16260,31899
85,22,5113990,1,20260819,2059,620,0,0,0,0,0,2086,568,0,0,0,0,0,3,35.41511303434628,138.590083,,,,,,,,,,,,,206,red,2679,2654,5333
85,23,5114110,1,20260819,14169,2959,0,0,0,0,0,12381,3053,0,0,0,0,0,3,35.268750034158266,136.907566,,,,,,,,,,,,,206,red,17128,15434,32562
85,23,5114120,1,20260819,13052,3958,0,0,0,0,0,15125,4294,0,0,0,0,0,3,35.33167103423934,136.91981,,,,,,,,,,,,,206,red,17010,19419,36429
85,21,5114130,1,20260819,4515,998,0,0,0,0,0,4633,718,0,0,0,0,0,3,35.48643303443713,137.055201,,,,,,,,,,,,,206,red,5513,5351,10864
85,21,5114140,1,20260819,4333,855,0,0,0,0,0,3637,745,0,0,0,0,0,3,35.78858303481656,137.25606,,,,,,,,,,,,,206,red,5188,4382,9570
85,21,5114150,1,20260819,4404,612,0,0,0,0,0,4444,613,0,0,0,0,0,3,35.86755403491424,137.213563,,,,,,,,,,,,,206,red,5016,5057,10073
85,21,5114160,1,20260819,2990,447,0,0,0,0,0,2875,388,0,0,0,0,0,3,36.07096803516291,137.267306,,,,,,,,,,,,,206,red,3437,3263,6700
85,21,5114170,1,20260819,1919,520,0,0,0,0,0,1542,630,0,0,0,0,0,3,36.26496203539611,137.138911,,,,,,,,,,,,,206,red,2439,2172,4611
85,21,5114180,1,20260819,1190,339,0,0,0,0,0,1219,352,0,0,0,0,0,3,36.459520035626035,137.248946,,,,,,,,,,,,,206,red,1529,1571,3100
85,24,5114210,1,20260819,7218,635,0,0,0,0,0,7064,487,0,0,0,0,0,3,34.51961103316506,136.541333,,,,,,,,,,,,,206,red,7853,7551,15404
85,24,5114230,1,20260819,1753,288,0,0,0,0,0,1878,246,0,0,0,0,0,3,34.31527803288554,136.410056,,,,,,,,,,,,,206,red,2041,2124,4165
85,24,5114250,1,20260819,1615,121,0,0,0,0,1,1667,128,0,0,0,0,1,3,34.09569403258125,136.196222,,,,,,,,,,,,,206,red,1736,1795,3531
85,24,5114270,1,20260819,1206,159,0,0,0,0,0,1370,141,0,0,0,0,0,3,34.275333032830495,136.358917,,,,,,,,,,,,,206,red,1365,1511,2876
85,24,5114290,1,20260819,5079,435,0,0,0,0,0,4860,407,0,0,0,0,0,3,33.86069403225124,136.076111,,,,,,,,,,,,,206,red,5514,5267,10781
85,22,5114610,1,20260819,13498,2048,306,0,0,0,0,14282,1899,234,0,0,0,0,3,35.152874244008,138.8951207,,,,,,,,,,,,,206,red,15852,16415,32267
85,22,5114620,1,20260819,9133,1216,768,0,0,0,0,12183,1748,326,0,0,0,0,3,35.13134103397993,138.875041,,,,,,,,,,,,,206,red,11117,14257,25374
85,22,5114630,1,20260819,10001,1555,171,0,0,0,0,11026,1397,124,0,0,0,0,3,35.14589793399891,138.8871002,,,,,,,,,,,,,206,red,11727,12547,24274
85,22,5114680,1,20260819,4612,1434,0,0,0,0,0,3759,1403,0,0,0,0,0,3,35.35910497427457,139.0109217,,,,,,,,,,,,,206,red,6046,5162,11208
85,22,5114740,1,20260819,380,55,0,0,0,0,0,601,87,0,0,0,0,0,3,35.073007033903686,137.787657,,,,,,,,,,,,,206,red,435,688,1123
85,22,5114750,1,20260819,790,101,0,0,0,0,0,1201,126,0,0,0,0,0,3,34.90575222368336,137.6681803,,,,,,,,,,,,,206,red,891,1327,2218
85,22,5115250,1,20260819,1750,370,0,0,0,0,0,1263,367,0,0,0,0,0,3,35.137162033987515,138.520651,,,,,,,,,,,,,206,red,2120,1630,3750
85,23,5115320,1,20260819,13442,1425,0,0,0,0,0,12262,989,0,0,0,0,0,3,35.10723119394846,137.0409411,,,,,,,,,,,,,206,red,14867,13251,28118
85,23,5115340,1,20260819,3662,515,0,0,0,0,0,3331,403,0,0,0,0,0,3,35.13153551398018,137.304967,,,,,,,,,,,,,206,red,4177,3734,7911
85,20,5115370,1,20260819,0,0,0,0,206,206,0,0,0,0,0,206,206,0,3,35.50121594445591,137.794953,,,,,,,,,,,,,206,red,0,0,0
85,20,5115380,1,20260819,4544,393,0,0,0,0,0,4185,413,0,0,0,0,0,3,35.71541168472551,137.9379522,,,,,,,,,,,,,206,red,4937,4598,9535
85,23,5115530,1,20260819,6612,1804,0,0,0,0,0,5833,2136,0,0,0,0,0,3,35.06429103389226,137.11723,,,,,,,,,,,,,206,red,8416,7969,16385
85,21,5115610,1,20260819,17916,2046,0,0,0,0,0,18724,2275,0,0,0,0,0,3,35.39814591432458,136.7848921,,,,,,,,,,,,,206,red,19962,20999,40961
85,21,5115630,1,20260819,5345,559,0,0,0,0,0,4964,460,0,0,0,0,0,3,35.73557476475065,136.9518113,,,,,,,,,,,,,206,red,5904,5424,11328
85,21,5115650,1,20260819,3494,263,0,0,0,0,0,3175,264,0,0,0,0,0,3,35.88316975493347,136.85442030000002,,,,,,,,,,,,,206,red,3757,3439,7196
85,21,5115680,1,20260819,1021,135,0,0,0,0,0,849,111,0,0,0,0,0,3,35.99802490507423,136.9009352,,,,,,,,,,,,,206,red,1156,960,2116
85,21,5115820,1,20260819,,,,0,0,0,206,,,,0,0,0,206,3,36.18407203529936,137.542187,,,,,,,,,,,,,206,red,0,0,0
85,22,5123510,1,20260819,7264,841,0,0,0,0,0,9413,679,0,0,0,0,0,3,35.141546483993245,139.1103673,,,,,,,,,,,,,206,red,8105,10092,18197
85,20,5125390,1,20260819,4726,360,0,0,0,0,0,4646,321,0,0,0,0,0,3,35.876706504925515,137.9806852,,,,,,,,,,,,,206,red,5086,4967,10053
85,23,5311910,1,20260819,11960,1662,0,0,0,0,0,12102,1612,0,0,0,0,0,3,35.124239273970666,136.856963,,,,,,,,,,,,,206,red,13622,13714,27336
86,,6110010,1,20260819,4366,1248,0,0,0,0,0,4796,1189,0,0,0,0,0,3,34.938138216795814,136.265283823013,,,,,,,,,,,,,206,red,5614,5985,11599
86,,6110020,1,20260819,7294,1274,0,0,0,0,0,7405,1239,0,0,0,0,0,3,34.990936305895495,136.115165948867,,,,,,,,,,,,,206,red,8568,8644,17212
86,,6110030,1,20260819,7607,767,1143,0,0,0,0,9066,697,772,0,0,0,0,3,35.005385003512316,135.956851243972,,,,,,,,,,,,,206,red,9517,10535,20052
86,,6110040,1,20260819,5085,759,0,0,0,0,0,6646,748,0,0,0,0,0,3,34.95699292997823,135.913501381874,,,,,,,,,,,,,206,red,5844,7394,13238
86,,6110050,1,20260819,12796,845,0,0,0,0,0,13058,1067,0,0,0,0,0,3,34.99087038445861,135.844525694847,,,,,,,,,,,,,206,red,13641,14125,27766
86,,6110060,1,20260819,24400,3157,0,0,0,0,0,22212,4228,0,0,0,0,0,3,34.99142632024544,135.831109285354,,,,,,,,,,,,,206,red,27557,26440,53997
86,,6110070,1,20260819,18536,2218,0,0,0,0,0,17043,2449,0,0,0,0,0,3,34.98630409707048,135.82777261734,,,,,,,,,,,,,206,red,20754,19492,40246
86,,6110080,1,20260819,15399,4273,0,0,0,0,0,16157,4490,0,0,0,0,0,3,34.91099177877929,135.744452476501,,,,,,,,,,,,,206,red,19672,20647,40319
86,,6110090,1,20260819,19103,4492,0,0,0,0,0,18927,4539,0,0,0,0,0,3,34.805311519271704,135.649480819702,,,,,,,,,,,,,206,red,23595,23466,47061
86,,6110100,1,20260819,,,,0,0,0,206,,,,0,0,0,206,3,34.81945711253497,135.720393061637,,,,,,,,,,,,,206,red,0,0,0
86,,6110110,1,20260819,10897,1277,0,0,0,0,0,10851,1266,0,0,0,0,0,3,34.71960434074075,135.436824560165,,,,,,,,,,,,,206,red,12174,12117,24291
86,,6110120,1,20260819,10237,1105,0,0,0,0,0,10993,994,0,0,0,0,0,3,34.64078623273222,135.106242299079,,,,,,,,,,,,,206,red,11342,11987,23329
86,,6110130,1,20260819,25062,6778,0,0,0,0,0,23939,7131,0,0,0,0,0,3,34.75756172115131,134.859353005886,,,,,,,,,,,,,206,red,31840,31070,62910
86,,6110140,1,20260819,24153,6264,0,0,0,0,0,25560,6359,0,0,0,0,0,3,34.83274825524009,134.630174338817,,,,,,,,,,,,,206,red,30417,31919,62336
86,,6110150,1,20260819,16259,4580,0,0,0,0,0,17693,4531,0,0,0,0,0,3,34.847425137493005,134.578367471694,,,,,,,,,,,,,206,red,20839,22224,43063
86,,6110170,1,20260819,3816,1197,0,0,0,0,0,4144,1309,0,0,0,0,0,3,36.23649392464164,136.286623477935,,,,,,,,,,,,,206,red,5013,5453,10466
86,,6110180,1,20260819,2786,1209,0,0,0,0,0,1239,621,0,0,0,0,0,3,35.792989034822035,136.092793,,,,,,,,,,,,,206,red,3995,1860,5855
86,,6110190,1,20260819,2127,1431,0,0,0,0,0,2316,1408,0,0,0,0,0,3,35.62256603460919,136.08205800000002,,,,,,,,,,,,,206,red,3558,3724,7282
86,,6110200,1,20260819,5312,334,0,0,0,0,0,5036,350,0,0,0,0,0,3,35.319800029709974,136.279370784759,,,,,,,,,,,,,206,red,5646,5386,11032
86,,6110210,1,20260819,7061,1071,0,0,0,0,0,6967,1033,0,0,0,0,0,3,35.25049070224537,136.262805461883,,,,,,,,,,,,,206,red,8132,8000,16132
86,,6110220,1,20260819,6953,1777,0,0,0,0,0,6705,1488,0,0,0,0,0,3,35.135413702721344,136.168110072612,,,,,,,,,,,,,206,red,8730,8193,16923
86,,6110230,1,20260819,8793,1109,0,0,0,0,0,7789,1162,0,0,0,0,0,3,35.05193480694747,136.028718352317,,,,,,,,,,,,,206,red,9902,8951,18853
86,,6110240,1,20260819,14570,1670,0,0,0,0,0,14514,1669,0,0,0,0,0,3,34.97508726487281,135.666646957397,,,,,,,,,,,,,206,red,16240,16183,32423
86,,6110250,1,20260819,10615,1107,0,0,0,0,0,10921,1077,0,0,0,0,0,3,35.290674394918256,135.122528672218,,,,,,,,,,,,,206,red,11722,11998,23720
86,,6110260,1,20260819,2906,398,0,0,0,0,0,2869,432,0,0,0,0,0,3,35.33418386481987,134.859425425529,,,,,,,,,,,,,206,red,3304,3301,6605
86,,6110270,1,20260819,2494,281,0,0,0,0,0,2483,247,0,0,0,0,0,3,35.37906081109355,134.782794713974,,,,,,,,,,,,,206,red,2775,2730,5505
86,,6110280,1,20260819,1174,335,0,0,0,0,0,1213,290,0,0,0,0,0,3,35.39752934547739,134.617635011672,,,,,,,,,,,,,206,red,1509,1503,3012
86,,6110290,1,20260819,2253,880,0,0,0,0,0,2393,933,0,0,0,0,0,3,35.3445505431606,136.408736407756,,,,,,,,,,,,,206,red,3133,3326,6459
86,,6110300,1,20260819,7978,486,0,0,0,0,0,7089,450,0,0,0,0,0,3,34.929386538763445,135.767959356307,,,,,,,,,,,,,206,red,8464,7539,16003
86,,6110310,1,20260819,16074,2138,0,0,0,0,0,14708,2282,0,0,0,0,0,3,34.692826863672394,135.811829566955,,,,,,,,,,,,,206,red,18212,16990,35202
86,,6110320,1,20260819,11536,1510,0,0,0,206,0,17754,2162,0,0,0,0,0,3,34.49633103313339,135.742759,,,,,,,,,,,,,206,red,13046,19916,32962
86,,6110330,1,20260819,13319,688,0,0,0,0,1,10991,593,0,0,0,0,1,3,34.255336527005475,135.221571922302,,,,,,,,,,,,,206,red,14007,11584,25591
86,,6110340,1,20260819,11335,1340,0,0,0,0,0,12057,1710,0,0,0,0,0,3,34.59261679509626,135.476585626602,,,,,,,,,,,,,206,red,12675,13767,26442
86,,6110350,1,20260819,20436,1638,0,0,0,0,0,21828,1798,0,0,0,0,0,3,34.492391818044126,135.423381328582,,,,,,,,,,,,,206,red,22074,23626,45700
86,,6110361,1,20260819,5866,743,0,0,0,0,0,6190,774,0,0,0,0,0,3,34.27701629033371,135.164935521261,,,,,,,,,,,,,206,red,6609,6964,13573
86,,6110370,1,20260819,4602,479,0,0,0,0,0,3887,314,0,0,0,0,0,3,35.61308303459727,135.971192,,,,,,,,,,,,,206,red,5081,4201,9282
86,,6110380,1,20260819,2869,458,0,0,0,0,0,3694,545,0,0,0,0,0,3,35.486004106628485,135.463869273662,,,,,,,,,,,,,206,red,3327,4239,7566
86,,6110390,1,20260819,3015,551,0,0,0,0,0,3398,540,0,0,0,0,0,3,35.30401991598347,135.272947382363,,,,,,,,,,,,,206,red,3566,3938,7504
86,,6110410,1,20260819,4539,585,0,0,0,0,0,5111,559,0,0,0,0,0,3,34.99524305806187,134.558363556861,,,,,,,,,,,,,206,red,5124,5670,10794
86,,6110430,1,20260819,365,21,15,0,0,0,0,448,23,16,0,0,0,0,3,33.577233165562106,135.427241160067,,,,,,,,,,,,,206,red,401,487,888
86,,6110440,1,20260819,8823,638,0,0,0,0,0,8224,726,0,0,0,0,0,3,34.143380032647656,135.20039,,,,,,,,,,,,,206,red,9461,8950,18411
86,,6110450,1,20260819,14611,9122,0,0,0,0,0,14681,10821,0,0,0,0,0,3,34.71254919312948,135.425688028335,,,,,,,,,,,,,206,red,23733,25502,49235
86,,6110460,1,20260819,3375,1239,0,0,0,0,0,3782,1234,0,0,0,0,0,3,35.431053158155514,136.016224622726,,,,,,,,,,,,,206,red,4614,5016,9630
86,,6110470,1,20260819,7028,1315,0,0,0,0,0,8027,1474,0,0,0,0,0,3,35.21341864052877,135.925826132297,,,,,,,,,,,,,206,red,8343,9501,17844
86,,6110500,1,20260819,6145,1372,0,0,0,0,0,4600,794,0,0,0,0,0,3,35.10094221794055,135.892639160156,,,,,,,,,,,,,206,red,7517,5394,12911
86,,6110510,1,20260819,6063,1306,0,0,0,0,0,6662,1428,0,0,0,0,0,3,35.080206671418715,135.881878137588,,,,,,,,,,,,,206,red,7369,8090,15459
86,,6110520,1,20260819,15256,2080,0,0,0,0,0,1989,610,1202,0,0,0,0,3,35.00895503826151,135.838812589645,,,,,,,,,,,,,206,red,17336,3801,21137
86,,6110530,1,20260819,9586,2860,0,0,0,0,0,10633,2970,0,0,0,0,0,3,34.8925928963683,135.684016942977,,,,,,,,,,,,,206,red,12446,13603,26049
86,,6110540,1,20260819,9302,1204,0,0,0,0,0,9490,1359,0,0,0,0,0,3,34.686726631641484,134.982630014419,,,,,,,,,,,,,206,red,10506,10849,21355
86,,6110670,1,20260819,9838,2443,0,0,0,0,0,10589,2177,0,0,0,0,0,3,34.486465033119956,135.763168,,,,,,,,,,,,,206,red,12281,12766,25047
86,,6110700,1,20260819,6655,1624,0,0,0,0,0,7337,1260,0,0,0,0,0,3,34.36883103295914,135.698397,,,,,,,,,,,,,206,red,8279,8597,16876
86,,6110710,1,20260819,6954,1498,0,0,0,0,0,7707,1244,0,0,0,0,0,3,34.346251032928144,135.675464,,,,,,,,,,,,,206,red,8452,8951,17403
86,,6110720,1,20260819,6495,1494,0,0,0,0,0,7111,1211,0,0,0,0,0,3,34.34307531292378,135.6723947,,,,,,,,,,,,,206,red,7989,8322,16311
86,,6110730,1,20260819,5872,1455,0,0,0,0,0,6218,1326,0,0,0,0,0,3,34.3344353954711,135.643944740295,,,,,,,,,,,,,206,red,7327,7544,14871
86,,6110740,1,20260819,7595,1371,77,0,0,0,0,7980,1114,141,0,0,0,0,3,34.32057809029414,135.595622062683,,,,,,,,,,,,,206,red,9043,9235,18278
86,,6110750,1,20260819,7333,1412,0,0,0,0,1,7868,1165,0,0,0,0,1,3,34.30420703287028,135.508371,,,,,,,,,,,,,206,red,8745,9033,17778
86,,6110760,1,20260819,6835,1453,0,0,0,0,0,7713,1252,0,0,0,0,0,3,34.300277802864876,135.49583333,,,,,,,,,,,,,206,red,8288,8965,17253
86,,6110765,1,20260819,6933,1452,0,0,0,0,0,7892,1296,0,0,0,0,0,3,34.293299032855266,135.42037,,,,,,,,,,,,,206,red,8385,9188,17573
86,,6110780,1,20260819,,,,0,0,0,206,,,,0,0,0,206,3,34.290835032851874,135.406025,,,,,,,,,,,,,206,red,0,0,0
86,,6110790,1,20260819,3400,945,0,0,0,0,0,3765,948,0,0,0,0,0,3,34.28766234793788,135.279854549589,,,,,,,,,,,,,206,red,4345,4713,9058
86,,6110810,1,20260819,1030,267,0,0,0,0,0,963,240,0,0,0,0,0,3,35.91898971813652,136.6293598948,,,,,,,,,,,,,206,red,1297,1203,2500
86,,6110820,1,20260819,1222,356,0,0,0,0,0,1090,340,0,0,0,0,0,3,35.963561035032136,136.602468,,,,,,,,,,,,,206,red,1578,1430,3008
86,,6110840,1,20260819,1201,245,0,0,0,0,0,1169,229,0,0,0,0,0,3,35.98949103506382,136.526729,,,,,,,,,,,,,206,red,1446,1398,2844
86,,6110860,1,20260819,5404,519,0,0,0,0,0,5524,473,0,0,0,0,0,3,36.062580031168245,136.445198357105,,,,,,,,,,,,,206,red,5923,5997,11920
86,,6110870,1,20260819,5578,613,0,0,0,0,0,5951,506,0,0,0,0,0,3,36.074224272699254,136.374473869296,,,,,,,,,,,,,206,red,6191,6457,12648
86,,6110880,1,20260819,5602,773,0,0,0,0,0,6394,538,0,0,0,0,0,3,36.086521994378465,136.324462164098,,,,,,,,,,,,,206,red,6375,6932,13307
86,,6110980,1,20260819,2743,543,0,0,0,0,0,2986,550,0,0,0,0,0,3,35.30511375498357,134.89226102828903,,,,,,,,,,,,,206,red,3286,3536,6822
86,,6111020,1,20260819,10681,8237,0,0,0,0,0,13013,8273,0,0,0,0,0,3,34.61538892329484,135.8745,,,,,,,,,,,,,206,red,18918,21286,40204
86,,6111030,1,20260819,4353,248,20,0,0,0,0,4528,200,38,0,0,0,0,3,33.670648031981166,135.947246,,,,,,,,,,,,,206,red,4621,4766,9387
86,,6111040,1,20260819,3821,313,33,0,0,0,0,3514,232,29,0,0,0,0,1,33.74362082208521,135.40352793,,,,,,,,,,,,,206,red,4167,3775,7942
86,,6111050,1,20260819,4409,288,23,0,0,0,0,3774,155,30,0,0,0,0,1,33.67806806199178,135.40361475,,,,,,,,,,,,,206,red,4720,3959,8679
86,,6111060,1,20260819,4278,287,36,0,0,0,0,3560,169,20,0,0,0,0,1,33.63743103193369,135.410147,,,,,,,,,,,,,206,red,4601,3749,8350
86,,6111070,1,20260819,2867,242,20,0,0,0,0,2327,142,22,0,0,0,0,1,33.56605113183135,135.49421066,,,,,,,,,,,,,206,red,3129,2491,5620
86,,6111080,1,20260819,2399,277,28,0,0,0,0,1985,173,11,0,0,0,0,1,33.53123967178131,135.54653822,,,,,,,,,,,,,206,red,2704,2169,4873
86,,6111090,1,20260819,2827,218,14,0,0,0,0,3017,172,28,0,0,0,0,3,33.620083251908845,135.91802864,,,,,,,,,,,,,206,red,3059,3217,6276
86,,6111094,1,20260819,3719,177,49,0,0,0,0,3762,184,39,0,0,0,0,3,33.73308003207021,136.004619,,,,,,,,,,,,,206,red,3945,3985,7930
86,,6111100,1,20260819,5720,1222,0,0,0,0,0,6464,1106,0,0,0,0,0,3,34.29138892285263,135.3613889,,,,,,,,,,,,,206,red,6942,7570,14512
87,,7110040,1,20260819,6823,1871,0,0,0,0,0,6400,1703,0,0,0,0,0,3,34.51540182315934,133.565914,,,,,,,,,,,,,206,red,8694,8103,16797
87,,7110090,1,20260819,8890,2851,0,0,0,0,0,8695,2417,0,0,0,0,0,3,34.076861142554975,131.3867222,,,,,,,,,,,,,206,red,11741,11112,22853
87,,7110140,1,20260819,7098,1066,0,0,0,0,0,6885,1042,0,0,0,0,0,3,35.42972217436492,133.16019770000003,,,,,,,,,,,,,206,red,8164,7927,16091
87,,7110150,1,20260819,8357,1213,0,0,0,0,0,8478,1192,0,0,0,0,0,3,35.41501435434614,132.9291201,,,,,,,,,,,,,206,red,9570,9670,19240
87,,7110160,1,20260819,2837,324,0,0,0,0,0,2894,230,0,0,0,0,0,3,35.220801104096246,132.5117898,,,,,,,,,,,,,206,red,3161,3124,6285
87,,7110170,1,20260819,560,74,0,0,0,0,0,657,101,0,0,0,0,0,3,34.75449303348189,131.907185,,,,,,,,,,,,,206,red,634,758,1392
87,,7110180,1,20260819,1234,270,0,0,0,0,0,941,169,0,0,0,0,0,3,34.42694447303873,131.76016670000004,,,,,,,,,,,,,206,red,1504,1110,2614
87,,7110210,1,20260819,4589,682,0,0,0,0,0,5049,628,0,0,0,0,0,3,34.8389208935946,133.9257149,,,,,,,,,,,,,206,red,5271,5677,10948
87,,7110240,1,20260819,4093,739,0,0,0,0,0,4166,649,0,0,0,0,0,3,34.684982133388644,133.784738,,,,,,,,,,,,,206,red,4832,4815,9647
87,,7110260,1,20260819,766,73,0,0,0,162,0,2702,173,0,0,0,0,0,3,33.97988891241918,132.1977222,,,,,,,,,,,,,206,red,839,2875,3714
87,,7110270,1,20260819,1520,217,0,0,0,0,0,1420,236,0,0,0,0,0,3,34.65950003335435,131.6773889,,,,,,,,,,,,,206,red,1737,1656,3393
87,,7110280,1,20260819,3224,347,0,0,0,0,0,3080,332,0,0,0,0,0,3,34.419861143029046,131.4097778,,,,,,,,,,,,,206,red,3571,3412,6983
87,,7110290,1,20260819,6471,248,0,0,0,0,0,6226,251,0,0,0,0,0,3,34.371805582963226,131.1861389,,,,,,,,,,,,,206,red,6719,6477,13196
87,,7110320,1,20260819,5417,309,0,0,0,0,0,5050,329,0,0,0,0,0,3,33.95763808238793,132.1366533,,,,,,,,,,,,,206,red,5726,5379,11105
87,,7310110,1,20260819,7325,894,0,0,0,0,0,7445,861,0,0,0,0,0,3,35.39772612432404,132.8747235,,,,,,,,,,,,,206,red,8219,8306,16525
87,,7310120,1,20260819,3918,1201,0,0,0,0,0,2955,578,0,0,0,0,0,3,35.068629523897954,132.3222435,,,,,,,,,,,,,206,red,5119,3533,8652
87,,7310150,1,20260819,574,83,0,0,0,0,0,575,80,0,0,0,0,0,3,34.9738037337733,132.7317309,,,,,,,,,,,,,206,red,657,655,1312
87,,7310160,1,20260819,904,155,0,0,0,0,0,1012,171,0,0,0,0,0,3,35.117460163961816,132.778337,,,,,,,,,,,,,206,red,1059,1183,2242
87,,7310170,1,20260819,5309,585,0,0,0,0,0,4213,482,0,0,0,0,0,3,34.705264123415894,133.7151146,,,,,,,,,,,,,206,red,5894,4695,10589
87,,7310180,1,20260819,1580,128,0,0,0,0,0,1464,146,0,0,0,0,0,3,34.38963891298768,131.3651944,,,,,,,,,,,,,206,red,1708,1610,3318
87,,7310260,1,20260819,2825,505,0,0,0,0,0,2709,427,0,0,0,0,0,3,35.132156843980994,132.4019922,,,,,,,,,,,,,206,red,3330,3136,6466
87,,7310270,1,20260819,2589,510,0,0,0,0,0,2496,407,0,0,0,0,0,3,35.08573619392036,132.3490609,,,,,,,,,,,,,206,red,3099,2903,6002
87,,7310280,1,20260819,2537,483,0,0,0,0,0,2445,414,0,0,0,0,0,3,35.076671573908484,132.335387,,,,,,,,,,,,,206,red,3020,2859,5879
87,,7310290,1,20260819,3289,823,0,0,0,0,0,2276,2138,0,0,0,0,0,3,34.88220003365212,132.0657,,,,,,,,,,,,,206,red,4112,4414,8526
87,,7310300,1,20260819,3016,567,0,0,0,0,0,3343,525,0,0,0,0,0,3,34.86980443363566,132.0662027,,,,,,,,,,,,,206,red,3583,3868,7451
87,,7310350,1,20260819,3293,684,0,0,0,0,0,3574,661,0,0,0,0,0,3,34.83580109359045,131.9999083,,,,,,,,,,,,,206,red,3977,4235,8212
87,,7310410,1,20260819,4063,714,0,0,0,0,0,4025,543,0,0,0,0,0,3,35.21593257408993,132.5144274,,,,,,,,,,,,,206,red,4777,4568,9345
87,,7310420,1,20260819,4590,665,0,0,0,0,0,4023,732,0,0,0,0,0,3,35.275470134166945,132.6201357,,,,,,,,,,,,,206,red,5255,4755,10010
87,,7310430,1,20260819,4532,551,0,0,0,0,0,4045,493,0,0,0,0,0,3,35.303833034203514,132.688667,,,,,,,,,,,,,206,red,5083,4538,9621
87,,7310440,1,20260819,4237,565,0,0,0,0,0,0,0,0,0,0,0,0,3,35.298722034196935,132.676944,,,,,,,,,,,,,206,red,4802,0,4802
87,,7310450,1,20260819,0,0,0,0,0,0,0,3649,481,0,0,0,0,0,3,35.290444034186265,132.645583,,,,,,,,,,,,,206,red,0,4130,4130
87,,7310460,1,20260819,0,0,0,0,0,206,0,2592,565,0,0,0,0,0,3,35.20082803407034,132.459905,,,,,,,,,,,,,206,red,0,3157,3157
87,,7310470,1,20260819,3115,613,0,0,0,0,0,2810,503,0,0,0,0,0,3,35.1986450340675,132.455753,,,,,,,,,,,,,206,red,3728,3313,7041
88,,8110010,1,20260819,2797,601,0,0,0,0,0,2706,650,0,0,0,0,0,3,34.2207184500313,134.411544799804,,,,,,,,,,,,,206,red,3398,3356,6754
88,,8110020,1,20260819,15635,2295,0,0,0,0,0,16876,1960,0,0,0,0,0,3,34.30277465209332,134.084776639938,,,,,,,,,,,,,206,red,17930,18836,36766
88,,8110030,1,20260819,13299,1703,0,0,0,0,0,12517,1617,0,0,0,0,0,3,34.29671450737887,133.946895003318,,,,,,,,,,,,,206,red,15002,14134,29136
88,,8110040,1,20260819,6303,806,0,0,0,0,0,6577,729,0,0,0,0,0,3,34.17417938671837,133.715951442718,,,,,,,,,,,,,206,red,7109,7306,14415
88,,8110050,1,20260819,6069,880,11,0,0,0,0,6626,835,8,0,0,0,0,3,33.91236267641698,133.20324182510302,,,,,,,,,,,,,206,red,6960,7469,14429
88,,8110060,1,20260819,3703,1136,58,0,0,0,0,4057,1134,61,0,0,0,0,3,33.82431235182997,132.984384298324,,,,,,,,,,,,,206,red,4897,5252,10149
88,,8110070,1,20260819,8090,763,0,0,0,0,0,8095,559,0,0,0,0,0,3,34.28544169692582,134.00050163269,,,,,,,,,,,,,206,red,8853,8654,17507
88,,8110080,1,20260819,2501,510,0,0,0,0,0,1031,114,0,0,0,0,0,3,34.10608825909625,133.799223303794,,,,,,,,,,,,,206,red,3011,1145,4156
88,,8110090,1,20260819,7374,850,30,0,0,0,0,6134,662,49,0,0,0,0,3,34.028957826825085,133.828164339065,,,,,,,,,,,,,206,red,8254,6845,15099
88,,8110100,1,20260819,1900,442,0,0,0,0,0,1652,293,0,0,0,0,0,3,33.950764901704936,133.764853477478,,,,,,,,,,,,,206,red,2342,1945,4287
88,,8110110,1,20260819,4236,1398,0,0,0,0,0,5560,1053,0,0,0,0,0,3,33.58909346194513,133.626092746853,,,,,,,,,,,,,206,red,5634,6613,12247
88,,8110115,1,20260819,6279,679,0,0,0,0,0,6034,594,0,0,0,0,0,3,33.548205918990114,133.451582193374,,,,,,,,,,,,,206,red,6958,6628,13586
88,,8110120,1,20260819,6849,673,0,0,0,0,0,6294,797,0,0,0,0,0,3,33.543133969132924,133.402808904647,,,,,,,,,,,,,206,red,7522,7091,14613
88,,8110130,1,20260819,6882,384,151,0,0,0,0,7423,481,143,0,0,0,0,3,33.7476978963593,132.791587114334,,,,,,,,,,,,,206,red,7417,8047,15464
88,,8110131,1,20260819,2956,256,0,0,0,0,0,2652,189,0,0,0,0,0,3,33.793408870729856,134.592427611351,,,,,,,,,,,,,206,red,3212,2841,6053
88,,8110140,1,20260819,2321,195,1,0,0,0,0,2311,156,1,0,0,0,0,3,33.63466659400443,134.369745254516,,,,,,,,,,,,,206,red,2517,2468,4985
88,,8110142,1,20260819,2964,228,0,0,0,0,0,2588,191,0,0,0,0,0,3,33.74774819013548,134.53964678124,,,,,,,,,,,,,206,red,3192,2779,5971
88,,8110160,1,20260819,3061,235,0,0,0,0,0,2964,214,0,0,0,0,0,3,33.53924497073882,133.738444460766,,,,,,,,,,,,,206,red,3296,3178,6474
88,,8110161,1,20260819,5847,521,0,0,0,0,0,4734,379,0,0,0,0,0,3,33.520916544031145,133.780702650547,,,,,,,,,,,,,206,red,6368,5113,11481
88,,8110162,1,20260819,6868,616,0,0,0,0,0,6094,454,0,0,0,0,0,3,33.550342371512876,133.740176352243,,,,,,,,,,,,,206,red,7484,6548,14032
88,,8110163,1,20260819,7776,641,0,0,0,0,0,6690,486,0,0,0,0,0,3,33.55352220956595,133.721816021769,,,,,,,,,,,,,206,red,8417,7176,15593
88,,8110164,1,20260819,1648,326,0,0,0,0,0,1672,315,0,0,0,0,0,3,33.57127484589016,133.574287891387,,,,,,,,,,,,,206,red,1974,1987,3961
88,,8110165,1,20260819,8515,757,0,0,0,0,0,8464,556,0,0,0,0,0,3,33.56026408468244,133.633757829666,,,,,,,,,,,,,206,red,9272,9020,18292
88,,8110166,1,20260819,9133,1022,0,0,0,0,0,8300,696,0,0,0,0,0,3,33.540965031795295,133.601005,,,,,,,,,,,,,206,red,10155,8996,19151
88,,8110167,1,20260819,5490,455,0,0,0,0,0,4776,387,0,0,0,0,0,3,33.5424317654246,133.583077945611,,,,,,,,,,,,,206,red,5945,5163,11108
88,,8110168,1,20260819,7444,577,0,0,0,0,0,5933,378,0,0,0,0,0,3,33.55589303181676,133.683497,,,,,,,,,,,,,206,red,8021,6311,14332
88,,8110170,1,20260819,4534,637,0,0,0,0,0,3911,806,0,0,0,0,0,3,33.485055031714765,133.373125,,,,,,,,,,,,,206,red,5171,4717,9888
88,,8110171,1,20260819,3349,431,0,0,0,0,0,2811,235,0,0,0,0,0,3,33.40395558523113,133.288643360137,,,,,,,,,,,,,206,red,3780,3046,6826
88,,8110172,1,20260819,2096,917,0,0,0,0,0,2199,377,0,0,0,0,0,3,33.39236677628474,133.278601169586,,,,,,,,,,,,,206,red,3013,2576,5589
88,,8110174,1,20260819,2531,407,0,0,0,0,0,2451,233,0,0,0,0,0,3,33.18330330083646,133.144855499267,,,,,,,,,,,,,206,red,2938,2684,5622
88,,8110180,1,20260819,633,79,0,0,0,0,0,730,69,0,0,0,0,0,3,33.35817590038214,133.253152370452,,,,,,,,,,,,,206,red,712,799,1511
88,,8110181,1,20260819,2716,229,0,0,0,0,0,2674,199,0,0,0,0,0,3,32.974388919857596,132.933138888889,,,,,,,,,,,,,206,red,2945,2873,5818
88,,8110182,1,20260819,4281,257,0,0,0,0,0,3998,247,0,0,0,0,0,3,32.96811114207051,132.872277777778,,,,,,,,,,,,,206,red,4538,4245,8783
88,,8110183,1,20260819,2470,173,0,0,0,0,0,2484,159,0,0,0,0,0,3,32.95902780872377,132.776972222222,,,,,,,,,,,,,206,red,2643,2643,5286
88,,8110190,1,20260819,1644,138,0,0,0,0,0,1792,175,0,0,0,0,0,3,32.96996536793415,132.68920719623503,,,,,,,,,,,,,206,red,1782,1967,3749
88,,8110191,1,20260819,2656,273,0,0,0,0,0,2609,391,0,0,0,0,0,3,33.13903103121127,132.517477,,,,,,,,,,,,,206,red,2929,3000,5929
88,,8110192,1,20260819,4164,399,0,0,0,0,0,4292,526,0,0,0,0,0,3,33.14590213224344,132.52205863595,,,,,,,,,,,,,206,red,4563,4818,9381
88,,8110200,1,20260819,2011,120,0,0,0,0,0,1828,154,0,0,0,0,0,3,33.325562031483756,132.5285,,,,,,,,,,,,,206,red,2131,1982,4113
88,,8110210,1,20260819,13247,488,561,0,0,0,0,13367,429,236,0,0,0,0,3,33.81637909326473,132.744826823472,,,,,,,,,,,,,206,red,14296,14032,28328
88,,8110231,1,20260819,5664,471,0,0,0,0,0,4706,408,0,0,0,0,0,3,34.03847794648641,134.520513564348,,,,,,,,,,,,,206,red,6135,5114,11249
88,,8110232,1,20260819,6348,464,0,0,0,0,0,6505,489,0,0,0,0,0,3,34.04120064204002,134.531005024909,,,,,,,,,,,,,206,red,6812,6994,13806
88,,8110240,1,20260819,4782,567,0,0,0,0,0,3939,506,0,0,0,0,0,3,34.03149633348104,132.829599380493,,,,,,,,,,,,,206,red,5349,4445,9794
88,,8110250,1,20260819,4930,423,0,0,0,0,0,4753,405,0,0,0,0,0,3,33.93004373774009,133.094837665557,,,,,,,,,,,,,206,red,5353,5158,10511
88,,8111021,1,20260819,4742,508,0,0,0,0,0,4906,470,0,0,0,0,0,3,33.50191403173908,133.309236,,,,,,,,,,,,,206,red,5250,5376,10626
88,,8160020,1,20260819,4185,607,0,0,0,0,0,3653,384,0,0,0,0,0,1,33.331092031491806,133.206098,,,,,,,,,,,,,206,red,4792,4037,8829
88,,8160030,1,20260819,3604,531,0,0,0,0,0,3101,340,0,0,0,26,0,1,33.23544203135242,133.159939,,,,,,,,,,,,,206,red,4135,3441,7576
88,,8160040,1,20260819,5438,490,0,0,0,0,0,5584,646,0,0,0,0,0,1,33.24742026280611,132.570131868124,,,,,,,,,,,,,206,red,5928,6230,12158
88,,8160050,1,20260819,5285,551,0,0,0,0,0,5429,711,0,0,0,0,0,1,33.33622666521378,132.557060122489,,,,,,,,,,,,,206,red,5836,6140,11976
88,,8160060,1,20260819,4858,846,0,0,0,0,0,4232,754,0,0,0,0,0,1,34.056139032526026,134.588624,,,,,,,,,,,,,206,red,5704,4986,10690
88,,8310010,1,20260819,14052,1263,7,0,0,0,0,13834,1343,4,0,0,0,0,3,34.152121047215225,134.579402804374,,,,,,,,,,,,,206,red,15322,15181,30503
88,,8310020,1,20260819,5191,1826,0,0,0,0,0,6538,577,0,0,0,0,0,3,34.335875041773484,134.151295423507,,,,,,,,,,,,,206,red,7017,7115,14132
88,,8310030,1,20260819,7386,478,489,0,0,0,1,9381,446,109,0,0,0,1,3,33.79997204409725,132.86443054676,,,,,,,,,,,,,206,red,8353,9936,18289
88,,8310040,1,20260819,10298,1424,0,0,0,0,0,10935,1133,0,0,0,0,0,3,34.239532652899726,133.895906209945,,,,,,,,,,,,,206,red,11722,12068,23790
88,,8310050,1,20260819,695,406,0,0,0,0,0,762,223,0,0,0,0,0,3,33.797668032162,133.760304,,,,,,,,,,,,,206,red,1101,985,2086
88,,8310060,1,20260819,613,80,0,0,0,0,0,638,99,0,0,0,0,0,3,33.54154672048833,133.042341470718,,,,,,,,,,,,,206,red,693,737,1430
88,,8310061,1,20260819,9058,1451,0,0,0,0,0,9706,1589,0,0,0,0,0,3,33.80675451706518,132.745272070169,,,,,,,,,,,,,206,red,10509,11295,21804
88,,8310062,1,20260819,5242,1128,0,0,0,0,0,5177,1197,0,0,0,0,0,3,33.814776032186245,132.720319,,,,,,,,,,,,,206,red,6370,6374,12744
88,,8310070,1,20260819,15475,1040,29,0,0,0,0,16736,920,1,0,0,0,0,3,34.0102656781917,134.566428959369,,,,,,,,,,,,,206,red,16544,17657,34201
88,,8310080,1,20260819,9345,814,0,0,0,0,0,8513,808,0,0,0,0,0,3,33.9732071371816,134.633932113647,,,,,,,,,,,,,206,red,10159,9321,19480
88,,8310100,1,20260819,3934,476,0,0,0,0,0,4009,383,0,0,0,0,0,3,33.03511096021447,133.027331829071,,,,,,,,,,,,,206,red,4410,4392,8802
88,,8310110,1,20260819,3420,330,0,0,0,0,0,3343,505,0,0,0,0,0,3,33.4066250316014,132.509843,,,,,,,,,,,,,206,red,3750,3848,7598
88,,8310120,1,20260819,7906,1027,0,0,0,0,0,8737,1263,0,0,0,0,0,3,33.504510031742804,132.56675,,,,,,,,,,,,,206,red,8933,10000,18933
88,,8310130,1,20260819,785,67,0,0,0,0,0,4957,636,0,0,0,0,0,3,33.53462955300938,132.597781419754,,,,,,,,,,,,,206,red,852,5593,6445
88,,8310140,1,20260819,3269,396,0,0,0,0,0,2773,536,0,0,0,0,0,3,33.6125750318981,132.68712,,,,,,,,,,,,,206,red,3665,3309,6974
88,,8310150,1,20260819,2405,470,0,0,0,0,0,2806,730,0,0,0,0,0,3,34.0401782523243,134.018440246582,,,,,,,,,,,,,206,red,2875,3536,6411
88,,8310160,1,20260819,8225,403,140,0,0,0,2,7428,382,175,0,0,0,2,3,33.89056122326423,132.757075130939,,,,,,,,,,,,,206,red,8768,7985,16753
89,,9110010,1,20260819,8280,436,0,0,0,0,0,9611,529,0,0,0,0,0,3,33.86399103225591,130.750068,,,,,,,,,,,,,206,red,8716,10140,18856
89,,9110030,1,20260819,16998,1474,0,0,0,0,0,18784,1492,0,0,0,0,0,3,32.75695803064553,130.688122,,,,,,,,,,,,,206,red,18472,20276,38748
89,,9110040,1,20260819,6547,1610,0,0,0,0,0,5905,1311,0,0,0,0,0,3,32.565580030358504,130.688167,,,,,,,,,,,,,206,red,8157,7216,15373
89,,9110050,1,20260819,8088,1420,0,0,0,0,0,7159,1269,0,0,0,0,0,3,32.50104503026118,130.627862,,,,,,,,,,,,,206,red,9508,8428,17936
89,,9110060,1,20260819,3862,1009,0,0,0,0,0,4341,969,0,0,0,0,0,3,31.848210029262603,130.249002,,,,,,,,,,,,,206,red,4871,5310,10181
89,,9110070,1,20260819,2988,250,0,0,0,0,0,3126,287,0,0,0,0,0,3,31.65408502896101,130.444438,,,,,,,,,,,,,206,red,3238,3413,6651
89,,9110110,1,20260819,22915,1297,178,0,0,0,0,20171,2540,255,0,0,0,0,3,33.248593781371625,131.5788746,,,,,,,,,,,,,206,red,24390,22966,47356
89,,9110120,1,20260819,112,24,0,0,0,0,0,110,16,0,0,0,0,0,3,32.83826903076675,131.716873,,,,,,,,,,,,,206,red,136,126,262
89,,9110140,1,20260819,4938,1156,0,0,0,0,0,4146,1008,0,0,0,0,0,3,32.26510002990319,131.560352,,,,,,,,,,,,,206,red,6094,5154,11248
89,,9110150,1,20260819,2611,787,0,0,0,0,0,2701,846,0,0,0,0,0,3,31.853840029271314,131.136144,,,,,,,,,,,,,206,red,3398,3547,6945
89,,9110160,1,20260819,3606,883,506,0,0,29,52,3558,856,18,0,0,0,52,3,31.710555029048958,130.774553,,,,,,,,,,,,,206,red,4995,4432,9427
89,,9110190,1,20260819,5915,1658,0,0,0,0,0,5978,1680,0,0,0,0,0,3,33.3577350315305,130.488663,,,,,,,,,,,,,206,red,7573,7658,15231
89,,9110200,1,20260819,7251,524,0,0,0,0,0,6655,434,0,0,0,0,0,3,33.19609887129489,130.0312792,,,,,,,,,,,,,206,red,7775,7089,14864
89,,9110230,1,20260819,1853,529,0,0,0,0,0,1722,467,0,0,0,0,0,3,32.95195803093551,131.35466,,,,,,,,,,,,,206,red,2382,2189,4571
89,,9110240,1,20260819,6456,1540,0,0,0,0,0,6138,1303,0,0,0,0,0,3,33.669370031979355,130.847832,,,,,,,,,,,,,206,red,7996,7441,15437
89,,9110280,1,20260819,5490,629,0,0,0,0,0,4899,597,0,0,0,0,0,3,33.34785503151616,130.0187991,,,,,,,,,,,,,206,red,6119,5496,11615
89,,9110290,1,20260819,5745,473,0,0,0,0,0,6151,550,0,0,0,0,0,3,32.97125925096407,130.445357,,,,,,,,,,,,,206,red,6218,6701,12919
89,,9110300,1,20260819,5895,579,0,0,0,0,0,5607,620,0,0,0,0,0,3,33.14141103121475,130.470721,,,,,,,,,,,,,206,red,6474,6227,12701
89,,9110335,1,20260819,2821,227,0,0,0,0,0,2844,213,0,0,0,0,0,3,31.396273028557452,130.783657,,,,,,,,,,,,,206,red,3048,3057,6105
89,,9110340,1,20260819,4018,508,0,0,0,0,0,3790,477,0,0,0,0,0,3,31.452851608646302,130.7281932,,,,,,,,,,,,,206,red,4526,4267,8793
89,,9310003,1,20260819,6839,1577,0,0,0,0,0,8245,1497,0,0,0,0,0,3,33.947867982374184,130.968647,,,,,,,,,,,,,206,red,8416,9742,18158
89,,9310015,1,20260819,14614,4049,0,0,0,0,0,14528,4044,0,0,0,0,0,3,33.44660203165923,130.540337,,,,,,,,,,,,,206,red,18663,18572,37235
89,,9310017,1,20260819,6611,788,0,0,0,0,0,7404,833,0,0,0,0,0,3,33.323489031480754,130.523608,,,,,,,,,,,,,206,red,7399,8237,15636
89,,9310020,1,20260819,1719,907,0,0,0,0,0,1561,795,0,0,0,0,0,3,33.11458003117534,130.669176,,,,,,,,,,,,,206,red,2626,2356,4982
89,,9310035,1,20260819,946,91,0,0,0,0,0,1032,152,0,0,0,0,0,3,32.406040030117445,130.555735,,,,,,,,,,,,,206,red,1037,1184,2221
89,,9310045,1,20260819,3575,696,0,0,0,0,0,4327,510,0,0,0,0,0,3,32.16215502974594,130.36789,,,,,,,,,,,,,206,red,4271,4837,9108
89,,9310050,1,20260819,5688,242,16,0,0,0,0,5333,283,22,0,0,0,0,3,31.714213029054637,130.275752,,,,,,,,,,,,,206,red,5946,5638,11584
89,,9310060,1,20260819,3095,856,61,26,0,0,8,3009,592,11,26,0,0,8,3,32.38562876008649,130.5414069,,,,,,,,,,,,,206,red,4012,3612,7624
89,,9310070,1,20260819,0,0,5759,0,0,206,206,5662,770,110,0,0,0,206,3,31.702321029036145,130.297006,,,,,,,,,,,,,206,red,5759,6542,12301
89,,9310080,1,20260819,10190,886,0,0,0,0,0,8922,733,0,0,0,0,0,3,33.80588903217365,130.960473,,,,,,,,,,,,,206,red,11076,9655,20731
89,,9310085,1,20260819,6994,1037,0,0,0,0,0,6874,818,0,0,0,0,0,3,33.54594303180245,131.283198,,,,,,,,,,,,,206,red,8031,7692,15723
89,,9310090,1,20260819,6379,690,0,0,0,0,0,7708,667,0,0,0,0,0,3,33.38094503156419,131.540397,,,,,,,,,,,,,206,red,7069,8375,15444
89,,9310100,1,20260819,13372,1360,0,0,0,0,0,13159,1349,0,0,0,0,0,3,33.15920703124086,131.651922,,,,,,,,,,,,,206,red,14732,14508,29240
89,,9310115,1,20260819,6461,2200,0,0,0,0,0,6379,1875,0,0,0,0,0,3,31.726570029073855,131.023972,,,,,,,,,,,,,206,red,8661,8254,16915
89,,9310120,1,20260819,11248,1389,0,0,0,0,0,9714,1237,0,0,0,0,0,3,31.705779029041526,130.613215,,,,,,,,,,,,,206,red,12637,10951,23588
89,,9310125,1,20260819,9851,1274,0,0,0,0,0,9103,978,0,0,0,0,0,3,33.21761616132637,130.1637701,,,,,,,,,,,,,206,red,11125,10081,21206
89,,9310127,1,20260819,4019,1463,0,0,0,0,0,5306,865,0,0,0,0,0,3,32.91326503087817,130.976239,,,,,,,,,,,,,206,red,5482,6171,11653
89,,9310130,1,20260819,12505,804,0,0,0,0,0,10794,894,0,0,0,7,0,3,32.8754950308221,130.867355,,,,,,,,,,,,,206,red,13309,11688,24997
89,,9310140,1,20260819,17034,1837,0,0,0,0,0,17345,1396,0,0,0,0,0,3,32.820198990739854,130.7572925,,,,,,,,,,,,,206,red,18871,18741,37612
89,,9310150,1,20260819,4612,1294,0,0,0,0,0,3080,2703,0,0,0,0,0,3,32.6779330305273,130.55327,,,,,,,,,,,,,206,red,5906,5783,11689
89,,9310155,1,20260819,5392,184,0,0,0,0,0,7430,258,0,0,0,0,0,3,32.76467203065704,130.370667,,,,,,,,,,,,,206,red,5576,7688,13264
89,,9310156,1,20260819,6218,337,0,0,0,0,0,6197,404,0,0,0,0,0,3,32.78536503068792,130.199594,,,,,,,,,,,,,206,red,6555,6601,13156
89,,9310157,1,20260819,5075,822,0,0,0,0,0,4381,637,0,0,0,0,0,3,33.06696517110531,131.6229634,,,,,,,,,,,,,206,red,5897,5018,10915
89,,9310159,1,20260819,2316,530,0,0,0,0,0,1875,449,0,0,0,0,0,3,32.997429031002746,131.434075,,,,,,,,,,,,,206,red,2846,2324,5170
89,,9310165,1,20260819,8564,3993,0,0,0,0,0,9275,3752,0,0,0,0,0,3,33.62969103192261,130.442657,,,,,,,,,,,,,206,red,12557,13027,25584
89,,9310174,1,20260819,15342,2382,0,0,0,0,0,13259,2034,0,0,0,0,0,3,33.6275850319196,130.703907,,,,,,,,,,,,,206,red,17724,15293,33017
89,,9310181,1,20260819,6374,332,0,0,0,0,0,6319,288,0,0,0,0,0,3,33.230906841345785,130.3350523,,,,,,,,,,,,,206,red,6706,6607,13313
89,,9310184,1,20260819,7435,682,0,0,0,0,0,7213,987,0,0,0,0,0,3,32.918079150885305,130.6264597,,,,,,,,,,,,,206,red,8117,8200,16317
89,,9310185,1,20260819,2183,270,0,0,0,0,206,0,0,0,0,0,206,206,3,33.37000946154832,129.9447181,,,,,,,,,,,,,206,red,2453,0,2453
89,,9310187,1,20260819,8412,1357,0,0,0,0,0,8605,1180,0,0,0,0,0,3,33.504396031742644,130.111167,,,,,,,,,,,,,206,red,9769,9785,19554
89,,9310188,1,20260819,4680,538,0,0,0,0,0,4498,533,0,0,0,0,0,3,33.3383090315023,130.64702,,,,,,,,,,,,,206,red,5218,5031,10249
89,,9310189,1,20260819,1043,170,0,0,0,0,148,917,155,0,0,0,0,148,3,33.06535003110294,129.833592,,,,,,,,,,,,,206,red,1213,1072,2285
89,,9310191,1,20260819,6493,927,0,0,0,0,0,6322,926,0,0,0,0,0,3,33.18514003127884,130.387366,,,,,,,,,,,,,206,red,7420,7248,14668
89,,9310192,1,20260819,5033,825,0,0,0,0,0,3738,4105,0,0,0,0,0,3,33.20214803130375,130.361827,,,,,,,,,,,,,206,red,5858,7843,13701
89,,9310193,1,20260819,2434,2527,0,0,0,0,0,4606,1278,0,0,0,0,0,3,33.20855403131311,130.343385,,,,,,,,,,,,,206,red,4961,5884,10845
89,,9310195,1,20260819,5089,750,0,0,0,0,0,4712,641,0,0,0,0,0,3,33.32086003147692,130.863524,,,,,,,,,,,,,206,red,5839,5353,11192
89,,9310200,1,20260819,2164,344,0,0,0,0,0,1997,350,0,0,0,0,0,3,33.250128031373855,131.295812,,,,,,,,,,,,,206,red,2508,2347,4855
89,,9310205,1,20260819,5304,581,0,0,0,0,0,5612,612,0,0,0,0,0,3,33.19671903129579,131.498216,,,,,,,,,,,,,206,red,5885,6224,12109
89,,9310210,1,20260819,6625,420,0,0,0,0,0,6546,297,0,0,0,0,0,3,31.816050029212782,131.442962,,,,,,,,,,,,,206,red,7045,6843,13888
89,,9310217,1,20260819,3311,309,0,0,0,0,0,3464,312,0,0,0,0,0,3,31.417765998591218,130.99969040000002,,,,,,,,,,,,,206,red,3620,3776,7396
89,,9310218,1,20260819,5046,346,0,0,0,0,0,5072,405,0,0,0,0,0,3,31.377286028527593,130.545285,,,,,,,,,,,,,206,red,5392,5477,10869
89,,9310219,1,20260819,1767,306,0,0,0,0,0,1659,302,0,0,0,0,0,3,31.56571802882308,130.617867,,,,,,,,,,,,,206,red,2073,1961,4034
89,,9310220,1,20260819,5086,972,0,0,0,0,0,4772,814,0,0,0,0,0,3,33.43104381163675,130.0480662,,,,,,,,,,,,,206,red,6058,5586,11644
89,,9310470,1,20260819,2746,871,22,0,0,0,0,2737,602,29,0,0,0,0,3,32.24423502987137,130.476053,,,,,,,,,,,,,206,red,3639,3368,7007
89,,9310480,1,20260819,2663,928,0,0,0,0,0,2627,675,0,0,0,0,0,3,32.21685802982958,130.428031,,,,,,,,,,,,,206,red,3591,3302,6893
89,,9310520,1,20260819,3950,521,0,0,0,0,0,3811,358,0,0,0,0,0,3,32.102630029654726,130.326106,,,,,,,,,,,,,206,red,4471,4169,8640
89,,9310530,1,20260819,4942,597,0,0,0,0,0,4686,391,0,0,0,0,0,3,32.08242202962371,130.292812,,,,,,,,,,,,,206,red,5539,5077,10616
89,,9310540,1,20260819,4330,633,0,0,0,0,0,3762,389,0,0,0,0,0,3,32.07232702960822,130.26224,,,,,,,,,,,,,206,red,4963,4151,9114
89,,9310600,1,20260819,1530,634,0,0,0,0,0,1962,480,0,0,0,0,0,3,31.84607502925929,130.257831,,,,,,,,,,,,,206,red,2164,2442,4606
89,,9310610,1,20260819,0,0,0,0,0,206,206,2061,518,0,0,0,0,206,3,31.804655029195118,130.283522,,,,,,,,,,,,,206,red,0,2579,2579
89,,9310620,1,20260819,5053,740,0,0,0,0,0,5578,744,0,0,0,0,0,3,31.759537029125095,130.304217,,,,,,,,,,,,,206,red,5793,6322,12115
89,,9310627,1,20260819,4404,937,0,0,0,0,0,4208,737,0,0,0,0,0,3,33.46078103167972,130.044889,,,,,,,,,,,,,206,red,5341,4945,10286
89,,9310630,1,20260819,4819,900,0,0,0,0,0,3981,711,0,0,0,0,0,3,33.414414111612686,129.9958886,,,,,,,,,,,,,206,red,5719,4692,10411
89,,9310640,1,20260819,5523,976,0,0,0,0,0,4962,733,0,0,0,0,0,3,33.391371311579306,129.9347973,,,,,,,,,,,,,206,red,6499,5695,12194
89,,9310650,1,20260819,5193,1166,0,0,0,0,0,4993,753,0,0,0,0,0,3,33.37966119156232,129.933567,,,,,,,,,,,,,206,red,6359,5746,12105
89,,9310660,1,20260819,3956,522,0,0,0,0,0,3948,480,0,0,0,0,0,3,33.30074103144764,129.915058,,,,,,,,,,,,,206,red,4478,4428,8906
89,,9310710,1,20260819,0,0,0,0,0,206,206,2247,553,0,0,0,0,206,3,33.323471851480726,129.8060041,,,,,,,,,,,,,206,red,0,2800,2800
89,,9310730,1,20260819,2885,316,0,0,0,0,0,2769,277,0,0,0,0,0,3,33.34824903151674,129.729277,,,,,,,,,,,,,206,red,3201,3046,6247
89,,9310740,1,20260819,1179,171,0,0,0,0,0,1368,161,0,0,0,0,0,3,33.34295921550905,129.672585536,,,,,,,,,,,,,206,red,1350,1529,2879
89,,9360270,1,20260819,2082,696,0,0,0,0,0,1995,474,0,0,0,0,0,1,32.93848103091554,131.866353,,,,,,,,,,,,,206,red,2778,2469,5247
89,,9360280,1,20260819,2305,746,0,0,0,0,0,2333,508,0,0,0,0,0,1,32.895717030852126,131.864089,,,,,,,,,,,,,206,red,3051,2841,5892
89,,9360290,1,20260819,1773,648,0,0,0,0,0,1857,449,0,0,0,0,0,1,32.80165203071222,131.87728,,,,,,,,,,,,,206,red,2421,2306,4727
89,,9360300,1,20260819,1731,636,0,0,0,0,0,1816,434,0,0,0,0,0,1,32.72780503060196,131.827089,,,,,,,,,,,,,206,red,2367,2250,4617
89,,9360310,1,20260819,2182,624,0,0,0,0,0,2270,458,0,0,0,0,0,1,32.708018030572354,131.811346,,,,,,,,,,,,,206,red,2806,2728,5534
89,,9360320,1,20260819,2327,646,0,0,0,0,0,2508,489,0,0,0,0,0,1,32.66071403050147,131.702707,,,,,,,,,,,,,206,red,2973,2997,5970
89,,9360330,1,20260819,2158,747,0,0,0,0,0,2346,571,0,0,0,0,0,3,32.67533903052341,131.725922,,,,,,,,,,,,,206,red,2905,2917,5822
89,,9360340,1,20260819,4326,1034,0,0,0,0,0,5131,867,0,0,0,0,0,3,32.544601030326895,131.648426,,,,,,,,,,,,,206,red,5360,5998,11358
89,,9360350,1,20260819,4167,556,0,0,0,0,0,3667,460,0,0,0,0,0,1,31.69283102902137,131.379337,,,,,,,,,,,,,206,red,4723,4127,8850
89,,9360360,1,20260819,4109,596,0,0,0,0,0,3634,466,0,0,0,0,0,1,31.626655028918243,131.387644,,,,,,,,,,,,,206,red,4705,4100,8805
89,,9360380,1,20260819,1777,347,0,0,0,0,0,1734,283,0,0,0,0,0,1,31.48338302869418,131.081995,,,,,,,,,,,,,206,red,2124,2017,4141
89,,9360385,1,20260819,2155,492,0,0,0,0,0,2425,471,0,0,0,0,0,1,31.46605602866702,131.053459,,,,,,,,,,,,,206,red,2647,2896,5543
89,,9360390,1,20260819,2124,433,0,0,0,0,0,2451,442,0,0,0,0,0,1,31.445310028634466,130.99415,,,,,,,,,,,,,206,red,2557,2893,5450
89,,9360400,1,20260819,3678,794,0,0,0,0,0,3417,771,0,0,0,0,0,1,31.466282028667365,130.90009,,,,,,,,,,,,,206,red,4472,4188,8660
89,,9360410,1,20260819,2975,695,0,0,0,0,0,2916,761,0,0,0,0,0,1,31.521020028753135,130.93081,,,,,,,,,,,,,206,red,3670,3677,7347
89,,9360420,1,20260819,2760,666,0,0,0,0,0,2896,756,0,0,0,0,0,1,31.615248748900434,130.9538662,,,,,,,,,,,,,206,red,3426,3652,7078
89,,9360430,1,20260819,2948,390,0,0,0,0,0,2530,359,0,0,0,0,0,1,32.749633030634584,130.866625,,,,,,,,,,,,,206,red,3338,2889,6227
89,,9360440,1,20260819,3143,367,0,0,0,0,0,2698,287,0,0,0,0,0,1,32.741409030622286,130.89194,,,,,,,,,,,,,206,red,3510,2985,6495
89,,9360443,1,20260819,2861,294,0,0,0,0,0,2502,219,0,0,0,0,0,1,32.73097603060669,130.938429,,,,,,,,,,,,,206,red,3155,2721,5876
89,,9360465,1,20260819,2603,459,0,0,0,0,0,2970,372,0,0,0,0,0,3,32.69277003054952,131.345815,,,,,,,,,,,,,206,red,3062,3342,6404
89,,9360467,1,20260819,2690,488,0,0,0,0,0,3032,439,0,0,0,0,0,3,32.67691003052576,131.36226,,,,,,,,,,,,,206,red,3178,3471,6649
89,,9360470,1,20260819,2615,384,0,0,0,0,0,3076,388,0,0,0,0,0,3,32.587591030391636,131.509484,,,,,,,,,,,,,206,red,2999,3464,6463
90,,10110010,1,20260819,9446,651,0,0,0,0,0,8254,706,0,0,0,3,0,3,26.525846020561954,127.924665,,,,,,,,,,,,,206,red,10097,8960,19057
90,,10110030,1,20260819,24264,1087,0,0,0,0,0,24382,1438,0,0,0,0,0,3,26.27496950463181,127.741287946701,,,,,,,,,,,,,206,red,25351,25820,51171
90,,10110040,1,20260819,5089,244,0,0,0,0,0,5327,312,0,0,0,0,0,3,26.47501802047749,127.955092,,,,,,,,,,,,,206,red,5333,5639,10972
90,,10110060,1,20260819,13327,1347,0,1,0,0,1,12054,1236,0,1,0,0,1,3,26.28023651673024,127.81364321708601,,,,,,,,,,,,,206,red,14674,13290,27964
90,,10110070,1,20260819,12016,997,0,0,0,0,0,12356,968,0,0,0,0,0,3,26.200277295979053,127.66189455985999,,,,,,,,,,,,,206,red,13013,13324,26337
90,,10110090,1,20260819,16450,1405,0,0,0,0,0,17350,1308,0,0,0,0,0,3,26.1754430532393,127.706499695777,,,,,,,,,,,,,206,red,17855,18658,36513
81,02,1810010,1,20260819,5858,1406,0,,,,,3,10,0,,,,,3,41.996809040234545,140.63609,,,0,0,0,0,0,0,0,0,0,0,202,blue,7264,13,7277
81,02,1810020,1,20260819,4070,1096,0,,,,,3803,932,0,,,,,3,42.079752040271956,140.596961,,,0,0,0,0,0,0,0,0,0,0,202,blue,5166,4735,9901
81,02,1810030,1,20260819,,,,,,,,,,,,,,,3,42.18194404031664,140.438889,,,1,0,0,0,0,1,1,0,0,0,202,blue,0,0,0
81,02,1810040,1,20260819,,,,,,,,,,,,,,,3,42.21583304033111,140.385,,,1,0,0,0,0,1,1,0,0,0,202,blue,0,0,0
81,02,1810050,1,20260819,2071,636,0,,,,,1688,699,0,,,,,3,42.29972204036625,140.271667,,,0,0,0,0,0,0,0,0,0,2,202,blue,2707,2387,5094
81,03,1810060,1,20260819,582,115,0,,,,,669,163,0,,,,,3,42.70250004052043,140.42222,,,0,0,0,0,0,1,1,0,0,0,202,blue,697,832,1529
81,03,1810070,1,20260819,1479,157,0,,,,,1354,335,0,,,,,3,42.805277040555936,140.52666,,,0,0,0,0,0,1,1,0,0,0,202,blue,1636,1689,3325
81,03,1810080,1,20260819,730,299,0,,,,,522,188,0,,,,,3,42.79952604055398,140.700552,,,0,0,0,0,0,0,0,0,0,122,202,blue,1029,710,1739
81,03,1810100,1,20260819,2368,611,0,,,,,3099,790,0,,,,,3,43.037777040630445,140.678611,,,0,0,0,0,0,0,0,0,0,0,202,blue,2979,3889,6868
81,03,1810110,1,20260819,5155,493,0,,,,,5482,692,0,,,,,3,43.20720804067966,140.975798,,,0,0,0,0,0,0,0,0,0,0,202,blue,5648,6174,11822
81,03,1810120,1,20260819,10079,833,0,,,,,11232,892,0,,,,,3,43.177556040671355,141.041001,,,0,0,0,0,0,0,0,0,0,0,202,blue,10912,12124,23036
81,02,1810130,1,20260819,8256,638,0,,,,,6094,580,0,,,,,3,41.88166704018098,140.720833,,,0,0,0,0,0,0,0,0,0,0,202,blue,8894,6674,15568
81,02,1810140,1,20260819,4591,425,0,,,,,4643,510,0,,,,,3,41.922053040199984,140.673037,,,0,0,0,0,0,0,0,0,0,0,202,blue,5016,5153,10169
81,01,1810160,1,20260819,1424,293,0,,,,,2386,285,0,,,,,3,43.575214040771755,141.936064,,,0,0,0,0,0,0,0,0,0,0,202,blue,1717,2671,4388
81,04,1810180,1,20260819,4150,747,0,,,,,5713,1598,0,,,,,3,43.75523899023857,142.273832256632,,,0,0,0,0,0,0,0,0,0,0,202,blue,4897,7311,12208
81,01,1810200,1,20260819,,,,,,,,,,,,,,,3,42.92800104059627,141.532244,,,1,0,0,0,0,0,0,0,0,5,202,blue,0,0,0
81,01,1810210,1,20260819,4572,888,0,,,,,2137,496,0,,,,,3,42.86212604057491,141.599922,,,0,0,0,0,0,0,0,0,0,5,202,blue,5460,2633,8093
81,05,1810220,1,20260819,7350,1893,0,,,,,6537,1971,0,,,,,3,42.736385040532305,141.709144,,,0,0,0,0,0,0,0,0,0,4,202,blue,9243,8508,17751
81,05,1810240,1,20260819,4177,677,0,,,,,4623,524,0,,,,,3,42.44474904042452,141.159993,,,0,0,0,0,0,0,0,0,0,1,202,blue,4854,5147,10001
81,05,1810250,1,20260819,8818,477,0,,,,,6374,335,0,,,,,3,42.32896604037825,140.996368,,,0,0,0,0,0,0,0,0,0,0,202,blue,9295,6709,16004
81,02,1810260,1,20260819,1023,279,0,,,,,1513,279,0,,,,,3,42.59861104048294,140.461667,,,0,0,0,0,0,0,0,0,0,0,202,blue,1302,1792,3094
81,05,1810270,1,20260819,1162,373,0,,,,,1303,437,0,,,,,3,42.59319704048096,140.520753,,,0,0,0,0,0,0,0,0,0,0,202,blue,1535,1740,3275
81,05,1810280,1,20260819,1216,375,0,,,,,1323,424,0,,,,,3,42.59372804048115,140.535945,,,0,0,0,0,0,0,0,0,0,0,202,blue,1591,1747,3338
81,05,1810290,1,20260819,92,1,0,,,,,1234,202,0,,,,,3,42.56267604046962,140.742626,,,0,0,0,0,0,0,0,0,0,0,202,blue,93,1436,1529
81,01,1810310,1,20260819,,,,,,,,,,,,,,,3,43.57408404077149,141.983838,,,1,,,,,,,,,,202,blue,0,0,0
81,01,1810320,1,20260819,,,,,,,,,,,,,,,3,43.47080004074768,142.266721,,,1,,,,,,,,,,202,blue,0,0,0
81,04,1810350,1,20260819,681,146,0,,,,,656,136,0,,,,,3,43.197272411385796,142.57548514343702,,,0,0,0,0,0,0,0,0,0,79,202,blue,827,792,1619
81,07,1810360,1,20260819,538,150,0,,,,,572,153,0,,,,,3,43.15712704066555,142.786825,,,0,0,0,0,0,0,0,0,0,13,202,blue,688,725,1413
81,07,1810370,1,20260819,1219,382,0,,,,,1105,275,0,,,,,3,42.814306040558975,143.51125,,,0,0,0,0,0,0,0,0,0,0,202,blue,1601,1380,2981
81,07,1810380,1,20260819,,,,,,,,,,,,,,,3,42.82083104056116,143.71063,,,1,0,0,0,0,0,0,0,0,0,202,blue,0,0,0
81,06,1810390,1,20260819,,,,,,,,,,,,,,,3,42.86448904057567,143.874907,,,1,0,0,0,0,0,0,0,0,0,202,blue,0,0,0
81,06,1810400,1,20260819,,,,,,,,,,,,,,,3,43.00508004062045,144.254672,,,1,0,0,0,0,0,0,0,0,0,202,blue,0,0,0
81,06,1810410,1,20260819,1268,245,0,,,,,2593,371,0,,,,,3,43.0195510406249,144.257695,,,0,0,0,0,0,5,5,0,0,0,202,blue,1513,2964,4477
81,06,1810420,1,20260819,6590,323,0,,,,,6668,284,0,,,,,3,43.00768404062126,144.364725,,,0,0,0,0,0,0,0,0,0,0,202,blue,6913,6952,13865
81,04,1810430,1,20260819,1102,389,0,,,,,902,266,0,,,,,3,43.89533772001418,142.522262332469,,,0,0,0,0,0,0,0,0,0,0,202,blue,1491,1168,2659
81,08,1810460,1,20260819,2317,590,0,,,,,2047,518,0,,,,,3,43.88484504083343,144.001818,,,0,0,0,0,0,0,0,0,0,41,202,blue,2907,2565,5472
81,08,1810480,1,20260819,,,,,,,,,,,,,,,3,43.91366204083846,144.156572,,,1,0,0,0,0,0,0,0,0,34,202,blue,0,0,0
81,04,1810490,1,20260819,,,,,,,,,,,,,,,3,43.84734151228824,142.449476813803,,,1,0,0,0,0,0,0,0,0,11,202,blue,0,0,0
81,04,1810500,1,20260819,1603,412,0,,,,,1466,322,0,,,,,3,44.091634905591874,142.391293207353,,,0,0,0,0,0,0,0,0,0,8,202,blue,2015,1788,3803
81,04,1810510,1,20260819,815,242,0,,,,,733,114,0,,,,,3,44.70483751674948,142.274019195489,,,0,0,0,0,0,0,0,0,0,20,202,blue,1057,847,1904
81,04,1810520,1,20260819,82,27,0,,,,,77,13,0,,,,,3,44.72277804092767,142.249444,,,0,0,0,0,0,0,0,0,0,67,202,blue,109,90,199
81,09,1810530,1,20260819,571,188,0,,,,,566,142,0,,,,,3,44.89642004093388,141.953541,,,0,0,0,0,0,0,0,0,0,7,202,blue,759,708,1467
81,10,1810540,1,20260819,0,0,0,,,,,74,80,0,,,,,3,45.02095404093553,141.771843,,,0,0,0,0,0,0,0,0,0,0,202,blue,0,154,154
81,10,1810550,1,20260819,450,90,0,,,,,558,66,0,,,,,3,45.1450290409348,141.751626,,,0,0,0,0,0,0,0,0,0,10,202,blue,540,624,1164
81,10,1810560,1,20260819,,,,,,,,,,,,,,,3,45.22646604093306,141.745387,,,1,,,,,,,,,,202,blue,0,0,0
81,10,1810570,1,20260819,344,100,0,,,,,410,39,0,,,,,3,45.11301904093522,141.794418,,,0,0,0,0,0,0,0,0,0,0,202,blue,444,449,893
81,06,1810580,1,20260819,6851,274,0,,,,,6765,222,0,,,,,3,42.9878210406151,144.393418,,,0,0,0,0,0,0,0,0,0,0,202,blue,7125,6987,14112
81,06,1810590,1,20260819,,,,,,,,,,,,,,,3,43.05774504063647,144.791279,,,1,0,0,0,0,0,0,0,0,0,202,blue,0,0,0
81,06,1810600,1,20260819,2838,696,0,,,,,2725,415,0,,,,,3,43.05804004063655,144.830749,,,0,0,0,0,0,0,0,0,0,0,202,blue,3534,3140,6674
81,06,1810610,1,20260819,,,,,,,,,,,,,,,3,43.282406040700124,145.50731400000004,,,1,0,0,0,0,0,0,0,0,0,202,blue,0,0,0
81,02,1810620,1,20260819,1167,301,0,,,,,1058,213,0,,,,,3,41.95083004021339,140.45583300000004,,,0,0,0,0,0,0,0,0,0,0,202,blue,1468,1271,2739
81,02,1810630,1,20260819,1336,133,0,,,,,1189,106,0,,,,,3,41.77072204012754,140.613139,,,0,0,0,0,0,0,0,0,0,0,202,blue,1469,1295,2764
81,02,1810640,1,20260819,,,,,,,,,,,,,,,3,41.666445040075686,140.434972,,,1,0,0,0,0,0,0,0,0,0,202,blue,0,0,0
81,02,1810650,1,20260819,2113,376,0,,,,,1899,182,0,,,,,3,41.624898040054596,140.429715,,,0,0,0,0,0,0,0,0,0,1,202,blue,2489,2081,4570
81,02,1810660,1,20260819,855,167,0,,,,,855,194,0,,,,,3,41.49941703998935,140.249306,,,0,0,0,0,0,0,0,0,0,0,202,blue,1022,1049,2071
81,02,1810670,1,20260819,,,,,,,,,,,,,,,3,41.40202103993715,140.185625,,,1,0,0,0,0,0,0,0,0,0,202,blue,0,0,0
81,02,1810680,1,20260819,987,226,0,,,,,1028,166,0,,,,,3,41.43166703995318,140.128056,,,0,0,0,0,0,0,0,0,0,0,202,blue,1213,1194,2407
81,02,1810690,1,20260819,365,57,0,,,,,364,109,0,,,,,3,41.71166704009836,140.027778,,,0,0,0,0,0,0,0,0,0,0,202,blue,422,473,895
81,02,1810700,1,20260819,1581,248,0,,,,,1667,250,0,,,,,3,41.84777804016484,140.12472200000002,,,0,0,0,0,0,0,0,0,0,0,202,blue,1829,1917,3746
81,02,1810710,1,20260819,,,,,,,,,,,,,,,3,41.84277804016245,140.732222,,,1,0,0,0,0,0,0,0,0,0,202,blue,0,0,0
81,02,1810720,1,20260819,,,,,,,,,,,,,,,3,41.83613904015928,140.64875,,,1,0,0,0,0,2,2,0,0,0,202,blue,0,0,0
81,02,1810730,1,20260819,,,,,,,,,,,,,,,3,41.78055604013235,140.61055600000003,,,1,0,0,0,0,0,0,0,0,0,202,blue,0,0,0
81,03,1810750,1,20260819,1728,250,0,,,,,1703,135,0,,,,,3,43.2287050406856,140.73446400000003,,,0,0,0,0,0,0,0,0,0,0,202,blue,1978,1838,3816
81,03,1810760,1,20260819,1119,96,0,,,,,1099,120,0,,,,,3,43.280277040699566,140.6375,,,0,0,0,0,0,0,0,0,0,0,202,blue,1215,1219,2434
81,03,1810780,1,20260819,439,53,0,,,,,427,38,0,,,,,3,43.328914040712355,140.422613,,,0,0,0,0,0,0,0,0,0,0,202,blue,492,465,957
81,03,1810790,1,20260819,57,13,0,,,,,358,37,0,,,,,3,43.19878704067732,140.346959,,,0,0,0,0,0,0,0,0,0,0,202,blue,70,395,465
81,03,1810800,1,20260819,1189,109,0,,,,,1136,166,0,,,,,3,43.04480504063257,140.505833,,,0,0,0,0,0,0,0,0,0,0,202,blue,1298,1302,2600
81,03,1810810,1,20260819,,,,,,,,,,,,,,,3,43.02277704062587,140.548333,,,1,,,,,,,,,,202,blue,0,0,0
81,03,1810820,1,20260819,2552,695,0,,,,,3603,523,0,,,,,3,42.99750304061811,140.538303,,,0,0,0,0,0,0,0,0,0,0,202,blue,3247,4126,7373
81,03,1810830,1,20260819,2372,521,0,,,,,2237,402,0,,,,,3,42.981000040613,140.511333,,,0,0,0,0,0,0,0,0,0,0,202,blue,2893,2639,5532
81,03,1810840,1,20260819,651,298,0,,,,,0,0,0,,,,,3,42.93163404059743,140.409415,,,0,0,0,0,0,0,0,0,0,0,202,blue,949,0,949
81,03,1810850,1,20260819,,,,,,,,,,,,,,,3,42.83094404056455,140.308974,,,1,0,0,0,0,0,0,0,0,0,202,blue,0,0,0
81,03,1810860,1,20260819,,,,,,,,,,,,,,,3,42.818297040560324,140.184051,,,1,0,0,0,0,0,0,0,0,0,202,blue,0,0,0
81,03,1810870,1,20260819,,,,,,,,,,,,,,,3,42.68444404051404,139.919444,,,1,0,0,0,0,0,0,0,0,0,202,blue,0,0,0
81,02,1810880,1,20260819,95,33,0,,,,,89,30,0,,,,,3,42.57583304047453,139.832222,,,0,0,0,0,0,0,0,0,0,0,202,blue,128,119,247
81,02,1810890,1,20260819,197,29,0,,,,,179,32,0,,,,,3,42.17250004031257,139.899444,,,0,0,0,0,0,0,0,0,0,0,202,blue,226,211,437
81,02,1810900,1,20260819,215,26,0,,,,,254,49,0,,,,,3,42.21750004033183,139.868333,,,0,0,0,0,0,0,0,0,0,0,202,blue,241,303,544
81,02,1810910,1,20260819,,,,,,,,,,,,,,,3,42.11918804028937,140.016837,,,1,0,0,0,0,0,0,0,0,0,202,blue,0,0,0
81,02,1810920,1,20260819,1273,70,0,,,,,1189,163,0,,,,,3,41.97324904022374,140.139624,,,0,0,0,0,0,0,0,0,0,0,202,blue,1343,1352,2695
81,01,1810940,1,20260819,,,,,,,,,,,,,,,3,43.001256040619275,141.339621,,,1,0,0,0,0,4,4,0,0,0,202,blue,0,0,0
81,01,1810950,1,20260819,,,,,,,,,,,,,,,3,42.999192040618645,141.337588,,,1,0,0,0,0,4,4,0,0,1,202,blue,0,0,0
81,01,1810960,1,20260819,2582,321,0,,,,,1715,199,0,,,,,3,42.9536270406044,141.151206,,,0,0,0,0,0,4,4,0,0,12,202,blue,2903,1914,4817
81,01,1810970,1,20260819,,,,,,,,,,,,,,,3,42.883263040581824,141.139985,,,1,,,,,,,,,,202,blue,0,0,0
81,03,1810980,1,20260819,504,29,0,,,,,629,76,0,,,,,3,42.69444404051758,140.839722,,,0,0,0,0,0,0,0,0,0,96,202,blue,533,705,1238
81,01,1811010,1,20260819,,,,,,,,,,,,,,,3,43.161847040666906,141.353771,,,1,0,0,0,0,0,0,0,0,23,202,blue,0,0,0
81,01,1811020,1,20260819,,,,,,,,,,,,,,,3,43.183375040672985,141.323859,,,1,0,0,0,0,0,0,0,0,1,202,blue,0,0,0
81,01,1811030,1,20260819,,,,,,,,,,,,,,,3,43.22320404068409,141.345058,,,1,0,0,0,0,0,0,0,0,1,202,blue,0,0,0
81,01,1811040,1,20260819,823,121,0,,,,,724,89,0,,,,,3,43.39904804073019,141.436259,,,0,0,0,0,0,0,0,0,0,7,202,blue,944,813,1757
81,09,1811050,1,20260819,,,,,,,,,,,,,,,3,43.75429004080918,141.350733,,,1,0,0,0,0,0,0,0,0,7,202,blue,0,0,0
81,09,1811060,1,20260819,,,,,,,,,,,,,,,3,44.96648604093511,141.761931,,,1,0,0,0,0,0,0,0,0,6,202,blue,0,0,0
81,09,1811080,1,20260819,,,,,,,,,,,,,,,3,44.80492204093118,141.785854,,,1,0,0,0,0,0,0,0,0,0,202,blue,0,0,0
81,09,1811090,1,20260819,,,,,,,,,,,,,,,3,44.64226604092325,141.79398,,,1,0,0,0,0,0,0,0,0,0,202,blue,0,0,0
81,09,1811110,1,20260819,,,,,,,,,,,,,,,3,44.37405804090138,141.71125400000003,,,1,0,0,0,0,0,0,0,0,17,202,blue,0,0,0
81,09,1811120,1,20260819,552,109,0,,,,,1509,304,0,,,,,3,44.255796040888285,141.656338,,,0,0,0,0,0,0,0,0,0,10,202,blue,661,1813,2474
81,09,1811130,1,20260819,1518,411,0,,,,,1225,275,0,,,,,3,44.07063104086351,141.663029,,,0,0,0,0,0,0,0,0,0,13,202,blue,1929,1500,3429
81,09,1811150,1,20260819,1584,292,0,,,,,1562,385,0,,,,,3,43.94678404084405,141.651833,,,0,0,0,0,0,0,0,0,0,22,202,blue,1876,1947,3823
81,09,1811160,1,20260819,,,,,,,,,,,,,,,3,43.832161040823955,141.829941,,,1,0,0,0,0,0,0,0,0,8,202,blue,0,0,0
81,09,1811170,1,20260819,,,,,,,,,,,,,,,3,43.849231040827085,141.814442,,,1,0,0,0,0,0,0,0,0,2,202,blue,0,0,0
81,09,1811180,1,20260819,255,80,0,,,,,328,98,0,,,,,3,43.874433040831605,141.738524,,,0,0,0,0,0,0,0,0,0,4,202,blue,335,426,761
81,09,1811190,1,20260819,,,,,,,,,,,,,,,3,43.91902504083936,141.685028,,,1,0,0,0,0,0,0,0,0,6,202,blue,0,0,0
81,09,1811200,1,20260819,1461,310,0,,,,,1540,266,0,,,,,3,43.887433040833905,141.711544,,,0,0,0,0,0,0,0,0,0,4,202,blue,1771,1806,3577
81,01,1811210,1,20260819,,,,,,,,,,,,,,,3,43.19164404067532,141.764248,,,1,,,,,,,,,,202,blue,0,0,0
81,01,1811220,1,20260819,853,497,0,,,,,797,379,0,,,,,3,42.898883040586895,141.813884,,,0,0,0,0,0,0,0,0,0,28,202,blue,1350,1176,2526
81,05,1811230,1,20260819,1338,723,0,,,,,1207,817,0,,,,,3,42.885113040582425,141.812065,,,0,0,0,0,0,0,0,0,0,0,202,blue,2061,2024,4085
81,05,1811240,1,20260819,1094,627,0,,,,,1316,809,0,,,,,3,42.76319504054159,141.812586,,,0,0,0,0,0,0,0,0,0,5,202,blue,1721,2125,3846
81,05,1811250,1,20260819,,,,,,,,,,,,,,,3,42.55317704046606,141.981715,,,1,0,0,0,0,0,0,0,0,81,202,blue,0,0,0
81,05,1811260,1,20260819,4328,510,0,,,,,4023,338,0,,,,,3,42.16916704031112,142.768611,,,0,0,0,0,0,0,0,0,0,1,202,blue,4838,4361,9199
81,05,1811270,1,20260819,2457,444,0,,,,,2100,271,0,,,,,3,42.50615204044825,142.070834,,,0,0,0,0,0,0,0,0,0,1,202,blue,2901,2371,5272
81,07,1811280,1,20260819,754,156,0,,,,,169,34,0,,,,,3,42.58422604047764,143.30053,,,0,0,0,0,0,0,0,0,0,0,202,blue,910,203,1113
81,07,1811290,1,20260819,131,64,0,,,,,124,49,0,,,,,3,42.3768230403976,143.061454,,,0,0,0,0,0,41,41,0,0,2,202,blue,195,173,368
81,04,1811320,1,20260819,,,,,,,,,,,,,,,3,43.60527804077837,142.469167,,,1,0,0,0,0,0,0,0,0,11,202,blue,0,0,0
81,04,1811330,1,20260819,3314,608,0,,,,,2973,467,0,,,,,3,43.560996966472565,142.4353437615,,,0,0,0,0,0,0,0,0,0,4,202,blue,3922,3440,7362
81,08,1811370,1,20260819,178,57,0,,,,,155,50,0,,,,,3,44.09975304086775,143.867897,,,0,0,0,0,0,0,0,0,0,134,202,blue,235,205,440
81,08,1811380,1,20260819,637,252,0,,,,,577,217,0,,,,,3,44.12070404087072,143.72058,,,0,0,0,0,0,0,0,0,0,88,202,blue,889,794,1683
81,08,1811390,1,20260819,2379,358,0,,,,,2279,325,0,,,,,3,44.364948040900465,143.334896,,,0,0,0,0,0,0,0,0,0,0,202,blue,2737,2604,5341
81,10,1811400,1,20260819,478,142,0,,,,,429,162,0,,,,,3,44.77764204093013,142.721902,,,0,0,0,0,0,0,0,0,0,10,202,blue,620,591,1211
81,10,1811410,1,20260819,,,,,,,,,,,,,,,3,45.361691040927944,142.122166,,,1,0,0,0,0,0,0,0,0,0,202,blue,0,0,0
81,10,1811420,1,20260819,0,0,0,,,,,1292,253,0,,,,,3,45.43710504092389,141.862347,,,0,0,0,0,0,0,0,0,0,35,202,blue,0,1545,1545
81,08,1811430,1,20260819,322,73,0,,,,,270,73,0,,,,,3,44.40500204090447,143.017708,,,0,0,0,0,0,0,0,0,0,1,202,blue,395,343,738
81,04,1811440,1,20260819,220,79,0,,,,,272,92,0,,,,,3,44.31599186248862,142.78318613417,,,0,0,0,0,0,0,0,0,0,36,202,blue,299,364,663
81,04,1811450,1,20260819,379,111,0,,,,,227,115,0,,,,,3,44.18218514890566,142.3067879962,,,0,0,0,0,0,0,0,0,0,28,202,blue,490,342,832
81,09,1811460,1,20260819,,,,,,,,,,,,,,,3,44.20144804088155,142.034387,,,1,0,0,0,0,0,0,0,0,6,202,blue,0,0,0
81,06,1811490,1,20260819,,,,,,,,,,,,,,,3,43.28312104070033,144.106479,,,1,0,0,0,0,1,1,0,0,0,202,blue,0,0,0
81,06,1811500,1,20260819,342,217,0,,,,,318,146,0,,,,,3,43.45847504074473,144.008366,,,0,0,0,0,0,0,0,0,0,0,202,blue,559,464,1023
81,08,1811520,1,20260819,2033,283,0,,,,,2070,332,0,,,,,3,44.16231304087643,143.57881,,,0,0,0,0,0,0,0,0,0,0,202,blue,2316,2402,4718
81,08,1811530,1,20260819,2006,357,0,,,,,2066,348,0,,,,,3,44.13401504087257,143.561357,,,0,0,0,0,0,0,0,0,0,0,202,blue,2363,2414,4777
81,08,1811540,1,20260819,,,,,,,,,,,,,,,3,43.81153304082013,143.553741,,,1,0,0,0,0,0,0,0,0,49,202,blue,0,0,0
81,07,1811550,1,20260819,51,12,0,,,,,58,24,0,,,,,3,43.614803040780444,143.623559,,,1,0,0,0,0,0,0,0,0,0,202,blue,63,82,145
81,07,1811560,1,20260819,1277,289,0,,,,,1608,400,0,,,,,3,42.950446040603396,143.426823,,,0,0,0,0,0,0,0,0,0,0,202,blue,1566,2008,3574
81,07,1811570,1,20260819,303,28,0,,,,,3894,471,0,,,,,3,42.91920004059345,143.382799,,,0,0,0,0,0,0,0,0,0,0,202,blue,331,4365,4696
81,06,1811580,1,20260819,0,3,0,,,,,473,107,0,,,,,3,43.65168204078832,144.260814,,,0,0,0,0,0,1,1,0,0,0,202,blue,3,580,583
81,06,1811590,1,20260819,667,150,0,,,,,642,168,0,,,,,3,43.48222204075039,144.542778,,,0,0,0,0,0,2,2,0,0,0,202,blue,817,810,1627
81,06,1811600,1,20260819,420,107,0,,,,,452,125,0,,,,,3,43.415912040734376,144.740463,,,0,0,0,0,0,2,2,0,0,0,202,blue,527,577,1104
81,08,1811610,1,20260819,2263,350,0,,,,,2106,252,0,,,,,3,43.96614504084723,144.326697,,,0,0,0,0,0,0,0,0,0,0,202,blue,2613,2358,4971
81,08,1811620,1,20260819,1112,188,0,,,,,1131,197,0,,,,,3,43.91012304083783,144.542023,,,0,0,0,0,0,0,0,0,0,0,202,blue,1300,1328,2628
81,08,1811630,1,20260819,,,,,,,,,,,,,,,3,43.888827040834144,144.736391,,,1,0,0,0,0,0,0,0,0,47,202,blue,0,0,0
81,06,1811640,1,20260819,194,103,0,,,,,229,102,0,,,,,3,43.73179504080475,144.960789,,,0,0,0,0,0,0,0,0,0,0,202,blue,297,331,628
81,06,1811650,1,20260819,183,36,0,,,,,182,39,0,,,,,3,43.69435704079721,145.112266,,,0,0,0,0,0,0,0,0,0,0,202,blue,219,221,440
81,06,1811660,1,20260819,,,,,,,,,,,,,,,3,43.37687304072465,145.283748,,,1,0,0,0,0,0,0,0,0,0,202,blue,0,0,0
81,06,1811670,1,20260819,1082,391,0,,,,,1032,287,0,,,,,3,43.225599040684756,144.69552000000002,,,0,0,0,0,0,0,0,0,0,0,202,blue,1473,1319,2792
81,06,1811680,1,20260819,860,293,0,,,,,877,216,0,,,,,3,43.384169040726476,144.866826,,,0,0,0,0,0,0,0,0,0,0,202,blue,1153,1093,2246
81,06,1811690,1,20260819,,,,,,,,,,,,,,,3,43.60985404077937,145.077277,,,1,0,0,0,0,0,0,0,0,0,202,blue,0,0,0
81,07,1811700,1,20260819,382,80,0,,,,,320,73,0,,,,,3,43.353586040718724,143.261308,,,0,0,0,0,0,0,0,0,0,0,202,blue,462,393,855
81,07,1811710,1,20260819,153,50,0,,,,,160,45,0,,,,,3,43.571286040770886,143.120781,,,0,0,0,0,0,0,0,0,0,40,202,blue,203,205,408
81,04,1811730,1,20260819,207,101,0,,,,,189,40,0,,,,,3,43.909246029716684,142.97348513542,,,0,0,0,0,0,0,0,0,0,6,202,blue,308,229,537
81,04,1811740,1,20260819,147,75,0,,,,,127,35,0,,,,,3,43.9388162846136,142.945802727953,,,0,0,0,0,0,0,0,0,0,63,202,blue,222,162,384
81,01,1811750,1,20260819,2822,1009,0,,,,,1898,821,0,,,,,3,42.98946404061562,141.609539,,,0,0,0,0,0,0,0,0,0,4,202,blue,3831,2719,6550
81,01,1811760,1,20260819,1278,424,0,,,,,1047,342,0,,,,,3,42.94269504060095,141.76061,,,0,0,0,0,0,0,0,0,0,3,202,blue,1702,1389,3091
81,01,1811770,1,20260819,929,376,0,,,,,816,346,0,,,,,3,42.950353040603375,141.802672,,,0,0,0,0,0,0,0,0,0,1,202,blue,1305,1162,2467
81,01,1811780,1,20260819,,,,,,,,,,,,,,,3,42.91325204059154,141.966963,,,1,0,0,0,0,0,0,0,0,1,202,blue,0,0,0
81,01,1811790,1,20260819,,,,,,,,,,,,,,,3,42.92852504059643,142.063994,,,1,0,0,0,0,0,0,0,0,0,202,blue,0,0,0
81,05,1811800,1,20260819,101,87,0,,,,,856,996,0,,,,,3,42.9641030406077,142.63981100000004,,,0,0,0,0,0,0,0,0,0,0,202,blue,188,1852,2040
81,01,1811810,1,20260819,2398,799,0,,,,,2022,629,0,,,,,3,43.18243804067272,141.523454,,,0,0,0,0,0,0,0,0,0,34,202,blue,3197,2651,5848
81,01,1811830,1,20260819,776,249,0,,,,,860,170,0,,,,,3,43.54600104076516,141.884426,,,0,0,0,0,0,0,0,0,0,4,202,blue,1025,1030,2055
81,01,1811840,1,20260819,566,156,0,,,,,537,90,0,,,,,3,43.71586004080156,141.885874,,,0,0,0,0,0,0,0,0,0,10,202,blue,722,627,1349
81,01,1811850,1,20260819,176,39,0,,,,,169,33,0,,,,,3,43.76892104081203,141.884179,,,0,0,0,0,0,0,0,0,0,19,202,blue,215,202,417
81,01,1811860,1,20260819,301,41,0,,,,,267,39,0,,,,,3,43.80589304081908,141.905599,,,0,0,0,0,0,0,0,0,0,0,202,blue,342,306,648
81,01,1811870,1,20260819,129,51,0,,,,,107,32,0,,,,,3,43.917356040839074,142.125632,,,0,0,0,0,0,0,0,0,0,18,202,blue,180,139,319
81,04,1811880,1,20260819,199,50,0,,,,,193,26,0,,,,,3,44.74113379582216,142.253439072174,,,0,0,0,0,0,0,0,0,0,87,202,blue,249,219,468
81,10,1811890,1,20260819,297,83,0,,,,,282,48,0,,,,,3,44.820303040931734,142.284138,,,0,0,0,0,0,0,0,0,0,0,202,blue,380,330,710
81,10,1811900,1,20260819,184,69,0,,,,,198,52,0,,,,,3,45.044884040935564,142.315271,,,0,0,0,0,0,0,0,0,0,72,202,blue,253,250,503
81,10,1811910,1,20260819,299,72,0,,,,,292,82,0,,,,,3,45.10820204093526,142.363773,,,0,0,0,0,0,0,0,0,0,72,202,blue,371,374,745
81,03,1811920,1,20260819,1101,395,0,,,,,1073,486,0,,,,,3,42.98635304061466,140.606197,,,0,0,0,0,0,0,0,0,0,0,202,blue,1496,1559,3055
81,03,1811930,1,20260819,450,132,0,,,,,523,180,0,,,,,3,42.88083304058103,140.878055,,,0,0,0,0,0,0,0,0,0,88,202,blue,582,703,1285
81,03,1811940,1,20260819,590,195,0,,,,,530,279,0,,,,,3,42.80440904055563,140.891961,,,0,0,0,0,0,0,0,0,0,29,202,blue,785,809,1594
81,03,1811950,1,20260819,305,180,0,,,,,288,85,0,,,,,3,42.75773904053971,141.013347,,,0,0,0,0,0,0,0,0,0,69,202,blue,485,373,858
81,01,1811980,1,20260819,,,,,,,,,,,,,,,3,42.71955604052643,141.252074,,,1,0,0,0,0,0,0,0,0,8,202,blue,0,0,0
81,01,1811990,1,20260819,793,262,0,,,,,1026,357,0,,,,,3,42.74221004053433,141.402953,,,0,0,0,0,0,0,0,0,0,6,202,blue,1055,1383,2438
81,02,1812000,1,20260819,,,,,,,,,,,,,,,3,42.1695560403113,140.052167,,,1,0,0,0,0,1,1,0,0,0,202,blue,0,0,0
81,02,1812010,1,20260819,1860,218,0,,,,,1983,277,0,,,,,3,41.76194404012323,140.856944,,,0,0,0,0,0,0,0,0,0,0,202,blue,2078,2260,4338
81,02,1812020,1,20260819,,,,,,,,,,,,,,,3,41.714722040099886,140.9975,,,1,0,0,0,0,0,0,0,0,0,202,blue,0,0,0
81,02,1812030,1,20260819,201,21,0,,,,,226,34,0,,,,,3,41.87888904017965,141.092222,,,0,0,0,0,0,0,0,0,0,0,202,blue,222,260,482
81,02,1812040,1,20260819,560,162,0,,,,,612,70,0,,,,,3,41.9566670402161,140.928611,,,0,0,0,0,0,0,0,0,0,0,202,blue,722,682,1404
81,02,1812050,1,20260819,378,82,0,,,,,449,58,0,,,,,3,42.013056040241956,140.853611,,,0,0,0,0,0,0,0,0,0,0,202,blue,460,507,967
81,02,1812060,1,20260819,46,7,0,,,,,89,1,0,,,,,3,42.042500040255284,140.813056,,,0,0,0,0,0,0,0,0,0,0,202,blue,53,90,143
81,02,1812070,1,20260819,549,132,0,,,,,540,183,0,,,,,3,42.12805604029326,140.711389,,,0,0,0,0,0,0,0,0,0,1,202,blue,681,723,1404
81,02,1812080,1,20260819,1538,218,0,,,,,1512,204,0,,,,,3,42.118611040289125,140.632778,,,0,0,0,0,0,0,0,0,0,0,202,blue,1756,1716,3472
81,06,1812090,1,20260819,18,6,0,,,,,1238,213,0,,,,,3,43.89994004083609,145.099582,,,0,0,0,0,0,0,0,0,0,0,202,blue,24,1451,1475
81,05,1812130,1,20260819,309,66,0,,,,,272,96,0,,,,,3,42.02778604024864,143.231184,,,0,0,0,0,0,0,0,0,0,2,202,blue,375,368,743
81,07,1812150,1,20260819,264,22,0,,,,,261,41,0,,,,,3,42.16205004030805,143.324722,,,0,0,0,0,0,0,0,0,0,0,202,blue,286,302,588
81,07,1812160,1,20260819,655,55,0,,,,,692,130,0,,,,,3,42.28181504035883,143.31818,,,0,0,0,0,0,0,0,0,0,1,202,blue,710,822,1532
81,07,1812170,1,20260819,1096,245,0,,,,,967,228,0,,,,,3,42.31167504037117,143.321422,,,0,0,0,0,0,54,54,0,0,2,202,blue,1341,1195,2536
81,07,1812180,1,20260819,126,62,0,,,,,159,67,0,,,,,3,42.68446104051403,143.603341,,,0,0,0,0,0,0,0,0,0,0,202,blue,188,226,414
81,07,1812190,1,20260819,200,82,0,,,,,145,82,0,,,,,3,42.69525004051786,143.616062,,,0,0,0,0,0,0,0,0,0,0,202,blue,282,227,509
81,07,1812200,1,20260819,127,73,0,,,,,161,82,0,,,,,3,42.74125304053399,143.631419,,,0,0,0,0,0,0,0,0,0,0,202,blue,200,243,443
81,01,1812210,1,20260819,337,29,0,,,,,270,39,0,,,,,3,42.85600604057288,141.704289,,,0,0,0,0,0,0,0,0,0,27,202,blue,366,309,675
81,01,1812220,1,20260819,,,,,,,,,,,,,,,3,42.969962040609545,141.672998,,,1,0,0,0,0,0,0,0,0,2,202,blue,0,0,0
81,01,1812230,1,20260819,,,,,,,,,,,,,,,3,43.02096904062534,141.663755,,,1,0,0,0,0,0,0,0,0,0,202,blue,0,0,0
81,03,1812240,1,20260819,4941,1890,0,,,,,4716,1521,0,,,,,3,43.14450004066195,141.187805,,,0,0,0,0,0,0,0,0,0,0,202,blue,6831,6237,13068
81,06,1812250,1,20260819,414,87,0,,,,,309,79,0,,,,,3,43.68733204079576,144.466438,,,0,0,0,0,0,2,2,0,0,0,202,blue,501,388,889
81,03,1812260,1,20260819,1073,227,0,,,,,663,139,0,,,,,3,42.99111104061613,140.875833,,,0,0,0,0,0,0,0,0,0,0,202,blue,1300,802,2102
81,04,1812290,1,20260819,2064,549,0,,,,,1735,335,0,,,,,3,43.85258742603739,142.702731203374,,,0,0,0,0,0,7,7,0,0,7,202,blue,2613,2070,4683
81,01,1812300,1,20260819,0,0,0,,,,,336,35,0,,,,,3,43.578650040772516,141.414894,,,0,0,0,0,0,0,0,0,0,1,202,blue,0,371,371
81,01,1812310,1,20260819,44,9,0,,,,,60,9,0,,,,,3,43.548241040765674,141.621516,,,0,0,0,0,0,0,0,0,0,11,202,blue,53,69,122
81,01,1812320,1,20260819,47,10,0,,,,,63,12,0,,,,,3,43.542762040764444,141.638006,,,0,0,0,0,0,0,0,0,0,0,202,blue,57,75,132
81,01,1812330,1,20260819,1916,125,0,,,,,2030,104,0,,,,,3,43.55901004076813,141.903362,,,0,0,0,0,0,0,0,0,0,23,202,blue,2041,2134,4175
81,01,1812340,1,20260819,435,63,0,,,,,363,26,0,,,,,3,42.995832040617586,142.00991,,,0,0,0,0,0,0,0,0,0,3,202,blue,498,389,887
81,01,1812350,1,20260819,6239,283,0,,,,,6574,346,0,,,,,3,42.979904040612645,141.346302,,,0,0,0,0,0,0,0,0,0,3,202,blue,6522,6920,13442
81,01,1812370,1,20260819,411,20,0,,,,,416,24,0,,,,,3,42.83639604056636,141.300884,,,0,0,0,0,0,0,0,0,0,8,202,blue,431,440,871
81,01,1812380,1,20260819,656,20,0,,,,,662,23,0,,,,,3,42.80255304055502,141.327921,,,0,0,0,0,0,0,0,0,0,5,202,blue,676,685,1361
82,,2810180,1,20260819,664,159,0,,,,,141,50,0,,,,,3,38.89166803813703,141.115835,,,1,,,,0,,,,,,207,blue,823,191,1014
82,,2810190,1,20260819,559,40,0,,,,,204,57,0,,,,,3,39.03166703825964,141.1175,,,1,,,,0,,,,,,207,blue,599,261,860
82,,2810200,1,20260819,205,16,0,,,,,590,94,0,,,,,3,39.0450020382712,141.129544,,,1,,,,0,,,,,,207,blue,221,684,905
82,,2810220,1,20260819,7084,1396,0,,,,,7420,1239,0,,,,,3,39.29444503848296,141.105556,,,0,,,,0,,,,,,207,blue,8480,8659,17139
82,,2810230,1,20260819,0,0,0,,,,,0,0,0,,,,,3,39.344446038524424,141.106946,,,1,,,,0,,,,,,207,blue,0,0,0
82,,2810240,1,20260819,106,119,0,,,,,140,207,0,,,,,3,39.651946038772245,141.164724,,,1,,,,0,,,,,,207,blue,225,347,572
82,,2810250,1,20260819,73,27,0,,,,,80,10,0,,,,,3,39.888889038954595,141.19528,,,1,,,,0,,,,,,207,blue,100,90,190
82,,2810270,1,20260819,16,7,0,,,,,0,0,0,,,,,3,40.27277803923393,141.293058,,,1,,,,0,,,,,,207,blue,23,0,23
82,,2810280,1,20260819,1026,242,0,,,,,1230,267,0,,,,,3,40.41445803933193,141.298913,,,1,,,,0,,,,,,207,blue,1268,1497,2765
82,,2810290,1,20260819,4033,757,0,,,,,3671,586,0,,,,,3,40.718083039532594,141.156692,,,0,,,,0,,,,,,207,blue,4790,4257,9047
82,,2810300,1,20260819,1688,337,0,,,,,2029,382,0,,,,,3,40.907508039651255,141.061111,,,1,,,,0,,,,,,207,blue,2025,2411,4436
82,,2810310,1,20260819,1610,443,0,,,,,1557,346,0,,,,,3,40.8547220396187,140.839178,,,1,,,,0,,,,,,207,blue,2053,1903,3956
82,,2810400,1,20260819,2574,385,0,,,,,2014,378,0,,,,,3,39.26847903846129,139.923131,,,0,,,,0,,,,,,207,blue,2959,2392,5351
82,,2810430,1,20260819,1220,285,0,,,,,1365,262,0,,,,,3,39.976642039020206,140.07770900000003,,,1,,,,0,,,,,,207,blue,1505,1627,3132
82,,2810450,1,20260819,,,,,,,,,,,,,,,3,40.278639039238044,140.449111,,,1,,,,0,,,,,,207,blue,0,0,0
82,,2810460,1,20260819,628,66,0,,,,,456,28,0,,,,,3,40.275306039235716,140.516861,,,1,,,,0,,,,,,207,blue,694,484,1178
82,,2810470,1,20260819,2158,566,0,,,,,2257,732,0,,,,,3,40.317917039265446,140.578139,,,0,,,,0,,,,,,207,blue,2724,2989,5713
82,,2810480,1,20260819,554,67,0,,,,,707,98,0,,,,,3,40.577502039441285,140.518889,,,1,,,,0,,,,,,207,blue,621,805,1426
82,,2810490,1,20260819,1394,106,0,,,,,1153,128,0,,,,,3,40.711137039528154,140.580013,,,1,,,,0,,,,,,207,blue,1500,1281,2781
82,,2810580,1,20260819,6274,1237,0,,,,,5577,901,0,,,,,3,39.260555038454655,140.543611,,,0,,,,0,,,,,,207,blue,7511,6478,13989
82,,2810590,1,20260819,4490,1306,0,,,,,5332,567,0,,,,,3,39.44138803860391,140.505,,,0,,,,0,,,,,,207,blue,5796,5899,11695
82,,2810600,1,20260819,3647,836,0,,,,,3829,567,0,,,,,3,39.51138803866052,140.380833,,,0,,,,0,,,,,,207,blue,4483,4396,8879
82,,2810610,1,20260819,3758,857,0,,,,,3564,884,0,,,,,3,39.63750003876089,140.300833,,,1,,,,0,,,,,,207,blue,4615,4448,9063
82,,2810620,1,20260819,8589,1343,0,,,,,6925,1745,0,,,,,3,39.67388903878944,140.152222,,,1,,,,0,,,,,,207,blue,9932,8670,18602
82,,2810630,1,20260819,14387,1668,0,,,,,12165,2173,0,,,,,3,39.69425003880535,140.122194,,,0,,,,0,,,,,,207,blue,16055,14338,30393
82,,2810960,1,20260819,136,3,0,,,,,5,0,0,,,,,3,40.26398203922775,141.40187,,,1,,,,0,,,,,,207,blue,139,5,144
82,,2810970,1,20260819,61,2,0,,,,,62,12,0,,,,,3,40.4453010393529,141.638612,,,1,,,,0,,,,,,207,blue,63,74,137
82,,2810980,1,20260819,0,0,0,,,,,144,50,0,,,,,3,40.30396403925574,141.3059,,,1,,,,0,,,,,,207,blue,0,194,194
82,,2810990,1,20260819,3940,671,0,,,,,3354,561,0,,,,,3,40.60361303945845,141.404748,,,0,,,,0,,,,,,207,blue,4611,3915,8526
82,,2811030,1,20260819,1256,301,0,,,,,1116,376,0,,,,,3,39.608922038738314,140.57135,,,0,,,,0,,,,,,207,blue,1557,1492,3049
83,,3810010,1,20260819,,,,,,,,,,,,,,,3,35.23222203411103,139.112514,,,1,,,,,,,,,,207,blue,0,0,0
83,,3810040,1,20260819,12983,784,0,,,,,1653,120,0,,,,,3,35.26450803415279,139.182925,,,0,0,0,0,0,0,0,0,0,0,207,blue,13767,1773,15540
83,,3810050,1,20260819,17178,2081,0,,,,,,,,,,,,3,35.71158901450833,139.777491746321,,,0,0,0,0,0,0,0,0,0,0,207,blue,19259,0,19259
83,,3810060,1,20260819,11118,1845,0,,,,,9525,1709,0,,,,,3,35.725261072361086,139.78833095668,,,0,0,0,0,0,0,0,0,0,0,207,blue,12963,11234,24197
83,,3810061,1,20260819,11561,1960,0,,,,,10165,2065,0,,,,,3,35.72724220226666,139.789181219765,,,0,0,0,0,0,0,0,0,0,0,207,blue,13521,12230,25751
83,,3810070,1,20260819,11184,2056,0,,,,,5951,1026,0,,,,,3,35.735055772282294,139.795343463609,,,0,0,0,0,0,0,0,0,0,0,207,blue,13240,6977,20217
83,,3810080,1,20260819,0,0,0,,,,,13724,2531,0,,,,,3,35.73896290498206,139.797270681572,,,0,0,0,0,0,0,0,0,0,0,207,blue,0,16255,16255
83,,3810100,1,20260819,2970,157,0,,,,,4305,246,0,,,,,3,36.53972203571964,139.883611,,,0,0,0,0,0,0,0,0,0,0,207,blue,3127,4551,7678
83,,3810110,1,20260819,6822,1568,0,,,,,6613,1593,0,,,,,3,36.91694403615054,139.999722,,,0,0,0,0,0,0,0,0,0,0,207,blue,8390,8206,16596
83,,3810140,1,20260819,6680,3695,0,,,,,5488,3364,0,,,,,3,35.9900520350645,139.793529,,,0,0,0,0,0,0,0,0,0,0,207,blue,10375,8852,19227
83,,3810151,1,20260819,4129,4014,0,,,,,5072,4761,0,,,,,3,36.07984803517367,139.770041,,,0,0,0,0,0,0,0,0,0,0,207,blue,8143,9833,17976
83,,3810160,1,20260819,6543,4266,0,,,,,8726,6135,0,,,,,3,36.167500035279446,139.779444,,,0,0,0,0,0,0,0,0,0,0,207,blue,10809,14861,25670
83,,3810180,1,20260819,4068,2754,0,,,,,11270,5615,0,,,,,3,36.296506035433666,139.841547,,,0,0,0,0,0,0,0,0,0,0,207,blue,6822,16885,23707
83,,3810200,1,20260819,734,151,0,,,,,20130,5957,0,,,,,3,36.57174703575683,139.941692,,,0,0,0,0,0,0,0,0,0,0,207,blue,885,26087,26972
83,,3810210,1,20260819,17472,965,0,,,,,7,0,0,,,,,3,35.694558518577544,139.78420024258003,,,0,0,0,0,0,0,0,0,0,0,207,blue,18437,7,18444
83,,3810220,1,20260819,13402,2236,0,,,,,7548,923,0,,,,,3,35.73416286894769,139.831977693081,,,0,0,0,0,0,0,0,0,0,0,207,blue,15638,8471,24109
83,,3810230,1,20260819,2329,131,0,,,,,4476,736,0,,,,,3,35.735319871891136,139.833592336398,,,0,0,0,0,0,0,0,0,0,0,207,blue,2460,5212,7672
83,,3810260,1,20260819,,,,,,,,,,,,,,,3,35.83796603487771,139.939917,,,1,,,,,,,,,,207,blue,0,0,0
83,,3810280,1,20260819,,,,,,,,,,,,,,,3,35.895306034948405,140.059167,,,1,0,0,0,0,0,0,0,0,0,207,blue,0,0,0
83,,3810290,1,20260819,3658,933,0,,,,,9454,2561,0,,,,,3,36.06811403515946,140.179269,,,0,0,0,0,0,0,0,0,0,0,207,blue,4591,12015,16606
83,,3810300,1,20260819,6665,2116,0,,,,,7852,1253,0,,,,,3,36.078239035171734,140.177747,,,0,0,0,0,0,0,0,0,0,0,207,blue,8781,9105,17886
83,,3810320,1,20260819,1620,228,0,,,,,9998,2886,0,,,,,3,36.378875035531216,140.500661,,,0,0,0,0,0,0,0,0,0,0,207,blue,1848,12884,14732
83,,3810330,1,20260819,2787,647,0,,,,,11673,1557,0,,,,,3,36.655972035854084,140.701006,,,0,0,0,0,0,0,0,0,0,0,207,blue,3434,13230,16664
83,,3810340,1,20260819,4758,1145,0,,,,,4524,853,0,,,,,3,36.794736036012644,140.752922,,,0,0,0,0,0,0,0,0,0,0,207,blue,5903,5377,11280
83,,3810350,1,20260819,11680,2811,0,,,,,59,32,0,,,,,3,35.92645303498668,140.111775,,,0,0,0,0,0,0,0,0,0,0,207,blue,14491,91,14582
83,,3810360,1,20260819,,,,,,,,,,,,,,,3,35.694040942069805,139.789910543304,,,1,0,0,0,0,0,49,0,0,2,207,blue,0,0,0
83,,3810370,1,20260819,,,,,,,,,,,,,,,3,35.702867388707524,139.866257828687,,,1,0,0,0,0,0,0,0,0,0,207,blue,0,0,0
83,,3810380,1,20260819,,,,,,,,,,,,,,,3,35.628891034617155,140.088076,,,1,,,,,,,,,,207,blue,0,0,0
83,,3810390,1,20260819,,,,,,,,,,,,,,,3,35.62349099143046,139.737976826575,,,1,,,,,,,,,,207,blue,0,0,0
83,,3810400,1,20260819,4395,233,0,,,,,5119,182,0,,,,,3,35.263900034152,139.698397,,,0,0,0,0,0,0,0,0,0,0,207,blue,4628,5301,9929
83,,3810410,1,20260819,6423,1126,0,,,,,6807,1422,0,,,,,3,35.62304903460981,139.340292,,,0,0,0,0,0,0,0,0,0,0,207,blue,7549,8229,15778
83,,3810420,1,20260819,8849,944,0,,,,,8515,1410,0,,,,,3,35.67571003467587,139.331954,,,0,0,0,0,0,0,0,0,0,0,207,blue,9793,9925,19718
83,,3810431,1,20260819,7728,3276,0,,,,,7769,3960,0,,,,,3,35.77594403480087,139.336731,,,0,0,0,0,0,0,0,0,0,0,207,blue,11004,11729,22733
83,,3810440,1,20260819,,,,,,,,,,,,,,,3,35.82933103486704,139.380426,,,1,0,0,0,0,0,0,0,0,0,207,blue,0,0,0
83,,3810460,1,20260819,13874,3050,0,,,,,13393,3391,0,,,,,3,35.91289603497003,139.534764,,,0,0,0,0,0,0,0,0,0,0,207,blue,16924,16784,33708
83,,3810470,1,20260819,,,,,,,,8831,2779,0,,,,,3,35.92749603498795,139.591065,,,0,0,0,0,0,0,2,0,0,0,207,blue,0,11610,11610
83,,3810490,1,20260819,,,,,,,,,,,,,,,3,35.992460035067445,139.820467,,,1,,,,,,,,,,207,blue,0,0,0
83,,3810500,1,20260819,4003,854,0,,,,,6754,2064,0,,,,,3,35.79376864024429,139.685717006056,,,0,0,0,0,0,0,0,0,0,0,207,blue,4857,8818,13675
83,,3810510,1,20260819,4132,1078,0,,,,,4532,1310,0,,,,,3,35.8210620348568,139.680963,,,0,0,0,0,0,0,0,0,0,0,207,blue,5210,5842,11052
83,,3810520,1,20260819,14042,2809,0,,,,,14636,2848,0,,,,,3,35.97632603504774,139.594106,,,0,0,0,0,0,0,0,0,0,0,207,blue,16851,17484,34335
83,,3810540,1,20260819,7310,1621,0,,,,,7311,1570,0,,,,,3,36.230692035355204,139.2134,,,0,0,0,0,0,0,2,0,0,0,207,blue,8931,8881,17812
83,,3810560,1,20260819,13583,1754,0,,,,,13603,1313,0,,,,,3,36.31113903545105,139.02725,,,0,0,0,0,0,0,0,0,0,0,207,blue,15337,14916,30253
83,,3810600,1,20260819,2192,257,0,,,,,2240,457,0,,,,,3,36.68205603588405,138.968889,,,0,0,0,0,0,0,0,0,0,0,207,blue,2449,2697,5146
83,,3810610,1,20260819,14510,3861,0,,,,,,,,,,,,3,35.84803703489016,139.625615,,,0,0,0,0,0,0,2,0,0,0,207,blue,18371,0,18371
83,,3810620,1,20260819,,,,,,,,15235,4027,0,,,,,3,35.84444303488572,139.626759,,,0,0,0,0,0,0,2,0,0,0,207,blue,0,19262,19262
83,,3810670,1,20260819,11829,3294,0,,,,,12877,3597,0,,,,,3,36.35330303550101,139.215067,,,0,0,0,0,0,0,0,0,0,0,207,blue,15123,16474,31597
83,,3810710,1,20260819,5140,697,0,,,,,6028,695,0,,,,,3,36.33250003547639,138.5235,,,0,0,0,0,0,1,0,0,0,0,207,blue,5837,6723,12560
83,,3810720,1,20260819,6087,1083,0,,,,,6714,952,0,,,,,3,36.49438903566681,138.150722,,,0,0,0,0,0,0,10,0,0,0,207,blue,7170,7666,14836
83,,3810740,1,20260819,9978,1049,0,,,,,8215,805,0,,,,,3,36.65492503585288,138.23375,,,0,0,0,0,0,0,0,0,0,0,207,blue,11027,9020,20047
83,,3810750,1,20260819,8762,831,0,,,,,3611,610,0,,,,,3,36.695139035899054,138.26925,,,0,0,0,0,0,0,0,0,0,0,207,blue,9593,4221,13814
83,,3810760,1,20260819,5956,933,0,,,,,6227,967,0,,,,,3,36.717694035924886,138.298306,,,0,0,0,0,0,0,3,0,0,0,207,blue,6889,7194,14083
83,,3810770,1,20260819,2336,549,0,,,,,2336,400,0,,,,,3,36.75032203596213,138.212264,,,0,0,0,0,0,0,0,0,0,0,207,blue,2885,2736,5621
83,,3810780,1,20260819,2631,377,0,,,,,2416,504,0,,,,,3,36.792972036010646,138.219778,,,0,0,0,0,0,0,0,0,0,0,207,blue,3008,2920,5928
83,,3810790,1,20260819,5141,650,0,,,,,4549,738,0,,,,,3,36.406417035563685,138.204417,,,0,0,0,0,0,0,4,0,0,0,207,blue,5791,5287,11078
83,,3810800,1,20260819,668,65,0,,,,,698,47,0,,,,,3,36.82044403604179,138.192306,,,0,0,0,0,0,0,1,0,0,0,207,blue,733,745,1478
83,,3810810,1,20260819,2225,250,0,,,,,1958,298,0,,,,,3,36.8368890360604,138.205542,,,0,0,0,0,0,0,0,0,0,0,207,blue,2475,2256,4731
83,,3810820,1,20260819,1821,164,0,,,,,1877,313,0,,,,,3,36.513833035689494,138.094389,,,0,0,0,0,0,2,3,0,0,0,207,blue,1985,2190,4175
83,,3810821,1,20260819,2231,314,0,,,,,2281,217,0,,,,,3,36.52786103570584,138.096722,,,0,0,0,0,0,2,2,0,0,0,207,blue,2545,2498,5043
83,,3810830,1,20260819,7919,653,0,,,,,4436,375,0,,,,,3,36.23586103536139,137.9565,,,0,0,0,0,0,2,4,0,0,0,207,blue,8572,4811,13383
83,,3810840,1,20260819,1850,552,0,,,,,2054,327,0,,,,,3,36.38313903553625,137.925722,,,0,0,0,0,0,2,5,0,0,0,207,blue,2402,2381,4783
83,,3810850,1,20260819,1299,317,0,,,,,1159,206,0,,,,,3,36.4623860356294,137.946275,,,0,0,0,0,0,2,2,0,0,0,207,blue,1616,1365,2981
83,,3810860,1,20260819,2507,475,0,,,,,2649,273,0,,,,,3,36.5884720357762,138.050889,,,0,0,0,0,0,0,7,0,0,0,207,blue,2982,2922,5904
83,,3810870,1,20260819,5731,608,0,,,,,6246,621,0,,,,,3,36.61469403580651,138.085167,,,0,0,0,0,0,0,0,0,0,0,207,blue,6339,6867,13206
83,,3810880,1,20260819,5161,1089,0,,,,,6030,866,0,,,,,3,36.615111035807,138.086528,,,0,0,0,0,0,0,1,0,0,0,207,blue,6250,6896,13146
83,,3810900,1,20260819,3301,194,0,,,,,3238,328,0,,,,,3,36.62808303582196,138.153194,,,0,0,0,0,0,0,0,0,0,0,207,blue,3495,3566,7061
83,,3810910,1,20260819,9212,470,0,,,,,10865,297,0,,,,,3,36.64626403584291,138.18197200000003,,,0,0,0,0,0,0,0,0,0,0,207,blue,9682,11162,20844
83,,3810920,1,20260819,5812,456,0,,,,,6133,250,0,,,,,3,36.648972035846036,138.193972,,,0,0,0,0,0,0,0,0,0,0,207,blue,6268,6383,12651
83,,3810930,1,20260819,3122,852,0,,,,,3635,696,0,,,,,3,36.616944035809105,138.133611,,,0,0,0,0,0,0,0,0,0,0,207,blue,3974,4331,8305
83,,3810950,1,20260819,,,,,,,,,,,,,,,3,35.67318837384892,139.663841176629,,,0,0,0,0,0,0,0,207,0,0,207,blue,0,0,0
83,,3810970,1,20260819,2655,224,0,,,,,1761,148,0,,,,,3,35.61726703460252,139.240054,,,0,0,0,0,0,0,0,0,0,0,207,blue,2879,1909,4788
83,,3810980,1,20260819,3084,457,0,,,,,2341,381,0,,,,,3,35.62000003460596,139.1275,,,0,0,0,0,0,0,0,0,0,0,207,blue,3541,2722,6263
83,,3811030,1,20260819,12944,1565,0,,,,,11845,1633,0,,,,,3,35.643889034635976,138.636389,,,0,0,0,0,0,0,0,0,0,0,207,blue,14509,13478,27987
83,,3811050,1,20260819,3304,696,0,,,,,3036,595,0,,,,,3,35.91541703497313,138.227361,,,0,0,0,0,0,0,7,0,0,0,207,blue,4000,3631,7631
83,,3811060,1,20260819,,,,,,,,,,,,,,,3,35.94028603500364,138.197875,,,1,0,0,0,0,0,5,0,0,0,207,blue,0,0,0
83,,3811070,1,20260819,5070,271,0,,,,,5087,477,0,,,,,3,36.029750035112876,138.1255,,,0,0,0,0,0,0,5,0,0,0,207,blue,5341,5564,10905
83,,3811080,1,20260819,9026,1752,0,,,,,6788,1190,0,,,,,3,36.077694035171085,138.037889,,,0,0,0,0,0,0,6,0,0,0,207,blue,10778,7978,18756
83,,3811090,1,20260819,5,0,0,,,,,5437,1624,0,,,,,3,36.12191703522454,137.959472,,,0,0,0,0,0,3,5,0,0,0,207,blue,5,7061,7066
83,,3811100,1,20260819,4130,813,0,,,,,4392,699,0,,,,,3,35.9769440350485,138.163333,,,0,0,0,0,0,0,25,0,0,0,207,blue,4943,5091,10034
83,,3811110,1,20260819,2585,847,0,,,,,2752,1547,0,,,,,3,36.08683303518214,138.06408300000004,,,0,0,0,0,0,1,3,0,0,0,207,blue,3432,4299,7731
83,,3811121,1,20260819,,,,,,,,2446,508,0,,,,,3,35.63168503462065,139.28402,,,0,0,0,0,0,0,0,0,0,0,207,blue,0,2954,2954
83,,3811130,1,20260819,3651,526,0,,,,,3824,484,0,,,,,3,35.99511103507067,138.139278,,,0,0,0,0,0,0,0,0,0,0,207,blue,4177,4308,8485
83,,3811220,1,20260819,4685,477,0,,,,,4331,540,0,,,,,3,35.959128035026716,140.602286,,,0,0,0,0,0,0,0,0,0,0,207,blue,5162,4871,10033
83,,3811230,1,20260819,4,74,0,,,,,3544,656,0,,,,,3,35.95769703502496,140.602514,,,0,0,0,0,0,0,0,0,0,0,207,blue,78,4200,4278
83,,3811240,1,20260819,2037,546,0,,,,,2031,460,0,,,,,3,35.200928034070465,138.520986,,,0,0,0,0,0,0,0,0,0,0,207,blue,2583,2491,5074
83,,3811250,1,20260819,527,105,0,,,,,506,59,0,,,,,3,35.31250003421467,138.442011,,,0,0,0,0,0,0,0,0,0,0,207,blue,632,565,1197
83,,3811270,1,20260819,3837,924,0,,,,,4184,569,0,,,,,3,35.5316670344945,138.450278,,,0,0,0,0,0,0,0,0,0,0,207,blue,4761,4753,9514
83,,3811290,1,20260819,,,,,,,,,,,,,,,3,35.041444033862305,139.833306,,,1,,,,,,,,,,207,blue,0,0,0
83,,3811300,1,20260819,,,,,,,,,,,,,,,3,35.157361034013846,139.819,,,1,,,,,,,,,,207,blue,0,0,0
83,,3811330,1,20260819,6366,682,0,,,,,6665,447,0,,,,,3,35.53888903450364,138.885556,,,0,0,0,0,0,0,43,0,0,0,207,blue,7048,7112,14160
83,,3811340,1,20260819,5986,740,0,,,,,6359,560,0,,,,,3,35.60305603458465,138.940833,,,0,0,0,0,0,0,0,0,0,0,207,blue,6726,6919,13645
83,,3811350,1,20260819,11373,1840,0,,,,,13074,1840,0,,,,,3,35.61569396585425,139.627538019939,,,0,0,0,0,0,0,1,0,0,1,207,blue,13213,14914,28127
83,,3811360,1,20260819,10086,3009,0,,,,,12462,3883,0,,,,,3,35.48552503443597,139.460986,,,0,0,0,0,0,15,0,0,0,0,207,blue,13095,16345,29440
83,,3811370,1,20260819,4641,1582,0,,,,,3483,1441,0,,,,,3,35.35857503427389,139.075042,,,0,0,0,0,0,15,0,0,0,0,207,blue,6223,4924,11147
83,,3811390,1,20260819,18245,7523,0,,,,,,,,,,,,3,35.64686740024182,139.854860316246,,,0,0,0,0,0,0,0,0,0,0,207,blue,25768,0,25768
83,,3811401,1,20260819,75,3,0,,,,,,,,,,,,3,35.64792275306184,139.837391468126,,,0,0,0,0,0,0,0,0,0,0,207,blue,78,0,78
83,,3811410,1,20260819,4355,3040,0,,,,,,,,,,,,3,35.6321085640565,139.785108560174,,,0,0,0,0,0,0,116,0,0,0,207,blue,7395,0,7395
83,,3811411,1,20260819,,,,,,,,11490,6074,0,,,,,3,35.63193106766495,139.786372369256,,,0,0,0,0,0,0,0,0,0,0,207,blue,0,17564,17564
83,,3811420,1,20260819,,,,,,,,,,,,,,,3,35.57873713134419,139.756665501316,,,1,0,0,0,0,0,28,0,0,31,207,blue,0,0,0
83,,3811421,1,20260819,,,,,,,,6078,5322,0,,,,,3,35.573715682248654,139.759184371525,,,0,0,0,0,0,0,0,0,0,0,207,blue,0,11400,11400
83,,3811430,1,20260819,,,,,,,,,,,,,,,3,35.6138270345982,140.103045,,,1,,,,,,,,,,207,blue,0,0,0
83,,3811440,1,20260819,1228,244,0,,,,,3562,545,0,,,,,3,35.60712645223976,139.747366707275,,,0,0,0,0,0,0,0,0,0,0,207,blue,1472,4107,5579
84,,4810010,1,20260819,20686,3061,0,,,,,18752,2775,0,,,,,3,37.9300000372281,139.134722,,,0,0,0,0,0,0,0,0,0,0,207,blue,23747,21527,45274
84,,4810020,1,20260819,17387,2867,0,,,,,13962,2387,0,,,,,3,37.95278103725094,139.213611,,,0,0,0,0,0,0,0,0,0,0,207,blue,20254,16349,36603
84,,4810040,1,20260819,7553,641,0,,,,,6703,626,0,,,,,3,37.96305603726123,139.3275,,,0,0,0,0,0,0,0,0,0,0,207,blue,8194,7329,15523
84,,4810060,1,20260819,2386,225,0,,,,,2392,329,0,,,,,3,38.2550360375481,139.501792,,,0,0,0,0,0,0,0,0,0,0,207,blue,2611,2721,5332
84,,4810070,1,20260819,1702,752,0,,,,,1736,494,0,,,,,3,38.28200003757407,139.521444,,,0,0,0,0,0,0,0,0,0,0,207,blue,2454,2230,4684
84,,4810080,1,20260819,1624,934,0,,,,,1522,610,0,,,,,3,38.374925037662884,139.556342,,,0,0,0,0,0,0,0,0,0,0,207,blue,2558,2132,4690
84,,4810090,1,20260819,9880,2002,0,,,,,8421,1975,0,,,,,3,37.5351670368223,138.881569,,,0,0,0,0,0,0,0,0,0,0,207,blue,11882,10396,22278
84,,4810100,1,20260819,9796,1700,0,,,,,11194,1844,0,,,,,3,37.473639036757405,138.880583,,,0,0,0,0,0,0,0,0,0,2,207,blue,11496,13038,24534
84,,4810110,1,20260819,9856,502,0,,,,,8985,448,0,,,,,3,37.459033036741936,138.856414,,,1,0,0,0,0,0,0,0,0,1,207,blue,10358,9433,19791
84,,4810120,1,20260819,12013,758,0,,,,,13042,862,0,,,,,3,37.462169036745266,138.845592,,,1,0,0,0,0,1,1,0,0,1,207,blue,12771,13904,26675
84,,4810130,1,20260819,7704,735,0,,,,,8086,574,0,,,,,3,37.44445303672647,138.785889,,,0,0,0,0,0,0,0,0,0,13,207,blue,8439,8660,17099
84,,4810140,1,20260819,4615,684,0,,,,,3869,633,0,,,,,3,37.44069403672249,138.740364,,,0,0,0,0,0,0,0,0,0,11,207,blue,5299,4502,9801
84,,4810150,1,20260819,2920,613,0,,,,,2739,573,0,,,,,3,37.41229403669227,138.674192,,,0,0,0,0,0,0,0,0,0,4,207,blue,3533,3312,6845
84,,4810160,1,20260819,4174,875,0,,,,,3627,944,0,,,,,3,37.23896903650589,138.343486,,,0,0,0,0,0,0,0,0,0,0,207,blue,5049,4571,9620
84,,4810170,1,20260819,,,,,,,,,,,,,,,3,37.18690003644924,138.272953,,,1,0,0,0,0,0,0,0,0,0,207,blue,0,0,0
84,,4810180,1,20260819,8634,1322,0,,,,,9672,1037,0,,,,,3,37.17543303643671,138.266805,,,0,0,0,0,0,0,0,0,0,0,207,blue,9956,10709,20665
84,,4810190,1,20260819,9571,1172,0,,,,,11018,1084,0,,,,,3,37.1623530364224,138.247561,,,0,0,0,0,0,0,0,0,0,0,207,blue,10743,12102,22845
84,,4810200,1,20260819,3518,796,0,,,,,3343,686,0,,,,,3,37.105891036360454,137.990565,,,0,0,0,0,0,0,0,0,0,0,207,blue,4314,4029,8343
84,,4810210,1,20260819,4057,860,0,,,,,3626,578,0,,,,,3,37.08795603634071,137.96033,,,0,0,0,0,0,0,0,0,0,0,207,blue,4917,4204,9121
84,,4810220,1,20260819,3179,570,0,,,,,3356,471,0,,,,,3,37.057208036306754,137.905455,,,0,0,0,0,0,0,0,0,0,0,207,blue,3749,3827,7576
84,,4810230,1,20260819,2637,666,0,,,,,3051,584,0,,,,,3,37.050899036299775,137.885459,,,0,0,0,0,0,0,0,0,0,0,207,blue,3303,3635,6938
84,,4810250,1,20260819,1504,188,0,,,,,946,63,0,,,,,3,37.05093203629982,137.890368,,,0,0,0,0,0,0,0,0,0,0,207,blue,1692,1009,2701
84,,4810260,1,20260819,3871,1029,0,,,,,4472,748,0,,,,,3,36.9856190362273,138.808078,,,0,0,0,0,0,0,0,0,0,0,207,blue,4900,5220,10120
84,,4810270,1,20260819,4067,764,0,,,,,3963,582,0,,,,,3,37.24858103651632,138.916575,,,0,0,0,0,0,0,0,0,0,1,207,blue,4831,4545,9376
84,,4810280,1,20260819,1416,324,0,,,,,1476,248,0,,,,,3,37.17036103643117,138.942139,,,0,0,0,0,0,0,0,0,0,1,207,blue,1740,1724,3464
84,,4810290,1,20260819,5392,820,0,,,,,5729,931,0,,,,,3,37.07683703632844,138.265595,,,0,0,0,0,0,0,0,0,0,2,207,blue,6212,6660,12872
84,,4810300,1,20260819,669,289,0,,,,,687,187,0,,,,,3,37.66361103695634,139.536806,,,0,0,0,0,0,0,0,0,0,0,207,blue,958,874,1832
84,,4810310,1,20260819,6713,1007,0,,,,,6228,730,0,,,,,3,37.84055603713779,139.147778,,,0,0,0,0,0,0,0,0,0,0,207,blue,7720,6958,14678
84,,4810330,1,20260819,28141,2232,0,,,,,23406,2213,0,,,,,3,37.8978060371957,139.070722,,,0,0,0,0,0,0,0,0,0,0,207,blue,30373,25619,55992
84,,4810340,1,20260819,1321,481,0,,,,,1308,472,0,,,,,3,37.563464036852,138.734306,,,0,0,0,0,0,0,0,0,0,6,207,blue,1802,1780,3582
84,,4810350,1,20260819,4254,813,0,,,,,4171,841,0,,,,,3,37.61757803690852,138.825033,,,0,0,0,0,0,0,0,0,0,1,207,blue,5067,5012,10079
84,,4810360,1,20260819,5842,1183,0,,,,,6923,1303,0,,,,,3,37.690358036984,138.885919,,,0,0,0,0,0,0,0,0,0,0,207,blue,7025,8226,15251
84,,4810370,1,20260819,6749,1043,0,,,,,6911,1058,0,,,,,3,37.8052690371019,138.92235,,,0,0,0,0,0,0,0,0,0,0,207,blue,7792,7969,15761
84,,4810380,1,20260819,14549,1515,0,,,,,13520,1695,0,,,,,3,37.86309703716064,138.981,,,0,0,0,0,0,0,0,0,0,0,207,blue,16064,15215,31279
84,,4810395,1,20260819,,,,,,,,,,,,,,,3,36.691540505894935,136.9116223,,,1,,,,0,7,,,0,0,207,blue,0,0,0
84,,4810406,1,20260819,3276,834,33,,,,,3843,868,76,,,,,3,36.89660103612769,137.444677,,,0,,,,0,3,,,0,0,207,blue,4143,4787,8930
84,,4810410,1,20260819,5769,542,0,,,,,7053,449,0,,,,,3,36.816442036037266,137.41630300000003,,,0,0,0,0,0,56,56,0,0,0,207,blue,6311,7502,13813
84,,4810420,1,20260819,7270,1185,0,,,,,6731,1052,0,,,,,3,36.718606035925916,137.303914,,,0,0,0,0,0,66,66,0,0,3,207,blue,8455,7783,16238
84,,4810430,1,20260819,6936,1159,0,,,,,6782,1038,0,,,,,3,36.71795303592518,137.279328,,,0,0,0,0,0,70,70,0,0,9,207,blue,8095,7820,15915
84,,4810440,1,20260819,8854,1607,0,,,,,8460,1438,0,,,,,3,36.72027203592783,137.263083,,,0,0,0,0,0,21,21,0,0,0,207,blue,10461,9898,20359
84,,4810445,1,20260819,13175,2437,13,,,,,12643,2187,112,,,,,3,36.73017862593915,137.18171158,,,0,,,,0,0,,,0,0,207,blue,15625,14942,30567
84,,4810447,1,20260819,8217,1384,32,,,,,9702,1309,59,,,,,3,36.72863947593739,137.12486156,,,0,,,,0,1,,,0,0,207,blue,9633,11070,20703
84,,4810454,1,20260819,9530,1000,525,,,,,10935,778,2,,,,,3,36.744673195955684,136.99179584,,,0,,,,0,2,,,0,0,207,blue,11055,11715,22770
84,,4810460,1,20260819,,,,,,,,,,,,,,,3,36.68745003589023,136.855675,,,1,0,0,0,0,66,66,0,0,5,207,blue,0,0,0
84,,4810462,1,20260819,1638,348,2,,,,,489,30,0,,,,,3,36.525710035703334,137.22999,,,0,,,,0,21,,,0,0,207,blue,1988,519,2507
84,,4810463,1,20260819,2021,366,141,,,,,2193,406,47,,,,,3,36.53609652571542,137.23114399,,,0,,,,0,26,,,0,0,207,blue,2528,2646,5174
84,,4810470,1,20260819,,,,,,,,,,,,,,,3,36.69575603589977,137.237889,,,1,0,0,0,0,0,0,0,0,0,207,blue,0,0,0
84,,4810480,1,20260819,1996,160,0,,,,,2025,265,0,,,,,3,36.580522035767004,136.965706,,,0,0,0,0,0,68,68,0,0,1,207,blue,2156,2290,4446
84,,4810485,1,20260819,5664,200,7,,,,,6034,237,6,,,,,3,36.68510836918755,136.9765361111,,,0,,,,0,1,,,0,0,207,blue,5871,6277,12148
84,,4810490,1,20260819,2867,63,0,,,,,3161,67,0,,,,,3,36.74530803595641,137.01085,,,0,0,0,0,0,69,69,0,0,0,207,blue,2930,3228,6158
84,,4810500,1,20260819,402,34,0,,,,,146,16,0,,,,,3,36.91246103614551,137.019489,,,0,0,0,0,0,142,142,0,0,1,207,blue,436,162,598
84,,4810510,1,20260819,,,,,,,,,,,,,,,3,36.84943603607457,136.97895,,,1,,,,,,,,,,207,blue,0,0,0
84,,4810530,1,20260819,13755,1704,0,,,,,15339,2023,0,,,,,3,36.44611103561032,136.488056,,,0,0,0,0,0,1,1,0,0,1,207,blue,15459,17362,32821
84,,4810550,1,20260819,6940,1179,0,,,,,6337,1294,0,,,,,3,36.32672203546954,136.41169500000004,,,0,0,0,0,0,0,0,0,0,4,207,blue,8119,7631,15750
84,,4810570,1,20260819,9636,997,0,,,,,9363,621,0,,,,,3,36.571667035756725,136.655556,,,0,0,0,0,0,1,1,0,0,2,207,blue,10633,9984,20617
84,,4810580,1,20260819,9550,311,0,,,,,3226,57,0,,,,,3,36.54430803572498,136.640516,,,0,0,0,0,0,0,0,0,0,1,207,blue,9861,3283,13144
84,,4810590,1,20260819,13811,321,0,,,,,14651,311,0,,,,,3,36.54061903572069,136.623128,,,0,0,0,0,0,0,0,0,0,0,207,blue,14132,14962,29094
84,,4810600,1,20260819,4118,273,0,,,,,4577,283,0,,,,,3,37.04041903628817,136.969305,,,0,0,0,0,0,0,0,0,0,0,207,blue,4391,4860,9251
84,,4810610,1,20260819,,,,,,,,,,,,,,,3,36.90469303613679,136.830093,,,1,,,,,,,,,,207,blue,0,0,0
84,,4810620,1,20260819,1423,128,0,,,,,1417,160,0,,,,,3,36.86972803609746,136.79694700000002,,,0,0,0,0,0,0,0,0,0,0,207,blue,1551,1577,3128
84,,4810630,1,20260819,8806,116,0,,,,,5383,77,0,,,,,3,36.560782035744104,136.677711,,,0,0,0,0,0,0,0,0,0,1,207,blue,8922,5460,14382
85,22,5810060,1,20260819,1484,637,,,,,,1206,514,,,,,,3,34.90554603368308,138.270337,,,0,,0,,0,0,0,0,,0,207,blue,2121,1720,3841
85,22,5810080,1,20260819,3457,1366,,,,,,8547,2776,,,,,,3,34.84454203360207,138.151981,,,0,,0,,0,0,0,0,,0,207,blue,4823,11323,16146
85,22,5810090,1,20260819,6959,2312,,,,,,6931,2199,,,,,,3,34.78638703352455,138.050184,,,0,,0,,0,0,0,0,,0,207,blue,9271,9130,18401
85,22,5810110,1,20260819,24329,6270,,,,,,20901,4927,,,,,,3,34.76273603349293,137.969553,,,0,,0,,0,0,0,0,,0,207,blue,30599,25828,56427
85,23,5810190,1,20260819,4827,940,,,,,,5615,717,,,,,,3,35.11388803395716,136.734972,,,0,,0,,0,0,0,0,,0,207,blue,5767,6332,12099
85,24,5810210,1,20260819,4590,1906,,,,,,4006,2077,,,,,,3,34.86311003362677,136.47097,,,0,,0,,0,0,0,0,,0,207,blue,6496,6083,12579
85,21,5810280,1,20260819,10806,993,,,,,,9254,722,,,,,,3,35.365972034283374,137.22477800000001,,,0,,0,,0,0,0,0,,0,207,blue,11799,9976,21775
85,21,5810330,1,20260819,9401,1074,,,,,,9389,1276,,,,,,3,35.44925903438983,137.419698,,,0,,0,,0,0,0,0,,0,207,blue,10475,10665,21140
85,21,5810340,1,20260819,7996,483,,,,,,7018,1513,,,,,,3,35.45966703440309,137.442028,,,0,,0,,0,0,0,0,,0,207,blue,8479,8531,17010
85,21,5810350,1,20260819,3891,878,,,,,,14108,2184,,,,,,3,35.51200003446958,137.521639,,,0,,0,,0,0,0,0,,0,207,blue,4769,16292,21061
85,21,5810360,1,20260819,2913,1071,,,,,,2484,953,,,,,,3,35.581250034557165,137.537222,,,0,,0,,0,0,0,0,,0,207,blue,3984,3437,7421
85,21,5810370,1,20260819,3580,621,,,,,,3212,933,,,,,,3,35.81618803485076,137.683244,,,0,,0,,0,0,0,0,,0,207,blue,4201,4145,8346
85,21,5810380,1,20260819,2437,1091,,,,,,2841,940,,,,,,3,35.91502403497266,137.77069,,,0,,0,,0,0,0,0,,0,207,blue,3528,3781,7309
85,21,5810390,1,20260819,1887,890,,,,,,1674,589,,,,,,3,35.93471103499681,137.786917,,,0,,0,,0,0,0,0,,0,207,blue,2777,2263,5040
85,21,5810420,1,20260819,3850,869,,,,,,3212,791,,,,,,3,35.37572803429589,137.190676,,,0,,0,,0,0,0,0,,0,207,blue,4719,4003,8722
85,21,5810440,1,20260819,2914,675,,,,,,3477,534,,,,,,3,35.426917034361345,137.132361,,,0,,0,,0,0,0,0,,0,207,blue,3589,4011,7600
85,21,5810470,1,20260819,5594,750,,,,,,5458,910,,,,,,3,35.418612034350744,136.946394,,,0,,0,,0,0,0,0,,0,207,blue,6344,6368,12712
85,21,5810510,1,20260819,1676,329,,,,,,1687,163,,,,,,3,35.37112003428997,136.453326,,,0,,0,,0,0,0,0,,0,207,blue,2005,1850,3855
85,23,5810530,1,20260819,8138,3560,,,,,,7132,2196,,,,,,3,34.696128033403625,137.40686,,,0,,0,,0,0,0,0,,0,207,blue,11698,9328,21026
85,23,5810570,1,20260819,7748,2660,,,,,,7667,3339,,,,,,3,34.84938803360853,137.221222,,,0,,0,,0,0,0,0,,0,207,blue,10408,11006,21414
85,23,5810580,1,20260819,9038,4410,,,,,,15,9,,,,,,3,34.84869403360759,137.197416,,,0,,0,,0,0,0,0,,0,207,blue,13448,24,13472
85,23,5810620,1,20260819,15246,6195,,,,,,13053,5670,,,,,,3,35.10119403394058,136.86925,,,0,,0,,0,0,0,0,,0,207,blue,21441,18723,40164
85,24,5810670,1,20260819,11051,1194,,,,,,11644,1154,,,,,,3,34.65002003334157,136.51956,,,0,,0,,0,0,0,0,,0,207,blue,12245,12798,25043
85,24,5810680,1,20260819,8423,1980,,,,,,9341,1210,,,,,,3,34.71907003343443,136.4716,,,0,,0,,0,0,0,0,,0,207,blue,10403,10551,20954
85,24,5810690,1,20260819,9834,1743,,,,,,9805,1706,,,,,,3,34.64712003333765,136.49449,,,0,,0,,0,0,0,0,,0,207,blue,11577,11511,23088
85,24,5810700,1,20260819,6665,4637,,,,,,7819,6245,,,,,,3,34.850220033609624,136.416645,,,0,,0,,0,0,0,0,,0,207,blue,11302,14064,25366
85,24,5810730,1,20260819,9716,8026,,,,,,9216,6158,,,,,,3,34.62822503331218,135.986212,,,0,,0,,0,0,0,0,,0,207,blue,17742,15374,33116
85,21,5810760,1,20260819,2811,518,,,,,,2840,427,,,,,,3,35.55276203452119,137.177488,,,0,,0,,0,0,0,0,,0,207,blue,3329,3267,6596
85,21,5810770,1,20260819,1156,236,,,,,,1057,243,,,,,,3,35.64602003463866,137.169715,,,0,,0,,0,0,0,0,,0,207,blue,1392,1300,2692
85,21,5810780,1,20260819,1998,456,,,,,,2032,488,,,,,,3,35.667031034665,137.162564,,,0,,0,,0,2,2,0,,0,207,blue,2454,2520,4974
85,21,5810790,1,20260819,1741,486,,,,,,1440,519,,,,,,3,35.74291003475978,137.208481,,,0,,0,,0,0,0,0,,0,207,blue,2227,1959,4186
85,21,5810800,1,20260819,1882,712,,,,,,1588,617,,,,,,3,35.77947703480525,137.252586,,,0,,0,,0,0,0,0,,0,207,blue,2594,2205,4799
85,21,5810810,1,20260819,3532,727,,,,,,3667,774,,,,,,3,35.83471903487371,137.232014,,,0,,0,,0,0,0,0,,0,207,blue,4259,4441,8700
85,21,5810830,1,20260819,695,121,,,,,,2152,434,,,,,,3,36.02357503510535,137.294767,,,0,,0,,0,0,0,0,,0,207,blue,816,2586,3402
85,21,5810840,1,20260819,4447,219,,,,,,4307,502,,,,,,3,36.10871303520861,137.266233,,,0,,0,,0,0,0,0,,0,207,blue,4666,4809,9475
85,21,5810850,1,20260819,6062,808,,,,,,4811,507,,,,,,3,36.12373303522673,137.258932,,,0,,0,,0,0,0,0,,0,207,blue,6870,5318,12188
85,21,5810860,1,20260819,1823,386,,,,,,1796,665,,,,,,3,36.25072803537914,137.162845,,,0,,0,,0,0,0,0,,0,207,blue,2209,2461,4670
85,21,5810880,1,20260819,1117,194,,,,,,879,177,,,,,,3,36.31423303545473,137.259675,,,0,,0,,0,0,0,0,,0,207,blue,1311,1056,2367
85,24,5810890,1,20260819,2834,326,,,,,,3074,495,,,,,,3,34.407524733012174,136.4423714,,,0,,0,,0,0,0,0,,0,207,blue,3160,3569,6729
85,24,5810900,1,20260819,1126,225,,,,,,1120,100,,,,,,3,34.1617406326732,136.2779067,,,0,,0,,0,0,0,0,,0,207,blue,1351,1220,2571
85,24,5810920,1,20260819,1690,263,,,,,,1654,638,,,,,,3,34.05028613251784,136.1958331,,,0,,0,,0,0,0,0,,0,207,blue,1953,2292,4245
85,24,5810930,1,20260819,241,15,,,,,,239,27,,,,,,3,33.98629813242818,136.1080803,,,0,,0,,0,0,0,0,,0,207,blue,256,266,522
85,24,5810940,1,20260819,734,256,,,,,,818,255,,,,,,3,33.93298113235323,136.0940822,,,0,,0,,0,0,0,0,,0,207,blue,990,1073,2063
85,24,5810960,1,20260819,2471,433,,,,,,2129,354,,,,,,3,34.00152563244955,136.1851117,,,0,,0,,0,0,0,0,,0,207,blue,2904,2483,5387
85,24,5810970,1,20260819,2269,401,,,,,,2043,335,,,,,,3,33.942137832366114,136.1524581,,,0,,0,,0,0,0,0,,0,207,blue,2670,2378,5048
85,24,5810980,1,20260819,2537,566,,,,,,2311,431,,,,,,3,33.92889863234747,136.1381858,,,0,,0,,0,0,0,0,,0,207,blue,3103,2742,5845
85,24,5810990,1,20260819,2853,242,,,,,,2288,320,,,,,,3,33.74057583208088,135.9955167,,,0,,0,,0,0,0,0,,0,207,blue,3095,2608,5703
85,24,5811000,1,20260819,3426,589,,,,,,3040,478,,,,,,1,34.10420863259313,136.1948133,,,0,,0,,0,0,0,0,,0,207,blue,4015,3518,7533
85,22,5811020,1,20260819,1551,512,,,,,,1252,821,,,,,,3,35.15084103400535,138.522379,,,0,,0,,0,0,0,0,,0,207,blue,2063,2073,4136
85,22,5811030,1,20260819,1316,380,,,,,,1025,463,,,,,,3,35.15470103401037,138.520314,,,0,,0,,0,0,0,0,,0,207,blue,1696,1488,3184
85,22,5811040,1,20260819,,,,,,,,,,,,,,,3,35.19272303405982,138.529894,,,1,,0,,0,0,0,0,,4,207,blue,0,0,0
85,22,5811050,1,20260819,2537,291,,,,,,3255,281,,,,,,3,35.37095103428976,138.860418,,,0,,0,,0,0,0,0,,0,207,blue,2828,3536,6364
85,23,5811110,1,20260819,2113,351,,,,,,1977,211,,,,,,3,35.135027033984734,137.309194,,,0,,0,,0,0,0,0,,0,207,blue,2464,2188,4652
85,23,5811120,1,20260819,2431,480,,,,,,2074,334,,,,,,3,35.149777034003954,137.332722,,,0,,0,,0,0,0,0,,0,207,blue,2911,2408,5319
85,23,5811130,1,20260819,1522,680,,,,,,1725,233,,,,,,3,35.1700830340304,137.406805,,,0,,0,,0,0,0,0,,0,207,blue,2202,1958,4160
85,23,5811140,1,20260819,889,197,,,,,,818,151,,,,,,3,35.221388034097004,137.524166,,,0,,0,,0,0,0,0,,0,207,blue,1086,969,2055
85,21,5811150,1,20260819,3399,427,,,,,,2763,593,,,,,,3,35.46219703440631,137.756093,,,0,,0,,0,0,0,0,,0,207,blue,3826,3356,7182
85,21,5811160,1,20260819,3968,676,,,,,,3342,500,,,,,,3,35.50206103445697,137.792544,,,0,,0,,0,0,0,0,,0,207,blue,4644,3842,8486
85,23,5811170,1,20260819,2405,615,,,,,,2550,600,,,,,,3,35.21055503408296,137.106666,,,0,,0,,0,0,0,0,,0,207,blue,3020,3150,6170
85,21,5811190,1,20260819,3458,420,,,,,,2918,352,,,,,,3,35.601941034583234,136.937212,,,0,,0,,0,0,0,0,,0,207,blue,3878,3270,7148
85,21,5811230,1,20260819,3741,556,,,,,,3088,529,,,,,,3,36.13868903524477,137.164639,,,0,,0,,0,0,0,0,,0,207,blue,4297,3617,7914
85,21,5811240,1,20260819,1145,129,,,,,,2455,420,,,,,,3,36.16135703527206,137.222749,,,0,,0,,0,0,0,0,,0,207,blue,1274,2875,4149
85,22,5811250,1,20260819,1881,403,,,,,,5546,1306,,,,,,3,35.312573034214765,138.927446,,,0,,0,,0,0,0,0,,0,207,blue,2284,6852,9136
85,21,5811270,1,20260819,,,,,,,,,,,,,,,3,35.23023303410846,136.596679,,,1,,0,,0,0,0,0,,0,207,blue,0,0,0
85,21,5811330,1,20260819,940,336,,,,,,1225,327,,,,,,3,35.46731303441282,137.78409,,,0,,0,,0,0,0,0,,0,207,blue,1276,1552,2828
86,,6810010,1,20260819,1787,1268,,,,,,2013,1048,,,,,,3,34.89694403367168,136.336111,,,0,,0,,0,0,0,0,,0,207,blue,3055,3061,6116
86,,6810020,1,20260819,,,,,,,,,,,,,,,3,34.97777803377855,135.901667,,,1,,0,,0,0,0,0,,0,207,blue,0,0,0
86,,6810030,1,20260819,,,,,,,,,,,,,,,3,35.00527803381478,136.094722,,,1,,0,,0,207,207,0,,0,207,blue,0,0,0
86,,6810060,1,20260819,0,0,,,,,,14438,2486,,,,,,3,34.986389033789905,135.75305600000002,,,0,,0,,0,0,0,0,,0,207,blue,0,16924,16924
86,,6810089,1,20260819,,,,,,,,,,,,,,,3,34.978118033779,135.908546,,,1,,0,,0,0,0,0,,0,207,blue,0,0,0
86,,6810090,1,20260819,3286,1044,,,,,,0,0,,,,,,3,34.83138903358458,135.72305600000004,,,0,,0,,0,0,0,0,,0,207,blue,4330,0,4330
86,,6810100,1,20260819,0,0,,,,,,3528,950,,,,,,3,34.83138903358458,135.723889,,,0,,0,,0,0,0,0,,0,207,blue,0,4478,4478
86,,6810105,1,20260819,,,,,,,,,,,,,,,3,34.71411113342777,135.4489722,,,0,,0,,0,0,0,0,,207,207,blue,0,0,0
86,,6810111,1,20260819,,,,,,,,,,,,,,,3,34.6429970333321,135.019846,,,0,,0,,0,0,0,0,,207,207,blue,0,0,0
86,,6810130,1,20260819,,,,,,,,,,,,,,,3,34.842500033599364,134.330556,,,0,,0,,0,0,0,0,,207,207,blue,0,0,0
86,,6810135,1,20260819,3648,1020,,,,,,3587,985,,,,,,3,36.18333336529846,136.26777780000003,,,0,,0,,0,0,0,0,,0,207,blue,4668,4572,9240
86,,6810140,1,20260819,8062,2074,,,,,,7122,2436,,,,,,3,36.14305603525003,136.263889,,,0,,0,,0,0,0,0,,0,207,blue,10136,9558,19694
86,,6810150,1,20260819,,,,,,,,,,,,,,,3,36.0772220351705,136.244444,,,1,,0,,0,0,0,0,,0,207,blue,0,0,0
86,,6810160,1,20260819,9101,2753,,,,,,10296,2448,,,,,,3,36.02444403510641,136.218333,,,0,,0,,0,0,0,0,,0,207,blue,11854,12744,24598
86,,6810165,1,20260819,10021,1183,,,,,,6344,800,,,,,,3,35.980555595052905,136.1958333,,,0,,0,,0,0,0,0,,0,207,blue,11204,7144,18348
86,,6810170,1,20260819,11575,1521,,,,,,10929,669,,,,,,3,35.95555603502233,136.188889,,,0,,0,,0,0,0,0,,0,207,blue,13096,11598,24694
86,,6810180,1,20260819,5090,1256,,,,,,4521,859,,,,,,3,35.878333034927515,136.169444,,,0,,0,,0,0,0,0,,0,207,blue,6346,5380,11726
86,,6810190,1,20260819,,,,,,,,,,,,,,,3,35.719444034730536,136.094722,,,1,,0,,0,0,0,0,,0,207,blue,0,0,0
86,,6810200,1,20260819,1158,157,,,,,,1095,186,,,,,,3,35.66555603466316,136.083056,,,0,,0,,0,0,0,0,,0,207,blue,1315,1281,2596
86,,6810220,1,20260819,1412,595,,,,,,1591,544,,,,,,3,35.60416703458605,136.107222,,,0,,0,,0,0,0,0,,0,207,blue,2007,2135,4142
86,,6810230,1,20260819,853,828,,,,,,1352,592,,,,,,3,35.57603003455058,136.122756,,,0,,0,,0,0,0,0,,0,207,blue,1681,1944,3625
86,,6810240,1,20260819,3889,1195,,,,,,3413,1028,,,,,,3,35.512778034470564,136.173333,,,0,,0,,0,0,0,0,,0,207,blue,5084,4441,9525
86,,6810241,1,20260819,2958,978,,,,,,2050,1303,,,,,,3,35.4322160343681,136.245092,,,0,,0,,0,0,0,0,,0,207,blue,3936,3353,7289
86,,6810250,1,20260819,6278,1538,,,,,,6684,1683,,,,,,3,35.27555603416706,136.269444,,,0,,0,,0,0,0,0,,0,207,blue,7816,8367,16183
86,,6810260,1,20260819,4774,1503,,,,,,4883,1325,,,,,,3,35.11611103396005,136.128333,,,0,,0,,0,0,0,0,,0,207,blue,6277,6208,12485
86,,6810270,1,20260819,5981,1147,,,,,,5778,1586,,,,,,3,35.091944033928485,136.089722,,,0,,0,,0,0,0,0,,0,207,blue,7128,7364,14492
86,,6810280,1,20260819,292,57,,,,,,1452,509,,,,,,3,35.66000003465618,136.084722,,,1,,0,,0,0,0,0,,0,207,blue,349,1961,2310
86,,6810290,1,20260819,8032,2597,,,,,,11905,2174,,,,,,3,34.996111033802705,135.722222,,,0,,0,,0,0,0,0,,0,207,blue,10629,14079,24708
86,,6810300,1,20260819,0,0,,,,,,1855,222,,,,,,3,34.981944033784046,135.693056,,,0,,0,,0,0,0,0,,0,207,blue,0,2077,2077
86,,6810310,1,20260819,9969,1198,,,,,,0,0,,,,,,3,34.981944033784046,135.692917,,,0,,0,,0,0,0,0,,0,207,blue,11167,0,11167
86,,6810320,1,20260819,9185,1150,,,,,,7865,732,,,,,,3,34.992500033797945,135.64750000000004,,,0,,0,,0,0,0,0,,0,207,blue,10335,8597,18932
86,,6810330,1,20260819,8526,1219,,,,,,9249,1156,,,,,,3,34.989722033794294,135.636667,,,0,,0,,0,0,0,0,,0,207,blue,9745,10405,20150
86,,6810335,1,20260819,5706,940,,,,,,5094,495,,,,,,3,35.488936034440314,135.756215,,,0,,0,,0,0,0,0,,0,207,blue,6646,5589,12235
86,,6810340,1,20260819,470,28,,,,,,565,121,,,,,,3,35.12222203396803,135.439444,,,0,,0,,0,0,0,0,,0,207,blue,498,686,1184
86,,6810343,1,20260819,,,,,,,,,,,,,,,3,35.18777781405339,135.3219444,,,1,,0,,0,0,0,0,,0,207,blue,0,0,0
86,,6810344,1,20260819,2753,566,,,,,,3232,792,,,,,,3,35.24583336412865,135.2161111,,,0,,0,,0,0,0,0,,0,207,blue,3319,4024,7343
86,,6810346,1,20260819,,,,,,,,,,,,,,,3,35.28305559417674,135.1777778,,,0,,0,,0,0,0,0,,207,207,blue,0,0,0
86,,6810348,1,20260819,5901,1049,,,,,,5280,936,,,,,,3,35.3139820342166,135.101491,,,0,,0,,0,0,0,0,,0,207,blue,6950,6216,13166
86,,6810360,1,20260819,,,,,,,,,,,,,,,3,35.333611034241834,134.917222,,,0,,0,,0,0,0,0,,207,207,blue,0,0,0
86,,6810365,1,20260819,3294,1081,,,,,,3220,784,,,,,,3,36.25913403538918,136.286774,,,0,,0,,0,0,0,0,,0,207,blue,4375,4004,8379
86,,6810370,1,20260819,,,,,,,,,,,,,,,3,35.38305603430526,134.671667,,,0,,0,,0,0,0,0,,207,207,blue,0,0,0
86,,6810390,1,20260819,,,,,,,,,,,,,,,3,35.48083303443001,134.585278,,,0,,0,,0,0,0,0,,207,207,blue,0,0,0
86,,6810400,1,20260819,,,,,,,,,,,,,,,3,35.50388903445929,134.533889,,,0,,0,,0,0,0,0,,207,207,blue,0,0,0
86,,6810410,1,20260819,,,,,,,,,,,,,,,3,35.5247220344857,134.4275,,,0,,0,,0,0,0,0,,207,207,blue,0,0,0
86,,6810420,1,20260819,3099,1081,,,,,,3100,938,,,,,,3,35.33111103423862,136.352222,,,0,,0,,0,0,0,0,,0,207,blue,4180,4038,8218
86,,6810450,1,20260819,5186,228,,,,,,2988,85,,,,,,3,34.229683032767404,135.169164,,,0,,0,,0,0,0,0,,0,207,blue,5414,3073,8487
86,,6810492,1,20260819,,,,,,,,,,,,,,,3,34.5749167332401,135.6647778,,,0,,0,,0,0,0,0,,207,207,blue,0,0,0
86,,6810500,1,20260819,,,,,,,,,,,,,,,3,34.58000003324698,135.466581,,,1,,0,,0,0,0,0,,0,207,blue,0,0,0
86,,6810510,1,20260819,,,,,,,,,,,,,,,3,34.5797220332466,135.466581,,,1,,0,,0,0,0,0,,0,207,blue,0,0,0
86,,6810540,1,20260819,,,,,,,,,,,,,,,3,34.36000003294702,135.269444,,,1,,0,,0,0,0,0,,0,207,blue,0,0,0
86,,6810550,1,20260819,,,,,,,,,,,,,,,3,34.32270003289575,135.19756,,,1,,0,,0,0,0,0,,0,207,blue,0,0,0
86,,6810551,1,20260819,7578,1689,,,,,,7205,1063,,,,,,3,34.32488893289876,135.1913056,,,0,,0,,0,0,0,0,,0,207,blue,9267,8268,17535
86,,6810552,1,20260819,,,,,,,,,,,,,,,3,34.31283333288218,135.1605,,,0,,0,,0,0,0,0,,207,207,blue,0,0,0
86,,6810560,1,20260819,,,,,,,,,,,,,,,3,34.24805603279281,135.175,,,1,,0,,0,0,0,0,,0,207,blue,0,0,0
86,,6810580,1,20260819,5992,487,,,,,,4443,548,,,,,,3,35.633611034623065,136.021389,,,0,,0,,0,0,0,0,,0,207,blue,6479,4991,11470
86,,6810590,1,20260819,2618,456,,,,,,2933,391,,,,,,3,35.58083303455663,135.910417,,,0,,0,,0,0,0,0,,0,207,blue,3074,3324,6398
86,,6810610,1,20260819,3108,624,,,,,,2762,617,,,,,,3,35.469444034415524,135.825,,,0,,0,,0,0,0,0,,0,207,blue,3732,3379,7111
86,,6810620,1,20260819,3380,422,,,,,,3434,642,,,,,,3,35.483056034432835,135.666111,,,0,,0,,0,0,0,0,,0,207,blue,3802,4076,7878
86,,6810630,1,20260819,3175,630,,,,,,2707,630,,,,,,3,35.48805603443919,135.595833,,,0,,0,,0,0,0,0,,0,207,blue,3805,3337,7142
86,,6810660,1,20260819,3330,765,,,,,,3364,525,,,,,,3,35.48083303443001,135.421389,,,0,,0,,0,0,0,0,,0,207,blue,4095,3889,7984
86,,6810667,1,20260819,,,,,,,,,,,,,,,3,35.46027781440387,135.3566667,,,0,,0,,0,0,0,0,,207,207,blue,0,0,0
86,,6810670,1,20260819,1449,260,,,,,,1627,313,,,,,,3,35.414167034345056,135.333056,,,0,,0,,0,0,0,0,,0,207,blue,1709,1940,3649
86,,6810671,1,20260819,,,,,,,,,,,,,,,3,35.37888892429992,135.3169444,,,0,,0,,0,0,0,0,,207,207,blue,0,0,0
86,,6810730,1,20260819,,,,,,,,,,,,,,,3,34.85305603361341,134.605278,,,0,,0,,0,0,0,0,,207,207,blue,0,0,0
86,,6810740,1,20260819,,,,,,,,,,,,,,,3,34.87691203364509,134.61312,,,0,,0,,0,0,0,0,,207,207,blue,0,0,0
86,,6810750,1,20260819,,,,,,,,,,,,,,,3,35.07068203390065,134.587422,,,0,,0,,0,0,0,0,,207,207,blue,0,0,0
86,,6810760,1,20260819,,,,,,,,,,,,,,,3,35.145672033998615,134.539014,,,0,,0,,0,0,0,0,,207,207,blue,0,0,0
86,,6810770,1,20260819,1926,453,,,,,,1502,319,,,,,,3,33.692375032012194,135.984591,,,0,,0,,0,0,0,0,,0,207,blue,2379,1821,4200
86,,6810780,1,20260819,889,168,,,,,,402,688,,,,,,3,33.61777803190555,135.927061,,,0,,0,,0,0,0,0,,0,207,blue,1057,1090,2147
86,,6810790,1,20260819,,,,,,,,,,,,,,,3,33.56853903183492,135.910197,,,1,,0,,0,207,207,0,,0,207,blue,0,0,0
86,,6810800,1,20260819,1338,256,,,,,,1363,143,,,,,,3,33.50323103174097,135.806228,,,0,,0,,0,0,0,0,,0,207,blue,1594,1506,3100
86,,6810810,1,20260819,2465,671,,,,,,2690,559,,,,,,3,33.48392803171314,135.760481,,,0,,0,,0,0,0,0,,0,207,blue,3136,3249,6385
86,,6810820,1,20260819,6,0,,,,,,58,7,,,,,,3,33.509890031750565,135.60639100000003,,,1,,0,,0,0,0,0,,0,207,blue,6,65,71
86,,6810830,1,20260819,,,,,,,,,,,,,,,3,33.51850003176297,135.57,,,1,,0,,0,0,0,0,,0,207,blue,0,0,0
86,,6810840,1,20260819,,,,,,,,,,,,,,,3,33.554167031814266,135.458889,,,1,,0,,0,0,0,0,,0,207,blue,0,0,0
86,,6810850,1,20260819,3946,234,,,,,,605,25,,,,,,3,33.70273603202697,135.411942,,,0,,0,,0,0,0,0,,0,207,blue,4180,630,4810
86,,6810860,1,20260819,9502,395,,,,,,5909,517,,,,,,3,33.72250003205514,135.404722,,,0,,0,,0,0,0,0,,0,207,blue,9897,6426,16323
86,,6810880,1,20260819,,,,,,,,,,,,,,,3,33.748889032092684,135.3275,,,1,,0,,0,0,0,0,,0,207,blue,0,0,0
86,,6810890,1,20260819,2996,518,,,,,,3013,578,,,,,,3,33.7811110321385,135.3025,,,0,,0,,0,0,0,0,,0,207,blue,3514,3591,7105
86,,6810900,1,20260819,4625,295,,,,,,3992,589,,,,,,3,33.91892803233343,135.146508,,,0,,0,,0,0,0,0,,0,207,blue,4920,4581,9501
86,,6810910,1,20260819,2605,838,,,,,,0,0,,,,,,3,33.94659203237239,135.12965,,,0,,0,,0,0,0,0,,0,207,blue,3443,0,3443
86,,6810920,1,20260819,6419,983,,,,,,5318,649,,,,,,3,34.04305603250771,135.189722,,,0,,0,,0,0,0,0,,0,207,blue,7402,5967,13369
86,,6810930,1,20260819,,,,,,,,,,,,,,,3,34.047035032513286,135.189167,,,1,,0,,0,0,0,0,,0,207,blue,0,0,0
86,,6810950,1,20260819,293,34,,,,,,914,164,,,,,,3,34.19539403271991,135.169583,,,0,,0,,0,0,0,0,,0,207,blue,327,1078,1405
86,,6810960,1,20260819,467,123,,,,,,3962,491,,,,,,3,33.74962803209376,135.359472,,,1,,0,,0,0,0,0,,0,207,blue,590,4453,5043
86,,6810980,1,20260819,,,,,,,,,,,,,,,3,34.652222033344536,135.48972200000003,,,1,,0,,0,0,0,0,,0,207,blue,0,0,0
86,,6810990,1,20260819,621,575,,,,,,1847,1016,,,,,,3,35.551944034520155,136.098333,,,0,,0,,0,0,0,0,,0,207,blue,1196,2863,4059
86,,6811000,1,20260819,1255,596,,,,,,1333,793,,,,,,3,35.530000034492396,136.094444,,,0,,0,,0,0,0,0,,0,207,blue,1851,2126,3977
86,,6811010,1,20260819,2525,1143,,,,,,2253,777,,,,,,3,35.47888903442754,136.083056,,,0,,0,,0,0,0,0,,0,207,blue,3668,3030,6698
86,,6811020,1,20260819,1154,251,,,,,,1167,376,,,,,,3,35.39750003432375,136.024722,,,0,,0,,0,0,0,0,,0,207,blue,1405,1543,2948
86,,6811030,1,20260819,11359,2836,,,,,,10505,2294,,,,,,3,35.28722203418211,136.018056,,,0,,0,,0,0,0,0,,0,207,blue,14195,12799,26994
86,,6811040,1,20260819,3380,1716,,,,,,4776,1140,,,,,,3,35.24777803413116,135.960556,,,0,,0,,0,0,0,0,,0,207,blue,5096,5916,11012
86,,6811050,1,20260819,,,,,,,,,,,,,,,3,35.237778034118236,135.943333,,,1,,0,,0,207,207,0,,0,207,blue,0,0,0
86,,6811080,1,20260819,,,,,,,,,,,,,,,3,34.71861103343382,135.569444,,,1,,0,,0,0,0,0,,0,207,blue,0,0,0
86,,6811120,1,20260819,3076,729,,,,,,2946,603,,,,,,3,35.0725560339031,135.008778,,,0,,0,,0,0,0,0,,0,207,blue,3805,3549,7354
86,,6811130,1,20260819,2986,701,,,,,,2842,538,,,,,,3,35.12139403396696,135.005953,,,0,,0,,0,0,0,0,,0,207,blue,3687,3380,7067
86,,6811150,1,20260819,,,,,,,,,,,,,,,3,35.16055603401799,135.066111,,,0,,0,,0,0,0,0,,207,207,blue,0,0,0
86,,6811160,1,20260819,,,,,,,,,,,,,,,3,35.23305603411212,135.020833,,,0,,0,,0,0,0,0,,207,207,blue,0,0,0
86,,6811165,1,20260819,3233,849,,,,,,2461,846,,,,,,3,35.28748503418245,134.977245,,,0,,0,,0,0,0,0,,0,207,blue,4082,3307,7389
86,,6811170,1,20260819,,,,,,,,,,,,,,,3,35.29111103418713,134.970556,,,0,,0,,0,0,0,0,,207,207,blue,0,0,0
86,,6811180,1,20260819,,,,,,,,,,,,,,,3,35.30305603420252,134.92,,,0,,0,,0,0,0,0,,207,207,blue,0,0,0
86,,6811190,1,20260819,,,,,,,,,,,,,,,3,35.34500003425647,134.801111,,,0,,0,,0,0,0,0,,207,207,blue,0,0,0
86,,6811200,1,20260819,,,,,,,,,,,,,,,3,35.36333303427999,134.759167,,,0,,0,,0,0,0,0,,207,207,blue,0,0,0
86,,6811210,1,20260819,4256,523,,,,,,4543,431,,,,,,3,35.49942303445363,134.790538,,,0,,0,,0,0,0,0,,0,207,blue,4779,4974,9753
86,,6811220,1,20260819,3883,281,,,,,,3908,294,,,,,,3,35.474942034422526,134.764925,,,0,,0,,0,0,0,0,,0,207,blue,4164,4202,8366
86,,6811230,1,20260819,3910,469,,,,,,3869,642,,,,,,3,35.43722003437449,134.767839,,,0,,0,,0,0,0,0,,0,207,blue,4379,4511,8890
86,,6811260,1,20260819,6289,1142,,,,,,7302,1585,,,,,,3,35.01754603383091,136.023618,,,0,,0,,0,0,0,0,,0,207,blue,7431,8887,16318
86,,6811310,1,20260819,,,,,,,,,,,,,,,3,34.78856603352747,134.816183,,,1,,0,,0,0,0,0,,0,207,blue,0,0,0
86,,6811320,1,20260819,,,,,,,,,,,,,,,3,34.81472203356237,134.673055,,,1,,0,,0,0,0,0,,0,207,blue,0,0,0
86,,6811340,1,20260819,2,0,,,,,,1706,10,,,,,,3,34.83503003358942,134.618945,,,1,,0,,0,0,0,0,,0,207,blue,2,1716,1718
86,,6811400,1,20260819,3983,828,,,,,,3766,828,,,,,,3,34.54152803319483,135.675417,,,0,,0,,0,0,0,0,,0,207,blue,4811,4594,9405
88,,8810010,1,20260819,2199,524,0,,,,,1963,560,0,,,,,3,34.22576903276199,134.506281,,,0,0,0,0,0,0,0,0,0,0,207,blue,2723,2523,5246
88,,8810040,1,20260819,2032,583,0,,,,,2082,685,0,,,,,3,34.21202803274294,134.426444,,,0,0,0,0,0,0,0,0,0,0,207,blue,2615,2767,5382
88,,8810050,1,20260819,,,,,,,,,,,,,,,3,34.2426940327854,134.369389,,,1,0,0,0,0,0,0,0,0,0,207,blue,0,0,0
88,,8810060,1,20260819,,,,,,,,,,,,,,,3,34.24194403278437,134.333056,,,1,0,0,0,0,0,0,0,0,0,207,blue,0,0,0
88,,8810070,1,20260819,,,,,,,,,,,,,,,3,34.3096610328778,134.235686,,,1,0,0,0,0,0,0,0,0,0,207,blue,0,0,0
88,,8810080,1,20260819,,,,,,,,,,,,,,,3,34.323825032897304,134.203003,,,1,0,0,0,0,0,0,0,0,0,207,blue,0,0,0
88,,8810090,1,20260819,,,,,,,,,,,,,,,3,34.31055603287904,134.040556,,,1,0,0,0,0,0,0,0,0,0,207,blue,0,0,0
88,,8810100,1,20260819,13173,1531,0,,,,,,,,,,,,3,34.31083303287942,134.040833,,,0,0,0,0,0,0,0,0,0,0,207,blue,14704,0,14704
88,,8810110,1,20260819,,,,,,,,,,,,,,,3,34.296344462859466,133.9267892,,,1,0,0,0,0,0,0,0,0,0,207,blue,0,0,0
88,,8810120,1,20260819,8082,556,0,,,,,5211,421,0,,,,,3,34.30830303287593,133.886,,,0,0,0,0,0,4,4,0,0,0,207,blue,8638,5632,14270
88,,8810130,1,20260819,,,,,,,,,,,,,,,3,34.28116903283854,133.818719,,,1,0,0,0,0,1,1,0,0,0,207,blue,0,0,0
88,,8810150,1,20260819,,,,,,,,,,,,,,,3,33.79388903215663,132.931944,,,1,0,0,0,0,0,0,0,0,0,207,blue,0,0,0
88,,8810160,1,20260819,8313,1104,0,,,,,9744,776,0,,,,,3,34.251008032796896,133.916925,,,0,0,0,0,0,0,0,0,0,0,207,blue,9417,10520,19937
88,,8810170,1,20260819,6070,1293,0,,,,,5121,1093,0,,,,,3,34.183472032703364,133.834944,,,0,0,0,0,0,0,0,0,0,0,207,blue,7363,6214,13577
88,,8810180,1,20260819,2253,401,0,,,,,2315,216,0,,,,,3,34.15741703266719,133.82277800000003,,,0,0,0,0,0,0,0,0,0,0,207,blue,2654,2531,5185
88,,8810210,1,20260819,3793,773,0,,,,,2372,774,0,,,,,3,34.02985603248925,133.814811,,,0,0,0,0,0,0,0,0,0,0,207,blue,4566,3146,7712
88,,8810220,1,20260819,2158,761,0,,,,,2296,546,0,,,,,3,33.99827503244498,133.788456,,,0,0,0,0,0,0,0,0,0,0,207,blue,2919,2842,5761
88,,8810270,1,20260819,1233,401,0,,,,,1369,411,0,,,,,3,33.699149792021856,133.6898053,,,0,0,0,0,0,0,0,0,0,0,207,blue,1634,1780,3414
88,,8810310,1,20260819,1039,52,0,,,,,1627,450,0,,,,,3,33.65416703195762,133.66,,,0,0,0,0,0,0,0,0,0,0,207,blue,1091,2077,3168
88,,8810340,1,20260819,,,,,,,,,,,,,,,3,33.55527803181588,133.460556,,,1,0,0,0,0,0,0,0,0,0,207,blue,0,0,0
88,,8810380,1,20260819,,,,,,,,,,,,,,,3,33.555000031815474,133.139444,,,1,0,0,0,0,0,0,0,0,0,207,blue,0,0,0
88,,8810400,1,20260819,,,,,,,,,,,,,,,3,33.58111103185298,132.9925,,,1,0,0,0,0,0,0,0,0,0,207,blue,0,0,0
88,,8810410,1,20260819,1351,129,0,,,,,1364,328,0,,,,,3,33.61805603190595,132.933333,,,0,0,0,0,0,0,0,0,0,0,207,blue,1480,1692,3172
88,,8810420,1,20260819,1593,165,0,,,,,1665,411,0,,,,,3,33.62777803191986,132.916389,,,0,0,0,0,0,0,0,0,0,0,207,blue,1758,2076,3834
88,,8810430,1,20260819,1850,269,0,,,,,2076,464,0,,,,,3,33.646667031946905,132.905833,,,0,0,0,0,0,0,0,0,0,0,207,blue,2119,2540,4659
88,,8810450,1,20260819,,,,,,,,,,,,,,,3,33.68178252199708,132.8835762,,,1,0,0,0,0,0,0,0,0,0,207,blue,0,0,0
88,,8810510,1,20260819,,,,,,,,,,,,,,,3,33.73555603207373,132.811667,,,1,0,0,0,0,0,0,0,0,0,207,blue,0,0,0
88,,8810520,1,20260819,,,,,,,,,,,,,,,6,33.80277803216924,132.7775,,,1,0,0,0,0,0,0,0,0,0,207,blue,0,0,0
88,,8810530,1,20260819,,,,,,,,,,,,,,,3,33.80679213217494,132.7455604,,,1,0,0,0,0,0,0,0,0,0,207,blue,0,0,0
88,,8810560,1,20260819,941,119,0,,,,,651,96,0,,,,,3,33.883114032282926,134.645522,,,0,0,0,0,0,0,0,0,0,0,207,blue,1060,747,1807
88,,8810570,1,20260819,4278,828,0,,,,,3673,830,0,,,,,3,33.87310303226879,134.637228,,,0,0,0,0,0,0,0,0,0,0,207,blue,5106,4503,9609
88,,8810580,1,20260819,3012,467,0,,,,,2793,266,0,,,,,3,33.8064830321745,134.590708,,,0,0,0,0,0,0,0,0,0,0,207,blue,3479,3059,6538
88,,8810640,1,20260819,2017,338,0,,,,,1883,173,0,,,,,3,33.72289703205572,134.519397,,,0,0,0,0,0,0,0,0,0,0,207,blue,2355,2056,4411
88,,8810660,1,20260819,2131,413,0,,,,,2125,301,0,,,,,3,33.66041903196656,134.406369,,,0,0,0,0,0,0,0,0,0,0,207,blue,2544,2426,4970
88,,8810670,1,20260819,2324,201,0,,,,,1922,436,0,,,,,3,33.58200303185425,134.323467,,,0,0,0,0,0,0,0,0,0,0,207,blue,2525,2358,4883
88,,8810690,1,20260819,,,,,,,,,,,,,,,3,33.49111103172349,134.261667,,,1,0,0,0,0,2,2,0,0,0,207,blue,0,0,0
88,,8810720,1,20260819,,,,,,,,,,,,,,,3,33.33499901149748,134.1973409,,,1,0,0,0,0,2,2,0,0,0,207,blue,0,0,0
88,,8810730,1,20260819,,,,,,,,,,,,,,,3,33.2510477313752,134.1807112,,,1,0,0,0,0,3,3,0,0,0,207,blue,0,0,0
88,,8810740,1,20260819,,,,,,,,,,,,,,,3,33.29972203144615,134.123333,,,1,0,0,0,0,2,2,0,0,0,207,blue,0,0,0
88,,8810750,1,20260819,,,,,,,,,,,,,,,3,33.371439791550394,134.039855,,,1,0,0,0,0,0,0,0,0,0,207,blue,0,0,0
88,,8810760,1,20260819,,,,,,,,,,,,,,,3,33.42416703162678,134.023333,,,1,0,0,0,0,0,0,0,0,0,207,blue,0,0,0
88,,8810780,1,20260819,,,,,,,,,,,,,,,3,33.441944031652504,133.966111,,,1,0,0,0,0,0,0,0,0,0,207,blue,0,0,0
88,,8810820,1,20260819,,,,,,,,,,,,,,,3,33.5033880317412,133.878652,,,1,0,0,0,0,0,0,0,0,0,207,blue,0,0,0
88,,8810840,1,20260819,,,,,,,,,,,,,,,3,33.525000031772315,133.760278,,,1,0,0,0,0,0,0,0,0,0,207,blue,0,0,0
88,,8810850,1,20260819,,,,,,,,,,,,,,,3,33.42055603162157,133.301944,,,1,0,0,0,0,0,0,0,0,0,207,blue,0,0,0
88,,8810880,1,20260819,488,69,0,,,,,490,137,0,,,,,3,33.3074340314574,133.179556,,,0,0,0,0,0,2,2,0,0,0,207,blue,557,627,1184
88,,8810890,1,20260819,1042,367,0,,,,,1,3,0,,,,,3,33.28855103142989,133.172023,,,0,0,0,0,0,0,0,0,0,0,207,blue,1409,4,1413
88,,8810910,1,20260819,1229,245,0,,,,,8,2,0,,,,,3,33.266597031397886,133.171467,,,0,0,0,0,0,0,0,0,0,0,207,blue,1474,10,1484
88,,8810920,1,20260819,3127,545,0,,,,,2800,306,0,,,,,3,33.21880803132811,133.140708,,,0,0,0,0,0,0,0,0,0,0,207,blue,3672,3106,6778
88,,8810940,1,20260819,4436,375,0,,,,,4325,337,0,,,,,3,33.0089042010197,132.9856986,,,0,0,0,0,0,0,0,0,0,0,207,blue,4811,4662,9473
88,,8810960,1,20260819,2480,252,0,,,,,2130,470,0,,,,,3,32.97816103097427,132.889125,,,0,0,0,0,0,0,0,0,0,0,207,blue,2732,2600,5332
88,,8810970,1,20260819,1976,463,0,,,,,2022,225,0,,,,,3,32.977644030973515,132.885636,,,0,0,0,0,0,0,0,0,0,0,207,blue,2439,2247,4686
88,,8811000,1,20260819,3781,219,0,,,,,3751,159,0,,,,,3,32.96687203095758,132.865489,,,0,0,0,0,0,0,0,0,0,0,207,blue,4000,3910,7910
88,,8811020,1,20260819,1600,412,0,,,,,1459,328,0,,,,,3,32.96457803095418,132.816661,,,0,0,0,0,0,0,0,0,0,0,207,blue,2012,1787,3799
88,,8811040,1,20260819,2203,421,0,,,,,2789,181,0,,,,,3,32.95833303094494,132.796389,,,0,0,0,0,0,0,0,0,0,0,207,blue,2624,2970,5594
88,,8811050,1,20260819,4061,338,0,,,,,4749,297,0,,,,,3,32.93641403091248,132.736475,,,0,0,0,0,0,0,0,0,0,0,207,blue,4399,5046,9445
88,,8811060,1,20260819,784,84,0,,,,,812,44,0,,,,,3,32.969853030961985,132.683747,,,1,0,0,0,0,0,0,0,0,0,207,blue,868,856,1724
88,,8811070,1,20260819,491,64,0,,,,,567,47,0,,,,,3,32.970303030962654,132.665209,,,1,0,0,0,0,22,22,0,0,0,207,blue,555,614,1169
88,,8811080,1,20260819,2199,148,0,,,,,2145,309,0,,,,,3,32.95232903093605,132.60067,,,0,0,0,0,0,0,0,0,0,0,207,blue,2347,2454,4801
88,,8811090,1,20260819,2290,462,0,,,,,2525,260,0,,,,,3,32.9541190309387,132.584276,,,0,0,0,0,0,0,0,0,0,0,207,blue,2752,2785,5537
88,,8811110,1,20260819,2234,221,0,,,,,1551,266,0,,,,,3,33.04654603107523,132.48536,,,0,0,0,0,0,0,0,0,0,0,207,blue,2455,1817,4272
88,,8811130,1,20260819,2818,391,0,,,,,2617,595,0,,,,,3,33.0789110311229,132.49507,,,0,0,0,0,0,0,0,0,0,0,207,blue,3209,3212,6421
88,,8811140,1,20260819,1529,150,0,,,,,1398,170,0,,,,,3,33.11350003117377,132.518333,,,0,0,0,0,0,0,0,0,0,0,207,blue,1679,1568,3247
88,,8811150,1,20260819,2588,637,0,,,,,2489,666,0,,,,,3,33.12469803119022,132.521282,,,0,0,0,0,0,0,0,0,0,0,207,blue,3225,3155,6380
88,,8811170,1,20260819,2297,380,0,,,,,1940,218,0,,,,,3,33.49517003172935,132.54537,,,0,0,0,0,0,0,0,0,0,0,207,blue,2677,2158,4835
88,,8811180,1,20260819,1682,377,0,,,,,1470,268,0,,,,,3,33.15677703123728,132.5469,,,0,0,0,0,0,0,0,0,0,0,207,blue,2059,1738,3797
88,,8811190,1,20260819,3240,226,0,,,,,3313,488,0,,,,,3,33.264024031394136,132.552651,,,0,0,0,0,0,0,0,0,0,0,207,blue,3466,3801,7267
88,,8811210,1,20260819,8681,1089,0,,,,,8506,1385,0,,,,,3,33.23340003134943,132.559577,,,0,0,0,0,0,0,0,0,0,0,207,blue,9770,9891,19661
88,,8811220,1,20260819,3713,472,0,,,,,3736,689,0,,,,,3,33.21975503132949,132.55883,,,0,0,0,0,0,0,0,0,0,0,207,blue,4185,4425,8610
88,,8811230,1,20260819,7647,1302,0,,,,,8852,887,0,,,,,3,33.21400003132108,132.545961,,,0,0,0,0,0,0,0,0,0,0,207,blue,8949,9739,18688
88,,8811240,1,20260819,3620,755,0,,,,,3652,391,0,,,,,3,33.187563031282394,132.543219,,,0,0,0,0,0,0,0,0,0,0,207,blue,4375,4043,8418
88,,8811250,1,20260819,,,,,,,,,,,,,,,3,33.623917031914345,132.69675,,,1,0,0,0,0,0,0,0,0,0,207,blue,0,0,0
88,,8811260,1,20260819,,,,,,,,,,,,,,,3,33.63910303193607,132.70852,,,1,0,0,0,0,0,0,0,0,0,207,blue,0,0,0
88,,8811300,1,20260819,3091,580,0,,,,,3371,698,0,,,,,3,33.701111032024656,132.7075,,,0,0,0,0,0,0,0,0,0,0,207,blue,3671,4069,7740
88,,8811320,1,20260819,2747,444,0,,,,,2857,791,0,,,,,3,33.99242782243679,133.6034113,,,0,0,0,0,0,0,0,0,0,0,207,blue,3191,3648,6839
88,,8811330,1,20260819,968,278,0,,,,,1247,362,0,,,,,3,33.99611044244195,133.6571521,,,0,0,0,0,0,0,0,0,0,0,207,blue,1246,1609,2855
88,,8811360,1,20260819,813,343,0,,,,,1721,467,0,,,,,3,34.015556032469206,133.77361100000002,,,0,0,0,0,0,0,0,0,0,0,207,blue,1156,2188,3344
88,,8811430,1,20260819,,,,,,,,,,,,,,,3,33.981944032422064,132.778333,,,1,0,0,0,0,0,0,0,0,0,207,blue,0,0,0
88,,8811450,1,20260819,5136,938,0,,,,,4494,991,0,,,,,3,33.98044403241997,133.057088,,,0,0,0,0,0,0,0,0,0,0,207,blue,6074,5485,11559
89,,9810010,1,20260819,8622,578,0,,,,,8155,493,0,,,,,3,33.86852803226232,130.79675,,,1,0,0,0,0,0,0,0,0,0,207,blue,9200,8648,17848
89,,9810020,1,20260819,4199,594,0,,,,,9921,1225,0,,,,,3,33.835259032215276,130.608521,,,0,0,0,0,0,1,1,0,0,0,207,blue,4793,11146,15939
89,,9810030,1,20260819,,,,,,,,,,,,,,,3,33.78978203215081,130.567337,,,1,0,0,0,0,0,0,0,0,0,207,blue,0,0,0
89,,9810040,1,20260819,24691,1927,0,,,,,22581,2247,0,,,,,3,33.744955032087105,130.488242,,,0,0,0,0,0,0,0,0,0,0,207,blue,26618,24828,51446
89,,9810050,1,20260819,,,,,,,,,,,,,,,3,33.73691203207566,130.478193,,,1,0,0,0,0,0,0,0,0,0,207,blue,0,0,0
89,,9810070,1,20260819,16467,2750,0,,,,,18887,3315,0,,,,,3,33.52600403177376,130.49557,,,0,0,0,0,0,0,0,0,0,0,207,blue,19217,22202,41419
89,,9810080,1,20260819,17430,2303,0,,,,,16004,2260,0,,,,,3,33.51100303175216,130.511069,,,0,0,0,0,0,0,0,0,0,0,207,blue,19733,18264,37997
89,,9810090,1,20260819,18076,2069,0,,,,,19360,3047,0,,,,,3,33.510200031751005,130.520977,,,0,0,0,0,0,0,0,0,0,0,207,blue,20145,22407,42552
89,,9810100,1,20260819,11746,2294,0,,,,,12605,2167,0,,,,,3,33.477797031704284,130.53932,,,0,0,0,0,0,0,0,0,0,0,207,blue,14040,14772,28812
89,,9810120,1,20260819,,,,,,,,,,,,,,,3,33.33966203150427,130.525942,,,1,,,,,,,,,,207,blue,0,0,0
89,,9810130,1,20260819,2558,1038,0,,,,,2115,1045,0,,,,,3,33.19870703129871,130.60119,,,0,0,0,0,0,0,0,0,0,0,207,blue,3596,3160,6756
89,,9810140,1,20260819,,,,,,,,,,,,,,,3,33.170447031257325,130.617432,,,1,0,0,0,0,0,0,0,0,0,207,blue,0,0,0
89,,9810150,1,20260819,16887,2012,0,,,,,18798,1850,0,,,,,3,33.86806903226167,130.775199,,,0,0,0,0,0,0,0,0,0,0,207,blue,18899,20648,39547
89,,9810160,1,20260819,14537,1439,0,,,,,,,,,,,,3,33.86432503225638,130.74688,,,0,0,0,0,0,0,0,0,0,0,207,blue,15976,0,15976
89,,9810170,1,20260819,6031,440,0,,,,,7317,572,0,,,,,3,33.648732031949855,130.441499,,,0,0,0,0,0,1,1,0,0,0,207,blue,6471,7889,14360
89,,9810180,1,20260819,22467,3065,0,,,,,22623,2913,0,,,,,3,33.61500003190157,130.438611,,,0,0,0,0,0,0,0,0,0,0,207,blue,25532,25536,51068
89,,9810190,1,20260819,,,,,,,,,,,,,,,3,33.4496850316637,130.546326,,,1,0,0,0,0,0,0,0,0,0,207,blue,0,0,0
89,,9810200,1,20260819,,,,,,,,,,,,,,,3,33.41916903161956,130.532642,,,1,,,,,,,,,,207,blue,0,0,0
89,,9810210,1,20260819,,,,,,,,,,,,,,,3,32.92737203089908,130.698429,,,1,0,0,0,0,0,0,0,0,0,207,blue,0,0,0
89,,9810230,1,20260819,,,,,,,,,,,,,,,3,32.33541003001024,130.485852,,,1,0,0,0,0,0,0,0,0,0,207,blue,0,0,0
89,,9810240,1,20260819,1300,231,0,,,,,1281,180,0,,,,,3,32.24685302987536,130.498828,,,0,0,0,0,0,0,0,0,0,0,207,blue,1531,1461,2992
89,,9810260,1,20260819,,,,,,,,,,,,,,,3,32.06933302960361,130.240833,,,1,0,0,0,0,0,0,0,0,0,207,blue,0,0,0
89,,9810270,1,20260819,,,,,,,,,,,,,,,3,32.05996802958923,130.223169,,,1,0,0,0,0,0,0,0,0,0,207,blue,0,0,0
89,,9810280,1,20260819,,,,,,,,,,,,,,,3,32.00103302949858,130.195866,,,1,0,0,0,0,0,0,0,0,0,207,blue,0,0,0
89,,9810290,1,20260819,,,,,,,,,,,,,,,3,31.77354502914685,130.301221,,,1,0,0,0,0,0,0,0,0,0,207,blue,0,0,0
89,,9810300,1,20260819,,,,,,,,,,,,,,,3,31.752394029113987,130.297198,,,1,0,0,0,0,0,0,0,0,0,207,blue,0,0,0
89,,9810310,1,20260819,,,,,,,,,,,,,,,3,31.671780028988586,130.334671,,,1,0,0,0,0,0,0,0,0,0,207,blue,0,0,0
89,,9810320,1,20260819,,,,,,,,,,,,,,,3,31.644384028945897,130.514685,,,1,0,0,0,0,0,0,0,0,0,207,blue,0,0,0
89,,9810330,1,20260819,12715,699,0,,,,,11576,564,0,,,,,3,31.593127028865894,130.55217,,,0,0,0,0,0,0,0,0,0,0,207,blue,13414,12140,25554
89,,9810340,1,20260819,,,,,,,,,,,,,,,3,31.774587029148464,130.294585,,,1,0,0,0,0,0,0,0,0,0,207,blue,0,0,0
89,,9810350,1,20260819,,,,,,,,12950,1277,0,,,,,3,31.586173028855043,130.521497,,,0,0,0,0,0,0,0,0,0,0,207,blue,0,14227,14227
89,,9810360,1,20260819,,,,,,,,,,,,,,,3,33.6356250319311,131.074923,,,1,0,0,0,0,3,3,0,1,0,207,blue,0,0,0
89,,9810370,1,20260819,,,,,,,,,,,,,,,3,33.60811903189171,131.1134,,,0,0,0,0,0,200,200,202,155,0,207,blue,0,0,0
89,,9810380,1,20260819,,,,,,,,,,,,,,,3,33.55407703181414,131.25154,,,1,0,0,0,0,0,0,0,0,0,207,blue,0,0,0
89,,9810390,1,20260819,,,,,,,,,,,,,,,3,33.47356403169818,131.495973,,,1,0,0,0,0,0,0,0,0,0,207,blue,0,0,0
89,,9810400,1,20260819,,,,,,,,,,,,,,,3,33.4199570316207,131.549075,,,1,0,0,0,0,0,0,0,0,0,207,blue,0,0,0
89,,9810410,1,20260819,,,,,,,,,,,,,,,3,33.35718603152971,131.497308,,,1,0,0,0,0,0,0,0,0,0,207,blue,0,0,0
89,,9810420,1,20260819,18556,1363,0,,,,,18112,1767,0,,,,,3,33.28844603142974,131.50415600000002,,,0,0,0,0,0,0,0,0,0,0,207,blue,19919,19879,39798
89,,9810430,1,20260819,10179,1074,0,,,,,9883,980,0,,,,,3,33.1773230312674,131.619615,,,0,0,0,0,0,0,0,0,0,0,207,blue,11253,10863,22116
89,,9810440,1,20260819,,,,,,,,8386,1293,0,,,,,3,33.091164031140934,131.647172,,,0,0,0,0,0,0,0,0,0,0,207,blue,0,9679,9679
89,,9810450,1,20260819,94,20,0,,,,,60,15,0,,,,,3,33.07813503112177,131.638559,,,0,0,0,0,0,49,49,2,93,0,207,blue,114,75,189
89,,9810460,1,20260819,70,11,0,,,,,75,25,0,,,,,3,33.03375103105637,131.689156,,,1,0,0,0,0,12,12,0,31,0,207,blue,81,100,181
89,,9810470,1,20260819,31,2,0,,,,,32,5,0,,,,,3,33.001599031008915,131.788698,,,1,0,0,0,0,41,41,1,61,0,207,blue,33,37,70
89,,9810480,1,20260819,87,6,0,,,,,88,17,0,,,,,3,32.95275303093668,131.841525,,,0,0,0,0,0,25,25,0,58,0,207,blue,93,105,198
89,,9810490,1,20260819,4,0,0,,,,,8,3,0,,,,,3,32.92192503089102,131.801353,,,1,0,0,0,0,10,10,1,28,0,207,blue,4,11,15
89,,9810500,1,20260819,4,1,0,,,,,1,3,0,,,,,3,32.84521503077709,131.718143,,,1,0,0,0,0,12,12,0,29,0,207,blue,5,4,9
89,,9810510,1,20260819,,,,,,,,,,,,,,,3,33.53550003178742,131.301439,,,1,0,0,0,0,0,0,0,0,0,207,blue,0,0,0
89,,9810520,1,20260819,,,,,,,,9102,801,0,,,,,3,33.17727003126732,131.636491,,,0,0,0,0,0,0,0,0,0,0,207,blue,0,9903,9903
89,,9810530,1,20260819,2,1,0,,,,,2,1,0,,,,,3,32.76588703065887,131.69922,,,0,0,0,0,0,25,25,1,57,0,207,blue,3,3,6
89,,9810540,1,20260819,1,0,0,,,,,0,0,0,,,,,3,32.73308003060985,131.712307,,,1,0,0,0,0,12,12,0,20,0,207,blue,1,0,1
89,,9810550,1,20260819,1,0,0,,,,,0,1,0,,,,,3,32.680641030531355,131.69547,,,1,0,0,0,0,18,18,0,34,0,207,blue,1,1,2
89,,9810560,1,20260819,2,0,0,,,,,0,1,0,,,,,3,32.6162990304348,131.682165,,,1,0,0,0,0,19,19,1,31,0,207,blue,2,1,3
89,,9810580,1,20260819,13,0,0,,,,,10,2,0,,,,,3,32.56240603035372,131.681538,,,1,0,0,0,0,5,5,0,13,0,207,blue,13,12,25
89,,9810590,1,20260819,,,,,,,,,,,,,,,3,32.512945030279155,131.682071,,,0,0,0,0,0,92,92,133,103,0,207,blue,0,0,0
89,,9810600,1,20260819,,,,,,,,,,,,,,,3,32.505475030267874,131.671612,,,1,0,0,0,0,14,14,0,22,0,207,blue,0,0,0
89,,9810610,1,20260819,10,0,0,,,,,3,1,0,,,,,3,32.48380003023514,131.65983,,,0,0,0,0,0,9,9,0,21,0,207,blue,10,4,14
89,,9810620,1,20260819,1,0,0,,,,,4,1,0,,,,,3,32.44750003018023,131.634167,,,1,0,0,0,0,8,8,2,21,0,207,blue,1,5,6
89,,9810630,1,20260819,5,0,0,,,,,5,2,0,,,,,3,32.34169203001978,131.615818,,,1,0,0,0,0,11,11,2,22,0,207,blue,5,7,12
89,,9810640,1,20260819,,,,,,,,,,,,,,,3,32.118920029679714,131.525151,,,1,0,0,0,0,8,8,1,36,0,207,blue,0,0,0
89,,9810650,1,20260819,,,,,,,,,,,,,,,3,32.04093702955998,131.469141,,,1,0,0,0,0,33,33,0,90,0,207,blue,0,0,0
89,,9810660,1,20260819,,,,,,,,,,,,,,,3,31.943136029409334,131.344339,,,1,0,0,0,0,0,0,0,0,0,207,blue,0,0,0
89,,9810670,1,20260819,,,,,,,,,,,,,,,3,31.95151902942227,131.26782500000002,,,1,0,0,0,0,0,0,0,0,0,207,blue,0,0,0
89,,9810680,1,20260819,,,,,,,,,,,,,,,3,31.916759029368613,131.228421,,,1,0,0,0,0,0,0,0,0,0,207,blue,0,0,0
89,,9810690,1,20260819,,,,,,,,,,,,,,,3,31.831007029235955,131.126939,,,1,0,0,0,0,0,0,0,0,0,207,blue,0,0,0
89,,9810700,1,20260819,,,,,,,,,,,,,,,3,31.70972202904765,131.054167,,,1,0,0,0,0,0,0,0,0,0,207,blue,0,0,0
89,,9810710,1,20260819,,,,,,,,,,,,,,,3,31.70997802904806,131.024809,,,1,0,0,0,0,0,0,0,0,0,207,blue,0,0,0
89,,9810720,1,20260819,,,,,,,,,,,,,,,3,31.661481028972545,130.889721,,,1,0,0,0,0,0,0,0,0,0,207,blue,0,0,0
89,,9810730,1,20260819,,,,,,,,,,,,,,,3,31.723242029068686,130.809578,,,1,0,0,0,0,0,0,0,0,0,207,blue,0,0,0
89,,9810740,1,20260819,,,,,,,,,,,,,,,3,33.30389903145224,130.368554,,,1,,,,,,,,,,207,blue,0,0,0
89,,9810750,1,20260819,,,,,,,,,,,,,,,3,33.27419603140898,130.293549,,,1,,,,,,,,,,207,blue,0,0,0
89,,9810760,1,20260819,,,,,,,,,,,,,,,3,33.26474303139519,130.245086,,,1,,,,,,,,,,207,blue,0,0,0
89,,9810770,1,20260819,,,,,,,,,,,,,,,3,33.26041603138888,130.218458,,,1,,,,,,,,,,207,blue,0,0,0
89,,9810780,1,20260819,,,,,,,,,,,,,,,3,33.23447503135101,130.18203100000002,,,1,,,,,,,,,,207,blue,0,0,0
89,,9810790,1,20260819,,,,,,,,,,,,,,,3,33.22225103133315,130.172161,,,1,,,,,,,,,,207,blue,0,0,0
89,,9810800,1,20260819,,,,,,,,,,,,,,,3,33.219025031328435,130.143217,,,1,,,,,,,,,,207,blue,0,0,0
89,,9810810,1,20260819,,,,,,,,,,,,,,,3,33.21595003132393,130.087452,,,1,,,,,,,,,,207,blue,0,0,0
89,,9810820,1,20260819,,,,,,,,,,,,,,,3,33.21877403132806,130.052459,,,1,,,,,,,,,,207,blue,0,0,0
89,,9810830,1,20260819,,,,,,,,,,,,,,,3,33.207839031312076,130.047967,,,1,,,,,,,,,,207,blue,0,0,0
89,,9810840,1,20260819,1426,245,0,,,,,1644,239,0,,,,,3,33.07291503111407,129.960829,,,0,0,0,0,0,0,0,0,0,0,207,blue,1671,1883,3554
89,,9810850,1,20260819,5661,819,0,,,,,5902,852,0,,,,,3,32.995999031000636,129.948701,,,0,0,0,0,0,0,0,0,0,0,207,blue,6480,6754,13234
89,,9810860,1,20260819,,,,,,,,,,,,,,,3,32.9044610308651,129.957531,,,1,0,0,0,0,0,0,0,0,0,207,blue,0,0,0
89,,9810870,1,20260819,,,,,,,,,,,,,,,3,32.8905010308444,129.971348,,,1,0,0,0,0,0,0,0,0,0,207,blue,0,0,0
89,,9810890,1,20260819,,,,,,,,,,,,,,,3,32.87494503082128,130.02412,,,1,0,0,0,0,0,0,0,0,0,207,blue,0,0,0
89,,9810900,1,20260819,,,,,,,,,,,,,,,3,32.83967403076884,130.024592,,,1,0,0,0,0,0,0,0,0,0,207,blue,0,0,0
89,,9810910,1,20260819,,,,,,,,,,,,,,,3,33.19594003129466,129.977938,,,1,0,0,0,0,0,0,0,0,0,207,blue,0,0,0
89,,9810920,1,20260819,225,39,0,,,,,218,20,0,,,,,3,33.191150031287656,129.943948,,,1,0,0,0,0,0,0,0,0,0,207,blue,264,238,502
89,,9810930,1,20260819,3578,572,0,,,,,3563,539,0,,,,,3,33.18881403128423,129.9054,,,0,0,0,0,0,0,0,0,0,0,207,blue,4150,4102,8252
89,,9810940,1,20260819,90,32,0,,,,,84,35,0,,,,,3,32.97184603096493,131.383534,,,1,0,0,0,0,11,11,0,30,0,207,blue,122,119,241
89,,9810950,1,20260819,66,18,0,,,,,90,27,0,,,,,3,32.96828103095967,131.382552,,,1,0,0,0,0,10,10,0,25,0,207,blue,84,117,201
89,,9810960,1,20260819,35,20,0,,,,,28,11,0,,,,,3,32.96091703094877,131.248695,,,1,0,0,0,0,11,11,0,26,0,207,blue,55,39,94
89,,9810970,1,20260819,106,39,0,,,,,0,3,0,,,,,3,33.03288603105509,131.537821,,,1,0,0,0,0,39,39,0,74,0,207,blue,145,3,148
89,,9810980,1,20260819,,,,,,,,,,,,,,,3,33.00262303101042,131.45315500000004,,,1,0,0,0,0,79,79,139,99,0,207,blue,0,0,0
89,,9810990,1,20260819,,,,,,,,,,,,,,,3,32.96097103094884,131.244117,,,1,0,0,0,0,0,0,0,0,0,207,blue,0,0,0
89,,9811000,1,20260819,4803,1009,0,,,,,5429,1027,0,,,,,3,32.93530403091085,131.035064,,,0,0,0,0,0,0,0,0,0,0,207,blue,5812,6456,12268
89,,9811010,1,20260819,,,,,,,,,,,,,,,3,32.87672503082393,130.954853,,,1,0,0,0,0,0,0,0,0,0,207,blue,0,0,0
89,,9811020,1,20260819,3712,554,0,,,,,3511,402,0,,,,,3,32.614306030431806,130.462111,,,0,0,0,0,0,0,0,0,0,0,207,blue,4266,3913,8179
89,,9811030,1,20260819,,,,,,,,,,,,,,,3,32.72539603059835,130.251342,,,1,,,,,,,,,,207,blue,0,0,0
89,,9811040,1,20260819,,,,,,,,,,,,,,,3,32.72077403059144,130.234748,,,1,,,,,,,,,,207,blue,0,0,0
89,,9811050,1,20260819,,,,,,,,,,,,,,,3,32.73587103061402,130.209003,,,1,,,,,,,,,,207,blue,0,0,0
89,,9811060,1,20260819,,,,,,,,,,,,,,,3,32.808908030723025,130.149506,,,1,,,,,,,,,,207,blue,0,0,0
89,,9811070,1,20260819,,,,,,,,,,,,,,,3,32.836521030764146,130.094768,,,1,,,,,,,,,,207,blue,0,0,0
89,,9811080,1,20260819,,,,,,,,,,,,,,,3,32.83196203075736,130.053336,,,1,,,,,,,,,,207,blue,0,0,0
89,,9811090,1,20260819,,,,,,,,,,,,,,,3,33.61888103190713,130.568781,,,0,0,0,0,0,200,200,0,155,0,207,blue,0,0,0
89,,9811100,1,20260819,0,0,0,,,,,0,0,0,,,,,3,33.61860003190672,130.579442,,,0,0,0,0,0,169,169,1,155,0,207,blue,0,0,0
89,,9811110,1,20260819,,,,,,,,,,,,,,,3,33.62194303191151,130.588462,,,1,0,0,0,0,1,1,0,1,0,207,blue,0,0,0
89,,9811120,1,20260819,,,,,,,,,,,,,,,3,33.65684603196145,130.750269,,,1,,,,,,,,,,207,blue,0,0,0
89,,9811130,1,20260819,,,,,,,,,,,,,,,3,33.6514250319537,130.761828,,,1,,,,,,,,,,207,blue,0,0,0
89,,9811140,1,20260819,,,,,,,,,,,,,,,3,33.64137503193933,130.764099,,,1,0,0,0,0,1,1,0,0,0,207,blue,0,0,0
89,,9811150,1,20260819,,,,,,,,,,,,,,,3,33.65331703195642,130.807798,,,1,0,0,0,0,4,4,0,3,0,207,blue,0,0,0
89,,9811170,1,20260819,,,,,,,,,,,,,,,3,33.37200003155121,130.3311,,,1,,,,,,,,,,207,blue,0,0,0
89,,9811180,1,20260819,,,,,,,,,,,,,,,3,33.6231190319132,130.671342,,,1,,,,,,,,,,207,blue,0,0,0
89,,9811190,1,20260819,,,,,,,,,,,,,,,3,33.74379703208545,130.970335,,,1,0,0,0,0,0,0,0,0,0,207,blue,0,0,0
89,,9811210,1,20260819,2474,150,0,,,,,2335,225,0,,,,,3,33.50948303174998,130.110769,,,0,0,0,0,0,0,0,0,0,0,207,blue,2624,2560,5184
89,,9811220,1,20260819,1209,124,0,,,,,1108,76,0,,,,,3,33.501667031738705,130.069167,,,0,0,0,0,0,0,0,0,0,0,207,blue,1333,1184,2517
89,,9811240,1,20260819,4606,927,0,,,,,0,0,0,,,,,3,33.522842031769216,130.168427,,,0,0,0,0,0,0,0,0,0,0,207,blue,5533,0,5533
89,,9811250,1,20260819,7190,671,0,,,,,3,45,0,,,,,3,33.51344603175569,130.14563,,,0,0,0,0,0,0,0,0,0,0,207,blue,7861,48,7909
89,,9811260,1,20260819,1210,114,0,,,,,1300,81,0,,,,,3,33.45431303167039,130.042275,,,0,0,0,0,0,0,0,0,0,0,207,blue,1324,1381,2705
89,,9811270,1,20260819,7514,600,0,,,,,6581,1189,0,,,,,3,33.431110031636834,129.991737,,,0,0,0,0,0,0,0,0,0,0,207,blue,8114,7770,15884
89,,9811280,1,20260819,1230,222,0,,,,,1421,285,0,,,,,3,33.348904031517684,129.933234,,,0,0,0,0,0,0,0,0,0,0,207,blue,1452,1706,3158
89,,9811290,1,20260819,1403,114,0,,,,,1446,78,0,,,,,3,33.331844031492885,129.928169,,,1,0,0,0,0,0,0,0,0,0,207,blue,1517,1524,3041
89,,9811300,1,20260819,646,68,0,,,,,636,40,0,,,,,3,33.268208031400235,129.88248900000002,,,1,0,0,0,0,0,0,0,0,0,207,blue,714,676,1390
89,,9811310,1,20260819,,,,,,,,,,,,,,,3,33.24091903136041,129.850727,,,1,0,0,0,0,0,0,0,0,0,207,blue,0,0,0
89,,9811320,1,20260819,2996,369,0,,,,,2879,328,0,,,,,3,33.45989003167844,130.040128,,,0,0,0,0,0,0,0,0,0,0,207,blue,3365,3207,6572
89,,9811330,1,20260819,262,43,0,,,,,244,37,0,,,,,3,33.38450403156936,129.984455,,,1,0,0,0,0,0,0,0,0,0,207,blue,305,281,586
89,,9811340,1,20260819,,,,,,,,,,,,,,,6,33.31161503146347,130.070351,,,1,,,,,,,,,,207,blue,0,0,0
89,,9811350,1,20260819,,,,,,,,,,,,,,,3,33.304966031453795,130.076971,,,1,,,,,,,,,,207,blue,0,0,0
89,,9811360,1,20260819,5922,867,0,,,,,6207,824,0,,,,,3,33.29002103143203,130.168151,,,0,0,0,0,0,0,0,0,0,0,207,blue,6789,7031,13820
89,,9811370,1,20260819,,,,,,,,,,,,,,,3,33.327444031486486,130.034833,,,1,0,0,0,0,0,0,0,0,0,207,blue,0,0,0
89,,9811380,1,20260819,190,25,0,,,,,229,36,0,,,,,3,33.29362203143727,130.116435,,,1,0,0,0,0,0,0,0,0,0,207,blue,215,265,480
89,,9811390,1,20260819,,,,,,,,,,,,,,,3,33.03691103106103,129.918279,,,1,,,,,,,,,,207,blue,0,0,0
89,,9811400,1,20260819,2986,547,0,,,,,3110,467,0,,,,,3,32.90829103087079,130.661481,,,0,0,0,0,0,0,0,0,0,0,207,blue,3533,3577,7110
89,,9811410,1,20260819,6739,276,0,,,,,6079,216,0,,,,,3,33.01722203103198,130.439722,,,0,0,0,0,0,0,0,0,0,0,207,blue,7015,6295,13310
89,,9811420,1,20260819,6717,500,0,,,,,6749,536,0,,,,,3,33.05710503109079,130.465234,,,0,0,0,0,0,0,0,0,0,0,207,blue,7217,7285,14502
89,,9811450,1,20260819,5364,1198,0,,,,,5525,1293,0,,,,,3,33.01280003102545,130.425184,,,0,0,0,0,0,0,0,0,0,0,207,blue,6562,6818,13380
89,,9811460,1,20260819,7758,1070,0,,,,,7688,1431,0,,,,,3,33.140861031213944,130.422417,,,0,0,0,0,0,0,0,0,0,0,207,blue,8828,9119,17947
89,,9811461,1,20260819,5604,941,0,,,,,6209,1030,0,,,,,3,33.184560031278004,130.387933,,,0,0,0,0,0,0,0,0,0,0,207,blue,6545,7239,13784
89,,9811470,1,20260819,7135,1158,0,,,,,6967,1200,0,,,,,3,33.0462530310748,130.431406,,,0,0,0,0,0,0,0,0,0,0,207,blue,8293,8167,16460
89,,9811480,1,20260819,6462,1209,0,,,,,6407,1084,0,,,,,3,33.055717031088754,130.4292,,,0,0,0,0,0,0,0,0,0,0,207,blue,7671,7491,15162
89,,9811490,1,20260819,7026,1035,0,,,,,8532,1549,0,,,,,3,33.069783031109466,130.42405,,,0,0,0,0,0,0,0,0,0,0,207,blue,8061,10081,18142
89,,9811500,1,20260819,7586,1349,0,,,,,7550,1352,0,,,,,3,33.077520031120855,130.428242,,,0,0,0,0,0,0,0,0,0,0,207,blue,8935,8902,17837
89,,9811510,1,20260819,7125,1129,0,,,,,7679,1412,0,,,,,3,33.08238303112801,130.433017,,,0,0,0,0,0,0,0,0,0,0,207,blue,8254,9091,17345
89,,9811520,1,20260819,6831,1093,0,,,,,7175,1023,0,,,,,3,33.11826103118075,130.430375,,,0,0,0,0,0,0,0,0,0,0,207,blue,7924,8198,16122
89,,9811540,1,20260819,5522,769,0,,,,,5573,577,0,,,,,3,33.15753403123839,130.478771,,,0,0,0,0,0,0,0,0,0,0,207,blue,6291,6150,12441
89,,9811550,1,20260819,5892,769,0,,,,,6371,892,0,,,,,3,33.22942603134362,130.505954,,,0,0,0,0,0,0,0,0,0,0,207,blue,6661,7263,13924
89,,9811560,1,20260819,7482,1080,0,,,,,6671,932,0,,,,,3,33.23505203135184,130.507151,,,0,0,0,0,0,0,0,0,0,0,207,blue,8562,7603,16165
89,,9811570,1,20260819,6186,902,0,,,,,6468,1054,0,,,,,3,33.24799503137074,130.509483,,,0,0,0,0,0,0,0,0,0,0,207,blue,7088,7522,14610
89,,9811580,1,20260819,6394,899,0,,,,,6256,764,0,,,,,3,33.25651503138319,130.509461,,,0,0,0,0,0,0,0,0,0,0,207,blue,7293,7020,14313
89,,9811590,1,20260819,51,5,0,,,,,4166,642,0,,,,,3,33.31995703147561,130.594037,,,0,0,0,0,0,0,0,0,0,0,207,blue,56,4808,4864
89,,9811600,1,20260819,3649,589,0,,,,,4155,598,0,,,,,3,33.345255031512394,130.730893,,,0,0,0,0,0,0,0,0,0,0,207,blue,4238,4753,8991
89,,9811610,1,20260819,3826,429,0,,,,,4528,532,0,,,,,3,33.3437500315102,130.752694,,,0,0,0,0,0,0,0,0,0,0,207,blue,4255,5060,9315
89,,9811620,1,20260819,2589,288,0,,,,,2665,432,0,,,,,3,33.33338803149515,130.801953,,,0,0,0,0,0,0,0,0,0,0,207,blue,2877,3097,5974
89,,9811650,1,20260819,3838,521,0,,,,,3792,575,0,,,,,3,33.331960031493075,130.852326,,,0,0,0,0,0,0,0,0,0,0,207,blue,4359,4367,8726
89,,9811660,1,20260819,1816,174,0,,,,,1828,340,0,,,,,3,33.307732031457824,130.915379,,,0,0,0,0,0,0,0,0,0,0,207,blue,1990,2168,4158
89,,9811670,1,20260819,3513,823,0,,,,,3235,542,0,,,,,3,33.29883403144486,130.938844,,,0,0,0,0,0,0,0,0,0,0,207,blue,4336,3777,8113
89,,9811680,1,20260819,1790,527,0,,,,,1800,362,0,,,,,3,33.29818903144393,130.952388,,,0,0,0,0,0,0,0,0,0,0,207,blue,2317,2162,4479
89,,9811690,1,20260819,3158,616,0,,,,,3294,419,0,,,,,3,33.29921203144541,130.96937,,,0,0,0,0,0,0,0,0,0,0,207,blue,3774,3713,7487
89,,9811700,1,20260819,,,,,,,,,,,,,,,3,33.261645031390664,131.01058,,,1,0,0,0,0,0,0,0,0,0,207,blue,0,0,0
89,,9811710,1,20260819,,,,,,,,,,,,,,,3,33.28000003141744,131.128611,,,1,0,0,0,0,0,0,0,0,0,207,blue,0,0,0
89,,9811720,1,20260819,2393,709,0,,,,,2298,428,0,,,,,3,33.237877031355964,131.175263,,,0,0,0,0,0,0,0,0,0,0,207,blue,3102,2726,5828
89,,9811730,1,20260819,1670,412,0,,,,,1407,319,0,,,,,3,33.2405000313598,131.224187,,,0,0,0,0,0,0,0,0,0,0,207,blue,2082,1726,3808
89,,9811740,1,20260819,1580,519,0,,,,,1657,547,0,,,,,3,33.25496403138093,131.328533,,,0,0,0,0,0,0,0,0,0,0,207,blue,2099,2204,4303
89,,9811750,1,20260819,1662,1303,0,,,,,2570,601,0,,,,,3,33.23715803135492,131.323213,,,0,0,0,0,0,0,0,0,0,0,207,blue,2965,3171,6136
89,,9811760,1,20260819,146,86,0,,,,,8782,912,0,,,,,3,33.18331803127619,131.452171,,,0,0,0,0,0,0,0,0,0,0,207,blue,232,9694,9926
89,,9811770,1,20260819,,,,,,,,,,,,,,,3,31.760789029127036,131.4707,,,1,0,0,0,0,0,0,0,0,0,207,blue,0,0,0
89,,9811780,1,20260819,,,,,,,,,,,,,,,3,31.559046028812634,131.38327000000004,,,1,0,0,0,0,0,0,0,0,0,207,blue,0,0,0
89,,9811790,1,20260819,,,,,,,,,,,,,,,3,31.547715028794922,131.378628,,,1,0,0,0,0,1,1,1,0,0,207,blue,0,0,0
89,,9811800,1,20260819,,,,,,,,,,,,,,,3,31.546675028793285,131.361225,,,1,0,0,0,0,0,0,0,0,0,207,blue,0,0,0
89,,9811810,1,20260819,,,,,,,,,,,,,,,3,31.45214102864519,131.212192,,,1,0,0,0,0,0,0,0,0,0,207,blue,0,0,0
89,,9811820,1,20260819,2229,450,0,,,,,2294,367,0,,,,,3,31.46555602866623,131.154444,,,0,0,0,0,0,0,0,0,0,0,207,blue,2679,2661,5340
89,,9811830,1,20260819,1314,138,0,,,,,1722,95,0,,,,,3,31.447659028638157,131.051761,,,1,0,0,0,0,0,0,0,0,0,207,blue,1452,1817,3269
89,,9811840,1,20260819,3579,416,0,,,,,3342,435,0,,,,,3,31.388108028544615,130.811533,,,0,0,0,0,0,0,0,0,0,0,207,blue,3995,3777,7772
89,,9811850,1,20260819,,,,,,,,,,,,,,,3,31.41813502859181,130.764377,,,1,0,0,0,0,0,0,0,0,0,207,blue,0,0,0
89,,9811860,1,20260819,2222,419,0,,,,,2036,362,0,,,,,3,31.542976028787507,130.706877,,,0,0,0,0,0,0,0,0,0,0,207,blue,2641,2398,5039
89,,9811870,1,20260819,,,,,,,,,,,,,,,3,31.557778028810663,130.718333,,,1,0,0,0,0,0,0,0,0,0,207,blue,0,0,0
89,,9811880,1,20260819,,,,,,,,,,,,,,,3,31.647658028950993,130.819552,,,1,0,0,0,0,0,0,0,0,0,207,blue,0,0,0
89,,9811900,1,20260819,,,,,,,,,,,,,,,3,31.27982902837409,130.291795,,,1,0,0,0,0,0,0,0,0,0,207,blue,0,0,0
89,,9811910,1,20260819,1267,268,0,,,,,1278,245,0,,,,,3,31.2913800283923,130.293564,,,0,0,0,0,0,0,0,0,0,0,207,blue,1535,1523,3058
89,,9811920,1,20260819,1572,82,0,,,,,1555,85,0,,,,,3,31.327343028448986,130.334728,,,0,0,0,0,0,0,0,0,0,0,207,blue,1654,1640,3294
89,,9811930,1,20260819,4653,332,0,,,,,3967,297,0,,,,,3,31.494637028711818,130.506308,,,0,0,0,0,0,0,0,0,0,0,207,blue,4985,4264,9249
89,,9811940,1,20260819,9878,470,0,,,,,8953,374,0,,,,,3,31.527877028763886,130.521631,,,0,0,0,0,0,0,0,0,0,0,207,blue,10348,9327,19675
89,,9811950,1,20260819,,,,,,,,,,,,,,,3,31.289730028389716,130.60717200000002,,,1,0,0,0,0,0,0,0,0,0,207,blue,0,0,0
89,,9811960,1,20260819,,,,,,,,,,,,,,,3,31.323917028443603,130.564308,,,1,0,0,0,0,0,0,0,0,0,207,blue,0,0,0
89,,9811970,1,20260819,,,,,,,,,,,,,,,3,31.466390028667544,130.513245,,,1,0,0,0,0,0,0,0,0,0,207,blue,0,0,0
89,,9811980,1,20260819,,,,,,,,,,,,,,,3,33.34976603151893,129.764492,,,1,,,,,,,,,,207,blue,0,0,0
89,,9812010,1,20260819,,,,,,,,,,,,,,,3,33.13956403121204,129.784069,,,1,,,,,,,,,,207,blue,0,0,0
89,,9812020,1,20260819,,,,,,,,,,,,,,,3,33.28640603142677,130.150153,,,1,,,,,,,,,,207,blue,0,0,0
89,,9812030,1,20260819,3719,607,0,,,,,3121,437,0,,,,,3,33.0852950311323,131.637799,,,1,0,0,0,0,0,0,0,0,0,207,blue,4326,3558,7884
89,,9812040,1,20260819,2647,560,0,,,,,3177,421,0,,,,,3,32.56861103036308,131.553056,,,0,0,0,0,0,0,0,0,0,0,207,blue,3207,3598,6805
89,,9812050,1,20260819,,,,,,,,,,,,,,,3,33.55027803180869,130.478333,,,1,,,,,,,,,,207,blue,0,0,0
89,,9812060,1,20260819,,,,,,,,,,,,,,,3,32.92625003089743,131.00539,,,1,,,,,,,,,,207,blue,0,0,0
89,,9812070,1,20260819,4028,728,0,,,,,4734,814,0,,,,,3,32.90000003085849,130.933611,,,0,0,0,0,0,0,0,0,0,0,207,blue,4756,5548,10304
89,,9812080,1,20260819,6134,693,0,,,,,6401,511,0,,,,,3,33.27595303141153,130.319462,,,0,0,0,0,0,0,0,0,0,0,207,blue,6827,6912,13739
89,,9812090,1,20260819,,,,,,,,,,,,,,,3,33.59653803187511,130.611685,,,1,,,,,,,,,,207,blue,0,0,0
89,,9812100,1,20260819,1578,320,0,,,,,1446,279,0,,,,,3,33.05235003108379,130.430417,,,0,0,0,0,0,0,0,0,0,0,207,blue,1898,1725,3623
89,,9812110,1,20260819,1985,1861,0,,,,,936,4581,0,,,,,3,33.15888903124039,129.761111,,,0,0,0,0,0,0,0,0,0,0,207,blue,3846,5517,9363
89,,9812120,1,20260819,9438,1059,0,,,,,9342,1194,0,,,,,3,31.737096029090242,130.677414,,,0,0,0,0,0,0,0,0,0,0,207,blue,10497,10536,21033
89,,9812130,1,20260819,5483,950,0,,,,,7220,909,0,,,,,3,33.32114903147733,130.391671,,,0,0,0,0,0,0,0,0,0,0,207,blue,6433,8129,14562
89,,9812140,1,20260819,541,71,0,,,,,500,111,0,,,,,3,32.733917030611096,130.31245,,,0,0,0,0,0,0,0,0,0,0,207,blue,612,611,1223
89,,9812150,1,20260819,1532,205,0,,,,,1629,240,0,,,,,3,33.06265303109897,129.960344,,,0,0,0,0,0,0,0,0,0,0,207,blue,1737,1869,3606
90,,10810020,1,20260819,3560,238,0,,,,,6042,482,0,,,,,3,26.424849820394154,127.81697970000002,,,0,0,0,0,0,3,3,0,0,0,207,blue,3798,6524,10322
90,,10810030,1,20260819,4404,86,0,,,,,10442,854,0,,,,,3,26.20527802002984,127.672778,,,0,0,0,0,0,0,0,0,0,0,207,blue,4490,11296,15786
90,,10810040,1,20260819,7961,584,0,,,,,4253,493,0,,,,,3,26.206111020031226,127.665833,,,0,0,0,0,0,0,0,0,0,0,207,blue,8545,4746,13291
90,,10810050,1,20260819,2650,176,0,,,,,3016,293,0,,,,,3,26.69152402083745,128.108879,,,0,,,,,,,,,,207,blue,2826,3309,6135
90,,10810060,1,20260819,0,0,0,,,,,0,0,0,,,,,3,26.634931020743306,128.037283,,,0,,,,,,,,,,207,blue,0,0,0
90,,10810070,1,20260819,0,0,0,,,,,0,0,0,,,,,3,26.60195202068847,127.99972500000001,,,0,,,,,,,,,,207,blue,0,0,0
90,,10810080,1,20260819,5293,780,0,,,,,5439,449,0,,,,,3,26.583164020657225,127.99781300000001,,,0,,,,,,,,,,207,blue,6073,5888,11961
90,,10810090,1,20260819,4323,263,0,,,,,5156,219,0,,,,,3,26.573059020640425,127.989432,,,0,,,,,,,,,,207,blue,4586,5375,9961
90,,10810100,1,20260819,5514,429,0,,,,,4683,325,0,,,,,3,26.558695020616547,127.976575,,,0,,,,,,,,,,207,blue,5943,5008,10951
90,,10810110,1,20260819,0,0,0,,,,,0,0,0,,,,,3,26.547043020597176,127.96594700000001,,,0,,,,,,,,,,207,blue,0,0,0
90,,10810120,1,20260819,18970,2863,0,,,,,10144,1234,0,,,,,3,26.545420020594484,127.96513700000001,,,0,,,,,,,,,,207,blue,21833,11378,33211
90,,10810130,1,20260819,7890,571,0,,,,,6561,567,0,,,,,3,26.541292020587623,127.95978,,,0,,,,,,,,,,207,blue,8461,7128,15589
90,,10810140,1,20260819,7843,501,0,,,,,8018,501,0,,,,,3,26.536514020579673,127.935453,,,0,,,,,,,,,,207,blue,8344,8519,16863
90,,10810150,1,20260819,0,0,0,,,,,0,0,0,,,,,3,26.51382402054197,127.901775,,,0,,,,,,,,,,207,blue,0,0,0
90,,10810160,1,20260819,6710,50,0,,,,,7279,418,0,,,,,3,26.503684020525117,127.87991000000001,,,0,,,,,,,,,,207,blue,6760,7697,14457
90,,10810170,1,20260819,0,0,0,,,,,0,0,0,,,,,3,26.49844302051641,127.86208000000002,,,0,,,,,,,,,,207,blue,0,0,0
90,,10810180,1,20260819,5397,14,0,,,,,7404,144,0,,,,,3,26.48233402048965,127.85135699999998,,,0,,,,,,,,,,207,blue,5411,7548,12959
90,,10810190,1,20260819,0,0,0,,,,,0,0,0,,,,,3,26.44345902042506,127.805583,,,0,,,,,,,,,,207,blue,0,0,0
90,,10810200,1,20260819,,,,,,,,,,,,,,,3,26.338860020251406,127.7508,,,1,,,,,,,,,,207,blue,0,0,0
90,,10810220,1,20260819,24231,2847,0,,,,,14307,6652,0,,,,,3,26.26837002013446,127.73051999999998,,,0,,,,,,,,,,207,blue,27078,20959,48037
90,,10810230,1,20260819,13642,2632,0,,,,,15645,2517,0,,,,,3,26.266310020131048,127.72327,,,0,,,,,,,,,,207,blue,16274,18162,34436
90,,10810240,1,20260819,0,0,0,,,,,0,0,0,,,,,3,26.269040020135566,127.72616000000001,,,0,,,,,,,,,,207,blue,0,0,0
90,,10810260,1,20260819,11771,227,0,,,,,8974,826,0,,,,,3,26.273440020142868,127.71261000000001,,,0,,,,,,,,,,207,blue,11998,9800,21798
90,,10810270,1,20260819,0,0,0,,,,,0,0,0,,,,,3,26.451180020437896,127.89631,,,0,,,,,,,,,,207,blue,0,0,0
90,,10810280,1,20260819,3089,24,0,,,,,8297,7,0,,,,,3,26.4491400204345,127.849893,,,0,,,,,,,,,,207,blue,3113,8304,11417
90,,10810290,1,20260819,2801,242,0,,,,,3287,312,0,,,,,3,26.448972020434223,127.90855300000001,,,0,,,,,,,,,,207,blue,3043,3599,6642
90,,10810300,1,20260819,8934,737,0,,,,,7233,556,0,,,,,3,26.30711002019872,127.81338,,,0,,,,,,,,,,207,blue,9671,7789,17460
90,,10810310,1,20260819,0,0,0,,,,,0,0,0,,,,,3,26.287560020166286,127.81449,,,0,,,,,,,,,,207,blue,0,0,0
90,,10810320,1,20260819,11661,2109,0,,,,,9597,629,0,,,,,3,26.22351002006007,127.76571,,,0,,,,,,,,,,207,blue,13770,10226,23996
90,,10810330,1,20260819,,,,,,,,,,,,,,,3,26.200760020022358,127.75174999999999,,,1,,,,,,,,,,207,blue,0,0,0
90,,10810340,1,20260819,13404,385,0,,,,,11550,551,0,,,,,3,26.25841002011794,127.75767000000002,,,0,,,,,,,,,,207,blue,13789,12101,25890
90,,10810350,1,20260819,0,0,0,,,,,0,0,0,,,,,3,26.24962002010336,127.74765,,,0,,,,,,,,,,207,blue,0,0,0
90,,10810360,1,20260819,23955,3011,0,,,,,27383,980,0,,,,,3,26.25443002011134,127.73508000000001,,,0,,,,,,,,,,207,blue,26966,28363,55329
90,,10810370,1,20260819,26437,894,0,,,,,27071,471,0,,,,,3,26.25456002011155,127.72416000000001,,,0,,,,,,,,,,207,blue,27331,27542,54873
90,,10810380,1,20260819,15116,1354,0,,,,,15905,1981,0,,,,,3,26.169530019970612,127.65168,,,0,,,,,,,,,,207,blue,16470,17886,34356
90,,10810390,1,20260819,0,0,0,,,,,0,0,0,,,,,3,26.154010019944888,127.65812,,,0,,,,,,,,,,207,blue,0,0,0
90,,10810400,1,20260819,0,0,0,,,,,0,0,0,,,,,3,26.130710019906292,127.66514,,,0,,,,,,,,,,207,blue,0,0,0
90,,10810410,1,20260819,0,0,0,,,,,0,0,0,,,,,3,26.11574001988149,127.66860000000001,,,0,,,,,,,,,,207,blue,0,0,0
90,,10810420,1,20260819,0,0,0,,,,,0,0,0,,,,,3,26.09400001984549,127.71590000000002,,,0,,,,,,,,,,207,blue,0,0,0
90,,10810430,1,20260819,0,0,0,,,,,0,0,0,,,,,3,26.128730019903006,127.75918999999999,,,0,,,,,,,,,,207,blue,0,0,0
90,,10810440,1,20260819,0,0,0,,,,,0,0,0,,,,,3,26.140140019921905,127.77529,,,0,,,,,,,,,,207,blue,0,0,0
90,,10810450,1,20260819,0,0,0,,,,,0,0,0,,,,,3,26.170060019971476,127.8265,,,0,,,,,,,,,,207,blue,0,0,0
90,,10810460,1,20260819,0,0,0,,,,,0,0,0,,,,,3,26.20426002002816,127.652556,,,0,,,,,,,,,,207,blue,0,0,0
90,,10810470,1,20260819,0,0,0,,,,,0,0,0,,,,,3,26.209250020036425,127.73744999999998,,,1,,,,,,,,,,207,blue,0,0,0
90,,10810480,1,20260819,0,0,0,,,,,0,0,0,,,,,3,26.18171001999079,127.73158000000001,,,1,,,,,,,,,,207,blue,0,0,0
90,,10810490,1,20260819,0,0,0,,,,,0,0,0,,,,,3,26.17543001998038,127.70638000000001,,,0,,,,,,,,,,207,blue,0,0,0
90,,10810510,1,20260819,,,,,,,,,,,,,,,3,26.17208001997483,127.69662,,,1,,,,,,,,,,207,blue,0,0,0
90,,10810520,1,20260819,0,0,0,,,,,0,0,0,,,,,3,26.17121001997338,127.67963999999999,,,0,,,,,,,,,,207,blue,0,0,0
83,,3110110,1,20260819,6456,931,0,0,0,0,0,6259,1071,0,0,0,0,0,3,36.019401995100274,140.15926790000003,,,,,,,,,,,,,201,red,7387,7330,14717
83,,3110120,1,20260819,8085,1581,0,0,0,0,0,78,14,0,0,0,0,0,3,36.297327425434645,140.4228446,,,,,,,,,,,,,201,red,9666,92,9758
83,,3110490,1,20260819,6375,709,0,0,0,0,0,5812,644,0,0,0,0,0,3,36.3924270955472,140.2677888,,,,,,,,,,,,,201,red,7084,6456,13540
83,,3110520,1,20260819,3807,487,0,0,0,0,0,3898,553,0,0,0,0,0,3,35.95803238502537,140.6007609,,,,,,,,,,,,,201,red,4294,4451,8745
83,,3310760,1,20260819,6421,741,0,0,0,0,0,6435,432,0,0,0,0,0,3,36.333593035477676,140.487226,,,,,,,,,,,,,201,red,7162,6867,14029
