地方整備局等番号,開発建設部／都道府県コード,常時観測点コード,収集時間フラグ（5分間／1時間）,観測年月日,上り・小型交通量,上り・大型交通量,上り・車種判別不能交通量,上り・停電,上り・ループ異常,上り・超音波異常,上り・欠測,下り・小型交通量,下り・大型交通量,下り・車種判別不能交通量,下り・停電,下り・ループ異常,下り・超音波異常,下り・欠測,道路種別,lat,lng,lng2,lat2,カメラプリセット位置,気象影響による映像不良,照度不足,突発事象（交通事故等）,サーバの稼働,カメラの映像受信,映像のデコード処理,デコード映像から映像解析機能への取込加工処理の失敗,映像解析機能のフリーズ,その他エラー,count,color,上り・交通量,下り・交通量,交通量
81,02,1110010,1,20260818,7990,2399,0,0,0,0,0,6427,2021,0,0,0,0,0,3,41.93108757020422,140.6421045,,,,,,,,,,,,,200,red,10389,8448,18837
81,02,1110020,1,20260818,2937,1091,0,0,0,0,0,2531,869,0,0,0,0,0,3,42.1540981903046,140.4840606,,,,,,,,,,,,,200,red,4028,3400,7428
81,03,1110030,1,20260818,706,170,0,0,0,0,0,637,171,0,0,0,0,0,3,42.672714040509845,140.377502,,,,,,,,,,,,,200,red,876,808,1684
81,03,1110050,1,20260818,3093,803,0,0,0,0,0,3927,1018,0,0,0,0,0,3,43.121255040655214,140.735792,,,,,,,,,,,,,200,red,3896,4945,8841
81,03,1110060,1,20260818,4778,555,0,0,0,0,0,4944,825,0,0,0,0,0,3,43.19868804067728,140.862496,,,,,,,,,,,,,200,red,5333,5769,11102
81,03,1110080,1,20260818,9068,1463,0,0,0,0,0,9292,1481,0,0,0,0,0,3,43.153022040664396,141.118728,,,,,,,,,,,,,200,red,10531,10773,21304
81,01,1110090,1,20260818,12639,893,0,0,0,0,0,9722,578,0,0,0,0,0,3,43.08364407064419,141.3496424,,,,,,,,,,,,,200,red,13532,10300,23832
81,02,1110100,1,20260818,9163,1256,0,0,0,0,0,8362,986,0,0,0,0,0,3,41.855509180168546,140.7378302,,,,,,,,,,,,,200,red,10419,9348,19767
81,02,1110110,1,20260818,6268,832,5,0,0,0,1,4709,814,14,0,0,0,1,3,41.91094404019478,140.69325,,,,,,,,,,,,,200,red,7105,5537,12642
81,03,1110120,1,20260818,324,25,12,0,0,0,0,371,38,10,0,0,0,0,3,42.65674504050413,140.412444,,,,,,,,,,,,,200,red,361,419,780
81,01,1110130,1,20260818,7149,675,0,0,0,0,0,6858,643,0,0,0,0,0,3,43.18473404067338,141.721783,,,,,,,,,,,,,200,red,7824,7501,15325
81,01,1110140,1,20260818,3394,682,0,0,0,0,0,3186,758,0,0,0,0,0,3,43.351557040718205,141.866096,,,,,,,,,,,,,200,red,4076,3944,8020
81,04,1110150,1,20260818,4839,1234,0,0,0,0,0,5413,1402,0,0,0,0,0,3,43.72678204080376,142.211538,,,,,,,,,,,,,200,red,6073,6815,12888
81,04,1110160,1,20260818,7334,1150,269,0,0,4,0,7812,1274,205,0,0,0,0,3,43.798283040817644,142.333692,,,,,,,,,,,,,200,red,8753,9291,18044
81,01,1110170,1,20260818,0,0,0,0,0,200,0,0,0,0,0,0,200,0,3,42.95409804060455,141.495931,,,,,,,,,,,,,200,red,0,0,0
81,05,1110180,1,20260818,7733,1379,0,0,0,0,0,8702,1276,0,0,0,0,0,3,42.619514790490626,141.5539538,,,,,,,,,,,,,200,red,9112,9978,19090
81,05,1110190,1,20260818,7140,875,827,0,0,63,0,7507,863,41,0,0,0,0,3,42.38500765040089,141.0774629,,,,,,,,,,,,,200,red,8842,8411,17253
81,05,1110200,1,20260818,0,0,0,0,0,200,0,1433,596,0,0,0,0,0,3,42.60033645048358,140.6268309,,,,,,,,,,,,,200,red,0,2029,2029
81,01,1110220,1,20260818,2192,346,0,0,0,0,0,2080,330,0,0,0,0,0,3,43.53094035076174,142.1739006,,,,,,,,,,,,,200,red,2538,2410,4948
81,04,1110230,1,20260818,2703,334,0,0,0,0,0,2950,314,0,0,0,0,0,3,43.34513804071655,142.377435,,,,,,,,,,,,,200,red,3037,3264,6301
81,04,1110240,1,20260818,0,0,1301,0,0,200,0,0,0,1301,0,0,200,0,3,43.16138604066678,142.575567,,,,,,,,,,,,,200,red,1301,1301,2602
81,07,1110250,1,20260818,2245,770,0,0,0,0,0,2497,807,0,0,0,0,0,3,42.96760298060881,142.8955221,,,,,,,,,,,,,200,red,3015,3304,6319
81,07,1110260,1,20260818,4668,482,67,0,0,0,0,4021,386,48,0,0,0,0,3,42.91673291059265,143.2700872,,,,,,,,,,,,,200,red,5217,4455,9672
81,07,1110270,1,20260818,635,269,0,0,0,0,4,582,254,0,0,0,0,4,3,42.832729040565155,143.765979,,,,,,,,,,,,,200,red,904,836,1740
81,06,1110280,1,20260818,2878,634,0,0,0,0,0,3416,758,0,0,0,0,0,3,43.002010860619514,144.2464972,,,,,,,,,,,,,200,red,3512,4174,7686
81,06,1110281,1,20260818,4149,992,0,0,0,0,0,5070,875,0,0,0,0,0,3,43.03483108062955,144.3754256,,,,,,,,,,,,,200,red,5141,5945,11086
81,06,1110282,1,20260818,2829,880,0,0,0,0,0,2788,765,0,0,0,0,0,3,43.01628558062389,144.4224501,,,,,,,,,,,,,200,red,3709,3553,7262
81,06,1110283,1,20260818,1897,655,0,0,0,0,0,1609,409,0,0,0,0,0,3,43.00268904061971,144.473627,,,,,,,,,,,,,200,red,2552,2018,4570
81,04,1110290,1,20260818,3683,444,0,0,0,0,0,3170,344,0,0,0,0,0,3,43.818868040821506,142.447347,,,,,,,,,,,,,200,red,4127,3514,7641
81,04,1110300,1,20260818,831,248,9,0,0,0,0,0,0,963,0,0,200,0,3,43.84894404082702,142.744489,,,,,,,,,,,,,200,red,1088,963,2051
81,04,1110310,1,20260818,1140,312,16,0,0,0,0,0,0,1243,0,0,200,0,3,43.781848040814516,142.90227300000004,,,,,,,,,,,,,200,red,1468,1243,2711
81,08,1110320,1,20260818,763,225,0,0,200,0,0,796,281,0,0,200,0,0,3,43.750539740808456,143.4918536,,,,,,,,,,,,,200,red,988,1077,2065
81,08,1110330,1,20260818,3744,337,62,0,0,0,0,4588,455,0,0,200,0,0,3,43.79818204081763,143.833134,,,,,,,,,,,,,200,red,4143,5043,9186
81,08,1110331,1,20260818,1348,494,0,0,0,0,0,1420,344,0,0,0,0,0,3,43.7822242308146,143.8981667,,,,,,,,,,,,,200,red,1842,1764,3606
81,08,1110332,1,20260818,1159,410,0,0,0,0,0,1064,311,0,0,0,0,0,3,43.80292804081852,143.926029,,,,,,,,,,,,,200,red,1569,1375,2944
81,08,1110340,1,20260818,,,,0,0,0,200,,,,0,0,0,200,3,43.85309704082778,144.102175,,,,,,,,,,,,,200,red,0,0,0
81,08,1110350,1,20260818,2145,214,0,0,0,0,2,1727,159,0,0,0,0,2,3,43.87040004083089,144.150466,,,,,,,,,,,,,200,red,2359,1886,4245
81,04,1110360,1,20260818,4872,839,0,0,0,0,0,4321,826,0,0,0,0,0,3,43.819632040821645,142.40886,,,,,,,,,,,,,200,red,5711,5147,10858
81,04,1110370,1,20260818,1685,484,85,0,0,0,0,1795,357,2,0,0,0,0,3,43.9375450408425,142.46586,,,,,,,,,,,,,200,red,2254,2154,4408
81,04,1110380,1,20260818,122,58,0,0,111,0,89,128,48,0,0,111,0,89,3,44.49438804091256,142.340371,,,,,,,,,,,,,200,red,180,176,356
81,04,1110390,1,20260818,471,219,0,0,0,0,2,545,157,0,0,0,0,2,3,44.82270404093181,142.065768,,,,,,,,,,,,,200,red,690,702,1392
81,04,1110400,1,20260818,,,,0,0,0,200,,,,0,0,0,200,3,44.331686040896926,142.446612,,,,,,,,,,,,,200,red,0,0,0
81,04,1110410,1,20260818,1828,314,83,0,0,0,0,1732,203,8,0,0,0,0,3,44.4124520409052,142.40433,,,,,,,,,,,,,200,red,2225,1943,4168
81,04,1110420,1,20260818,1472,563,0,0,200,0,0,,,,0,0,0,200,3,44.436504040907465,142.370834,,,,,,,,,,,,,200,red,2035,0,2035
81,04,1110430,1,20260818,1208,309,11,0,0,0,1,1238,186,9,0,0,0,1,3,44.46719604091022,142.373557,,,,,,,,,,,,,200,red,1528,1433,2961
81,04,1110431,1,20260818,934,286,0,0,0,0,0,994,166,0,0,0,0,0,3,44.49400304091251,142.349754,,,,,,,,,,,,,200,red,1220,1160,2380
81,10,1110440,1,20260818,614,208,0,0,200,0,0,906,127,101,0,0,0,0,3,45.01690604093549,141.836757,,,,,,,,,,,,,200,red,822,1134,1956
81,10,1110460,1,20260818,438,112,220,0,0,96,5,812,137,2,0,0,0,5,3,45.20892604093353,141.770096,,,,,,,,,,,,,200,red,770,951,1721
81,06,1110470,1,20260818,3143,214,35,0,0,0,0,2863,159,18,0,0,0,0,3,42.99479183061728,144.4493526,,,,,,,,,,,,,200,red,3392,3040,6432
81,06,1110480,1,20260818,1308,292,8,0,0,0,0,1331,196,7,0,0,0,0,3,43.13343702065876,145.0159693,,,,,,,,,,,,,200,red,1608,1534,3142
81,02,1110490,1,20260818,1879,473,0,0,0,0,0,1252,588,0,0,0,0,0,3,41.89734796018839,140.6338191,,,,,,,,,,,,,200,red,2352,1840,4192
81,02,1110500,1,20260818,1387,236,0,0,200,0,0,1354,147,90,0,0,0,0,3,41.480587619979374,140.2558047,,,,,,,,,,,,,200,red,1623,1591,3214
81,02,1110510,1,20260818,4638,552,111,0,0,0,0,5515,579,9,0,0,0,0,3,41.83901009016065,140.7069415,,,,,,,,,,,,,200,red,5301,6103,11404
81,02,1110520,1,20260818,2919,400,0,0,200,0,0,2822,547,0,0,200,0,0,3,41.83229743015742,140.67026760000002,,,,,,,,,,,,,200,red,3319,3369,6688
81,02,1110530,1,20260818,2534,221,59,0,0,0,0,1947,151,72,0,0,0,0,3,41.82065939015182,140.6236414,,,,,,,,,,,,,200,red,2814,2170,4984
81,03,1110540,1,20260818,186,24,0,0,0,0,0,185,18,0,0,0,0,0,3,43.24834804069096,140.33431600000003,,,,,,,,,,,,,200,red,210,203,413
81,03,1110550,1,20260818,0,0,0,0,0,200,0,914,324,0,0,0,0,0,3,42.96644104060844,140.471476,,,,,,,,,,,,,200,red,0,1238,1238
81,03,1110560,1,20260818,169,33,0,0,0,0,0,145,29,0,0,0,0,0,3,42.69059604051622,139.972281,,,,,,,,,,,,,200,red,202,174,376
81,02,1110570,1,20260818,533,71,0,0,0,0,0,494,81,0,0,0,0,0,3,42.068390450266875,140.0715584,,,,,,,,,,,,,200,red,604,575,1179
81,01,1110600,1,20260818,7213,1649,0,0,0,0,0,3978,1430,0,0,0,0,0,3,43.1876802706742,141.3248983,,,,,,,,,,,,,200,red,8862,5408,14270
81,01,1110610,1,20260818,1097,151,0,0,0,0,0,0,0,0,0,0,200,0,3,43.377555040724815,141.428392,,,,,,,,,,,,,200,red,1248,0,1248
81,09,1110620,1,20260818,1504,163,0,0,0,0,0,1530,145,0,0,0,0,0,3,43.89116004083455,141.602442,,,,,,,,,,,,,200,red,1667,1675,3342
81,09,1110630,1,20260818,,,,0,0,0,200,,,,0,0,0,200,3,44.71198204092715,141.790418,,,,,,,,,,,,,200,red,0,0,0
81,09,1110640,1,20260818,1769,544,0,0,0,0,0,1835,662,0,0,0,0,0,3,43.99996504085269,141.656227,,,,,,,,,,,,,200,red,2313,2497,4810
81,01,1110650,1,20260818,1098,145,0,0,0,0,0,1012,133,0,0,0,0,0,3,43.76598569081147,141.953873,,,,,,,,,,,,,200,red,1243,1145,2388
81,09,1110660,1,20260818,753,156,0,0,0,0,0,967,161,0,0,0,0,0,3,43.919969040839526,141.687135,,,,,,,,,,,,,200,red,909,1128,2037
81,01,1110670,1,20260818,859,115,6,0,0,0,0,780,92,3,0,0,0,0,3,43.719328040802246,141.995229,,,,,,,,,,,,,200,red,980,875,1855
81,01,1110680,1,20260818,1145,198,30,0,0,0,0,1149,139,3,0,0,0,0,3,43.80247704081843,141.939455,,,,,,,,,,,,,200,red,1373,1291,2664
81,01,1110690,1,20260818,1299,212,2,0,0,0,0,1265,184,4,0,0,0,0,3,43.804048040818735,141.856355,,,,,,,,,,,,,200,red,1513,1453,2966
81,09,1110700,1,20260818,1453,591,0,0,198,4,2,1574,286,6,0,0,0,2,3,43.84518804082634,141.778679,,,,,,,,,,,,,200,red,2044,1866,3910
81,09,1110701,1,20260818,1599,340,0,0,0,0,0,1612,314,0,0,0,0,0,3,43.87822704083228,141.723595,,,,,,,,,,,,,200,red,1939,1926,3865
81,09,1110702,1,20260818,1326,301,0,0,0,0,0,1334,275,0,0,0,0,0,3,43.928072040840895,141.68278,,,,,,,,,,,,,200,red,1627,1609,3236
81,01,1110710,1,20260818,1370,189,0,0,0,200,0,2600,453,0,0,0,0,0,3,43.11269117065273,141.74737440000004,,,,,,,,,,,,,200,red,1559,3053,4612
81,05,1110720,1,20260818,1990,788,66,0,0,0,0,1788,1004,42,0,0,0,0,3,42.81091575055783,141.8315435,,,,,,,,,,,,,200,red,2844,2834,5678
81,05,1110730,1,20260818,2451,521,2,0,0,0,0,1986,419,20,0,0,0,0,3,42.57481157047414,141.9503395,,,,,,,,,,,,,200,red,2974,2425,5399
81,05,1110740,1,20260818,2074,367,0,0,0,0,0,2112,344,0,0,0,0,0,3,42.18634909031852,142.7152599,,,,,,,,,,,,,200,red,2441,2456,4897
81,05,1110750,1,20260818,0,0,0,0,0,200,0,1078,248,0,0,0,0,0,3,42.67572651051092,141.724241,,,,,,,,,,,,,200,red,0,1326,1326
81,05,1110760,1,20260818,4535,1109,0,0,0,0,0,3916,817,0,0,0,0,0,3,42.65945501050509,141.8200069,,,,,,,,,,,,,200,red,5644,4733,10377
81,05,1110770,1,20260818,4132,1027,0,0,0,0,0,3537,705,0,0,0,0,0,3,42.5992918904832,141.8930837,,,,,,,,,,,,,200,red,5159,4242,9401
81,07,1110780,1,20260818,1395,491,6,0,0,0,0,1501,322,2,0,0,0,0,3,42.47939292043798,143.273263,,,,,,,,,,,,,200,red,1892,1825,3717
81,05,1110790,1,20260818,,,,0,0,0,200,,,,0,0,0,200,3,42.23567851033952,142.9927157,,,,,,,,,,,,,200,red,0,0,0
81,07,1110800,1,20260818,1084,279,21,0,0,0,0,1360,319,14,0,0,0,0,3,42.944556830601535,143.1061614,,,,,,,,,,,,,200,red,1384,1693,3077
81,07,1110810,1,20260818,931,596,32,0,0,0,0,937,422,17,0,0,0,0,3,42.8783228205802,143.1246418,,,,,,,,,,,,,200,red,1559,1376,2935
81,07,1110820,1,20260818,2875,685,0,0,0,0,0,2323,445,0,0,0,0,0,3,42.772632730544835,143.175416,,,,,,,,,,,,,200,red,3560,2768,6328
81,07,1110830,1,20260818,2493,563,66,0,0,0,0,2078,359,20,0,0,0,0,3,42.722047130527294,143.168571,,,,,,,,,,,,,200,red,3122,2457,5579
81,07,1110831,1,20260818,1813,518,0,0,0,0,0,1566,298,0,0,0,0,0,3,42.67773204051164,143.145688,,,,,,,,,,,,,200,red,2331,1864,4195
81,07,1110832,1,20260818,1588,391,0,0,0,0,0,1390,254,0,0,0,0,0,3,42.637427040497144,143.190237,,,,,,,,,,,,,200,red,1979,1644,3623
81,07,1110833,1,20260818,1195,311,0,0,0,0,0,1017,194,0,0,0,0,0,3,42.550911040465216,143.288527,,,,,,,,,,,,,200,red,1506,1211,2717
81,04,1110840,1,20260818,3999,495,0,0,0,0,0,3208,400,0,0,0,0,0,3,43.67766304079377,142.395871,,,,,,,,,,,,,200,red,4494,3608,8102
81,04,1110850,1,20260818,647,140,0,0,0,0,0,550,128,0,0,0,0,0,3,43.142849040661474,142.416499,,,,,,,,,,,,,200,red,787,678,1465
81,05,1110860,1,20260818,3164,984,0,0,0,0,0,2676,657,0,0,0,0,0,3,42.56014623046868,141.984126,,,,,,,,,,,,,200,red,4148,3333,7481
81,05,1110861,1,20260818,2555,471,0,0,0,0,0,2310,345,0,0,0,0,0,3,42.511718620450374,142.0646378,,,,,,,,,,,,,200,red,3026,2655,5681
81,05,1110862,1,20260818,2279,398,0,0,0,0,0,1958,281,0,0,0,0,0,3,42.476880240437005,142.1551718,,,,,,,,,,,,,200,red,2677,2239,4916
81,08,1110870,1,20260818,1155,363,0,0,200,0,0,962,338,0,0,200,0,0,3,44.122097850870915,144.0483972,,,,,,,,,,,,,200,red,1518,1300,2818
81,08,1110881,1,20260818,1392,376,0,0,0,0,0,1294,345,0,0,0,0,0,3,44.24722204088725,143.491111,,,,,,,,,,,,,200,red,1768,1639,3407
81,08,1110890,1,20260818,1257,275,0,0,200,0,0,1303,259,0,0,200,0,0,3,44.571011040918506,142.9747586,,,,,,,,,,,,,200,red,1532,1562,3094
81,10,1110900,1,20260818,,,,0,0,0,200,,,,0,0,0,200,3,45.401916040925876,141.74393,,,,,,,,,,,,,200,red,0,0,0
81,04,1110910,1,20260818,1273,246,0,0,0,0,0,0,0,0,0,0,200,0,3,44.33124604089689,142.51453,,,,,,,,,,,,,200,red,1519,0,1519
81,04,1110920,1,20260818,,,,0,0,0,200,,,,0,0,0,200,3,44.17901104087865,142.27833,,,,,,,,,,,,,200,red,0,0,0
81,06,1110930,1,20260818,1849,448,0,0,0,0,0,1638,316,0,0,0,0,0,3,43.094167250647295,144.1218925,,,,,,,,,,,,,200,red,2297,1954,4251
81,08,1110941,1,20260818,963,501,0,0,200,0,0,1347,337,0,0,200,0,0,3,43.69889304079811,144.026451,,,,,,,,,,,,,200,red,1464,1684,3148
81,07,1110950,1,20260818,1542,374,31,0,0,0,0,1790,529,11,0,0,0,0,3,43.204237410678836,143.2746363,,,,,,,,,,,,,200,red,1947,2330,4277
81,07,1110960,1,20260818,855,385,0,1,0,0,0,816,467,0,1,0,0,0,3,43.458400040744706,143.740097,,,,,,,,,,,,,200,red,1240,1283,2523
81,07,1110970,1,20260818,1633,605,0,0,0,0,0,1698,643,0,0,0,0,0,3,43.110542040652106,143.580506,,,,,,,,,,,,,200,red,2238,2341,4579
81,06,1110980,1,20260818,876,183,0,0,0,0,0,921,163,0,0,0,0,0,3,43.55969036076827,144.3196517,,,,,,,,,,,,,200,red,1059,1084,2143
81,06,1110990,1,20260818,1041,193,11,0,0,0,0,1019,204,3,0,0,0,0,3,43.46525075074637,144.6738938,,,,,,,,,,,,,200,red,1245,1226,2471
81,06,1111000,1,20260818,885,193,0,0,0,0,0,792,162,0,0,0,0,0,3,43.3767268407246,145.1354671,,,,,,,,,,,,,200,red,1078,954,2032
81,08,1111010,1,20260818,3344,539,0,0,200,0,0,2777,522,0,0,200,0,0,3,43.98185858084978,144.2978521,,,,,,,,,,,,,200,red,3883,3299,7182
81,06,1111020,1,20260818,637,60,4,0,0,0,0,708,69,14,0,0,0,0,3,43.58981766077498,145.2084661,,,,,,,,,,,,,200,red,701,791,1492
81,06,1111030,1,20260818,1500,486,0,0,0,0,0,1331,298,0,0,0,0,0,3,43.02214121062568,144.5287192,,,,,,,,,,,,,200,red,1986,1629,3615
81,06,1111040,1,20260818,0,0,5269,0,0,200,0,4501,1007,0,0,200,0,0,3,43.53929381076365,144.9801323,,,,,,,,,,,,,200,red,5269,5508,10777
81,08,1111050,1,20260818,827,291,0,0,200,0,0,1067,152,16,0,0,0,0,3,44.25159504088778,143.262315,,,,,,,,,,,,,200,red,1118,1235,2353
81,01,1111060,1,20260818,1130,358,0,0,0,0,0,1044,294,0,0,0,0,0,3,42.938085080599464,142.0403856,,,,,,,,,,,,,200,red,1488,1338,2826
81,07,1111080,1,20260818,577,575,0,0,0,0,0,556,522,0,0,0,0,0,3,42.97320004061056,142.816438,,,,,,,,,,,,,200,red,1152,1078,2230
81,01,1111090,1,20260818,5769,1543,0,0,0,0,0,5434,1428,0,0,0,0,0,3,43.12130790065524,141.4830387,,,,,,,,,,,,,200,red,7312,6862,14174
81,01,1111100,1,20260818,2342,823,0,0,0,0,4,2528,837,0,0,0,0,4,3,43.43463367073897,141.8216186,,,,,,,,,,,,,200,red,3165,3365,6530
81,01,1111110,1,20260818,1648,404,0,0,0,0,0,1463,427,0,0,0,0,0,3,43.57168557077097,141.8750113,,,,,,,,,,,,,200,red,2052,1890,3942
81,02,1111130,1,20260818,5679,707,35,0,200,0,0,6559,406,49,0,0,0,0,3,41.77319404012875,140.796333,,,,,,,,,,,,,200,red,6421,7014,13435
81,02,1111140,1,20260818,483,75,0,0,0,0,0,489,161,0,0,0,0,0,3,42.03841781025344,140.8062566,,,,,,,,,,,,,200,red,558,650,1208
81,02,1111145,1,20260818,8334,1004,0,0,0,0,0,9763,1014,0,0,0,0,0,3,41.84000143016112,140.7552781,,,,,,,,,,,,,200,red,9338,10777,20115
81,08,1111150,1,20260818,451,99,0,0,200,0,0,652,116,0,0,200,0,0,3,44.010611040854364,143.413281,,,,,,,,,,,,,200,red,550,768,1318
81,08,1111160,1,20260818,1969,288,39,0,0,0,0,2407,304,171,0,0,0,0,3,43.962452040846635,143.715644,,,,,,,,,,,,,200,red,2296,2882,5178
81,01,1111180,1,20260818,,,,0,0,0,200,,,,0,0,0,200,3,42.815960640559524,141.6810393,,,,,,,,,,,,,200,red,0,0,0
81,01,1111190,1,20260818,0,0,4497,0,0,200,0,186,19,5031,0,0,200,0,3,42.83070733056448,141.6903091,,,,,,,,,,,,,200,red,4497,5236,9733
81,01,1111200,1,20260818,2844,1120,158,0,0,0,0,3403,1302,62,0,200,0,0,3,42.860948090574496,141.7104933,,,,,,,,,,,,,200,red,4122,4767,8889
81,01,1111210,1,20260818,1820,1187,0,0,0,0,0,0,0,0,0,0,200,0,3,43.18556004067363,141.554044,,,,,,,,,,,,,200,red,3007,0,3007
81,06,1111220,1,20260818,955,196,0,0,0,0,0,950,157,0,0,0,0,0,3,43.37269109072359,144.5593071,,,,,,,,,,,,,200,red,1151,1107,2258
81,08,1111230,1,20260818,271,76,5,0,0,0,0,297,79,6,0,0,0,0,3,43.81126104082009,144.489672,,,,,,,,,,,,,200,red,352,382,734
81,06,1111240,1,20260818,279,58,1,0,0,0,0,204,97,2,0,0,0,0,3,42.99604737061767,144.0391088,,,,,,,,,,,,,200,red,338,303,641
81,03,1111250,1,20260818,1210,289,0,0,0,0,0,683,149,0,0,0,0,0,3,43.089578040645954,140.955582,,,,,,,,,,,,,200,red,1499,832,2331
81,04,1111260,1,20260818,1083,215,24,0,0,0,0,1104,184,9,0,0,0,0,3,43.92330404084009,142.480139,,,,,,,,,,,,,200,red,1322,1297,2619
81,04,1111270,1,20260818,0,0,1321,0,0,0,0,0,0,1112,0,0,0,0,3,43.90347904083668,142.548538,,,,,,,,,,,,,200,red,1321,1112,2433
81,04,1111280,1,20260818,2498,583,11,0,0,0,2,2380,365,14,0,0,0,2,3,43.88962304083429,142.598335,,,,,,,,,,,,,200,red,3092,2759,5851
81,04,1111290,1,20260818,2377,571,30,0,0,0,0,2306,355,50,0,0,0,0,3,43.840859040825556,142.737691,,,,,,,,,,,,,200,red,2978,2711,5689
81,04,1111300,1,20260818,1395,398,13,0,0,0,1,1580,261,17,0,0,0,1,3,43.843162040825966,142.799904,,,,,,,,,,,,,200,red,1806,1858,3664
81,04,1111310,1,20260818,,,,0,0,0,200,,,,0,0,0,200,3,43.885885060833616,142.99375530000003,,,,,,,,,,,,,200,red,0,0,0
81,08,1111320,1,20260818,,,,0,0,0,200,,,,0,0,0,200,3,43.942327040843296,143.272964,,,,,,,,,,,,,200,red,0,0,0
81,08,1111321,1,20260818,1083,322,0,0,0,0,0,1366,233,0,0,0,0,0,3,44.005186040853516,143.417614,,,,,,,,,,,,,200,red,1405,1599,3004
81,08,1111322,1,20260818,1046,302,0,0,0,0,0,1311,218,0,0,0,0,0,3,44.010190040854305,143.450296,,,,,,,,,,,,,200,red,1348,1529,2877
81,01,1111330,1,20260818,3374,364,0,0,0,0,0,2919,372,0,0,0,0,0,3,42.93896478059976,141.3440037,,,,,,,,,,,,,200,red,3738,3291,7029
81,05,1111340,1,20260818,1291,325,0,0,0,0,0,1403,324,0,0,0,0,0,3,42.559147540468295,140.8961254,,,,,,,,,,,,,200,red,1616,1727,3343
81,01,1111350,1,20260818,2375,1070,0,0,0,0,0,2890,1170,0,0,0,0,0,3,42.88313893058179,141.7190833,,,,,,,,,,,,,200,red,3445,4060,7505
81,01,1111360,1,20260818,2068,996,0,0,0,0,0,2628,1081,0,0,0,0,0,3,42.91387104059173,141.717002,,,,,,,,,,,,,200,red,3064,3709,6773
81,01,1111370,1,20260818,1197,595,0,0,0,0,0,1327,704,0,0,0,0,0,3,43.05425404063542,141.635599,,,,,,,,,,,,,200,red,1792,2031,3823
81,02,1111380,1,20260818,6919,829,0,0,0,0,0,7070,754,0,0,0,0,0,3,41.822662040152785,140.7753,,,,,,,,,,,,,200,red,7748,7824,15572
81,02,1111390,1,20260818,3984,579,0,0,0,0,0,3539,529,0,0,0,0,0,3,41.80204204014281,140.800817,,,,,,,,,,,,,200,red,4563,4068,8631
81,02,1111400,1,20260818,1870,266,0,0,0,0,0,1408,175,0,0,0,0,0,3,41.75457904011961,140.573825,,,,,,,,,,,,,200,red,2136,1583,3719
81,04,1111410,1,20260818,365,142,0,0,0,0,0,242,109,0,0,0,0,0,3,43.35314804071861,142.36145400000004,,,,,,,,,,,,,200,red,507,351,858
81,04,1111420,1,20260818,897,198,0,0,0,0,0,582,159,0,0,0,0,0,3,43.3038010407058,142.381627,,,,,,,,,,,,,200,red,1095,741,1836
81,06,1111500,1,20260818,1105,187,0,0,0,0,0,1352,155,0,0,0,0,0,3,43.29111104070245,145.517778,,,,,,,,,,,,,200,red,1292,1507,2799
81,03,1111600,1,20260818,974,252,0,0,0,0,0,1378,355,0,0,0,0,0,3,43.162210040667006,140.797074,,,,,,,,,,,,,200,red,1226,1733,2959
81,06,1160010,1,20260818,1495,595,59,0,0,0,0,1653,544,12,0,0,0,0,1,43.12053262065503,143.6537933,,,,,,,,,,,,,200,red,2149,2209,4358
81,06,1160020,1,20260818,1652,674,0,0,0,0,0,1812,647,0,0,0,0,0,1,43.12244095065557,143.6787104,,,,,,,,,,,,,200,red,2326,2459,4785
81,06,1160030,1,20260818,1557,679,0,0,0,0,0,1881,685,0,0,0,0,0,1,43.081215390643465,143.9874923,,,,,,,,,,,,,200,red,2236,2566,4802
81,06,1160040,1,20260818,1563,669,0,0,0,0,0,1941,639,0,0,0,0,0,1,43.08452217064445,144.1232336,,,,,,,,,,,,,200,red,2232,2580,4812
81,06,1160050,1,20260818,2054,604,0,0,0,0,0,2756,655,0,0,0,0,0,1,43.09138904064647,144.173494,,,,,,,,,,,,,200,red,2658,3411,6069
81,06,1160060,1,20260818,2637,608,0,0,0,0,0,3507,708,0,0,0,0,0,1,43.04670304063314,144.303761,,,,,,,,,,,,,200,red,3245,4215,7460
81,08,1160120,1,20260818,348,149,0,0,0,0,0,435,130,0,0,0,0,0,1,43.69663004079766,143.731065,,,,,,,,,,,,,200,red,497,565,1062
81,08,1160130,1,20260818,610,167,0,0,0,0,1,764,154,0,0,0,0,1,1,43.7375680408059,143.819828,,,,,,,,,,,,,200,red,777,918,1695
81,02,1310010,1,20260818,2352,196,0,0,0,0,0,2420,217,0,0,0,0,0,3,41.9090560401939,140.682556,,,,,,,,,,,,,200,red,2548,2637,5185
81,02,1310020,1,20260818,4206,1102,0,0,0,0,0,3697,888,0,0,0,0,0,3,42.0164720402435,140.622028,,,,,,,,,,,,,200,red,5308,4585,9893
81,02,1310030,1,20260818,2473,824,0,0,0,0,0,2344,800,0,0,0,0,0,3,42.44355604042405,140.326972,,,,,,,,,,,,,200,red,3297,3144,6441
81,03,1310040,1,20260818,2412,657,0,0,0,0,0,2794,768,0,0,0,0,0,3,43.005875040620694,140.666614,,,,,,,,,,,,,200,red,3069,3562,6631
81,01,1310050,1,20260818,3245,221,0,0,0,200,0,3822,440,0,0,0,200,0,3,43.13178497065829,141.1990678,,,,,,,,,,,,,200,red,3466,4262,7728
81,01,1310060,1,20260818,11433,1629,0,0,0,0,0,11027,1947,0,0,0,0,0,3,43.06547437063878,141.3767481,,,,,,,,,,,,,200,red,13062,12974,26036
81,01,1310070,1,20260818,10786,916,0,0,0,0,0,11857,976,0,0,0,0,0,3,43.048510140633695,141.4108604,,,,,,,,,,,,,200,red,11702,12833,24535
81,01,1310080,1,20260818,10473,709,0,0,0,0,0,10294,691,0,0,0,0,0,3,43.057749330636454,141.4844763,,,,,,,,,,,,,200,red,11182,10985,22167
81,01,1310090,1,20260818,0,0,0,0,0,200,0,4811,706,0,0,0,0,0,3,43.294945650703454,141.8492997,,,,,,,,,,,,,200,red,0,5517,5517
81,01,1310100,1,20260818,6668,903,0,0,0,0,0,7105,850,0,0,0,0,0,3,43.53544778076278,141.9200456,,,,,,,,,,,,,200,red,7571,7955,15526
81,01,1310110,1,20260818,2833,984,0,0,0,0,0,2846,976,0,0,0,0,0,3,43.66238455079058,141.9957268,,,,,,,,,,,,,200,red,3817,3822,7639
81,01,1310120,1,20260818,0,0,0,0,0,200,0,11223,1052,0,0,0,0,0,3,43.0094644106218,141.4241588,,,,,,,,,,,,,200,red,0,12275,12275
81,01,1310130,1,20260818,7203,1224,0,0,0,200,0,7244,1330,0,0,0,200,0,3,42.85324004057195,141.609931,,,,,,,,,,,,,200,red,8427,8574,17001
81,01,1310140,1,20260818,8625,2650,0,0,0,0,0,7375,2635,0,0,0,0,0,3,42.79203104055144,141.693651,,,,,,,,,,,,,200,red,11275,10010,21285
81,05,1310150,1,20260818,3635,745,0,0,0,0,0,3611,637,0,0,0,0,0,3,42.483348820439495,141.2489566,,,,,,,,,,,,,200,red,4380,4248,8628
81,05,1310160,1,20260818,6283,832,0,0,0,0,0,6468,762,0,0,0,0,0,3,42.362402460391806,140.964739,,,,,,,,,,,,,200,red,7115,7230,14345
81,05,1310170,1,20260818,3222,620,0,0,200,0,0,3164,201,29,0,0,0,0,3,42.363565450392265,140.9519019,,,,,,,,,,,,,200,red,3842,3394,7236
81,04,1310180,1,20260818,,,,0,0,0,200,,,,0,0,0,200,3,43.22376604068423,142.378762,,,,,,,,,,,,,200,red,0,0,0
81,06,1310200,1,20260818,1151,352,0,0,0,0,0,1411,427,0,0,0,0,0,3,42.89183628058462,143.9445233,,,,,,,,,,,,,200,red,1503,1838,3341
81,06,1310210,1,20260818,3695,573,31,0,0,0,0,3459,821,0,0,200,0,0,3,43.009797840621914,144.2786998,,,,,,,,,,,,,200,red,4299,4280,8579
81,06,1310220,1,20260818,2529,562,0,0,0,0,0,3876,743,0,0,0,0,0,3,43.02229809062573,144.2728472,,,,,,,,,,,,,200,red,3091,4619,7710
81,08,1310230,1,20260818,1851,778,0,0,200,0,0,1705,720,0,0,200,0,0,3,43.85893419082885,144.0808788,,,,,,,,,,,,,200,red,2629,2425,5054
81,08,1310240,1,20260818,1765,191,0,0,200,0,0,1729,256,0,0,200,0,0,3,44.01132969085448,144.2315868,,,,,,,,,,,,,200,red,1956,1985,3941
81,04,1310250,1,20260818,3079,615,129,0,0,0,0,3155,477,81,0,0,0,0,3,44.16725904087709,142.395004,,,,,,,,,,,,,200,red,3823,3713,7536
81,04,1310260,1,20260818,2435,596,13,0,0,0,0,2415,488,0,0,0,0,0,3,44.19030204088012,142.392098,,,,,,,,,,,,,200,red,3044,2903,5947
81,09,1310270,1,20260818,428,166,0,0,0,0,0,534,127,0,0,0,0,0,3,44.89849804093394,141.930734,,,,,,,,,,,,,200,red,594,661,1255
81,10,1310280,1,20260818,218,65,0,0,0,0,0,227,90,0,0,0,0,0,3,45.0919210409354,141.772244,,,,,,,,,,,,,200,red,283,317,600
81,10,1310290,1,20260818,,,,0,0,0,200,,,,0,0,0,200,3,45.3643680409278,141.728937,,,,,,,,,,,,,200,red,0,0,0
81,06,1310300,1,20260818,2597,453,10,0,0,0,0,0,0,2769,0,0,200,0,3,43.059450410636984,144.8007274,,,,,,,,,,,,,200,red,3060,2769,5829
81,06,1310310,1,20260818,278,109,0,0,200,0,0,339,89,4,0,0,0,0,3,43.27550252069827,145.50157790000003,,,,,,,,,,,,,200,red,387,432,819
81,02,1310320,1,20260818,3019,372,0,0,0,0,0,3153,363,0,0,0,0,0,3,41.8940000401868,140.139639,,,,,,,,,,,,,200,red,3391,3516,6907
81,02,1310330,1,20260818,3137,400,0,0,0,0,0,2706,301,0,0,0,0,0,3,41.68472204008489,140.444,,,,,,,,,,,,,200,red,3537,3007,6544
81,03,1310340,1,20260818,1987,228,0,0,0,0,0,35,10,6,0,0,184,0,3,43.26192904069464,140.646731,,,,,,,,,,,,,200,red,2215,51,2266
81,03,1310350,1,20260818,1679,514,0,0,0,0,0,1900,794,0,0,0,0,0,3,43.041313040631515,140.5119,,,,,,,,,,,,,200,red,2193,2694,4887
81,02,1310360,1,20260818,504,55,0,0,0,0,0,472,69,0,0,0,0,0,3,42.129260570293795,139.981876,,,,,,,,,,,,,200,red,559,541,1100
81,01,1310370,1,20260818,13486,1151,0,0,0,0,0,14198,1074,0,0,0,0,0,3,43.007483420621185,141.3442719,,,,,,,,,,,,,200,red,14637,15272,29909
81,03,1310380,1,20260818,3175,503,0,0,0,0,0,2803,396,0,0,0,0,0,3,42.797316040553234,140.953155,,,,,,,,,,,,,200,red,3678,3199,6877
81,03,1310390,1,20260818,2535,478,0,0,0,0,0,2221,414,0,0,0,0,0,3,42.75911004054018,140.927534,,,,,,,,,,,,,200,red,3013,2635,5648
81,09,1310420,1,20260818,1615,269,0,0,0,0,0,1529,282,0,0,0,0,0,3,44.315812040895196,141.663389,,,,,,,,,,,,,200,red,1884,1811,3695
81,05,1310430,1,20260818,1654,630,0,0,0,0,0,1597,1106,0,0,0,0,0,3,42.68397268051387,141.6803745,,,,,,,,,,,,,200,red,2284,2703,4987
81,05,1310440,1,20260818,793,159,4,0,0,0,0,898,165,3,0,0,0,0,3,42.455508520428715,142.1783574,,,,,,,,,,,,,200,red,956,1066,2022
81,07,1310450,1,20260818,2869,318,0,1,0,0,23,2271,260,0,1,0,0,23,3,42.850468990571045,143.1845784,,,,,,,,,,,,,200,red,3187,2531,5718
81,04,1310460,1,20260818,2764,217,4,0,0,0,12,2486,487,0,0,188,0,12,3,43.3597710407203,142.387706,,,,,,,,,,,,,200,red,2985,2973,5958
81,05,1310470,1,20260818,390,440,0,0,0,0,0,443,510,0,0,0,0,0,3,42.87689451057974,142.4313468,,,,,,,,,,,,,200,red,830,953,1783
81,08,1310490,1,20260818,1765,397,0,1,200,0,0,1709,273,40,1,0,0,0,3,44.469400040910415,143.131573,,,,,,,,,,,,,200,red,2162,2022,4184
81,10,1310500,1,20260818,,,,0,0,0,200,,,,0,0,0,200,3,44.9513530409349,142.577793,,,,,,,,,,,,,200,red,0,0,0
81,06,1310520,1,20260818,504,62,0,0,0,0,0,519,56,0,0,0,0,0,3,43.474956340748676,144.4077086,,,,,,,,,,,,,200,red,566,575,1141
81,07,1310530,1,20260818,314,53,0,0,0,0,0,367,52,0,0,0,0,0,3,43.351455040718186,143.778977,,,,,,,,,,,,,200,red,367,419,786
81,08,1310540,1,20260818,539,149,0,0,200,0,0,507,118,0,0,200,0,0,3,43.71241358080086,144.1898958,,,,,,,,,,,,,200,red,688,625,1313
81,06,1310550,1,20260818,719,122,0,0,0,0,0,661,109,0,0,0,0,0,3,43.23651165068774,145.2499867,,,,,,,,,,,,,200,red,841,770,1611
81,06,1310560,1,20260818,906,173,0,0,0,0,0,977,197,0,0,0,0,0,3,43.68069492079438,145.1213962,,,,,,,,,,,,,200,red,1079,1174,2253
81,06,1310570,1,20260818,965,449,0,0,0,0,0,1103,340,0,0,0,0,0,3,43.3613193507207,144.8334503,,,,,,,,,,,,,200,red,1414,1443,2857
81,04,1310580,1,20260818,115,41,0,0,0,0,0,88,27,0,0,0,0,0,3,43.85535404082818,142.818956,,,,,,,,,,,,,200,red,156,115,271
81,01,1310590,1,20260818,15512,2408,0,0,0,0,0,18619,2788,0,0,0,0,0,3,43.101919030649576,141.3492984,,,,,,,,,,,,,200,red,17920,21407,39327
81,01,1310600,1,20260818,4796,841,0,0,0,200,0,4456,919,0,0,0,200,0,3,43.018587890624595,141.4801633,,,,,,,,,,,,,200,red,5637,5375,11012
81,07,1310610,1,20260818,39,6,0,0,0,0,0,42,8,0,0,0,0,0,3,43.124397040656135,143.671096,,,,,,,,,,,,,200,red,45,50,95
81,01,1310620,1,20260818,7705,1173,0,0,0,0,0,9446,1315,0,0,0,0,0,3,43.080001040643104,141.40691,,,,,,,,,,,,,200,red,8878,10761,19639
81,01,1310630,1,20260818,0,0,0,0,0,200,0,0,0,0,0,0,200,0,3,43.224602350684464,141.5421492,,,,,,,,,,,,,200,red,0,0,0
81,05,1310650,1,20260818,0,0,3628,0,0,200,0,3171,964,33,0,0,0,0,3,42.664068480506764,141.5956308,,,,,,,,,,,,,200,red,3628,4168,7796
81,08,1310660,1,20260818,1361,263,4,0,0,0,0,1689,188,2,0,0,0,0,3,43.98436947085019,143.5657163,,,,,,,,,,,,,200,red,1628,1879,3507
81,08,1310670,1,20260818,735,106,0,0,200,0,0,871,184,0,0,200,0,0,3,43.93417044084193,144.7997993,,,,,,,,,,,,,200,red,841,1055,1896
81,01,1310680,1,20260818,3313,324,0,0,0,0,0,3741,351,0,0,0,0,0,3,42.84334231056867,141.6642755,,,,,,,,,,,,,200,red,3637,4092,7729
81,06,1310690,1,20260818,2164,391,0,0,0,0,0,1715,356,3,0,0,0,0,3,43.048098520633566,144.4594431,,,,,,,,,,,,,200,red,2555,2074,4629
81,01,1310700,1,20260818,6990,764,0,0,0,0,0,8143,702,0,0,0,0,0,3,43.001297040619285,141.34856,,,,,,,,,,,,,200,red,7754,8845,16599
82,,2110010,1,20260818,3462,1253,0,0,0,0,0,3557,1383,0,0,0,0,0,3,37.110573456365614,140.1455465,,,,,,,,,,,,,206,red,4715,4940,9655
82,,2110017,1,20260818,14707,2427,0,0,0,0,0,15468,2457,0,0,0,0,0,3,37.37338104665072,140.3483355,,,,,,,,,,,,,206,red,17134,17925,35059
82,,2110019,1,20260818,15062,2725,0,0,0,0,0,13636,2698,0,0,0,0,0,3,37.46431627674753,140.3769493,,,,,,,,,,,,,206,red,17787,16334,34121
82,,2110021,1,20260818,10233,2061,91,0,0,0,0,10007,2439,22,0,206,0,0,3,37.606841446897334,140.4677635,,,,,,,,,,,,,206,red,12385,12468,24853
82,,2110030,1,20260818,15184,1743,0,0,0,0,0,15782,1810,0,0,0,0,0,3,37.73677529703182,140.4665726,,,,,,,,,,,,,206,red,16927,17592,34519
82,,2110040,1,20260818,9741,1449,0,0,0,0,0,10042,1413,0,0,0,0,0,3,37.807813217104496,140.4958221,,,,,,,,,,,,,206,red,11190,11455,22645
82,,2110050,1,20260818,3454,1320,0,0,0,0,0,3658,1311,0,0,0,0,0,3,37.90701278720498,140.5808128,,,,,,,,,,,,,206,red,4774,4969,9743
82,,2110055,1,20260818,8213,2372,0,0,0,0,0,8784,2255,0,0,0,0,0,3,38.041138927338956,140.6498056,,,,,,,,,,,,,206,red,10585,11039,21624
82,,2110060,1,20260818,13906,2390,0,0,0,0,0,13830,2151,0,0,0,0,0,3,38.085083367382396,140.8283056,,,,,,,,,,,,,206,red,16296,15981,32277
82,,2110062,1,20260818,2291,480,26,0,0,0,0,1965,377,14,0,0,0,0,3,39.659168038777906,141.92916800000003,,,,,,,,,,,,,206,red,2797,2356,5153
82,,2110063,1,20260818,1727,436,28,0,0,0,0,1413,354,24,0,0,0,0,3,39.73009903883322,141.960134,,,,,,,,,,,,,206,red,2191,1791,3982
82,,2110065,1,20260818,16156,1873,0,0,0,0,0,15740,1686,0,0,0,0,0,3,38.15208336744814,140.8853611,,,,,,,,,,,,,206,red,18029,17426,35455
82,,2110070,1,20260818,22200,2151,0,0,0,0,0,19771,2050,0,0,0,0,0,3,38.21891670751319,140.895,,,,,,,,,,,,,206,red,24351,21821,46172
82,,2110081,1,20260818,7484,220,0,0,0,0,0,0,0,0,0,0,0,0,3,38.340207037629824,140.883811,,,,,,,,,,,,,206,red,7704,0,7704
82,,2110090,1,20260818,6779,1357,0,0,0,0,0,7559,1095,0,0,0,0,0,3,38.61000803788275,140.98291900000004,,,,,,,,,,,,,206,red,8136,8654,16790
82,,2110091,1,20260818,2970,1106,0,0,0,0,0,2642,775,0,0,0,0,0,3,38.834610038086325,141.085674,,,,,,,,,,,,,206,red,4076,3417,7493
82,,2110092,1,20260818,5683,1183,0,0,0,0,0,4384,828,0,0,0,0,0,3,38.930416038171224,141.117432,,,,,,,,,,,,,206,red,6866,5212,12078
82,,2110093,1,20260818,4563,1244,129,0,0,0,0,4173,930,39,0,0,0,0,3,39.003777838235415,141.1133766,,,,,,,,,,,,,206,red,5936,5142,11078
82,,2110095,1,20260818,4293,599,0,0,0,0,0,4297,526,0,0,0,0,0,3,39.166645038375485,141.142913,,,,,,,,,,,,,206,red,4892,4823,9715
82,,2110103,1,20260818,12438,1039,0,0,0,0,0,14459,610,0,0,0,0,0,3,39.668019038784855,141.15759,,,,,,,,,,,,,206,red,13477,15069,28546
82,,2110106,1,20260818,11097,850,0,0,0,0,0,11281,828,0,0,0,0,0,3,39.70774803881587,141.165401,,,,,,,,,,,,,206,red,11947,12109,24056
82,,2110110,1,20260818,10331,893,0,0,0,0,0,9555,715,0,0,0,0,0,3,39.7581439588549,141.134491,,,,,,,,,,,,,206,red,11224,10270,21494
82,,2110120,1,20260818,3813,789,0,0,0,0,0,3977,740,0,0,0,0,0,3,40.24861199921695,141.2695885,,,,,,,,,,,,,206,red,4602,4717,9319
82,,2110121,1,20260818,2398,622,0,0,0,0,0,2184,507,0,0,0,0,0,3,40.33516094927743,141.2985134,,,,,,,,,,,,,206,red,3020,2691,5711
82,,2110129,1,20260818,2637,436,2,0,0,0,0,2682,431,2,0,0,0,0,3,40.60805264946136,141.26026802,,,,,,,,,,,,,206,red,3075,3115,6190
82,,2110130,1,20260818,0,0,5841,0,0,206,0,0,0,5628,0,0,206,0,3,40.65608164949267,141.19309457,,,,,,,,,,,,,206,red,5841,5628,11469
82,,2110132,1,20260818,3399,498,387,0,0,0,0,3799,403,68,0,0,0,0,3,40.683721049510524,141.17042319,,,,,,,,,,,,,206,red,4284,4270,8554
82,,2110140,1,20260818,5214,692,36,0,0,0,0,5172,249,17,0,0,0,0,3,40.89753341964514,140.86029133,,,,,,,,,,,,,206,red,5942,5438,11380
82,,2110143,1,20260818,4434,1035,0,0,0,0,0,4197,812,0,0,0,0,0,3,39.946858248998055,141.2168884,,,,,,,,,,,,,206,red,5469,5009,10478
82,,2110144,1,20260818,4262,1838,0,0,206,0,0,4357,767,0,0,206,0,0,3,40.83532684960663,141.12935762,,,,,,,,,,,,,206,red,6100,5124,11224
82,,2110150,1,20260818,4928,897,3,0,0,0,0,5152,861,4,0,0,0,0,3,36.857960956084185,140.7891727,,,,,,,,,,,,,206,red,5828,6017,11845
82,,2110160,1,20260818,11490,2658,32,0,0,0,0,11152,2805,46,0,0,0,0,3,36.92281008615712,140.8423448,,,,,,,,,,,,,206,red,14180,14003,28183
82,,2110161,1,20260818,7866,1303,0,0,0,0,0,7457,1180,0,0,0,0,0,3,37.03306503628002,140.911907,,,,,,,,,,,,,206,red,9169,8637,17806
82,,2110162,1,20260818,5619,811,0,0,0,0,0,3358,655,0,0,0,0,0,3,37.11549536637102,140.9974993,,,,,,,,,,,,,206,red,6430,4013,10443
82,,2110163,1,20260818,4094,1051,7,0,0,0,0,2592,1044,0,0,0,0,0,3,37.38527750666344,141.0086632,,,,,,,,,,,,,206,red,5152,3636,8788
82,,2110165,1,20260818,4225,813,30,0,0,0,0,4958,1015,32,0,0,0,0,3,37.63270112692426,140.9856901,,,,,,,,,,,,,206,red,5068,6005,11073
82,,2110168,1,20260818,2820,933,0,0,0,0,0,2774,900,0,0,0,0,0,3,37.81498403711179,140.943249,,,,,,,,,,,,,206,red,3753,3674,7427
82,,2110170,1,20260818,2052,329,0,0,0,0,0,2043,312,0,0,0,0,0,3,37.89520971719308,140.9035528,,,,,,,,,,,,,206,red,2381,2355,4736
82,,2110173,1,20260818,9727,981,0,0,0,0,0,7779,845,0,0,0,0,0,3,37.094818366348264,140.9771016,,,,,,,,,,,,,206,red,10708,8624,19332
82,,2110180,1,20260818,5323,407,0,0,0,0,0,4721,346,0,0,0,0,0,3,38.064732037362305,140.859399,,,,,,,,,,,,,206,red,5730,5067,10797
82,,2110190,1,20260818,2715,688,0,0,0,0,0,2101,475,0,0,0,0,0,1,38.69140541795727,139.678824,,,,,,,,,,,,,206,red,3403,2576,5979
82,,2110191,1,20260818,3774,859,0,0,0,0,0,3506,787,0,0,0,0,0,3,38.96127130819829,139.8400569,,,,,,,,,,,,,206,red,4633,4293,8926
82,,2110192,1,20260818,6945,552,0,0,0,0,0,6622,521,0,0,0,0,0,3,38.794079918050066,139.83442430000002,,,,,,,,,,,,,206,red,7497,7143,14640
82,,2110193,1,20260818,7475,699,0,0,0,0,0,7349,612,0,0,0,0,0,3,38.787431758044086,139.8346764,,,,,,,,,,,,,206,red,8174,7961,16135
82,,2110194,1,20260818,1308,212,0,0,0,0,0,1312,276,0,0,0,0,0,3,38.69287924795862,139.6478605,,,,,,,,,,,,,206,red,1520,1588,3108
82,,2110195,1,20260818,1527,792,0,0,0,0,0,1625,607,0,0,0,0,0,3,38.61589808788817,139.5797968,,,,,,,,,,,,,206,red,2319,2232,4551
82,,2110196,1,20260818,7465,801,0,0,0,0,0,7525,838,0,0,0,0,0,3,38.83854814808984,139.8486963,,,,,,,,,,,,,206,red,8266,8363,16629
82,,2110197,1,20260818,2895,274,0,0,0,0,0,2713,306,0,0,0,0,0,3,38.71753625798101,139.7594082,,,,,,,,,,,,,206,red,3169,3019,6188
82,,2110198,1,20260818,4969,624,0,0,0,0,0,4397,575,0,0,0,0,0,3,38.71622198797982,139.7565651,,,,,,,,,,,,,206,red,5593,4972,10565
82,,2110199,1,20260818,1826,567,0,0,0,0,0,1504,421,0,0,0,0,0,1,38.60695292787995,139.5878005,,,,,,,,,,,,,206,red,2393,1925,4318
82,,2110201,1,20260818,2324,674,0,0,0,0,0,1916,444,0,0,0,0,0,1,38.666421037934484,139.623761,,,,,,,,,,,,,206,red,2998,2360,5358
82,,2110202,1,20260818,5798,797,0,0,0,0,0,6040,802,0,0,0,0,0,3,39.62387474875015,140.0681964,,,,,,,,,,,,,206,red,6595,6842,13437
82,,2110203,1,20260818,1277,111,0,0,0,0,0,1153,117,0,0,0,0,0,3,39.240899018438185,139.9362623,,,,,,,,,,,,,206,red,1388,1270,2658
82,,2110204,1,20260818,2490,677,0,0,0,0,0,2915,552,0,0,0,0,0,3,39.290490888479674,139.9747431,,,,,,,,,,,,,206,red,3167,3467,6634
82,,2110205,1,20260818,2296,919,0,0,0,0,0,2338,715,0,0,0,0,0,3,39.11912903833497,139.876447,,,,,,,,,,,,,206,red,3215,3053,6268
82,,2110208,1,20260818,8703,457,0,0,0,0,0,8242,488,0,0,0,0,0,3,39.38953603856155,140.030682,,,,,,,,,,,,,206,red,9160,8730,17890
82,,2110210,1,20260818,8164,1013,0,0,0,0,0,10343,827,0,0,0,0,0,3,39.79539903888355,140.0622,,,,,,,,,,,,,206,red,9177,11170,20347
82,,2110212,1,20260818,6068,721,0,0,0,0,0,5418,713,0,0,0,0,0,3,39.718472038824196,140.083211,,,,,,,,,,,,,206,red,6789,6131,12920
82,,2110213,1,20260818,3512,318,0,0,0,0,0,3184,345,0,0,0,0,0,3,39.52539935867177,140.0518185,,,,,,,,,,,,,206,red,3830,3529,7359
82,,2110214,1,20260818,2992,514,0,0,0,0,0,2991,479,0,0,0,0,0,3,39.90494615896667,140.076382,,,,,,,,,,,,,206,red,3506,3470,6976
82,,2110215,1,20260818,2728,375,30,0,0,0,0,2641,377,11,0,0,0,0,3,40.067095039086766,140.067721,,,,,,,,,,,,,206,red,3133,3029,6162
82,,2110216,1,20260818,2477,719,152,0,0,0,0,8,1,0,0,0,0,0,3,40.268120039230666,140.52780600000003,,,,,,,,,,,,,206,red,3348,9,3357
82,,2110217,1,20260818,2076,800,351,0,0,0,0,858,275,192,0,0,0,0,3,40.27305803923414,140.532178,,,,,,,,,,,,,206,red,3227,1325,4552
82,,2110218,1,20260818,6430,389,0,0,0,0,0,6262,307,0,0,0,0,0,3,40.190834039176,140.036139,,,,,,,,,,,,,206,red,6819,6569,13388
82,,2110219,1,20260818,1101,149,0,0,0,0,0,854,186,0,0,0,0,0,3,40.21531803919339,140.280482,,,,,,,,,,,,,206,red,1250,1040,2290
82,,2110220,1,20260818,2115,563,3,0,0,0,0,1829,557,0,0,0,0,0,3,40.16185503915528,140.039381,,,,,,,,,,,,,206,red,2681,2386,5067
82,,2110221,1,20260818,3438,629,37,0,0,0,0,2997,499,0,0,0,0,0,3,40.20192503918389,140.151831,,,,,,,,,,,,,206,red,4104,3496,7600
82,,2110222,1,20260818,987,316,0,0,0,0,0,921,266,0,0,0,0,0,3,40.30719003925799,140.572683,,,,,,,,,,,,,206,red,1303,1187,2490
82,,2110229,1,20260818,3029,710,27,0,0,0,0,1063,104,21,0,0,0,0,3,40.230677039204274,140.489525,,,,,,,,,,,,,206,red,3766,1188,4954
82,,2110230,1,20260818,1748,416,4,0,0,0,0,1761,370,0,0,0,0,0,3,40.3821040393098,140.603544,,,,,,,,,,,,,198,red,2168,2131,4299
82,,2110231,1,20260818,1981,467,44,0,0,0,0,2142,422,19,0,0,0,0,3,40.461176699363655,140.6358415,,,,,,,,,,,,,206,red,2492,2583,5075
82,,2110232,1,20260818,2131,473,23,0,0,0,0,1621,215,12,0,0,0,0,3,40.199024039181815,140.383267,,,,,,,,,,,,,206,red,2627,1848,4475
82,,2110233,1,20260818,1463,423,0,0,0,0,0,1234,234,0,0,0,0,0,1,38.96155603819856,139.859806,,,,,,,,,,,,,206,red,1886,1468,3354
82,,2110234,1,20260818,3342,376,544,0,0,0,0,5257,758,257,0,0,0,0,3,40.57123242943714,140.52428552,,,,,,,,,,,,,206,red,4262,6272,10534
82,,2110235,1,20260818,10357,915,40,0,0,0,0,0,0,10893,0,0,196,0,3,40.60269692945784,140.49957539,,,,,,,,,,,,,206,red,11312,10893,22205
82,,2110236,1,20260818,1501,475,0,0,0,0,0,1437,314,0,0,0,0,0,1,39.00850003823954,139.856924,,,,,,,,,,,,,205,red,1976,1751,3727
82,,2110237,1,20260818,305,93,0,0,0,0,0,407,103,0,0,0,0,0,1,39.05087603827627,139.890254,,,,,,,,,,,,,206,red,398,510,908
82,,2110240,1,20260818,8437,826,12,0,0,0,0,2656,159,5416,0,0,206,0,3,40.65753935949361,140.50836074,,,,,,,,,,,,,206,red,9275,8231,17506
82,,2110249,1,20260818,7115,1183,378,0,0,0,0,3989,766,242,0,206,206,0,3,40.831625089604316,140.66283564,,,,,,,,,,,,,206,red,8676,4997,13673
82,,2110250,1,20260818,7961,894,0,0,0,0,0,7360,1387,0,0,0,0,0,3,40.767838829564255,140.59194915,,,,,,,,,,,,,206,red,8855,8747,17602
82,,2110251,1,20260818,11612,1559,0,0,0,206,0,19923,3225,0,0,0,0,0,3,40.824380649599796,140.7354641,,,,,,,,,,,,,206,red,13171,23148,36319
82,,2110252,1,20260818,6502,1284,5,0,0,0,0,0,0,7830,0,0,185,0,3,40.80222556958593,140.69781704,,,,,,,,,,,,,185,red,7791,7830,15621
82,,2110253,1,20260818,3619,465,47,0,0,0,0,3626,579,58,0,0,0,0,3,40.82364700959935,140.81040657,,,,,,,,,,,,,206,red,4131,4263,8394
82,,2110255,1,20260818,0,0,0,0,0,0,0,0,0,0,0,0,0,0,3,40.797368279582884,140.73499562,,,,,,,,,,,,,206,red,0,0,0
82,,2110256,1,20260818,6834,616,30,0,0,0,0,0,0,0,0,0,0,0,3,40.79545531958167,140.74908182,,,,,,,,,,,,,206,red,7480,0,7480
82,,2110258,1,20260818,3041,326,18,0,0,0,0,4523,772,35,0,0,0,0,3,40.26361114922749,140.42944444,,,,,,,,,,,,,202,red,3385,5330,8715
82,,2110260,1,20260818,10496,534,0,0,0,0,0,10716,578,0,0,0,0,0,3,37.766077747061864,140.4643813,,,,,,,,,,,,,206,red,11030,11294,22324
82,,2110270,1,20260818,526,103,0,0,0,0,0,337,72,126,0,0,19,0,3,37.82286602711981,140.2786356,,,,,,,,,,,,,206,red,629,535,1164
82,,2110271,1,20260818,3201,1419,0,0,0,0,0,2966,853,0,0,0,0,0,3,37.89655074719443,140.1500818,,,,,,,,,,,,,206,red,4620,3819,8439
82,,2110272,1,20260818,2910,1347,0,0,0,0,0,2878,833,0,0,0,0,0,3,37.92749748722557,140.13487,,,,,,,,,,,,,206,red,4257,3711,7968
82,,2110280,1,20260818,6432,962,0,1,0,0,0,6605,793,0,1,0,0,0,3,37.99971367729781,140.14494900000003,,,,,,,,,,,,,206,red,7394,7398,14792
82,,2110290,1,20260818,7267,1232,0,0,0,0,0,7497,1150,0,0,0,0,0,3,38.13022203742675,140.241028,,,,,,,,,,,,,206,red,8499,8647,17146
82,,2110291,1,20260818,8810,1245,0,0,0,0,0,8545,1198,0,0,0,0,0,3,38.159814097455694,140.3001308,,,,,,,,,,,,,206,red,10055,9743,19798
82,,2110292,1,20260818,7132,1181,0,0,0,0,0,6702,994,0,0,0,0,0,3,38.10297203739999,140.207083,,,,,,,,,,,,,206,red,8313,7696,16009
82,,2110294,1,20260818,1729,301,0,0,0,0,0,1932,361,0,0,0,0,0,3,37.767613677063444,140.8648291,,,,,,,,,,,,,206,red,2030,2293,4323
82,,2110295,1,20260818,1826,290,0,0,0,0,0,2188,403,0,0,0,0,0,3,37.75423885704973,140.7090153,,,,,,,,,,,,,206,red,2116,2591,4707
82,,2110296,1,20260818,1973,328,0,0,0,0,0,2478,456,0,0,0,0,0,3,37.75978319705542,140.5958156,,,,,,,,,,,,,206,red,2301,2934,5235
82,,2110297,1,20260818,1863,280,0,0,0,0,0,2217,381,0,0,0,0,0,3,37.78113503707728,140.573819,,,,,,,,,,,,,206,red,2143,2598,4741
82,,2110298,1,20260818,1879,419,0,0,0,0,0,2236,505,0,0,0,0,0,3,37.81669203711354,140.530266,,,,,,,,,,,,,206,red,2298,2741,5039
82,,2110299,1,20260818,1491,499,0,0,0,0,0,2073,549,0,0,0,0,0,3,37.83294203713006,140.49615,,,,,,,,,,,,,206,red,1990,2622,4612
82,,2110300,1,20260818,2879,1319,0,0,0,0,0,2482,780,0,0,0,0,0,1,37.79582169709228,140.4130094,,,,,,,,,,,,,206,red,4198,3262,7460
82,,2110301,1,20260818,3791,1620,0,0,0,0,0,3407,988,0,0,0,0,0,3,37.8687824871664,140.2279023,,,,,,,,,,,,,206,red,5411,4395,9806
82,,2110305,1,20260818,13022,1620,0,0,0,0,0,14097,1572,0,0,0,0,0,3,38.32857829761873,140.3671432,,,,,,,,,,,,,206,red,14642,15669,30311
82,,2110307,1,20260818,5376,284,0,0,0,0,0,7515,623,0,0,0,0,0,3,38.48098003776293,140.382831,,,,,,,,,,,,,206,red,5660,8138,13798
82,,2110308,1,20260818,5864,1470,0,0,0,0,0,5043,1054,0,0,0,0,0,1,38.56969403784554,140.401333,,,,,,,,,,,,,206,red,7334,6097,13431
82,,2110309,1,20260818,4574,1199,0,0,0,0,0,3553,764,0,0,0,0,0,1,38.42500003771029,140.352222,,,,,,,,,,,,,206,red,5773,4317,10090
82,,2110310,1,20260818,4228,387,0,0,0,0,0,4531,432,0,0,0,0,0,3,38.57581640785121,140.403707,,,,,,,,,,,,,206,red,4615,4963,9578
82,,2110311,1,20260818,6240,1468,0,0,0,0,0,5235,1043,0,0,0,0,0,1,38.5505555978278,140.3888889,,,,,,,,,,,,,206,red,7708,6278,13986
82,,2110312,1,20260818,5573,1343,0,0,0,0,0,4931,972,0,0,0,0,0,3,38.618265997890354,140.3838155,,,,,,,,,,,,,206,red,6916,5903,12819
82,,2110313,1,20260818,6451,1532,0,0,0,0,0,6121,1231,0,0,0,0,0,3,38.676631947943804,140.3212881,,,,,,,,,,,,,206,red,7983,7352,15335
82,,2110314,1,20260818,6254,1521,0,0,0,0,0,6070,1175,0,0,0,0,0,3,38.71993903798319,140.308757,,,,,,,,,,,,,206,red,7775,7245,15020
82,,2110315,1,20260818,4243,361,0,0,0,0,0,4090,290,0,0,0,0,0,3,38.8033716780584,140.3206605,,,,,,,,,,,,,206,red,4604,4380,8984
82,,2110316,1,20260818,2907,889,0,0,0,0,0,2372,584,0,0,0,0,0,3,38.74947203800992,140.290833,,,,,,,,,,,,,206,red,3796,2956,6752
82,,2110317,1,20260818,1554,652,0,0,0,0,0,1496,444,0,0,0,0,0,3,38.923639038165255,140.334806,,,,,,,,,,,,,206,red,2206,1940,4146
82,,2110318,1,20260818,1554,660,0,0,0,0,0,1527,516,0,0,0,0,0,3,38.94673520818555,140.3547943,,,,,,,,,,,,,206,red,2214,2043,4257
82,,2110319,1,20260818,2506,638,21,0,0,0,0,2376,501,25,0,0,0,0,3,39.072178338294655,140.4714918,,,,,,,,,,,,,206,red,3165,2902,6067
82,,2110320,1,20260818,2868,696,26,0,0,0,0,2774,564,18,0,0,0,0,3,39.11258080832936,140.486598,,,,,,,,,,,,,206,red,3590,3356,6946
82,,2110321,1,20260818,4848,412,0,0,0,0,0,314,236,0,0,0,0,0,3,39.181412318388,140.4959965,,,,,,,,,,,,,206,red,5260,550,5810
82,,2110322,1,20260818,2623,114,14,0,0,0,0,2504,61,155,0,0,0,0,3,39.1455093483575,140.4912436,,,,,,,,,,,,,206,red,2751,2720,5471
82,,2110324,1,20260818,1017,431,0,0,0,0,0,42,257,0,0,0,0,0,3,39.046668898272635,140.4131154,,,,,,,,,,,,,206,red,1448,299,1747
82,,2110325,1,20260818,5566,1389,0,0,0,0,0,4475,953,0,0,0,0,0,1,38.463333037746374,140.3575,,,,,,,,,,,,,206,red,6955,5428,12383
82,,2110326,1,20260818,6020,1419,0,0,0,0,0,4966,1004,0,0,0,0,0,1,38.49944403778021,140.370833,,,,,,,,,,,,,206,red,7439,5970,13409
82,,2110327,1,20260818,6807,577,0,0,0,0,0,6085,494,0,0,0,0,0,3,39.249316578445246,140.5351192,,,,,,,,,,,,,206,red,7384,6579,13963
82,,2110328,1,20260818,1932,751,0,0,0,0,0,1779,532,0,0,0,0,0,3,38.78089403803823,140.293372,,,,,,,,,,,,,206,red,2683,2311,4994
82,,2110335,1,20260818,4029,460,2158,0,0,131,0,6364,678,328,0,0,0,0,3,39.45464609861468,140.4982871,,,,,,,,,,,,,206,red,6647,7370,14017
82,,2110337,1,20260818,3507,501,2,0,0,0,0,3303,498,0,0,0,0,0,3,39.56556981870389,140.3349352,,,,,,,,,,,,,206,red,4010,3801,7811
82,,2110340,1,20260818,8989,1407,0,0,0,0,0,8301,1279,0,0,0,0,0,3,39.66778703878465,140.165768,,,,,,,,,,,,,206,red,10396,9580,19976
82,,2110350,1,20260818,12955,1754,0,0,0,0,0,14424,1927,0,0,0,0,0,3,38.27013892756266,140.95175,,,,,,,,,,,,,206,red,14709,16351,31060
82,,2110352,1,20260818,12745,2225,8,0,0,0,0,12198,1882,154,0,0,0,0,3,38.425472257710744,141.1867778,,,,,,,,,,,,,206,red,14978,14234,29212
82,,2110353,1,20260818,12770,2135,89,0,0,0,0,12055,1703,230,0,0,0,0,3,38.43294447771779,141.2090556,,,,,,,,,,,,,206,red,14994,13988,28982
82,,2110354,1,20260818,11295,1852,119,1,0,0,0,10715,1467,108,0,0,0,0,3,38.442000037726324,141.2525833,,,,,,,,,,,,,206,red,13266,12290,25556
82,,2110355,1,20260818,9287,1795,250,0,0,0,0,9114,1418,80,0,0,0,0,3,38.48202781776391,141.2923889,,,,,,,,,,,,,206,red,11332,10612,21944
82,,2110357,1,20260818,8232,1584,56,0,0,0,0,8006,1263,52,0,0,0,0,3,38.50430559778474,141.2861944,,,,,,,,,,,,,206,red,9872,9321,19193
82,,2110358,1,20260818,6382,1459,87,0,0,0,0,5992,1128,48,0,0,0,0,3,38.590638927864894,141.27905560000002,,,,,,,,,,,,,206,red,7928,7168,15096
82,,2110359,1,20260818,5951,1394,45,0,0,0,0,5447,1056,50,0,0,0,0,3,38.61066670788337,141.2839722,,,,,,,,,,,,,206,red,7390,6553,13943
82,,2110360,1,20260818,5452,225,0,0,0,0,0,5357,230,0,0,0,0,0,3,38.429333367714385,141.2390278,,,,,,,,,,,,,206,red,5677,5587,11264
82,,2110361,1,20260818,4806,260,0,0,0,0,0,4950,316,0,0,0,0,0,3,38.891555598136925,141.55625,,,,,,,,,,,,,206,red,5066,5266,10332
82,,2110362,1,20260818,5089,964,53,0,0,0,0,4664,710,16,0,0,0,0,3,38.696083367961535,141.2831389,,,,,,,,,,,,,206,red,6106,5390,11496
82,,2110363,1,20260818,10636,1843,75,0,0,0,0,9539,1442,158,0,0,0,0,3,38.456555597740014,141.2745,,,,,,,,,,,,,206,red,12554,11139,23693
82,,2110364,1,20260818,3242,683,3,0,0,0,0,3144,536,4,0,0,0,0,3,38.95011114818852,141.6280556,,,,,,,,,,,,,206,red,3928,3684,7612
82,,2110365,1,20260818,2705,207,0,0,0,0,0,3056,221,0,0,0,0,0,3,38.91955303816165,141.571364,,,,,,,,,,,,,206,red,2912,3277,6189
82,,2110366,1,20260818,4700,900,50,0,0,0,0,4234,677,38,0,0,0,0,3,38.71113892797521,141.3101667,,,,,,,,,,,,,206,red,5650,4949,10599
82,,2110367,1,20260818,4652,633,27,0,0,0,0,4063,506,44,0,0,0,0,3,39.02656869825523,141.6974974,,,,,,,,,,,,,206,red,5312,4613,9925
82,,2110368,1,20260818,4694,866,45,0,0,0,0,4300,631,43,0,0,0,0,3,38.70219447796709,141.3930833,,,,,,,,,,,,,206,red,5605,4974,10579
82,,2110370,1,20260818,4428,317,0,0,0,0,0,4320,322,0,0,0,0,0,3,39.059216658283475,141.7193842,,,,,,,,,,,,,206,red,4745,4642,9387
82,,2110371,1,20260818,2552,440,19,0,0,0,0,2228,326,15,0,0,0,0,3,39.074077398296275,141.7034197,,,,,,,,,,,,,206,red,3011,2569,5580
82,,2110372,1,20260818,2472,589,0,0,0,0,0,2174,417,0,0,0,0,0,3,39.125195598340156,141.7347157,,,,,,,,,,,,,206,red,3061,2591,5652
82,,2110373,1,20260818,3442,610,0,0,0,0,0,3263,429,0,0,0,0,0,3,39.12205355833746,141.7899934,,,,,,,,,,,,,206,red,4052,3692,7744
82,,2110374,1,20260818,2715,601,0,0,0,0,0,2537,525,0,0,0,0,0,3,39.03121932825926,141.6337144,,,,,,,,,,,,,206,red,3316,3062,6378
82,,2110379,1,20260818,2637,570,27,0,0,0,0,2389,387,50,0,0,0,0,3,39.14893559836042,141.8295097,,,,,,,,,,,,,206,red,3234,2826,6060
82,,2110380,1,20260818,3197,255,0,0,0,0,0,4323,206,0,0,0,0,0,3,39.29661287848477,141.8836641,,,,,,,,,,,,,206,red,3452,4529,7981
82,,2110381,1,20260818,4100,840,56,0,0,0,0,3784,631,53,0,0,0,0,3,38.69052781795646,141.4270556,,,,,,,,,,,,,206,red,4996,4468,9464
82,,2110382,1,20260818,4469,899,28,0,0,0,0,4314,633,58,0,0,0,0,3,38.70547225797006,141.4960833,,,,,,,,,,,,,206,red,5396,5005,10401
82,,2110383,1,20260818,3629,634,38,0,0,0,0,4025,553,16,0,0,0,0,3,39.32251283850628,141.8802524,,,,,,,,,,,,,206,red,4301,4594,8895
82,,2110384,1,20260818,4710,867,35,0,0,0,0,4300,681,40,0,0,0,0,3,38.81825003807172,141.5580556,,,,,,,,,,,,,206,red,5612,5021,10633
82,,2110387,1,20260818,1065,298,1639,0,0,0,0,2460,370,22,0,0,0,0,3,39.59193303872486,141.940478,,,,,,,,,,,,,206,red,3002,2852,5854
82,,2110389,1,20260818,1818,431,26,0,0,0,0,1483,372,15,0,0,0,0,3,39.8199300389023,141.96138,,,,,,,,,,,,,206,red,2275,1870,4145
82,,2110392,1,20260818,1923,456,15,0,0,0,0,1593,378,11,0,0,0,0,3,39.836270038914755,141.96038,,,,,,,,,,,,,206,red,2394,1982,4376
82,,2110393,1,20260818,1239,463,0,0,0,0,0,1122,362,0,0,0,0,0,3,39.87071503894088,141.94008,,,,,,,,,,,,,206,red,1702,1484,3186
82,,2110394,1,20260818,5138,871,52,0,0,0,0,4625,702,38,0,0,0,0,3,38.86638892811462,141.5685833,,,,,,,,,,,,,206,red,6061,5365,11426
82,,2110396,1,20260818,231,49,0,0,0,161,1,377,125,0,0,0,206,1,3,39.93351162898809,141.8457699,,,,,,,,,,,,,206,red,280,502,782
82,,2110397,1,20260818,979,372,0,0,0,0,1,851,327,0,0,0,0,1,3,39.9934900390327,141.881411,,,,,,,,,,,,,206,red,1351,1178,2529
82,,2110401,1,20260818,2264,594,24,0,0,0,0,2080,492,11,0,0,0,0,3,39.029891708258106,141.6224,,,,,,,,,,,,,206,red,2882,2583,5465
82,,2110402,1,20260818,1733,125,0,0,0,0,0,1560,140,0,0,0,0,0,3,40.414361969331864,141.7051792,,,,,,,,,,,,,206,red,1858,1700,3558
82,,2110403,1,20260818,2562,523,35,0,0,0,0,2195,415,16,0,0,0,0,3,39.15806392836817,141.8413306,,,,,,,,,,,,,206,red,3120,2626,5746
82,,2110404,1,20260818,10514,505,10,0,0,0,0,9463,439,21,0,0,0,0,3,40.50576550939362,141.53235261,,,,,,,,,,,,,206,red,11029,9923,20952
82,,2110405,1,20260818,11002,811,42,0,0,0,0,8909,822,24,0,0,0,0,3,40.528900439409064,141.46412799,,,,,,,,,,,,,206,red,11855,9755,21610
82,,2110407,1,20260818,2741,385,1,0,0,0,0,2679,317,42,0,0,0,0,3,40.481786839377534,141.5376989,,,,,,,,,,,,,206,red,3127,3038,6165
82,,2110408,1,20260818,7001,797,45,0,0,0,0,7320,598,47,0,0,0,0,3,40.5637364594322,141.43539327,,,,,,,,,,,,,206,red,7843,7965,15808
82,,2110409,1,20260818,2649,521,33,0,0,0,0,2397,401,15,0,0,0,0,3,39.24333336844022,141.8452778,,,,,,,,,,,,,206,red,3203,2813,6016
82,,2110410,1,20260818,3277,413,18,0,0,0,0,3166,410,16,0,0,0,0,3,40.47949102937599,141.58069836,,,,,,,,,,,,,206,red,3708,3592,7300
82,,2110412,1,20260818,3262,740,40,0,0,0,0,2724,585,43,0,0,0,0,3,40.66162803949626,141.324363,,,,,,,,,,,,,206,red,4042,3352,7394
82,,2110413,1,20260818,4314,857,97,0,0,0,0,3665,666,120,0,0,0,0,3,40.675139039505,141.304575,,,,,,,,,,,,,206,red,5268,4451,9719
82,,2110414,1,20260818,9264,1210,0,0,0,0,0,8364,1139,0,0,0,0,0,3,39.699724768809624,141.0544968,,,,,,,,,,,,,206,red,10474,9503,19977
82,,2110415,1,20260818,4179,541,0,0,0,0,0,4605,452,0,0,0,0,0,3,39.69160156880328,141.008749,,,,,,,,,,,,,206,red,4720,5057,9777
82,,2110416,1,20260818,1827,424,6,0,0,0,0,1710,383,4,0,0,0,0,3,39.70020353880998,140.8836508,,,,,,,,,,,,,206,red,2257,2097,4354
82,,2110417,1,20260818,722,200,0,0,0,0,0,204,137,0,0,0,0,0,3,40.47147403937059,141.474002,,,,,,,,,,,,,206,red,922,341,1263
82,,2110418,1,20260818,3629,715,18,0,0,0,0,3530,558,11,0,0,0,0,3,39.260555598454665,141.8394444,,,,,,,,,,,,,206,red,4362,4099,8461
82,,2110419,1,20260818,2849,532,39,0,0,0,0,2986,429,25,0,0,0,0,3,39.288333368477865,141.8633333,,,,,,,,,,,,,206,red,3420,3440,6860
82,,2110421,1,20260818,2392,526,30,0,0,0,0,2456,433,23,0,0,0,0,3,39.366111148542295,141.9044444,,,,,,,,,,,,,206,red,2948,2912,5860
82,,2110422,1,20260818,2605,549,42,0,0,0,0,2800,473,26,0,0,0,0,3,39.36731670854329,141.8911806,,,,,,,,,,,,,206,red,3196,3299,6495
82,,2110423,1,20260818,2559,490,0,0,0,0,0,2796,485,2,0,0,0,0,3,40.22921103920324,141.7800234,,,,,,,,,,,,,206,red,3049,3283,6332
82,,2110424,1,20260818,1581,375,0,0,0,0,0,1670,383,0,0,0,0,0,3,39.601276038732266,140.551915,,,,,,,,,,,,,206,red,1956,2053,4009
82,,2110428,1,20260818,3176,642,16,0,0,0,0,2794,549,15,0,0,0,0,3,38.73322403799523,140.787123,,,,,,,,,,,,,206,red,3834,3358,7192
82,,2110432,1,20260818,850,318,0,0,0,0,0,725,276,0,0,0,0,0,3,38.73755603799914,140.598389,,,,,,,,,,,,,206,red,1168,1001,2169
82,,2110435,1,20260818,4422,1131,0,0,0,0,0,3916,1008,0,0,0,0,0,3,38.74138978800262,140.2831578,,,,,,,,,,,,,206,red,5553,4924,10477
82,,2110436,1,20260818,3059,901,0,0,0,0,0,2870,696,0,0,0,0,0,3,38.74416703800512,140.259722,,,,,,,,,,,,,206,red,3960,3566,7526
82,,2110437,1,20260818,3360,874,0,0,0,0,0,3199,742,0,0,0,0,0,3,38.73663903799832,140.168833,,,,,,,,,,,,,206,red,4234,3941,8175
82,,2110438,1,20260818,3186,842,0,0,0,0,0,2954,666,0,0,0,0,0,3,38.745210838006074,140.2326227,,,,,,,,,,,,,206,red,4028,3620,7648
82,,2110440,1,20260818,2794,868,0,0,0,0,1,3116,826,0,0,0,0,1,3,38.78155241803881,140.0267226,,,,,,,,,,,,,206,red,3662,3942,7604
82,,2110445,1,20260818,13332,1289,0,0,0,0,0,15050,1221,0,0,0,0,0,3,38.26502503755774,140.79343300000002,,,,,,,,,,,,,206,red,14621,16271,30892
82,,2110450,1,20260818,3237,821,0,0,0,0,0,2849,667,0,0,0,0,0,3,38.391999797679084,140.5672252,,,,,,,,,,,,,206,red,4058,3516,7574
82,,2110451,1,20260818,4019,401,0,0,0,0,0,4030,390,0,0,0,0,0,3,38.877650438124604,139.8869442,,,,,,,,,,,,,206,red,4420,4420,8840
82,,2110452,1,20260818,6497,553,0,0,0,37,0,6359,708,0,0,0,0,0,3,38.901543148145755,139.8723154,,,,,,,,,,,,,206,red,7050,7067,14117
82,,2110453,1,20260818,352,77,0,0,0,0,0,257,47,0,0,0,0,0,3,38.90368057814766,139.8668909,,,,,,,,,,,,,206,red,429,304,733
82,,2110454,1,20260818,4916,544,0,0,0,0,0,4953,485,0,0,0,0,0,3,38.87364379812106,139.886117,,,,,,,,,,,,,206,red,5460,5438,10898
82,,2110455,1,20260818,7118,1178,0,0,0,0,0,4608,1101,0,0,0,41,0,3,37.062925546313075,140.8516252,,,,,,,,,,,,,206,red,8296,5709,14005
82,,2110456,1,20260818,3714,385,0,0,0,0,0,3581,397,0,0,0,0,0,3,38.85157810810144,139.8908657,,,,,,,,,,,,,206,red,4099,3978,8077
82,,2110457,1,20260818,2334,395,0,0,0,0,0,2401,417,0,0,0,0,0,3,38.831843418083864,139.9098858,,,,,,,,,,,,,206,red,2729,2818,5547
82,,2110460,1,20260818,2626,503,2,0,0,0,0,2885,601,3,0,0,0,0,3,37.11000003636498,140.7641667,,,,,,,,,,,,,206,red,3131,3489,6620
82,,2110464,1,20260818,1932,390,4,0,0,0,0,1994,533,58,0,0,0,0,3,37.31106211658384,140.4823494,,,,,,,,,,,,,206,red,2326,2585,4911
82,,2110465,1,20260818,5616,586,0,0,0,0,0,5235,733,0,0,0,0,0,3,37.33970064661463,140.406585,,,,,,,,,,,,,206,red,6202,5968,12170
82,,2110470,1,20260818,3580,597,0,0,0,0,0,3652,480,0,0,0,0,0,3,37.49456687677952,140.2463901,,,,,,,,,,,,,206,red,4177,4132,8309
82,,2110472,1,20260818,772,317,0,0,0,0,0,785,339,0,0,0,0,0,3,37.65080306694305,139.5936209,,,,,,,,,,,,,206,red,1089,1124,2213
82,,2110473,1,20260818,5488,984,0,0,0,0,0,5378,900,0,0,0,0,0,3,37.548570346836364,139.9683643,,,,,,,,,,,,,206,red,6472,6278,12750
82,,2110474,1,20260818,4776,615,0,0,0,0,0,4962,552,0,0,0,0,0,3,37.55735328684558,139.8550022,,,,,,,,,,,,,206,red,5391,5514,10905
82,,2110477,1,20260818,5648,347,3,0,0,0,0,4705,413,9,0,0,0,0,3,40.48458321937942,141.42701414,,,,,,,,,,,,,206,red,5998,5127,11125
82,,2110478,1,20260818,2280,236,0,0,0,0,0,2368,266,0,0,0,0,0,3,38.52642903780538,141.156619,,,,,,,,,,,,,206,red,2516,2634,5150
82,,2110479,1,20260818,3432,368,0,0,0,0,0,3412,428,0,0,0,0,0,3,38.556163037833,141.069142,,,,,,,,,,,,,206,red,3800,3840,7640
82,,2110480,1,20260818,6259,257,0,0,0,0,0,5532,273,0,0,0,0,0,3,38.570337037846144,140.982089,,,,,,,,,,,,,206,red,6516,5805,12321
82,,2110481,1,20260818,1498,628,0,0,0,0,0,1421,423,0,0,0,0,0,3,39.036923848264195,140.3899339,,,,,,,,,,,,,206,red,2126,1844,3970
82,,2110482,1,20260818,4474,620,11,0,0,0,0,5068,560,1,0,0,0,0,3,39.363397818540065,140.5656534,,,,,,,,,,,,,206,red,5105,5629,10734
82,,2110485,1,20260818,8597,754,0,0,0,0,0,9278,642,0,0,0,0,0,3,38.33956088762922,140.2816558,,,,,,,,,,,,,206,red,9351,9920,19271
82,,2110488,1,20260818,1509,216,0,0,0,0,0,1118,173,0,0,0,0,0,3,38.4566470377401,140.032103,,,,,,,,,,,,,206,red,1725,1291,3016
82,,2110491,1,20260818,2641,550,0,0,0,0,0,2432,469,0,0,0,0,0,3,38.58079848785582,139.9398136,,,,,,,,,,,,,206,red,3191,2901,6092
82,,2110500,1,20260818,1995,666,0,0,0,0,0,2232,579,0,0,0,0,0,3,38.046173177343945,139.7837305,,,,,,,,,,,,,206,red,2661,2811,5472
82,,2110501,1,20260818,1676,612,0,0,0,0,0,1601,476,0,0,0,0,0,3,38.0753590373728,139.72116,,,,,,,,,,,,,206,red,2288,2077,4365
82,,2110502,1,20260818,1690,494,0,0,0,0,0,1922,455,0,0,0,0,0,3,38.04606303734383,140.051715,,,,,,,,,,,,,206,red,2184,2377,4561
82,,2110503,1,20260818,2943,613,0,0,0,0,0,3454,650,0,0,0,0,0,3,38.044627037342416,140.064483,,,,,,,,,,,,,206,red,3556,4104,7660
82,,2110504,1,20260818,2984,791,0,0,0,0,0,3885,804,0,0,0,0,0,3,38.04518462734297,140.1366019,,,,,,,,,,,,,206,red,3775,4689,8464
82,,2110510,1,20260818,3782,740,0,0,0,0,0,3537,676,0,0,0,0,0,3,38.02769263732563,140.1668358,,,,,,,,,,,,,206,red,4522,4213,8735
82,,2110519,1,20260818,1799,316,11,0,0,0,0,1967,282,8,0,0,0,0,3,39.25195903844747,141.77938700000004,,,,,,,,,,,,,206,red,2126,2257,4383
82,,2110520,1,20260818,2349,335,19,0,0,0,0,2143,351,17,0,0,0,0,3,39.24514978844176,141.7423439,,,,,,,,,,,,,206,red,2703,2511,5214
82,,2110521,1,20260818,2324,381,0,0,0,0,0,2170,416,0,0,0,0,0,3,39.246448038442836,141.63560000000004,,,,,,,,,,,,,206,red,2705,2586,5291
82,,2110531,1,20260818,2352,403,0,0,0,0,0,929,81,0,0,0,0,0,1,39.32515718850848,141.4883819,,,,,,,,,,,,,206,red,2755,1010,3765
82,,2110540,1,20260818,3105,558,0,0,0,0,0,2899,513,0,0,0,0,0,1,39.28807706847765,141.3475227,,,,,,,,,,,,,206,red,3663,3412,7075
82,,2110541,1,20260818,1817,236,0,0,0,0,0,1483,214,0,0,0,0,0,1,39.314345428499514,141.2615204,,,,,,,,,,,,,206,red,2053,1697,3750
82,,2110542,1,20260818,1448,344,0,0,0,0,0,1357,294,0,0,0,0,0,3,39.283375038473736,141.5516694,,,,,,,,,,,,,206,red,1792,1651,3443
82,,2110552,1,20260818,4219,848,34,0,0,0,0,3871,629,26,0,0,0,0,3,38.75991670801934,141.5025278,,,,,,,,,,,,,206,red,5101,4526,9627
82,,2110553,1,20260818,5055,929,33,0,0,0,0,4751,717,30,0,0,0,0,3,38.80716670806179,141.54275,,,,,,,,,,,,,206,red,6017,5498,11515
82,,2110554,1,20260818,2932,649,48,0,0,0,0,2823,507,25,0,0,0,0,3,38.96347225820022,141.6241944,,,,,,,,,,,,,206,red,3629,3355,6984
82,,2110555,1,20260818,2107,462,28,0,0,0,0,1828,352,9,0,0,0,0,3,39.21138892841335,141.865,,,,,,,,,,,,,206,red,2597,2189,4786
82,,2110556,1,20260818,5087,881,55,0,0,0,0,4215,642,64,0,0,0,0,3,38.8781944781251,141.5846444,,,,,,,,,,,,,206,red,6023,4921,10944
82,,2110557,1,20260818,3389,923,241,0,0,0,0,3165,646,158,0,0,0,0,3,38.789722258046154,141.5180556,,,,,,,,,,,,,206,red,4553,3969,8522
82,,2110558,1,20260818,3201,678,41,0,0,0,0,2930,497,35,0,0,0,0,3,38.88277803812915,141.585833,,,,,,,,,,,,,206,red,3920,3462,7382
82,,2110559,1,20260818,3643,755,47,0,0,0,0,3060,573,31,0,0,0,0,3,38.925278038166695,141.6025,,,,,,,,,,,,,206,red,4445,3664,8109
82,,2110560,1,20260818,2012,570,65,0,0,0,0,1624,405,85,0,0,0,0,3,38.89750003814219,141.595,,,,,,,,,,,,,206,red,2647,2114,4761
82,,2110561,1,20260818,3495,744,187,0,0,0,0,3115,836,141,0,0,0,0,3,38.91750003815984,141.591944,,,,,,,,,,,,,206,red,4426,4092,8518
82,,2110604,1,20260818,1862,391,266,0,0,0,0,2029,411,64,0,0,0,0,3,40.1607780391545,141.767278,,,,,,,,,,,,,206,red,2519,2504,5023
82,,2112104,1,20260818,3359,790,5,0,0,0,0,2521,563,258,0,0,0,0,3,40.733783919542624,141.20798154,,,,,,,,,,,,,206,red,4154,3342,7496
82,,2120001,1,20260818,4524,644,0,0,0,0,0,4736,806,0,0,0,0,0,3,40.75045198955322,140.54906872,,,,,,,,,,,,,206,red,5168,5542,10710
82,,2120005,1,20260818,4411,484,20,0,0,0,0,4691,420,21,0,0,0,0,3,40.79249892957982,140.48972552,,,,,,,,,,,,,206,red,4915,5132,10047
82,,2120010,1,20260818,3008,364,17,0,0,0,0,3301,339,23,0,0,0,0,3,40.81212879959214,140.47707546,,,,,,,,,,,,,206,red,3389,3663,7052
82,,2120015,1,20260818,2482,321,0,0,0,0,0,2482,256,0,0,0,0,0,3,40.82729603960163,140.4413,,,,,,,,,,,,,206,red,2803,2738,5541
82,,2120020,1,20260818,693,115,0,0,0,0,0,2201,119,0,0,0,0,0,3,40.78380703957434,140.261545,,,,,,,,,,,,,206,red,808,2320,3128
82,,2310200,1,20260818,11062,1286,0,0,0,0,0,10484,1418,0,0,0,0,0,3,39.70615403881462,140.09793,,,,,,,,,,,,,206,red,12348,11902,24250
82,,2312101,1,20260818,4034,914,0,0,0,0,0,3454,729,0,0,0,0,0,3,40.70834700952637,141.24477593,,,,,,,,,,,,,206,red,4948,4183,9131
82,,2312102,1,20260818,4072,840,0,0,0,0,0,3313,744,0,0,0,0,0,3,40.725233449537164,141.22804347,,,,,,,,,,,,,206,red,4912,4057,8969
82,,2312103,1,20260818,2019,304,0,0,0,0,0,2341,412,0,0,0,0,0,3,37.77535545707135,140.7514008,,,,,,,,,,,,,206,red,2323,2753,5076
83,,3110010,1,20260818,11987,1550,766,0,0,0,0,13426,1381,1291,0,0,0,0,3,35.58550262456253,139.7049058,,,,,,,,,,,,,206,red,14303,16098,30401
83,,3110020,1,20260818,19619,2762,649,0,0,0,0,19485,3079,811,0,0,0,0,3,35.37938903430058,139.509906,,,,,,,,,,,,,206,red,23030,23375,46405
83,,3110030,1,20260818,5709,263,388,0,0,0,0,6539,268,371,0,0,0,0,3,35.30798103420886,139.30775,,,,,,,,,,,,,206,red,6360,7178,13538
83,,3110040,1,20260818,6177,909,0,0,0,0,0,6148,897,0,0,0,0,0,3,35.24085503412222,139.123519,,,,,,,,,,,,,206,red,7086,7045,14131
83,,3110050,1,20260818,11397,5289,573,0,0,0,0,11321,5731,261,0,0,0,0,3,36.238458295364495,139.8048878,,,,,,,,,,,,,206,red,17259,17313,34572
83,,3110060,1,20260818,22114,5023,437,0,0,0,0,22091,4843,302,0,0,0,0,3,36.51217142568756,139.9177551,,,,,,,,,,,,,206,red,27574,27236,54810
83,,3110070,1,20260818,9363,2020,86,0,0,0,0,9066,2181,45,0,0,0,0,3,36.833366956056416,139.9495983,,,,,,,,,,,,,206,red,11469,11292,22761
83,,3110080,1,20260818,5798,408,52,0,0,0,0,4964,391,48,0,0,0,0,3,36.29676104543397,139.7863913,,,,,,,,,,,,,206,red,6258,5403,11661
83,,3110090,1,20260818,7654,261,177,0,0,0,0,7517,276,59,0,0,0,0,3,36.52417383570154,139.8798609,,,,,,,,,,,,,206,red,8092,7852,15944
83,,3110100,1,20260818,8008,303,101,0,0,0,0,8352,324,197,0,0,0,0,3,36.58529299577252,139.9295837,,,,,,,,,,,,,206,red,8412,8873,17285
83,,3110110,1,20260818,6608,896,0,0,0,0,0,6448,1000,0,0,0,0,0,3,36.019401995100274,140.15926790000003,,,,,,,,,,,,,204,red,7504,7448,14952
83,,3110120,1,20260818,8452,1741,0,0,0,0,0,74,11,0,0,0,0,0,3,36.297327425434645,140.4228446,,,,,,,,,,,,,204,red,10193,85,10278
83,,3110140,1,20260818,11720,1506,637,0,0,0,0,12687,1790,571,0,0,0,0,3,35.70274880470968,139.8786539,,,,,,,,,,,,,206,red,13863,15048,28911
83,,3110150,1,20260818,8580,1439,1003,0,0,0,0,10718,1774,790,0,0,0,0,3,35.61902656460475,140.0975838,,,,,,,,,,,,,206,red,11022,13282,24304
83,,3110160,1,20260818,12023,2257,1078,0,0,0,0,12983,1949,1268,0,0,0,0,3,35.56474703453633,139.7273263,,,,,,,,,,,,,206,red,15358,16200,31558
83,,3110170,1,20260818,11901,3545,0,0,0,0,0,14210,2370,0,0,0,0,0,3,35.52794003448978,139.70328,,,,,,,,,,,,,206,red,15446,16580,32026
83,,3110180,1,20260818,11756,3240,0,0,0,8,0,13308,2856,0,0,0,38,0,3,35.47903203442772,139.638693,,,,,,,,,,,,,206,red,14996,16164,31160
83,,3110190,1,20260818,9554,311,642,0,0,0,0,8323,385,568,0,0,0,0,3,35.26731403415642,139.685375,,,,,,,,,,,,,206,red,10507,9276,19783
83,,3110200,1,20260818,7242,353,451,0,0,0,0,6303,372,479,0,0,0,0,3,35.36071103427663,139.629686,,,,,,,,,,,,,206,red,8046,7154,15200
83,,3110220,1,20260818,14263,4317,0,0,0,0,0,13338,3828,0,0,0,0,0,3,35.58894027456686,139.3426681,,,,,,,,,,,,,206,red,18580,17166,35746
83,,3110230,1,20260818,5317,416,417,0,0,0,0,4922,451,371,0,0,0,0,3,35.483485034433386,139.527129,,,,,,,,,,,,,206,red,6150,5744,11894
83,,3110240,1,20260818,9989,3482,0,0,0,0,0,10434,3398,0,0,0,0,0,3,35.83073572486877,139.3800849,,,,,,,,,,,,,206,red,13471,13832,27303
83,,3110250,1,20260818,14116,4027,388,0,0,0,0,13068,4013,274,0,0,0,0,3,35.707798574715994,140.1198261,,,,,,,,,,,,,206,red,18531,17355,35886
83,,3110260,1,20260818,11293,2871,385,0,0,0,0,9535,2791,155,0,0,0,0,3,35.53057826449313,140.0927666,,,,,,,,,,,,,206,red,14549,12481,27030
83,,3110270,1,20260818,8107,1414,428,0,0,0,0,9239,1763,540,0,0,0,0,3,35.79240130482129,139.6854329,,,,,,,,,,,,,206,red,9949,11542,21491
83,,3110280,1,20260818,18742,5407,0,0,0,0,0,19549,5815,0,0,0,0,0,3,35.803056924834515,139.6481824,,,,,,,,,,,,,206,red,24149,25364,49513
83,,3110290,1,20260818,13990,2350,0,0,0,0,0,13438,2372,0,0,0,0,0,3,36.07243401516468,139.4990623,,,,,,,,,,,,,206,red,16340,15810,32150
83,,3110300,1,20260818,5437,409,0,0,0,0,0,5328,418,0,0,0,0,0,3,36.18854634530473,139.3083894,,,,,,,,,,,,,206,red,5846,5746,11592
83,,3110310,1,20260818,7745,959,74,0,0,0,0,7944,1102,58,0,0,0,0,3,36.28225430541672,139.0870374,,,,,,,,,,,,,206,red,8778,9104,17882
83,,3110320,1,20260818,15882,693,290,0,0,0,0,15329,677,189,0,0,0,0,3,36.3553183655034,139.0125096,,,,,,,,,,,,,206,red,16865,16195,33060
83,,3110350,1,20260818,8673,1098,0,0,0,0,0,9612,1130,0,0,0,0,0,3,36.343173145489025,138.5572287,,,,,,,,,,,,,206,red,9771,10742,20513
83,,3110360,1,20260818,8124,700,0,0,0,0,0,7597,630,0,0,0,0,0,3,36.37715425552919,138.2764444,,,,,,,,,,,,,206,red,8824,8227,17051
83,,3110370,1,20260818,6440,653,0,0,0,0,0,7446,646,0,0,0,0,0,3,36.6491958258463,138.2215959,,,,,,,,,,,,,206,red,7093,8092,15185
83,,3110380,1,20260818,6746,635,0,0,0,0,0,6734,615,0,0,0,0,0,3,36.20646628532621,137.9629773,,,,,,,,,,,,,206,red,7381,7349,14730
83,,3110390,1,20260818,1623,310,0,0,0,0,0,1483,261,0,0,0,0,0,3,36.53866995571842,137.9675826,,,,,,,,,,,,,206,red,1933,1744,3677
83,,3110400,1,20260818,11254,968,661,0,0,0,0,12468,1097,899,0,0,0,0,3,35.669090024667575,139.59433440000004,,,,,,,,,,,,,206,red,12883,14464,27347
83,,3110410,1,20260818,4226,400,228,0,0,0,0,4138,539,165,0,0,0,0,3,35.617552604602885,139.1855389,,,,,,,,,,,,,206,red,4854,4842,9696
83,,3110420,1,20260818,6756,761,0,0,0,0,0,5614,778,0,0,0,0,0,3,35.611220394594916,138.9628673,,,,,,,,,,,,,206,red,7517,6392,13909
83,,3110430,1,20260818,2168,2010,0,0,0,0,0,1172,1964,0,0,0,0,0,3,35.603966294585796,138.8040242,,,,,,,,,,,,,206,red,4178,3136,7314
83,,3110440,1,20260818,11521,1113,0,0,0,0,0,9759,978,0,0,0,0,0,3,35.66782617466599,138.5078037,,,,,,,,,,,,,206,red,12634,10737,23371
83,,3110450,1,20260818,2055,666,0,0,0,0,0,1975,625,0,0,0,0,0,3,35.90777048496373,138.2345215,,,,,,,,,,,,,206,red,2721,2600,5321
83,,3110460,1,20260818,5079,451,0,0,0,0,0,4985,420,0,0,0,0,0,3,36.07055654516242,138.0938691,,,,,,,,,,,,,206,red,5530,5405,10935
83,,3110470,1,20260818,6053,1018,67,0,0,0,0,5846,976,31,0,0,0,0,3,36.378318235530564,139.2290443,,,,,,,,,,,,,206,red,7138,6853,13991
83,,3110480,1,20260818,11504,3007,97,0,0,0,0,11272,2900,182,0,0,0,0,3,36.314701575455274,139.4271684,,,,,,,,,,,,,206,red,14608,14354,28962
83,,3110490,1,20260818,6192,804,0,0,0,0,0,5660,684,0,0,0,0,0,3,36.3924270955472,140.2677888,,,,,,,,,,,,,204,red,6996,6344,13340
83,,3110520,1,20260818,3800,526,0,0,0,0,0,3839,576,0,0,0,0,0,3,35.95803238502537,140.6007609,,,,,,,,,,,,,204,red,4326,4415,8741
83,,3110550,1,20260818,2560,138,129,0,0,0,0,2555,93,52,0,0,0,0,3,35.150913034005455,139.829981,,,,,,,,,,,,,206,red,2827,2700,5527
83,,3110560,1,20260818,5477,581,0,0,0,0,0,6146,401,0,0,0,0,0,3,35.43543715437221,138.84019380000004,,,,,,,,,,,,,206,red,6058,6547,12605
83,,3110570,1,20260818,2919,323,0,0,0,0,0,3008,739,0,0,0,0,0,3,35.39117538431567,138.86336800000004,,,,,,,,,,,,,206,red,3242,3747,6989
83,,3110580,1,20260818,2773,689,0,0,0,0,0,2919,659,0,0,0,0,0,3,35.47790102442629,138.6703992,,,,,,,,,,,,,206,red,3462,3578,7040
83,,3110590,1,20260818,5460,382,0,0,0,0,0,5797,376,0,0,0,0,0,3,35.51892892447836,138.83839670000003,,,,,,,,,,,,,206,red,5842,6173,12015
83,,3110610,1,20260818,17149,2176,624,0,0,0,0,9733,1338,4234,0,0,0,0,3,35.536946034501184,139.510691,,,,,,,,,,,,,206,red,19949,15305,35254
83,,3110620,1,20260818,14377,3696,484,0,0,0,0,15416,4286,728,0,0,0,0,3,35.472892034419914,139.412266,,,,,,,,,,,,,206,red,18557,20430,38987
83,,3110630,1,20260818,11845,1212,507,0,0,0,0,10640,1117,705,0,0,0,0,3,35.4275870343622,139.351511,,,,,,,,,,,,,206,red,13564,12462,26026
83,,3110640,1,20260818,6805,731,357,0,0,0,0,6948,664,386,0,0,0,0,3,35.37445003429424,139.203293,,,,,,,,,,,,,206,red,7893,7998,15891
83,,3110650,1,20260818,4734,1378,151,0,0,0,0,3683,1273,82,0,0,0,0,3,35.36087503427685,139.014722,,,,,,,,,,,,,206,red,6263,5038,11301
83,,3110660,1,20260818,14158,4064,845,0,0,0,0,10903,3798,722,0,0,0,0,3,35.68396699468621,139.992342,,,,,,,,,,,,,206,red,19067,15423,34490
83,,3110670,1,20260818,4167,2740,286,0,0,0,0,4733,3764,298,0,0,0,0,3,35.588442964566234,139.7548217,,,,,,,,,,,,,206,red,7193,8795,15988
83,,3110980,1,20260818,6630,1016,44,0,0,0,0,6571,1160,92,0,0,0,0,1,36.24888937537695,138.4463891,,,,,,,,,,,,,206,red,7690,7823,15513
83,,3110990,1,20260818,4518,827,0,0,0,0,0,0,0,0,0,0,0,0,1,36.242588925369425,138.4374556,,,,,,,,,,,,,206,red,5345,0,5345
83,,3111000,1,20260818,0,0,0,0,0,0,0,4427,717,0,0,0,0,0,1,36.22486392534824,138.4372861,,,,,,,,,,,,,206,red,0,5144,5144
83,,3111010,1,20260818,3738,706,0,0,0,0,0,3804,699,0,0,0,0,0,1,36.16839725528054,138.4688,,,,,,,,,,,,,206,red,4444,4503,8947
83,,3111030,1,20260818,2614,630,0,0,0,0,0,0,0,0,0,0,0,0,1,36.14629447525393,138.4676028,,,,,,,,,,,,,206,red,3244,0,3244
83,,3111040,1,20260818,0,0,0,0,0,0,0,2513,639,0,0,0,0,0,1,36.13644447524206,138.4613806,,,,,,,,,,,,,206,red,0,3152,3152
83,,3111050,1,20260818,3790,1069,55,0,0,0,0,3738,1167,28,0,0,0,0,1,35.443037034381895,138.453937,,,,,,,,,,,,,206,red,4914,4933,9847
83,,3111060,1,20260818,3773,891,39,0,0,0,0,3908,922,137,0,0,0,0,1,35.48100503443024,138.45894900000002,,,,,,,,,,,,,206,red,4703,4967,9670
83,,3111070,1,20260818,3707,1095,104,0,0,0,0,3344,1181,44,0,0,0,0,1,35.35961103427522,138.456636,,,,,,,,,,,,,206,red,4906,4569,9475
83,,3111080,1,20260818,3777,1081,112,0,0,0,0,3440,1155,46,0,0,0,0,1,35.337913034247364,138.45119000000003,,,,,,,,,,,,,206,red,4970,4641,9611
83,,3111090,1,20260818,3130,939,54,0,0,0,0,2902,1095,31,0,0,0,0,1,35.27778503416994,138.444487,,,,,,,,,,,,,206,red,4123,4028,8151
83,,3310680,1,20260818,11353,1353,670,0,0,0,0,13502,1283,1020,0,0,0,0,3,35.55346203452207,139.695301,,,,,,,,,,,,,206,red,13376,15805,29181
83,,3310690,1,20260818,7653,997,526,0,0,0,0,9346,1062,734,0,0,0,0,3,35.476498034424495,139.611304,,,,,,,,,,,,,206,red,9176,11142,20318
83,,3310720,1,20260818,14436,2021,801,0,0,0,0,14750,2363,1200,0,0,0,0,3,35.78172684480805,139.8030451,,,,,,,,,,,,,206,red,17258,18313,35571
83,,3310730,1,20260818,11243,1142,1005,0,0,0,0,12808,1486,1259,0,0,0,0,3,35.723854004736026,139.819876,,,,,,,,,,,,,206,red,13390,15553,28943
83,,3310740,1,20260818,14529,1844,792,0,0,0,0,0,0,0,0,206,206,0,3,35.76173829478322,139.8620188,,,,,,,,,,,,,206,red,17165,0,17165
83,,3310750,1,20260818,12391,1906,730,0,0,0,0,17082,2224,1021,0,0,0,0,3,35.768080334791094,139.8831359,,,,,,,,,,,,,206,red,15027,20327,35354
83,,3310760,1,20260818,6481,747,0,0,0,0,0,6623,409,0,0,0,0,0,3,36.333593035477676,140.487226,,,,,,,,,,,,,204,red,7228,7032,14260
83,,3310770,1,20260818,12869,1486,1465,0,0,0,0,10481,1409,2281,0,0,0,0,3,35.696867714702336,139.8301488,,,,,,,,,,,,,206,red,15820,14171,29991
83,,3310780,1,20260818,9523,1747,822,0,0,0,0,11355,1557,972,0,0,0,0,3,35.550513454518345,139.7165117,,,,,,,,,,,,,206,red,12092,13884,25976
83,,3310790,1,20260818,8403,988,0,0,0,0,0,8433,929,0,0,0,0,0,3,35.30616103420651,139.624807,,,,,,,,,,,,,206,red,9391,9362,18753
83,,3310810,1,20260818,11340,4602,791,0,0,0,0,11337,4407,1121,0,0,0,0,3,35.88142903493132,139.9657318,,,,,,,,,,,,,206,red,16733,16865,33598
83,,3310820,1,20260818,13561,2054,1018,0,0,0,0,12296,2075,647,0,0,0,0,3,35.769723434793136,139.7015664,,,,,,,,,,,,,206,red,16633,15018,31651
83,,3310830,1,20260818,5162,660,178,0,0,0,0,4352,619,45,0,0,0,0,3,36.65616783585431,139.0205401,,,,,,,,,,,,,206,red,6000,5016,11016
83,,3310840,1,20260818,14343,1192,822,0,0,0,0,12400,1108,936,0,0,0,0,3,35.67115788467016,139.6194506,,,,,,,,,,,,,206,red,16357,14444,30801
83,,3310850,1,20260818,15481,1325,0,0,0,0,0,14236,1103,0,0,0,0,0,3,35.644829464637155,138.6173022,,,,,,,,,,,,,206,red,16806,15339,32145
83,,3310860,1,20260818,1917,490,0,0,0,0,0,1785,575,0,0,0,0,0,3,35.85597447489995,138.2880181,,,,,,,,,,,,,206,red,2407,2360,4767
83,,3310880,1,20260818,3022,390,0,0,0,0,0,3660,469,0,0,0,0,0,3,35.58082577455663,138.474952,,,,,,,,,,,,,206,red,3412,4129,7541
83,,3310890,1,20260818,14400,1330,1014,0,0,0,0,14800,1513,1042,0,0,0,0,3,35.625824724613295,139.6414769,,,,,,,,,,,,,206,red,16744,17355,34099
83,,3310900,1,20260818,20617,2696,1241,0,0,0,0,20724,2662,1402,0,0,0,0,3,35.60764403459042,139.613062,,,,,,,,,,,,,206,red,24554,24788,49342
83,,3310910,1,20260818,4396,1578,373,0,0,0,0,5136,1437,104,0,0,0,0,3,35.34910803426173,139.141352,,,,,,,,,,,,,206,red,6347,6677,13024
83,,3310920,1,20260818,11948,1199,1197,0,0,0,0,11360,1640,2223,0,0,0,0,3,35.74888073476721,139.6969986,,,,,,,,,,,,,206,red,14344,15223,29567
83,,3310930,1,20260818,13978,1645,786,0,0,0,0,14631,1791,782,0,0,0,0,3,35.757753044778255,139.6835902,,,,,,,,,,,,,206,red,16409,17204,33613
83,,3310940,1,20260818,17273,3543,552,0,0,0,0,15435,3533,427,0,0,0,0,3,35.653820154648436,140.0442401,,,,,,,,,,,,,206,red,21368,19395,40763
83,,3310950,1,20260818,16346,7042,770,0,0,0,0,13770,7387,1299,0,0,0,0,3,35.64815995464133,139.9005461,,,,,,,,,,,,,206,red,24158,22456,46614
83,,3310960,1,20260818,3941,2417,264,0,0,0,0,912,669,1050,0,0,0,0,3,35.646721404639536,139.8238456,,,,,,,,,,,,,206,red,6622,2631,9253
84,,4110010,1,20260818,25220,4293,0,0,0,0,0,22745,5110,0,0,0,0,0,3,37.932215037230314,139.139722,,,,,,,,,,,,,206,red,29513,27855,57368
84,,4110020,1,20260818,7676,347,0,0,0,0,0,7907,509,0,0,0,0,0,3,37.96100603725917,139.354741,,,,,,,,,,,,,206,red,8023,8416,16439
84,,4110030,1,20260818,2362,838,0,0,0,0,0,2131,633,0,0,0,0,0,3,38.540634037818585,139.550276,,,,,,,,,,,,,206,red,3200,2764,5964
84,,4110040,1,20260818,36593,5608,0,0,0,0,0,37402,3771,0,0,0,0,0,3,37.89993403719785,139.068639,139.0649569,37.8988954271968,,,,,,,,,,,206,red,42201,41173,83374
84,,4110060,1,20260818,5319,1239,264,0,0,0,0,5062,1270,313,0,0,0,0,3,37.56415502685272,138.8938299,,,,,,,,,,,,,206,red,6822,6645,13467
84,,4110070,1,20260818,6327,565,48,0,0,0,0,6520,496,45,0,0,0,0,3,37.44889503673119,138.76828100000003,,,,,,,,,,,,,206,red,6940,7061,14001
84,,4110090,1,20260818,996,491,0,0,0,0,0,993,545,0,0,0,0,0,3,36.97923003622018,137.642048,,,,,,,,,,,,,206,red,1487,1538,3025
84,,4110110,1,20260818,11054,1373,91,0,0,0,0,10595,1335,71,0,0,0,0,3,36.737147395947105,137.3387361,137.3387361,36.737147395947105,,,,,,,,,,,206,red,12518,12001,24519
84,,4110120,1,20260818,10983,1644,72,0,0,0,0,12319,1595,97,0,0,0,0,3,36.74295939595373,137.1063924,,,,,,,,,,,,,206,red,12699,14011,26710
84,,4110130,1,20260818,11293,1790,73,0,0,0,0,11707,1566,82,0,0,0,0,3,36.75988562597303,137.0465469,,,,,,,,,,,,,206,red,13156,13355,26511
84,,4110140,1,20260818,5382,1280,44,0,0,0,0,5659,1348,42,0,0,0,0,3,36.6765250558777,136.8260425,,,,,,,,,,,,,206,red,6706,7049,13755
84,,4110150,1,20260818,23868,2988,0,0,0,0,0,23513,3224,0,0,0,0,0,3,36.589046875776866,136.6271782,136.6276288,36.58868075577644,,,,,,,,,,,206,red,26856,26737,53593
84,,4110160,1,20260818,8080,1550,0,0,0,0,0,7235,1515,0,0,0,0,0,3,36.33272803547666,136.42083400000004,,,,,,,,,,,,,206,red,9630,8750,18380
84,,4110180,1,20260818,2076,114,0,0,0,0,0,2910,168,0,0,0,0,0,3,37.35568202663179,138.5718066,,,,,,,,,,,,,206,red,2190,3078,5268
84,,4110190,1,20260818,655,73,35,0,0,0,0,469,68,34,0,0,0,0,3,36.785345316001994,138.8016209,,,,,,,,,,,,,206,red,763,571,1334
84,,4110200,1,20260818,4968,736,218,0,0,0,0,4377,605,570,0,0,0,0,3,37.05929117630906,138.8725331,,,,,,,,,,,,,206,red,5922,5552,11474
84,,4110210,1,20260818,5513,979,1101,0,0,0,0,5966,987,1084,0,0,0,0,3,37.379305636657065,138.8344324,,,,,,,,,,,,,206,red,7593,8037,15630
84,,4110220,1,20260818,2240,390,0,0,0,0,0,2077,370,0,0,0,0,0,3,36.859512036085945,138.194944,,,,,,,,,,,,,206,red,2630,2447,5077
84,,4110230,1,20260818,5054,334,28,0,0,0,0,4643,307,41,0,0,0,0,3,36.59277686578118,137.2042608,,,,,,,,,,,,,206,red,5416,4991,10407
84,,4110240,1,20260818,10184,462,100,0,0,0,0,10012,451,89,0,0,0,0,3,36.68543044588792,137.2119749,,,,,,,,,,,,,206,red,10746,10552,21298
84,,4110250,1,20260818,1917,413,0,0,0,0,0,1841,430,0,0,0,0,0,3,37.66099003695361,139.47592,,,,,,,,,,,,,206,red,2330,2271,4601
84,,4110260,1,20260818,2144,556,0,0,0,0,0,2033,429,0,0,0,0,0,3,38.081379037378746,139.576978,,,,,,,,,,,,,206,red,2700,2462,5162
84,,4110270,1,20260818,2382,661,0,0,0,0,0,2205,565,0,0,0,0,0,3,37.60222103689251,138.798415,,,,,,,,,,,,,206,red,3043,2770,5813
84,,4110280,1,20260818,7024,252,33,0,0,0,0,7543,290,81,0,0,0,0,3,36.650611795847915,136.963672,,,,,,,,,,,,,206,red,7309,7914,15223
84,,4110290,1,20260818,7757,1064,0,0,0,0,0,8466,941,0,0,0,0,0,3,36.52124203569812,136.587868,,,,,,,,,,,,,206,red,8821,9407,18228
84,,4110300,1,20260818,11177,2184,0,0,206,0,0,13619,1024,0,0,0,0,0,3,36.59043403577848,136.685666,136.68521,36.59039903577843,,,,,,,,,,,206,red,13361,14643,28004
84,,4110310,1,20260818,432,25,5,0,0,0,0,407,19,5,0,0,0,0,3,37.0464990362949,137.047738,,,,,,,,,,,,,206,red,462,431,893
84,,4110320,1,20260818,1949,406,15,0,0,0,0,2091,555,18,0,0,0,0,3,36.8686864160963,136.96136,,,,,,,,,,,,,206,red,2370,2664,5034
84,,4110330,1,20260818,3505,526,31,0,0,0,0,3527,731,45,0,0,0,0,3,36.83313510605615,136.9442582,,,,,,,,,,,,,206,red,4062,4303,8365
84,,4110340,1,20260818,3901,2035,0,0,0,0,0,2889,3089,0,0,0,0,0,3,36.75969223597281,136.9658715,,,,,,,,,,,,,206,red,5936,5978,11914
84,,4110350,1,20260818,1810,395,2,0,0,0,0,2470,781,0,0,206,0,0,3,37.240650036507716,136.905469,,,,,,,,,,,,,206,red,2207,3251,5458
84,,4110351,1,20260818,897,153,0,0,0,1,0,1211,361,0,0,0,0,0,3,37.31000403658269,136.9066,,,,,,,,,,,,,206,red,1050,1572,2622
84,,4110370,1,20260818,4676,276,0,0,0,0,0,4469,324,0,0,0,0,0,6,37.83527203713243,139.227435,,,,,,,,,,,,,206,red,4952,4793,9745
84,,4110371,1,20260818,3910,777,0,0,0,0,0,4033,725,0,0,0,0,0,3,37.829370037126424,139.20906,,,,,,,,,,,,,206,red,4687,4758,9445
84,,4110380,1,20260818,2573,387,0,0,0,0,0,2744,292,0,0,0,0,0,3,37.73164303702653,139.333641,,,,,,,,,,,,,206,red,2960,3036,5996
84,,4110390,1,20260818,2291,450,0,0,0,0,0,2352,453,0,0,0,0,0,3,37.699376036993314,139.38248,,,,,,,,,,,,,206,red,2741,2805,5546
84,,4110400,1,20260818,1627,412,0,0,0,0,0,2059,569,0,0,0,0,0,3,37.012781036257515,137.026061,,,,,,,,,,,,,206,red,2039,2628,4667
84,,4110410,1,20260818,13040,2060,0,0,0,0,0,12583,1994,0,0,0,0,0,3,36.38238103553535,136.486002,,,,,,,,,,,,,206,red,15100,14577,29677
84,,4110430,1,20260818,472,141,0,0,0,0,0,485,171,0,0,0,0,0,3,37.01726703626248,136.967459,,,,,,,,,,,,,206,red,613,656,1269
84,,4110440,1,20260818,3178,390,25,0,0,0,0,3105,613,61,0,0,0,0,3,36.80001257601863,136.9558319,,,,,,,,,,,,,206,red,3593,3779,7372
84,,4110450,1,20260818,1780,408,27,0,0,0,0,2050,660,59,0,0,0,0,3,36.88168028611092,136.97572590000001,,,,,,,,,,,,,206,red,2215,2769,4984
84,,4110460,1,20260818,1539,380,10,0,0,0,0,1890,551,31,0,0,0,0,3,36.93083435616611,137.0132339,,,,,,,,,,,,,206,red,1929,2472,4401
84,,4110470,1,20260818,6538,930,34,0,0,0,0,6750,945,32,0,0,0,0,3,36.84399970606843,137.4189931,,,,,,,,,,,,,206,red,7502,7727,15229
84,,4110480,1,20260818,5119,867,0,0,0,0,0,4540,823,0,0,0,0,0,3,37.7661015170619,139.0265521,,,,,,,,,,,,,206,red,5986,5363,11349
84,,4110490,1,20260818,4606,749,0,0,0,0,0,4525,715,0,0,0,0,0,3,37.77256794706851,139.0261587,,,,,,,,,,,,,206,red,5355,5240,10595
84,,4110880,1,20260818,4604,667,0,0,0,0,0,4708,648,0,0,0,0,0,3,37.159443036419226,138.223379,,,,,,,,,,,,,206,red,5271,5356,10627
84,,4160390,1,20260818,1618,562,0,0,0,0,0,1517,436,0,0,0,0,0,1,38.268866037561445,139.522026,,,,,,,,,,,,,206,red,2180,1953,4133
84,,4310010,1,20260818,19931,1582,0,0,0,0,0,17852,1530,0,0,0,0,0,3,37.90111003719903,139.07252,139.07275,37.90117003719909,,,,,,,,,,,206,red,21513,19382,40895
84,,4310012,1,20260818,7472,187,0,0,0,0,0,6814,151,0,0,0,0,0,3,37.92162903721969,139.058415,139.059129,37.921847037219905,,,,,,,,,,,206,red,7659,6965,14624
84,,4310014,1,20260818,26286,2747,0,0,0,0,0,15644,1875,0,0,0,206,0,3,37.91719603721522,139.11685,,,,,,,,,,,,,206,red,29033,17519,46552
84,,4310020,1,20260818,11200,870,0,0,0,1,0,7378,212,0,0,0,56,0,3,37.96990561726807,139.2601579,,,,,,,,,,,,,206,red,12070,7590,19660
84,,4310030,1,20260818,12773,918,0,0,0,0,0,12348,666,0,0,0,0,0,3,37.959626427257795,139.290365,,,,,,,,,,,,,206,red,13691,13014,26705
84,,4310060,1,20260818,9510,1191,0,0,0,0,0,11985,1486,0,0,0,0,0,3,37.855369037152805,139.017016,,,,,,,,,,,,,206,red,10701,13471,24172
84,,4310070,1,20260818,6276,942,0,0,0,0,0,5430,1073,0,0,0,0,0,3,37.213535036478255,138.30873,,,,,,,,,,,,,206,red,7218,6503,13721
84,,4310080,1,20260818,6833,779,0,0,0,0,0,7703,801,0,0,0,0,0,3,37.15957303641935,138.228132,,,,,,,,,,,,,206,red,7612,8504,16116
84,,4310090,1,20260818,3311,709,0,0,0,0,0,3126,675,0,0,0,0,0,3,37.119068036374955,138.031711,,,,,,,,,,,,,206,red,4020,3801,7821
84,,4310100,1,20260818,5343,721,0,0,0,0,0,4032,690,0,0,0,0,0,3,37.04548803629378,137.853387,,,,,,,,,,,,,206,red,6064,4722,10786
84,,4310110,1,20260818,2770,134,50,0,0,0,0,1871,73,19,0,0,0,0,3,37.055192036304526,137.905522,,,,,,,,,,,,,206,red,2954,1963,4917
84,,4310120,1,20260818,4273,986,0,0,0,0,0,3663,755,0,0,0,0,0,3,36.94553606618256,137.53465,,,,,,,,,,,,,206,red,5259,4418,9677
84,,4310130,1,20260818,7859,963,17,0,0,0,0,7866,1024,69,0,0,0,0,3,36.77997831599589,137.3953897,137.3949552,36.779578725995435,,,,,,,,,,,201,red,8839,8959,17798
84,,4310160,1,20260818,3080,364,0,0,0,0,0,3176,403,0,0,0,0,0,3,36.6900247158932,136.89856410000002,,,,,,,,,,,,,206,red,3444,3579,7023
84,,4310170,1,20260818,2645,568,50,1,0,0,0,1,0,1,1,0,0,0,3,36.92741586616228,137.4845517,,,,,,,,,,,,,206,red,3263,2,3265
84,,4310190,1,20260818,5661,1449,0,0,206,0,0,5556,1259,0,0,206,0,0,3,36.68614025588873,136.7302394,,,,,,,,,,,,,206,red,7110,6815,13925
84,,4310200,1,20260818,5618,1090,0,0,0,0,0,5544,1177,0,0,0,0,0,3,36.68324936588542,136.7232978,,,,,,,,,,,,,206,red,6708,6721,13429
84,,4310210,1,20260818,19653,2807,0,0,0,0,0,18473,2558,0,0,0,0,0,3,36.562841365746486,136.5982425,,,,,,,,,,,,,206,red,22460,21031,43491
84,,4310220,1,20260818,15789,2621,0,0,0,0,0,15940,2214,0,0,0,0,0,3,36.50450003567862,136.550432,,,,,,,,,,,,,206,red,18410,18154,36564
84,,4310230,1,20260818,10204,2253,0,0,0,0,0,12044,1812,0,0,0,0,0,3,36.42391556558427,136.483165,,,,,,,,,,,,,206,red,12457,13856,26313
84,,4310250,1,20260818,3976,1307,0,0,0,0,0,4054,1321,0,0,0,0,0,3,36.2785439554123,136.2915319,,,,,,,,,,,,,206,red,5283,5375,10658
84,,4310270,1,20260818,2611,74,14,0,0,0,0,2084,80,12,0,0,0,0,3,37.072231146323354,138.87240170000004,,,,,,,,,,,,,206,red,2699,2176,4875
84,,4310280,1,20260818,4224,689,0,0,0,0,1,4600,666,0,0,0,0,1,3,36.93595003617183,138.219789,,,,,,,,,,,,,206,red,4913,5266,10179
84,,4310300,1,20260818,14807,1843,0,0,0,0,0,14648,1770,0,0,0,0,0,3,37.135361036392844,138.266363,,,,,,,,,,,,,206,red,16650,16418,33068
84,,4310310,1,20260818,1766,444,42,0,0,0,0,2032,379,39,0,0,0,0,3,36.469212195637375,137.2416294,,,,,,,,,,,,,206,red,2252,2450,4702
84,,4310320,1,20260818,1808,443,37,0,0,0,0,2110,359,34,0,0,0,0,3,36.51196446568731,137.2282451,,,,,,,,,,,,,206,red,2288,2503,4791
84,,4310330,1,20260818,7292,844,0,0,0,0,0,6464,845,0,0,0,0,0,3,36.636592975831775,137.209239,,,,,,,,,,,,,206,red,8136,7309,15445
84,,4310350,1,20260818,13058,1710,0,0,0,0,0,10714,2159,0,0,0,0,0,3,37.85868303715617,139.114645,,,,,,,,,,,,,206,red,14768,12873,27641
84,,4310360,1,20260818,2292,620,523,0,0,0,0,3686,618,162,0,0,0,0,3,37.44596703672809,138.637808,,,,,,,,,,,,,206,red,3435,4466,7901
84,,4310370,1,20260818,5038,1191,0,0,0,0,0,5044,1140,0,0,0,0,0,3,37.659782356952356,138.8757271,,,,,,,,,,,,,206,red,6229,6184,12413
84,,4310380,1,20260818,3873,1102,0,0,0,0,0,3843,1445,0,0,0,0,0,3,37.75046003704586,138.90062,,,,,,,,,,,,,206,red,4975,5288,10263
84,,4310390,1,20260818,180,169,0,0,0,0,0,323,291,0,0,0,5,0,3,37.8373130371345,138.931687,,,,,,,,,,,,,206,red,349,614,963
84,,4310400,1,20260818,369,55,8,0,0,0,0,497,98,18,0,0,0,0,3,36.554335475736636,137.0083094,,,,,,,,,,,,,206,red,432,613,1045
84,,4310410,1,20260818,3086,261,29,0,0,0,0,3241,299,27,0,0,0,0,3,36.956120636194385,136.8892354,,,,,,,,,,,,,206,red,3376,3567,6943
84,,4310411,1,20260818,3124,273,0,0,0,0,0,3088,311,0,0,0,0,0,3,36.92171203615589,136.844019,,,,,,,,,,,,,206,red,3397,3399,6796
84,,4310420,1,20260818,1691,128,0,0,0,0,0,1725,141,0,0,0,0,0,3,36.81057320603062,136.7629731,,,,,,,,,,,,,206,red,1819,1866,3685
84,,4310430,1,20260818,13191,1454,0,0,0,0,0,13531,1287,0,0,0,0,0,3,36.68889768589191,136.7214257,,,,,,,,,,,,,206,red,14645,14818,29463
84,,4310440,1,20260818,8439,513,0,0,0,0,0,7714,643,0,0,0,0,0,3,36.62649371582013,136.7029238,,,,,,,,,,,,,206,red,8952,8357,17309
84,,4310441,1,20260818,10991,776,0,0,0,0,0,12058,645,0,0,0,0,0,3,36.60182503579164,136.700048,,,,,,,,,,,,,206,red,11767,12703,24470
84,,4310450,1,20260818,15252,986,0,0,0,0,0,15930,674,688,0,0,0,0,3,36.57428003575976,136.686305,136.6864014,36.57449126576,,,,,,,,,,,206,red,16238,17292,33530
84,,4310460,1,20260818,225,12,16,0,0,0,0,209,13,17,0,0,0,0,3,36.9580881961966,137.048108,,,,,,,,,,,,,206,red,253,239,492
84,,4310470,1,20260818,9649,802,119,0,0,0,0,11254,635,81,0,0,0,0,3,36.77955370599541,137.0001501,,,,,,,,,,,,,206,red,10570,11970,22540
85,22,5110100,1,20260818,17508,1683,325,0,0,0,0,15632,1967,412,0,0,0,0,3,35.15213957400704,138.9246216,,,,,,,,,,,,,206,red,19516,18011,37527
85,22,5110109,1,20260818,6325,773,93,0,0,0,0,6190,813,69,0,0,0,0,3,35.118767763963525,138.9293772,,,,,,,,,,,,,206,red,7191,7072,14263
85,22,5110111,1,20260818,15784,1115,273,0,0,0,0,14535,1087,233,0,0,0,0,3,35.10924329395108,138.9124954,,,,,,,,,,,,,206,red,17172,15855,33027
85,22,5110115,1,20260818,12290,3057,0,0,0,0,0,12041,2752,0,0,0,0,0,3,35.138890033989775,138.739584,,,,,,,,,,,,,206,red,15347,14793,30140
85,22,5110120,1,20260818,15949,4424,0,0,0,0,0,16866,4138,0,0,0,0,0,3,35.06126803388831,138.536991,,,,,,,,,,,,,206,red,20373,21004,41377
85,22,5110125,1,20260818,13447,938,0,0,0,0,0,12589,783,0,0,0,0,0,3,34.99945503380712,138.431978,,,,,,,,,,,,,206,red,14385,13372,27757
85,22,5110130,1,20260818,19915,5004,0,0,0,0,0,21367,5153,0,0,0,0,0,3,35.00292603381168,138.37946,,,,,,,,,,,,,206,red,24919,26520,51439
85,22,5110135,1,20260818,19584,4437,0,0,0,0,0,19867,4277,0,0,0,0,0,3,34.9427310337323,138.326229,,,,,,,,,,,,,206,red,24021,24144,48165
85,22,5110140,1,20260818,9865,2590,0,0,0,0,0,8871,2302,0,0,0,0,0,3,34.87443903364182,138.231472,,,,,,,,,,,,,206,red,12455,11173,23628
85,22,5110145,1,20260818,9886,2759,0,0,0,0,0,8757,2860,0,0,0,0,0,3,34.831770733585074,138.1182557,,,,,,,,,,,,,206,red,12645,11617,24262
85,22,5110148,1,20260818,23855,4807,0,0,0,0,0,25372,4795,0,0,0,0,0,3,34.73805952345989,137.853806,,,,,,,,,,,,,206,red,28662,30167,58829
85,22,5110150,1,20260818,24834,3680,353,0,0,0,0,26142,4780,0,0,0,0,0,3,34.731415953450984,137.7966642,,,,,,,,,,,,,206,red,28867,30922,59789
85,22,5110155,1,20260818,11031,4349,0,0,0,0,0,5126,2130,2,0,0,134,0,3,34.67742179337847,137.6802735,,,,,,,,,,,,,206,red,15380,7258,22638
85,22,5110158,1,20260818,14161,4369,0,0,0,0,0,12641,4020,0,0,0,0,0,3,34.67846877337988,137.608459,,,,,,,,,,,,,206,red,18530,16661,35191
85,22,5110160,1,20260818,8278,3328,0,0,0,0,0,8176,3458,0,0,0,0,0,3,34.67701253337791,137.5025406,,,,,,,,,,,,,206,red,11606,11634,23240
85,23,5110170,1,20260818,11080,1757,0,0,0,0,0,11887,2109,0,0,0,0,0,3,34.7982592835404,137.36621260000004,,,,,,,,,,,,,206,red,12837,13996,26833
85,23,5110175,1,20260818,10218,1795,0,0,0,0,0,10893,1733,0,0,0,0,0,3,34.92391956370741,137.2032416,,,,,,,,,,,,,206,red,12013,12626,24639
85,23,5110180,1,20260818,5738,1168,0,0,0,0,0,6365,706,0,0,0,0,0,3,35.12246228396835,136.7712316,,,,,,,,,,,,,206,red,6906,7071,13977
85,24,5110185,1,20260818,8432,1355,0,0,0,0,0,8175,1402,0,0,0,0,0,3,35.02683417384312,136.6459825,,,,,,,,,,,,,206,red,9787,9577,19364
85,24,5110190,1,20260818,7915,3022,0,0,0,0,0,9815,3307,0,0,0,0,0,3,34.914394373694805,136.5686551,,,,,,,,,,,,,206,red,10937,13122,24059
85,23,5110250,1,20260818,10697,1773,0,0,0,0,0,11398,1655,0,0,0,0,0,3,35.23002111410819,136.9279236,,,,,,,,,,,,,206,red,12470,13053,25523
85,23,5110255,1,20260818,11273,1577,0,0,0,0,0,8953,1496,0,0,0,0,0,3,35.22358825409986,136.8807274,,,,,,,,,,,,,206,red,12850,10449,23299
85,22,5111410,1,20260818,5566,305,54,0,0,0,0,5025,195,34,0,0,0,0,3,34.9385786437268,138.9422778,,,,,,,,,,,,,206,red,5925,5254,11179
85,22,5111435,1,20260818,13913,1321,0,0,0,0,0,13341,1202,0,0,0,0,0,3,35.112323893955114,138.9483055,,,,,,,,,,,,,206,red,15234,14543,29777
85,22,5111440,1,20260818,7435,631,17,0,0,0,0,7016,644,23,0,0,0,0,3,35.09294534392978,138.9461249,,,,,,,,,,,,,206,red,8083,7683,15766
85,22,5111460,1,20260818,1580,124,0,0,0,0,0,1923,180,0,0,0,0,0,3,34.773393033507176,138.94734200000002,,,,,,,,,,,,,206,red,1704,2103,3807
85,23,5111910,1,20260818,17386,3281,0,0,0,0,0,17951,3553,0,0,0,0,0,3,35.251491704135965,136.9747388,,,,,,,,,,,,,206,red,20667,21504,42171
85,21,5111920,1,20260818,10345,1735,3,0,0,1,0,11462,1791,2,0,0,1,0,3,35.33014667423738,137.0762497,,,,,,,,,,,,,206,red,12083,13255,25338
85,21,5111930,1,20260818,9378,1472,2,0,0,1,0,10019,1595,2,0,0,1,0,3,35.36635604428386,137.2135359,,,,,,,,,,,,,206,red,10852,11616,22468
85,21,5111940,1,20260818,12739,2400,3,0,0,1,0,14261,2103,2,0,0,1,0,3,35.477490394425764,137.4827895,,,,,,,,,,,,,206,red,15142,16366,31508
85,21,5111950,1,20260818,4148,1093,0,0,0,0,0,4184,1053,0,0,0,0,0,3,35.54294722450878,137.5415325,,,,,,,,,,,,,206,red,5241,5237,10478
85,20,5111960,1,20260818,3306,1111,0,0,0,0,0,2968,1056,0,0,0,0,0,3,35.79372550482294,137.6867026,,,,,,,,,,,,,206,red,4417,4024,8441
85,20,5111970,1,20260818,0,0,0,0,0,206,0,6112,0,0,0,0,0,0,3,35.86568255491192,137.7375698,,,,,,,,,,,,,206,red,0,6112,6112
85,21,5112190,1,20260818,2564,664,0,0,0,0,0,2545,752,0,0,0,0,0,3,35.35969120427531,136.4557958,,,,,,,,,,,,,206,red,3228,3297,6525
85,21,5112240,1,20260818,16890,2448,0,0,0,0,0,15364,2118,0,0,0,0,0,3,35.38091091430252,136.7844039,,,,,,,,,,,,,206,red,19338,17482,36820
85,23,5112320,1,20260818,22780,7897,0,0,0,0,0,22260,8289,0,0,0,0,0,3,34.935405063722605,137.0426846,,,,,,,,,,,,,206,red,30677,30549,61226
85,23,5112325,1,20260818,27359,7997,0,0,0,0,0,29043,9521,0,0,0,0,0,3,35.020771293835146,137.0130622,,,,,,,,,,,,,206,red,35356,38564,73920
85,23,5112330,1,20260818,31365,10406,0,0,0,0,0,34622,10620,0,0,0,0,0,3,35.04312062386452,136.9841158,,,,,,,,,,,,,206,red,41771,45242,87013
85,23,5112340,1,20260818,10969,6128,0,0,0,0,0,11113,5901,0,0,0,0,0,3,35.06974911389942,136.7566216,,,,,,,,,,,,,206,red,17097,17014,34111
85,24,5112350,1,20260818,14062,5092,0,0,0,0,0,13742,5229,0,0,0,0,0,3,35.00912200381983,136.6732612,,,,,,,,,,,,,206,red,19154,18971,38125
85,24,5112355,1,20260818,18208,994,0,0,0,0,0,15190,865,0,0,0,0,0,3,34.75468373348215,136.5225828,,,,,,,,,,,,,206,red,19202,16055,35257
85,24,5112360,1,20260818,10352,853,0,0,0,0,0,10573,773,0,0,0,0,0,3,34.558484833217825,136.6473028,,,,,,,,,,,,,206,red,11205,11346,22551
85,24,5112370,1,20260818,8521,1518,0,0,0,0,0,8481,1298,0,0,0,0,0,3,34.78302070352005,136.5006557,,,,,,,,,,,,,206,red,10039,9779,19818
85,24,5112375,1,20260818,8988,1609,0,0,0,0,0,9649,1532,0,0,0,0,0,3,34.74150673346451,136.4838785,,,,,,,,,,,,,206,red,10597,11181,21778
85,24,5112550,1,20260818,12579,9063,0,0,0,0,0,11950,7233,0,0,0,0,0,3,34.839452033595315,136.260335,,,,,,,,,,,,,206,red,21642,19183,40825
85,24,5112590,1,20260818,9331,8736,0,0,0,0,0,11069,7155,0,0,0,0,0,3,34.703780033413906,136.071242,,,,,,,,,,,,,206,red,18067,18224,36291
85,22,5113885,1,20260818,6932,1400,0,0,0,0,0,9091,1604,0,0,0,0,0,3,35.33142394423902,138.8977143,,,,,,,,,,,,,206,red,8332,10695,19027
85,22,5113890,1,20260818,5260,632,0,0,0,0,0,7122,529,0,0,0,0,0,3,35.32388868422933,138.9049485,,,,,,,,,,,,,206,red,5892,7651,13543
85,22,5113910,1,20260818,14239,2973,0,0,0,0,0,12679,2524,0,0,0,0,0,3,35.18190903404577,138.676858,,,,,,,,,,,,,206,red,17212,15203,32415
85,22,5113920,1,20260818,12548,2649,0,0,0,0,0,13959,2061,0,0,0,0,0,3,35.209794034081966,138.64987,,,,,,,,,,,,,206,red,15197,16020,31217
85,22,5113990,1,20260818,1974,635,0,0,0,0,0,1877,614,0,0,0,0,0,3,35.41511303434628,138.590083,,,,,,,,,,,,,206,red,2609,2491,5100
85,23,5114110,1,20260818,14015,3019,0,0,0,0,0,12597,3118,0,0,0,0,0,3,35.268750034158266,136.907566,,,,,,,,,,,,,206,red,17034,15715,32749
85,23,5114120,1,20260818,12864,4085,0,0,0,0,0,15288,4297,0,0,0,0,0,3,35.33167103423934,136.91981,,,,,,,,,,,,,206,red,16949,19585,36534
85,21,5114130,1,20260818,4438,972,0,0,0,0,0,4573,748,0,0,0,0,0,3,35.48643303443713,137.055201,,,,,,,,,,,,,206,red,5410,5321,10731
85,21,5114140,1,20260818,4525,832,0,0,0,0,0,3778,754,0,0,0,0,0,3,35.78858303481656,137.25606,,,,,,,,,,,,,206,red,5357,4532,9889
85,21,5114150,1,20260818,4627,640,0,0,0,0,0,4466,655,0,0,0,0,0,3,35.86755403491424,137.213563,,,,,,,,,,,,,206,red,5267,5121,10388
85,21,5114160,1,20260818,3129,437,0,0,0,0,0,2996,372,0,0,0,0,0,3,36.07096803516291,137.267306,,,,,,,,,,,,,206,red,3566,3368,6934
85,21,5114170,1,20260818,1843,570,0,0,0,0,0,1546,646,0,0,0,0,0,3,36.26496203539611,137.138911,,,,,,,,,,,,,206,red,2413,2192,4605
85,21,5114180,1,20260818,1199,406,0,0,0,0,0,1372,331,0,0,0,0,0,3,36.459520035626035,137.248946,,,,,,,,,,,,,206,red,1605,1703,3308
85,24,5114210,1,20260818,7568,679,0,0,0,0,0,7326,520,0,0,0,0,0,3,34.51961103316506,136.541333,,,,,,,,,,,,,206,red,8247,7846,16093
85,24,5114230,1,20260818,1807,266,0,0,0,0,0,1858,230,0,0,0,0,0,3,34.31527803288554,136.410056,,,,,,,,,,,,,206,red,2073,2088,4161
85,24,5114250,1,20260818,1601,63,0,0,0,0,0,1570,62,0,0,0,0,0,3,34.09569403258125,136.196222,,,,,,,,,,,,,206,red,1664,1632,3296
85,24,5114270,1,20260818,1360,170,0,0,0,0,0,1463,143,0,0,0,0,0,3,34.275333032830495,136.358917,,,,,,,,,,,,,206,red,1530,1606,3136
85,24,5114290,1,20260818,6053,445,0,0,0,0,0,5302,427,0,0,0,0,0,3,33.86069403225124,136.076111,,,,,,,,,,,,,206,red,6498,5729,12227
85,22,5114610,1,20260818,13369,2051,242,0,0,0,0,14006,1937,297,0,0,0,0,3,35.152874244008,138.8951207,,,,,,,,,,,,,206,red,15662,16240,31902
85,22,5114620,1,20260818,9521,1375,144,0,0,0,0,12025,1795,309,0,0,0,0,3,35.13134103397993,138.875041,,,,,,,,,,,,,206,red,11040,14129,25169
85,22,5114630,1,20260818,9997,1589,161,0,0,0,0,10494,1414,415,0,0,0,0,3,35.14589793399891,138.8871002,,,,,,,,,,,,,206,red,11747,12323,24070
85,22,5114680,1,20260818,4580,1404,0,0,0,0,0,3696,1376,0,0,0,0,0,3,35.35910497427457,139.0109217,,,,,,,,,,,,,206,red,5984,5072,11056
85,22,5114740,1,20260818,419,68,0,0,0,0,0,611,102,0,0,0,0,0,3,35.073007033903686,137.787657,,,,,,,,,,,,,206,red,487,713,1200
85,22,5114750,1,20260818,854,137,0,0,0,0,0,1219,147,0,0,0,0,0,3,34.90575222368336,137.6681803,,,,,,,,,,,,,206,red,991,1366,2357
85,22,5115250,1,20260818,1758,334,0,0,0,0,0,1179,337,0,0,0,0,0,3,35.137162033987515,138.520651,,,,,,,,,,,,,206,red,2092,1516,3608
85,23,5115320,1,20260818,13559,1443,0,0,0,0,0,12174,1020,0,0,0,0,0,3,35.10723119394846,137.0409411,,,,,,,,,,,,,206,red,15002,13194,28196
85,23,5115340,1,20260818,3620,518,0,0,0,0,0,3378,395,0,0,0,0,0,3,35.13153551398018,137.304967,,,,,,,,,,,,,206,red,4138,3773,7911
85,20,5115370,1,20260818,0,0,0,0,206,206,0,0,0,0,0,206,206,0,3,35.50121594445591,137.794953,,,,,,,,,,,,,206,red,0,0,0
85,20,5115380,1,20260818,4590,397,0,0,0,0,0,4260,424,0,0,0,0,0,3,35.71541168472551,137.9379522,,,,,,,,,,,,,206,red,4987,4684,9671
85,23,5115530,1,20260818,6540,1864,0,0,0,0,0,5572,2151,0,0,0,0,0,3,35.06429103389226,137.11723,,,,,,,,,,,,,206,red,8404,7723,16127
85,21,5115610,1,20260818,17617,2112,0,0,0,0,0,18897,2326,0,0,0,0,0,3,35.39814591432458,136.7848921,,,,,,,,,,,,,206,red,19729,21223,40952
85,21,5115630,1,20260818,5147,603,0,0,0,0,0,5005,471,0,0,0,0,0,3,35.73557476475065,136.9518113,,,,,,,,,,,,,206,red,5750,5476,11226
85,21,5115650,1,20260818,3371,301,0,0,0,0,0,3171,258,0,0,0,0,0,3,35.88316975493347,136.85442030000002,,,,,,,,,,,,,206,red,3672,3429,7101
85,21,5115680,1,20260818,927,159,0,0,0,0,0,878,107,0,0,0,0,0,3,35.99802490507423,136.9009352,,,,,,,,,,,,,206,red,1086,985,2071
85,21,5115820,1,20260818,,,,0,0,0,206,,,,0,0,0,206,3,36.18407203529936,137.542187,,,,,,,,,,,,,206,red,0,0,0
85,22,5123510,1,20260818,7662,2023,0,0,0,0,0,9063,1750,0,0,0,0,0,3,35.141546483993245,139.1103673,,,,,,,,,,,,,206,red,9685,10813,20498
85,20,5125390,1,20260818,4579,379,0,0,0,0,0,4613,327,0,0,0,0,0,3,35.876706504925515,137.9806852,,,,,,,,,,,,,206,red,4958,4940,9898
85,23,5311910,1,20260818,12190,1709,0,0,0,0,0,12460,1626,0,0,0,0,0,3,35.124239273970666,136.856963,,,,,,,,,,,,,206,red,13899,14086,27985
86,,6110010,1,20260818,4195,1166,0,0,0,0,0,4544,1147,0,0,0,0,0,3,34.938138216795814,136.265283823013,,,,,,,,,,,,,206,red,5361,5691,11052
86,,6110020,1,20260818,7164,1348,0,0,0,0,0,7364,1261,0,0,0,0,0,3,34.990936305895495,136.115165948867,,,,,,,,,,,,,206,red,8512,8625,17137
86,,6110030,1,20260818,8374,803,1233,0,0,0,0,9375,884,746,0,0,0,0,3,35.005385003512316,135.956851243972,,,,,,,,,,,,,206,red,10410,11005,21415
86,,6110040,1,20260818,5020,698,0,0,0,0,0,6429,714,0,0,0,0,0,3,34.95699292997823,135.913501381874,,,,,,,,,,,,,206,red,5718,7143,12861
86,,6110050,1,20260818,12661,1008,0,0,0,0,0,13043,1140,0,0,0,0,0,3,34.99087038445861,135.844525694847,,,,,,,,,,,,,206,red,13669,14183,27852
86,,6110060,1,20260818,24369,3395,0,0,0,0,0,21758,4320,0,0,0,0,0,3,34.99142632024544,135.831109285354,,,,,,,,,,,,,206,red,27764,26078,53842
86,,6110070,1,20260818,18390,2362,0,0,0,0,0,16948,2574,0,0,0,0,0,3,34.98630409707048,135.82777261734,,,,,,,,,,,,,206,red,20752,19522,40274
86,,6110080,1,20260818,15340,4545,0,0,0,0,0,15873,4853,0,0,0,0,0,3,34.91099177877929,135.744452476501,,,,,,,,,,,,,206,red,19885,20726,40611
86,,6110090,1,20260818,19091,4479,0,0,0,0,0,19406,4664,0,0,0,0,0,3,34.805311519271704,135.649480819702,,,,,,,,,,,,,206,red,23570,24070,47640
86,,6110100,1,20260818,,,,0,0,0,206,,,,0,0,0,206,3,34.81945711253497,135.720393061637,,,,,,,,,,,,,206,red,0,0,0
86,,6110110,1,20260818,10838,1500,0,0,0,0,0,10629,1284,0,0,0,0,0,3,34.71960434074075,135.436824560165,,,,,,,,,,,,,206,red,12338,11913,24251
86,,6110120,1,20260818,9994,1185,0,0,0,0,0,10994,1111,0,0,0,0,0,3,34.64078623273222,135.106242299079,,,,,,,,,,,,,206,red,11179,12105,23284
86,,6110130,1,20260818,24377,7027,0,0,0,0,0,22757,6841,0,0,0,0,0,3,34.75756172115131,134.859353005886,,,,,,,,,,,,,206,red,31404,29598,61002
86,,6110140,1,20260818,23798,6473,0,0,0,0,0,25462,6361,0,0,0,0,0,3,34.83274825524009,134.630174338817,,,,,,,,,,,,,206,red,30271,31823,62094
86,,6110150,1,20260818,16188,4775,0,0,0,0,0,17593,4692,0,0,0,0,0,3,34.847425137493005,134.578367471694,,,,,,,,,,,,,206,red,20963,22285,43248
86,,6110170,1,20260818,3825,1200,0,0,0,0,0,4032,1277,0,0,0,0,0,3,36.23649392464164,136.286623477935,,,,,,,,,,,,,206,red,5025,5309,10334
86,,6110180,1,20260818,3159,1577,0,0,0,0,0,824,323,0,0,0,0,0,3,35.792989034822035,136.092793,,,,,,,,,,,,,206,red,4736,1147,5883
86,,6110190,1,20260818,2077,1467,0,0,0,0,1,2271,1422,0,0,0,0,1,3,35.62256603460919,136.08205800000002,,,,,,,,,,,,,206,red,3544,3693,7237
86,,6110200,1,20260818,5342,357,0,0,0,0,0,5111,397,0,0,0,0,0,3,35.319800029709974,136.279370784759,,,,,,,,,,,,,206,red,5699,5508,11207
86,,6110210,1,20260818,7096,1093,0,0,0,0,0,6936,1027,0,0,0,0,0,3,35.25049070224537,136.262805461883,,,,,,,,,,,,,206,red,8189,7963,16152
86,,6110220,1,20260818,7122,1491,0,0,0,0,0,6704,1362,0,0,0,0,0,3,35.135413702721344,136.168110072612,,,,,,,,,,,,,206,red,8613,8066,16679
86,,6110230,1,20260818,8543,1162,0,0,0,0,0,7469,1182,0,0,0,0,0,3,35.05193480694747,136.028718352317,,,,,,,,,,,,,206,red,9705,8651,18356
86,,6110240,1,20260818,14406,1842,0,0,0,0,0,14400,1788,0,0,0,0,0,3,34.97508726487281,135.666646957397,,,,,,,,,,,,,206,red,16248,16188,32436
86,,6110250,1,20260818,10529,1157,0,0,0,0,0,10934,1047,0,0,0,0,0,3,35.290674394918256,135.122528672218,,,,,,,,,,,,,206,red,11686,11981,23667
86,,6110260,1,20260818,2925,414,0,0,0,0,0,2953,433,0,0,0,0,0,3,35.33418386481987,134.859425425529,,,,,,,,,,,,,206,red,3339,3386,6725
86,,6110270,1,20260818,2585,291,0,0,0,0,0,2652,251,0,0,0,0,0,3,35.37906081109355,134.782794713974,,,,,,,,,,,,,206,red,2876,2903,5779
86,,6110280,1,20260818,1381,386,0,0,0,0,0,1141,303,0,0,0,0,0,3,35.39752934547739,134.617635011672,,,,,,,,,,,,,206,red,1767,1444,3211
86,,6110290,1,20260818,2331,825,0,0,0,0,0,2397,924,0,0,0,0,0,3,35.3445505431606,136.408736407756,,,,,,,,,,,,,206,red,3156,3321,6477
86,,6110300,1,20260818,7892,504,0,0,0,0,0,7034,434,0,0,0,0,0,3,34.929386538763445,135.767959356307,,,,,,,,,,,,,206,red,8396,7468,15864
86,,6110310,1,20260818,15928,2206,0,0,0,0,0,13967,2320,0,0,0,0,0,3,34.692826863672394,135.811829566955,,,,,,,,,,,,,206,red,18134,16287,34421
86,,6110320,1,20260818,11303,1583,0,0,0,206,0,16901,2211,0,0,0,0,0,3,34.49633103313339,135.742759,,,,,,,,,,,,,206,red,12886,19112,31998
86,,6110330,1,20260818,13543,682,0,0,0,0,0,11066,611,0,0,0,0,0,3,34.255336527005475,135.221571922302,,,,,,,,,,,,,206,red,14225,11677,25902
86,,6110340,1,20260818,11117,1304,0,0,0,0,0,12056,1653,0,0,0,0,0,3,34.59261679509626,135.476585626602,,,,,,,,,,,,,206,red,12421,13709,26130
86,,6110350,1,20260818,20459,1554,0,0,0,0,0,21571,1813,0,0,0,0,0,3,34.492391818044126,135.423381328582,,,,,,,,,,,,,206,red,22013,23384,45397
86,,6110361,1,20260818,5749,721,0,0,0,0,0,5959,769,0,0,0,0,0,3,34.27701629033371,135.164935521261,,,,,,,,,,,,,206,red,6470,6728,13198
86,,6110370,1,20260818,4558,566,0,0,0,0,0,3956,347,0,0,0,0,0,3,35.61308303459727,135.971192,,,,,,,,,,,,,206,red,5124,4303,9427
86,,6110380,1,20260818,2788,479,0,0,0,0,0,3547,578,0,0,0,0,0,3,35.486004106628485,135.463869273662,,,,,,,,,,,,,206,red,3267,4125,7392
86,,6110390,1,20260818,3130,544,0,0,0,0,0,3355,549,0,0,0,0,0,3,35.30401991598347,135.272947382363,,,,,,,,,,,,,206,red,3674,3904,7578
86,,6110410,1,20260818,4622,563,0,0,0,0,0,5236,580,0,0,0,0,0,3,34.99524305806187,134.558363556861,,,,,,,,,,,,,206,red,5185,5816,11001
86,,6110430,1,20260818,401,18,13,0,0,0,0,460,25,16,0,0,0,0,3,33.577233165562106,135.427241160067,,,,,,,,,,,,,206,red,432,501,933
86,,6110440,1,20260818,8590,616,0,0,0,0,0,8003,687,0,0,0,0,0,3,34.143380032647656,135.20039,,,,,,,,,,,,,206,red,9206,8690,17896
86,,6110450,1,20260818,14419,9021,0,0,0,0,0,14799,10891,0,0,0,0,0,3,34.71254919312948,135.425688028335,,,,,,,,,,,,,206,red,23440,25690,49130
86,,6110460,1,20260818,3426,1287,0,0,0,0,0,3658,1248,0,0,0,0,0,3,35.431053158155514,136.016224622726,,,,,,,,,,,,,206,red,4713,4906,9619
86,,6110470,1,20260818,7101,1390,0,0,0,0,0,7695,1499,0,0,0,0,0,3,35.21341864052877,135.925826132297,,,,,,,,,,,,,206,red,8491,9194,17685
86,,6110500,1,20260818,5938,1486,0,0,0,0,0,5314,879,0,0,0,0,0,3,35.10094221794055,135.892639160156,,,,,,,,,,,,,206,red,7424,6193,13617
86,,6110510,1,20260818,5633,1414,0,0,0,0,0,6436,1490,0,0,0,0,0,3,35.080206671418715,135.881878137588,,,,,,,,,,,,,206,red,7047,7926,14973
86,,6110520,1,20260818,15364,2198,0,0,0,0,0,3042,890,2828,0,0,0,0,3,35.00895503826151,135.838812589645,,,,,,,,,,,,,206,red,17562,6760,24322
86,,6110530,1,20260818,9883,3063,0,0,0,0,0,10632,3041,0,0,0,0,0,3,34.8925928963683,135.684016942977,,,,,,,,,,,,,206,red,12946,13673,26619
86,,6110540,1,20260818,9286,1295,0,0,0,0,0,9741,1328,0,0,0,0,0,3,34.686726631641484,134.982630014419,,,,,,,,,,,,,206,red,10581,11069,21650
86,,6110670,1,20260818,9219,2449,0,0,0,0,0,10178,2332,0,0,0,0,0,3,34.486465033119956,135.763168,,,,,,,,,,,,,206,red,11668,12510,24178
86,,6110700,1,20260818,6277,1553,0,0,0,0,0,7053,1256,0,0,0,0,0,3,34.36883103295914,135.698397,,,,,,,,,,,,,206,red,7830,8309,16139
86,,6110710,1,20260818,6471,1418,0,0,0,0,0,7292,1202,0,0,0,0,0,3,34.346251032928144,135.675464,,,,,,,,,,,,,206,red,7889,8494,16383
86,,6110720,1,20260818,5992,1410,0,0,0,0,0,6658,1168,0,0,0,0,0,3,34.34307531292378,135.6723947,,,,,,,,,,,,,206,red,7402,7826,15228
86,,6110730,1,20260818,5614,1392,0,0,0,0,0,5989,1268,0,0,0,0,0,3,34.3344353954711,135.643944740295,,,,,,,,,,,,,206,red,7006,7257,14263
86,,6110740,1,20260818,7392,1292,99,0,0,0,0,7504,1077,222,0,0,0,0,3,34.32057809029414,135.595622062683,,,,,,,,,,,,,206,red,8783,8803,17586
86,,6110750,1,20260818,7328,1397,0,0,0,0,0,7595,1189,0,0,0,0,0,3,34.30420703287028,135.508371,,,,,,,,,,,,,206,red,8725,8784,17509
86,,6110760,1,20260818,6732,1437,0,0,0,0,0,7366,1280,0,0,0,0,0,3,34.300277802864876,135.49583333,,,,,,,,,,,,,206,red,8169,8646,16815
86,,6110765,1,20260818,6867,1481,0,0,0,0,0,7599,1363,0,0,0,0,0,3,34.293299032855266,135.42037,,,,,,,,,,,,,206,red,8348,8962,17310
86,,6110780,1,20260818,,,,0,0,0,206,,,,0,0,0,206,3,34.290835032851874,135.406025,,,,,,,,,,,,,206,red,0,0,0
86,,6110790,1,20260818,3515,1040,0,0,0,0,0,3733,987,0,0,0,0,0,3,34.28766234793788,135.279854549589,,,,,,,,,,,,,206,red,4555,4720,9275
86,,6110810,1,20260818,980,245,0,0,0,0,0,1000,281,0,0,0,0,0,3,35.91898971813652,136.6293598948,,,,,,,,,,,,,206,red,1225,1281,2506
86,,6110820,1,20260818,1169,363,0,0,0,0,0,1143,404,0,0,0,0,0,3,35.963561035032136,136.602468,,,,,,,,,,,,,206,red,1532,1547,3079
86,,6110840,1,20260818,1164,244,0,0,0,0,0,1180,281,0,0,0,0,0,3,35.98949103506382,136.526729,,,,,,,,,,,,,206,red,1408,1461,2869
86,,6110860,1,20260818,5135,525,0,0,0,0,0,5618,466,0,0,0,0,0,3,36.062580031168245,136.445198357105,,,,,,,,,,,,,206,red,5660,6084,11744
86,,6110870,1,20260818,5627,604,0,0,0,0,0,6040,517,0,0,0,0,0,3,36.074224272699254,136.374473869296,,,,,,,,,,,,,206,red,6231,6557,12788
86,,6110880,1,20260818,5639,786,0,0,0,0,0,6526,555,0,0,0,0,0,3,36.086521994378465,136.324462164098,,,,,,,,,,,,,206,red,6425,7081,13506
86,,6110980,1,20260818,2766,565,0,0,0,0,0,2994,566,0,0,0,0,0,3,35.30511375498357,134.89226102828903,,,,,,,,,,,,,206,red,3331,3560,6891
86,,6111020,1,20260818,10826,8156,0,0,0,0,0,12378,8573,0,0,0,0,0,3,34.61538892329484,135.8745,,,,,,,,,,,,,206,red,18982,20951,39933
86,,6111030,1,20260818,4481,254,26,0,0,0,0,4533,209,41,0,0,0,0,3,33.670648031981166,135.947246,,,,,,,,,,,,,206,red,4761,4783,9544
86,,6111040,1,20260818,3915,365,23,0,0,0,0,3588,256,28,0,0,0,0,1,33.74362082208521,135.40352793,,,,,,,,,,,,,206,red,4303,3872,8175
86,,6111050,1,20260818,4529,308,21,0,0,0,0,3958,166,22,0,0,0,0,1,33.67806806199178,135.40361475,,,,,,,,,,,,,206,red,4858,4146,9004
86,,6111060,1,20260818,4414,302,22,0,0,0,0,3694,184,18,0,0,0,0,1,33.63743103193369,135.410147,,,,,,,,,,,,,206,red,4738,3896,8634
86,,6111070,1,20260818,2905,243,13,0,0,0,0,2354,148,26,0,0,0,0,1,33.56605113183135,135.49421066,,,,,,,,,,,,,206,red,3161,2528,5689
86,,6111080,1,20260818,2449,253,17,0,0,0,0,1941,161,20,0,0,0,0,1,33.53123967178131,135.54653822,,,,,,,,,,,,,206,red,2719,2122,4841
86,,6111090,1,20260818,2958,234,14,0,0,0,0,3079,209,28,0,0,0,0,3,33.620083251908845,135.91802864,,,,,,,,,,,,,206,red,3206,3316,6522
86,,6111094,1,20260818,3754,152,62,0,0,0,0,3761,181,34,0,0,0,0,3,33.73308003207021,136.004619,,,,,,,,,,,,,206,red,3968,3976,7944
86,,6111100,1,20260818,5696,1242,0,0,0,0,0,6240,1200,0,0,0,0,0,3,34.29138892285263,135.3613889,,,,,,,,,,,,,206,red,6938,7440,14378
87,,7110040,1,20260818,7089,1756,0,0,0,0,0,6435,1734,0,0,0,0,0,3,34.51540182315934,133.565914,,,,,,,,,,,,,206,red,8845,8169,17014
87,,7110090,1,20260818,8660,2712,0,0,0,0,0,8660,2370,0,0,0,0,0,3,34.076861142554975,131.3867222,,,,,,,,,,,,,206,red,11372,11030,22402
87,,7110140,1,20260818,7139,1090,0,0,0,0,0,6950,1071,0,0,0,0,0,3,35.42972217436492,133.16019770000003,,,,,,,,,,,,,206,red,8229,8021,16250
87,,7110150,1,20260818,8465,1275,0,0,0,0,0,8568,1207,0,0,0,0,0,3,35.41501435434614,132.9291201,,,,,,,,,,,,,206,red,9740,9775,19515
87,,7110160,1,20260818,2892,325,0,0,0,0,0,2941,266,0,0,0,0,0,3,35.220801104096246,132.5117898,,,,,,,,,,,,,206,red,3217,3207,6424
87,,7110170,1,20260818,614,77,0,0,0,0,0,788,129,0,0,0,0,0,3,34.75449303348189,131.907185,,,,,,,,,,,,,206,red,691,917,1608
87,,7110180,1,20260818,1451,261,0,0,0,0,0,795,144,0,0,0,0,0,3,34.42694447303873,131.76016670000004,,,,,,,,,,,,,206,red,1712,939,2651
87,,7110210,1,20260818,4419,639,0,0,0,0,0,5034,595,0,0,0,0,0,3,34.8389208935946,133.9257149,,,,,,,,,,,,,206,red,5058,5629,10687
87,,7110240,1,20260818,4083,758,0,0,0,0,0,4103,727,0,0,0,0,0,3,34.684982133388644,133.784738,,,,,,,,,,,,,206,red,4841,4830,9671
87,,7110260,1,20260818,1034,75,0,0,0,127,0,2724,198,0,0,0,0,0,3,33.97988891241918,132.1977222,,,,,,,,,,,,,206,red,1109,2922,4031
87,,7110270,1,20260818,1491,215,0,0,0,0,0,1420,229,0,0,0,0,0,3,34.65950003335435,131.6773889,,,,,,,,,,,,,206,red,1706,1649,3355
87,,7110280,1,20260818,3130,375,0,0,0,0,0,3064,377,0,0,0,0,0,3,34.419861143029046,131.4097778,,,,,,,,,,,,,206,red,3505,3441,6946
87,,7110290,1,20260818,6560,273,0,0,0,0,0,6235,284,0,0,0,0,0,3,34.371805582963226,131.1861389,,,,,,,,,,,,,206,red,6833,6519,13352
87,,7110320,1,20260818,5459,334,0,0,0,0,0,5164,342,0,0,0,0,0,3,33.95763808238793,132.1366533,,,,,,,,,,,,,206,red,5793,5506,11299
87,,7310110,1,20260818,7465,933,0,0,0,0,0,7556,917,0,0,0,0,0,3,35.39772612432404,132.8747235,,,,,,,,,,,,,206,red,8398,8473,16871
87,,7310120,1,20260818,4130,1418,0,0,0,0,0,2814,517,0,0,0,0,0,3,35.068629523897954,132.3222435,,,,,,,,,,,,,206,red,5548,3331,8879
87,,7310150,1,20260818,621,92,0,0,0,0,0,628,91,0,0,0,0,0,3,34.9738037337733,132.7317309,,,,,,,,,,,,,206,red,713,719,1432
87,,7310160,1,20260818,919,176,0,0,0,0,0,1017,187,0,0,0,0,0,3,35.117460163961816,132.778337,,,,,,,,,,,,,206,red,1095,1204,2299
87,,7310170,1,20260818,5177,564,0,0,0,0,0,4207,456,0,0,0,0,0,3,34.705264123415894,133.7151146,,,,,,,,,,,,,206,red,5741,4663,10404
87,,7310180,1,20260818,1511,142,0,0,0,0,0,1438,176,0,0,0,0,0,3,34.38963891298768,131.3651944,,,,,,,,,,,,,206,red,1653,1614,3267
87,,7310260,1,20260818,2717,495,0,0,0,0,0,2640,404,0,0,0,0,0,3,35.132156843980994,132.4019922,,,,,,,,,,,,,206,red,3212,3044,6256
87,,7310270,1,20260818,2471,512,0,0,0,0,0,2415,381,0,0,0,0,0,3,35.08573619392036,132.3490609,,,,,,,,,,,,,206,red,2983,2796,5779
87,,7310280,1,20260818,2424,483,0,0,0,0,0,2335,392,0,0,0,0,0,3,35.076671573908484,132.335387,,,,,,,,,,,,,206,red,2907,2727,5634
87,,7310290,1,20260818,3391,736,0,0,0,0,0,2188,2073,0,0,0,0,0,3,34.88220003365212,132.0657,,,,,,,,,,,,,206,red,4127,4261,8388
87,,7310300,1,20260818,3097,539,0,0,0,0,0,3276,491,0,0,0,0,0,3,34.86980443363566,132.0662027,,,,,,,,,,,,,206,red,3636,3767,7403
87,,7310350,1,20260818,3365,625,0,0,0,0,0,3508,659,0,0,0,0,0,3,34.83580109359045,131.9999083,,,,,,,,,,,,,206,red,3990,4167,8157
87,,7310410,1,20260818,4142,630,0,0,0,0,0,4055,564,0,0,0,0,0,3,35.21593257408993,132.5144274,,,,,,,,,,,,,206,red,4772,4619,9391
87,,7310420,1,20260818,4598,664,0,0,0,0,0,4093,714,0,0,0,0,0,3,35.275470134166945,132.6201357,,,,,,,,,,,,,206,red,5262,4807,10069
87,,7310430,1,20260818,4488,569,0,0,0,0,0,4072,456,0,0,0,0,0,3,35.303833034203514,132.688667,,,,,,,,,,,,,206,red,5057,4528,9585
87,,7310440,1,20260818,4217,598,0,0,0,0,0,0,0,0,0,0,0,0,3,35.298722034196935,132.676944,,,,,,,,,,,,,206,red,4815,0,4815
87,,7310450,1,20260818,0,0,0,0,0,0,0,3656,459,0,0,0,0,0,3,35.290444034186265,132.645583,,,,,,,,,,,,,206,red,0,4115,4115
87,,7310460,1,20260818,0,0,0,0,0,206,0,2302,558,0,0,0,31,0,3,35.20082803407034,132.459905,,,,,,,,,,,,,206,red,0,2860,2860
87,,7310470,1,20260818,3018,612,0,0,0,0,0,2762,505,0,0,0,0,0,3,35.1986450340675,132.455753,,,,,,,,,,,,,206,red,3630,3267,6897
88,,8110010,1,20260818,2871,607,0,0,0,0,0,2837,687,0,0,0,0,0,3,34.2207184500313,134.411544799804,,,,,,,,,,,,,206,red,3478,3524,7002
88,,8110020,1,20260818,15360,2110,0,0,0,0,0,16639,2088,0,0,0,0,0,3,34.30277465209332,134.084776639938,,,,,,,,,,,,,206,red,17470,18727,36197
88,,8110030,1,20260818,13188,1736,0,0,0,0,0,12341,1643,0,0,0,0,0,3,34.29671450737887,133.946895003318,,,,,,,,,,,,,206,red,14924,13984,28908
88,,8110040,1,20260818,6619,820,0,0,0,0,0,6713,759,0,0,0,0,0,3,34.17417938671837,133.715951442718,,,,,,,,,,,,,206,red,7439,7472,14911
88,,8110050,1,20260818,6273,827,18,0,0,0,0,6761,838,16,0,0,0,0,3,33.91236267641698,133.20324182510302,,,,,,,,,,,,,206,red,7118,7615,14733
88,,8110060,1,20260818,3773,1121,65,0,0,0,0,4165,1179,74,0,0,0,0,3,33.82431235182997,132.984384298324,,,,,,,,,,,,,206,red,4959,5418,10377
88,,8110070,1,20260818,8122,757,0,0,0,0,0,8028,579,0,0,0,0,0,3,34.28544169692582,134.00050163269,,,,,,,,,,,,,206,red,8879,8607,17486
88,,8110080,1,20260818,2450,523,0,0,0,0,0,924,134,0,0,0,0,0,3,34.10608825909625,133.799223303794,,,,,,,,,,,,,206,red,2973,1058,4031
88,,8110090,1,20260818,7381,846,49,0,0,0,0,6241,711,51,0,0,0,0,3,34.028957826825085,133.828164339065,,,,,,,,,,,,,206,red,8276,7003,15279
88,,8110100,1,20260818,1867,435,0,0,0,0,0,1748,338,0,0,0,0,0,3,33.950764901704936,133.764853477478,,,,,,,,,,,,,206,red,2302,2086,4388
88,,8110110,1,20260818,4210,1397,0,0,0,0,0,5561,1087,0,0,0,0,0,3,33.58909346194513,133.626092746853,,,,,,,,,,,,,206,red,5607,6648,12255
88,,8110115,1,20260818,6146,725,0,0,0,0,0,6023,665,0,0,0,0,0,3,33.548205918990114,133.451582193374,,,,,,,,,,,,,206,red,6871,6688,13559
88,,8110120,1,20260818,6686,694,0,0,0,0,0,6232,868,0,0,0,0,0,3,33.543133969132924,133.402808904647,,,,,,,,,,,,,206,red,7380,7100,14480
88,,8110130,1,20260818,6772,365,156,0,0,0,0,7132,446,149,0,0,0,0,3,33.7476978963593,132.791587114334,,,,,,,,,,,,,206,red,7293,7727,15020
88,,8110131,1,20260818,2791,292,0,0,0,0,0,2588,237,0,0,0,0,0,3,33.793408870729856,134.592427611351,,,,,,,,,,,,,206,red,3083,2825,5908
88,,8110140,1,20260818,2083,233,3,0,0,0,1,2211,190,0,0,0,0,1,3,33.63466659400443,134.369745254516,,,,,,,,,,,,,206,red,2319,2401,4720
88,,8110142,1,20260818,2820,270,0,0,0,0,0,2497,242,0,0,0,0,0,3,33.74774819013548,134.53964678124,,,,,,,,,,,,,206,red,3090,2739,5829
88,,8110160,1,20260818,3030,265,0,0,0,0,0,2931,206,0,0,0,0,0,3,33.53924497073882,133.738444460766,,,,,,,,,,,,,206,red,3295,3137,6432
88,,8110161,1,20260818,5857,481,0,0,0,0,0,4647,363,0,0,0,0,0,3,33.520916544031145,133.780702650547,,,,,,,,,,,,,206,red,6338,5010,11348
88,,8110162,1,20260818,6754,552,0,0,0,0,0,5995,435,0,0,0,0,0,3,33.550342371512876,133.740176352243,,,,,,,,,,,,,206,red,7306,6430,13736
88,,8110163,1,20260818,7646,600,0,0,0,0,0,6575,503,0,0,0,0,0,3,33.55352220956595,133.721816021769,,,,,,,,,,,,,206,red,8246,7078,15324
88,,8110164,1,20260818,1603,344,0,0,0,0,0,1632,304,0,0,0,0,0,3,33.57127484589016,133.574287891387,,,,,,,,,,,,,206,red,1947,1936,3883
88,,8110165,1,20260818,8147,760,0,0,0,0,0,8459,574,0,0,0,0,0,3,33.56026408468244,133.633757829666,,,,,,,,,,,,,206,red,8907,9033,17940
88,,8110166,1,20260818,8833,1052,0,0,0,0,0,8611,726,0,0,0,0,0,3,33.540965031795295,133.601005,,,,,,,,,,,,,206,red,9885,9337,19222
88,,8110167,1,20260818,5220,452,0,0,0,0,0,4500,360,0,0,0,0,0,3,33.5424317654246,133.583077945611,,,,,,,,,,,,,206,red,5672,4860,10532
88,,8110168,1,20260818,7235,579,0,0,0,0,0,5845,419,0,0,0,0,0,3,33.55589303181676,133.683497,,,,,,,,,,,,,206,red,7814,6264,14078
88,,8110170,1,20260818,4536,623,0,0,0,0,0,3774,960,0,0,0,0,0,3,33.485055031714765,133.373125,,,,,,,,,,,,,206,red,5159,4734,9893
88,,8110171,1,20260818,3333,390,0,0,0,0,0,2823,258,0,0,0,0,0,3,33.40395558523113,133.288643360137,,,,,,,,,,,,,206,red,3723,3081,6804
88,,8110172,1,20260818,2126,908,0,0,0,0,0,2220,444,0,0,0,0,0,3,33.39236677628474,133.278601169586,,,,,,,,,,,,,206,red,3034,2664,5698
88,,8110174,1,20260818,2571,419,0,0,0,0,0,2516,275,0,0,0,0,0,3,33.18330330083646,133.144855499267,,,,,,,,,,,,,206,red,2990,2791,5781
88,,8110180,1,20260818,637,94,0,0,0,0,0,725,80,0,0,0,0,0,3,33.35817590038214,133.253152370452,,,,,,,,,,,,,206,red,731,805,1536
88,,8110181,1,20260818,2617,241,0,0,0,0,0,2614,214,0,0,0,0,0,3,32.974388919857596,132.933138888889,,,,,,,,,,,,,206,red,2858,2828,5686
88,,8110182,1,20260818,4159,277,0,0,0,0,0,3887,260,0,0,0,0,0,3,32.96811114207051,132.872277777778,,,,,,,,,,,,,206,red,4436,4147,8583
88,,8110183,1,20260818,2333,164,0,0,0,0,0,2448,146,0,0,0,0,0,3,32.95902780872377,132.776972222222,,,,,,,,,,,,,206,red,2497,2594,5091
88,,8110190,1,20260818,1616,155,0,0,0,0,0,1714,177,0,0,0,0,0,3,32.96996536793415,132.68920719623503,,,,,,,,,,,,,206,red,1771,1891,3662
88,,8110191,1,20260818,2584,305,0,0,0,0,0,2549,386,0,0,0,0,0,3,33.13903103121127,132.517477,,,,,,,,,,,,,206,red,2889,2935,5824
88,,8110192,1,20260818,4056,462,0,0,0,0,0,4227,511,0,0,0,0,0,3,33.14590213224344,132.52205863595,,,,,,,,,,,,,206,red,4518,4738,9256
88,,8110200,1,20260818,2956,203,0,0,0,0,0,1205,120,0,0,0,1,0,3,33.325562031483756,132.5285,,,,,,,,,,,,,206,red,3159,1325,4484
88,,8110210,1,20260818,13356,485,544,0,0,0,0,13261,408,259,0,0,0,0,3,33.81637909326473,132.744826823472,,,,,,,,,,,,,206,red,14385,13928,28313
88,,8110231,1,20260818,5793,496,0,0,0,0,0,4845,392,0,0,0,0,0,3,34.03847794648641,134.520513564348,,,,,,,,,,,,,206,red,6289,5237,11526
88,,8110232,1,20260818,6431,490,0,0,0,0,0,6516,476,0,0,0,0,0,3,34.04120064204002,134.531005024909,,,,,,,,,,,,,206,red,6921,6992,13913
88,,8110240,1,20260818,4714,525,0,0,0,0,0,3948,504,0,0,0,0,0,3,34.03149633348104,132.829599380493,,,,,,,,,,,,,206,red,5239,4452,9691
88,,8110250,1,20260818,4723,469,0,0,0,0,0,4580,440,0,0,0,0,0,3,33.93004373774009,133.094837665557,,,,,,,,,,,,,206,red,5192,5020,10212
88,,8111021,1,20260818,4731,412,0,0,0,0,0,4932,391,0,0,0,0,0,3,33.50191403173908,133.309236,,,,,,,,,,,,,206,red,5143,5323,10466
88,,8160020,1,20260818,4074,597,0,0,0,0,0,3632,420,0,0,0,0,0,1,33.331092031491806,133.206098,,,,,,,,,,,,,206,red,4671,4052,8723
88,,8160030,1,20260818,3403,510,0,0,0,0,0,3158,364,0,0,0,10,0,1,33.23544203135242,133.159939,,,,,,,,,,,,,206,red,3913,3522,7435
88,,8160040,1,20260818,5344,515,0,0,0,0,0,5541,599,0,0,0,0,0,1,33.24742026280611,132.570131868124,,,,,,,,,,,,,206,red,5859,6140,11999
88,,8160050,1,20260818,5339,555,0,0,0,0,0,5425,688,0,0,0,0,0,1,33.33622666521378,132.557060122489,,,,,,,,,,,,,206,red,5894,6113,12007
88,,8160060,1,20260818,4675,802,0,0,0,0,0,4276,725,0,0,0,0,0,1,34.056139032526026,134.588624,,,,,,,,,,,,,206,red,5477,5001,10478
88,,8310010,1,20260818,13592,1257,8,0,0,0,0,13519,1270,7,0,0,0,0,3,34.152121047215225,134.579402804374,,,,,,,,,,,,,206,red,14857,14796,29653
88,,8310020,1,20260818,5163,1993,0,0,0,6,0,6502,559,0,0,0,0,0,3,34.335875041773484,134.151295423507,,,,,,,,,,,,,206,red,7156,7061,14217
88,,8310030,1,20260818,7241,422,439,0,0,0,0,9249,452,102,0,0,0,0,3,33.79997204409725,132.86443054676,,,,,,,,,,,,,206,red,8102,9803,17905
88,,8310040,1,20260818,9793,1444,0,0,0,0,0,10484,1152,0,0,0,0,0,3,34.239532652899726,133.895906209945,,,,,,,,,,,,,206,red,11237,11636,22873
88,,8310050,1,20260818,674,428,0,0,0,0,0,806,261,0,0,0,0,0,3,33.797668032162,133.760304,,,,,,,,,,,,,206,red,1102,1067,2169
88,,8310060,1,20260818,574,86,0,0,0,0,0,647,106,0,0,0,0,0,3,33.54154672048833,133.042341470718,,,,,,,,,,,,,206,red,660,753,1413
88,,8310061,1,20260818,9034,1436,0,0,0,0,0,9487,1520,0,0,0,0,0,3,33.80675451706518,132.745272070169,,,,,,,,,,,,,206,red,10470,11007,21477
88,,8310062,1,20260818,5140,1159,0,0,0,0,0,5086,1147,0,0,0,0,0,3,33.814776032186245,132.720319,,,,,,,,,,,,,206,red,6299,6233,12532
88,,8310070,1,20260818,15520,1078,37,0,0,0,0,16639,971,4,0,0,0,0,3,34.0102656781917,134.566428959369,,,,,,,,,,,,,206,red,16635,17614,34249
88,,8310080,1,20260818,9435,888,0,0,0,0,0,8473,959,0,0,0,0,0,3,33.9732071371816,134.633932113647,,,,,,,,,,,,,206,red,10323,9432,19755
88,,8310100,1,20260818,4003,463,0,0,0,0,0,4118,411,0,0,0,0,0,3,33.03511096021447,133.027331829071,,,,,,,,,,,,,206,red,4466,4529,8995
88,,8310110,1,20260818,3310,386,0,0,0,0,0,3236,512,0,0,0,0,0,3,33.4066250316014,132.509843,,,,,,,,,,,,,206,red,3696,3748,7444
88,,8310120,1,20260818,7889,1040,0,0,0,0,0,8611,1266,0,0,0,0,0,3,33.504510031742804,132.56675,,,,,,,,,,,,,206,red,8929,9877,18806
88,,8310130,1,20260818,806,85,0,0,0,0,0,4947,611,0,0,0,0,0,3,33.53462955300938,132.597781419754,,,,,,,,,,,,,206,red,891,5558,6449
88,,8310140,1,20260818,3258,412,0,0,0,0,0,2709,529,0,0,0,0,0,3,33.6125750318981,132.68712,,,,,,,,,,,,,206,red,3670,3238,6908
88,,8310150,1,20260818,2378,500,0,0,0,0,0,2857,742,0,0,0,0,0,3,34.0401782523243,134.018440246582,,,,,,,,,,,,,206,red,2878,3599,6477
88,,8310160,1,20260818,8093,413,114,0,0,0,2,7325,362,153,0,0,0,2,3,33.89056122326423,132.757075130939,,,,,,,,,,,,,206,red,8620,7840,16460
89,,9110010,1,20260818,8090,455,0,0,0,0,0,9556,539,0,0,0,0,0,3,33.86399103225591,130.750068,,,,,,,,,,,,,206,red,8545,10095,18640
89,,9110030,1,20260818,17009,1599,0,0,0,0,0,18262,1579,0,0,0,2,0,3,32.75695803064553,130.688122,,,,,,,,,,,,,206,red,18608,19841,38449
89,,9110040,1,20260818,6529,1631,0,0,0,0,0,5769,1297,0,0,0,0,0,3,32.565580030358504,130.688167,,,,,,,,,,,,,206,red,8160,7066,15226
89,,9110050,1,20260818,8066,1545,0,0,0,0,0,6988,1232,0,0,0,0,0,3,32.50104503026118,130.627862,,,,,,,,,,,,,206,red,9611,8220,17831
89,,9110060,1,20260818,3832,1029,0,0,0,0,0,4346,983,0,0,0,0,0,3,31.848210029262603,130.249002,,,,,,,,,,,,,206,red,4861,5329,10190
89,,9110070,1,20260818,3066,325,0,0,0,0,0,3157,340,0,0,0,0,0,3,31.65408502896101,130.444438,,,,,,,,,,,,,206,red,3391,3497,6888
89,,9110110,1,20260818,22707,1363,153,0,0,0,0,20004,2590,292,0,0,0,0,3,33.248593781371625,131.5788746,,,,,,,,,,,,,206,red,24223,22886,47109
89,,9110120,1,20260818,93,21,0,0,0,0,0,112,10,0,0,0,0,0,3,32.83826903076675,131.716873,,,,,,,,,,,,,206,red,114,122,236
89,,9110140,1,20260818,4930,1286,0,0,0,0,0,4134,1164,0,0,0,0,0,3,32.26510002990319,131.560352,,,,,,,,,,,,,206,red,6216,5298,11514
89,,9110150,1,20260818,2583,894,0,0,0,0,0,2748,970,0,0,0,0,0,3,31.853840029271314,131.136144,,,,,,,,,,,,,206,red,3477,3718,7195
89,,9110160,1,20260818,3913,997,24,0,0,1,1,3743,988,24,0,0,0,1,3,31.710555029048958,130.774553,,,,,,,,,,,,,206,red,4934,4755,9689
89,,9110190,1,20260818,5828,1588,0,0,0,0,0,5905,1565,0,0,0,0,0,3,33.3577350315305,130.488663,,,,,,,,,,,,,206,red,7416,7470,14886
89,,9110200,1,20260818,7239,514,0,0,0,0,0,6757,459,0,0,0,0,0,3,33.19609887129489,130.0312792,,,,,,,,,,,,,206,red,7753,7216,14969
89,,9110230,1,20260818,1953,545,0,0,0,0,0,1891,471,0,0,0,0,0,3,32.95195803093551,131.35466,,,,,,,,,,,,,206,red,2498,2362,4860
89,,9110240,1,20260818,6445,1486,0,0,0,0,0,6006,1294,0,0,0,0,0,3,33.669370031979355,130.847832,,,,,,,,,,,,,206,red,7931,7300,15231
89,,9110280,1,20260818,5337,662,0,0,0,0,0,5072,624,0,0,0,0,0,3,33.34785503151616,130.0187991,,,,,,,,,,,,,206,red,5999,5696,11695
89,,9110290,1,20260818,5587,497,0,0,0,0,0,6012,516,0,0,0,0,0,3,32.97125925096407,130.445357,,,,,,,,,,,,,206,red,6084,6528,12612
89,,9110300,1,20260818,5763,538,0,0,0,0,0,5389,655,0,0,0,0,0,3,33.14141103121475,130.470721,,,,,,,,,,,,,206,red,6301,6044,12345
89,,9110335,1,20260818,2806,267,0,0,0,0,0,2777,206,0,0,0,0,0,3,31.396273028557452,130.783657,,,,,,,,,,,,,206,red,3073,2983,6056
89,,9110340,1,20260818,4084,499,0,0,0,0,0,3715,416,0,0,0,0,0,3,31.452851608646302,130.7281932,,,,,,,,,,,,,206,red,4583,4131,8714
89,,9310003,1,20260818,6682,1523,0,0,0,0,0,8223,1429,0,0,0,0,0,3,33.947867982374184,130.968647,,,,,,,,,,,,,206,red,8205,9652,17857
89,,9310015,1,20260818,14573,4091,0,0,0,0,0,14577,4125,0,0,0,0,0,3,33.44660203165923,130.540337,,,,,,,,,,,,,206,red,18664,18702,37366
89,,9310017,1,20260818,6544,860,0,0,0,0,0,7073,837,0,0,0,0,0,3,33.323489031480754,130.523608,,,,,,,,,,,,,206,red,7404,7910,15314
89,,9310020,1,20260818,1720,935,0,0,0,0,0,1623,776,0,0,0,0,0,3,33.11458003117534,130.669176,,,,,,,,,,,,,206,red,2655,2399,5054
89,,9310035,1,20260818,1057,106,0,0,0,0,0,1149,197,0,0,0,0,0,3,32.406040030117445,130.555735,,,,,,,,,,,,,206,red,1163,1346,2509
89,,9310045,1,20260818,3629,757,0,0,0,0,0,4202,544,0,0,0,0,0,3,32.16215502974594,130.36789,,,,,,,,,,,,,206,red,4386,4746,9132
89,,9310050,1,20260818,5581,275,25,0,0,0,2,5249,285,28,0,0,0,2,3,31.714213029054637,130.275752,,,,,,,,,,,,,206,red,5881,5562,11443
89,,9310060,1,20260818,3154,958,60,30,0,0,6,2862,529,11,30,0,0,6,3,32.38562876008649,130.5414069,,,,,,,,,,,,,206,red,4172,3402,7574
89,,9310070,1,20260818,0,0,5783,0,0,204,206,5500,762,123,0,0,0,206,3,31.702321029036145,130.297006,,,,,,,,,,,,,206,red,5783,6385,12168
89,,9310080,1,20260818,10203,912,0,0,0,0,0,8886,763,0,0,0,0,0,3,33.80588903217365,130.960473,,,,,,,,,,,,,206,red,11115,9649,20764
89,,9310085,1,20260818,6808,998,0,0,0,0,0,6867,796,0,0,0,0,0,3,33.54594303180245,131.283198,,,,,,,,,,,,,206,red,7806,7663,15469
89,,9310090,1,20260818,6299,728,0,0,0,0,0,7689,732,0,0,0,0,0,3,33.38094503156419,131.540397,,,,,,,,,,,,,206,red,7027,8421,15448
89,,9310100,1,20260818,13019,1417,0,0,0,0,0,12877,1383,0,0,0,0,0,3,33.15920703124086,131.651922,,,,,,,,,,,,,206,red,14436,14260,28696
89,,9310115,1,20260818,6289,2224,0,0,0,0,0,6361,1977,0,0,0,0,0,3,31.726570029073855,131.023972,,,,,,,,,,,,,206,red,8513,8338,16851
89,,9310120,1,20260818,11231,1348,0,0,0,0,0,9715,1172,0,0,0,0,0,3,31.705779029041526,130.613215,,,,,,,,,,,,,206,red,12579,10887,23466
89,,9310125,1,20260818,9696,1239,0,0,0,0,0,9003,973,0,0,0,0,0,3,33.21761616132637,130.1637701,,,,,,,,,,,,,206,red,10935,9976,20911
89,,9310127,1,20260818,3828,1448,0,0,0,0,0,5297,790,0,0,0,0,0,3,32.91326503087817,130.976239,,,,,,,,,,,,,206,red,5276,6087,11363
89,,9310130,1,20260818,12454,822,0,0,0,0,0,10390,915,0,0,0,0,0,3,32.8754950308221,130.867355,,,,,,,,,,,,,206,red,13276,11305,24581
89,,9310140,1,20260818,16518,1831,0,0,0,0,0,16610,1368,0,0,0,0,0,3,32.820198990739854,130.7572925,,,,,,,,,,,,,206,red,18349,17978,36327
89,,9310150,1,20260818,4638,1340,0,0,0,0,0,3172,2574,0,0,0,0,0,3,32.6779330305273,130.55327,,,,,,,,,,,,,206,red,5978,5746,11724
89,,9310155,1,20260818,5391,201,0,0,0,0,0,7433,285,0,0,0,0,0,3,32.76467203065704,130.370667,,,,,,,,,,,,,206,red,5592,7718,13310
89,,9310156,1,20260818,6513,367,0,0,0,0,0,6184,409,0,0,0,0,0,3,32.78536503068792,130.199594,,,,,,,,,,,,,206,red,6880,6593,13473
89,,9310157,1,20260818,5085,881,0,0,0,0,0,4381,666,0,0,0,0,0,3,33.06696517110531,131.6229634,,,,,,,,,,,,,206,red,5966,5047,11013
89,,9310159,1,20260818,2290,597,0,0,0,0,0,1874,504,0,0,0,0,0,3,32.997429031002746,131.434075,,,,,,,,,,,,,206,red,2887,2378,5265
89,,9310165,1,20260818,8766,3772,0,0,0,0,0,9060,3830,0,0,0,0,0,3,33.62969103192261,130.442657,,,,,,,,,,,,,206,red,12538,12890,25428
89,,9310174,1,20260818,15155,2447,0,0,0,0,0,13209,1911,0,0,0,0,0,3,33.6275850319196,130.703907,,,,,,,,,,,,,206,red,17602,15120,32722
89,,9310181,1,20260818,6066,345,0,0,0,0,0,5981,333,0,0,0,0,0,3,33.230906841345785,130.3350523,,,,,,,,,,,,,206,red,6411,6314,12725
89,,9310184,1,20260818,7369,752,0,0,0,0,0,7120,1013,0,0,0,0,0,3,32.918079150885305,130.6264597,,,,,,,,,,,,,206,red,8121,8133,16254
89,,9310185,1,20260818,2329,249,0,0,0,0,206,0,0,0,0,0,206,206,3,33.37000946154832,129.9447181,,,,,,,,,,,,,206,red,2578,0,2578
89,,9310187,1,20260818,8517,1340,0,0,0,0,0,8470,1153,0,0,0,0,0,3,33.504396031742644,130.111167,,,,,,,,,,,,,206,red,9857,9623,19480
89,,9310188,1,20260818,4845,551,0,0,0,0,0,4542,537,0,0,0,0,0,3,33.3383090315023,130.64702,,,,,,,,,,,,,206,red,5396,5079,10475
89,,9310189,1,20260818,1655,251,0,0,0,0,107,1734,248,0,0,0,0,107,3,33.06535003110294,129.833592,,,,,,,,,,,,,206,red,1906,1982,3888
89,,9310191,1,20260818,6419,924,0,0,0,0,0,6236,953,0,0,0,0,0,3,33.18514003127884,130.387366,,,,,,,,,,,,,206,red,7343,7189,14532
89,,9310192,1,20260818,4862,852,0,0,0,0,0,2854,2855,0,0,0,0,0,3,33.20214803130375,130.361827,,,,,,,,,,,,,206,red,5714,5709,11423
89,,9310193,1,20260818,2146,2982,0,0,0,0,0,4876,789,0,0,0,0,0,3,33.20855403131311,130.343385,,,,,,,,,,,,,206,red,5128,5665,10793
89,,9310195,1,20260818,4986,690,0,0,0,0,0,4598,591,0,0,0,0,0,3,33.32086003147692,130.863524,,,,,,,,,,,,,206,red,5676,5189,10865
89,,9310200,1,20260818,2165,334,0,0,0,0,0,2062,301,0,0,0,0,0,3,33.250128031373855,131.295812,,,,,,,,,,,,,206,red,2499,2363,4862
89,,9310205,1,20260818,4977,596,0,0,0,0,0,5435,596,0,0,0,0,0,3,33.19671903129579,131.498216,,,,,,,,,,,,,206,red,5573,6031,11604
89,,9310210,1,20260818,7144,523,0,0,0,0,0,7007,339,0,0,0,0,0,3,31.816050029212782,131.442962,,,,,,,,,,,,,206,red,7667,7346,15013
89,,9310217,1,20260818,3261,315,0,0,0,0,0,3339,333,0,0,0,0,0,3,31.417765998591218,130.99969040000002,,,,,,,,,,,,,206,red,3576,3672,7248
89,,9310218,1,20260818,4950,395,0,0,0,0,0,4836,455,0,0,0,0,0,3,31.377286028527593,130.545285,,,,,,,,,,,,,206,red,5345,5291,10636
89,,9310219,1,20260818,1929,330,0,0,0,0,0,1667,309,0,0,0,0,0,3,31.56571802882308,130.617867,,,,,,,,,,,,,206,red,2259,1976,4235
89,,9310220,1,20260818,5174,930,0,0,0,0,0,4715,817,0,0,0,0,0,3,33.43104381163675,130.0480662,,,,,,,,,,,,,206,red,6104,5532,11636
89,,9310470,1,20260818,2711,925,24,0,1,1,0,2688,563,21,0,1,1,0,3,32.24423502987137,130.476053,,,,,,,,,,,,,206,red,3660,3272,6932
89,,9310480,1,20260818,2560,966,0,0,0,0,0,2503,618,0,0,0,0,0,3,32.21685802982958,130.428031,,,,,,,,,,,,,206,red,3526,3121,6647
89,,9310520,1,20260818,3782,584,0,0,0,0,0,3778,411,0,0,0,0,0,3,32.102630029654726,130.326106,,,,,,,,,,,,,206,red,4366,4189,8555
89,,9310530,1,20260818,4853,666,0,0,0,0,0,4752,473,0,0,0,0,0,3,32.08242202962371,130.292812,,,,,,,,,,,,,206,red,5519,5225,10744
89,,9310540,1,20260818,4311,718,0,0,0,0,0,3791,471,0,0,0,0,0,3,32.07232702960822,130.26224,,,,,,,,,,,,,206,red,5029,4262,9291
89,,9310600,1,20260818,1546,703,0,0,0,0,0,1906,559,0,0,0,0,0,3,31.84607502925929,130.257831,,,,,,,,,,,,,206,red,2249,2465,4714
89,,9310610,1,20260818,0,0,0,0,0,206,206,2045,599,0,0,0,0,206,3,31.804655029195118,130.283522,,,,,,,,,,,,,206,red,0,2644,2644
89,,9310620,1,20260818,4917,775,0,0,0,0,0,5479,826,0,0,0,0,0,3,31.759537029125095,130.304217,,,,,,,,,,,,,206,red,5692,6305,11997
89,,9310627,1,20260818,4513,920,0,0,0,0,0,4168,760,0,0,0,0,0,3,33.46078103167972,130.044889,,,,,,,,,,,,,206,red,5433,4928,10361
89,,9310630,1,20260818,4776,858,0,0,0,0,0,3907,693,0,0,0,0,0,3,33.414414111612686,129.9958886,,,,,,,,,,,,,206,red,5634,4600,10234
89,,9310640,1,20260818,5515,922,0,0,0,0,0,4976,699,0,0,0,0,0,3,33.391371311579306,129.9347973,,,,,,,,,,,,,206,red,6437,5675,12112
89,,9310650,1,20260818,5193,1116,0,0,0,0,0,5012,742,0,0,0,0,0,3,33.37966119156232,129.933567,,,,,,,,,,,,,206,red,6309,5754,12063
89,,9310660,1,20260818,3868,521,0,0,0,0,0,4016,482,0,0,0,0,0,3,33.30074103144764,129.915058,,,,,,,,,,,,,206,red,4389,4498,8887
89,,9310710,1,20260818,0,0,0,0,0,206,206,2354,561,0,0,0,0,206,3,33.323471851480726,129.8060041,,,,,,,,,,,,,206,red,0,2915,2915
89,,9310730,1,20260818,2836,328,0,0,0,0,0,2791,282,0,0,0,0,0,3,33.34824903151674,129.729277,,,,,,,,,,,,,206,red,3164,3073,6237
89,,9310740,1,20260818,1145,169,0,0,0,0,0,1398,186,0,0,0,0,0,3,33.34295921550905,129.672585536,,,,,,,,,,,,,206,red,1314,1584,2898
89,,9360270,1,20260818,2179,770,0,0,0,0,0,2073,475,0,0,0,0,0,1,32.93848103091554,131.866353,,,,,,,,,,,,,206,red,2949,2548,5497
89,,9360280,1,20260818,2384,832,0,0,0,0,0,2368,554,0,0,0,0,0,1,32.895717030852126,131.864089,,,,,,,,,,,,,206,red,3216,2922,6138
89,,9360290,1,20260818,1941,713,0,0,0,0,0,1948,481,0,0,0,0,0,1,32.80165203071222,131.87728,,,,,,,,,,,,,206,red,2654,2429,5083
89,,9360300,1,20260818,1913,682,0,0,0,0,0,1941,454,0,0,0,0,0,1,32.72780503060196,131.827089,,,,,,,,,,,,,206,red,2595,2395,4990
89,,9360310,1,20260818,2361,680,0,0,0,0,0,2431,478,0,0,0,0,0,1,32.708018030572354,131.811346,,,,,,,,,,,,,206,red,3041,2909,5950
89,,9360320,1,20260818,2531,706,0,0,0,0,0,2669,514,0,0,0,0,0,1,32.66071403050147,131.702707,,,,,,,,,,,,,206,red,3237,3183,6420
89,,9360330,1,20260818,2341,788,0,0,0,0,0,2477,600,0,0,0,0,0,3,32.67533903052341,131.725922,,,,,,,,,,,,,206,red,3129,3077,6206
89,,9360340,1,20260818,4673,1087,0,0,0,0,0,5382,922,0,0,0,0,0,3,32.544601030326895,131.648426,,,,,,,,,,,,,206,red,5760,6304,12064
89,,9360350,1,20260818,3963,504,0,0,0,0,0,3588,419,0,0,0,0,0,1,31.69283102902137,131.379337,,,,,,,,,,,,,206,red,4467,4007,8474
89,,9360360,1,20260818,3932,538,0,0,0,0,0,3627,461,0,0,0,0,0,1,31.626655028918243,131.387644,,,,,,,,,,,,,206,red,4470,4088,8558
89,,9360380,1,20260818,1721,371,0,0,0,0,0,1760,312,0,0,0,0,0,1,31.48338302869418,131.081995,,,,,,,,,,,,,206,red,2092,2072,4164
89,,9360385,1,20260818,2132,490,0,0,0,0,0,2407,485,0,0,0,0,0,1,31.46605602866702,131.053459,,,,,,,,,,,,,206,red,2622,2892,5514
89,,9360390,1,20260818,2098,427,0,0,0,0,0,2475,454,0,0,0,0,0,1,31.445310028634466,130.99415,,,,,,,,,,,,,206,red,2525,2929,5454
89,,9360400,1,20260818,3512,798,0,0,0,0,0,3345,788,0,0,0,0,0,1,31.466282028667365,130.90009,,,,,,,,,,,,,206,red,4310,4133,8443
89,,9360410,1,20260818,2903,680,0,0,0,0,0,2889,774,0,0,0,0,0,1,31.521020028753135,130.93081,,,,,,,,,,,,,206,red,3583,3663,7246
89,,9360420,1,20260818,2658,636,0,0,0,0,0,2883,778,0,0,0,0,0,1,31.615248748900434,130.9538662,,,,,,,,,,,,,206,red,3294,3661,6955
89,,9360430,1,20260818,2817,371,0,0,0,0,0,2442,401,0,0,0,0,0,1,32.749633030634584,130.866625,,,,,,,,,,,,,206,red,3188,2843,6031
89,,9360440,1,20260818,3002,361,0,0,0,0,0,2629,346,0,0,0,0,0,1,32.741409030622286,130.89194,,,,,,,,,,,,,206,red,3363,2975,6338
89,,9360443,1,20260818,2701,277,0,0,0,0,0,2370,233,0,0,0,0,0,1,32.73097603060669,130.938429,,,,,,,,,,,,,206,red,2978,2603,5581
89,,9360465,1,20260818,2762,466,0,0,0,0,0,3043,405,0,0,0,0,0,3,32.69277003054952,131.345815,,,,,,,,,,,,,206,red,3228,3448,6676
89,,9360467,1,20260818,2832,508,0,0,0,0,0,3118,491,0,0,0,0,0,3,32.67691003052576,131.36226,,,,,,,,,,,,,206,red,3340,3609,6949
89,,9360470,1,20260818,2734,388,0,0,0,0,0,3183,409,0,0,0,0,0,3,32.587591030391636,131.509484,,,,,,,,,,,,,206,red,3122,3592,6714
90,,10110010,1,20260818,7619,658,0,0,0,0,0,9466,750,0,0,0,0,0,3,26.525846020561954,127.924665,,,,,,,,,,,,,206,red,8277,10216,18493
90,,10110030,1,20260818,24403,1262,0,0,0,0,0,24608,1548,0,0,0,0,0,3,26.27496950463181,127.741287946701,,,,,,,,,,,,,206,red,25665,26156,51821
90,,10110040,1,20260818,5172,274,0,0,0,0,0,5436,349,0,0,0,0,0,3,26.47501802047749,127.955092,,,,,,,,,,,,,206,red,5446,5785,11231
90,,10110060,1,20260818,12631,1518,0,1,0,0,1,11107,1454,0,1,0,0,1,3,26.28023651673024,127.81364321708601,,,,,,,,,,,,,206,red,14149,12561,26710
90,,10110070,1,20260818,12251,928,0,0,0,0,0,12759,941,0,0,0,0,0,3,26.200277295979053,127.66189455985999,,,,,,,,,,,,,206,red,13179,13700,26879
90,,10110090,1,20260818,16321,1580,0,0,0,0,0,17496,1351,0,0,0,0,0,3,26.1754430532393,127.706499695777,,,,,,,,,,,,,206,red,17901,18847,36748
81,02,1810010,1,20260818,6425,1517,0,,,,,2,29,0,,,,,3,41.996809040234545,140.63609,,,0,0,0,0,0,0,0,0,0,1,199,blue,7942,31,7973
81,02,1810020,1,20260818,4271,1124,0,,,,,4098,911,0,,,,,3,42.079752040271956,140.596961,,,0,0,0,0,0,1,1,0,0,0,199,blue,5395,5009,10404
81,02,1810030,1,20260818,,,,,,,,,,,,,,,3,42.18194404031664,140.438889,,,1,0,0,0,0,0,0,0,0,0,199,blue,0,0,0
81,02,1810040,1,20260818,,,,,,,,,,,,,,,3,42.21583304033111,140.385,,,1,0,0,0,0,0,0,0,0,0,199,blue,0,0,0
81,02,1810050,1,20260818,2013,686,0,,,,,1783,686,0,,,,,3,42.29972204036625,140.271667,,,0,0,0,0,0,0,0,0,0,3,199,blue,2699,2469,5168
81,03,1810060,1,20260818,664,94,0,,,,,737,148,0,,,,,3,42.70250004052043,140.42222,,,0,0,0,0,0,0,0,0,0,0,199,blue,758,885,1643
81,03,1810070,1,20260818,1518,144,0,,,,,1373,318,0,,,,,3,42.805277040555936,140.52666,,,0,0,0,0,0,0,0,0,0,0,199,blue,1662,1691,3353
81,03,1810080,1,20260818,831,289,0,,,,,460,181,0,,,,,3,42.79952604055398,140.700552,,,0,0,0,0,0,0,0,0,0,122,199,blue,1120,641,1761
81,03,1810100,1,20260818,2540,635,0,,,,,3043,852,0,,,,,3,43.037777040630445,140.678611,,,0,0,0,0,0,1,1,0,1,0,199,blue,3175,3895,7070
81,03,1810110,1,20260818,5214,593,0,,,,,5637,680,0,,,,,3,43.20720804067966,140.975798,,,0,0,0,0,0,0,0,0,0,0,199,blue,5807,6317,12124
81,03,1810120,1,20260818,10197,847,0,,,,,11636,944,0,,,,,3,43.177556040671355,141.041001,,,0,0,0,0,0,1,1,0,1,0,199,blue,11044,12580,23624
81,02,1810130,1,20260818,8107,613,0,,,,,6108,569,0,,,,,3,41.88166704018098,140.720833,,,0,0,0,0,0,0,0,0,0,0,199,blue,8720,6677,15397
81,02,1810140,1,20260818,3682,444,0,,,,,4829,490,0,,,,,3,41.922053040199984,140.673037,,,0,0,0,0,0,1,1,0,0,0,199,blue,4126,5319,9445
81,01,1810160,1,20260818,1822,349,0,,,,,2707,326,0,,,,,3,43.575214040771755,141.936064,,,0,0,0,0,0,0,0,0,0,0,199,blue,2171,3033,5204
81,04,1810180,1,20260818,3834,573,0,,,,,5354,1398,0,,,,,3,43.75523899023857,142.273832256632,,,0,0,0,0,0,2,2,0,0,0,199,blue,4407,6752,11159
81,01,1810200,1,20260818,,,,,,,,,,,,,,,3,42.92800104059627,141.532244,,,1,0,0,0,0,27,27,0,0,2,199,blue,0,0,0
81,01,1810210,1,20260818,5904,989,0,,,,,2792,556,0,,,,,3,42.86212604057491,141.599922,,,0,0,0,0,0,27,27,0,0,5,199,blue,6893,3348,10241
81,05,1810220,1,20260818,7498,1940,0,,,,,6973,1949,0,,,,,3,42.736385040532305,141.709144,,,0,0,0,0,0,0,0,0,0,2,199,blue,9438,8922,18360
81,05,1810240,1,20260818,4226,701,0,,,,,4656,537,0,,,,,3,42.44474904042452,141.159993,,,0,0,0,0,0,0,0,0,0,0,199,blue,4927,5193,10120
81,05,1810250,1,20260818,8924,443,0,,,,,6714,347,0,,,,,3,42.32896604037825,140.996368,,,0,0,0,0,0,0,0,0,0,0,199,blue,9367,7061,16428
81,02,1810260,1,20260818,1198,299,0,,,,,1565,335,0,,,,,3,42.59861104048294,140.461667,,,0,0,0,0,0,0,0,0,0,0,199,blue,1497,1900,3397
81,05,1810270,1,20260818,1262,379,0,,,,,1386,478,0,,,,,3,42.59319704048096,140.520753,,,0,0,0,0,0,0,0,0,0,0,199,blue,1641,1864,3505
81,05,1810280,1,20260818,1285,381,0,,,,,1411,439,0,,,,,3,42.59372804048115,140.535945,,,0,0,0,0,0,0,0,0,0,0,199,blue,1666,1850,3516
81,05,1810290,1,20260818,41,0,0,,,,,1448,308,0,,,,,3,42.56267604046962,140.742626,,,0,0,0,0,0,0,0,0,0,0,199,blue,41,1756,1797
81,01,1810310,1,20260818,,,,,,,,,,,,,,,3,43.57408404077149,141.983838,,,1,,,,,,,,,,199,blue,0,0,0
81,01,1810320,1,20260818,,,,,,,,,,,,,,,3,43.47080004074768,142.266721,,,1,,,,,,,,,,199,blue,0,0,0
81,04,1810350,1,20260818,588,163,0,,,,,584,115,0,,,,,3,43.197272411385796,142.57548514343702,,,0,0,0,0,0,11,11,0,0,87,199,blue,751,699,1450
81,07,1810360,1,20260818,584,176,0,,,,,613,172,0,,,,,3,43.15712704066555,142.786825,,,0,0,0,0,0,0,0,0,0,17,199,blue,760,785,1545
81,07,1810370,1,20260818,1400,418,0,,,,,1246,320,0,,,,,3,42.814306040558975,143.51125,,,0,0,0,0,0,0,0,0,0,0,199,blue,1818,1566,3384
81,07,1810380,1,20260818,,,,,,,,,,,,,,,3,42.82083104056116,143.71063,,,1,0,0,0,0,0,0,0,0,0,199,blue,0,0,0
81,06,1810390,1,20260818,,,,,,,,,,,,,,,3,42.86448904057567,143.874907,,,1,0,0,0,0,0,0,0,0,0,199,blue,0,0,0
81,06,1810400,1,20260818,,,,,,,,,,,,,,,3,43.00508004062045,144.254672,,,1,0,0,0,0,0,0,0,0,0,199,blue,0,0,0
81,06,1810410,1,20260818,,,,,,,,,,,,,,,3,43.0195510406249,144.257695,,,1,0,0,0,0,0,0,0,0,0,199,blue,0,0,0
81,06,1810420,1,20260818,6754,291,0,,,,,6393,235,0,,,,,3,43.00768404062126,144.364725,,,0,0,0,0,0,0,0,0,0,0,199,blue,7045,6628,13673
81,04,1810430,1,20260818,1028,305,0,,,,,810,161,0,,,,,3,43.89533772001418,142.522262332469,,,0,0,0,0,0,0,0,0,0,1,199,blue,1333,971,2304
81,08,1810460,1,20260818,2052,505,0,,,,,1813,442,0,,,,,3,43.88484504083343,144.001818,,,0,0,0,0,0,0,0,0,0,50,199,blue,2557,2255,4812
81,08,1810480,1,20260818,,,,,,,,,,,,,,,3,43.91366204083846,144.156572,,,1,0,0,0,0,0,0,0,0,47,199,blue,0,0,0
81,04,1810490,1,20260818,,,,,,,,,,,,,,,3,43.84734151228824,142.449476813803,,,1,0,0,0,0,11,11,0,0,35,199,blue,0,0,0
81,04,1810500,1,20260818,1365,348,0,,,,,1361,252,0,,,,,3,44.091634905591874,142.391293207353,,,0,0,0,0,0,0,0,0,0,17,199,blue,1713,1613,3326
81,04,1810510,1,20260818,673,226,0,,,,,734,126,0,,,,,3,44.70483751674948,142.274019195489,,,0,0,0,0,0,0,0,0,0,30,199,blue,899,860,1759
81,04,1810520,1,20260818,96,20,0,,,,,88,19,0,,,,,3,44.72277804092767,142.249444,,,0,0,0,0,0,0,0,0,0,46,199,blue,116,107,223
81,09,1810530,1,20260818,357,112,0,,,,,466,100,0,,,,,3,44.89642004093388,141.953541,,,0,0,0,0,0,27,27,0,0,8,199,blue,469,566,1035
81,10,1810540,1,20260818,0,0,0,,,,,72,61,0,,,,,3,45.02095404093553,141.771843,,,0,0,0,0,0,0,0,0,0,0,199,blue,0,133,133
81,10,1810550,1,20260818,329,52,0,,,,,367,48,0,,,,,3,45.1450290409348,141.751626,,,0,0,0,0,0,27,27,0,0,23,199,blue,381,415,796
81,10,1810560,1,20260818,,,,,,,,,,,,,,,3,45.22646604093306,141.745387,,,1,,,,,,,,,,199,blue,0,0,0
81,10,1810570,1,20260818,520,152,0,,,,,786,58,0,,,,,3,45.11301904093522,141.794418,,,0,0,0,0,0,0,0,0,0,0,199,blue,672,844,1516
81,06,1810580,1,20260818,6465,290,0,,,,,6465,241,0,,,,,3,42.9878210406151,144.393418,,,0,0,0,0,0,0,0,0,0,0,199,blue,6755,6706,13461
81,06,1810590,1,20260818,,,,,,,,,,,,,,,3,43.05774504063647,144.791279,,,1,0,0,0,0,1,1,0,0,0,199,blue,0,0,0
81,06,1810600,1,20260818,2715,702,0,,,,,2608,436,0,,,,,3,43.05804004063655,144.830749,,,0,0,0,0,0,1,1,0,0,0,199,blue,3417,3044,6461
81,06,1810610,1,20260818,,,,,,,,,,,,,,,3,43.282406040700124,145.50731400000004,,,1,0,0,0,0,0,0,0,0,0,199,blue,0,0,0
81,02,1810620,1,20260818,1266,317,0,,,,,1147,241,0,,,,,3,41.95083004021339,140.45583300000004,,,0,0,0,0,0,0,0,0,0,0,199,blue,1583,1388,2971
81,02,1810630,1,20260818,1468,136,0,,,,,1350,75,0,,,,,3,41.77072204012754,140.613139,,,0,0,0,0,0,0,0,0,0,0,199,blue,1604,1425,3029
81,02,1810640,1,20260818,,,,,,,,,,,,,,,3,41.666445040075686,140.434972,,,1,0,0,0,0,0,0,0,0,0,199,blue,0,0,0
81,02,1810650,1,20260818,2059,355,0,,,,,1928,181,0,,,,,3,41.624898040054596,140.429715,,,0,0,0,0,0,0,0,0,0,1,199,blue,2414,2109,4523
81,02,1810660,1,20260818,922,181,0,,,,,878,202,0,,,,,3,41.49941703998935,140.249306,,,0,0,0,0,0,0,0,0,0,1,199,blue,1103,1080,2183
81,02,1810670,1,20260818,,,,,,,,,,,,,,,3,41.40202103993715,140.185625,,,1,0,0,0,0,0,0,0,0,0,199,blue,0,0,0
81,02,1810680,1,20260818,943,227,0,,,,,1036,145,0,,,,,3,41.43166703995318,140.128056,,,0,0,0,0,0,1,1,0,0,0,199,blue,1170,1181,2351
81,02,1810690,1,20260818,314,55,0,,,,,316,97,0,,,,,3,41.71166704009836,140.027778,,,0,0,0,0,0,1,1,0,0,1,199,blue,369,413,782
81,02,1810700,1,20260818,1659,276,0,,,,,1742,221,0,,,,,3,41.84777804016484,140.12472200000002,,,0,0,0,0,0,0,0,0,0,0,199,blue,1935,1963,3898
81,02,1810710,1,20260818,577,172,0,,,,,584,102,0,,,,,3,41.84277804016245,140.732222,,,0,0,0,0,0,0,0,0,0,0,199,blue,749,686,1435
81,02,1810720,1,20260818,169,11,0,,,,,149,28,0,,,,,3,41.83613904015928,140.64875,,,0,0,0,0,0,4,4,0,0,0,199,blue,180,177,357
81,02,1810730,1,20260818,362,52,0,,,,,392,90,0,,,,,3,41.78055604013235,140.61055600000003,,,0,0,0,0,0,0,0,0,0,0,199,blue,414,482,896
81,03,1810750,1,20260818,1932,252,0,,,,,1947,146,0,,,,,3,43.2287050406856,140.73446400000003,,,0,0,0,0,0,0,0,0,0,0,199,blue,2184,2093,4277
81,03,1810760,1,20260818,1341,106,0,,,,,1237,132,0,,,,,3,43.280277040699566,140.6375,,,0,0,0,0,0,0,0,0,0,0,199,blue,1447,1369,2816
81,03,1810780,1,20260818,631,75,0,,,,,619,42,0,,,,,3,43.328914040712355,140.422613,,,0,0,0,0,0,0,0,0,0,0,199,blue,706,661,1367
81,03,1810790,1,20260818,42,13,0,,,,,545,38,0,,,,,3,43.19878704067732,140.346959,,,0,0,0,0,0,1,1,0,1,0,199,blue,55,583,638
81,03,1810800,1,20260818,1282,116,0,,,,,1174,176,0,,,,,3,43.04480504063257,140.505833,,,0,0,0,0,0,0,0,0,0,0,199,blue,1398,1350,2748
81,03,1810810,1,20260818,,,,,,,,,,,,,,,3,43.02277704062587,140.548333,,,1,,,,,,,,,,199,blue,0,0,0
81,03,1810820,1,20260818,2508,979,0,,,,,3460,914,0,,,,,3,42.99750304061811,140.538303,,,0,0,0,0,0,0,0,0,0,0,199,blue,3487,4374,7861
81,03,1810830,1,20260818,2280,467,0,,,,,2239,360,0,,,,,3,42.981000040613,140.511333,,,0,0,0,0,0,0,0,0,0,0,199,blue,2747,2599,5346
81,03,1810840,1,20260818,741,302,0,,,,,0,0,0,,,,,3,42.93163404059743,140.409415,,,0,0,0,0,0,1,1,0,1,0,199,blue,1043,0,1043
81,03,1810850,1,20260818,,,,,,,,,,,,,,,3,42.83094404056455,140.308974,,,1,0,0,0,0,1,1,0,1,0,199,blue,0,0,0
81,03,1810860,1,20260818,,,,,,,,,,,,,,,3,42.818297040560324,140.184051,,,1,0,0,0,0,1,1,0,1,0,199,blue,0,0,0
81,03,1810870,1,20260818,,,,,,,,,,,,,,,3,42.68444404051404,139.919444,,,1,0,0,0,0,1,1,0,1,0,199,blue,0,0,0
81,02,1810880,1,20260818,86,30,0,,,,,101,20,0,,,,,3,42.57583304047453,139.832222,,,0,0,0,0,0,0,0,0,0,0,199,blue,116,121,237
81,02,1810890,1,20260818,242,45,0,,,,,233,45,0,,,,,3,42.17250004031257,139.899444,,,0,0,0,0,0,0,0,0,0,0,199,blue,287,278,565
81,02,1810900,1,20260818,245,38,0,,,,,297,46,0,,,,,3,42.21750004033183,139.868333,,,0,0,0,0,0,0,0,0,0,0,199,blue,283,343,626
81,02,1810910,1,20260818,,,,,,,,,,,,,,,3,42.11918804028937,140.016837,,,1,0,0,0,0,0,0,0,0,1,199,blue,0,0,0
81,02,1810920,1,20260818,1385,107,0,,,,,1310,172,0,,,,,3,41.97324904022374,140.139624,,,0,0,0,0,0,0,0,0,0,0,199,blue,1492,1482,2974
81,01,1810940,1,20260818,,,,,,,,,,,,,,,3,43.001256040619275,141.339621,,,1,0,0,0,0,27,27,0,0,1,199,blue,0,0,0
81,01,1810950,1,20260818,,,,,,,,,,,,,,,3,42.999192040618645,141.337588,,,1,0,0,0,0,27,27,0,0,0,199,blue,0,0,0
81,01,1810960,1,20260818,2934,297,0,,,,,1883,182,0,,,,,3,42.9536270406044,141.151206,,,0,0,0,0,0,27,27,0,0,6,199,blue,3231,2065,5296
81,01,1810970,1,20260818,,,,,,,,,,,,,,,3,42.883263040581824,141.139985,,,1,,,,,,,,,,199,blue,0,0,0
81,03,1810980,1,20260818,473,38,0,,,,,735,76,0,,,,,3,42.69444404051758,140.839722,,,0,0,0,0,0,1,1,0,1,84,199,blue,511,811,1322
81,01,1811010,1,20260818,,,,,,,,,,,,,,,3,43.161847040666906,141.353771,,,1,0,0,0,0,27,27,0,0,38,199,blue,0,0,0
81,01,1811020,1,20260818,,,,,,,,,,,,,,,3,43.183375040672985,141.323859,,,1,0,0,0,0,27,27,0,0,1,199,blue,0,0,0
81,01,1811030,1,20260818,,,,,,,,,,,,,,,3,43.22320404068409,141.345058,,,1,0,0,0,0,27,27,0,0,5,199,blue,0,0,0
81,01,1811040,1,20260818,880,88,0,,,,,658,82,0,,,,,3,43.39904804073019,141.436259,,,0,0,0,0,0,27,27,0,0,0,199,blue,968,740,1708
81,09,1811050,1,20260818,,,,,,,,,,,,,,,3,43.75429004080918,141.350733,,,1,0,0,0,0,27,27,0,0,17,199,blue,0,0,0
81,09,1811060,1,20260818,,,,,,,,,,,,,,,3,44.96648604093511,141.761931,,,1,0,0,0,0,27,27,0,0,8,199,blue,0,0,0
81,09,1811080,1,20260818,,,,,,,,,,,,,,,3,44.80492204093118,141.785854,,,1,0,0,0,0,0,0,0,0,0,199,blue,0,0,0
81,09,1811090,1,20260818,,,,,,,,,,,,,,,3,44.64226604092325,141.79398,,,1,0,0,0,0,0,0,0,0,0,199,blue,0,0,0
81,09,1811110,1,20260818,,,,,,,,,,,,,,,3,44.37405804090138,141.71125400000003,,,1,0,0,0,0,27,27,0,0,18,199,blue,0,0,0
81,09,1811120,1,20260818,406,100,0,,,,,1102,210,0,,,,,3,44.255796040888285,141.656338,,,0,0,0,0,0,27,27,0,0,10,199,blue,506,1312,1818
81,09,1811130,1,20260818,1492,365,0,,,,,734,155,0,,,,,3,44.07063104086351,141.663029,,,0,0,0,0,0,27,27,0,0,7,199,blue,1857,889,2746
81,09,1811150,1,20260818,1193,231,0,,,,,1273,281,0,,,,,3,43.94678404084405,141.651833,,,0,0,0,0,0,27,27,0,0,22,199,blue,1424,1554,2978
81,09,1811160,1,20260818,,,,,,,,,,,,,,,3,43.832161040823955,141.829941,,,1,0,0,0,0,27,27,0,0,12,199,blue,0,0,0
81,09,1811170,1,20260818,,,,,,,,,,,,,,,3,43.849231040827085,141.814442,,,1,0,0,0,0,27,27,0,0,2,199,blue,0,0,0
81,09,1811180,1,20260818,177,37,0,,,,,268,75,0,,,,,3,43.874433040831605,141.738524,,,0,0,0,0,0,27,27,0,0,6,199,blue,214,343,557
81,09,1811190,1,20260818,,,,,,,,,,,,,,,3,43.91902504083936,141.685028,,,1,0,0,0,0,27,27,0,0,11,199,blue,0,0,0
81,09,1811200,1,20260818,1115,240,0,,,,,1114,226,0,,,,,3,43.887433040833905,141.711544,,,0,0,0,0,0,27,27,0,0,5,199,blue,1355,1340,2695
81,01,1811210,1,20260818,,,,,,,,,,,,,,,3,43.19164404067532,141.764248,,,1,,,,,,,,,,199,blue,0,0,0
81,01,1811220,1,20260818,652,320,0,,,,,640,279,0,,,,,3,42.898883040586895,141.813884,,,0,0,0,0,0,27,27,0,0,33,199,blue,972,919,1891
81,05,1811230,1,20260818,1475,742,0,,,,,1306,892,0,,,,,3,42.885113040582425,141.812065,,,0,0,0,0,0,0,0,0,0,0,199,blue,2217,2198,4415
81,05,1811240,1,20260818,1266,645,0,,,,,1357,857,0,,,,,3,42.76319504054159,141.812586,,,0,0,0,0,0,0,0,0,0,1,199,blue,1911,2214,4125
81,05,1811250,1,20260818,,,,,,,,,,,,,,,3,42.55317704046606,141.981715,,,1,0,0,0,0,0,0,0,0,76,199,blue,0,0,0
81,05,1811260,1,20260818,4180,537,0,,,,,3921,369,0,,,,,3,42.16916704031112,142.768611,,,0,0,0,0,0,0,0,0,0,4,199,blue,4717,4290,9007
81,05,1811270,1,20260818,2566,441,0,,,,,2274,290,0,,,,,3,42.50615204044825,142.070834,,,0,0,0,0,0,0,0,0,0,0,199,blue,3007,2564,5571
81,07,1811280,1,20260818,795,136,0,,,,,160,33,0,,,,,3,42.58422604047764,143.30053,,,0,0,0,0,0,0,0,0,0,0,199,blue,931,193,1124
81,07,1811290,1,20260818,150,64,0,,,,,148,73,0,,,,,3,42.3768230403976,143.061454,,,0,0,0,0,0,41,41,0,0,1,199,blue,214,221,435
81,04,1811320,1,20260818,,,,,,,,,,,,,,,3,43.60527804077837,142.469167,,,1,0,0,0,0,10,10,0,0,35,199,blue,0,0,0
81,04,1811330,1,20260818,2733,504,0,,,,,2392,378,0,,,,,3,43.560996966472565,142.4353437615,,,0,0,0,0,0,0,0,0,0,16,199,blue,3237,2770,6007
81,08,1811370,1,20260818,241,75,0,,,,,181,60,0,,,,,3,44.09975304086775,143.867897,,,0,0,0,0,0,0,0,0,0,123,199,blue,316,241,557
81,08,1811380,1,20260818,659,190,0,,,,,563,166,0,,,,,3,44.12070404087072,143.72058,,,0,0,0,0,0,0,0,0,0,87,199,blue,849,729,1578
81,08,1811390,1,20260818,2536,411,0,,,,,2377,361,0,,,,,3,44.364948040900465,143.334896,,,0,0,0,0,0,0,0,0,0,0,199,blue,2947,2738,5685
81,10,1811400,1,20260818,350,82,0,,,,,355,100,0,,,,,3,44.77764204093013,142.721902,,,0,0,0,0,0,0,0,0,0,10,199,blue,432,455,887
81,10,1811410,1,20260818,,,,,,,,,,,,,,,3,45.361691040927944,142.122166,,,1,0,0,0,0,0,0,0,0,0,199,blue,0,0,0
81,10,1811420,1,20260818,0,0,0,,,,,909,101,0,,,,,3,45.43710504092389,141.862347,,,0,0,0,0,0,27,27,0,0,42,199,blue,0,1010,1010
81,08,1811430,1,20260818,318,72,0,,,,,279,77,0,,,,,3,44.40500204090447,143.017708,,,0,0,0,0,0,2,2,0,0,0,199,blue,390,356,746
81,04,1811440,1,20260818,199,44,0,,,,,190,53,0,,,,,3,44.31599186248862,142.78318613417,,,0,0,0,0,0,0,0,0,0,51,199,blue,243,243,486
81,04,1811450,1,20260818,301,64,0,,,,,138,65,0,,,,,3,44.18218514890566,142.3067879962,,,0,0,0,0,0,17,17,0,0,54,199,blue,365,203,568
81,09,1811460,1,20260818,,,,,,,,,,,,,,,3,44.20144804088155,142.034387,,,1,0,0,0,0,27,27,0,0,8,199,blue,0,0,0
81,06,1811490,1,20260818,,,,,,,,,,,,,,,3,43.28312104070033,144.106479,,,1,0,0,0,0,0,0,0,0,0,199,blue,0,0,0
81,06,1811500,1,20260818,318,205,0,,,,,356,152,0,,,,,3,43.45847504074473,144.008366,,,0,0,0,0,0,0,0,0,0,0,199,blue,523,508,1031
81,08,1811520,1,20260818,1870,260,0,,,,,1949,338,0,,,,,3,44.16231304087643,143.57881,,,0,0,0,0,0,0,0,0,0,0,199,blue,2130,2287,4417
81,08,1811530,1,20260818,2049,366,0,,,,,2110,311,0,,,,,3,44.13401504087257,143.561357,,,0,0,0,0,0,0,0,0,0,0,199,blue,2415,2421,4836
81,08,1811540,1,20260818,,,,,,,,,,,,,,,3,43.81153304082013,143.553741,,,1,0,0,0,0,0,0,0,0,29,199,blue,0,0,0
81,07,1811550,1,20260818,3,3,0,,,,,8,2,0,,,,,3,43.614803040780444,143.623559,,,0,0,0,0,0,0,0,0,0,0,199,blue,6,10,16
81,07,1811560,1,20260818,1360,287,0,,,,,1628,392,0,,,,,3,42.950446040603396,143.426823,,,0,0,0,0,0,0,0,0,0,0,199,blue,1647,2020,3667
81,07,1811570,1,20260818,314,32,0,,,,,3815,493,0,,,,,3,42.91920004059345,143.382799,,,0,0,0,0,0,0,0,0,0,0,199,blue,346,4308,4654
81,06,1811580,1,20260818,0,2,0,,,,,518,97,0,,,,,3,43.65168204078832,144.260814,,,0,0,0,0,0,0,0,0,0,0,199,blue,2,615,617
81,06,1811590,1,20260818,695,125,0,,,,,653,134,0,,,,,3,43.48222204075039,144.542778,,,0,0,0,0,0,0,0,0,0,0,199,blue,820,787,1607
81,06,1811600,1,20260818,444,95,0,,,,,491,112,0,,,,,3,43.415912040734376,144.740463,,,0,0,0,0,0,0,0,0,0,0,199,blue,539,603,1142
81,08,1811610,1,20260818,2320,363,0,,,,,2203,251,0,,,,,3,43.96614504084723,144.326697,,,0,0,0,0,0,0,0,0,0,0,199,blue,2683,2454,5137
81,08,1811620,1,20260818,1106,159,0,,,,,1120,176,0,,,,,3,43.91012304083783,144.542023,,,0,0,0,0,0,0,0,0,0,0,199,blue,1265,1296,2561
81,08,1811630,1,20260818,,,,,,,,,,,,,,,3,43.888827040834144,144.736391,,,1,0,0,0,0,0,0,0,0,57,199,blue,0,0,0
81,06,1811640,1,20260818,157,88,0,,,,,234,77,0,,,,,3,43.73179504080475,144.960789,,,0,0,0,0,0,0,0,0,0,0,199,blue,245,311,556
81,06,1811650,1,20260818,166,47,0,,,,,179,44,0,,,,,3,43.69435704079721,145.112266,,,0,0,0,0,0,0,0,0,0,0,199,blue,213,223,436
81,06,1811660,1,20260818,,,,,,,,,,,,,,,3,43.37687304072465,145.283748,,,1,0,0,0,0,0,0,0,0,0,199,blue,0,0,0
81,06,1811670,1,20260818,1130,368,0,,,,,1061,270,0,,,,,3,43.225599040684756,144.69552000000002,,,0,0,0,0,0,2,2,0,0,0,199,blue,1498,1331,2829
81,06,1811680,1,20260818,884,268,0,,,,,990,243,0,,,,,3,43.384169040726476,144.866826,,,0,0,0,0,0,0,0,0,0,0,199,blue,1152,1233,2385
81,06,1811690,1,20260818,,,,,,,,,,,,,,,3,43.60985404077937,145.077277,,,1,0,0,0,0,0,0,0,0,0,199,blue,0,0,0
81,07,1811700,1,20260818,434,72,0,,,,,314,70,0,,,,,3,43.353586040718724,143.261308,,,0,0,0,0,0,0,0,0,0,0,199,blue,506,384,890
81,07,1811710,1,20260818,247,59,0,,,,,217,49,0,,,,,3,43.571286040770886,143.120781,,,0,0,0,0,0,0,0,0,0,4,199,blue,306,266,572
81,04,1811730,1,20260818,234,89,0,,,,,230,30,0,,,,,3,43.909246029716684,142.97348513542,,,0,0,0,0,0,0,0,0,0,8,199,blue,323,260,583
81,04,1811740,1,20260818,210,90,0,,,,,205,32,0,,,,,3,43.9388162846136,142.945802727953,,,0,0,0,0,0,0,0,0,0,37,199,blue,300,237,537
81,01,1811750,1,20260818,2683,884,0,,,,,1855,723,0,,,,,3,42.98946404061562,141.609539,,,0,0,0,0,0,27,27,0,0,3,199,blue,3567,2578,6145
81,01,1811760,1,20260818,1213,335,0,,,,,948,307,0,,,,,3,42.94269504060095,141.76061,,,0,0,0,0,0,27,27,0,0,2,199,blue,1548,1255,2803
81,01,1811770,1,20260818,831,311,0,,,,,665,319,0,,,,,3,42.950353040603375,141.802672,,,0,0,0,0,0,27,27,0,0,2,199,blue,1142,984,2126
81,01,1811780,1,20260818,,,,,,,,,,,,,,,3,42.91325204059154,141.966963,,,1,0,0,0,0,27,27,0,0,1,199,blue,0,0,0
81,01,1811790,1,20260818,,,,,,,,,,,,,,,3,42.92852504059643,142.063994,,,1,0,0,0,0,27,27,0,0,0,199,blue,0,0,0
81,05,1811800,1,20260818,304,285,0,,,,,831,806,0,,,,,3,42.9641030406077,142.63981100000004,,,0,0,0,0,0,0,0,0,0,0,199,blue,589,1637,2226
81,01,1811810,1,20260818,2466,708,0,,,,,2117,554,0,,,,,3,43.18243804067272,141.523454,,,0,0,0,0,0,27,27,0,0,28,199,blue,3174,2671,5845
81,01,1811830,1,20260818,1111,212,0,,,,,1293,159,0,,,,,3,43.54600104076516,141.884426,,,0,0,0,0,0,27,27,0,0,2,199,blue,1323,1452,2775
81,01,1811840,1,20260818,789,155,0,,,,,806,103,0,,,,,3,43.71586004080156,141.885874,,,0,0,0,0,0,27,27,0,0,12,199,blue,944,909,1853
81,01,1811850,1,20260818,267,49,0,,,,,258,33,0,,,,,3,43.76892104081203,141.884179,,,0,0,0,0,0,27,27,0,0,11,199,blue,316,291,607
81,01,1811860,1,20260818,366,48,0,,,,,370,55,0,,,,,3,43.80589304081908,141.905599,,,0,0,0,0,0,27,27,0,0,1,199,blue,414,425,839
81,01,1811870,1,20260818,170,41,0,,,,,159,39,0,,,,,3,43.917356040839074,142.125632,,,0,0,0,0,0,27,27,0,0,17,199,blue,211,198,409
81,04,1811880,1,20260818,165,57,0,,,,,221,55,0,,,,,3,44.74113379582216,142.253439072174,,,0,0,0,0,0,0,0,0,0,73,199,blue,222,276,498
81,10,1811890,1,20260818,255,89,0,,,,,323,79,0,,,,,3,44.820303040931734,142.284138,,,0,0,0,0,0,0,0,0,0,0,199,blue,344,402,746
81,10,1811900,1,20260818,218,82,0,,,,,288,92,0,,,,,3,45.044884040935564,142.315271,,,0,0,0,0,0,0,0,0,0,53,199,blue,300,380,680
81,10,1811910,1,20260818,252,60,0,,,,,269,71,0,,,,,3,45.10820204093526,142.363773,,,0,0,0,0,0,0,0,0,0,96,199,blue,312,340,652
81,03,1811920,1,20260818,1066,453,0,,,,,1041,482,0,,,,,3,42.98635304061466,140.606197,,,0,0,0,0,0,0,0,0,0,0,199,blue,1519,1523,3042
81,03,1811930,1,20260818,459,138,0,,,,,502,159,0,,,,,3,42.88083304058103,140.878055,,,0,0,0,0,0,1,1,0,1,90,199,blue,597,661,1258
81,03,1811940,1,20260818,720,235,0,,,,,672,393,0,,,,,3,42.80440904055563,140.891961,,,0,0,0,0,0,2,2,0,1,18,199,blue,955,1065,2020
81,03,1811950,1,20260818,388,231,0,,,,,364,124,0,,,,,3,42.75773904053971,141.013347,,,0,0,0,0,0,0,0,0,0,56,199,blue,619,488,1107
81,01,1811980,1,20260818,,,,,,,,,,,,,,,3,42.71955604052643,141.252074,,,1,0,0,0,0,27,27,0,0,12,199,blue,0,0,0
81,01,1811990,1,20260818,710,237,0,,,,,941,304,0,,,,,3,42.74221004053433,141.402953,,,0,0,0,0,0,27,27,0,0,3,199,blue,947,1245,2192
81,02,1812000,1,20260818,,,,,,,,,,,,,,,3,42.1695560403113,140.052167,,,1,0,0,0,0,0,0,0,0,0,199,blue,0,0,0
81,02,1812010,1,20260818,1965,239,0,,,,,2102,272,0,,,,,3,41.76194404012323,140.856944,,,0,0,0,0,0,0,0,0,0,0,199,blue,2204,2374,4578
81,02,1812020,1,20260818,,,,,,,,,,,,,,,3,41.714722040099886,140.9975,,,1,0,0,0,0,0,0,0,0,0,199,blue,0,0,0
81,02,1812030,1,20260818,233,29,0,,,,,252,32,0,,,,,3,41.87888904017965,141.092222,,,0,0,0,0,0,0,0,0,0,0,199,blue,262,284,546
81,02,1812040,1,20260818,519,144,0,,,,,580,69,0,,,,,3,41.9566670402161,140.928611,,,0,0,0,0,0,0,0,0,0,1,199,blue,663,649,1312
81,02,1812050,1,20260818,372,92,0,,,,,455,75,0,,,,,3,42.013056040241956,140.853611,,,0,0,0,0,0,0,0,0,0,0,199,blue,464,530,994
81,02,1812060,1,20260818,72,10,0,,,,,96,3,0,,,,,3,42.042500040255284,140.813056,,,0,0,0,0,0,0,0,0,0,0,199,blue,82,99,181
81,02,1812070,1,20260818,608,148,0,,,,,605,205,0,,,,,3,42.12805604029326,140.711389,,,0,0,0,0,0,0,0,0,0,0,199,blue,756,810,1566
81,02,1812080,1,20260818,1661,169,0,,,,,1619,173,0,,,,,3,42.118611040289125,140.632778,,,0,0,0,0,0,0,0,0,0,0,199,blue,1830,1792,3622
81,06,1812090,1,20260818,15,5,0,,,,,1146,206,0,,,,,3,43.89994004083609,145.099582,,,0,0,0,0,0,0,0,0,0,0,199,blue,20,1352,1372
81,05,1812130,1,20260818,308,55,0,,,,,234,80,0,,,,,3,42.02778604024864,143.231184,,,0,0,0,0,0,0,0,0,0,0,199,blue,363,314,677
81,07,1812150,1,20260818,322,18,0,,,,,286,41,0,,,,,3,42.16205004030805,143.324722,,,0,0,0,0,0,0,0,0,0,0,199,blue,340,327,667
81,07,1812160,1,20260818,653,73,0,,,,,723,132,0,,,,,3,42.28181504035883,143.31818,,,0,0,0,0,0,0,0,0,0,0,199,blue,726,855,1581
81,07,1812170,1,20260818,1131,273,0,,,,,1013,245,0,,,,,3,42.31167504037117,143.321422,,,0,0,0,0,0,37,37,0,0,3,199,blue,1404,1258,2662
81,07,1812180,1,20260818,169,86,0,,,,,165,96,0,,,,,3,42.68446104051403,143.603341,,,0,0,0,0,0,0,0,0,0,0,199,blue,255,261,516
81,07,1812190,1,20260818,214,139,0,,,,,212,98,0,,,,,3,42.69525004051786,143.616062,,,0,0,0,0,0,0,0,0,0,0,199,blue,353,310,663
81,07,1812200,1,20260818,143,138,0,,,,,180,138,0,,,,,3,42.74125304053399,143.631419,,,0,0,0,0,0,0,0,0,0,1,199,blue,281,318,599
81,01,1812210,1,20260818,240,38,0,,,,,219,43,0,,,,,3,42.85600604057288,141.704289,,,0,0,0,0,0,27,27,0,0,30,199,blue,278,262,540
81,01,1812220,1,20260818,,,,,,,,,,,,,,,3,42.969962040609545,141.672998,,,1,0,0,0,0,27,27,0,0,0,199,blue,0,0,0
81,01,1812230,1,20260818,,,,,,,,,,,,,,,3,43.02096904062534,141.663755,,,1,0,0,0,0,27,27,0,0,1,199,blue,0,0,0
81,03,1812240,1,20260818,4843,1876,0,,,,,4769,1476,0,,,,,3,43.14450004066195,141.187805,,,0,0,0,0,0,0,0,0,0,0,199,blue,6719,6245,12964
81,06,1812250,1,20260818,372,86,0,,,,,380,70,0,,,,,3,43.68733204079576,144.466438,,,0,0,0,0,0,0,0,0,0,0,199,blue,458,450,908
81,03,1812260,1,20260818,1063,244,0,,,,,740,134,0,,,,,3,42.99111104061613,140.875833,,,0,0,0,0,0,0,0,0,0,0,199,blue,1307,874,2181
81,04,1812290,1,20260818,2170,539,0,,,,,2112,359,0,,,,,3,43.85258742603739,142.702731203374,,,0,0,0,0,0,1,1,0,0,8,199,blue,2709,2471,5180
81,01,1812300,1,20260818,0,0,0,,,,,209,22,0,,,,,3,43.578650040772516,141.414894,,,0,0,0,0,0,27,27,0,0,0,199,blue,0,231,231
81,01,1812310,1,20260818,49,7,0,,,,,64,7,0,,,,,3,43.548241040765674,141.621516,,,0,0,0,0,0,0,0,0,0,6,199,blue,56,71,127
81,01,1812320,1,20260818,59,8,0,,,,,66,9,0,,,,,3,43.542762040764444,141.638006,,,0,0,0,0,0,0,0,0,0,0,199,blue,67,75,142
81,01,1812330,1,20260818,2149,119,0,,,,,2099,91,0,,,,,3,43.55901004076813,141.903362,,,0,0,0,0,0,27,27,0,0,32,199,blue,2268,2190,4458
81,01,1812340,1,20260818,352,35,0,,,,,276,19,0,,,,,3,42.995832040617586,142.00991,,,0,0,0,0,0,27,27,0,0,0,199,blue,387,295,682
81,01,1812350,1,20260818,4950,283,0,,,,,5346,302,0,,,,,3,42.979904040612645,141.346302,,,0,0,0,0,0,27,27,0,0,3,199,blue,5233,5648,10881
81,01,1812370,1,20260818,568,28,0,,,,,510,23,0,,,,,3,42.83639604056636,141.300884,,,0,0,0,0,0,27,27,0,0,5,199,blue,596,533,1129
81,01,1812380,1,20260818,639,21,0,,,,,584,26,0,,,,,3,42.80255304055502,141.327921,,,0,0,0,0,0,27,27,0,0,4,199,blue,660,610,1270
82,,2810180,1,20260818,614,113,0,,,,,108,40,0,,,,,3,38.89166803813703,141.115835,,,1,,,,0,,,,,,207,blue,727,148,875
82,,2810190,1,20260818,632,46,0,,,,,218,35,0,,,,,3,39.03166703825964,141.1175,,,1,,,,0,,,,,,207,blue,678,253,931
82,,2810200,1,20260818,213,14,0,,,,,536,96,0,,,,,3,39.0450020382712,141.129544,,,1,,,,0,,,,,,207,blue,227,632,859
82,,2810220,1,20260818,8336,1574,0,,,,,8667,1344,0,,,,,3,39.29444503848296,141.105556,,,0,,,,0,,,,,,207,blue,9910,10011,19921
82,,2810230,1,20260818,0,0,0,,,,,0,0,0,,,,,3,39.344446038524424,141.106946,,,1,,,,0,,,,,,207,blue,0,0,0
82,,2810240,1,20260818,103,100,0,,,,,145,221,0,,,,,3,39.651946038772245,141.164724,,,1,,,,0,,,,,,207,blue,203,366,569
82,,2810250,1,20260818,3,2,0,,,,,25,4,0,,,,,3,39.888889038954595,141.19528,,,1,,,,0,,,,,,207,blue,5,29,34
82,,2810270,1,20260818,33,8,0,,,,,0,1,0,,,,,3,40.27277803923393,141.293058,,,1,,,,0,,,,,,207,blue,41,1,42
82,,2810280,1,20260818,707,203,0,,,,,795,172,0,,,,,3,40.41445803933193,141.298913,,,0,,,,0,,,,,,207,blue,910,967,1877
82,,2810290,1,20260818,3888,770,0,,,,,3705,608,0,,,,,3,40.718083039532594,141.156692,,,0,,,,0,,,,,,207,blue,4658,4313,8971
82,,2810300,1,20260818,1876,502,0,,,,,2107,457,0,,,,,3,40.907508039651255,141.061111,,,0,,,,0,,,,,,207,blue,2378,2564,4942
82,,2810310,1,20260818,2343,594,0,,,,,2247,441,0,,,,,3,40.8547220396187,140.839178,,,0,,,,0,,,,,,207,blue,2937,2688,5625
82,,2810400,1,20260818,2583,441,0,,,,,2020,436,0,,,,,3,39.26847903846129,139.923131,,,0,,,,0,,,,,,207,blue,3024,2456,5480
82,,2810430,1,20260818,1661,327,0,,,,,1834,323,0,,,,,3,39.976642039020206,140.07770900000003,,,1,,,,0,,,,,,207,blue,1988,2157,4145
82,,2810450,1,20260818,,,,,,,,,,,,,,,3,40.278639039238044,140.449111,,,1,,,,0,,,,,,207,blue,0,0,0
82,,2810460,1,20260818,553,94,0,,,,,468,36,0,,,,,3,40.275306039235716,140.516861,,,1,,,,0,,,,,,207,blue,647,504,1151
82,,2810470,1,20260818,2210,611,0,,,,,2299,787,0,,,,,3,40.317917039265446,140.578139,,,0,,,,0,,,,,,207,blue,2821,3086,5907
82,,2810480,1,20260818,665,88,0,,,,,743,104,0,,,,,3,40.577502039441285,140.518889,,,1,,,,0,,,,,,207,blue,753,847,1600
82,,2810490,1,20260818,1467,91,0,,,,,1027,107,0,,,,,3,40.711137039528154,140.580013,,,1,,,,0,,,,,,207,blue,1558,1134,2692
82,,2810580,1,20260818,5461,1142,0,,,,,5156,951,0,,,,,3,39.260555038454655,140.543611,,,0,,,,0,,,,,,207,blue,6603,6107,12710
82,,2810590,1,20260818,4281,1419,0,,,,,5303,620,0,,,,,3,39.44138803860391,140.505,,,0,,,,0,,,,,,207,blue,5700,5923,11623
82,,2810600,1,20260818,3802,776,0,,,,,3854,546,0,,,,,3,39.51138803866052,140.380833,,,1,,,,0,,,,,,207,blue,4578,4400,8978
82,,2810610,1,20260818,3938,876,0,,,,,3801,936,0,,,,,3,39.63750003876089,140.300833,,,1,,,,0,,,,,,207,blue,4814,4737,9551
82,,2810620,1,20260818,9044,1511,0,,,,,6356,1599,0,,,,,3,39.67388903878944,140.152222,,,1,,,,0,,,,,,207,blue,10555,7955,18510
82,,2810630,1,20260818,14202,1725,0,,,,,12038,2140,0,,,,,3,39.69425003880535,140.122194,,,0,,,,0,,,,,,207,blue,15927,14178,30105
82,,2810960,1,20260818,107,5,0,,,,,4,0,0,,,,,3,40.26398203922775,141.40187,,,1,,,,0,,,,,,207,blue,112,4,116
82,,2810970,1,20260818,96,5,0,,,,,44,12,0,,,,,3,40.4453010393529,141.638612,,,1,,,,0,,,,,,207,blue,101,56,157
82,,2810980,1,20260818,0,0,0,,,,,100,71,0,,,,,3,40.30396403925574,141.3059,,,1,,,,0,,,,,,207,blue,0,171,171
82,,2810990,1,20260818,3697,700,0,,,,,3251,596,0,,,,,3,40.60361303945845,141.404748,,,0,,,,0,,,,,,207,blue,4397,3847,8244
82,,2811030,1,20260818,1164,266,0,,,,,1191,319,0,,,,,3,39.608922038738314,140.57135,,,0,,,,0,,,,,,207,blue,1430,1510,2940
83,,3810010,1,20260818,,,,,,,,,,,,,,,3,35.23222203411103,139.112514,,,1,,,,,,,,,,207,blue,0,0,0
83,,3810040,1,20260818,12687,819,0,,,,,1625,98,0,,,,,3,35.26450803415279,139.182925,,,0,0,0,0,0,0,0,0,0,0,207,blue,13506,1723,15229
83,,3810050,1,20260818,16530,2112,0,,,,,,,,,,,,3,35.71158901450833,139.777491746321,,,0,0,0,0,0,0,0,0,0,0,207,blue,18642,0,18642
83,,3810060,1,20260818,10937,1854,0,,,,,9645,1707,0,,,,,3,35.725261072361086,139.78833095668,,,0,0,0,0,0,0,0,0,0,0,207,blue,12791,11352,24143
83,,3810061,1,20260818,11236,1988,0,,,,,10077,2054,0,,,,,3,35.72724220226666,139.789181219765,,,0,0,0,0,0,0,0,0,0,0,207,blue,13224,12131,25355
83,,3810070,1,20260818,11105,2035,0,,,,,6350,1040,0,,,,,3,35.735055772282294,139.795343463609,,,0,0,0,0,0,0,0,0,0,0,207,blue,13140,7390,20530
83,,3810080,1,20260818,0,0,0,,,,,13952,2364,0,,,,,3,35.73896290498206,139.797270681572,,,0,0,0,0,0,0,0,0,0,0,207,blue,0,16316,16316
83,,3810100,1,20260818,3008,144,0,,,,,4189,213,0,,,,,3,36.53972203571964,139.883611,,,0,0,0,0,0,0,0,0,0,0,207,blue,3152,4402,7554
83,,3810110,1,20260818,11313,2293,0,,,,,1780,596,0,,,,,3,36.91694403615054,139.999722,,,0,0,0,0,0,0,0,0,0,0,207,blue,13606,2376,15982
83,,3810140,1,20260818,6568,3787,0,,,,,5459,3428,0,,,,,3,35.9900520350645,139.793529,,,0,0,0,0,0,0,0,0,0,0,207,blue,10355,8887,19242
83,,3810151,1,20260818,4261,4139,0,,,,,4985,4845,0,,,,,3,36.07984803517367,139.770041,,,0,0,0,0,0,0,0,0,0,0,207,blue,8400,9830,18230
83,,3810160,1,20260818,6646,4495,0,,,,,8571,6349,0,,,,,3,36.167500035279446,139.779444,,,0,0,0,0,0,0,0,0,0,0,207,blue,11141,14920,26061
83,,3810180,1,20260818,4106,2792,0,,,,,11073,5755,0,,,,,3,36.296506035433666,139.841547,,,0,0,0,0,0,0,0,0,0,0,207,blue,6898,16828,23726
83,,3810200,1,20260818,412,150,0,,,,,20540,6136,0,,,,,3,36.57174703575683,139.941692,,,0,0,0,0,0,0,0,0,0,0,207,blue,562,26676,27238
83,,3810210,1,20260818,13211,762,0,,,,,8,1,0,,,,,3,35.694558518577544,139.78420024258003,,,0,0,0,0,0,0,0,0,0,0,207,blue,13973,9,13982
83,,3810220,1,20260818,12886,2042,0,,,,,7884,999,0,,,,,3,35.73416286894769,139.831977693081,,,0,0,0,0,0,0,0,0,0,0,207,blue,14928,8883,23811
83,,3810230,1,20260818,2592,159,0,,,,,4665,741,0,,,,,3,35.735319871891136,139.833592336398,,,0,0,0,0,0,0,0,0,0,0,207,blue,2751,5406,8157
83,,3810260,1,20260818,,,,,,,,,,,,,,,3,35.83796603487771,139.939917,,,1,,,,,,,,,,207,blue,0,0,0
83,,3810280,1,20260818,,,,,,,,,,,,,,,3,35.895306034948405,140.059167,,,1,0,0,0,0,0,0,0,0,0,207,blue,0,0,0
83,,3810290,1,20260818,1032,536,0,,,,,9641,2606,0,,,,,3,36.06811403515946,140.179269,,,0,0,0,0,0,0,0,0,0,0,207,blue,1568,12247,13815
83,,3810300,1,20260818,8108,1992,0,,,,,8474,1449,0,,,,,3,36.078239035171734,140.177747,,,0,0,0,0,0,0,0,0,0,0,207,blue,10100,9923,20023
83,,3810320,1,20260818,1958,266,0,,,,,9393,2829,0,,,,,3,36.378875035531216,140.500661,,,0,0,0,0,0,0,0,0,0,0,207,blue,2224,12222,14446
83,,3810330,1,20260818,2420,516,0,,,,,11698,1600,0,,,,,3,36.655972035854084,140.701006,,,0,0,0,0,0,0,0,0,0,0,207,blue,2936,13298,16234
83,,3810340,1,20260818,4952,1157,0,,,,,4633,944,0,,,,,3,36.794736036012644,140.752922,,,0,0,0,0,0,0,0,0,0,0,207,blue,6109,5577,11686
83,,3810350,1,20260818,11809,2339,0,,,,,509,157,0,,,,,3,35.92645303498668,140.111775,,,0,0,0,0,0,0,0,0,0,0,207,blue,14148,666,14814
83,,3810360,1,20260818,,,,,,,,,,,,,,,3,35.694040942069805,139.789910543304,,,1,0,0,0,0,0,0,0,0,0,207,blue,0,0,0
83,,3810370,1,20260818,,,,,,,,,,,,,,,3,35.702867388707524,139.866257828687,,,1,0,0,0,0,0,0,0,0,0,207,blue,0,0,0
83,,3810380,1,20260818,,,,,,,,,,,,,,,3,35.628891034617155,140.088076,,,1,,,,,,,,,,207,blue,0,0,0
83,,3810390,1,20260818,,,,,,,,,,,,,,,3,35.62349099143046,139.737976826575,,,1,,,,,,,,,,207,blue,0,0,0
83,,3810400,1,20260818,4532,228,0,,,,,4996,165,0,,,,,3,35.263900034152,139.698397,,,0,0,0,0,0,0,0,0,0,0,207,blue,4760,5161,9921
83,,3810410,1,20260818,6277,1141,0,,,,,6567,1267,0,,,,,3,35.62304903460981,139.340292,,,0,0,0,0,0,1,0,0,0,0,207,blue,7418,7834,15252
83,,3810420,1,20260818,9082,990,0,,,,,8513,1338,0,,,,,3,35.67571003467587,139.331954,,,0,0,0,0,0,0,0,0,0,0,207,blue,10072,9851,19923
83,,3810431,1,20260818,7432,3280,0,,,,,7706,4131,0,,,,,3,35.77594403480087,139.336731,,,0,0,0,0,0,2,0,0,0,0,207,blue,10712,11837,22549
83,,3810440,1,20260818,,,,,,,,,,,,,,,3,35.82933103486704,139.380426,,,1,0,0,0,0,0,0,0,0,0,207,blue,0,0,0
83,,3810460,1,20260818,14126,3146,0,,,,,13240,3494,0,,,,,3,35.91289603497003,139.534764,,,0,0,0,0,0,0,0,0,0,0,207,blue,17272,16734,34006
83,,3810470,1,20260818,,,,,,,,8719,2846,0,,,,,3,35.92749603498795,139.591065,,,0,0,0,0,0,0,2,0,0,0,207,blue,0,11565,11565
83,,3810490,1,20260818,,,,,,,,,,,,,,,3,35.992460035067445,139.820467,,,1,,,,,,,,,,207,blue,0,0,0
83,,3810500,1,20260818,4251,889,0,,,,,6272,2034,0,,,,,3,35.79376864024429,139.685717006056,,,0,0,0,0,0,0,0,0,0,0,207,blue,5140,8306,13446
83,,3810510,1,20260818,4166,1109,0,,,,,4561,1287,0,,,,,3,35.8210620348568,139.680963,,,0,0,0,0,0,0,0,0,0,0,207,blue,5275,5848,11123
83,,3810520,1,20260818,14040,2644,0,,,,,14693,2726,0,,,,,3,35.97632603504774,139.594106,,,0,0,0,0,0,0,0,0,0,0,207,blue,16684,17419,34103
83,,3810540,1,20260818,7179,1751,0,,,,,7165,1643,0,,,,,3,36.230692035355204,139.2134,,,0,0,0,0,0,0,2,0,0,0,207,blue,8930,8808,17738
83,,3810560,1,20260818,13388,1866,0,,,,,13819,1364,0,,,,,3,36.31113903545105,139.02725,,,0,0,0,0,0,0,1,0,0,0,207,blue,15254,15183,30437
83,,3810600,1,20260818,2154,254,0,,,,,2288,419,0,,,,,3,36.68205603588405,138.968889,,,0,0,0,0,0,0,1,0,0,0,207,blue,2408,2707,5115
83,,3810610,1,20260818,14137,3832,0,,,,,,,,,,,,3,35.84803703489016,139.625615,,,0,0,0,0,0,2,3,0,0,0,207,blue,17969,0,17969
83,,3810620,1,20260818,,,,,,,,15280,3856,0,,,,,3,35.84444303488572,139.626759,,,0,0,0,0,0,2,4,0,0,0,207,blue,0,19136,19136
83,,3810670,1,20260818,11770,3299,0,,,,,12331,3691,0,,,,,3,36.35330303550101,139.215067,,,0,0,0,0,0,0,0,0,0,0,207,blue,15069,16022,31091
83,,3810710,1,20260818,5175,776,0,,,,,5979,839,0,,,,,3,36.33250003547639,138.5235,,,0,0,0,0,0,0,0,0,0,0,207,blue,5951,6818,12769
83,,3810720,1,20260818,5695,1032,0,,,,,6273,988,0,,,,,3,36.49438903566681,138.150722,,,0,0,0,0,0,0,16,0,0,0,207,blue,6727,7261,13988
83,,3810740,1,20260818,9475,1087,0,,,,,8113,721,0,,,,,3,36.65492503585288,138.23375,,,0,0,0,0,0,0,0,0,0,0,207,blue,10562,8834,19396
83,,3810750,1,20260818,9104,895,0,,,,,4109,685,0,,,,,3,36.695139035899054,138.26925,,,0,0,0,0,0,0,0,0,0,0,207,blue,9999,4794,14793
83,,3810760,1,20260818,5730,938,0,,,,,5958,1031,0,,,,,3,36.717694035924886,138.298306,,,0,0,0,0,0,0,5,0,0,0,207,blue,6668,6989,13657
83,,3810770,1,20260818,2287,561,0,,,,,2292,382,0,,,,,3,36.75032203596213,138.212264,,,0,0,0,0,0,0,0,0,0,0,207,blue,2848,2674,5522
83,,3810780,1,20260818,2661,404,0,,,,,2521,448,0,,,,,3,36.792972036010646,138.219778,,,0,0,0,0,0,0,0,0,0,0,207,blue,3065,2969,6034
83,,3810790,1,20260818,4840,653,0,,,,,4348,785,0,,,,,3,36.406417035563685,138.204417,,,0,0,0,0,0,0,2,0,0,0,207,blue,5493,5133,10626
83,,3810800,1,20260818,641,68,0,,,,,678,50,0,,,,,3,36.82044403604179,138.192306,,,0,0,0,0,0,0,1,0,0,0,207,blue,709,728,1437
83,,3810810,1,20260818,2063,272,0,,,,,1927,279,0,,,,,3,36.8368890360604,138.205542,,,0,0,0,0,0,0,0,0,0,0,207,blue,2335,2206,4541
83,,3810820,1,20260818,1836,182,0,,,,,1874,318,0,,,,,3,36.513833035689494,138.094389,,,0,0,0,0,0,0,2,0,0,0,207,blue,2018,2192,4210
83,,3810821,1,20260818,2197,328,0,,,,,2247,201,0,,,,,3,36.52786103570584,138.096722,,,0,0,0,0,0,0,5,0,0,0,207,blue,2525,2448,4973
83,,3810830,1,20260818,7854,722,0,,,,,4343,425,0,,,,,3,36.23586103536139,137.9565,,,0,0,0,0,0,0,3,0,0,0,207,blue,8576,4768,13344
83,,3810840,1,20260818,2019,585,0,,,,,2096,378,0,,,,,3,36.38313903553625,137.925722,,,0,0,0,0,0,0,1,0,0,0,207,blue,2604,2474,5078
83,,3810850,1,20260818,1340,339,0,,,,,1168,240,0,,,,,3,36.4623860356294,137.946275,,,0,0,0,0,0,0,0,0,0,0,207,blue,1679,1408,3087
83,,3810860,1,20260818,2621,522,0,,,,,2691,307,0,,,,,3,36.5884720357762,138.050889,,,0,0,0,0,0,0,8,0,0,0,207,blue,3143,2998,6141
83,,3810870,1,20260818,5945,666,0,,,,,6269,714,0,,,,,3,36.61469403580651,138.085167,,,0,0,0,0,0,0,0,0,0,0,207,blue,6611,6983,13594
83,,3810880,1,20260818,5360,1132,0,,,,,6080,945,0,,,,,3,36.615111035807,138.086528,,,0,0,0,0,0,0,2,0,0,0,207,blue,6492,7025,13517
83,,3810900,1,20260818,3284,186,0,,,,,3206,360,0,,,,,3,36.62808303582196,138.153194,,,0,0,0,0,0,0,2,0,0,0,207,blue,3470,3566,7036
83,,3810910,1,20260818,9255,486,0,,,,,10888,297,0,,,,,3,36.64626403584291,138.18197200000003,,,0,0,0,0,0,0,0,0,0,0,207,blue,9741,11185,20926
83,,3810920,1,20260818,5957,494,0,,,,,6182,319,0,,,,,3,36.648972035846036,138.193972,,,0,0,0,0,0,0,0,0,0,0,207,blue,6451,6501,12952
83,,3810930,1,20260818,3284,904,0,,,,,3562,783,0,,,,,3,36.616944035809105,138.133611,,,0,0,0,0,0,0,0,0,0,0,207,blue,4188,4345,8533
83,,3810950,1,20260818,,,,,,,,,,,,,,,3,35.67318837384892,139.663841176629,,,0,0,0,0,0,1,0,207,0,0,207,blue,0,0,0
83,,3810970,1,20260818,2304,201,0,,,,,1830,150,0,,,,,3,35.61726703460252,139.240054,,,0,0,0,0,0,0,0,0,0,0,207,blue,2505,1980,4485
83,,3810980,1,20260818,2730,443,0,,,,,2350,421,0,,,,,3,35.62000003460596,139.1275,,,0,0,0,0,0,0,0,0,0,0,207,blue,3173,2771,5944
83,,3811030,1,20260818,12795,1612,0,,,,,11609,1662,0,,,,,3,35.643889034635976,138.636389,,,0,0,0,0,0,0,0,0,0,0,207,blue,14407,13271,27678
83,,3811050,1,20260818,3147,752,0,,,,,3008,616,0,,,,,3,35.91541703497313,138.227361,,,0,0,0,0,0,0,8,0,0,0,207,blue,3899,3624,7523
83,,3811060,1,20260818,,,,,,,,,,,,,,,3,35.94028603500364,138.197875,,,1,0,0,0,0,0,3,0,0,0,207,blue,0,0,0
83,,3811070,1,20260818,5415,259,0,,,,,5268,500,0,,,,,3,36.029750035112876,138.1255,,,0,0,0,0,0,0,1,0,0,0,207,blue,5674,5768,11442
83,,3811080,1,20260818,9185,1750,0,,,,,6732,1231,0,,,,,3,36.077694035171085,138.037889,,,0,0,0,0,0,0,6,0,0,0,207,blue,10935,7963,18898
83,,3811090,1,20260818,15,0,0,,,,,5649,1691,0,,,,,3,36.12191703522454,137.959472,,,0,0,0,0,0,0,2,0,0,0,207,blue,15,7340,7355
83,,3811100,1,20260818,3943,778,0,,,,,4405,700,0,,,,,3,35.9769440350485,138.163333,,,0,0,0,0,0,0,30,0,0,0,207,blue,4721,5105,9826
83,,3811110,1,20260818,2653,1009,0,,,,,2859,1573,0,,,,,3,36.08683303518214,138.06408300000004,,,0,0,0,0,0,0,0,0,0,0,207,blue,3662,4432,8094
83,,3811121,1,20260818,,,,,,,,2467,512,0,,,,,3,35.63168503462065,139.28402,,,0,0,0,0,0,0,0,0,0,0,207,blue,0,2979,2979
83,,3811130,1,20260818,3537,515,0,,,,,3749,459,0,,,,,3,35.99511103507067,138.139278,,,0,0,0,0,0,0,0,0,0,0,207,blue,4052,4208,8260
83,,3811220,1,20260818,4786,459,0,,,,,4248,533,0,,,,,3,35.959128035026716,140.602286,,,0,0,0,0,0,0,0,0,0,0,207,blue,5245,4781,10026
83,,3811230,1,20260818,10,59,0,,,,,3460,638,0,,,,,3,35.95769703502496,140.602514,,,0,0,0,0,0,0,0,0,0,0,207,blue,69,4098,4167
83,,3811240,1,20260818,1999,528,0,,,,,2029,474,0,,,,,3,35.200928034070465,138.520986,,,0,0,0,0,0,0,0,0,0,0,207,blue,2527,2503,5030
83,,3811250,1,20260818,553,96,0,,,,,525,54,0,,,,,3,35.31250003421467,138.442011,,,0,0,0,0,0,0,0,0,0,0,207,blue,649,579,1228
83,,3811270,1,20260818,3750,895,0,,,,,4252,597,0,,,,,3,35.5316670344945,138.450278,,,0,0,0,0,0,0,0,0,0,0,207,blue,4645,4849,9494
83,,3811290,1,20260818,,,,,,,,,,,,,,,3,35.041444033862305,139.833306,,,1,,,,,,,,,,207,blue,0,0,0
83,,3811300,1,20260818,,,,,,,,,,,,,,,3,35.157361034013846,139.819,,,1,,,,,,,,,,207,blue,0,0,0
83,,3811330,1,20260818,6608,744,0,,,,,6903,487,0,,,,,3,35.53888903450364,138.885556,,,0,0,0,0,0,0,0,0,0,0,207,blue,7352,7390,14742
83,,3811340,1,20260818,5970,729,0,,,,,6407,543,0,,,,,3,35.60305603458465,138.940833,,,0,0,0,0,0,0,0,0,0,0,207,blue,6699,6950,13649
83,,3811350,1,20260818,11052,1879,0,,,,,13142,1910,0,,,,,3,35.61569396585425,139.627538019939,,,0,0,0,0,0,0,0,0,0,1,207,blue,12931,15052,27983
83,,3811360,1,20260818,10480,3273,0,,,,,12926,4252,0,,,,,3,35.48552503443597,139.460986,,,0,0,0,0,0,0,0,0,0,0,207,blue,13753,17178,30931
83,,3811370,1,20260818,4818,1620,0,,,,,3516,1483,0,,,,,3,35.35857503427389,139.075042,,,0,0,0,0,0,0,0,0,0,0,207,blue,6438,4999,11437
83,,3811390,1,20260818,17733,6949,0,,,,,,,,,,,,3,35.64686740024182,139.854860316246,,,0,0,0,0,0,0,15,0,0,0,207,blue,24682,0,24682
83,,3811401,1,20260818,24,0,0,,,,,,,,,,,,3,35.64792275306184,139.837391468126,,,0,0,0,0,0,0,0,0,0,0,207,blue,24,0,24
83,,3811410,1,20260818,7526,3654,0,,,,,,,,,,,,3,35.6321085640565,139.785108560174,,,0,0,0,0,0,0,0,0,0,0,207,blue,11180,0,11180
83,,3811411,1,20260818,,,,,,,,7353,3040,0,,,,,3,35.63193106766495,139.786372369256,,,0,0,0,0,0,0,46,0,0,0,207,blue,0,10393,10393
83,,3811420,1,20260818,,,,,,,,,,,,,,,3,35.57873713134419,139.756665501316,,,1,0,0,0,0,0,0,0,0,0,207,blue,0,0,0
83,,3811421,1,20260818,,,,,,,,5081,3500,0,,,,,3,35.573715682248654,139.759184371525,,,0,0,0,0,0,0,40,0,0,0,207,blue,0,8581,8581
83,,3811430,1,20260818,,,,,,,,,,,,,,,3,35.6138270345982,140.103045,,,1,,,,,,,,,,207,blue,0,0,0
83,,3811440,1,20260818,1280,276,0,,,,,3566,576,0,,,,,3,35.60712645223976,139.747366707275,,,0,0,0,0,0,0,0,0,0,0,207,blue,1556,4142,5698
84,,4810010,1,20260818,20340,3276,0,,,,,18744,2925,0,,,,,3,37.9300000372281,139.134722,,,0,0,0,0,0,0,0,0,0,3,207,blue,23616,21669,45285
84,,4810020,1,20260818,17559,3030,0,,,,,14239,2517,0,,,,,3,37.95278103725094,139.213611,,,0,0,0,0,0,0,0,0,0,0,207,blue,20589,16756,37345
84,,4810040,1,20260818,7623,653,0,,,,,6747,668,0,,,,,3,37.96305603726123,139.3275,,,0,0,0,0,0,0,0,0,0,0,207,blue,8276,7415,15691
84,,4810060,1,20260818,2369,272,0,,,,,2444,413,0,,,,,3,38.2550360375481,139.501792,,,0,0,0,0,0,0,0,0,0,0,207,blue,2641,2857,5498
84,,4810070,1,20260818,3322,1250,0,,,,,3483,770,0,,,,,3,38.28200003757407,139.521444,,,0,0,0,0,0,0,0,0,0,0,207,blue,4572,4253,8825
84,,4810080,1,20260818,1726,864,0,,,,,1635,628,0,,,,,3,38.374925037662884,139.556342,,,0,0,0,0,0,0,0,0,0,0,207,blue,2590,2263,4853
84,,4810090,1,20260818,9565,2013,0,,,,,7984,1968,0,,,,,3,37.5351670368223,138.881569,,,0,0,0,0,0,0,0,0,0,2,207,blue,11578,9952,21530
84,,4810100,1,20260818,9512,1722,0,,,,,11129,1802,0,,,,,3,37.473639036757405,138.880583,,,0,0,0,0,0,0,0,0,0,2,207,blue,11234,12931,24165
84,,4810110,1,20260818,,,,,,,,,,,,,,,3,37.459033036741936,138.856414,,,1,0,0,0,0,0,0,0,0,1,207,blue,0,0,0
84,,4810120,1,20260818,11944,784,0,,,,,12918,940,0,,,,,3,37.462169036745266,138.845592,,,0,0,0,0,0,0,0,0,0,1,207,blue,12728,13858,26586
84,,4810130,1,20260818,7527,693,0,,,,,7861,647,0,,,,,3,37.44445303672647,138.785889,,,0,0,0,0,0,0,0,0,0,12,207,blue,8220,8508,16728
84,,4810140,1,20260818,4602,767,0,,,,,3972,703,0,,,,,3,37.44069403672249,138.740364,,,0,0,0,0,0,1,1,0,0,5,207,blue,5369,4675,10044
84,,4810150,1,20260818,2736,612,0,,,,,2529,597,0,,,,,3,37.41229403669227,138.674192,,,0,0,0,0,0,0,0,0,0,12,207,blue,3348,3126,6474
84,,4810160,1,20260818,4191,887,0,,,,,3649,1015,0,,,,,3,37.23896903650589,138.343486,,,0,0,0,0,0,0,0,0,0,0,207,blue,5078,4664,9742
84,,4810170,1,20260818,,,,,,,,,,,,,,,3,37.18690003644924,138.272953,,,1,0,0,0,0,0,0,0,0,1,207,blue,0,0,0
84,,4810180,1,20260818,8544,1395,0,,,,,9659,1127,0,,,,,3,37.17543303643671,138.266805,,,0,0,0,0,0,0,0,0,0,0,207,blue,9939,10786,20725
84,,4810190,1,20260818,9451,1184,0,,,,,11043,1146,0,,,,,3,37.1623530364224,138.247561,,,0,0,0,0,0,0,0,0,0,1,207,blue,10635,12189,22824
84,,4810200,1,20260818,3187,812,0,,,,,3134,740,0,,,,,3,37.105891036360454,137.990565,,,0,0,0,0,0,0,0,0,0,2,207,blue,3999,3874,7873
84,,4810210,1,20260818,3949,935,0,,,,,3573,675,0,,,,,3,37.08795603634071,137.96033,,,0,0,0,0,0,0,0,0,0,0,207,blue,4884,4248,9132
84,,4810220,1,20260818,3129,655,0,,,,,3285,537,0,,,,,3,37.057208036306754,137.905455,,,0,0,0,0,0,0,0,0,0,0,207,blue,3784,3822,7606
84,,4810230,1,20260818,2632,727,0,,,,,3027,650,0,,,,,3,37.050899036299775,137.885459,,,0,0,0,0,0,0,0,0,0,0,207,blue,3359,3677,7036
84,,4810250,1,20260818,1425,198,0,,,,,956,72,0,,,,,3,37.05093203629982,137.890368,,,0,0,0,0,0,0,0,0,0,0,207,blue,1623,1028,2651
84,,4810260,1,20260818,3750,903,0,,,,,4252,710,0,,,,,3,36.9856190362273,138.808078,,,0,0,0,0,0,0,0,0,0,11,207,blue,4653,4962,9615
84,,4810270,1,20260818,3981,772,0,,,,,3912,596,0,,,,,3,37.24858103651632,138.916575,,,0,0,0,0,0,0,0,0,0,2,207,blue,4753,4508,9261
84,,4810280,1,20260818,1440,341,0,,,,,1485,273,0,,,,,3,37.17036103643117,138.942139,,,0,0,0,0,0,0,0,0,0,1,207,blue,1781,1758,3539
84,,4810290,1,20260818,5542,908,0,,,,,5869,891,0,,,,,3,37.07683703632844,138.265595,,,0,0,0,0,0,0,0,0,0,4,207,blue,6450,6760,13210
84,,4810300,1,20260818,632,282,0,,,,,668,233,0,,,,,3,37.66361103695634,139.536806,,,0,0,0,0,0,0,0,0,0,1,207,blue,914,901,1815
84,,4810310,1,20260818,6637,1049,0,,,,,6188,769,0,,,,,3,37.84055603713779,139.147778,,,0,0,0,0,0,0,0,0,0,0,207,blue,7686,6957,14643
84,,4810330,1,20260818,28267,2432,0,,,,,22983,2405,0,,,,,3,37.8978060371957,139.070722,,,0,0,0,0,0,0,0,0,0,0,207,blue,30699,25388,56087
84,,4810340,1,20260818,1304,457,0,,,,,1257,457,0,,,,,3,37.563464036852,138.734306,,,0,0,0,0,0,1,1,0,0,18,207,blue,1761,1714,3475
84,,4810350,1,20260818,4093,827,0,,,,,3985,861,0,,,,,3,37.61757803690852,138.825033,,,0,0,0,0,0,0,0,0,0,11,207,blue,4920,4846,9766
84,,4810360,1,20260818,5859,1251,0,,,,,6796,1345,0,,,,,3,37.690358036984,138.885919,,,0,0,0,0,0,0,0,0,0,0,207,blue,7110,8141,15251
84,,4810370,1,20260818,6820,1087,0,,,,,6912,1105,0,,,,,3,37.8052690371019,138.92235,,,0,0,0,0,0,0,0,0,0,1,207,blue,7907,8017,15924
84,,4810380,1,20260818,14333,1589,0,,,,,11971,1489,0,,,,,3,37.86309703716064,138.981,,,0,0,0,0,0,0,0,0,0,0,207,blue,15922,13460,29382
84,,4810395,1,20260818,,,,,,,,,,,,,,,3,36.691540505894935,136.9116223,,,1,,,,0,11,,,0,0,207,blue,0,0,0
84,,4810406,1,20260818,3321,760,31,,,,,3893,795,75,,,,,3,36.89660103612769,137.444677,,,0,,,,0,3,,,0,0,207,blue,4112,4763,8875
84,,4810410,1,20260818,5441,558,0,,,,,6348,362,0,,,,,3,36.816442036037266,137.41630300000003,,,0,0,0,0,0,70,70,0,0,0,207,blue,5999,6710,12709
84,,4810420,1,20260818,7576,1121,0,,,,,7336,1111,0,,,,,3,36.718606035925916,137.303914,,,0,0,0,0,0,65,65,0,0,5,207,blue,8697,8447,17144
84,,4810430,1,20260818,6300,961,0,,,,,5707,847,0,,,,,3,36.71795303592518,137.279328,,,0,0,0,0,0,75,75,0,0,14,207,blue,7261,6554,13815
84,,4810440,1,20260818,225,46,0,,,,,63,54,0,,,,,3,36.72027203592783,137.263083,,,1,0,0,0,0,15,15,0,0,2,207,blue,271,117,388
84,,4810445,1,20260818,12892,2440,16,,,,,12608,2162,134,,,,,3,36.73017862593915,137.18171158,,,0,,,,0,3,,,0,0,207,blue,15348,14904,30252
84,,4810447,1,20260818,8162,1370,38,,,,,9680,1337,74,,,,,3,36.72863947593739,137.12486156,,,0,,,,0,1,,,0,0,207,blue,9570,11091,20661
84,,4810454,1,20260818,9438,995,558,,,,,11097,882,1,,,,,3,36.744673195955684,136.99179584,,,0,,,,0,2,,,0,0,207,blue,10991,11980,22971
84,,4810460,1,20260818,,,,,,,,,,,,,,,3,36.68745003589023,136.855675,,,1,0,0,0,0,69,69,0,0,9,207,blue,0,0,0
84,,4810462,1,20260818,1622,390,0,,,,,534,25,0,,,,,3,36.525710035703334,137.22999,,,0,,,,0,19,,,0,0,207,blue,2012,559,2571
84,,4810463,1,20260818,2234,454,154,,,,,2510,415,93,,,,,3,36.53609652571542,137.23114399,,,0,,,,0,10,,,0,0,207,blue,2842,3018,5860
84,,4810470,1,20260818,,,,,,,,,,,,,,,3,36.69575603589977,137.237889,,,1,0,0,0,0,0,0,0,0,0,207,blue,0,0,0
84,,4810480,1,20260818,759,20,0,,,,,808,29,0,,,,,3,36.580522035767004,136.965706,,,1,0,0,0,0,63,63,0,0,0,207,blue,779,837,1616
84,,4810485,1,20260818,2211,32,15,,,,,2306,46,7,,,,,3,36.68510836918755,136.9765361111,,,1,,,,0,2,,,0,0,207,blue,2258,2359,4617
84,,4810490,1,20260818,3003,68,0,,,,,3482,81,0,,,,,3,36.74530803595641,137.01085,,,0,0,0,0,0,61,61,0,0,1,207,blue,3071,3563,6634
84,,4810500,1,20260818,383,57,0,,,,,131,17,0,,,,,3,36.91246103614551,137.019489,,,0,0,0,0,0,142,142,0,0,1,207,blue,440,148,588
84,,4810510,1,20260818,,,,,,,,,,,,,,,3,36.84943603607457,136.97895,,,1,,,,,,,,,,207,blue,0,0,0
84,,4810530,1,20260818,13963,1749,0,,,,,15419,2102,0,,,,,3,36.44611103561032,136.488056,,,0,0,0,0,0,0,0,0,0,0,207,blue,15712,17521,33233
84,,4810550,1,20260818,6638,1184,0,,,,,5994,1248,0,,,,,3,36.32672203546954,136.41169500000004,,,0,0,0,0,0,2,2,0,0,8,207,blue,7822,7242,15064
84,,4810570,1,20260818,9557,962,0,,,,,9623,729,0,,,,,3,36.571667035756725,136.655556,,,0,0,0,0,0,0,0,0,0,7,207,blue,10519,10352,20871
84,,4810580,1,20260818,9258,352,0,,,,,3298,84,0,,,,,3,36.54430803572498,136.640516,,,0,0,0,0,0,0,0,0,0,6,207,blue,9610,3382,12992
84,,4810590,1,20260818,13816,303,0,,,,,14501,342,0,,,,,3,36.54061903572069,136.623128,,,0,0,0,0,0,0,0,0,0,1,207,blue,14119,14843,28962
84,,4810600,1,20260818,4021,323,0,,,,,4428,318,0,,,,,3,37.04041903628817,136.969305,,,0,0,0,0,0,0,0,0,0,0,207,blue,4344,4746,9090
84,,4810610,1,20260818,,,,,,,,,,,,,,,3,36.90469303613679,136.830093,,,1,,,,,,,,,,207,blue,0,0,0
84,,4810620,1,20260818,1534,123,0,,,,,1465,154,0,,,,,3,36.86972803609746,136.79694700000002,,,0,0,0,0,0,0,0,0,0,0,207,blue,1657,1619,3276
84,,4810630,1,20260818,8827,115,0,,,,,5535,59,0,,,,,3,36.560782035744104,136.677711,,,0,0,0,0,0,0,0,0,0,0,207,blue,8942,5594,14536
85,22,5810060,1,20260818,1569,667,,,,,,1168,529,,,,,,3,34.90554603368308,138.270337,,,0,,0,,0,0,0,0,,0,207,blue,2236,1697,3933
85,22,5810080,1,20260818,3602,1482,,,,,,8404,2856,,,,,,3,34.84454203360207,138.151981,,,0,,0,,0,0,0,0,,0,207,blue,5084,11260,16344
85,22,5810090,1,20260818,7019,2422,,,,,,6872,2271,,,,,,3,34.78638703352455,138.050184,,,0,,0,,0,0,0,0,,0,207,blue,9441,9143,18584
85,22,5810110,1,20260818,24780,6550,,,,,,21069,5181,,,,,,3,34.76273603349293,137.969553,,,0,,0,,0,0,0,0,,0,207,blue,31330,26250,57580
85,23,5810190,1,20260818,4709,962,,,,,,5654,731,,,,,,3,35.11388803395716,136.734972,,,0,,0,,0,0,0,0,,0,207,blue,5671,6385,12056
85,24,5810210,1,20260818,4548,1973,,,,,,3928,2104,,,,,,3,34.86311003362677,136.47097,,,0,,0,,0,0,0,0,,0,207,blue,6521,6032,12553
85,21,5810280,1,20260818,10500,1066,,,,,,9019,786,,,,,,3,35.365972034283374,137.22477800000001,,,0,,0,,0,0,0,0,,0,207,blue,11566,9805,21371
85,21,5810330,1,20260818,9093,1079,,,,,,9048,1352,,,,,,3,35.44925903438983,137.419698,,,0,,0,,0,0,0,0,,0,207,blue,10172,10400,20572
85,21,5810340,1,20260818,7539,722,,,,,,6786,1442,,,,,,3,35.45966703440309,137.442028,,,0,,0,,0,0,0,0,,0,207,blue,8261,8228,16489
85,21,5810350,1,20260818,4211,1031,,,,,,15367,2289,,,,,,3,35.51200003446958,137.521639,,,0,,0,,0,0,0,0,,0,207,blue,5242,17656,22898
85,21,5810360,1,20260818,2873,980,,,,,,2433,1055,,,,,,3,35.581250034557165,137.537222,,,0,,0,,0,0,0,0,,0,207,blue,3853,3488,7341
85,21,5810370,1,20260818,3638,687,,,,,,3282,1069,,,,,,3,35.81618803485076,137.683244,,,0,,0,,0,0,0,0,,0,207,blue,4325,4351,8676
85,21,5810380,1,20260818,2677,1023,,,,,,2912,1102,,,,,,3,35.91502403497266,137.77069,,,0,,0,,0,0,0,0,,0,207,blue,3700,4014,7714
85,21,5810390,1,20260818,1978,885,,,,,,1779,710,,,,,,3,35.93471103499681,137.786917,,,0,,0,,0,0,0,0,,0,207,blue,2863,2489,5352
85,21,5810420,1,20260818,3653,935,,,,,,2959,802,,,,,,3,35.37572803429589,137.190676,,,0,,0,,0,0,0,0,,0,207,blue,4588,3761,8349
85,21,5810440,1,20260818,2901,707,,,,,,3428,573,,,,,,3,35.426917034361345,137.132361,,,0,,0,,0,0,0,0,,0,207,blue,3608,4001,7609
85,21,5810470,1,20260818,5670,775,,,,,,5591,796,,,,,,3,35.418612034350744,136.946394,,,0,,0,,0,0,0,0,,0,207,blue,6445,6387,12832
85,21,5810510,1,20260818,1734,364,,,,,,1649,227,,,,,,3,35.37112003428997,136.453326,,,0,,0,,0,0,0,0,,0,207,blue,2098,1876,3974
85,23,5810530,1,20260818,7890,3652,,,,,,6839,2385,,,,,,3,34.696128033403625,137.40686,,,0,,0,,0,0,0,0,,0,207,blue,11542,9224,20766
85,23,5810570,1,20260818,7787,2786,,,,,,7850,3402,,,,,,3,34.84938803360853,137.221222,,,0,,0,,0,0,0,0,,0,207,blue,10573,11252,21825
85,23,5810580,1,20260818,9099,4461,,,,,,16,8,,,,,,3,34.84869403360759,137.197416,,,0,,0,,0,0,0,0,,0,207,blue,13560,24,13584
85,23,5810620,1,20260818,15050,6302,,,,,,13205,6147,,,,,,3,35.10119403394058,136.86925,,,0,,0,,0,0,0,0,,0,207,blue,21352,19352,40704
85,24,5810670,1,20260818,10881,1110,,,,,,11419,1166,,,,,,3,34.65002003334157,136.51956,,,0,,0,,0,0,0,0,,0,207,blue,11991,12585,24576
85,24,5810680,1,20260818,8389,1904,,,,,,9233,1239,,,,,,3,34.71907003343443,136.4716,,,0,,0,,0,0,0,0,,0,207,blue,10293,10472,20765
85,24,5810690,1,20260818,10008,1723,,,,,,9698,1720,,,,,,3,34.64712003333765,136.49449,,,0,,0,,0,0,0,0,,0,207,blue,11731,11418,23149
85,24,5810700,1,20260818,7354,4910,,,,,,7884,6552,,,,,,3,34.850220033609624,136.416645,,,0,,0,,0,0,0,0,,0,207,blue,12264,14436,26700
85,24,5810730,1,20260818,11626,8973,,,,,,12426,7125,,,,,,3,34.62822503331218,135.986212,,,0,,0,,0,0,0,0,,0,207,blue,20599,19551,40150
85,21,5810760,1,20260818,2743,538,,,,,,2929,454,,,,,,3,35.55276203452119,137.177488,,,0,,0,,0,0,0,0,,0,207,blue,3281,3383,6664
85,21,5810770,1,20260818,1104,241,,,,,,1121,228,,,,,,3,35.64602003463866,137.169715,,,0,,0,,0,0,0,0,,0,207,blue,1345,1349,2694
85,21,5810780,1,20260818,2130,395,,,,,,2219,465,,,,,,3,35.667031034665,137.162564,,,0,,0,,0,0,0,0,,0,207,blue,2525,2684,5209
85,21,5810790,1,20260818,1837,492,,,,,,1610,371,,,,,,3,35.74291003475978,137.208481,,,0,,0,,0,0,0,0,,0,207,blue,2329,1981,4310
85,21,5810800,1,20260818,1915,698,,,,,,1821,616,,,,,,3,35.77947703480525,137.252586,,,0,,0,,0,0,0,0,,0,207,blue,2613,2437,5050
85,21,5810810,1,20260818,3578,740,,,,,,3711,792,,,,,,3,35.83471903487371,137.232014,,,0,,0,,0,0,0,0,,0,207,blue,4318,4503,8821
85,21,5810830,1,20260818,695,134,,,,,,2130,490,,,,,,3,36.02357503510535,137.294767,,,0,,0,,0,0,0,0,,0,207,blue,829,2620,3449
85,21,5810840,1,20260818,4742,229,,,,,,4381,561,,,,,,3,36.10871303520861,137.266233,,,0,,0,,0,0,0,0,,0,207,blue,4971,4942,9913
85,21,5810850,1,20260818,6070,880,,,,,,5126,525,,,,,,3,36.12373303522673,137.258932,,,0,,0,,0,0,0,0,,0,207,blue,6950,5651,12601
85,21,5810860,1,20260818,1709,458,,,,,,1766,667,,,,,,3,36.25072803537914,137.162845,,,0,,0,,0,0,0,0,,0,207,blue,2167,2433,4600
85,21,5810880,1,20260818,1149,230,,,,,,910,198,,,,,,3,36.31423303545473,137.259675,,,0,,0,,0,0,0,0,,0,207,blue,1379,1108,2487
85,24,5810890,1,20260818,3011,333,,,,,,3076,503,,,,,,3,34.407524733012174,136.4423714,,,0,,0,,0,0,0,0,,0,207,blue,3344,3579,6923
85,24,5810900,1,20260818,1140,193,,,,,,1120,88,,,,,,3,34.1617406326732,136.2779067,,,0,,0,,0,0,0,0,,0,207,blue,1333,1208,2541
85,24,5810920,1,20260818,1922,289,,,,,,1668,299,,,,,,3,34.05028613251784,136.1958331,,,0,,0,,0,0,0,0,,0,207,blue,2211,1967,4178
85,24,5810930,1,20260818,291,13,,,,,,224,30,,,,,,3,33.98629813242818,136.1080803,,,0,,0,,0,0,0,0,,0,207,blue,304,254,558
85,24,5810940,1,20260818,854,344,,,,,,793,184,,,,,,3,33.93298113235323,136.0940822,,,0,,0,,0,0,0,0,,0,207,blue,1198,977,2175
85,24,5810960,1,20260818,3732,559,,,,,,2314,363,,,,,,3,34.00152563244955,136.1851117,,,0,,0,,0,0,0,0,,0,207,blue,4291,2677,6968
85,24,5810970,1,20260818,3404,424,,,,,,2053,350,,,,,,3,33.942137832366114,136.1524581,,,0,,0,,0,0,0,0,,0,207,blue,3828,2403,6231
85,24,5810980,1,20260818,3792,483,,,,,,2420,377,,,,,,3,33.92889863234747,136.1381858,,,0,,0,,0,0,0,0,,0,207,blue,4275,2797,7072
85,24,5810990,1,20260818,3062,200,,,,,,2406,304,,,,,,3,33.74057583208088,135.9955167,,,0,,0,,0,0,0,0,,0,207,blue,3262,2710,5972
85,24,5811000,1,20260818,4858,608,,,,,,3193,625,,,,,,1,34.10420863259313,136.1948133,,,0,,0,,0,0,0,0,,0,207,blue,5466,3818,9284
85,22,5811020,1,20260818,1568,457,,,,,,1199,731,,,,,,3,35.15084103400535,138.522379,,,0,,0,,0,0,0,0,,0,207,blue,2025,1930,3955
85,22,5811030,1,20260818,1348,326,,,,,,1032,432,,,,,,3,35.15470103401037,138.520314,,,0,,0,,0,0,0,0,,0,207,blue,1674,1464,3138
85,22,5811040,1,20260818,,,,,,,,,,,,,,,3,35.19272303405982,138.529894,,,1,,0,,0,0,0,0,,1,207,blue,0,0,0
85,22,5811050,1,20260818,2591,410,,,,,,3325,263,,,,,,3,35.37095103428976,138.860418,,,0,,0,,0,0,0,0,,0,207,blue,3001,3588,6589
85,23,5811110,1,20260818,3168,488,,,,,,837,261,,,,,,3,35.135027033984734,137.309194,,,0,,0,,0,1,1,0,,0,207,blue,3656,1098,4754
85,23,5811120,1,20260818,2371,501,,,,,,1974,369,,,,,,3,35.149777034003954,137.332722,,,0,,0,,0,0,0,0,,0,207,blue,2872,2343,5215
85,23,5811130,1,20260818,1370,697,,,,,,1603,212,,,,,,3,35.1700830340304,137.406805,,,0,,0,,0,0,0,0,,0,207,blue,2067,1815,3882
85,23,5811140,1,20260818,819,240,,,,,,806,159,,,,,,3,35.221388034097004,137.524166,,,0,,0,,0,0,0,0,,0,207,blue,1059,965,2024
85,21,5811150,1,20260818,3309,475,,,,,,2761,583,,,,,,3,35.46219703440631,137.756093,,,0,,0,,0,0,0,0,,0,207,blue,3784,3344,7128
85,21,5811160,1,20260818,3943,602,,,,,,3271,499,,,,,,3,35.50206103445697,137.792544,,,0,,0,,0,0,0,0,,0,207,blue,4545,3770,8315
85,23,5811170,1,20260818,2485,542,,,,,,2515,602,,,,,,3,35.21055503408296,137.106666,,,0,,0,,0,0,0,0,,0,207,blue,3027,3117,6144
85,21,5811190,1,20260818,3422,453,,,,,,2924,324,,,,,,3,35.601941034583234,136.937212,,,0,,0,,0,0,0,0,,0,207,blue,3875,3248,7123
85,21,5811230,1,20260818,3589,506,,,,,,2986,486,,,,,,3,36.13868903524477,137.164639,,,0,,0,,0,0,0,0,,0,207,blue,4095,3472,7567
85,21,5811240,1,20260818,2083,304,,,,,,1287,193,,,,,,3,36.16135703527206,137.222749,,,0,,0,,0,0,0,0,,0,207,blue,2387,1480,3867
85,22,5811250,1,20260818,1341,301,,,,,,4830,1024,,,,,,3,35.312573034214765,138.927446,,,0,,0,,0,0,0,0,,0,207,blue,1642,5854,7496
85,21,5811270,1,20260818,,,,,,,,,,,,,,,3,35.23023303410846,136.596679,,,1,,0,,0,0,0,0,,0,207,blue,0,0,0
85,21,5811330,1,20260818,955,349,,,,,,1111,292,,,,,,3,35.46731303441282,137.78409,,,0,,0,,0,0,0,0,,0,207,blue,1304,1403,2707
86,,6810010,1,20260818,1609,1251,,,,,,1613,931,,,,,,3,34.89694403367168,136.336111,,,0,,0,,0,0,0,0,,0,207,blue,2860,2544,5404
86,,6810020,1,20260818,,,,,,,,,,,,,,,3,34.97777803377855,135.901667,,,1,,0,,0,0,0,0,,0,207,blue,0,0,0
86,,6810030,1,20260818,,,,,,,,,,,,,,,3,35.00527803381478,136.094722,,,1,,0,,0,207,207,0,,0,207,blue,0,0,0
86,,6810060,1,20260818,0,0,,,,,,13057,1951,,,,,,3,34.986389033789905,135.75305600000002,,,0,,0,,0,14,14,0,,0,207,blue,0,15008,15008
86,,6810089,1,20260818,,,,,,,,,,,,,,,3,34.978118033779,135.908546,,,1,,0,,0,0,0,0,,0,207,blue,0,0,0
86,,6810090,1,20260818,3129,1053,,,,,,0,0,,,,,,3,34.83138903358458,135.72305600000004,,,0,,0,,0,0,0,0,,0,207,blue,4182,0,4182
86,,6810100,1,20260818,0,0,,,,,,3404,927,,,,,,3,34.83138903358458,135.723889,,,0,,0,,0,0,0,0,,0,207,blue,0,4331,4331
86,,6810105,1,20260818,,,,,,,,,,,,,,,3,34.71411113342777,135.4489722,,,0,,0,,0,0,0,0,,207,207,blue,0,0,0
86,,6810111,1,20260818,,,,,,,,,,,,,,,3,34.6429970333321,135.019846,,,0,,0,,0,0,0,0,,207,207,blue,0,0,0
86,,6810130,1,20260818,,,,,,,,,,,,,,,3,34.842500033599364,134.330556,,,0,,0,,0,0,0,0,,207,207,blue,0,0,0
86,,6810135,1,20260818,3620,1047,,,,,,3480,935,,,,,,3,36.18333336529846,136.26777780000003,,,0,,0,,0,0,0,0,,0,207,blue,4667,4415,9082
86,,6810140,1,20260818,8503,1804,,,,,,7183,2155,,,,,,3,36.14305603525003,136.263889,,,0,,0,,0,0,0,0,,0,207,blue,10307,9338,19645
86,,6810150,1,20260818,,,,,,,,,,,,,,,3,36.0772220351705,136.244444,,,1,,0,,0,0,0,0,,0,207,blue,0,0,0
86,,6810160,1,20260818,9880,2661,,,,,,10564,2650,,,,,,3,36.02444403510641,136.218333,,,0,,0,,0,0,0,0,,0,207,blue,12541,13214,25755
86,,6810165,1,20260818,9922,1153,,,,,,8028,974,,,,,,3,35.980555595052905,136.1958333,,,0,,0,,0,0,0,0,,0,207,blue,11075,9002,20077
86,,6810170,1,20260818,11077,1516,,,,,,10596,657,,,,,,3,35.95555603502233,136.188889,,,0,,0,,0,0,0,0,,0,207,blue,12593,11253,23846
86,,6810180,1,20260818,4959,1366,,,,,,4419,895,,,,,,3,35.878333034927515,136.169444,,,0,,0,,0,0,0,0,,0,207,blue,6325,5314,11639
86,,6810190,1,20260818,,,,,,,,,,,,,,,3,35.719444034730536,136.094722,,,1,,0,,0,0,0,0,,0,207,blue,0,0,0
86,,6810200,1,20260818,1211,154,,,,,,1116,177,,,,,,3,35.66555603466316,136.083056,,,0,,0,,0,0,0,0,,0,207,blue,1365,1293,2658
86,,6810220,1,20260818,1341,590,,,,,,1584,526,,,,,,3,35.60416703458605,136.107222,,,0,,0,,0,0,0,0,,0,207,blue,1931,2110,4041
86,,6810230,1,20260818,749,901,,,,,,1326,595,,,,,,3,35.57603003455058,136.122756,,,0,,0,,0,0,0,0,,0,207,blue,1650,1921,3571
86,,6810240,1,20260818,3788,1189,,,,,,3392,1035,,,,,,3,35.512778034470564,136.173333,,,0,,0,,0,0,0,0,,0,207,blue,4977,4427,9404
86,,6810241,1,20260818,2997,905,,,,,,2052,1332,,,,,,3,35.4322160343681,136.245092,,,0,,0,,0,0,0,0,,0,207,blue,3902,3384,7286
86,,6810250,1,20260818,6256,1677,,,,,,6580,1673,,,,,,3,35.27555603416706,136.269444,,,0,,0,,0,0,0,0,,0,207,blue,7933,8253,16186
86,,6810260,1,20260818,4881,1381,,,,,,4789,1313,,,,,,3,35.11611103396005,136.128333,,,0,,0,,0,0,0,0,,0,207,blue,6262,6102,12364
86,,6810270,1,20260818,5757,1313,,,,,,5514,1643,,,,,,3,35.091944033928485,136.089722,,,0,,0,,0,0,0,0,,0,207,blue,7070,7157,14227
86,,6810280,1,20260818,132,27,,,,,,1272,615,,,,,,3,35.66000003465618,136.084722,,,0,,0,,0,0,0,0,,0,207,blue,159,1887,2046
86,,6810290,1,20260818,9186,2010,,,,,,13602,1611,,,,,,3,34.996111033802705,135.722222,,,0,,0,,0,0,0,0,,0,207,blue,11196,15213,26409
86,,6810300,1,20260818,0,0,,,,,,1416,182,,,,,,3,34.981944033784046,135.693056,,,0,,0,,0,0,0,0,,0,207,blue,0,1598,1598
86,,6810310,1,20260818,9807,1296,,,,,,0,0,,,,,,3,34.981944033784046,135.692917,,,0,,0,,0,0,0,0,,0,207,blue,11103,0,11103
86,,6810320,1,20260818,1540,288,,,,,,1371,292,,,,,,3,34.992500033797945,135.64750000000004,,,0,,0,,0,0,0,0,,0,207,blue,1828,1663,3491
86,,6810330,1,20260818,6730,969,,,,,,8174,1014,,,,,,3,34.989722033794294,135.636667,,,0,,0,,0,0,0,0,,0,207,blue,7699,9188,16887
86,,6810335,1,20260818,5539,937,,,,,,4880,670,,,,,,3,35.488936034440314,135.756215,,,0,,0,,0,0,0,0,,0,207,blue,6476,5550,12026
86,,6810340,1,20260818,465,29,,,,,,744,141,,,,,,3,35.12222203396803,135.439444,,,0,,0,,0,0,0,0,,0,207,blue,494,885,1379
86,,6810343,1,20260818,,,,,,,,,,,,,,,3,35.18777781405339,135.3219444,,,1,,0,,0,0,0,0,,0,207,blue,0,0,0
86,,6810344,1,20260818,2745,661,,,,,,3164,861,,,,,,3,35.24583336412865,135.2161111,,,0,,0,,0,0,0,0,,0,207,blue,3406,4025,7431
86,,6810346,1,20260818,,,,,,,,,,,,,,,3,35.28305559417674,135.1777778,,,0,,0,,0,0,0,0,,207,207,blue,0,0,0
86,,6810348,1,20260818,5992,1153,,,,,,5132,1196,,,,,,3,35.3139820342166,135.101491,,,0,,0,,0,0,0,0,,0,207,blue,7145,6328,13473
86,,6810360,1,20260818,,,,,,,,,,,,,,,3,35.333611034241834,134.917222,,,0,,0,,0,0,0,0,,207,207,blue,0,0,0
86,,6810365,1,20260818,3213,1063,,,,,,3221,809,,,,,,3,36.25913403538918,136.286774,,,0,,0,,0,0,0,0,,0,207,blue,4276,4030,8306
86,,6810370,1,20260818,,,,,,,,,,,,,,,3,35.38305603430526,134.671667,,,0,,0,,0,0,0,0,,207,207,blue,0,0,0
86,,6810390,1,20260818,,,,,,,,,,,,,,,3,35.48083303443001,134.585278,,,0,,0,,0,0,0,0,,207,207,blue,0,0,0
86,,6810400,1,20260818,,,,,,,,,,,,,,,3,35.50388903445929,134.533889,,,0,,0,,0,0,0,0,,207,207,blue,0,0,0
86,,6810410,1,20260818,,,,,,,,,,,,,,,3,35.5247220344857,134.4275,,,0,,0,,0,0,0,0,,207,207,blue,0,0,0
86,,6810420,1,20260818,3300,1070,,,,,,3175,976,,,,,,3,35.33111103423862,136.352222,,,0,,0,,0,0,0,0,,0,207,blue,4370,4151,8521
86,,6810450,1,20260818,5240,254,,,,,,3040,111,,,,,,3,34.229683032767404,135.169164,,,0,,0,,0,0,0,0,,0,207,blue,5494,3151,8645
86,,6810492,1,20260818,,,,,,,,,,,,,,,3,34.5749167332401,135.6647778,,,0,,0,,0,0,0,0,,207,207,blue,0,0,0
86,,6810500,1,20260818,,,,,,,,,,,,,,,3,34.58000003324698,135.466581,,,1,,0,,0,0,0,0,,0,207,blue,0,0,0
86,,6810510,1,20260818,,,,,,,,,,,,,,,3,34.5797220332466,135.466581,,,1,,0,,0,0,0,0,,0,207,blue,0,0,0
86,,6810540,1,20260818,,,,,,,,,,,,,,,3,34.36000003294702,135.269444,,,1,,0,,0,0,0,0,,0,207,blue,0,0,0
86,,6810550,1,20260818,,,,,,,,,,,,,,,3,34.32270003289575,135.19756,,,1,,0,,0,0,0,0,,0,207,blue,0,0,0
86,,6810551,1,20260818,7577,1556,,,,,,7041,1047,,,,,,3,34.32488893289876,135.1913056,,,0,,0,,0,0,0,0,,0,207,blue,9133,8088,17221
86,,6810552,1,20260818,,,,,,,,,,,,,,,3,34.31283333288218,135.1605,,,0,,0,,0,0,0,0,,207,207,blue,0,0,0
86,,6810560,1,20260818,,,,,,,,,,,,,,,3,34.24805603279281,135.175,,,1,,0,,0,0,0,0,,0,207,blue,0,0,0
86,,6810580,1,20260818,6022,544,,,,,,4506,600,,,,,,3,35.633611034623065,136.021389,,,0,,0,,0,0,0,0,,0,207,blue,6566,5106,11672
86,,6810590,1,20260818,2647,535,,,,,,2999,444,,,,,,3,35.58083303455663,135.910417,,,0,,0,,0,0,0,0,,0,207,blue,3182,3443,6625
86,,6810610,1,20260818,3062,704,,,,,,2765,598,,,,,,3,35.469444034415524,135.825,,,0,,0,,0,0,0,0,,0,207,blue,3766,3363,7129
86,,6810620,1,20260818,3582,281,,,,,,3398,643,,,,,,3,35.483056034432835,135.666111,,,0,,0,,0,0,0,0,,0,207,blue,3863,4041,7904
86,,6810630,1,20260818,3138,626,,,,,,2747,481,,,,,,3,35.48805603443919,135.595833,,,0,,0,,0,0,0,0,,0,207,blue,3764,3228,6992
86,,6810660,1,20260818,3504,803,,,,,,3303,663,,,,,,3,35.48083303443001,135.421389,,,0,,0,,0,0,0,0,,0,207,blue,4307,3966,8273
86,,6810667,1,20260818,,,,,,,,,,,,,,,3,35.46027781440387,135.3566667,,,0,,0,,0,0,0,0,,207,207,blue,0,0,0
86,,6810670,1,20260818,3120,607,,,,,,2195,551,,,,,,3,35.414167034345056,135.333056,,,0,,0,,0,0,0,0,,0,207,blue,3727,2746,6473
86,,6810671,1,20260818,,,,,,,,,,,,,,,3,35.37888892429992,135.3169444,,,0,,0,,0,0,0,0,,207,207,blue,0,0,0
86,,6810730,1,20260818,,,,,,,,,,,,,,,3,34.85305603361341,134.605278,,,0,,0,,0,0,0,0,,207,207,blue,0,0,0
86,,6810740,1,20260818,,,,,,,,,,,,,,,3,34.87691203364509,134.61312,,,0,,0,,0,0,0,0,,207,207,blue,0,0,0
86,,6810750,1,20260818,,,,,,,,,,,,,,,3,35.07068203390065,134.587422,,,0,,0,,0,0,0,0,,207,207,blue,0,0,0
86,,6810760,1,20260818,,,,,,,,,,,,,,,3,35.145672033998615,134.539014,,,0,,0,,0,0,0,0,,207,207,blue,0,0,0
86,,6810770,1,20260818,5025,1228,,,,,,4111,647,,,,,,3,33.692375032012194,135.984591,,,0,,0,,0,0,0,0,,0,207,blue,6253,4758,11011
86,,6810780,1,20260818,1227,168,,,,,,576,844,,,,,,3,33.61777803190555,135.927061,,,1,,0,,0,0,0,0,,0,207,blue,1395,1420,2815
86,,6810790,1,20260818,,,,,,,,,,,,,,,3,33.56853903183492,135.910197,,,1,,0,,0,207,207,0,,0,207,blue,0,0,0
86,,6810800,1,20260818,2082,399,,,,,,2209,155,,,,,,3,33.50323103174097,135.806228,,,1,,0,,0,0,0,0,,0,207,blue,2481,2364,4845
86,,6810810,1,20260818,2596,646,,,,,,2899,560,,,,,,3,33.48392803171314,135.760481,,,0,,0,,0,0,0,0,,0,207,blue,3242,3459,6701
86,,6810820,1,20260818,0,0,,,,,,52,7,,,,,,3,33.509890031750565,135.60639100000003,,,0,,0,,0,0,0,0,,0,207,blue,0,59,59
86,,6810830,1,20260818,,,,,,,,,,,,,,,3,33.51850003176297,135.57,,,1,,0,,0,0,0,0,,0,207,blue,0,0,0
86,,6810840,1,20260818,,,,,,,,,,,,,,,3,33.554167031814266,135.458889,,,1,,0,,0,0,0,0,,0,207,blue,0,0,0
86,,6810850,1,20260818,3784,379,,,,,,690,19,,,,,,3,33.70273603202697,135.411942,,,0,,0,,0,0,0,0,,0,207,blue,4163,709,4872
86,,6810860,1,20260818,9495,386,,,,,,6367,552,,,,,,3,33.72250003205514,135.404722,,,0,,0,,0,0,0,0,,0,207,blue,9881,6919,16800
86,,6810880,1,20260818,,,,,,,,,,,,,,,3,33.748889032092684,135.3275,,,1,,0,,0,0,0,0,,0,207,blue,0,0,0
86,,6810890,1,20260818,2946,414,,,,,,2927,514,,,,,,3,33.7811110321385,135.3025,,,0,,0,,0,0,0,0,,0,207,blue,3360,3441,6801
86,,6810900,1,20260818,4506,322,,,,,,3726,589,,,,,,3,33.91892803233343,135.146508,,,0,,0,,0,0,0,0,,0,207,blue,4828,4315,9143
86,,6810910,1,20260818,2566,776,,,,,,0,0,,,,,,3,33.94659203237239,135.12965,,,0,,0,,0,0,0,0,,0,207,blue,3342,0,3342
86,,6810920,1,20260818,6326,1021,,,,,,4990,648,,,,,,3,34.04305603250771,135.189722,,,0,,0,,0,0,0,0,,0,207,blue,7347,5638,12985
86,,6810930,1,20260818,,,,,,,,,,,,,,,3,34.047035032513286,135.189167,,,1,,0,,0,0,0,0,,0,207,blue,0,0,0
86,,6810950,1,20260818,248,16,,,,,,487,34,,,,,,3,34.19539403271991,135.169583,,,1,,0,,0,0,0,0,,0,207,blue,264,521,785
86,,6810960,1,20260818,283,128,,,,,,2318,423,,,,,,3,33.74962803209376,135.359472,,,0,,0,,0,0,0,0,,0,207,blue,411,2741,3152
86,,6810980,1,20260818,,,,,,,,,,,,,,,3,34.652222033344536,135.48972200000003,,,1,,0,,0,0,0,0,,0,207,blue,0,0,0
86,,6810990,1,20260818,552,619,,,,,,1958,971,,,,,,3,35.551944034520155,136.098333,,,0,,0,,0,0,0,0,,0,207,blue,1171,2929,4100
86,,6811000,1,20260818,1297,612,,,,,,1415,681,,,,,,3,35.530000034492396,136.094444,,,0,,0,,0,0,0,0,,0,207,blue,1909,2096,4005
86,,6811010,1,20260818,2720,1058,,,,,,2355,801,,,,,,3,35.47888903442754,136.083056,,,0,,0,,0,0,0,0,,0,207,blue,3778,3156,6934
86,,6811020,1,20260818,1134,264,,,,,,1173,339,,,,,,3,35.39750003432375,136.024722,,,0,,0,,0,0,0,0,,0,207,blue,1398,1512,2910
86,,6811030,1,20260818,11138,2886,,,,,,10052,2178,,,,,,3,35.28722203418211,136.018056,,,0,,0,,0,0,0,0,,0,207,blue,14024,12230,26254
86,,6811040,1,20260818,3795,2069,,,,,,5615,1403,,,,,,3,35.24777803413116,135.960556,,,0,,0,,0,0,0,0,,0,207,blue,5864,7018,12882
86,,6811050,1,20260818,,,,,,,,,,,,,,,3,35.237778034118236,135.943333,,,1,,0,,0,207,207,0,,0,207,blue,0,0,0
86,,6811080,1,20260818,,,,,,,,,,,,,,,3,34.71861103343382,135.569444,,,1,,0,,0,0,0,0,,0,207,blue,0,0,0
86,,6811120,1,20260818,3057,738,,,,,,3016,719,,,,,,3,35.0725560339031,135.008778,,,0,,0,,0,0,0,0,,0,207,blue,3795,3735,7530
86,,6811130,1,20260818,2910,836,,,,,,2997,541,,,,,,3,35.12139403396696,135.005953,,,0,,0,,0,0,0,0,,0,207,blue,3746,3538,7284
86,,6811150,1,20260818,,,,,,,,,,,,,,,3,35.16055603401799,135.066111,,,0,,0,,0,0,0,0,,207,207,blue,0,0,0
86,,6811160,1,20260818,,,,,,,,,,,,,,,3,35.23305603411212,135.020833,,,0,,0,,0,0,0,0,,207,207,blue,0,0,0
86,,6811165,1,20260818,2930,919,,,,,,2507,899,,,,,,3,35.28748503418245,134.977245,,,0,,0,,0,0,0,0,,0,207,blue,3849,3406,7255
86,,6811170,1,20260818,,,,,,,,,,,,,,,3,35.29111103418713,134.970556,,,0,,0,,0,0,0,0,,207,207,blue,0,0,0
86,,6811180,1,20260818,,,,,,,,,,,,,,,3,35.30305603420252,134.92,,,0,,0,,0,0,0,0,,207,207,blue,0,0,0
86,,6811190,1,20260818,,,,,,,,,,,,,,,3,35.34500003425647,134.801111,,,0,,0,,0,0,0,0,,207,207,blue,0,0,0
86,,6811200,1,20260818,,,,,,,,,,,,,,,3,35.36333303427999,134.759167,,,0,,0,,0,0,0,0,,207,207,blue,0,0,0
86,,6811210,1,20260818,4537,403,,,,,,4652,460,,,,,,3,35.49942303445363,134.790538,,,0,,0,,0,0,0,0,,0,207,blue,4940,5112,10052
86,,6811220,1,20260818,4053,313,,,,,,3986,285,,,,,,3,35.474942034422526,134.764925,,,0,,0,,0,0,0,0,,0,207,blue,4366,4271,8637
86,,6811230,1,20260818,4102,500,,,,,,3942,657,,,,,,3,35.43722003437449,134.767839,,,0,,0,,0,0,0,0,,0,207,blue,4602,4599,9201
86,,6811260,1,20260818,6431,1161,,,,,,7251,1682,,,,,,3,35.01754603383091,136.023618,,,0,,0,,0,0,0,0,,0,207,blue,7592,8933,16525
86,,6811310,1,20260818,469,157,,,,,,438,99,,,,,,3,34.78856603352747,134.816183,,,0,,0,,0,0,0,0,,0,207,blue,626,537,1163
86,,6811320,1,20260818,,,,,,,,,,,,,,,3,34.81472203356237,134.673055,,,1,,0,,0,0,0,0,,0,207,blue,0,0,0
86,,6811340,1,20260818,,,,,,,,,,,,,,,3,34.83503003358942,134.618945,,,1,,0,,0,0,0,0,,0,207,blue,0,0,0
86,,6811400,1,20260818,3894,775,,,,,,3599,791,,,,,,3,34.54152803319483,135.675417,,,0,,0,,0,0,0,0,,0,207,blue,4669,4390,9059
88,,8810010,1,20260818,2035,578,0,,,,,1973,610,0,,,,,3,34.22576903276199,134.506281,,,0,0,0,0,0,0,0,0,0,0,207,blue,2613,2583,5196
88,,8810040,1,20260818,2140,634,0,,,,,2177,690,0,,,,,3,34.21202803274294,134.426444,,,0,0,0,0,0,0,0,0,0,0,207,blue,2774,2867,5641
88,,8810050,1,20260818,,,,,,,,,,,,,,,3,34.2426940327854,134.369389,,,1,0,0,0,0,1,1,0,0,0,207,blue,0,0,0
88,,8810060,1,20260818,,,,,,,,,,,,,,,3,34.24194403278437,134.333056,,,1,0,0,0,0,0,0,0,0,0,207,blue,0,0,0
88,,8810070,1,20260818,,,,,,,,,,,,,,,3,34.3096610328778,134.235686,,,1,0,0,0,0,0,0,0,0,0,207,blue,0,0,0
88,,8810080,1,20260818,,,,,,,,,,,,,,,3,34.323825032897304,134.203003,,,1,0,0,0,0,0,0,0,0,0,207,blue,0,0,0
88,,8810090,1,20260818,,,,,,,,,,,,,,,3,34.31055603287904,134.040556,,,1,0,0,0,0,0,0,0,0,0,207,blue,0,0,0
88,,8810100,1,20260818,13188,1626,0,,,,,,,,,,,,3,34.31083303287942,134.040833,,,0,0,0,0,0,0,0,0,0,0,207,blue,14814,0,14814
88,,8810110,1,20260818,,,,,,,,,,,,,,,3,34.296344462859466,133.9267892,,,1,0,0,0,0,0,0,0,0,0,207,blue,0,0,0
88,,8810120,1,20260818,8489,607,0,,,,,5659,470,0,,,,,3,34.30830303287593,133.886,,,0,0,0,0,0,0,0,0,0,0,207,blue,9096,6129,15225
88,,8810130,1,20260818,,,,,,,,,,,,,,,3,34.28116903283854,133.818719,,,1,0,0,0,0,0,0,0,0,0,207,blue,0,0,0
88,,8810150,1,20260818,,,,,,,,,,,,,,,3,33.79388903215663,132.931944,,,1,0,0,0,0,0,0,0,0,0,207,blue,0,0,0
88,,8810160,1,20260818,7687,1164,0,,,,,8991,810,0,,,,,3,34.251008032796896,133.916925,,,0,0,0,0,0,0,0,0,0,0,207,blue,8851,9801,18652
88,,8810170,1,20260818,5644,1282,0,,,,,4841,1158,0,,,,,3,34.183472032703364,133.834944,,,0,0,0,0,0,0,0,0,0,0,207,blue,6926,5999,12925
88,,8810180,1,20260818,2190,416,0,,,,,2312,271,0,,,,,3,34.15741703266719,133.82277800000003,,,0,0,0,0,0,0,0,0,0,0,207,blue,2606,2583,5189
88,,8810210,1,20260818,3775,751,0,,,,,2408,794,0,,,,,3,34.02985603248925,133.814811,,,0,0,0,0,0,0,0,0,0,0,207,blue,4526,3202,7728
88,,8810220,1,20260818,2245,810,0,,,,,2472,568,0,,,,,3,33.99827503244498,133.788456,,,0,0,0,0,0,0,0,0,0,0,207,blue,3055,3040,6095
88,,8810270,1,20260818,1252,387,0,,,,,1367,445,0,,,,,3,33.699149792021856,133.6898053,,,0,0,0,0,0,0,0,0,0,0,207,blue,1639,1812,3451
88,,8810310,1,20260818,1085,67,0,,,,,1659,495,0,,,,,3,33.65416703195762,133.66,,,0,0,0,0,0,0,0,0,0,0,207,blue,1152,2154,3306
88,,8810340,1,20260818,,,,,,,,,,,,,,,3,33.55527803181588,133.460556,,,1,0,0,0,0,0,0,0,0,0,207,blue,0,0,0
88,,8810380,1,20260818,,,,,,,,,,,,,,,3,33.555000031815474,133.139444,,,1,0,0,0,0,0,0,0,0,0,207,blue,0,0,0
88,,8810400,1,20260818,,,,,,,,,,,,,,,3,33.58111103185298,132.9925,,,1,0,0,0,0,0,0,0,0,0,207,blue,0,0,0
88,,8810410,1,20260818,1276,149,0,,,,,1360,304,0,,,,,3,33.61805603190595,132.933333,,,0,0,0,0,0,0,0,0,0,0,207,blue,1425,1664,3089
88,,8810420,1,20260818,1518,188,0,,,,,1600,427,0,,,,,3,33.62777803191986,132.916389,,,0,0,0,0,0,0,0,0,0,0,207,blue,1706,2027,3733
88,,8810430,1,20260818,1840,230,0,,,,,1993,449,0,,,,,3,33.646667031946905,132.905833,,,0,0,0,0,0,0,0,0,0,0,207,blue,2070,2442,4512
88,,8810450,1,20260818,350,45,0,,,,,210,46,0,,,,,3,33.68178252199708,132.8835762,,,0,0,0,0,0,0,0,0,0,0,207,blue,395,256,651
88,,8810510,1,20260818,,,,,,,,,,,,,,,3,33.73555603207373,132.811667,,,1,0,0,0,0,0,0,0,0,0,207,blue,0,0,0
88,,8810520,1,20260818,,,,,,,,,,,,,,,6,33.80277803216924,132.7775,,,1,0,0,0,0,1,1,0,0,0,207,blue,0,0,0
88,,8810530,1,20260818,,,,,,,,,,,,,,,3,33.80679213217494,132.7455604,,,1,0,0,0,0,0,0,0,0,0,207,blue,0,0,0
88,,8810560,1,20260818,904,141,0,,,,,643,111,0,,,,,3,33.883114032282926,134.645522,,,0,0,0,0,0,0,0,0,0,0,207,blue,1045,754,1799
88,,8810570,1,20260818,4071,839,0,,,,,3527,865,0,,,,,3,33.87310303226879,134.637228,,,0,0,0,0,0,0,0,0,0,0,207,blue,4910,4392,9302
88,,8810580,1,20260818,2864,499,0,,,,,2743,272,0,,,,,3,33.8064830321745,134.590708,,,0,0,0,0,0,0,0,0,0,0,207,blue,3363,3015,6378
88,,8810640,1,20260818,1874,408,0,,,,,1799,262,0,,,,,3,33.72289703205572,134.519397,,,0,0,0,0,0,0,0,0,0,0,207,blue,2282,2061,4343
88,,8810660,1,20260818,1875,410,0,,,,,1946,320,0,,,,,3,33.66041903196656,134.406369,,,0,0,0,0,0,0,0,0,0,0,207,blue,2285,2266,4551
88,,8810670,1,20260818,2186,164,0,,,,,1919,354,0,,,,,3,33.58200303185425,134.323467,,,0,0,0,0,0,0,0,0,0,0,207,blue,2350,2273,4623
88,,8810690,1,20260818,,,,,,,,,,,,,,,3,33.49111103172349,134.261667,,,1,0,0,0,0,0,0,0,0,0,207,blue,0,0,0
88,,8810720,1,20260818,,,,,,,,,,,,,,,3,33.33499901149748,134.1973409,,,1,0,0,0,0,0,0,0,0,0,207,blue,0,0,0
88,,8810730,1,20260818,,,,,,,,,,,,,,,3,33.2510477313752,134.1807112,,,1,0,0,0,0,0,0,0,0,0,207,blue,0,0,0
88,,8810740,1,20260818,,,,,,,,,,,,,,,3,33.29972203144615,134.123333,,,1,0,0,0,0,0,0,0,0,0,207,blue,0,0,0
88,,8810750,1,20260818,,,,,,,,,,,,,,,3,33.371439791550394,134.039855,,,1,0,0,0,0,0,0,0,0,0,207,blue,0,0,0
88,,8810760,1,20260818,,,,,,,,,,,,,,,3,33.42416703162678,134.023333,,,1,0,0,0,0,0,0,0,0,0,207,blue,0,0,0
88,,8810780,1,20260818,,,,,,,,,,,,,,,3,33.441944031652504,133.966111,,,1,0,0,0,0,0,0,0,0,0,207,blue,0,0,0
88,,8810820,1,20260818,,,,,,,,,,,,,,,3,33.5033880317412,133.878652,,,1,0,0,0,0,0,0,0,0,0,207,blue,0,0,0
88,,8810840,1,20260818,,,,,,,,,,,,,,,3,33.525000031772315,133.760278,,,1,0,0,0,0,0,0,0,0,0,207,blue,0,0,0
88,,8810850,1,20260818,,,,,,,,,,,,,,,3,33.42055603162157,133.301944,,,1,0,0,0,0,0,0,0,0,0,207,blue,0,0,0
88,,8810880,1,20260818,510,90,0,,,,,500,140,0,,,,,3,33.3074340314574,133.179556,,,0,0,0,0,0,0,0,0,0,0,207,blue,600,640,1240
88,,8810890,1,20260818,1006,321,0,,,,,2,1,0,,,,,3,33.28855103142989,133.172023,,,0,0,0,0,0,0,0,0,0,0,207,blue,1327,3,1330
88,,8810910,1,20260818,1358,263,0,,,,,8,0,0,,,,,3,33.266597031397886,133.171467,,,0,0,0,0,0,0,0,0,0,0,207,blue,1621,8,1629
88,,8810920,1,20260818,3108,549,0,,,,,2863,326,0,,,,,3,33.21880803132811,133.140708,,,0,0,0,0,0,0,0,0,0,0,207,blue,3657,3189,6846
88,,8810940,1,20260818,4363,377,0,,,,,4272,326,0,,,,,3,33.0089042010197,132.9856986,,,0,0,0,0,0,0,0,0,0,0,207,blue,4740,4598,9338
88,,8810960,1,20260818,2443,253,0,,,,,2188,447,0,,,,,3,32.97816103097427,132.889125,,,0,0,0,0,0,0,0,0,0,0,207,blue,2696,2635,5331
88,,8810970,1,20260818,2004,456,0,,,,,2085,212,0,,,,,3,32.977644030973515,132.885636,,,0,0,0,0,0,0,0,0,0,0,207,blue,2460,2297,4757
88,,8811000,1,20260818,3761,220,0,,,,,3668,193,0,,,,,3,32.96687203095758,132.865489,,,0,0,0,0,0,0,0,0,0,0,207,blue,3981,3861,7842
88,,8811020,1,20260818,1547,468,0,,,,,1467,384,0,,,,,3,32.96457803095418,132.816661,,,0,0,0,0,0,0,0,0,0,0,207,blue,2015,1851,3866
88,,8811040,1,20260818,2257,418,0,,,,,2870,211,0,,,,,3,32.95833303094494,132.796389,,,0,0,0,0,0,0,0,0,0,0,207,blue,2675,3081,5756
88,,8811050,1,20260818,3997,353,0,,,,,4712,298,0,,,,,3,32.93641403091248,132.736475,,,0,0,0,0,0,0,0,0,0,0,207,blue,4350,5010,9360
88,,8811060,1,20260818,815,162,0,,,,,817,126,0,,,,,3,32.969853030961985,132.683747,,,0,0,0,0,0,0,0,0,0,0,207,blue,977,943,1920
88,,8811070,1,20260818,,,,,,,,,,,,,,,3,32.970303030962654,132.665209,,,1,0,0,0,0,25,25,0,0,0,207,blue,0,0,0
88,,8811080,1,20260818,2204,153,0,,,,,2177,334,0,,,,,3,32.95232903093605,132.60067,,,0,0,0,0,0,0,0,0,0,0,207,blue,2357,2511,4868
88,,8811090,1,20260818,2148,493,0,,,,,2495,250,0,,,,,3,32.9541190309387,132.584276,,,0,0,0,0,0,0,0,0,0,0,207,blue,2641,2745,5386
88,,8811110,1,20260818,2210,255,0,,,,,1566,273,0,,,,,3,33.04654603107523,132.48536,,,0,0,0,0,0,0,0,0,0,0,207,blue,2465,1839,4304
88,,8811130,1,20260818,2794,416,0,,,,,2661,577,0,,,,,3,33.0789110311229,132.49507,,,0,0,0,0,0,0,0,0,0,0,207,blue,3210,3238,6448
88,,8811140,1,20260818,1528,175,0,,,,,1442,194,0,,,,,3,33.11350003117377,132.518333,,,0,0,0,0,0,0,0,0,0,0,207,blue,1703,1636,3339
88,,8811150,1,20260818,2695,641,0,,,,,2670,680,0,,,,,3,33.12469803119022,132.521282,,,0,0,0,0,0,0,0,0,0,0,207,blue,3336,3350,6686
88,,8811170,1,20260818,2418,411,0,,,,,2124,231,0,,,,,3,33.49517003172935,132.54537,,,0,0,0,0,0,0,0,0,0,0,207,blue,2829,2355,5184
88,,8811180,1,20260818,1657,314,0,,,,,1463,252,0,,,,,3,33.15677703123728,132.5469,,,0,0,0,0,0,0,0,0,0,0,207,blue,1971,1715,3686
88,,8811190,1,20260818,3180,242,0,,,,,3352,451,0,,,,,3,33.264024031394136,132.552651,,,0,0,0,0,0,0,0,0,0,0,207,blue,3422,3803,7225
88,,8811210,1,20260818,8575,1042,0,,,,,8329,1356,0,,,,,3,33.23340003134943,132.559577,,,0,0,0,0,0,0,0,0,0,0,207,blue,9617,9685,19302
88,,8811220,1,20260818,3744,474,0,,,,,3731,696,0,,,,,3,33.21975503132949,132.55883,,,0,0,0,0,0,0,0,0,0,0,207,blue,4218,4427,8645
88,,8811230,1,20260818,7656,1289,0,,,,,8787,852,0,,,,,3,33.21400003132108,132.545961,,,0,0,0,0,0,0,0,0,0,0,207,blue,8945,9639,18584
88,,8811240,1,20260818,3444,790,0,,,,,3532,439,0,,,,,3,33.187563031282394,132.543219,,,0,0,0,0,0,0,0,0,0,0,207,blue,4234,3971,8205
88,,8811250,1,20260818,,,,,,,,,,,,,,,3,33.623917031914345,132.69675,,,1,0,0,0,0,0,0,0,0,0,207,blue,0,0,0
88,,8811260,1,20260818,,,,,,,,,,,,,,,3,33.63910303193607,132.70852,,,1,0,0,0,0,0,0,0,0,0,207,blue,0,0,0
88,,8811300,1,20260818,3096,603,0,,,,,3245,713,0,,,,,3,33.701111032024656,132.7075,,,0,0,0,0,0,0,0,0,0,0,207,blue,3699,3958,7657
88,,8811320,1,20260818,2668,448,0,,,,,2868,745,0,,,,,3,33.99242782243679,133.6034113,,,0,0,0,0,0,0,0,0,0,0,207,blue,3116,3613,6729
88,,8811330,1,20260818,971,269,0,,,,,1274,366,0,,,,,3,33.99611044244195,133.6571521,,,0,0,0,0,0,0,0,0,0,0,207,blue,1240,1640,2880
88,,8811360,1,20260818,1110,398,0,,,,,1491,380,0,,,,,3,34.015556032469206,133.77361100000002,,,0,0,0,0,0,0,0,0,0,0,207,blue,1508,1871,3379
88,,8811430,1,20260818,,,,,,,,,,,,,,,3,33.981944032422064,132.778333,,,1,0,0,0,0,0,0,0,0,0,207,blue,0,0,0
88,,8811450,1,20260818,5136,974,0,,,,,4517,1034,0,,,,,3,33.98044403241997,133.057088,,,0,0,0,0,0,0,0,0,0,0,207,blue,6110,5551,11661
89,,9810010,1,20260818,8490,600,0,,,,,8370,513,0,,,,,3,33.86852803226232,130.79675,,,0,0,0,0,0,0,0,0,0,0,207,blue,9090,8883,17973
89,,9810020,1,20260818,3829,438,0,,,,,10212,1236,0,,,,,3,33.835259032215276,130.608521,,,0,0,0,0,0,0,0,0,0,0,207,blue,4267,11448,15715
89,,9810030,1,20260818,,,,,,,,,,,,,,,3,33.78978203215081,130.567337,,,1,0,0,0,0,0,0,0,0,0,207,blue,0,0,0
89,,9810040,1,20260818,24349,1953,0,,,,,22478,2368,0,,,,,3,33.744955032087105,130.488242,,,0,0,0,0,0,0,0,0,0,0,207,blue,26302,24846,51148
89,,9810050,1,20260818,,,,,,,,,,,,,,,3,33.73691203207566,130.478193,,,1,0,0,0,0,0,0,0,0,0,207,blue,0,0,0
89,,9810070,1,20260818,16341,2682,0,,,,,18850,3257,0,,,,,3,33.52600403177376,130.49557,,,0,0,0,0,0,0,0,0,0,0,207,blue,19023,22107,41130
89,,9810080,1,20260818,17525,2286,0,,,,,15868,2127,0,,,,,3,33.51100303175216,130.511069,,,0,0,0,0,0,0,0,0,0,0,207,blue,19811,17995,37806
89,,9810090,1,20260818,17565,2011,0,,,,,19400,2981,0,,,,,3,33.510200031751005,130.520977,,,0,0,0,0,0,0,0,0,0,0,207,blue,19576,22381,41957
89,,9810100,1,20260818,11670,2204,0,,,,,12716,2079,0,,,,,3,33.477797031704284,130.53932,,,0,0,0,0,0,0,0,0,0,0,207,blue,13874,14795,28669
89,,9810120,1,20260818,,,,,,,,,,,,,,,3,33.33966203150427,130.525942,,,1,,,,,,,,,,207,blue,0,0,0
89,,9810130,1,20260818,2567,1092,0,,,,,2158,997,0,,,,,3,33.19870703129871,130.60119,,,0,0,0,0,0,0,0,0,0,0,207,blue,3659,3155,6814
89,,9810140,1,20260818,,,,,,,,,,,,,,,3,33.170447031257325,130.617432,,,1,0,0,0,0,0,0,0,0,0,207,blue,0,0,0
89,,9810150,1,20260818,16337,1906,0,,,,,18554,1843,0,,,,,3,33.86806903226167,130.775199,,,0,0,0,0,0,0,0,0,0,0,207,blue,18243,20397,38640
89,,9810160,1,20260818,14578,1454,0,,,,,,,,,,,,3,33.86432503225638,130.74688,,,0,0,0,0,0,0,0,0,0,0,207,blue,16032,0,16032
89,,9810170,1,20260818,5986,442,0,,,,,7462,616,0,,,,,3,33.648732031949855,130.441499,,,0,0,0,0,0,0,0,0,0,0,207,blue,6428,8078,14506
89,,9810180,1,20260818,22381,3031,0,,,,,22231,2888,0,,,,,3,33.61500003190157,130.438611,,,0,0,0,0,0,0,0,0,0,0,207,blue,25412,25119,50531
89,,9810190,1,20260818,,,,,,,,,,,,,,,3,33.4496850316637,130.546326,,,1,0,0,0,0,0,0,0,0,0,207,blue,0,0,0
89,,9810200,1,20260818,,,,,,,,,,,,,,,3,33.41916903161956,130.532642,,,1,,,,,,,,,,207,blue,0,0,0
89,,9810210,1,20260818,4091,1130,0,,,,,3527,666,0,,,,,3,32.92737203089908,130.698429,,,0,0,0,0,0,0,0,0,0,0,207,blue,5221,4193,9414
89,,9810230,1,20260818,1350,363,0,,,,,1337,355,0,,,,,3,32.33541003001024,130.485852,,,0,0,0,0,0,0,0,0,0,0,207,blue,1713,1692,3405
89,,9810240,1,20260818,1210,194,0,,,,,1224,147,0,,,,,3,32.24685302987536,130.498828,,,0,0,0,0,0,0,0,0,0,0,207,blue,1404,1371,2775
89,,9810260,1,20260818,,,,,,,,,,,,,,,3,32.06933302960361,130.240833,,,1,0,0,0,0,0,0,0,0,0,207,blue,0,0,0
89,,9810270,1,20260818,,,,,,,,,,,,,,,3,32.05996802958923,130.223169,,,1,0,0,0,0,0,0,0,0,0,207,blue,0,0,0
89,,9810280,1,20260818,,,,,,,,,,,,,,,3,32.00103302949858,130.195866,,,1,0,0,0,0,0,0,0,0,0,207,blue,0,0,0
89,,9810290,1,20260818,,,,,,,,,,,,,,,3,31.77354502914685,130.301221,,,1,0,0,0,0,0,0,0,0,0,207,blue,0,0,0
89,,9810300,1,20260818,,,,,,,,,,,,,,,3,31.752394029113987,130.297198,,,1,0,0,0,0,0,0,0,0,0,207,blue,0,0,0
89,,9810310,1,20260818,,,,,,,,,,,,,,,3,31.671780028988586,130.334671,,,1,0,0,0,0,0,0,0,0,0,207,blue,0,0,0
89,,9810320,1,20260818,,,,,,,,,,,,,,,3,31.644384028945897,130.514685,,,1,0,0,0,0,0,0,0,0,0,207,blue,0,0,0
89,,9810330,1,20260818,12516,786,0,,,,,11266,556,0,,,,,3,31.593127028865894,130.55217,,,0,0,0,0,0,0,0,0,0,0,207,blue,13302,11822,25124
89,,9810340,1,20260818,,,,,,,,,,,,,,,3,31.774587029148464,130.294585,,,1,0,0,0,0,6,6,0,0,0,207,blue,0,0,0
89,,9810350,1,20260818,,,,,,,,12361,1368,0,,,,,3,31.586173028855043,130.521497,,,0,0,0,0,0,0,0,0,0,0,207,blue,0,13729,13729
89,,9810360,1,20260818,,,,,,,,,,,,,,,3,33.6356250319311,131.074923,,,1,0,0,0,0,5,5,0,5,0,207,blue,0,0,0
89,,9810370,1,20260818,,,,,,,,,,,,,,,3,33.60811903189171,131.1134,,,0,0,0,0,0,199,199,199,158,0,207,blue,0,0,0
89,,9810380,1,20260818,,,,,,,,,,,,,,,3,33.55407703181414,131.25154,,,1,0,0,0,0,0,0,0,0,0,207,blue,0,0,0
89,,9810390,1,20260818,,,,,,,,,,,,,,,3,33.47356403169818,131.495973,,,1,0,0,0,0,0,0,0,0,0,207,blue,0,0,0
89,,9810400,1,20260818,,,,,,,,,,,,,,,3,33.4199570316207,131.549075,,,1,0,0,0,0,0,0,0,0,0,207,blue,0,0,0
89,,9810410,1,20260818,,,,,,,,,,,,,,,3,33.35718603152971,131.497308,,,1,0,0,0,0,0,0,0,0,0,207,blue,0,0,0
89,,9810420,1,20260818,18774,1504,0,,,,,18054,1840,0,,,,,3,33.28844603142974,131.50415600000002,,,0,0,0,0,0,0,0,0,0,0,207,blue,20278,19894,40172
89,,9810430,1,20260818,9993,1075,0,,,,,9667,901,0,,,,,3,33.1773230312674,131.619615,,,0,0,0,0,0,0,0,0,0,0,207,blue,11068,10568,21636
89,,9810440,1,20260818,,,,,,,,8257,1280,0,,,,,3,33.091164031140934,131.647172,,,0,0,0,0,0,0,0,0,0,0,207,blue,0,9537,9537
89,,9810450,1,20260818,135,27,0,,,,,63,17,0,,,,,3,33.07813503112177,131.638559,,,0,0,0,0,0,46,46,0,83,0,207,blue,162,80,242
89,,9810460,1,20260818,63,15,0,,,,,84,13,0,,,,,3,33.03375103105637,131.689156,,,0,0,0,0,0,25,25,0,34,0,207,blue,78,97,175
89,,9810470,1,20260818,53,13,0,,,,,53,4,0,,,,,3,33.001599031008915,131.788698,,,0,0,0,0,0,49,49,1,63,0,207,blue,66,57,123
89,,9810480,1,20260818,80,4,0,,,,,68,10,0,,,,,3,32.95275303093668,131.841525,,,0,0,0,0,0,39,39,0,70,0,207,blue,84,78,162
89,,9810490,1,20260818,,,,,,,,,,,,,,,3,32.92192503089102,131.801353,,,1,0,0,0,0,24,24,0,36,0,207,blue,0,0,0
89,,9810500,1,20260818,1,1,0,,,,,3,1,0,,,,,3,32.84521503077709,131.718143,,,0,0,0,0,0,29,29,0,38,0,207,blue,2,4,6
89,,9810510,1,20260818,,,,,,,,,,,,,,,3,33.53550003178742,131.301439,,,1,0,0,0,0,0,0,0,0,0,207,blue,0,0,0
89,,9810520,1,20260818,,,,,,,,8987,864,0,,,,,3,33.17727003126732,131.636491,,,0,0,0,0,0,0,0,0,0,0,207,blue,0,9851,9851
89,,9810530,1,20260818,1,0,0,,,,,1,0,0,,,,,3,32.76588703065887,131.69922,,,0,0,0,0,0,44,44,1,74,0,207,blue,1,1,2
89,,9810540,1,20260818,1,0,0,,,,,0,1,0,,,,,3,32.73308003060985,131.712307,,,1,0,0,0,0,6,6,0,16,0,207,blue,1,1,2
89,,9810550,1,20260818,1,1,0,,,,,2,3,0,,,,,3,32.680641030531355,131.69547,,,1,0,0,0,0,7,7,0,19,0,207,blue,2,5,7
89,,9810560,1,20260818,0,1,0,,,,,2,0,0,,,,,3,32.6162990304348,131.682165,,,1,0,0,0,0,17,17,2,29,0,207,blue,1,2,3
89,,9810580,1,20260818,28,5,0,,,,,30,4,0,,,,,3,32.56240603035372,131.681538,,,1,0,0,0,0,4,4,0,11,0,207,blue,33,34,67
89,,9810590,1,20260818,,,,,,,,,,,,,,,3,32.512945030279155,131.682071,,,0,0,0,0,0,83,83,126,99,0,207,blue,0,0,0
89,,9810600,1,20260818,,,,,,,,,,,,,,,3,32.505475030267874,131.671612,,,1,0,0,0,0,9,9,0,16,0,207,blue,0,0,0
89,,9810610,1,20260818,3,1,0,,,,,16,4,0,,,,,3,32.48380003023514,131.65983,,,1,0,0,0,0,4,4,0,12,0,207,blue,4,20,24
89,,9810620,1,20260818,23,2,0,,,,,23,3,0,,,,,3,32.44750003018023,131.634167,,,1,0,0,0,0,6,6,1,20,0,207,blue,25,26,51
89,,9810630,1,20260818,13,2,0,,,,,5,3,0,,,,,3,32.34169203001978,131.615818,,,1,0,0,0,0,4,4,1,12,0,207,blue,15,8,23
89,,9810640,1,20260818,,,,,,,,,,,,,,,3,32.118920029679714,131.525151,,,1,0,0,0,0,16,16,0,25,0,207,blue,0,0,0
89,,9810650,1,20260818,,,,,,,,,,,,,,,3,32.04093702955998,131.469141,,,1,0,0,0,0,28,28,0,87,0,207,blue,0,0,0
89,,9810660,1,20260818,,,,,,,,,,,,,,,3,31.943136029409334,131.344339,,,1,0,0,0,0,0,0,0,0,0,207,blue,0,0,0
89,,9810670,1,20260818,,,,,,,,,,,,,,,3,31.95151902942227,131.26782500000002,,,1,0,0,0,0,0,0,0,0,0,207,blue,0,0,0
89,,9810680,1,20260818,,,,,,,,,,,,,,,3,31.916759029368613,131.228421,,,1,0,0,0,0,0,0,0,0,0,207,blue,0,0,0
89,,9810690,1,20260818,,,,,,,,,,,,,,,3,31.831007029235955,131.126939,,,1,0,0,0,0,0,0,0,0,0,207,blue,0,0,0
89,,9810700,1,20260818,,,,,,,,,,,,,,,3,31.70972202904765,131.054167,,,1,0,0,0,0,0,0,0,0,0,207,blue,0,0,0
89,,9810710,1,20260818,,,,,,,,,,,,,,,3,31.70997802904806,131.024809,,,1,0,0,0,0,0,0,0,0,0,207,blue,0,0,0
89,,9810720,1,20260818,,,,,,,,,,,,,,,3,31.661481028972545,130.889721,,,1,0,0,0,0,0,0,0,0,0,207,blue,0,0,0
89,,9810730,1,20260818,,,,,,,,,,,,,,,3,31.723242029068686,130.809578,,,1,0,0,0,0,0,0,0,0,0,207,blue,0,0,0
89,,9810740,1,20260818,,,,,,,,,,,,,,,3,33.30389903145224,130.368554,,,1,,,,,,,,,,207,blue,0,0,0
89,,9810750,1,20260818,,,,,,,,,,,,,,,3,33.27419603140898,130.293549,,,1,,,,,,,,,,207,blue,0,0,0
89,,9810760,1,20260818,,,,,,,,,,,,,,,3,33.26474303139519,130.245086,,,1,,,,,,,,,,207,blue,0,0,0
89,,9810770,1,20260818,,,,,,,,,,,,,,,3,33.26041603138888,130.218458,,,1,,,,,,,,,,207,blue,0,0,0
89,,9810780,1,20260818,,,,,,,,,,,,,,,3,33.23447503135101,130.18203100000002,,,1,,,,,,,,,,207,blue,0,0,0
89,,9810790,1,20260818,,,,,,,,,,,,,,,3,33.22225103133315,130.172161,,,1,,,,,,,,,,207,blue,0,0,0
89,,9810800,1,20260818,,,,,,,,,,,,,,,3,33.219025031328435,130.143217,,,1,,,,,,,,,,207,blue,0,0,0
89,,9810810,1,20260818,,,,,,,,,,,,,,,3,33.21595003132393,130.087452,,,1,,,,,,,,,,207,blue,0,0,0
89,,9810820,1,20260818,,,,,,,,,,,,,,,3,33.21877403132806,130.052459,,,1,,,,,,,,,,207,blue,0,0,0
89,,9810830,1,20260818,,,,,,,,,,,,,,,3,33.207839031312076,130.047967,,,1,,,,,,,,,,207,blue,0,0,0
89,,9810840,1,20260818,1387,248,0,,,,,1539,244,0,,,,,3,33.07291503111407,129.960829,,,0,0,0,0,0,0,0,0,0,0,207,blue,1635,1783,3418
89,,9810850,1,20260818,5621,810,0,,,,,5973,897,0,,,,,3,32.995999031000636,129.948701,,,0,0,0,0,0,0,0,0,0,0,207,blue,6431,6870,13301
89,,9810860,1,20260818,,,,,,,,,,,,,,,3,32.9044610308651,129.957531,,,1,0,0,0,0,0,0,0,0,0,207,blue,0,0,0
89,,9810870,1,20260818,,,,,,,,,,,,,,,3,32.8905010308444,129.971348,,,1,0,0,0,0,0,0,0,0,0,207,blue,0,0,0
89,,9810890,1,20260818,,,,,,,,,,,,,,,3,32.87494503082128,130.02412,,,1,0,0,0,0,0,0,0,0,0,207,blue,0,0,0
89,,9810900,1,20260818,,,,,,,,,,,,,,,3,32.83967403076884,130.024592,,,1,0,0,0,0,0,0,0,0,0,207,blue,0,0,0
89,,9810910,1,20260818,,,,,,,,,,,,,,,3,33.19594003129466,129.977938,,,1,0,0,0,0,0,0,0,0,0,207,blue,0,0,0
89,,9810920,1,20260818,308,68,0,,,,,272,35,0,,,,,3,33.191150031287656,129.943948,,,1,0,0,0,0,0,0,0,0,0,207,blue,376,307,683
89,,9810930,1,20260818,3614,559,0,,,,,3622,520,0,,,,,3,33.18881403128423,129.9054,,,0,0,0,0,0,0,0,0,0,0,207,blue,4173,4142,8315
89,,9810940,1,20260818,87,25,0,,,,,77,19,0,,,,,3,32.97184603096493,131.383534,,,1,0,0,0,0,22,22,0,34,0,207,blue,112,96,208
89,,9810950,1,20260818,79,25,0,,,,,97,18,0,,,,,3,32.96828103095967,131.382552,,,1,0,0,0,0,19,19,1,31,0,207,blue,104,115,219
89,,9810960,1,20260818,18,7,0,,,,,25,5,0,,,,,3,32.96091703094877,131.248695,,,1,0,0,0,0,28,28,1,38,0,207,blue,25,30,55
89,,9810970,1,20260818,132,30,0,,,,,0,0,0,,,,,3,33.03288603105509,131.537821,,,0,0,0,0,0,48,48,0,84,0,207,blue,162,0,162
89,,9810980,1,20260818,,,,,,,,,,,,,,,3,33.00262303101042,131.45315500000004,,,1,0,0,0,0,90,90,147,102,0,207,blue,0,0,0
89,,9810990,1,20260818,,,,,,,,,,,,,,,3,32.96097103094884,131.244117,,,1,0,0,0,0,0,0,0,0,0,207,blue,0,0,0
89,,9811000,1,20260818,4612,1018,0,,,,,5302,977,0,,,,,3,32.93530403091085,131.035064,,,0,0,0,0,0,0,0,0,0,0,207,blue,5630,6279,11909
89,,9811010,1,20260818,,,,,,,,,,,,,,,3,32.87672503082393,130.954853,,,1,0,0,0,0,0,0,0,0,0,207,blue,0,0,0
89,,9811020,1,20260818,3818,571,0,,,,,3424,417,0,,,,,3,32.614306030431806,130.462111,,,0,0,0,0,0,2,2,0,0,0,207,blue,4389,3841,8230
89,,9811030,1,20260818,,,,,,,,,,,,,,,3,32.72539603059835,130.251342,,,1,,,,,,,,,,207,blue,0,0,0
89,,9811040,1,20260818,,,,,,,,,,,,,,,3,32.72077403059144,130.234748,,,1,,,,,,,,,,207,blue,0,0,0
89,,9811050,1,20260818,,,,,,,,,,,,,,,3,32.73587103061402,130.209003,,,1,,,,,,,,,,207,blue,0,0,0
89,,9811060,1,20260818,,,,,,,,,,,,,,,3,32.808908030723025,130.149506,,,1,,,,,,,,,,207,blue,0,0,0
89,,9811070,1,20260818,,,,,,,,,,,,,,,3,32.836521030764146,130.094768,,,1,,,,,,,,,,207,blue,0,0,0
89,,9811080,1,20260818,,,,,,,,,,,,,,,3,32.83196203075736,130.053336,,,1,,,,,,,,,,207,blue,0,0,0
89,,9811090,1,20260818,,,,,,,,,,,,,,,3,33.61888103190713,130.568781,,,0,0,0,0,0,196,196,0,157,0,207,blue,0,0,0
89,,9811100,1,20260818,0,0,0,,,,,0,0,0,,,,,3,33.61860003190672,130.579442,,,0,0,0,0,0,173,173,3,158,0,207,blue,0,0,0
89,,9811110,1,20260818,,,,,,,,,,,,,,,3,33.62194303191151,130.588462,,,1,0,0,0,0,4,4,0,4,0,207,blue,0,0,0
89,,9811120,1,20260818,,,,,,,,,,,,,,,3,33.65684603196145,130.750269,,,1,,,,,,,,,,207,blue,0,0,0
89,,9811130,1,20260818,,,,,,,,,,,,,,,3,33.6514250319537,130.761828,,,1,,,,,,,,,,207,blue,0,0,0
89,,9811140,1,20260818,,,,,,,,,,,,,,,3,33.64137503193933,130.764099,,,1,0,0,0,0,3,3,0,3,0,207,blue,0,0,0
89,,9811150,1,20260818,,,,,,,,,,,,,,,3,33.65331703195642,130.807798,,,1,,,,,,,,,,207,blue,0,0,0
89,,9811170,1,20260818,,,,,,,,,,,,,,,3,33.37200003155121,130.3311,,,1,,,,,,,,,,207,blue,0,0,0
89,,9811180,1,20260818,,,,,,,,,,,,,,,3,33.6231190319132,130.671342,,,1,,,,,,,,,,207,blue,0,0,0
89,,9811190,1,20260818,,,,,,,,,,,,,,,3,33.74379703208545,130.970335,,,1,0,0,0,0,0,0,0,0,0,207,blue,0,0,0
89,,9811210,1,20260818,2450,171,0,,,,,2540,250,0,,,,,3,33.50948303174998,130.110769,,,0,0,0,0,0,0,0,0,0,0,207,blue,2621,2790,5411
89,,9811220,1,20260818,1256,87,0,,,,,1213,58,0,,,,,3,33.501667031738705,130.069167,,,0,0,0,0,0,0,0,0,0,0,207,blue,1343,1271,2614
89,,9811240,1,20260818,4798,929,0,,,,,0,0,0,,,,,3,33.522842031769216,130.168427,,,0,0,0,0,0,0,0,0,0,0,207,blue,5727,0,5727
89,,9811250,1,20260818,7332,669,0,,,,,5,79,0,,,,,3,33.51344603175569,130.14563,,,0,0,0,0,0,0,0,0,0,0,207,blue,8001,84,8085
89,,9811260,1,20260818,1313,95,0,,,,,1401,107,0,,,,,3,33.45431303167039,130.042275,,,0,0,0,0,0,0,0,0,0,0,207,blue,1408,1508,2916
89,,9811270,1,20260818,7874,598,0,,,,,6741,1293,0,,,,,3,33.431110031636834,129.991737,,,0,0,0,0,0,0,0,0,0,0,207,blue,8472,8034,16506
89,,9811280,1,20260818,1311,207,0,,,,,1462,265,0,,,,,3,33.348904031517684,129.933234,,,0,0,0,0,0,0,0,0,0,0,207,blue,1518,1727,3245
89,,9811290,1,20260818,,,,,,,,,,,,,,,3,33.331844031492885,129.928169,,,1,0,0,0,0,0,0,0,0,0,207,blue,0,0,0
89,,9811300,1,20260818,606,70,0,,,,,594,38,0,,,,,3,33.268208031400235,129.88248900000002,,,1,0,0,0,0,0,0,0,0,0,207,blue,676,632,1308
89,,9811310,1,20260818,,,,,,,,,,,,,,,3,33.24091903136041,129.850727,,,1,0,0,0,0,0,0,0,0,0,207,blue,0,0,0
89,,9811320,1,20260818,3017,391,0,,,,,2886,300,0,,,,,3,33.45989003167844,130.040128,,,0,0,0,0,0,0,0,0,0,0,207,blue,3408,3186,6594
89,,9811330,1,20260818,390,71,0,,,,,392,62,0,,,,,3,33.38450403156936,129.984455,,,1,0,0,0,0,0,0,0,0,0,207,blue,461,454,915
89,,9811340,1,20260818,,,,,,,,,,,,,,,6,33.31161503146347,130.070351,,,1,,,,,,,,,,207,blue,0,0,0
89,,9811350,1,20260818,,,,,,,,,,,,,,,3,33.304966031453795,130.076971,,,1,,,,,,,,,,207,blue,0,0,0
89,,9811360,1,20260818,6085,905,0,,,,,6423,829,0,,,,,3,33.29002103143203,130.168151,,,0,0,0,0,0,0,0,0,0,0,207,blue,6990,7252,14242
89,,9811370,1,20260818,,,,,,,,,,,,,,,3,33.327444031486486,130.034833,,,1,0,0,0,0,0,0,0,0,0,207,blue,0,0,0
89,,9811380,1,20260818,162,28,0,,,,,196,32,0,,,,,3,33.29362203143727,130.116435,,,1,0,0,0,0,0,0,0,0,0,207,blue,190,228,418
89,,9811390,1,20260818,,,,,,,,,,,,,,,3,33.03691103106103,129.918279,,,1,,,,,,,,,,207,blue,0,0,0
89,,9811400,1,20260818,3067,577,0,,,,,3206,479,0,,,,,3,32.90829103087079,130.661481,,,0,0,0,0,0,0,0,0,0,0,207,blue,3644,3685,7329
89,,9811410,1,20260818,6163,279,0,,,,,5606,219,0,,,,,3,33.01722203103198,130.439722,,,0,0,0,0,0,0,0,0,0,0,207,blue,6442,5825,12267
89,,9811420,1,20260818,6608,473,0,,,,,6667,534,0,,,,,3,33.05710503109079,130.465234,,,0,0,0,0,0,0,0,0,0,0,207,blue,7081,7201,14282
89,,9811450,1,20260818,5420,1210,0,,,,,5504,1316,0,,,,,3,33.01280003102545,130.425184,,,0,0,0,0,0,0,0,0,0,0,207,blue,6630,6820,13450
89,,9811460,1,20260818,7676,1037,0,,,,,7449,1450,0,,,,,3,33.140861031213944,130.422417,,,0,0,0,0,0,0,0,0,0,0,207,blue,8713,8899,17612
89,,9811461,1,20260818,5516,943,0,,,,,6040,1088,0,,,,,3,33.184560031278004,130.387933,,,0,0,0,0,0,0,0,0,0,0,207,blue,6459,7128,13587
89,,9811470,1,20260818,7148,1156,0,,,,,6860,1265,0,,,,,3,33.0462530310748,130.431406,,,0,0,0,0,0,0,0,0,0,0,207,blue,8304,8125,16429
89,,9811480,1,20260818,6375,1253,0,,,,,6178,1154,0,,,,,3,33.055717031088754,130.4292,,,0,0,0,0,0,0,0,0,0,0,207,blue,7628,7332,14960
89,,9811490,1,20260818,7010,1024,0,,,,,8405,1584,0,,,,,3,33.069783031109466,130.42405,,,0,0,0,0,0,0,0,0,0,0,207,blue,8034,9989,18023
89,,9811500,1,20260818,7488,1410,0,,,,,7397,1376,0,,,,,3,33.077520031120855,130.428242,,,0,0,0,0,0,0,0,0,0,0,207,blue,8898,8773,17671
89,,9811510,1,20260818,7101,1173,0,,,,,7524,1448,0,,,,,3,33.08238303112801,130.433017,,,0,0,0,0,0,0,0,0,0,0,207,blue,8274,8972,17246
89,,9811520,1,20260818,6515,1109,0,,,,,6845,1012,0,,,,,3,33.11826103118075,130.430375,,,0,0,0,0,0,0,0,0,0,0,207,blue,7624,7857,15481
89,,9811540,1,20260818,5409,735,0,,,,,5631,535,0,,,,,3,33.15753403123839,130.478771,,,0,0,0,0,0,0,0,0,0,0,207,blue,6144,6166,12310
89,,9811550,1,20260818,5998,759,0,,,,,6317,973,0,,,,,3,33.22942603134362,130.505954,,,0,0,0,0,0,0,0,0,0,0,207,blue,6757,7290,14047
89,,9811560,1,20260818,7496,1054,0,,,,,6594,994,0,,,,,3,33.23505203135184,130.507151,,,0,0,0,0,0,0,0,0,0,0,207,blue,8550,7588,16138
89,,9811570,1,20260818,6145,954,0,,,,,6496,1192,0,,,,,3,33.24799503137074,130.509483,,,0,0,0,0,0,0,0,0,0,0,207,blue,7099,7688,14787
89,,9811580,1,20260818,6531,899,0,,,,,6327,801,0,,,,,3,33.25651503138319,130.509461,,,0,0,0,0,0,0,0,0,0,0,207,blue,7430,7128,14558
89,,9811590,1,20260818,63,7,0,,,,,4102,588,0,,,,,3,33.31995703147561,130.594037,,,0,0,0,0,0,0,0,0,0,0,207,blue,70,4690,4760
89,,9811600,1,20260818,3550,604,0,,,,,4058,604,0,,,,,3,33.345255031512394,130.730893,,,0,0,0,0,0,0,0,0,0,0,207,blue,4154,4662,8816
89,,9811610,1,20260818,3773,434,0,,,,,4242,492,0,,,,,3,33.3437500315102,130.752694,,,0,0,0,0,0,0,0,0,0,0,207,blue,4207,4734,8941
89,,9811620,1,20260818,2550,290,0,,,,,2548,447,0,,,,,3,33.33338803149515,130.801953,,,0,0,0,0,0,0,0,0,0,0,207,blue,2840,2995,5835
89,,9811650,1,20260818,3755,503,0,,,,,3717,549,0,,,,,3,33.331960031493075,130.852326,,,0,0,0,0,0,0,0,0,0,0,207,blue,4258,4266,8524
89,,9811660,1,20260818,1808,213,0,,,,,1845,289,0,,,,,3,33.307732031457824,130.915379,,,0,0,0,0,0,0,0,0,0,0,207,blue,2021,2134,4155
89,,9811670,1,20260818,3430,797,0,,,,,3125,456,0,,,,,3,33.29883403144486,130.938844,,,0,0,0,0,0,0,0,0,0,0,207,blue,4227,3581,7808
89,,9811680,1,20260818,2021,532,0,,,,,1678,333,0,,,,,3,33.29818903144393,130.952388,,,0,0,0,0,0,0,0,0,0,0,207,blue,2553,2011,4564
89,,9811690,1,20260818,3281,597,0,,,,,3323,344,0,,,,,3,33.29921203144541,130.96937,,,0,0,0,0,0,0,0,0,0,0,207,blue,3878,3667,7545
89,,9811700,1,20260818,,,,,,,,,,,,,,,3,33.261645031390664,131.01058,,,1,0,0,0,0,0,0,0,0,0,207,blue,0,0,0
89,,9811710,1,20260818,,,,,,,,,,,,,,,3,33.28000003141744,131.128611,,,1,0,0,0,0,0,0,0,0,0,207,blue,0,0,0
89,,9811720,1,20260818,2064,698,0,,,,,2196,466,0,,,,,3,33.237877031355964,131.175263,,,0,0,0,0,0,0,0,0,0,0,207,blue,2762,2662,5424
89,,9811730,1,20260818,1570,414,0,,,,,1426,271,0,,,,,3,33.2405000313598,131.224187,,,0,0,0,0,0,0,0,0,0,0,207,blue,1984,1697,3681
89,,9811740,1,20260818,1481,565,0,,,,,1695,551,0,,,,,3,33.25496403138093,131.328533,,,0,0,0,0,0,0,0,0,0,0,207,blue,2046,2246,4292
89,,9811750,1,20260818,1525,1495,0,,,,,2698,618,0,,,,,3,33.23715803135492,131.323213,,,0,0,0,0,0,0,0,0,0,0,207,blue,3020,3316,6336
89,,9811760,1,20260818,147,67,0,,,,,8531,958,0,,,,,3,33.18331803127619,131.452171,,,0,0,0,0,0,0,0,0,0,0,207,blue,214,9489,9703
89,,9811770,1,20260818,,,,,,,,,,,,,,,3,31.760789029127036,131.4707,,,1,0,0,0,0,0,0,0,0,0,207,blue,0,0,0
89,,9811780,1,20260818,,,,,,,,,,,,,,,3,31.559046028812634,131.38327000000004,,,1,0,0,0,0,0,0,0,0,0,207,blue,0,0,0
89,,9811790,1,20260818,,,,,,,,,,,,,,,3,31.547715028794922,131.378628,,,1,0,0,0,0,1,1,0,0,0,207,blue,0,0,0
89,,9811800,1,20260818,,,,,,,,,,,,,,,3,31.546675028793285,131.361225,,,1,0,0,0,0,0,0,0,0,0,207,blue,0,0,0
89,,9811810,1,20260818,,,,,,,,,,,,,,,3,31.45214102864519,131.212192,,,1,0,0,0,0,0,0,0,0,0,207,blue,0,0,0
89,,9811820,1,20260818,2390,464,0,,,,,2301,401,0,,,,,3,31.46555602866623,131.154444,,,0,0,0,0,0,0,0,0,0,0,207,blue,2854,2702,5556
89,,9811830,1,20260818,,,,,,,,,,,,,,,3,31.447659028638157,131.051761,,,1,0,0,0,0,0,0,0,0,0,207,blue,0,0,0
89,,9811840,1,20260818,3535,473,0,,,,,3155,440,0,,,,,3,31.388108028544615,130.811533,,,0,0,0,0,0,0,0,0,0,0,207,blue,4008,3595,7603
89,,9811850,1,20260818,,,,,,,,,,,,,,,3,31.41813502859181,130.764377,,,1,0,0,0,0,0,0,0,0,0,207,blue,0,0,0
89,,9811860,1,20260818,2627,456,0,,,,,2329,371,0,,,,,3,31.542976028787507,130.706877,,,0,0,0,0,0,0,0,0,0,0,207,blue,3083,2700,5783
89,,9811870,1,20260818,,,,,,,,,,,,,,,3,31.557778028810663,130.718333,,,1,0,0,0,0,0,0,0,0,0,207,blue,0,0,0
89,,9811880,1,20260818,,,,,,,,,,,,,,,3,31.647658028950993,130.819552,,,1,0,0,0,0,0,0,0,0,0,207,blue,0,0,0
89,,9811900,1,20260818,,,,,,,,,,,,,,,3,31.27982902837409,130.291795,,,1,0,0,0,0,0,0,0,0,0,207,blue,0,0,0
89,,9811910,1,20260818,1461,271,0,,,,,1280,281,0,,,,,3,31.2913800283923,130.293564,,,0,0,0,0,0,0,0,0,0,0,207,blue,1732,1561,3293
89,,9811920,1,20260818,1850,112,0,,,,,1538,132,0,,,,,3,31.327343028448986,130.334728,,,0,0,0,0,0,0,0,0,0,0,207,blue,1962,1670,3632
89,,9811930,1,20260818,4622,358,0,,,,,3922,272,0,,,,,3,31.494637028711818,130.506308,,,0,0,0,0,0,0,0,0,0,0,207,blue,4980,4194,9174
89,,9811940,1,20260818,9908,515,0,,,,,8780,435,0,,,,,3,31.527877028763886,130.521631,,,0,0,0,0,0,0,0,0,0,0,207,blue,10423,9215,19638
89,,9811950,1,20260818,,,,,,,,,,,,,,,3,31.289730028389716,130.60717200000002,,,1,0,0,0,0,0,0,0,0,0,207,blue,0,0,0
89,,9811960,1,20260818,,,,,,,,,,,,,,,3,31.323917028443603,130.564308,,,1,0,0,0,0,0,0,0,0,0,207,blue,0,0,0
89,,9811970,1,20260818,,,,,,,,,,,,,,,3,31.466390028667544,130.513245,,,1,0,0,0,0,0,0,0,0,0,207,blue,0,0,0
89,,9811980,1,20260818,,,,,,,,,,,,,,,3,33.34976603151893,129.764492,,,1,,,,,,,,,,207,blue,0,0,0
89,,9812010,1,20260818,,,,,,,,,,,,,,,3,33.13956403121204,129.784069,,,1,,,,,,,,,,207,blue,0,0,0
89,,9812020,1,20260818,,,,,,,,,,,,,,,3,33.28640603142677,130.150153,,,1,,,,,,,,,,207,blue,0,0,0
89,,9812030,1,20260818,,,,,,,,,,,,,,,3,33.0852950311323,131.637799,,,1,0,0,0,0,0,0,0,0,0,207,blue,0,0,0
89,,9812040,1,20260818,2775,589,0,,,,,3133,527,0,,,,,3,32.56861103036308,131.553056,,,0,0,0,0,0,0,0,0,0,0,207,blue,3364,3660,7024
89,,9812050,1,20260818,,,,,,,,,,,,,,,3,33.55027803180869,130.478333,,,1,,,,,,,,,,207,blue,0,0,0
89,,9812060,1,20260818,,,,,,,,,,,,,,,3,32.92625003089743,131.00539,,,1,,,,,,,,,,207,blue,0,0,0
89,,9812070,1,20260818,3791,732,0,,,,,4679,750,0,,,,,3,32.90000003085849,130.933611,,,0,0,0,0,0,0,0,0,0,0,207,blue,4523,5429,9952
89,,9812080,1,20260818,6259,713,0,,,,,6162,512,0,,,,,3,33.27595303141153,130.319462,,,0,0,0,0,0,0,0,0,0,0,207,blue,6972,6674,13646
89,,9812090,1,20260818,,,,,,,,,,,,,,,3,33.59653803187511,130.611685,,,1,,,,,,,,,,207,blue,0,0,0
89,,9812100,1,20260818,1608,298,0,,,,,1552,271,0,,,,,3,33.05235003108379,130.430417,,,1,0,0,0,0,0,0,0,0,0,207,blue,1906,1823,3729
89,,9812110,1,20260818,3261,2852,0,,,,,846,4180,0,,,,,3,33.15888903124039,129.761111,,,0,0,0,0,0,0,0,0,0,0,207,blue,6113,5026,11139
89,,9812120,1,20260818,9301,1011,0,,,,,9252,1202,0,,,,,3,31.737096029090242,130.677414,,,0,0,0,0,0,0,0,0,0,0,207,blue,10312,10454,20766
89,,9812130,1,20260818,5468,928,0,,,,,7150,913,0,,,,,3,33.32114903147733,130.391671,,,0,0,0,0,0,0,0,0,0,0,207,blue,6396,8063,14459
89,,9812140,1,20260818,569,80,0,,,,,494,87,0,,,,,3,32.733917030611096,130.31245,,,0,0,0,0,0,0,0,0,0,0,207,blue,649,581,1230
89,,9812150,1,20260818,1585,209,0,,,,,1620,276,0,,,,,3,33.06265303109897,129.960344,,,0,0,0,0,0,0,0,0,0,0,207,blue,1794,1896,3690
90,,10810020,1,20260818,3722,227,0,,,,,6190,560,0,,,,,3,26.424849820394154,127.81697970000002,,,0,0,0,0,0,0,0,0,0,0,207,blue,3949,6750,10699
90,,10810030,1,20260818,2978,86,0,,,,,10177,861,0,,,,,3,26.20527802002984,127.672778,,,0,0,0,0,0,1,1,0,0,0,207,blue,3064,11038,14102
90,,10810040,1,20260818,7385,621,0,,,,,4395,561,0,,,,,3,26.206111020031226,127.665833,,,0,0,0,0,0,1,1,0,0,0,207,blue,8006,4956,12962
90,,10810050,1,20260818,2776,183,0,,,,,3145,278,0,,,,,3,26.69152402083745,128.108879,,,0,,,,,,,,,,207,blue,2959,3423,6382
90,,10810060,1,20260818,0,0,0,,,,,0,0,0,,,,,3,26.634931020743306,128.037283,,,0,,,,,,,,,,207,blue,0,0,0
90,,10810070,1,20260818,0,0,0,,,,,0,0,0,,,,,3,26.60195202068847,127.99972500000001,,,0,,,,,,,,,,207,blue,0,0,0
90,,10810080,1,20260818,5480,709,0,,,,,5353,356,0,,,,,3,26.583164020657225,127.99781300000001,,,0,,,,,,,,,,207,blue,6189,5709,11898
90,,10810090,1,20260818,4447,249,0,,,,,5292,253,0,,,,,3,26.573059020640425,127.989432,,,0,,,,,,,,,,207,blue,4696,5545,10241
90,,10810100,1,20260818,5859,426,0,,,,,4870,356,0,,,,,3,26.558695020616547,127.976575,,,0,,,,,,,,,,207,blue,6285,5226,11511
90,,10810110,1,20260818,0,0,0,,,,,0,0,0,,,,,3,26.547043020597176,127.96594700000001,,,0,,,,,,,,,,207,blue,0,0,0
90,,10810120,1,20260818,18940,2851,0,,,,,10312,1465,0,,,,,3,26.545420020594484,127.96513700000001,,,0,,,,,,,,,,207,blue,21791,11777,33568
90,,10810130,1,20260818,8061,662,0,,,,,6606,584,0,,,,,3,26.541292020587623,127.95978,,,0,,,,,,,,,,207,blue,8723,7190,15913
90,,10810140,1,20260818,7953,493,0,,,,,8168,546,0,,,,,3,26.536514020579673,127.935453,,,0,,,,,,,,,,207,blue,8446,8714,17160
90,,10810150,1,20260818,0,0,0,,,,,0,0,0,,,,,3,26.51382402054197,127.901775,,,0,,,,,,,,,,207,blue,0,0,0
90,,10810160,1,20260818,6789,42,0,,,,,7373,485,0,,,,,3,26.503684020525117,127.87991000000001,,,0,,,,,,,,,,207,blue,6831,7858,14689
90,,10810170,1,20260818,0,0,0,,,,,0,0,0,,,,,3,26.49844302051641,127.86208000000002,,,0,,,,,,,,,,207,blue,0,0,0
90,,10810180,1,20260818,5431,10,0,,,,,7533,134,0,,,,,3,26.48233402048965,127.85135699999998,,,0,,,,,,,,,,207,blue,5441,7667,13108
90,,10810190,1,20260818,0,0,0,,,,,0,0,0,,,,,3,26.44345902042506,127.805583,,,0,,,,,,,,,,207,blue,0,0,0
90,,10810200,1,20260818,,,,,,,,,,,,,,,3,26.338860020251406,127.7508,,,1,,,,,,,,,,207,blue,0,0,0
90,,10810220,1,20260818,24114,3387,0,,,,,13920,6870,0,,,,,3,26.26837002013446,127.73051999999998,,,0,,,,,,,,,,207,blue,27501,20790,48291
90,,10810230,1,20260818,14081,2719,0,,,,,15873,2500,0,,,,,3,26.266310020131048,127.72327,,,0,,,,,,,,,,207,blue,16800,18373,35173
90,,10810240,1,20260818,0,0,0,,,,,0,0,0,,,,,3,26.269040020135566,127.72616000000001,,,0,,,,,,,,,,207,blue,0,0,0
90,,10810260,1,20260818,11787,271,0,,,,,9107,829,0,,,,,3,26.273440020142868,127.71261000000001,,,0,,,,,,,,,,207,blue,12058,9936,21994
90,,10810270,1,20260818,0,0,0,,,,,0,0,0,,,,,3,26.451180020437896,127.89631,,,0,,,,,,,,,,207,blue,0,0,0
90,,10810280,1,20260818,3280,33,0,,,,,8244,8,0,,,,,3,26.4491400204345,127.849893,,,0,,,,,,,,,,207,blue,3313,8252,11565
90,,10810290,1,20260818,2899,336,0,,,,,3262,428,0,,,,,3,26.448972020434223,127.90855300000001,,,0,,,,,,,,,,207,blue,3235,3690,6925
90,,10810300,1,20260818,8914,723,0,,,,,6847,379,0,,,,,3,26.30711002019872,127.81338,,,0,,,,,,,,,,207,blue,9637,7226,16863
90,,10810310,1,20260818,0,0,0,,,,,0,0,0,,,,,3,26.287560020166286,127.81449,,,0,,,,,,,,,,207,blue,0,0,0
90,,10810320,1,20260818,11240,2282,0,,,,,9162,778,0,,,,,3,26.22351002006007,127.76571,,,0,,,,,,,,,,207,blue,13522,9940,23462
90,,10810330,1,20260818,,,,,,,,,,,,,,,3,26.200760020022358,127.75174999999999,,,1,,,,,,,,,,207,blue,0,0,0
90,,10810340,1,20260818,13163,347,0,,,,,11085,624,0,,,,,3,26.25841002011794,127.75767000000002,,,0,,,,,,,,,,207,blue,13510,11709,25219
90,,10810350,1,20260818,0,0,0,,,,,0,0,0,,,,,3,26.24962002010336,127.74765,,,0,,,,,,,,,,207,blue,0,0,0
90,,10810360,1,20260818,25101,2536,0,,,,,27637,1007,0,,,,,3,26.25443002011134,127.73508000000001,,,0,,,,,,,,,,207,blue,27637,28644,56281
90,,10810370,1,20260818,26979,1064,0,,,,,27377,357,0,,,,,3,26.25456002011155,127.72416000000001,,,0,,,,,,,,,,207,blue,28043,27734,55777
90,,10810380,1,20260818,15481,1329,0,,,,,16096,2000,0,,,,,3,26.169530019970612,127.65168,,,0,,,,,,,,,,207,blue,16810,18096,34906
90,,10810390,1,20260818,0,0,0,,,,,0,0,0,,,,,3,26.154010019944888,127.65812,,,0,,,,,,,,,,207,blue,0,0,0
90,,10810400,1,20260818,0,0,0,,,,,0,0,0,,,,,3,26.130710019906292,127.66514,,,0,,,,,,,,,,207,blue,0,0,0
90,,10810410,1,20260818,0,0,0,,,,,0,0,0,,,,,3,26.11574001988149,127.66860000000001,,,0,,,,,,,,,,207,blue,0,0,0
90,,10810420,1,20260818,0,0,0,,,,,0,0,0,,,,,3,26.09400001984549,127.71590000000002,,,0,,,,,,,,,,207,blue,0,0,0
90,,10810430,1,20260818,0,0,0,,,,,0,0,0,,,,,3,26.128730019903006,127.75918999999999,,,0,,,,,,,,,,207,blue,0,0,0
90,,10810440,1,20260818,0,0,0,,,,,0,0,0,,,,,3,26.140140019921905,127.77529,,,0,,,,,,,,,,207,blue,0,0,0
90,,10810450,1,20260818,0,0,0,,,,,0,0,0,,,,,3,26.170060019971476,127.8265,,,0,,,,,,,,,,207,blue,0,0,0
90,,10810460,1,20260818,0,0,0,,,,,0,0,0,,,,,3,26.20426002002816,127.652556,,,0,,,,,,,,,,207,blue,0,0,0
90,,10810470,1,20260818,0,0,0,,,,,0,0,0,,,,,3,26.209250020036425,127.73744999999998,,,0,,,,,,,,,,207,blue,0,0,0
90,,10810480,1,20260818,0,0,0,,,,,0,0,0,,,,,3,26.18171001999079,127.73158000000001,,,0,,,,,,,,,,207,blue,0,0,0
90,,10810490,1,20260818,0,0,0,,,,,0,0,0,,,,,3,26.17543001998038,127.70638000000001,,,0,,,,,,,,,,207,blue,0,0,0
90,,10810510,1,20260818,0,0,0,,,,,0,0,0,,,,,3,26.17208001997483,127.69662,,,0,,,,,,,,,,207,blue,0,0,0
90,,10810520,1,20260818,0,0,0,,,,,0,0,0,,,,,3,26.17121001997338,127.67963999999999,,,0,,,,,,,,,,207,blue,0,0,0
