地方整備局等番号,開発建設部／都道府県コード,常時観測点コード,収集時間フラグ（5分間／1時間）,観測年月日,上り・小型交通量,上り・大型交通量,上り・車種判別不能交通量,上り・停電,上り・ループ異常,上り・超音波異常,上り・欠測,下り・小型交通量,下り・大型交通量,下り・車種判別不能交通量,下り・停電,下り・ループ異常,下り・超音波異常,下り・欠測,道路種別,lat,lng,lng2,lat2,カメラプリセット位置,気象影響による映像不良,照度不足,突発事象（交通事故等）,サーバの稼働,カメラの映像受信,映像のデコード処理,デコード映像から映像解析機能への取込加工処理の失敗,映像解析機能のフリーズ,その他エラー,count,color,上り・交通量,下り・交通量,交通量
81,02,1110010,1,20260810,10833,2092,0,0,0,0,0,9198,1788,0,0,0,0,0,3,41.93108757020422,140.6421045,,,,,,,,,,,,,207,red,12925,10986,23911
81,02,1110020,1,20260810,4356,756,0,0,0,0,0,3813,616,0,0,0,0,0,3,42.1540981903046,140.4840606,,,,,,,,,,,,,207,red,5112,4429,9541
81,03,1110030,1,20260810,1064,178,0,0,0,0,0,896,138,0,0,0,0,0,3,42.672714040509845,140.377502,,,,,,,,,,,,,207,red,1242,1034,2276
81,03,1110050,1,20260810,4381,660,0,0,0,0,0,5190,765,0,0,0,0,0,3,43.121255040655214,140.735792,,,,,,,,,,,,,207,red,5041,5955,10996
81,03,1110060,1,20260810,6591,439,0,0,0,0,0,7234,655,0,0,0,0,0,3,43.19868804067728,140.862496,,,,,,,,,,,,,207,red,7030,7889,14919
81,03,1110080,1,20260810,12171,1105,0,0,0,0,0,13130,1220,0,0,0,0,0,3,43.153022040664396,141.118728,,,,,,,,,,,,,207,red,13276,14350,27626
81,01,1110090,1,20260810,13459,791,0,0,0,0,0,11474,588,0,0,0,0,0,3,43.08364407064419,141.3496424,,,,,,,,,,,,,207,red,14250,12062,26312
81,02,1110100,1,20260810,11501,1226,0,0,0,0,0,10698,971,0,0,0,0,0,3,41.855509180168546,140.7378302,,,,,,,,,,,,,207,red,12727,11669,24396
81,02,1110110,1,20260810,8165,705,3,0,0,0,1,6628,863,7,0,0,0,1,3,41.91094404019478,140.69325,,,,,,,,,,,,,207,red,8873,7498,16371
81,03,1110120,1,20260810,531,24,6,0,0,0,0,647,48,10,0,0,0,0,3,42.65674504050413,140.412444,,,,,,,,,,,,,207,red,561,705,1266
81,01,1110130,1,20260810,9469,700,0,0,0,0,0,8638,699,0,0,0,0,0,3,43.18473404067338,141.721783,,,,,,,,,,,,,207,red,10169,9337,19506
81,01,1110140,1,20260810,5108,665,0,0,0,0,0,4654,722,0,0,0,0,0,3,43.351557040718205,141.866096,,,,,,,,,,,,,207,red,5773,5376,11149
81,04,1110150,1,20260810,7631,1078,0,0,0,0,0,8219,1302,0,0,0,0,0,3,43.72678204080376,142.211538,,,,,,,,,,,,,207,red,8709,9521,18230
81,04,1110160,1,20260810,7730,726,1159,0,0,0,0,9701,1110,317,0,0,0,0,3,43.798283040817644,142.333692,,,,,,,,,,,,,207,red,9615,11128,20743
81,01,1110170,1,20260810,0,0,0,0,0,207,0,0,0,0,0,0,207,0,3,42.95409804060455,141.495931,,,,,,,,,,,,,207,red,0,0,0
81,05,1110180,1,20260810,9741,1244,0,1,0,0,0,10013,1229,0,1,0,0,0,3,42.619514790490626,141.5539538,,,,,,,,,,,,,207,red,10985,11242,22227
81,05,1110190,1,20260810,6622,620,2922,0,0,127,0,9061,699,51,0,0,0,0,3,42.38500765040089,141.0774629,,,,,,,,,,,,,207,red,10164,9811,19975
81,05,1110200,1,20260810,0,0,0,0,0,207,0,2602,440,0,0,0,0,0,3,42.60033645048358,140.6268309,,,,,,,,,,,,,207,red,0,3042,3042
81,01,1110220,1,20260810,2893,385,0,0,0,0,0,2744,317,0,0,0,0,0,3,43.53094035076174,142.1739006,,,,,,,,,,,,,207,red,3278,3061,6339
81,04,1110230,1,20260810,3712,366,0,0,0,0,0,3860,351,0,0,0,0,0,3,43.34513804071655,142.377435,,,,,,,,,,,,,207,red,4078,4211,8289
81,04,1110240,1,20260810,0,0,2066,0,0,207,0,0,0,2074,0,0,207,0,3,43.16138604066678,142.575567,,,,,,,,,,,,,207,red,2066,2074,4140
81,07,1110250,1,20260810,2915,627,0,0,0,0,0,3256,626,0,0,0,0,0,3,42.96760298060881,142.8955221,,,,,,,,,,,,,207,red,3542,3882,7424
81,07,1110260,1,20260810,5478,369,123,0,0,0,0,4980,308,53,0,0,0,0,3,42.91673291059265,143.2700872,,,,,,,,,,,,,207,red,5970,5341,11311
81,07,1110270,1,20260810,1107,228,0,0,0,0,0,1135,269,0,0,0,0,0,3,42.832729040565155,143.765979,,,,,,,,,,,,,207,red,1335,1404,2739
81,06,1110280,1,20260810,3565,562,0,0,0,0,0,3972,672,0,0,0,0,0,3,43.002010860619514,144.2464972,,,,,,,,,,,,,207,red,4127,4644,8771
81,06,1110281,1,20260810,5280,878,0,0,0,0,0,5852,768,0,0,0,0,0,3,43.03483108062955,144.3754256,,,,,,,,,,,,,207,red,6158,6620,12778
81,06,1110282,1,20260810,3536,775,0,0,0,0,0,3318,656,0,0,0,0,0,3,43.01628558062389,144.4224501,,,,,,,,,,,,,207,red,4311,3974,8285
81,06,1110283,1,20260810,2324,578,0,0,0,0,0,1923,379,0,0,0,0,0,3,43.00268904061971,144.473627,,,,,,,,,,,,,207,red,2902,2302,5204
81,04,1110290,1,20260810,4423,400,0,0,0,0,0,3907,360,0,0,0,0,0,3,43.818868040821506,142.447347,,,,,,,,,,,,,207,red,4823,4267,9090
81,04,1110300,1,20260810,1249,210,9,0,0,0,0,0,0,1187,0,0,207,0,3,43.84894404082702,142.744489,,,,,,,,,,,,,207,red,1468,1187,2655
81,04,1110310,1,20260810,1960,288,13,0,0,0,0,0,0,1778,0,0,207,0,3,43.781848040814516,142.90227300000004,,,,,,,,,,,,,207,red,2261,1778,4039
81,08,1110320,1,20260810,1140,197,0,0,207,0,0,1078,208,0,0,207,0,0,3,43.750539740808456,143.4918536,,,,,,,,,,,,,207,red,1337,1286,2623
81,08,1110330,1,20260810,4229,275,69,0,0,0,0,4836,373,0,0,207,0,0,3,43.79818204081763,143.833134,,,,,,,,,,,,,207,red,4573,5209,9782
81,08,1110331,1,20260810,1651,407,0,0,0,0,0,1595,290,0,0,0,0,0,3,43.7822242308146,143.8981667,,,,,,,,,,,,,207,red,2058,1885,3943
81,08,1110332,1,20260810,1384,324,0,0,0,0,0,1252,262,0,0,0,0,0,3,43.80292804081852,143.926029,,,,,,,,,,,,,207,red,1708,1514,3222
81,08,1110340,1,20260810,,,,0,0,0,207,,,,0,0,0,207,3,43.85309704082778,144.102175,,,,,,,,,,,,,207,red,0,0,0
81,08,1110350,1,20260810,2217,188,0,0,0,0,7,1970,155,0,0,0,0,7,3,43.87040004083089,144.150466,,,,,,,,,,,,,207,red,2405,2125,4530
81,04,1110360,1,20260810,5734,780,0,0,0,0,0,5260,706,0,0,0,0,0,3,43.819632040821645,142.40886,,,,,,,,,,,,,207,red,6514,5966,12480
81,04,1110370,1,20260810,2343,362,136,0,0,0,0,2601,275,2,0,0,0,0,3,43.9375450408425,142.46586,,,,,,,,,,,,,207,red,2841,2878,5719
81,04,1110380,1,20260810,345,73,0,0,132,0,75,301,54,0,0,132,0,75,3,44.49438804091256,142.340371,,,,,,,,,,,,,207,red,418,355,773
81,04,1110390,1,20260810,769,209,0,0,0,0,0,687,144,0,0,0,0,0,3,44.82270404093181,142.065768,,,,,,,,,,,,,207,red,978,831,1809
81,04,1110400,1,20260810,,,,0,0,0,207,,,,0,0,0,207,3,44.331686040896926,142.446612,,,,,,,,,,,,,207,red,0,0,0
81,04,1110410,1,20260810,2338,256,64,0,0,0,0,2107,167,6,0,0,0,0,3,44.4124520409052,142.40433,,,,,,,,,,,,,207,red,2658,2280,4938
81,04,1110420,1,20260810,2141,305,47,0,0,0,0,,,,0,0,0,207,3,44.436504040907465,142.370834,,,,,,,,,,,,,207,red,2493,0,2493
81,04,1110430,1,20260810,1712,251,39,0,0,0,2,1510,141,15,0,0,0,2,3,44.46719604091022,142.373557,,,,,,,,,,,,,207,red,2002,1666,3668
81,04,1110431,1,20260810,1448,247,0,0,0,0,0,1261,134,0,0,0,0,0,3,44.49400304091251,142.349754,,,,,,,,,,,,,207,red,1695,1395,3090
81,10,1110440,1,20260810,951,189,0,0,207,0,0,1110,103,158,0,0,2,0,3,45.01690604093549,141.836757,,,,,,,,,,,,,207,red,1140,1371,2511
81,10,1110460,1,20260810,763,80,165,0,0,82,7,1022,99,3,0,0,0,7,3,45.20892604093353,141.770096,,,,,,,,,,,,,207,red,1008,1124,2132
81,06,1110470,1,20260810,3362,163,19,0,0,0,0,3208,136,11,0,0,0,0,3,42.99479183061728,144.4493526,,,,,,,,,,,,,207,red,3544,3355,6899
81,06,1110480,1,20260810,1827,239,8,0,0,0,0,1725,185,12,0,0,0,0,3,43.13343702065876,145.0159693,,,,,,,,,,,,,207,red,2074,1922,3996
81,02,1110490,1,20260810,2329,301,0,0,0,0,0,2148,502,0,0,0,0,0,3,41.89734796018839,140.6338191,,,,,,,,,,,,,207,red,2630,2650,5280
81,02,1110500,1,20260810,1807,160,0,0,207,0,0,1790,78,149,0,0,0,0,3,41.480587619979374,140.2558047,,,,,,,,,,,,,207,red,1967,2017,3984
81,02,1110510,1,20260810,5736,442,128,0,0,0,0,6070,478,9,0,0,0,0,3,41.83901009016065,140.7069415,,,,,,,,,,,,,207,red,6306,6557,12863
81,02,1110520,1,20260810,3463,289,0,0,207,0,0,3386,376,0,0,207,0,0,3,41.83229743015742,140.67026760000002,,,,,,,,,,,,,207,red,3752,3762,7514
81,02,1110530,1,20260810,2965,203,57,0,0,0,0,2563,95,76,0,0,0,0,3,41.82065939015182,140.6236414,,,,,,,,,,,,,207,red,3225,2734,5959
81,03,1110540,1,20260810,562,49,0,0,0,0,0,481,31,0,0,0,0,0,3,43.24834804069096,140.33431600000003,,,,,,,,,,,,,207,red,611,512,1123
81,03,1110550,1,20260810,0,0,0,0,0,207,0,1546,271,0,0,0,0,0,3,42.96644104060844,140.471476,,,,,,,,,,,,,207,red,0,1817,1817
81,03,1110560,1,20260810,330,30,0,0,0,0,0,268,18,0,0,0,0,0,3,42.69059604051622,139.972281,,,,,,,,,,,,,207,red,360,286,646
81,02,1110570,1,20260810,956,75,0,0,0,0,0,870,100,0,0,0,0,0,3,42.068390450266875,140.0715584,,,,,,,,,,,,,207,red,1031,970,2001
81,01,1110600,1,20260810,9342,1307,0,0,0,0,0,6315,1187,0,0,0,0,0,3,43.1876802706742,141.3248983,,,,,,,,,,,,,207,red,10649,7502,18151
81,01,1110610,1,20260810,2689,195,0,0,0,0,0,0,0,0,0,0,207,0,3,43.377555040724815,141.428392,,,,,,,,,,,,,207,red,2884,0,2884
81,09,1110620,1,20260810,2458,156,0,0,0,0,0,2672,160,0,0,0,0,0,3,43.89116004083455,141.602442,,,,,,,,,,,,,207,red,2614,2832,5446
81,09,1110630,1,20260810,1519,142,5,0,0,0,0,1162,139,10,0,0,0,0,3,44.71198204092715,141.790418,,,,,,,,,,,,,207,red,1666,1311,2977
81,09,1110640,1,20260810,3089,628,0,0,0,0,0,2720,601,0,0,0,0,0,3,43.99996504085269,141.656227,,,,,,,,,,,,,207,red,3717,3321,7038
81,01,1110650,1,20260810,1661,148,0,0,0,0,0,1576,147,0,0,0,0,0,3,43.76598569081147,141.953873,,,,,,,,,,,,,207,red,1809,1723,3532
81,09,1110660,1,20260810,1058,145,0,0,0,0,0,1435,165,0,0,0,0,0,3,43.919969040839526,141.687135,,,,,,,,,,,,,207,red,1203,1600,2803
81,01,1110670,1,20260810,1484,90,10,0,0,0,0,1396,78,3,0,0,0,0,3,43.719328040802246,141.995229,,,,,,,,,,,,,207,red,1584,1477,3061
81,01,1110680,1,20260810,1898,167,48,0,0,0,1,1949,135,7,0,0,0,1,3,43.80247704081843,141.939455,,,,,,,,,,,,,207,red,2113,2091,4204
81,01,1110690,1,20260810,2211,185,6,0,0,0,1,2265,168,6,0,0,0,1,3,43.804048040818735,141.856355,,,,,,,,,,,,,207,red,2402,2439,4841
81,09,1110700,1,20260810,2365,426,0,0,207,90,0,3041,277,7,0,0,0,0,3,43.84518804082634,141.778679,,,,,,,,,,,,,207,red,2791,3325,6116
81,09,1110701,1,20260810,2916,291,0,0,0,0,0,3186,358,0,0,0,0,0,3,43.87822704083228,141.723595,,,,,,,,,,,,,207,red,3207,3544,6751
81,09,1110702,1,20260810,2416,283,0,0,0,0,0,2654,300,0,0,0,0,0,3,43.928072040840895,141.68278,,,,,,,,,,,,,207,red,2699,2954,5653
81,01,1110710,1,20260810,1775,203,0,0,0,207,0,3404,489,0,0,0,0,0,3,43.11269117065273,141.74737440000004,,,,,,,,,,,,,207,red,1978,3893,5871
81,05,1110720,1,20260810,2937,679,101,0,0,0,0,2509,827,35,0,0,0,0,3,42.81091575055783,141.8315435,,,,,,,,,,,,,207,red,3717,3371,7088
81,05,1110730,1,20260810,2467,607,9,0,0,0,0,3378,713,32,0,0,0,0,3,42.57481157047414,141.9503395,,,,,,,,,,,,,207,red,3083,4123,7206
81,05,1110740,1,20260810,2533,353,0,0,0,0,0,2622,283,0,0,0,0,0,3,42.18634909031852,142.7152599,,,,,,,,,,,,,207,red,2886,2905,5791
81,05,1110750,1,20260810,0,0,0,0,0,207,0,1273,230,0,0,0,0,0,3,42.67572651051092,141.724241,,,,,,,,,,,,,207,red,0,1503,1503
81,05,1110760,1,20260810,5042,887,0,0,0,0,0,4810,739,0,0,0,0,0,3,42.65945501050509,141.8200069,,,,,,,,,,,,,207,red,5929,5549,11478
81,05,1110770,1,20260810,4707,897,0,0,0,0,0,4446,601,0,0,0,0,0,3,42.5992918904832,141.8930837,,,,,,,,,,,,,207,red,5604,5047,10651
81,07,1110780,1,20260810,1880,484,6,0,0,0,0,1901,314,4,0,0,0,0,3,42.47939292043798,143.273263,,,,,,,,,,,,,207,red,2370,2219,4589
81,05,1110790,1,20260810,,,,0,0,0,207,,,,0,0,0,207,3,42.23567851033952,142.9927157,,,,,,,,,,,,,207,red,0,0,0
81,07,1110800,1,20260810,1539,243,40,0,0,0,2,1910,304,1,0,0,0,2,3,42.944556830601535,143.1061614,,,,,,,,,,,,,207,red,1822,2215,4037
81,07,1110810,1,20260810,1089,517,44,0,0,0,1,1110,411,14,0,0,0,1,3,42.8783228205802,143.1246418,,,,,,,,,,,,,207,red,1650,1535,3185
81,07,1110820,1,20260810,3299,650,0,0,0,0,0,2829,475,0,0,0,0,0,3,42.772632730544835,143.175416,,,,,,,,,,,,,207,red,3949,3304,7253
81,07,1110830,1,20260810,2929,528,95,0,0,0,0,2521,367,49,0,0,0,0,3,42.722047130527294,143.168571,,,,,,,,,,,,,207,red,3552,2937,6489
81,07,1110831,1,20260810,2169,512,0,0,0,0,0,1942,314,0,0,0,0,0,3,42.67773204051164,143.145688,,,,,,,,,,,,,207,red,2681,2256,4937
81,07,1110832,1,20260810,1943,399,0,0,0,0,0,1719,277,0,0,0,0,0,3,42.637427040497144,143.190237,,,,,,,,,,,,,207,red,2342,1996,4338
81,07,1110833,1,20260810,1405,329,0,0,0,0,0,1200,213,0,0,0,0,0,3,42.550911040465216,143.288527,,,,,,,,,,,,,207,red,1734,1413,3147
81,04,1110840,1,20260810,5071,452,0,0,0,0,0,4327,344,0,0,0,0,0,3,43.67766304079377,142.395871,,,,,,,,,,,,,207,red,5523,4671,10194
81,04,1110850,1,20260810,1016,162,0,0,0,0,0,901,156,0,0,0,0,0,3,43.142849040661474,142.416499,,,,,,,,,,,,,207,red,1178,1057,2235
81,05,1110860,1,20260810,3814,864,0,0,0,0,0,2422,393,0,0,0,0,0,3,42.56014623046868,141.984126,,,,,,,,,,,,,207,red,4678,2815,7493
81,05,1110861,1,20260810,2845,456,0,0,0,0,0,2653,317,0,0,0,0,0,3,42.511718620450374,142.0646378,,,,,,,,,,,,,207,red,3301,2970,6271
81,05,1110862,1,20260810,2461,362,0,0,0,0,0,2278,221,0,0,0,0,0,3,42.476880240437005,142.1551718,,,,,,,,,,,,,207,red,2823,2499,5322
81,08,1110870,1,20260810,1537,505,0,0,207,0,0,1305,395,0,0,207,0,0,3,44.122097850870915,144.0483972,,,,,,,,,,,,,207,red,2042,1700,3742
81,08,1110881,1,20260810,1949,399,0,0,0,0,0,1723,348,0,0,0,0,0,3,44.24722204088725,143.491111,,,,,,,,,,,,,207,red,2348,2071,4419
81,08,1110890,1,20260810,1682,397,0,0,207,0,0,1553,260,0,0,207,0,0,3,44.571011040918506,142.9747586,,,,,,,,,,,,,207,red,2079,1813,3892
81,10,1110900,1,20260810,,,,0,0,0,207,,,,0,0,0,207,3,45.401916040925876,141.74393,,,,,,,,,,,,,207,red,0,0,0
81,04,1110910,1,20260810,1278,156,0,0,0,0,0,0,0,0,0,0,207,0,3,44.33124604089689,142.51453,,,,,,,,,,,,,207,red,1434,0,1434
81,04,1110920,1,20260810,,,,0,0,0,207,,,,0,0,0,207,3,44.17901104087865,142.27833,,,,,,,,,,,,,207,red,0,0,0
81,06,1110930,1,20260810,2309,407,0,0,0,0,0,2032,310,0,0,0,0,0,3,43.094167250647295,144.1218925,,,,,,,,,,,,,207,red,2716,2342,5058
81,08,1110941,1,20260810,1442,522,0,0,207,0,0,1735,360,0,0,207,0,0,3,43.69889304079811,144.026451,,,,,,,,,,,,,207,red,1964,2095,4059
81,07,1110950,1,20260810,2274,343,34,0,0,0,0,2644,450,17,0,0,0,0,3,43.204237410678836,143.2746363,,,,,,,,,,,,,207,red,2651,3111,5762
81,07,1110960,1,20260810,1292,278,0,0,0,0,0,1222,316,0,0,0,0,0,3,43.458400040744706,143.740097,,,,,,,,,,,,,207,red,1570,1538,3108
81,07,1110970,1,20260810,2090,473,0,0,0,0,0,2133,528,0,0,0,0,0,3,43.110542040652106,143.580506,,,,,,,,,,,,,207,red,2563,2661,5224
81,06,1110980,1,20260810,1363,205,0,0,0,0,0,1327,222,0,0,0,0,0,3,43.55969036076827,144.3196517,,,,,,,,,,,,,207,red,1568,1549,3117
81,06,1110990,1,20260810,,,,0,0,0,207,,,,0,0,0,207,3,43.46525075074637,144.6738938,,,,,,,,,,,,,207,red,0,0,0
81,06,1111000,1,20260810,992,144,0,0,0,0,0,900,100,0,0,0,0,0,3,43.3767268407246,145.1354671,,,,,,,,,,,,,207,red,1136,1000,2136
81,08,1111010,1,20260810,3808,446,0,0,207,0,0,3340,411,0,0,207,0,0,3,43.98185858084978,144.2978521,,,,,,,,,,,,,207,red,4254,3751,8005
81,06,1111020,1,20260810,898,46,4,0,0,0,0,971,58,19,0,0,0,0,3,43.58981766077498,145.2084661,,,,,,,,,,,,,207,red,948,1048,1996
81,06,1111030,1,20260810,1665,418,0,0,0,0,0,1425,264,0,0,0,0,0,3,43.02214121062568,144.5287192,,,,,,,,,,,,,207,red,2083,1689,3772
81,06,1111040,1,20260810,0,0,5812,0,0,207,0,5105,884,0,0,207,0,0,3,43.53929381076365,144.9801323,,,,,,,,,,,,,207,red,5812,5989,11801
81,08,1111050,1,20260810,1035,250,0,0,207,0,0,1237,151,19,0,0,0,0,3,44.25159504088778,143.262315,,,,,,,,,,,,,207,red,1285,1407,2692
81,01,1111060,1,20260810,1983,319,0,0,0,0,0,1921,293,0,0,0,0,0,3,42.938085080599464,142.0403856,,,,,,,,,,,,,207,red,2302,2214,4516
81,07,1111080,1,20260810,1209,517,0,0,0,0,0,1331,489,0,0,0,0,0,3,42.97320004061056,142.816438,,,,,,,,,,,,,207,red,1726,1820,3546
81,01,1111090,1,20260810,7362,1310,0,0,0,0,0,6860,1231,0,0,0,0,0,3,43.12130790065524,141.4830387,,,,,,,,,,,,,207,red,8672,8091,16763
81,01,1111100,1,20260810,4368,849,0,0,0,0,0,4517,757,0,0,0,0,0,3,43.43463367073897,141.8216186,,,,,,,,,,,,,207,red,5217,5274,10491
81,01,1111110,1,20260810,2922,375,0,0,0,0,0,2848,392,0,0,0,0,0,3,43.57168557077097,141.8750113,,,,,,,,,,,,,207,red,3297,3240,6537
81,02,1111130,1,20260810,6749,644,42,0,207,0,0,7595,386,84,0,0,0,0,3,41.77319404012875,140.796333,,,,,,,,,,,,,207,red,7435,8065,15500
81,02,1111140,1,20260810,603,51,0,0,0,0,0,591,117,0,0,0,0,0,3,42.03841781025344,140.8062566,,,,,,,,,,,,,207,red,654,708,1362
81,02,1111145,1,20260810,9574,890,0,0,0,0,0,11221,843,0,0,0,0,0,3,41.84000143016112,140.7552781,,,,,,,,,,,,,207,red,10464,12064,22528
81,08,1111150,1,20260810,587,104,0,0,207,0,0,793,123,0,0,207,0,0,3,44.010611040854364,143.413281,,,,,,,,,,,,,207,red,691,916,1607
81,08,1111160,1,20260810,,,,0,0,0,207,,,,0,0,0,207,3,43.962452040846635,143.715644,,,,,,,,,,,,,207,red,0,0,0
81,01,1111180,1,20260810,,,,0,0,0,207,,,,0,0,0,207,3,42.815960640559524,141.6810393,,,,,,,,,,,,,207,red,0,0,0
81,01,1111190,1,20260810,0,0,5563,0,0,207,0,305,16,6253,0,0,207,0,3,42.83070733056448,141.6903091,,,,,,,,,,,,,207,red,5563,6574,12137
81,01,1111200,1,20260810,3947,948,261,0,0,0,0,5055,1098,70,0,207,0,0,3,42.860948090574496,141.7104933,,,,,,,,,,,,,207,red,5156,6223,11379
81,01,1111210,1,20260810,2632,1127,0,0,0,0,0,0,0,0,0,0,207,0,3,43.18556004067363,141.554044,,,,,,,,,,,,,207,red,3759,0,3759
81,06,1111220,1,20260810,1105,171,0,0,0,0,0,1131,148,0,0,0,0,0,3,43.37269109072359,144.5593071,,,,,,,,,,,,,207,red,1276,1279,2555
81,08,1111230,1,20260810,457,87,9,0,0,0,0,445,70,11,0,0,0,0,3,43.81126104082009,144.489672,,,,,,,,,,,,,207,red,553,526,1079
81,06,1111240,1,20260810,322,42,1,0,0,0,0,277,47,1,0,0,0,0,3,42.99604737061767,144.0391088,,,,,,,,,,,,,207,red,365,325,690
81,03,1111250,1,20260810,1773,259,0,0,0,0,0,1271,180,0,0,0,0,0,3,43.089578040645954,140.955582,,,,,,,,,,,,,207,red,2032,1451,3483
81,04,1111260,1,20260810,1798,163,13,0,0,0,0,1879,120,7,0,0,0,0,3,43.92330404084009,142.480139,,,,,,,,,,,,,207,red,1974,2006,3980
81,04,1111270,1,20260810,0,0,1744,0,0,0,0,0,0,1579,0,0,0,0,3,43.90347904083668,142.548538,,,,,,,,,,,,,207,red,1744,1579,3323
81,04,1111280,1,20260810,4098,419,11,0,0,0,0,4038,302,9,0,0,0,0,3,43.88962304083429,142.598335,,,,,,,,,,,,,207,red,4528,4349,8877
81,04,1111290,1,20260810,3901,398,29,0,0,0,0,3949,272,98,0,0,0,0,3,43.840859040825556,142.737691,,,,,,,,,,,,,207,red,4328,4319,8647
81,04,1111300,1,20260810,2523,286,21,0,0,0,0,2880,201,46,0,0,0,0,3,43.843162040825966,142.799904,,,,,,,,,,,,,207,red,2830,3127,5957
81,04,1111310,1,20260810,,,,0,0,0,207,,,,0,0,0,207,3,43.885885060833616,142.99375530000003,,,,,,,,,,,,,207,red,0,0,0
81,08,1111320,1,20260810,,,,0,0,0,207,,,,0,0,0,207,3,43.942327040843296,143.272964,,,,,,,,,,,,,207,red,0,0,0
81,08,1111321,1,20260810,1896,277,0,0,0,0,0,2522,216,0,0,0,0,0,3,44.005186040853516,143.417614,,,,,,,,,,,,,207,red,2173,2738,4911
81,08,1111322,1,20260810,1843,258,0,0,0,0,0,2439,186,0,0,0,0,0,3,44.010190040854305,143.450296,,,,,,,,,,,,,207,red,2101,2625,4726
81,01,1111330,1,20260810,5179,401,0,0,0,0,0,4345,374,0,0,0,0,0,3,42.93896478059976,141.3440037,,,,,,,,,,,,,207,red,5580,4719,10299
81,05,1111340,1,20260810,2029,288,0,0,0,0,0,2169,278,0,0,0,0,0,3,42.559147540468295,140.8961254,,,,,,,,,,,,,207,red,2317,2447,4764
81,01,1111350,1,20260810,3273,946,0,0,0,0,0,3981,997,0,0,0,0,0,3,42.88313893058179,141.7190833,,,,,,,,,,,,,207,red,4219,4978,9197
81,01,1111360,1,20260810,2699,851,0,0,0,0,0,3540,940,0,0,0,0,0,3,42.91387104059173,141.717002,,,,,,,,,,,,,207,red,3550,4480,8030
81,01,1111370,1,20260810,1529,505,0,0,0,0,0,1581,618,0,0,0,0,0,3,43.05425404063542,141.635599,,,,,,,,,,,,,207,red,2034,2199,4233
81,02,1111380,1,20260810,7809,710,0,0,0,0,0,8220,618,0,0,0,0,0,3,41.822662040152785,140.7753,,,,,,,,,,,,,207,red,8519,8838,17357
81,02,1111390,1,20260810,4428,501,0,0,0,0,0,4085,422,0,0,0,0,0,3,41.80204204014281,140.800817,,,,,,,,,,,,,207,red,4929,4507,9436
81,02,1111400,1,20260810,2264,243,0,0,0,0,0,1979,142,0,0,0,0,0,3,41.75457904011961,140.573825,,,,,,,,,,,,,207,red,2507,2121,4628
81,04,1111410,1,20260810,705,119,0,0,0,0,0,558,101,0,0,0,0,0,3,43.35314804071861,142.36145400000004,,,,,,,,,,,,,207,red,824,659,1483
81,04,1111420,1,20260810,1411,190,0,0,0,0,0,1069,166,0,0,0,0,0,3,43.3038010407058,142.381627,,,,,,,,,,,,,207,red,1601,1235,2836
81,06,1111500,1,20260810,1729,194,0,0,0,0,0,1693,144,0,0,0,0,0,3,43.29111104070245,145.517778,,,,,,,,,,,,,207,red,1923,1837,3760
81,03,1111600,1,20260810,1430,240,0,0,0,0,0,1796,311,0,0,0,0,0,3,43.162210040667006,140.797074,,,,,,,,,,,,,207,red,1670,2107,3777
81,06,1160010,1,20260810,2595,523,75,0,0,0,0,2483,517,15,0,0,0,0,1,43.12053262065503,143.6537933,,,,,,,,,,,,,207,red,3193,3015,6208
81,06,1160020,1,20260810,2838,627,0,0,0,0,0,2798,610,0,0,0,0,0,1,43.12244095065557,143.6787104,,,,,,,,,,,,,207,red,3465,3408,6873
81,06,1160030,1,20260810,2729,628,0,0,0,0,0,2849,613,0,0,0,0,0,1,43.081215390643465,143.9874923,,,,,,,,,,,,,207,red,3357,3462,6819
81,06,1160040,1,20260810,2694,620,0,0,0,0,0,2873,600,0,0,0,0,0,1,43.08452217064445,144.1232336,,,,,,,,,,,,,207,red,3314,3473,6787
81,06,1160050,1,20260810,3121,563,0,0,0,0,0,3514,572,0,0,0,0,0,1,43.09138904064647,144.173494,,,,,,,,,,,,,207,red,3684,4086,7770
81,06,1160060,1,20260810,3735,554,0,0,0,0,0,4221,611,0,0,0,0,0,1,43.04670304063314,144.303761,,,,,,,,,,,,,207,red,4289,4832,9121
81,08,1160120,1,20260810,562,111,0,0,0,0,0,602,113,0,0,0,0,0,1,43.69663004079766,143.731065,,,,,,,,,,,,,207,red,673,715,1388
81,08,1160130,1,20260810,916,142,0,0,0,0,0,1050,143,0,0,0,0,0,1,43.7375680408059,143.819828,,,,,,,,,,,,,207,red,1058,1193,2251
81,02,1310010,1,20260810,2810,179,0,0,0,0,0,3015,206,0,0,0,0,0,3,41.9090560401939,140.682556,,,,,,,,,,,,,207,red,2989,3221,6210
81,02,1310020,1,20260810,5780,774,0,0,0,0,0,5157,650,0,0,0,0,0,3,42.0164720402435,140.622028,,,,,,,,,,,,,207,red,6554,5807,12361
81,02,1310030,1,20260810,4083,632,0,0,0,0,0,3779,598,0,0,0,0,0,3,42.44355604042405,140.326972,,,,,,,,,,,,,207,red,4715,4377,9092
81,03,1310040,1,20260810,3573,538,0,0,0,0,0,3985,605,0,0,0,0,0,3,43.005875040620694,140.666614,,,,,,,,,,,,,207,red,4111,4590,8701
81,01,1310050,1,20260810,3997,187,0,0,0,207,0,4928,222,0,0,0,207,0,3,43.13178497065829,141.1990678,,,,,,,,,,,,,207,red,4184,5150,9334
81,01,1310060,1,20260810,11750,1378,0,0,0,0,0,11538,1672,0,0,0,0,0,3,43.06547437063878,141.3767481,,,,,,,,,,,,,207,red,13128,13210,26338
81,01,1310070,1,20260810,11382,829,0,0,0,0,0,11856,942,0,0,0,0,0,3,43.048510140633695,141.4108604,,,,,,,,,,,,,207,red,12211,12798,25009
81,01,1310080,1,20260810,12819,700,0,0,0,0,0,12152,684,0,0,0,0,0,3,43.057749330636454,141.4844763,,,,,,,,,,,,,207,red,13519,12836,26355
81,01,1310090,1,20260810,0,0,0,0,0,207,0,6389,665,0,0,0,0,0,3,43.294945650703454,141.8492997,,,,,,,,,,,,,207,red,0,7054,7054
81,01,1310100,1,20260810,8743,791,0,0,0,0,0,8637,757,0,0,0,0,0,3,43.53544778076278,141.9200456,,,,,,,,,,,,,207,red,9534,9394,18928
81,01,1310110,1,20260810,4597,916,0,0,0,0,0,4374,917,0,0,0,0,0,3,43.66238455079058,141.9957268,,,,,,,,,,,,,207,red,5513,5291,10804
81,01,1310120,1,20260810,0,0,0,0,0,207,0,12788,1007,0,0,0,0,0,3,43.0094644106218,141.4241588,,,,,,,,,,,,,207,red,0,13795,13795
81,01,1310130,1,20260810,8182,1102,0,0,0,207,0,8943,1262,0,0,0,207,0,3,42.85324004057195,141.609931,,,,,,,,,,,,,207,red,9284,10205,19489
81,01,1310140,1,20260810,11052,2178,0,0,0,0,0,9702,2236,0,0,0,0,0,3,42.79203104055144,141.693651,,,,,,,,,,,,,207,red,13230,11938,25168
81,05,1310150,1,20260810,5489,622,0,0,0,0,0,5362,613,0,0,0,0,0,3,42.483348820439495,141.2489566,,,,,,,,,,,,,207,red,6111,5975,12086
81,05,1310160,1,20260810,7265,744,0,0,0,0,0,7656,566,0,0,0,0,0,3,42.362402460391806,140.964739,,,,,,,,,,,,,207,red,8009,8222,16231
81,05,1310170,1,20260810,4022,451,0,0,207,0,0,4098,164,19,0,0,0,0,3,42.363565450392265,140.9519019,,,,,,,,,,,,,207,red,4473,4281,8754
81,04,1310180,1,20260810,,,,0,0,0,207,,,,0,0,0,207,3,43.22376604068423,142.378762,,,,,,,,,,,,,207,red,0,0,0
81,06,1310200,1,20260810,1497,317,0,0,0,0,0,1804,424,0,0,0,0,0,3,42.89183628058462,143.9445233,,,,,,,,,,,,,207,red,1814,2228,4042
81,06,1310210,1,20260810,,,,0,0,0,207,,,,0,0,0,207,3,43.009797840621914,144.2786998,,,,,,,,,,,,,207,red,0,0,0
81,06,1310220,1,20260810,2821,485,0,0,0,0,0,4128,689,0,0,0,0,0,3,43.02229809062573,144.2728472,,,,,,,,,,,,,207,red,3306,4817,8123
81,08,1310230,1,20260810,,,,0,0,0,207,,,,0,0,0,207,3,43.85893419082885,144.0808788,,,,,,,,,,,,,207,red,0,0,0
81,08,1310240,1,20260810,2290,184,0,0,207,0,0,2122,220,0,0,207,0,0,3,44.01132969085448,144.2315868,,,,,,,,,,,,,207,red,2474,2342,4816
81,04,1310250,1,20260810,4013,422,206,0,0,0,0,4004,312,130,0,0,0,0,3,44.16725904087709,142.395004,,,,,,,,,,,,,207,red,4641,4446,9087
81,04,1310260,1,20260810,3241,499,18,0,0,0,0,3160,385,3,0,0,0,0,3,44.19030204088012,142.392098,,,,,,,,,,,,,207,red,3758,3548,7306
81,09,1310270,1,20260810,645,156,0,0,0,0,0,625,105,0,0,0,0,0,3,44.89849804093394,141.930734,,,,,,,,,,,,,207,red,801,730,1531
81,10,1310280,1,20260810,257,61,0,0,0,0,0,264,50,0,0,0,0,0,3,45.0919210409354,141.772244,,,,,,,,,,,,,207,red,318,314,632
81,10,1310290,1,20260810,,,,0,0,0,207,,,,0,0,0,207,3,45.3643680409278,141.728937,,,,,,,,,,,,,207,red,0,0,0
81,06,1310300,1,20260810,3313,336,4,0,0,0,0,0,0,3412,0,0,207,0,3,43.059450410636984,144.8007274,,,,,,,,,,,,,207,red,3653,3412,7065
81,06,1310310,1,20260810,351,77,0,0,207,0,0,375,73,6,0,0,0,0,3,43.27550252069827,145.50157790000003,,,,,,,,,,,,,207,red,428,454,882
81,02,1310320,1,20260810,4097,355,0,0,0,0,0,4478,355,0,0,0,0,0,3,41.8940000401868,140.139639,,,,,,,,,,,,,207,red,4452,4833,9285
81,02,1310330,1,20260810,4004,371,0,0,0,0,0,3827,270,0,0,0,0,0,3,41.68472204008489,140.444,,,,,,,,,,,,,207,red,4375,4097,8472
81,03,1310340,1,20260810,3796,254,0,0,0,0,0,2,4,0,0,0,194,0,3,43.26192904069464,140.646731,,,,,,,,,,,,,207,red,4050,6,4056
81,03,1310350,1,20260810,1862,329,0,0,0,0,0,1804,412,0,0,0,0,0,3,43.041313040631515,140.5119,,,,,,,,,,,,,207,red,2191,2216,4407
81,02,1310360,1,20260810,799,55,0,0,0,0,0,765,75,0,0,0,0,0,3,42.129260570293795,139.981876,,,,,,,,,,,,,207,red,854,840,1694
81,01,1310370,1,20260810,15961,988,0,0,0,0,0,16363,950,0,0,0,0,0,3,43.007483420621185,141.3442719,,,,,,,,,,,,,207,red,16949,17313,34262
81,03,1310380,1,20260810,5303,461,0,0,0,0,0,4867,391,0,0,0,0,0,3,42.797316040553234,140.953155,,,,,,,,,,,,,207,red,5764,5258,11022
81,03,1310390,1,20260810,4134,459,0,0,0,0,0,3995,436,0,0,0,0,0,3,42.75911004054018,140.927534,,,,,,,,,,,,,207,red,4593,4431,9024
81,09,1310420,1,20260810,2905,307,0,0,0,0,0,2383,250,0,0,0,0,0,3,44.315812040895196,141.663389,,,,,,,,,,,,,207,red,3212,2633,5845
81,05,1310430,1,20260810,1806,403,0,0,0,0,0,1467,2460,0,0,0,0,0,3,42.68397268051387,141.6803745,,,,,,,,,,,,,207,red,2209,3927,6136
81,05,1310440,1,20260810,900,129,40,0,0,0,0,1124,143,51,0,0,0,0,3,42.455508520428715,142.1783574,,,,,,,,,,,,,207,red,1069,1318,2387
81,07,1310450,1,20260810,,,,0,0,0,207,,,,0,0,0,207,3,42.850468990571045,143.1845784,,,,,,,,,,,,,207,red,0,0,0
81,04,1310460,1,20260810,3913,262,7,0,0,0,0,3788,506,0,0,207,0,0,3,43.3597710407203,142.387706,,,,,,,,,,,,,207,red,4182,4294,8476
81,05,1310470,1,20260810,629,396,0,0,0,0,0,654,413,0,0,0,0,0,3,42.87689451057974,142.4313468,,,,,,,,,,,,,207,red,1025,1067,2092
81,08,1310490,1,20260810,2132,428,0,0,207,0,0,1913,261,45,0,0,0,0,3,44.469400040910415,143.131573,,,,,,,,,,,,,207,red,2560,2219,4779
81,10,1310500,1,20260810,,,,0,0,0,207,,,,0,0,0,207,3,44.9513530409349,142.577793,,,,,,,,,,,,,207,red,0,0,0
81,06,1310520,1,20260810,799,111,0,0,0,0,0,841,84,0,0,0,0,0,3,43.474956340748676,144.4077086,,,,,,,,,,,,,207,red,910,925,1835
81,07,1310530,1,20260810,584,73,0,0,0,0,0,638,62,0,0,0,0,0,3,43.351455040718186,143.778977,,,,,,,,,,,,,207,red,657,700,1357
81,08,1310540,1,20260810,928,132,0,0,207,0,0,828,155,0,0,207,0,0,3,43.71241358080086,144.1898958,,,,,,,,,,,,,207,red,1060,983,2043
81,06,1310550,1,20260810,1049,111,0,0,0,0,0,890,93,0,0,0,0,0,3,43.23651165068774,145.2499867,,,,,,,,,,,,,207,red,1160,983,2143
81,06,1310560,1,20260810,1248,157,0,0,0,0,0,1321,158,0,0,0,0,0,3,43.68069492079438,145.1213962,,,,,,,,,,,,,207,red,1405,1479,2884
81,06,1310570,1,20260810,1132,401,0,0,0,0,0,1198,329,0,0,0,0,0,3,43.3613193507207,144.8334503,,,,,,,,,,,,,207,red,1533,1527,3060
81,04,1310580,1,20260810,178,38,0,0,0,0,0,149,36,0,0,0,0,0,3,43.85535404082818,142.818956,,,,,,,,,,,,,207,red,216,185,401
81,01,1310590,1,20260810,16604,1795,0,0,0,0,0,18170,2566,0,0,0,0,0,3,43.101919030649576,141.3492984,,,,,,,,,,,,,207,red,18399,20736,39135
81,01,1310600,1,20260810,5361,709,0,0,0,207,0,4901,723,0,0,0,207,0,3,43.018587890624595,141.4801633,,,,,,,,,,,,,207,red,6070,5624,11694
81,07,1310610,1,20260810,68,4,0,0,0,0,0,63,5,0,0,0,0,0,3,43.124397040656135,143.671096,,,,,,,,,,,,,207,red,72,68,140
81,01,1310620,1,20260810,8453,1037,0,0,0,0,0,10872,1209,0,0,0,0,0,3,43.080001040643104,141.40691,,,,,,,,,,,,,207,red,9490,12081,21571
81,01,1310630,1,20260810,0,0,0,0,0,207,0,0,0,0,0,0,207,0,3,43.224602350684464,141.5421492,,,,,,,,,,,,,207,red,0,0,0
81,05,1310650,1,20260810,0,0,4978,0,0,150,0,4505,727,32,0,0,0,0,3,42.664068480506764,141.5956308,,,,,,,,,,,,,207,red,4978,5264,10242
81,08,1310660,1,20260810,2078,202,5,0,0,0,0,2586,188,2,0,0,0,0,3,43.98436947085019,143.5657163,,,,,,,,,,,,,207,red,2285,2776,5061
81,08,1310670,1,20260810,1206,148,0,0,207,0,0,1254,252,0,0,207,0,0,3,43.93417044084193,144.7997993,,,,,,,,,,,,,207,red,1354,1506,2860
81,01,1310680,1,20260810,4008,357,0,0,0,0,0,4137,341,0,0,0,0,0,3,42.84334231056867,141.6642755,,,,,,,,,,,,,207,red,4365,4478,8843
81,06,1310690,1,20260810,2510,368,0,0,0,0,0,2075,344,9,0,0,0,0,3,43.048098520633566,144.4594431,,,,,,,,,,,,,207,red,2878,2428,5306
81,01,1310700,1,20260810,8487,723,0,0,0,0,0,9604,735,0,0,0,0,0,3,43.001297040619285,141.34856,,,,,,,,,,,,,207,red,9210,10339,19549
82,,2110010,1,20260810,5175,650,0,0,0,0,0,5625,860,0,0,0,0,0,3,37.110573456365614,140.1455465,,,,,,,,,,,,,210,red,5825,6485,12310
82,,2110017,1,20260810,16786,1493,0,0,0,0,0,17554,1630,0,0,0,0,0,3,37.37338104665072,140.3483355,,,,,,,,,,,,,210,red,18279,19184,37463
82,,2110019,1,20260810,17046,1879,0,0,0,0,0,16454,1885,0,0,0,0,0,3,37.46431627674753,140.3769493,,,,,,,,,,,,,210,red,18925,18339,37264
82,,2110021,1,20260810,12108,1323,134,0,0,0,0,12007,1936,29,0,210,0,0,3,37.606841446897334,140.4677635,,,,,,,,,,,,,210,red,13565,13972,27537
82,,2110030,1,20260810,17753,1196,0,0,0,0,0,17827,1259,0,0,0,0,0,3,37.73677529703182,140.4665726,,,,,,,,,,,,,210,red,18949,19086,38035
82,,2110040,1,20260810,11416,1064,0,0,0,0,0,11768,1006,0,0,0,0,0,3,37.807813217104496,140.4958221,,,,,,,,,,,,,210,red,12480,12774,25254
82,,2110050,1,20260810,5484,886,0,0,0,0,0,5893,854,0,0,0,0,0,3,37.90701278720498,140.5808128,,,,,,,,,,,,,210,red,6370,6747,13117
82,,2110055,1,20260810,10564,1644,0,0,0,0,0,11260,1507,0,0,0,0,0,3,38.041138927338956,140.6498056,,,,,,,,,,,,,210,red,12208,12767,24975
82,,2110060,1,20260810,16246,1647,0,0,0,0,0,15255,1466,0,0,0,0,0,3,38.085083367382396,140.8283056,,,,,,,,,,,,,210,red,17893,16721,34614
82,,2110062,1,20260810,3344,413,47,0,0,0,0,3471,305,55,0,0,0,0,3,39.659168038777906,141.92916800000003,,,,,,,,,,,,,210,red,3804,3831,7635
82,,2110063,1,20260810,2646,355,49,0,0,0,0,2754,254,62,0,0,0,0,3,39.73009903883322,141.960134,,,,,,,,,,,,,210,red,3050,3070,6120
82,,2110065,1,20260810,18872,1180,0,0,0,0,0,18084,1116,0,0,0,0,0,3,38.15208336744814,140.8853611,,,,,,,,,,,,,210,red,20052,19200,39252
82,,2110070,1,20260810,23583,1511,0,0,0,0,0,21907,1515,0,0,0,0,0,3,38.21891670751319,140.895,,,,,,,,,,,,,210,red,25094,23422,48516
82,,2110081,1,20260810,8289,188,0,0,0,0,0,0,0,0,0,0,0,0,3,38.340207037629824,140.883811,,,,,,,,,,,,,210,red,8477,0,8477
82,,2110090,1,20260810,8094,858,0,0,0,0,0,9290,671,0,0,0,0,0,3,38.61000803788275,140.98291900000004,,,,,,,,,,,,,210,red,8952,9961,18913
82,,2110091,1,20260810,4114,736,0,0,0,0,0,3989,559,0,0,0,0,0,3,38.834610038086325,141.085674,,,,,,,,,,,,,210,red,4850,4548,9398
82,,2110092,1,20260810,7057,789,0,0,0,0,0,6022,572,0,0,0,0,0,3,38.930416038171224,141.117432,,,,,,,,,,,,,210,red,7846,6594,14440
82,,2110093,1,20260810,5788,757,62,0,0,0,0,5847,549,97,0,0,0,0,3,39.003777838235415,141.1133766,,,,,,,,,,,,,210,red,6607,6493,13100
82,,2110095,1,20260810,5242,356,0,0,0,0,0,5654,314,0,0,0,0,0,3,39.166645038375485,141.142913,,,,,,,,,,,,,210,red,5598,5968,11566
82,,2110103,1,20260810,14259,863,0,0,0,0,0,16230,465,0,0,0,0,0,3,39.668019038784855,141.15759,,,,,,,,,,,,,210,red,15122,16695,31817
82,,2110106,1,20260810,12283,618,0,0,0,0,0,12489,626,0,0,0,0,0,3,39.70774803881587,141.165401,,,,,,,,,,,,,210,red,12901,13115,26016
82,,2110110,1,20260810,11511,629,0,0,0,0,0,11405,511,0,0,0,0,0,3,39.7581439588549,141.134491,,,,,,,,,,,,,210,red,12140,11916,24056
82,,2110120,1,20260810,4460,640,0,0,0,0,0,4805,609,0,0,0,0,0,3,40.24861199921695,141.2695885,,,,,,,,,,,,,210,red,5100,5414,10514
82,,2110121,1,20260810,3178,483,0,0,0,0,0,3012,373,0,0,0,0,0,3,40.33516094927743,141.2985134,,,,,,,,,,,,,210,red,3661,3385,7046
82,,2110129,1,20260810,3243,325,1,0,0,0,0,3407,319,3,0,0,0,0,3,40.60805264946136,141.26026802,,,,,,,,,,,,,210,red,3569,3729,7298
82,,2110130,1,20260810,0,0,6719,0,0,210,0,0,0,6829,0,0,210,0,3,40.65608164949267,141.19309457,,,,,,,,,,,,,210,red,6719,6829,13548
82,,2110132,1,20260810,2754,186,240,0,0,0,0,4451,328,208,0,0,0,0,3,40.683721049510524,141.17042319,,,,,,,,,,,,,210,red,3180,4987,8167
82,,2110140,1,20260810,7303,617,41,0,0,0,0,7115,202,38,0,0,0,0,3,40.89753341964514,140.86029133,,,,,,,,,,,,,210,red,7961,7355,15316
82,,2110143,1,20260810,5682,803,0,0,0,0,0,5612,680,0,0,0,0,0,3,39.946858248998055,141.2168884,,,,,,,,,,,,,210,red,6485,6292,12777
82,,2110144,1,20260810,5302,1847,0,0,210,0,0,6213,665,0,0,210,0,0,3,40.83532684960663,141.12935762,,,,,,,,,,,,,210,red,7149,6878,14027
82,,2110150,1,20260810,6861,419,2,0,0,0,0,6852,561,7,0,0,0,0,3,36.857960956084185,140.7891727,,,,,,,,,,,,,210,red,7282,7420,14702
82,,2110160,1,20260810,13985,1756,29,0,0,0,0,13806,2065,35,0,0,0,0,3,36.92281008615712,140.8423448,,,,,,,,,,,,,210,red,15770,15906,31676
82,,2110161,1,20260810,8486,750,0,0,0,0,0,8236,699,0,0,0,0,0,3,37.03306503628002,140.911907,,,,,,,,,,,,,210,red,9236,8935,18171
82,,2110162,1,20260810,5592,460,0,0,0,0,0,4430,420,0,0,0,0,0,3,37.11549536637102,140.9974993,,,,,,,,,,,,,210,red,6052,4850,10902
82,,2110163,1,20260810,2993,378,3,0,0,0,0,2498,470,0,0,0,0,0,3,37.38527750666344,141.0086632,,,,,,,,,,,,,210,red,3374,2968,6342
82,,2110165,1,20260810,5196,414,61,0,0,0,0,5782,521,37,0,0,0,0,3,37.63270112692426,140.9856901,,,,,,,,,,,,,210,red,5671,6340,12011
82,,2110168,1,20260810,3398,504,0,0,0,0,0,3651,545,0,0,0,0,0,3,37.81498403711179,140.943249,,,,,,,,,,,,,210,red,3902,4196,8098
82,,2110170,1,20260810,2665,162,0,0,0,0,0,2748,175,0,0,0,0,0,3,37.89520971719308,140.9035528,,,,,,,,,,,,,210,red,2827,2923,5750
82,,2110173,1,20260810,10553,599,0,0,0,0,0,9366,589,0,0,0,0,0,3,37.094818366348264,140.9771016,,,,,,,,,,,,,210,red,11152,9955,21107
82,,2110180,1,20260810,6525,243,0,0,0,0,0,5928,262,0,0,0,0,0,3,38.064732037362305,140.859399,,,,,,,,,,,,,210,red,6768,6190,12958
82,,2110190,1,20260810,4209,430,0,0,0,0,0,3884,319,0,0,0,0,0,1,38.69140541795727,139.678824,,,,,,,,,,,,,210,red,4639,4203,8842
82,,2110191,1,20260810,4586,598,0,0,0,0,0,4655,512,0,0,0,0,0,3,38.96127130819829,139.8400569,,,,,,,,,,,,,210,red,5184,5167,10351
82,,2110192,1,20260810,8363,334,0,0,0,0,0,8205,360,0,0,0,0,0,3,38.794079918050066,139.83442430000002,,,,,,,,,,,,,210,red,8697,8565,17262
82,,2110193,1,20260810,8822,399,0,0,0,0,0,8863,391,0,0,0,0,0,3,38.787431758044086,139.8346764,,,,,,,,,,,,,210,red,9221,9254,18475
82,,2110194,1,20260810,2036,175,0,0,0,0,0,2577,239,0,0,0,0,0,3,38.69287924795862,139.6478605,,,,,,,,,,,,,210,red,2211,2816,5027
82,,2110195,1,20260810,2613,496,0,0,0,0,0,3695,423,0,0,0,0,0,3,38.61589808788817,139.5797968,,,,,,,,,,,,,210,red,3109,4118,7227
82,,2110196,1,20260810,8790,495,0,0,0,0,0,9011,555,0,0,0,0,0,3,38.83854814808984,139.8486963,,,,,,,,,,,,,210,red,9285,9566,18851
82,,2110197,1,20260810,4001,211,0,0,0,0,0,4203,253,0,0,0,0,0,3,38.71753625798101,139.7594082,,,,,,,,,,,,,210,red,4212,4456,8668
82,,2110198,1,20260810,6867,418,0,0,0,0,0,6661,399,0,0,0,0,0,3,38.71622198797982,139.7565651,,,,,,,,,,,,,210,red,7285,7060,14345
82,,2110199,1,20260810,3158,355,0,0,0,0,0,3042,291,0,0,0,0,0,1,38.60695292787995,139.5878005,,,,,,,,,,,,,210,red,3513,3333,6846
82,,2110201,1,20260810,3788,415,0,0,0,0,0,3709,281,0,0,0,0,0,1,38.666421037934484,139.623761,,,,,,,,,,,,,210,red,4203,3990,8193
82,,2110202,1,20260810,7533,421,0,0,0,0,0,7702,554,0,0,0,0,0,3,39.62387474875015,140.0681964,,,,,,,,,,,,,210,red,7954,8256,16210
82,,2110203,1,20260810,1915,80,0,0,0,0,0,2066,87,0,0,0,0,0,3,39.240899018438185,139.9362623,,,,,,,,,,,,,210,red,1995,2153,4148
82,,2110204,1,20260810,3564,410,0,0,0,0,0,4504,378,0,0,0,0,0,3,39.290490888479674,139.9747431,,,,,,,,,,,,,210,red,3974,4882,8856
82,,2110205,1,20260810,3874,590,0,0,0,0,0,4608,582,0,0,0,0,0,3,39.11912903833497,139.876447,,,,,,,,,,,,,210,red,4464,5190,9654
82,,2110208,1,20260810,10208,290,0,0,0,0,0,9417,348,0,0,0,0,0,3,39.38953603856155,140.030682,,,,,,,,,,,,,210,red,10498,9765,20263
82,,2110210,1,20260810,9667,693,0,0,0,0,0,11757,617,0,0,0,0,0,3,39.79539903888355,140.0622,,,,,,,,,,,,,210,red,10360,12374,22734
82,,2110212,1,20260810,7060,397,0,0,0,0,0,6888,483,0,0,0,0,0,3,39.718472038824196,140.083211,,,,,,,,,,,,,210,red,7457,7371,14828
82,,2110213,1,20260810,4452,201,0,0,0,0,0,4225,237,0,0,0,0,0,3,39.52539935867177,140.0518185,,,,,,,,,,,,,210,red,4653,4462,9115
82,,2110214,1,20260810,3938,367,0,0,0,0,0,3683,353,0,0,0,0,0,3,39.90494615896667,140.076382,,,,,,,,,,,,,210,red,4305,4036,8341
82,,2110215,1,20260810,3509,267,42,0,0,0,0,3459,261,24,0,0,0,0,3,40.067095039086766,140.067721,,,,,,,,,,,,,210,red,3818,3744,7562
82,,2110216,1,20260810,4190,580,148,0,0,0,0,4740,477,196,0,0,0,0,3,40.268120039230666,140.52780600000003,,,,,,,,,,,,,206,red,4918,5413,10331
82,,2110217,1,20260810,3682,539,92,0,0,0,0,2732,604,268,0,0,0,0,3,40.27305803923414,140.532178,,,,,,,,,,,,,207,red,4313,3604,7917
82,,2110218,1,20260810,7688,278,0,0,0,0,0,7399,213,0,0,0,0,0,3,40.190834039176,140.036139,,,,,,,,,,,,,210,red,7966,7612,15578
82,,2110219,1,20260810,1325,103,0,0,0,0,0,1127,94,0,0,0,0,0,3,40.21531803919339,140.280482,,,,,,,,,,,,,210,red,1428,1221,2649
82,,2110220,1,20260810,2956,433,2,0,0,0,0,2807,583,0,0,0,0,0,3,40.16185503915528,140.039381,,,,,,,,,,,,,210,red,3391,3390,6781
82,,2110221,1,20260810,4506,464,54,0,0,0,0,4232,401,5,0,0,0,0,3,40.20192503918389,140.151831,,,,,,,,,,,,,210,red,5024,4638,9662
82,,2110222,1,20260810,1480,227,0,0,0,0,0,1445,212,0,0,0,0,0,3,40.30719003925799,140.572683,,,,,,,,,,,,,210,red,1707,1657,3364
82,,2110229,1,20260810,4783,582,65,0,0,0,0,4770,536,110,0,0,0,0,3,40.230677039204274,140.489525,,,,,,,,,,,,,207,red,5430,5416,10846
82,,2110230,1,20260810,2994,310,11,0,0,0,0,2814,305,3,0,0,0,0,3,40.3821040393098,140.603544,,,,,,,,,,,,,205,red,3315,3122,6437
82,,2110231,1,20260810,3341,351,89,0,0,0,0,3447,345,90,0,0,0,0,3,40.461176699363655,140.6358415,,,,,,,,,,,,,210,red,3781,3882,7663
82,,2110232,1,20260810,3093,369,45,0,0,0,0,3194,333,41,0,0,0,0,3,40.199024039181815,140.383267,,,,,,,,,,,,,207,red,3507,3568,7075
82,,2110233,1,20260810,2415,238,0,0,0,0,0,2693,222,0,0,0,0,0,1,38.96155603819856,139.859806,,,,,,,,,,,,,210,red,2653,2915,5568
82,,2110234,1,20260810,5427,484,950,0,0,0,0,6760,712,561,0,0,0,0,3,40.57123242943714,140.52428552,,,,,,,,,,,,,210,red,6861,8033,14894
82,,2110235,1,20260810,12237,635,49,0,0,0,0,0,0,12906,0,0,210,0,3,40.60269692945784,140.49957539,,,,,,,,,,,,,210,red,12921,12906,25827
82,,2110236,1,20260810,2477,242,0,0,0,0,0,2990,235,0,0,0,0,0,1,39.00850003823954,139.856924,,,,,,,,,,,,,210,red,2719,3225,5944
82,,2110237,1,20260810,471,28,0,0,0,0,0,874,43,0,0,0,0,0,1,39.05087603827627,139.890254,,,,,,,,,,,,,210,red,499,917,1416
82,,2110240,1,20260810,9538,604,35,0,0,0,0,3097,137,5974,0,0,206,0,3,40.65753935949361,140.50836074,,,,,,,,,,,,,206,red,10177,9208,19385
82,,2110249,1,20260810,8860,996,451,0,0,0,0,4758,759,457,0,209,209,0,3,40.831625089604316,140.66283564,,,,,,,,,,,,,210,red,10307,5974,16281
82,,2110250,1,20260810,10037,731,0,0,0,0,0,9764,1104,0,0,0,0,0,3,40.767838829564255,140.59194915,,,,,,,,,,,,,210,red,10768,10868,21636
82,,2110251,1,20260810,14043,1143,0,0,0,210,0,24386,2309,0,0,0,0,0,3,40.824380649599796,140.7354641,,,,,,,,,,,,,210,red,15186,26695,41881
82,,2110252,1,20260810,7749,1103,3,0,0,0,0,0,0,8555,0,0,210,0,3,40.80222556958593,140.69781704,,,,,,,,,,,,,210,red,8855,8555,17410
82,,2110253,1,20260810,4494,454,59,0,0,0,0,4462,507,69,0,0,0,0,3,40.82364700959935,140.81040657,,,,,,,,,,,,,210,red,5007,5038,10045
82,,2110255,1,20260810,0,0,0,0,0,0,0,0,0,0,0,0,0,0,3,40.797368279582884,140.73499562,,,,,,,,,,,,,210,red,0,0,0
82,,2110256,1,20260810,8050,513,41,0,0,0,0,0,0,0,0,0,0,0,3,40.79545531958167,140.74908182,,,,,,,,,,,,,210,red,8604,0,8604
82,,2110260,1,20260810,12024,404,0,0,0,0,0,12295,515,0,0,0,0,0,3,37.766077747061864,140.4643813,,,,,,,,,,,,,210,red,12428,12810,25238
82,,2110270,1,20260810,816,66,2,0,0,0,0,274,32,165,0,0,109,0,3,37.82286602711981,140.2786356,,,,,,,,,,,,,210,red,884,471,1355
82,,2110271,1,20260810,5136,708,0,0,0,0,0,5914,608,0,0,0,0,0,3,37.89655074719443,140.1500818,,,,,,,,,,,,,210,red,5844,6522,12366
82,,2110272,1,20260810,4435,683,0,0,0,0,0,5226,586,0,0,0,0,0,3,37.92749748722557,140.13487,,,,,,,,,,,,,210,red,5118,5812,10930
82,,2110280,1,20260810,7756,578,0,0,0,0,0,7734,543,0,0,0,0,0,3,37.99971367729781,140.14494900000003,,,,,,,,,,,,,210,red,8334,8277,16611
82,,2110290,1,20260810,9457,820,0,0,0,0,0,9288,856,0,0,0,0,0,3,38.13022203742675,140.241028,,,,,,,,,,,,,210,red,10277,10144,20421
82,,2110291,1,20260810,10641,799,0,0,0,0,0,10662,857,0,0,0,0,0,3,38.159814097455694,140.3001308,,,,,,,,,,,,,210,red,11440,11519,22959
82,,2110292,1,20260810,9134,775,0,0,0,0,0,8427,680,0,0,0,0,0,3,38.10297203739999,140.207083,,,,,,,,,,,,,210,red,9909,9107,19016
82,,2110294,1,20260810,2551,174,0,0,0,0,0,2469,238,0,0,0,0,0,3,37.767613677063444,140.8648291,,,,,,,,,,,,,210,red,2725,2707,5432
82,,2110295,1,20260810,2592,171,0,0,0,0,0,2656,265,0,0,0,0,0,3,37.75423885704973,140.7090153,,,,,,,,,,,,,210,red,2763,2921,5684
82,,2110296,1,20260810,2916,188,0,0,0,0,0,3065,307,0,0,0,0,0,3,37.75978319705542,140.5958156,,,,,,,,,,,,,210,red,3104,3372,6476
82,,2110297,1,20260810,2670,173,0,0,0,0,0,2793,262,0,0,0,0,0,3,37.78113503707728,140.573819,,,,,,,,,,,,,210,red,2843,3055,5898
82,,2110298,1,20260810,2665,285,0,0,0,0,0,2771,323,0,0,0,0,0,3,37.81669203711354,140.530266,,,,,,,,,,,,,210,red,2950,3094,6044
82,,2110299,1,20260810,2019,302,0,0,0,0,0,2085,338,0,0,0,0,0,3,37.83294203713006,140.49615,,,,,,,,,,,,,210,red,2321,2423,4744
82,,2110300,1,20260810,4776,667,0,0,0,0,0,5439,570,0,0,0,0,0,1,37.79582169709228,140.4130094,,,,,,,,,,,,,210,red,5443,6009,11452
82,,2110301,1,20260810,6068,828,0,0,0,0,0,6918,699,0,0,0,0,0,3,37.8687824871664,140.2279023,,,,,,,,,,,,,210,red,6896,7617,14513
82,,2110305,1,20260810,14926,1075,0,0,0,0,0,16324,1176,0,0,0,0,0,3,38.32857829761873,140.3671432,,,,,,,,,,,,,210,red,16001,17500,33501
82,,2110307,1,20260810,6408,187,0,0,0,0,0,9669,526,0,0,0,0,0,3,38.48098003776293,140.382831,,,,,,,,,,,,,210,red,6595,10195,16790
82,,2110308,1,20260810,7808,1014,0,0,0,0,0,7653,758,0,0,0,0,0,1,38.56969403784554,140.401333,,,,,,,,,,,,,210,red,8822,8411,17233
82,,2110309,1,20260810,6062,808,0,0,0,0,0,5508,542,0,0,0,0,0,1,38.42500003771029,140.352222,,,,,,,,,,,,,210,red,6870,6050,12920
82,,2110310,1,20260810,5509,323,0,0,0,0,0,6088,329,0,0,0,0,0,3,38.57581640785121,140.403707,,,,,,,,,,,,,210,red,5832,6417,12249
82,,2110311,1,20260810,8342,1030,0,0,0,0,0,7823,753,0,0,0,0,0,1,38.5505555978278,140.3888889,,,,,,,,,,,,,210,red,9372,8576,17948
82,,2110312,1,20260810,7548,884,0,0,0,0,0,7185,693,0,0,0,0,0,3,38.618265997890354,140.3838155,,,,,,,,,,,,,210,red,8432,7878,16310
82,,2110313,1,20260810,8768,1001,0,0,0,0,0,8459,831,0,0,0,0,0,3,38.676631947943804,140.3212881,,,,,,,,,,,,,210,red,9769,9290,19059
82,,2110315,1,20260810,2318,147,0,1,0,0,1,2574,122,0,1,0,0,1,3,38.8033716780584,140.3206605,,,,,,,,,,,,,143,red,2465,2696,5161
82,,2110316,1,20260810,3823,571,0,0,0,0,0,3508,404,0,0,0,0,0,3,38.74947203800992,140.290833,,,,,,,,,,,,,210,red,4394,3912,8306
82,,2110317,1,20260810,2764,382,0,0,0,0,0,3164,323,0,0,0,0,0,3,38.923639038165255,140.334806,,,,,,,,,,,,,210,red,3146,3487,6633
82,,2110318,1,20260810,1373,209,0,0,0,0,0,1748,221,0,0,0,0,0,3,38.94673520818555,140.3547943,,,,,,,,,,,,,143,red,1582,1969,3551
82,,2110319,1,20260810,3488,392,53,0,0,0,0,3865,313,73,0,0,0,0,3,39.072178338294655,140.4714918,,,,,,,,,,,,,210,red,3933,4251,8184
82,,2110320,1,20260810,3901,426,40,0,0,0,0,4236,351,67,0,0,0,0,3,39.11258080832936,140.486598,,,,,,,,,,,,,210,red,4367,4654,9021
82,,2110321,1,20260810,5516,356,0,0,0,0,0,290,183,0,0,0,0,0,3,39.181412318388,140.4959965,,,,,,,,,,,,,210,red,5872,473,6345
82,,2110322,1,20260810,3050,94,12,0,0,0,0,2941,44,164,0,0,0,0,3,39.1455093483575,140.4912436,,,,,,,,,,,,,210,red,3156,3149,6305
82,,2110324,1,20260810,1796,274,0,0,0,0,0,35,172,0,0,0,0,0,3,39.046668898272635,140.4131154,,,,,,,,,,,,,210,red,2070,207,2277
82,,2110325,1,20260810,7465,975,0,0,0,0,0,6825,705,0,0,0,0,0,1,38.463333037746374,140.3575,,,,,,,,,,,,,210,red,8440,7530,15970
82,,2110326,1,20260810,7926,1046,0,0,0,0,0,7400,785,0,0,0,0,0,1,38.49944403778021,140.370833,,,,,,,,,,,,,210,red,8972,8185,17157
82,,2110327,1,20260810,7874,437,0,0,0,0,0,7160,381,0,0,0,0,0,3,39.249316578445246,140.5351192,,,,,,,,,,,,,210,red,8311,7541,15852
82,,2110328,1,20260810,2767,455,0,0,0,0,0,3056,392,0,0,0,0,0,3,38.78089403803823,140.293372,,,,,,,,,,,,,210,red,3222,3448,6670
82,,2110335,1,20260810,5112,483,1814,0,0,80,0,6801,635,611,0,0,0,0,3,39.45464609861468,140.4982871,,,,,,,,,,,,,210,red,7409,8047,15456
82,,2110337,1,20260810,4103,398,1,0,0,0,0,3910,401,2,0,0,0,0,3,39.56556981870389,140.3349352,,,,,,,,,,,,,210,red,4502,4313,8815
82,,2110340,1,20260810,10163,1076,0,0,0,0,0,9692,1053,0,0,0,0,0,3,39.66778703878465,140.165768,,,,,,,,,,,,,210,red,11239,10745,21984
82,,2110350,1,20260810,14200,1209,0,0,0,0,0,14968,1331,0,0,0,0,0,3,38.27013892756266,140.95175,,,,,,,,,,,,,210,red,15409,16299,31708
82,,2110352,1,20260810,16199,1640,13,0,0,0,0,16632,1530,151,0,0,0,0,3,38.425472257710744,141.1867778,,,,,,,,,,,,,210,red,17852,18313,36165
82,,2110353,1,20260810,16254,1611,114,0,0,0,0,16610,1389,270,0,0,0,0,3,38.43294447771779,141.2090556,,,,,,,,,,,,,210,red,17979,18269,36248
82,,2110354,1,20260810,12375,1161,179,9,0,0,17,15135,1117,158,0,0,0,17,3,38.442000037726324,141.2525833,,,,,,,,,,,,,210,red,13715,16410,30125
82,,2110355,1,20260810,12706,1320,387,0,0,0,0,13552,1112,143,0,0,0,0,3,38.48202781776391,141.2923889,,,,,,,,,,,,,210,red,14413,14807,29220
82,,2110357,1,20260810,11367,1202,93,0,0,0,0,12096,1020,104,0,0,0,0,3,38.50430559778474,141.2861944,,,,,,,,,,,,,210,red,12662,13220,25882
82,,2110358,1,20260810,9046,1080,105,0,0,0,0,9693,912,89,0,0,0,0,3,38.590638927864894,141.27905560000002,,,,,,,,,,,,,210,red,10231,10694,20925
82,,2110359,1,20260810,8381,1044,108,0,0,0,0,8928,853,100,0,0,0,0,3,38.61066670788337,141.2839722,,,,,,,,,,,,,210,red,9533,9881,19414
82,,2110360,1,20260810,6365,170,0,0,0,0,0,5927,207,0,0,0,0,0,3,38.429333367714385,141.2390278,,,,,,,,,,,,,210,red,6535,6134,12669
82,,2110361,1,20260810,5411,209,0,0,0,0,0,5742,274,0,0,0,0,0,3,38.891555598136925,141.55625,,,,,,,,,,,,,210,red,5620,6016,11636
82,,2110362,1,20260810,7364,702,93,0,0,0,0,7769,548,80,0,0,0,0,3,38.696083367961535,141.2831389,,,,,,,,,,,,,210,red,8159,8397,16556
82,,2110363,1,20260810,14149,1303,125,0,0,0,0,13790,1080,135,0,0,0,0,3,38.456555597740014,141.2745,,,,,,,,,,,,,210,red,15577,15005,30582
82,,2110364,1,20260810,4852,570,3,0,0,0,0,5461,446,4,0,0,0,0,3,38.95011114818852,141.6280556,,,,,,,,,,,,,210,red,5425,5911,11336
82,,2110365,1,20260810,3408,206,0,0,0,0,0,3785,201,0,0,0,0,0,3,38.91955303816165,141.571364,,,,,,,,,,,,,210,red,3614,3986,7600
82,,2110366,1,20260810,6912,669,96,0,0,0,0,7229,547,76,0,0,0,0,3,38.71113892797521,141.3101667,,,,,,,,,,,,,210,red,7677,7852,15529
82,,2110367,1,20260810,6023,542,68,0,0,0,0,5944,437,87,0,0,0,0,3,39.02656869825523,141.6974974,,,,,,,,,,,,,210,red,6633,6468,13101
82,,2110368,1,20260810,6908,670,88,0,0,0,0,7336,525,67,0,0,0,0,3,38.70219447796709,141.3930833,,,,,,,,,,,,,210,red,7666,7928,15594
82,,2110370,1,20260810,5095,233,0,0,0,0,0,5312,245,0,0,0,0,0,3,39.059216658283475,141.7193842,,,,,,,,,,,,,210,red,5328,5557,10885
82,,2110371,1,20260810,3434,370,47,0,0,0,0,3718,305,14,0,0,0,0,3,39.074077398296275,141.7034197,,,,,,,,,,,,,210,red,3851,4037,7888
82,,2110372,1,20260810,3766,489,0,0,0,0,0,3751,378,0,0,0,0,0,3,39.125195598340156,141.7347157,,,,,,,,,,,,,210,red,4255,4129,8384
82,,2110373,1,20260810,4916,511,0,0,0,0,0,5144,384,0,0,0,0,0,3,39.12205355833746,141.7899934,,,,,,,,,,,,,210,red,5427,5528,10955
82,,2110374,1,20260810,3675,492,0,0,0,0,0,4169,448,0,0,0,0,0,3,39.03121932825926,141.6337144,,,,,,,,,,,,,210,red,4167,4617,8784
82,,2110379,1,20260810,3898,471,77,0,0,0,0,3988,384,103,0,0,0,0,3,39.14893559836042,141.8295097,,,,,,,,,,,,,210,red,4446,4475,8921
82,,2110380,1,20260810,4156,227,0,0,0,0,0,5154,136,0,0,0,0,0,3,39.29661287848477,141.8836641,,,,,,,,,,,,,210,red,4383,5290,9673
82,,2110381,1,20260810,5808,636,74,0,0,0,0,6227,526,109,0,0,0,0,3,38.69052781795646,141.4270556,,,,,,,,,,,,,210,red,6518,6862,13380
82,,2110382,1,20260810,6427,695,83,0,0,0,0,7060,569,71,0,0,0,0,3,38.70547225797006,141.4960833,,,,,,,,,,,,,210,red,7205,7700,14905
82,,2110383,1,20260810,5307,533,65,0,0,0,0,6105,441,56,0,0,0,0,3,39.32251283850628,141.8802524,,,,,,,,,,,,,210,red,5905,6602,12507
82,,2110384,1,20260810,6468,635,64,0,0,0,0,6795,500,83,0,0,0,0,3,38.81825003807172,141.5580556,,,,,,,,,,,,,210,red,7167,7378,14545
82,,2110387,1,20260810,3655,394,165,0,0,0,0,4201,318,65,0,0,0,0,3,39.59193303872486,141.940478,,,,,,,,,,,,,210,red,4214,4584,8798
82,,2110389,1,20260810,2776,360,51,0,0,0,0,2898,264,47,0,0,0,0,3,39.8199300389023,141.96138,,,,,,,,,,,,,210,red,3187,3209,6396
82,,2110392,1,20260810,2898,376,45,0,0,0,0,3026,280,71,0,0,0,0,3,39.836270038914755,141.96038,,,,,,,,,,,,,210,red,3319,3377,6696
82,,2110393,1,20260810,1850,392,0,0,0,0,0,2087,317,0,0,0,0,0,3,39.87071503894088,141.94008,,,,,,,,,,,,,210,red,2242,2404,4646
82,,2110394,1,20260810,7034,640,67,0,0,0,0,7207,517,85,0,0,0,0,3,38.86638892811462,141.5685833,,,,,,,,,,,,,210,red,7741,7809,15550
82,,2110396,1,20260810,194,80,0,0,0,181,1,151,25,0,0,0,210,1,3,39.93351162898809,141.8457699,,,,,,,,,,,,,210,red,274,176,450
82,,2110397,1,20260810,1565,341,0,0,0,0,1,1838,297,0,0,0,0,1,3,39.9934900390327,141.881411,,,,,,,,,,,,,210,red,1906,2135,4041
82,,2110401,1,20260810,3290,476,51,0,0,0,0,3798,421,35,0,0,0,0,3,39.029891708258106,141.6224,,,,,,,,,,,,,210,red,3817,4254,8071
82,,2110402,1,20260810,2291,135,0,0,0,0,0,2195,116,0,0,0,0,0,3,40.414361969331864,141.7051792,,,,,,,,,,,,,210,red,2426,2311,4737
82,,2110403,1,20260810,3634,441,44,0,0,0,0,3858,365,39,0,0,0,0,3,39.15806392836817,141.8413306,,,,,,,,,,,,,210,red,4119,4262,8381
82,,2110404,1,20260810,12292,463,12,0,0,0,0,11313,408,60,0,0,0,0,3,40.50576550939362,141.53235261,,,,,,,,,,,,,210,red,12767,11781,24548
82,,2110405,1,20260810,12283,725,35,0,0,0,0,10541,729,18,0,0,0,0,3,40.528900439409064,141.46412799,,,,,,,,,,,,,210,red,13043,11288,24331
82,,2110407,1,20260810,3413,327,2,0,0,0,0,3470,295,49,0,0,0,0,3,40.481786839377534,141.5376989,,,,,,,,,,,,,210,red,3742,3814,7556
82,,2110408,1,20260810,8423,642,70,0,0,0,0,8668,529,54,0,0,0,0,3,40.5637364594322,141.43539327,,,,,,,,,,,,,210,red,9135,9251,18386
82,,2110409,1,20260810,3762,431,66,0,0,0,0,4133,335,45,0,0,0,0,3,39.24333336844022,141.8452778,,,,,,,,,,,,,210,red,4259,4513,8772
82,,2110410,1,20260810,4357,366,30,0,0,0,0,4414,405,29,0,0,0,0,3,40.47949102937599,141.58069836,,,,,,,,,,,,,210,red,4753,4848,9601
82,,2110412,1,20260810,3938,583,82,0,0,0,0,3660,517,96,0,0,0,0,3,40.66162803949626,141.324363,,,,,,,,,,,,,210,red,4603,4273,8876
82,,2110413,1,20260810,4023,489,127,0,0,0,0,4448,578,205,0,0,0,0,3,40.675139039505,141.304575,,,,,,,,,,,,,210,red,4639,5231,9870
82,,2110414,1,20260810,11869,1090,0,0,0,0,0,11093,977,0,0,0,0,0,3,39.699724768809624,141.0544968,,,,,,,,,,,,,210,red,12959,12070,25029
82,,2110415,1,20260810,5922,495,0,0,0,0,0,5988,438,0,0,0,0,0,3,39.69160156880328,141.008749,,,,,,,,,,,,,210,red,6417,6426,12843
82,,2110416,1,20260810,3422,366,6,0,0,0,0,3292,349,4,0,0,0,0,3,39.70020353880998,140.8836508,,,,,,,,,,,,,210,red,3794,3645,7439
82,,2110417,1,20260810,1098,159,0,0,0,0,0,249,98,0,0,0,0,0,3,40.47147403937059,141.474002,,,,,,,,,,,,,210,red,1257,347,1604
82,,2110418,1,20260810,5673,612,49,0,0,0,0,6002,483,56,0,0,0,0,3,39.260555598454665,141.8394444,,,,,,,,,,,,,210,red,6334,6541,12875
82,,2110419,1,20260810,4252,444,66,0,0,0,0,4871,383,63,0,0,0,0,3,39.288333368477865,141.8633333,,,,,,,,,,,,,210,red,4762,5317,10079
82,,2110421,1,20260810,3783,437,66,0,0,0,0,4243,343,76,0,0,0,0,3,39.366111148542295,141.9044444,,,,,,,,,,,,,210,red,4286,4662,8948
82,,2110422,1,20260810,3934,454,116,0,0,0,0,4634,378,83,0,0,0,0,3,39.36731670854329,141.8911806,,,,,,,,,,,,,210,red,4504,5095,9599
82,,2110423,1,20260810,3526,471,11,0,0,0,0,3971,401,1,0,0,0,0,3,40.22921103920324,141.7800234,,,,,,,,,,,,,210,red,4008,4373,8381
82,,2110424,1,20260810,2575,347,0,0,0,0,0,2576,363,0,0,0,0,0,3,39.601276038732266,140.551915,,,,,,,,,,,,,210,red,2922,2939,5861
82,,2110428,1,20260810,3845,418,17,0,0,0,0,3745,387,7,0,0,0,0,3,38.73322403799523,140.787123,,,,,,,,,,,,,205,red,4280,4139,8419
82,,2110432,1,20260810,1415,247,0,0,0,0,0,1406,220,0,0,0,0,0,3,38.73755603799914,140.598389,,,,,,,,,,,,,210,red,1662,1626,3288
82,,2110435,1,20260810,5894,807,0,0,0,0,0,5642,815,0,0,0,0,0,3,38.74138978800262,140.2831578,,,,,,,,,,,,,210,red,6701,6457,13158
82,,2110436,1,20260810,4563,625,0,0,0,0,0,4400,535,0,0,0,0,0,3,38.74416703800512,140.259722,,,,,,,,,,,,,210,red,5188,4935,10123
82,,2110437,1,20260810,4940,554,0,0,0,0,0,4942,513,0,0,0,0,0,3,38.73663903799832,140.168833,,,,,,,,,,,,,210,red,5494,5455,10949
82,,2110438,1,20260810,4764,557,0,0,0,0,0,4469,502,0,0,0,0,0,3,38.745210838006074,140.2326227,,,,,,,,,,,,,210,red,5321,4971,10292
82,,2110440,1,20260810,4460,621,0,0,0,0,1,5060,638,0,0,0,0,1,3,38.78155241803881,140.0267226,,,,,,,,,,,,,210,red,5081,5698,10779
82,,2110445,1,20260810,15714,927,0,0,0,0,0,16847,936,0,0,0,0,0,3,38.26502503755774,140.79343300000002,,,,,,,,,,,,,210,red,16641,17783,34424
82,,2110450,1,20260810,4860,614,0,0,0,0,0,4666,531,0,0,0,0,0,3,38.391999797679084,140.5672252,,,,,,,,,,,,,210,red,5474,5197,10671
82,,2110451,1,20260810,4699,303,0,0,0,0,0,4839,349,0,0,0,0,0,3,38.877650438124604,139.8869442,,,,,,,,,,,,,210,red,5002,5188,10190
82,,2110452,1,20260810,7501,388,0,0,0,38,0,7691,585,0,0,0,0,0,3,38.901543148145755,139.8723154,,,,,,,,,,,,,210,red,7889,8276,16165
82,,2110453,1,20260810,476,47,0,0,0,0,0,416,48,0,0,0,0,0,3,38.90368057814766,139.8668909,,,,,,,,,,,,,210,red,523,464,987
82,,2110454,1,20260810,5610,430,0,0,0,0,0,5790,439,0,0,0,0,0,3,38.87364379812106,139.886117,,,,,,,,,,,,,210,red,6040,6229,12269
82,,2110455,1,20260810,6998,678,0,0,0,0,0,5665,691,0,0,0,0,0,3,37.062925546313075,140.8516252,,,,,,,,,,,,,210,red,7676,6356,14032
82,,2110456,1,20260810,4256,303,0,0,0,0,0,4426,348,0,0,0,0,0,3,38.85157810810144,139.8908657,,,,,,,,,,,,,210,red,4559,4774,9333
82,,2110457,1,20260810,3041,281,0,0,0,0,0,3215,356,0,0,0,0,0,3,38.831843418083864,139.9098858,,,,,,,,,,,,,210,red,3322,3571,6893
82,,2110460,1,20260810,3716,279,1,0,0,0,0,3925,390,2,0,0,0,0,3,37.11000003636498,140.7641667,,,,,,,,,,,,,210,red,3996,4317,8313
82,,2110464,1,20260810,2793,245,16,0,0,0,0,2837,366,144,0,0,0,0,3,37.31106211658384,140.4823494,,,,,,,,,,,,,210,red,3054,3347,6401
82,,2110465,1,20260810,6583,472,0,0,0,0,0,6379,547,0,0,0,0,0,3,37.33970064661463,140.406585,,,,,,,,,,,,,210,red,7055,6926,13981
82,,2110470,1,20260810,5585,450,0,0,0,0,0,5270,348,0,0,0,0,0,3,37.49456687677952,140.2463901,,,,,,,,,,,,,210,red,6035,5618,11653
82,,2110472,1,20260810,1378,173,0,0,0,0,0,1409,203,0,0,0,0,0,3,37.65080306694305,139.5936209,,,,,,,,,,,,,210,red,1551,1612,3163
82,,2110473,1,20260810,7389,719,0,0,0,0,0,7051,651,0,0,0,0,0,3,37.548570346836364,139.9683643,,,,,,,,,,,,,210,red,8108,7702,15810
82,,2110474,1,20260810,6656,345,0,0,0,0,0,6749,306,0,0,0,0,0,3,37.55735328684558,139.8550022,,,,,,,,,,,,,210,red,7001,7055,14056
82,,2110477,1,20260810,6306,299,1,0,0,0,0,5562,351,11,0,0,0,0,3,40.48458321937942,141.42701414,,,,,,,,,,,,,210,red,6606,5924,12530
82,,2110478,1,20260810,2849,192,0,0,0,0,0,2925,207,0,0,0,0,0,3,38.52642903780538,141.156619,,,,,,,,,,,,,210,red,3041,3132,6173
82,,2110479,1,20260810,3770,252,0,0,0,0,0,3688,301,0,0,0,0,0,3,38.556163037833,141.069142,,,,,,,,,,,,,210,red,4022,3989,8011
82,,2110480,1,20260810,7048,193,0,0,0,0,0,6422,224,0,0,0,0,0,3,38.570337037846144,140.982089,,,,,,,,,,,,,210,red,7241,6646,13887
82,,2110481,1,20260810,2741,373,0,0,0,0,0,3194,302,0,0,0,0,0,3,39.036923848264195,140.3899339,,,,,,,,,,,,,210,red,3114,3496,6610
82,,2110482,1,20260810,5857,522,6,0,0,0,0,6275,403,0,0,0,0,0,3,39.363397818540065,140.5656534,,,,,,,,,,,,,210,red,6385,6678,13063
82,,2110485,1,20260810,10408,495,0,0,0,0,0,10641,463,0,0,0,0,0,3,38.33956088762922,140.2816558,,,,,,,,,,,,,210,red,10903,11104,22007
82,,2110491,1,20260810,4302,407,0,0,0,0,0,4370,388,0,0,0,0,0,3,38.58079848785582,139.9398136,,,,,,,,,,,,,210,red,4709,4758,9467
82,,2110500,1,20260810,3479,437,0,0,0,0,0,3780,379,0,0,0,0,0,3,38.046173177343945,139.7837305,,,,,,,,,,,,,210,red,3916,4159,8075
82,,2110501,1,20260810,3085,391,0,0,0,0,0,3200,323,0,0,0,0,0,3,38.0753590373728,139.72116,,,,,,,,,,,,,210,red,3476,3523,6999
82,,2110502,1,20260810,2582,334,0,0,0,0,0,2942,305,0,0,0,0,0,3,38.04606303734383,140.051715,,,,,,,,,,,,,210,red,2916,3247,6163
82,,2110503,1,20260810,4029,415,0,0,0,0,0,4436,360,0,0,0,0,0,3,38.044627037342416,140.064483,,,,,,,,,,,,,210,red,4444,4796,9240
82,,2110504,1,20260810,3948,635,0,0,0,0,0,4630,569,0,0,0,0,0,3,38.04518462734297,140.1366019,,,,,,,,,,,,,210,red,4583,5199,9782
82,,2110510,1,20260810,4782,546,0,0,0,0,0,4447,487,0,0,0,0,0,3,38.02769263732563,140.1668358,,,,,,,,,,,,,210,red,5328,4934,10262
82,,2110519,1,20260810,3240,264,28,0,0,0,0,3203,245,27,0,0,0,0,3,39.25195903844747,141.77938700000004,,,,,,,,,,,,,210,red,3532,3475,7007
82,,2110520,1,20260810,3820,275,35,0,0,0,0,3705,300,31,0,0,0,0,3,39.24514978844176,141.7423439,,,,,,,,,,,,,210,red,4130,4036,8166
82,,2110521,1,20260810,3868,305,0,0,0,0,0,3750,341,0,0,0,0,0,3,39.246448038442836,141.63560000000004,,,,,,,,,,,,,210,red,4173,4091,8264
82,,2110531,1,20260810,3945,338,0,0,0,0,0,4258,300,0,0,0,0,0,1,39.32515718850848,141.4883819,,,,,,,,,,,,,210,red,4283,4558,8841
82,,2110540,1,20260810,4888,464,0,0,0,0,0,5057,407,0,0,0,0,0,1,39.28807706847765,141.3475227,,,,,,,,,,,,,210,red,5352,5464,10816
82,,2110541,1,20260810,2717,221,0,0,0,0,0,2471,213,0,0,0,0,0,1,39.314345428499514,141.2615204,,,,,,,,,,,,,210,red,2938,2684,5622
82,,2110542,1,20260810,2740,274,0,0,0,0,0,2704,249,0,0,0,0,0,3,39.283375038473736,141.5516694,,,,,,,,,,,,,210,red,3014,2953,5967
82,,2110552,1,20260810,6095,654,64,0,0,0,0,6564,539,60,0,0,0,0,3,38.75991670801934,141.5025278,,,,,,,,,,,,,210,red,6813,7163,13976
82,,2110553,1,20260810,4495,329,45,1,0,0,0,4356,303,24,1,0,0,0,3,38.80716670806179,141.54275,,,,,,,,,,,,,157,red,4869,4683,9552
82,,2110554,1,20260810,4429,524,92,0,0,0,0,5013,409,91,0,0,0,0,3,38.96347225820022,141.6241944,,,,,,,,,,,,,210,red,5045,5513,10558
82,,2110555,1,20260810,3091,373,60,0,0,0,0,3391,288,44,0,0,0,0,3,39.21138892841335,141.865,,,,,,,,,,,,,210,red,3524,3723,7247
82,,2110556,1,20260810,7097,666,74,0,0,0,0,6847,480,104,0,0,0,0,3,38.8781944781251,141.5846444,,,,,,,,,,,,,210,red,7837,7431,15268
82,,2110557,1,20260810,5047,724,299,0,0,0,0,5267,490,798,0,0,0,0,3,38.789722258046154,141.5180556,,,,,,,,,,,,,210,red,6070,6555,12625
82,,2110558,1,20260810,4796,489,69,0,0,0,0,5158,369,75,0,0,0,0,3,38.88277803812915,141.585833,,,,,,,,,,,,,210,red,5354,5602,10956
82,,2110559,1,20260810,5396,620,77,0,0,0,0,5288,499,89,0,0,0,0,3,38.925278038166695,141.6025,,,,,,,,,,,,,210,red,6093,5876,11969
82,,2110560,1,20260810,3030,435,148,0,0,0,0,3052,339,278,0,0,0,0,3,38.89750003814219,141.595,,,,,,,,,,,,,210,red,3613,3669,7282
82,,2110561,1,20260810,5167,612,284,0,0,0,0,5036,1052,232,0,0,0,0,3,38.91750003815984,141.591944,,,,,,,,,,,,,210,red,6063,6320,12383
82,,2110604,1,20260810,2277,319,496,0,0,0,0,2937,339,224,0,0,0,0,3,40.1607780391545,141.767278,,,,,,,,,,,,,210,red,3092,3500,6592
82,,2112104,1,20260810,4074,689,9,0,0,0,0,2885,436,314,0,0,0,0,3,40.733783919542624,141.20798154,,,,,,,,,,,,,210,red,4772,3635,8407
82,,2120001,1,20260810,6234,513,0,0,0,0,0,6807,635,0,0,0,0,0,3,40.75045198955322,140.54906872,,,,,,,,,,,,,210,red,6747,7442,14189
82,,2120005,1,20260810,5988,406,50,0,0,0,0,6324,346,31,0,0,0,0,3,40.79249892957982,140.48972552,,,,,,,,,,,,,210,red,6444,6701,13145
82,,2120010,1,20260810,4078,306,39,0,0,0,0,4516,256,37,0,0,0,0,3,40.81212879959214,140.47707546,,,,,,,,,,,,,210,red,4423,4809,9232
82,,2120015,1,20260810,3385,253,0,0,0,0,0,3234,187,0,0,0,0,0,3,40.82729603960163,140.4413,,,,,,,,,,,,,210,red,3638,3421,7059
82,,2120020,1,20260810,648,110,0,0,0,0,0,2986,104,0,0,0,0,0,3,40.78380703957434,140.261545,,,,,,,,,,,,,210,red,758,3090,3848
82,,2310200,1,20260810,11878,917,0,0,0,0,0,11481,1123,0,0,0,0,0,3,39.70615403881462,140.09793,,,,,,,,,,,,,210,red,12795,12604,25399
82,,2312101,1,20260810,4879,744,0,0,0,0,0,4744,628,0,0,0,0,0,3,40.70834700952637,141.24477593,,,,,,,,,,,,,210,red,5623,5372,10995
82,,2312102,1,20260810,4933,671,0,0,0,0,0,4555,629,0,0,0,0,0,3,40.725233449537164,141.22804347,,,,,,,,,,,,,210,red,5604,5184,10788
82,,2312103,1,20260810,2854,181,0,0,0,0,0,2878,275,0,0,0,0,0,3,37.77535545707135,140.7514008,,,,,,,,,,,,,210,red,3035,3153,6188
83,,3110010,1,20260810,11436,1014,775,0,0,0,0,13266,945,1261,0,0,0,0,3,35.58550262456253,139.7049058,,,,,,,,,,,,,210,red,13225,15472,28697
83,,3110020,1,20260810,21576,1761,778,0,0,0,0,20831,2145,790,0,0,0,0,3,35.37938903430058,139.509906,,,,,,,,,,,,,210,red,24115,23766,47881
83,,3110030,1,20260810,6251,204,403,0,0,0,0,6966,253,440,0,0,0,0,3,35.30798103420886,139.30775,,,,,,,,,,,,,210,red,6858,7659,14517
83,,3110040,1,20260810,9104,674,0,0,0,0,0,10112,632,0,0,0,0,0,3,35.24085503412222,139.123519,,,,,,,,,,,,,210,red,9778,10744,20522
83,,3110050,1,20260810,14558,2962,1264,0,0,0,0,14563,3323,351,0,0,0,0,3,36.238458295364495,139.8048878,,,,,,,,,,,,,210,red,18784,18237,37021
83,,3110060,1,20260810,25630,3125,532,0,0,0,0,26395,3236,513,0,0,0,0,3,36.51217142568756,139.9177551,,,,,,,,,,,,,210,red,29287,30144,59431
83,,3110070,1,20260810,11271,1012,142,0,0,0,0,11227,1380,125,0,0,0,0,3,36.833366956056416,139.9495983,,,,,,,,,,,,,210,red,12425,12732,25157
83,,3110080,1,20260810,6169,230,69,0,0,0,0,5463,277,57,0,0,0,0,3,36.29676104543397,139.7863913,,,,,,,,,,,,,210,red,6468,5797,12265
83,,3110090,1,20260810,8078,169,139,0,0,0,0,8073,197,82,0,0,0,0,3,36.52417383570154,139.8798609,,,,,,,,,,,,,210,red,8386,8352,16738
83,,3110100,1,20260810,8613,243,113,0,0,0,0,9502,289,121,0,0,0,0,3,36.58529299577252,139.9295837,,,,,,,,,,,,,210,red,8969,9912,18881
83,,3110110,1,20260810,7626,586,0,0,0,0,0,7391,707,0,0,0,0,0,3,36.019401995100274,140.15926790000003,,,,,,,,,,,,,207,red,8212,8098,16310
83,,3110120,1,20260810,9910,1024,0,0,0,0,0,46,7,0,0,0,0,0,3,36.297327425434645,140.4228446,,,,,,,,,,,,,207,red,10934,53,10987
83,,3110140,1,20260810,12323,929,687,0,0,0,0,12978,1105,637,0,0,0,0,3,35.70274880470968,139.8786539,,,,,,,,,,,,,210,red,13939,14720,28659
83,,3110150,1,20260810,14173,1122,845,0,0,0,0,12245,1540,903,0,0,0,0,3,35.61902656460475,140.0975838,,,,,,,,,,,,,210,red,16140,14688,30828
83,,3110160,1,20260810,12522,1655,1089,0,0,0,0,13262,1317,1259,0,0,0,0,3,35.56474703453633,139.7273263,,,,,,,,,,,,,210,red,15266,15838,31104
83,,3110170,1,20260810,13453,2744,0,0,0,0,0,14967,1672,0,0,0,0,0,3,35.52794003448978,139.70328,,,,,,,,,,,,,210,red,16197,16639,32836
83,,3110180,1,20260810,12204,2061,0,0,0,16,0,12200,2074,0,0,0,0,0,3,35.47903203442772,139.638693,,,,,,,,,,,,,210,red,14265,14274,28539
83,,3110190,1,20260810,10251,299,659,0,0,0,0,9561,334,608,0,0,0,0,3,35.26731403415642,139.685375,,,,,,,,,,,,,210,red,11209,10503,21712
83,,3110200,1,20260810,7839,291,470,0,0,0,0,7182,284,543,0,0,0,0,3,35.36071103427663,139.629686,,,,,,,,,,,,,210,red,8600,8009,16609
83,,3110220,1,20260810,16388,3101,0,0,0,0,0,15345,2668,0,0,0,0,0,3,35.58894027456686,139.3426681,,,,,,,,,,,,,210,red,19489,18013,37502
83,,3110230,1,20260810,5695,387,442,0,0,0,0,5588,488,351,0,0,0,0,3,35.483485034433386,139.527129,,,,,,,,,,,,,210,red,6524,6427,12951
83,,3110240,1,20260810,11009,2351,0,1,0,0,0,12422,2615,0,1,0,0,0,3,35.83073572486877,139.3800849,,,,,,,,,,,,,210,red,13360,15037,28397
83,,3110250,1,20260810,16843,2873,298,0,0,0,0,15166,2752,252,0,0,0,0,3,35.707798574715994,140.1198261,,,,,,,,,,,,,210,red,20014,18170,38184
83,,3110260,1,20260810,12470,1777,589,0,0,0,0,11802,1870,293,0,0,0,0,3,35.53057826449313,140.0927666,,,,,,,,,,,,,210,red,14836,13965,28801
83,,3110270,1,20260810,8680,1169,429,0,0,0,0,10049,1600,778,0,0,0,0,3,35.79240130482129,139.6854329,,,,,,,,,,,,,210,red,10278,12427,22705
83,,3110280,1,20260810,20056,3483,0,1,0,0,0,19876,4095,0,1,0,0,0,3,35.803056924834515,139.6481824,,,,,,,,,,,,,210,red,23539,23971,47510
83,,3110290,1,20260810,15834,1448,0,0,0,0,0,15189,1670,0,0,0,0,0,3,36.07243401516468,139.4990623,,,,,,,,,,,,,210,red,17282,16859,34141
83,,3110300,1,20260810,6269,242,0,1,0,0,0,5898,270,0,1,0,0,0,3,36.18854634530473,139.3083894,,,,,,,,,,,,,210,red,6511,6168,12679
83,,3110310,1,20260810,8791,561,114,0,0,0,0,8925,682,97,0,0,0,0,3,36.28225430541672,139.0870374,,,,,,,,,,,,,210,red,9466,9704,19170
83,,3110320,1,20260810,16552,490,338,0,0,0,0,16337,437,238,0,0,0,0,3,36.3553183655034,139.0125096,,,,,,,,,,,,,210,red,17380,17012,34392
83,,3110350,1,20260810,9813,709,0,0,0,0,0,10946,806,0,0,0,0,0,3,36.343173145489025,138.5572287,,,,,,,,,,,,,210,red,10522,11752,22274
83,,3110360,1,20260810,8936,510,0,0,0,0,0,8330,419,0,0,0,0,0,3,36.37715425552919,138.2764444,,,,,,,,,,,,,210,red,9446,8749,18195
83,,3110370,1,20260810,7050,389,0,0,0,0,0,7886,460,0,0,0,0,0,3,36.6491958258463,138.2215959,,,,,,,,,,,,,210,red,7439,8346,15785
83,,3110380,1,20260810,7611,500,0,0,0,0,0,7300,470,0,0,0,0,0,3,36.20646628532621,137.9629773,,,,,,,,,,,,,210,red,8111,7770,15881
83,,3110390,1,20260810,2210,240,0,0,0,0,0,2019,232,0,0,0,0,0,3,36.53866995571842,137.9675826,,,,,,,,,,,,,210,red,2450,2251,4701
83,,3110400,1,20260810,12446,640,704,0,0,0,0,14000,810,935,0,0,0,0,3,35.669090024667575,139.59433440000004,,,,,,,,,,,,,210,red,13790,15745,29535
83,,3110410,1,20260810,6567,214,347,0,0,0,0,6329,348,258,0,0,0,0,3,35.617552604602885,139.1855389,,,,,,,,,,,,,210,red,7128,6935,14063
83,,3110420,1,20260810,8071,526,0,0,0,0,0,6414,488,0,0,0,0,0,3,35.611220394594916,138.9628673,,,,,,,,,,,,,210,red,8597,6902,15499
83,,3110430,1,20260810,2594,1967,0,0,0,0,0,1468,1975,0,0,0,0,0,3,35.603966294585796,138.8040242,,,,,,,,,,,,,210,red,4561,3443,8004
83,,3110440,1,20260810,12888,859,0,0,0,0,0,11675,763,0,0,0,0,0,3,35.66782617466599,138.5078037,,,,,,,,,,,,,210,red,13747,12438,26185
83,,3110450,1,20260810,3365,400,0,0,0,0,0,3319,404,0,0,0,0,0,3,35.90777048496373,138.2345215,,,,,,,,,,,,,210,red,3765,3723,7488
83,,3110460,1,20260810,5916,363,0,0,0,0,0,5730,365,0,0,0,0,0,3,36.07055654516242,138.0938691,,,,,,,,,,,,,210,red,6279,6095,12374
83,,3110470,1,20260810,6667,651,152,0,0,0,0,6755,609,66,0,0,0,0,3,36.378318235530564,139.2290443,,,,,,,,,,,,,210,red,7470,7430,14900
83,,3110480,1,20260810,13414,1858,179,0,0,0,0,13039,1706,183,0,0,0,0,3,36.314701575455274,139.4271684,,,,,,,,,,,,,210,red,15451,14928,30379
83,,3110490,1,20260810,7881,511,0,0,0,0,0,7445,495,0,0,0,0,0,3,36.3924270955472,140.2677888,,,,,,,,,,,,,207,red,8392,7940,16332
83,,3110510,1,20260810,6651,698,104,0,0,0,0,6289,749,126,0,0,0,0,3,35.72363407473576,140.2680677,,,,,,,,,,,,,210,red,7453,7164,14617
83,,3110520,1,20260810,4344,342,0,0,0,0,0,4779,449,0,0,0,0,0,3,35.95803238502537,140.6007609,,,,,,,,,,,,,207,red,4686,5228,9914
83,,3110550,1,20260810,3590,126,259,0,0,0,0,4203,84,135,0,0,0,0,3,35.150913034005455,139.829981,,,,,,,,,,,,,210,red,3975,4422,8397
83,,3110560,1,20260810,7278,628,0,0,0,0,0,7075,435,0,0,0,0,0,3,35.43543715437221,138.84019380000004,,,,,,,,,,,,,210,red,7906,7510,15416
83,,3110570,1,20260810,4605,310,0,0,0,0,0,4028,1110,0,0,0,0,0,3,35.39117538431567,138.86336800000004,,,,,,,,,,,,,210,red,4915,5138,10053
83,,3110580,1,20260810,4304,489,0,0,0,0,0,4645,488,0,0,0,0,0,3,35.47790102442629,138.6703992,,,,,,,,,,,,,210,red,4793,5133,9926
83,,3110590,1,20260810,6042,239,0,0,0,0,0,6604,286,0,0,0,0,0,3,35.51892892447836,138.83839670000003,,,,,,,,,,,,,210,red,6281,6890,13171
83,,3110610,1,20260810,19598,1860,651,0,0,0,0,9260,927,2339,0,0,0,0,3,35.536946034501184,139.510691,,,,,,,,,,,,,210,red,22109,12526,34635
83,,3110620,1,20260810,17019,2525,834,0,0,0,0,18018,3087,604,0,0,0,0,3,35.472892034419914,139.412266,,,,,,,,,,,,,210,red,20378,21709,42087
83,,3110630,1,20260810,12074,713,448,0,0,0,0,11332,803,741,0,0,0,0,3,35.4275870343622,139.351511,,,,,,,,,,,,,210,red,13235,12876,26111
83,,3110640,1,20260810,7734,397,484,0,0,0,0,8259,409,400,0,0,0,0,3,35.37445003429424,139.203293,,,,,,,,,,,,,210,red,8615,9068,17683
83,,3110650,1,20260810,7446,815,304,0,0,0,0,5469,799,185,0,0,0,0,3,35.36087503427685,139.014722,,,,,,,,,,,,,210,red,8565,6453,15018
83,,3110660,1,20260810,16937,3187,971,0,0,0,0,12747,2889,834,0,0,0,0,3,35.68396699468621,139.992342,,,,,,,,,,,,,210,red,21095,16470,37565
83,,3110670,1,20260810,5363,2457,319,0,0,0,0,6715,3681,421,0,0,0,0,3,35.588442964566234,139.7548217,,,,,,,,,,,,,210,red,8139,10817,18956
83,,3110980,1,20260810,8578,694,101,0,0,0,0,8257,652,187,0,0,0,0,1,36.24888937537695,138.4463891,,,,,,,,,,,,,210,red,9373,9096,18469
83,,3110990,1,20260810,5940,588,0,0,0,0,0,0,0,0,0,0,0,0,1,36.242588925369425,138.4374556,,,,,,,,,,,,,210,red,6528,0,6528
83,,3111000,1,20260810,0,0,0,0,0,0,0,5604,493,0,0,0,0,0,1,36.22486392534824,138.4372861,,,,,,,,,,,,,210,red,0,6097,6097
83,,3111010,1,20260810,5122,535,0,0,0,0,0,5073,507,0,0,0,0,0,1,36.16839725528054,138.4688,,,,,,,,,,,,,210,red,5657,5580,11237
83,,3111030,1,20260810,3670,474,0,0,0,0,0,0,0,0,0,0,0,0,1,36.14629447525393,138.4676028,,,,,,,,,,,,,210,red,4144,0,4144
83,,3111040,1,20260810,0,0,0,0,0,0,0,3700,434,0,0,0,0,0,1,36.13644447524206,138.4613806,,,,,,,,,,,,,210,red,0,4134,4134
83,,3111050,1,20260810,7178,643,127,0,0,0,0,6666,755,62,0,0,0,0,1,35.443037034381895,138.453937,,,,,,,,,,,,,210,red,7948,7483,15431
83,,3111060,1,20260810,6962,560,116,0,0,0,0,6629,598,312,0,0,0,0,1,35.48100503443024,138.45894900000002,,,,,,,,,,,,,210,red,7638,7539,15177
83,,3111070,1,20260810,7123,691,178,0,0,0,0,6280,794,76,0,0,0,0,1,35.35961103427522,138.456636,,,,,,,,,,,,,210,red,7992,7150,15142
83,,3111080,1,20260810,7199,679,194,0,0,0,0,6396,770,56,0,0,0,0,1,35.337913034247364,138.45119000000003,,,,,,,,,,,,,210,red,8072,7222,15294
83,,3111090,1,20260810,6791,643,159,0,0,0,0,5820,709,56,0,0,0,0,1,35.27778503416994,138.444487,,,,,,,,,,,,,210,red,7593,6585,14178
83,,3310680,1,20260810,12517,957,696,0,0,0,0,14046,880,986,0,0,0,0,3,35.55346203452207,139.695301,,,,,,,,,,,,,210,red,14170,15912,30082
83,,3310690,1,20260810,8222,704,605,0,0,0,0,9344,739,727,0,0,0,0,3,35.476498034424495,139.611304,,,,,,,,,,,,,210,red,9531,10810,20341
83,,3310720,1,20260810,15813,1395,878,0,0,0,0,16006,1841,1190,0,0,0,0,3,35.78172684480805,139.8030451,,,,,,,,,,,,,210,red,18086,19037,37123
83,,3310730,1,20260810,11807,868,1038,0,0,0,0,13073,1036,1237,0,0,0,0,3,35.723854004736026,139.819876,,,,,,,,,,,,,210,red,13713,15346,29059
83,,3310740,1,20260810,16003,1325,919,0,0,0,0,0,0,0,0,210,210,0,3,35.76173829478322,139.8620188,,,,,,,,,,,,,210,red,18247,0,18247
83,,3310750,1,20260810,14310,1267,1135,0,0,0,0,18731,1598,941,0,0,0,0,3,35.768080334791094,139.8831359,,,,,,,,,,,,,210,red,16712,21270,37982
83,,3310760,1,20260810,7352,678,0,0,0,0,0,7601,278,0,0,0,0,0,3,36.333593035477676,140.487226,,,,,,,,,,,,,207,red,8030,7879,15909
83,,3310770,1,20260810,13126,1009,1561,0,0,0,0,11090,1303,1265,0,0,0,0,3,35.696867714702336,139.8301488,,,,,,,,,,,,,210,red,15696,13658,29354
83,,3310780,1,20260810,10120,1223,865,0,0,0,0,11809,1111,972,0,0,0,0,3,35.550513454518345,139.7165117,,,,,,,,,,,,,210,red,12208,13892,26100
83,,3310790,1,20260810,8775,712,0,0,0,0,0,9457,744,0,0,0,0,0,3,35.30616103420651,139.624807,,,,,,,,,,,,,210,red,9487,10201,19688
83,,3310810,1,20260810,13578,3276,861,0,0,0,0,14221,3254,888,0,0,0,0,3,35.88142903493132,139.9657318,,,,,,,,,,,,,210,red,17715,18363,36078
83,,3310820,1,20260810,13999,1598,1180,0,0,0,0,12801,1791,658,0,0,0,0,3,35.769723434793136,139.7015664,,,,,,,,,,,,,210,red,16777,15250,32027
83,,3310830,1,20260810,6263,353,113,0,0,0,0,5176,435,86,0,0,0,0,3,36.65616783585431,139.0205401,,,,,,,,,,,,,210,red,6729,5697,12426
83,,3310840,1,20260810,14624,895,831,0,0,0,0,13279,873,894,0,0,0,0,3,35.67115788467016,139.6194506,,,,,,,,,,,,,210,red,16350,15046,31396
83,,3310850,1,20260810,17546,1013,0,0,0,0,0,16144,889,0,0,0,0,0,3,35.644829464637155,138.6173022,,,,,,,,,,,,,210,red,18559,17033,35592
83,,3310860,1,20260810,3073,320,0,0,0,0,0,3059,395,0,0,0,0,0,3,35.85597447489995,138.2880181,,,,,,,,,,,,,210,red,3393,3454,6847
83,,3310880,1,20260810,3425,226,0,0,0,0,0,3520,300,0,0,0,0,0,3,35.58082577455663,138.474952,,,,,,,,,,,,,210,red,3651,3820,7471
83,,3310890,1,20260810,15563,988,1040,0,0,0,0,16482,1026,1190,0,0,0,0,3,35.625824724613295,139.6414769,,,,,,,,,,,,,210,red,17591,18698,36289
83,,3310900,1,20260810,23212,1738,1332,0,0,0,0,23655,1596,1282,0,0,0,0,3,35.60764403459042,139.613062,,,,,,,,,,,,,210,red,26282,26533,52815
83,,3310910,1,20260810,6334,1076,514,0,0,0,0,6439,766,236,0,0,0,0,3,35.34910803426173,139.141352,,,,,,,,,,,,,210,red,7924,7441,15365
83,,3310920,1,20260810,11796,757,1215,0,0,0,0,9715,950,3667,0,0,0,0,3,35.74888073476721,139.6969986,,,,,,,,,,,,,210,red,13768,14332,28100
83,,3310930,1,20260810,14721,1048,955,0,0,0,0,15381,1414,732,0,0,0,0,3,35.757753044778255,139.6835902,,,,,,,,,,,,,210,red,16724,17527,34251
83,,3310940,1,20260810,19878,2818,690,0,0,0,0,19005,2690,478,0,0,0,0,3,35.653820154648436,140.0442401,,,,,,,,,,,,,210,red,23386,22173,45559
83,,3310950,1,20260810,20313,5100,962,0,0,0,0,17020,5336,1418,0,0,0,0,3,35.64815995464133,139.9005461,,,,,,,,,,,,,210,red,26375,23774,50149
83,,3310960,1,20260810,3486,1897,328,0,0,0,0,1207,741,632,0,0,0,0,3,35.646721404639536,139.8238456,,,,,,,,,,,,,210,red,5711,2580,8291
84,,4110010,1,20260810,28104,3343,0,0,0,0,0,25646,4578,0,0,0,0,0,3,37.932215037230314,139.139722,,,,,,,,,,,,,210,red,31447,30224,61671
84,,4110020,1,20260810,9226,295,0,0,0,0,0,9390,411,0,0,0,0,0,3,37.96100603725917,139.354741,,,,,,,,,,,,,210,red,9521,9801,19322
84,,4110030,1,20260810,4163,572,0,0,0,0,0,4850,505,0,0,0,0,0,3,38.540634037818585,139.550276,,,,,,,,,,,,,210,red,4735,5355,10090
84,,4110040,1,20260810,39387,4082,0,0,0,0,0,37778,2250,0,0,0,0,0,3,37.89993403719785,139.068639,139.0649569,37.8988954271968,,,,,,,,,,,210,red,43469,40028,83497
84,,4110060,1,20260810,6682,891,411,0,0,0,0,6532,751,423,0,0,0,0,3,37.56415502685272,138.8938299,,,,,,,,,,,,,210,red,7984,7706,15690
84,,4110070,1,20260810,7596,400,78,0,0,0,0,8199,344,81,0,0,0,0,3,37.44889503673119,138.76828100000003,,,,,,,,,,,,,210,red,8074,8624,16698
84,,4110090,1,20260810,1968,286,0,0,0,0,0,2045,374,0,0,0,0,0,3,36.97923003622018,137.642048,,,,,,,,,,,,,210,red,2254,2419,4673
84,,4110110,1,20260810,13323,799,145,0,0,0,0,12486,918,149,0,0,0,0,3,36.737147395947105,137.3387361,137.3387361,36.737147395947105,,,,,,,,,,,210,red,14267,13553,27820
84,,4110120,1,20260810,13043,1216,136,0,0,0,0,14220,1136,134,0,0,0,0,3,36.74295939595373,137.1063924,,,,,,,,,,,,,210,red,14395,15490,29885
84,,4110130,1,20260810,13256,1347,154,0,0,0,0,13279,1188,118,0,0,0,0,3,36.75988562597303,137.0465469,,,,,,,,,,,,,210,red,14757,14585,29342
84,,4110140,1,20260810,7377,876,77,0,0,0,0,7832,927,86,0,0,0,0,3,36.6765250558777,136.8260425,,,,,,,,,,,,,210,red,8330,8845,17175
84,,4110150,1,20260810,25946,2231,0,0,0,0,0,26182,2434,0,0,0,0,0,3,36.589046875776866,136.6271782,136.6276288,36.58868075577644,,,,,,,,,,,210,red,28177,28616,56793
84,,4110160,1,20260810,10677,1210,0,0,0,0,0,10259,1088,0,0,0,0,0,3,36.33272803547666,136.42083400000004,,,,,,,,,,,,,210,red,11887,11347,23234
84,,4110170,1,20260810,7669,1014,104,0,0,0,0,7374,818,361,0,0,0,0,3,36.295882035432925,136.303694,,,,,,,,,,,,,210,red,8787,8553,17340
84,,4110180,1,20260810,3915,203,0,0,0,0,0,3800,185,0,0,0,0,0,3,37.35568202663179,138.5718066,,,,,,,,,,,,,210,red,4118,3985,8103
84,,4110190,1,20260810,1276,64,81,0,0,0,0,1052,70,102,0,0,0,0,3,36.785345316001994,138.8016209,,,,,,,,,,,,,210,red,1421,1224,2645
84,,4110200,1,20260810,5907,404,238,0,0,0,0,4955,440,990,0,0,0,0,3,37.05929117630906,138.8725331,,,,,,,,,,,,,210,red,6549,6385,12934
84,,4110210,1,20260810,7296,547,606,0,0,0,0,7289,767,978,0,0,0,0,3,37.379305636657065,138.8344324,,,,,,,,,,,,,210,red,8449,9034,17483
84,,4110220,1,20260810,3989,271,0,0,0,0,0,3548,297,0,0,0,0,0,3,36.859512036085945,138.194944,,,,,,,,,,,,,210,red,4260,3845,8105
84,,4110230,1,20260810,6290,217,69,0,0,0,0,6014,231,84,0,0,0,0,3,36.59277686578118,137.2042608,,,,,,,,,,,,,210,red,6576,6329,12905
84,,4110240,1,20260810,11704,431,97,0,0,0,0,11461,400,122,0,0,0,0,3,36.68543044588792,137.2119749,,,,,,,,,,,,,210,red,12232,11983,24215
84,,4110250,1,20260810,2674,259,0,0,0,0,0,2552,290,0,0,0,0,0,3,37.66099003695361,139.47592,,,,,,,,,,,,,210,red,2933,2842,5775
84,,4110260,1,20260810,3566,345,0,0,0,0,0,3460,248,0,0,0,0,0,3,38.081379037378746,139.576978,,,,,,,,,,,,,210,red,3911,3708,7619
84,,4110270,1,20260810,3119,345,0,0,0,0,0,3088,387,0,0,0,0,0,3,37.60222103689251,138.798415,,,,,,,,,,,,,210,red,3464,3475,6939
84,,4110280,1,20260810,8020,203,49,0,0,0,0,8661,233,63,0,0,0,0,3,36.650611795847915,136.963672,,,,,,,,,,,,,210,red,8272,8957,17229
84,,4110290,1,20260810,8741,720,0,0,0,0,0,9122,660,0,0,0,0,0,3,36.52124203569812,136.587868,,,,,,,,,,,,,210,red,9461,9782,19243
84,,4110300,1,20260810,13323,2237,0,0,210,0,0,15438,870,0,0,0,0,0,3,36.59043403577848,136.685666,136.68521,36.59039903577843,,,,,,,,,,,210,red,15560,16308,31868
84,,4110310,1,20260810,563,19,5,0,0,0,0,568,13,16,0,0,0,0,3,37.0464990362949,137.047738,,,,,,,,,,,,,210,red,587,597,1184
84,,4110320,1,20260810,2862,287,41,0,0,0,0,3196,365,69,0,0,0,0,3,36.8686864160963,136.96136,,,,,,,,,,,,,210,red,3190,3630,6820
84,,4110330,1,20260810,4760,402,59,0,0,0,0,5084,517,88,0,0,0,0,3,36.83313510605615,136.9442582,,,,,,,,,,,,,210,red,5221,5689,10910
84,,4110340,1,20260810,5247,1759,0,0,0,0,0,3855,3148,0,0,0,0,0,3,36.75969223597281,136.9658715,,,,,,,,,,,,,210,red,7006,7003,14009
84,,4110350,1,20260810,3138,263,3,0,0,0,0,3483,598,0,0,210,0,0,3,37.240650036507716,136.905469,,,,,,,,,,,,,210,red,3404,4081,7485
84,,4110351,1,20260810,1384,109,0,0,0,0,0,1477,136,0,0,0,0,0,3,37.31000403658269,136.9066,,,,,,,,,,,,,210,red,1493,1613,3106
84,,4110370,1,20260810,5183,177,0,0,0,0,0,4823,247,0,0,0,0,0,6,37.83527203713243,139.227435,,,,,,,,,,,,,210,red,5360,5070,10430
84,,4110371,1,20260810,4582,393,0,0,0,0,0,4799,403,0,0,0,0,0,3,37.829370037126424,139.20906,,,,,,,,,,,,,210,red,4975,5202,10177
84,,4110380,1,20260810,3558,237,0,0,0,0,0,3461,171,0,0,0,3,0,3,37.73164303702653,139.333641,,,,,,,,,,,,,210,red,3795,3632,7427
84,,4110390,1,20260810,3293,269,0,0,0,0,0,3297,296,0,0,0,0,0,3,37.699376036993314,139.38248,,,,,,,,,,,,,210,red,3562,3593,7155
84,,4110400,1,20260810,2751,319,0,0,0,0,0,3168,401,0,0,0,0,0,3,37.012781036257515,137.026061,,,,,,,,,,,,,210,red,3070,3569,6639
84,,4110410,1,20260810,15401,1514,0,0,0,0,0,15466,1364,0,0,0,0,0,3,36.38238103553535,136.486002,,,,,,,,,,,,,210,red,16915,16830,33745
84,,4110430,1,20260810,849,95,0,0,0,0,0,692,99,0,0,0,0,0,3,37.01726703626248,136.967459,,,,,,,,,,,,,210,red,944,791,1735
84,,4110440,1,20260810,5199,413,60,0,0,0,0,5285,553,97,0,0,0,0,3,36.80001257601863,136.9558319,,,,,,,,,,,,,210,red,5672,5935,11607
84,,4110450,1,20260810,2841,309,43,0,0,0,0,3224,494,84,0,0,0,0,3,36.88168028611092,136.97572590000001,,,,,,,,,,,,,210,red,3193,3802,6995
84,,4110460,1,20260810,2549,293,45,0,0,0,0,2931,374,79,0,0,0,0,3,36.93083435616611,137.0132339,,,,,,,,,,,,,210,red,2887,3384,6271
84,,4110470,1,20260810,7985,509,80,0,0,0,0,7841,613,66,0,0,0,0,3,36.84399970606843,137.4189931,,,,,,,,,,,,,210,red,8574,8520,17094
84,,4110480,1,20260810,6013,712,0,0,0,0,0,5506,550,0,0,0,0,0,3,37.7661015170619,139.0265521,,,,,,,,,,,,,210,red,6725,6056,12781
84,,4110490,1,20260810,5211,608,0,0,0,0,0,5160,474,0,0,0,0,0,3,37.77256794706851,139.0261587,,,,,,,,,,,,,210,red,5819,5634,11453
84,,4110880,1,20260810,6725,450,0,0,0,0,0,6632,401,0,0,0,0,0,3,37.159443036419226,138.223379,,,,,,,,,,,,,210,red,7175,7033,14208
84,,4160390,1,20260810,2595,320,0,0,0,0,0,3190,324,0,0,0,0,0,1,38.268866037561445,139.522026,,,,,,,,,,,,,210,red,2915,3514,6429
84,,4310010,1,20260810,23135,1278,0,0,0,0,0,19529,1026,0,0,0,0,0,3,37.90111003719903,139.07252,139.07275,37.90117003719909,,,,,,,,,,,210,red,24413,20555,44968
84,,4310012,1,20260810,8473,146,0,0,0,0,0,7714,146,0,0,0,0,0,3,37.92162903721969,139.058415,139.059129,37.921847037219905,,,,,,,,,,,210,red,8619,7860,16479
84,,4310014,1,20260810,28400,1815,0,0,0,0,0,18394,1520,0,0,0,210,0,3,37.91719603721522,139.11685,,,,,,,,,,,,,210,red,30215,19914,50129
84,,4310020,1,20260810,14506,740,0,0,0,0,0,8583,236,0,0,0,7,0,3,37.96990561726807,139.2601579,,,,,,,,,,,,,210,red,15246,8819,24065
84,,4310030,1,20260810,15249,790,0,0,0,0,0,13533,565,0,0,0,0,0,3,37.959626427257795,139.290365,,,,,,,,,,,,,210,red,16039,14098,30137
84,,4310060,1,20260810,11279,1001,0,0,0,0,0,13565,1058,0,0,0,0,0,3,37.855369037152805,139.017016,,,,,,,,,,,,,210,red,12280,14623,26903
84,,4310070,1,20260810,7578,713,0,0,0,0,0,6649,733,0,0,0,0,0,3,37.213535036478255,138.30873,,,,,,,,,,,,,210,red,8291,7382,15673
84,,4310080,1,20260810,8717,538,0,0,0,0,0,9344,484,0,0,0,0,0,3,37.15957303641935,138.228132,,,,,,,,,,,,,210,red,9255,9828,19083
84,,4310090,1,20260810,5241,465,0,0,0,0,0,4919,438,0,0,0,0,0,3,37.119068036374955,138.031711,,,,,,,,,,,,,210,red,5706,5357,11063
84,,4310100,1,20260810,6408,514,0,0,0,0,0,5243,414,0,0,0,0,0,3,37.04548803629378,137.853387,,,,,,,,,,,,,210,red,6922,5657,12579
84,,4310110,1,20260810,3725,107,81,0,0,0,0,2343,60,46,0,0,0,0,3,37.055192036304526,137.905522,,,,,,,,,,,,,210,red,3913,2449,6362
84,,4310120,1,20260810,5195,725,0,0,0,0,0,5002,548,0,0,0,0,0,3,36.94553606618256,137.53465,,,,,,,,,,,,,210,red,5920,5550,11470
84,,4310130,1,20260810,9491,662,25,0,0,0,0,9698,730,142,0,0,0,0,3,36.77997831599589,137.3953897,137.3949552,36.779578725995435,,,,,,,,,,,210,red,10178,10570,20748
84,,4310160,1,20260810,3935,293,0,0,0,0,0,4073,315,0,0,0,0,0,3,36.6900247158932,136.89856410000002,,,,,,,,,,,,,210,red,4228,4388,8616
84,,4310170,1,20260810,3473,337,83,0,0,0,0,0,0,0,0,0,0,0,3,36.92741586616228,137.4845517,,,,,,,,,,,,,210,red,3893,0,3893
84,,4310190,1,20260810,7668,1061,0,0,210,0,0,7717,874,0,0,210,0,0,3,36.68614025588873,136.7302394,,,,,,,,,,,,,210,red,8729,8591,17320
84,,4310200,1,20260810,7458,667,0,0,0,0,0,7707,746,0,0,0,0,0,3,36.68324936588542,136.7232978,,,,,,,,,,,,,210,red,8125,8453,16578
84,,4310210,1,20260810,22109,2013,0,0,0,0,0,19953,1799,0,0,0,0,0,3,36.562841365746486,136.5982425,,,,,,,,,,,,,210,red,24122,21752,45874
84,,4310220,1,20260810,17551,1983,0,0,0,0,0,18888,1583,0,0,0,0,0,3,36.50450003567862,136.550432,,,,,,,,,,,,,210,red,19534,20471,40005
84,,4310230,1,20260810,13102,1401,0,0,0,0,0,14515,1185,0,0,0,0,0,3,36.42391556558427,136.483165,,,,,,,,,,,,,210,red,14503,15700,30203
84,,4310250,1,20260810,5796,910,0,0,0,0,0,6037,854,0,0,0,0,0,3,36.2785439554123,136.2915319,,,,,,,,,,,,,210,red,6706,6891,13597
84,,4310270,1,20260810,2625,61,18,0,0,0,0,2146,62,14,0,0,0,0,3,37.072231146323354,138.87240170000004,,,,,,,,,,,,,210,red,2704,2222,4926
84,,4310280,1,20260810,6215,605,0,0,0,0,1,6526,543,0,0,0,0,1,3,36.93595003617183,138.219789,,,,,,,,,,,,,210,red,6820,7069,13889
84,,4310300,1,20260810,16530,1109,0,0,0,0,0,16472,1276,0,0,0,0,0,3,37.135361036392844,138.266363,,,,,,,,,,,,,210,red,17639,17748,35387
84,,4310310,1,20260810,2736,198,95,0,0,0,0,3341,238,137,0,0,0,0,3,36.469212195637375,137.2416294,,,,,,,,,,,,,210,red,3029,3716,6745
84,,4310320,1,20260810,2776,217,62,0,0,0,0,3321,231,120,0,0,0,0,3,36.51196446568731,137.2282451,,,,,,,,,,,,,210,red,3055,3672,6727
84,,4310330,1,20260810,8498,527,0,0,0,0,0,7668,546,0,0,0,0,0,3,36.636592975831775,137.209239,,,,,,,,,,,,,210,red,9025,8214,17239
84,,4310350,1,20260810,14118,1122,0,0,0,0,0,12403,1506,0,0,0,0,0,3,37.85868303715617,139.114645,,,,,,,,,,,,,210,red,15240,13909,29149
84,,4310360,1,20260810,3043,435,447,0,0,0,0,4032,405,223,0,0,0,0,3,37.44596703672809,138.637808,,,,,,,,,,,,,210,red,3925,4660,8585
84,,4310370,1,20260810,5718,743,0,0,0,0,0,5724,790,0,0,0,0,0,3,37.659782356952356,138.8757271,,,,,,,,,,,,,210,red,6461,6514,12975
84,,4310380,1,20260810,4664,672,0,0,0,0,0,4539,967,0,0,0,0,0,3,37.75046003704586,138.90062,,,,,,,,,,,,,210,red,5336,5506,10842
84,,4310390,1,20260810,557,132,0,0,0,0,0,721,223,0,0,0,15,0,3,37.8373130371345,138.931687,,,,,,,,,,,,,210,red,689,944,1633
84,,4310400,1,20260810,470,39,38,0,0,0,0,621,57,44,0,0,0,0,3,36.554335475736636,137.0083094,,,,,,,,,,,,,210,red,547,722,1269
84,,4310410,1,20260810,3394,208,29,0,0,0,0,3594,216,30,0,0,0,0,3,36.956120636194385,136.8892354,,,,,,,,,,,,,210,red,3631,3840,7471
84,,4310411,1,20260810,3286,202,0,0,0,0,0,3286,188,0,0,0,0,0,3,36.92171203615589,136.844019,,,,,,,,,,,,,210,red,3488,3474,6962
84,,4310420,1,20260810,1883,104,0,0,0,0,0,1873,120,0,0,0,0,0,3,36.81057320603062,136.7629731,,,,,,,,,,,,,210,red,1987,1993,3980
84,,4310430,1,20260810,15858,1159,0,0,0,0,0,16158,956,0,0,0,0,0,3,36.68889768589191,136.7214257,,,,,,,,,,,,,210,red,17017,17114,34131
84,,4310440,1,20260810,9931,453,0,0,0,0,0,9589,512,0,0,0,0,0,3,36.62649371582013,136.7029238,,,,,,,,,,,,,210,red,10384,10101,20485
84,,4310441,1,20260810,13283,663,0,0,0,0,0,13938,596,0,0,0,0,0,3,36.60182503579164,136.700048,,,,,,,,,,,,,210,red,13946,14534,28480
84,,4310450,1,20260810,17408,875,0,0,0,0,0,17942,510,678,0,0,0,0,3,36.57428003575976,136.686305,136.6864014,36.57449126576,,,,,,,,,,,210,red,18283,19130,37413
84,,4310460,1,20260810,419,13,59,0,0,0,0,337,16,83,0,0,0,0,3,36.9580881961966,137.048108,,,,,,,,,,,,,210,red,491,436,927
84,,4310470,1,20260810,11045,613,117,0,0,0,0,12810,543,145,0,0,0,0,3,36.77955370599541,137.0001501,,,,,,,,,,,,,210,red,11775,13498,25273
85,22,5110100,1,20260810,16485,951,472,0,0,0,13,15739,1329,532,0,0,0,13,3,35.15213957400704,138.9246216,,,,,,,,,,,,,210,red,17908,17600,35508
85,22,5110109,1,20260810,7290,542,131,0,0,0,0,7136,474,59,0,0,0,0,3,35.118767763963525,138.9293772,,,,,,,,,,,,,210,red,7963,7669,15632
85,22,5110111,1,20260810,16772,609,267,0,0,0,0,15751,610,320,0,0,0,0,3,35.10924329395108,138.9124954,,,,,,,,,,,,,210,red,17648,16681,34329
85,22,5110115,1,20260810,15175,1638,0,0,0,0,0,15075,1683,0,0,0,0,0,3,35.138890033989775,138.739584,,,,,,,,,,,,,210,red,16813,16758,33571
85,22,5110120,1,20260810,19614,2575,0,0,0,0,0,20667,2646,0,0,0,0,0,3,35.06126803388831,138.536991,,,,,,,,,,,,,210,red,22189,23313,45502
85,22,5110125,1,20260810,13911,680,0,0,0,0,0,13510,518,0,0,0,0,0,3,34.99945503380712,138.431978,,,,,,,,,,,,,210,red,14591,14028,28619
85,22,5110130,1,20260810,22051,3025,0,0,0,0,0,23903,3348,0,0,0,0,0,3,35.00292603381168,138.37946,,,,,,,,,,,,,210,red,25076,27251,52327
85,22,5110135,1,20260810,22107,2388,0,0,0,0,0,23335,2409,0,0,0,0,0,3,34.9427310337323,138.326229,,,,,,,,,,,,,210,red,24495,25744,50239
85,22,5110140,1,20260810,12202,1540,0,0,0,0,0,12312,1520,0,0,0,0,0,3,34.87443903364182,138.231472,,,,,,,,,,,,,210,red,13742,13832,27574
85,22,5110145,1,20260810,12107,1387,0,0,0,0,0,12678,1574,0,0,0,0,0,3,34.831770733585074,138.1182557,,,,,,,,,,,,,210,red,13494,14252,27746
85,22,5110148,1,20260810,26650,2279,0,0,0,0,0,26947,2261,0,0,0,0,0,3,34.73805952345989,137.853806,,,,,,,,,,,,,210,red,28929,29208,58137
85,22,5110150,1,20260810,27001,1746,411,0,0,0,0,27812,3706,0,0,0,0,0,3,34.731415953450984,137.7966642,,,,,,,,,,,,,210,red,29158,31518,60676
85,22,5110155,1,20260810,14314,1934,0,0,0,0,0,6569,1015,7,0,0,131,0,3,34.67742179337847,137.6802735,,,,,,,,,,,,,210,red,16248,7591,23839
85,22,5110158,1,20260810,17549,1733,0,0,0,0,0,17132,1663,0,0,0,0,0,3,34.67846877337988,137.608459,,,,,,,,,,,,,210,red,19282,18795,38077
85,22,5110160,1,20260810,12651,1367,0,0,0,0,0,12981,1567,0,0,0,0,0,3,34.67701253337791,137.5025406,,,,,,,,,,,,,210,red,14018,14548,28566
85,23,5110170,1,20260810,13147,1238,0,0,0,0,0,14986,1529,0,0,0,0,0,3,34.7982592835404,137.36621260000004,,,,,,,,,,,,,210,red,14385,16515,30900
85,23,5110175,1,20260810,12358,910,0,0,0,0,0,13075,929,0,0,0,0,0,3,34.92391956370741,137.2032416,,,,,,,,,,,,,210,red,13268,14004,27272
85,23,5110180,1,20260810,6383,854,0,0,0,0,0,7200,487,0,0,0,0,0,3,35.12246228396835,136.7712316,,,,,,,,,,,,,210,red,7237,7687,14924
85,24,5110185,1,20260810,8737,838,0,0,0,0,0,8708,902,0,0,0,0,0,3,35.02683417384312,136.6459825,,,,,,,,,,,,,210,red,9575,9610,19185
85,24,5110190,1,20260810,9932,1595,0,0,0,0,0,11653,1829,0,0,0,0,0,3,34.914394373694805,136.5686551,,,,,,,,,,,,,210,red,11527,13482,25009
85,23,5110250,1,20260810,11880,1270,0,0,0,0,0,12375,1142,0,0,0,0,0,3,35.23002111410819,136.9279236,,,,,,,,,,,,,210,red,13150,13517,26667
85,23,5110255,1,20260810,13037,1038,0,0,0,0,0,9619,1018,0,0,0,0,0,3,35.22358825409986,136.8807274,,,,,,,,,,,,,210,red,14075,10637,24712
85,22,5111410,1,20260810,7007,273,70,0,0,0,0,6422,198,37,0,0,0,0,3,34.9385786437268,138.9422778,,,,,,,,,,,,,210,red,7350,6657,14007
85,22,5111435,1,20260810,12412,789,0,0,0,0,15,12273,706,0,0,0,0,15,3,35.112323893955114,138.9483055,,,,,,,,,,,,,210,red,13201,12979,26180
85,22,5111440,1,20260810,8589,422,18,0,0,0,0,5767,312,121,0,0,0,0,3,35.09294534392978,138.9461249,,,,,,,,,,,,,210,red,9029,6200,15229
85,22,5111460,1,20260810,2359,108,0,0,0,0,0,2759,184,0,0,0,0,0,3,34.773393033507176,138.94734200000002,,,,,,,,,,,,,210,red,2467,2943,5410
85,23,5111910,1,20260810,19848,2494,0,0,0,0,0,20567,2651,0,0,0,0,0,3,35.251491704135965,136.9747388,,,,,,,,,,,,,210,red,22342,23218,45560
85,21,5111920,1,20260810,13219,1098,0,0,0,0,0,13106,1218,0,0,0,0,0,3,35.33014667423738,137.0762497,,,,,,,,,,,,,210,red,14317,14324,28641
85,21,5111930,1,20260810,11595,937,0,0,0,0,0,11982,1094,0,0,0,0,0,3,35.36635604428386,137.2135359,,,,,,,,,,,,,210,red,12532,13076,25608
85,21,5111940,1,20260810,15738,1274,0,0,0,0,0,17144,1300,0,0,0,0,0,3,35.477490394425764,137.4827895,,,,,,,,,,,,,210,red,17012,18444,35456
85,21,5111950,1,20260810,6476,528,0,0,0,0,0,6237,554,0,0,0,0,0,3,35.54294722450878,137.5415325,,,,,,,,,,,,,210,red,7004,6791,13795
85,20,5111960,1,20260810,5625,589,0,0,0,0,0,5299,609,0,0,0,0,0,3,35.79372550482294,137.6867026,,,,,,,,,,,,,210,red,6214,5908,12122
85,20,5111970,1,20260810,0,0,0,0,0,210,0,8045,0,0,0,0,0,0,3,35.86568255491192,137.7375698,,,,,,,,,,,,,210,red,0,8045,8045
85,21,5112190,1,20260810,3541,389,0,0,0,0,0,3515,416,0,0,0,0,0,3,35.35969120427531,136.4557958,,,,,,,,,,,,,210,red,3930,3931,7861
85,21,5112240,1,20260810,19953,2208,0,0,0,0,0,18000,1747,0,0,0,0,0,3,35.38091091430252,136.7844039,,,,,,,,,,,,,210,red,22161,19747,41908
85,23,5112320,1,20260810,26457,3195,0,0,0,0,0,25827,3523,0,0,0,0,0,3,34.935405063722605,137.0426846,,,,,,,,,,,,,210,red,29652,29350,59002
85,23,5112325,1,20260810,35175,3763,0,0,0,0,0,34107,4755,0,0,0,0,0,3,35.020771293835146,137.0130622,,,,,,,,,,,,,210,red,38938,38862,77800
85,23,5112330,1,20260810,38752,4785,0,0,0,0,0,39558,5393,0,0,0,0,0,3,35.04312062386452,136.9841158,,,,,,,,,,,,,210,red,43537,44951,88488
85,23,5112340,1,20260810,16045,3654,0,0,0,0,0,15933,3663,0,0,0,0,0,3,35.06974911389942,136.7566216,,,,,,,,,,,,,210,red,19699,19596,39295
85,24,5112350,1,20260810,18883,3003,0,0,0,0,0,18773,3209,0,0,0,0,0,3,35.00912200381983,136.6732612,,,,,,,,,,,,,210,red,21886,21982,43868
85,24,5112355,1,20260810,19954,834,0,0,0,0,0,16793,830,0,0,0,0,0,3,34.75468373348215,136.5225828,,,,,,,,,,,,,210,red,20788,17623,38411
85,24,5112360,1,20260810,13338,696,0,0,0,0,0,12912,568,0,0,0,0,0,3,34.558484833217825,136.6473028,,,,,,,,,,,,,210,red,14034,13480,27514
85,24,5112370,1,20260810,9819,1011,0,0,0,0,0,9572,921,0,0,0,0,0,3,34.78302070352005,136.5006557,,,,,,,,,,,,,210,red,10830,10493,21323
85,24,5112375,1,20260810,10470,1019,0,0,0,0,0,10319,1034,0,0,0,0,0,3,34.74150673346451,136.4838785,,,,,,,,,,,,,210,red,11489,11353,22842
85,24,5112550,1,20260810,19783,4639,0,0,0,0,0,20597,4056,0,0,0,0,0,3,34.839452033595315,136.260335,,,,,,,,,,,,,210,red,24422,24653,49075
85,24,5112590,1,20260810,16169,4602,0,0,0,0,0,19444,4035,0,0,0,0,0,3,34.703780033413906,136.071242,,,,,,,,,,,,,210,red,20771,23479,44250
85,22,5113885,1,20260810,9310,816,0,0,0,0,0,11299,970,0,0,0,0,0,3,35.33142394423902,138.8977143,,,,,,,,,,,,,210,red,10126,12269,22395
85,22,5113890,1,20260810,6778,499,0,0,0,0,0,8430,409,0,0,0,0,0,3,35.32388868422933,138.9049485,,,,,,,,,,,,,210,red,7277,8839,16116
85,22,5113910,1,20260810,16114,1964,0,0,0,0,0,13720,1540,0,0,0,0,0,3,35.18190903404577,138.676858,,,,,,,,,,,,,210,red,18078,15260,33338
85,22,5113920,1,20260810,14606,1757,0,0,0,1,0,15287,1162,0,0,0,0,0,3,35.209794034081966,138.64987,,,,,,,,,,,,,210,red,16363,16449,32812
85,22,5113990,1,20260810,3834,404,0,0,0,0,0,3819,407,0,0,0,0,0,3,35.41511303434628,138.590083,,,,,,,,,,,,,210,red,4238,4226,8464
85,23,5114110,1,20260810,15869,2241,0,0,0,0,0,14805,2294,0,0,0,0,0,3,35.268750034158266,136.907566,,,,,,,,,,,,,210,red,18110,17099,35209
85,23,5114120,1,20260810,16480,2384,0,0,0,0,0,17448,2664,0,0,0,0,0,3,35.33167103423934,136.91981,,,,,,,,,,,,,210,red,18864,20112,38976
85,21,5114130,1,20260810,6151,785,0,0,0,0,0,5913,525,0,0,0,0,0,3,35.48643303443713,137.055201,,,,,,,,,,,,,210,red,6936,6438,13374
85,21,5114140,1,20260810,5979,629,0,0,0,0,0,5244,580,0,0,0,0,0,3,35.78858303481656,137.25606,,,,,,,,,,,,,210,red,6608,5824,12432
85,21,5114150,1,20260810,5988,391,0,0,0,0,0,5789,441,0,0,0,0,0,3,35.86755403491424,137.213563,,,,,,,,,,,,,210,red,6379,6230,12609
85,21,5114160,1,20260810,4193,341,0,0,0,0,0,4005,312,0,0,0,0,0,3,36.07096803516291,137.267306,,,,,,,,,,,,,210,red,4534,4317,8851
85,21,5114170,1,20260810,2523,295,0,0,0,0,0,2248,514,0,0,0,0,0,3,36.26496203539611,137.138911,,,,,,,,,,,,,210,red,2818,2762,5580
85,21,5114180,1,20260810,1714,203,0,0,0,0,0,2318,221,0,0,0,0,0,3,36.459520035626035,137.248946,,,,,,,,,,,,,210,red,1917,2539,4456
85,24,5114210,1,20260810,7767,577,0,0,0,0,0,8100,376,0,0,0,0,0,3,34.51961103316506,136.541333,,,,,,,,,,,,,210,red,8344,8476,16820
85,24,5114230,1,20260810,2288,173,0,0,0,0,0,2452,179,0,0,0,0,0,3,34.31527803288554,136.410056,,,,,,,,,,,,,210,red,2461,2631,5092
85,24,5114250,1,20260810,2017,84,0,0,0,0,0,2128,90,0,0,0,0,0,3,34.09569403258125,136.196222,,,,,,,,,,,,,210,red,2101,2218,4319
85,24,5114270,1,20260810,1716,119,0,0,0,0,0,1870,120,0,0,0,0,0,3,34.275333032830495,136.358917,,,,,,,,,,,,,210,red,1835,1990,3825
85,24,5114290,1,20260810,6652,314,0,0,0,0,0,6559,317,0,0,0,0,0,3,33.86069403225124,136.076111,,,,,,,,,,,,,210,red,6966,6876,13842
85,22,5114610,1,20260810,14525,1143,472,0,0,0,0,14050,1110,433,0,0,0,0,3,35.152874244008,138.8951207,,,,,,,,,,,,,210,red,16140,15593,31733
85,22,5114620,1,20260810,11123,916,150,0,0,0,0,13992,1214,393,0,0,0,0,3,35.13134103397993,138.875041,,,,,,,,,,,,,210,red,12189,15599,27788
85,22,5114630,1,20260810,11028,912,134,0,0,0,0,11860,922,160,0,0,0,0,3,35.14589793399891,138.8871002,,,,,,,,,,,,,210,red,12074,12942,25016
85,22,5114680,1,20260810,7274,867,0,0,0,0,0,5551,896,0,0,0,0,0,3,35.35910497427457,139.0109217,,,,,,,,,,,,,210,red,8141,6447,14588
85,22,5114740,1,20260810,512,27,0,0,0,0,0,573,50,0,0,0,0,0,3,35.073007033903686,137.787657,,,,,,,,,,,,,210,red,539,623,1162
85,22,5114750,1,20260810,1629,113,0,0,0,0,0,1993,90,0,0,0,0,0,3,34.90575222368336,137.6681803,,,,,,,,,,,,,210,red,1742,2083,3825
85,22,5115250,1,20260810,2480,238,0,0,0,0,0,1760,266,0,0,0,0,0,3,35.137162033987515,138.520651,,,,,,,,,,,,,210,red,2718,2026,4744
85,23,5115320,1,20260810,13354,1002,0,0,0,0,0,13493,570,0,0,0,0,0,3,35.10723119394846,137.0409411,,,,,,,,,,,,,210,red,14356,14063,28419
85,23,5115340,1,20260810,6209,317,0,0,0,0,0,5273,335,0,0,0,0,0,3,35.13153551398018,137.304967,,,,,,,,,,,,,210,red,6526,5608,12134
85,20,5115370,1,20260810,0,0,0,0,210,210,0,0,0,0,0,210,210,0,3,35.50121594445591,137.794953,,,,,,,,,,,,,210,red,0,0,0
85,20,5115380,1,20260810,5353,290,0,0,0,0,0,4975,305,0,0,0,0,0,3,35.71541168472551,137.9379522,,,,,,,,,,,,,210,red,5643,5280,10923
85,23,5115530,1,20260810,5636,427,0,0,0,0,0,5275,541,0,0,0,0,0,3,35.06429103389226,137.11723,,,,,,,,,,,,,210,red,6063,5816,11879
85,21,5115610,1,20260810,20191,1675,0,0,0,0,0,20398,1921,0,0,0,0,0,3,35.39814591432458,136.7848921,,,,,,,,,,,,,210,red,21866,22319,44185
85,21,5115630,1,20260810,7356,482,0,0,0,0,0,6759,367,0,0,0,0,0,3,35.73557476475065,136.9518113,,,,,,,,,,,,,210,red,7838,7126,14964
85,21,5115650,1,20260810,5003,264,0,0,0,0,0,4651,253,0,0,0,0,0,3,35.88316975493347,136.85442030000002,,,,,,,,,,,,,210,red,5267,4904,10171
85,21,5115680,1,20260810,1694,120,0,0,0,0,0,1672,103,0,0,0,0,0,3,35.99802490507423,136.9009352,,,,,,,,,,,,,210,red,1814,1775,3589
85,21,5115820,1,20260810,,,,0,0,0,210,,,,0,0,0,210,3,36.18407203529936,137.542187,,,,,,,,,,,,,210,red,0,0,0
85,22,5123510,1,20260810,9086,937,0,0,0,0,0,12243,729,0,0,0,0,0,3,35.141546483993245,139.1103673,,,,,,,,,,,,,210,red,10023,12972,22995
85,20,5125390,1,20260810,5267,293,0,0,0,0,0,5258,241,0,0,0,0,0,3,35.876706504925515,137.9806852,,,,,,,,,,,,,210,red,5560,5499,11059
85,23,5311910,1,20260810,12868,1536,0,0,0,0,0,13620,1372,0,0,0,0,0,3,35.124239273970666,136.856963,,,,,,,,,,,,,210,red,14404,14992,29396
86,,6110010,1,20260810,5937,647,0,0,0,0,0,6047,583,0,0,0,0,0,3,34.938138216795814,136.265283823013,,,,,,,,,,,,,210,red,6584,6630,13214
86,,6110020,1,20260810,8612,529,0,0,0,0,0,8564,573,0,0,0,0,0,3,34.990936305895495,136.115165948867,,,,,,,,,,,,,210,red,9141,9137,18278
86,,6110030,1,20260810,9584,549,1903,0,0,0,0,10722,653,967,0,0,0,0,3,35.005385003512316,135.956851243972,,,,,,,,,,,,,210,red,12036,12342,24378
86,,6110040,1,20260810,5631,563,0,0,0,0,0,7417,580,0,0,0,0,0,3,34.95699292997823,135.913501381874,,,,,,,,,,,,,210,red,6194,7997,14191
86,,6110050,1,20260810,13630,619,0,0,0,0,0,14836,814,0,0,0,0,0,3,34.99087038445861,135.844525694847,,,,,,,,,,,,,210,red,14249,15650,29899
86,,6110060,1,20260810,27883,2407,0,0,0,0,0,26533,3378,0,0,0,0,0,3,34.99142632024544,135.831109285354,,,,,,,,,,,,,210,red,30290,29911,60201
86,,6110070,1,20260810,20647,1708,0,0,0,0,0,19885,1711,0,0,0,0,0,3,34.98630409707048,135.82777261734,,,,,,,,,,,,,210,red,22355,21596,43951
86,,6110080,1,20260810,16417,3236,0,0,0,0,0,17513,3739,0,0,0,0,0,3,34.91099177877929,135.744452476501,,,,,,,,,,,,,210,red,19653,21252,40905
86,,6110090,1,20260810,20973,3393,0,0,0,0,0,20954,3278,0,0,0,0,0,3,34.805311519271704,135.649480819702,,,,,,,,,,,,,210,red,24366,24232,48598
86,,6110100,1,20260810,,,,0,0,0,210,,,,0,0,0,210,3,34.81945711253497,135.720393061637,,,,,,,,,,,,,210,red,0,0,0
86,,6110110,1,20260810,11750,887,0,0,0,0,0,11748,911,0,0,0,0,0,3,34.71960434074075,135.436824560165,,,,,,,,,,,,,210,red,12637,12659,25296
86,,6110120,1,20260810,11617,814,0,0,0,0,0,12328,809,0,0,0,0,0,3,34.64078623273222,135.106242299079,,,,,,,,,,,,,210,red,12431,13137,25568
86,,6110130,1,20260810,28406,4385,0,0,0,0,0,27275,4653,0,0,0,0,0,3,34.75756172115131,134.859353005886,,,,,,,,,,,,,210,red,32791,31928,64719
86,,6110140,1,20260810,27959,4095,0,0,0,0,0,30402,4179,0,0,0,0,0,3,34.83274825524009,134.630174338817,,,,,,,,,,,,,210,red,32054,34581,66635
86,,6110150,1,20260810,18363,2997,0,0,0,0,0,20218,3048,0,0,0,0,0,3,34.847425137493005,134.578367471694,,,,,,,,,,,,,210,red,21360,23266,44626
86,,6110170,1,20260810,5263,863,0,0,0,0,0,5688,847,0,0,0,0,0,3,36.23649392464164,136.286623477935,,,,,,,,,,,,,210,red,6126,6535,12661
86,,6110180,1,20260810,4930,964,0,0,0,0,0,1184,108,0,0,0,0,0,3,35.792989034822035,136.092793,,,,,,,,,,,,,210,red,5894,1292,7186
86,,6110190,1,20260810,3882,932,0,0,0,0,0,4186,790,0,0,0,0,0,3,35.62256603460919,136.08205800000002,,,,,,,,,,,,,210,red,4814,4976,9790
86,,6110200,1,20260810,6673,252,0,0,0,0,0,6421,270,0,0,0,0,0,3,35.319800029709974,136.279370784759,,,,,,,,,,,,,210,red,6925,6691,13616
86,,6110210,1,20260810,8434,599,0,0,0,0,0,8322,571,0,0,0,0,0,3,35.25049070224537,136.262805461883,,,,,,,,,,,,,210,red,9033,8893,17926
86,,6110220,1,20260810,7844,722,0,0,0,0,0,7595,714,0,0,0,0,0,3,35.135413702721344,136.168110072612,,,,,,,,,,,,,210,red,8566,8309,16875
86,,6110230,1,20260810,9713,617,0,0,0,0,0,8876,672,0,0,0,0,0,3,35.05193480694747,136.028718352317,,,,,,,,,,,,,210,red,10330,9548,19878
86,,6110240,1,20260810,17192,1330,0,0,0,0,0,17370,1372,0,0,0,0,0,3,34.97508726487281,135.666646957397,,,,,,,,,,,,,210,red,18522,18742,37264
86,,6110250,1,20260810,12240,895,0,0,0,0,0,12339,832,0,0,0,0,0,3,35.290674394918256,135.122528672218,,,,,,,,,,,,,210,red,13135,13171,26306
86,,6110260,1,20260810,3479,225,0,0,0,0,0,3461,266,0,0,0,0,0,3,35.33418386481987,134.859425425529,,,,,,,,,,,,,210,red,3704,3727,7431
86,,6110270,1,20260810,3089,166,0,0,0,0,0,3139,148,0,0,0,0,0,3,35.37906081109355,134.782794713974,,,,,,,,,,,,,210,red,3255,3287,6542
86,,6110280,1,20260810,1973,187,0,0,0,0,0,1959,221,0,0,0,0,0,3,35.39752934547739,134.617635011672,,,,,,,,,,,,,210,red,2160,2180,4340
86,,6110290,1,20260810,3708,509,0,0,0,0,0,3726,506,0,0,0,0,0,3,35.3445505431606,136.408736407756,,,,,,,,,,,,,210,red,4217,4232,8449
86,,6110300,1,20260810,8476,430,0,0,0,0,0,7457,405,0,0,0,0,0,3,34.929386538763445,135.767959356307,,,,,,,,,,,,,210,red,8906,7862,16768
86,,6110310,1,20260810,18201,1629,0,0,0,0,0,16701,1789,0,0,0,0,0,3,34.692826863672394,135.811829566955,,,,,,,,,,,,,210,red,19830,18490,38320
86,,6110320,1,20260810,12898,1038,0,0,0,210,0,19831,1541,0,0,0,0,0,3,34.49633103313339,135.742759,,,,,,,,,,,,,210,red,13936,21372,35308
86,,6110330,1,20260810,14509,536,0,0,0,0,0,12403,518,0,0,0,0,0,3,34.255336527005475,135.221571922302,,,,,,,,,,,,,210,red,15045,12921,27966
86,,6110340,1,20260810,12412,903,0,0,0,0,0,13625,1087,0,0,0,0,0,3,34.59261679509626,135.476585626602,,,,,,,,,,,,,210,red,13315,14712,28027
86,,6110350,1,20260810,22991,1390,0,0,0,0,0,23677,1580,0,0,0,0,0,3,34.492391818044126,135.423381328582,,,,,,,,,,,,,210,red,24381,25257,49638
86,,6110361,1,20260810,6975,591,0,0,0,0,0,7276,643,0,0,0,0,0,3,34.27701629033371,135.164935521261,,,,,,,,,,,,,210,red,7566,7919,15485
86,,6110370,1,20260810,5935,422,0,0,0,0,0,4352,237,0,0,0,0,0,3,35.61308303459727,135.971192,,,,,,,,,,,,,210,red,6357,4589,10946
86,,6110380,1,20260810,3842,308,0,0,0,0,0,4652,428,0,0,0,0,0,3,35.486004106628485,135.463869273662,,,,,,,,,,,,,210,red,4150,5080,9230
86,,6110390,1,20260810,3617,420,0,0,0,0,0,3779,428,0,0,0,0,0,3,35.30401991598347,135.272947382363,,,,,,,,,,,,,210,red,4037,4207,8244
86,,6110410,1,20260810,5497,394,0,0,0,0,0,5742,385,0,0,0,0,0,3,34.99524305806187,134.558363556861,,,,,,,,,,,,,210,red,5891,6127,12018
86,,6110430,1,20260810,566,29,20,0,0,0,0,722,25,28,0,0,0,0,3,33.577233165562106,135.427241160067,,,,,,,,,,,,,210,red,615,775,1390
86,,6110440,1,20260810,10100,535,0,0,0,0,0,9495,545,0,0,0,0,0,3,34.143380032647656,135.20039,,,,,,,,,,,,,210,red,10635,10040,20675
86,,6110450,1,20260810,16262,7212,0,0,0,0,0,15701,8007,0,0,0,0,0,3,34.71254919312948,135.425688028335,,,,,,,,,,,,,210,red,23474,23708,47182
86,,6110460,1,20260810,5720,705,0,0,0,0,0,6031,702,0,0,0,0,0,3,35.431053158155514,136.016224622726,,,,,,,,,,,,,210,red,6425,6733,13158
86,,6110470,1,20260810,9395,808,0,0,0,0,0,10475,823,0,0,0,0,0,3,35.21341864052877,135.925826132297,,,,,,,,,,,,,210,red,10203,11298,21501
86,,6110500,1,20260810,7293,932,0,0,0,0,0,6404,676,0,0,0,0,0,3,35.10094221794055,135.892639160156,,,,,,,,,,,,,210,red,8225,7080,15305
86,,6110510,1,20260810,8287,1319,0,0,0,0,0,8032,901,0,0,0,0,0,3,35.080206671418715,135.881878137588,,,,,,,,,,,,,210,red,9606,8933,18539
86,,6110520,1,20260810,18557,1614,0,0,0,0,0,3706,688,3566,0,0,0,0,3,35.00895503826151,135.838812589645,,,,,,,,,,,,,210,red,20171,7960,28131
86,,6110530,1,20260810,11121,2349,0,0,0,0,0,11925,2459,0,0,0,0,0,3,34.8925928963683,135.684016942977,,,,,,,,,,,,,210,red,13470,14384,27854
86,,6110540,1,20260810,10351,1011,0,0,0,0,0,10625,1060,0,0,0,0,0,3,34.686726631641484,134.982630014419,,,,,,,,,,,,,210,red,11362,11685,23047
86,,6110670,1,20260810,11316,1456,0,0,0,0,0,12421,1448,0,0,0,0,0,3,34.486465033119956,135.763168,,,,,,,,,,,,,210,red,12772,13869,26641
86,,6110700,1,20260810,9051,1057,0,0,0,0,0,9465,952,0,0,0,0,0,3,34.36883103295914,135.698397,,,,,,,,,,,,,210,red,10108,10417,20525
86,,6110710,1,20260810,9553,983,0,0,0,0,0,10108,939,0,0,0,0,0,3,34.346251032928144,135.675464,,,,,,,,,,,,,210,red,10536,11047,21583
86,,6110720,1,20260810,8930,978,0,0,0,0,0,9350,904,0,0,0,0,0,3,34.34307531292378,135.6723947,,,,,,,,,,,,,210,red,9908,10254,20162
86,,6110730,1,20260810,8203,1004,0,0,0,0,0,8304,1076,0,0,0,0,0,3,34.3344353954711,135.643944740295,,,,,,,,,,,,,210,red,9207,9380,18587
86,,6110740,1,20260810,9863,901,109,0,0,0,0,10032,784,202,0,0,0,0,3,34.32057809029414,135.595622062683,,,,,,,,,,,,,210,red,10873,11018,21891
86,,6110750,1,20260810,9854,1008,0,0,0,0,0,10142,900,0,0,0,0,0,3,34.30420703287028,135.508371,,,,,,,,,,,,,210,red,10862,11042,21904
86,,6110760,1,20260810,9124,1069,0,0,0,0,0,9878,1005,0,0,0,0,0,3,34.300277802864876,135.49583333,,,,,,,,,,,,,210,red,10193,10883,21076
86,,6110765,1,20260810,9367,1130,0,0,0,0,0,10245,1040,0,0,0,0,0,3,34.293299032855266,135.42037,,,,,,,,,,,,,210,red,10497,11285,21782
86,,6110780,1,20260810,,,,0,0,0,210,,,,0,0,0,210,3,34.290835032851874,135.406025,,,,,,,,,,,,,210,red,0,0,0
86,,6110790,1,20260810,4649,793,0,0,0,0,0,5103,763,0,0,0,0,0,3,34.28766234793788,135.279854549589,,,,,,,,,,,,,210,red,5442,5866,11308
86,,6110810,1,20260810,1893,182,0,0,0,0,0,2040,216,0,0,0,0,0,3,35.91898971813652,136.6293598948,,,,,,,,,,,,,210,red,2075,2256,4331
86,,6110820,1,20260810,2241,255,0,0,0,0,0,2244,313,0,0,0,0,0,3,35.963561035032136,136.602468,,,,,,,,,,,,,210,red,2496,2557,5053
86,,6110840,1,20260810,2268,200,0,0,0,0,0,2226,241,0,0,0,0,0,3,35.98949103506382,136.526729,,,,,,,,,,,,,210,red,2468,2467,4935
86,,6110860,1,20260810,7590,433,0,0,0,0,0,7307,406,0,0,0,0,0,3,36.062580031168245,136.445198357105,,,,,,,,,,,,,210,red,8023,7713,15736
86,,6110870,1,20260810,7952,517,0,0,0,0,0,7995,452,0,0,0,0,0,3,36.074224272699254,136.374473869296,,,,,,,,,,,,,210,red,8469,8447,16916
86,,6110880,1,20260810,7818,721,0,0,0,0,0,8368,467,0,0,0,0,0,3,36.086521994378465,136.324462164098,,,,,,,,,,,,,210,red,8539,8835,17374
86,,6110980,1,20260810,4544,473,0,0,0,0,0,4943,413,0,0,0,0,0,3,35.30511375498357,134.89226102828903,,,,,,,,,,,,,210,red,5017,5356,10373
86,,6111020,1,20260810,17122,4436,0,0,0,0,0,21250,5286,0,0,0,0,0,3,34.61538892329484,135.8745,,,,,,,,,,,,,210,red,21558,26536,48094
86,,6111030,1,20260810,5628,149,45,0,0,0,0,5921,123,56,0,0,0,0,3,33.670648031981166,135.947246,,,,,,,,,,,,,210,red,5822,6100,11922
86,,6111040,1,20260810,6275,264,53,0,0,0,0,6731,221,65,0,0,0,0,1,33.74362082208521,135.40352793,,,,,,,,,,,,,210,red,6592,7017,13609
86,,6111050,1,20260810,6435,276,33,0,0,0,0,6830,178,60,0,0,0,0,1,33.67806806199178,135.40361475,,,,,,,,,,,,,210,red,6744,7068,13812
86,,6111060,1,20260810,5122,221,54,0,0,0,0,5064,173,62,0,0,0,0,1,33.63743103193369,135.410147,,,,,,,,,,,,,210,red,5397,5299,10696
86,,6111070,1,20260810,3524,192,36,0,0,0,0,3528,171,46,0,0,0,0,1,33.56605113183135,135.49421066,,,,,,,,,,,,,210,red,3752,3745,7497
86,,6111080,1,20260810,3038,178,39,0,0,0,0,3081,157,31,0,0,0,0,1,33.53123967178131,135.54653822,,,,,,,,,,,,,210,red,3255,3269,6524
86,,6111090,1,20260810,3752,164,31,0,0,0,0,4083,135,39,0,0,0,0,3,33.620083251908845,135.91802864,,,,,,,,,,,,,210,red,3947,4257,8204
86,,6111094,1,20260810,4207,116,62,0,0,0,0,4462,118,47,0,0,0,0,3,33.73308003207021,136.004619,,,,,,,,,,,,,210,red,4385,4627,9012
86,,6111100,1,20260810,7766,950,0,0,0,0,0,8507,923,0,0,0,0,0,3,34.29138892285263,135.3613889,,,,,,,,,,,,,210,red,8716,9430,18146
87,,7110040,1,20260810,7907,1197,0,0,0,0,0,7775,1201,0,0,0,0,0,3,34.51540182315934,133.565914,,,,,,,,,,,,,210,red,9104,8976,18080
87,,7110090,1,20260810,10068,1854,0,0,0,0,0,10310,1685,0,0,0,0,0,3,34.076861142554975,131.3867222,,,,,,,,,,,,,210,red,11922,11995,23917
87,,7110140,1,20260810,7986,704,0,0,0,0,0,7708,698,0,0,0,0,0,3,35.42972217436492,133.16019770000003,,,,,,,,,,,,,210,red,8690,8406,17096
87,,7110150,1,20260810,9091,907,0,0,0,0,0,9666,865,0,0,0,0,0,3,35.41501435434614,132.9291201,,,,,,,,,,,,,210,red,9998,10531,20529
87,,7110160,1,20260810,3297,224,0,0,0,0,0,3355,191,0,0,0,0,0,3,35.220801104096246,132.5117898,,,,,,,,,,,,,210,red,3521,3546,7067
87,,7110170,1,20260810,800,58,0,0,0,0,0,801,79,0,0,0,0,0,3,34.75449303348189,131.907185,,,,,,,,,,,,,210,red,858,880,1738
87,,7110180,1,20260810,1682,168,0,0,0,0,0,1618,133,0,0,0,0,0,3,34.42694447303873,131.76016670000004,,,,,,,,,,,,,210,red,1850,1751,3601
87,,7110210,1,20260810,5459,519,0,0,0,0,0,6028,488,0,0,0,0,0,3,34.8389208935946,133.9257149,,,,,,,,,,,,,210,red,5978,6516,12494
87,,7110240,1,20260810,4476,559,0,0,0,0,0,4911,525,0,0,0,0,0,3,34.684982133388644,133.784738,,,,,,,,,,,,,210,red,5035,5436,10471
87,,7110260,1,20260810,1139,61,0,0,0,175,0,3640,171,0,0,0,0,0,3,33.97988891241918,132.1977222,,,,,,,,,,,,,210,red,1200,3811,5011
87,,7110270,1,20260810,2314,185,0,0,0,0,0,2167,197,0,0,0,0,0,3,34.65950003335435,131.6773889,,,,,,,,,,,,,210,red,2499,2364,4863
87,,7110280,1,20260810,4411,288,0,0,0,0,0,4140,323,0,0,0,0,0,3,34.419861143029046,131.4097778,,,,,,,,,,,,,210,red,4699,4463,9162
87,,7110290,1,20260810,7283,260,0,0,0,0,0,7116,255,0,0,0,0,0,3,34.371805582963226,131.1861389,,,,,,,,,,,,,210,red,7543,7371,14914
87,,7110320,1,20260810,6579,287,0,0,0,0,0,6365,295,0,0,0,0,0,3,33.95763808238793,132.1366533,,,,,,,,,,,,,210,red,6866,6660,13526
87,,7310110,1,20260810,7939,717,0,0,0,0,0,8419,657,0,0,0,0,0,3,35.39772612432404,132.8747235,,,,,,,,,,,,,210,red,8656,9076,17732
87,,7310120,1,20260810,4730,627,0,0,0,0,0,4490,355,0,0,0,0,0,3,35.068629523897954,132.3222435,,,,,,,,,,,,,210,red,5357,4845,10202
87,,7310150,1,20260810,826,83,0,0,0,0,0,877,72,0,0,0,0,0,3,34.9738037337733,132.7317309,,,,,,,,,,,,,210,red,909,949,1858
87,,7310160,1,20260810,1004,131,0,0,0,0,0,1132,137,0,0,0,0,0,3,35.117460163961816,132.778337,,,,,,,,,,,,,210,red,1135,1269,2404
87,,7310170,1,20260810,5462,414,0,0,0,0,0,4727,354,0,0,0,0,0,3,34.705264123415894,133.7151146,,,,,,,,,,,,,210,red,5876,5081,10957
87,,7310180,1,20260810,1758,130,0,0,0,0,0,1642,159,0,0,0,0,0,3,34.38963891298768,131.3651944,,,,,,,,,,,,,210,red,1888,1801,3689
87,,7310260,1,20260810,3950,336,0,0,0,0,0,4088,256,0,0,0,0,0,3,35.132156843980994,132.4019922,,,,,,,,,,,,,210,red,4286,4344,8630
87,,7310270,1,20260810,3646,344,0,0,0,0,0,3783,241,0,0,0,0,0,3,35.08573619392036,132.3490609,,,,,,,,,,,,,210,red,3990,4024,8014
87,,7310280,1,20260810,3574,317,0,0,0,0,0,3707,251,0,0,0,0,0,3,35.076671573908484,132.335387,,,,,,,,,,,,,210,red,3891,3958,7849
87,,7310290,1,20260810,4134,655,0,0,0,0,0,3437,1723,0,0,0,0,0,3,34.88220003365212,132.0657,,,,,,,,,,,,,210,red,4789,5160,9949
87,,7310300,1,20260810,3922,443,0,0,0,0,0,4305,377,0,0,0,0,0,3,34.86980443363566,132.0662027,,,,,,,,,,,,,210,red,4365,4682,9047
87,,7310350,1,20260810,4212,506,0,0,0,0,0,4631,494,0,0,0,0,0,3,34.83580109359045,131.9999083,,,,,,,,,,,,,210,red,4718,5125,9843
87,,7310410,1,20260810,5642,454,0,0,0,0,0,5873,401,0,0,0,0,0,3,35.21593257408993,132.5144274,,,,,,,,,,,,,210,red,6096,6274,12370
87,,7310420,1,20260810,6166,473,0,0,0,0,0,5938,569,0,0,0,0,0,3,35.275470134166945,132.6201357,,,,,,,,,,,,,210,red,6639,6507,13146
87,,7310430,1,20260810,5679,394,0,0,0,0,0,5731,366,0,0,0,0,0,3,35.303833034203514,132.688667,,,,,,,,,,,,,210,red,6073,6097,12170
87,,7310440,1,20260810,5486,407,0,0,0,0,0,0,0,0,0,0,0,0,3,35.298722034196935,132.676944,,,,,,,,,,,,,210,red,5893,0,5893
87,,7310450,1,20260810,0,0,0,0,0,0,0,5045,338,0,0,0,0,0,3,35.290444034186265,132.645583,,,,,,,,,,,,,210,red,0,5383,5383
87,,7310460,1,20260810,0,0,0,0,0,210,0,4105,402,0,0,0,0,0,3,35.20082803407034,132.459905,,,,,,,,,,,,,210,red,0,4507,4507
87,,7310470,1,20260810,4445,488,0,0,0,0,0,4303,335,0,0,0,0,0,3,35.1986450340675,132.455753,,,,,,,,,,,,,210,red,4933,4638,9571
88,,8110010,1,20260810,3724,391,0,0,0,0,0,3498,435,0,0,0,0,0,3,34.2207184500313,134.411544799804,,,,,,,,,,,,,210,red,4115,3933,8048
88,,8110020,1,20260810,16782,1655,0,0,0,0,0,18407,1640,0,0,0,0,0,3,34.30277465209332,134.084776639938,,,,,,,,,,,,,210,red,18437,20047,38484
88,,8110030,1,20260810,13890,1258,0,0,0,0,0,13675,1218,0,0,0,0,0,3,34.29671450737887,133.946895003318,,,,,,,,,,,,,210,red,15148,14893,30041
88,,8110040,1,20260810,7041,580,0,0,0,0,0,7311,591,0,0,0,0,0,3,34.17417938671837,133.715951442718,,,,,,,,,,,,,210,red,7621,7902,15523
88,,8110050,1,20260810,7167,675,4,0,0,0,0,7558,653,19,0,0,0,0,3,33.91236267641698,133.20324182510302,,,,,,,,,,,,,210,red,7846,8230,16076
88,,8110060,1,20260810,4598,921,113,0,0,0,0,5151,1007,149,0,0,0,0,3,33.82431235182997,132.984384298324,,,,,,,,,,,,,210,red,5632,6307,11939
88,,8110070,1,20260810,9185,639,0,0,0,0,0,9344,461,0,0,0,0,0,3,34.28544169692582,134.00050163269,,,,,,,,,,,,,210,red,9824,9805,19629
88,,8110080,1,20260810,2569,336,0,0,0,0,0,2629,261,0,0,0,0,0,3,34.10608825909625,133.799223303794,,,,,,,,,,,,,210,red,2905,2890,5795
88,,8110090,1,20260810,8818,632,51,0,0,0,0,7790,539,95,0,0,0,0,3,34.028957826825085,133.828164339065,,,,,,,,,,,,,210,red,9501,8424,17925
88,,8110100,1,20260810,3050,383,0,0,0,0,0,2909,321,0,0,0,0,0,3,33.950764901704936,133.764853477478,,,,,,,,,,,,,210,red,3433,3230,6663
88,,8110110,1,20260810,4548,1152,0,0,0,0,0,5756,888,0,0,0,0,0,3,33.58909346194513,133.626092746853,,,,,,,,,,,,,210,red,5700,6644,12344
88,,8110115,1,20260810,6650,498,0,0,0,0,0,6615,581,0,0,0,0,0,3,33.548205918990114,133.451582193374,,,,,,,,,,,,,210,red,7148,7196,14344
88,,8110120,1,20260810,7217,525,0,0,0,0,0,6940,744,0,0,0,0,0,3,33.543133969132924,133.402808904647,,,,,,,,,,,,,210,red,7742,7684,15426
88,,8110130,1,20260810,8249,310,233,0,0,0,0,8793,380,313,0,0,0,0,3,33.7476978963593,132.791587114334,,,,,,,,,,,,,210,red,8792,9486,18278
88,,8110131,1,20260810,3551,233,0,0,0,0,0,3712,175,0,0,0,0,0,3,33.793408870729856,134.592427611351,,,,,,,,,,,,,210,red,3784,3887,7671
88,,8110140,1,20260810,2677,187,0,0,0,0,0,3115,158,0,0,0,0,0,3,33.63466659400443,134.369745254516,,,,,,,,,,,,,210,red,2864,3273,6137
88,,8110142,1,20260810,3477,199,0,0,0,0,0,3521,178,0,0,0,0,0,3,33.74774819013548,134.53964678124,,,,,,,,,,,,,210,red,3676,3699,7375
88,,8110160,1,20260810,3296,233,0,0,0,0,0,3269,191,0,0,0,0,0,3,33.53924497073882,133.738444460766,,,,,,,,,,,,,210,red,3529,3460,6989
88,,8110161,1,20260810,6055,411,0,0,0,0,0,5291,316,0,0,0,0,0,3,33.520916544031145,133.780702650547,,,,,,,,,,,,,210,red,6466,5607,12073
88,,8110162,1,20260810,7071,476,0,0,0,0,0,6679,402,0,0,0,0,0,3,33.550342371512876,133.740176352243,,,,,,,,,,,,,210,red,7547,7081,14628
88,,8110163,1,20260810,7824,524,0,0,0,0,0,7278,466,0,0,0,0,0,3,33.55352220956595,133.721816021769,,,,,,,,,,,,,210,red,8348,7744,16092
88,,8110164,1,20260810,2300,418,0,0,0,0,0,2184,301,0,0,0,0,0,3,33.57127484589016,133.574287891387,,,,,,,,,,,,,210,red,2718,2485,5203
88,,8110165,1,20260810,8986,678,0,0,0,0,0,9043,552,0,0,0,0,0,3,33.56026408468244,133.633757829666,,,,,,,,,,,,,210,red,9664,9595,19259
88,,8110166,1,20260810,9690,1142,0,0,0,0,0,9192,792,0,0,0,0,0,3,33.540965031795295,133.601005,,,,,,,,,,,,,210,red,10832,9984,20816
88,,8110167,1,20260810,5961,523,0,0,0,0,0,5141,375,0,0,0,0,0,3,33.5424317654246,133.583077945611,,,,,,,,,,,,,210,red,6484,5516,12000
88,,8110168,1,20260810,7684,489,0,0,0,0,0,6462,368,0,0,0,0,0,3,33.55589303181676,133.683497,,,,,,,,,,,,,210,red,8173,6830,15003
88,,8110170,1,20260810,4727,616,0,0,0,0,0,4171,907,0,0,0,0,0,3,33.485055031714765,133.373125,,,,,,,,,,,,,210,red,5343,5078,10421
88,,8110171,1,20260810,4088,347,0,0,0,0,0,4310,274,0,0,0,0,0,3,33.40395558523113,133.288643360137,,,,,,,,,,,,,210,red,4435,4584,9019
88,,8110172,1,20260810,2633,917,0,0,0,0,0,3524,533,0,0,0,0,0,3,33.39236677628474,133.278601169586,,,,,,,,,,,,,210,red,3550,4057,7607
88,,8110174,1,20260810,3019,347,0,0,0,0,0,3641,272,0,0,0,0,0,3,33.18330330083646,133.144855499267,,,,,,,,,,,,,210,red,3366,3913,7279
88,,8110180,1,20260810,651,61,0,0,0,0,0,819,68,0,0,0,0,0,3,33.35817590038214,133.253152370452,,,,,,,,,,,,,210,red,712,887,1599
88,,8110181,1,20260810,2768,230,0,0,0,0,0,2947,236,0,0,0,0,0,3,32.974388919857596,132.933138888889,,,,,,,,,,,,,210,red,2998,3183,6181
88,,8110182,1,20260810,4327,251,0,0,0,0,0,4392,266,0,0,0,0,0,3,32.96811114207051,132.872277777778,,,,,,,,,,,,,210,red,4578,4658,9236
88,,8110183,1,20260810,2637,163,0,0,0,0,0,2905,156,0,0,0,0,0,3,32.95902780872377,132.776972222222,,,,,,,,,,,,,210,red,2800,3061,5861
88,,8110190,1,20260810,2171,170,0,0,0,0,0,2342,189,0,0,0,0,0,3,32.96996536793415,132.68920719623503,,,,,,,,,,,,,210,red,2341,2531,4872
88,,8110191,1,20260810,3331,291,0,0,0,0,0,3215,357,0,0,0,0,0,3,33.13903103121127,132.517477,,,,,,,,,,,,,210,red,3622,3572,7194
88,,8110192,1,20260810,5032,442,0,0,0,0,0,5058,502,0,0,0,0,0,3,33.14590213224344,132.52205863595,,,,,,,,,,,,,210,red,5474,5560,11034
88,,8110200,1,20260810,2221,115,0,0,0,0,0,2052,162,0,0,0,0,0,3,33.325562031483756,132.5285,,,,,,,,,,,,,210,red,2336,2214,4550
88,,8110210,1,20260810,14845,468,570,0,0,0,0,14331,384,591,0,0,0,0,3,33.81637909326473,132.744826823472,,,,,,,,,,,,,210,red,15883,15306,31189
88,,8110231,1,20260810,6241,333,0,0,0,0,0,5294,265,0,0,0,0,0,3,34.03847794648641,134.520513564348,,,,,,,,,,,,,210,red,6574,5559,12133
88,,8110232,1,20260810,6712,331,0,0,0,0,0,6645,325,0,0,0,0,0,3,34.04120064204002,134.531005024909,,,,,,,,,,,,,210,red,7043,6970,14013
88,,8110240,1,20260810,5830,497,0,0,0,0,0,5150,416,0,0,0,0,0,3,34.03149633348104,132.829599380493,,,,,,,,,,,,,210,red,6327,5566,11893
88,,8110250,1,20260810,5512,405,0,0,0,0,0,5470,400,0,0,0,0,0,3,33.93004373774009,133.094837665557,,,,,,,,,,,,,210,red,5917,5870,11787
88,,8111021,1,20260810,5348,413,0,0,0,0,0,5605,414,0,0,0,0,0,3,33.50191403173908,133.309236,,,,,,,,,,,,,210,red,5761,6019,11780
88,,8160020,1,20260810,4757,498,0,0,0,0,0,5131,388,0,0,0,0,0,1,33.331092031491806,133.206098,,,,,,,,,,,,,210,red,5255,5519,10774
88,,8160030,1,20260810,4204,439,0,0,0,0,0,4516,352,0,0,0,0,0,1,33.23544203135242,133.159939,,,,,,,,,,,,,210,red,4643,4868,9511
88,,8160040,1,20260810,6678,515,0,0,0,0,0,6332,586,0,0,0,0,0,1,33.24742026280611,132.570131868124,,,,,,,,,,,,,210,red,7193,6918,14111
88,,8160050,1,20260810,6850,550,0,0,0,0,0,6348,631,0,0,0,0,0,1,33.33622666521378,132.557060122489,,,,,,,,,,,,,210,red,7400,6979,14379
88,,8160060,1,20260810,5157,685,0,0,0,0,0,5000,593,0,0,0,0,0,1,34.056139032526026,134.588624,,,,,,,,,,,,,210,red,5842,5593,11435
88,,8310010,1,20260810,17463,886,12,0,0,0,0,16880,799,15,0,0,0,0,3,34.152121047215225,134.579402804374,,,,,,,,,,,,,210,red,18361,17694,36055
88,,8310020,1,20260810,6118,1609,0,0,0,0,0,7072,353,0,0,0,0,0,3,34.335875041773484,134.151295423507,,,,,,,,,,,,,210,red,7727,7425,15152
88,,8310030,1,20260810,8356,383,553,0,0,0,0,10276,395,135,0,0,0,0,3,33.79997204409725,132.86443054676,,,,,,,,,,,,,210,red,9292,10806,20098
88,,8310040,1,20260810,12321,1239,0,0,0,0,0,12997,905,0,0,0,0,0,3,34.239532652899726,133.895906209945,,,,,,,,,,,,,210,red,13560,13902,27462
88,,8310050,1,20260810,1180,449,0,0,0,0,0,1356,299,0,0,0,0,0,3,33.797668032162,133.760304,,,,,,,,,,,,,210,red,1629,1655,3284
88,,8310060,1,20260810,1020,70,0,0,0,0,0,1079,80,0,0,0,0,0,3,33.54154672048833,133.042341470718,,,,,,,,,,,,,210,red,1090,1159,2249
88,,8310061,1,20260810,9593,1070,0,0,0,0,0,10389,1270,0,0,0,0,0,3,33.80675451706518,132.745272070169,,,,,,,,,,,,,210,red,10663,11659,22322
88,,8310062,1,20260810,5304,879,0,0,0,0,0,5743,924,0,0,0,0,0,3,33.814776032186245,132.720319,,,,,,,,,,,,,210,red,6183,6667,12850
88,,8310070,1,20260810,16772,721,28,0,0,0,0,19555,730,6,0,0,0,0,3,34.0102656781917,134.566428959369,,,,,,,,,,,,,210,red,17521,20291,37812
88,,8310080,1,20260810,9567,640,0,0,0,0,0,10405,693,0,0,0,0,0,3,33.9732071371816,134.633932113647,,,,,,,,,,,,,210,red,10207,11098,21305
88,,8310100,1,20260810,4630,414,0,0,0,0,0,5320,399,0,0,0,0,0,3,33.03511096021447,133.027331829071,,,,,,,,,,,,,210,red,5044,5719,10763
88,,8310110,1,20260810,3764,396,0,0,0,0,0,3634,468,0,0,0,0,0,3,33.4066250316014,132.509843,,,,,,,,,,,,,210,red,4160,4102,8262
88,,8310120,1,20260810,10785,969,0,0,0,0,0,10628,1111,0,0,0,0,0,3,33.504510031742804,132.56675,,,,,,,,,,,,,210,red,11754,11739,23493
88,,8310130,1,20260810,2988,182,0,0,0,0,0,5656,498,0,0,0,0,0,3,33.53462955300938,132.597781419754,,,,,,,,,,,,,210,red,3170,6154,9324
88,,8310140,1,20260810,4003,349,0,0,0,0,0,3364,369,0,0,0,0,0,3,33.6125750318981,132.68712,,,,,,,,,,,,,210,red,4352,3733,8085
88,,8310150,1,20260810,2945,386,0,0,0,0,0,3448,472,0,0,0,0,0,3,34.0401782523243,134.018440246582,,,,,,,,,,,,,210,red,3331,3920,7251
88,,8310160,1,20260810,9224,355,129,0,0,0,0,8577,334,172,0,0,0,0,3,33.89056122326423,132.757075130939,,,,,,,,,,,,,210,red,9708,9083,18791
89,,9110010,1,20260810,9644,430,0,0,0,0,0,10770,552,0,0,0,0,0,3,33.86399103225591,130.750068,,,,,,,,,,,,,210,red,10074,11322,21396
89,,9110030,1,20260810,18631,1393,0,0,0,0,0,19677,1319,0,0,0,0,0,3,32.75695803064553,130.688122,,,,,,,,,,,,,210,red,20024,20996,41020
89,,9110040,1,20260810,7200,2095,0,0,0,0,0,5648,1991,0,0,0,0,0,3,32.565580030358504,130.688167,,,,,,,,,,,,,210,red,9295,7639,16934
89,,9110050,1,20260810,7670,1726,0,0,0,0,0,6936,1804,0,0,0,0,0,3,32.50104503026118,130.627862,,,,,,,,,,,,,210,red,9396,8740,18136
89,,9110060,1,20260810,4648,889,0,0,0,0,0,5143,916,0,0,0,0,0,3,31.848210029262603,130.249002,,,,,,,,,,,,,210,red,5537,6059,11596
89,,9110070,1,20260810,3358,271,0,0,0,0,0,3438,307,0,0,0,0,0,3,31.65408502896101,130.444438,,,,,,,,,,,,,210,red,3629,3745,7374
89,,9110110,1,20260810,25067,1038,180,0,0,0,0,23089,2366,307,0,0,0,0,3,33.248593781371625,131.5788746,,,,,,,,,,,,,210,red,26285,25762,52047
89,,9110120,1,20260810,159,19,0,0,0,0,0,231,15,0,0,0,0,0,3,32.83826903076675,131.716873,,,,,,,,,,,,,210,red,178,246,424
89,,9110140,1,20260810,6293,1254,0,0,0,0,0,5412,1098,0,0,0,0,0,3,32.26510002990319,131.560352,,,,,,,,,,,,,210,red,7547,6510,14057
89,,9110150,1,20260810,3036,732,0,0,0,0,0,3090,845,0,0,0,0,0,3,31.853840029271314,131.136144,,,,,,,,,,,,,210,red,3768,3935,7703
89,,9110160,1,20260810,2998,718,3061,0,0,130,130,5104,934,29,0,0,0,130,3,31.710555029048958,130.774553,,,,,,,,,,,,,210,red,6777,6067,12844
89,,9110190,1,20260810,6437,1250,0,0,0,0,0,6287,1373,0,0,0,0,0,3,33.3577350315305,130.488663,,,,,,,,,,,,,210,red,7687,7660,15347
89,,9110200,1,20260810,8535,436,0,0,0,0,0,8151,389,0,0,0,0,0,3,33.19609887129489,130.0312792,,,,,,,,,,,,,210,red,8971,8540,17511
89,,9110230,1,20260810,2556,435,0,0,0,0,0,2427,385,0,0,0,0,0,3,32.95195803093551,131.35466,,,,,,,,,,,,,210,red,2991,2812,5803
89,,9110240,1,20260810,7979,1039,0,0,0,0,0,7645,961,0,0,0,0,0,3,33.669370031979355,130.847832,,,,,,,,,,,,,210,red,9018,8606,17624
89,,9110280,1,20260810,6303,558,0,0,0,0,0,5964,524,0,0,0,0,0,3,33.34785503151616,130.0187991,,,,,,,,,,,,,210,red,6861,6488,13349
89,,9110290,1,20260810,6567,447,0,0,0,0,0,6955,455,0,0,0,0,0,3,32.97125925096407,130.445357,,,,,,,,,,,,,210,red,7014,7410,14424
89,,9110300,1,20260810,6515,443,0,0,0,0,0,6430,483,0,0,0,0,0,3,33.14141103121475,130.470721,,,,,,,,,,,,,210,red,6958,6913,13871
89,,9110335,1,20260810,3090,252,0,0,0,0,0,3082,199,0,0,0,0,0,3,31.396273028557452,130.783657,,,,,,,,,,,,,210,red,3342,3281,6623
89,,9110340,1,20260810,4689,502,0,0,0,0,0,4401,467,0,0,0,0,0,3,31.452851608646302,130.7281932,,,,,,,,,,,,,210,red,5191,4868,10059
89,,9310003,1,20260810,7485,1127,0,0,0,0,0,10292,1079,0,0,0,0,0,3,33.947867982374184,130.968647,,,,,,,,,,,,,210,red,8612,11371,19983
89,,9310015,1,20260810,16516,3418,0,0,0,0,0,17221,3440,0,0,0,0,0,3,33.44660203165923,130.540337,,,,,,,,,,,,,210,red,19934,20661,40595
89,,9310017,1,20260810,7332,703,0,0,0,0,0,8076,717,0,0,0,0,0,3,33.323489031480754,130.523608,,,,,,,,,,,,,210,red,8035,8793,16828
89,,9310020,1,20260810,2301,715,0,0,0,0,0,2249,681,0,0,0,0,0,3,33.11458003117534,130.669176,,,,,,,,,,,,,210,red,3016,2930,5946
89,,9310035,1,20260810,,,,0,0,0,210,,,,0,0,0,210,3,32.406040030117445,130.555735,,,,,,,,,,,,,210,red,0,0,0
89,,9310045,1,20260810,4711,585,0,0,0,0,0,5355,589,0,0,0,0,0,3,32.16215502974594,130.36789,,,,,,,,,,,,,210,red,5296,5944,11240
89,,9310050,1,20260810,6517,287,28,0,0,0,0,5972,297,33,0,0,0,0,3,31.714213029054637,130.275752,,,,,,,,,,,,,210,red,6832,6302,13134
89,,9310060,1,20260810,26,7,0,21,0,0,4,31,7,0,21,0,0,4,3,32.38562876008649,130.5414069,,,,,,,,,,,,,210,red,33,38,71
89,,9310070,1,20260810,4,13,6559,0,0,143,143,6349,850,136,0,0,0,143,3,31.702321029036145,130.297006,,,,,,,,,,,,,210,red,6576,7335,13911
89,,9310080,1,20260810,10843,784,0,0,0,0,0,9951,578,0,0,0,0,0,3,33.80588903217365,130.960473,,,,,,,,,,,,,210,red,11627,10529,22156
89,,9310085,1,20260810,8222,662,0,0,0,0,0,8285,523,0,0,0,0,0,3,33.54594303180245,131.283198,,,,,,,,,,,,,210,red,8884,8808,17692
89,,9310090,1,20260810,7845,517,0,0,0,0,0,8795,510,0,0,0,0,0,3,33.38094503156419,131.540397,,,,,,,,,,,,,210,red,8362,9305,17667
89,,9310100,1,20260810,14858,1106,0,0,0,0,0,15163,1143,0,0,0,0,0,3,33.15920703124086,131.651922,,,,,,,,,,,,,210,red,15964,16306,32270
89,,9310115,1,20260810,7558,2194,0,0,0,0,0,7850,1833,0,0,0,0,0,3,31.726570029073855,131.023972,,,,,,,,,,,,,210,red,9752,9683,19435
89,,9310120,1,20260810,12116,1277,0,0,0,0,0,10587,1182,0,0,0,0,0,3,31.705779029041526,130.613215,,,,,,,,,,,,,210,red,13393,11769,25162
89,,9310125,1,20260810,11507,1021,0,0,0,0,0,10951,839,0,0,0,0,0,3,33.21761616132637,130.1637701,,,,,,,,,,,,,210,red,12528,11790,24318
89,,9310127,1,20260810,4806,1313,0,0,0,0,0,5746,668,0,0,0,0,0,3,32.91326503087817,130.976239,,,,,,,,,,,,,210,red,6119,6414,12533
89,,9310130,1,20260810,14013,664,0,0,0,0,0,12016,790,0,0,0,1,0,3,32.8754950308221,130.867355,,,,,,,,,,,,,210,red,14677,12806,27483
89,,9310140,1,20260810,17622,1637,0,0,0,0,0,17325,1279,0,0,0,0,0,3,32.820198990739854,130.7572925,,,,,,,,,,,,,210,red,19259,18604,37863
89,,9310150,1,20260810,5392,1385,0,0,0,0,0,3951,3079,0,0,0,0,0,3,32.6779330305273,130.55327,,,,,,,,,,,,,210,red,6777,7030,13807
89,,9310155,1,20260810,6161,209,0,0,0,0,0,8143,301,0,0,0,0,0,3,32.76467203065704,130.370667,,,,,,,,,,,,,210,red,6370,8444,14814
89,,9310156,1,20260810,7441,394,0,0,0,0,0,7180,441,0,0,0,0,0,3,32.78536503068792,130.199594,,,,,,,,,,,,,210,red,7835,7621,15456
89,,9310157,1,20260810,5902,700,0,0,0,0,0,5646,553,0,0,0,0,0,3,33.06696517110531,131.6229634,,,,,,,,,,,,,210,red,6602,6199,12801
89,,9310159,1,20260810,2846,489,0,0,0,0,0,2458,398,0,0,0,0,0,3,32.997429031002746,131.434075,,,,,,,,,,,,,210,red,3335,2856,6191
89,,9310165,1,20260810,9528,3025,0,0,0,0,0,10406,3164,0,0,0,0,0,3,33.62969103192261,130.442657,,,,,,,,,,,,,210,red,12553,13570,26123
89,,9310174,1,20260810,17450,2146,0,0,0,0,0,15610,1707,0,0,0,0,0,3,33.6275850319196,130.703907,,,,,,,,,,,,,210,red,19596,17317,36913
89,,9310181,1,20260810,7376,270,0,0,0,0,0,7204,272,0,0,0,0,0,3,33.230906841345785,130.3350523,,,,,,,,,,,,,210,red,7646,7476,15122
89,,9310184,1,20260810,8428,617,0,0,0,0,0,7800,995,0,0,0,0,0,3,32.918079150885305,130.6264597,,,,,,,,,,,,,210,red,9045,8795,17840
89,,9310185,1,20260810,2451,272,0,0,0,0,210,0,0,0,0,0,210,210,3,33.37000946154832,129.9447181,,,,,,,,,,,,,210,red,2723,0,2723
89,,9310187,1,20260810,10842,1113,0,0,0,0,0,11423,1060,0,0,0,0,0,3,33.504396031742644,130.111167,,,,,,,,,,,,,210,red,11955,12483,24438
89,,9310188,1,20260810,5303,584,0,0,0,0,0,5283,562,0,0,0,0,0,3,33.3383090315023,130.64702,,,,,,,,,,,,,210,red,5887,5845,11732
89,,9310189,1,20260810,2808,279,0,0,0,0,91,2800,279,0,0,0,0,91,3,33.06535003110294,129.833592,,,,,,,,,,,,,210,red,3087,3079,6166
89,,9310191,1,20260810,8155,811,0,0,0,0,0,7684,847,0,0,0,0,0,3,33.18514003127884,130.387366,,,,,,,,,,,,,210,red,8966,8531,17497
89,,9310192,1,20260810,6354,717,0,0,0,0,0,3101,3540,0,0,0,0,0,3,33.20214803130375,130.361827,,,,,,,,,,,,,210,red,7071,6641,13712
89,,9310193,1,20260810,3202,2582,0,0,0,0,0,4750,675,0,0,0,0,0,3,33.20855403131311,130.343385,,,,,,,,,,,,,210,red,5784,5425,11209
89,,9310195,1,20260810,6376,630,0,0,0,0,0,6073,567,0,0,0,0,0,3,33.32086003147692,130.863524,,,,,,,,,,,,,210,red,7006,6640,13646
89,,9310200,1,20260810,2938,325,0,0,0,0,0,2877,343,0,0,0,0,0,3,33.250128031373855,131.295812,,,,,,,,,,,,,210,red,3263,3220,6483
89,,9310205,1,20260810,6135,585,0,0,0,0,0,6244,612,0,0,0,0,0,3,33.19671903129579,131.498216,,,,,,,,,,,,,210,red,6720,6856,13576
89,,9310210,1,20260810,9012,452,0,0,0,0,0,8937,317,0,0,0,0,0,3,31.816050029212782,131.442962,,,,,,,,,,,,,210,red,9464,9254,18718
89,,9310217,1,20260810,3525,268,0,0,0,0,0,3685,311,0,0,0,0,0,3,31.417765998591218,130.99969040000002,,,,,,,,,,,,,210,red,3793,3996,7789
89,,9310218,1,20260810,5622,377,0,0,0,0,0,5495,384,0,0,0,0,0,3,31.377286028527593,130.545285,,,,,,,,,,,,,210,red,5999,5879,11878
89,,9310219,1,20260810,2061,138,0,0,0,0,0,2075,147,0,0,0,0,0,3,31.56571802882308,130.617867,,,,,,,,,,,,,210,red,2199,2222,4421
89,,9310220,1,20260810,6663,792,0,0,0,0,0,6675,703,0,0,0,0,0,3,33.43104381163675,130.0480662,,,,,,,,,,,,,210,red,7455,7378,14833
89,,9310470,1,20260810,3649,1243,34,0,0,0,0,4040,1065,35,0,0,0,0,3,32.24423502987137,130.476053,,,,,,,,,,,,,210,red,4926,5140,10066
89,,9310480,1,20260810,3551,1334,0,0,0,0,0,3877,1198,0,0,0,0,0,3,32.21685802982958,130.428031,,,,,,,,,,,,,210,red,4885,5075,9960
89,,9310520,1,20260810,4656,444,0,0,0,0,0,4682,434,0,0,0,0,0,3,32.102630029654726,130.326106,,,,,,,,,,,,,210,red,5100,5116,10216
89,,9310530,1,20260810,5795,512,0,0,0,0,0,5666,481,0,0,0,0,0,3,32.08242202962371,130.292812,,,,,,,,,,,,,210,red,6307,6147,12454
89,,9310540,1,20260810,5191,592,0,0,0,0,0,4666,469,0,0,0,0,0,3,32.07232702960822,130.26224,,,,,,,,,,,,,210,red,5783,5135,10918
89,,9310600,1,20260810,1977,645,0,0,0,0,0,2415,560,0,0,0,0,0,3,31.84607502925929,130.257831,,,,,,,,,,,,,210,red,2622,2975,5597
89,,9310610,1,20260810,0,0,0,0,0,210,210,2445,577,0,0,0,0,210,3,31.804655029195118,130.283522,,,,,,,,,,,,,210,red,0,3022,3022
89,,9310620,1,20260810,5801,737,0,0,0,0,0,6328,885,0,0,0,0,0,3,31.759537029125095,130.304217,,,,,,,,,,,,,210,red,6538,7213,13751
89,,9310627,1,20260810,5978,756,0,0,0,0,0,6114,641,0,0,0,0,0,3,33.46078103167972,130.044889,,,,,,,,,,,,,210,red,6734,6755,13489
89,,9310630,1,20260810,5881,717,0,0,0,0,0,5507,567,0,0,0,0,0,3,33.414414111612686,129.9958886,,,,,,,,,,,,,210,red,6598,6074,12672
89,,9310640,1,20260810,6693,739,0,0,0,0,0,6586,576,0,0,0,0,0,3,33.391371311579306,129.9347973,,,,,,,,,,,,,210,red,7432,7162,14594
89,,9310650,1,20260810,6419,956,0,0,0,0,0,6736,624,0,0,0,0,0,3,33.37966119156232,129.933567,,,,,,,,,,,,,210,red,7375,7360,14735
89,,9310660,1,20260810,5009,446,0,0,0,0,0,5194,393,0,0,0,0,0,3,33.30074103144764,129.915058,,,,,,,,,,,,,210,red,5455,5587,11042
89,,9310710,1,20260810,0,0,0,0,0,210,210,3186,663,0,0,0,0,210,3,33.323471851480726,129.8060041,,,,,,,,,,,,,210,red,0,3849,3849
89,,9310730,1,20260810,3627,242,0,0,0,0,0,3585,254,0,0,0,0,0,3,33.34824903151674,129.729277,,,,,,,,,,,,,210,red,3869,3839,7708
89,,9310740,1,20260810,1618,147,0,0,0,0,0,1921,151,0,0,0,0,0,3,33.34295921550905,129.672585536,,,,,,,,,,,,,210,red,1765,2072,3837
89,,9360270,1,20260810,4123,1223,0,0,0,0,0,4752,893,0,0,0,0,0,1,32.93848103091554,131.866353,,,,,,,,,,,,,210,red,5346,5645,10991
89,,9360280,1,20260810,4536,1318,0,0,0,0,0,5206,983,0,0,0,0,0,1,32.895717030852126,131.864089,,,,,,,,,,,,,210,red,5854,6189,12043
89,,9360290,1,20260810,3980,1129,0,0,0,0,0,4432,820,0,0,0,0,0,1,32.80165203071222,131.87728,,,,,,,,,,,,,210,red,5109,5252,10361
89,,9360300,1,20260810,3933,1100,0,0,0,0,0,4695,800,0,0,0,0,0,1,32.72780503060196,131.827089,,,,,,,,,,,,,210,red,5033,5495,10528
89,,9360310,1,20260810,4328,1121,0,0,0,0,0,5112,821,0,0,0,0,0,1,32.708018030572354,131.811346,,,,,,,,,,,,,210,red,5449,5933,11382
89,,9360320,1,20260810,4524,1171,0,0,0,0,0,5488,873,0,0,0,0,0,1,32.66071403050147,131.702707,,,,,,,,,,,,,210,red,5695,6361,12056
89,,9360330,1,20260810,4372,1211,0,0,0,0,0,5567,1012,0,0,0,0,0,3,32.67533903052341,131.725922,,,,,,,,,,,,,210,red,5583,6579,12162
89,,9360340,1,20260810,7821,1919,0,0,0,0,0,10091,1634,0,0,0,0,0,3,32.544601030326895,131.648426,,,,,,,,,,,,,210,red,9740,11725,21465
89,,9360350,1,20260810,4425,400,0,0,0,0,0,4297,325,0,0,0,0,0,1,31.69283102902137,131.379337,,,,,,,,,,,,,210,red,4825,4622,9447
89,,9360360,1,20260810,4434,403,0,0,0,0,0,4236,352,0,0,0,0,0,1,31.626655028918243,131.387644,,,,,,,,,,,,,210,red,4837,4588,9425
89,,9360380,1,20260810,2025,339,0,0,0,0,0,2029,273,0,0,0,0,0,1,31.48338302869418,131.081995,,,,,,,,,,,,,210,red,2364,2302,4666
89,,9360385,1,20260810,2373,477,0,0,0,0,0,2681,430,0,0,0,0,0,1,31.46605602866702,131.053459,,,,,,,,,,,,,210,red,2850,3111,5961
89,,9360390,1,20260810,2379,416,0,0,0,0,0,2737,405,0,0,0,0,0,1,31.445310028634466,130.99415,,,,,,,,,,,,,210,red,2795,3142,5937
89,,9360400,1,20260810,3888,748,0,0,0,0,0,3714,744,0,0,0,0,0,1,31.466282028667365,130.90009,,,,,,,,,,,,,210,red,4636,4458,9094
89,,9360410,1,20260810,3223,663,0,0,0,0,0,3258,741,0,0,0,0,0,1,31.521020028753135,130.93081,,,,,,,,,,,,,210,red,3886,3999,7885
89,,9360420,1,20260810,2927,597,0,0,0,0,0,3157,696,0,0,0,0,0,1,31.615248748900434,130.9538662,,,,,,,,,,,,,210,red,3524,3853,7377
89,,9360430,1,20260810,3687,628,0,0,0,0,0,3604,557,0,0,0,0,0,1,32.749633030634584,130.866625,,,,,,,,,,,,,210,red,4315,4161,8476
89,,9360440,1,20260810,3851,618,0,0,0,0,0,3789,522,0,0,0,0,0,1,32.741409030622286,130.89194,,,,,,,,,,,,,210,red,4469,4311,8780
89,,9360443,1,20260810,3558,557,0,0,0,0,0,3601,469,0,0,0,0,0,1,32.73097603060669,130.938429,,,,,,,,,,,,,210,red,4115,4070,8185
89,,9360465,1,20260810,4075,854,0,0,0,0,0,4849,723,0,0,0,0,0,3,32.69277003054952,131.345815,,,,,,,,,,,,,210,red,4929,5572,10501
89,,9360467,1,20260810,4180,899,0,0,0,0,0,5015,815,0,0,0,0,0,3,32.67691003052576,131.36226,,,,,,,,,,,,,210,red,5079,5830,10909
89,,9360470,1,20260810,4202,796,0,0,0,0,0,5126,752,0,0,0,0,0,3,32.587591030391636,131.509484,,,,,,,,,,,,,210,red,4998,5878,10876
90,,10110010,1,20260810,8076,605,0,0,0,0,0,8280,656,0,0,0,0,0,3,26.525846020561954,127.924665,,,,,,,,,,,,,210,red,8681,8936,17617
90,,10110030,1,20260810,24897,1136,0,0,0,0,0,24567,1351,0,0,0,0,0,3,26.27496950463181,127.741287946701,,,,,,,,,,,,,210,red,26033,25918,51951
90,,10110040,1,20260810,5136,237,0,0,0,0,0,5201,265,0,0,0,0,0,3,26.47501802047749,127.955092,,,,,,,,,,,,,210,red,5373,5466,10839
90,,10110060,1,20260810,13420,1295,0,1,0,0,1,11514,1511,0,1,0,0,1,3,26.28023651673024,127.81364321708601,,,,,,,,,,,,,210,red,14715,13025,27740
90,,10110070,1,20260810,12858,1029,0,0,0,0,0,12581,895,0,0,0,0,0,3,26.200277295979053,127.66189455985999,,,,,,,,,,,,,210,red,13887,13476,27363
90,,10110090,1,20260810,15885,1475,0,0,0,0,0,17713,1264,0,0,0,0,0,3,26.1754430532393,127.706499695777,,,,,,,,,,,,,210,red,17360,18977,36337
81,02,1810010,1,20260810,8830,1090,0,,,,,0,0,0,,,,,3,41.996809040234545,140.63609,,,0,0,0,0,0,0,0,0,0,0,206,blue,9920,0,9920
81,02,1810020,1,20260810,4897,612,0,,,,,5430,601,0,,,,,3,42.079752040271956,140.596961,,,0,0,0,0,0,0,0,0,0,0,206,blue,5509,6031,11540
81,02,1810030,1,20260810,,,,,,,,,,,,,,,3,42.18194404031664,140.438889,,,1,0,0,0,0,0,0,0,0,0,206,blue,0,0,0
81,02,1810040,1,20260810,,,,,,,,,,,,,,,3,42.21583304033111,140.385,,,1,0,0,0,0,0,0,0,0,0,206,blue,0,0,0
81,02,1810050,1,20260810,2555,327,0,,,,,2413,316,0,,,,,3,42.29972204036625,140.271667,,,0,0,0,0,0,1,1,0,0,22,206,blue,2882,2729,5611
81,03,1810060,1,20260810,1151,112,0,,,,,1332,125,0,,,,,3,42.70250004052043,140.42222,,,0,0,0,0,0,0,0,0,0,0,206,blue,1263,1457,2720
81,03,1810070,1,20260810,2070,162,0,,,,,1974,301,0,,,,,3,42.805277040555936,140.52666,,,0,0,0,0,0,0,0,0,0,0,206,blue,2232,2275,4507
81,03,1810080,1,20260810,1079,235,0,,,,,573,133,0,,,,,3,42.79952604055398,140.700552,,,0,0,0,0,0,0,0,0,0,121,206,blue,1314,706,2020
81,03,1810100,1,20260810,,,,,,,,,,,,,,,3,43.037777040630445,140.678611,,,1,0,0,0,0,0,0,0,0,0,206,blue,0,0,0
81,03,1810110,1,20260810,6787,352,0,,,,,7660,508,0,,,,,3,43.20720804067966,140.975798,,,0,0,0,0,0,0,0,0,0,0,206,blue,7139,8168,15307
81,03,1810120,1,20260810,12526,802,0,,,,,14856,685,0,,,,,3,43.177556040671355,141.041001,,,0,0,0,0,0,0,0,0,0,0,206,blue,13328,15541,28869
81,02,1810130,1,20260810,10306,531,0,,,,,8033,469,0,,,,,3,41.88166704018098,140.720833,,,0,0,0,0,0,0,0,0,0,0,206,blue,10837,8502,19339
81,02,1810140,1,20260810,5634,325,0,,,,,6753,435,0,,,,,3,41.922053040199984,140.673037,,,0,0,0,0,0,0,0,0,0,0,206,blue,5959,7188,13147
81,01,1810160,1,20260810,2344,269,0,,,,,3504,242,0,,,,,3,43.575214040771755,141.936064,,,0,0,0,0,0,0,0,0,0,0,206,blue,2613,3746,6359
81,04,1810180,1,20260810,3707,298,0,,,,,10956,1513,0,,,,,3,43.75523899023857,142.273832256632,,,0,0,0,0,0,0,0,0,0,0,206,blue,4005,12469,16474
81,01,1810200,1,20260810,13906,1152,0,,,,,11578,1151,0,,,,,3,42.92800104059627,141.532244,,,0,0,0,0,0,0,0,0,0,2,206,blue,15058,12729,27787
81,01,1810210,1,20260810,9104,1116,0,,,,,4272,641,0,,,,,3,42.86212604057491,141.599922,,,0,0,0,0,0,0,0,0,0,5,206,blue,10220,4913,15133
81,05,1810220,1,20260810,10034,1621,0,,,,,8714,1768,0,,,,,3,42.736385040532305,141.709144,,,0,0,0,0,0,0,0,0,0,1,206,blue,11655,10482,22137
81,05,1810240,1,20260810,5745,530,0,,,,,6152,435,0,,,,,3,42.44474904042452,141.159993,,,0,0,0,0,0,0,0,0,0,0,206,blue,6275,6587,12862
81,05,1810250,1,20260810,9354,271,0,,,,,7629,343,0,,,,,3,42.32896604037825,140.996368,,,0,0,0,0,0,0,0,0,0,0,206,blue,9625,7972,17597
81,02,1810260,1,20260810,2131,243,0,,,,,1921,118,0,,,,,3,42.59861104048294,140.461667,,,0,0,0,0,0,0,0,0,0,12,206,blue,2374,2039,4413
81,05,1810270,1,20260810,2547,339,0,,,,,2493,280,0,,,,,3,42.59319704048096,140.520753,,,0,0,0,0,0,0,0,0,0,0,206,blue,2886,2773,5659
81,05,1810280,1,20260810,2741,267,0,,,,,2526,254,0,,,,,3,42.59372804048115,140.535945,,,0,0,0,0,0,0,0,0,0,0,206,blue,3008,2780,5788
81,05,1810290,1,20260810,10,0,0,,,,,1386,140,0,,,,,3,42.56267604046962,140.742626,,,0,0,0,0,0,0,0,0,0,0,206,blue,10,1526,1536
81,01,1810310,1,20260810,,,,,,,,,,,,,,,3,43.57408404077149,141.983838,,,1,,,,,,,,,,206,blue,0,0,0
81,01,1810320,1,20260810,,,,,,,,,,,,,,,3,43.47080004074768,142.266721,,,1,,,,,,,,,,206,blue,0,0,0
81,04,1810350,1,20260810,1450,185,0,,,,,1433,136,0,,,,,3,43.197272411385796,142.57548514343702,,,0,0,0,0,0,0,0,0,0,67,206,blue,1635,1569,3204
81,07,1810360,1,20260810,1354,192,0,,,,,1490,181,0,,,,,3,43.15712704066555,142.786825,,,0,0,0,0,0,0,0,0,0,3,206,blue,1546,1671,3217
81,07,1810370,1,20260810,,,,,,,,,,,,,,,3,42.814306040558975,143.51125,,,1,0,0,0,0,0,0,0,0,0,206,blue,0,0,0
81,07,1810380,1,20260810,,,,,,,,,,,,,,,3,42.82083104056116,143.71063,,,1,0,0,0,0,0,0,0,0,0,206,blue,0,0,0
81,06,1810390,1,20260810,,,,,,,,,,,,,,,3,42.86448904057567,143.874907,,,1,0,0,0,0,0,0,0,0,0,206,blue,0,0,0
81,06,1810400,1,20260810,,,,,,,,,,,,,,,3,43.00508004062045,144.254672,,,1,0,0,0,0,0,0,0,0,0,206,blue,0,0,0
81,06,1810410,1,20260810,,,,,,,,,,,,,,,3,43.0195510406249,144.257695,,,1,0,0,0,0,0,0,0,0,0,206,blue,0,0,0
81,06,1810420,1,20260810,8246,332,0,,,,,7717,207,0,,,,,3,43.00768404062126,144.364725,,,0,0,0,0,0,0,0,0,0,0,206,blue,8578,7924,16502
81,04,1810430,1,20260810,1212,191,0,,,,,997,128,0,,,,,3,43.89533772001418,142.522262332469,,,0,0,0,0,0,0,0,0,0,0,206,blue,1403,1125,2528
81,08,1810460,1,20260810,1445,162,0,,,,,1413,139,0,,,,,3,43.88484504083343,144.001818,,,1,0,0,0,0,34,34,0,0,42,206,blue,1607,1552,3159
81,08,1810480,1,20260810,,,,,,,,,,,,,,,3,43.91366204083846,144.156572,,,1,0,0,0,0,0,0,0,0,33,206,blue,0,0,0
81,04,1810490,1,20260810,3015,498,0,,,,,2882,440,0,,,,,3,43.84734151228824,142.449476813803,,,0,0,0,0,0,0,0,0,0,4,206,blue,3513,3322,6835
81,04,1810500,1,20260810,2012,269,0,,,,,1891,199,0,,,,,3,44.091634905591874,142.391293207353,,,0,0,0,0,0,0,0,0,0,17,206,blue,2281,2090,4371
81,04,1810510,1,20260810,991,179,0,,,,,774,87,0,,,,,3,44.70483751674948,142.274019195489,,,0,0,0,0,0,6,6,0,0,29,206,blue,1170,861,2031
81,04,1810520,1,20260810,112,17,0,,,,,108,15,0,,,,,3,44.72277804092767,142.249444,,,0,0,0,0,0,0,0,0,0,71,206,blue,129,123,252
81,09,1810530,1,20260810,662,147,0,,,,,692,118,0,,,,,3,44.89642004093388,141.953541,,,0,0,0,0,0,0,0,0,0,4,206,blue,809,810,1619
81,10,1810540,1,20260810,0,0,0,,,,,89,36,0,,,,,3,45.02095404093553,141.771843,,,0,0,0,0,0,0,0,0,0,0,206,blue,0,125,125
81,10,1810550,1,20260810,522,59,0,,,,,545,42,0,,,,,3,45.1450290409348,141.751626,,,0,0,0,0,0,0,0,0,0,18,206,blue,581,587,1168
81,10,1810560,1,20260810,,,,,,,,,,,,,,,3,45.22646604093306,141.745387,,,1,,,,,,,,,,206,blue,0,0,0
81,10,1810570,1,20260810,848,108,0,,,,,1011,70,0,,,,,3,45.11301904093522,141.794418,,,0,0,0,0,0,0,0,0,0,0,206,blue,956,1081,2037
81,06,1810580,1,20260810,7270,231,0,,,,,7458,185,0,,,,,3,42.9878210406151,144.393418,,,0,0,0,0,0,0,0,0,0,0,206,blue,7501,7643,15144
81,06,1810590,1,20260810,,,,,,,,,,,,,,,3,43.05774504063647,144.791279,,,1,0,0,0,0,0,0,0,0,0,206,blue,0,0,0
81,06,1810600,1,20260810,3491,542,0,,,,,3474,330,0,,,,,3,43.05804004063655,144.830749,,,0,0,0,0,0,0,0,0,0,0,206,blue,4033,3804,7837
81,06,1810610,1,20260810,,,,,,,,,,,,,,,3,43.282406040700124,145.50731400000004,,,1,0,0,0,0,0,0,0,0,0,206,blue,0,0,0
81,02,1810620,1,20260810,1781,206,0,,,,,1870,152,0,,,,,3,41.95083004021339,140.45583300000004,,,0,0,0,0,0,0,0,0,0,8,206,blue,1987,2022,4009
81,02,1810630,1,20260810,1515,86,0,,,,,1426,55,0,,,,,3,41.77072204012754,140.613139,,,0,0,0,0,0,0,0,0,0,22,206,blue,1601,1481,3082
81,02,1810640,1,20260810,,,,,,,,,,,,,,,3,41.666445040075686,140.434972,,,1,0,0,0,0,0,0,0,0,0,206,blue,0,0,0
81,02,1810650,1,20260810,2569,255,0,,,,,2669,111,0,,,,,3,41.624898040054596,140.429715,,,0,0,0,0,0,0,0,0,0,0,206,blue,2824,2780,5604
81,02,1810660,1,20260810,1208,115,0,,,,,1325,144,0,,,,,3,41.49941703998935,140.249306,,,0,0,0,0,0,0,0,0,0,0,206,blue,1323,1469,2792
81,02,1810670,1,20260810,,,,,,,,,,,,,,,3,41.40202103993715,140.185625,,,1,0,0,0,0,0,0,0,0,0,206,blue,0,0,0
81,02,1810680,1,20260810,1240,181,0,,,,,1251,98,0,,,,,3,41.43166703995318,140.128056,,,0,0,0,0,0,0,0,0,0,9,206,blue,1421,1349,2770
81,02,1810690,1,20260810,464,30,0,,,,,381,60,0,,,,,3,41.71166704009836,140.027778,,,0,0,0,0,0,0,0,0,0,23,206,blue,494,441,935
81,02,1810700,1,20260810,2363,235,0,,,,,2379,225,0,,,,,3,41.84777804016484,140.12472200000002,,,0,0,0,0,0,0,0,0,0,0,206,blue,2598,2604,5202
81,02,1810710,1,20260810,,,,,,,,,,,,,,,3,41.84277804016245,140.732222,,,1,0,0,0,0,0,0,0,0,0,206,blue,0,0,0
81,02,1810720,1,20260810,2415,132,0,,,,,1840,57,0,,,,,3,41.83613904015928,140.64875,,,0,0,0,0,0,0,0,0,0,0,206,blue,2547,1897,4444
81,02,1810730,1,20260810,2516,228,0,,,,,2278,131,0,,,,,3,41.78055604013235,140.61055600000003,,,0,0,0,0,0,0,0,0,0,0,206,blue,2744,2409,5153
81,03,1810750,1,20260810,3746,176,0,,,,,3495,97,0,,,,,3,43.2287050406856,140.73446400000003,,,0,0,0,0,0,0,0,0,0,0,206,blue,3922,3592,7514
81,03,1810760,1,20260810,2841,116,0,,,,,2579,147,0,,,,,3,43.280277040699566,140.6375,,,0,0,0,0,0,0,0,0,0,0,206,blue,2957,2726,5683
81,03,1810780,1,20260810,1638,86,0,,,,,1482,67,0,,,,,3,43.328914040712355,140.422613,,,0,0,0,0,0,0,0,0,0,0,206,blue,1724,1549,3273
81,03,1810790,1,20260810,553,20,0,,,,,485,24,0,,,,,3,43.19878704067732,140.346959,,,0,0,0,0,0,0,0,0,0,0,206,blue,573,509,1082
81,03,1810800,1,20260810,1716,120,0,,,,,1602,158,0,,,,,3,43.04480504063257,140.505833,,,0,0,0,0,0,0,0,0,0,0,206,blue,1836,1760,3596
81,03,1810810,1,20260810,,,,,,,,,,,,,,,3,43.02277704062587,140.548333,,,1,,,,,,,,,,206,blue,0,0,0
81,03,1810820,1,20260810,3320,604,0,,,,,3894,571,0,,,,,3,42.99750304061811,140.538303,,,0,0,0,0,0,0,0,0,0,0,206,blue,3924,4465,8389
81,03,1810830,1,20260810,3447,421,0,,,,,3089,345,0,,,,,3,42.981000040613,140.511333,,,0,0,0,0,0,0,0,0,0,0,206,blue,3868,3434,7302
81,03,1810840,1,20260810,1300,209,0,,,,,4,0,0,,,,,3,42.93163404059743,140.409415,,,0,0,0,0,0,0,0,0,0,0,206,blue,1509,4,1513
81,03,1810850,1,20260810,1303,241,0,,,,,1329,251,0,,,,,3,42.83094404056455,140.308974,,,0,0,0,0,0,0,0,0,0,0,206,blue,1544,1580,3124
81,03,1810860,1,20260810,2,0,0,,,,,1217,110,0,,,,,3,42.818297040560324,140.184051,,,0,0,0,0,0,0,0,0,0,0,206,blue,2,1327,1329
81,03,1810870,1,20260810,258,15,0,,,,,230,12,0,,,,,3,42.68444404051404,139.919444,,,0,0,0,0,0,0,0,0,0,0,206,blue,273,242,515
81,02,1810880,1,20260810,221,20,0,,,,,210,12,0,,,,,3,42.57583304047453,139.832222,,,0,0,0,0,0,0,0,0,0,7,206,blue,241,222,463
81,02,1810890,1,20260810,361,21,0,,,,,325,40,0,,,,,3,42.17250004031257,139.899444,,,0,0,0,0,0,0,0,0,0,11,206,blue,382,365,747
81,02,1810900,1,20260810,363,23,0,,,,,396,50,0,,,,,3,42.21750004033183,139.868333,,,0,0,0,0,0,0,0,0,0,10,206,blue,386,446,832
81,02,1810910,1,20260810,,,,,,,,,,,,,,,3,42.11918804028937,140.016837,,,1,0,0,0,0,0,0,0,0,0,206,blue,0,0,0
81,02,1810920,1,20260810,1999,98,0,,,,,1920,192,0,,,,,3,41.97324904022374,140.139624,,,0,0,0,0,0,0,0,0,0,0,206,blue,2097,2112,4209
81,01,1810940,1,20260810,,,,,,,,,,,,,,,3,43.001256040619275,141.339621,,,1,0,0,0,0,0,0,0,0,0,206,blue,0,0,0
81,01,1810950,1,20260810,,,,,,,,,,,,,,,3,42.999192040618645,141.337588,,,1,0,0,0,0,0,0,0,0,0,206,blue,0,0,0
81,01,1810960,1,20260810,5563,310,0,,,,,4444,197,0,,,,,3,42.9536270406044,141.151206,,,0,0,0,0,0,0,0,0,0,11,206,blue,5873,4641,10514
81,01,1810970,1,20260810,,,,,,,,,,,,,,,3,42.883263040581824,141.139985,,,1,,,,,,,,,,206,blue,0,0,0
81,03,1810980,1,20260810,,,,,,,,,,,,,,,3,42.69444404051758,140.839722,,,1,0,0,0,0,0,0,0,0,91,206,blue,0,0,0
81,01,1811010,1,20260810,6484,521,0,,,,,5260,600,0,,,,,3,43.161847040666906,141.353771,,,0,0,0,0,0,0,0,0,0,47,206,blue,7005,5860,12865
81,01,1811020,1,20260810,,,,,,,,,,,,,,,3,43.183375040672985,141.323859,,,1,0,0,0,0,0,0,0,0,0,206,blue,0,0,0
81,01,1811030,1,20260810,,,,,,,,,,,,,,,3,43.22320404068409,141.345058,,,1,0,0,0,0,0,0,0,0,2,206,blue,0,0,0
81,01,1811040,1,20260810,2588,116,0,,,,,2394,122,0,,,,,3,43.39904804073019,141.436259,,,0,0,0,0,0,0,0,0,0,3,206,blue,2704,2516,5220
81,09,1811050,1,20260810,,,,,,,,,,,,,,,3,43.75429004080918,141.350733,,,1,0,0,0,0,0,0,0,0,8,206,blue,0,0,0
81,09,1811060,1,20260810,,,,,,,,,,,,,,,3,44.96648604093511,141.761931,,,1,0,0,0,0,0,0,0,0,9,206,blue,0,0,0
81,09,1811080,1,20260810,,,,,,,,,,,,,,,3,44.80492204093118,141.785854,,,1,0,0,0,0,0,0,0,0,0,206,blue,0,0,0
81,09,1811090,1,20260810,,,,,,,,,,,,,,,3,44.64226604092325,141.79398,,,1,0,0,0,0,0,0,0,0,0,206,blue,0,0,0
81,09,1811110,1,20260810,,,,,,,,,,,,,,,3,44.37405804090138,141.71125400000003,,,1,0,0,0,0,0,0,0,0,17,206,blue,0,0,0
81,09,1811120,1,20260810,929,92,0,,,,,1973,173,0,,,,,3,44.255796040888285,141.656338,,,0,0,0,0,0,0,0,0,0,19,206,blue,1021,2146,3167
81,09,1811130,1,20260810,,,,,,,,,,,,,,,3,44.07063104086351,141.663029,,,1,0,0,0,0,0,0,0,0,4,206,blue,0,0,0
81,09,1811150,1,20260810,2430,228,0,,,,,2133,251,0,,,,,3,43.94678404084405,141.651833,,,0,0,0,0,0,0,0,0,0,30,206,blue,2658,2384,5042
81,09,1811160,1,20260810,,,,,,,,,,,,,,,3,43.832161040823955,141.829941,,,1,0,0,0,0,0,0,0,0,11,206,blue,0,0,0
81,09,1811170,1,20260810,,,,,,,,,,,,,,,3,43.849231040827085,141.814442,,,1,0,0,0,0,0,0,0,0,6,206,blue,0,0,0
81,09,1811180,1,20260810,384,51,0,,,,,530,76,0,,,,,3,43.874433040831605,141.738524,,,0,0,0,0,0,0,0,0,0,5,206,blue,435,606,1041
81,09,1811190,1,20260810,,,,,,,,,,,,,,,3,43.91902504083936,141.685028,,,1,0,0,0,0,0,0,0,0,4,206,blue,0,0,0
81,09,1811200,1,20260810,2643,333,0,,,,,2792,460,0,,,,,3,43.887433040833905,141.711544,,,0,0,0,0,0,0,0,0,0,2,206,blue,2976,3252,6228
81,01,1811210,1,20260810,,,,,,,,,,,,,,,3,43.19164404067532,141.764248,,,1,,,,,,,,,,206,blue,0,0,0
81,01,1811220,1,20260810,1379,407,0,,,,,1235,330,0,,,,,3,42.898883040586895,141.813884,,,0,0,0,0,0,0,0,0,0,48,206,blue,1786,1565,3351
81,05,1811230,1,20260810,2404,584,0,,,,,1989,722,0,,,,,3,42.885113040582425,141.812065,,,0,0,0,0,0,0,0,0,0,0,206,blue,2988,2711,5699
81,05,1811240,1,20260810,1958,454,0,,,,,1952,548,0,,,,,3,42.76319504054159,141.812586,,,0,0,0,0,0,0,0,0,0,0,206,blue,2412,2500,4912
81,05,1811250,1,20260810,,,,,,,,,,,,,,,3,42.55317704046606,141.981715,,,1,0,0,0,0,0,0,0,0,81,206,blue,0,0,0
81,05,1811260,1,20260810,4733,469,0,,,,,4385,350,0,,,,,3,42.16916704031112,142.768611,,,0,0,0,0,0,0,0,0,0,0,206,blue,5202,4735,9937
81,05,1811270,1,20260810,2786,429,0,,,,,2529,236,0,,,,,3,42.50615204044825,142.070834,,,0,0,0,0,0,0,0,0,0,0,206,blue,3215,2765,5980
81,07,1811280,1,20260810,1032,146,0,,,,,276,29,0,,,,,3,42.58422604047764,143.30053,,,0,0,0,0,0,0,0,0,0,0,206,blue,1178,305,1483
81,07,1811290,1,20260810,300,41,0,,,,,247,51,0,,,,,3,42.3768230403976,143.061454,,,0,0,0,0,0,45,45,0,0,1,206,blue,341,298,639
81,04,1811320,1,20260810,5102,613,0,,,,,4546,515,0,,,,,3,43.60527804077837,142.469167,,,0,0,0,0,0,0,0,0,0,1,206,blue,5715,5061,10776
81,04,1811330,1,20260810,3845,497,0,,,,,3800,368,0,,,,,3,43.560996966472565,142.4353437615,,,0,0,0,0,0,0,0,0,0,2,206,blue,4342,4168,8510
81,08,1811370,1,20260810,383,88,0,,,,,351,67,0,,,,,3,44.09975304086775,143.867897,,,0,0,0,0,0,1,1,0,0,123,206,blue,471,418,889
81,08,1811380,1,20260810,964,203,0,,,,,789,185,0,,,,,3,44.12070404087072,143.72058,,,0,0,0,0,0,1,1,0,0,88,206,blue,1167,974,2141
81,08,1811390,1,20260810,2939,384,0,,,,,2663,337,0,,,,,3,44.364948040900465,143.334896,,,0,0,0,0,0,0,0,0,0,0,206,blue,3323,3000,6323
81,10,1811400,1,20260810,757,121,0,,,,,518,95,0,,,,,3,44.77764204093013,142.721902,,,0,0,0,0,0,0,0,0,0,14,206,blue,878,613,1491
81,10,1811410,1,20260810,977,287,0,,,,,723,298,0,,,,,3,45.361691040927944,142.122166,,,0,0,0,0,0,0,0,0,0,0,206,blue,1264,1021,2285
81,10,1811420,1,20260810,0,0,0,,,,,2049,138,0,,,,,3,45.43710504092389,141.862347,,,0,0,0,0,0,0,0,0,0,58,206,blue,0,2187,2187
81,08,1811430,1,20260810,442,79,0,,,,,462,82,0,,,,,3,44.40500204090447,143.017708,,,0,0,0,0,0,0,0,0,0,0,206,blue,521,544,1065
81,04,1811440,1,20260810,277,30,0,,,,,287,45,0,,,,,3,44.31599186248862,142.78318613417,,,0,0,0,0,0,0,0,0,0,61,206,blue,307,332,639
81,04,1811450,1,20260810,356,144,0,,,,,311,130,0,,,,,3,44.18218514890566,142.3067879962,,,0,0,0,0,0,0,0,0,0,12,206,blue,500,441,941
81,09,1811460,1,20260810,,,,,,,,,,,,,,,3,44.20144804088155,142.034387,,,1,0,0,0,0,0,0,0,0,5,206,blue,0,0,0
81,06,1811490,1,20260810,,,,,,,,,,,,,,,3,43.28312104070033,144.106479,,,1,0,0,0,0,0,0,0,0,0,206,blue,0,0,0
81,06,1811500,1,20260810,622,206,0,,,,,561,126,0,,,,,3,43.45847504074473,144.008366,,,0,0,0,0,0,0,0,0,0,0,206,blue,828,687,1515
81,08,1811520,1,20260810,2131,240,0,,,,,2272,320,0,,,,,3,44.16231304087643,143.57881,,,0,0,0,0,0,0,0,0,0,0,206,blue,2371,2592,4963
81,08,1811530,1,20260810,2347,316,0,,,,,2405,264,0,,,,,3,44.13401504087257,143.561357,,,0,0,0,0,0,0,0,0,0,0,206,blue,2663,2669,5332
81,08,1811540,1,20260810,,,,,,,,,,,,,,,3,43.81153304082013,143.553741,,,1,0,0,0,0,0,0,0,0,29,206,blue,0,0,0
81,07,1811550,1,20260810,131,22,0,,,,,131,39,0,,,,,3,43.614803040780444,143.623559,,,0,0,0,0,0,0,0,0,0,0,206,blue,153,170,323
81,07,1811560,1,20260810,1715,236,0,,,,,2058,341,0,,,,,3,42.950446040603396,143.426823,,,0,0,0,0,0,0,0,0,0,0,206,blue,1951,2399,4350
81,07,1811570,1,20260810,397,47,0,,,,,4434,379,0,,,,,3,42.91920004059345,143.382799,,,0,0,0,0,0,0,0,0,0,0,206,blue,444,4813,5257
81,06,1811580,1,20260810,1,1,0,,,,,904,107,0,,,,,3,43.65168204078832,144.260814,,,0,0,0,0,0,0,0,0,0,0,206,blue,2,1011,1013
81,06,1811590,1,20260810,1006,104,0,,,,,885,144,0,,,,,3,43.48222204075039,144.542778,,,0,0,0,0,0,0,0,0,0,0,206,blue,1110,1029,2139
81,06,1811600,1,20260810,,,,,,,,,,,,,,,3,43.415912040734376,144.740463,,,1,0,0,0,0,0,0,0,0,0,206,blue,0,0,0
81,08,1811610,1,20260810,2767,297,0,,,,,2573,231,0,,,,,3,43.96614504084723,144.326697,,,0,0,0,0,0,0,0,0,0,0,206,blue,3064,2804,5868
81,08,1811620,1,20260810,,,,,,,,,,,,,,,3,43.91012304083783,144.542023,,,1,0,0,0,0,0,0,0,0,0,206,blue,0,0,0
81,08,1811630,1,20260810,,,,,,,,,,,,,,,3,43.888827040834144,144.736391,,,1,0,0,0,0,0,0,0,0,47,206,blue,0,0,0
81,06,1811640,1,20260810,,,,,,,,,,,,,,,3,43.73179504080475,144.960789,,,1,0,0,0,0,0,0,0,0,0,206,blue,0,0,0
81,06,1811650,1,20260810,,,,,,,,,,,,,,,3,43.69435704079721,145.112266,,,1,0,0,0,0,0,0,0,0,0,206,blue,0,0,0
81,06,1811660,1,20260810,,,,,,,,,,,,,,,3,43.37687304072465,145.283748,,,1,0,0,0,0,0,0,0,0,0,206,blue,0,0,0
81,06,1811670,1,20260810,,,,,,,,,,,,,,,3,43.225599040684756,144.69552000000002,,,1,0,0,0,0,0,0,0,0,0,206,blue,0,0,0
81,06,1811680,1,20260810,,,,,,,,,,,,,,,3,43.384169040726476,144.866826,,,1,0,0,0,0,0,0,0,0,0,206,blue,0,0,0
81,06,1811690,1,20260810,,,,,,,,,,,,,,,3,43.60985404077937,145.077277,,,1,0,0,0,0,0,0,0,0,0,206,blue,0,0,0
81,07,1811700,1,20260810,638,61,0,,,,,651,57,0,,,,,3,43.353586040718724,143.261308,,,0,0,0,0,0,0,0,0,0,0,206,blue,699,708,1407
81,07,1811710,1,20260810,379,49,0,,,,,481,49,0,,,,,3,43.571286040770886,143.120781,,,0,0,0,0,0,0,0,0,0,10,206,blue,428,530,958
81,04,1811730,1,20260810,395,62,0,,,,,373,30,0,,,,,3,43.909246029716684,142.97348513542,,,0,0,0,0,0,0,0,0,0,5,206,blue,457,403,860
81,04,1811740,1,20260810,284,39,0,,,,,242,20,0,,,,,3,43.9388162846136,142.945802727953,,,0,0,0,0,0,0,0,0,0,77,206,blue,323,262,585
81,01,1811750,1,20260810,4590,1026,0,,,,,3525,898,0,,,,,3,42.98946404061562,141.609539,,,0,0,0,0,0,0,0,0,0,6,206,blue,5616,4423,10039
81,01,1811760,1,20260810,2242,429,0,,,,,2026,325,0,,,,,3,42.94269504060095,141.76061,,,0,0,0,0,0,0,0,0,0,4,206,blue,2671,2351,5022
81,01,1811770,1,20260810,1739,382,0,,,,,1533,326,0,,,,,3,42.950353040603375,141.802672,,,0,0,0,0,0,0,0,0,0,0,206,blue,2121,1859,3980
81,01,1811780,1,20260810,,,,,,,,,,,,,,,3,42.91325204059154,141.966963,,,1,0,0,0,0,0,0,0,0,4,206,blue,0,0,0
81,01,1811790,1,20260810,,,,,,,,,,,,,,,3,42.92852504059643,142.063994,,,1,0,0,0,0,0,0,0,0,1,206,blue,0,0,0
81,05,1811800,1,20260810,1154,514,0,,,,,1204,426,0,,,,,3,42.9641030406077,142.63981100000004,,,0,0,0,0,0,0,0,0,0,0,206,blue,1668,1630,3298
81,01,1811810,1,20260810,4003,655,0,,,,,3516,549,0,,,,,3,43.18243804067272,141.523454,,,0,0,0,0,0,0,0,0,0,33,206,blue,4658,4065,8723
81,01,1811830,1,20260810,2310,360,0,,,,,2416,286,0,,,,,3,43.54600104076516,141.884426,,,0,0,0,0,0,0,0,0,0,0,206,blue,2670,2702,5372
81,01,1811840,1,20260810,2340,183,0,,,,,2413,138,0,,,,,3,43.71586004080156,141.885874,,,0,0,0,0,0,0,0,0,0,8,206,blue,2523,2551,5074
81,01,1811850,1,20260810,466,56,0,,,,,522,55,0,,,,,3,43.76892104081203,141.884179,,,0,0,0,0,0,0,0,0,0,17,206,blue,522,577,1099
81,01,1811860,1,20260810,773,62,0,,,,,753,58,0,,,,,3,43.80589304081908,141.905599,,,0,0,0,0,0,0,0,0,0,3,206,blue,835,811,1646
81,01,1811870,1,20260810,341,46,0,,,,,343,47,0,,,,,3,43.917356040839074,142.125632,,,0,0,0,0,0,0,0,0,0,15,206,blue,387,390,777
81,04,1811880,1,20260810,279,21,0,,,,,240,16,0,,,,,3,44.74113379582216,142.253439072174,,,0,0,0,0,0,0,0,0,0,99,206,blue,300,256,556
81,10,1811890,1,20260810,536,45,0,,,,,466,42,0,,,,,3,44.820303040931734,142.284138,,,0,0,0,0,0,0,0,0,0,0,206,blue,581,508,1089
81,10,1811900,1,20260810,331,46,0,,,,,296,53,0,,,,,3,45.044884040935564,142.315271,,,0,0,0,0,0,0,0,0,0,72,206,blue,377,349,726
81,10,1811910,1,20260810,405,52,0,,,,,353,63,0,,,,,3,45.10820204093526,142.363773,,,0,0,0,0,0,0,0,0,0,91,206,blue,457,416,873
81,03,1811920,1,20260810,1661,317,0,,,,,1525,321,0,,,,,3,42.98635304061466,140.606197,,,0,0,0,0,0,0,0,0,0,0,206,blue,1978,1846,3824
81,03,1811930,1,20260810,561,107,0,,,,,643,78,0,,,,,3,42.88083304058103,140.878055,,,0,0,0,0,0,0,0,0,0,92,206,blue,668,721,1389
81,03,1811940,1,20260810,989,126,0,,,,,901,166,0,,,,,3,42.80440904055563,140.891961,,,0,0,0,0,0,0,0,0,0,35,206,blue,1115,1067,2182
81,03,1811950,1,20260810,629,168,0,,,,,698,120,0,,,,,3,42.75773904053971,141.013347,,,0,0,0,0,0,0,0,0,0,57,206,blue,797,818,1615
81,01,1811980,1,20260810,,,,,,,,,,,,,,,3,42.71955604052643,141.252074,,,1,0,0,0,0,0,0,0,0,11,206,blue,0,0,0
81,01,1811990,1,20260810,1861,213,0,,,,,1083,158,0,,,,,3,42.74221004053433,141.402953,,,0,0,0,0,0,0,0,0,0,4,206,blue,2074,1241,3315
81,02,1812000,1,20260810,,,,,,,,,,,,,,,3,42.1695560403113,140.052167,,,1,0,0,0,0,0,0,0,0,0,206,blue,0,0,0
81,02,1812010,1,20260810,2366,295,0,,,,,2641,270,0,,,,,3,41.76194404012323,140.856944,,,0,0,0,0,0,0,0,0,0,0,206,blue,2661,2911,5572
81,02,1812020,1,20260810,,,,,,,,,,,,,,,3,41.714722040099886,140.9975,,,1,0,0,0,0,0,0,0,0,0,206,blue,0,0,0
81,02,1812030,1,20260810,310,19,0,,,,,335,35,0,,,,,3,41.87888904017965,141.092222,,,0,0,0,0,0,0,0,0,0,2,206,blue,329,370,699
81,02,1812040,1,20260810,664,127,0,,,,,721,60,0,,,,,3,41.9566670402161,140.928611,,,0,0,0,0,0,0,0,0,0,12,206,blue,791,781,1572
81,02,1812050,1,20260810,564,74,0,,,,,632,57,0,,,,,3,42.013056040241956,140.853611,,,0,0,0,0,0,0,0,0,0,6,206,blue,638,689,1327
81,02,1812060,1,20260810,282,28,0,,,,,35,3,0,,,,,3,42.042500040255284,140.813056,,,0,0,0,0,0,0,0,0,0,0,206,blue,310,38,348
81,02,1812070,1,20260810,828,133,0,,,,,824,193,0,,,,,3,42.12805604029326,140.711389,,,0,0,0,0,0,0,0,0,0,0,206,blue,961,1017,1978
81,02,1812080,1,20260810,2085,163,0,,,,,2031,168,0,,,,,3,42.118611040289125,140.632778,,,0,0,0,0,0,0,0,0,0,0,206,blue,2248,2199,4447
81,06,1812090,1,20260810,,,,,,,,,,,,,,,3,43.89994004083609,145.099582,,,1,0,0,0,0,0,0,0,0,0,206,blue,0,0,0
81,05,1812130,1,20260810,314,58,0,,,,,272,81,0,,,,,3,42.02778604024864,143.231184,,,0,0,0,0,0,0,0,0,0,0,206,blue,372,353,725
81,07,1812150,1,20260810,440,17,0,,,,,468,35,0,,,,,3,42.16205004030805,143.324722,,,0,0,0,0,0,0,0,0,0,0,206,blue,457,503,960
81,07,1812160,1,20260810,780,88,0,,,,,936,174,0,,,,,3,42.28181504035883,143.31818,,,0,0,0,0,0,0,0,0,0,0,206,blue,868,1110,1978
81,07,1812170,1,20260810,1196,247,0,,,,,1106,250,0,,,,,3,42.31167504037117,143.321422,,,0,0,0,0,0,58,58,0,0,3,206,blue,1443,1356,2799
81,07,1812180,1,20260810,238,82,0,,,,,279,94,0,,,,,3,42.68446104051403,143.603341,,,0,0,0,0,0,0,0,0,0,0,206,blue,320,373,693
81,07,1812190,1,20260810,312,115,0,,,,,260,89,0,,,,,3,42.69525004051786,143.616062,,,0,0,0,0,0,0,0,0,0,0,206,blue,427,349,776
81,07,1812200,1,20260810,168,101,0,,,,,199,101,0,,,,,3,42.74125304053399,143.631419,,,0,0,0,0,0,0,0,0,0,0,206,blue,269,300,569
81,01,1812210,1,20260810,422,46,0,,,,,413,41,0,,,,,3,42.85600604057288,141.704289,,,0,0,0,0,0,0,0,0,0,47,206,blue,468,454,922
81,01,1812220,1,20260810,,,,,,,,,,,,,,,3,42.969962040609545,141.672998,,,1,0,0,0,0,0,0,0,0,1,206,blue,0,0,0
81,01,1812230,1,20260810,,,,,,,,,,,,,,,3,43.02096904062534,141.663755,,,1,0,0,0,0,0,0,0,0,2,206,blue,0,0,0
81,03,1812240,1,20260810,6691,1309,0,,,,,6292,1134,0,,,,,3,43.14450004066195,141.187805,,,0,0,0,0,0,0,0,0,0,0,206,blue,8000,7426,15426
81,06,1812250,1,20260810,618,76,0,,,,,607,74,0,,,,,3,43.68733204079576,144.466438,,,0,0,0,0,0,0,0,0,0,0,206,blue,694,681,1375
81,03,1812260,1,20260810,1435,167,0,,,,,1100,102,0,,,,,3,42.99111104061613,140.875833,,,0,0,0,0,0,0,0,0,0,0,206,blue,1602,1202,2804
81,04,1812290,1,20260810,3472,369,0,,,,,3496,288,0,,,,,3,43.85258742603739,142.702731203374,,,0,0,0,0,0,4,4,0,0,14,206,blue,3841,3784,7625
81,01,1812300,1,20260810,0,0,0,,,,,681,15,0,,,,,3,43.578650040772516,141.414894,,,0,0,0,0,0,0,0,0,0,1,206,blue,0,696,696
81,01,1812310,1,20260810,167,2,0,,,,,187,3,0,,,,,3,43.548241040765674,141.621516,,,0,0,0,0,0,0,0,0,0,10,206,blue,169,190,359
81,01,1812320,1,20260810,194,8,0,,,,,213,4,0,,,,,3,43.542762040764444,141.638006,,,0,0,0,0,0,0,0,0,0,0,206,blue,202,217,419
81,01,1812330,1,20260810,2908,131,0,,,,,3358,137,0,,,,,3,43.55901004076813,141.903362,,,0,0,0,0,0,0,0,0,0,48,206,blue,3039,3495,6534
81,01,1812340,1,20260810,574,41,0,,,,,537,21,0,,,,,3,42.995832040617586,142.00991,,,0,0,0,0,0,0,0,0,0,0,206,blue,615,558,1173
81,01,1812350,1,20260810,7938,345,0,,,,,8016,430,0,,,,,3,42.979904040612645,141.346302,,,0,0,0,0,0,0,0,0,0,2,206,blue,8283,8446,16729
81,01,1812370,1,20260810,1724,45,0,,,,,1484,36,0,,,,,3,42.83639604056636,141.300884,,,0,0,0,0,0,0,0,0,0,7,206,blue,1769,1520,3289
81,01,1812380,1,20260810,1752,44,0,,,,,1750,43,0,,,,,3,42.80255304055502,141.327921,,,0,0,0,0,0,0,0,0,0,6,206,blue,1796,1793,3589
82,,2810180,1,20260810,892,110,0,,,,,144,28,0,,,,,3,38.89166803813703,141.115835,,,1,,,,0,,,,,,211,blue,1002,172,1174
82,,2810190,1,20260810,243,11,0,,,,,87,31,0,,,,,3,39.03166703825964,141.1175,,,1,,,,0,,,,,,211,blue,254,118,372
82,,2810200,1,20260810,274,14,0,,,,,771,77,0,,,,,3,39.0450020382712,141.129544,,,1,,,,0,,,,,,211,blue,288,848,1136
82,,2810220,1,20260810,10067,1484,0,,,,,10596,961,0,,,,,3,39.29444503848296,141.105556,,,0,,,,0,,,,,,211,blue,11551,11557,23108
82,,2810230,1,20260810,0,0,0,,,,,0,0,0,,,,,3,39.344446038524424,141.106946,,,1,,,,0,,,,,,211,blue,0,0,0
82,,2810240,1,20260810,127,132,0,,,,,151,242,0,,,,,3,39.651946038772245,141.164724,,,1,,,,0,,,,,,211,blue,259,393,652
82,,2810250,1,20260810,74,14,0,,,,,186,23,0,,,,,3,39.888889038954595,141.19528,,,1,,,,0,,,,,,211,blue,88,209,297
82,,2810270,1,20260810,45,7,0,,,,,0,1,0,,,,,3,40.27277803923393,141.293058,,,1,,,,0,,,,,,211,blue,52,1,53
82,,2810280,1,20260810,2420,540,0,,,,,2756,517,0,,,,,3,40.41445803933193,141.298913,,,1,,,,0,,,,,,211,blue,2960,3273,6233
82,,2810290,1,20260810,4632,733,0,,,,,4687,680,0,,,,,3,40.718083039532594,141.156692,,,0,,,,0,,,,,,211,blue,5365,5367,10732
82,,2810300,1,20260810,2622,452,0,,,,,2707,436,0,,,,,3,40.907508039651255,141.061111,,,0,,,,0,,,,,,211,blue,3074,3143,6217
82,,2810310,1,20260810,1474,278,0,,,,,980,116,0,,,,,3,40.8547220396187,140.839178,,,0,,,,0,,,,,,211,blue,1752,1096,2848
82,,2810400,1,20260810,2991,300,0,,,,,2585,327,0,,,,,3,39.26847903846129,139.923131,,,0,,,,0,,,,,,211,blue,3291,2912,6203
82,,2810430,1,20260810,2092,300,0,,,,,2215,278,0,,,,,3,39.976642039020206,140.07770900000003,,,1,,,,0,,,,,,211,blue,2392,2493,4885
82,,2810450,1,20260810,,,,,,,,,,,,,,,3,40.278639039238044,140.449111,,,1,,,,0,,,,,,211,blue,0,0,0
82,,2810460,1,20260810,662,87,0,,,,,488,19,0,,,,,3,40.275306039235716,140.516861,,,1,,,,0,,,,,,211,blue,749,507,1256
82,,2810470,1,20260810,3221,479,0,,,,,3142,821,0,,,,,3,40.317917039265446,140.578139,,,0,,,,0,,,,,,211,blue,3700,3963,7663
82,,2810480,1,20260810,879,87,0,,,,,1143,87,0,,,,,3,40.577502039441285,140.518889,,,1,,,,0,,,,,,211,blue,966,1230,2196
82,,2810490,1,20260810,2240,166,0,,,,,1865,152,0,,,,,3,40.711137039528154,140.580013,,,1,,,,0,,,,,,211,blue,2406,2017,4423
82,,2810580,1,20260810,7257,1031,0,,,,,6498,834,0,,,,,3,39.260555038454655,140.543611,,,0,,,,0,,,,,,211,blue,8288,7332,15620
82,,2810590,1,20260810,5801,1564,0,,,,,7023,575,0,,,,,3,39.44138803860391,140.505,,,0,,,,0,,,,,,211,blue,7365,7598,14963
82,,2810600,1,20260810,4294,673,0,,,,,4430,508,0,,,,,3,39.51138803866052,140.380833,,,1,,,,0,,,,,,211,blue,4967,4938,9905
82,,2810610,1,20260810,2964,357,0,,,,,2892,442,0,,,,,3,39.63750003876089,140.300833,,,1,,,,0,,,,,,211,blue,3321,3334,6655
82,,2810620,1,20260810,8498,1002,0,,,,,6512,1166,0,,,,,3,39.67388903878944,140.152222,,,1,,,,0,,,,,,211,blue,9500,7678,17178
82,,2810630,1,20260810,15103,1377,0,,,,,13819,2184,0,,,,,3,39.69425003880535,140.122194,,,0,,,,0,,,,,,211,blue,16480,16003,32483
82,,2810960,1,20260810,123,7,0,,,,,4,1,0,,,,,3,40.26398203922775,141.40187,,,1,,,,0,,,,,,211,blue,130,5,135
82,,2810970,1,20260810,182,4,0,,,,,62,20,0,,,,,3,40.4453010393529,141.638612,,,1,,,,0,,,,,,211,blue,186,82,268
82,,2810980,1,20260810,0,0,0,,,,,93,67,0,,,,,3,40.30396403925574,141.3059,,,1,,,,0,,,,,,211,blue,0,160,160
82,,2810990,1,20260810,4680,649,0,,,,,4275,478,0,,,,,3,40.60361303945845,141.404748,,,0,,,,0,,,,,,211,blue,5329,4753,10082
82,,2811030,1,20260810,1845,280,0,,,,,1742,357,0,,,,,3,39.608922038738314,140.57135,,,0,,,,0,,,,,,211,blue,2125,2099,4224
83,,3810010,1,20260810,,,,,,,,,,,,,,,3,35.23222203411103,139.112514,,,1,,,,,,,,,,211,blue,0,0,0
83,,3810040,1,20260810,14329,626,0,,,,,2181,76,0,,,,,3,35.26450803415279,139.182925,,,0,0,0,0,0,0,0,0,0,0,211,blue,14955,2257,17212
83,,3810050,1,20260810,17609,1644,0,,,,,,,,,,,,3,35.71158901450833,139.777491746321,,,0,0,0,0,0,0,0,0,0,0,211,blue,19253,0,19253
83,,3810060,1,20260810,11457,1144,0,,,,,9931,1412,0,,,,,3,35.725261072361086,139.78833095668,,,0,0,0,0,0,0,0,0,0,0,211,blue,12601,11343,23944
83,,3810061,1,20260810,12108,1294,0,,,,,10824,1607,0,,,,,3,35.72724220226666,139.789181219765,,,0,0,0,0,0,0,0,0,0,0,211,blue,13402,12431,25833
83,,3810070,1,20260810,11788,1407,0,,,,,7568,999,0,,,,,3,35.735055772282294,139.795343463609,,,0,0,0,0,0,0,0,0,0,0,211,blue,13195,8567,21762
83,,3810080,1,20260810,1,0,0,,,,,14512,2024,0,,,,,3,35.73896290498206,139.797270681572,,,0,0,0,0,0,0,0,0,0,0,211,blue,1,16536,16537
83,,3810100,1,20260810,3309,126,0,,,,,4506,186,0,,,,,3,36.53972203571964,139.883611,,,0,0,0,0,0,0,0,0,0,0,211,blue,3435,4692,8127
83,,3810110,1,20260810,8292,902,0,,,,,8162,1247,0,,,,,3,36.91694403615054,139.999722,,,0,0,0,0,0,0,0,0,0,0,211,blue,9194,9409,18603
83,,3810140,1,20260810,8864,2153,0,,,,,7527,2389,0,,,,,3,35.9900520350645,139.793529,,,0,0,0,0,0,0,0,0,0,0,211,blue,11017,9916,20933
83,,3810151,1,20260810,5830,2550,0,,,,,7872,3281,0,,,,,3,36.07984803517367,139.770041,,,0,0,0,0,0,0,0,0,0,0,211,blue,8380,11153,19533
83,,3810160,1,20260810,9172,2705,0,,,,,11649,3721,0,,,,,3,36.167500035279446,139.779444,,,0,0,0,0,0,0,0,0,0,0,211,blue,11877,15370,27247
83,,3810180,1,20260810,4998,1718,0,,,,,13889,3642,0,,,,,3,36.296506035433666,139.841547,,,0,0,0,0,0,0,0,0,0,0,211,blue,6716,17531,24247
83,,3810200,1,20260810,811,138,0,,,,,24707,3982,0,,,,,3,36.57174703575683,139.941692,,,0,0,0,0,0,0,0,0,0,0,211,blue,949,28689,29638
83,,3810210,1,20260810,17338,723,0,,,,,9,0,0,,,,,3,35.694558518577544,139.78420024258003,,,0,0,0,0,0,0,0,0,0,0,211,blue,18061,9,18070
83,,3810220,1,20260810,6818,1002,0,,,,,3836,482,0,,,,,3,35.73416286894769,139.831977693081,,,0,0,0,0,0,1,96,0,0,0,211,blue,7820,4318,12138
83,,3810230,1,20260810,627,14,0,,,,,2008,109,0,,,,,3,35.735319871891136,139.833592336398,,,0,0,0,0,0,1,90,0,0,0,211,blue,641,2117,2758
83,,3810260,1,20260810,,,,,,,,,,,,,,,3,35.83796603487771,139.939917,,,1,,,,,,,,,,211,blue,0,0,0
83,,3810280,1,20260810,,,,,,,,,,,,,,,3,35.895306034948405,140.059167,,,1,0,0,0,0,0,0,0,0,0,211,blue,0,0,0
83,,3810290,1,20260810,186,139,0,,,,,11125,1966,0,,,,,3,36.06811403515946,140.179269,,,0,0,0,0,0,0,0,0,0,0,211,blue,325,13091,13416
83,,3810300,1,20260810,12496,1921,0,,,,,6650,817,0,,,,,3,36.078239035171734,140.177747,,,0,0,0,0,0,0,0,0,0,0,211,blue,14417,7467,21884
83,,3810320,1,20260810,1549,221,0,,,,,10415,1813,0,,,,,3,36.378875035531216,140.500661,,,0,0,0,0,0,0,0,0,0,0,211,blue,1770,12228,13998
83,,3810330,1,20260810,3184,352,0,,,,,15153,750,0,,,,,3,36.655972035854084,140.701006,,,0,0,0,0,0,0,0,0,0,0,211,blue,3536,15903,19439
83,,3810340,1,20260810,6863,614,0,,,,,6191,650,0,,,,,3,36.794736036012644,140.752922,,,0,0,0,0,0,0,0,0,0,0,211,blue,7477,6841,14318
83,,3810350,1,20260810,7216,728,0,,,,,7490,1029,0,,,,,3,35.92645303498668,140.111775,,,0,0,0,0,0,0,0,0,0,0,211,blue,7944,8519,16463
83,,3810360,1,20260810,,,,,,,,,,,,,,,3,35.694040942069805,139.789910543304,,,1,0,0,0,0,0,0,0,0,0,211,blue,0,0,0
83,,3810370,1,20260810,,,,,,,,,,,,,,,3,35.702867388707524,139.866257828687,,,1,0,0,0,0,0,0,0,0,0,211,blue,0,0,0
83,,3810380,1,20260810,,,,,,,,,,,,,,,3,35.628891034617155,140.088076,,,1,,,,,,,,,,211,blue,0,0,0
83,,3810390,1,20260810,,,,,,,,,,,,,,,3,35.62349099143046,139.737976826575,,,1,,,,,,,,,,211,blue,0,0,0
83,,3810400,1,20260810,5067,171,0,,,,,5930,128,0,,,,,3,35.263900034152,139.698397,,,0,0,0,0,0,0,0,0,0,0,211,blue,5238,6058,11296
83,,3810410,1,20260810,6936,796,0,,,,,7083,988,0,,,,,3,35.62304903460981,139.340292,,,0,0,0,0,0,0,0,0,0,0,211,blue,7732,8071,15803
83,,3810420,1,20260810,9648,854,0,,,,,9507,1141,0,,,,,3,35.67571003467587,139.331954,,,0,0,0,0,0,0,0,0,0,0,211,blue,10502,10648,21150
83,,3810431,1,20260810,9584,2238,0,,,,,9810,2737,0,,,,,3,35.77594403480087,139.336731,,,0,0,0,0,0,0,0,0,0,0,211,blue,11822,12547,24369
83,,3810440,1,20260810,,,,,,,,,,,,,,,3,35.82933103486704,139.380426,,,1,0,0,0,0,0,0,0,0,0,211,blue,0,0,0
83,,3810460,1,20260810,15448,2275,0,,,,,15062,2628,0,,,,,3,35.91289603497003,139.534764,,,0,0,0,0,0,0,0,0,0,0,211,blue,17723,17690,35413
83,,3810470,1,20260810,,,,,,,,10050,2236,0,,,,,3,35.92749603498795,139.591065,,,0,0,0,0,0,0,2,0,0,0,211,blue,0,12286,12286
83,,3810490,1,20260810,,,,,,,,,,,,,,,3,35.992460035067445,139.820467,,,1,,,,,,,,,,211,blue,0,0,0
83,,3810500,1,20260810,4129,651,0,,,,,7073,1674,0,,,,,3,35.79376864024429,139.685717006056,,,0,0,0,0,0,0,0,0,0,0,211,blue,4780,8747,13527
83,,3810510,1,20260810,4430,843,0,,,,,5002,944,0,,,,,3,35.8210620348568,139.680963,,,0,0,0,0,0,0,0,0,0,0,211,blue,5273,5946,11219
83,,3810520,1,20260810,15754,1726,0,,,,,15954,2171,0,,,,,3,35.97632603504774,139.594106,,,0,0,0,0,0,0,0,0,0,0,211,blue,17480,18125,35605
83,,3810540,1,20260810,8616,1132,0,,,,,8588,1058,0,,,,,3,36.230692035355204,139.2134,,,0,0,0,0,0,0,2,0,0,0,211,blue,9748,9646,19394
83,,3810560,1,20260810,15121,1174,0,,,,,14892,860,0,,,,,3,36.31113903545105,139.02725,,,0,0,0,0,0,0,0,0,0,0,211,blue,16295,15752,32047
83,,3810600,1,20260810,3003,138,0,,,,,2936,289,0,,,,,3,36.68205603588405,138.968889,,,0,0,0,0,0,0,0,0,0,0,211,blue,3141,3225,6366
83,,3810610,1,20260810,16141,2658,0,,,,,,,,,,,,3,35.84803703489016,139.625615,,,0,0,0,0,0,0,2,0,0,0,211,blue,18799,0,18799
83,,3810620,1,20260810,,,,,,,,16963,2924,0,,,,,3,35.84444303488572,139.626759,,,0,0,0,0,0,0,2,0,0,0,211,blue,0,19887,19887
83,,3810670,1,20260810,13931,2276,0,,,,,14179,2595,0,,,,,3,36.35330303550101,139.215067,,,0,0,0,0,0,2,0,0,0,0,211,blue,16207,16774,32981
83,,3810710,1,20260810,6459,507,0,,,,,6891,598,0,,,,,3,36.33250003547639,138.5235,,,0,0,0,0,0,1,0,0,0,0,211,blue,6966,7489,14455
83,,3810720,1,20260810,6510,786,0,,,,,7153,696,0,,,,,3,36.49438903566681,138.150722,,,0,0,0,0,0,0,12,0,0,0,211,blue,7296,7849,15145
83,,3810740,1,20260810,10908,813,0,,,,,9095,636,0,,,,,3,36.65492503585288,138.23375,,,0,0,0,0,0,1,1,0,0,0,211,blue,11721,9731,21452
83,,3810750,1,20260810,9249,531,0,,,,,3741,302,0,,,,,3,36.695139035899054,138.26925,,,0,0,0,0,0,1,1,0,0,0,211,blue,9780,4043,13823
83,,3810760,1,20260810,7261,496,0,,,,,7116,521,0,,,,,3,36.717694035924886,138.298306,,,0,0,0,0,0,0,1,0,0,0,211,blue,7757,7637,15394
83,,3810770,1,20260810,3599,381,0,,,,,3394,251,0,,,,,3,36.75032203596213,138.212264,,,0,0,0,0,0,0,0,0,0,0,211,blue,3980,3645,7625
83,,3810780,1,20260810,3897,252,0,,,,,3728,329,0,,,,,3,36.792972036010646,138.219778,,,0,0,0,0,0,0,0,0,0,0,211,blue,4149,4057,8206
83,,3810790,1,20260810,5480,341,0,,,,,4956,481,0,,,,,3,36.406417035563685,138.204417,,,0,0,0,0,0,0,0,0,0,0,211,blue,5821,5437,11258
83,,3810800,1,20260810,1252,40,0,,,,,1658,36,0,,,,,3,36.82044403604179,138.192306,,,0,0,0,0,0,0,0,0,0,0,211,blue,1292,1694,2986
83,,3810810,1,20260810,3630,152,0,,,,,3212,187,0,,,,,3,36.8368890360604,138.205542,,,0,0,0,0,0,0,0,0,0,0,211,blue,3782,3399,7181
83,,3810820,1,20260810,1973,124,0,,,,,1953,257,0,,,,,3,36.513833035689494,138.094389,,,0,0,0,0,0,0,2,0,0,0,211,blue,2097,2210,4307
83,,3810821,1,20260810,2538,255,0,,,,,2339,170,0,,,,,3,36.52786103570584,138.096722,,,0,0,0,0,0,0,2,0,0,0,211,blue,2793,2509,5302
83,,3810830,1,20260810,8910,688,0,,,,,4673,383,0,,,,,3,36.23586103536139,137.9565,,,0,0,0,0,0,0,3,0,0,0,211,blue,9598,5056,14654
83,,3810840,1,20260810,2605,630,0,,,,,2734,414,0,,,,,3,36.38313903553625,137.925722,,,0,0,0,0,0,0,2,0,0,0,211,blue,3235,3148,6383
83,,3810850,1,20260810,1855,341,0,,,,,1593,253,0,,,,,3,36.4623860356294,137.946275,,,0,0,0,0,0,0,2,0,0,0,211,blue,2196,1846,4042
83,,3810860,1,20260810,3343,409,0,,,,,3316,257,0,,,,,3,36.5884720357762,138.050889,,,0,0,0,0,0,0,7,0,0,0,211,blue,3752,3573,7325
83,,3810870,1,20260810,7796,545,0,,,,,8045,455,0,,,,,3,36.61469403580651,138.085167,,,0,0,0,0,0,1,1,0,0,0,211,blue,8341,8500,16841
83,,3810880,1,20260810,7171,1058,0,,,,,7986,660,0,,,,,3,36.615111035807,138.086528,,,0,0,0,0,0,0,1,0,0,0,211,blue,8229,8646,16875
83,,3810900,1,20260810,4062,157,0,,,,,4173,290,0,,,,,3,36.62808303582196,138.153194,,,0,0,0,0,0,0,1,0,0,0,211,blue,4219,4463,8682
83,,3810910,1,20260810,10854,416,0,,,,,12141,311,0,,,,,3,36.64626403584291,138.18197200000003,,,0,0,0,0,0,1,1,0,0,0,211,blue,11270,12452,23722
83,,3810920,1,20260810,6491,397,0,,,,,6522,206,0,,,,,3,36.648972035846036,138.193972,,,0,0,0,0,0,0,0,0,0,0,211,blue,6888,6728,13616
83,,3810930,1,20260810,4484,632,0,,,,,4650,484,0,,,,,3,36.616944035809105,138.133611,,,0,0,0,0,0,1,1,0,0,0,211,blue,5116,5134,10250
83,,3810950,1,20260810,,,,,,,,,,,,,,,3,35.67318837384892,139.663841176629,,,0,0,0,0,0,0,0,211,0,0,211,blue,0,0,0
83,,3810970,1,20260810,3723,110,0,,,,,2960,171,0,,,,,3,35.61726703460252,139.240054,,,0,0,0,0,0,0,0,0,0,0,211,blue,3833,3131,6964
83,,3810980,1,20260810,4368,276,0,,,,,3309,285,0,,,,,3,35.62000003460596,139.1275,,,0,0,0,0,0,0,0,0,0,0,211,blue,4644,3594,8238
83,,3811030,1,20260810,12830,906,0,,,,,10936,972,0,,,,,3,35.643889034635976,138.636389,,,0,0,0,0,0,0,26,0,0,0,211,blue,13736,11908,25644
83,,3811050,1,20260810,4344,544,0,,,,,4160,454,0,,,,,3,35.91541703497313,138.227361,,,0,0,0,0,0,0,5,0,0,0,211,blue,4888,4614,9502
83,,3811060,1,20260810,5393,610,0,,,,,5291,483,0,,,,,3,35.94028603500364,138.197875,,,0,0,0,0,0,0,1,0,0,0,211,blue,6003,5774,11777
83,,3811070,1,20260810,6063,188,0,,,,,6067,376,0,,,,,3,36.029750035112876,138.1255,,,0,0,0,0,0,0,8,0,0,0,211,blue,6251,6443,12694
83,,3811080,1,20260810,8636,826,0,,,,,8118,756,0,,,,,3,36.077694035171085,138.037889,,,0,0,0,0,0,0,7,0,0,0,211,blue,9462,8874,18336
83,,3811090,1,20260810,40,0,0,,,,,7172,1210,0,,,,,3,36.12191703522454,137.959472,,,0,0,0,0,0,0,3,0,0,0,211,blue,40,8382,8422
83,,3811100,1,20260810,4777,531,0,,,,,4928,484,0,,,,,3,35.9769440350485,138.163333,,,0,0,0,0,0,0,29,0,0,0,211,blue,5308,5412,10720
83,,3811110,1,20260810,4567,500,0,,,,,4814,670,0,,,,,3,36.08683303518214,138.06408300000004,,,0,0,0,0,0,0,0,0,0,0,211,blue,5067,5484,10551
83,,3811121,1,20260810,,,,,,,,3545,354,0,,,,,3,35.63168503462065,139.28402,,,0,0,0,0,0,0,0,0,0,0,211,blue,0,3899,3899
83,,3811130,1,20260810,4251,392,0,,,,,4346,336,0,,,,,3,35.99511103507067,138.139278,,,0,0,0,0,0,0,0,0,0,0,211,blue,4643,4682,9325
83,,3811220,1,20260810,5118,350,0,,,,,5118,413,0,,,,,3,35.959128035026716,140.602286,,,0,0,0,0,0,0,0,0,0,0,211,blue,5468,5531,10999
83,,3811230,1,20260810,8,50,0,,,,,4149,492,0,,,,,3,35.95769703502496,140.602514,,,0,0,0,0,0,0,0,0,0,0,211,blue,58,4641,4699
83,,3811240,1,20260810,3399,359,0,,,,,3018,362,0,,,,,3,35.200928034070465,138.520986,,,0,0,0,0,0,0,0,0,0,0,211,blue,3758,3380,7138
83,,3811250,1,20260810,865,88,0,,,,,785,75,0,,,,,3,35.31250003421467,138.442011,,,0,0,0,0,0,2,0,0,0,0,211,blue,953,860,1813
83,,3811270,1,20260810,4544,644,0,,,,,5262,348,0,,,,,3,35.5316670344945,138.450278,,,0,0,0,0,0,0,0,0,0,0,211,blue,5188,5610,10798
83,,3811290,1,20260810,,,,,,,,,,,,,,,3,35.041444033862305,139.833306,,,1,,,,,,,,,,211,blue,0,0,0
83,,3811300,1,20260810,,,,,,,,,,,,,,,3,35.157361034013846,139.819,,,1,,,,,,,,,,211,blue,0,0,0
83,,3811330,1,20260810,7117,540,0,,,,,7815,357,0,,,,,3,35.53888903450364,138.885556,,,0,0,0,0,0,0,0,0,0,0,211,blue,7657,8172,15829
83,,3811340,1,20260810,6802,502,0,,,,,7310,315,0,,,,,3,35.60305603458465,138.940833,,,0,0,0,0,0,0,0,0,0,0,211,blue,7304,7625,14929
83,,3811350,1,20260810,13222,1367,0,,,,,15696,1406,0,,,,,3,35.61569396585425,139.627538019939,,,0,0,0,0,0,0,0,0,0,0,211,blue,14589,17102,31691
83,,3811360,1,20260810,11771,2114,0,,,,,13479,2798,0,,,,,3,35.48552503443597,139.460986,,,0,0,0,0,0,18,0,0,0,0,211,blue,13885,16277,30162
83,,3811370,1,20260810,6484,828,0,,,,,5112,846,0,,,,,3,35.35857503427389,139.075042,,,0,0,0,0,0,18,0,0,0,0,211,blue,7312,5958,13270
83,,3811390,1,20260810,20733,5757,0,,,,,,,,,,,,3,35.64686740024182,139.854860316246,,,0,0,0,0,0,0,0,0,0,0,211,blue,26490,0,26490
83,,3811401,1,20260810,181,7,0,,,,,,,,,,,,3,35.64792275306184,139.837391468126,,,0,0,0,0,0,0,0,0,0,0,211,blue,188,0,188
83,,3811410,1,20260810,8133,2884,0,,,,,,,,,,,,3,35.6321085640565,139.785108560174,,,0,0,0,0,0,1,42,0,0,0,211,blue,11017,0,11017
83,,3811411,1,20260810,,,,,,,,10850,3962,0,,,,,3,35.63193106766495,139.786372369256,,,0,0,0,0,0,0,18,0,0,0,211,blue,0,14812,14812
83,,3811420,1,20260810,,,,,,,,,,,,,,,3,35.57873713134419,139.756665501316,,,1,0,0,0,0,0,0,0,0,0,211,blue,0,0,0
83,,3811421,1,20260810,,,,,,,,5618,3701,0,,,,,3,35.573715682248654,139.759184371525,,,0,0,0,0,0,0,0,0,0,0,211,blue,0,9319,9319
83,,3811430,1,20260810,,,,,,,,,,,,,,,3,35.6138270345982,140.103045,,,1,,,,,,,,,,211,blue,0,0,0
83,,3811440,1,20260810,1273,245,0,,,,,3551,485,0,,,,,3,35.60712645223976,139.747366707275,,,0,0,0,0,0,0,0,0,0,0,211,blue,1518,4036,5554
84,,4810010,1,20260810,22867,2336,0,,,,,21750,2196,0,,,,,3,37.9300000372281,139.134722,,,0,0,0,0,0,0,0,0,0,0,211,blue,25203,23946,49149
84,,4810020,1,20260810,20593,2358,0,,,,,16791,2113,0,,,,,3,37.95278103725094,139.213611,,,0,0,0,0,0,0,0,0,0,0,211,blue,22951,18904,41855
84,,4810040,1,20260810,8966,506,0,,,,,7826,435,0,,,,,3,37.96305603726123,139.3275,,,0,0,0,0,0,0,0,0,0,0,211,blue,9472,8261,17733
84,,4810060,1,20260810,2714,190,0,,,,,3023,357,0,,,,,3,38.2550360375481,139.501792,,,0,0,0,0,0,0,0,0,0,0,211,blue,2904,3380,6284
84,,4810070,1,20260810,4508,971,0,,,,,5565,519,0,,,,,3,38.28200003757407,139.521444,,,0,0,0,0,0,0,0,0,0,0,211,blue,5479,6084,11563
84,,4810080,1,20260810,2952,511,0,,,,,3669,379,0,,,,,3,38.374925037662884,139.556342,,,0,0,0,0,0,0,0,0,0,0,211,blue,3463,4048,7511
84,,4810090,1,20260810,11211,1600,0,,,,,9758,1311,0,,,,,3,37.5351670368223,138.881569,,,0,0,0,0,0,0,0,0,0,2,211,blue,12811,11069,23880
84,,4810100,1,20260810,11244,1253,0,,,,,12245,1093,0,,,,,3,37.473639036757405,138.880583,,,0,0,0,0,0,0,0,0,0,0,211,blue,12497,13338,25835
84,,4810110,1,20260810,13757,529,0,,,,,12932,426,0,,,,,3,37.459033036741936,138.856414,,,0,0,0,0,0,0,0,0,0,0,211,blue,14286,13358,27644
84,,4810120,1,20260810,13642,576,0,,,,,14971,717,0,,,,,3,37.462169036745266,138.845592,,,0,0,0,0,0,0,0,0,0,0,211,blue,14218,15688,29906
84,,4810130,1,20260810,9116,529,0,,,,,9792,445,0,,,,,3,37.44445303672647,138.785889,,,0,0,0,0,0,0,0,0,0,16,211,blue,9645,10237,19882
84,,4810140,1,20260810,5566,475,0,,,,,5215,491,0,,,,,3,37.44069403672249,138.740364,,,0,0,0,0,0,0,0,0,0,4,211,blue,6041,5706,11747
84,,4810150,1,20260810,3419,478,0,,,,,3426,437,0,,,,,3,37.41229403669227,138.674192,,,0,0,0,0,0,0,0,0,0,10,211,blue,3897,3863,7760
84,,4810160,1,20260810,5464,669,0,,,,,4874,696,0,,,,,3,37.23896903650589,138.343486,,,0,0,0,0,0,0,0,0,0,0,211,blue,6133,5570,11703
84,,4810170,1,20260810,,,,,,,,,,,,,,,3,37.18690003644924,138.272953,,,1,0,0,0,0,0,0,0,0,0,211,blue,0,0,0
84,,4810180,1,20260810,10052,896,0,,,,,10823,546,0,,,,,3,37.17543303643671,138.266805,,,0,0,0,0,0,0,0,0,0,0,211,blue,10948,11369,22317
84,,4810190,1,20260810,11978,926,0,,,,,12927,795,0,,,,,3,37.1623530364224,138.247561,,,0,0,0,0,0,0,0,0,0,0,211,blue,12904,13722,26626
84,,4810200,1,20260810,5223,577,0,,,,,5037,480,0,,,,,3,37.105891036360454,137.990565,,,0,0,0,0,0,0,0,0,0,0,211,blue,5800,5517,11317
84,,4810210,1,20260810,5391,654,0,,,,,5129,385,0,,,,,3,37.08795603634071,137.96033,,,0,0,0,0,0,0,0,0,0,0,211,blue,6045,5514,11559
84,,4810220,1,20260810,3777,461,0,,,,,4505,324,0,,,,,3,37.057208036306754,137.905455,,,0,0,0,0,0,0,0,0,0,0,211,blue,4238,4829,9067
84,,4810230,1,20260810,3236,511,0,,,,,4260,424,0,,,,,3,37.050899036299775,137.885459,,,0,0,0,0,0,0,0,0,0,0,211,blue,3747,4684,8431
84,,4810250,1,20260810,2165,182,0,,,,,1164,38,0,,,,,3,37.05093203629982,137.890368,,,0,0,0,0,0,0,0,0,0,0,211,blue,2347,1202,3549
84,,4810260,1,20260810,5703,590,0,,,,,5995,596,0,,,,,3,36.9856190362273,138.808078,,,0,0,0,0,0,0,0,0,0,5,211,blue,6293,6591,12884
84,,4810270,1,20260810,4987,460,0,,,,,4791,463,0,,,,,3,37.24858103651632,138.916575,,,0,0,0,0,0,0,0,0,0,1,211,blue,5447,5254,10701
84,,4810280,1,20260810,1766,205,0,,,,,1691,148,0,,,,,3,37.17036103643117,138.942139,,,0,0,0,0,0,0,0,0,0,0,211,blue,1971,1839,3810
84,,4810290,1,20260810,6637,629,0,,,,,6862,684,0,,,,,3,37.07683703632844,138.265595,,,0,0,0,0,0,0,0,0,0,2,211,blue,7266,7546,14812
84,,4810300,1,20260810,1153,159,0,,,,,1126,143,0,,,,,3,37.66361103695634,139.536806,,,0,0,0,0,0,0,0,0,0,0,211,blue,1312,1269,2581
84,,4810310,1,20260810,7277,607,0,,,,,7148,500,0,,,,,3,37.84055603713779,139.147778,,,0,0,0,0,0,0,0,0,0,0,211,blue,7884,7648,15532
84,,4810330,1,20260810,30624,1760,0,,,,,25126,1682,0,,,,,3,37.8978060371957,139.070722,,,0,0,0,0,0,0,0,0,0,0,211,blue,32384,26808,59192
84,,4810340,1,20260810,1859,238,0,,,,,1879,327,0,,,,,3,37.563464036852,138.734306,,,0,0,0,0,0,1,1,0,0,9,211,blue,2097,2206,4303
84,,4810350,1,20260810,5278,471,0,,,,,5385,509,0,,,,,3,37.61757803690852,138.825033,,,0,0,0,0,0,0,0,0,0,6,211,blue,5749,5894,11643
84,,4810360,1,20260810,7168,756,0,,,,,7859,930,0,,,,,3,37.690358036984,138.885919,,,0,0,0,0,0,0,0,0,0,0,211,blue,7924,8789,16713
84,,4810370,1,20260810,7798,684,0,,,,,7878,776,0,,,,,3,37.8052690371019,138.92235,,,0,0,0,0,0,0,0,0,0,0,211,blue,8482,8654,17136
84,,4810380,1,20260810,15573,1096,0,,,,,15776,1285,0,,,,,3,37.86309703716064,138.981,,,0,0,0,0,0,0,0,0,0,0,211,blue,16669,17061,33730
84,,4810395,1,20260810,,,,,,,,,,,,,,,3,36.691540505894935,136.9116223,,,1,,,,0,11,,,0,0,211,blue,0,0,0
84,,4810406,1,20260810,3936,369,48,,,,,4700,452,77,,,,,3,36.89660103612769,137.444677,,,0,,,,0,2,,,0,0,211,blue,4353,5229,9582
84,,4810410,1,20260810,6965,381,0,,,,,8191,259,0,,,,,3,36.816442036037266,137.41630300000003,,,0,0,0,0,0,63,63,0,0,0,211,blue,7346,8450,15796
84,,4810420,1,20260810,8579,709,0,,,,,8361,722,0,,,,,3,36.718606035925916,137.303914,,,0,0,0,0,0,67,67,0,0,9,211,blue,9288,9083,18371
84,,4810430,1,20260810,7689,630,0,,,,,6809,578,0,,,,,3,36.71795303592518,137.279328,,,0,0,0,0,0,77,77,0,0,13,211,blue,8319,7387,15706
84,,4810440,1,20260810,,,,,,,,,,,,,,,3,36.72027203592783,137.263083,,,1,0,0,0,0,24,24,0,0,1,211,blue,0,0,0
84,,4810445,1,20260810,14726,1755,28,,,,,14319,1493,148,,,,,3,36.73017862593915,137.18171158,,,0,,,,0,3,,,0,0,211,blue,16509,15960,32469
84,,4810447,1,20260810,9639,1090,40,,,,,11395,998,85,,,,,3,36.72863947593739,137.12486156,,,0,,,,0,2,,,0,0,211,blue,10769,12478,23247
84,,4810454,1,20260810,10377,689,616,,,,,11644,529,2,,,,,3,36.744673195955684,136.99179584,,,1,,,,0,13,,,0,0,211,blue,11682,12175,23857
84,,4810460,1,20260810,,,,,,,,,,,,,,,3,36.68745003589023,136.855675,,,1,0,0,0,0,71,71,0,0,7,211,blue,0,0,0
84,,4810462,1,20260810,2244,208,10,,,,,775,18,0,,,,,3,36.525710035703334,137.22999,,,0,,,,0,24,,,0,0,211,blue,2462,793,3255
84,,4810463,1,20260810,3052,220,83,,,,,3646,248,44,,,,,3,36.53609652571542,137.23114399,,,0,,,,0,19,,,0,0,211,blue,3355,3938,7293
84,,4810470,1,20260810,,,,,,,,,,,,,,,3,36.69575603589977,137.237889,,,1,0,0,0,0,0,0,0,0,0,211,blue,0,0,0
84,,4810480,1,20260810,,,,,,,,,,,,,,,3,36.580522035767004,136.965706,,,1,0,0,0,0,60,60,0,0,0,211,blue,0,0,0
84,,4810485,1,20260810,6537,159,19,,,,,7008,211,39,,,,,3,36.68510836918755,136.9765361111,,,0,,,,0,1,,,0,0,211,blue,6715,7258,13973
84,,4810490,1,20260810,1296,16,0,,,,,1443,10,0,,,,,3,36.74530803595641,137.01085,,,1,0,0,0,0,62,62,0,0,0,211,blue,1312,1453,2765
84,,4810500,1,20260810,,,,,,,,,,,,,,,3,36.91246103614551,137.019489,,,1,0,0,0,0,120,120,0,0,2,211,blue,0,0,0
84,,4810510,1,20260810,,,,,,,,,,,,,,,3,36.84943603607457,136.97895,,,1,,,,,,,,,,211,blue,0,0,0
84,,4810530,1,20260810,16289,1187,0,,,,,17992,1325,0,,,,,3,36.44611103561032,136.488056,,,0,0,0,0,0,0,0,0,0,0,211,blue,17476,19317,36793
84,,4810550,1,20260810,8699,890,0,,,,,8823,834,0,,,,,3,36.32672203546954,136.41169500000004,,,0,0,0,0,0,0,0,0,0,5,211,blue,9589,9657,19246
84,,4810570,1,20260810,10852,940,0,,,,,11942,690,0,,,,,3,36.571667035756725,136.655556,,,0,0,0,0,0,1,1,0,0,2,211,blue,11792,12632,24424
84,,4810580,1,20260810,10079,357,0,,,,,3398,73,0,,,,,3,36.54430803572498,136.640516,,,0,0,0,0,0,1,1,0,0,1,211,blue,10436,3471,13907
84,,4810590,1,20260810,14990,271,0,,,,,15898,281,0,,,,,3,36.54061903572069,136.623128,,,0,0,0,0,0,0,0,0,0,3,211,blue,15261,16179,31440
84,,4810600,1,20260810,4653,291,0,,,,,5048,268,0,,,,,3,37.04041903628817,136.969305,,,0,0,0,0,0,0,0,0,0,0,211,blue,4944,5316,10260
84,,4810610,1,20260810,,,,,,,,,,,,,,,3,36.90469303613679,136.830093,,,1,,,,,,,,,,211,blue,0,0,0
84,,4810620,1,20260810,1595,92,0,,,,,1546,127,0,,,,,3,36.86972803609746,136.79694700000002,,,0,0,0,0,0,0,0,0,0,1,211,blue,1687,1673,3360
84,,4810630,1,20260810,10094,118,0,,,,,6510,66,0,,,,,3,36.560782035744104,136.677711,,,0,0,0,0,0,0,0,0,0,1,211,blue,10212,6576,16788
85,22,5810060,1,20260810,2241,444,,,,,,1688,315,,,,,,3,34.90554603368308,138.270337,,,0,,0,,0,0,0,0,,0,211,blue,2685,2003,4688
85,22,5810080,1,20260810,5225,2064,,,,,,10169,1717,,,,,,3,34.84454203360207,138.151981,,,0,,0,,0,0,0,0,,0,211,blue,7289,11886,19175
85,22,5810090,1,20260810,8764,1285,,,,,,7543,1367,,,,,,3,34.78638703352455,138.050184,,,0,,0,,0,0,0,0,,0,211,blue,10049,8910,18959
85,22,5810110,1,20260810,32410,4429,,,,,,25544,3528,,,,,,3,34.76273603349293,137.969553,,,0,,0,,0,0,0,0,,0,211,blue,36839,29072,65911
85,23,5810190,1,20260810,5328,605,,,,,,6551,508,,,,,,3,35.11388803395716,136.734972,,,0,,0,,0,0,0,0,,0,211,blue,5933,7059,12992
85,24,5810210,1,20260810,6225,1075,,,,,,5563,1232,,,,,,3,34.86311003362677,136.47097,,,0,,0,,0,0,0,0,,0,211,blue,7300,6795,14095
85,21,5810280,1,20260810,12850,664,,,,,,10853,509,,,,,,3,35.365972034283374,137.22477800000001,,,0,,0,,0,0,0,0,,0,211,blue,13514,11362,24876
85,21,5810330,1,20260810,11323,591,,,,,,11235,970,,,,,,3,35.44925903438983,137.419698,,,0,,0,,0,0,0,0,,0,211,blue,11914,12205,24119
85,21,5810340,1,20260810,9592,335,,,,,,8852,944,,,,,,3,35.45966703440309,137.442028,,,0,,0,,0,0,0,0,,0,211,blue,9927,9796,19723
85,21,5810350,1,20260810,5216,426,,,,,,18185,988,,,,,,3,35.51200003446958,137.521639,,,0,,0,,0,0,0,0,,0,211,blue,5642,19173,24815
85,21,5810360,1,20260810,4858,525,,,,,,4630,623,,,,,,3,35.581250034557165,137.537222,,,0,,0,,0,0,0,0,,0,211,blue,5383,5253,10636
85,21,5810370,1,20260810,5736,362,,,,,,5463,695,,,,,,3,35.81618803485076,137.683244,,,0,,0,,0,0,0,0,,0,211,blue,6098,6158,12256
85,21,5810380,1,20260810,4021,819,,,,,,4686,739,,,,,,3,35.91502403497266,137.77069,,,0,,0,,0,0,0,0,,0,211,blue,4840,5425,10265
85,21,5810390,1,20260810,3240,541,,,,,,2884,507,,,,,,3,35.93471103499681,137.786917,,,0,,0,,0,0,0,0,,0,211,blue,3781,3391,7172
85,21,5810420,1,20260810,3897,504,,,,,,3439,504,,,,,,3,35.37572803429589,137.190676,,,0,,0,,0,0,0,0,,0,211,blue,4401,3943,8344
85,21,5810440,1,20260810,2726,351,,,,,,3088,287,,,,,,3,35.426917034361345,137.132361,,,0,,0,,0,0,0,0,,0,211,blue,3077,3375,6452
85,21,5810470,1,20260810,3825,120,,,,,,3097,219,,,,,,3,35.418612034350744,136.946394,,,1,,0,,0,0,0,0,,0,211,blue,3945,3316,7261
85,21,5810510,1,20260810,2869,243,,,,,,2590,147,,,,,,3,35.37112003428997,136.453326,,,0,,0,,0,0,0,0,,0,211,blue,3112,2737,5849
85,23,5810530,1,20260810,11042,1667,,,,,,8790,982,,,,,,3,34.696128033403625,137.40686,,,0,,0,,0,0,0,0,,0,211,blue,12709,9772,22481
85,23,5810570,1,20260810,10314,1335,,,,,,10746,1567,,,,,,3,34.84938803360853,137.221222,,,0,,0,,0,0,0,0,,0,211,blue,11649,12313,23962
85,23,5810580,1,20260810,13275,2109,,,,,,121,10,,,,,,3,34.84869403360759,137.197416,,,0,,0,,0,0,0,0,,0,211,blue,15384,131,15515
85,23,5810620,1,20260810,19494,3408,,,,,,17242,3562,,,,,,3,35.10119403394058,136.86925,,,0,,0,,0,0,0,0,,0,211,blue,22902,20804,43706
85,24,5810670,1,20260810,,,,,,,,,,,,,,,3,34.65002003334157,136.51956,,,1,,0,,0,0,0,0,,0,211,blue,0,0,0
85,24,5810680,1,20260810,9748,1359,,,,,,10136,1009,,,,,,3,34.71907003343443,136.4716,,,0,,0,,0,0,0,0,,0,211,blue,11107,11145,22252
85,24,5810690,1,20260810,11781,1328,,,,,,11916,1293,,,,,,3,34.64712003333765,136.49449,,,0,,0,,0,0,0,0,,0,211,blue,13109,13209,26318
85,24,5810700,1,20260810,7541,2307,,,,,,13448,3499,,,,,,3,34.850220033609624,136.416645,,,0,,0,,0,0,0,0,,0,211,blue,9848,16947,26795
85,24,5810730,1,20260810,8952,2938,,,,,,7501,2292,,,,,,3,34.62822503331218,135.986212,,,0,,0,,0,0,0,0,,0,211,blue,11890,9793,21683
85,21,5810760,1,20260810,4356,366,,,,,,4338,365,,,,,,3,35.55276203452119,137.177488,,,0,,0,,0,0,0,0,,0,211,blue,4722,4703,9425
85,21,5810770,1,20260810,1619,167,,,,,,1697,201,,,,,,3,35.64602003463866,137.169715,,,0,,0,,0,0,0,0,,0,211,blue,1786,1898,3684
85,21,5810780,1,20260810,2940,381,,,,,,3228,405,,,,,,3,35.667031034665,137.162564,,,0,,0,,0,0,0,0,,0,211,blue,3321,3633,6954
85,21,5810790,1,20260810,2534,484,,,,,,2408,469,,,,,,3,35.74291003475978,137.208481,,,0,,0,,0,0,0,0,,0,211,blue,3018,2877,5895
85,21,5810800,1,20260810,2650,683,,,,,,2173,418,,,,,,3,35.77947703480525,137.252586,,,0,,0,,0,0,0,0,,0,211,blue,3333,2591,5924
85,21,5810810,1,20260810,4866,511,,,,,,4984,563,,,,,,3,35.83471903487371,137.232014,,,0,,0,,0,0,0,0,,0,211,blue,5377,5547,10924
85,21,5810830,1,20260810,1009,109,,,,,,2918,460,,,,,,3,36.02357503510535,137.294767,,,0,,0,,0,0,0,0,,0,211,blue,1118,3378,4496
85,21,5810840,1,20260810,5794,168,,,,,,5729,376,,,,,,3,36.10871303520861,137.266233,,,0,,0,,0,0,0,0,,0,211,blue,5962,6105,12067
85,21,5810850,1,20260810,7109,699,,,,,,6070,405,,,,,,3,36.12373303522673,137.258932,,,0,,0,,0,0,0,0,,0,211,blue,7808,6475,14283
85,21,5810860,1,20260810,2241,319,,,,,,2554,409,,,,,,3,36.25072803537914,137.162845,,,0,,0,,0,0,0,0,,0,211,blue,2560,2963,5523
85,21,5810880,1,20260810,1376,116,,,,,,1316,117,,,,,,3,36.31423303545473,137.259675,,,0,,0,,0,0,0,0,,0,211,blue,1492,1433,2925
85,24,5810890,1,20260810,3433,268,,,,,,3735,456,,,,,,3,34.407524733012174,136.4423714,,,0,,0,,0,0,0,0,,0,211,blue,3701,4191,7892
85,24,5810900,1,20260810,1387,194,,,,,,1400,84,,,,,,3,34.1617406326732,136.2779067,,,0,,0,,0,0,0,0,,0,211,blue,1581,1484,3065
85,24,5810920,1,20260810,1949,220,,,,,,2052,687,,,,,,3,34.05028613251784,136.1958331,,,0,,0,,0,0,0,0,,0,211,blue,2169,2739,4908
85,24,5810930,1,20260810,301,4,,,,,,318,27,,,,,,3,33.98629813242818,136.1080803,,,0,,0,,0,0,0,0,,0,211,blue,305,345,650
85,24,5810940,1,20260810,985,206,,,,,,1084,186,,,,,,3,33.93298113235323,136.0940822,,,0,,0,,0,0,0,0,,0,211,blue,1191,1270,2461
85,24,5810960,1,20260810,3434,254,,,,,,3427,259,,,,,,3,34.00152563244955,136.1851117,,,0,,0,,0,0,0,0,,0,211,blue,3688,3686,7374
85,24,5810970,1,20260810,3267,277,,,,,,3374,269,,,,,,3,33.942137832366114,136.1524581,,,0,,0,,0,0,0,0,,0,211,blue,3544,3643,7187
85,24,5810980,1,20260810,3537,306,,,,,,3528,297,,,,,,3,33.92889863234747,136.1381858,,,0,,0,,0,0,0,0,,0,211,blue,3843,3825,7668
85,24,5810990,1,20260810,3699,203,,,,,,3119,276,,,,,,3,33.74057583208088,135.9955167,,,0,,0,,0,0,0,0,,0,211,blue,3902,3395,7297
85,24,5811000,1,20260810,4688,427,,,,,,4670,415,,,,,,1,34.10420863259313,136.1948133,,,0,,0,,0,0,0,0,,0,211,blue,5115,5085,10200
85,22,5811020,1,20260810,,,,,,,,,,,,,,,3,35.15084103400535,138.522379,,,1,,0,,0,0,0,0,,0,211,blue,0,0,0
85,22,5811030,1,20260810,1965,242,,,,,,1558,327,,,,,,3,35.15470103401037,138.520314,,,0,,0,,0,0,0,0,,0,211,blue,2207,1885,4092
85,22,5811040,1,20260810,,,,,,,,,,,,,,,3,35.19272303405982,138.529894,,,1,,0,,0,0,0,0,,2,211,blue,0,0,0
85,22,5811050,1,20260810,4364,290,,,,,,4694,190,,,,,,3,35.37095103428976,138.860418,,,0,,0,,0,0,0,0,,0,211,blue,4654,4884,9538
85,23,5811110,1,20260810,3640,335,,,,,,3431,142,,,,,,3,35.135027033984734,137.309194,,,0,,0,,0,0,0,0,,0,211,blue,3975,3573,7548
85,23,5811120,1,20260810,4331,299,,,,,,3584,258,,,,,,3,35.149777034003954,137.332722,,,0,,0,,0,0,0,0,,0,211,blue,4630,3842,8472
85,23,5811130,1,20260810,2793,1135,,,,,,3324,174,,,,,,3,35.1700830340304,137.406805,,,0,,0,,0,0,0,0,,0,211,blue,3928,3498,7426
85,23,5811140,1,20260810,1765,443,,,,,,1956,132,,,,,,3,35.221388034097004,137.524166,,,0,,0,,0,0,0,0,,0,211,blue,2208,2088,4296
85,21,5811150,1,20260810,4392,368,,,,,,3682,379,,,,,,3,35.46219703440631,137.756093,,,0,,0,,0,0,0,0,,0,211,blue,4760,4061,8821
85,21,5811160,1,20260810,4718,611,,,,,,3595,369,,,,,,3,35.50206103445697,137.792544,,,0,,0,,0,0,0,0,,0,211,blue,5329,3964,9293
85,23,5811170,1,20260810,2645,394,,,,,,2724,297,,,,,,3,35.21055503408296,137.106666,,,0,,0,,0,0,0,0,,0,211,blue,3039,3021,6060
85,21,5811190,1,20260810,5182,301,,,,,,4201,287,,,,,,3,35.601941034583234,136.937212,,,0,,0,,0,0,0,0,,0,211,blue,5483,4488,9971
85,21,5811230,1,20260810,6855,452,,,,,,5329,416,,,,,,3,36.13868903524477,137.164639,,,0,,0,,0,0,0,0,,0,211,blue,7307,5745,13052
85,21,5811240,1,20260810,5062,272,,,,,,4753,343,,,,,,3,36.16135703527206,137.222749,,,0,,0,,0,0,0,0,,0,211,blue,5334,5096,10430
85,22,5811250,1,20260810,1951,248,,,,,,6371,822,,,,,,3,35.312573034214765,138.927446,,,0,,0,,0,0,0,0,,0,211,blue,2199,7193,9392
85,21,5811270,1,20260810,,,,,,,,,,,,,,,3,35.23023303410846,136.596679,,,1,,0,,0,0,0,0,,0,211,blue,0,0,0
85,21,5811330,1,20260810,1385,162,,,,,,1477,103,,,,,,3,35.46731303441282,137.78409,,,0,,0,,0,0,0,0,,0,211,blue,1547,1580,3127
86,,6810010,1,20260810,2439,603,,,,,,3109,636,,,,,,3,34.89694403367168,136.336111,,,0,,0,,0,0,0,0,,0,211,blue,3042,3745,6787
86,,6810020,1,20260810,,,,,,,,,,,,,,,3,34.97777803377855,135.901667,,,1,,0,,0,0,0,0,,0,211,blue,0,0,0
86,,6810030,1,20260810,,,,,,,,,,,,,,,3,35.00527803381478,136.094722,,,1,,0,,0,211,211,0,,0,211,blue,0,0,0
86,,6810060,1,20260810,0,0,,,,,,14999,2398,,,,,,3,34.986389033789905,135.75305600000002,,,0,,0,,0,0,0,0,,0,211,blue,0,17397,17397
86,,6810089,1,20260810,,,,,,,,,,,,,,,3,34.978118033779,135.908546,,,1,,0,,0,0,0,0,,0,211,blue,0,0,0
86,,6810090,1,20260810,3739,752,,,,,,0,0,,,,,,3,34.83138903358458,135.72305600000004,,,0,,0,,0,0,0,0,,0,211,blue,4491,0,4491
86,,6810100,1,20260810,0,0,,,,,,3806,646,,,,,,3,34.83138903358458,135.723889,,,0,,0,,0,0,0,0,,0,211,blue,0,4452,4452
86,,6810105,1,20260810,,,,,,,,,,,,,,,3,34.71411113342777,135.4489722,,,0,,0,,0,0,0,0,,211,211,blue,0,0,0
86,,6810111,1,20260810,,,,,,,,,,,,,,,3,34.6429970333321,135.019846,,,0,,0,,0,0,0,0,,211,211,blue,0,0,0
86,,6810130,1,20260810,,,,,,,,,,,,,,,3,34.842500033599364,134.330556,,,0,,0,,0,0,0,0,,211,211,blue,0,0,0
86,,6810135,1,20260810,5032,842,,,,,,4601,695,,,,,,3,36.18333336529846,136.26777780000003,,,0,,0,,0,0,0,0,,0,211,blue,5874,5296,11170
86,,6810140,1,20260810,9911,1870,,,,,,8862,2124,,,,,,3,36.14305603525003,136.263889,,,0,,0,,0,0,0,0,,0,211,blue,11781,10986,22767
86,,6810150,1,20260810,,,,,,,,,,,,,,,3,36.0772220351705,136.244444,,,1,,0,,0,0,0,0,,0,211,blue,0,0,0
86,,6810160,1,20260810,994,436,,,,,,1003,322,,,,,,3,36.02444403510641,136.218333,,,0,,0,,0,0,0,0,,0,211,blue,1430,1325,2755
86,,6810165,1,20260810,11486,699,,,,,,6183,378,,,,,,3,35.980555595052905,136.1958333,,,0,,0,,0,0,0,0,,0,211,blue,12185,6561,18746
86,,6810170,1,20260810,13464,1089,,,,,,12740,498,,,,,,3,35.95555603502233,136.188889,,,0,,0,,0,0,0,0,,0,211,blue,14553,13238,27791
86,,6810180,1,20260810,,,,,,,,,,,,,,,3,35.878333034927515,136.169444,,,1,,0,,0,0,0,0,,0,211,blue,0,0,0
86,,6810190,1,20260810,,,,,,,,,,,,,,,3,35.719444034730536,136.094722,,,1,,0,,0,0,0,0,,0,211,blue,0,0,0
86,,6810200,1,20260810,1739,197,,,,,,1574,209,,,,,,3,35.66555603466316,136.083056,,,0,,0,,0,0,0,0,,0,211,blue,1936,1783,3719
86,,6810220,1,20260810,2289,374,,,,,,2909,391,,,,,,3,35.60416703458605,136.107222,,,0,,0,,0,0,0,0,,0,211,blue,2663,3300,5963
86,,6810230,1,20260810,1590,638,,,,,,2474,420,,,,,,3,35.57603003455058,136.122756,,,0,,0,,0,0,0,0,,0,211,blue,2228,2894,5122
86,,6810240,1,20260810,5300,853,,,,,,4932,738,,,,,,3,35.512778034470564,136.173333,,,0,,0,,0,0,0,0,,0,211,blue,6153,5670,11823
86,,6810241,1,20260810,3259,1276,,,,,,2459,1461,,,,,,3,35.4322160343681,136.245092,,,0,,0,,0,0,0,0,,0,211,blue,4535,3920,8455
86,,6810250,1,20260810,7535,1203,,,,,,8159,1136,,,,,,3,35.27555603416706,136.269444,,,0,,0,,0,0,0,0,,0,211,blue,8738,9295,18033
86,,6810260,1,20260810,5697,939,,,,,,5978,836,,,,,,3,35.11611103396005,136.128333,,,0,,0,,0,0,0,0,,0,211,blue,6636,6814,13450
86,,6810270,1,20260810,6446,815,,,,,,6398,1222,,,,,,3,35.091944033928485,136.089722,,,0,,0,,0,0,0,0,,0,211,blue,7261,7620,14881
86,,6810280,1,20260810,,,,,,,,,,,,,,,3,35.66000003465618,136.084722,,,1,,0,,0,0,0,0,,0,211,blue,0,0,0
86,,6810290,1,20260810,8222,2103,,,,,,12866,2341,,,,,,3,34.996111033802705,135.722222,,,0,,0,,0,0,0,0,,0,211,blue,10325,15207,25532
86,,6810300,1,20260810,0,0,,,,,,4773,563,,,,,,3,34.981944033784046,135.693056,,,0,,0,,0,0,0,0,,0,211,blue,0,5336,5336
86,,6810310,1,20260810,10144,835,,,,,,0,0,,,,,,3,34.981944033784046,135.692917,,,0,,0,,0,0,0,0,,0,211,blue,10979,0,10979
86,,6810320,1,20260810,10439,917,,,,,,9284,774,,,,,,3,34.992500033797945,135.64750000000004,,,0,,0,,0,0,0,0,,0,211,blue,11356,10058,21414
86,,6810330,1,20260810,9987,1019,,,,,,9980,1264,,,,,,3,34.989722033794294,135.636667,,,0,,0,,0,0,0,0,,0,211,blue,11006,11244,22250
86,,6810335,1,20260810,6771,664,,,,,,5929,535,,,,,,3,35.488936034440314,135.756215,,,0,,0,,0,0,0,0,,0,211,blue,7435,6464,13899
86,,6810340,1,20260810,600,45,,,,,,607,172,,,,,,3,35.12222203396803,135.439444,,,0,,0,,0,0,0,0,,0,211,blue,645,779,1424
86,,6810343,1,20260810,,,,,,,,,,,,,,,3,35.18777781405339,135.3219444,,,1,,0,,0,0,0,0,,0,211,blue,0,0,0
86,,6810344,1,20260810,3325,559,,,,,,3929,735,,,,,,3,35.24583336412865,135.2161111,,,0,,0,,0,0,0,0,,0,211,blue,3884,4664,8548
86,,6810346,1,20260810,,,,,,,,,,,,,,,3,35.28305559417674,135.1777778,,,0,,0,,0,0,0,0,,211,211,blue,0,0,0
86,,6810348,1,20260810,7570,967,,,,,,6678,946,,,,,,3,35.3139820342166,135.101491,,,0,,0,,0,0,0,0,,0,211,blue,8537,7624,16161
86,,6810360,1,20260810,,,,,,,,,,,,,,,3,35.333611034241834,134.917222,,,0,,0,,0,0,0,0,,211,211,blue,0,0,0
86,,6810365,1,20260810,4775,662,,,,,,4747,635,,,,,,3,36.25913403538918,136.286774,,,0,,0,,0,0,0,0,,0,211,blue,5437,5382,10819
86,,6810370,1,20260810,,,,,,,,,,,,,,,3,35.38305603430526,134.671667,,,0,,0,,0,0,0,0,,211,211,blue,0,0,0
86,,6810390,1,20260810,,,,,,,,,,,,,,,3,35.48083303443001,134.585278,,,0,,0,,0,0,0,0,,211,211,blue,0,0,0
86,,6810400,1,20260810,,,,,,,,,,,,,,,3,35.50388903445929,134.533889,,,0,,0,,0,0,0,0,,211,211,blue,0,0,0
86,,6810410,1,20260810,,,,,,,,,,,,,,,3,35.5247220344857,134.4275,,,0,,0,,0,0,0,0,,211,211,blue,0,0,0
86,,6810420,1,20260810,4588,778,,,,,,4309,613,,,,,,3,35.33111103423862,136.352222,,,0,,0,,0,0,0,0,,0,211,blue,5366,4922,10288
86,,6810450,1,20260810,5422,303,,,,,,3265,101,,,,,,3,34.229683032767404,135.169164,,,0,,0,,0,0,0,0,,0,211,blue,5725,3366,9091
86,,6810492,1,20260810,,,,,,,,,,,,,,,3,34.5749167332401,135.6647778,,,0,,0,,0,0,0,0,,211,211,blue,0,0,0
86,,6810500,1,20260810,,,,,,,,,,,,,,,3,34.58000003324698,135.466581,,,1,,0,,0,0,0,0,,0,211,blue,0,0,0
86,,6810510,1,20260810,,,,,,,,,,,,,,,3,34.5797220332466,135.466581,,,1,,0,,0,0,0,0,,0,211,blue,0,0,0
86,,6810540,1,20260810,,,,,,,,,,,,,,,3,34.36000003294702,135.269444,,,1,,0,,0,0,0,0,,0,211,blue,0,0,0
86,,6810550,1,20260810,,,,,,,,,,,,,,,3,34.32270003289575,135.19756,,,1,,0,,0,0,0,0,,0,211,blue,0,0,0
86,,6810551,1,20260810,9592,1472,,,,,,8974,837,,,,,,3,34.32488893289876,135.1913056,,,0,,0,,0,0,0,0,,0,211,blue,11064,9811,20875
86,,6810552,1,20260810,,,,,,,,,,,,,,,3,34.31283333288218,135.1605,,,0,,0,,0,0,0,0,,211,211,blue,0,0,0
86,,6810560,1,20260810,,,,,,,,,,,,,,,3,34.24805603279281,135.175,,,1,,0,,0,0,0,0,,0,211,blue,0,0,0
86,,6810580,1,20260810,7501,349,,,,,,5746,453,,,,,,3,35.633611034623065,136.021389,,,0,,0,,0,0,0,0,,0,211,blue,7850,6199,14049
86,,6810590,1,20260810,3436,391,,,,,,3886,311,,,,,,3,35.58083303455663,135.910417,,,0,,0,,0,0,0,0,,0,211,blue,3827,4197,8024
86,,6810610,1,20260810,4313,525,,,,,,3910,559,,,,,,3,35.469444034415524,135.825,,,0,,0,,0,0,0,0,,0,211,blue,4838,4469,9307
86,,6810620,1,20260810,7695,338,,,,,,544,136,,,,,,3,35.483056034432835,135.666111,,,0,,0,,0,0,0,0,,0,211,blue,8033,680,8713
86,,6810630,1,20260810,4380,481,,,,,,3689,414,,,,,,3,35.48805603443919,135.595833,,,0,,0,,0,0,0,0,,0,211,blue,4861,4103,8964
86,,6810660,1,20260810,3833,518,,,,,,3904,444,,,,,,3,35.48083303443001,135.421389,,,0,,0,,0,0,0,0,,0,211,blue,4351,4348,8699
86,,6810667,1,20260810,,,,,,,,,,,,,,,3,35.46027781440387,135.3566667,,,0,,0,,0,0,0,0,,211,211,blue,0,0,0
86,,6810670,1,20260810,1950,254,,,,,,1779,211,,,,,,3,35.414167034345056,135.333056,,,0,,0,,0,0,0,0,,0,211,blue,2204,1990,4194
86,,6810671,1,20260810,,,,,,,,,,,,,,,3,35.37888892429992,135.3169444,,,0,,0,,0,0,0,0,,211,211,blue,0,0,0
86,,6810730,1,20260810,,,,,,,,,,,,,,,3,34.85305603361341,134.605278,,,0,,0,,0,0,0,0,,211,211,blue,0,0,0
86,,6810740,1,20260810,,,,,,,,,,,,,,,3,34.87691203364509,134.61312,,,0,,0,,0,0,0,0,,211,211,blue,0,0,0
86,,6810750,1,20260810,,,,,,,,,,,,,,,3,35.07068203390065,134.587422,,,0,,0,,0,0,0,0,,211,211,blue,0,0,0
86,,6810760,1,20260810,,,,,,,,,,,,,,,3,35.145672033998615,134.539014,,,0,,0,,0,0,0,0,,211,211,blue,0,0,0
86,,6810770,1,20260810,6143,948,,,,,,4677,545,,,,,,3,33.692375032012194,135.984591,,,0,,0,,0,0,0,0,,0,211,blue,7091,5222,12313
86,,6810780,1,20260810,,,,,,,,,,,,,,,3,33.61777803190555,135.927061,,,1,,0,,0,0,0,0,,0,211,blue,0,0,0
86,,6810790,1,20260810,,,,,,,,,,,,,,,3,33.56853903183492,135.910197,,,1,,0,,0,211,211,0,,0,211,blue,0,0,0
86,,6810800,1,20260810,,,,,,,,,,,,,,,3,33.50323103174097,135.806228,,,1,,0,,0,0,0,0,,0,211,blue,0,0,0
86,,6810810,1,20260810,3588,415,,,,,,3649,329,,,,,,3,33.48392803171314,135.760481,,,0,,0,,0,0,0,0,,0,211,blue,4003,3978,7981
86,,6810820,1,20260810,0,0,,,,,,86,8,,,,,,3,33.509890031750565,135.60639100000003,,,0,,0,,0,0,0,0,,0,211,blue,0,94,94
86,,6810830,1,20260810,,,,,,,,,,,,,,,3,33.51850003176297,135.57,,,1,,0,,0,0,0,0,,0,211,blue,0,0,0
86,,6810840,1,20260810,936,122,,,,,,1181,53,,,,,,3,33.554167031814266,135.458889,,,0,,0,,0,0,0,0,,0,211,blue,1058,1234,2292
86,,6810850,1,20260810,5723,409,,,,,,607,20,,,,,,3,33.70273603202697,135.411942,,,0,,0,,0,0,0,0,,0,211,blue,6132,627,6759
86,,6810860,1,20260810,10972,377,,,,,,9008,531,,,,,,3,33.72250003205514,135.404722,,,0,,0,,0,0,0,0,,0,211,blue,11349,9539,20888
86,,6810880,1,20260810,,,,,,,,,,,,,,,3,33.748889032092684,135.3275,,,1,,0,,0,0,0,0,,0,211,blue,0,0,0
86,,6810890,1,20260810,4257,379,,,,,,3508,517,,,,,,3,33.7811110321385,135.3025,,,0,,0,,0,0,0,0,,0,211,blue,4636,4025,8661
86,,6810900,1,20260810,5319,381,,,,,,4648,603,,,,,,3,33.91892803233343,135.146508,,,0,,0,,0,0,0,0,,0,211,blue,5700,5251,10951
86,,6810910,1,20260810,3164,790,,,,,,1,0,,,,,,3,33.94659203237239,135.12965,,,0,,0,,0,0,0,0,,0,211,blue,3954,1,3955
86,,6810920,1,20260810,7555,965,,,,,,6010,768,,,,,,3,34.04305603250771,135.189722,,,0,,0,,0,0,0,0,,0,211,blue,8520,6778,15298
86,,6810930,1,20260810,,,,,,,,,,,,,,,3,34.047035032513286,135.189167,,,1,,0,,0,0,0,0,,0,211,blue,0,0,0
86,,6810950,1,20260810,417,34,,,,,,1249,174,,,,,,3,34.19539403271991,135.169583,,,0,,0,,0,0,0,0,,0,211,blue,451,1423,1874
86,,6810960,1,20260810,,,,,,,,,,,,,,,3,33.74962803209376,135.359472,,,1,,0,,0,0,0,0,,0,211,blue,0,0,0
86,,6810980,1,20260810,,,,,,,,,,,,,,,3,34.652222033344536,135.48972200000003,,,1,,0,,0,0,0,0,,0,211,blue,0,0,0
86,,6810990,1,20260810,1329,486,,,,,,3440,558,,,,,,3,35.551944034520155,136.098333,,,0,,0,,0,0,0,0,,0,211,blue,1815,3998,5813
86,,6811000,1,20260810,2299,362,,,,,,2423,454,,,,,,3,35.530000034492396,136.094444,,,0,,0,,0,0,0,0,,0,211,blue,2661,2877,5538
86,,6811010,1,20260810,3494,815,,,,,,3833,499,,,,,,3,35.47888903442754,136.083056,,,0,,0,,0,0,0,0,,0,211,blue,4309,4332,8641
86,,6811020,1,20260810,1695,145,,,,,,1478,172,,,,,,3,35.39750003432375,136.024722,,,0,,0,,0,0,0,0,,0,211,blue,1840,1650,3490
86,,6811030,1,20260810,15425,2528,,,,,,13705,2658,,,,,,3,35.28722203418211,136.018056,,,0,,0,,0,0,0,0,,0,211,blue,17953,16363,34316
86,,6811040,1,20260810,5019,1995,,,,,,7641,962,,,,,,3,35.24777803413116,135.960556,,,0,,0,,0,0,0,0,,0,211,blue,7014,8603,15617
86,,6811050,1,20260810,,,,,,,,,,,,,,,3,35.237778034118236,135.943333,,,1,,0,,0,211,211,0,,0,211,blue,0,0,0
86,,6811080,1,20260810,,,,,,,,,,,,,,,3,34.71861103343382,135.569444,,,1,,0,,0,0,0,0,,0,211,blue,0,0,0
86,,6811120,1,20260810,3711,533,,,,,,3700,488,,,,,,3,35.0725560339031,135.008778,,,0,,0,,0,0,0,0,,0,211,blue,4244,4188,8432
86,,6811130,1,20260810,3702,616,,,,,,3126,381,,,,,,3,35.12139403396696,135.005953,,,0,,0,,0,0,0,0,,0,211,blue,4318,3507,7825
86,,6811150,1,20260810,,,,,,,,,,,,,,,3,35.16055603401799,135.066111,,,0,,0,,0,0,0,0,,211,211,blue,0,0,0
86,,6811160,1,20260810,,,,,,,,,,,,,,,3,35.23305603411212,135.020833,,,0,,0,,0,0,0,0,,211,211,blue,0,0,0
86,,6811165,1,20260810,4573,911,,,,,,3881,1241,,,,,,3,35.28748503418245,134.977245,,,0,,0,,0,0,0,0,,0,211,blue,5484,5122,10606
86,,6811170,1,20260810,,,,,,,,,,,,,,,3,35.29111103418713,134.970556,,,0,,0,,0,0,0,0,,211,211,blue,0,0,0
86,,6811180,1,20260810,,,,,,,,,,,,,,,3,35.30305603420252,134.92,,,0,,0,,0,0,0,0,,211,211,blue,0,0,0
86,,6811190,1,20260810,,,,,,,,,,,,,,,3,35.34500003425647,134.801111,,,0,,0,,0,0,0,0,,211,211,blue,0,0,0
86,,6811200,1,20260810,,,,,,,,,,,,,,,3,35.36333303427999,134.759167,,,0,,0,,0,0,0,0,,211,211,blue,0,0,0
86,,6811210,1,20260810,5693,459,,,,,,6057,364,,,,,,3,35.49942303445363,134.790538,,,0,,0,,0,0,0,0,,0,211,blue,6152,6421,12573
86,,6811220,1,20260810,5334,260,,,,,,5364,221,,,,,,3,35.474942034422526,134.764925,,,0,,0,,0,0,0,0,,0,211,blue,5594,5585,11179
86,,6811230,1,20260810,5611,387,,,,,,5747,482,,,,,,3,35.43722003437449,134.767839,,,0,,0,,0,0,0,0,,0,211,blue,5998,6229,12227
86,,6811260,1,20260810,6917,569,,,,,,8033,891,,,,,,3,35.01754603383091,136.023618,,,0,,0,,0,0,0,0,,0,211,blue,7486,8924,16410
86,,6811310,1,20260810,27368,3876,,,,,,26077,3964,,,,,,3,34.78856603352747,134.816183,,,0,,0,,0,0,0,0,,0,211,blue,31244,30041,61285
86,,6811320,1,20260810,,,,,,,,,,,,,,,3,34.81472203356237,134.673055,,,1,,0,,0,0,0,0,,0,211,blue,0,0,0
86,,6811340,1,20260810,13027,1522,,,,,,21346,2724,,,,,,3,34.83503003358942,134.618945,,,0,,0,,0,0,0,0,,0,211,blue,14549,24070,38619
86,,6811400,1,20260810,4695,626,,,,,,4271,679,,,,,,3,34.54152803319483,135.675417,,,0,,0,,0,0,0,0,,0,211,blue,5321,4950,10271
88,,8810010,1,20260810,2902,345,0,,,,,2650,357,0,,,,,3,34.22576903276199,134.506281,,,0,0,0,0,0,0,0,0,0,0,211,blue,3247,3007,6254
88,,8810040,1,20260810,2918,348,0,,,,,3020,412,0,,,,,3,34.21202803274294,134.426444,,,0,0,0,0,0,0,0,0,0,0,211,blue,3266,3432,6698
88,,8810050,1,20260810,,,,,,,,,,,,,,,3,34.2426940327854,134.369389,,,1,0,0,0,0,0,0,0,0,0,211,blue,0,0,0
88,,8810060,1,20260810,,,,,,,,,,,,,,,3,34.24194403278437,134.333056,,,1,0,0,0,0,0,0,0,0,0,211,blue,0,0,0
88,,8810070,1,20260810,,,,,,,,,,,,,,,3,34.3096610328778,134.235686,,,1,0,0,0,0,0,0,0,0,0,211,blue,0,0,0
88,,8810080,1,20260810,,,,,,,,,,,,,,,3,34.323825032897304,134.203003,,,1,0,0,0,0,0,0,0,0,0,211,blue,0,0,0
88,,8810090,1,20260810,,,,,,,,,,,,,,,3,34.31055603287904,134.040556,,,1,0,0,0,0,0,0,0,0,0,211,blue,0,0,0
88,,8810100,1,20260810,14074,1350,0,,,,,,,,,,,,3,34.31083303287942,134.040833,,,0,0,0,0,0,0,0,0,0,0,211,blue,15424,0,15424
88,,8810110,1,20260810,,,,,,,,,,,,,,,3,34.296344462859466,133.9267892,,,1,0,0,0,0,0,0,0,0,0,211,blue,0,0,0
88,,8810120,1,20260810,8916,441,0,,,,,6064,431,0,,,,,3,34.30830303287593,133.886,,,0,0,0,0,0,0,0,0,0,0,211,blue,9357,6495,15852
88,,8810130,1,20260810,,,,,,,,,,,,,,,3,34.28116903283854,133.818719,,,1,0,0,0,0,0,0,0,0,0,211,blue,0,0,0
88,,8810150,1,20260810,,,,,,,,,,,,,,,3,33.79388903215663,132.931944,,,1,0,0,0,0,0,0,0,0,0,211,blue,0,0,0
88,,8810160,1,20260810,10216,1038,0,,,,,11689,622,0,,,,,3,34.251008032796896,133.916925,,,0,0,0,0,0,0,0,0,0,0,211,blue,11254,12311,23565
88,,8810170,1,20260810,6853,1131,0,,,,,6288,989,0,,,,,3,34.183472032703364,133.834944,,,0,0,0,0,0,0,0,0,0,0,211,blue,7984,7277,15261
88,,8810180,1,20260810,2894,391,0,,,,,3028,229,0,,,,,3,34.15741703266719,133.82277800000003,,,0,0,0,0,0,0,0,0,0,0,211,blue,3285,3257,6542
88,,8810210,1,20260810,4709,544,0,,,,,3378,628,0,,,,,3,34.02985603248925,133.814811,,,0,0,0,0,0,0,0,0,0,0,211,blue,5253,4006,9259
88,,8810220,1,20260810,2883,969,0,,,,,3653,420,0,,,,,3,33.99827503244498,133.788456,,,0,0,0,0,0,0,0,0,0,0,211,blue,3852,4073,7925
88,,8810270,1,20260810,1575,267,0,,,,,1655,378,0,,,,,3,33.699149792021856,133.6898053,,,0,0,0,0,0,0,0,0,0,0,211,blue,1842,2033,3875
88,,8810310,1,20260810,,,,,,,,,,,,,,,3,33.65416703195762,133.66,,,1,0,0,0,0,0,0,0,0,0,211,blue,0,0,0
88,,8810340,1,20260810,,,,,,,,,,,,,,,3,33.55527803181588,133.460556,,,1,0,0,0,0,0,0,0,0,0,211,blue,0,0,0
88,,8810380,1,20260810,,,,,,,,,,,,,,,3,33.555000031815474,133.139444,,,1,0,0,0,0,0,0,0,0,0,211,blue,0,0,0
88,,8810400,1,20260810,,,,,,,,,,,,,,,3,33.58111103185298,132.9925,,,1,0,0,0,0,0,0,0,0,0,211,blue,0,0,0
88,,8810410,1,20260810,1978,150,0,,,,,2018,312,0,,,,,3,33.61805603190595,132.933333,,,0,0,0,0,0,1,1,0,0,0,211,blue,2128,2330,4458
88,,8810420,1,20260810,2224,165,0,,,,,2310,411,0,,,,,3,33.62777803191986,132.916389,,,0,0,0,0,0,0,0,0,0,0,211,blue,2389,2721,5110
88,,8810430,1,20260810,2557,285,0,,,,,2842,497,0,,,,,3,33.646667031946905,132.905833,,,0,0,0,0,0,1,1,0,0,0,211,blue,2842,3339,6181
88,,8810450,1,20260810,3225,202,0,,,,,3763,450,0,,,,,3,33.68178252199708,132.8835762,,,0,0,0,0,0,0,0,0,0,0,211,blue,3427,4213,7640
88,,8810510,1,20260810,,,,,,,,,,,,,,,3,33.73555603207373,132.811667,,,1,0,0,0,0,0,0,0,0,0,211,blue,0,0,0
88,,8810520,1,20260810,,,,,,,,,,,,,,,6,33.80277803216924,132.7775,,,1,0,0,0,0,1,1,0,0,0,211,blue,0,0,0
88,,8810530,1,20260810,,,,,,,,,,,,,,,3,33.80679213217494,132.7455604,,,1,0,0,0,0,0,0,0,0,0,211,blue,0,0,0
88,,8810560,1,20260810,1028,112,0,,,,,963,69,0,,,,,3,33.883114032282926,134.645522,,,0,0,0,0,0,0,0,0,0,0,211,blue,1140,1032,2172
88,,8810570,1,20260810,4566,773,0,,,,,4362,801,0,,,,,3,33.87310303226879,134.637228,,,0,0,0,0,0,0,0,0,0,0,211,blue,5339,5163,10502
88,,8810580,1,20260810,3621,391,0,,,,,3887,209,0,,,,,3,33.8064830321745,134.590708,,,0,0,0,0,0,0,0,0,0,0,211,blue,4012,4096,8108
88,,8810640,1,20260810,2252,300,0,,,,,2412,170,0,,,,,3,33.72289703205572,134.519397,,,0,0,0,0,0,0,0,0,0,0,211,blue,2552,2582,5134
88,,8810660,1,20260810,2499,366,0,,,,,2883,279,0,,,,,3,33.66041903196656,134.406369,,,0,0,0,0,0,0,0,0,0,0,211,blue,2865,3162,6027
88,,8810670,1,20260810,3162,141,0,,,,,3134,391,0,,,,,3,33.58200303185425,134.323467,,,0,0,0,0,0,0,0,0,0,0,211,blue,3303,3525,6828
88,,8810690,1,20260810,,,,,,,,,,,,,,,3,33.49111103172349,134.261667,,,1,0,0,0,0,0,0,0,0,0,211,blue,0,0,0
88,,8810720,1,20260810,,,,,,,,,,,,,,,3,33.33499901149748,134.1973409,,,1,0,0,0,0,0,0,0,0,0,211,blue,0,0,0
88,,8810730,1,20260810,,,,,,,,,,,,,,,3,33.2510477313752,134.1807112,,,1,0,0,0,0,0,0,0,0,0,211,blue,0,0,0
88,,8810740,1,20260810,,,,,,,,,,,,,,,3,33.29972203144615,134.123333,,,1,0,0,0,0,0,0,0,0,0,211,blue,0,0,0
88,,8810750,1,20260810,,,,,,,,,,,,,,,3,33.371439791550394,134.039855,,,1,0,0,0,0,0,0,0,0,0,211,blue,0,0,0
88,,8810760,1,20260810,,,,,,,,,,,,,,,3,33.42416703162678,134.023333,,,1,0,0,0,0,0,0,0,0,0,211,blue,0,0,0
88,,8810780,1,20260810,,,,,,,,,,,,,,,3,33.441944031652504,133.966111,,,1,0,0,0,0,0,0,0,0,0,211,blue,0,0,0
88,,8810820,1,20260810,,,,,,,,,,,,,,,3,33.5033880317412,133.878652,,,1,0,0,0,0,0,0,0,0,0,211,blue,0,0,0
88,,8810840,1,20260810,,,,,,,,,,,,,,,3,33.525000031772315,133.760278,,,1,0,0,0,0,0,0,0,0,0,211,blue,0,0,0
88,,8810850,1,20260810,,,,,,,,,,,,,,,3,33.42055603162157,133.301944,,,1,0,0,0,0,0,0,0,0,0,211,blue,0,0,0
88,,8810880,1,20260810,576,58,0,,,,,581,117,0,,,,,3,33.3074340314574,133.179556,,,0,0,0,0,0,0,0,0,0,0,211,blue,634,698,1332
88,,8810890,1,20260810,,,,,,,,,,,,,,,3,33.28855103142989,133.172023,,,1,0,0,0,0,1,1,0,0,0,211,blue,0,0,0
88,,8810910,1,20260810,1369,191,0,,,,,1,1,0,,,,,3,33.266597031397886,133.171467,,,0,0,0,0,0,0,0,0,0,0,211,blue,1560,2,1562
88,,8810920,1,20260810,3640,467,0,,,,,3845,290,0,,,,,3,33.21880803132811,133.140708,,,0,0,0,0,0,0,0,0,0,0,211,blue,4107,4135,8242
88,,8810940,1,20260810,5020,307,0,,,,,5161,329,0,,,,,3,33.0089042010197,132.9856986,,,0,0,0,0,0,0,0,0,0,0,211,blue,5327,5490,10817
88,,8810960,1,20260810,2548,247,0,,,,,2262,452,0,,,,,3,32.97816103097427,132.889125,,,0,0,0,0,0,0,0,0,0,0,211,blue,2795,2714,5509
88,,8810970,1,20260810,2123,500,0,,,,,2191,209,0,,,,,3,32.977644030973515,132.885636,,,0,0,0,0,0,0,0,0,0,0,211,blue,2623,2400,5023
88,,8811000,1,20260810,3913,185,0,,,,,4164,185,0,,,,,3,32.96687203095758,132.865489,,,0,0,0,0,0,0,0,0,0,0,211,blue,4098,4349,8447
88,,8811020,1,20260810,1652,434,0,,,,,1713,295,0,,,,,3,32.96457803095418,132.816661,,,0,0,0,0,0,0,0,0,0,0,211,blue,2086,2008,4094
88,,8811040,1,20260810,2516,371,0,,,,,3069,162,0,,,,,3,32.95833303094494,132.796389,,,0,0,0,0,0,0,0,0,0,0,211,blue,2887,3231,6118
88,,8811050,1,20260810,,,,,,,,,,,,,,,3,32.93641403091248,132.736475,,,1,0,0,0,0,0,0,0,0,0,211,blue,0,0,0
88,,8811060,1,20260810,2026,266,0,,,,,2153,160,0,,,,,3,32.969853030961985,132.683747,,,0,0,0,0,0,1,1,0,0,0,211,blue,2292,2313,4605
88,,8811070,1,20260810,331,54,0,,,,,312,40,0,,,,,3,32.970303030962654,132.665209,,,1,0,0,0,1,85,85,0,0,0,211,blue,385,352,737
88,,8811080,1,20260810,2770,151,0,,,,,2682,333,0,,,,,3,32.95232903093605,132.60067,,,0,0,0,0,0,0,0,0,0,0,211,blue,2921,3015,5936
88,,8811090,1,20260810,2771,443,0,,,,,3055,237,0,,,,,3,32.9541190309387,132.584276,,,0,0,0,0,1,0,0,0,0,0,211,blue,3214,3292,6506
88,,8811110,1,20260810,2786,240,0,,,,,1940,247,0,,,,,3,33.04654603107523,132.48536,,,0,0,0,0,1,0,0,0,0,0,211,blue,3026,2187,5213
88,,8811130,1,20260810,3656,425,0,,,,,3448,580,0,,,,,3,33.0789110311229,132.49507,,,0,0,0,0,0,0,0,0,0,0,211,blue,4081,4028,8109
88,,8811140,1,20260810,1785,214,0,,,,,1691,189,0,,,,,3,33.11350003117377,132.518333,,,0,0,0,0,1,0,0,0,0,0,211,blue,1999,1880,3879
88,,8811150,1,20260810,3153,716,0,,,,,3024,660,0,,,,,3,33.12469803119022,132.521282,,,0,0,0,0,0,0,0,0,0,0,211,blue,3869,3684,7553
88,,8811170,1,20260810,3013,355,0,,,,,3154,195,0,,,,,3,33.49517003172935,132.54537,,,0,0,0,0,0,0,0,0,0,0,211,blue,3368,3349,6717
88,,8811180,1,20260810,1937,355,0,,,,,1675,271,0,,,,,3,33.15677703123728,132.5469,,,0,0,0,0,1,0,0,0,0,0,211,blue,2292,1946,4238
88,,8811190,1,20260810,3570,215,0,,,,,3674,457,0,,,,,3,33.264024031394136,132.552651,,,0,0,0,0,1,0,0,0,0,0,211,blue,3785,4131,7916
88,,8811210,1,20260810,9549,925,0,,,,,9736,1388,0,,,,,3,33.23340003134943,132.559577,,,0,0,0,0,1,0,0,0,0,0,211,blue,10474,11124,21598
88,,8811220,1,20260810,4240,426,0,,,,,4358,675,0,,,,,3,33.21975503132949,132.55883,,,0,0,0,0,0,0,0,0,0,0,211,blue,4666,5033,9699
88,,8811230,1,20260810,8715,1246,0,,,,,10100,889,0,,,,,3,33.21400003132108,132.545961,,,0,0,0,0,1,0,0,0,0,0,211,blue,9961,10989,20950
88,,8811240,1,20260810,4189,719,0,,,,,4360,392,0,,,,,3,33.187563031282394,132.543219,,,0,0,0,0,0,0,0,0,0,0,211,blue,4908,4752,9660
88,,8811250,1,20260810,,,,,,,,,,,,,,,3,33.623917031914345,132.69675,,,1,0,0,0,0,0,0,0,0,0,211,blue,0,0,0
88,,8811260,1,20260810,,,,,,,,,,,,,,,3,33.63910303193607,132.70852,,,1,0,0,0,0,0,0,0,0,0,211,blue,0,0,0
88,,8811300,1,20260810,3734,512,0,,,,,4008,526,0,,,,,3,33.701111032024656,132.7075,,,0,0,0,0,0,0,0,0,0,0,211,blue,4246,4534,8780
88,,8811320,1,20260810,3176,403,0,,,,,3240,680,0,,,,,3,33.99242782243679,133.6034113,,,0,0,0,0,0,0,0,0,0,0,211,blue,3579,3920,7499
88,,8811330,1,20260810,1253,195,0,,,,,1553,258,0,,,,,3,33.99611044244195,133.6571521,,,0,0,0,0,0,0,0,0,0,0,211,blue,1448,1811,3259
88,,8811360,1,20260810,1366,338,0,,,,,1606,273,0,,,,,3,34.015556032469206,133.77361100000002,,,0,0,0,0,0,0,0,0,0,0,211,blue,1704,1879,3583
88,,8811430,1,20260810,,,,,,,,,,,,,,,3,33.981944032422064,132.778333,,,1,0,0,0,0,0,0,0,0,0,211,blue,0,0,0
88,,8811450,1,20260810,6136,776,0,,,,,5739,814,0,,,,,3,33.98044403241997,133.057088,,,0,0,0,0,0,0,0,0,0,0,211,blue,6912,6553,13465
89,,9810010,1,20260810,10124,538,0,,,,,9377,605,0,,,,,3,33.86852803226232,130.79675,,,0,0,0,0,0,0,0,0,0,0,211,blue,10662,9982,20644
89,,9810020,1,20260810,,,,,,,,,,,,,,,3,33.835259032215276,130.608521,,,1,0,0,0,0,0,0,0,0,0,211,blue,0,0,0
89,,9810030,1,20260810,,,,,,,,,,,,,,,3,33.78978203215081,130.567337,,,1,0,0,0,0,0,0,0,0,0,211,blue,0,0,0
89,,9810040,1,20260810,27979,1686,0,,,,,26335,1913,0,,,,,3,33.744955032087105,130.488242,,,0,0,0,0,0,0,0,0,0,0,211,blue,29665,28248,57913
89,,9810050,1,20260810,,,,,,,,,,,,,,,3,33.73691203207566,130.478193,,,1,0,0,0,0,0,0,0,0,0,211,blue,0,0,0
89,,9810070,1,20260810,18612,2493,0,,,,,20702,2969,0,,,,,3,33.52600403177376,130.49557,,,0,0,0,0,0,0,0,0,0,0,211,blue,21105,23671,44776
89,,9810080,1,20260810,19325,2092,0,,,,,17016,1880,0,,,,,3,33.51100303175216,130.511069,,,0,0,0,0,0,0,0,0,0,0,211,blue,21417,18896,40313
89,,9810090,1,20260810,19588,1830,0,,,,,20895,2755,0,,,,,3,33.510200031751005,130.520977,,,0,0,0,0,0,0,0,0,0,0,211,blue,21418,23650,45068
89,,9810100,1,20260810,12471,2004,0,,,,,13250,1978,0,,,,,3,33.477797031704284,130.53932,,,0,0,0,0,0,0,0,0,0,0,211,blue,14475,15228,29703
89,,9810120,1,20260810,,,,,,,,,,,,,,,3,33.33966203150427,130.525942,,,1,,,,,,,,,,211,blue,0,0,0
89,,9810130,1,20260810,3274,899,0,,,,,2834,972,0,,,,,3,33.19870703129871,130.60119,,,0,0,0,0,0,0,0,0,0,0,211,blue,4173,3806,7979
89,,9810140,1,20260810,,,,,,,,,,,,,,,3,33.170447031257325,130.617432,,,1,0,0,0,0,0,0,0,0,0,211,blue,0,0,0
89,,9810150,1,20260810,17601,1469,0,,,,,18742,1271,0,,,,,3,33.86806903226167,130.775199,,,0,0,0,0,0,0,0,0,0,0,211,blue,19070,20013,39083
89,,9810160,1,20260810,15097,1140,0,,,,,,,,,,,,3,33.86432503225638,130.74688,,,0,0,0,0,0,0,0,0,0,0,211,blue,16237,0,16237
89,,9810170,1,20260810,6390,380,0,,,,,7947,495,0,,,,,3,33.648732031949855,130.441499,,,0,0,0,0,0,0,0,0,0,0,211,blue,6770,8442,15212
89,,9810180,1,20260810,23575,2674,0,,,,,24462,2628,0,,,,,3,33.61500003190157,130.438611,,,0,0,0,0,0,0,0,0,0,0,211,blue,26249,27090,53339
89,,9810190,1,20260810,,,,,,,,,,,,,,,3,33.4496850316637,130.546326,,,1,0,0,0,0,0,0,0,0,0,211,blue,0,0,0
89,,9810200,1,20260810,,,,,,,,,,,,,,,3,33.41916903161956,130.532642,,,1,,,,,,,,,,211,blue,0,0,0
89,,9810210,1,20260810,6587,1212,0,,,,,5777,808,0,,,,,3,32.92737203089908,130.698429,,,0,0,0,0,0,0,0,0,0,0,211,blue,7799,6585,14384
89,,9810230,1,20260810,,,,,,,,,,,,,,,3,32.33541003001024,130.485852,,,1,0,0,0,0,0,0,0,0,0,211,blue,0,0,0
89,,9810240,1,20260810,1491,227,0,,,,,1326,199,0,,,,,3,32.24685302987536,130.498828,,,0,0,0,0,0,0,0,0,0,0,211,blue,1718,1525,3243
89,,9810260,1,20260810,,,,,,,,,,,,,,,3,32.06933302960361,130.240833,,,1,0,0,0,0,0,0,0,0,0,211,blue,0,0,0
89,,9810270,1,20260810,,,,,,,,,,,,,,,3,32.05996802958923,130.223169,,,1,0,0,0,0,0,0,0,0,0,211,blue,0,0,0
89,,9810280,1,20260810,,,,,,,,,,,,,,,3,32.00103302949858,130.195866,,,1,0,0,0,0,0,0,0,0,0,211,blue,0,0,0
89,,9810290,1,20260810,,,,,,,,,,,,,,,3,31.77354502914685,130.301221,,,1,0,0,0,0,0,0,0,0,0,211,blue,0,0,0
89,,9810300,1,20260810,,,,,,,,,,,,,,,3,31.752394029113987,130.297198,,,1,0,0,0,0,0,0,0,0,0,211,blue,0,0,0
89,,9810310,1,20260810,,,,,,,,,,,,,,,3,31.671780028988586,130.334671,,,1,0,0,0,0,0,0,0,0,0,211,blue,0,0,0
89,,9810320,1,20260810,,,,,,,,,,,,,,,3,31.644384028945897,130.514685,,,1,0,0,0,0,0,0,0,0,0,211,blue,0,0,0
89,,9810330,1,20260810,13613,782,0,,,,,12197,513,0,,,,,3,31.593127028865894,130.55217,,,0,0,0,0,0,0,0,0,0,0,211,blue,14395,12710,27105
89,,9810340,1,20260810,,,,,,,,,,,,,,,3,31.774587029148464,130.294585,,,1,0,0,0,0,0,0,0,0,0,211,blue,0,0,0
89,,9810350,1,20260810,,,,,,,,13770,1104,0,,,,,3,31.586173028855043,130.521497,,,0,0,0,0,0,0,0,0,0,0,211,blue,0,14874,14874
89,,9810360,1,20260810,,,,,,,,,,,,,,,3,33.6356250319311,131.074923,,,1,0,0,0,0,1,1,0,1,0,211,blue,0,0,0
89,,9810370,1,20260810,,,,,,,,,,,,,,,3,33.60811903189171,131.1134,,,0,0,0,0,0,195,195,196,146,0,211,blue,0,0,0
89,,9810380,1,20260810,,,,,,,,,,,,,,,3,33.55407703181414,131.25154,,,1,0,0,0,0,0,0,0,0,0,211,blue,0,0,0
89,,9810390,1,20260810,,,,,,,,,,,,,,,3,33.47356403169818,131.495973,,,1,0,0,0,0,0,0,0,0,0,211,blue,0,0,0
89,,9810400,1,20260810,,,,,,,,,,,,,,,3,33.4199570316207,131.549075,,,1,0,0,0,0,0,0,0,0,0,211,blue,0,0,0
89,,9810410,1,20260810,,,,,,,,,,,,,,,3,33.35718603152971,131.497308,,,1,0,0,0,0,0,0,0,0,0,211,blue,0,0,0
89,,9810420,1,20260810,21311,1168,0,,,,,20250,1546,0,,,,,3,33.28844603142974,131.50415600000002,,,0,0,0,0,0,0,0,0,0,0,211,blue,22479,21796,44275
89,,9810430,1,20260810,6882,450,0,,,,,6992,416,0,,,,,3,33.1773230312674,131.619615,,,1,0,0,0,0,0,0,0,0,0,211,blue,7332,7408,14740
89,,9810440,1,20260810,,,,,,,,10402,1122,0,,,,,3,33.091164031140934,131.647172,,,0,0,0,0,0,0,0,0,0,0,211,blue,0,11524,11524
89,,9810450,1,20260810,,,,,,,,,,,,,,,3,33.07813503112177,131.638559,,,0,0,0,0,0,49,49,0,102,0,211,blue,0,0,0
89,,9810460,1,20260810,109,16,0,,,,,119,26,0,,,,,3,33.03375103105637,131.689156,,,0,0,0,0,0,27,27,0,64,0,211,blue,125,145,270
89,,9810470,1,20260810,23,5,0,,,,,21,3,0,,,,,3,33.001599031008915,131.788698,,,1,0,0,0,0,67,67,0,73,0,211,blue,28,24,52
89,,9810480,1,20260810,30,4,0,,,,,30,7,0,,,,,3,32.95275303093668,131.841525,,,0,0,0,0,0,55,55,0,102,0,211,blue,34,37,71
89,,9810490,1,20260810,50,10,0,,,,,61,12,0,,,,,3,32.92192503089102,131.801353,,,1,0,0,0,0,31,31,0,57,0,211,blue,60,73,133
89,,9810500,1,20260810,11,1,0,,,,,14,1,0,,,,,3,32.84521503077709,131.718143,,,0,0,0,0,0,27,27,0,62,0,211,blue,12,15,27
89,,9810510,1,20260810,,,,,,,,,,,,,,,3,33.53550003178742,131.301439,,,1,0,0,0,0,0,0,0,0,0,211,blue,0,0,0
89,,9810520,1,20260810,,,,,,,,10024,534,0,,,,,3,33.17727003126732,131.636491,,,0,0,0,0,0,0,0,0,0,0,211,blue,0,10558,10558
89,,9810530,1,20260810,4,0,0,,,,,12,2,0,,,,,3,32.76588703065887,131.69922,,,0,0,0,0,0,43,43,4,87,0,211,blue,4,14,18
89,,9810540,1,20260810,0,0,0,,,,,0,1,0,,,,,3,32.73308003060985,131.712307,,,1,0,0,0,0,16,16,0,26,0,211,blue,0,1,1
89,,9810550,1,20260810,1,0,0,,,,,0,0,0,,,,,3,32.680641030531355,131.69547,,,0,0,0,0,0,11,11,1,28,0,211,blue,1,0,1
89,,9810560,1,20260810,0,0,0,,,,,0,0,0,,,,,3,32.6162990304348,131.682165,,,0,0,0,0,0,22,22,1,26,0,211,blue,0,0,0
89,,9810580,1,20260810,4,0,0,,,,,9,1,0,,,,,3,32.56240603035372,131.681538,,,0,0,0,0,0,14,14,0,25,0,211,blue,4,10,14
89,,9810590,1,20260810,,,,,,,,,,,,,,,3,32.512945030279155,131.682071,,,0,0,0,0,0,69,69,129,95,0,211,blue,0,0,0
89,,9810600,1,20260810,0,0,0,,,,,0,0,0,,,,,3,32.505475030267874,131.671612,,,0,0,0,0,0,22,22,1,29,0,211,blue,0,0,0
89,,9810610,1,20260810,7,0,0,,,,,3,3,0,,,,,3,32.48380003023514,131.65983,,,0,0,0,0,0,14,14,0,23,0,211,blue,7,6,13
89,,9810620,1,20260810,0,0,0,,,,,0,0,0,,,,,3,32.44750003018023,131.634167,,,0,0,0,0,0,19,19,1,27,0,211,blue,0,0,0
89,,9810630,1,20260810,10,2,0,,,,,6,2,0,,,,,3,32.34169203001978,131.615818,,,0,0,0,0,0,16,16,1,26,0,211,blue,12,8,20
89,,9810640,1,20260810,,,,,,,,,,,,,,,3,32.118920029679714,131.525151,,,1,0,0,0,0,24,24,5,45,0,211,blue,0,0,0
89,,9810650,1,20260810,,,,,,,,,,,,,,,3,32.04093702955998,131.469141,,,1,0,0,0,0,55,55,3,76,0,211,blue,0,0,0
89,,9810660,1,20260810,,,,,,,,,,,,,,,3,31.943136029409334,131.344339,,,1,0,0,0,0,0,0,0,0,0,211,blue,0,0,0
89,,9810670,1,20260810,,,,,,,,,,,,,,,3,31.95151902942227,131.26782500000002,,,1,0,0,0,0,0,0,0,0,0,211,blue,0,0,0
89,,9810680,1,20260810,,,,,,,,,,,,,,,3,31.916759029368613,131.228421,,,1,0,0,0,0,0,0,0,0,0,211,blue,0,0,0
89,,9810690,1,20260810,,,,,,,,,,,,,,,3,31.831007029235955,131.126939,,,1,0,0,0,0,0,0,0,0,0,211,blue,0,0,0
89,,9810700,1,20260810,,,,,,,,,,,,,,,3,31.70972202904765,131.054167,,,1,0,0,0,0,0,0,0,0,0,211,blue,0,0,0
89,,9810710,1,20260810,,,,,,,,,,,,,,,3,31.70997802904806,131.024809,,,1,0,0,0,0,0,0,0,0,0,211,blue,0,0,0
89,,9810720,1,20260810,,,,,,,,,,,,,,,3,31.661481028972545,130.889721,,,1,0,0,0,0,0,0,0,0,0,211,blue,0,0,0
89,,9810730,1,20260810,,,,,,,,,,,,,,,3,31.723242029068686,130.809578,,,1,0,0,0,0,0,0,0,0,0,211,blue,0,0,0
89,,9810740,1,20260810,,,,,,,,,,,,,,,3,33.30389903145224,130.368554,,,1,,,,,,,,,,211,blue,0,0,0
89,,9810750,1,20260810,,,,,,,,,,,,,,,3,33.27419603140898,130.293549,,,1,,,,,,,,,,211,blue,0,0,0
89,,9810760,1,20260810,,,,,,,,,,,,,,,3,33.26474303139519,130.245086,,,1,,,,,,,,,,211,blue,0,0,0
89,,9810770,1,20260810,,,,,,,,,,,,,,,3,33.26041603138888,130.218458,,,1,,,,,,,,,,211,blue,0,0,0
89,,9810780,1,20260810,,,,,,,,,,,,,,,3,33.23447503135101,130.18203100000002,,,1,,,,,,,,,,211,blue,0,0,0
89,,9810790,1,20260810,,,,,,,,,,,,,,,3,33.22225103133315,130.172161,,,1,,,,,,,,,,211,blue,0,0,0
89,,9810800,1,20260810,,,,,,,,,,,,,,,3,33.219025031328435,130.143217,,,1,,,,,,,,,,211,blue,0,0,0
89,,9810810,1,20260810,,,,,,,,,,,,,,,3,33.21595003132393,130.087452,,,1,,,,,,,,,,211,blue,0,0,0
89,,9810820,1,20260810,,,,,,,,,,,,,,,3,33.21877403132806,130.052459,,,1,,,,,,,,,,211,blue,0,0,0
89,,9810830,1,20260810,,,,,,,,,,,,,,,3,33.207839031312076,130.047967,,,1,,,,,,,,,,211,blue,0,0,0
89,,9810840,1,20260810,1671,234,0,,,,,2042,274,0,,,,,3,33.07291503111407,129.960829,,,0,0,0,0,0,0,0,0,0,0,211,blue,1905,2316,4221
89,,9810850,1,20260810,6492,715,0,,,,,6795,816,0,,,,,3,32.995999031000636,129.948701,,,0,0,0,0,0,0,0,0,0,0,211,blue,7207,7611,14818
89,,9810860,1,20260810,,,,,,,,,,,,,,,3,32.9044610308651,129.957531,,,1,0,0,0,0,0,0,0,0,0,211,blue,0,0,0
89,,9810870,1,20260810,,,,,,,,,,,,,,,3,32.8905010308444,129.971348,,,1,0,0,0,0,0,0,0,0,0,211,blue,0,0,0
89,,9810890,1,20260810,5535,544,0,,,,,5260,427,0,,,,,3,32.87494503082128,130.02412,,,0,0,0,0,0,0,0,0,0,0,211,blue,6079,5687,11766
89,,9810900,1,20260810,4419,259,0,,,,,4318,344,0,,,,,3,32.83967403076884,130.024592,,,0,0,0,0,0,0,0,0,0,0,211,blue,4678,4662,9340
89,,9810910,1,20260810,,,,,,,,,,,,,,,3,33.19594003129466,129.977938,,,1,0,0,0,0,0,0,0,0,0,211,blue,0,0,0
89,,9810920,1,20260810,419,52,0,,,,,412,43,0,,,,,3,33.191150031287656,129.943948,,,0,0,0,0,0,0,0,0,0,0,211,blue,471,455,926
89,,9810930,1,20260810,4150,509,0,,,,,4309,461,0,,,,,3,33.18881403128423,129.9054,,,0,0,0,0,0,0,0,0,0,0,211,blue,4659,4770,9429
89,,9810940,1,20260810,127,42,0,,,,,80,25,0,,,,,3,32.97184603096493,131.383534,,,0,0,0,0,0,30,30,2,65,0,211,blue,169,105,274
89,,9810950,1,20260810,108,33,0,,,,,110,26,0,,,,,3,32.96828103095967,131.382552,,,0,0,0,0,0,31,31,0,59,0,211,blue,141,136,277
89,,9810960,1,20260810,45,9,0,,,,,41,9,0,,,,,3,32.96091703094877,131.248695,,,0,0,0,0,0,28,28,0,61,0,211,blue,54,50,104
89,,9810970,1,20260810,169,32,0,,,,,3,1,0,,,,,3,33.03288603105509,131.537821,,,0,0,0,0,0,50,50,0,91,0,211,blue,201,4,205
89,,9810980,1,20260810,,,,,,,,,,,,,,,3,33.00262303101042,131.45315500000004,,,1,0,0,0,0,107,107,156,113,0,211,blue,0,0,0
89,,9810990,1,20260810,,,,,,,,,,,,,,,3,32.96097103094884,131.244117,,,1,0,0,0,0,0,0,0,0,0,211,blue,0,0,0
89,,9811000,1,20260810,5335,939,0,,,,,5827,790,0,,,,,3,32.93530403091085,131.035064,,,0,0,0,0,0,0,0,0,0,0,211,blue,6274,6617,12891
89,,9811010,1,20260810,,,,,,,,,,,,,,,3,32.87672503082393,130.954853,,,1,0,0,0,0,0,0,0,0,0,211,blue,0,0,0
89,,9811020,1,20260810,4449,562,0,,,,,4418,441,0,,,,,3,32.614306030431806,130.462111,,,0,0,0,0,0,1,1,0,0,0,211,blue,5011,4859,9870
89,,9811030,1,20260810,,,,,,,,,,,,,,,3,32.72539603059835,130.251342,,,1,,,,,,,,,,211,blue,0,0,0
89,,9811040,1,20260810,,,,,,,,,,,,,,,3,32.72077403059144,130.234748,,,1,,,,,,,,,,211,blue,0,0,0
89,,9811050,1,20260810,,,,,,,,,,,,,,,3,32.73587103061402,130.209003,,,1,,,,,,,,,,211,blue,0,0,0
89,,9811060,1,20260810,,,,,,,,,,,,,,,3,32.808908030723025,130.149506,,,1,,,,,,,,,,211,blue,0,0,0
89,,9811070,1,20260810,,,,,,,,,,,,,,,3,32.836521030764146,130.094768,,,1,,,,,,,,,,211,blue,0,0,0
89,,9811080,1,20260810,,,,,,,,,,,,,,,3,32.83196203075736,130.053336,,,1,,,,,,,,,,211,blue,0,0,0
89,,9811090,1,20260810,,,,,,,,,,,,,,,3,33.61888103190713,130.568781,,,0,0,0,0,0,195,195,0,146,0,211,blue,0,0,0
89,,9811100,1,20260810,0,0,0,,,,,0,0,0,,,,,3,33.61860003190672,130.579442,,,0,0,0,0,0,176,176,3,146,0,211,blue,0,0,0
89,,9811110,1,20260810,,,,,,,,,,,,,,,3,33.62194303191151,130.588462,,,1,0,0,0,0,2,2,0,2,0,211,blue,0,0,0
89,,9811120,1,20260810,,,,,,,,,,,,,,,3,33.65684603196145,130.750269,,,1,,,,,,,,,,211,blue,0,0,0
89,,9811130,1,20260810,,,,,,,,,,,,,,,3,33.6514250319537,130.761828,,,1,,,,,,,,,,211,blue,0,0,0
89,,9811140,1,20260810,,,,,,,,,,,,,,,3,33.64137503193933,130.764099,,,1,,,,,,,,,,211,blue,0,0,0
89,,9811150,1,20260810,,,,,,,,,,,,,,,3,33.65331703195642,130.807798,,,1,0,0,0,0,1,1,0,1,0,211,blue,0,0,0
89,,9811170,1,20260810,,,,,,,,,,,,,,,3,33.37200003155121,130.3311,,,1,,,,,,,,,,211,blue,0,0,0
89,,9811180,1,20260810,,,,,,,,,,,,,,,3,33.6231190319132,130.671342,,,1,,,,,,,,,,211,blue,0,0,0
89,,9811190,1,20260810,,,,,,,,,,,,,,,3,33.74379703208545,130.970335,,,1,0,0,0,0,0,0,0,0,0,211,blue,0,0,0
89,,9811210,1,20260810,3234,181,0,,,,,3162,287,0,,,,,3,33.50948303174998,130.110769,,,0,0,0,0,0,0,0,0,0,0,211,blue,3415,3449,6864
89,,9811220,1,20260810,1733,105,0,,,,,1706,74,0,,,,,3,33.501667031738705,130.069167,,,0,0,0,0,0,0,0,0,0,0,211,blue,1838,1780,3618
89,,9811240,1,20260810,5718,833,0,,,,,0,0,0,,,,,3,33.522842031769216,130.168427,,,0,0,0,0,0,0,0,0,0,0,211,blue,6551,0,6551
89,,9811250,1,20260810,,,,,,,,,,,,,,,3,33.51344603175569,130.14563,,,1,0,0,0,0,0,0,0,0,0,211,blue,0,0,0
89,,9811260,1,20260810,1662,124,0,,,,,1909,78,0,,,,,3,33.45431303167039,130.042275,,,0,0,0,0,0,0,0,0,0,0,211,blue,1786,1987,3773
89,,9811270,1,20260810,9162,577,0,,,,,8658,715,0,,,,,3,33.431110031636834,129.991737,,,0,0,0,0,0,0,0,0,0,0,211,blue,9739,9373,19112
89,,9811280,1,20260810,1445,231,0,,,,,1704,304,0,,,,,3,33.348904031517684,129.933234,,,0,0,0,0,0,0,0,0,0,0,211,blue,1676,2008,3684
89,,9811290,1,20260810,4275,462,0,,,,,4435,312,0,,,,,3,33.331844031492885,129.928169,,,0,0,0,0,0,0,0,0,0,0,211,blue,4737,4747,9484
89,,9811300,1,20260810,828,82,0,,,,,834,47,0,,,,,3,33.268208031400235,129.88248900000002,,,1,0,0,0,0,0,0,0,0,0,211,blue,910,881,1791
89,,9811310,1,20260810,,,,,,,,,,,,,,,3,33.24091903136041,129.850727,,,1,0,0,0,0,0,0,0,0,0,211,blue,0,0,0
89,,9811320,1,20260810,3751,372,0,,,,,3716,273,0,,,,,3,33.45989003167844,130.040128,,,0,0,0,0,0,0,0,0,0,0,211,blue,4123,3989,8112
89,,9811330,1,20260810,435,55,0,,,,,368,56,0,,,,,3,33.38450403156936,129.984455,,,1,0,0,0,0,0,0,0,0,0,211,blue,490,424,914
89,,9811340,1,20260810,,,,,,,,,,,,,,,6,33.31161503146347,130.070351,,,1,,,,,,,,,,211,blue,0,0,0
89,,9811350,1,20260810,,,,,,,,,,,,,,,3,33.304966031453795,130.076971,,,1,,,,,,,,,,211,blue,0,0,0
89,,9811360,1,20260810,6969,858,0,,,,,7019,698,0,,,,,3,33.29002103143203,130.168151,,,0,0,0,0,0,0,0,0,0,0,211,blue,7827,7717,15544
89,,9811370,1,20260810,4251,303,0,,,,,4418,216,0,,,,,3,33.327444031486486,130.034833,,,0,0,0,0,0,0,0,0,0,0,211,blue,4554,4634,9188
89,,9811380,1,20260810,247,25,0,,,,,311,28,0,,,,,3,33.29362203143727,130.116435,,,1,0,0,0,0,0,0,0,0,0,211,blue,272,339,611
89,,9811390,1,20260810,,,,,,,,,,,,,,,3,33.03691103106103,129.918279,,,1,,,,,,,,,,211,blue,0,0,0
89,,9811400,1,20260810,3369,471,0,,,,,3528,366,0,,,,,3,32.90829103087079,130.661481,,,0,0,0,0,0,0,0,0,0,0,211,blue,3840,3894,7734
89,,9811410,1,20260810,7318,318,0,,,,,6555,186,0,,,,,3,33.01722203103198,130.439722,,,0,0,0,0,0,0,0,0,0,0,211,blue,7636,6741,14377
89,,9811420,1,20260810,7287,478,0,,,,,7384,387,0,,,,,3,33.05710503109079,130.465234,,,0,0,0,0,0,0,0,0,0,0,211,blue,7765,7771,15536
89,,9811450,1,20260810,6608,981,0,,,,,6501,1069,0,,,,,3,33.01280003102545,130.425184,,,0,0,0,0,0,0,0,0,0,0,211,blue,7589,7570,15159
89,,9811460,1,20260810,,,,,,,,,,,,,,,3,33.140861031213944,130.422417,,,1,0,0,0,0,0,0,0,0,0,211,blue,0,0,0
89,,9811461,1,20260810,7015,801,0,,,,,7571,975,0,,,,,3,33.184560031278004,130.387933,,,0,0,0,0,0,0,0,0,0,0,211,blue,7816,8546,16362
89,,9811470,1,20260810,8452,956,0,,,,,7954,1044,0,,,,,3,33.0462530310748,130.431406,,,0,0,0,0,0,0,0,0,0,0,211,blue,9408,8998,18406
89,,9811480,1,20260810,7831,1076,0,,,,,7290,931,0,,,,,3,33.055717031088754,130.4292,,,0,0,0,0,0,0,0,0,0,0,211,blue,8907,8221,17128
89,,9811490,1,20260810,8419,917,0,,,,,9730,1335,0,,,,,3,33.069783031109466,130.42405,,,0,0,0,0,0,0,0,0,0,0,211,blue,9336,11065,20401
89,,9811500,1,20260810,9383,1194,0,,,,,8711,1130,0,,,,,3,33.077520031120855,130.428242,,,0,0,0,0,0,0,0,0,0,0,211,blue,10577,9841,20418
89,,9811510,1,20260810,8755,961,0,,,,,8861,1209,0,,,,,3,33.08238303112801,130.433017,,,0,0,0,0,0,0,0,0,0,0,211,blue,9716,10070,19786
89,,9811520,1,20260810,7586,926,0,,,,,7635,794,0,,,,,3,33.11826103118075,130.430375,,,0,0,0,0,0,0,0,0,0,0,211,blue,8512,8429,16941
89,,9811540,1,20260810,6366,692,0,,,,,6397,437,0,,,,,3,33.15753403123839,130.478771,,,0,0,0,0,0,0,0,0,0,0,211,blue,7058,6834,13892
89,,9811550,1,20260810,6828,576,0,,,,,6980,690,0,,,,,3,33.22942603134362,130.505954,,,0,0,0,0,0,0,0,0,0,0,211,blue,7404,7670,15074
89,,9811560,1,20260810,8317,874,0,,,,,7245,747,0,,,,,3,33.23505203135184,130.507151,,,0,0,0,0,0,0,0,0,0,0,211,blue,9191,7992,17183
89,,9811570,1,20260810,6746,769,0,,,,,7522,790,0,,,,,3,33.24799503137074,130.509483,,,0,0,0,0,0,0,0,0,0,0,211,blue,7515,8312,15827
89,,9811580,1,20260810,7245,827,0,,,,,6843,630,0,,,,,3,33.25651503138319,130.509461,,,0,0,0,0,0,0,0,0,0,0,211,blue,8072,7473,15545
89,,9811590,1,20260810,83,7,0,,,,,4688,718,0,,,,,3,33.31995703147561,130.594037,,,0,0,0,0,0,0,0,0,0,0,211,blue,90,5406,5496
89,,9811600,1,20260810,4233,639,0,,,,,4627,623,0,,,,,3,33.345255031512394,130.730893,,,0,0,0,0,0,0,0,0,0,0,211,blue,4872,5250,10122
89,,9811610,1,20260810,4484,408,0,,,,,5059,517,0,,,,,3,33.3437500315102,130.752694,,,0,0,0,0,0,0,0,0,0,0,211,blue,4892,5576,10468
89,,9811620,1,20260810,3230,282,0,,,,,3161,446,0,,,,,3,33.33338803149515,130.801953,,,0,0,0,0,0,0,0,0,0,0,211,blue,3512,3607,7119
89,,9811650,1,20260810,4728,563,0,,,,,4674,572,0,,,,,3,33.331960031493075,130.852326,,,0,0,0,0,0,0,0,0,0,0,211,blue,5291,5246,10537
89,,9811660,1,20260810,2618,178,0,,,,,2615,333,0,,,,,3,33.307732031457824,130.915379,,,0,0,0,0,0,0,0,0,0,0,211,blue,2796,2948,5744
89,,9811670,1,20260810,4669,602,0,,,,,4470,503,0,,,,,3,33.29883403144486,130.938844,,,0,0,0,0,0,0,0,0,0,0,211,blue,5271,4973,10244
89,,9811680,1,20260810,2387,531,0,,,,,2517,397,0,,,,,3,33.29818903144393,130.952388,,,0,0,0,0,0,0,0,0,0,0,211,blue,2918,2914,5832
89,,9811690,1,20260810,3904,628,0,,,,,4108,393,0,,,,,3,33.29921203144541,130.96937,,,0,0,0,0,0,0,0,0,0,0,211,blue,4532,4501,9033
89,,9811700,1,20260810,,,,,,,,,,,,,,,3,33.261645031390664,131.01058,,,1,0,0,0,0,0,0,0,0,0,211,blue,0,0,0
89,,9811710,1,20260810,,,,,,,,,,,,,,,3,33.28000003141744,131.128611,,,1,0,0,0,0,0,0,0,0,0,211,blue,0,0,0
89,,9811720,1,20260810,2442,684,0,,,,,2514,447,0,,,,,3,33.237877031355964,131.175263,,,0,0,0,0,0,0,0,0,0,0,211,blue,3126,2961,6087
89,,9811730,1,20260810,2047,425,0,,,,,1971,292,0,,,,,3,33.2405000313598,131.224187,,,0,0,0,0,0,0,0,0,0,0,211,blue,2472,2263,4735
89,,9811740,1,20260810,2017,518,0,,,,,2301,516,0,,,,,3,33.25496403138093,131.328533,,,0,0,0,0,0,0,0,0,0,0,211,blue,2535,2817,5352
89,,9811750,1,20260810,2272,1327,0,,,,,3292,592,0,,,,,3,33.23715803135492,131.323213,,,0,0,0,0,0,0,0,0,0,0,211,blue,3599,3884,7483
89,,9811760,1,20260810,214,162,0,,,,,9748,848,0,,,,,3,33.18331803127619,131.452171,,,0,0,0,0,0,0,0,0,0,0,211,blue,376,10596,10972
89,,9811770,1,20260810,,,,,,,,,,,,,,,3,31.760789029127036,131.4707,,,1,0,0,0,0,0,0,0,0,0,211,blue,0,0,0
89,,9811780,1,20260810,,,,,,,,,,,,,,,3,31.559046028812634,131.38327000000004,,,1,0,0,0,0,0,0,0,0,0,211,blue,0,0,0
89,,9811790,1,20260810,,,,,,,,,,,,,,,3,31.547715028794922,131.378628,,,1,0,0,0,0,0,0,0,0,0,211,blue,0,0,0
89,,9811800,1,20260810,,,,,,,,,,,,,,,3,31.546675028793285,131.361225,,,1,0,0,0,0,0,0,0,0,0,211,blue,0,0,0
89,,9811810,1,20260810,,,,,,,,,,,,,,,3,31.45214102864519,131.212192,,,1,0,0,0,0,0,0,0,0,0,211,blue,0,0,0
89,,9811820,1,20260810,,,,,,,,,,,,,,,3,31.46555602866623,131.154444,,,1,0,0,0,0,0,0,0,0,0,211,blue,0,0,0
89,,9811830,1,20260810,,,,,,,,,,,,,,,3,31.447659028638157,131.051761,,,1,0,0,0,0,0,0,0,0,0,211,blue,0,0,0
89,,9811840,1,20260810,,,,,,,,,,,,,,,3,31.388108028544615,130.811533,,,1,0,0,0,0,0,0,0,0,0,211,blue,0,0,0
89,,9811850,1,20260810,,,,,,,,,,,,,,,3,31.41813502859181,130.764377,,,1,0,0,0,0,0,0,0,0,0,211,blue,0,0,0
89,,9811860,1,20260810,1112,220,0,,,,,1107,267,0,,,,,3,31.542976028787507,130.706877,,,1,0,0,0,0,0,0,0,0,0,211,blue,1332,1374,2706
89,,9811870,1,20260810,,,,,,,,,,,,,,,3,31.557778028810663,130.718333,,,1,0,0,0,0,0,0,0,0,0,211,blue,0,0,0
89,,9811880,1,20260810,,,,,,,,,,,,,,,3,31.647658028950993,130.819552,,,1,0,0,0,0,0,0,0,0,0,211,blue,0,0,0
89,,9811900,1,20260810,,,,,,,,,,,,,,,3,31.27982902837409,130.291795,,,1,0,0,0,0,0,0,0,0,0,211,blue,0,0,0
89,,9811910,1,20260810,1464,264,0,,,,,1272,345,0,,,,,3,31.2913800283923,130.293564,,,0,0,0,0,0,1,1,0,0,0,211,blue,1728,1617,3345
89,,9811920,1,20260810,1729,201,0,,,,,1647,95,0,,,,,3,31.327343028448986,130.334728,,,0,0,0,0,0,0,0,0,0,0,211,blue,1930,1742,3672
89,,9811930,1,20260810,5072,319,0,,,,,4260,293,0,,,,,3,31.494637028711818,130.506308,,,0,0,0,0,0,0,0,0,0,0,211,blue,5391,4553,9944
89,,9811940,1,20260810,10605,416,0,,,,,9857,428,0,,,,,3,31.527877028763886,130.521631,,,0,0,0,0,0,0,0,0,0,0,211,blue,11021,10285,21306
89,,9811950,1,20260810,4421,318,0,,,,,4156,617,0,,,,,3,31.289730028389716,130.60717200000002,,,0,0,0,0,0,0,0,0,0,0,211,blue,4739,4773,9512
89,,9811960,1,20260810,,,,,,,,,,,,,,,3,31.323917028443603,130.564308,,,1,0,0,0,0,0,0,0,0,0,211,blue,0,0,0
89,,9811970,1,20260810,,,,,,,,,,,,,,,3,31.466390028667544,130.513245,,,1,0,0,0,0,0,0,0,0,0,211,blue,0,0,0
89,,9811980,1,20260810,,,,,,,,,,,,,,,3,33.34976603151893,129.764492,,,1,,,,,,,,,,211,blue,0,0,0
89,,9812010,1,20260810,,,,,,,,,,,,,,,3,33.13956403121204,129.784069,,,1,,,,,,,,,,211,blue,0,0,0
89,,9812020,1,20260810,,,,,,,,,,,,,,,3,33.28640603142677,130.150153,,,1,,,,,,,,,,211,blue,0,0,0
89,,9812030,1,20260810,5940,852,0,,,,,6113,704,0,,,,,3,33.0852950311323,131.637799,,,0,0,0,0,0,0,0,0,0,0,211,blue,6792,6817,13609
89,,9812040,1,20260810,4153,966,0,,,,,4837,690,0,,,,,3,32.56861103036308,131.553056,,,0,0,0,0,0,0,0,0,0,0,211,blue,5119,5527,10646
89,,9812050,1,20260810,,,,,,,,,,,,,,,3,33.55027803180869,130.478333,,,1,,,,,,,,,,211,blue,0,0,0
89,,9812060,1,20260810,,,,,,,,,,,,,,,3,32.92625003089743,131.00539,,,1,,,,,,,,,,211,blue,0,0,0
89,,9812070,1,20260810,4577,627,0,,,,,5054,632,0,,,,,3,32.90000003085849,130.933611,,,0,0,0,0,0,0,0,0,0,0,211,blue,5204,5686,10890
89,,9812080,1,20260810,7289,575,0,,,,,7014,536,0,,,,,3,33.27595303141153,130.319462,,,0,0,0,0,0,0,0,0,0,0,211,blue,7864,7550,15414
89,,9812090,1,20260810,,,,,,,,,,,,,,,3,33.59653803187511,130.611685,,,1,,,,,,,,,,211,blue,0,0,0
89,,9812100,1,20260810,9257,1375,0,,,,,7960,952,0,,,,,3,33.05235003108379,130.430417,,,0,0,0,0,0,0,0,0,0,0,211,blue,10632,8912,19544
89,,9812110,1,20260810,9259,4454,0,,,,,1293,7848,0,,,,,3,33.15888903124039,129.761111,,,0,0,0,0,0,0,0,0,0,0,211,blue,13713,9141,22854
89,,9812120,1,20260810,10441,945,0,,,,,10143,1085,0,,,,,3,31.737096029090242,130.677414,,,0,0,0,0,0,0,0,0,0,0,211,blue,11386,11228,22614
89,,9812130,1,20260810,6397,766,0,,,,,7852,754,0,,,,,3,33.32114903147733,130.391671,,,0,0,0,0,0,0,0,0,0,0,211,blue,7163,8606,15769
89,,9812140,1,20260810,697,78,0,,,,,673,120,0,,,,,3,32.733917030611096,130.31245,,,0,0,0,0,0,0,0,0,0,0,211,blue,775,793,1568
89,,9812150,1,20260810,1823,163,0,,,,,2015,246,0,,,,,3,33.06265303109897,129.960344,,,0,0,0,0,0,0,0,0,0,0,211,blue,1986,2261,4247
90,,10810020,1,20260810,3651,182,0,,,,,6230,468,0,,,,,3,26.424849820394154,127.81697970000002,,,0,0,0,0,0,0,0,0,0,0,211,blue,3833,6698,10531
90,,10810030,1,20260810,2309,58,0,,,,,9623,800,0,,,,,3,26.20527802002984,127.672778,,,0,0,0,0,0,0,0,0,0,0,211,blue,2367,10423,12790
90,,10810040,1,20260810,6917,547,0,,,,,4287,526,0,,,,,3,26.206111020031226,127.665833,,,0,0,0,0,0,0,0,0,0,0,211,blue,7464,4813,12277
90,,10810050,1,20260810,2218,147,0,,,,,2574,187,0,,,,,3,26.69152402083745,128.108879,,,0,,,,,,,,,,211,blue,2365,2761,5126
90,,10810060,1,20260810,0,0,0,,,,,0,0,0,,,,,3,26.634931020743306,128.037283,,,0,,,,,,,,,,211,blue,0,0,0
90,,10810070,1,20260810,0,0,0,,,,,0,0,0,,,,,3,26.60195202068847,127.99972500000001,,,0,,,,,,,,,,211,blue,0,0,0
90,,10810080,1,20260810,4545,511,0,,,,,5199,288,0,,,,,3,26.583164020657225,127.99781300000001,,,0,,,,,,,,,,211,blue,5056,5487,10543
90,,10810090,1,20260810,3967,219,0,,,,,4153,217,0,,,,,3,26.573059020640425,127.989432,,,0,,,,,,,,,,211,blue,4186,4370,8556
90,,10810100,1,20260810,4648,358,0,,,,,4505,287,0,,,,,3,26.558695020616547,127.976575,,,0,,,,,,,,,,211,blue,5006,4792,9798
90,,10810110,1,20260810,0,0,0,,,,,0,0,0,,,,,3,26.547043020597176,127.96594700000001,,,0,,,,,,,,,,211,blue,0,0,0
90,,10810120,1,20260810,17314,2726,0,,,,,9351,1129,0,,,,,3,26.545420020594484,127.96513700000001,,,0,,,,,,,,,,211,blue,20040,10480,30520
90,,10810130,1,20260810,7296,547,0,,,,,6076,540,0,,,,,3,26.541292020587623,127.95978,,,0,,,,,,,,,,211,blue,7843,6616,14459
90,,10810140,1,20260810,7079,420,0,,,,,7331,456,0,,,,,3,26.536514020579673,127.935453,,,0,,,,,,,,,,211,blue,7499,7787,15286
90,,10810150,1,20260810,0,0,0,,,,,0,0,0,,,,,3,26.51382402054197,127.901775,,,0,,,,,,,,,,211,blue,0,0,0
90,,10810160,1,20260810,6253,80,0,,,,,6793,381,0,,,,,3,26.503684020525117,127.87991000000001,,,0,,,,,,,,,,211,blue,6333,7174,13507
90,,10810170,1,20260810,0,0,0,,,,,0,0,0,,,,,3,26.49844302051641,127.86208000000002,,,0,,,,,,,,,,211,blue,0,0,0
90,,10810180,1,20260810,5322,24,0,,,,,6685,111,0,,,,,3,26.48233402048965,127.85135699999998,,,0,,,,,,,,,,211,blue,5346,6796,12142
90,,10810190,1,20260810,0,0,0,,,,,0,0,0,,,,,3,26.44345902042506,127.805583,,,1,,,,,,,,,,211,blue,0,0,0
90,,10810200,1,20260810,,,,,,,,,,,,,,,3,26.338860020251406,127.7508,,,1,,,,,,,,,,211,blue,0,0,0
90,,10810220,1,20260810,,,,,,,,,,,,,,,3,26.26837002013446,127.73051999999998,,,1,,,,,,,,,,211,blue,0,0,0
90,,10810230,1,20260810,,,,,,,,,,,,,,,3,26.266310020131048,127.72327,,,1,,,,,,,,,,211,blue,0,0,0
90,,10810240,1,20260810,0,0,0,,,,,0,0,0,,,,,3,26.269040020135566,127.72616000000001,,,0,,,,,,,,,,211,blue,0,0,0
90,,10810260,1,20260810,12131,278,0,,,,,8982,825,0,,,,,3,26.273440020142868,127.71261000000001,,,0,,,,,,,,,,211,blue,12409,9807,22216
90,,10810270,1,20260810,0,0,0,,,,,0,0,0,,,,,3,26.451180020437896,127.89631,,,0,,,,,,,,,,211,blue,0,0,0
90,,10810280,1,20260810,3738,128,0,,,,,8283,19,0,,,,,3,26.4491400204345,127.849893,,,0,,,,,,,,,,211,blue,3866,8302,12168
90,,10810290,1,20260810,2727,237,0,,,,,3140,338,0,,,,,3,26.448972020434223,127.90855300000001,,,0,,,,,,,,,,211,blue,2964,3478,6442
90,,10810300,1,20260810,8972,518,0,,,,,6902,447,0,,,,,3,26.30711002019872,127.81338,,,0,,,,,,,,,,211,blue,9490,7349,16839
90,,10810310,1,20260810,0,0,0,,,,,0,0,0,,,,,3,26.287560020166286,127.81449,,,0,,,,,,,,,,211,blue,0,0,0
90,,10810320,1,20260810,,,,,,,,,,,,,,,3,26.22351002006007,127.76571,,,1,,,,,,,,,,211,blue,0,0,0
90,,10810330,1,20260810,1263,150,0,,,,,2493,2790,0,,,,,3,26.200760020022358,127.75174999999999,,,0,,,,,,,,,,211,blue,1413,5283,6696
90,,10810340,1,20260810,13933,359,0,,,,,12038,741,0,,,,,3,26.25841002011794,127.75767000000002,,,0,,,,,,,,,,211,blue,14292,12779,27071
90,,10810350,1,20260810,0,0,0,,,,,0,0,0,,,,,3,26.24962002010336,127.74765,,,0,,,,,,,,,,211,blue,0,0,0
90,,10810360,1,20260810,24643,2980,0,,,,,27272,966,0,,,,,3,26.25443002011134,127.73508000000001,,,0,,,,,,,,,,211,blue,27623,28238,55861
90,,10810370,1,20260810,26690,1018,0,,,,,27193,249,0,,,,,3,26.25456002011155,127.72416000000001,,,0,,,,,,,,,,211,blue,27708,27442,55150
90,,10810380,1,20260810,15853,1320,0,,,,,15915,2230,0,,,,,3,26.169530019970612,127.65168,,,0,,,,,,,,,,211,blue,17173,18145,35318
90,,10810390,1,20260810,0,0,0,,,,,0,0,0,,,,,3,26.154010019944888,127.65812,,,0,,,,,,,,,,211,blue,0,0,0
90,,10810400,1,20260810,0,0,0,,,,,0,0,0,,,,,3,26.130710019906292,127.66514,,,0,,,,,,,,,,211,blue,0,0,0
90,,10810410,1,20260810,0,0,0,,,,,0,0,0,,,,,3,26.11574001988149,127.66860000000001,,,0,,,,,,,,,,211,blue,0,0,0
90,,10810420,1,20260810,0,0,0,,,,,0,0,0,,,,,3,26.09400001984549,127.71590000000002,,,0,,,,,,,,,,211,blue,0,0,0
90,,10810430,1,20260810,0,0,0,,,,,0,0,0,,,,,3,26.128730019903006,127.75918999999999,,,0,,,,,,,,,,211,blue,0,0,0
90,,10810440,1,20260810,,,,,,,,,,,,,,,3,26.140140019921905,127.77529,,,1,,,,,,,,,,211,blue,0,0,0
90,,10810450,1,20260810,0,0,0,,,,,0,0,0,,,,,3,26.170060019971476,127.8265,,,0,,,,,,,,,,211,blue,0,0,0
90,,10810460,1,20260810,0,0,0,,,,,0,0,0,,,,,3,26.20426002002816,127.652556,,,0,,,,,,,,,,211,blue,0,0,0
90,,10810470,1,20260810,0,0,0,,,,,0,0,0,,,,,3,26.209250020036425,127.73744999999998,,,0,,,,,,,,,,211,blue,0,0,0
90,,10810480,1,20260810,0,0,0,,,,,0,0,0,,,,,3,26.18171001999079,127.73158000000001,,,0,,,,,,,,,,211,blue,0,0,0
90,,10810490,1,20260810,0,0,0,,,,,0,0,0,,,,,3,26.17543001998038,127.70638000000001,,,0,,,,,,,,,,211,blue,0,0,0
90,,10810510,1,20260810,0,0,0,,,,,0,0,0,,,,,3,26.17208001997483,127.69662,,,0,,,,,,,,,,211,blue,0,0,0
90,,10810520,1,20260810,0,0,0,,,,,0,0,0,,,,,3,26.17121001997338,127.67963999999999,,,0,,,,,,,,,,211,blue,0,0,0
82,,2110258,1,20260810,3139,167,21,0,0,0,0,2974,198,54,0,0,0,0,3,40.26361114922749,140.42944444,,,,,,,,,,,,,204,red,3327,3226,6553
