地方整備局等番号,開発建設部／都道府県コード,常時観測点コード,収集時間フラグ（5分間／1時間）,観測年月日,上り・小型交通量,上り・大型交通量,上り・車種判別不能交通量,上り・停電,上り・ループ異常,上り・超音波異常,上り・欠測,下り・小型交通量,下り・大型交通量,下り・車種判別不能交通量,下り・停電,下り・ループ異常,下り・超音波異常,下り・欠測,道路種別,lat,lng,lng2,lat2,カメラプリセット位置,気象影響による映像不良,照度不足,突発事象（交通事故等）,サーバの稼働,カメラの映像受信,映像のデコード処理,デコード映像から映像解析機能への取込加工処理の失敗,映像解析機能のフリーズ,その他エラー,count,color,上り・交通量,下り・交通量,交通量
81,02,1110010,1,20261003,9991,1731,0,0,0,0,0,7629,1391,0,0,0,0,0,3,41.93108757020422,140.6421045,,,,,,,,,,,,,230,red,11722,9020,20742
81,02,1110020,1,20261003,3827,757,0,0,0,0,0,3177,619,0,0,0,0,0,3,42.1540981903046,140.4840606,,,,,,,,,,,,,230,red,4584,3796,8380
81,03,1110030,1,20261003,860,132,0,0,0,0,0,674,131,0,0,0,0,0,3,42.672714040509845,140.377502,,,,,,,,,,,,,230,red,992,805,1797
81,03,1110050,1,20261003,3901,481,0,0,0,0,0,4500,613,0,0,0,0,0,3,43.121255040655214,140.735792,,,,,,,,,,,,,230,red,4382,5113,9495
81,03,1110060,1,20261003,5765,437,0,0,0,0,0,5666,583,0,0,0,0,0,3,43.19868804067728,140.862496,,,,,,,,,,,,,230,red,6202,6249,12451
81,03,1110080,1,20261003,11345,755,0,0,0,0,0,11626,859,0,0,0,0,0,3,43.153022040664396,141.118728,,,,,,,,,,,,,230,red,12100,12485,24585
81,01,1110090,1,20261003,12144,606,0,0,0,0,0,10404,438,0,0,0,0,0,3,43.08364407064419,141.3496424,,,,,,,,,,,,,230,red,12750,10842,23592
81,02,1110100,1,20261003,7302,626,168,0,0,171,0,9194,846,0,0,0,0,0,3,41.855509180168546,140.7378302,,,,,,,,,,,,,230,red,8096,10040,18136
81,02,1110110,1,20261003,7338,653,8,0,0,0,0,5277,682,7,0,0,0,0,3,41.91094404019478,140.69325,,,,,,,,,,,,,230,red,7999,5966,13965
81,03,1110120,1,20261003,401,43,7,0,0,0,0,370,43,6,0,0,0,0,3,42.65674504050413,140.412444,,,,,,,,,,,,,230,red,451,419,870
81,01,1110130,1,20261003,8727,387,0,0,0,0,0,8598,410,0,0,0,0,0,3,43.18473404067338,141.721783,,,,,,,,,,,,,230,red,9114,9008,18122
81,01,1110140,1,20261003,4420,458,0,0,0,0,0,4063,461,0,0,0,0,0,3,43.351557040718205,141.866096,,,,,,,,,,,,,230,red,4878,4524,9402
81,04,1110150,1,20261003,7160,849,0,0,0,0,0,7584,1042,0,0,0,0,0,3,43.72678204080376,142.211538,,,,,,,,,,,,,230,red,8009,8626,16635
81,04,1110160,1,20261003,5942,487,1997,0,0,0,0,9102,979,234,0,0,0,0,3,43.798283040817644,142.333692,,,,,,,,,,,,,230,red,8426,10315,18741
81,01,1110170,1,20261003,0,0,0,0,0,230,0,0,0,0,0,0,230,0,3,42.95409804060455,141.495931,,,,,,,,,,,,,230,red,0,0,0
81,05,1110180,1,20261003,9905,1110,0,0,0,0,0,9946,1134,0,0,0,0,0,3,42.619514790490626,141.5539538,,,,,,,,,,,,,230,red,11015,11080,22095
81,05,1110190,1,20261003,8002,540,81,0,0,0,0,8426,515,51,0,0,0,0,3,42.38500765040089,141.0774629,,,,,,,,,,,,,230,red,8623,8992,17615
81,05,1110200,1,20261003,0,0,0,0,0,230,0,1779,362,0,0,0,0,0,3,42.60033645048358,140.6268309,,,,,,,,,,,,,230,red,0,2141,2141
81,01,1110220,1,20261003,2374,286,0,0,0,0,0,2514,260,0,0,0,0,0,3,43.53094035076174,142.1739006,,,,,,,,,,,,,230,red,2660,2774,5434
81,04,1110230,1,20261003,2803,221,0,0,0,0,0,3161,248,0,0,0,0,0,3,43.34513804071655,142.377435,,,,,,,,,,,,,230,red,3024,3409,6433
81,04,1110240,1,20261003,0,0,1499,0,0,230,0,0,0,1434,0,0,230,0,3,43.16138604066678,142.575567,,,,,,,,,,,,,230,red,1499,1434,2933
81,07,1110250,1,20261003,,,,0,0,0,230,,,,0,0,0,230,3,42.96760298060881,142.8955221,,,,,,,,,,,,,230,red,0,0,0
81,07,1110260,1,20261003,4633,300,78,0,0,0,0,4777,279,59,0,0,0,0,3,42.91673291059265,143.2700872,,,,,,,,,,,,,230,red,5011,5115,10126
81,07,1110270,1,20261003,858,163,0,0,0,0,0,993,195,0,0,0,0,0,3,42.832729040565155,143.765979,,,,,,,,,,,,,230,red,1021,1188,2209
81,06,1110280,1,20261003,3211,423,0,0,0,0,0,3566,519,0,0,0,0,0,3,43.002010860619514,144.2464972,,,,,,,,,,,,,230,red,3634,4085,7719
81,06,1110281,1,20261003,4535,703,0,0,0,0,0,5487,599,0,0,0,0,0,3,43.03483108062955,144.3754256,,,,,,,,,,,,,230,red,5238,6086,11324
81,06,1110282,1,20261003,2896,598,0,0,0,0,0,3119,536,0,0,0,0,0,3,43.01628558062389,144.4224501,,,,,,,,,,,,,230,red,3494,3655,7149
81,06,1110283,1,20261003,2026,466,0,0,0,0,0,2023,280,0,0,0,0,0,3,43.00268904061971,144.473627,,,,,,,,,,,,,230,red,2492,2303,4795
81,04,1110290,1,20261003,4239,348,0,0,0,0,0,4027,271,0,0,0,0,0,3,43.818868040821506,142.447347,,,,,,,,,,,,,230,red,4587,4298,8885
81,04,1110300,1,20261003,992,200,17,0,0,0,0,0,0,1338,0,0,230,0,3,43.84894404082702,142.744489,,,,,,,,,,,,,230,red,1209,1338,2547
81,04,1110310,1,20261003,1643,263,12,0,0,0,0,0,0,2025,0,0,230,0,3,43.781848040814516,142.90227300000004,,,,,,,,,,,,,230,red,1918,2025,3943
81,08,1110320,1,20261003,913,303,0,0,230,0,0,1033,353,0,0,230,0,0,3,43.750539740808456,143.4918536,,,,,,,,,,,,,230,red,1216,1386,2602
81,08,1110330,1,20261003,3706,226,85,0,0,0,0,4177,308,0,0,230,0,0,3,43.79818204081763,143.833134,,,,,,,,,,,,,230,red,4017,4485,8502
81,08,1110331,1,20261003,1437,381,0,0,0,0,0,1404,243,0,0,0,0,0,3,43.7822242308146,143.8981667,,,,,,,,,,,,,230,red,1818,1647,3465
81,08,1110332,1,20261003,1154,323,0,0,0,0,0,1098,226,0,0,0,0,0,3,43.80292804081852,143.926029,,,,,,,,,,,,,230,red,1477,1324,2801
81,08,1110340,1,20261003,,,,0,0,0,230,,,,0,0,0,230,3,43.85309704082778,144.102175,,,,,,,,,,,,,230,red,0,0,0
81,08,1110350,1,20261003,1955,181,0,0,0,0,6,1848,152,0,0,0,0,6,3,43.87040004083089,144.150466,,,,,,,,,,,,,230,red,2136,2000,4136
81,04,1110360,1,20261003,,,,0,0,0,230,,,,0,0,0,230,3,43.819632040821645,142.40886,,,,,,,,,,,,,230,red,0,0,0
81,04,1110370,1,20261003,2409,309,143,0,0,0,0,2781,224,1,0,0,0,0,3,43.9375450408425,142.46586,,,,,,,,,,,,,230,red,2861,3006,5867
81,04,1110380,1,20261003,,,,0,0,0,230,,,,0,0,0,230,3,44.49438804091256,142.340371,,,,,,,,,,,,,230,red,0,0,0
81,04,1110390,1,20261003,512,128,0,0,0,0,0,544,96,0,0,0,0,0,3,44.82270404093181,142.065768,,,,,,,,,,,,,230,red,640,640,1280
81,04,1110400,1,20261003,1449,233,6,0,0,0,1,1251,90,19,0,0,0,1,3,44.331686040896926,142.446612,,,,,,,,,,,,,230,red,1688,1360,3048
81,04,1110410,1,20261003,2139,239,65,0,0,0,0,2047,144,21,0,0,0,0,3,44.4124520409052,142.40433,,,,,,,,,,,,,230,red,2443,2212,4655
81,04,1110420,1,20261003,1927,329,45,0,0,0,0,,,,0,0,0,230,3,44.436504040907465,142.370834,,,,,,,,,,,,,230,red,2301,0,2301
81,04,1110430,1,20261003,1568,251,34,0,0,0,0,1527,128,5,0,0,0,0,3,44.46719604091022,142.373557,,,,,,,,,,,,,230,red,1853,1660,3513
81,04,1110431,1,20261003,1303,242,0,0,0,0,0,1256,112,0,0,0,0,0,3,44.49400304091251,142.349754,,,,,,,,,,,,,230,red,1545,1368,2913
81,10,1110440,1,20261003,493,102,135,0,176,45,54,454,33,282,0,0,110,54,3,45.01690604093549,141.836757,,,,,,,,,,,,,230,red,730,769,1499
81,10,1110460,1,20261003,17,0,11,0,0,7,221,18,9,0,0,9,0,221,3,45.20892604093353,141.770096,,,,,,,,,,,,,230,red,28,27,55
81,06,1110470,1,20261003,2932,112,18,0,0,0,0,2945,102,20,0,0,0,0,3,42.99479183061728,144.4493526,,,,,,,,,,,,,230,red,3062,3067,6129
81,06,1110480,1,20261003,1348,177,6,0,0,0,0,1476,119,8,0,0,0,0,3,43.13343702065876,145.0159693,,,,,,,,,,,,,230,red,1531,1603,3134
81,02,1110490,1,20261003,1937,238,0,0,0,0,0,1804,280,0,0,0,0,0,3,41.89734796018839,140.6338191,,,,,,,,,,,,,230,red,2175,2084,4259
81,02,1110500,1,20261003,1199,116,0,0,230,0,0,1336,71,42,0,0,0,0,3,41.480587619979374,140.2558047,,,,,,,,,,,,,230,red,1315,1449,2764
81,02,1110510,1,20261003,5331,370,100,0,0,0,0,6022,382,20,0,0,0,0,3,41.83901009016065,140.7069415,,,,,,,,,,,,,230,red,5801,6424,12225
81,02,1110520,1,20261003,3456,268,0,0,230,0,0,3331,384,0,0,230,0,0,3,41.83229743015742,140.67026760000002,,,,,,,,,,,,,230,red,3724,3715,7439
81,02,1110530,1,20261003,2759,136,32,0,0,0,0,2439,79,79,0,0,0,0,3,41.82065939015182,140.6236414,,,,,,,,,,,,,230,red,2927,2597,5524
81,03,1110540,1,20261003,177,15,0,0,0,0,0,0,0,3,0,0,152,0,3,43.24834804069096,140.33431600000003,,,,,,,,,,,,,230,red,192,3,195
81,03,1110550,1,20261003,0,0,0,0,0,230,0,1175,211,0,0,0,0,0,3,42.96644104060844,140.471476,,,,,,,,,,,,,230,red,0,1386,1386
81,03,1110560,1,20261003,135,22,0,0,0,0,0,160,23,0,0,0,0,0,3,42.69059604051622,139.972281,,,,,,,,,,,,,230,red,157,183,340
81,02,1110570,1,20261003,618,40,0,0,0,0,0,594,50,0,0,0,0,0,3,42.068390450266875,140.0715584,,,,,,,,,,,,,230,red,658,644,1302
81,01,1110600,1,20261003,5916,960,0,0,0,0,0,4054,854,0,0,0,0,0,3,43.1876802706742,141.3248983,,,,,,,,,,,,,230,red,6876,4908,11784
81,01,1110610,1,20261003,1400,113,0,0,0,0,0,0,0,0,0,0,230,0,3,43.377555040724815,141.428392,,,,,,,,,,,,,230,red,1513,0,1513
81,09,1110620,1,20261003,1700,80,0,0,0,0,0,1728,96,0,0,0,0,0,3,43.89116004083455,141.602442,,,,,,,,,,,,,230,red,1780,1824,3604
81,09,1110630,1,20261003,827,84,0,0,0,0,0,671,110,1,0,0,0,0,3,44.71198204092715,141.790418,,,,,,,,,,,,,230,red,911,782,1693
81,09,1110640,1,20261003,2080,335,0,0,0,0,0,1887,428,0,0,0,0,0,3,43.99996504085269,141.656227,,,,,,,,,,,,,230,red,2415,2315,4730
81,01,1110650,1,20261003,960,107,0,0,0,0,0,1016,87,0,0,0,0,0,3,43.76598569081147,141.953873,,,,,,,,,,,,,230,red,1067,1103,2170
81,09,1110660,1,20261003,880,96,0,0,0,0,0,1074,97,0,0,0,0,0,3,43.919969040839526,141.687135,,,,,,,,,,,,,230,red,976,1171,2147
81,01,1110670,1,20261003,1003,89,3,0,0,0,0,832,78,2,0,0,0,0,3,43.719328040802246,141.995229,,,,,,,,,,,,,230,red,1095,912,2007
81,01,1110680,1,20261003,1451,177,42,0,0,0,0,1485,122,6,0,0,0,0,3,43.80247704081843,141.939455,,,,,,,,,,,,,230,red,1670,1613,3283
81,01,1110690,1,20261003,1740,162,1,0,0,0,0,1728,155,7,0,0,0,0,3,43.804048040818735,141.856355,,,,,,,,,,,,,230,red,1903,1890,3793
81,09,1110700,1,20261003,1492,1126,0,0,230,83,0,2230,220,5,0,0,0,0,3,43.84518804082634,141.778679,,,,,,,,,,,,,230,red,2618,2455,5073
81,09,1110701,1,20261003,2161,246,0,0,0,0,0,2242,234,0,0,0,0,0,3,43.87822704083228,141.723595,,,,,,,,,,,,,230,red,2407,2476,4883
81,09,1110702,1,20261003,1723,247,0,0,0,0,0,1792,195,0,0,0,0,0,3,43.928072040840895,141.68278,,,,,,,,,,,,,230,red,1970,1987,3957
81,01,1110710,1,20261003,1483,115,0,0,0,230,0,3162,356,0,0,0,0,0,3,43.11269117065273,141.74737440000004,,,,,,,,,,,,,230,red,1598,3518,5116
81,05,1110720,1,20261003,2211,430,68,0,0,0,0,2089,648,41,0,0,0,0,3,42.81091575055783,141.8315435,,,,,,,,,,,,,230,red,2709,2778,5487
81,05,1110730,1,20261003,2097,365,6,0,0,0,0,1920,266,17,0,0,0,0,3,42.57481157047414,141.9503395,,,,,,,,,,,,,230,red,2468,2203,4671
81,05,1110740,1,20261003,2055,244,0,0,0,0,0,2279,185,0,0,0,0,0,3,42.18634909031852,142.7152599,,,,,,,,,,,,,230,red,2299,2464,4763
81,05,1110750,1,20261003,0,0,0,0,0,230,0,1469,0,0,0,0,0,0,3,42.67572651051092,141.724241,,,,,,,,,,,,,230,red,0,1469,1469
81,05,1110760,1,20261003,4749,831,0,0,0,0,0,4783,691,0,0,0,0,0,3,42.65945501050509,141.8200069,,,,,,,,,,,,,230,red,5580,5474,11054
81,05,1110770,1,20261003,4357,774,0,0,0,0,0,4358,524,0,0,0,0,0,3,42.5992918904832,141.8930837,,,,,,,,,,,,,230,red,5131,4882,10013
81,07,1110780,1,20261003,1654,195,2,0,0,0,0,1766,171,5,0,0,0,0,3,42.47939292043798,143.273263,,,,,,,,,,,,,230,red,1851,1942,3793
81,05,1110790,1,20261003,319,60,0,0,0,0,0,369,63,0,0,0,0,0,3,42.23567851033952,142.9927157,,,,,,,,,,,,,230,red,379,432,811
81,07,1110800,1,20261003,1105,215,38,0,0,0,1,1345,229,3,0,0,0,1,3,42.944556830601535,143.1061614,,,,,,,,,,,,,230,red,1358,1577,2935
81,07,1110810,1,20261003,828,344,27,0,0,0,1,811,238,16,0,0,0,1,3,42.8783228205802,143.1246418,,,,,,,,,,,,,230,red,1199,1065,2264
81,07,1110820,1,20261003,2813,391,0,0,0,0,0,2608,263,0,0,0,0,0,3,42.772632730544835,143.175416,,,,,,,,,,,,,230,red,3204,2871,6075
81,07,1110830,1,20261003,2543,277,56,0,0,0,0,2406,170,66,0,0,0,0,3,42.722047130527294,143.168571,,,,,,,,,,,,,230,red,2876,2642,5518
81,07,1110831,1,20261003,1924,248,0,0,0,0,0,1870,155,0,0,0,0,0,3,42.67773204051164,143.145688,,,,,,,,,,,,,230,red,2172,2025,4197
81,07,1110832,1,20261003,1591,171,0,0,0,0,0,1631,124,0,0,0,0,0,3,42.637427040497144,143.190237,,,,,,,,,,,,,230,red,1762,1755,3517
81,07,1110833,1,20261003,1271,138,0,0,0,0,0,1222,91,0,0,0,0,0,3,42.550911040465216,143.288527,,,,,,,,,,,,,230,red,1409,1313,2722
81,04,1110840,1,20261003,4020,292,0,0,0,0,0,3618,225,0,0,0,0,0,3,43.67766304079377,142.395871,,,,,,,,,,,,,230,red,4312,3843,8155
81,04,1110850,1,20261003,574,95,0,0,0,0,0,559,137,0,0,0,0,0,3,43.142849040661474,142.416499,,,,,,,,,,,,,230,red,669,696,1365
81,05,1110860,1,20261003,3622,741,0,0,0,0,0,3407,474,0,0,0,0,0,3,42.56014623046868,141.984126,,,,,,,,,,,,,230,red,4363,3881,8244
81,05,1110861,1,20261003,2499,381,0,0,0,0,0,2679,332,0,0,0,0,0,3,42.511718620450374,142.0646378,,,,,,,,,,,,,230,red,2880,3011,5891
81,05,1110862,1,20261003,2253,258,0,0,0,0,0,2289,226,0,0,0,0,0,3,42.476880240437005,142.1551718,,,,,,,,,,,,,230,red,2511,2515,5026
81,08,1110870,1,20261003,1085,287,0,0,230,0,0,1072,187,0,0,230,0,0,3,44.122097850870915,144.0483972,,,,,,,,,,,,,230,red,1372,1259,2631
81,08,1110881,1,20261003,1526,242,0,0,0,0,0,1580,171,0,0,0,0,0,3,44.24722204088725,143.491111,,,,,,,,,,,,,230,red,1768,1751,3519
81,08,1110890,1,20261003,1221,170,0,0,230,0,0,1272,127,0,0,230,0,0,3,44.571011040918506,142.9747586,,,,,,,,,,,,,230,red,1391,1399,2790
81,10,1110900,1,20261003,,,,0,0,0,230,,,,0,0,0,230,3,45.401916040925876,141.74393,,,,,,,,,,,,,230,red,0,0,0
81,04,1110910,1,20261003,1288,139,0,0,0,0,0,0,0,0,0,0,230,0,3,44.33124604089689,142.51453,,,,,,,,,,,,,230,red,1427,0,1427
81,04,1110920,1,20261003,,,,0,0,0,230,,,,0,0,0,230,3,44.17901104087865,142.27833,,,,,,,,,,,,,230,red,0,0,0
81,06,1110930,1,20261003,2049,368,0,0,0,0,0,1877,228,0,0,0,0,0,3,43.094167250647295,144.1218925,,,,,,,,,,,,,230,red,2417,2105,4522
81,08,1110941,1,20261003,1168,410,0,0,230,0,0,1529,277,0,0,230,0,0,3,43.69889304079811,144.026451,,,,,,,,,,,,,230,red,1578,1806,3384
81,07,1110950,1,20261003,2334,212,28,0,0,0,0,2332,372,24,0,0,0,0,3,43.204237410678836,143.2746363,,,,,,,,,,,,,230,red,2574,2728,5302
81,07,1110960,1,20261003,1182,243,0,0,0,0,0,978,298,0,0,0,0,0,3,43.458400040744706,143.740097,,,,,,,,,,,,,230,red,1425,1276,2701
81,07,1110970,1,20261003,1934,358,0,0,0,0,0,1847,441,0,0,0,0,0,3,43.110542040652106,143.580506,,,,,,,,,,,,,230,red,2292,2288,4580
81,06,1110980,1,20261003,1083,180,0,0,0,0,0,1101,174,0,0,0,0,0,3,43.55969036076827,144.3196517,,,,,,,,,,,,,230,red,1263,1275,2538
81,06,1110990,1,20261003,1158,144,8,0,0,0,0,1142,152,3,0,0,0,0,3,43.46525075074637,144.6738938,,,,,,,,,,,,,230,red,1310,1297,2607
81,06,1111000,1,20261003,824,103,0,0,0,0,0,899,84,0,0,0,0,0,3,43.3767268407246,145.1354671,,,,,,,,,,,,,230,red,927,983,1910
81,08,1111010,1,20261003,3200,277,0,0,230,0,0,3154,247,0,0,230,0,0,3,43.98185858084978,144.2978521,,,,,,,,,,,,,230,red,3477,3401,6878
81,06,1111020,1,20261003,678,38,7,0,0,0,0,762,33,12,0,0,0,0,3,43.58981766077498,145.2084661,,,,,,,,,,,,,230,red,723,807,1530
81,06,1111030,1,20261003,1633,331,0,0,0,0,0,1641,205,0,0,0,0,0,3,43.02214121062568,144.5287192,,,,,,,,,,,,,230,red,1964,1846,3810
81,06,1111040,1,20261003,0,0,5530,0,0,230,0,5013,571,0,0,230,0,0,3,43.53929381076365,144.9801323,,,,,,,,,,,,,230,red,5530,5584,11114
81,08,1111050,1,20261003,877,201,0,0,230,0,0,972,126,31,0,0,0,0,3,44.25159504088778,143.262315,,,,,,,,,,,,,230,red,1078,1129,2207
81,01,1111060,1,20261003,1249,235,0,0,0,0,0,1386,189,0,0,0,0,0,3,42.938085080599464,142.0403856,,,,,,,,,,,,,230,red,1484,1575,3059
81,07,1111080,1,20261003,860,459,0,0,0,0,0,1005,389,0,0,0,0,0,3,42.97320004061056,142.816438,,,,,,,,,,,,,230,red,1319,1394,2713
81,01,1111090,1,20261003,6918,946,0,0,0,0,0,6626,831,0,0,0,0,0,3,43.12130790065524,141.4830387,,,,,,,,,,,,,230,red,7864,7457,15321
81,01,1111100,1,20261003,3414,579,0,0,0,0,0,3304,534,0,0,0,0,0,3,43.43463367073897,141.8216186,,,,,,,,,,,,,230,red,3993,3838,7831
81,01,1111110,1,20261003,1839,293,0,0,0,0,0,1672,278,0,0,0,0,0,3,43.57168557077097,141.8750113,,,,,,,,,,,,,230,red,2132,1950,4082
81,02,1111130,1,20261003,5826,425,47,0,230,0,0,6396,279,86,0,0,0,0,3,41.77319404012875,140.796333,,,,,,,,,,,,,230,red,6298,6761,13059
81,02,1111140,1,20261003,469,45,0,0,0,0,0,417,101,0,0,0,0,0,3,42.03841781025344,140.8062566,,,,,,,,,,,,,230,red,514,518,1032
81,02,1111145,1,20261003,8928,716,0,0,0,0,0,10439,748,0,0,0,0,0,3,41.84000143016112,140.7552781,,,,,,,,,,,,,230,red,9644,11187,20831
81,08,1111150,1,20261003,476,53,0,0,230,0,0,508,56,0,0,230,0,0,3,44.010611040854364,143.413281,,,,,,,,,,,,,230,red,529,564,1093
81,08,1111160,1,20261003,2577,172,21,0,0,0,0,2786,223,133,0,0,0,0,3,43.962452040846635,143.715644,,,,,,,,,,,,,230,red,2770,3142,5912
81,01,1111180,1,20261003,0,0,5051,0,96,230,0,0,0,0,0,230,230,0,3,42.815960640559524,141.6810393,,,,,,,,,,,,,230,red,5051,0,5051
81,01,1111190,1,20261003,0,0,4544,0,0,230,0,224,15,4828,0,0,230,0,3,42.83070733056448,141.6903091,,,,,,,,,,,,,230,red,4544,5067,9611
81,01,1111200,1,20261003,3343,767,125,0,0,0,0,3903,901,32,0,230,0,0,3,42.860948090574496,141.7104933,,,,,,,,,,,,,230,red,4235,4836,9071
81,01,1111210,1,20261003,2210,731,0,0,0,0,0,0,0,0,0,0,230,0,3,43.18556004067363,141.554044,,,,,,,,,,,,,230,red,2941,0,2941
81,06,1111220,1,20261003,909,143,0,0,0,0,0,926,98,0,0,0,0,0,3,43.37269109072359,144.5593071,,,,,,,,,,,,,230,red,1052,1024,2076
81,08,1111230,1,20261003,377,68,3,0,0,0,0,396,70,8,0,0,0,0,3,43.81126104082009,144.489672,,,,,,,,,,,,,230,red,448,474,922
81,06,1111240,1,20261003,230,19,1,0,0,0,0,181,22,1,0,0,0,0,3,42.99604737061767,144.0391088,,,,,,,,,,,,,230,red,250,204,454
81,03,1111250,1,20261003,1438,197,0,0,0,0,0,994,107,0,0,0,0,0,3,43.089578040645954,140.955582,,,,,,,,,,,,,230,red,1635,1101,2736
81,04,1111260,1,20261003,1385,163,21,0,0,0,1,1364,131,7,0,0,0,1,3,43.92330404084009,142.480139,,,,,,,,,,,,,230,red,1569,1502,3071
81,04,1111270,1,20261003,0,0,1493,0,0,0,6,0,0,1257,0,0,0,6,3,43.90347904083668,142.548538,,,,,,,,,,,,,230,red,1493,1257,2750
81,04,1111280,1,20261003,3400,471,13,0,0,0,13,3330,289,16,0,0,0,13,3,43.88962304083429,142.598335,,,,,,,,,,,,,230,red,3884,3635,7519
81,04,1111290,1,20261003,2810,457,15,0,0,0,45,2925,232,52,0,0,0,45,3,43.840859040825556,142.737691,,,,,,,,,,,,,230,red,3282,3209,6491
81,04,1111300,1,20261003,1508,249,12,0,0,0,75,1494,152,16,0,0,0,75,3,43.843162040825966,142.799904,,,,,,,,,,,,,230,red,1769,1662,3431
81,04,1111310,1,20261003,,,,0,0,0,230,,,,0,0,0,230,3,43.885885060833616,142.99375530000003,,,,,,,,,,,,,230,red,0,0,0
81,08,1111320,1,20261003,,,,0,0,0,230,,,,0,0,0,230,3,43.942327040843296,143.272964,,,,,,,,,,,,,230,red,0,0,0
81,08,1111321,1,20261003,1371,261,0,0,0,0,4,1631,198,0,0,0,0,4,3,44.005186040853516,143.417614,,,,,,,,,,,,,230,red,1632,1829,3461
81,08,1111322,1,20261003,1402,237,0,0,0,0,0,1583,200,0,0,0,0,0,3,44.010190040854305,143.450296,,,,,,,,,,,,,230,red,1639,1783,3422
81,01,1111330,1,20261003,3917,239,0,0,0,0,0,3197,206,0,0,0,0,0,3,42.93896478059976,141.3440037,,,,,,,,,,,,,230,red,4156,3403,7559
81,05,1111340,1,20261003,1807,236,0,0,0,0,0,2123,220,0,0,0,0,0,3,42.559147540468295,140.8961254,,,,,,,,,,,,,230,red,2043,2343,4386
81,01,1111350,1,20261003,2938,763,0,0,0,0,0,3516,814,0,0,0,0,0,3,42.88313893058179,141.7190833,,,,,,,,,,,,,230,red,3701,4330,8031
81,01,1111360,1,20261003,2530,725,0,0,0,0,0,3205,774,0,0,0,0,0,3,42.91387104059173,141.717002,,,,,,,,,,,,,230,red,3255,3979,7234
81,01,1111370,1,20261003,1166,318,0,0,0,0,0,1283,413,0,0,0,0,0,3,43.05425404063542,141.635599,,,,,,,,,,,,,230,red,1484,1696,3180
81,02,1111380,1,20261003,7226,568,0,0,0,0,0,7522,547,0,0,0,0,0,3,41.822662040152785,140.7753,,,,,,,,,,,,,230,red,7794,8069,15863
81,02,1111390,1,20261003,3756,400,0,0,0,0,0,3675,395,0,0,0,0,0,3,41.80204204014281,140.800817,,,,,,,,,,,,,230,red,4156,4070,8226
81,02,1111400,1,20261003,2078,172,0,0,0,0,0,1941,94,0,0,0,0,0,3,41.75457904011961,140.573825,,,,,,,,,,,,,230,red,2250,2035,4285
81,04,1111410,1,20261003,448,93,0,0,0,0,0,320,73,0,0,0,0,0,3,43.35314804071861,142.36145400000004,,,,,,,,,,,,,230,red,541,393,934
81,04,1111420,1,20261003,941,127,0,0,0,0,0,709,101,0,0,0,0,0,3,43.3038010407058,142.381627,,,,,,,,,,,,,230,red,1068,810,1878
81,06,1111500,1,20261003,1171,133,0,0,0,0,0,1590,107,0,0,0,0,0,3,43.29111104070245,145.517778,,,,,,,,,,,,,230,red,1304,1697,3001
81,03,1111600,1,20261003,1296,202,0,0,0,0,0,1783,320,0,0,0,0,0,3,43.162210040667006,140.797074,,,,,,,,,,,,,230,red,1498,2103,3601
81,06,1160010,1,20261003,1884,449,77,0,0,0,0,2095,476,68,0,0,0,0,1,43.12053262065503,143.6537933,,,,,,,,,,,,,230,red,2410,2639,5049
81,06,1160020,1,20261003,2077,524,0,0,0,0,0,2297,574,0,0,0,0,0,1,43.12244095065557,143.6787104,,,,,,,,,,,,,230,red,2601,2871,5472
81,06,1160030,1,20261003,2008,533,0,0,0,0,0,2359,557,0,0,0,0,0,1,43.081215390643465,143.9874923,,,,,,,,,,,,,230,red,2541,2916,5457
81,06,1160040,1,20261003,1987,510,0,0,0,0,0,2418,534,0,0,0,0,0,1,43.08452217064445,144.1232336,,,,,,,,,,,,,230,red,2497,2952,5449
81,06,1160050,1,20261003,2630,468,0,0,0,0,0,3320,571,0,0,0,0,0,1,43.09138904064647,144.173494,,,,,,,,,,,,,230,red,3098,3891,6989
81,06,1160060,1,20261003,2992,470,0,0,0,0,0,3907,591,0,0,0,0,0,1,43.04670304063314,144.303761,,,,,,,,,,,,,230,red,3462,4498,7960
81,08,1160120,1,20261003,591,86,0,0,0,0,0,659,81,0,0,0,0,0,1,43.69663004079766,143.731065,,,,,,,,,,,,,230,red,677,740,1417
81,08,1160130,1,20261003,946,130,0,0,0,0,2,1047,107,0,0,0,0,2,1,43.7375680408059,143.819828,,,,,,,,,,,,,230,red,1076,1154,2230
81,02,1310010,1,20261003,2231,113,0,0,0,0,0,2477,147,0,0,0,0,0,3,41.9090560401939,140.682556,,,,,,,,,,,,,230,red,2344,2624,4968
81,02,1310020,1,20261003,5324,788,0,0,0,0,0,4572,653,0,0,0,0,0,3,42.0164720402435,140.622028,,,,,,,,,,,,,230,red,6112,5225,11337
81,02,1310030,1,20261003,3285,642,0,0,0,0,0,2550,602,0,0,0,0,0,3,42.44355604042405,140.326972,,,,,,,,,,,,,230,red,3927,3152,7079
81,03,1310040,1,20261003,3071,440,0,0,0,0,0,3384,549,0,0,0,0,0,3,43.005875040620694,140.666614,,,,,,,,,,,,,230,red,3511,3933,7444
81,01,1310050,1,20261003,3977,146,0,0,0,230,0,4427,160,0,0,0,230,0,3,43.13178497065829,141.1990678,,,,,,,,,,,,,230,red,4123,4587,8710
81,01,1310060,1,20261003,11527,968,0,0,0,0,0,11440,1102,0,0,0,0,0,3,43.06547437063878,141.3767481,,,,,,,,,,,,,230,red,12495,12542,25037
81,01,1310070,1,20261003,11178,683,0,0,0,0,0,11813,712,0,0,0,0,0,3,43.048510140633695,141.4108604,,,,,,,,,,,,,230,red,11861,12525,24386
81,01,1310080,1,20261003,13327,539,0,0,0,0,0,12690,573,0,0,0,0,0,3,43.057749330636454,141.4844763,,,,,,,,,,,,,230,red,13866,13263,27129
81,01,1310090,1,20261003,0,0,0,0,0,230,0,6322,0,0,0,0,0,0,3,43.294945650703454,141.8492997,,,,,,,,,,,,,230,red,0,6322,6322
81,01,1310100,1,20261003,8101,629,0,0,0,0,0,7912,563,0,0,0,0,0,3,43.53544778076278,141.9200456,,,,,,,,,,,,,230,red,8730,8475,17205
81,01,1310110,1,20261003,4635,636,0,0,0,0,0,4314,637,0,0,0,0,0,3,43.66238455079058,141.9957268,,,,,,,,,,,,,230,red,5271,4951,10222
81,01,1310120,1,20261003,0,0,0,0,0,230,0,12590,853,0,0,0,0,0,3,43.0094644106218,141.4241588,,,,,,,,,,,,,230,red,0,13443,13443
81,01,1310130,1,20261003,8349,695,0,0,0,230,0,9220,828,0,0,0,230,0,3,42.85324004057195,141.609931,,,,,,,,,,,,,230,red,9044,10048,19092
81,01,1310140,1,20261003,10929,1670,0,0,0,0,0,10192,1700,0,0,0,0,0,3,42.79203104055144,141.693651,,,,,,,,,,,,,230,red,12599,11892,24491
81,05,1310150,1,20261003,5164,497,0,0,0,0,0,5528,475,0,0,0,0,0,3,42.483348820439495,141.2489566,,,,,,,,,,,,,230,red,5661,6003,11664
81,05,1310160,1,20261003,7181,610,0,0,0,0,0,7015,428,0,0,0,0,0,3,42.362402460391806,140.964739,,,,,,,,,,,,,230,red,7791,7443,15234
81,05,1310170,1,20261003,3222,256,0,0,230,0,0,3346,94,34,0,0,0,0,3,42.363565450392265,140.9519019,,,,,,,,,,,,,230,red,3478,3474,6952
81,04,1310180,1,20261003,,,,0,0,0,230,,,,0,0,0,230,3,43.22376604068423,142.378762,,,,,,,,,,,,,230,red,0,0,0
81,06,1310200,1,20261003,1250,216,0,0,0,0,0,1468,263,0,0,0,0,0,3,42.89183628058462,143.9445233,,,,,,,,,,,,,230,red,1466,1731,3197
81,06,1310210,1,20261003,3450,343,34,0,0,0,0,3197,514,0,0,230,0,0,3,43.009797840621914,144.2786998,,,,,,,,,,,,,230,red,3827,3711,7538
81,06,1310220,1,20261003,2551,393,0,0,0,0,0,3587,517,0,0,0,0,0,3,43.02229809062573,144.2728472,,,,,,,,,,,,,230,red,2944,4104,7048
81,08,1310230,1,20261003,2004,491,0,0,230,0,0,2144,499,0,0,230,0,0,3,43.85893419082885,144.0808788,,,,,,,,,,,,,230,red,2495,2643,5138
81,08,1310240,1,20261003,1946,167,0,0,230,0,0,1994,204,0,0,230,0,0,3,44.01132969085448,144.2315868,,,,,,,,,,,,,230,red,2113,2198,4311
81,04,1310250,1,20261003,3502,379,106,0,0,0,0,3569,224,98,0,0,0,0,3,44.16725904087709,142.395004,,,,,,,,,,,,,230,red,3987,3891,7878
81,04,1310260,1,20261003,2855,359,16,0,0,0,0,2935,222,2,0,0,0,0,3,44.19030204088012,142.392098,,,,,,,,,,,,,230,red,3230,3159,6389
81,09,1310270,1,20261003,506,104,0,0,0,0,0,543,82,0,0,0,0,0,3,44.89849804093394,141.930734,,,,,,,,,,,,,230,red,610,625,1235
81,10,1310280,1,20261003,145,26,0,0,0,0,0,147,28,0,0,0,0,0,3,45.0919210409354,141.772244,,,,,,,,,,,,,230,red,171,175,346
81,10,1310290,1,20261003,,,,0,0,0,230,,,,0,0,0,230,3,45.3643680409278,141.728937,,,,,,,,,,,,,230,red,0,0,0
81,06,1310300,1,20261003,2588,286,7,0,0,0,0,0,0,2913,0,0,230,0,3,43.059450410636984,144.8007274,,,,,,,,,,,,,230,red,2881,2913,5794
81,06,1310310,1,20261003,275,46,0,0,230,0,0,338,46,0,0,0,0,0,3,43.27550252069827,145.50157790000003,,,,,,,,,,,,,230,red,321,384,705
81,02,1310320,1,20261003,2694,185,0,0,0,0,0,3006,205,0,0,0,0,0,3,41.8940000401868,140.139639,,,,,,,,,,,,,230,red,2879,3211,6090
81,02,1310330,1,20261003,3274,247,0,0,0,0,0,3319,175,0,0,0,0,0,3,41.68472204008489,140.444,,,,,,,,,,,,,230,red,3521,3494,7015
81,03,1310340,1,20261003,1746,133,0,0,0,0,0,0,2,1,0,0,217,0,3,43.26192904069464,140.646731,,,,,,,,,,,,,230,red,1879,3,1882
81,03,1310350,1,20261003,1235,164,0,0,0,0,0,1284,255,0,0,0,0,0,3,43.041313040631515,140.5119,,,,,,,,,,,,,230,red,1399,1539,2938
81,02,1310360,1,20261003,496,21,0,0,0,0,0,461,39,0,0,0,0,0,3,42.129260570293795,139.981876,,,,,,,,,,,,,230,red,517,500,1017
81,01,1310370,1,20261003,15058,847,0,0,0,0,0,15125,757,0,0,0,0,0,3,43.007483420621185,141.3442719,,,,,,,,,,,,,230,red,15905,15882,31787
81,03,1310380,1,20261003,4198,396,0,0,0,0,0,4428,319,0,0,0,0,0,3,42.797316040553234,140.953155,,,,,,,,,,,,,230,red,4594,4747,9341
81,03,1310390,1,20261003,3007,358,0,0,0,0,0,3295,311,0,0,0,0,0,3,42.75911004054018,140.927534,,,,,,,,,,,,,230,red,3365,3606,6971
81,09,1310420,1,20261003,1709,196,0,0,0,0,0,1442,211,0,0,0,0,0,3,44.315812040895196,141.663389,,,,,,,,,,,,,230,red,1905,1653,3558
81,05,1310430,1,20261003,1862,391,0,0,0,0,0,1867,620,0,0,0,0,0,3,42.68397268051387,141.6803745,,,,,,,,,,,,,230,red,2253,2487,4740
81,05,1310440,1,20261003,780,106,2,0,0,0,0,964,103,3,0,0,0,0,3,42.455508520428715,142.1783574,,,,,,,,,,,,,230,red,888,1070,1958
81,07,1310450,1,20261003,2977,283,0,0,0,0,0,2501,260,0,0,0,0,0,3,42.850468990571045,143.1845784,,,,,,,,,,,,,230,red,3260,2761,6021
81,04,1310460,1,20261003,668,76,0,0,0,0,201,561,80,0,0,29,0,201,3,43.3597710407203,142.387706,,,,,,,,,,,,,230,red,744,641,1385
81,05,1310470,1,20261003,472,309,0,0,0,0,0,521,413,0,0,0,0,0,3,42.87689451057974,142.4313468,,,,,,,,,,,,,230,red,781,934,1715
81,08,1310490,1,20261003,1693,239,0,1,230,0,0,1703,131,18,1,0,0,0,3,44.469400040910415,143.131573,,,,,,,,,,,,,230,red,1932,1852,3784
81,10,1310500,1,20261003,,,,0,0,0,230,,,,0,0,0,230,3,44.9513530409349,142.577793,,,,,,,,,,,,,230,red,0,0,0
81,06,1310520,1,20261003,525,67,0,0,0,0,0,509,72,0,0,0,0,0,3,43.474956340748676,144.4077086,,,,,,,,,,,,,230,red,592,581,1173
81,07,1310530,1,20261003,442,53,0,0,0,0,0,419,73,0,0,0,0,0,3,43.351455040718186,143.778977,,,,,,,,,,,,,230,red,495,492,987
81,08,1310540,1,20261003,834,108,0,0,230,0,0,792,107,0,0,230,0,0,3,43.71241358080086,144.1898958,,,,,,,,,,,,,230,red,942,899,1841
81,06,1310550,1,20261003,777,85,0,0,0,0,0,898,63,0,0,0,0,0,3,43.23651165068774,145.2499867,,,,,,,,,,,,,230,red,862,961,1823
81,06,1310560,1,20261003,1083,97,0,0,0,0,0,1072,103,0,0,0,0,0,3,43.68069492079438,145.1213962,,,,,,,,,,,,,230,red,1180,1175,2355
81,06,1310570,1,20261003,1126,329,0,0,0,0,0,1454,239,0,0,0,0,0,3,43.3613193507207,144.8334503,,,,,,,,,,,,,230,red,1455,1693,3148
81,04,1310580,1,20261003,120,32,0,0,0,0,0,95,9,0,0,0,0,0,3,43.85535404082818,142.818956,,,,,,,,,,,,,230,red,152,104,256
81,01,1310590,1,20261003,16318,1410,0,0,0,0,0,17543,1915,0,0,0,0,0,3,43.101919030649576,141.3492984,,,,,,,,,,,,,230,red,17728,19458,37186
81,01,1310600,1,20261003,5348,643,0,0,0,230,0,4976,590,0,0,0,230,0,3,43.018587890624595,141.4801633,,,,,,,,,,,,,230,red,5991,5566,11557
81,07,1310610,1,20261003,45,14,0,0,0,0,0,47,11,0,0,0,0,0,3,43.124397040656135,143.671096,,,,,,,,,,,,,230,red,59,58,117
81,01,1310620,1,20261003,8241,724,0,0,0,0,0,10536,791,0,0,0,0,0,3,43.080001040643104,141.40691,,,,,,,,,,,,,230,red,8965,11327,20292
81,01,1310630,1,20261003,0,0,0,0,0,230,0,0,0,0,0,0,230,0,3,43.224602350684464,141.5421492,,,,,,,,,,,,,230,red,0,0,0
81,05,1310650,1,20261003,0,0,4080,0,0,113,0,3753,750,29,0,0,0,0,3,42.664068480506764,141.5956308,,,,,,,,,,,,,230,red,4080,4532,8612
81,08,1310660,1,20261003,1720,168,6,0,0,0,0,1990,149,3,0,0,0,0,3,43.98436947085019,143.5657163,,,,,,,,,,,,,230,red,1894,2142,4036
81,08,1310670,1,20261003,872,135,0,0,230,0,0,774,174,0,0,230,0,0,3,43.93417044084193,144.7997993,,,,,,,,,,,,,230,red,1007,948,1955
81,01,1310680,1,20261003,3712,192,0,0,0,0,0,3950,183,0,0,0,0,0,3,42.84334231056867,141.6642755,,,,,,,,,,,,,230,red,3904,4133,8037
81,06,1310690,1,20261003,2240,236,0,0,0,0,0,2036,177,2,0,0,0,0,3,43.048098520633566,144.4594431,,,,,,,,,,,,,230,red,2476,2215,4691
81,01,1310700,1,20261003,7726,484,0,0,0,0,0,8593,453,0,0,0,0,0,3,43.001297040619285,141.34856,,,,,,,,,,,,,230,red,8210,9046,17256
82,,2110010,1,20261003,4809,388,0,0,0,0,0,5221,484,0,0,0,0,0,3,37.110573456365614,140.1455465,,,,,,,,,,,,,233,red,5197,5705,10902
82,,2110017,1,20261003,16150,1131,0,0,0,0,0,16770,1161,0,0,0,0,0,3,37.37338104665072,140.3483355,,,,,,,,,,,,,233,red,17281,17931,35212
82,,2110019,1,20261003,17262,1428,0,0,0,0,0,16425,1403,0,0,0,0,0,3,37.46431627674753,140.3769493,,,,,,,,,,,,,233,red,18690,17828,36518
82,,2110021,1,20261003,12166,904,84,0,0,0,0,12504,1304,33,0,233,0,0,3,37.606841446897334,140.4677635,,,,,,,,,,,,,233,red,13154,13841,26995
82,,2110030,1,20261003,16470,856,0,0,0,0,0,17389,933,0,0,0,0,0,3,37.73677529703182,140.4665726,,,,,,,,,,,,,233,red,17326,18322,35648
82,,2110040,1,20261003,10450,696,0,0,0,0,0,10865,693,0,0,0,0,0,3,37.807813217104496,140.4958221,,,,,,,,,,,,,233,red,11146,11558,22704
82,,2110050,1,20261003,4801,634,0,0,0,0,0,4875,578,0,0,0,0,0,3,37.90701278720498,140.5808128,,,,,,,,,,,,,233,red,5435,5453,10888
82,,2110055,1,20261003,9742,1188,0,0,0,0,0,10104,1139,0,0,0,0,0,3,38.041138927338956,140.6498056,,,,,,,,,,,,,233,red,10930,11243,22173
82,,2110060,1,20261003,16261,1243,0,0,0,0,0,15125,1173,0,0,0,0,0,3,38.085083367382396,140.8283056,,,,,,,,,,,,,233,red,17504,16298,33802
82,,2110062,1,20261003,2943,273,33,0,0,0,0,2646,230,23,0,0,0,0,3,39.659168038777906,141.92916800000003,,,,,,,,,,,,,233,red,3249,2899,6148
82,,2110063,1,20261003,2331,245,23,0,0,0,0,2072,214,16,0,0,0,0,3,39.73009903883322,141.960134,,,,,,,,,,,,,233,red,2599,2302,4901
82,,2110065,1,20261003,18293,933,0,0,0,0,0,17200,888,0,0,0,0,0,3,38.15208336744814,140.8853611,,,,,,,,,,,,,233,red,19226,18088,37314
82,,2110070,1,20261003,23817,1205,0,0,0,0,0,21901,1206,0,0,0,0,0,3,38.21891670751319,140.895,,,,,,,,,,,,,233,red,25022,23107,48129
82,,2110081,1,20261003,8503,171,0,0,0,0,0,0,0,0,0,0,0,0,3,38.340207037629824,140.883811,,,,,,,,,,,,,233,red,8674,0,8674
82,,2110090,1,20261003,7895,606,0,0,0,0,0,8457,514,0,0,0,0,0,3,38.61000803788275,140.98291900000004,,,,,,,,,,,,,233,red,8501,8971,17472
82,,2110091,1,20261003,3952,429,0,0,0,0,0,3765,373,0,0,0,0,0,3,38.834610038086325,141.085674,,,,,,,,,,,,,233,red,4381,4138,8519
82,,2110092,1,20261003,6254,513,0,0,0,0,0,5353,379,0,0,0,0,0,3,38.930416038171224,141.117432,,,,,,,,,,,,,233,red,6767,5732,12499
82,,2110093,1,20261003,5852,478,70,0,0,0,0,5672,364,59,0,0,0,0,3,39.003777838235415,141.1133766,,,,,,,,,,,,,233,red,6400,6095,12495
82,,2110095,1,20261003,5264,286,0,0,0,0,0,5526,251,0,0,0,0,0,3,39.166645038375485,141.142913,,,,,,,,,,,,,233,red,5550,5777,11327
82,,2110103,1,20261003,13632,647,0,0,0,0,0,15475,371,0,0,0,0,0,3,39.668019038784855,141.15759,,,,,,,,,,,,,233,red,14279,15846,30125
82,,2110106,1,20261003,11918,463,0,0,0,0,0,12132,504,0,0,0,0,0,3,39.70774803881587,141.165401,,,,,,,,,,,,,233,red,12381,12636,25017
82,,2110110,1,20261003,11124,500,0,0,0,0,0,10932,342,0,0,0,0,0,3,39.7581439588549,141.134491,,,,,,,,,,,,,233,red,11624,11274,22898
82,,2110120,1,20261003,3822,465,0,0,0,0,0,4138,473,0,0,0,0,0,3,40.24861199921695,141.2695885,,,,,,,,,,,,,233,red,4287,4611,8898
82,,2110121,1,20261003,2490,354,0,0,0,0,0,2777,335,0,0,0,0,0,3,40.33516094927743,141.2985134,,,,,,,,,,,,,233,red,2844,3112,5956
82,,2110129,1,20261003,3293,297,0,0,0,0,0,3468,264,2,0,0,0,0,3,40.60805264946136,141.26026802,,,,,,,,,,,,,233,red,3590,3734,7324
82,,2110130,1,20261003,0,0,6092,0,0,233,0,0,0,6180,0,0,233,0,3,40.65608164949267,141.19309457,,,,,,,,,,,,,233,red,6092,6180,12272
82,,2110132,1,20261003,3295,270,271,0,0,0,0,4368,292,60,0,0,0,0,3,40.683721049510524,141.17042319,,,,,,,,,,,,,233,red,3836,4720,8556
82,,2110140,1,20261003,6277,515,39,0,0,0,0,6003,216,45,0,0,0,0,3,40.89753341964514,140.86029133,,,,,,,,,,,,,233,red,6831,6264,13095
82,,2110143,1,20261003,5889,598,0,0,0,0,0,5929,507,0,0,0,0,0,3,39.946858248998055,141.2168884,,,,,,,,,,,,,233,red,6487,6436,12923
82,,2110144,1,20261003,5199,1183,0,0,233,0,0,5422,853,0,0,233,0,0,3,40.83532684960663,141.12935762,,,,,,,,,,,,,233,red,6382,6275,12657
82,,2110150,1,20261003,6675,268,2,0,0,0,0,6865,355,4,0,0,0,0,3,36.857960956084185,140.7891727,,,,,,,,,,,,,233,red,6945,7224,14169
82,,2110160,1,20261003,13051,1405,21,0,0,0,0,13118,1559,32,0,0,0,0,3,36.92281008615712,140.8423448,,,,,,,,,,,,,233,red,14477,14709,29186
82,,2110161,1,20261003,7698,493,0,0,0,0,0,7577,456,0,0,0,0,0,3,37.03306503628002,140.911907,,,,,,,,,,,,,233,red,8191,8033,16224
82,,2110162,1,20261003,5303,324,0,0,0,0,0,4493,236,0,0,0,0,0,3,37.11549536637102,140.9974993,,,,,,,,,,,,,233,red,5627,4729,10356
82,,2110163,1,20261003,2997,306,1,0,0,0,0,2756,293,0,0,0,0,0,3,37.38527750666344,141.0086632,,,,,,,,,,,,,233,red,3304,3049,6353
82,,2110165,1,20261003,5093,412,62,0,0,0,0,5724,527,19,0,0,0,0,3,37.63270112692426,140.9856901,,,,,,,,,,,,,233,red,5567,6270,11837
82,,2110168,1,20261003,3557,428,0,0,0,0,0,3841,470,0,0,0,0,0,3,37.81498403711179,140.943249,,,,,,,,,,,,,233,red,3985,4311,8296
82,,2110170,1,20261003,2679,135,0,0,0,0,0,2606,141,0,0,0,0,0,3,37.89520971719308,140.9035528,,,,,,,,,,,,,233,red,2814,2747,5561
82,,2110173,1,20261003,9158,403,0,0,0,0,0,8700,378,0,0,0,0,0,3,37.094818366348264,140.9771016,,,,,,,,,,,,,233,red,9561,9078,18639
82,,2110180,1,20261003,6296,194,0,0,0,0,0,5603,210,0,0,0,0,0,3,38.064732037362305,140.859399,,,,,,,,,,,,,233,red,6490,5813,12303
82,,2110190,1,20261003,2859,429,0,0,0,0,0,2350,278,0,0,0,0,0,1,38.69140541795727,139.678824,,,,,,,,,,,,,233,red,3288,2628,5916
82,,2110191,1,20261003,3594,286,0,0,0,0,0,3698,292,0,0,0,0,0,3,38.96127130819829,139.8400569,,,,,,,,,,,,,233,red,3880,3990,7870
82,,2110192,1,20261003,8271,243,0,0,0,0,0,7917,290,0,0,0,0,0,3,38.794079918050066,139.83442430000002,,,,,,,,,,,,,233,red,8514,8207,16721
82,,2110193,1,20261003,8524,289,0,0,0,0,0,8254,313,0,0,0,0,0,3,38.787431758044086,139.8346764,,,,,,,,,,,,,233,red,8813,8567,17380
82,,2110194,1,20261003,1483,122,0,0,0,0,0,1586,147,0,0,0,0,0,3,38.69287924795862,139.6478605,,,,,,,,,,,,,233,red,1605,1733,3338
82,,2110195,1,20261003,1560,491,0,0,0,0,0,1908,363,0,0,0,0,0,3,38.61589808788817,139.5797968,,,,,,,,,,,,,233,red,2051,2271,4322
82,,2110196,1,20261003,8345,349,0,0,0,0,0,8724,374,0,0,0,0,0,3,38.83854814808984,139.8486963,,,,,,,,,,,,,233,red,8694,9098,17792
82,,2110197,1,20261003,2922,115,0,0,0,0,0,2788,146,0,0,0,0,0,3,38.71753625798101,139.7594082,,,,,,,,,,,,,233,red,3037,2934,5971
82,,2110198,1,20261003,5143,305,0,0,0,0,0,4670,309,0,0,0,0,0,3,38.71622198797982,139.7565651,,,,,,,,,,,,,233,red,5448,4979,10427
82,,2110199,1,20261003,2050,343,0,0,0,0,0,1737,238,0,0,0,0,0,1,38.60695292787995,139.5878005,,,,,,,,,,,,,233,red,2393,1975,4368
82,,2110201,1,20261003,2508,419,0,0,0,0,0,2176,255,0,0,0,0,0,1,38.666421037934484,139.623761,,,,,,,,,,,,,233,red,2927,2431,5358
82,,2110202,1,20261003,6980,351,0,0,0,0,0,6887,441,0,0,0,0,0,3,39.62387474875015,140.0681964,,,,,,,,,,,,,233,red,7331,7328,14659
82,,2110203,1,20261003,1445,60,0,0,0,0,0,1303,64,0,0,0,0,0,3,39.240899018438185,139.9362623,,,,,,,,,,,,,233,red,1505,1367,2872
82,,2110204,1,20261003,2856,391,0,0,0,0,0,3107,303,0,0,0,0,0,3,39.290490888479674,139.9747431,,,,,,,,,,,,,233,red,3247,3410,6657
82,,2110205,1,20261003,3132,449,0,0,0,0,0,3180,317,0,0,0,0,0,3,39.11912903833497,139.876447,,,,,,,,,,,,,233,red,3581,3497,7078
82,,2110208,1,20261003,8993,183,0,0,0,0,0,8355,219,0,0,0,0,0,3,39.38953603856155,140.030682,,,,,,,,,,,,,233,red,9176,8574,17750
82,,2110210,1,20261003,9371,520,0,0,0,0,0,10949,467,0,0,0,0,0,3,39.79539903888355,140.0622,,,,,,,,,,,,,233,red,9891,11416,21307
82,,2110212,1,20261003,5942,331,0,0,0,0,0,5787,369,0,0,0,0,0,3,39.718472038824196,140.083211,,,,,,,,,,,,,233,red,6273,6156,12429
82,,2110213,1,20261003,3907,133,0,0,0,0,0,3779,161,0,0,0,0,0,3,39.52539935867177,140.0518185,,,,,,,,,,,,,233,red,4040,3940,7980
82,,2110214,1,20261003,3969,227,0,0,0,0,0,3744,207,0,0,0,0,0,3,39.90494615896667,140.076382,,,,,,,,,,,,,233,red,4196,3951,8147
82,,2110215,1,20261003,3201,191,19,0,0,0,0,3215,198,19,0,0,0,0,3,40.067095039086766,140.067721,,,,,,,,,,,,,233,red,3411,3432,6843
82,,2110216,1,20261003,3476,534,154,0,0,0,0,0,0,0,0,0,0,0,3,40.268120039230666,140.52780600000003,,,,,,,,,,,,,233,red,4164,0,4164
82,,2110217,1,20261003,2813,530,144,0,0,0,0,1310,300,107,0,0,0,0,3,40.27305803923414,140.532178,,,,,,,,,,,,,233,red,3487,1717,5204
82,,2110218,1,20261003,7100,173,0,0,0,0,0,6724,133,0,0,0,0,0,3,40.190834039176,140.036139,,,,,,,,,,,,,233,red,7273,6857,14130
82,,2110219,1,20261003,1069,80,0,0,0,0,0,959,74,0,0,0,0,0,3,40.21531803919339,140.280482,,,,,,,,,,,,,233,red,1149,1033,2182
82,,2110220,1,20261003,2587,372,8,0,0,0,0,2053,403,0,0,0,0,0,3,40.16185503915528,140.039381,,,,,,,,,,,,,233,red,2967,2456,5423
82,,2110221,1,20261003,4204,432,51,0,0,0,0,3431,301,7,0,0,0,0,3,40.20192503918389,140.151831,,,,,,,,,,,,,233,red,4687,3739,8426
82,,2110222,1,20261003,1042,191,0,0,0,0,0,820,147,0,0,0,0,0,3,40.30719003925799,140.572683,,,,,,,,,,,,,233,red,1233,967,2200
82,,2110229,1,20261003,4187,565,43,0,0,0,0,3319,292,75,0,0,0,0,3,40.230677039204274,140.489525,,,,,,,,,,,,,233,red,4795,3686,8481
82,,2110230,1,20261003,2848,315,4,0,0,0,0,2650,270,0,0,0,0,0,3,40.3821040393098,140.603544,,,,,,,,,,,,,229,red,3167,2920,6087
82,,2110231,1,20261003,3144,348,39,0,0,0,0,3097,312,41,0,0,0,0,3,40.461176699363655,140.6358415,,,,,,,,,,,,,233,red,3531,3450,6981
82,,2110232,1,20261003,2870,369,32,0,0,0,0,2320,190,34,0,0,0,0,3,40.199024039181815,140.383267,,,,,,,,,,,,,233,red,3271,2544,5815
82,,2110233,1,20261003,1613,261,0,0,0,0,0,1578,172,0,0,0,0,0,1,38.96155603819856,139.859806,,,,,,,,,,,,,233,red,1874,1750,3624
82,,2110234,1,20261003,5344,415,730,0,0,0,0,6218,753,348,0,0,0,0,3,40.57123242943714,140.52428552,,,,,,,,,,,,,233,red,6489,7319,13808
82,,2110235,1,20261003,11605,618,45,0,0,0,0,0,0,12111,0,0,233,0,3,40.60269692945784,140.49957539,,,,,,,,,,,,,233,red,12268,12111,24379
82,,2110236,1,20261003,1667,264,0,0,0,0,0,1793,175,0,0,0,0,0,1,39.00850003823954,139.856924,,,,,,,,,,,,,233,red,1931,1968,3899
82,,2110237,1,20261003,272,9,0,0,0,0,0,442,17,0,0,0,0,0,1,39.05087603827627,139.890254,,,,,,,,,,,,,233,red,281,459,740
82,,2110240,1,20261003,8724,619,20,0,0,0,0,3062,132,5783,0,0,233,0,3,40.65753935949361,140.50836074,,,,,,,,,,,,,233,red,9363,8977,18340
82,,2110249,1,20261003,7135,912,472,0,0,0,0,4245,594,327,0,233,233,0,3,40.831625089604316,140.66283564,,,,,,,,,,,,,233,red,8519,5166,13685
82,,2110250,1,20261003,8993,723,0,0,0,0,0,9215,937,0,0,0,0,0,3,40.767838829564255,140.59194915,,,,,,,,,,,,,233,red,9716,10152,19868
82,,2110251,1,20261003,11358,850,0,0,0,233,0,23234,1919,0,0,0,0,0,3,40.824380649599796,140.7354641,,,,,,,,,,,,,233,red,12208,25153,37361
82,,2110252,1,20261003,6527,775,0,0,0,0,0,0,0,6931,0,0,233,0,3,40.80222556958593,140.69781704,,,,,,,,,,,,,233,red,7302,6931,14233
82,,2110253,1,20261003,3804,323,58,0,0,0,0,3970,407,85,0,0,0,0,3,40.82364700959935,140.81040657,,,,,,,,,,,,,233,red,4185,4462,8647
82,,2110255,1,20261003,0,0,0,0,0,0,0,0,0,0,0,0,0,0,3,40.797368279582884,140.73499562,,,,,,,,,,,,,233,red,0,0,0
82,,2110256,1,20261003,7493,289,39,0,0,0,0,0,0,0,0,0,0,0,3,40.79545531958167,140.74908182,,,,,,,,,,,,,233,red,7821,0,7821
82,,2110258,1,20261003,3181,126,21,0,0,0,0,3669,259,28,0,0,0,0,3,40.26361114922749,140.42944444,,,,,,,,,,,,,233,red,3328,3956,7284
82,,2110260,1,20261003,10683,290,0,0,0,0,0,10798,432,0,0,0,0,0,3,37.766077747061864,140.4643813,,,,,,,,,,,,,233,red,10973,11230,22203
82,,2110270,1,20261003,720,24,5,0,0,0,0,0,0,0,0,0,188,0,3,37.82286602711981,140.2786356,,,,,,,,,,,,,233,red,749,0,749
82,,2110271,1,20261003,4055,409,0,0,0,0,0,4280,495,0,0,0,0,0,3,37.89655074719443,140.1500818,,,,,,,,,,,,,233,red,4464,4775,9239
82,,2110272,1,20261003,3266,384,0,0,0,0,0,3523,496,0,0,0,0,0,3,37.92749748722557,140.13487,,,,,,,,,,,,,233,red,3650,4019,7669
82,,2110280,1,20261003,7227,324,0,0,0,0,0,7184,352,0,0,0,0,0,3,37.99971367729781,140.14494900000003,,,,,,,,,,,,,233,red,7551,7536,15087
82,,2110290,1,20261003,9565,500,0,0,0,0,0,9214,566,0,0,0,0,0,3,38.13022203742675,140.241028,,,,,,,,,,,,,233,red,10065,9780,19845
82,,2110291,1,20261003,10015,537,0,0,0,0,0,10255,591,0,0,0,0,0,3,38.159814097455694,140.3001308,,,,,,,,,,,,,233,red,10552,10846,21398
82,,2110292,1,20261003,9206,503,0,0,0,0,0,7552,481,0,0,0,0,0,3,38.10297203739999,140.207083,,,,,,,,,,,,,233,red,9709,8033,17742
82,,2110294,1,20261003,2633,144,0,0,0,0,0,2691,172,0,0,0,0,0,3,37.767613677063444,140.8648291,,,,,,,,,,,,,233,red,2777,2863,5640
82,,2110295,1,20261003,2728,137,0,0,0,0,0,2894,185,0,0,0,0,0,3,37.75423885704973,140.7090153,,,,,,,,,,,,,233,red,2865,3079,5944
82,,2110296,1,20261003,3010,159,0,0,0,0,0,3309,235,0,0,0,0,0,3,37.75978319705542,140.5958156,,,,,,,,,,,,,233,red,3169,3544,6713
82,,2110297,1,20261003,2426,168,0,0,0,0,0,2754,208,0,0,0,0,0,3,37.78113503707728,140.573819,,,,,,,,,,,,,233,red,2594,2962,5556
82,,2110298,1,20261003,2434,211,0,0,0,0,0,2755,225,0,0,0,0,0,3,37.81669203711354,140.530266,,,,,,,,,,,,,233,red,2645,2980,5625
82,,2110299,1,20261003,1815,239,0,0,0,0,0,2029,242,0,0,0,0,0,3,37.83294203713006,140.49615,,,,,,,,,,,,,233,red,2054,2271,4325
82,,2110300,1,20261003,3050,395,0,0,0,0,0,3530,457,0,0,0,0,0,1,37.79582169709228,140.4130094,,,,,,,,,,,,,233,red,3445,3987,7432
82,,2110301,1,20261003,5028,492,0,0,0,0,0,5348,577,0,0,0,0,0,3,37.8687824871664,140.2279023,,,,,,,,,,,,,233,red,5520,5925,11445
82,,2110305,1,20261003,15155,777,0,0,0,0,0,16166,811,0,0,0,0,0,3,38.32857829761873,140.3671432,,,,,,,,,,,,,233,red,15932,16977,32909
82,,2110307,1,20261003,4888,116,0,0,0,0,0,8394,352,0,0,0,0,0,3,38.48098003776293,140.382831,,,,,,,,,,,,,233,red,5004,8746,13750
82,,2110308,1,20261003,7509,651,0,0,0,0,0,6934,607,0,0,0,0,0,1,38.56969403784554,140.401333,,,,,,,,,,,,,233,red,8160,7541,15701
82,,2110309,1,20261003,5551,506,0,0,0,0,0,4299,459,0,0,0,0,0,1,38.42500003771029,140.352222,,,,,,,,,,,,,233,red,6057,4758,10815
82,,2110310,1,20261003,4323,204,0,0,0,0,0,5027,224,0,0,0,0,0,3,38.57581640785121,140.403707,,,,,,,,,,,,,233,red,4527,5251,9778
82,,2110311,1,20261003,7851,654,0,0,0,0,0,6819,607,0,0,0,0,0,1,38.5505555978278,140.3888889,,,,,,,,,,,,,233,red,8505,7426,15931
82,,2110312,1,20261003,7140,579,0,0,0,0,0,6832,578,0,0,0,0,0,3,38.618265997890354,140.3838155,,,,,,,,,,,,,233,red,7719,7410,15129
82,,2110313,1,20261003,8204,632,0,0,0,0,0,8536,676,0,0,0,0,0,3,38.676631947943804,140.3212881,,,,,,,,,,,,,233,red,8836,9212,18048
82,,2110314,1,20261003,7925,616,0,0,0,0,0,8279,637,0,0,0,0,0,3,38.71993903798319,140.308757,,,,,,,,,,,,,233,red,8541,8916,17457
82,,2110315,1,20261003,3837,113,0,0,0,0,0,4036,115,0,0,0,0,0,3,38.8033716780584,140.3206605,,,,,,,,,,,,,233,red,3950,4151,8101
82,,2110316,1,20261003,3532,319,0,0,0,0,0,2508,278,0,0,0,0,0,3,38.74947203800992,140.290833,,,,,,,,,,,,,233,red,3851,2786,6637
82,,2110317,1,20261003,2423,232,0,0,0,0,0,2410,249,0,0,0,0,0,3,38.923639038165255,140.334806,,,,,,,,,,,,,233,red,2655,2659,5314
82,,2110318,1,20261003,2246,223,0,0,0,0,0,2444,251,0,0,0,0,0,3,38.94673520818555,140.3547943,,,,,,,,,,,,,233,red,2469,2695,5164
82,,2110319,1,20261003,3481,278,28,0,0,0,0,3362,301,36,0,0,0,0,3,39.072178338294655,140.4714918,,,,,,,,,,,,,233,red,3787,3699,7486
82,,2110320,1,20261003,3775,289,28,0,0,0,0,3598,309,26,0,0,0,0,3,39.11258080832936,140.486598,,,,,,,,,,,,,233,red,4092,3933,8025
82,,2110321,1,20261003,5361,223,0,0,0,0,0,5232,194,0,0,0,0,0,3,39.181412318388,140.4959965,,,,,,,,,,,,,233,red,5584,5426,11010
82,,2110322,1,20261003,2612,66,18,0,0,0,0,2419,40,147,0,0,0,0,3,39.1455093483575,140.4912436,,,,,,,,,,,,,233,red,2696,2606,5302
82,,2110324,1,20261003,1644,168,0,0,0,0,0,15,152,0,0,0,0,0,3,39.046668898272635,140.4131154,,,,,,,,,,,,,233,red,1812,167,1979
82,,2110325,1,20261003,6842,589,0,0,0,0,0,5633,575,0,0,0,0,0,1,38.463333037746374,140.3575,,,,,,,,,,,,,233,red,7431,6208,13639
82,,2110326,1,20261003,7438,624,0,0,0,0,0,6404,597,0,0,0,0,0,1,38.49944403778021,140.370833,,,,,,,,,,,,,233,red,8062,7001,15063
82,,2110327,1,20261003,7848,288,0,0,0,0,0,7559,233,0,0,0,0,0,3,39.249316578445246,140.5351192,,,,,,,,,,,,,233,red,8136,7792,15928
82,,2110328,1,20261003,2437,242,0,0,0,0,0,2400,256,0,0,0,0,0,3,38.78089403803823,140.293372,,,,,,,,,,,,,233,red,2679,2656,5335
82,,2110335,1,20261003,3402,531,2012,0,0,139,0,5356,447,708,0,0,0,0,3,39.45464609861468,140.4982871,,,,,,,,,,,,,233,red,5945,6511,12456
82,,2110337,1,20261003,5348,274,0,0,0,0,0,5321,284,1,0,0,0,0,3,39.56556981870389,140.3349352,,,,,,,,,,,,,233,red,5622,5606,11228
82,,2110340,1,20261003,10787,722,0,0,0,0,0,10090,723,0,0,0,0,0,3,39.66778703878465,140.165768,,,,,,,,,,,,,233,red,11509,10813,22322
82,,2110350,1,20261003,14068,1067,0,0,0,0,0,14543,1276,0,0,0,0,0,3,38.27013892756266,140.95175,,,,,,,,,,,,,233,red,15135,15819,30954
82,,2110352,1,20261003,17069,1214,16,0,0,0,0,17626,1292,195,0,0,0,0,3,38.425472257710744,141.1867778,,,,,,,,,,,,,233,red,18299,19113,37412
82,,2110353,1,20261003,15892,1187,99,0,0,0,0,16199,1178,284,0,0,0,0,3,38.43294447771779,141.2090556,,,,,,,,,,,,,233,red,17178,17661,34839
82,,2110354,1,20261003,12939,941,289,10,0,0,32,14600,938,191,0,0,0,32,3,38.442000037726324,141.2525833,,,,,,,,,,,,,233,red,14169,15729,29898
82,,2110355,1,20261003,11450,917,292,0,0,0,0,12028,839,146,0,0,0,0,3,38.48202781776391,141.2923889,,,,,,,,,,,,,233,red,12659,13013,25672
82,,2110357,1,20261003,10111,798,102,0,0,0,0,10459,742,100,0,0,0,0,3,38.50430559778474,141.2861944,,,,,,,,,,,,,233,red,11011,11301,22312
82,,2110358,1,20261003,8084,690,94,0,0,0,0,8308,625,83,0,0,0,0,3,38.590638927864894,141.27905560000002,,,,,,,,,,,,,233,red,8868,9016,17884
82,,2110359,1,20261003,7501,662,89,0,0,0,0,7596,595,85,0,0,0,0,3,38.61066670788337,141.2839722,,,,,,,,,,,,,233,red,8252,8276,16528
82,,2110360,1,20261003,6185,104,0,0,0,0,0,6422,153,0,0,0,0,0,3,38.429333367714385,141.2390278,,,,,,,,,,,,,233,red,6289,6575,12864
82,,2110361,1,20261003,4775,124,0,0,0,0,0,5099,167,0,0,0,0,0,3,38.891555598136925,141.55625,,,,,,,,,,,,,233,red,4899,5266,10165
82,,2110362,1,20261003,5911,459,68,0,0,0,0,6198,446,63,0,0,0,0,3,38.696083367961535,141.2831389,,,,,,,,,,,,,233,red,6438,6707,13145
82,,2110363,1,20261003,13003,971,134,0,0,0,0,12785,876,171,0,0,0,0,3,38.456555597740014,141.2745,,,,,,,,,,,,,233,red,14108,13832,27940
82,,2110364,1,20261003,4172,364,1,0,0,0,0,4302,299,2,0,0,0,0,3,38.95011114818852,141.6280556,,,,,,,,,,,,,233,red,4537,4603,9140
82,,2110365,1,20261003,2908,91,0,0,0,0,0,3189,102,0,0,0,0,0,3,38.91955303816165,141.571364,,,,,,,,,,,,,233,red,2999,3291,6290
82,,2110366,1,20261003,5491,458,67,0,0,0,0,5753,438,71,0,0,0,0,3,38.71113892797521,141.3101667,,,,,,,,,,,,,233,red,6016,6262,12278
82,,2110367,1,20261003,4973,356,35,2,0,0,1,4676,311,65,2,0,0,1,3,39.02656869825523,141.6974974,,,,,,,,,,,,,233,red,5364,5052,10416
82,,2110368,1,20261003,5504,442,63,0,0,0,0,5773,437,67,0,0,0,0,3,38.70219447796709,141.3930833,,,,,,,,,,,,,233,red,6009,6277,12286
82,,2110370,1,20261003,3810,163,0,0,0,0,0,4030,137,0,0,0,0,0,3,39.059216658283475,141.7193842,,,,,,,,,,,,,233,red,3973,4167,8140
82,,2110371,1,20261003,2933,248,24,0,1,1,0,2856,225,19,0,1,1,0,3,39.074077398296275,141.7034197,,,,,,,,,,,,,233,red,3205,3100,6305
82,,2110372,1,20261003,2913,272,0,0,0,0,0,2602,238,0,0,0,0,0,3,39.125195598340156,141.7347157,,,,,,,,,,,,,233,red,3185,2840,6025
82,,2110373,1,20261003,3884,287,0,0,0,0,0,3696,245,0,0,0,0,0,3,39.12205355833746,141.7899934,,,,,,,,,,,,,233,red,4171,3941,8112
82,,2110374,1,20261003,2896,320,0,0,0,0,0,3105,299,0,0,0,0,0,3,39.03121932825926,141.6337144,,,,,,,,,,,,,233,red,3216,3404,6620
82,,2110379,1,20261003,3172,279,46,0,0,0,0,2956,243,82,0,0,0,0,3,39.14893559836042,141.8295097,,,,,,,,,,,,,233,red,3497,3281,6778
82,,2110380,1,20261003,3110,111,0,0,0,0,0,3672,114,0,0,0,0,0,3,39.29661287848477,141.8836641,,,,,,,,,,,,,233,red,3221,3786,7007
82,,2110381,1,20261003,4686,422,63,0,0,0,0,4937,402,97,0,0,0,0,3,38.69052781795646,141.4270556,,,,,,,,,,,,,233,red,5171,5436,10607
82,,2110382,1,20261003,5120,442,68,0,0,0,0,5499,421,79,0,0,0,0,3,38.70547225797006,141.4960833,,,,,,,,,,,,,233,red,5630,5999,11629
82,,2110383,1,20261003,4335,329,37,0,0,0,0,4603,337,29,0,0,0,0,3,39.32251283850628,141.8802524,,,,,,,,,,,,,233,red,4701,4969,9670
82,,2110384,1,20261003,5160,416,58,0,0,0,0,5544,403,88,0,0,0,0,3,38.81825003807172,141.5580556,,,,,,,,,,,,,233,red,5634,6035,11669
82,,2110387,1,20261003,2956,263,104,0,0,0,0,3314,273,36,0,0,0,0,3,39.59193303872486,141.940478,,,,,,,,,,,,,233,red,3323,3623,6946
82,,2110389,1,20261003,2520,245,38,0,0,0,0,2247,206,29,0,0,0,0,3,39.8199300389023,141.96138,,,,,,,,,,,,,233,red,2803,2482,5285
82,,2110392,1,20261003,2637,245,28,0,0,0,0,2394,213,18,0,0,0,0,3,39.836270038914755,141.96038,,,,,,,,,,,,,233,red,2910,2625,5535
82,,2110393,1,20261003,1506,250,0,0,0,0,0,1498,216,0,0,0,0,0,3,39.87071503894088,141.94008,,,,,,,,,,,,,233,red,1756,1714,3470
82,,2110394,1,20261003,5582,418,46,0,0,0,0,5889,407,94,0,0,0,0,3,38.86638892811462,141.5685833,,,,,,,,,,,,,233,red,6046,6390,12436
82,,2110396,1,20261003,25,0,0,0,0,233,1,97,8,0,0,0,233,1,3,39.93351162898809,141.8457699,,,,,,,,,,,,,233,red,25,105,130
82,,2110397,1,20261003,1381,209,0,0,0,0,1,1386,192,0,0,0,0,1,3,39.9934900390327,141.881411,,,,,,,,,,,,,233,red,1590,1578,3168
82,,2110401,1,20261003,2873,310,42,0,0,0,0,2909,272,36,0,0,0,0,3,39.029891708258106,141.6224,,,,,,,,,,,,,233,red,3225,3217,6442
82,,2110402,1,20261003,1818,84,0,0,0,0,0,1695,91,0,0,0,0,0,3,40.414361969331864,141.7051792,,,,,,,,,,,,,233,red,1902,1786,3688
82,,2110403,1,20261003,3049,256,20,0,0,0,0,2918,235,32,0,0,0,0,3,39.15806392836817,141.8413306,,,,,,,,,,,,,233,red,3325,3185,6510
82,,2110404,1,20261003,11369,361,15,0,0,0,0,10556,310,40,0,0,0,0,3,40.50576550939362,141.53235261,,,,,,,,,,,,,233,red,11745,10906,22651
82,,2110405,1,20261003,12157,553,40,0,0,0,0,10126,588,31,0,0,0,0,3,40.528900439409064,141.46412799,,,,,,,,,,,,,233,red,12750,10745,23495
82,,2110407,1,20261003,3166,271,8,0,0,0,0,3037,201,128,0,0,0,0,3,40.481786839377534,141.5376989,,,,,,,,,,,,,233,red,3445,3366,6811
82,,2110408,1,20261003,8541,591,47,0,0,0,0,8356,508,49,0,0,0,0,3,40.5637364594322,141.43539327,,,,,,,,,,,,,233,red,9179,8913,18092
82,,2110409,1,20261003,3193,258,38,0,0,0,0,3125,224,46,0,0,0,0,3,39.24333336844022,141.8452778,,,,,,,,,,,,,233,red,3489,3395,6884
82,,2110410,1,20261003,3906,306,32,0,0,0,0,3869,284,25,0,0,0,0,3,40.47949102937599,141.58069836,,,,,,,,,,,,,233,red,4244,4178,8422
82,,2110412,1,20261003,4152,532,70,0,0,0,0,3595,489,62,0,0,0,0,3,40.66162803949626,141.324363,,,,,,,,,,,,,233,red,4754,4146,8900
82,,2110413,1,20261003,5003,588,113,0,0,0,0,4742,595,143,0,0,0,0,3,40.675139039505,141.304575,,,,,,,,,,,,,233,red,5704,5480,11184
82,,2110414,1,20261003,9966,759,0,0,0,0,0,9460,749,0,0,0,0,0,3,39.699724768809624,141.0544968,,,,,,,,,,,,,233,red,10725,10209,20934
82,,2110415,1,20261003,5348,309,0,0,0,0,0,5379,333,0,0,0,0,0,3,39.69160156880328,141.008749,,,,,,,,,,,,,233,red,5657,5712,11369
82,,2110416,1,20261003,3351,280,8,0,0,0,0,3433,322,9,0,0,0,0,3,39.70020353880998,140.8836508,,,,,,,,,,,,,233,red,3639,3764,7403
82,,2110417,1,20261003,920,136,0,0,0,0,0,205,133,0,0,0,0,0,3,40.47147403937059,141.474002,,,,,,,,,,,,,233,red,1056,338,1394
82,,2110418,1,20261003,4575,380,26,0,0,0,0,4704,338,44,0,0,0,0,3,39.260555598454665,141.8394444,,,,,,,,,,,,,233,red,4981,5086,10067
82,,2110419,1,20261003,3512,285,36,0,0,0,0,3577,266,52,0,0,0,0,3,39.288333368477865,141.8633333,,,,,,,,,,,,,233,red,3833,3895,7728
82,,2110421,1,20261003,3044,288,32,0,0,0,0,3082,271,43,0,0,0,0,3,39.366111148542295,141.9044444,,,,,,,,,,,,,233,red,3364,3396,6760
82,,2110422,1,20261003,3148,277,40,0,0,0,0,3346,292,52,0,0,0,0,3,39.36731670854329,141.8911806,,,,,,,,,,,,,233,red,3465,3690,7155
82,,2110423,1,20261003,2977,294,1,0,0,0,0,3097,262,0,0,0,0,0,3,40.22921103920324,141.7800234,,,,,,,,,,,,,233,red,3272,3359,6631
82,,2110424,1,20261003,2015,223,0,0,0,0,0,2091,217,0,0,0,0,0,3,39.601276038732266,140.551915,,,,,,,,,,,,,233,red,2238,2308,4546
82,,2110428,1,20261003,3721,157,178,0,0,0,0,3554,301,26,0,0,0,0,3,38.73322403799523,140.787123,,,,,,,,,,,,,218,red,4056,3881,7937
82,,2110432,1,20261003,1317,175,0,0,0,0,0,1222,159,0,0,0,0,0,3,38.73755603799914,140.598389,,,,,,,,,,,,,233,red,1492,1381,2873
82,,2110435,1,20261003,4935,489,0,0,0,0,0,4847,538,0,0,0,0,0,3,38.74138978800262,140.2831578,,,,,,,,,,,,,233,red,5424,5385,10809
82,,2110436,1,20261003,4404,451,0,0,0,0,0,4004,446,0,0,0,0,0,3,38.74416703800512,140.259722,,,,,,,,,,,,,233,red,4855,4450,9305
82,,2110437,1,20261003,4667,411,0,0,0,0,0,4651,416,0,0,0,0,0,3,38.73663903799832,140.168833,,,,,,,,,,,,,233,red,5078,5067,10145
82,,2110438,1,20261003,4484,411,0,0,0,0,0,4033,405,0,0,0,0,0,3,38.745210838006074,140.2326227,,,,,,,,,,,,,233,red,4895,4438,9333
82,,2110440,1,20261003,4453,442,0,0,0,0,1,4801,518,0,0,0,0,1,3,38.78155241803881,140.0267226,,,,,,,,,,,,,233,red,4895,5319,10214
82,,2110445,1,20261003,15459,750,0,0,0,0,0,15969,778,0,0,0,0,0,3,38.26502503755774,140.79343300000002,,,,,,,,,,,,,233,red,16209,16747,32956
82,,2110450,1,20261003,5045,407,0,0,0,0,0,4974,408,0,0,0,0,0,3,38.391999797679084,140.5672252,,,,,,,,,,,,,233,red,5452,5382,10834
82,,2110451,1,20261003,4559,159,0,0,0,0,0,4602,203,0,0,0,0,0,3,38.877650438124604,139.8869442,,,,,,,,,,,,,233,red,4718,4805,9523
82,,2110452,1,20261003,6991,205,0,0,0,37,0,7179,304,0,0,0,0,0,3,38.901543148145755,139.8723154,,,,,,,,,,,,,233,red,7196,7483,14679
82,,2110453,1,20261003,316,17,0,0,0,0,0,267,23,0,0,0,0,0,3,38.90368057814766,139.8668909,,,,,,,,,,,,,233,red,333,290,623
82,,2110454,1,20261003,5321,232,0,0,0,0,0,5471,242,0,0,0,0,0,3,38.87364379812106,139.886117,,,,,,,,,,,,,233,red,5553,5713,11266
82,,2110455,1,20261003,6287,659,0,0,0,0,0,4955,632,0,0,0,0,0,3,37.062925546313075,140.8516252,,,,,,,,,,,,,233,red,6946,5587,12533
82,,2110456,1,20261003,4125,158,0,0,0,0,0,4305,195,0,0,0,0,0,3,38.85157810810144,139.8908657,,,,,,,,,,,,,233,red,4283,4500,8783
82,,2110457,1,20261003,2937,154,0,0,0,0,0,3247,219,0,0,0,0,0,3,38.831843418083864,139.9098858,,,,,,,,,,,,,233,red,3091,3466,6557
82,,2110460,1,20261003,3864,259,1,0,0,0,0,3708,352,2,0,0,0,0,3,37.11000003636498,140.7641667,,,,,,,,,,,,,233,red,4124,4062,8186
82,,2110464,1,20261003,2993,212,5,0,0,0,0,2719,282,163,0,0,0,0,3,37.31106211658384,140.4823494,,,,,,,,,,,,,233,red,3210,3164,6374
82,,2110465,1,20261003,6407,385,0,0,0,0,0,6238,473,0,0,0,0,0,3,37.33970064661463,140.406585,,,,,,,,,,,,,233,red,6792,6711,13503
82,,2110470,1,20261003,5354,394,0,0,0,0,0,5276,284,0,0,0,0,0,3,37.49456687677952,140.2463901,,,,,,,,,,,,,233,red,5748,5560,11308
82,,2110472,1,20261003,1378,106,0,0,0,0,0,1502,118,0,0,0,0,0,3,37.65080306694305,139.5936209,,,,,,,,,,,,,233,red,1484,1620,3104
82,,2110473,1,20261003,6166,499,0,0,0,0,0,6677,464,0,0,0,0,0,3,37.548570346836364,139.9683643,,,,,,,,,,,,,233,red,6665,7141,13806
82,,2110474,1,20261003,5200,289,0,0,0,0,0,5484,237,0,0,0,0,0,3,37.55735328684558,139.8550022,,,,,,,,,,,,,233,red,5489,5721,11210
82,,2110477,1,20261003,5868,237,6,0,0,0,0,5488,276,7,0,0,0,0,3,40.48458321937942,141.42701414,,,,,,,,,,,,,233,red,6111,5771,11882
82,,2110478,1,20261003,2844,133,0,0,0,0,0,2827,153,0,0,0,0,0,3,38.52642903780538,141.156619,,,,,,,,,,,,,233,red,2977,2980,5957
82,,2110479,1,20261003,3924,200,0,0,0,0,0,3663,210,0,0,0,0,0,3,38.556163037833,141.069142,,,,,,,,,,,,,233,red,4124,3873,7997
82,,2110480,1,20261003,6703,118,0,0,0,0,0,6100,118,0,0,0,0,0,3,38.570337037846144,140.982089,,,,,,,,,,,,,233,red,6821,6218,13039
82,,2110481,1,20261003,2432,242,0,0,0,0,0,2384,252,0,0,0,0,0,3,39.036923848264195,140.3899339,,,,,,,,,,,,,233,red,2674,2636,5310
82,,2110482,1,20261003,6471,385,1,0,0,0,0,6815,371,1,0,0,0,0,3,39.363397818540065,140.5656534,,,,,,,,,,,,,233,red,6857,7187,14044
82,,2110485,1,20261003,9755,367,0,0,0,0,0,9856,392,0,0,0,0,0,3,38.33956088762922,140.2816558,,,,,,,,,,,,,233,red,10122,10248,20370
82,,2110488,1,20261003,2119,122,0,0,0,0,0,1801,127,0,0,0,0,0,3,38.4566470377401,140.032103,,,,,,,,,,,,,233,red,2241,1928,4169
82,,2110491,1,20261003,3277,318,0,0,0,0,0,3380,333,0,0,0,0,0,3,38.58079848785582,139.9398136,,,,,,,,,,,,,233,red,3595,3713,7308
82,,2110500,1,20261003,2869,274,0,0,0,0,0,3004,305,0,0,0,0,0,3,38.046173177343945,139.7837305,,,,,,,,,,,,,233,red,3143,3309,6452
82,,2110501,1,20261003,2640,261,0,0,0,0,0,2629,247,0,0,0,0,0,3,38.0753590373728,139.72116,,,,,,,,,,,,,233,red,2901,2876,5777
82,,2110502,1,20261003,2125,230,0,0,0,0,0,2388,239,0,0,0,0,0,3,38.04606303734383,140.051715,,,,,,,,,,,,,233,red,2355,2627,4982
82,,2110503,1,20261003,3408,262,0,0,0,0,0,3543,256,0,0,0,0,0,3,38.044627037342416,140.064483,,,,,,,,,,,,,233,red,3670,3799,7469
82,,2110504,1,20261003,3286,329,0,0,0,0,0,3703,323,0,0,0,0,0,3,38.04518462734297,140.1366019,,,,,,,,,,,,,233,red,3615,4026,7641
82,,2110510,1,20261003,4172,308,0,0,0,0,0,3937,327,0,0,0,0,0,3,38.02769263732563,140.1668358,,,,,,,,,,,,,233,red,4480,4264,8744
82,,2110519,1,20261003,2867,190,28,0,0,0,0,3065,187,22,0,0,0,0,3,39.25195903844747,141.77938700000004,,,,,,,,,,,,,233,red,3085,3274,6359
82,,2110521,1,20261003,3691,256,0,0,0,0,0,3370,245,0,0,0,0,0,3,39.246448038442836,141.63560000000004,,,,,,,,,,,,,233,red,3947,3615,7562
82,,2110531,1,20261003,3607,240,0,0,0,0,0,4077,257,0,0,0,0,0,1,39.32515718850848,141.4883819,,,,,,,,,,,,,233,red,3847,4334,8181
82,,2110540,1,20261003,4640,363,0,0,0,0,0,5213,366,0,0,0,0,0,1,39.28807706847765,141.3475227,,,,,,,,,,,,,233,red,5003,5579,10582
82,,2110541,1,20261003,2318,170,0,0,0,0,0,2216,155,0,0,0,0,0,1,39.314345428499514,141.2615204,,,,,,,,,,,,,233,red,2488,2371,4859
82,,2110542,1,20261003,2550,195,0,0,0,0,0,2662,209,0,0,0,0,0,3,39.283375038473736,141.5516694,,,,,,,,,,,,,233,red,2745,2871,5616
82,,2110552,1,20261003,4784,416,79,0,0,0,0,5173,426,72,0,0,0,0,3,38.75991670801934,141.5025278,,,,,,,,,,,,,233,red,5279,5671,10950
82,,2110553,1,20261003,5468,455,82,0,0,0,0,6064,458,72,0,0,0,0,3,38.80716670806179,141.54275,,,,,,,,,,,,,233,red,6005,6594,12599
82,,2110554,1,20261003,3824,331,60,0,0,0,0,3929,269,69,0,0,0,0,3,38.96347225820022,141.6241944,,,,,,,,,,,,,233,red,4215,4267,8482
82,,2110555,1,20261003,2563,218,39,0,0,0,0,2486,196,44,0,0,0,0,3,39.21138892841335,141.865,,,,,,,,,,,,,233,red,2820,2726,5546
82,,2110556,1,20261003,5402,456,71,0,0,0,0,5124,341,104,0,0,0,0,3,38.8781944781251,141.5846444,,,,,,,,,,,,,233,red,5929,5569,11498
82,,2110557,1,20261003,3960,466,216,0,0,0,0,4257,409,278,0,0,0,0,3,38.789722258046154,141.5180556,,,,,,,,,,,,,233,red,4642,4944,9586
82,,2110558,1,20261003,3737,312,63,0,0,0,0,3687,247,72,0,0,0,0,3,38.88277803812915,141.585833,,,,,,,,,,,,,233,red,4112,4006,8118
82,,2110559,1,20261003,4586,397,71,0,0,0,0,4205,304,58,0,0,0,0,3,38.925278038166695,141.6025,,,,,,,,,,,,,233,red,5054,4567,9621
82,,2110560,1,20261003,2473,287,66,0,0,0,0,2168,248,168,0,0,0,0,3,38.89750003814219,141.595,,,,,,,,,,,,,233,red,2826,2584,5410
82,,2110561,1,20261003,4425,382,213,0,0,0,0,4308,549,139,0,0,0,0,3,38.91750003815984,141.591944,,,,,,,,,,,,,233,red,5020,4996,10016
82,,2110604,1,20261003,2310,237,162,0,0,0,0,2345,243,75,0,0,0,0,3,40.1607780391545,141.767278,,,,,,,,,,,,,233,red,2709,2663,5372
82,,2112104,1,20261003,4576,659,11,0,0,0,0,3609,484,278,0,0,0,0,3,40.733783919542624,141.20798154,,,,,,,,,,,,,233,red,5246,4371,9617
82,,2120001,1,20261003,4796,411,0,0,0,0,0,5048,506,0,0,0,0,0,3,40.75045198955322,140.54906872,,,,,,,,,,,,,233,red,5207,5554,10761
82,,2120005,1,20261003,5357,409,34,0,0,0,0,5045,340,20,0,0,0,0,3,40.79249892957982,140.48972552,,,,,,,,,,,,,233,red,5800,5405,11205
82,,2120010,1,20261003,3392,372,19,0,0,0,0,3590,298,20,0,0,0,0,3,40.81212879959214,140.47707546,,,,,,,,,,,,,233,red,3783,3908,7691
82,,2120015,1,20261003,2862,257,0,0,0,0,0,2574,205,0,0,0,0,0,3,40.82729603960163,140.4413,,,,,,,,,,,,,233,red,3119,2779,5898
82,,2120020,1,20261003,530,112,0,0,0,0,0,2247,108,0,0,0,0,0,3,40.78380703957434,140.261545,,,,,,,,,,,,,233,red,642,2355,2997
82,,2310200,1,20261003,11681,648,0,0,0,0,0,11200,796,0,0,0,0,0,3,39.70615403881462,140.09793,,,,,,,,,,,,,233,red,12329,11996,24325
82,,2312101,1,20261003,5357,790,0,0,0,0,0,4815,647,0,0,0,0,0,3,40.70834700952637,141.24477593,,,,,,,,,,,,,233,red,6147,5462,11609
82,,2312102,1,20261003,5473,708,0,0,0,0,0,4648,659,0,0,0,0,0,3,40.725233449537164,141.22804347,,,,,,,,,,,,,233,red,6181,5307,11488
82,,2312103,1,20261003,2972,150,0,0,0,0,0,3094,186,0,0,0,0,0,3,37.77535545707135,140.7514008,,,,,,,,,,,,,233,red,3122,3280,6402
83,,3110010,1,20261003,12522,1000,1001,0,0,0,0,13884,925,1460,0,0,0,0,3,35.58550262456253,139.7049058,,,,,,,,,,,,,233,red,14523,16269,30792
83,,3110020,1,20261003,21472,1545,1093,0,0,0,0,22191,1811,1141,0,0,0,0,3,35.37938903430058,139.509906,,,,,,,,,,,,,233,red,24110,25143,49253
83,,3110040,1,20261003,7026,548,0,0,0,0,0,10078,625,0,0,0,0,0,3,35.24085503412222,139.123519,,,,,,,,,,,,,233,red,7574,10703,18277
83,,3110050,1,20261003,14747,2193,1005,0,0,0,0,15487,2581,499,0,0,0,0,3,36.238458295364495,139.8048878,,,,,,,,,,,,,233,red,17945,18567,36512
83,,3110060,1,20261003,26395,2173,548,0,0,0,0,27822,2328,525,0,0,0,0,3,36.51217142568756,139.9177551,,,,,,,,,,,,,233,red,29116,30675,59791
83,,3110070,1,20261003,10853,710,162,0,0,0,0,11405,865,167,0,0,0,0,3,36.833366956056416,139.9495983,,,,,,,,,,,,,233,red,11725,12437,24162
83,,3110080,1,20261003,5586,195,88,0,0,0,0,5238,232,148,0,0,0,0,3,36.29676104543397,139.7863913,,,,,,,,,,,,,233,red,5869,5618,11487
83,,3110090,1,20261003,8371,173,220,0,0,0,0,8581,159,91,0,0,0,0,3,36.52417383570154,139.8798609,,,,,,,,,,,,,233,red,8764,8831,17595
83,,3110100,1,20261003,8360,198,127,0,0,0,0,9692,219,136,0,0,0,0,3,36.58529299577252,139.9295837,,,,,,,,,,,,,233,red,8685,10047,18732
83,,3110110,1,20261003,7833,480,0,0,0,0,0,7833,582,0,0,0,0,0,3,36.019401995100274,140.15926790000003,,,,,,,,,,,,,227,red,8313,8415,16728
83,,3110120,1,20261003,9778,912,0,0,0,0,0,28,1,0,0,0,0,0,3,36.297327425434645,140.4228446,,,,,,,,,,,,,227,red,10690,29,10719
83,,3110140,1,20261003,13363,958,828,0,0,0,0,13895,1213,662,0,0,0,0,3,35.70274880470968,139.8786539,,,,,,,,,,,,,233,red,15149,15770,30919
83,,3110150,1,20261003,12108,1610,1288,0,0,0,0,14078,1252,984,0,0,0,0,3,35.61902656460475,140.0975838,,,,,,,,,,,,,233,red,15006,16314,31320
83,,3110160,1,20261003,14037,1317,1412,0,0,0,0,14085,1088,1487,0,0,0,0,3,35.56474703453633,139.7273263,,,,,,,,,,,,,233,red,16766,16660,33426
83,,3110170,1,20261003,14711,2281,0,0,0,0,0,15404,1333,0,0,0,0,0,3,35.52794003448978,139.70328,,,,,,,,,,,,,233,red,16992,16737,33729
83,,3110180,1,20261003,12378,1743,0,0,0,2,0,11970,1861,0,0,0,53,0,3,35.47903203442772,139.638693,,,,,,,,,,,,,233,red,14121,13831,27952
83,,3110190,1,20261003,10165,229,725,0,0,0,0,10020,263,808,0,0,0,0,3,35.26731403415642,139.685375,,,,,,,,,,,,,233,red,11119,11091,22210
83,,3110200,1,20261003,7798,214,474,0,0,0,0,7489,221,613,0,0,0,0,3,35.36071103427663,139.629686,,,,,,,,,,,,,233,red,8486,8323,16809
83,,3110220,1,20261003,16254,2534,0,0,0,2,0,15186,2251,0,0,0,0,0,3,35.58894027456686,139.3426681,,,,,,,,,,,,,233,red,18788,17437,36225
83,,3110230,1,20261003,5991,320,567,0,0,0,0,6081,367,422,0,0,0,0,3,35.483485034433386,139.527129,,,,,,,,,,,,,233,red,6878,6870,13748
83,,3110240,1,20261003,10847,1922,0,0,0,0,0,11783,2159,0,0,0,0,0,3,35.83073572486877,139.3800849,,,,,,,,,,,,,233,red,12769,13942,26711
83,,3110250,1,20261003,16551,2569,561,0,0,0,0,16499,2525,367,0,0,0,0,3,35.707798574715994,140.1198261,,,,,,,,,,,,,233,red,19681,19391,39072
83,,3110260,1,20261003,13058,1368,496,0,0,0,0,13358,1354,369,0,0,0,0,3,35.53057826449313,140.0927666,,,,,,,,,,,,,233,red,14922,15081,30003
83,,3110270,1,20261003,9942,1049,617,0,0,0,0,11445,1562,693,0,0,0,0,3,35.79240130482129,139.6854329,,,,,,,,,,,,,233,red,11608,13700,25308
83,,3110280,1,20261003,21852,2730,0,0,0,0,0,21561,3294,0,0,0,0,0,3,35.803056924834515,139.6481824,,,,,,,,,,,,,233,red,24582,24855,49437
83,,3110290,1,20261003,15848,1151,0,0,0,0,0,15623,1472,0,0,0,0,0,3,36.07243401516468,139.4990623,,,,,,,,,,,,,233,red,16999,17095,34094
83,,3110300,1,20261003,6580,204,0,0,0,0,0,6452,237,0,0,0,0,0,3,36.18854634530473,139.3083894,,,,,,,,,,,,,233,red,6784,6689,13473
83,,3110310,1,20261003,8472,373,160,0,0,0,0,8899,437,162,0,0,0,0,3,36.28225430541672,139.0870374,,,,,,,,,,,,,233,red,9005,9498,18503
83,,3110320,1,20261003,17017,435,414,0,0,0,0,16469,408,323,0,0,0,0,3,36.3553183655034,139.0125096,,,,,,,,,,,,,233,red,17866,17200,35066
83,,3110350,1,20261003,8602,647,0,0,0,0,0,9635,700,0,0,0,0,0,3,36.343173145489025,138.5572287,,,,,,,,,,,,,233,red,9249,10335,19584
83,,3110360,1,20261003,9141,364,0,0,0,0,0,8611,340,0,0,0,0,0,3,36.37715425552919,138.2764444,,,,,,,,,,,,,233,red,9505,8951,18456
83,,3110370,1,20261003,7111,335,0,0,0,0,0,7713,392,0,0,0,0,0,3,36.6491958258463,138.2215959,,,,,,,,,,,,,233,red,7446,8105,15551
83,,3110380,1,20261003,7798,333,0,0,0,0,0,7331,361,0,0,0,0,0,3,36.20646628532621,137.9629773,,,,,,,,,,,,,233,red,8131,7692,15823
83,,3110390,1,20261003,2186,141,0,0,0,0,0,2211,154,0,0,0,0,0,3,36.53866995571842,137.9675826,,,,,,,,,,,,,233,red,2327,2365,4692
83,,3110400,1,20261003,13591,590,877,0,0,0,0,15142,700,1102,0,0,0,0,3,35.669090024667575,139.59433440000004,,,,,,,,,,,,,233,red,15058,16944,32002
83,,3110410,1,20261003,5848,175,492,0,0,0,0,6129,346,426,0,0,0,0,3,35.617552604602885,139.1855389,,,,,,,,,,,,,233,red,6515,6901,13416
83,,3110420,1,20261003,7209,342,0,0,0,0,0,6089,410,0,0,0,0,0,3,35.611220394594916,138.9628673,,,,,,,,,,,,,233,red,7551,6499,14050
83,,3110430,1,20261003,2481,1528,0,0,0,0,0,1780,1663,0,0,0,0,0,3,35.603966294585796,138.8040242,,,,,,,,,,,,,233,red,4009,3443,7452
83,,3110440,1,20261003,12912,631,0,0,0,0,0,11665,607,0,0,0,0,0,3,35.66782617466599,138.5078037,,,,,,,,,,,,,233,red,13543,12272,25815
83,,3110450,1,20261003,3290,209,0,0,0,0,0,3225,202,0,0,0,0,0,3,35.90777048496373,138.2345215,,,,,,,,,,,,,233,red,3499,3427,6926
83,,3110460,1,20261003,5234,220,0,0,0,0,0,4793,217,0,0,0,0,0,3,36.07055654516242,138.0938691,,,,,,,,,,,,,233,red,5454,5010,10464
83,,3110470,1,20261003,7171,486,190,0,0,0,0,7101,460,96,0,0,0,0,3,36.378318235530564,139.2290443,,,,,,,,,,,,,233,red,7847,7657,15504
83,,3110480,1,20261003,13746,1167,220,0,0,0,0,13380,1009,263,0,0,0,0,3,36.314701575455274,139.4271684,,,,,,,,,,,,,233,red,15133,14652,29785
83,,3110490,1,20261003,8050,483,0,0,0,0,0,7987,484,0,0,0,0,0,3,36.3924270955472,140.2677888,,,,,,,,,,,,,227,red,8533,8471,17004
83,,3110520,1,20261003,4680,309,0,0,0,0,0,4884,365,0,0,0,0,0,3,35.95803238502537,140.6007609,,,,,,,,,,,,,227,red,4989,5249,10238
83,,3110550,1,20261003,623,15,43,0,0,0,0,600,14,44,0,0,0,0,3,35.150913034005455,139.829981,,,,,,,,,,,,,233,red,681,658,1339
83,,3110560,1,20261003,6901,397,0,0,0,0,0,6730,240,0,0,0,0,0,3,35.43543715437221,138.84019380000004,,,,,,,,,,,,,233,red,7298,6970,14268
83,,3110570,1,20261003,4262,191,0,0,0,0,0,4555,411,0,0,0,0,0,3,35.39117538431567,138.86336800000004,,,,,,,,,,,,,233,red,4453,4966,9419
83,,3110580,1,20261003,3417,345,0,0,0,0,0,3441,315,0,0,0,0,0,3,35.47790102442629,138.6703992,,,,,,,,,,,,,233,red,3762,3756,7518
83,,3110590,1,20261003,5627,176,0,0,0,0,0,6187,210,0,0,0,0,0,3,35.51892892447836,138.83839670000003,,,,,,,,,,,,,232,red,5803,6397,12200
83,,3110610,1,20261003,20016,1459,920,0,0,0,0,11400,772,3168,0,0,0,0,3,35.536946034501184,139.510691,,,,,,,,,,,,,233,red,22395,15340,37735
83,,3110620,1,20261003,17099,2218,770,0,0,0,0,18349,2575,805,0,0,0,0,3,35.472892034419914,139.412266,,,,,,,,,,,,,233,red,20087,21729,41816
83,,3110630,1,20261003,12345,643,572,0,0,0,0,11869,674,743,0,0,0,0,3,35.4275870343622,139.351511,,,,,,,,,,,,,233,red,13560,13286,26846
83,,3110640,1,20261003,7969,335,500,0,0,0,0,8679,362,479,0,0,0,0,3,35.37445003429424,139.203293,,,,,,,,,,,,,233,red,8804,9520,18324
83,,3110650,1,20261003,6874,538,472,0,0,0,0,6814,724,316,0,0,0,0,3,35.36087503427685,139.014722,,,,,,,,,,,,,233,red,7884,7854,15738
83,,3110660,1,20261003,18688,2667,974,0,0,0,0,14778,2330,888,0,0,0,0,3,35.68396699468621,139.992342,,,,,,,,,,,,,233,red,22329,17996,40325
83,,3110670,1,20261003,6621,1829,437,0,0,0,0,6751,2320,388,0,0,0,0,3,35.588442964566234,139.7548217,,,,,,,,,,,,,233,red,8887,9459,18346
83,,3110980,1,20261003,7740,464,137,0,0,0,0,7651,454,193,0,0,0,0,1,36.24888937537695,138.4463891,,,,,,,,,,,,,233,red,8341,8298,16639
83,,3110990,1,20261003,5558,385,0,0,0,0,0,0,0,0,0,0,0,0,1,36.242588925369425,138.4374556,,,,,,,,,,,,,233,red,5943,0,5943
83,,3111000,1,20261003,0,0,0,0,0,0,0,5173,287,0,0,0,0,0,1,36.22486392534824,138.4372861,,,,,,,,,,,,,233,red,0,5460,5460
83,,3111010,1,20261003,4687,336,0,0,0,0,0,4771,288,0,0,0,0,0,1,36.16839725528054,138.4688,,,,,,,,,,,,,233,red,5023,5059,10082
83,,3111030,1,20261003,3309,298,0,0,0,0,0,0,0,0,0,0,0,0,1,36.14629447525393,138.4676028,,,,,,,,,,,,,233,red,3607,0,3607
83,,3111040,1,20261003,0,0,0,0,0,0,0,3370,253,0,0,0,0,0,1,36.13644447524206,138.4613806,,,,,,,,,,,,,233,red,0,3623,3623
83,,3111050,1,20261003,6182,417,211,0,0,0,0,5652,516,150,0,0,0,0,1,35.443037034381895,138.453937,,,,,,,,,,,,,233,red,6810,6318,13128
83,,3111060,1,20261003,5935,362,158,0,0,0,0,5476,400,438,0,0,0,0,1,35.48100503443024,138.45894900000002,,,,,,,,,,,,,233,red,6455,6314,12769
83,,3111070,1,20261003,6199,449,251,0,0,0,0,5360,533,175,0,0,0,0,1,35.35961103427522,138.456636,,,,,,,,,,,,,233,red,6899,6068,12967
83,,3111080,1,20261003,6216,450,239,0,0,0,0,5457,524,150,0,0,0,0,1,35.337913034247364,138.45119000000003,,,,,,,,,,,,,233,red,6905,6131,13036
83,,3111090,1,20261003,5765,418,259,0,0,0,0,4920,480,185,0,0,0,0,1,35.27778503416994,138.444487,,,,,,,,,,,,,233,red,6442,5585,12027
83,,3310680,1,20261003,13929,894,885,0,0,0,0,15610,913,1205,0,0,0,0,3,35.55346203452207,139.695301,,,,,,,,,,,,,233,red,15708,17728,33436
83,,3310690,1,20261003,9047,653,1017,0,0,0,0,9987,706,832,0,0,0,0,3,35.476498034424495,139.611304,,,,,,,,,,,,,233,red,10717,11525,22242
83,,3310720,1,20261003,16553,1160,894,0,0,0,0,15790,1441,1227,0,0,0,0,3,35.78172684480805,139.8030451,,,,,,,,,,,,,233,red,18607,18458,37065
83,,3310730,1,20261003,12453,818,1319,0,0,0,0,13388,1033,1502,0,0,0,0,3,35.723854004736026,139.819876,,,,,,,,,,,,,233,red,14590,15923,30513
83,,3310740,1,20261003,16914,1186,1096,0,0,0,0,0,0,0,0,233,233,0,3,35.76173829478322,139.8620188,,,,,,,,,,,,,233,red,19196,0,19196
83,,3310750,1,20261003,15331,1122,1077,0,0,0,0,20121,1558,1031,0,0,0,0,3,35.768080334791094,139.8831359,,,,,,,,,,,,,233,red,17530,22710,40240
83,,3310760,1,20261003,6929,456,0,0,0,0,0,6767,218,0,0,0,0,0,3,36.333593035477676,140.487226,,,,,,,,,,,,,227,red,7385,6985,14370
83,,3310770,1,20261003,14112,1093,1910,0,0,0,0,11944,1132,1531,0,0,0,0,3,35.696867714702336,139.8301488,,,,,,,,,,,,,233,red,17115,14607,31722
83,,3310780,1,20261003,11733,971,1154,0,0,0,0,12873,866,1143,0,0,0,0,3,35.550513454518345,139.7165117,,,,,,,,,,,,,233,red,13858,14882,28740
83,,3310790,1,20261003,9092,663,0,0,0,0,0,9297,740,0,0,0,0,0,3,35.30616103420651,139.624807,,,,,,,,,,,,,233,red,9755,10037,19792
83,,3310810,1,20261003,14710,2740,771,0,0,0,0,14694,2784,784,0,0,0,0,3,35.88142903493132,139.9657318,,,,,,,,,,,,,233,red,18221,18262,36483
83,,3310820,1,20261003,14704,1420,1599,0,0,0,0,13885,1629,890,0,0,0,0,3,35.769723434793136,139.7015664,,,,,,,,,,,,,233,red,17723,16404,34127
83,,3310830,1,20261003,5516,235,163,0,0,0,0,4947,245,164,0,0,0,0,3,36.65616783585431,139.0205401,,,,,,,,,,,,,233,red,5914,5356,11270
83,,3310840,1,20261003,14913,820,1008,0,0,0,0,13896,785,1704,0,0,0,0,3,35.67115788467016,139.6194506,,,,,,,,,,,,,233,red,16741,16385,33126
83,,3310850,1,20261003,17481,767,0,0,0,0,0,16069,740,0,0,0,0,0,3,35.644829464637155,138.6173022,,,,,,,,,,,,,233,red,18248,16809,35057
83,,3310860,1,20261003,3110,186,0,0,0,0,0,3050,213,0,0,0,0,0,3,35.85597447489995,138.2880181,,,,,,,,,,,,,233,red,3296,3263,6559
83,,3310880,1,20261003,3416,140,0,0,0,0,0,3317,192,0,0,0,0,0,3,35.58082577455663,138.474952,,,,,,,,,,,,,233,red,3556,3509,7065
83,,3310890,1,20261003,16578,877,1364,0,0,0,0,16753,935,1503,0,0,0,0,3,35.625824724613295,139.6414769,,,,,,,,,,,,,233,red,18819,19191,38010
83,,3310900,1,20261003,24154,1557,1897,0,0,0,0,23738,1488,1780,0,0,0,0,3,35.60764403459042,139.613062,,,,,,,,,,,,,233,red,27608,27006,54614
83,,3310910,1,20261003,6477,696,376,0,0,0,0,7096,745,234,0,0,0,0,3,35.34910803426173,139.141352,,,,,,,,,,,,,233,red,7549,8075,15624
83,,3310920,1,20261003,12115,728,1501,0,0,0,0,11890,1062,2473,0,0,0,0,3,35.74888073476721,139.6969986,,,,,,,,,,,,,233,red,14344,15425,29769
83,,3310930,1,20261003,15385,1013,1229,0,0,0,0,15987,1153,1041,0,0,0,0,3,35.757753044778255,139.6835902,,,,,,,,,,,,,233,red,17627,18181,35808
83,,3310940,1,20261003,21161,2346,908,0,0,0,0,18965,2181,574,0,0,0,0,3,35.653820154648436,140.0442401,,,,,,,,,,,,,233,red,24415,21720,46135
83,,3310950,1,20261003,22339,4208,1180,0,0,0,0,20173,4138,1410,0,0,0,0,3,35.64815995464133,139.9005461,,,,,,,,,,,,,233,red,27727,25721,53448
83,,3310960,1,20261003,4086,1412,362,0,0,0,0,4083,1092,337,0,0,0,0,3,35.646721404639536,139.8238456,,,,,,,,,,,,,233,red,5860,5512,11372
84,,4110010,1,20261003,27923,2303,0,0,0,0,0,25763,3757,0,0,0,0,0,3,37.932215037230314,139.139722,,,,,,,,,,,,,233,red,30226,29520,59746
84,,4110020,1,20261003,8199,259,0,0,0,0,0,8577,284,0,0,0,0,0,3,37.96100603725917,139.354741,,,,,,,,,,,,,233,red,8458,8861,17319
84,,4110030,1,20261003,2234,460,0,0,0,0,0,2330,347,0,0,0,0,0,3,38.540634037818585,139.550276,,,,,,,,,,,,,223,red,2694,2677,5371
84,,4110040,1,20261003,39154,3125,0,0,0,0,0,38994,1873,0,0,0,0,0,3,37.89993403719785,139.068639,139.0649569,37.8988954271968,,,,,,,,,,,233,red,42279,40867,83146
84,,4110060,1,20261003,7439,546,358,0,0,0,0,7531,468,433,0,0,0,0,3,37.56415502685272,138.8938299,,,,,,,,,,,,,233,red,8343,8432,16775
84,,4110070,1,20261003,7961,218,99,0,0,0,0,8333,172,129,0,0,0,0,3,37.44889503673119,138.76828100000003,,,,,,,,,,,,,233,red,8278,8634,16912
84,,4110090,1,20261003,1484,216,0,0,0,0,0,1721,240,0,0,0,0,0,3,36.97923003622018,137.642048,,,,,,,,,,,,,233,red,1700,1961,3661
84,,4110110,1,20261003,13864,486,154,0,0,0,0,13050,522,169,0,0,0,0,3,36.737147395947105,137.3387361,137.3387361,36.737147395947105,,,,,,,,,,,233,red,14504,13741,28245
84,,4110120,1,20261003,13101,793,177,0,0,0,0,13956,704,206,0,0,0,0,3,36.74295939595373,137.1063924,,,,,,,,,,,,,233,red,14071,14866,28937
84,,4110130,1,20261003,12371,717,166,0,0,0,0,12686,608,162,0,0,0,0,3,36.75988562597303,137.0465469,,,,,,,,,,,,,233,red,13254,13456,26710
84,,4110140,1,20261003,8663,555,150,0,0,0,0,8652,645,121,0,0,0,0,3,36.6765250558777,136.8260425,,,,,,,,,,,,,233,red,9368,9418,18786
84,,4110150,1,20261003,25828,1716,0,0,0,0,0,26667,1922,0,0,0,0,0,3,36.589046875776866,136.6271782,136.6276288,36.58868075577644,,,,,,,,,,,233,red,27544,28589,56133
84,,4110160,1,20261003,10797,789,0,0,0,0,0,10670,724,0,0,0,0,0,3,36.33272803547666,136.42083400000004,,,,,,,,,,,,,233,red,11586,11394,22980
84,,4110180,1,20261003,3961,128,0,0,0,0,0,3643,107,0,0,0,0,0,3,37.35568202663179,138.5718066,,,,,,,,,,,,,233,red,4089,3750,7839
84,,4110190,1,20261003,915,24,94,0,0,0,0,776,33,150,0,0,0,0,3,36.785345316001994,138.8016209,,,,,,,,,,,,,233,red,1033,959,1992
84,,4110200,1,20261003,5144,261,188,0,0,0,0,5164,294,390,0,0,0,0,3,37.05929117630906,138.8725331,,,,,,,,,,,,,233,red,5593,5848,11441
84,,4110210,1,20261003,7746,310,412,0,0,0,0,0,0,0,0,0,0,0,3,37.379305636657065,138.8344324,,,,,,,,,,,,,233,red,8468,0,8468
84,,4110220,1,20261003,3248,186,0,0,0,0,0,3164,180,0,0,0,0,0,3,36.859512036085945,138.194944,,,,,,,,,,,,,233,red,3434,3344,6778
84,,4110230,1,20261003,5813,157,116,0,0,0,0,5484,207,123,0,0,0,0,3,36.59277686578118,137.2042608,,,,,,,,,,,,,233,red,6086,5814,11900
84,,4110240,1,20261003,10518,323,109,0,0,0,0,10680,311,82,0,0,0,0,3,36.68543044588792,137.2119749,,,,,,,,,,,,,233,red,10950,11073,22023
84,,4110250,1,20261003,2507,167,0,0,0,0,0,2516,170,0,0,0,0,0,3,37.66099003695361,139.47592,,,,,,,,,,,,,233,red,2674,2686,5360
84,,4110260,1,20261003,2887,249,0,0,0,0,0,2749,195,0,0,0,0,0,3,38.081379037378746,139.576978,,,,,,,,,,,,,233,red,3136,2944,6080
84,,4110270,1,20261003,3512,238,0,0,0,0,0,3592,291,0,0,0,0,0,3,37.60222103689251,138.798415,,,,,,,,,,,,,233,red,3750,3883,7633
84,,4110280,1,20261003,8449,155,51,0,0,0,0,9161,164,66,0,0,0,0,3,36.650611795847915,136.963672,,,,,,,,,,,,,233,red,8655,9391,18046
84,,4110290,1,20261003,9034,564,0,0,0,0,0,9056,525,0,0,0,0,0,3,36.52124203569812,136.587868,,,,,,,,,,,,,233,red,9598,9581,19179
84,,4110300,1,20261003,14194,1701,0,0,233,0,0,15661,612,0,0,0,0,0,3,36.59043403577848,136.685666,136.68521,36.59039903577843,,,,,,,,,,,233,red,15895,16273,32168
84,,4110310,1,20261003,603,12,17,0,0,0,0,595,20,31,0,0,0,0,3,37.0464990362949,137.047738,,,,,,,,,,,,,233,red,632,646,1278
84,,4110320,1,20261003,2679,173,68,0,0,0,0,3097,257,76,0,0,0,0,3,36.8686864160963,136.96136,,,,,,,,,,,,,233,red,2920,3430,6350
84,,4110330,1,20261003,4255,217,91,0,0,0,0,4664,327,102,0,0,0,0,3,36.83313510605615,136.9442582,,,,,,,,,,,,,233,red,4563,5093,9656
84,,4110340,1,20261003,5174,837,0,0,0,0,0,4640,1808,0,0,0,0,0,3,36.75969223597281,136.9658715,,,,,,,,,,,,,233,red,6011,6448,12459
84,,4110350,1,20261003,2606,206,4,0,0,0,0,3005,459,0,0,233,0,0,3,37.240650036507716,136.905469,,,,,,,,,,,,,233,red,2816,3464,6280
84,,4110351,1,20261003,1274,129,0,0,0,0,0,1329,174,0,0,0,0,0,3,37.31000403658269,136.9066,,,,,,,,,,,,,233,red,1403,1503,2906
84,,4110370,1,20261003,4554,167,0,0,0,0,0,4288,152,0,0,0,0,0,6,37.83527203713243,139.227435,,,,,,,,,,,,,233,red,4721,4440,9161
84,,4110371,1,20261003,4838,289,0,0,0,0,0,5356,286,0,0,0,0,0,3,37.829370037126424,139.20906,,,,,,,,,,,,,233,red,5127,5642,10769
84,,4110380,1,20261003,3865,128,0,0,0,0,0,3563,107,0,0,0,0,0,3,37.73164303702653,139.333641,,,,,,,,,,,,,233,red,3993,3670,7663
84,,4110390,1,20261003,3367,152,0,0,0,0,0,3295,174,0,0,0,0,0,3,37.699376036993314,139.38248,,,,,,,,,,,,,233,red,3519,3469,6988
84,,4110400,1,20261003,2704,185,0,0,0,0,0,2962,272,0,0,0,0,0,3,37.012781036257515,137.026061,,,,,,,,,,,,,233,red,2889,3234,6123
84,,4110410,1,20261003,16859,990,0,0,0,0,0,6073,263,0,0,0,233,0,3,36.38238103553535,136.486002,,,,,,,,,,,,,233,red,17849,6336,24185
84,,4110430,1,20261003,861,82,0,0,0,0,0,758,108,0,0,0,0,0,3,37.01726703626248,136.967459,,,,,,,,,,,,,233,red,943,866,1809
84,,4110440,1,20261003,4663,218,106,0,0,0,0,4965,366,80,0,0,0,0,3,36.80001257601863,136.9558319,,,,,,,,,,,,,233,red,4987,5411,10398
84,,4110450,1,20261003,2804,184,72,0,0,0,0,3037,381,100,0,0,0,0,3,36.88168028611092,136.97572590000001,,,,,,,,,,,,,233,red,3060,3518,6578
84,,4110460,1,20261003,2544,153,88,0,0,0,0,2855,261,67,0,0,0,0,3,36.93083435616611,137.0132339,,,,,,,,,,,,,233,red,2785,3183,5968
84,,4110470,1,20261003,8199,331,70,0,0,0,0,7982,318,74,0,0,0,0,3,36.84399970606843,137.4189931,,,,,,,,,,,,,233,red,8600,8374,16974
84,,4110480,1,20261003,6169,476,0,0,0,0,0,5932,390,0,0,0,0,0,3,37.7661015170619,139.0265521,,,,,,,,,,,,,233,red,6645,6322,12967
84,,4110490,1,20261003,5418,407,0,0,0,0,0,5508,323,0,0,0,0,0,3,37.77256794706851,139.0261587,,,,,,,,,,,,,233,red,5825,5831,11656
84,,4110880,1,20261003,5634,319,0,0,0,0,0,5789,258,0,0,0,0,0,3,37.159443036419226,138.223379,,,,,,,,,,,,,233,red,5953,6047,12000
84,,4160390,1,20261003,1549,346,0,0,0,0,0,1642,240,0,0,0,0,0,1,38.268866037561445,139.522026,,,,,,,,,,,,,221,red,1895,1882,3777
84,,4310010,1,20261003,22044,866,0,0,0,0,0,18201,821,0,0,0,0,0,3,37.90111003719903,139.07252,139.07275,37.90117003719909,,,,,,,,,,,233,red,22910,19022,41932
84,,4310012,1,20261003,7202,140,0,0,0,0,0,6320,103,0,0,0,0,0,3,37.92162903721969,139.058415,139.059129,37.921847037219905,,,,,,,,,,,233,red,7342,6423,13765
84,,4310014,1,20261003,27581,1642,0,0,0,3,0,21719,1174,0,0,0,233,0,3,37.91719603721522,139.11685,,,,,,,,,,,,,233,red,29223,22893,52116
84,,4310020,1,20261003,15577,550,0,0,0,0,0,8358,224,0,0,0,0,0,3,37.96990561726807,139.2601579,,,,,,,,,,,,,233,red,16127,8582,24709
84,,4310030,1,20261003,14909,543,0,0,0,0,0,12212,409,0,0,0,0,0,3,37.959626427257795,139.290365,,,,,,,,,,,,,233,red,15452,12621,28073
84,,4310060,1,20261003,11488,673,0,0,0,0,0,13616,726,0,0,0,0,0,3,37.855369037152805,139.017016,,,,,,,,,,,,,233,red,12161,14342,26503
84,,4310070,1,20261003,7095,473,0,0,0,0,0,6413,429,0,0,0,0,0,3,37.213535036478255,138.30873,,,,,,,,,,,,,233,red,7568,6842,14410
84,,4310080,1,20261003,7887,366,0,0,0,0,0,8411,276,0,0,0,0,0,3,37.15957303641935,138.228132,,,,,,,,,,,,,233,red,8253,8687,16940
84,,4310090,1,20261003,4060,349,0,0,0,0,0,4066,248,0,0,0,0,0,3,37.119068036374955,138.031711,,,,,,,,,,,,,233,red,4409,4314,8723
84,,4310100,1,20261003,4823,319,0,0,0,0,0,4440,253,0,0,0,0,0,3,37.04548803629378,137.853387,,,,,,,,,,,,,233,red,5142,4693,9835
84,,4310110,1,20261003,2773,90,92,0,0,0,0,1828,44,58,0,0,0,0,3,37.055192036304526,137.905522,,,,,,,,,,,,,233,red,2955,1930,4885
84,,4310120,1,20261003,4536,358,0,0,0,0,0,4560,326,0,0,0,0,0,3,36.94553606618256,137.53465,,,,,,,,,,,,,233,red,4894,4886,9780
84,,4310130,1,20261003,10101,438,38,0,0,0,0,10141,454,129,0,0,0,0,3,36.77997831599589,137.3953897,137.3949552,36.779578725995435,,,,,,,,,,,233,red,10577,10724,21301
84,,4310160,1,20261003,4235,172,0,0,0,0,0,4041,177,0,0,0,0,0,3,36.6900247158932,136.89856410000002,,,,,,,,,,,,,233,red,4407,4218,8625
84,,4310170,1,20261003,3160,207,83,0,0,0,0,0,0,0,0,0,0,0,3,36.92741586616228,137.4845517,,,,,,,,,,,,,233,red,3450,0,3450
84,,4310190,1,20261003,8724,665,0,0,233,0,0,8168,573,0,0,233,0,0,3,36.68614025588873,136.7302394,,,,,,,,,,,,,233,red,9389,8741,18130
84,,4310200,1,20261003,8239,455,0,0,0,0,0,8429,495,0,0,0,0,0,3,36.68324936588542,136.7232978,,,,,,,,,,,,,233,red,8694,8924,17618
84,,4310210,1,20261003,21451,1590,0,0,0,0,0,20678,1406,0,0,0,0,0,3,36.562841365746486,136.5982425,,,,,,,,,,,,,233,red,23041,22084,45125
84,,4310220,1,20261003,17121,1491,0,0,0,0,0,18368,1109,0,0,0,0,0,3,36.50450003567862,136.550432,,,,,,,,,,,,,233,red,18612,19477,38089
84,,4310230,1,20261003,13763,919,0,0,0,0,0,14359,780,0,0,0,0,0,3,36.42391556558427,136.483165,,,,,,,,,,,,,233,red,14682,15139,29821
84,,4310250,1,20261003,6719,584,0,0,0,0,0,7174,595,0,0,0,0,0,3,36.2785439554123,136.2915319,,,,,,,,,,,,,233,red,7303,7769,15072
84,,4310270,1,20261003,2503,43,16,0,0,0,0,1886,35,14,0,0,0,0,3,37.072231146323354,138.87240170000004,,,,,,,,,,,,,233,red,2562,1935,4497
84,,4310280,1,20261003,5161,439,0,0,0,0,1,5708,357,0,0,0,0,1,3,36.93595003617183,138.219789,,,,,,,,,,,,,233,red,5600,6065,11665
84,,4310300,1,20261003,14719,755,0,0,0,0,0,15583,877,0,0,0,0,0,3,37.135361036392844,138.266363,,,,,,,,,,,,,233,red,15474,16460,31934
84,,4310310,1,20261003,3062,129,227,0,0,0,0,3413,185,282,0,0,0,0,3,36.469212195637375,137.2416294,,,,,,,,,,,,,233,red,3418,3880,7298
84,,4310320,1,20261003,2999,137,148,0,0,0,0,3331,178,210,0,0,0,0,3,36.51196446568731,137.2282451,,,,,,,,,,,,,233,red,3284,3719,7003
84,,4310330,1,20261003,8173,296,0,0,0,0,0,7955,360,0,0,0,0,0,3,36.636592975831775,137.209239,,,,,,,,,,,,,233,red,8469,8315,16784
84,,4310350,1,20261003,14187,747,0,0,0,0,0,13370,807,0,0,0,0,0,3,37.85868303715617,139.114645,,,,,,,,,,,,,233,red,14934,14177,29111
84,,4310360,1,20261003,3039,269,687,0,0,0,0,4165,254,143,0,0,0,0,3,37.44596703672809,138.637808,,,,,,,,,,,,,233,red,3995,4562,8557
84,,4310370,1,20261003,6091,416,0,0,0,0,0,6084,470,0,0,0,0,0,3,37.659782356952356,138.8757271,,,,,,,,,,,,,233,red,6507,6554,13061
84,,4310380,1,20261003,5207,366,0,0,0,0,0,5102,536,0,0,0,0,0,3,37.75046003704586,138.90062,,,,,,,,,,,,,233,red,5573,5638,11211
84,,4310390,1,20261003,64,90,0,0,0,1,0,13,21,0,0,0,105,0,3,37.8373130371345,138.931687,,,,,,,,,,,,,233,red,154,34,188
84,,4310400,1,20261003,455,18,51,0,0,0,0,488,35,80,0,0,0,0,3,36.554335475736636,137.0083094,,,,,,,,,,,,,233,red,524,603,1127
84,,4310410,1,20261003,3674,140,35,0,0,0,0,3620,127,52,0,0,0,0,3,36.956120636194385,136.8892354,,,,,,,,,,,,,233,red,3849,3799,7648
84,,4310411,1,20261003,3348,149,0,0,0,0,0,3326,141,0,0,0,0,0,3,36.92171203615589,136.844019,,,,,,,,,,,,,233,red,3497,3467,6964
84,,4310420,1,20261003,2015,72,0,0,0,0,0,2062,77,0,0,0,0,0,3,36.81057320603062,136.7629731,,,,,,,,,,,,,233,red,2087,2139,4226
84,,4310430,1,20261003,16234,996,0,0,0,0,0,16887,732,0,0,0,0,0,3,36.68889768589191,136.7214257,,,,,,,,,,,,,233,red,17230,17619,34849
84,,4310440,1,20261003,9954,341,0,0,0,0,0,10176,454,0,0,0,0,0,3,36.62649371582013,136.7029238,,,,,,,,,,,,,233,red,10295,10630,20925
84,,4310441,1,20261003,13276,504,0,0,0,0,0,13846,431,0,0,0,0,0,3,36.60182503579164,136.700048,,,,,,,,,,,,,233,red,13780,14277,28057
84,,4310450,1,20261003,18025,639,0,0,0,0,0,17820,354,1019,0,0,0,0,3,36.57428003575976,136.686305,136.6864014,36.57449126576,,,,,,,,,,,233,red,18664,19193,37857
84,,4310460,1,20261003,463,11,129,0,0,0,0,436,12,128,0,0,0,0,3,36.9580881961966,137.048108,,,,,,,,,,,,,233,red,603,576,1179
84,,4310470,1,20261003,10818,350,185,0,0,0,0,11626,320,207,0,0,0,0,3,36.77955370599541,137.0001501,,,,,,,,,,,,,233,red,11353,12153,23506
85,22,5110100,1,20261003,16991,1035,696,0,0,0,0,17610,1152,558,0,0,0,0,3,35.15213957400704,138.9246216,,,,,,,,,,,,,233,red,18722,19320,38042
85,22,5110109,1,20261003,6984,375,291,0,0,0,0,6921,430,183,0,0,0,0,3,35.118767763963525,138.9293772,,,,,,,,,,,,,233,red,7650,7534,15184
85,22,5110111,1,20261003,16969,535,420,0,0,0,0,15531,517,408,0,0,0,0,3,35.10924329395108,138.9124954,,,,,,,,,,,,,233,red,17924,16456,34380
85,22,5110115,1,20261003,15760,1094,0,0,0,0,0,15194,1187,0,0,0,0,0,3,35.138890033989775,138.739584,,,,,,,,,,,,,233,red,16854,16381,33235
85,22,5110120,1,20261003,21443,1714,0,0,0,0,0,22186,1647,0,0,0,0,0,3,35.06126803388831,138.536991,,,,,,,,,,,,,233,red,23157,23833,46990
85,22,5110125,1,20261003,14384,484,0,0,0,0,0,13599,401,0,0,0,0,0,3,34.99945503380712,138.431978,,,,,,,,,,,,,233,red,14868,14000,28868
85,22,5110130,1,20261003,22390,2455,0,0,0,0,0,21312,2246,0,0,0,0,0,3,35.00292603381168,138.37946,,,,,,,,,,,,,233,red,24845,23558,48403
85,22,5110135,1,20261003,22222,1888,0,0,0,0,0,22900,1719,0,0,0,0,0,3,34.9427310337323,138.326229,,,,,,,,,,,,,233,red,24110,24619,48729
85,22,5110140,1,20261003,13093,1175,0,0,0,0,0,12809,1108,0,0,0,0,0,3,34.87443903364182,138.231472,,,,,,,,,,,,,233,red,14268,13917,28185
85,22,5110145,1,20261003,12705,1056,0,0,0,0,0,12828,1193,0,0,0,0,0,3,34.831770733585074,138.1182557,,,,,,,,,,,,,233,red,13761,14021,27782
85,22,5110148,1,20261003,28528,1783,0,0,0,0,0,28596,1885,0,0,0,0,0,3,34.73805952345989,137.853806,,,,,,,,,,,,,233,red,30311,30481,60792
85,22,5110150,1,20261003,30085,1377,600,0,0,0,0,29097,1765,0,0,0,0,0,3,34.731415953450984,137.7966642,,,,,,,,,,,,,233,red,32062,30862,62924
85,22,5110155,1,20261003,16182,1636,0,0,0,0,0,7069,930,0,0,0,233,0,3,34.67742179337847,137.6802735,,,,,,,,,,,,,233,red,17818,7999,25817
85,22,5110158,1,20261003,18477,1485,0,0,0,0,0,18006,1460,0,0,0,0,0,3,34.67846877337988,137.608459,,,,,,,,,,,,,233,red,19962,19466,39428
85,22,5110160,1,20261003,13253,1150,0,0,0,0,0,13860,1340,0,0,0,0,0,3,34.67701253337791,137.5025406,,,,,,,,,,,,,233,red,14403,15200,29603
85,23,5110170,1,20261003,13882,1020,0,0,0,0,0,15906,1315,0,0,0,0,0,3,34.7982592835404,137.36621260000004,,,,,,,,,,,,,233,red,14902,17221,32123
85,23,5110175,1,20261003,12480,711,0,0,0,0,0,13388,641,0,0,0,0,0,3,34.92391956370741,137.2032416,,,,,,,,,,,,,233,red,13191,14029,27220
85,23,5110180,1,20261003,6948,620,0,0,0,0,0,7304,361,0,0,0,0,0,3,35.12246228396835,136.7712316,,,,,,,,,,,,,233,red,7568,7665,15233
85,24,5110185,1,20261003,9359,697,0,0,0,0,0,8842,719,0,0,0,0,0,3,35.02683417384312,136.6459825,,,,,,,,,,,,,233,red,10056,9561,19617
85,24,5110190,1,20261003,9425,1067,0,0,0,0,0,10345,1193,0,0,0,0,0,3,34.914394373694805,136.5686551,,,,,,,,,,,,,233,red,10492,11538,22030
85,23,5110250,1,20261003,12948,997,0,0,0,0,0,13091,863,0,0,0,0,0,3,35.23002111410819,136.9279236,,,,,,,,,,,,,233,red,13945,13954,27899
85,23,5110255,1,20261003,13541,837,0,0,0,0,0,9767,825,0,0,0,0,0,3,35.22358825409986,136.8807274,,,,,,,,,,,,,233,red,14378,10592,24970
85,22,5111410,1,20261003,5028,215,195,0,0,0,0,5265,173,205,0,0,0,0,3,34.9385786437268,138.9422778,,,,,,,,,,,,,233,red,5438,5643,11081
85,22,5111435,1,20261003,14058,980,0,0,0,0,0,13710,815,0,0,0,0,0,3,35.112323893955114,138.9483055,,,,,,,,,,,,,233,red,15038,14525,29563
85,22,5111440,1,20261003,8394,432,8,0,0,0,0,6992,365,39,0,0,0,0,3,35.09294534392978,138.9461249,,,,,,,,,,,,,233,red,8834,7396,16230
85,22,5111460,1,20261003,1851,85,0,0,0,0,0,1605,120,0,0,0,0,0,3,34.773393033507176,138.94734200000002,,,,,,,,,,,,,233,red,1936,1725,3661
85,23,5111910,1,20261003,20773,1966,0,0,0,0,0,20970,2113,0,0,0,0,0,3,35.251491704135965,136.9747388,,,,,,,,,,,,,233,red,22739,23083,45822
85,21,5111920,1,20261003,14348,842,0,0,0,0,0,13478,909,0,0,0,0,0,3,35.33014667423738,137.0762497,,,,,,,,,,,,,233,red,15190,14387,29577
85,21,5111930,1,20261003,13036,649,0,0,0,0,0,12914,758,0,0,0,0,0,3,35.36635604428386,137.2135359,,,,,,,,,,,,,233,red,13685,13672,27357
85,21,5111940,1,20261003,16337,1030,0,0,0,0,0,18233,974,0,0,0,0,0,3,35.477490394425764,137.4827895,,,,,,,,,,,,,233,red,17367,19207,36574
85,21,5111950,1,20261003,6015,360,0,0,0,0,0,5689,340,0,0,0,0,0,3,35.54294722450878,137.5415325,,,,,,,,,,,,,233,red,6375,6029,12404
85,20,5111960,1,20261003,4163,363,0,0,0,0,0,3698,328,0,0,0,0,0,3,35.79372550482294,137.6867026,,,,,,,,,,,,,233,red,4526,4026,8552
85,20,5111970,1,20261003,0,0,0,0,0,233,0,6181,0,0,0,0,0,0,3,35.86568255491192,137.7375698,,,,,,,,,,,,,233,red,0,6181,6181
85,21,5112190,1,20261003,3761,265,0,0,0,0,0,3659,302,0,0,0,0,0,3,35.35969120427531,136.4557958,,,,,,,,,,,,,233,red,4026,3961,7987
85,21,5112240,1,20261003,21173,1366,0,0,0,0,0,19389,1175,0,0,0,0,0,3,35.38091091430252,136.7844039,,,,,,,,,,,,,233,red,22539,20564,43103
85,23,5112320,1,20261003,28174,2673,0,0,0,0,0,27496,2977,0,0,0,0,0,3,34.935405063722605,137.0426846,,,,,,,,,,,,,233,red,30847,30473,61320
85,23,5112325,1,20261003,37113,3292,0,0,0,0,0,35879,4354,0,0,0,0,0,3,35.020771293835146,137.0130622,,,,,,,,,,,,,233,red,40405,40233,80638
85,23,5112330,1,20261003,42193,4157,0,0,0,0,0,43606,4436,0,0,0,0,0,3,35.04312062386452,136.9841158,,,,,,,,,,,,,233,red,46350,48042,94392
85,23,5112340,1,20261003,16902,2599,0,0,0,0,0,17140,2651,0,0,0,0,0,3,35.06974911389942,136.7566216,,,,,,,,,,,,,233,red,19501,19791,39292
85,24,5112350,1,20261003,19221,2223,0,0,0,0,0,19207,2362,0,0,0,0,0,3,35.00912200381983,136.6732612,,,,,,,,,,,,,233,red,21444,21569,43013
85,24,5112355,1,20261003,19756,642,0,0,0,0,0,17870,601,0,0,0,0,0,3,34.75468373348215,136.5225828,,,,,,,,,,,,,233,red,20398,18471,38869
85,24,5112360,1,20261003,13097,537,0,0,0,0,0,12853,457,0,0,0,0,0,3,34.558484833217825,136.6473028,,,,,,,,,,,,,233,red,13634,13310,26944
85,24,5112370,1,20261003,10012,766,0,0,0,0,0,10305,670,0,0,0,0,0,3,34.78302070352005,136.5006557,,,,,,,,,,,,,233,red,10778,10975,21753
85,24,5112375,1,20261003,10261,708,0,0,0,0,0,11021,723,0,0,0,0,0,3,34.74150673346451,136.4838785,,,,,,,,,,,,,233,red,10969,11744,22713
85,24,5112550,1,20261003,16627,2870,0,0,0,0,0,16793,3053,0,0,0,0,0,3,34.839452033595315,136.260335,,,,,,,,,,,,,233,red,19497,19846,39343
85,24,5112590,1,20261003,13275,2753,0,0,0,0,0,15729,2910,0,0,0,0,0,3,34.703780033413906,136.071242,,,,,,,,,,,,,233,red,16028,18639,34667
85,22,5113885,1,20261003,8974,662,0,0,0,0,0,10544,819,0,0,0,0,0,3,35.33142394423902,138.8977143,,,,,,,,,,,,,233,red,9636,11363,20999
85,22,5113890,1,20261003,6729,421,0,0,0,0,0,8205,276,0,0,0,0,0,3,35.32388868422933,138.9049485,,,,,,,,,,,,,233,red,7150,8481,15631
85,22,5113910,1,20261003,16274,1382,0,0,0,0,0,13572,1113,0,0,0,0,0,3,35.18190903404577,138.676858,,,,,,,,,,,,,233,red,17656,14685,32341
85,22,5113920,1,20261003,14947,1298,0,0,0,0,0,15578,857,0,0,0,0,0,3,35.209794034081966,138.64987,,,,,,,,,,,,,233,red,16245,16435,32680
85,22,5113990,1,20261003,3354,325,0,0,0,0,0,3427,296,0,0,0,0,0,3,35.41511303434628,138.590083,,,,,,,,,,,,,233,red,3679,3723,7402
85,23,5114110,1,20261003,16905,1621,0,0,0,0,0,16493,1658,0,0,0,0,0,3,35.268750034158266,136.907566,,,,,,,,,,,,,233,red,18526,18151,36677
85,23,5114120,1,20261003,17183,1931,0,0,0,0,0,18194,2048,0,0,0,0,0,3,35.33167103423934,136.91981,,,,,,,,,,,,,233,red,19114,20242,39356
85,21,5114130,1,20261003,5900,572,0,0,0,0,0,5725,382,0,0,0,0,0,3,35.48643303443713,137.055201,,,,,,,,,,,,,233,red,6472,6107,12579
85,21,5114140,1,20261003,4879,384,0,0,0,0,0,4570,351,0,0,0,0,0,3,35.78858303481656,137.25606,,,,,,,,,,,,,233,red,5263,4921,10184
85,21,5114150,1,20261003,4988,245,0,0,0,0,0,4815,267,0,0,0,0,0,3,35.86755403491424,137.213563,,,,,,,,,,,,,233,red,5233,5082,10315
85,21,5114160,1,20261003,3687,234,0,0,0,0,0,3403,199,0,0,0,0,0,3,36.07096803516291,137.267306,,,,,,,,,,,,,233,red,3921,3602,7523
85,21,5114170,1,20261003,2587,183,0,0,0,0,0,2331,304,0,0,0,0,0,3,36.26496203539611,137.138911,,,,,,,,,,,,,233,red,2770,2635,5405
85,21,5114180,1,20261003,1952,130,0,0,0,0,0,2232,186,0,0,0,0,0,3,36.459520035626035,137.248946,,,,,,,,,,,,,233,red,2082,2418,4500
85,24,5114210,1,20261003,7758,413,0,0,0,0,0,8049,239,0,0,0,0,0,3,34.51961103316506,136.541333,,,,,,,,,,,,,233,red,8171,8288,16459
85,24,5114230,1,20261003,2187,118,0,0,0,0,0,2198,121,0,0,0,0,0,3,34.31527803288554,136.410056,,,,,,,,,,,,,233,red,2305,2319,4624
85,24,5114250,1,20261003,1625,50,0,0,0,0,0,1644,49,0,0,0,0,0,3,34.09569403258125,136.196222,,,,,,,,,,,,,233,red,1675,1693,3368
85,24,5114270,1,20261003,1641,77,0,0,0,0,0,1708,78,0,0,0,0,0,3,34.275333032830495,136.358917,,,,,,,,,,,,,233,red,1718,1786,3504
85,24,5114290,1,20261003,5354,260,0,0,0,0,0,5322,235,0,0,0,0,0,3,33.86069403225124,136.076111,,,,,,,,,,,,,233,red,5614,5557,11171
85,22,5114610,1,20261003,14708,777,437,0,0,0,0,15027,787,604,0,0,0,0,3,35.152874244008,138.8951207,,,,,,,,,,,,,233,red,15922,16418,32340
85,22,5114620,1,20261003,9814,665,209,0,0,0,0,12601,809,470,0,0,0,0,3,35.13134103397993,138.875041,,,,,,,,,,,,,233,red,10688,13880,24568
85,22,5114630,1,20261003,11209,641,211,0,0,0,0,12166,626,234,0,0,0,0,3,35.14589793399891,138.8871002,,,,,,,,,,,,,233,red,12061,13026,25087
85,22,5114680,1,20261003,6684,592,0,0,0,0,0,6957,848,0,0,0,0,0,3,35.35910497427457,139.0109217,,,,,,,,,,,,,233,red,7276,7805,15081
85,22,5114740,1,20261003,456,33,0,0,0,0,0,491,46,0,0,0,0,0,3,35.073007033903686,137.787657,,,,,,,,,,,,,233,red,489,537,1026
85,22,5114750,1,20261003,1489,75,0,0,0,0,0,1814,71,0,0,0,0,0,3,34.90575222368336,137.6681803,,,,,,,,,,,,,233,red,1564,1885,3449
85,22,5115250,1,20261003,2330,133,0,0,0,0,0,1665,125,0,0,0,0,0,3,35.137162033987515,138.520651,,,,,,,,,,,,,233,red,2463,1790,4253
85,23,5115320,1,20261003,15531,874,0,0,0,0,0,15698,529,0,0,0,0,0,3,35.10723119394846,137.0409411,,,,,,,,,,,,,233,red,16405,16227,32632
85,23,5115340,1,20261003,5503,239,0,0,0,0,0,4940,295,0,0,0,0,0,3,35.13153551398018,137.304967,,,,,,,,,,,,,233,red,5742,5235,10977
85,20,5115370,1,20261003,0,0,0,0,233,233,0,0,0,0,0,233,233,0,3,35.50121594445591,137.794953,,,,,,,,,,,,,233,red,0,0,0
85,20,5115380,1,20261003,5411,177,0,0,0,0,0,5008,176,0,0,0,0,0,3,35.71541168472551,137.9379522,,,,,,,,,,,,,233,red,5588,5184,10772
85,23,5115530,1,20261003,6861,470,0,0,0,0,0,6030,579,0,0,0,0,0,3,35.06429103389226,137.11723,,,,,,,,,,,,,233,red,7331,6609,13940
85,21,5115610,1,20261003,21115,1299,0,0,0,0,0,21184,1535,0,0,0,0,0,3,35.39814591432458,136.7848921,,,,,,,,,,,,,233,red,22414,22719,45133
85,21,5115630,1,20261003,6093,268,0,0,0,0,0,5757,181,0,0,0,0,0,3,35.73557476475065,136.9518113,,,,,,,,,,,,,233,red,6361,5938,12299
85,21,5115650,1,20261003,4054,145,0,0,0,0,0,3754,138,0,0,0,0,0,3,35.88316975493347,136.85442030000002,,,,,,,,,,,,,233,red,4199,3892,8091
85,21,5115680,1,20261003,1171,72,0,0,0,0,0,1255,68,0,0,0,0,0,3,35.99802490507423,136.9009352,,,,,,,,,,,,,233,red,1243,1323,2566
85,21,5115820,1,20261003,2289,141,0,0,0,0,0,1826,158,0,0,0,0,0,3,36.18407203529936,137.542187,,,,,,,,,,,,,233,red,2430,1984,4414
85,22,5123510,1,20261003,8703,505,0,0,0,0,0,8795,390,0,0,0,0,0,3,35.141546483993245,139.1103673,,,,,,,,,,,,,233,red,9208,9185,18393
85,20,5125390,1,20261003,5423,185,0,0,0,0,0,5469,165,0,0,0,0,0,3,35.876706504925515,137.9806852,,,,,,,,,,,,,233,red,5608,5634,11242
85,23,5311910,1,20261003,13511,937,0,0,0,0,0,13606,1018,0,0,0,0,0,3,35.124239273970666,136.856963,,,,,,,,,,,,,233,red,14448,14624,29072
86,,6110010,1,20261003,5639,511,0,0,0,0,0,5887,521,0,0,0,0,0,3,34.938138216795814,136.265283823013,,,,,,,,,,,,,233,red,6150,6408,12558
86,,6110020,1,20261003,9161,478,0,0,0,0,0,8996,561,0,0,0,0,0,3,34.990936305895495,136.115165948867,,,,,,,,,,,,,233,red,9639,9557,19196
86,,6110030,1,20261003,9434,483,1768,0,0,0,0,10651,581,1393,0,0,0,0,3,35.005385003512316,135.956851243972,,,,,,,,,,,,,233,red,11685,12625,24310
86,,6110040,1,20261003,5775,380,0,0,0,0,0,6858,407,0,0,0,0,0,3,34.95699292997823,135.913501381874,,,,,,,,,,,,,233,red,6155,7265,13420
86,,6110050,1,20261003,13640,535,0,0,0,0,0,14084,559,0,0,0,0,0,3,34.99087038445861,135.844525694847,,,,,,,,,,,,,233,red,14175,14643,28818
86,,6110060,1,20261003,28410,1891,0,0,0,0,0,26114,2445,0,0,0,0,0,3,34.99142632024544,135.831109285354,,,,,,,,,,,,,233,red,30301,28559,58860
86,,6110070,1,20261003,20570,1300,0,0,0,0,0,20130,1266,0,0,0,0,0,3,34.98630409707048,135.82777261734,,,,,,,,,,,,,233,red,21870,21396,43266
86,,6110080,1,20261003,17411,2771,0,0,0,0,0,18714,2973,0,0,0,0,0,3,34.91099177877929,135.744452476501,,,,,,,,,,,,,233,red,20182,21687,41869
86,,6110090,1,20261003,21553,2918,0,0,0,0,0,22247,2856,0,0,0,0,0,3,34.805311519271704,135.649480819702,,,,,,,,,,,,,233,red,24471,25103,49574
86,,6110100,1,20261003,,,,0,0,0,233,,,,0,0,0,233,3,34.81945711253497,135.720393061637,,,,,,,,,,,,,233,red,0,0,0
86,,6110110,1,20261003,11934,631,0,0,0,0,0,12073,677,0,0,0,0,0,3,34.71960434074075,135.436824560165,,,,,,,,,,,,,233,red,12565,12750,25315
86,,6110120,1,20261003,12078,659,0,0,0,0,0,12322,533,0,0,0,0,0,3,34.64078623273222,135.106242299079,,,,,,,,,,,,,233,red,12737,12855,25592
86,,6110130,1,20261003,29492,3164,0,0,0,0,0,28565,3516,0,0,0,0,0,3,34.75756172115131,134.859353005886,,,,,,,,,,,,,233,red,32656,32081,64737
86,,6110140,1,20261003,26582,2735,0,0,0,0,0,29339,3047,0,0,0,0,0,3,34.83274825524009,134.630174338817,,,,,,,,,,,,,233,red,29317,32386,61703
86,,6110150,1,20261003,18647,2123,0,0,0,0,0,20035,2166,0,0,0,0,0,3,34.847425137493005,134.578367471694,,,,,,,,,,,,,233,red,20770,22201,42971
86,,6110170,1,20261003,6048,515,0,0,0,0,0,6457,541,0,0,0,0,0,3,36.23649392464164,136.286623477935,,,,,,,,,,,,,233,red,6563,6998,13561
86,,6110180,1,20261003,3488,352,0,0,0,0,0,3075,276,0,0,0,0,0,3,35.792989034822035,136.092793,,,,,,,,,,,,,233,red,3840,3351,7191
86,,6110190,1,20261003,4337,656,0,0,0,0,0,3903,530,0,0,0,0,0,3,35.62256603460919,136.08205800000002,,,,,,,,,,,,,233,red,4993,4433,9426
86,,6110200,1,20261003,6451,155,0,0,0,0,0,6192,174,0,0,0,0,0,3,35.319800029709974,136.279370784759,,,,,,,,,,,,,233,red,6606,6366,12972
86,,6110210,1,20261003,8480,434,0,0,0,0,0,8381,439,0,0,0,0,0,3,35.25049070224537,136.262805461883,,,,,,,,,,,,,233,red,8914,8820,17734
86,,6110220,1,20261003,8312,616,0,0,0,0,0,7770,558,0,0,0,0,0,3,35.135413702721344,136.168110072612,,,,,,,,,,,,,233,red,8928,8328,17256
86,,6110230,1,20261003,9645,609,0,0,0,0,0,8811,511,0,0,0,0,0,3,35.05193480694747,136.028718352317,,,,,,,,,,,,,233,red,10254,9322,19576
86,,6110240,1,20261003,17472,1180,0,0,0,0,0,17661,1266,0,0,0,0,0,3,34.97508726487281,135.666646957397,,,,,,,,,,,,,233,red,18652,18927,37579
86,,6110250,1,20261003,11899,624,0,0,0,0,0,11834,612,0,0,0,0,0,3,35.290674394918256,135.122528672218,,,,,,,,,,,,,233,red,12523,12446,24969
86,,6110260,1,20261003,3340,184,0,0,0,0,0,3400,256,0,0,0,0,0,3,35.33418386481987,134.859425425529,,,,,,,,,,,,,233,red,3524,3656,7180
86,,6110270,1,20261003,2789,154,0,0,0,0,0,2879,168,0,0,0,0,0,3,35.37906081109355,134.782794713974,,,,,,,,,,,,,233,red,2943,3047,5990
86,,6110280,1,20261003,1593,159,0,0,0,0,0,1794,198,0,0,0,0,0,3,35.39752934547739,134.617635011672,,,,,,,,,,,,,233,red,1752,1992,3744
86,,6110290,1,20261003,3893,355,0,0,0,0,0,3826,374,0,0,0,0,0,3,35.3445505431606,136.408736407756,,,,,,,,,,,,,233,red,4248,4200,8448
86,,6110300,1,20261003,8448,406,0,0,0,0,0,7047,417,0,0,0,0,0,3,34.929386538763445,135.767959356307,,,,,,,,,,,,,233,red,8854,7464,16318
86,,6110310,1,20261003,18552,1436,0,0,0,0,0,17570,1638,0,0,0,0,0,3,34.692826863672394,135.811829566955,,,,,,,,,,,,,233,red,19988,19208,39196
86,,6110320,1,20261003,12688,899,0,0,0,233,0,20035,1331,0,0,0,0,0,3,34.49633103313339,135.742759,,,,,,,,,,,,,233,red,13587,21366,34953
86,,6110330,1,20261003,14128,466,0,0,0,0,0,13032,471,0,0,0,0,0,3,34.255336527005475,135.221571922302,,,,,,,,,,,,,233,red,14594,13503,28097
86,,6110340,1,20261003,13020,707,0,0,0,0,0,13543,885,0,0,0,0,0,3,34.59261679509626,135.476585626602,,,,,,,,,,,,,233,red,13727,14428,28155
86,,6110350,1,20261003,22682,1035,0,0,0,0,0,24341,1214,0,0,0,0,0,3,34.492391818044126,135.423381328582,,,,,,,,,,,,,233,red,23717,25555,49272
86,,6110361,1,20261003,7145,455,0,0,0,0,0,8131,469,0,0,0,0,0,3,34.27701629033371,135.164935521261,,,,,,,,,,,,,233,red,7600,8600,16200
86,,6110370,1,20261003,5615,248,0,0,0,0,0,5785,245,0,0,0,0,0,3,35.61308303459727,135.971192,,,,,,,,,,,,,233,red,5863,6030,11893
86,,6110380,1,20261003,3989,234,0,0,0,0,0,4274,290,0,0,0,0,0,3,35.486004106628485,135.463869273662,,,,,,,,,,,,,233,red,4223,4564,8787
86,,6110390,1,20261003,3839,339,0,0,0,0,0,3650,311,0,0,0,0,0,3,35.30401991598347,135.272947382363,,,,,,,,,,,,,233,red,4178,3961,8139
86,,6110410,1,20261003,5092,243,0,0,0,0,0,5371,266,0,0,0,0,0,3,34.99524305806187,134.558363556861,,,,,,,,,,,,,233,red,5335,5637,10972
86,,6110430,1,20261003,543,21,34,0,0,0,0,665,21,80,0,0,0,0,3,33.577233165562106,135.427241160067,,,,,,,,,,,,,233,red,598,766,1364
86,,6110440,1,20261003,9957,348,0,0,0,0,0,9834,363,0,0,0,0,0,3,34.143380032647656,135.20039,,,,,,,,,,,,,233,red,10305,10197,20502
86,,6110450,1,20261003,17628,5067,0,0,0,0,0,16362,5205,0,0,0,0,0,3,34.71254919312948,135.425688028335,,,,,,,,,,,,,233,red,22695,21567,44262
86,,6110460,1,20261003,5803,560,0,0,0,0,0,5782,534,0,0,0,0,0,3,35.431053158155514,136.016224622726,,,,,,,,,,,,,233,red,6363,6316,12679
86,,6110470,1,20261003,9831,592,0,0,0,0,0,10075,663,0,0,0,0,0,3,35.21341864052877,135.925826132297,,,,,,,,,,,,,233,red,10423,10738,21161
86,,6110500,1,20261003,7325,747,0,0,0,0,0,6465,509,0,0,0,0,0,3,35.10094221794055,135.892639160156,,,,,,,,,,,,,233,red,8072,6974,15046
86,,6110510,1,20261003,7379,986,0,0,0,0,0,7907,767,0,0,0,0,0,3,35.080206671418715,135.881878137588,,,,,,,,,,,,,233,red,8365,8674,17039
86,,6110520,1,20261003,18169,1384,0,0,0,0,0,5104,907,2346,0,0,0,0,3,35.00895503826151,135.838812589645,,,,,,,,,,,,,233,red,19553,8357,27910
86,,6110530,1,20261003,11735,1877,0,0,0,0,0,12832,1990,0,0,0,0,0,3,34.8925928963683,135.684016942977,,,,,,,,,,,,,233,red,13612,14822,28434
86,,6110540,1,20261003,10571,748,0,0,0,0,0,10720,830,0,0,0,0,0,3,34.686726631641484,134.982630014419,,,,,,,,,,,,,233,red,11319,11550,22869
86,,6110670,1,20261003,11746,1214,0,0,0,0,0,12745,1404,0,0,0,0,0,3,34.486465033119956,135.763168,,,,,,,,,,,,,233,red,12960,14149,27109
86,,6110700,1,20261003,9676,877,0,0,0,0,0,9776,829,0,0,0,0,0,3,34.36883103295914,135.698397,,,,,,,,,,,,,233,red,10553,10605,21158
86,,6110710,1,20261003,10089,761,0,0,0,0,0,10442,840,0,0,0,0,0,3,34.346251032928144,135.675464,,,,,,,,,,,,,233,red,10850,11282,22132
86,,6110720,1,20261003,9544,771,0,0,0,0,0,9770,796,0,0,0,0,0,3,34.34307531292378,135.6723947,,,,,,,,,,,,,233,red,10315,10566,20881
86,,6110730,1,20261003,8946,710,0,0,0,0,0,9084,789,0,0,0,0,0,3,34.3344353954711,135.643944740295,,,,,,,,,,,,,233,red,9656,9873,19529
86,,6110740,1,20261003,10084,667,255,0,0,0,0,10435,677,361,0,0,0,0,3,34.32057809029414,135.595622062683,,,,,,,,,,,,,233,red,11006,11473,22479
86,,6110750,1,20261003,10113,733,0,0,0,0,0,10494,755,0,0,0,0,0,3,34.30420703287028,135.508371,,,,,,,,,,,,,233,red,10846,11249,22095
86,,6110760,1,20261003,9372,815,0,0,0,0,0,9666,835,0,0,0,0,0,3,34.300277802864876,135.49583333,,,,,,,,,,,,,233,red,10187,10501,20688
86,,6110765,1,20261003,9669,928,0,0,0,0,0,10440,940,0,0,0,0,0,3,34.293299032855266,135.42037,,,,,,,,,,,,,233,red,10597,11380,21977
86,,6110780,1,20261003,9680,892,0,0,0,0,0,10335,934,0,0,0,0,0,3,34.290835032851874,135.406025,,,,,,,,,,,,,233,red,10572,11269,21841
86,,6110790,1,20261003,4163,642,0,0,0,0,0,5014,709,0,0,0,0,0,3,34.28766234793788,135.279854549589,,,,,,,,,,,,,233,red,4805,5723,10528
86,,6110810,1,20261003,1513,161,0,0,0,0,0,1427,165,0,0,0,0,0,3,35.91898971813652,136.6293598948,,,,,,,,,,,,,233,red,1674,1592,3266
86,,6110820,1,20261003,1772,157,0,0,0,0,0,1635,171,0,0,0,0,0,3,35.963561035032136,136.602468,,,,,,,,,,,,,233,red,1929,1806,3735
86,,6110840,1,20261003,1952,172,0,0,0,0,0,1713,180,0,0,0,0,0,3,35.98949103506382,136.526729,,,,,,,,,,,,,233,red,2124,1893,4017
86,,6110860,1,20261003,6450,329,0,0,0,0,0,6293,291,0,0,0,0,0,3,36.062580031168245,136.445198357105,,,,,,,,,,,,,233,red,6779,6584,13363
86,,6110870,1,20261003,7014,371,0,0,0,0,0,6782,299,0,0,0,0,0,3,36.074224272699254,136.374473869296,,,,,,,,,,,,,233,red,7385,7081,14466
86,,6110880,1,20261003,6914,676,0,0,0,0,0,7364,310,0,0,0,0,0,3,36.086521994378465,136.324462164098,,,,,,,,,,,,,233,red,7590,7674,15264
86,,6110980,1,20261003,3773,336,0,0,0,0,0,3425,302,0,0,0,0,0,3,35.30511375498357,134.89226102828903,,,,,,,,,,,,,233,red,4109,3727,7836
86,,6111020,1,20261003,14101,2733,0,0,0,0,0,8486,2701,0,0,0,233,0,3,34.61538892329484,135.8745,,,,,,,,,,,,,233,red,16834,11187,28021
86,,6111030,1,20261003,4031,125,67,0,0,0,0,4303,122,94,0,0,0,0,3,33.670648031981166,135.947246,,,,,,,,,,,,,233,red,4223,4519,8742
86,,6111040,1,20261003,3954,214,70,0,0,0,0,4410,184,62,0,0,0,0,1,33.74362082208521,135.40352793,,,,,,,,,,,,,233,red,4238,4656,8894
86,,6111050,1,20261003,4701,186,54,0,0,0,0,4716,122,70,0,0,0,0,1,33.67806806199178,135.40361475,,,,,,,,,,,,,233,red,4941,4908,9849
86,,6111060,1,20261003,4235,144,101,0,0,0,0,4004,112,52,0,0,0,0,1,33.63743103193369,135.410147,,,,,,,,,,,,,233,red,4480,4168,8648
86,,6111070,1,20261003,2567,126,55,0,0,0,0,1644,46,38,0,0,0,0,1,33.56605113183135,135.49421066,,,,,,,,,,,,,233,red,2748,1728,4476
86,,6111080,1,20261003,2069,111,56,0,0,0,0,3,1,0,0,0,0,0,1,33.53123967178131,135.54653822,,,,,,,,,,,,,233,red,2236,4,2240
86,,6111090,1,20261003,2802,119,50,0,0,0,0,3018,114,72,0,0,0,0,3,33.620083251908845,135.91802864,,,,,,,,,,,,,233,red,2971,3204,6175
86,,6111094,1,20261003,3693,128,80,0,0,0,0,4093,115,51,0,0,0,0,3,33.73308003207021,136.004619,,,,,,,,,,,,,233,red,3901,4259,8160
86,,6111100,1,20261003,7877,729,0,0,0,0,0,8728,795,0,0,0,0,0,3,34.29138892285263,135.3613889,,,,,,,,,,,,,233,red,8606,9523,18129
87,,7110040,1,20261003,7852,712,0,0,0,0,0,7937,793,0,0,0,0,0,3,34.51540182315934,133.565914,,,,,,,,,,,,,233,red,8564,8730,17294
87,,7110090,1,20261003,9309,1417,0,0,0,0,0,9565,1315,0,0,0,0,0,3,34.076861142554975,131.3867222,,,,,,,,,,,,,233,red,10726,10880,21606
87,,7110140,1,20261003,8300,556,0,0,0,0,1,8227,595,0,0,0,0,1,3,35.42972217436492,133.16019770000003,,,,,,,,,,,,,233,red,8856,8822,17678
87,,7110150,1,20261003,9400,532,0,0,0,0,1,9662,561,0,0,0,0,1,3,35.41501435434614,132.9291201,,,,,,,,,,,,,233,red,9932,10223,20155
87,,7110160,1,20261003,2834,170,0,0,0,0,0,2844,146,0,0,0,0,0,3,35.220801104096246,132.5117898,,,,,,,,,,,,,233,red,3004,2990,5994
87,,7110170,1,20261003,716,30,0,0,0,0,0,708,60,0,0,0,0,0,3,34.75449303348189,131.907185,,,,,,,,,,,,,233,red,746,768,1514
87,,7110180,1,20261003,2060,118,0,0,0,0,0,2022,88,0,0,0,0,0,3,34.42694447303873,131.76016670000004,,,,,,,,,,,,,233,red,2178,2110,4288
87,,7110210,1,20261003,5678,370,0,0,0,0,0,5521,377,0,0,0,0,0,3,34.8389208935946,133.9257149,,,,,,,,,,,,,233,red,6048,5898,11946
87,,7110240,1,20261003,4406,427,0,0,0,0,0,4536,420,0,0,0,0,0,3,34.684982133388644,133.784738,,,,,,,,,,,,,233,red,4833,4956,9789
87,,7110260,1,20261003,2117,63,0,0,0,61,0,3753,107,0,0,0,0,0,3,33.97988891241918,132.1977222,,,,,,,,,,,,,233,red,2180,3860,6040
87,,7110270,1,20261003,2077,106,0,0,0,0,0,2006,133,0,0,0,0,0,3,34.65950003335435,131.6773889,,,,,,,,,,,,,233,red,2183,2139,4322
87,,7110280,1,20261003,3515,148,0,0,0,0,1,3570,186,0,0,0,0,1,3,34.419861143029046,131.4097778,,,,,,,,,,,,,233,red,3663,3756,7419
87,,7110290,1,20261003,6546,189,0,0,0,0,0,6267,163,0,0,0,0,0,3,34.371805582963226,131.1861389,,,,,,,,,,,,,233,red,6735,6430,13165
87,,7110320,1,20261003,6113,158,0,0,0,0,0,5953,151,0,0,0,0,0,3,33.95763808238793,132.1366533,,,,,,,,,,,,,233,red,6271,6104,12375
87,,7310110,1,20261003,8572,444,0,0,0,0,1,8785,462,0,0,0,0,1,3,35.39772612432404,132.8747235,,,,,,,,,,,,,233,red,9016,9247,18263
87,,7310120,1,20261003,3860,323,0,0,0,0,1,3935,305,0,0,0,0,1,3,35.068629523897954,132.3222435,,,,,,,,,,,,,233,red,4183,4240,8423
87,,7310150,1,20261003,913,40,0,0,0,0,1,1013,51,0,0,0,0,1,3,34.9738037337733,132.7317309,,,,,,,,,,,,,233,red,953,1064,2017
87,,7310160,1,20261003,1031,60,0,0,0,0,1,1005,70,0,0,0,0,1,3,35.117460163961816,132.778337,,,,,,,,,,,,,233,red,1091,1075,2166
87,,7310170,1,20261003,6243,406,0,0,0,0,0,5818,301,0,0,0,0,0,3,34.705264123415894,133.7151146,,,,,,,,,,,,,233,red,6649,6119,12768
87,,7310180,1,20261003,,,,,,,233,,,,,,,233,3,34.38963891298768,131.3651944,,,,,,,,,,,,,233,red,0,0,0
87,,7310260,1,20261003,3480,260,0,0,0,0,1,3579,240,0,0,0,0,1,3,35.132156843980994,132.4019922,,,,,,,,,,,,,233,red,3740,3819,7559
87,,7310270,1,20261003,3215,266,0,0,0,0,1,3328,229,0,0,0,0,1,3,35.08573619392036,132.3490609,,,,,,,,,,,,,233,red,3481,3557,7038
87,,7310280,1,20261003,3195,250,0,0,0,0,1,3284,227,0,0,0,0,1,3,35.076671573908484,132.335387,,,,,,,,,,,,,233,red,3445,3511,6956
87,,7310290,1,20261003,2736,362,0,0,0,233,0,3909,411,0,0,0,0,0,3,34.88220003365212,132.0657,,,,,,,,,,,,,233,red,3098,4320,7418
87,,7310300,1,20261003,3739,286,0,0,0,0,0,3760,267,0,0,0,0,0,3,34.86980443363566,132.0662027,,,,,,,,,,,,,233,red,4025,4027,8052
87,,7310350,1,20261003,3983,331,0,0,0,0,0,4210,350,0,0,0,0,0,3,34.83580109359045,131.9999083,,,,,,,,,,,,,233,red,4314,4560,8874
87,,7310410,1,20261003,4949,348,0,0,0,0,0,5191,344,0,0,0,0,0,3,35.21593257408993,132.5144274,,,,,,,,,,,,,233,red,5297,5535,10832
87,,7310420,1,20261003,5537,368,0,0,0,0,0,5590,358,0,0,0,0,0,3,35.275470134166945,132.6201357,,,,,,,,,,,,,233,red,5905,5948,11853
87,,7310430,1,20261003,4984,304,0,0,0,0,0,5294,287,0,0,0,0,0,3,35.303833034203514,132.688667,,,,,,,,,,,,,233,red,5288,5581,10869
87,,7310440,1,20261003,5028,317,0,0,0,0,0,0,0,0,0,0,0,0,3,35.298722034196935,132.676944,,,,,,,,,,,,,233,red,5345,0,5345
87,,7310450,1,20261003,0,0,0,0,0,0,0,4696,279,0,0,0,0,0,3,35.290444034186265,132.645583,,,,,,,,,,,,,233,red,0,4975,4975
87,,7310460,1,20261003,0,0,0,0,0,233,0,3454,328,0,0,0,0,0,3,35.20082803407034,132.459905,,,,,,,,,,,,,233,red,0,3782,3782
87,,7310470,1,20261003,3840,319,0,0,0,0,0,3502,294,0,0,0,0,0,3,35.1986450340675,132.455753,,,,,,,,,,,,,233,red,4159,3796,7955
88,,8110010,1,20261003,3727,278,0,0,0,0,0,3386,332,0,0,0,0,0,3,34.2207184500313,134.411544799804,,,,,,,,,,,,,233,red,4005,3718,7723
88,,8110020,1,20261003,16350,811,0,0,0,0,0,16810,931,0,0,0,0,0,3,34.30277465209332,134.084776639938,,,,,,,,,,,,,233,red,17161,17741,34902
88,,8110030,1,20261003,14262,1046,0,0,0,0,0,13710,1034,0,0,0,0,0,3,34.29671450737887,133.946895003318,,,,,,,,,,,,,233,red,15308,14744,30052
88,,8110040,1,20261003,6941,401,0,0,0,0,0,7421,424,0,0,0,0,0,3,34.17417938671837,133.715951442718,,,,,,,,,,,,,233,red,7342,7845,15187
88,,8110050,1,20261003,7363,378,3,0,0,0,0,7295,486,23,0,0,0,0,3,33.91236267641698,133.20324182510302,,,,,,,,,,,,,233,red,7744,7804,15548
88,,8110060,1,20261003,5478,542,210,0,0,0,0,5560,685,199,0,0,0,0,3,33.82431235182997,132.984384298324,,,,,,,,,,,,,233,red,6230,6444,12674
88,,8110070,1,20261003,9086,426,0,0,0,0,0,8891,355,0,0,0,0,0,3,34.28544169692582,134.00050163269,,,,,,,,,,,,,233,red,9512,9246,18758
88,,8110080,1,20261003,2582,218,0,0,0,0,0,2656,160,0,0,0,0,0,3,34.10608825909625,133.799223303794,,,,,,,,,,,,,233,red,2800,2816,5616
88,,8110090,1,20261003,7052,471,34,0,0,0,0,6541,404,144,0,0,0,0,3,34.028957826825085,133.828164339065,,,,,,,,,,,,,233,red,7557,7089,14646
88,,8110100,1,20261003,1872,210,0,0,0,0,0,1899,179,0,0,0,0,0,3,33.950764901704936,133.764853477478,,,,,,,,,,,,,233,red,2082,2078,4160
88,,8110110,1,20261003,4829,780,0,0,0,0,0,5373,704,0,0,0,0,0,3,33.58909346194513,133.626092746853,,,,,,,,,,,,,233,red,5609,6077,11686
88,,8110115,1,20261003,6669,325,0,0,0,0,0,6304,319,0,0,0,0,0,3,33.548205918990114,133.451582193374,,,,,,,,,,,,,233,red,6994,6623,13617
88,,8110120,1,20261003,7552,320,0,0,0,0,0,6947,480,0,0,0,0,0,3,33.543133969132924,133.402808904647,,,,,,,,,,,,,233,red,7872,7427,15299
88,,8110130,1,20261003,7823,255,301,0,0,0,1,8407,300,367,0,0,0,1,3,33.7476978963593,132.791587114334,,,,,,,,,,,,,233,red,8379,9074,17453
88,,8110131,1,20261003,3120,152,0,0,0,0,0,3327,111,0,0,0,0,0,3,33.793408870729856,134.592427611351,,,,,,,,,,,,,233,red,3272,3438,6710
88,,8110140,1,20261003,2182,128,0,0,0,0,2,2430,124,0,0,0,0,2,3,33.63466659400443,134.369745254516,,,,,,,,,,,,,233,red,2310,2554,4864
88,,8110142,1,20261003,2936,128,0,0,0,0,0,3066,111,0,0,0,0,0,3,33.74774819013548,134.53964678124,,,,,,,,,,,,,233,red,3064,3177,6241
88,,8110160,1,20261003,3379,194,0,0,0,0,0,3009,157,0,0,0,0,0,3,33.53924497073882,133.738444460766,,,,,,,,,,,,,233,red,3573,3166,6739
88,,8110161,1,20261003,6024,325,0,0,0,0,0,5128,252,0,0,0,0,0,3,33.520916544031145,133.780702650547,,,,,,,,,,,,,233,red,6349,5380,11729
88,,8110162,1,20261003,7185,371,0,0,0,0,0,6685,301,0,0,0,0,0,3,33.550342371512876,133.740176352243,,,,,,,,,,,,,233,red,7556,6986,14542
88,,8110163,1,20261003,8388,396,0,0,0,0,0,7696,309,0,0,0,0,0,3,33.55352220956595,133.721816021769,,,,,,,,,,,,,233,red,8784,8005,16789
88,,8110164,1,20261003,1731,193,0,0,0,0,0,1915,241,0,0,0,0,0,3,33.57127484589016,133.574287891387,,,,,,,,,,,,,233,red,1924,2156,4080
88,,8110165,1,20261003,9006,583,0,0,0,0,0,9443,476,0,0,0,0,0,3,33.56026408468244,133.633757829666,,,,,,,,,,,,,233,red,9589,9919,19508
88,,8110166,1,20261003,10397,595,0,0,0,0,0,9496,503,0,0,0,0,0,3,33.540965031795295,133.601005,,,,,,,,,,,,,233,red,10992,9999,20991
88,,8110167,1,20261003,5880,276,0,0,0,0,0,5236,303,0,0,0,0,0,3,33.5424317654246,133.583077945611,,,,,,,,,,,,,233,red,6156,5539,11695
88,,8110168,1,20261003,8208,376,0,0,0,0,0,6795,271,0,0,0,0,0,3,33.55589303181676,133.683497,,,,,,,,,,,,,233,red,8584,7066,15650
88,,8110170,1,20261003,5389,366,0,0,0,0,0,4903,589,0,0,0,0,0,3,33.485055031714765,133.373125,,,,,,,,,,,,,233,red,5755,5492,11247
88,,8110171,1,20261003,4334,360,0,0,0,0,0,3951,218,0,0,0,0,0,3,33.40395558523113,133.288643360137,,,,,,,,,,,,,233,red,4694,4169,8863
88,,8110172,1,20261003,3197,559,0,0,0,0,0,3300,286,0,0,0,0,0,3,33.39236677628474,133.278601169586,,,,,,,,,,,,,233,red,3756,3586,7342
88,,8110174,1,20261003,3171,322,0,0,0,0,0,3162,203,0,0,0,0,0,3,33.18330330083646,133.144855499267,,,,,,,,,,,,,233,red,3493,3365,6858
88,,8110180,1,20261003,737,34,0,0,0,0,0,763,37,0,0,0,0,0,3,33.35817590038214,133.253152370452,,,,,,,,,,,,,233,red,771,800,1571
88,,8110181,1,20261003,2364,172,0,0,0,0,0,2601,152,0,0,0,0,0,3,32.974388919857596,132.933138888889,,,,,,,,,,,,,233,red,2536,2753,5289
88,,8110182,1,20261003,3947,182,0,0,0,0,0,4008,184,0,0,0,0,0,3,32.96811114207051,132.872277777778,,,,,,,,,,,,,233,red,4129,4192,8321
88,,8110183,1,20261003,2559,109,0,0,0,0,0,2638,110,0,0,0,0,0,3,32.95902780872377,132.776972222222,,,,,,,,,,,,,233,red,2668,2748,5416
88,,8110190,1,20261003,2054,111,0,0,0,0,0,2160,157,0,0,0,0,0,3,32.96996536793415,132.68920719623503,,,,,,,,,,,,,233,red,2165,2317,4482
88,,8110191,1,20261003,3001,182,0,0,0,0,0,3004,264,0,0,0,0,0,3,33.13903103121127,132.517477,,,,,,,,,,,,,233,red,3183,3268,6451
88,,8110192,1,20261003,4419,271,0,0,0,0,0,4668,326,0,0,0,0,0,3,33.14590213224344,132.52205863595,,,,,,,,,,,,,233,red,4690,4994,9684
88,,8110200,1,20261003,1997,84,0,0,0,0,0,1879,119,0,0,0,0,0,3,33.325562031483756,132.5285,,,,,,,,,,,,,233,red,2081,1998,4079
88,,8110210,1,20261003,14537,313,491,0,0,0,0,14233,284,491,0,0,0,0,3,33.81637909326473,132.744826823472,,,,,,,,,,,,,233,red,15341,15008,30349
88,,8110231,1,20261003,6001,250,0,0,0,0,0,5357,221,0,0,0,0,0,3,34.03847794648641,134.520513564348,,,,,,,,,,,,,233,red,6251,5578,11829
88,,8110232,1,20261003,6418,253,0,0,0,0,0,7007,269,0,0,0,0,0,3,34.04120064204002,134.531005024909,,,,,,,,,,,,,233,red,6671,7276,13947
88,,8110240,1,20261003,5596,388,0,0,0,0,0,5419,298,0,0,0,0,0,3,34.03149633348104,132.829599380493,,,,,,,,,,,,,233,red,5984,5717,11701
88,,8110250,1,20261003,5349,293,0,0,0,0,0,5149,285,0,0,0,0,0,3,33.93004373774009,133.094837665557,,,,,,,,,,,,,233,red,5642,5434,11076
88,,8111021,1,20261003,5506,249,0,0,0,0,0,5556,251,0,0,0,0,0,3,33.50191403173908,133.309236,,,,,,,,,,,,,233,red,5755,5807,11562
88,,8160020,1,20261003,4955,432,0,0,0,0,0,4529,289,0,0,0,0,0,1,33.331092031491806,133.206098,,,,,,,,,,,,,233,red,5387,4818,10205
88,,8160030,1,20261003,4229,394,0,0,0,0,0,3996,273,0,0,0,0,0,1,33.23544203135242,133.159939,,,,,,,,,,,,,233,red,4623,4269,8892
88,,8160040,1,20261003,6093,361,0,0,0,0,0,5952,443,0,0,0,0,0,1,33.24742026280611,132.570131868124,,,,,,,,,,,,,233,red,6454,6395,12849
88,,8160050,1,20261003,6420,402,0,0,0,0,0,6107,497,0,0,0,0,0,1,33.33622666521378,132.557060122489,,,,,,,,,,,,,233,red,6822,6604,13426
88,,8160060,1,20261003,4517,447,0,0,0,0,0,4309,406,0,0,0,0,0,1,34.056139032526026,134.588624,,,,,,,,,,,,,233,red,4964,4715,9679
88,,8310010,1,20261003,15841,798,8,0,0,0,1,15280,691,14,0,0,0,1,3,34.152121047215225,134.579402804374,,,,,,,,,,,,,233,red,16647,15985,32632
88,,8310020,1,20261003,7057,467,0,0,0,0,0,7369,308,0,0,0,0,0,3,34.335875041773484,134.151295423507,,,,,,,,,,,,,233,red,7524,7677,15201
88,,8310030,1,20261003,8183,256,457,0,0,0,2,9033,265,148,0,0,0,2,3,33.79997204409725,132.86443054676,,,,,,,,,,,,,233,red,8896,9446,18342
88,,8310040,1,20261003,11741,806,0,0,0,0,0,12004,681,0,0,0,0,0,3,34.239532652899726,133.895906209945,,,,,,,,,,,,,233,red,12547,12685,25232
88,,8310050,1,20261003,1110,195,0,0,0,0,0,1210,150,0,0,0,0,0,3,33.797668032162,133.760304,,,,,,,,,,,,,233,red,1305,1360,2665
88,,8310060,1,20261003,1016,52,0,0,0,0,0,942,69,0,0,0,0,0,3,33.54154672048833,133.042341470718,,,,,,,,,,,,,233,red,1068,1011,2079
88,,8310061,1,20261003,9109,879,0,0,0,0,0,9983,1124,0,0,0,0,0,3,33.80675451706518,132.745272070169,,,,,,,,,,,,,233,red,9988,11107,21095
88,,8310062,1,20261003,4851,751,0,0,0,0,0,5421,842,0,0,0,0,0,3,33.814776032186245,132.720319,,,,,,,,,,,,,233,red,5602,6263,11865
88,,8310070,1,20261003,16698,533,21,0,0,0,0,19015,517,2,0,0,0,0,3,34.0102656781917,134.566428959369,,,,,,,,,,,,,233,red,17252,19534,36786
88,,8310080,1,20261003,9271,455,0,0,0,0,0,9647,486,0,0,0,0,0,3,33.9732071371816,134.633932113647,,,,,,,,,,,,,233,red,9726,10133,19859
88,,8310100,1,20261003,,,,0,0,0,233,,,,0,0,0,233,3,33.03511096021447,133.027331829071,,,,,,,,,,,,,233,red,0,0,0
88,,8310110,1,20261003,3967,290,0,0,0,0,0,3663,347,0,0,0,0,0,3,33.4066250316014,132.509843,,,,,,,,,,,,,233,red,4257,4010,8267
88,,8310120,1,20261003,9648,709,0,0,0,0,0,9447,902,0,0,0,0,0,3,33.504510031742804,132.56675,,,,,,,,,,,,,233,red,10357,10349,20706
88,,8310130,1,20261003,5428,315,0,0,0,0,0,5289,356,0,0,0,0,0,3,33.53462955300938,132.597781419754,,,,,,,,,,,,,233,red,5743,5645,11388
88,,8310140,1,20261003,4123,249,0,0,0,0,0,3800,321,0,0,0,0,0,3,33.6125750318981,132.68712,,,,,,,,,,,,,233,red,4372,4121,8493
88,,8310150,1,20261003,2462,262,0,0,0,0,0,2836,285,0,0,0,0,0,3,34.0401782523243,134.018440246582,,,,,,,,,,,,,233,red,2724,3121,5845
88,,8310160,1,20261003,8790,220,197,0,0,0,4,8146,216,234,0,0,0,4,3,33.89056122326423,132.757075130939,,,,,,,,,,,,,233,red,9207,8596,17803
89,,9110010,1,20261003,9322,391,0,0,0,0,0,10116,380,0,0,0,0,0,3,33.86399103225591,130.750068,,,,,,,,,,,,,233,red,9713,10496,20209
89,,9110030,1,20261003,16942,947,0,0,0,0,0,18119,962,0,0,0,2,0,3,32.75695803064553,130.688122,,,,,,,,,,,,,233,red,17889,19081,36970
89,,9110040,1,20261003,6880,904,0,0,0,0,0,6623,784,0,0,0,0,0,3,32.565580030358504,130.688167,,,,,,,,,,,,,233,red,7784,7407,15191
89,,9110050,1,20261003,10125,1101,0,0,0,0,0,8902,949,0,0,0,0,0,3,32.50104503026118,130.627862,,,,,,,,,,,,,233,red,11226,9851,21077
89,,9110060,1,20261003,4136,606,0,0,0,0,0,4385,580,0,0,0,0,0,3,31.848210029262603,130.249002,,,,,,,,,,,,,233,red,4742,4965,9707
89,,9110070,1,20261003,3437,201,0,0,0,0,0,3459,229,0,0,0,0,0,3,31.65408502896101,130.444438,,,,,,,,,,,,,233,red,3638,3688,7326
89,,9110110,1,20261003,25611,853,196,0,0,0,0,25723,921,149,0,0,0,0,3,33.248593781371625,131.5788746,,,,,,,,,,,,,233,red,26660,26793,53453
89,,9110120,1,20261003,163,12,0,0,0,0,0,156,9,0,0,0,0,0,3,32.83826903076675,131.716873,,,,,,,,,,,,,233,red,175,165,340
89,,9110140,1,20261003,5940,676,0,0,0,0,0,5207,678,0,0,0,0,0,3,32.26510002990319,131.560352,,,,,,,,,,,,,233,red,6616,5885,12501
89,,9110150,1,20261003,2810,452,0,0,0,0,0,2876,528,0,0,0,0,0,3,31.853840029271314,131.136144,,,,,,,,,,,,,233,red,3262,3404,6666
89,,9110160,1,20261003,4600,727,27,0,0,0,0,4538,639,30,0,0,0,0,3,31.710555029048958,130.774553,,,,,,,,,,,,,233,red,5354,5207,10561
89,,9110190,1,20261003,6835,913,0,0,0,0,0,6647,1047,0,0,0,0,0,3,33.3577350315305,130.488663,,,,,,,,,,,,,233,red,7748,7694,15442
89,,9110200,1,20261003,8458,374,0,0,0,0,0,7768,359,0,0,0,0,0,3,33.19609887129489,130.0312792,,,,,,,,,,,,,233,red,8832,8127,16959
89,,9110230,1,20261003,2773,291,0,0,0,0,0,2467,230,0,0,0,0,0,3,32.95195803093551,131.35466,,,,,,,,,,,,,233,red,3064,2697,5761
89,,9110240,1,20261003,7751,779,0,0,0,0,0,7700,745,0,0,0,0,0,3,33.669370031979355,130.847832,,,,,,,,,,,,,233,red,8530,8445,16975
89,,9110280,1,20261003,6342,454,0,0,0,0,0,5876,412,0,0,0,0,0,3,33.34785503151616,130.0187991,,,,,,,,,,,,,233,red,6796,6288,13084
89,,9110290,1,20261003,6289,283,0,0,0,0,0,6497,284,0,0,0,0,0,3,32.97125925096407,130.445357,,,,,,,,,,,,,233,red,6572,6781,13353
89,,9110300,1,20261003,5979,313,0,0,0,0,0,5994,300,0,0,0,0,0,3,33.14141103121475,130.470721,,,,,,,,,,,,,233,red,6292,6294,12586
89,,9110335,1,20261003,1114,85,0,0,0,0,180,1094,78,0,0,0,0,180,3,31.396273028557452,130.783657,,,,,,,,,,,,,233,red,1199,1172,2371
89,,9110340,1,20261003,4458,343,0,0,0,0,0,4354,352,0,0,0,0,0,3,31.452851608646302,130.7281932,,,,,,,,,,,,,233,red,4801,4706,9507
89,,9310003,1,20261003,8124,663,0,0,0,0,0,10122,696,0,0,0,0,0,3,33.947867982374184,130.968647,,,,,,,,,,,,,233,red,8787,10818,19605
89,,9310015,1,20261003,17601,2482,0,0,0,0,0,18299,2590,0,0,0,0,0,3,33.44660203165923,130.540337,,,,,,,,,,,,,233,red,20083,20889,40972
89,,9310017,1,20261003,7626,521,0,0,0,0,0,7935,581,0,0,0,0,0,3,33.323489031480754,130.523608,,,,,,,,,,,,,233,red,8147,8516,16663
89,,9310020,1,20261003,3109,480,0,0,0,0,0,2981,462,0,0,0,0,0,3,33.11458003117534,130.669176,,,,,,,,,,,,,233,red,3589,3443,7032
89,,9310035,1,20261003,1163,78,0,0,0,0,0,1204,91,0,0,0,0,0,3,32.406040030117445,130.555735,,,,,,,,,,,,,233,red,1241,1295,2536
89,,9310045,1,20261003,4800,385,0,0,0,0,0,5148,335,0,0,0,0,0,3,32.16215502974594,130.36789,,,,,,,,,,,,,233,red,5185,5483,10668
89,,9310050,1,20261003,6233,166,34,0,0,0,0,5587,151,37,0,0,0,0,3,31.714213029054637,130.275752,,,,,,,,,,,,,233,red,6433,5775,12208
89,,9310060,1,20261003,4009,466,58,49,0,0,11,4278,339,31,49,0,0,11,3,32.38562876008649,130.5414069,,,,,,,,,,,,,233,red,4533,4648,9181
89,,9310070,1,20261003,0,0,6084,0,0,233,233,5867,477,143,0,0,0,233,3,31.702321029036145,130.297006,,,,,,,,,,,,,233,red,6084,6487,12571
89,,9310080,1,20261003,11103,577,0,0,0,0,0,10274,469,0,0,0,0,0,3,33.80588903217365,130.960473,,,,,,,,,,,,,233,red,11680,10743,22423
89,,9310085,1,20261003,8441,440,0,0,0,0,0,8334,382,0,0,0,0,0,3,33.54594303180245,131.283198,,,,,,,,,,,,,233,red,8881,8716,17597
89,,9310090,1,20261003,7152,377,0,0,0,0,0,7855,384,0,0,0,0,0,3,33.38094503156419,131.540397,,,,,,,,,,,,,233,red,7529,8239,15768
89,,9310100,1,20261003,15392,863,0,0,0,0,0,15313,1023,0,0,0,0,0,3,33.15920703124086,131.651922,,,,,,,,,,,,,233,red,16255,16336,32591
89,,9310115,1,20261003,6901,1417,0,0,0,0,0,6794,1206,0,0,0,0,0,3,31.726570029073855,131.023972,,,,,,,,,,,,,233,red,8318,8000,16318
89,,9310120,1,20261003,12396,816,0,0,0,0,0,10765,858,0,0,0,0,0,3,31.705779029041526,130.613215,,,,,,,,,,,,,233,red,13212,11623,24835
89,,9310125,1,20261003,11582,718,0,0,0,0,0,10924,686,0,0,0,0,0,3,33.21761616132637,130.1637701,,,,,,,,,,,,,233,red,12300,11610,23910
89,,9310127,1,20261003,6365,514,0,0,0,0,0,6692,498,0,0,0,0,0,3,32.91326503087817,130.976239,,,,,,,,,,,,,233,red,6879,7190,14069
89,,9310130,1,20261003,13824,595,0,0,0,0,0,12930,773,0,0,0,2,0,3,32.8754950308221,130.867355,,,,,,,,,,,,,233,red,14419,13703,28122
89,,9310140,1,20261003,17457,1413,0,0,0,0,0,17297,1065,0,0,0,0,0,3,32.820198990739854,130.7572925,,,,,,,,,,,,,233,red,18870,18362,37232
89,,9310150,1,20261003,7106,1305,0,0,0,0,0,5581,2564,0,0,0,0,0,3,32.6779330305273,130.55327,,,,,,,,,,,,,233,red,8411,8145,16556
89,,9310155,1,20261003,5217,139,0,0,0,0,0,6835,225,0,0,0,0,0,3,32.76467203065704,130.370667,,,,,,,,,,,,,233,red,5356,7060,12416
89,,9310156,1,20261003,6087,268,0,0,0,0,0,6189,329,0,0,0,0,0,3,32.78536503068792,130.199594,,,,,,,,,,,,,233,red,6355,6518,12873
89,,9310157,1,20261003,6305,516,0,0,0,0,0,5749,372,0,0,0,0,0,3,33.06696517110531,131.6229634,,,,,,,,,,,,,233,red,6821,6121,12942
89,,9310159,1,20261003,3007,325,0,0,0,0,0,2698,261,0,0,0,0,0,3,32.997429031002746,131.434075,,,,,,,,,,,,,233,red,3332,2959,6291
89,,9310165,1,20261003,9479,2439,0,0,0,0,0,10195,2686,0,0,0,0,0,3,33.62969103192261,130.442657,,,,,,,,,,,,,233,red,11918,12881,24799
89,,9310174,1,20261003,16158,1599,0,0,0,0,0,15290,1244,0,0,0,0,0,3,33.6275850319196,130.703907,,,,,,,,,,,,,233,red,17757,16534,34291
89,,9310181,1,20261003,6804,252,0,0,0,0,0,6937,230,0,0,0,0,0,3,33.230906841345785,130.3350523,,,,,,,,,,,,,233,red,7056,7167,14223
89,,9310184,1,20261003,9495,503,0,0,0,0,0,8674,931,0,0,0,0,0,3,32.918079150885305,130.6264597,,,,,,,,,,,,,233,red,9998,9605,19603
89,,9310185,1,20261003,2329,135,0,0,0,0,233,0,0,0,0,0,233,233,3,33.37000946154832,129.9447181,,,,,,,,,,,,,233,red,2464,0,2464
89,,9310187,1,20261003,11091,881,0,0,0,0,0,11319,962,0,0,0,0,0,3,33.504396031742644,130.111167,,,,,,,,,,,,,233,red,11972,12281,24253
89,,9310188,1,20261003,4958,370,0,0,0,0,0,5059,387,0,0,0,0,0,3,33.3383090315023,130.64702,,,,,,,,,,,,,233,red,5328,5446,10774
89,,9310189,1,20261003,6526,649,0,0,0,0,0,6830,634,0,0,0,0,0,3,33.06535003110294,129.833592,,,,,,,,,,,,,233,red,7175,7464,14639
89,,9310191,1,20261003,8520,533,0,0,0,0,0,8399,621,0,0,0,0,0,3,33.18514003127884,130.387366,,,,,,,,,,,,,233,red,9053,9020,18073
89,,9310192,1,20261003,6666,455,0,0,0,0,0,8048,1774,0,0,0,0,0,3,33.20214803130375,130.361827,,,,,,,,,,,,,233,red,7121,9822,16943
89,,9310193,1,20261003,4668,1202,0,0,0,0,0,5316,399,0,0,0,0,0,3,33.20855403131311,130.343385,,,,,,,,,,,,,233,red,5870,5715,11585
89,,9310195,1,20261003,6663,348,0,0,0,0,0,6329,326,0,0,0,0,0,3,33.32086003147692,130.863524,,,,,,,,,,,,,233,red,7011,6655,13666
89,,9310200,1,20261003,3032,222,0,0,0,0,0,3158,205,0,0,0,0,0,3,33.250128031373855,131.295812,,,,,,,,,,,,,233,red,3254,3363,6617
89,,9310205,1,20261003,5425,455,0,0,0,0,0,5887,478,0,0,0,0,0,3,33.19671903129579,131.498216,,,,,,,,,,,,,233,red,5880,6365,12245
89,,9310210,1,20261003,10481,416,0,0,0,0,0,6239,193,0,0,0,0,0,3,31.816050029212782,131.442962,,,,,,,,,,,,,233,red,10897,6432,17329
89,,9310217,1,20261003,3361,221,0,0,0,0,0,3417,226,0,0,0,0,0,3,31.417765998591218,130.99969040000002,,,,,,,,,,,,,233,red,3582,3643,7225
89,,9310218,1,20261003,5446,282,0,0,0,0,0,5380,306,0,0,0,0,0,3,31.377286028527593,130.545285,,,,,,,,,,,,,233,red,5728,5686,11414
89,,9310219,1,20261003,1964,102,0,0,0,0,0,2022,95,0,0,0,0,0,3,31.56571802882308,130.617867,,,,,,,,,,,,,233,red,2066,2117,4183
89,,9310220,1,20261003,6387,519,0,0,0,0,0,6730,539,0,0,0,0,0,3,33.43104381163675,130.0480662,,,,,,,,,,,,,233,red,6906,7269,14175
89,,9310470,1,20261003,3236,441,34,0,0,0,0,3479,323,57,0,0,0,0,3,32.24423502987137,130.476053,,,,,,,,,,,,,233,red,3711,3859,7570
89,,9310480,1,20261003,3091,477,0,0,0,0,0,3268,374,0,0,0,0,0,3,32.21685802982958,130.428031,,,,,,,,,,,,,233,red,3568,3642,7210
89,,9310520,1,20261003,4401,327,0,0,0,0,0,4382,275,0,0,0,0,0,3,32.102630029654726,130.326106,,,,,,,,,,,,,233,red,4728,4657,9385
89,,9310530,1,20261003,5321,357,0,0,0,0,0,5305,303,0,0,0,0,0,3,32.08242202962371,130.292812,,,,,,,,,,,,,233,red,5678,5608,11286
89,,9310540,1,20261003,4807,384,0,0,0,0,0,4394,301,0,0,0,0,0,3,32.07232702960822,130.26224,,,,,,,,,,,,,233,red,5191,4695,9886
89,,9310600,1,20261003,1565,371,0,0,0,0,0,1778,298,0,0,0,0,0,3,31.84607502925929,130.257831,,,,,,,,,,,,,233,red,1936,2076,4012
89,,9310610,1,20261003,0,0,0,0,0,233,233,1792,317,0,0,0,0,233,3,31.804655029195118,130.283522,,,,,,,,,,,,,233,red,0,2109,2109
89,,9310620,1,20261003,5648,432,0,0,0,0,0,5812,464,0,0,0,0,0,3,31.759537029125095,130.304217,,,,,,,,,,,,,233,red,6080,6276,12356
89,,9310627,1,20261003,5745,504,0,0,0,0,0,6096,497,0,0,0,0,0,3,33.46078103167972,130.044889,,,,,,,,,,,,,233,red,6249,6593,12842
89,,9310630,1,20261003,5795,439,0,0,0,0,0,5494,448,0,0,0,0,0,3,33.414414111612686,129.9958886,,,,,,,,,,,,,233,red,6234,5942,12176
89,,9310640,1,20261003,6752,487,0,0,0,0,0,6844,469,0,0,0,0,0,3,33.391371311579306,129.9347973,,,,,,,,,,,,,233,red,7239,7313,14552
89,,9310650,1,20261003,6406,680,0,0,0,0,0,6765,517,0,0,0,0,0,3,33.37966119156232,129.933567,,,,,,,,,,,,,233,red,7086,7282,14368
89,,9310660,1,20261003,4976,323,0,0,0,0,0,5144,328,0,0,0,0,0,3,33.30074103144764,129.915058,,,,,,,,,,,,,233,red,5299,5472,10771
89,,9310710,1,20261003,0,0,0,0,0,233,233,3296,560,0,0,0,0,233,3,33.323471851480726,129.8060041,,,,,,,,,,,,,233,red,0,3856,3856
89,,9310730,1,20261003,3606,162,0,0,0,0,0,3766,178,0,0,0,0,0,3,33.34824903151674,129.729277,,,,,,,,,,,,,233,red,3768,3944,7712
89,,9310740,1,20261003,1535,107,0,0,0,0,0,1897,92,0,0,0,0,0,3,33.34295921550905,129.672585536,,,,,,,,,,,,,233,red,1642,1989,3631
89,,9360270,1,20261003,2610,382,0,0,0,0,0,2302,297,0,0,0,0,0,1,32.93848103091554,131.866353,,,,,,,,,,,,,233,red,2992,2599,5591
89,,9360280,1,20261003,2788,406,0,0,0,0,0,2700,333,0,0,0,0,0,1,32.895717030852126,131.864089,,,,,,,,,,,,,233,red,3194,3033,6227
89,,9360290,1,20261003,2303,335,0,0,0,0,0,2282,268,0,0,0,0,0,1,32.80165203071222,131.87728,,,,,,,,,,,,,233,red,2638,2550,5188
89,,9360300,1,20261003,2290,316,0,0,0,0,0,2234,261,0,0,0,0,0,1,32.72780503060196,131.827089,,,,,,,,,,,,,233,red,2606,2495,5101
89,,9360310,1,20261003,2705,332,0,0,0,0,0,2802,284,0,0,0,0,0,1,32.708018030572354,131.811346,,,,,,,,,,,,,233,red,3037,3086,6123
89,,9360320,1,20261003,2896,342,0,0,0,0,0,3088,294,0,0,0,0,0,1,32.66071403050147,131.702707,,,,,,,,,,,,,233,red,3238,3382,6620
89,,9360330,1,20261003,2633,358,0,0,0,0,0,2802,335,0,0,0,0,0,3,32.67533903052341,131.725922,,,,,,,,,,,,,233,red,2991,3137,6128
89,,9360340,1,20261003,4981,503,0,0,0,0,0,5399,496,0,0,0,0,0,3,32.544601030326895,131.648426,,,,,,,,,,,,,233,red,5484,5895,11379
89,,9360350,1,20261003,4543,291,0,0,0,0,0,4745,276,0,0,0,0,0,1,31.69283102902137,131.379337,,,,,,,,,,,,,233,red,4834,5021,9855
89,,9360360,1,20261003,4258,256,0,0,0,0,0,4402,227,0,0,0,0,0,1,31.626655028918243,131.387644,,,,,,,,,,,,,233,red,4514,4629,9143
89,,9360380,1,20261003,1851,254,0,0,0,0,0,1748,197,0,0,0,0,0,1,31.48338302869418,131.081995,,,,,,,,,,,,,233,red,2105,1945,4050
89,,9360385,1,20261003,2240,347,0,0,0,0,0,2332,292,0,0,0,0,0,1,31.46605602866702,131.053459,,,,,,,,,,,,,233,red,2587,2624,5211
89,,9360390,1,20261003,2258,292,0,0,0,0,0,2472,291,0,0,0,0,0,1,31.445310028634466,130.99415,,,,,,,,,,,,,233,red,2550,2763,5313
89,,9360400,1,20261003,4012,538,0,0,0,0,0,3627,509,0,0,0,0,0,1,31.466282028667365,130.90009,,,,,,,,,,,,,233,red,4550,4136,8686
89,,9360410,1,20261003,3382,469,0,0,0,0,0,3134,466,0,0,0,0,0,1,31.521020028753135,130.93081,,,,,,,,,,,,,233,red,3851,3600,7451
89,,9360420,1,20261003,3250,465,0,0,0,0,0,3154,479,0,0,0,0,0,1,31.615248748900434,130.9538662,,,,,,,,,,,,,233,red,3715,3633,7348
89,,9360430,1,20261003,3614,260,0,0,0,0,0,3238,216,0,0,0,0,0,1,32.749633030634584,130.866625,,,,,,,,,,,,,233,red,3874,3454,7328
89,,9360440,1,20261003,3751,264,0,0,0,0,0,3351,213,0,0,0,0,0,1,32.741409030622286,130.89194,,,,,,,,,,,,,233,red,4015,3564,7579
89,,9360443,1,20261003,3350,187,0,0,0,0,0,3111,178,0,0,0,0,0,1,32.73097603060669,130.938429,,,,,,,,,,,,,233,red,3537,3289,6826
89,,9360465,1,20261003,3165,208,0,0,0,0,0,3288,233,0,0,0,0,0,3,32.69277003054952,131.345815,,,,,,,,,,,,,233,red,3373,3521,6894
89,,9360467,1,20261003,3304,237,0,0,0,0,0,3368,278,0,0,0,0,0,3,32.67691003052576,131.36226,,,,,,,,,,,,,233,red,3541,3646,7187
89,,9360470,1,20261003,3401,200,0,0,0,0,0,3795,248,0,0,0,0,0,3,32.587591030391636,131.509484,,,,,,,,,,,,,233,red,3601,4043,7644
90,,10110010,1,20261003,9008,504,0,0,0,0,0,9204,532,0,0,0,0,0,3,26.525846020561954,127.924665,,,,,,,,,,,,,233,red,9512,9736,19248
90,,10110030,1,20261003,25271,690,0,0,0,0,0,26012,964,0,0,0,0,0,3,26.27496950463181,127.741287946701,,,,,,,,,,,,,233,red,25961,26976,52937
90,,10110040,1,20261003,5149,210,0,0,0,0,0,5354,188,0,0,0,0,0,3,26.47501802047749,127.955092,,,,,,,,,,,,,233,red,5359,5542,10901
90,,10110060,1,20261003,13413,1329,0,1,0,0,1,12572,978,0,1,0,0,1,3,26.28023651673024,127.81364321708601,,,,,,,,,,,,,233,red,14742,13550,28292
90,,10110070,1,20261003,12933,658,0,0,0,0,0,12307,696,0,0,0,0,0,3,26.200277295979053,127.66189455985999,,,,,,,,,,,,,233,red,13591,13003,26594
90,,10110090,1,20261003,16632,1110,0,0,0,0,0,17648,933,0,0,0,0,0,3,26.1754430532393,127.706499695777,,,,,,,,,,,,,233,red,17742,18581,36323
81,02,1810010,1,20261003,8088,1118,0,,,,,0,0,0,,,,,3,41.996809040234545,140.63609,,,0,0,0,0,0,0,0,0,0,0,231,blue,9206,0,9206
81,02,1810020,1,20261003,5072,740,0,,,,,4447,662,0,,,,,3,42.079752040271956,140.596961,,,0,0,0,0,0,2,2,0,0,0,231,blue,5812,5109,10921
81,02,1810030,1,20261003,,,,,,,,,,,,,,,3,42.18194404031664,140.438889,,,1,0,0,0,0,0,0,0,0,0,231,blue,0,0,0
81,02,1810040,1,20261003,4034,731,0,,,,,3249,606,0,,,,,3,42.21583304033111,140.385,,,0,0,0,0,0,0,0,0,0,0,231,blue,4765,3855,8620
81,02,1810050,1,20261003,2413,383,0,,,,,1793,386,0,,,,,3,42.29972204036625,140.271667,,,0,0,0,0,0,0,0,0,0,2,231,blue,2796,2179,4975
81,03,1810060,1,20261003,839,85,0,,,,,811,134,0,,,,,3,42.70250004052043,140.42222,,,0,0,0,0,0,0,0,0,0,0,231,blue,924,945,1869
81,03,1810070,1,20261003,1483,103,0,,,,,1281,212,0,,,,,3,42.805277040555936,140.52666,,,0,0,0,0,0,0,0,0,0,0,231,blue,1586,1493,3079
81,03,1810080,1,20261003,1086,157,0,,,,,576,100,0,,,,,3,42.79952604055398,140.700552,,,0,0,0,0,0,0,0,0,0,125,231,blue,1243,676,1919
81,03,1810100,1,20261003,3392,391,0,,,,,3879,532,0,,,,,3,43.037777040630445,140.678611,,,0,0,0,0,0,0,0,0,0,0,231,blue,3783,4411,8194
81,03,1810110,1,20261003,6045,214,0,,,,,6395,422,0,,,,,3,43.20720804067966,140.975798,,,0,0,0,0,0,0,0,0,0,0,231,blue,6259,6817,13076
81,03,1810120,1,20261003,11824,528,0,,,,,12893,555,0,,,,,3,43.177556040671355,141.041001,,,0,0,0,0,0,0,0,0,0,0,231,blue,12352,13448,25800
81,02,1810130,1,20261003,3500,234,0,,,,,3136,260,0,,,,,3,41.88166704018098,140.720833,,,0,0,0,0,0,0,0,0,0,0,231,blue,3734,3396,7130
81,02,1810140,1,20261003,5440,371,0,,,,,5329,450,0,,,,,3,41.922053040199984,140.673037,,,0,0,0,0,0,0,0,0,0,0,231,blue,5811,5779,11590
81,01,1810160,1,20261003,1931,163,0,,,,,3030,170,0,,,,,3,43.575214040771755,141.936064,,,0,0,0,0,0,0,0,0,0,0,231,blue,2094,3200,5294
81,04,1810180,1,20261003,4275,254,0,,,,,9553,1217,0,,,,,3,43.75523899023857,142.273832256632,,,0,0,0,0,0,0,0,0,0,0,231,blue,4529,10770,15299
81,01,1810200,1,20261003,,,,,,,,,,,,,,,3,42.92800104059627,141.532244,,,1,0,0,0,0,0,0,0,0,3,231,blue,0,0,0
81,01,1810210,1,20261003,8073,724,0,,,,,4235,383,0,,,,,3,42.86212604057491,141.599922,,,0,0,0,0,0,0,0,0,0,4,231,blue,8797,4618,13415
81,05,1810220,1,20261003,,,,,,,,,,,,,,,3,42.736385040532305,141.709144,,,1,0,0,0,0,0,0,0,0,0,231,blue,0,0,0
81,05,1810240,1,20261003,5213,441,0,,,,,5750,351,0,,,,,3,42.44474904042452,141.159993,,,0,0,0,0,0,0,0,0,0,0,231,blue,5654,6101,11755
81,05,1810250,1,20261003,6994,181,0,,,,,6511,197,0,,,,,3,42.32896604037825,140.996368,,,0,0,0,0,0,0,0,0,0,0,231,blue,7175,6708,13883
81,02,1810260,1,20261003,1895,178,0,,,,,1646,213,0,,,,,3,42.59861104048294,140.461667,,,0,0,0,0,0,0,0,0,0,0,231,blue,2073,1859,3932
81,05,1810270,1,20261003,2124,232,0,,,,,1809,264,0,,,,,3,42.59319704048096,140.520753,,,0,0,0,0,0,0,0,0,0,0,231,blue,2356,2073,4429
81,05,1810280,1,20261003,2145,224,0,,,,,1780,237,0,,,,,3,42.59372804048115,140.535945,,,0,0,0,0,0,0,0,0,0,0,231,blue,2369,2017,4386
81,05,1810290,1,20261003,525,3,0,,,,,1767,167,0,,,,,3,42.56267604046962,140.742626,,,0,0,0,0,0,0,0,0,0,0,231,blue,528,1934,2462
81,01,1810310,1,20261003,,,,,,,,,,,,,,,3,43.57408404077149,141.983838,,,1,,,,,,,,,,231,blue,0,0,0
81,01,1810320,1,20261003,,,,,,,,,,,,,,,3,43.47080004074768,142.266721,,,1,,,,,,,,,,231,blue,0,0,0
81,04,1810350,1,20261003,1144,192,0,,,,,1042,142,0,,,,,3,43.197272411385796,142.57548514343702,,,0,0,0,0,0,0,0,0,0,72,231,blue,1336,1184,2520
81,07,1810360,1,20261003,,,,,,,,,,,,,,,3,43.15712704066555,142.786825,,,0,0,0,0,0,0,0,0,0,231,231,blue,0,0,0
81,07,1810370,1,20261003,1525,274,0,,,,,1627,210,0,,,,,3,42.814306040558975,143.51125,,,0,0,0,0,0,0,0,0,0,0,231,blue,1799,1837,3636
81,07,1810380,1,20261003,,,,,,,,,,,,,,,3,42.82083104056116,143.71063,,,1,0,0,0,0,0,0,0,0,0,231,blue,0,0,0
81,06,1810390,1,20261003,,,,,,,,,,,,,,,3,42.86448904057567,143.874907,,,1,0,0,0,0,0,0,0,0,0,231,blue,0,0,0
81,06,1810400,1,20261003,2517,228,0,,,,,2109,168,0,,,,,3,43.00508004062045,144.254672,,,0,0,0,0,0,0,0,0,0,0,231,blue,2745,2277,5022
81,06,1810410,1,20261003,,,,,,,,,,,,,,,3,43.0195510406249,144.257695,,,1,0,0,0,0,0,0,0,0,0,231,blue,0,0,0
81,06,1810420,1,20261003,6890,263,0,,,,,6995,201,0,,,,,3,43.00768404062126,144.364725,,,0,0,0,0,0,0,0,0,0,0,231,blue,7153,7196,14349
81,04,1810430,1,20261003,1101,234,0,,,,,990,127,0,,,,,3,43.89533772001418,142.522262332469,,,0,0,0,0,0,0,0,0,0,1,231,blue,1335,1117,2452
81,08,1810460,1,20261003,2330,268,0,,,,,2010,227,0,,,,,3,43.88484504083343,144.001818,,,0,0,0,0,0,0,0,0,0,51,231,blue,2598,2237,4835
81,08,1810480,1,20261003,,,,,,,,,,,,,,,3,43.91366204083846,144.156572,,,1,0,0,0,0,0,0,0,0,39,231,blue,0,0,0
81,04,1810490,1,20261003,3041,375,0,,,,,3144,276,0,,,,,3,43.84734151228824,142.449476813803,,,0,0,0,0,0,0,0,0,0,1,231,blue,3416,3420,6836
81,04,1810500,1,20261003,1966,250,0,,,,,1643,164,0,,,,,3,44.091634905591874,142.391293207353,,,0,0,0,0,0,0,0,0,0,9,231,blue,2216,1807,4023
81,04,1810510,1,20261003,921,163,0,,,,,772,70,0,,,,,3,44.70483751674948,142.274019195489,,,0,0,0,0,0,0,0,0,0,13,231,blue,1084,842,1926
81,04,1810520,1,20261003,62,4,0,,,,,70,5,0,,,,,3,44.72277804092767,142.249444,,,0,0,0,0,0,0,0,0,0,82,231,blue,66,75,141
81,09,1810530,1,20261003,489,90,0,,,,,570,82,0,,,,,3,44.89642004093388,141.953541,,,0,0,0,0,0,0,0,0,0,4,231,blue,579,652,1231
81,10,1810540,1,20261003,0,0,0,,,,,42,32,0,,,,,3,45.02095404093553,141.771843,,,0,0,0,0,0,0,0,0,0,0,231,blue,0,74,74
81,10,1810550,1,20261003,419,52,0,,,,,417,38,0,,,,,3,45.1450290409348,141.751626,,,0,0,0,0,0,0,0,0,0,21,231,blue,471,455,926
81,10,1810560,1,20261003,,,,,,,,,,,,,,,3,45.22646604093306,141.745387,,,1,,,,,,,,,,231,blue,0,0,0
81,10,1810570,1,20261003,724,94,0,,,,,755,47,0,,,,,3,45.11301904093522,141.794418,,,0,0,0,0,0,0,0,0,0,0,231,blue,818,802,1620
81,06,1810580,1,20261003,6587,195,0,,,,,7026,130,0,,,,,3,42.9878210406151,144.393418,,,0,0,0,0,0,0,0,0,0,0,231,blue,6782,7156,13938
81,06,1810590,1,20261003,,,,,,,,,,,,,,,3,43.05774504063647,144.791279,,,1,0,0,0,0,0,0,0,0,0,231,blue,0,0,0
81,06,1810600,1,20261003,2690,404,0,,,,,3080,225,0,,,,,3,43.05804004063655,144.830749,,,0,0,0,0,0,0,0,0,0,0,231,blue,3094,3305,6399
81,06,1810610,1,20261003,,,,,,,,,,,,,,,3,43.282406040700124,145.50731400000004,,,1,0,0,0,0,0,0,0,0,0,231,blue,0,0,0
81,02,1810620,1,20261003,1549,172,0,,,,,1595,124,0,,,,,3,41.95083004021339,140.45583300000004,,,0,0,0,0,0,0,0,0,0,0,231,blue,1721,1719,3440
81,02,1810630,1,20261003,1490,106,0,,,,,1470,51,0,,,,,3,41.77072204012754,140.613139,,,0,0,0,0,0,0,0,0,0,0,231,blue,1596,1521,3117
81,02,1810640,1,20261003,,,,,,,,,,,,,,,3,41.666445040075686,140.434972,,,1,0,0,0,0,0,0,0,0,0,231,blue,0,0,0
81,02,1810650,1,20261003,2160,178,0,,,,,2302,89,0,,,,,3,41.624898040054596,140.429715,,,0,0,0,0,0,0,0,0,0,0,231,blue,2338,2391,4729
81,02,1810660,1,20261003,837,73,0,,,,,907,89,0,,,,,3,41.49941703998935,140.249306,,,0,0,0,0,0,0,0,0,0,0,231,blue,910,996,1906
81,02,1810670,1,20261003,,,,,,,,,,,,,,,3,41.40202103993715,140.185625,,,1,0,0,0,0,0,0,0,0,0,231,blue,0,0,0
81,02,1810680,1,20261003,854,144,0,,,,,852,79,0,,,,,3,41.43166703995318,140.128056,,,0,0,0,0,0,0,0,0,0,0,231,blue,998,931,1929
81,02,1810690,1,20261003,316,15,0,,,,,322,34,0,,,,,3,41.71166704009836,140.027778,,,0,0,0,0,0,0,0,0,0,0,231,blue,331,356,687
81,02,1810700,1,20261003,1401,182,0,,,,,1458,123,0,,,,,3,41.84777804016484,140.12472200000002,,,0,0,0,0,0,0,0,0,0,0,231,blue,1583,1581,3164
81,02,1810710,1,20261003,,,,,,,,,,,,,,,3,41.84277804016245,140.732222,,,1,0,0,0,0,10,10,0,0,0,231,blue,0,0,0
81,02,1810720,1,20261003,,,,,,,,,,,,,,,3,41.83613904015928,140.64875,,,1,0,0,0,0,0,0,0,0,0,231,blue,0,0,0
81,02,1810730,1,20261003,,,,,,,,,,,,,,,3,41.78055604013235,140.61055600000003,,,1,0,0,0,0,0,0,0,0,0,231,blue,0,0,0
81,03,1810750,1,20261003,1776,116,0,,,,,1953,61,0,,,,,3,43.2287050406856,140.73446400000003,,,0,0,0,0,0,0,0,0,0,0,231,blue,1892,2014,3906
81,03,1810760,1,20261003,1020,62,0,,,,,1151,86,0,,,,,3,43.280277040699566,140.6375,,,0,0,0,0,0,0,0,0,0,0,231,blue,1082,1237,2319
81,03,1810780,1,20261003,401,37,0,,,,,376,19,0,,,,,3,43.328914040712355,140.422613,,,0,0,0,0,0,0,0,0,0,0,231,blue,438,395,833
81,03,1810790,1,20261003,,,,,,,,,,,,,,,3,43.19878704067732,140.346959,,,1,0,0,0,0,0,0,0,0,0,231,blue,0,0,0
81,03,1810800,1,20261003,875,30,0,,,,,892,24,0,,,,,3,43.04480504063257,140.505833,,,0,0,0,0,0,0,0,0,0,0,231,blue,905,916,1821
81,03,1810810,1,20261003,,,,,,,,,,,,,,,3,43.02277704062587,140.548333,,,1,,,,,,,,,,231,blue,0,0,0
81,03,1810820,1,20261003,2454,493,0,,,,,2919,395,0,,,,,3,42.99750304061811,140.538303,,,0,0,0,0,0,0,0,0,0,0,231,blue,2947,3314,6261
81,03,1810830,1,20261003,,,,,,,,,,,,,,,3,42.981000040613,140.511333,,,1,0,0,0,0,0,0,0,0,0,231,blue,0,0,0
81,03,1810840,1,20261003,860,160,0,,,,,0,0,0,,,,,3,42.93163404059743,140.409415,,,0,0,0,0,0,0,0,0,0,0,231,blue,1020,0,1020
81,03,1810850,1,20261003,891,201,0,,,,,759,155,0,,,,,3,42.83094404056455,140.308974,,,0,0,0,0,0,1,1,0,0,0,231,blue,1092,914,2006
81,03,1810860,1,20261003,1,0,0,,,,,607,61,0,,,,,3,42.818297040560324,140.184051,,,0,0,0,0,0,0,0,0,0,0,231,blue,1,668,669
81,03,1810870,1,20261003,137,8,0,,,,,136,10,0,,,,,3,42.68444404051404,139.919444,,,0,0,0,0,0,0,0,0,0,0,231,blue,145,146,291
81,02,1810880,1,20261003,,,,,,,,,,,,,,,3,42.57583304047453,139.832222,,,1,0,0,0,0,0,0,0,0,0,231,blue,0,0,0
81,02,1810890,1,20261003,,,,,,,,,,,,,,,3,42.17250004031257,139.899444,,,1,0,0,0,0,0,0,0,0,0,231,blue,0,0,0
81,02,1810900,1,20261003,,,,,,,,,,,,,,,3,42.21750004033183,139.868333,,,1,0,0,0,0,0,0,0,0,0,231,blue,0,0,0
81,02,1810910,1,20261003,586,71,0,,,,,559,57,0,,,,,3,42.11918804028937,140.016837,,,0,0,0,0,0,0,0,0,0,0,231,blue,657,616,1273
81,02,1810920,1,20261003,,,,,,,,,,,,,,,3,41.97324904022374,140.139624,,,1,0,0,0,0,0,0,0,0,0,231,blue,0,0,0
81,01,1810940,1,20261003,10488,350,0,,,,,9938,363,0,,,,,3,43.001256040619275,141.339621,,,0,0,0,0,0,0,0,0,0,0,231,blue,10838,10301,21139
81,01,1810950,1,20261003,,,,,,,,,,,,,,,3,42.999192040618645,141.337588,,,1,0,0,0,0,0,0,0,0,0,231,blue,0,0,0
81,01,1810960,1,20261003,4704,304,0,,,,,4087,207,0,,,,,3,42.9536270406044,141.151206,,,0,0,0,0,0,0,0,0,0,15,231,blue,5008,4294,9302
81,01,1810970,1,20261003,,,,,,,,,,,,,,,3,42.883263040581824,141.139985,,,1,,,,,,,,,,231,blue,0,0,0
81,03,1810980,1,20261003,591,27,0,,,,,920,53,0,,,,,3,42.69444404051758,140.839722,,,0,0,0,0,0,0,0,0,0,88,231,blue,618,973,1591
81,01,1811010,1,20261003,,,,,,,,,,,,,,,3,43.161847040666906,141.353771,,,1,0,0,0,0,0,0,0,0,106,231,blue,0,0,0
81,01,1811020,1,20261003,,,,,,,,,,,,,,,3,43.183375040672985,141.323859,,,1,0,0,0,0,0,0,0,0,1,231,blue,0,0,0
81,01,1811030,1,20261003,,,,,,,,,,,,,,,3,43.22320404068409,141.345058,,,1,0,0,0,0,0,0,0,0,1,231,blue,0,0,0
81,01,1811040,1,20261003,1392,87,0,,,,,1268,65,0,,,,,3,43.39904804073019,141.436259,,,0,0,0,0,0,0,0,0,0,6,231,blue,1479,1333,2812
81,09,1811050,1,20261003,,,,,,,,,,,,,,,3,43.75429004080918,141.350733,,,1,0,0,0,0,0,0,0,0,3,231,blue,0,0,0
81,09,1811060,1,20261003,,,,,,,,,,,,,,,3,44.96648604093511,141.761931,,,1,0,0,0,0,0,0,0,0,8,231,blue,0,0,0
81,09,1811080,1,20261003,,,,,,,,,,,,,,,3,44.80492204093118,141.785854,,,1,0,0,0,0,0,0,0,0,0,231,blue,0,0,0
81,09,1811090,1,20261003,,,,,,,,,,,,,,,3,44.64226604092325,141.79398,,,1,0,0,0,0,0,0,0,0,0,231,blue,0,0,0
81,09,1811110,1,20261003,,,,,,,,,,,,,,,3,44.37405804090138,141.71125400000003,,,1,0,0,0,0,0,0,0,0,5,231,blue,0,0,0
81,09,1811120,1,20261003,757,52,0,,,,,1234,159,0,,,,,3,44.255796040888285,141.656338,,,0,0,0,0,0,0,0,0,0,3,231,blue,809,1393,2202
81,09,1811130,1,20261003,,,,,,,,,,,,,,,3,44.07063104086351,141.663029,,,1,0,0,0,0,0,0,0,0,6,231,blue,0,0,0
81,09,1811150,1,20261003,2006,197,0,,,,,1752,267,0,,,,,3,43.94678404084405,141.651833,,,0,0,0,0,0,0,0,0,0,11,231,blue,2203,2019,4222
81,09,1811160,1,20261003,,,,,,,,,,,,,,,3,43.832161040823955,141.829941,,,1,0,0,0,0,0,0,0,0,0,231,blue,0,0,0
81,09,1811170,1,20261003,,,,,,,,,,,,,,,3,43.849231040827085,141.814442,,,1,0,0,0,0,0,0,0,0,3,231,blue,0,0,0
81,09,1811180,1,20261003,318,35,0,,,,,427,45,0,,,,,3,43.874433040831605,141.738524,,,0,0,0,0,0,0,0,0,0,3,231,blue,353,472,825
81,09,1811190,1,20261003,,,,,,,,,,,,,,,3,43.91902504083936,141.685028,,,1,0,0,0,0,0,0,0,0,7,231,blue,0,0,0
81,09,1811200,1,20261003,1952,272,0,,,,,2089,200,0,,,,,3,43.887433040833905,141.711544,,,0,0,0,0,0,0,0,0,0,4,231,blue,2224,2289,4513
81,01,1811210,1,20261003,,,,,,,,,,,,,,,3,43.19164404067532,141.764248,,,1,,,,,,,,,,231,blue,0,0,0
81,01,1811220,1,20261003,,,,,,,,,,,,,,,3,42.898883040586895,141.813884,,,1,0,0,0,0,0,0,0,0,103,231,blue,0,0,0
81,05,1811230,1,20261003,1890,425,0,,,,,1738,567,0,,,,,3,42.885113040582425,141.812065,,,0,0,0,0,0,0,0,0,0,2,231,blue,2315,2305,4620
81,05,1811240,1,20261003,,,,,,,,,,,,,,,3,42.76319504054159,141.812586,,,1,0,0,0,0,0,0,0,0,0,231,blue,0,0,0
81,05,1811250,1,20261003,,,,,,,,,,,,,,,3,42.55317704046606,141.981715,,,1,0,0,0,0,0,0,0,0,99,231,blue,0,0,0
81,05,1811260,1,20261003,3474,274,0,,,,,3205,163,0,,,,,3,42.16916704031112,142.768611,,,0,0,0,0,0,0,0,0,0,0,231,blue,3748,3368,7116
81,05,1811270,1,20261003,2568,342,0,,,,,2379,259,0,,,,,3,42.50615204044825,142.070834,,,0,0,0,0,0,0,0,0,0,0,231,blue,2910,2638,5548
81,07,1811280,1,20261003,861,108,0,,,,,210,21,0,,,,,3,42.58422604047764,143.30053,,,0,0,0,0,0,0,0,0,0,0,231,blue,969,231,1200
81,07,1811290,1,20261003,214,37,0,,,,,205,37,0,,,,,3,42.3768230403976,143.061454,,,0,0,0,0,0,57,57,0,0,10,231,blue,251,242,493
81,04,1811320,1,20261003,4342,444,0,,,,,4067,412,0,,,,,3,43.60527804077837,142.469167,,,0,0,0,0,0,0,0,0,0,2,231,blue,4786,4479,9265
81,04,1811330,1,20261003,3249,384,0,,,,,3084,282,0,,,,,3,43.560996966472565,142.4353437615,,,0,0,0,0,0,0,0,0,0,6,231,blue,3633,3366,6999
81,08,1811370,1,20261003,226,24,0,,,,,176,20,0,,,,,3,44.09975304086775,143.867897,,,0,0,0,0,0,0,0,0,0,157,231,blue,250,196,446
81,08,1811380,1,20261003,556,91,0,,,,,503,56,0,,,,,3,44.12070404087072,143.72058,,,0,0,0,0,0,0,0,0,0,110,231,blue,647,559,1206
81,08,1811390,1,20261003,2842,273,0,,,,,2744,183,0,,,,,3,44.364948040900465,143.334896,,,0,0,0,0,0,0,0,0,0,0,231,blue,3115,2927,6042
81,10,1811400,1,20261003,,,,,,,,,,,,,,,3,44.77764204093013,142.721902,,,1,0,0,0,0,0,0,0,0,8,231,blue,0,0,0
81,10,1811410,1,20261003,522,73,0,,,,,559,76,0,,,,,3,45.361691040927944,142.122166,,,0,0,0,0,0,0,0,0,0,0,231,blue,595,635,1230
81,10,1811420,1,20261003,0,0,0,,,,,931,68,0,,,,,3,45.43710504092389,141.862347,,,0,0,0,0,0,0,0,0,0,119,231,blue,0,999,999
81,08,1811430,1,20261003,412,38,0,,,,,409,73,0,,,,,3,44.40500204090447,143.017708,,,0,0,0,0,0,0,0,0,0,0,231,blue,450,482,932
81,04,1811440,1,20261003,306,29,0,,,,,317,28,0,,,,,3,44.31599186248862,142.78318613417,,,0,0,0,0,0,0,0,0,0,47,231,blue,335,345,680
81,04,1811450,1,20261003,272,36,0,,,,,213,36,0,,,,,3,44.18218514890566,142.3067879962,,,0,0,0,0,0,0,0,0,0,10,231,blue,308,249,557
81,09,1811460,1,20261003,,,,,,,,,,,,,,,3,44.20144804088155,142.034387,,,1,0,0,0,0,0,0,0,0,7,231,blue,0,0,0
81,06,1811490,1,20261003,,,,,,,,,,,,,,,3,43.28312104070033,144.106479,,,1,0,0,0,0,0,0,0,0,0,231,blue,0,0,0
81,06,1811500,1,20261003,600,217,0,,,,,604,116,0,,,,,3,43.45847504074473,144.008366,,,0,0,0,0,0,0,0,0,0,0,231,blue,817,720,1537
81,08,1811520,1,20261003,1539,122,0,,,,,1538,203,0,,,,,3,44.16231304087643,143.57881,,,0,0,0,0,0,0,0,0,0,0,231,blue,1661,1741,3402
81,08,1811530,1,20261003,1840,271,0,,,,,1814,255,0,,,,,3,44.13401504087257,143.561357,,,0,0,0,0,0,0,0,0,0,0,231,blue,2111,2069,4180
81,08,1811540,1,20261003,,,,,,,,,,,,,,,3,43.81153304082013,143.553741,,,1,0,0,0,0,0,0,0,0,59,231,blue,0,0,0
81,07,1811550,1,20261003,104,23,0,,,,,100,31,0,,,,,3,43.614803040780444,143.623559,,,0,0,0,0,0,0,0,0,0,0,231,blue,127,131,258
81,07,1811560,1,20261003,1506,190,0,,,,,1748,282,0,,,,,3,42.950446040603396,143.426823,,,0,0,0,0,0,0,0,0,0,0,231,blue,1696,2030,3726
81,07,1811570,1,20261003,420,29,0,,,,,4031,270,0,,,,,3,42.91920004059345,143.382799,,,0,0,0,0,0,0,0,0,0,0,231,blue,449,4301,4750
81,06,1811580,1,20261003,2,3,0,,,,,723,79,0,,,,,3,43.65168204078832,144.260814,,,0,0,0,0,0,0,0,0,0,0,231,blue,5,802,807
81,06,1811590,1,20261003,862,108,0,,,,,878,94,0,,,,,3,43.48222204075039,144.542778,,,0,0,0,0,0,1,1,0,0,0,231,blue,970,972,1942
81,06,1811600,1,20261003,387,95,0,,,,,490,91,0,,,,,3,43.415912040734376,144.740463,,,0,0,0,0,0,0,0,0,0,0,231,blue,482,581,1063
81,08,1811610,1,20261003,2516,192,0,,,,,2055,136,0,,,,,3,43.96614504084723,144.326697,,,0,0,0,0,0,0,0,0,0,0,231,blue,2708,2191,4899
81,08,1811620,1,20261003,1049,100,0,,,,,1285,98,0,,,,,3,43.91012304083783,144.542023,,,0,0,0,0,0,0,0,0,0,0,231,blue,1149,1383,2532
81,08,1811630,1,20261003,,,,,,,,,,,,,,,3,43.888827040834144,144.736391,,,1,0,0,0,0,0,0,0,0,52,231,blue,0,0,0
81,06,1811640,1,20261003,337,36,0,,,,,285,22,0,,,,,3,43.73179504080475,144.960789,,,0,0,0,0,0,0,0,0,0,0,231,blue,373,307,680
81,06,1811650,1,20261003,220,19,0,,,,,206,20,0,,,,,3,43.69435704079721,145.112266,,,0,0,0,0,0,0,0,0,0,0,231,blue,239,226,465
81,06,1811660,1,20261003,,,,,,,,,,,,,,,3,43.37687304072465,145.283748,,,1,0,0,0,0,0,0,0,0,0,231,blue,0,0,0
81,06,1811670,1,20261003,1248,257,0,,,,,1306,179,0,,,,,3,43.225599040684756,144.69552000000002,,,0,0,0,0,0,0,0,0,0,0,231,blue,1505,1485,2990
81,06,1811680,1,20261003,1005,210,0,,,,,1097,152,0,,,,,3,43.384169040726476,144.866826,,,0,0,0,0,0,0,0,0,0,0,231,blue,1215,1249,2464
81,06,1811690,1,20261003,,,,,,,,,,,,,,,3,43.60985404077937,145.077277,,,1,0,0,0,0,0,0,0,0,0,231,blue,0,0,0
81,07,1811700,1,20261003,790,147,0,,,,,793,139,0,,,,,3,43.353586040718724,143.261308,,,0,0,0,0,0,0,0,0,0,32,231,blue,937,932,1869
81,07,1811710,1,20261003,650,47,0,,,,,644,43,0,,,,,3,43.571286040770886,143.120781,,,0,0,0,0,0,0,0,0,0,32,231,blue,697,687,1384
81,04,1811730,1,20261003,369,77,0,,,,,258,18,0,,,,,3,43.909246029716684,142.97348513542,,,0,0,0,0,0,0,0,0,0,5,231,blue,446,276,722
81,04,1811740,1,20261003,340,61,0,,,,,224,18,0,,,,,3,43.9388162846136,142.945802727953,,,0,0,0,0,0,0,0,0,0,56,231,blue,401,242,643
81,01,1811750,1,20261003,3786,704,0,,,,,2829,536,0,,,,,3,42.98946404061562,141.609539,,,0,0,0,0,0,0,0,0,0,10,231,blue,4490,3365,7855
81,01,1811760,1,20261003,1771,268,0,,,,,1583,171,0,,,,,3,42.94269504060095,141.76061,,,0,0,0,0,0,0,0,0,0,3,231,blue,2039,1754,3793
81,01,1811770,1,20261003,1359,242,0,,,,,1263,182,0,,,,,3,42.950353040603375,141.802672,,,0,0,0,0,0,0,0,0,0,1,231,blue,1601,1445,3046
81,01,1811780,1,20261003,,,,,,,,,,,,,,,3,42.91325204059154,141.966963,,,1,0,0,0,0,0,0,0,0,1,231,blue,0,0,0
81,01,1811790,1,20261003,,,,,,,,,,,,,,,3,42.92852504059643,142.063994,,,1,0,0,0,0,0,0,0,0,0,231,blue,0,0,0
81,05,1811800,1,20261003,772,444,0,,,,,945,351,0,,,,,3,42.9641030406077,142.63981100000004,,,0,0,0,0,0,0,0,0,0,0,231,blue,1216,1296,2512
81,01,1811810,1,20261003,3754,526,0,,,,,2843,423,0,,,,,3,43.18243804067272,141.523454,,,0,0,0,0,0,0,0,0,0,33,231,blue,4280,3266,7546
81,01,1811830,1,20261003,1545,225,0,,,,,1674,167,0,,,,,3,43.54600104076516,141.884426,,,0,0,0,0,0,0,0,0,0,0,231,blue,1770,1841,3611
81,01,1811840,1,20261003,1120,119,0,,,,,1026,98,0,,,,,3,43.71586004080156,141.885874,,,0,0,0,0,0,0,0,0,0,15,231,blue,1239,1124,2363
81,01,1811850,1,20261003,310,37,0,,,,,359,26,0,,,,,3,43.76892104081203,141.884179,,,0,0,0,0,0,0,0,0,0,12,231,blue,347,385,732
81,01,1811860,1,20261003,518,46,0,,,,,566,44,0,,,,,3,43.80589304081908,141.905599,,,0,0,0,0,0,0,0,0,0,1,231,blue,564,610,1174
81,01,1811870,1,20261003,298,39,0,,,,,295,47,0,,,,,3,43.917356040839074,142.125632,,,0,0,0,0,0,0,0,0,0,11,231,blue,337,342,679
81,04,1811880,1,20261003,317,63,0,,,,,338,21,0,,,,,3,44.74113379582216,142.253439072174,,,0,0,0,0,0,0,0,0,0,64,231,blue,380,359,739
81,10,1811890,1,20261003,405,76,0,,,,,459,29,0,,,,,3,44.820303040931734,142.284138,,,0,0,0,0,0,0,0,0,0,0,231,blue,481,488,969
81,10,1811900,1,20261003,,,,,,,,,,,,,,,3,45.044884040935564,142.315271,,,1,0,0,0,0,0,0,0,0,56,231,blue,0,0,0
81,10,1811910,1,20261003,294,48,0,,,,,357,35,0,,,,,3,45.10820204093526,142.363773,,,0,0,0,0,0,0,0,0,0,94,231,blue,342,392,734
81,03,1811920,1,20261003,,,,,,,,,,,,,,,3,42.98635304061466,140.606197,,,1,0,0,0,0,0,0,0,0,0,231,blue,0,0,0
81,03,1811930,1,20261003,606,112,0,,,,,704,131,0,,,,,3,42.88083304058103,140.878055,,,0,0,0,0,0,0,0,0,0,74,231,blue,718,835,1553
81,03,1811940,1,20261003,815,148,0,,,,,752,210,0,,,,,3,42.80440904055563,140.891961,,,0,0,0,0,0,0,0,0,0,30,231,blue,963,962,1925
81,03,1811950,1,20261003,469,138,0,,,,,401,69,0,,,,,3,42.75773904053971,141.013347,,,0,0,0,0,0,0,0,0,0,59,231,blue,607,470,1077
81,01,1811980,1,20261003,,,,,,,,,,,,,,,3,42.71955604052643,141.252074,,,1,0,0,0,0,0,0,0,0,9,231,blue,0,0,0
81,01,1811990,1,20261003,1453,169,0,,,,,1393,263,0,,,,,3,42.74221004053433,141.402953,,,0,0,0,0,0,0,0,0,0,7,231,blue,1622,1656,3278
81,02,1812000,1,20261003,225,7,0,,,,,170,10,0,,,,,3,42.1695560403113,140.052167,,,0,0,0,0,0,0,0,0,0,0,231,blue,232,180,412
81,02,1812010,1,20261003,2266,181,0,,,,,2363,239,0,,,,,3,41.76194404012323,140.856944,,,0,0,0,0,0,0,0,0,0,0,231,blue,2447,2602,5049
81,02,1812020,1,20261003,1342,73,0,,,,,1557,79,0,,,,,3,41.714722040099886,140.9975,,,0,0,0,0,0,0,0,0,0,0,231,blue,1415,1636,3051
81,02,1812030,1,20261003,,,,,,,,,,,,,,,3,41.87888904017965,141.092222,,,1,0,0,0,0,1,1,0,0,0,231,blue,0,0,0
81,02,1812040,1,20261003,596,169,0,,,,,555,55,0,,,,,3,41.9566670402161,140.928611,,,0,0,0,0,0,0,0,0,0,0,231,blue,765,610,1375
81,02,1812050,1,20261003,,,,,,,,,,,,,,,3,42.013056040241956,140.853611,,,1,0,0,0,0,0,0,0,0,0,231,blue,0,0,0
81,02,1812060,1,20261003,361,63,0,,,,,432,31,0,,,,,3,42.042500040255284,140.813056,,,0,0,0,0,0,0,0,0,0,0,231,blue,424,463,887
81,02,1812070,1,20261003,659,100,0,,,,,583,143,0,,,,,3,42.12805604029326,140.711389,,,0,0,0,0,0,0,0,0,0,0,231,blue,759,726,1485
81,02,1812080,1,20261003,1637,134,0,,,,,1515,121,0,,,,,3,42.118611040289125,140.632778,,,0,0,0,0,0,0,0,0,0,0,231,blue,1771,1636,3407
81,06,1812090,1,20261003,12,7,0,,,,,1398,147,0,,,,,3,43.89994004083609,145.099582,,,0,0,0,0,0,0,0,0,0,0,231,blue,19,1545,1564
81,05,1812130,1,20261003,214,29,0,,,,,196,39,0,,,,,3,42.02778604024864,143.231184,,,0,0,0,0,0,0,0,0,0,0,231,blue,243,235,478
81,07,1812150,1,20261003,348,30,0,,,,,347,27,0,,,,,3,42.16205004030805,143.324722,,,0,0,0,0,0,0,0,0,0,0,231,blue,378,374,752
81,07,1812160,1,20261003,648,45,0,,,,,942,175,0,,,,,3,42.28181504035883,143.31818,,,0,0,0,0,0,0,0,0,0,0,231,blue,693,1117,1810
81,07,1812170,1,20261003,957,93,0,,,,,861,65,0,,,,,3,42.31167504037117,143.321422,,,0,0,0,0,0,68,68,0,0,9,231,blue,1050,926,1976
81,07,1812180,1,20261003,169,54,0,,,,,178,53,0,,,,,3,42.68446104051403,143.603341,,,0,0,0,0,0,0,0,0,0,0,231,blue,223,231,454
81,07,1812190,1,20261003,240,81,0,,,,,223,66,0,,,,,3,42.69525004051786,143.616062,,,0,0,0,0,0,0,0,0,0,0,231,blue,321,289,610
81,07,1812200,1,20261003,134,123,0,,,,,144,130,0,,,,,3,42.74125304053399,143.631419,,,0,0,0,0,0,0,0,0,0,0,231,blue,257,274,531
81,01,1812210,1,20261003,219,21,0,,,,,277,22,0,,,,,3,42.85600604057288,141.704289,,,0,0,0,0,0,0,0,0,0,100,231,blue,240,299,539
81,01,1812220,1,20261003,,,,,,,,,,,,,,,3,42.969962040609545,141.672998,,,1,0,0,0,0,0,0,0,0,2,231,blue,0,0,0
81,01,1812230,1,20261003,,,,,,,,,,,,,,,3,43.02096904062534,141.663755,,,1,0,0,0,0,0,0,0,0,2,231,blue,0,0,0
81,03,1812240,1,20261003,5413,916,0,,,,,4631,721,0,,,,,3,43.14450004066195,141.187805,,,0,0,0,0,0,0,0,0,0,0,231,blue,6329,5352,11681
81,06,1812250,1,20261003,483,87,0,,,,,566,77,0,,,,,3,43.68733204079576,144.466438,,,0,0,0,0,0,0,0,0,0,0,231,blue,570,643,1213
81,03,1812260,1,20261003,,,,,,,,,,,,,,,3,42.99111104061613,140.875833,,,1,0,0,0,0,0,0,0,0,0,231,blue,0,0,0
81,04,1812290,1,20261003,3120,473,0,,,,,2918,288,0,,,,,3,43.85258742603739,142.702731203374,,,0,0,0,0,0,0,0,0,0,5,231,blue,3593,3206,6799
81,01,1812300,1,20261003,0,0,0,,,,,411,16,0,,,,,3,43.578650040772516,141.414894,,,0,0,0,0,0,0,0,0,0,3,231,blue,0,427,427
81,01,1812310,1,20261003,71,6,0,,,,,83,4,0,,,,,3,43.548241040765674,141.621516,,,0,0,0,0,0,0,0,0,0,9,231,blue,77,87,164
81,01,1812320,1,20261003,96,6,0,,,,,118,5,0,,,,,3,43.542762040764444,141.638006,,,0,0,0,0,0,2,2,0,0,0,231,blue,102,123,225
81,01,1812330,1,20261003,1791,69,0,,,,,1986,52,0,,,,,3,43.55901004076813,141.903362,,,0,0,0,0,0,0,0,0,0,115,231,blue,1860,2038,3898
81,01,1812340,1,20261003,392,25,0,,,,,348,16,0,,,,,3,42.995832040617586,142.00991,,,0,0,0,0,0,0,0,0,0,1,231,blue,417,364,781
81,01,1812350,1,20261003,6721,206,0,,,,,7021,217,0,,,,,3,42.979904040612645,141.346302,,,0,0,0,0,0,0,0,0,0,3,231,blue,6927,7238,14165
81,01,1812370,1,20261003,1402,32,0,,,,,1256,35,0,,,,,3,42.83639604056636,141.300884,,,0,0,0,0,0,0,0,0,0,7,231,blue,1434,1291,2725
81,01,1812380,1,20261003,1277,24,0,,,,,1280,26,0,,,,,3,42.80255304055502,141.327921,,,0,0,0,0,0,0,0,0,0,7,231,blue,1301,1306,2607
82,,2810010,1,20261003,4452,514,0,,,,,4739,761,0,,,,,3,37.18051903644227,140.286944,,,0,,,,0,,,,,,233,blue,4966,5500,10466
82,,2810030,1,20261003,1155,250,0,,,,,1254,164,0,,,,,3,37.862598037160126,140.528175,,,0,,,,0,,,,,,233,blue,1405,1418,2823
82,,2810180,1,20261003,876,84,0,,,,,257,37,0,,,,,3,38.89166803813703,141.115835,,,1,,,,0,,,,,,233,blue,960,294,1254
82,,2810190,1,20261003,525,82,0,,,,,65,66,0,,,,,3,39.03166703825964,141.1175,,,1,,,,0,,,,,,233,blue,607,131,738
82,,2810200,1,20261003,200,12,0,,,,,673,65,0,,,,,3,39.0450020382712,141.129544,,,1,,,,0,,,,,,233,blue,212,738,950
82,,2810220,1,20261003,10762,1167,0,,,,,10613,877,0,,,,,3,39.29444503848296,141.105556,,,0,,,,0,,,,,,233,blue,11929,11490,23419
82,,2810230,1,20261003,0,0,0,,,,,0,0,0,,,,,3,39.344446038524424,141.106946,,,1,,,,0,,,,,,233,blue,0,0,0
82,,2810240,1,20261003,69,86,0,,,,,141,107,0,,,,,3,39.651946038772245,141.164724,,,1,,,,0,,,,,,233,blue,155,248,403
82,,2810250,1,20261003,0,0,0,,,,,0,1,0,,,,,3,39.888889038954595,141.19528,,,1,,,,0,,,,,,233,blue,0,1,1
82,,2810270,1,20261003,15,2,0,,,,,0,0,0,,,,,3,40.27277803923393,141.293058,,,1,,,,0,,,,,,233,blue,17,0,17
82,,2810280,1,20261003,2046,376,0,,,,,2490,357,0,,,,,3,40.41445803933193,141.298913,,,1,,,,0,,,,,,233,blue,2422,2847,5269
82,,2810290,1,20261003,3698,598,0,,,,,3659,393,0,,,,,3,40.718083039532594,141.156692,,,0,,,,0,,,,,,233,blue,4296,4052,8348
82,,2810300,1,20261003,2762,431,0,,,,,2942,476,0,,,,,3,40.907508039651255,141.061111,,,1,,,,0,,,,,,233,blue,3193,3418,6611
82,,2810310,1,20261003,5274,737,0,,,,,5067,668,0,,,,,3,40.8547220396187,140.839178,,,0,,,,0,,,,,,233,blue,6011,5735,11746
82,,2810320,1,20261003,6515,966,0,,,,,7505,656,0,,,,,3,36.91389703614713,140.802218,,,0,,,,0,,,,,,233,blue,7481,8161,15642
82,,2810330,1,20261003,7185,1067,0,,,,,6599,1204,0,,,,,3,37.027520036273884,140.897874,,,0,,,,0,,,,,,233,blue,8252,7803,16055
82,,2810340,1,20261003,,,,,,,,,,,,,,,3,37.191077036453784,140.999315,,,1,,,,0,,,,,,233,blue,0,0,0
82,,2810350,1,20261003,,,,,,,,,,,,,,,3,37.83831703713551,140.937334,,,1,,,,0,,,,,,233,blue,0,0,0
82,,2810400,1,20261003,1584,132,0,,,,,1398,122,0,,,,,3,39.26847903846129,139.923131,,,0,,,,0,,,,,,233,blue,1716,1520,3236
82,,2810430,1,20261003,1623,188,0,,,,,1860,208,0,,,,,3,39.976642039020206,140.07770900000003,,,1,,,,0,,,,,,233,blue,1811,2068,3879
82,,2810450,1,20261003,,,,,,,,,,,,,,,3,40.278639039238044,140.449111,,,1,,,,0,,,,,,233,blue,0,0,0
82,,2810460,1,20261003,602,79,0,,,,,506,24,0,,,,,3,40.275306039235716,140.516861,,,1,,,,0,,,,,,233,blue,681,530,1211
82,,2810470,1,20261003,2748,424,0,,,,,2685,659,0,,,,,3,40.317917039265446,140.578139,,,0,,,,0,,,,,,233,blue,3172,3344,6516
82,,2810480,1,20261003,643,56,0,,,,,907,107,0,,,,,3,40.577502039441285,140.518889,,,1,,,,0,,,,,,233,blue,699,1014,1713
82,,2810490,1,20261003,5518,663,0,,,,,5456,565,0,,,,,3,40.711137039528154,140.580013,,,0,,,,0,,,,,,233,blue,6181,6021,12202
82,,2810580,1,20261003,3427,351,0,,,,,1055,322,0,,,,,3,39.260555038454655,140.543611,,,1,,,,0,,,,,,233,blue,3778,1377,5155
82,,2810590,1,20261003,5941,1406,0,,,,,6747,558,0,,,,,3,39.44138803860391,140.505,,,0,,,,0,,,,,,233,blue,7347,7305,14652
82,,2810600,1,20261003,4696,457,0,,,,,4121,319,0,,,,,3,39.51138803866052,140.380833,,,1,,,,0,,,,,,233,blue,5153,4440,9593
82,,2810610,1,20261003,5188,457,0,,,,,5423,559,0,,,,,3,39.63750003876089,140.300833,,,0,,,,0,,,,,,233,blue,5645,5982,11627
82,,2810620,1,20261003,7788,682,0,,,,,6386,792,0,,,,,3,39.67388903878944,140.152222,,,0,,,,0,,,,,,233,blue,8470,7178,15648
82,,2810630,1,20261003,13081,959,0,,,,,13253,1277,0,,,,,3,39.69425003880535,140.122194,,,0,,,,0,,,,,,233,blue,14040,14530,28570
82,,2810960,1,20261003,112,5,0,,,,,7,2,0,,,,,3,40.26398203922775,141.40187,,,1,,,,0,,,,,,233,blue,117,9,126
82,,2810970,1,20261003,73,0,0,,,,,41,9,0,,,,,3,40.4453010393529,141.638612,,,1,,,,0,,,,,,233,blue,73,50,123
82,,2810980,1,20261003,569,46,0,,,,,673,110,0,,,,,3,40.30396403925574,141.3059,,,1,,,,0,,,,,,233,blue,615,783,1398
82,,2810990,1,20261003,4682,540,0,,,,,3421,430,0,,,,,3,40.60361303945845,141.404748,,,0,,,,0,,,,,,233,blue,5222,3851,9073
82,,2811030,1,20261003,1344,178,0,,,,,1111,344,0,,,,,3,39.608922038738314,140.57135,,,0,,,,0,,,,,,233,blue,1522,1455,2977
82,,2811140,1,20261003,988,71,0,,,,,1128,70,0,,,,,3,37.03129103627806,140.879088,,,1,,,,0,,,,,,233,blue,1059,1198,2257
82,,2811160,1,20261003,1836,245,0,,,,,1684,349,0,,,,,3,37.1928290364557,140.62122,,,0,,,,0,,,,,,233,blue,2081,2033,4114
83,,3810010,1,20261003,,,,,,,,,,,,,,,3,35.23222203411103,139.112514,,,1,,,,,,,,,,233,blue,0,0,0
83,,3810040,1,20261003,13966,497,0,,,,,2254,91,0,,,,,3,35.26450803415279,139.182925,,,0,0,0,0,0,0,0,0,0,0,233,blue,14463,2345,16808
83,,3810050,1,20261003,19853,1526,0,,,,,,,,,,,,3,35.71158901450833,139.777491746321,,,0,0,0,0,0,0,0,0,0,0,233,blue,21379,0,21379
83,,3810060,1,20261003,12130,1091,0,,,,,12282,1551,0,,,,,3,35.725261072361086,139.78833095668,,,0,0,0,0,0,0,0,0,0,0,233,blue,13221,13833,27054
83,,3810061,1,20261003,12725,1257,0,,,,,12210,1728,0,,,,,3,35.72724220226666,139.789181219765,,,0,0,0,0,0,0,0,0,0,0,233,blue,13982,13938,27920
83,,3810070,1,20261003,12093,1284,0,,,,,8171,860,0,,,,,3,35.735055772282294,139.795343463609,,,0,0,0,0,0,1,0,0,0,0,233,blue,13377,9031,22408
83,,3810080,1,20261003,0,0,0,,,,,15874,1678,0,,,,,3,35.73896290498206,139.797270681572,,,0,0,0,0,0,1,0,0,0,0,233,blue,0,17552,17552
83,,3810100,1,20261003,2852,74,0,,,,,4422,119,0,,,,,3,36.53972203571964,139.883611,,,0,0,0,0,0,0,0,0,0,0,233,blue,2926,4541,7467
83,,3810110,1,20261003,7607,585,0,,,,,7886,749,0,,,,,3,36.91694403615054,139.999722,,,0,0,0,0,0,0,0,0,0,0,233,blue,8192,8635,16827
83,,3810140,1,20261003,9497,1714,0,,,,,8374,2061,0,,,,,3,35.9900520350645,139.793529,,,0,0,0,0,0,1,0,0,0,0,233,blue,11211,10435,21646
83,,3810151,1,20261003,5635,1988,0,,,,,8451,2870,0,,,,,3,36.07984803517367,139.770041,,,0,0,0,0,0,0,0,0,0,0,233,blue,7623,11321,18944
83,,3810160,1,20261003,7914,1726,0,,,,,12447,2914,0,,,,,3,36.167500035279446,139.779444,,,0,0,0,0,0,0,0,0,0,0,233,blue,9640,15361,25001
83,,3810180,1,20261003,5326,1086,0,,,,,13604,2555,0,,,,,3,36.296506035433666,139.841547,,,0,0,0,0,0,0,0,0,0,0,233,blue,6412,16159,22571
83,,3810200,1,20261003,489,52,0,,,,,24894,2846,0,,,,,3,36.57174703575683,139.941692,,,0,0,0,0,0,0,0,0,0,0,233,blue,541,27740,28281
83,,3810210,1,20261003,17976,641,0,,,,,10,0,0,,,,,3,35.694558518577544,139.78420024258003,,,0,0,0,0,0,0,0,0,0,0,233,blue,18617,10,18627
83,,3810220,1,20261003,8935,1080,0,,,,,4477,456,0,,,,,3,35.73416286894769,139.831977693081,,,0,0,0,0,0,0,71,0,0,0,233,blue,10015,4933,14948
83,,3810230,1,20261003,1878,75,0,,,,,4406,382,0,,,,,3,35.735319871891136,139.833592336398,,,0,0,0,0,0,0,0,0,0,0,233,blue,1953,4788,6741
83,,3810260,1,20261003,,,,,,,,,,,,,,,3,35.83796603487771,139.939917,,,1,,,,,,,,,,233,blue,0,0,0
83,,3810280,1,20261003,,,,,,,,,,,,,,,3,35.895306034948405,140.059167,,,1,0,0,0,0,0,0,0,0,0,233,blue,0,0,0
83,,3810290,1,20261003,4852,528,0,,,,,9436,1336,0,,,,,3,36.06811403515946,140.179269,,,0,0,0,0,0,0,0,0,0,0,233,blue,5380,10772,16152
83,,3810300,1,20261003,7714,1196,0,,,,,7465,533,0,,,,,3,36.078239035171734,140.177747,,,0,0,0,0,0,0,0,0,0,0,233,blue,8910,7998,16908
83,,3810320,1,20261003,2515,98,0,,,,,9392,1268,0,,,,,3,36.378875035531216,140.500661,,,0,0,0,0,0,0,0,0,0,0,233,blue,2613,10660,13273
83,,3810330,1,20261003,2251,314,0,,,,,14652,449,0,,,,,3,36.655972035854084,140.701006,,,0,0,0,0,0,0,0,0,0,0,233,blue,2565,15101,17666
83,,3810340,1,20261003,6443,443,0,,,,,6284,452,0,,,,,3,36.794736036012644,140.752922,,,0,0,0,0,0,0,0,0,0,0,233,blue,6886,6736,13622
83,,3810350,1,20261003,14144,1181,0,,,,,1,0,0,,,,,3,35.92645303498668,140.111775,,,0,0,0,0,0,0,0,0,0,0,233,blue,15325,1,15326
83,,3810360,1,20261003,,,,,,,,,,,,,,,3,35.694040942069805,139.789910543304,,,1,0,0,0,0,0,0,0,0,0,233,blue,0,0,0
83,,3810370,1,20261003,,,,,,,,,,,,,,,3,35.702867388707524,139.866257828687,,,1,0,0,0,0,0,0,0,0,0,233,blue,0,0,0
83,,3810380,1,20261003,,,,,,,,,,,,,,,3,35.628891034617155,140.088076,,,1,,,,,,,,,,233,blue,0,0,0
83,,3810390,1,20261003,,,,,,,,,,,,,,,3,35.62349099143046,139.737976826575,,,1,,,,,,,,,,233,blue,0,0,0
83,,3810400,1,20261003,4951,148,0,,,,,6057,116,0,,,,,3,35.263900034152,139.698397,,,0,0,0,0,0,0,0,0,0,0,233,blue,5099,6173,11272
83,,3810410,1,20261003,7335,705,0,,,,,7885,764,0,,,,,3,35.62304903460981,139.340292,,,0,0,0,0,0,0,0,0,0,0,233,blue,8040,8649,16689
83,,3810420,1,20261003,10090,803,0,,,,,9899,1006,0,,,,,3,35.67571003467587,139.331954,,,0,0,0,0,0,1,0,0,0,0,233,blue,10893,10905,21798
83,,3810431,1,20261003,9598,1997,0,,,,,10418,2382,0,,,,,3,35.77594403480087,139.336731,,,0,0,0,0,0,0,0,0,0,0,233,blue,11595,12800,24395
83,,3810440,1,20261003,,,,,,,,,,,,,,,3,35.82933103486704,139.380426,,,1,0,0,0,0,0,0,0,0,0,233,blue,0,0,0
83,,3810460,1,20261003,16621,1926,0,,,,,15826,2202,0,,,,,3,35.91289603497003,139.534764,,,0,0,0,0,0,1,0,0,0,0,233,blue,18547,18028,36575
83,,3810470,1,20261003,,,,,,,,10926,1880,0,,,,,3,35.92749603498795,139.591065,,,0,0,0,0,0,0,2,0,0,0,233,blue,0,12806,12806
83,,3810490,1,20261003,,,,,,,,,,,,,,,3,35.992460035067445,139.820467,,,1,,,,,,,,,,233,blue,0,0,0
83,,3810500,1,20261003,4663,404,0,,,,,7395,1375,0,,,,,3,35.79376864024429,139.685717006056,,,0,0,0,0,0,0,0,0,0,0,233,blue,5067,8770,13837
83,,3810510,1,20261003,5011,744,0,,,,,5138,969,0,,,,,3,35.8210620348568,139.680963,,,0,0,0,0,0,0,0,0,0,0,233,blue,5755,6107,11862
83,,3810520,1,20261003,16529,1318,0,,,,,16821,1849,0,,,,,3,35.97632603504774,139.594106,,,0,0,0,0,0,0,0,0,0,0,233,blue,17847,18670,36517
83,,3810540,1,20261003,9127,766,0,,,,,8960,722,0,,,,,3,36.230692035355204,139.2134,,,0,0,0,0,0,0,2,0,0,0,233,blue,9893,9682,19575
83,,3810560,1,20261003,15123,855,0,,,,,15339,617,0,,,,,3,36.31113903545105,139.02725,,,0,0,0,0,0,0,0,0,0,0,233,blue,15978,15956,31934
83,,3810600,1,20261003,2453,117,0,,,,,2196,224,0,,,,,3,36.68205603588405,138.968889,,,0,0,0,0,0,0,0,0,0,0,233,blue,2570,2420,4990
83,,3810610,1,20261003,18264,2003,0,,,,,,,,,,,,3,35.84803703489016,139.625615,,,0,0,0,0,0,0,3,0,0,0,233,blue,20267,0,20267
83,,3810620,1,20261003,,,,,,,,17867,2201,0,,,,,3,35.84444303488572,139.626759,,,0,0,0,0,0,0,3,0,0,0,233,blue,0,20068,20068
83,,3810670,1,20261003,14161,1629,0,,,,,14495,1878,0,,,,,3,36.35330303550101,139.215067,,,0,0,0,0,0,0,0,0,0,0,233,blue,15790,16373,32163
83,,3810710,1,20261003,5311,482,0,,,,,5708,686,0,,,,,3,36.33250003547639,138.5235,,,0,0,0,0,0,0,0,0,0,0,233,blue,5793,6394,12187
83,,3810720,1,20261003,7170,543,0,,,,,7965,572,0,,,,,3,36.49438903566681,138.150722,,,0,0,0,0,0,0,14,0,0,0,233,blue,7713,8537,16250
83,,3810740,1,20261003,10398,670,0,,,,,8817,549,0,,,,,3,36.65492503585288,138.23375,,,0,0,0,0,0,0,0,0,0,0,233,blue,11068,9366,20434
83,,3810750,1,20261003,9815,440,0,,,,,3351,217,0,,,,,3,36.695139035899054,138.26925,,,0,0,0,0,0,0,0,0,0,0,233,blue,10255,3568,13823
83,,3810760,1,20261003,6459,339,0,,,,,6615,346,0,,,,,3,36.717694035924886,138.298306,,,0,0,0,0,0,0,0,0,0,0,233,blue,6798,6961,13759
83,,3810770,1,20261003,2619,268,0,,,,,2722,136,0,,,,,3,36.75032203596213,138.212264,,,0,0,0,0,0,0,0,0,0,0,233,blue,2887,2858,5745
83,,3810780,1,20261003,3081,196,0,,,,,3137,233,0,,,,,3,36.792972036010646,138.219778,,,0,0,0,0,0,0,0,0,0,0,233,blue,3277,3370,6647
83,,3810790,1,20261003,5688,162,0,,,,,5530,296,0,,,,,3,36.406417035563685,138.204417,,,0,0,0,0,0,0,1,0,0,0,233,blue,5850,5826,11676
83,,3810800,1,20261003,622,14,0,,,,,682,17,0,,,,,3,36.82044403604179,138.192306,,,0,0,0,0,0,0,0,0,0,0,233,blue,636,699,1335
83,,3810810,1,20261003,2718,104,0,,,,,2657,105,0,,,,,3,36.8368890360604,138.205542,,,0,0,0,0,0,0,0,0,0,0,233,blue,2822,2762,5584
83,,3810820,1,20261003,1844,72,0,,,,,1977,245,0,,,,,3,36.513833035689494,138.094389,,,0,0,0,0,0,0,0,0,0,0,233,blue,1916,2222,4138
83,,3810821,1,20261003,2432,180,0,,,,,2318,120,0,,,,,3,36.52786103570584,138.096722,,,0,0,0,0,0,0,1,0,0,0,233,blue,2612,2438,5050
83,,3810830,1,20261003,8212,471,0,,,,,4834,242,0,,,,,3,36.23586103536139,137.9565,,,0,0,0,0,0,0,2,0,0,0,233,blue,8683,5076,13759
83,,3810840,1,20261003,2726,342,0,,,,,2871,184,0,,,,,3,36.38313903553625,137.925722,,,0,0,0,0,0,0,1,0,0,0,233,blue,3068,3055,6123
83,,3810850,1,20261003,1903,182,0,,,,,1699,146,0,,,,,3,36.4623860356294,137.946275,,,0,0,0,0,0,0,0,0,0,0,233,blue,2085,1845,3930
83,,3810860,1,20261003,3081,249,0,,,,,3232,151,0,,,,,3,36.5884720357762,138.050889,,,0,0,0,0,0,0,9,0,0,0,233,blue,3330,3383,6713
83,,3810870,1,20261003,7087,276,0,,,,,7753,359,0,,,,,3,36.61469403580651,138.085167,,,0,0,0,0,0,0,0,0,0,0,233,blue,7363,8112,15475
83,,3810880,1,20261003,6562,703,0,,,,,7612,588,0,,,,,3,36.615111035807,138.086528,,,0,0,0,0,0,0,0,0,0,0,233,blue,7265,8200,15465
83,,3810900,1,20261003,3594,104,0,,,,,3848,238,0,,,,,3,36.62808303582196,138.153194,,,0,0,0,0,0,0,2,0,0,0,233,blue,3698,4086,7784
83,,3810910,1,20261003,9287,414,0,,,,,10922,214,0,,,,,3,36.64626403584291,138.18197200000003,,,0,0,0,0,0,0,0,0,0,0,233,blue,9701,11136,20837
83,,3810920,1,20261003,5605,239,0,,,,,6398,179,0,,,,,3,36.648972035846036,138.193972,,,0,0,0,0,0,0,0,0,0,0,233,blue,5844,6577,12421
83,,3810930,1,20261003,3920,470,0,,,,,4548,337,0,,,,,3,36.616944035809105,138.133611,,,0,0,0,0,0,0,0,0,0,0,233,blue,4390,4885,9275
83,,3810950,1,20261003,,,,,,,,,,,,,,,3,35.67318837384892,139.663841176629,,,0,0,0,0,0,0,0,233,0,0,233,blue,0,0,0
83,,3810970,1,20261003,3105,116,0,,,,,3155,136,0,,,,,3,35.61726703460252,139.240054,,,0,0,0,0,0,0,0,0,0,0,233,blue,3221,3291,6512
83,,3810980,1,20261003,3658,206,0,,,,,3113,224,0,,,,,3,35.62000003460596,139.1275,,,0,0,0,0,0,0,0,0,0,0,233,blue,3864,3337,7201
83,,3811030,1,20261003,13669,925,0,,,,,12736,1098,0,,,,,3,35.643889034635976,138.636389,,,0,0,0,0,0,2,9,0,0,0,233,blue,14594,13834,28428
83,,3811050,1,20261003,4278,342,0,,,,,4065,243,0,,,,,3,35.91541703497313,138.227361,,,0,0,0,0,0,0,1,0,0,0,233,blue,4620,4308,8928
83,,3811060,1,20261003,,,,,,,,,,,,,,,3,35.94028603500364,138.197875,,,1,0,0,0,0,0,2,0,0,0,233,blue,0,0,0
83,,3811070,1,20261003,5207,95,0,,,,,5080,250,0,,,,,3,36.029750035112876,138.1255,,,0,0,0,0,0,0,0,0,0,0,233,blue,5302,5330,10632
83,,3811080,1,20261003,10375,737,0,,,,,8336,509,0,,,,,3,36.077694035171085,138.037889,,,0,0,0,0,0,0,0,0,0,0,233,blue,11112,8845,19957
83,,3811090,1,20261003,25,0,0,,,,,6593,776,0,,,,,3,36.12191703522454,137.959472,,,0,0,0,0,0,0,4,0,0,0,233,blue,25,7369,7394
83,,3811100,1,20261003,3411,289,0,,,,,3661,188,0,,,,,3,35.9769440350485,138.163333,,,0,0,0,0,0,0,22,0,0,0,233,blue,3700,3849,7549
83,,3811110,1,20261003,705,142,0,,,,,1016,159,0,,,,,3,36.08683303518214,138.06408300000004,,,0,0,0,0,0,0,1,0,0,0,233,blue,847,1175,2022
83,,3811121,1,20261003,,,,,,,,3399,350,0,,,,,3,35.63168503462065,139.28402,,,0,0,0,0,0,0,0,0,0,0,233,blue,0,3749,3749
83,,3811130,1,20261003,4046,258,0,,,,,4186,179,0,,,,,3,35.99511103507067,138.139278,,,0,0,0,0,0,0,0,0,0,0,233,blue,4304,4365,8669
83,,3811220,1,20261003,,,,,,,,,,,,,,,3,35.959128035026716,140.602286,,,1,0,0,0,0,0,0,0,0,0,233,blue,0,0,0
83,,3811230,1,20261003,82,73,0,,,,,4982,409,0,,,,,3,35.95769703502496,140.602514,,,0,0,0,0,0,0,0,0,0,0,233,blue,155,5391,5546
83,,3811240,1,20261003,3559,215,0,,,,,2950,222,0,,,,,3,35.200928034070465,138.520986,,,0,0,0,0,0,0,0,0,0,0,233,blue,3774,3172,6946
83,,3811250,1,20261003,790,89,0,,,,,682,67,0,,,,,3,35.31250003421467,138.442011,,,0,0,0,0,0,0,0,0,0,0,233,blue,879,749,1628
83,,3811270,1,20261003,4266,574,0,,,,,4773,228,0,,,,,3,35.5316670344945,138.450278,,,0,0,0,0,0,0,0,0,0,0,233,blue,4840,5001,9841
83,,3811290,1,20261003,,,,,,,,,,,,,,,3,35.041444033862305,139.833306,,,1,,,,,,,,,,233,blue,0,0,0
83,,3811300,1,20261003,,,,,,,,,,,,,,,3,35.157361034013846,139.819,,,1,,,,,,,,,,233,blue,0,0,0
83,,3811330,1,20261003,6806,443,0,,,,,7482,289,0,,,,,3,35.53888903450364,138.885556,,,0,0,0,0,0,0,0,0,0,0,233,blue,7249,7771,15020
83,,3811340,1,20261003,1005,88,0,,,,,12247,410,0,,,,,3,35.60305603458465,138.940833,,,0,0,0,0,0,0,0,0,0,0,233,blue,1093,12657,13750
83,,3811350,1,20261003,13884,1207,0,,,,,16365,1262,0,,,,,3,35.61569396585425,139.627538019939,,,0,0,0,0,0,0,0,0,0,0,233,blue,15091,17627,32718
83,,3811360,1,20261003,12009,1938,0,,,,,14922,2581,0,,,,,3,35.48552503443597,139.460986,,,0,0,0,0,0,15,0,0,0,0,233,blue,13947,17503,31450
83,,3811370,1,20261003,6087,648,0,,,,,5679,809,0,,,,,3,35.35857503427389,139.075042,,,0,0,0,0,0,16,0,0,0,0,233,blue,6735,6488,13223
83,,3811390,1,20261003,22007,4695,0,,,,,,,,,,,,3,35.64686740024182,139.854860316246,,,0,0,0,0,0,0,0,0,0,0,233,blue,26702,0,26702
83,,3811401,1,20261003,0,0,0,,,,,,,,,,,,3,35.64792275306184,139.837391468126,,,0,0,0,0,0,0,115,0,0,0,233,blue,0,0,0
83,,3811410,1,20261003,13668,3323,0,,,,,,,,,,,,3,35.6321085640565,139.785108560174,,,0,0,0,0,0,0,0,0,0,0,233,blue,16991,0,16991
83,,3811411,1,20261003,,,,,,,,14973,3354,0,,,,,3,35.63193106766495,139.786372369256,,,0,0,0,0,0,0,0,0,0,0,233,blue,0,18327,18327
83,,3811420,1,20261003,,,,,,,,,,,,,,,3,35.57873713134419,139.756665501316,,,1,0,0,0,0,0,0,0,0,0,233,blue,0,0,0
83,,3811421,1,20261003,,,,,,,,,,,,,,,3,35.573715682248654,139.759184371525,,,1,0,0,0,0,2,1,0,0,0,233,blue,0,0,0
83,,3811430,1,20261003,,,,,,,,,,,,,,,3,35.6138270345982,140.103045,,,1,,,,,,,,,,233,blue,0,0,0
83,,3811440,1,20261003,1375,193,0,,,,,4487,476,0,,,,,3,35.60712645223976,139.747366707275,,,0,0,0,0,0,0,0,0,0,0,233,blue,1568,4963,6531
84,,4810010,1,20261003,22600,1641,0,,,,,21423,1498,0,,,,,3,37.9300000372281,139.134722,,,0,0,0,0,0,0,0,0,0,0,233,blue,24241,22921,47162
84,,4810020,1,20261003,19692,1596,0,,,,,15379,1271,0,,,,,3,37.95278103725094,139.213611,,,0,0,0,0,0,0,0,0,0,0,233,blue,21288,16650,37938
84,,4810040,1,20261003,12439,524,0,,,,,489,21,0,,,,,3,37.96305603726123,139.3275,,,0,0,0,0,0,0,0,0,0,0,233,blue,12963,510,13473
84,,4810060,1,20261003,2364,171,0,,,,,2439,249,0,,,,,3,38.2550360375481,139.501792,,,0,0,0,0,0,0,0,0,0,0,233,blue,2535,2688,5223
84,,4810070,1,20261003,,,,,,,,,,,,,,,3,38.28200003757407,139.521444,,,1,0,0,0,0,233,233,0,0,0,233,blue,0,0,0
84,,4810080,1,20261003,,,,,,,,,,,,,,,3,38.374925037662884,139.556342,,,1,0,0,0,0,0,0,0,0,0,233,blue,0,0,0
84,,4810090,1,20261003,11543,1066,0,,,,,10252,887,0,,,,,3,37.5351670368223,138.881569,,,0,0,0,0,0,0,0,0,0,4,233,blue,12609,11139,23748
84,,4810100,1,20261003,10636,803,0,,,,,12047,758,0,,,,,3,37.473639036757405,138.880583,,,0,0,0,0,0,0,0,0,0,0,233,blue,11439,12805,24244
84,,4810110,1,20261003,52,6,0,,,,,64,3,0,,,,,3,37.459033036741936,138.856414,,,0,0,0,0,0,0,0,0,0,0,233,blue,58,67,125
84,,4810120,1,20261003,12889,483,0,,,,,14760,478,0,,,,,3,37.462169036745266,138.845592,,,0,0,0,0,0,0,0,0,0,0,233,blue,13372,15238,28610
84,,4810130,1,20261003,9698,346,0,,,,,10236,242,0,,,,,3,37.44445303672647,138.785889,,,0,0,0,0,0,0,0,0,0,6,233,blue,10044,10478,20522
84,,4810140,1,20261003,5651,238,0,,,,,5018,248,0,,,,,3,37.44069403672249,138.740364,,,0,0,0,0,0,0,0,0,0,0,233,blue,5889,5266,11155
84,,4810150,1,20261003,3330,158,0,,,,,3289,194,0,,,,,3,37.41229403669227,138.674192,,,0,0,0,0,0,0,0,0,0,8,233,blue,3488,3483,6971
84,,4810160,1,20261003,5159,497,0,,,,,4617,449,0,,,,,3,37.23896903650589,138.343486,,,0,0,0,0,0,0,0,0,0,0,233,blue,5656,5066,10722
84,,4810170,1,20261003,,,,,,,,,,,,,,,3,37.18690003644924,138.272953,,,1,0,0,0,0,0,0,0,0,0,233,blue,0,0,0
84,,4810180,1,20261003,9081,526,0,,,,,9260,343,0,,,,,3,37.17543303643671,138.266805,,,0,0,0,0,0,0,0,0,0,0,233,blue,9607,9603,19210
84,,4810190,1,20261003,11131,653,0,,,,,11724,523,0,,,,,3,37.1623530364224,138.247561,,,0,0,0,0,0,0,0,0,0,0,233,blue,11784,12247,24031
84,,4810200,1,20261003,3925,407,0,,,,,3872,276,0,,,,,3,37.105891036360454,137.990565,,,0,0,0,0,0,0,0,0,0,1,233,blue,4332,4148,8480
84,,4810210,1,20261003,4252,440,0,,,,,4194,219,0,,,,,3,37.08795603634071,137.96033,,,0,0,0,0,0,0,0,0,0,1,233,blue,4692,4413,9105
84,,4810220,1,20261003,3180,321,0,,,,,3857,168,0,,,,,3,37.057208036306754,137.905455,,,0,0,0,0,0,0,0,0,0,0,233,blue,3501,4025,7526
84,,4810230,1,20261003,2722,333,0,,,,,3693,239,0,,,,,3,37.050899036299775,137.885459,,,0,0,0,0,0,0,0,0,0,0,233,blue,3055,3932,6987
84,,4810250,1,20261003,1489,120,0,,,,,961,32,0,,,,,3,37.05093203629982,137.890368,,,0,0,0,0,0,0,0,0,0,0,233,blue,1609,993,2602
84,,4810260,1,20261003,4250,401,0,,,,,4622,389,0,,,,,3,36.9856190362273,138.808078,,,0,0,0,0,0,0,0,0,0,1,233,blue,4651,5011,9662
84,,4810270,1,20261003,4765,217,0,,,,,4685,269,0,,,,,3,37.24858103651632,138.916575,,,0,0,0,0,0,0,0,0,0,5,233,blue,4982,4954,9936
84,,4810280,1,20261003,1655,157,0,,,,,1345,94,0,,,,,3,37.17036103643117,138.942139,,,0,0,0,0,0,0,0,0,0,0,233,blue,1812,1439,3251
84,,4810290,1,20261003,5628,335,0,,,,,5881,409,0,,,,,3,37.07683703632844,138.265595,,,0,0,0,0,0,0,0,0,0,4,233,blue,5963,6290,12253
84,,4810300,1,20261003,1155,88,0,,,,,1175,84,0,,,,,3,37.66361103695634,139.536806,,,0,0,0,0,0,0,0,0,0,0,233,blue,1243,1259,2502
84,,4810310,1,20261003,7723,410,0,,,,,7856,253,0,,,,,3,37.84055603713779,139.147778,,,0,0,0,0,0,0,0,0,0,0,233,blue,8133,8109,16242
84,,4810330,1,20261003,29900,1176,0,,,,,26280,1126,0,,,,,3,37.8978060371957,139.070722,,,0,0,0,0,0,0,0,0,0,0,233,blue,31076,27406,58482
84,,4810340,1,20261003,1935,143,0,,,,,2091,222,0,,,,,3,37.563464036852,138.734306,,,0,0,0,0,0,0,0,0,0,8,233,blue,2078,2313,4391
84,,4810350,1,20261003,5639,277,0,,,,,5973,348,0,,,,,3,37.61757803690852,138.825033,,,0,0,0,0,0,0,0,0,0,1,233,blue,5916,6321,12237
84,,4810360,1,20261003,7388,399,0,,,,,7985,529,0,,,,,3,37.690358036984,138.885919,,,0,0,0,0,0,0,0,0,0,0,233,blue,7787,8514,16301
84,,4810370,1,20261003,8266,398,0,,,,,8073,444,0,,,,,3,37.8052690371019,138.92235,,,0,0,0,0,0,0,0,0,0,1,233,blue,8664,8517,17181
84,,4810380,1,20261003,16201,654,0,,,,,16834,751,0,,,,,3,37.86309703716064,138.981,,,0,0,0,0,0,0,0,0,0,0,233,blue,16855,17585,34440
84,,4810395,1,20261003,4654,311,16,,,,,4023,384,57,,,,,3,36.691540505894935,136.9116223,,,0,,,,0,20,,,0,0,233,blue,4981,4464,9445
84,,4810406,1,20261003,3452,238,44,,,,,4292,235,107,,,,,3,36.89660103612769,137.444677,,,0,,,,0,0,,,0,0,233,blue,3734,4634,8368
84,,4810410,1,20261003,6681,223,0,,,,,7959,167,0,,,,,3,36.816442036037266,137.41630300000003,,,0,0,0,0,0,59,59,0,0,0,233,blue,6904,8126,15030
84,,4810420,1,20261003,8617,345,0,,,,,8403,400,0,,,,,3,36.718606035925916,137.303914,,,0,0,0,0,0,87,87,0,0,4,233,blue,8962,8803,17765
84,,4810430,1,20261003,8208,401,0,,,,,7917,390,0,,,,,3,36.71795303592518,137.279328,,,0,0,0,0,0,66,66,0,0,21,233,blue,8609,8307,16916
84,,4810440,1,20261003,11037,639,0,,,,,10807,619,0,,,,,3,36.72027203592783,137.263083,,,0,0,0,0,0,14,14,0,0,0,233,blue,11676,11426,23102
84,,4810445,1,20261003,15585,1068,15,,,,,14718,971,132,,,,,3,36.73017862593915,137.18171158,,,0,,,,0,0,,,0,0,233,blue,16668,15821,32489
84,,4810447,1,20261003,9454,681,51,,,,,10850,607,126,,,,,3,36.72863947593739,137.12486156,,,0,,,,0,0,,,0,0,233,blue,10186,11583,21769
84,,4810454,1,20261003,10815,390,1007,,,,,12509,308,3,,,,,3,36.744673195955684,136.99179584,,,0,,,,0,1,,,0,0,233,blue,12212,12820,25032
84,,4810460,1,20261003,,,,,,,,,,,,,,,3,36.68745003589023,136.855675,,,1,0,0,0,0,92,92,0,0,7,233,blue,0,0,0
84,,4810462,1,20261003,1531,51,1,,,,,513,8,0,,,,,3,36.525710035703334,137.22999,,,1,,,,0,36,,,0,0,233,blue,1583,521,2104
84,,4810463,1,20261003,3071,121,124,,,,,3427,165,7,,,,,3,36.53609652571542,137.23114399,,,0,,,,0,34,,,0,0,233,blue,3316,3599,6915
84,,4810470,1,20261003,,,,,,,,,,,,,,,3,36.69575603589977,137.237889,,,1,0,0,0,0,0,0,0,0,0,233,blue,0,0,0
84,,4810480,1,20261003,1978,94,0,,,,,1903,129,0,,,,,3,36.580522035767004,136.965706,,,0,0,0,0,0,81,81,0,0,0,233,blue,2072,2032,4104
84,,4810485,1,20261003,6479,169,34,,,,,7145,145,20,,,,,3,36.68510836918755,136.9765361111,,,0,,,,0,3,,,0,0,233,blue,6682,7310,13992
84,,4810490,1,20261003,3013,26,0,,,,,3562,54,0,,,,,3,36.74530803595641,137.01085,,,0,0,0,0,0,75,75,0,0,0,233,blue,3039,3616,6655
84,,4810500,1,20261003,644,55,0,,,,,292,11,0,,,,,3,36.91246103614551,137.019489,,,0,0,0,0,0,159,159,0,0,0,233,blue,699,303,1002
84,,4810510,1,20261003,,,,,,,,,,,,,,,3,36.84943603607457,136.97895,,,1,,,,,,,,,,233,blue,0,0,0
84,,4810530,1,20261003,16165,721,0,,,,,17366,864,0,,,,,3,36.44611103561032,136.488056,,,0,0,0,0,0,0,0,0,0,0,233,blue,16886,18230,35116
84,,4810550,1,20261003,8727,546,0,,,,,9242,512,0,,,,,3,36.32672203546954,136.41169500000004,,,0,0,0,0,0,0,0,0,0,4,233,blue,9273,9754,19027
84,,4810570,1,20261003,10766,884,0,,,,,11231,586,0,,,,,3,36.571667035756725,136.655556,,,0,0,0,0,0,0,0,0,0,4,233,blue,11650,11817,23467
84,,4810580,1,20261003,10011,178,0,,,,,3482,52,0,,,,,3,36.54430803572498,136.640516,,,0,0,0,0,0,1,1,0,0,4,233,blue,10189,3534,13723
84,,4810590,1,20261003,15135,151,0,,,,,15439,162,0,,,,,3,36.54061903572069,136.623128,,,0,0,0,0,0,1,1,0,0,3,233,blue,15286,15601,30887
84,,4810600,1,20261003,4410,171,0,,,,,4333,217,0,,,,,3,37.04041903628817,136.969305,,,0,0,0,0,0,0,0,0,0,0,233,blue,4581,4550,9131
84,,4810610,1,20261003,,,,,,,,,,,,,,,3,36.90469303613679,136.830093,,,1,,,,,,,,,,233,blue,0,0,0
84,,4810620,1,20261003,1555,73,0,,,,,1521,105,0,,,,,3,36.86972803609746,136.79694700000002,,,0,0,0,0,0,0,0,0,0,0,233,blue,1628,1626,3254
84,,4810630,1,20261003,9695,64,0,,,,,6082,62,0,,,,,3,36.560782035744104,136.677711,,,0,0,0,0,0,0,0,0,0,0,233,blue,9759,6144,15903
85,22,5810060,1,20261003,1942,286,,,,,,1631,213,,,,,,3,34.90554603368308,138.270337,,,0,,0,,0,0,0,0,,0,233,blue,2228,1844,4072
85,22,5810080,1,20261003,4604,1795,,,,,,9737,1229,,,,,,3,34.84454203360207,138.151981,,,0,,0,,0,0,0,0,,0,233,blue,6399,10966,17365
85,22,5810090,1,20261003,,,,,,,,,,,,,,,3,34.78638703352455,138.050184,,,1,,0,,0,0,0,0,,0,233,blue,0,0,0
85,22,5810110,1,20261003,32062,3282,,,,,,25781,2371,,,,,,3,34.76273603349293,137.969553,,,0,,0,,0,0,0,0,,0,233,blue,35344,28152,63496
85,23,5810190,1,20261003,5669,494,,,,,,6285,395,,,,,,3,35.11388803395716,136.734972,,,0,,0,,0,0,0,0,,0,233,blue,6163,6680,12843
85,24,5810210,1,20261003,5621,806,,,,,,5510,960,,,,,,3,34.86311003362677,136.47097,,,0,,0,,0,0,0,0,,0,233,blue,6427,6470,12897
85,21,5810280,1,20261003,13759,428,,,,,,10923,270,,,,,,3,35.365972034283374,137.22477800000001,,,0,,0,,0,0,0,0,,0,233,blue,14187,11193,25380
85,21,5810330,1,20261003,11773,372,,,,,,11954,659,,,,,,3,35.44925903438983,137.419698,,,0,,0,,0,0,0,0,,0,233,blue,12145,12613,24758
85,21,5810340,1,20261003,9725,297,,,,,,9531,564,,,,,,3,35.45966703440309,137.442028,,,0,,0,,0,0,0,0,,0,233,blue,10022,10095,20117
85,21,5810350,1,20261003,4364,230,,,,,,15083,917,,,,,,3,35.51200003446958,137.521639,,,0,,0,,0,0,0,0,,0,233,blue,4594,16000,20594
85,21,5810360,1,20261003,4190,341,,,,,,3931,361,,,,,,3,35.581250034557165,137.537222,,,0,,0,,0,0,0,0,,0,233,blue,4531,4292,8823
85,21,5810370,1,20261003,3945,182,,,,,,3496,320,,,,,,3,35.81618803485076,137.683244,,,0,,0,,0,0,0,0,,0,233,blue,4127,3816,7943
85,21,5810380,1,20261003,3233,374,,,,,,3699,377,,,,,,3,35.91502403497266,137.77069,,,0,,1,,0,0,0,0,,0,233,blue,3607,4076,7683
85,21,5810390,1,20261003,2891,345,,,,,,2330,262,,,,,,3,35.93471103499681,137.786917,,,0,,0,,0,0,0,0,,0,233,blue,3236,2592,5828
85,21,5810420,1,20261003,4151,403,,,,,,3764,367,,,,,,3,35.37572803429589,137.190676,,,0,,0,,0,0,0,0,,0,233,blue,4554,4131,8685
85,21,5810440,1,20261003,3085,205,,,,,,3184,182,,,,,,3,35.426917034361345,137.132361,,,0,,0,,0,0,0,0,,0,233,blue,3290,3366,6656
85,21,5810470,1,20261003,6765,315,,,,,,5861,897,,,,,,3,35.418612034350744,136.946394,,,0,,0,,0,0,0,0,,0,233,blue,7080,6758,13838
85,21,5810510,1,20261003,2800,189,,,,,,2424,116,,,,,,3,35.37112003428997,136.453326,,,0,,0,,0,0,0,0,,0,233,blue,2989,2540,5529
85,23,5810530,1,20261003,11061,1393,,,,,,8729,970,,,,,,3,34.696128033403625,137.40686,,,0,,0,,0,0,0,0,,0,233,blue,12454,9699,22153
85,23,5810570,1,20261003,11158,1034,,,,,,11317,1131,,,,,,3,34.84938803360853,137.221222,,,0,,0,,0,0,0,0,,0,233,blue,12192,12448,24640
85,23,5810580,1,20261003,14122,1950,,,,,,6,5,,,,,,3,34.84869403360759,137.197416,,,0,,0,,0,0,0,0,,0,233,blue,16072,11,16083
85,23,5810620,1,20261003,21227,2824,,,,,,18183,2352,,,,,,3,35.10119403394058,136.86925,,,0,,0,,0,0,0,0,,0,233,blue,24051,20535,44586
85,24,5810670,1,20261003,11338,1000,,,,,,12787,828,,,,,,3,34.65002003334157,136.51956,,,0,,0,,0,0,0,0,,0,233,blue,12338,13615,25953
85,24,5810680,1,20261003,9821,1022,,,,,,10710,767,,,,,,3,34.71907003343443,136.4716,,,0,,0,,0,0,0,0,,0,233,blue,10843,11477,22320
85,24,5810690,1,20261003,11894,941,,,,,,12071,904,,,,,,3,34.64712003333765,136.49449,,,0,,0,,0,0,0,0,,0,233,blue,12835,12975,25810
85,24,5810700,1,20261003,5824,1832,,,,,,11658,2746,,,,,,3,34.850220033609624,136.416645,,,0,,0,,0,0,0,0,,0,233,blue,7656,14404,22060
85,24,5810730,1,20261003,11246,2239,,,,,,14655,2530,,,,,,3,34.62822503331218,135.986212,,,0,,0,,0,0,0,0,,0,233,blue,13485,17185,30670
85,21,5810760,1,20261003,3827,269,,,,,,3883,171,,,,,,3,35.55276203452119,137.177488,,,0,,0,,0,0,0,0,,0,233,blue,4096,4054,8150
85,21,5810770,1,20261003,1522,117,,,,,,1366,101,,,,,,3,35.64602003463866,137.169715,,,0,,0,,0,0,0,0,,0,233,blue,1639,1467,3106
85,21,5810780,1,20261003,2320,233,,,,,,2824,280,,,,,,3,35.667031034665,137.162564,,,0,,0,,0,0,0,0,,0,233,blue,2553,3104,5657
85,21,5810790,1,20261003,1889,325,,,,,,2090,189,,,,,,3,35.74291003475978,137.208481,,,0,,0,,0,0,0,0,,0,233,blue,2214,2279,4493
85,21,5810800,1,20261003,2218,350,,,,,,2245,227,,,,,,3,35.77947703480525,137.252586,,,0,,0,,0,0,0,0,,0,233,blue,2568,2472,5040
85,21,5810810,1,20261003,3882,312,,,,,,3825,355,,,,,,3,35.83471903487371,137.232014,,,0,,0,,0,0,0,0,,0,233,blue,4194,4180,8374
85,21,5810830,1,20261003,1052,92,,,,,,2614,238,,,,,,3,36.02357503510535,137.294767,,,0,,0,,0,0,0,0,,0,233,blue,1144,2852,3996
85,21,5810840,1,20261003,4672,77,,,,,,4871,256,,,,,,3,36.10871303520861,137.266233,,,0,,0,,0,0,0,0,,0,233,blue,4749,5127,9876
85,21,5810850,1,20261003,6399,503,,,,,,5298,262,,,,,,3,36.12373303522673,137.258932,,,0,,0,,0,0,0,0,,0,233,blue,6902,5560,12462
85,21,5810860,1,20261003,2469,159,,,,,,2788,302,,,,,,3,36.25072803537914,137.162845,,,0,,0,,0,0,0,0,,0,233,blue,2628,3090,5718
85,21,5810880,1,20261003,904,36,,,,,,1086,71,,,,,,3,36.31423303545473,137.259675,,,0,,0,,0,0,0,0,,0,233,blue,940,1157,2097
85,24,5810890,1,20261003,2910,157,,,,,,3520,275,,,,,,3,34.407524733012174,136.4423714,,,0,,0,,0,0,0,0,,0,233,blue,3067,3795,6862
85,24,5810900,1,20261003,1179,110,,,,,,1044,52,,,,,,3,34.1617406326732,136.2779067,,,0,,0,,0,0,0,0,,0,233,blue,1289,1096,2385
85,24,5810920,1,20261003,1607,184,,,,,,1637,229,,,,,,3,34.05028613251784,136.1958331,,,0,,0,,0,0,0,0,,0,233,blue,1791,1866,3657
85,24,5810930,1,20261003,294,6,,,,,,291,30,,,,,,3,33.98629813242818,136.1080803,,,0,,0,,0,0,0,0,,0,233,blue,300,321,621
85,24,5810940,1,20261003,684,138,,,,,,728,123,,,,,,3,33.93298113235323,136.0940822,,,0,,0,,0,0,0,0,,0,233,blue,822,851,1673
85,24,5810960,1,20261003,2647,283,,,,,,2458,219,,,,,,3,34.00152563244955,136.1851117,,,0,,0,,0,0,0,0,,0,233,blue,2930,2677,5607
85,24,5810970,1,20261003,2447,266,,,,,,2417,210,,,,,,3,33.942137832366114,136.1524581,,,0,,0,,0,0,0,0,,0,233,blue,2713,2627,5340
85,24,5810980,1,20261003,2666,271,,,,,,2493,288,,,,,,3,33.92889863234747,136.1381858,,,1,,0,,0,0,0,0,,0,233,blue,2937,2781,5718
85,24,5810990,1,20261003,2793,181,,,,,,2558,203,,,,,,3,33.74057583208088,135.9955167,,,0,,0,,0,0,0,0,,0,233,blue,2974,2761,5735
85,24,5811000,1,20261003,3637,374,,,,,,3336,389,,,,,,1,34.10420863259313,136.1948133,,,0,,0,,0,0,0,0,,0,233,blue,4011,3725,7736
85,22,5811020,1,20261003,1359,156,,,,,,1122,212,,,,,,3,35.15084103400535,138.522379,,,0,,0,,0,0,0,0,,0,233,blue,1515,1334,2849
85,22,5811030,1,20261003,1781,75,,,,,,1478,164,,,,,,3,35.15470103401037,138.520314,,,0,,0,,0,0,0,0,,0,233,blue,1856,1642,3498
85,22,5811040,1,20261003,,,,,,,,,,,,,,,3,35.19272303405982,138.529894,,,1,,0,,0,0,0,0,,9,233,blue,0,0,0
85,22,5811050,1,20261003,3627,142,,,,,,4233,123,,,,,,3,35.37095103428976,138.860418,,,0,,0,,0,0,0,0,,0,233,blue,3769,4356,8125
85,23,5811110,1,20261003,2736,205,,,,,,3219,126,,,,,,3,35.135027033984734,137.309194,,,0,,0,,0,0,0,0,,0,233,blue,2941,3345,6286
85,23,5811120,1,20261003,3334,202,,,,,,3549,253,,,,,,3,35.149777034003954,137.332722,,,0,,0,,0,0,0,0,,0,233,blue,3536,3802,7338
85,23,5811130,1,20261003,1912,896,,,,,,2925,128,,,,,,3,35.1700830340304,137.406805,,,0,,0,,0,0,0,0,,0,233,blue,2808,3053,5861
85,23,5811140,1,20261003,1379,149,,,,,,1396,77,,,,,,3,35.221388034097004,137.524166,,,0,,0,,0,0,0,0,,0,233,blue,1528,1473,3001
85,21,5811150,1,20261003,3636,167,,,,,,2976,322,,,,,,3,35.46219703440631,137.756093,,,0,,0,,0,0,0,0,,0,233,blue,3803,3298,7101
85,21,5811160,1,20261003,4249,808,,,,,,3790,316,,,,,,3,35.50206103445697,137.792544,,,0,,0,,0,0,0,0,,0,233,blue,5057,4106,9163
85,23,5811170,1,20261003,2766,287,,,,,,2819,196,,,,,,3,35.21055503408296,137.106666,,,0,,0,,0,0,0,0,,0,233,blue,3053,3015,6068
85,21,5811190,1,20261003,4219,189,,,,,,3403,202,,,,,,3,35.601941034583234,136.937212,,,0,,0,,0,0,0,0,,0,233,blue,4408,3605,8013
85,21,5811230,1,20261003,4348,267,,,,,,3661,379,,,,,,3,36.13868903524477,137.164639,,,0,,0,,0,0,0,0,,0,233,blue,4615,4040,8655
85,21,5811240,1,20261003,3469,199,,,,,,3364,327,,,,,,3,36.16135703527206,137.222749,,,0,,0,,0,0,0,0,,0,233,blue,3668,3691,7359
85,22,5811250,1,20261003,2248,263,,,,,,6173,691,,,,,,3,35.312573034214765,138.927446,,,0,,0,,0,0,0,0,,0,233,blue,2511,6864,9375
85,21,5811270,1,20261003,3583,450,,,,,,3511,348,,,,,,3,35.23023303410846,136.596679,,,0,,0,,0,0,0,0,,0,233,blue,4033,3859,7892
85,21,5811330,1,20261003,1093,139,,,,,,1084,73,,,,,,3,35.46731303441282,137.78409,,,0,,0,,0,0,0,0,,0,233,blue,1232,1157,2389
86,,6810010,1,20261003,2458,424,,,,,,3267,453,,,,,,3,34.89694403367168,136.336111,,,0,,0,,0,0,0,0,,0,233,blue,2882,3720,6602
86,,6810020,1,20261003,,,,,,,,,,,,,,,3,34.97777803377855,135.901667,,,1,,0,,0,0,0,0,,0,233,blue,0,0,0
86,,6810030,1,20261003,,,,,,,,,,,,,,,3,35.00527803381478,136.094722,,,1,,0,,0,233,233,0,,0,233,blue,0,0,0
86,,6810060,1,20261003,0,0,,,,,,15144,2126,,,,,,3,34.986389033789905,135.75305600000002,,,0,,0,,0,0,0,0,,0,233,blue,0,17270,17270
86,,6810089,1,20261003,,,,,,,,,,,,,,,3,34.978118033779,135.908546,,,1,,0,,0,0,0,0,,0,233,blue,0,0,0
86,,6810090,1,20261003,4306,644,,,,,,0,0,,,,,,3,34.83138903358458,135.72305600000004,,,0,,0,,0,0,0,0,,0,233,blue,4950,0,4950
86,,6810100,1,20261003,0,0,,,,,,3353,504,,,,,,3,34.83138903358458,135.723889,,,0,,0,,0,0,0,0,,0,233,blue,0,3857,3857
86,,6810105,1,20261003,12685,1059,,,,,,10815,1164,,,,,,3,34.71411113342777,135.4489722,,,0,,0,,0,0,0,0,,0,233,blue,13744,11979,25723
86,,6810111,1,20261003,,,,,,,,,,,,,,,3,34.6429970333321,135.019846,,,1,,0,,0,0,0,0,,0,233,blue,0,0,0
86,,6810130,1,20261003,2583,726,,,,,,2588,738,,,,,,3,34.842500033599364,134.330556,,,0,,0,,0,0,0,0,,0,233,blue,3309,3326,6635
86,,6810135,1,20261003,5534,397,,,,,,4419,313,,,,,,3,36.18333336529846,136.26777780000003,,,0,,0,,0,0,0,0,,0,233,blue,5931,4732,10663
86,,6810140,1,20261003,9882,1059,,,,,,8317,1689,,,,,,3,36.14305603525003,136.263889,,,0,,0,,0,0,0,0,,0,233,blue,10941,10006,20947
86,,6810150,1,20261003,,,,,,,,,,,,,,,3,36.0772220351705,136.244444,,,1,,0,,0,0,0,0,,0,233,blue,0,0,0
86,,6810160,1,20261003,9154,2311,,,,,,10029,2431,,,,,,3,36.02444403510641,136.218333,,,0,,0,,0,0,0,0,,0,233,blue,11465,12460,23925
86,,6810165,1,20261003,17101,633,,,,,,32,2,,,,,,3,35.980555595052905,136.1958333,,,0,,0,,0,0,0,0,,0,233,blue,17734,34,17768
86,,6810170,1,20261003,,,,,,,,,,,,,,,3,35.95555603502233,136.188889,,,1,,0,,0,0,0,0,,0,233,blue,0,0,0
86,,6810180,1,20261003,5529,473,,,,,,4852,262,,,,,,3,35.878333034927515,136.169444,,,0,,0,,0,0,0,0,,0,233,blue,6002,5114,11116
86,,6810190,1,20261003,,,,,,,,,,,,,,,3,35.719444034730536,136.094722,,,1,,0,,0,0,0,0,,0,233,blue,0,0,0
86,,6810200,1,20261003,1388,115,,,,,,1189,105,,,,,,3,35.66555603466316,136.083056,,,0,,0,,0,0,0,0,,0,233,blue,1503,1294,2797
86,,6810220,1,20261003,2510,280,,,,,,2978,205,,,,,,3,35.60416703458605,136.107222,,,0,,0,,0,0,0,0,,0,233,blue,2790,3183,5973
86,,6810230,1,20261003,1679,878,,,,,,2677,258,,,,,,3,35.57603003455058,136.122756,,,0,,0,,0,0,0,0,,0,233,blue,2557,2935,5492
86,,6810240,1,20261003,6465,594,,,,,,5273,424,,,,,,3,35.512778034470564,136.173333,,,0,,0,,0,0,0,0,,0,233,blue,7059,5697,12756
86,,6810241,1,20261003,2692,1243,,,,,,2278,890,,,,,,3,35.4322160343681,136.245092,,,0,,0,,0,0,0,0,,0,233,blue,3935,3168,7103
86,,6810250,1,20261003,7554,857,,,,,,7684,930,,,,,,3,35.27555603416706,136.269444,,,0,,0,,0,0,0,0,,0,233,blue,8411,8614,17025
86,,6810260,1,20261003,6287,751,,,,,,6398,721,,,,,,3,35.11611103396005,136.128333,,,0,,0,,0,0,0,0,,0,233,blue,7038,7119,14157
86,,6810270,1,20261003,6810,539,,,,,,6333,1287,,,,,,3,35.091944033928485,136.089722,,,0,,0,,0,0,0,0,,0,233,blue,7349,7620,14969
86,,6810280,1,20261003,771,40,,,,,,2415,233,,,,,,3,35.66000003465618,136.084722,,,0,,0,,0,0,0,0,,0,233,blue,811,2648,3459
86,,6810290,1,20261003,9474,1874,,,,,,14220,2021,,,,,,3,34.996111033802705,135.722222,,,0,,0,,0,0,0,0,,0,233,blue,11348,16241,27589
86,,6810300,1,20261003,0,0,,,,,,1179,88,,,,,,3,34.981944033784046,135.693056,,,0,,0,,0,0,0,0,,0,233,blue,0,1267,1267
86,,6810310,1,20261003,11429,838,,,,,,0,0,,,,,,3,34.981944033784046,135.692917,,,0,,0,,0,0,0,0,,0,233,blue,12267,0,12267
86,,6810320,1,20261003,10370,631,,,,,,7733,692,,,,,,3,34.992500033797945,135.64750000000004,,,0,,0,,0,0,0,0,,0,233,blue,11001,8425,19426
86,,6810330,1,20261003,10339,936,,,,,,10165,1252,,,,,,3,34.989722033794294,135.636667,,,0,,0,,0,0,0,0,,0,233,blue,11275,11417,22692
86,,6810335,1,20261003,6512,490,,,,,,6035,298,,,,,,3,35.488936034440314,135.756215,,,0,,0,,0,0,0,0,,0,233,blue,7002,6333,13335
86,,6810340,1,20261003,307,16,,,,,,674,102,,,,,,3,35.12222203396803,135.439444,,,0,,0,,0,0,0,0,,0,233,blue,323,776,1099
86,,6810343,1,20261003,,,,,,,,,,,,,,,3,35.18777781405339,135.3219444,,,1,,0,,0,0,0,0,,0,233,blue,0,0,0
86,,6810344,1,20261003,3249,375,,,,,,4096,442,,,,,,3,35.24583336412865,135.2161111,,,0,,0,,0,0,0,0,,0,233,blue,3624,4538,8162
86,,6810346,1,20261003,5169,729,,,,,,5403,531,,,,,,3,35.28305559417674,135.1777778,,,0,,0,,0,0,0,0,,0,233,blue,5898,5934,11832
86,,6810348,1,20261003,7219,644,,,,,,5805,666,,,,,,3,35.3139820342166,135.101491,,,0,,0,,0,0,0,0,,0,233,blue,7863,6471,14334
86,,6810360,1,20261003,1178,587,,,,,,1515,226,,,,,,3,35.333611034241834,134.917222,,,0,,0,,0,0,0,0,,0,233,blue,1765,1741,3506
86,,6810365,1,20261003,4857,385,,,,,,4811,367,,,,,,3,36.25913403538918,136.286774,,,0,,0,,0,0,0,0,,0,233,blue,5242,5178,10420
86,,6810370,1,20261003,2300,291,,,,,,2600,218,,,,,,3,35.38305603430526,134.671667,,,0,,0,,0,0,0,0,,0,233,blue,2591,2818,5409
86,,6810390,1,20261003,2035,293,,,,,,2228,184,,,,,,3,35.48083303443001,134.585278,,,0,,0,,0,0,0,0,,0,233,blue,2328,2412,4740
86,,6810400,1,20261003,1421,148,,,,,,1391,231,,,,,,3,35.50388903445929,134.533889,,,0,,0,,0,0,0,0,,0,233,blue,1569,1622,3191
86,,6810410,1,20261003,,,,,,,,,,,,,,,3,35.5247220344857,134.4275,,,0,,0,,0,0,0,0,,233,233,blue,0,0,0
86,,6810420,1,20261003,4228,514,,,,,,3757,374,,,,,,3,35.33111103423862,136.352222,,,0,,0,,0,0,0,0,,0,233,blue,4742,4131,8873
86,,6810450,1,20261003,6255,348,,,,,,2417,49,,,,,,3,34.229683032767404,135.169164,,,0,,0,,0,0,0,0,,0,233,blue,6603,2466,9069
86,,6810492,1,20261003,5689,1118,,,,,,6052,611,,,,,,3,34.5749167332401,135.6647778,,,0,,0,,0,0,0,0,,0,233,blue,6807,6663,13470
86,,6810500,1,20261003,,,,,,,,,,,,,,,3,34.58000003324698,135.466581,,,1,,0,,0,0,0,0,,0,233,blue,0,0,0
86,,6810510,1,20261003,,,,,,,,,,,,,,,3,34.5797220332466,135.466581,,,1,,0,,0,0,0,0,,0,233,blue,0,0,0
86,,6810540,1,20261003,,,,,,,,,,,,,,,3,34.36000003294702,135.269444,,,1,,0,,0,0,0,0,,0,233,blue,0,0,0
86,,6810550,1,20261003,,,,,,,,,,,,,,,3,34.32270003289575,135.19756,,,1,,0,,0,0,0,0,,0,233,blue,0,0,0
86,,6810551,1,20261003,9736,1314,,,,,,9409,665,,,,,,3,34.32488893289876,135.1913056,,,0,,0,,0,0,0,0,,0,233,blue,11050,10074,21124
86,,6810552,1,20261003,4864,348,,,,,,5141,403,,,,,,3,34.31283333288218,135.1605,,,0,,0,,0,0,0,0,,0,233,blue,5212,5544,10756
86,,6810560,1,20261003,,,,,,,,,,,,,,,3,34.24805603279281,135.175,,,1,,0,,0,0,0,0,,0,233,blue,0,0,0
86,,6810580,1,20261003,6334,209,,,,,,2581,165,,,,,,3,35.633611034623065,136.021389,,,0,,0,,0,0,0,0,,0,233,blue,6543,2746,9289
86,,6810590,1,20261003,2962,245,,,,,,3160,143,,,,,,3,35.58083303455663,135.910417,,,0,,0,,0,0,0,0,,0,233,blue,3207,3303,6510
86,,6810610,1,20261003,4279,361,,,,,,3475,709,,,,,,3,35.469444034415524,135.825,,,0,,0,,0,0,0,0,,0,233,blue,4640,4184,8824
86,,6810620,1,20261003,3397,210,,,,,,4353,340,,,,,,3,35.483056034432835,135.666111,,,0,,0,,0,0,0,0,,0,233,blue,3607,4693,8300
86,,6810630,1,20261003,,,,,,,,,,,,,,,3,35.48805603443919,135.595833,,,1,,0,,0,0,0,0,,0,233,blue,0,0,0
86,,6810660,1,20261003,4340,473,,,,,,3382,663,,,,,,3,35.48083303443001,135.421389,,,0,,0,,0,0,0,0,,0,233,blue,4813,4045,8858
86,,6810667,1,20261003,2249,50,,,,,,5747,1017,,,,,,3,35.46027781440387,135.3566667,,,0,,0,,0,0,0,0,,0,233,blue,2299,6764,9063
86,,6810670,1,20261003,4811,571,,,,,,4570,497,,,,,,3,35.414167034345056,135.333056,,,0,,0,,0,0,0,0,,0,233,blue,5382,5067,10449
86,,6810671,1,20261003,5283,477,,,,,,4939,431,,,,,,3,35.37888892429992,135.3169444,,,0,,0,,0,0,0,0,,0,233,blue,5760,5370,11130
86,,6810730,1,20261003,7974,815,,,,,,7774,1339,,,,,,3,34.85305603361341,134.605278,,,0,,0,,0,0,0,0,,0,233,blue,8789,9113,17902
86,,6810740,1,20261003,4569,207,,,,,,4182,507,,,,,,3,34.87691203364509,134.61312,,,0,,0,,0,0,0,0,,0,233,blue,4776,4689,9465
86,,6810750,1,20261003,3433,267,,,,,,3543,367,,,,,,3,35.07068203390065,134.587422,,,0,,0,,0,0,0,0,,0,233,blue,3700,3910,7610
86,,6810760,1,20261003,1564,177,,,,,,1614,76,,,,,,3,35.145672033998615,134.539014,,,0,,0,,0,0,0,0,,0,233,blue,1741,1690,3431
86,,6810770,1,20261003,5654,815,,,,,,3947,456,,,,,,3,33.692375032012194,135.984591,,,0,,0,,0,0,0,0,,0,233,blue,6469,4403,10872
86,,6810780,1,20261003,,,,,,,,,,,,,,,3,33.61777803190555,135.927061,,,1,,0,,0,0,0,0,,0,233,blue,0,0,0
86,,6810790,1,20261003,,,,,,,,,,,,,,,3,33.56853903183492,135.910197,,,1,,0,,0,0,0,0,,0,233,blue,0,0,0
86,,6810800,1,20261003,,,,,,,,,,,,,,,3,33.50323103174097,135.806228,,,1,,0,,0,0,0,0,,0,233,blue,0,0,0
86,,6810810,1,20261003,2376,257,,,,,,2428,248,,,,,,3,33.48392803171314,135.760481,,,0,,0,,0,0,0,0,,0,233,blue,2633,2676,5309
86,,6810820,1,20261003,,,,,,,,,,,,,,,3,33.509890031750565,135.60639100000003,,,1,,0,,0,0,0,0,,0,233,blue,0,0,0
86,,6810830,1,20261003,,,,,,,,,,,,,,,3,33.51850003176297,135.57,,,1,,0,,0,0,0,0,,0,233,blue,0,0,0
86,,6810840,1,20261003,1425,139,,,,,,1004,29,,,,,,3,33.554167031814266,135.458889,,,0,,0,,0,0,0,0,,0,233,blue,1564,1033,2597
86,,6810850,1,20261003,4249,199,,,,,,652,2,,,,,,3,33.70273603202697,135.411942,,,0,,0,,0,0,0,0,,0,233,blue,4448,654,5102
86,,6810860,1,20261003,9834,207,,,,,,6161,420,,,,,,3,33.72250003205514,135.404722,,,0,,0,,0,0,0,0,,0,233,blue,10041,6581,16622
86,,6810880,1,20261003,,,,,,,,,,,,,,,3,33.748889032092684,135.3275,,,1,,0,,0,0,0,0,,0,233,blue,0,0,0
86,,6810890,1,20261003,3051,348,,,,,,3400,377,,,,,,3,33.7811110321385,135.3025,,,0,,0,,0,0,0,0,,0,233,blue,3399,3777,7176
86,,6810900,1,20261003,4427,218,,,,,,4226,440,,,,,,3,33.91892803233343,135.146508,,,0,,0,,0,0,0,0,,0,233,blue,4645,4666,9311
86,,6810910,1,20261003,2827,501,,,,,,0,0,,,,,,3,33.94659203237239,135.12965,,,0,,0,,0,0,0,0,,0,233,blue,3328,0,3328
86,,6810920,1,20261003,7605,736,,,,,,5465,378,,,,,,3,34.04305603250771,135.189722,,,0,,0,,0,0,0,0,,0,233,blue,8341,5843,14184
86,,6810930,1,20261003,,,,,,,,,,,,,,,3,34.047035032513286,135.189167,,,1,,0,,0,0,0,0,,0,233,blue,0,0,0
86,,6810950,1,20261003,,,,,,,,,,,,,,,3,34.19539403271991,135.169583,,,1,,0,,0,0,0,0,,0,233,blue,0,0,0
86,,6810960,1,20261003,873,159,,,,,,6485,471,,,,,,3,33.74962803209376,135.359472,,,0,,0,,0,0,0,0,,0,233,blue,1032,6956,7988
86,,6810980,1,20261003,,,,,,,,,,,,,,,3,34.652222033344536,135.48972200000003,,,1,,0,,0,0,0,0,,0,233,blue,0,0,0
86,,6810990,1,20261003,,,,,,,,,,,,,,,3,35.551944034520155,136.098333,,,1,,0,,0,0,0,0,,0,233,blue,0,0,0
86,,6811000,1,20261003,2026,259,,,,,,1868,384,,,,,,3,35.530000034492396,136.094444,,,0,,0,,0,0,0,0,,0,233,blue,2285,2252,4537
86,,6811010,1,20261003,2874,454,,,,,,3082,325,,,,,,3,35.47888903442754,136.083056,,,0,,0,,0,0,0,0,,0,233,blue,3328,3407,6735
86,,6811020,1,20261003,2364,152,,,,,,1976,206,,,,,,3,35.39750003432375,136.024722,,,0,,0,,0,0,0,0,,0,233,blue,2516,2182,4698
86,,6811030,1,20261003,15293,2659,,,,,,13546,2367,,,,,,3,35.28722203418211,136.018056,,,0,,0,,0,0,0,0,,0,233,blue,17952,15913,33865
86,,6811040,1,20261003,5446,1310,,,,,,7211,787,,,,,,3,35.24777803413116,135.960556,,,0,,0,,0,0,0,0,,0,233,blue,6756,7998,14754
86,,6811050,1,20261003,,,,,,,,,,,,,,,3,35.237778034118236,135.943333,,,1,,0,,0,233,233,0,,0,233,blue,0,0,0
86,,6811080,1,20261003,,,,,,,,,,,,,,,3,34.71861103343382,135.569444,,,1,,0,,0,0,0,0,,0,233,blue,0,0,0
86,,6811120,1,20261003,0,0,,,,,,2243,580,,,,,,3,35.0725560339031,135.008778,,,0,,0,,0,0,0,0,,0,233,blue,0,2823,2823
86,,6811130,1,20261003,3737,480,,,,,,3241,287,,,,,,3,35.12139403396696,135.005953,,,0,,0,,0,0,0,0,,0,233,blue,4217,3528,7745
86,,6811150,1,20261003,,,,,,,,,,,,,,,3,35.16055603401799,135.066111,,,0,,0,,0,0,0,0,,233,233,blue,0,0,0
86,,6811160,1,20261003,,,,,,,,,,,,,,,3,35.23305603411212,135.020833,,,0,,0,,0,0,0,0,,233,233,blue,0,0,0
86,,6811165,1,20261003,2668,1035,,,,,,3044,1015,,,,,,3,35.28748503418245,134.977245,,,0,,0,,0,0,0,0,,0,233,blue,3703,4059,7762
86,,6811170,1,20261003,,,,,,,,,,,,,,,3,35.29111103418713,134.970556,,,0,,0,,0,0,0,0,,233,233,blue,0,0,0
86,,6811180,1,20261003,,,,,,,,,,,,,,,3,35.30305603420252,134.92,,,0,,0,,0,0,0,0,,233,233,blue,0,0,0
86,,6811190,1,20261003,,,,,,,,,,,,,,,3,35.34500003425647,134.801111,,,0,,0,,0,0,0,0,,233,233,blue,0,0,0
86,,6811200,1,20261003,,,,,,,,,,,,,,,3,35.36333303427999,134.759167,,,0,,0,,0,0,0,0,,233,233,blue,0,0,0
86,,6811210,1,20261003,4252,693,,,,,,5048,269,,,,,,3,35.49942303445363,134.790538,,,0,,0,,0,0,0,0,,0,233,blue,4945,5317,10262
86,,6811220,1,20261003,4150,170,,,,,,3375,186,,,,,,3,35.474942034422526,134.764925,,,0,,0,,0,0,0,0,,0,233,blue,4320,3561,7881
86,,6811230,1,20261003,4747,297,,,,,,3846,428,,,,,,3,35.43722003437449,134.767839,,,0,,0,,0,0,0,0,,0,233,blue,5044,4274,9318
86,,6811260,1,20261003,6894,372,,,,,,7162,955,,,,,,3,35.01754603383091,136.023618,,,0,,0,,0,0,0,0,,0,233,blue,7266,8117,15383
86,,6811310,1,20261003,29123,2743,,,,,,29096,2816,,,,,,3,34.78856603352747,134.816183,,,0,,0,,0,0,0,0,,0,233,blue,31866,31912,63778
86,,6811320,1,20261003,,,,,,,,,,,,,,,3,34.81472203356237,134.673055,,,1,,0,,0,0,0,0,,0,233,blue,0,0,0
86,,6811340,1,20261003,9348,845,,,,,,20913,2236,,,,,,3,34.83503003358942,134.618945,,,0,,0,,0,0,0,0,,0,233,blue,10193,23149,33342
86,,6811400,1,20261003,4814,520,,,,,,3945,494,,,,,,3,34.54152803319483,135.675417,,,0,,0,,0,0,0,0,,0,233,blue,5334,4439,9773
87,,7810030,1,20261003,11924,954,0,,,,,10460,1036,0,,,,,3,34.46130403308565,133.299608,,,0,0,0,0,0,0,0,0,0,0,233,blue,12878,11496,24374
87,,7810050,1,20261003,5334,597,0,,,,,7763,1008,0,,,,,3,34.405934033009984,133.010289,,,0,0,0,0,0,1,1,0,0,0,233,blue,5931,8771,14702
87,,7810060,1,20261003,4122,691,0,,,,,4416,534,0,,,,,3,34.391480032990195,132.905302,,,0,0,0,0,0,0,0,0,0,0,233,blue,4813,4950,9763
87,,7810080,1,20261003,,,,,,,,6046,696,0,,,,,3,34.40409903300748,132.811446,,,0,0,0,0,0,0,0,0,0,0,233,blue,0,6742,6742
87,,7810090,1,20261003,4448,957,0,,,,,3918,329,0,,,,,3,34.37165503296302,132.548551,,,0,0,0,0,0,0,0,0,0,0,233,blue,5405,4247,9652
87,,7810100,1,20261003,196,26,0,,,,,4703,454,0,,,,,3,34.370314032961176,132.43065,,,0,0,0,0,0,0,0,0,0,0,233,blue,222,5157,5379
87,,7810120,1,20261003,8133,1123,0,,,,,8425,992,0,,,,,3,34.40929103301459,133.075998,,,0,0,0,0,0,1,1,0,0,0,233,blue,9256,9417,18673
87,,7810130,1,20261003,3720,773,0,,,,,2443,376,0,,,,,3,34.394348032994124,133.04909,,,0,0,0,0,0,1,1,0,0,0,233,blue,4493,2819,7312
87,,7810140,1,20261003,387,42,0,,,,,171,291,0,,,,,3,34.186157032707094,132.173982,,,0,0,0,0,0,0,0,0,0,0,233,blue,429,462,891
87,,7810150,1,20261003,10331,1247,0,,,,,3288,534,0,,,,,3,34.069307032544415,131.669576,,,0,0,0,0,0,0,0,0,0,0,233,blue,11578,3822,15400
87,,7810180,1,20261003,4472,140,0,,,,,6515,1378,0,,,,,3,34.03918803250232,131.248456,,,0,0,0,0,0,0,0,0,0,0,233,blue,4612,7893,12505
87,,7810220,1,20261003,16671,609,0,,,,,15020,413,0,,,,,3,35.51908503447856,134.20671,,,0,0,0,0,0,0,0,0,0,0,233,blue,17280,15433,32713
87,,7810230,1,20261003,7748,304,0,,,,,7615,339,0,,,,,3,35.523372034484,134.171906,,,0,0,0,0,0,0,0,0,0,0,233,blue,8052,7954,16006
87,,7810240,1,20261003,4178,188,0,,,,,4660,233,0,,,,,3,35.527852034489676,134.139977,,,0,0,0,0,0,0,0,0,0,0,233,blue,4366,4893,9259
87,,7810250,1,20261003,4805,326,0,,,,,5461,411,0,,,,,3,35.51594103447459,134.071698,,,0,0,0,0,0,0,0,0,0,0,233,blue,5131,5872,11003
87,,7810280,1,20261003,3265,314,0,,,,,3253,212,0,,,,,3,35.50301603445818,133.70857000000004,,,0,0,0,0,0,0,0,0,0,0,233,blue,3579,3465,7044
87,,7810330,1,20261003,5535,549,0,,,,,6680,303,0,,,,,3,35.46553703441056,133.4305,,,0,0,0,0,0,0,0,0,0,0,233,blue,6084,6983,13067
87,,7810350,1,20261003,8005,435,0,,,,,8525,478,0,,,,,3,35.432832034368886,133.358295,,,0,0,0,0,0,0,0,0,0,0,233,blue,8440,9003,17443
87,,7810360,1,20261003,9854,260,0,,,,,9393,272,0,,,,,3,35.43101403436657,133.331902,,,0,0,0,0,0,0,0,0,0,0,233,blue,10114,9665,19779
87,,7810380,1,20261003,8383,813,0,,,,,8402,665,0,,,,,3,35.48149203443085,133.474531,,,0,0,0,0,0,0,0,0,0,0,233,blue,9196,9067,18263
87,,7810390,1,20261003,8943,801,0,,,,,7603,584,0,,,,,3,35.476145034424064,133.461163,,,0,0,0,0,0,0,0,0,0,0,233,blue,9744,8187,17931
87,,7810400,1,20261003,7496,795,0,,,,,7551,634,0,,,,,3,35.432832034368886,133.415136,,,0,0,0,0,0,0,0,0,0,0,233,blue,8291,8185,16476
87,,7810420,1,20261003,7171,736,0,,,,,7251,728,0,,,,,3,35.50747003446383,133.61465,,,0,0,0,0,0,0,0,0,0,0,233,blue,7907,7979,15886
87,,7810430,1,20261003,5675,243,0,,,,,5509,330,0,,,,,3,35.57299803454675,134.315436,,,0,0,0,0,0,0,0,0,0,0,233,blue,5918,5839,11757
87,,7810440,1,20261003,8926,868,0,,,,,8831,588,0,,,,,3,35.40803703433723,133.302548,,,0,0,0,0,0,0,0,0,0,0,233,blue,9794,9419,19213
87,,7810480,1,20261003,1885,150,0,,,,,1974,162,0,,,,,3,35.27600903416763,132.599938,,,0,0,0,0,0,0,0,0,0,0,233,blue,2035,2136,4171
87,,7810500,1,20261003,2454,177,0,,,,,2709,108,0,,,,,3,35.198965034067925,132.455335,,,0,0,0,0,0,0,0,0,0,0,233,blue,2631,2817,5448
87,,7810530,1,20261003,754,139,0,,,,,838,105,0,,,,,3,35.0882140339236,132.347724,,,0,0,0,0,0,1,1,0,0,0,233,blue,893,943,1836
87,,7810540,1,20261003,3791,311,0,,,,,3587,245,0,,,,,3,35.05910603388547,132.317104,,,0,0,0,0,0,0,0,0,0,0,233,blue,4102,3832,7934
87,,7810550,1,20261003,367,7,0,,,,,159,38,0,,,,,3,35.03529803385423,132.246444,,,0,0,0,0,0,0,0,0,0,0,233,blue,374,197,571
87,,7810560,1,20261003,4118,309,0,,,,,4344,233,0,,,,,3,34.96136103375689,132.144917,,,0,0,0,0,0,0,0,0,0,0,233,blue,4427,4577,9004
87,,7810570,1,20261003,7082,452,0,,,,,5694,445,0,,,,,3,34.92234503370532,132.109083,,,0,0,0,0,0,0,0,0,0,0,233,blue,7534,6139,13673
87,,7810580,1,20261003,5027,587,0,,,,,5568,475,0,,,,,3,34.90375903368071,132.105961,,,0,0,0,0,0,0,0,0,0,0,233,blue,5614,6043,11657
87,,7810590,1,20261003,5681,569,0,,,,,5465,374,0,,,,,3,34.892214033665404,132.087679,,,0,0,0,0,0,0,0,0,0,0,233,blue,6250,5839,12089
87,,7810600,1,20261003,6354,596,0,,,,,6397,413,0,,,,,3,34.886378033657664,132.069161,,,0,0,0,0,0,0,0,0,0,0,233,blue,6950,6810,13760
87,,7810610,1,20261003,4528,367,0,,,,,3681,697,0,,,,,3,34.8693890336351,132.044972,,,0,0,0,0,0,0,0,0,0,0,233,blue,4895,4378,9273
87,,7810630,1,20261003,2779,189,0,,,,,2973,188,0,,,,,3,34.69280003339916,131.858404,,,0,0,0,0,0,0,0,0,0,0,233,blue,2968,3161,6129
87,,7810640,1,20261003,3622,383,0,,,,,3736,381,0,,,,,3,34.64982003334131,131.812549,,,0,0,0,0,0,0,0,0,0,0,233,blue,4005,4117,8122
87,,7810650,1,20261003,2419,248,0,,,,,2353,147,0,,,,,3,34.603665033279,131.799331,,,0,0,0,0,0,0,0,0,0,0,233,blue,2667,2500,5167
87,,7810660,1,20261003,2253,247,0,,,,,2291,171,0,,,,,3,34.56766203323026,131.793408,,,0,0,0,0,0,0,0,0,0,0,233,blue,2500,2462,4962
87,,7810670,1,20261003,1670,100,0,,,,,1801,78,0,,,,,3,34.4411940330582,131.772423,,,0,0,0,0,0,0,0,0,0,0,233,blue,1770,1879,3649
87,,7810680,1,20261003,17369,1357,0,,,,,18211,1092,0,,,,,3,35.44391203438301,133.070902,,,0,0,0,0,0,0,0,0,0,0,233,blue,18726,19303,38029
87,,7810700,1,20261003,7999,479,0,,,,,8147,385,0,,,,,3,35.37289303429224,132.787156,,,0,0,0,0,0,0,0,0,0,0,233,blue,8478,8532,17010
87,,7810710,1,20261003,7997,440,0,,,,,8121,496,0,,,,,3,35.37446803429426,132.777994,,,0,0,0,0,0,0,0,0,0,0,233,blue,8437,8617,17054
87,,7810730,1,20261003,4124,357,0,,,,,4642,287,0,,,,,3,35.0087950338194,132.223163,,,0,0,0,0,0,1,1,0,0,0,233,blue,4481,4929,9410
87,,7810750,1,20261003,1815,221,0,,,,,1943,228,0,,,,,3,34.66552003336244,131.809437,,,0,0,0,0,0,0,0,0,0,0,233,blue,2036,2171,4207
87,,7810780,1,20261003,94,86,0,,,,,4067,283,0,,,,,3,34.245635032789465,131.522947,,,0,0,0,0,0,0,0,0,0,0,233,blue,180,4350,4530
87,,7810790,1,20261003,8990,945,0,,,,,293,3,0,,,,,3,34.190602032713265,131.483723,,,0,0,0,0,0,0,0,0,0,0,233,blue,9935,296,10231
87,,7810800,1,20261003,9495,502,0,,,,,0,0,0,,,,,3,34.18878403271073,131.480083,,,0,0,0,0,0,0,0,0,0,0,233,blue,9997,0,9997
87,,7810840,1,20261003,5413,365,0,,,,,6288,162,0,,,,,3,35.47203803441882,134.240441,,,0,0,0,0,0,0,0,0,0,0,233,blue,5778,6450,12228
87,,7810850,1,20261003,11274,617,0,,,,,12253,801,0,,,,,3,35.49999403445436,134.20171,,,0,0,0,0,0,0,0,0,0,0,233,blue,11891,13054,24945
87,,7810870,1,20261003,11877,321,0,,,,,13072,379,0,,,,,3,34.52362703317051,133.901839,,,0,0,0,0,0,0,0,0,0,0,233,blue,12198,13451,25649
87,,7810900,1,20261003,4520,412,0,,,,,4520,352,0,,,,,3,34.9118280336914,133.946407,,,0,0,0,0,0,1,1,0,0,0,233,blue,4932,4872,9804
87,,7810950,1,20261003,312,36,0,,,,,3192,387,0,,,,,3,35.3698230342883,134.215379,,,0,0,0,0,0,0,0,0,0,0,233,blue,348,3579,3927
87,,7810960,1,20261003,4778,601,0,,,,,4366,494,0,,,,,3,34.64456803333422,132.667015,,,0,0,0,0,0,0,0,0,0,0,233,blue,5379,4860,10239
87,,7810970,1,20261003,2687,350,0,,,,,2923,315,0,,,,,3,34.68134903338374,132.742245,,,0,0,0,0,0,0,0,0,0,0,233,blue,3037,3238,6275
87,,7810980,1,20261003,1666,222,0,,,,,2678,187,0,,,,,3,34.81798703356671,132.823527,,,0,0,0,0,0,0,0,0,0,0,233,blue,1888,2865,4753
87,,7810990,1,20261003,1347,204,0,,,,,1411,202,0,,,,,3,34.86090703362384,132.793186,,,0,0,0,0,0,0,0,0,0,0,233,blue,1551,1613,3164
87,,7811010,1,20261003,1531,177,0,,,,,1508,85,0,,,,,3,35.221765034097494,132.816639,,,0,0,0,0,0,0,0,0,0,0,233,blue,1708,1593,3301
87,,7811020,1,20261003,3085,255,0,,,,,2997,183,0,,,,,3,35.33258003424051,132.907662,,,0,0,0,0,0,0,0,0,0,0,233,blue,3340,3180,6520
87,,7811070,1,20261003,11397,531,0,,,,,574,364,0,,,,,3,34.23547503277542,132.6053,,,0,0,0,0,0,0,0,0,0,0,233,blue,11928,938,12866
87,,7811080,1,20261003,2643,158,0,,,,,5548,309,0,,,,,3,34.220918032755264,132.662702,,,0,0,0,0,0,0,0,0,0,0,233,blue,2801,5857,8658
87,,7811090,1,20261003,1573,131,0,,,,,1741,47,0,,,,,3,34.27213903282609,132.728126,,,0,0,0,0,0,0,0,0,0,0,233,blue,1704,1788,3492
87,,7811100,1,20261003,2549,206,0,,,,,2208,108,0,,,,,3,34.33997203291951,132.948483,,,0,0,0,0,0,0,0,0,0,0,233,blue,2755,2316,5071
87,,7811120,1,20261003,1656,164,0,,,,,1548,91,0,,,,,3,33.9055670323146,132.028679,,,0,0,0,0,0,0,0,0,0,0,233,blue,1820,1639,3459
87,,7811130,1,20261003,3889,216,0,,,,,381,49,0,,,,,3,33.93038903234958,131.978502,,,0,0,0,0,0,0,0,0,0,0,233,blue,4105,430,4535
87,,7811140,1,20261003,8136,284,0,,,,,10376,226,0,,,,,3,33.976741032414765,131.89892000000003,,,0,0,0,0,0,0,0,0,0,0,233,blue,8420,10602,19022
87,,7811150,1,20261003,14743,508,0,,,,,13172,293,0,,,,,3,33.97531203241275,131.223377,,,0,0,0,0,0,0,0,0,0,0,233,blue,15251,13465,28716
87,,7811160,1,20261003,4927,349,0,,,,,5397,298,0,,,,,3,34.0254670324831,131.108286,,,0,0,0,0,0,0,0,0,0,0,233,blue,5276,5695,10971
87,,7811170,1,20261003,3125,233,0,,,,,0,0,0,,,,,3,34.06179303253392,130.910708,,,0,0,0,0,0,0,0,0,0,0,233,blue,3358,0,3358
87,,7811190,1,20261003,2325,235,0,,,,,2450,99,0,,,,,3,34.372636032964365,131.13719,,,0,0,0,0,0,0,0,0,0,0,233,blue,2560,2549,5109
87,,7811200,1,20261003,9,2,0,,,,,7679,192,0,,,,,3,34.36655403295601,131.21721,,,0,0,0,0,0,0,0,0,0,0,233,blue,11,7871,7882
87,,7811210,1,20261003,39,13,0,,,,,129,7,0,,,,,3,34.36556503295465,131.327923,,,0,0,0,0,0,0,0,0,0,0,233,blue,52,136,188
87,,7811220,1,20261003,2386,206,0,,,,,2616,123,0,,,,,3,34.46117103308548,131.429169,,,0,0,0,0,0,0,0,0,0,0,233,blue,2592,2739,5331
87,,7811230,1,20261003,282,47,0,,,,,2137,154,0,,,,,3,34.53625103318765,131.50609,,,0,0,0,0,0,0,0,0,0,0,233,blue,329,2291,2620
87,,7811240,1,20261003,5355,89,0,,,,,6403,230,0,,,,,3,33.97863403241742,130.917824,,,0,0,0,0,0,0,0,0,0,0,233,blue,5444,6633,12077
87,,7811250,1,20261003,2278,144,0,,,,,2227,173,0,,,,,3,34.371174032962365,131.269202,,,0,0,0,0,0,0,0,0,0,0,233,blue,2422,2400,4822
87,,7811260,1,20261003,2647,165,0,,,,,2553,133,0,,,,,3,34.386217032983,131.345346,,,0,0,0,0,0,0,0,0,0,0,233,blue,2812,2686,5498
87,,7811280,1,20261003,8688,231,0,,,,,8141,193,0,,,,,3,33.98188003242198,130.919334,,,0,0,0,0,0,0,0,0,0,0,233,blue,8919,8334,17253
87,,7811290,1,20261003,1942,140,0,,,,,1949,122,0,,,,,3,34.66606703336319,131.689768,,,0,0,0,0,0,0,0,0,0,0,233,blue,2082,2071,4153
87,,7811300,1,20261003,2225,78,0,,,,,2076,197,0,,,,,3,34.680670033382846,131.768346,,,0,0,0,0,0,0,0,0,0,0,233,blue,2303,2273,4576
87,,7811310,1,20261003,5795,526,0,,,,,6199,380,0,,,,,3,34.274175032828886,132.632159,,,0,0,0,0,0,0,0,0,0,0,233,blue,6321,6579,12900
88,,8810010,1,20261003,2855,287,0,,,,,2470,283,0,,,,,3,34.22576903276199,134.506281,,,0,0,0,0,0,0,0,0,0,0,233,blue,3142,2753,5895
88,,8810040,1,20261003,,,,,,,,,,,,,,,3,34.21202803274294,134.426444,,,1,0,0,0,0,1,1,0,0,0,233,blue,0,0,0
88,,8810050,1,20261003,,,,,,,,,,,,,,,3,34.2426940327854,134.369389,,,1,0,0,0,0,0,0,0,0,0,233,blue,0,0,0
88,,8810060,1,20261003,,,,,,,,,,,,,,,3,34.24194403278437,134.333056,,,1,0,0,0,0,0,0,0,0,0,233,blue,0,0,0
88,,8810070,1,20261003,,,,,,,,,,,,,,,3,34.3096610328778,134.235686,,,1,0,0,0,0,0,0,0,0,0,233,blue,0,0,0
88,,8810080,1,20261003,,,,,,,,,,,,,,,3,34.323825032897304,134.203003,,,1,0,0,0,0,0,0,0,0,0,233,blue,0,0,0
88,,8810090,1,20261003,,,,,,,,,,,,,,,3,34.31055603287904,134.040556,,,1,0,0,0,0,0,0,0,0,0,233,blue,0,0,0
88,,8810100,1,20261003,,,,,,,,,,,,,,,3,34.31083303287942,134.040833,,,1,0,0,0,0,0,0,0,0,0,233,blue,0,0,0
88,,8810110,1,20261003,,,,,,,,,,,,,,,3,34.296344462859466,133.9267892,,,1,0,0,0,0,0,0,0,0,0,233,blue,0,0,0
88,,8810120,1,20261003,7989,280,0,,,,,5439,176,0,,,,,3,34.30830303287593,133.886,,,0,0,0,0,0,0,0,0,0,0,233,blue,8269,5615,13884
88,,8810130,1,20261003,,,,,,,,,,,,,,,3,34.28116903283854,133.818719,,,1,0,0,0,0,1,1,0,0,0,233,blue,0,0,0
88,,8810150,1,20261003,,,,,,,,,,,,,,,3,33.79388903215663,132.931944,,,1,0,0,0,0,0,0,0,0,0,233,blue,0,0,0
88,,8810160,1,20261003,9594,570,0,,,,,11137,425,0,,,,,3,34.251008032796896,133.916925,,,0,0,0,0,0,0,0,0,0,0,233,blue,10164,11562,21726
88,,8810170,1,20261003,6587,599,0,,,,,6143,538,0,,,,,3,34.183472032703364,133.834944,,,0,0,0,0,0,0,0,0,0,0,233,blue,7186,6681,13867
88,,8810180,1,20261003,2808,228,0,,,,,2715,132,0,,,,,3,34.15741703266719,133.82277800000003,,,0,0,0,0,0,0,0,0,0,0,233,blue,3036,2847,5883
88,,8810210,1,20261003,3739,373,0,,,,,2683,437,0,,,,,3,34.02985603248925,133.814811,,,0,0,0,0,0,0,0,0,0,0,233,blue,4112,3120,7232
88,,8810220,1,20261003,1636,333,0,,,,,2600,368,0,,,,,3,33.99827503244498,133.788456,,,0,0,0,0,0,0,0,0,0,0,233,blue,1969,2968,4937
88,,8810270,1,20261003,1601,201,0,,,,,1644,303,0,,,,,3,33.699149792021856,133.6898053,,,0,0,0,0,0,0,0,0,0,0,233,blue,1802,1947,3749
88,,8810310,1,20261003,2555,358,0,,,,,1,2,0,,,,,3,33.65416703195762,133.66,,,0,0,0,0,0,0,0,0,0,0,233,blue,2913,3,2916
88,,8810340,1,20261003,,,,,,,,,,,,,,,3,33.55527803181588,133.460556,,,1,0,0,0,0,0,0,0,0,0,233,blue,0,0,0
88,,8810380,1,20261003,,,,,,,,,,,,,,,3,33.555000031815474,133.139444,,,1,0,0,0,0,0,0,0,0,0,233,blue,0,0,0
88,,8810400,1,20261003,,,,,,,,,,,,,,,3,33.58111103185298,132.9925,,,1,0,0,0,0,0,0,0,0,0,233,blue,0,0,0
88,,8810410,1,20261003,1761,69,0,,,,,1827,209,0,,,,,3,33.61805603190595,132.933333,,,0,0,0,0,0,0,0,0,0,0,233,blue,1830,2036,3866
88,,8810420,1,20261003,1908,79,0,,,,,2025,252,0,,,,,3,33.62777803191986,132.916389,,,0,0,0,0,0,0,0,0,0,0,233,blue,1987,2277,4264
88,,8810430,1,20261003,,,,,,,,,,,,,,,3,33.646667031946905,132.905833,,,1,0,0,0,0,0,0,0,0,0,233,blue,0,0,0
88,,8810450,1,20261003,,,,,,,,,,,,,,,3,33.68178252199708,132.8835762,,,1,0,0,0,0,0,0,0,0,0,233,blue,0,0,0
88,,8810510,1,20261003,,,,,,,,,,,,,,,3,33.73555603207373,132.811667,,,1,0,0,0,0,0,0,0,0,0,233,blue,0,0,0
88,,8810520,1,20261003,,,,,,,,,,,,,,,6,33.80277803216924,132.7775,,,1,0,0,0,0,1,1,0,0,0,233,blue,0,0,0
88,,8810530,1,20261003,,,,,,,,,,,,,,,3,33.80679213217494,132.7455604,,,1,0,0,0,0,0,0,0,0,0,233,blue,0,0,0
88,,8810560,1,20261003,865,38,0,,,,,788,28,0,,,,,3,33.883114032282926,134.645522,,,0,0,0,0,0,0,0,0,0,0,233,blue,903,816,1719
88,,8810570,1,20261003,4009,401,0,,,,,3999,555,0,,,,,3,33.87310303226879,134.637228,,,0,0,0,0,0,0,0,0,0,0,233,blue,4410,4554,8964
88,,8810580,1,20261003,3230,339,0,,,,,3528,175,0,,,,,3,33.8064830321745,134.590708,,,0,0,0,0,0,0,0,0,0,0,233,blue,3569,3703,7272
88,,8810640,1,20261003,1765,193,0,,,,,1823,159,0,,,,,3,33.72289703205572,134.519397,,,0,0,0,0,0,0,0,0,0,0,233,blue,1958,1982,3940
88,,8810660,1,20261003,1980,255,0,,,,,2281,151,0,,,,,3,33.66041903196656,134.406369,,,0,0,0,0,0,0,0,0,0,0,233,blue,2235,2432,4667
88,,8810670,1,20261003,1976,76,0,,,,,1770,265,0,,,,,3,33.58200303185425,134.323467,,,0,0,0,0,0,0,0,0,0,0,233,blue,2052,2035,4087
88,,8810690,1,20261003,,,,,,,,,,,,,,,3,33.49111103172349,134.261667,,,1,0,0,0,0,0,0,0,0,0,233,blue,0,0,0
88,,8810720,1,20261003,,,,,,,,,,,,,,,3,33.33499901149748,134.1973409,,,1,0,0,0,0,0,0,0,0,0,233,blue,0,0,0
88,,8810730,1,20261003,33,1,0,,,,,643,49,0,,,,,3,33.2510477313752,134.1807112,,,0,0,0,0,0,0,0,0,0,0,233,blue,34,692,726
88,,8810740,1,20261003,,,,,,,,,,,,,,,3,33.29972203144615,134.123333,,,1,0,0,0,0,0,0,0,0,0,233,blue,0,0,0
88,,8810750,1,20261003,,,,,,,,,,,,,,,3,33.371439791550394,134.039855,,,1,0,0,0,0,0,0,0,0,0,233,blue,0,0,0
88,,8810760,1,20261003,2933,128,0,,,,,2991,268,0,,,,,3,33.42416703162678,134.023333,,,0,0,0,0,0,0,0,0,0,0,233,blue,3061,3259,6320
88,,8810780,1,20261003,3350,143,0,,,,,3447,405,0,,,,,3,33.441944031652504,133.966111,,,0,0,0,0,0,0,0,0,0,0,233,blue,3493,3852,7345
88,,8810820,1,20261003,,,,,,,,,,,,,,,3,33.5033880317412,133.878652,,,1,0,0,0,0,0,0,0,0,0,233,blue,0,0,0
88,,8810840,1,20261003,,,,,,,,,,,,,,,3,33.525000031772315,133.760278,,,1,0,0,0,0,0,0,0,0,0,233,blue,0,0,0
88,,8810850,1,20261003,,,,,,,,,,,,,,,3,33.42055603162157,133.301944,,,1,0,0,0,0,0,0,0,0,0,233,blue,0,0,0
88,,8810880,1,20261003,520,31,0,,,,,473,86,0,,,,,3,33.3074340314574,133.179556,,,0,0,0,0,0,0,0,0,0,0,233,blue,551,559,1110
88,,8810890,1,20261003,1128,172,0,,,,,2,10,0,,,,,3,33.28855103142989,133.172023,,,0,0,0,0,0,0,0,0,0,0,233,blue,1300,12,1312
88,,8810910,1,20261003,1232,154,0,,,,,5,0,0,,,,,3,33.266597031397886,133.171467,,,0,0,0,0,0,0,0,0,0,0,233,blue,1386,5,1391
88,,8810920,1,20261003,3427,368,0,,,,,3194,245,0,,,,,3,33.21880803132811,133.140708,,,0,0,0,0,0,0,0,0,0,0,233,blue,3795,3439,7234
88,,8810940,1,20261003,4120,271,0,,,,,3977,227,0,,,,,3,33.0089042010197,132.9856986,,,0,0,0,0,0,0,0,0,0,0,233,blue,4391,4204,8595
88,,8810960,1,20261003,2040,124,0,,,,,1916,282,0,,,,,3,32.97816103097427,132.889125,,,0,0,0,0,0,0,0,0,0,0,233,blue,2164,2198,4362
88,,8810970,1,20261003,1654,289,0,,,,,1749,112,0,,,,,3,32.977644030973515,132.885636,,,0,0,0,0,0,0,0,0,0,0,233,blue,1943,1861,3804
88,,8811000,1,20261003,6427,230,0,,,,,208,7,0,,,,,3,32.96687203095758,132.865489,,,0,0,0,0,0,0,0,0,0,0,233,blue,6657,215,6872
88,,8811020,1,20261003,,,,,,,,,,,,,,,3,32.96457803095418,132.816661,,,1,0,0,0,0,0,0,0,0,0,233,blue,0,0,0
88,,8811040,1,20261003,2038,320,0,,,,,2363,84,0,,,,,3,32.95833303094494,132.796389,,,0,0,0,0,0,0,0,0,0,0,233,blue,2358,2447,4805
88,,8811050,1,20261003,0,0,0,,,,,0,0,0,,,,,3,32.93641403091248,132.736475,,,0,0,0,0,0,0,0,0,0,0,233,blue,0,0,0
88,,8811060,1,20261003,2026,210,0,,,,,1966,132,0,,,,,3,32.969853030961985,132.683747,,,0,0,0,0,0,0,0,0,0,0,233,blue,2236,2098,4334
88,,8811070,1,20261003,,,,,,,,,,,,,,,3,32.970303030962654,132.665209,,,1,0,0,0,0,102,102,0,0,0,233,blue,0,0,0
88,,8811080,1,20261003,2123,48,0,,,,,2182,153,0,,,,,3,32.95232903093605,132.60067,,,0,0,0,0,0,0,0,0,0,0,233,blue,2171,2335,4506
88,,8811090,1,20261003,,,,,,,,,,,,,,,3,32.9541190309387,132.584276,,,1,0,0,0,0,233,233,0,0,0,233,blue,0,0,0
88,,8811110,1,20261003,,,,,,,,,,,,,,,3,33.04654603107523,132.48536,,,1,0,0,0,0,0,0,0,0,0,233,blue,0,0,0
88,,8811130,1,20261003,3304,225,0,,,,,3197,416,0,,,,,3,33.0789110311229,132.49507,,,0,0,0,0,0,0,0,0,0,0,233,blue,3529,3613,7142
88,,8811140,1,20261003,1469,100,0,,,,,1300,105,0,,,,,3,33.11350003117377,132.518333,,,0,0,0,0,0,0,0,0,0,0,233,blue,1569,1405,2974
88,,8811150,1,20261003,,,,,,,,,,,,,,,3,33.12469803119022,132.521282,,,1,0,0,0,0,233,233,0,0,0,233,blue,0,0,0
88,,8811170,1,20261003,2657,265,0,,,,,2335,144,0,,,,,3,33.49517003172935,132.54537,,,0,0,0,0,0,0,0,0,0,0,233,blue,2922,2479,5401
88,,8811180,1,20261003,1727,236,0,,,,,1612,112,0,,,,,3,33.15677703123728,132.5469,,,0,0,0,0,0,0,0,0,0,0,233,blue,1963,1724,3687
88,,8811190,1,20261003,,,,,,,,,,,,,,,3,33.264024031394136,132.552651,,,1,0,0,0,0,0,0,0,0,0,233,blue,0,0,0
88,,8811210,1,20261003,9439,802,0,,,,,9103,1043,0,,,,,3,33.23340003134943,132.559577,,,0,0,0,0,0,0,0,0,0,0,233,blue,10241,10146,20387
88,,8811220,1,20261003,3925,309,0,,,,,3831,535,0,,,,,3,33.21975503132949,132.55883,,,0,0,0,0,0,0,0,0,0,0,233,blue,4234,4366,8600
88,,8811230,1,20261003,8040,954,0,,,,,9076,570,0,,,,,3,33.21400003132108,132.545961,,,0,0,0,0,0,0,0,0,0,0,233,blue,8994,9646,18640
88,,8811240,1,20261003,3414,503,0,,,,,3562,221,0,,,,,3,33.187563031282394,132.543219,,,0,0,0,0,0,0,0,0,0,0,233,blue,3917,3783,7700
88,,8811250,1,20261003,,,,,,,,,,,,,,,3,33.623917031914345,132.69675,,,1,0,0,0,0,0,0,0,0,0,233,blue,0,0,0
88,,8811260,1,20261003,,,,,,,,,,,,,,,3,33.63910303193607,132.70852,,,1,0,0,0,0,0,0,0,0,0,233,blue,0,0,0
88,,8811300,1,20261003,4300,448,0,,,,,4493,464,0,,,,,3,33.701111032024656,132.7075,,,0,0,0,0,0,0,0,0,0,0,233,blue,4748,4957,9705
88,,8811320,1,20261003,2972,245,0,,,,,2783,565,0,,,,,3,33.99242782243679,133.6034113,,,0,0,0,0,0,0,0,0,0,0,233,blue,3217,3348,6565
88,,8811330,1,20261003,1294,118,0,,,,,1463,206,0,,,,,3,33.99611044244195,133.6571521,,,0,0,0,0,0,0,0,0,0,0,233,blue,1412,1669,3081
88,,8811360,1,20261003,1252,203,0,,,,,1381,187,0,,,,,3,34.015556032469206,133.77361100000002,,,0,0,0,0,0,0,0,0,0,0,233,blue,1455,1568,3023
88,,8811430,1,20261003,,,,,,,,,,,,,,,3,33.981944032422064,132.778333,,,1,0,0,0,0,0,0,0,0,0,233,blue,0,0,0
88,,8811450,1,20261003,,,,,,,,,,,,,,,3,33.98044403241997,133.057088,,,1,0,0,0,0,0,0,0,0,0,233,blue,0,0,0
89,,9810010,1,20261003,11711,398,0,,,,,9132,587,0,,,,,3,33.86852803226232,130.79675,,,0,0,0,0,0,0,0,0,0,0,233,blue,12109,9719,21828
89,,9810020,1,20261003,,,,,,,,,,,,,,,3,33.835259032215276,130.608521,,,1,0,0,0,0,0,0,0,0,0,233,blue,0,0,0
89,,9810030,1,20261003,,,,,,,,,,,,,,,3,33.78978203215081,130.567337,,,1,0,0,0,0,0,0,0,0,0,233,blue,0,0,0
89,,9810040,1,20261003,26653,1254,0,,,,,27856,1419,0,,,,,3,33.744955032087105,130.488242,,,0,0,0,0,0,0,0,0,0,0,233,blue,27907,29275,57182
89,,9810050,1,20261003,,,,,,,,,,,,,,,3,33.73691203207566,130.478193,,,1,0,0,0,0,0,0,0,0,0,233,blue,0,0,0
89,,9810070,1,20261003,18751,1715,0,,,,,19837,2226,0,,,,,3,33.52600403177376,130.49557,,,0,0,0,0,0,0,0,0,0,0,233,blue,20466,22063,42529
89,,9810080,1,20261003,19966,1448,0,,,,,17026,1393,0,,,,,3,33.51100303175216,130.511069,,,0,0,0,0,0,0,0,0,0,0,233,blue,21414,18419,39833
89,,9810090,1,20261003,18651,1190,0,,,,,20736,2027,0,,,,,3,33.510200031751005,130.520977,,,0,0,0,0,0,0,0,0,0,0,233,blue,19841,22763,42604
89,,9810100,1,20261003,13386,1359,0,,,,,13884,1408,0,,,,,3,33.477797031704284,130.53932,,,0,0,0,0,0,0,0,0,0,0,233,blue,14745,15292,30037
89,,9810120,1,20261003,,,,,,,,,,,,,,,3,33.33966203150427,130.525942,,,1,,,,,,,,,,233,blue,0,0,0
89,,9810130,1,20261003,4154,638,0,,,,,3443,697,0,,,,,3,33.19870703129871,130.60119,,,0,0,0,0,0,0,0,0,0,0,233,blue,4792,4140,8932
89,,9810140,1,20261003,,,,,,,,,,,,,,,3,33.170447031257325,130.617432,,,1,0,0,0,0,0,0,0,0,0,233,blue,0,0,0
89,,9810150,1,20261003,15349,906,0,,,,,15307,843,0,,,,,3,33.86806903226167,130.775199,,,0,0,0,0,0,0,0,0,0,0,233,blue,16255,16150,32405
89,,9810160,1,20261003,14461,853,0,,,,,,,,,,,,3,33.86432503225638,130.74688,,,0,0,0,0,0,0,0,0,0,0,233,blue,15314,0,15314
89,,9810170,1,20261003,,,,,,,,,,,,,,,3,33.648732031949855,130.441499,,,1,0,0,0,0,0,0,0,0,0,233,blue,0,0,0
89,,9810180,1,20261003,24346,1776,0,,,,,24107,1791,0,,,,,3,33.61500003190157,130.438611,,,0,0,0,0,0,0,0,0,0,0,233,blue,26122,25898,52020
89,,9810190,1,20261003,,,,,,,,,,,,,,,3,33.4496850316637,130.546326,,,1,0,0,0,0,0,0,0,0,0,233,blue,0,0,0
89,,9810200,1,20261003,,,,,,,,,,,,,,,3,33.41916903161956,130.532642,,,1,,,,,,,,,,233,blue,0,0,0
89,,9810210,1,20261003,6459,829,0,,,,,6387,570,0,,,,,3,32.92737203089908,130.698429,,,0,0,0,0,0,0,0,0,0,0,233,blue,7288,6957,14245
89,,9810230,1,20261003,1241,226,0,,,,,1335,238,0,,,,,3,32.33541003001024,130.485852,,,0,0,0,0,0,0,0,0,0,0,233,blue,1467,1573,3040
89,,9810240,1,20261003,1292,162,0,,,,,1184,137,0,,,,,3,32.24685302987536,130.498828,,,0,0,0,0,0,0,0,0,0,0,233,blue,1454,1321,2775
89,,9810260,1,20261003,,,,,,,,,,,,,,,3,32.06933302960361,130.240833,,,1,0,0,0,0,0,0,0,0,0,233,blue,0,0,0
89,,9810270,1,20261003,,,,,,,,,,,,,,,3,32.05996802958923,130.223169,,,1,0,0,0,0,0,0,0,0,0,233,blue,0,0,0
89,,9810280,1,20261003,,,,,,,,,,,,,,,3,32.00103302949858,130.195866,,,1,0,0,0,0,0,0,0,0,0,233,blue,0,0,0
89,,9810290,1,20261003,,,,,,,,,,,,,,,3,31.77354502914685,130.301221,,,1,0,0,0,0,0,0,0,0,0,233,blue,0,0,0
89,,9810300,1,20261003,,,,,,,,,,,,,,,3,31.752394029113987,130.297198,,,1,0,0,0,0,0,0,0,0,0,233,blue,0,0,0
89,,9810310,1,20261003,,,,,,,,,,,,,,,3,31.671780028988586,130.334671,,,1,0,0,0,0,0,0,0,0,0,233,blue,0,0,0
89,,9810320,1,20261003,6035,402,0,,,,,6652,493,0,,,,,3,31.644384028945897,130.514685,,,0,0,0,0,0,0,0,0,0,0,233,blue,6437,7145,13582
89,,9810330,1,20261003,12910,794,0,,,,,11652,434,0,,,,,3,31.593127028865894,130.55217,,,0,0,0,0,0,0,0,0,0,0,233,blue,13704,12086,25790
89,,9810340,1,20261003,,,,,,,,,,,,,,,3,31.774587029148464,130.294585,,,1,0,0,0,0,0,0,0,0,0,233,blue,0,0,0
89,,9810350,1,20261003,,,,,,,,13203,1301,0,,,,,3,31.586173028855043,130.521497,,,0,0,0,0,0,0,0,0,0,0,233,blue,0,14504,14504
89,,9810360,1,20261003,,,,,,,,,,,,,,,3,33.6356250319311,131.074923,,,1,0,0,0,0,2,2,0,1,0,233,blue,0,0,0
89,,9810370,1,20261003,,,,,,,,,,,,,,,3,33.60811903189171,131.1134,,,0,0,0,0,0,222,222,225,170,0,233,blue,0,0,0
89,,9810380,1,20261003,4947,572,0,,,,,4646,574,0,,,,,3,33.55407703181414,131.25154,,,0,0,0,0,0,0,0,0,0,0,233,blue,5519,5220,10739
89,,9810390,1,20261003,3461,294,0,,,,,2970,321,0,,,,,3,33.47356403169818,131.495973,,,0,0,0,0,0,0,0,0,0,0,233,blue,3755,3291,7046
89,,9810400,1,20261003,4354,295,0,,,,,4035,358,0,,,,,3,33.4199570316207,131.549075,,,0,0,0,0,0,0,0,0,0,0,233,blue,4649,4393,9042
89,,9810410,1,20261003,,,,,,,,,,,,,,,3,33.35718603152971,131.497308,,,1,0,0,0,0,0,0,0,0,0,233,blue,0,0,0
89,,9810420,1,20261003,20946,1128,0,,,,,20785,1322,0,,,,,3,33.28844603142974,131.50415600000002,,,1,0,0,0,0,0,0,0,0,0,233,blue,22074,22107,44181
89,,9810430,1,20261003,11118,625,0,,,,,10787,616,0,,,,,3,33.1773230312674,131.619615,,,0,0,0,0,0,0,0,0,0,0,233,blue,11743,11403,23146
89,,9810440,1,20261003,,,,,,,,11602,776,0,,,,,3,33.091164031140934,131.647172,,,0,0,0,0,0,0,0,0,0,0,233,blue,0,12378,12378
89,,9810450,1,20261003,239,17,0,,,,,175,14,0,,,,,3,33.07813503112177,131.638559,,,0,0,0,0,0,51,51,0,83,0,233,blue,256,189,445
89,,9810460,1,20261003,206,17,0,,,,,157,42,0,,,,,3,33.03375103105637,131.689156,,,1,0,0,0,0,22,22,0,50,0,233,blue,223,199,422
89,,9810470,1,20261003,90,15,0,,,,,67,3,0,,,,,3,33.001599031008915,131.788698,,,0,0,0,0,0,58,58,1,71,0,233,blue,105,70,175
89,,9810480,1,20261003,156,3,0,,,,,145,21,0,,,,,3,32.95275303093668,131.841525,,,1,0,0,0,0,41,41,1,83,0,233,blue,159,166,325
89,,9810490,1,20261003,72,16,0,,,,,56,14,0,,,,,3,32.92192503089102,131.801353,,,1,0,0,0,0,18,18,0,51,0,233,blue,88,70,158
89,,9810500,1,20261003,12,0,0,,,,,10,2,0,,,,,3,32.84521503077709,131.718143,,,0,0,0,0,0,20,20,0,53,0,233,blue,12,12,24
89,,9810510,1,20261003,2877,341,0,,,,,2971,301,0,,,,,3,33.53550003178742,131.301439,,,0,0,0,0,0,0,0,0,0,0,233,blue,3218,3272,6490
89,,9810520,1,20261003,,,,,,,,9579,515,0,,,,,3,33.17727003126732,131.636491,,,0,0,0,0,0,0,0,0,0,0,233,blue,0,10094,10094
89,,9810530,1,20261003,4,1,0,,,,,11,0,0,,,,,3,32.76588703065887,131.69922,,,0,0,0,0,0,34,34,0,74,0,233,blue,5,11,16
89,,9810540,1,20261003,0,0,0,,,,,0,0,0,,,,,3,32.73308003060985,131.712307,,,1,0,0,0,0,9,9,0,22,0,233,blue,0,0,0
89,,9810550,1,20261003,1,2,0,,,,,0,0,0,,,,,3,32.680641030531355,131.69547,,,1,0,0,0,0,4,4,0,12,0,233,blue,3,0,3
89,,9810560,1,20261003,5,0,0,,,,,3,0,0,,,,,3,32.6162990304348,131.682165,,,1,0,0,0,0,13,13,0,24,0,233,blue,5,3,8
89,,9810580,1,20261003,15,1,0,,,,,10,0,0,,,,,3,32.56240603035372,131.681538,,,1,0,0,0,0,4,4,0,7,0,233,blue,16,10,26
89,,9810590,1,20261003,,,,,,,,,,,,,,,3,32.512945030279155,131.682071,,,0,0,0,0,0,64,64,162,114,0,233,blue,0,0,0
89,,9810600,1,20261003,6,1,0,,,,,2,0,0,,,,,3,32.505475030267874,131.671612,,,0,0,0,0,0,12,12,1,26,0,233,blue,7,2,9
89,,9810610,1,20261003,17,4,0,,,,,11,0,0,,,,,3,32.48380003023514,131.65983,,,1,0,0,0,0,5,5,0,9,0,233,blue,21,11,32
89,,9810620,1,20261003,11,1,0,,,,,1,0,0,,,,,3,32.44750003018023,131.634167,,,0,0,0,0,0,14,14,0,17,0,233,blue,12,1,13
89,,9810630,1,20261003,10,1,0,,,,,0,0,0,,,,,3,32.34169203001978,131.615818,,,1,0,0,0,0,8,8,0,16,0,233,blue,11,0,11
89,,9810640,1,20261003,,,,,,,,,,,,,,,3,32.118920029679714,131.525151,,,1,0,0,0,0,18,18,1,35,0,233,blue,0,0,0
89,,9810650,1,20261003,,,,,,,,,,,,,,,3,32.04093702955998,131.469141,,,1,0,0,0,0,30,30,1,86,0,233,blue,0,0,0
89,,9810660,1,20261003,,,,,,,,,,,,,,,3,31.943136029409334,131.344339,,,1,0,0,0,0,0,0,0,0,0,233,blue,0,0,0
89,,9810670,1,20261003,,,,,,,,,,,,,,,3,31.95151902942227,131.26782500000002,,,1,0,0,0,0,0,0,0,0,0,233,blue,0,0,0
89,,9810680,1,20261003,,,,,,,,,,,,,,,3,31.916759029368613,131.228421,,,1,0,0,0,0,0,0,0,0,0,233,blue,0,0,0
89,,9810690,1,20261003,,,,,,,,,,,,,,,3,31.831007029235955,131.126939,,,1,0,0,0,0,0,0,0,0,0,233,blue,0,0,0
89,,9810700,1,20261003,,,,,,,,,,,,,,,3,31.70972202904765,131.054167,,,1,0,0,0,0,0,0,0,0,0,233,blue,0,0,0
89,,9810710,1,20261003,,,,,,,,,,,,,,,3,31.70997802904806,131.024809,,,1,0,0,0,0,0,0,0,0,0,233,blue,0,0,0
89,,9810720,1,20261003,,,,,,,,,,,,,,,3,31.661481028972545,130.889721,,,1,0,0,0,0,0,0,0,0,0,233,blue,0,0,0
89,,9810730,1,20261003,,,,,,,,,,,,,,,3,31.723242029068686,130.809578,,,1,0,0,0,0,0,0,0,0,0,233,blue,0,0,0
89,,9810740,1,20261003,,,,,,,,,,,,,,,3,33.30389903145224,130.368554,,,1,,,,,,,,,,233,blue,0,0,0
89,,9810750,1,20261003,,,,,,,,,,,,,,,3,33.27419603140898,130.293549,,,1,,,,,,,,,,233,blue,0,0,0
89,,9810760,1,20261003,,,,,,,,,,,,,,,3,33.26474303139519,130.245086,,,1,,,,,,,,,,233,blue,0,0,0
89,,9810770,1,20261003,,,,,,,,,,,,,,,3,33.26041603138888,130.218458,,,1,,,,,,,,,,233,blue,0,0,0
89,,9810780,1,20261003,,,,,,,,,,,,,,,3,33.23447503135101,130.18203100000002,,,1,,,,,,,,,,233,blue,0,0,0
89,,9810790,1,20261003,,,,,,,,,,,,,,,3,33.22225103133315,130.172161,,,1,,,,,,,,,,233,blue,0,0,0
89,,9810800,1,20261003,,,,,,,,,,,,,,,3,33.219025031328435,130.143217,,,1,,,,,,,,,,233,blue,0,0,0
89,,9810810,1,20261003,,,,,,,,,,,,,,,3,33.21595003132393,130.087452,,,1,,,,,,,,,,233,blue,0,0,0
89,,9810820,1,20261003,,,,,,,,,,,,,,,3,33.21877403132806,130.052459,,,1,,,,,,,,,,233,blue,0,0,0
89,,9810830,1,20261003,,,,,,,,,,,,,,,3,33.207839031312076,130.047967,,,1,,,,,,,,,,233,blue,0,0,0
89,,9810840,1,20261003,,,,,,,,,,,,,,,3,33.07291503111407,129.960829,,,1,0,0,0,0,0,0,0,0,0,233,blue,0,0,0
89,,9810850,1,20261003,6668,535,0,,,,,6906,659,0,,,,,3,32.995999031000636,129.948701,,,0,0,0,0,0,0,0,0,0,0,233,blue,7203,7565,14768
89,,9810860,1,20261003,,,,,,,,,,,,,,,3,32.9044610308651,129.957531,,,1,0,0,0,0,0,0,0,0,0,233,blue,0,0,0
89,,9810870,1,20261003,,,,,,,,,,,,,,,3,32.8905010308444,129.971348,,,1,0,0,0,0,0,0,0,0,0,233,blue,0,0,0
89,,9810890,1,20261003,,,,,,,,,,,,,,,3,32.87494503082128,130.02412,,,1,0,0,0,0,0,0,0,0,0,233,blue,0,0,0
89,,9810900,1,20261003,,,,,,,,,,,,,,,3,32.83967403076884,130.024592,,,1,0,0,0,0,0,0,0,0,0,233,blue,0,0,0
89,,9810910,1,20261003,,,,,,,,,,,,,,,3,33.19594003129466,129.977938,,,1,0,0,0,0,0,0,0,0,0,233,blue,0,0,0
89,,9810920,1,20261003,377,27,0,,,,,395,19,0,,,,,3,33.191150031287656,129.943948,,,1,0,0,0,0,0,0,0,0,0,233,blue,404,414,818
89,,9810930,1,20261003,,,,,,,,,,,,,,,3,33.18881403128423,129.9054,,,1,0,0,0,0,0,0,0,0,0,233,blue,0,0,0
89,,9810940,1,20261003,233,53,0,,,,,168,44,0,,,,,3,32.97184603096493,131.383534,,,0,0,0,0,0,19,19,0,49,0,233,blue,286,212,498
89,,9810950,1,20261003,180,39,0,,,,,187,40,0,,,,,3,32.96828103095967,131.382552,,,0,0,0,0,0,21,21,0,50,0,233,blue,219,227,446
89,,9810960,1,20261003,112,15,0,,,,,91,20,0,,,,,3,32.96091703094877,131.248695,,,0,0,0,0,0,19,19,0,52,0,233,blue,127,111,238
89,,9810970,1,20261003,358,36,0,,,,,0,1,0,,,,,3,33.03288603105509,131.537821,,,0,0,0,0,0,36,36,0,77,0,233,blue,394,1,395
89,,9810980,1,20261003,,,,,,,,,,,,,,,3,33.00262303101042,131.45315500000004,,,1,0,0,0,0,96,96,150,100,0,233,blue,0,0,0
89,,9810990,1,20261003,,,,,,,,,,,,,,,3,32.96097103094884,131.244117,,,1,0,0,0,0,0,0,0,0,0,233,blue,0,0,0
89,,9811000,1,20261003,6059,618,0,,,,,6508,527,0,,,,,3,32.93530403091085,131.035064,,,0,0,0,0,0,0,0,0,0,0,233,blue,6677,7035,13712
89,,9811010,1,20261003,,,,,,,,,,,,,,,3,32.87672503082393,130.954853,,,1,0,0,0,0,0,0,0,0,0,233,blue,0,0,0
89,,9811020,1,20261003,,,,,,,,,,,,,,,3,32.614306030431806,130.462111,,,1,0,0,0,0,0,0,0,0,0,233,blue,0,0,0
89,,9811030,1,20261003,,,,,,,,,,,,,,,3,32.72539603059835,130.251342,,,1,,,,,,,,,,233,blue,0,0,0
89,,9811040,1,20261003,,,,,,,,,,,,,,,3,32.72077403059144,130.234748,,,1,,,,,,,,,,233,blue,0,0,0
89,,9811050,1,20261003,,,,,,,,,,,,,,,3,32.73587103061402,130.209003,,,1,,,,,,,,,,233,blue,0,0,0
89,,9811060,1,20261003,,,,,,,,,,,,,,,3,32.808908030723025,130.149506,,,1,,,,,,,,,,233,blue,0,0,0
89,,9811070,1,20261003,,,,,,,,,,,,,,,3,32.836521030764146,130.094768,,,1,,,,,,,,,,233,blue,0,0,0
89,,9811080,1,20261003,,,,,,,,,,,,,,,3,32.83196203075736,130.053336,,,1,,,,,,,,,,233,blue,0,0,0
89,,9811090,1,20261003,,,,,,,,,,,,,,,3,33.61888103190713,130.568781,,,0,0,0,0,0,221,221,3,170,0,233,blue,0,0,0
89,,9811100,1,20261003,1,0,0,,,,,0,0,0,,,,,3,33.61860003190672,130.579442,,,0,0,0,0,0,208,208,2,170,0,233,blue,1,0,1
89,,9811110,1,20261003,,,,,,,,,,,,,,,3,33.62194303191151,130.588462,,,1,0,0,0,0,5,5,0,5,0,233,blue,0,0,0
89,,9811120,1,20261003,,,,,,,,,,,,,,,3,33.65684603196145,130.750269,,,1,,,,,,,,,,233,blue,0,0,0
89,,9811130,1,20261003,,,,,,,,,,,,,,,3,33.6514250319537,130.761828,,,1,,,,,,,,,,233,blue,0,0,0
89,,9811140,1,20261003,,,,,,,,,,,,,,,3,33.64137503193933,130.764099,,,1,0,0,0,0,5,5,2,4,0,233,blue,0,0,0
89,,9811150,1,20261003,,,,,,,,,,,,,,,3,33.65331703195642,130.807798,,,1,0,0,0,0,3,3,0,2,0,233,blue,0,0,0
89,,9811170,1,20261003,,,,,,,,,,,,,,,3,33.37200003155121,130.3311,,,1,,,,,,,,,,233,blue,0,0,0
89,,9811180,1,20261003,,,,,,,,,,,,,,,3,33.6231190319132,130.671342,,,1,,,,,,,,,,233,blue,0,0,0
89,,9811190,1,20261003,,,,,,,,,,,,,,,3,33.74379703208545,130.970335,,,1,0,0,0,0,0,0,0,0,0,233,blue,0,0,0
89,,9811210,1,20261003,3315,110,0,,,,,3106,182,0,,,,,3,33.50948303174998,130.110769,,,0,0,0,0,0,0,0,0,0,0,233,blue,3425,3288,6713
89,,9811220,1,20261003,1538,101,0,,,,,1425,63,0,,,,,3,33.501667031738705,130.069167,,,1,0,0,0,0,0,0,0,0,0,233,blue,1639,1488,3127
89,,9811240,1,20261003,5220,581,0,,,,,0,0,0,,,,,3,33.522842031769216,130.168427,,,0,0,0,0,0,0,0,0,0,0,233,blue,5801,0,5801
89,,9811250,1,20261003,7896,504,0,,,,,1,3,0,,,,,3,33.51344603175569,130.14563,,,0,0,0,0,0,0,0,0,0,0,233,blue,8400,4,8404
89,,9811260,1,20261003,1892,129,0,,,,,2007,75,0,,,,,3,33.45431303167039,130.042275,,,0,0,0,0,0,0,0,0,0,0,233,blue,2021,2082,4103
89,,9811270,1,20261003,8542,488,0,,,,,7866,924,0,,,,,3,33.431110031636834,129.991737,,,0,0,0,0,0,0,0,0,0,0,233,blue,9030,8790,17820
89,,9811280,1,20261003,,,,,,,,,,,,,,,3,33.348904031517684,129.933234,,,1,0,0,0,0,0,0,0,0,0,233,blue,0,0,0
89,,9811290,1,20261003,,,,,,,,,,,,,,,3,33.331844031492885,129.928169,,,1,0,0,0,0,0,0,0,0,0,233,blue,0,0,0
89,,9811300,1,20261003,424,38,0,,,,,422,7,0,,,,,3,33.268208031400235,129.88248900000002,,,1,0,0,0,0,0,0,0,0,0,233,blue,462,429,891
89,,9811310,1,20261003,,,,,,,,,,,,,,,3,33.24091903136041,129.850727,,,1,0,0,0,0,0,0,0,0,0,233,blue,0,0,0
89,,9811320,1,20261003,3777,280,0,,,,,3497,269,0,,,,,3,33.45989003167844,130.040128,,,0,0,0,0,0,0,0,0,0,0,233,blue,4057,3766,7823
89,,9811330,1,20261003,452,42,0,,,,,333,36,0,,,,,3,33.38450403156936,129.984455,,,1,0,0,0,0,0,0,0,0,0,233,blue,494,369,863
89,,9811340,1,20261003,,,,,,,,,,,,,,,6,33.31161503146347,130.070351,,,1,,,,,,,,,,233,blue,0,0,0
89,,9811350,1,20261003,,,,,,,,,,,,,,,3,33.304966031453795,130.076971,,,1,,,,,,,,,,233,blue,0,0,0
89,,9811360,1,20261003,7004,622,0,,,,,6728,644,0,,,,,3,33.29002103143203,130.168151,,,0,0,0,0,0,0,0,0,0,0,233,blue,7626,7372,14998
89,,9811370,1,20261003,4032,233,0,,,,,4294,193,0,,,,,3,33.327444031486486,130.034833,,,0,0,0,0,0,0,0,0,0,0,233,blue,4265,4487,8752
89,,9811380,1,20261003,244,23,0,,,,,315,36,0,,,,,3,33.29362203143727,130.116435,,,1,0,0,0,0,0,0,0,0,0,233,blue,267,351,618
89,,9811390,1,20261003,,,,,,,,,,,,,,,3,33.03691103106103,129.918279,,,1,,,,,,,,,,233,blue,0,0,0
89,,9811400,1,20261003,,,,,,,,,,,,,,,3,32.90829103087079,130.661481,,,1,0,0,0,0,0,0,0,0,0,233,blue,0,0,0
89,,9811410,1,20261003,5837,180,0,,,,,5215,111,0,,,,,3,33.01722203103198,130.439722,,,0,0,0,0,0,0,0,0,0,0,233,blue,6017,5326,11343
89,,9811420,1,20261003,7406,319,0,,,,,7106,279,0,,,,,3,33.05710503109079,130.465234,,,0,0,0,0,0,0,0,0,0,0,233,blue,7725,7385,15110
89,,9811450,1,20261003,6839,581,0,,,,,6951,667,0,,,,,3,33.01280003102545,130.425184,,,0,0,0,0,0,0,0,0,0,0,233,blue,7420,7618,15038
89,,9811460,1,20261003,9463,574,0,,,,,9371,850,0,,,,,3,33.140861031213944,130.422417,,,0,0,0,0,0,0,0,0,0,0,233,blue,10037,10221,20258
89,,9811461,1,20261003,6823,524,0,,,,,8217,692,0,,,,,3,33.184560031278004,130.387933,,,0,0,0,0,0,0,0,0,0,0,233,blue,7347,8909,16256
89,,9811470,1,20261003,,,,,,,,,,,,,,,3,33.0462530310748,130.431406,,,1,0,0,0,0,0,0,0,0,0,233,blue,0,0,0
89,,9811480,1,20261003,8408,655,0,,,,,6652,604,0,,,,,3,33.055717031088754,130.4292,,,0,0,0,0,0,0,0,0,0,0,233,blue,9063,7256,16319
89,,9811490,1,20261003,7711,526,0,,,,,9423,860,0,,,,,3,33.069783031109466,130.42405,,,0,0,0,0,0,0,0,0,0,0,233,blue,8237,10283,18520
89,,9811500,1,20261003,9797,876,0,,,,,8272,798,0,,,,,3,33.077520031120855,130.428242,,,0,0,0,0,0,0,0,0,0,0,233,blue,10673,9070,19743
89,,9811510,1,20261003,9162,594,0,,,,,9124,814,0,,,,,3,33.08238303112801,130.433017,,,0,0,0,0,0,0,0,0,0,0,233,blue,9756,9938,19694
89,,9811520,1,20261003,6667,512,0,,,,,6391,509,0,,,,,3,33.11826103118075,130.430375,,,0,0,0,0,0,0,0,0,0,0,233,blue,7179,6900,14079
89,,9811540,1,20261003,5950,534,0,,,,,5951,285,0,,,,,3,33.15753403123839,130.478771,,,0,0,0,0,0,0,0,0,0,0,233,blue,6484,6236,12720
89,,9811550,1,20261003,6891,515,0,,,,,7212,487,0,,,,,3,33.22942603134362,130.505954,,,0,0,0,0,0,0,0,0,0,0,233,blue,7406,7699,15105
89,,9811560,1,20261003,8404,687,0,,,,,7406,539,0,,,,,3,33.23505203135184,130.507151,,,0,0,0,0,0,0,0,0,0,0,233,blue,9091,7945,17036
89,,9811570,1,20261003,6842,534,0,,,,,7504,737,0,,,,,3,33.24799503137074,130.509483,,,0,0,0,0,0,0,0,0,0,0,233,blue,7376,8241,15617
89,,9811580,1,20261003,7426,656,0,,,,,6966,445,0,,,,,3,33.25651503138319,130.509461,,,0,0,0,0,0,0,0,0,0,0,233,blue,8082,7411,15493
89,,9811590,1,20261003,49,6,0,,,,,3861,456,0,,,,,3,33.31995703147561,130.594037,,,0,0,0,0,0,0,0,0,0,0,233,blue,55,4317,4372
89,,9811600,1,20261003,4042,442,0,,,,,4520,432,0,,,,,3,33.345255031512394,130.730893,,,0,0,0,0,0,0,0,0,0,0,233,blue,4484,4952,9436
89,,9811610,1,20261003,4037,309,0,,,,,4518,338,0,,,,,3,33.3437500315102,130.752694,,,0,0,0,0,0,0,0,0,0,0,233,blue,4346,4856,9202
89,,9811620,1,20261003,3122,293,0,,,,,3071,452,0,,,,,3,33.33338803149515,130.801953,,,0,0,0,0,0,0,0,0,0,0,233,blue,3415,3523,6938
89,,9811650,1,20261003,4993,339,0,,,,,4918,342,0,,,,,3,33.331960031493075,130.852326,,,0,0,0,0,0,0,0,0,0,0,233,blue,5332,5260,10592
89,,9811660,1,20261003,2654,104,0,,,,,2721,176,0,,,,,3,33.307732031457824,130.915379,,,0,0,0,0,0,0,0,0,0,0,233,blue,2758,2897,5655
89,,9811670,1,20261003,4765,538,0,,,,,4648,320,0,,,,,3,33.29883403144486,130.938844,,,0,0,0,0,0,0,0,0,0,0,233,blue,5303,4968,10271
89,,9811680,1,20261003,,,,,,,,,,,,,,,3,33.29818903144393,130.952388,,,1,0,0,0,0,0,0,0,0,0,233,blue,0,0,0
89,,9811690,1,20261003,3855,426,0,,,,,3923,257,0,,,,,3,33.29921203144541,130.96937,,,0,0,0,0,0,0,0,0,0,0,233,blue,4281,4180,8461
89,,9811700,1,20261003,,,,,,,,,,,,,,,3,33.261645031390664,131.01058,,,1,0,0,0,0,0,0,0,0,0,233,blue,0,0,0
89,,9811710,1,20261003,3588,653,0,,,,,3814,339,0,,,,,3,33.28000003141744,131.128611,,,0,0,0,0,0,0,0,0,0,0,233,blue,4241,4153,8394
89,,9811720,1,20261003,2502,438,0,,,,,1922,248,0,,,,,3,33.237877031355964,131.175263,,,0,0,0,0,0,0,0,0,0,0,233,blue,2940,2170,5110
89,,9811730,1,20261003,,,,,,,,,,,,,,,3,33.2405000313598,131.224187,,,1,0,0,0,0,0,0,0,0,0,233,blue,0,0,0
89,,9811740,1,20261003,1918,374,0,,,,,2254,393,0,,,,,3,33.25496403138093,131.328533,,,0,0,0,0,0,0,0,0,0,0,233,blue,2292,2647,4939
89,,9811750,1,20261003,1557,1474,0,,,,,2994,481,0,,,,,3,33.23715803135492,131.323213,,,0,0,0,0,0,0,0,0,0,0,233,blue,3031,3475,6506
89,,9811760,1,20261003,160,71,0,,,,,8992,640,0,,,,,3,33.18331803127619,131.452171,,,0,0,0,0,0,0,0,0,0,0,233,blue,231,9632,9863
89,,9811770,1,20261003,,,,,,,,,,,,,,,3,31.760789029127036,131.4707,,,1,0,0,0,0,0,0,0,0,0,233,blue,0,0,0
89,,9811780,1,20261003,,,,,,,,,,,,,,,3,31.559046028812634,131.38327000000004,,,1,0,0,0,0,0,0,0,0,0,233,blue,0,0,0
89,,9811790,1,20261003,,,,,,,,,,,,,,,3,31.547715028794922,131.378628,,,1,0,0,0,0,0,0,0,0,0,233,blue,0,0,0
89,,9811800,1,20261003,,,,,,,,,,,,,,,3,31.546675028793285,131.361225,,,1,0,0,0,0,0,0,0,0,0,233,blue,0,0,0
89,,9811810,1,20261003,,,,,,,,,,,,,,,3,31.45214102864519,131.212192,,,1,0,0,0,0,0,0,0,0,0,233,blue,0,0,0
89,,9811820,1,20261003,,,,,,,,,,,,,,,3,31.46555602866623,131.154444,,,1,0,0,0,0,0,0,0,0,0,233,blue,0,0,0
89,,9811830,1,20261003,2882,470,0,,,,,3454,243,0,,,,,3,31.447659028638157,131.051761,,,0,0,0,0,0,0,0,0,0,0,233,blue,3352,3697,7049
89,,9811840,1,20261003,,,,,,,,,,,,,,,3,31.388108028544615,130.811533,,,1,0,0,0,0,0,0,0,0,0,233,blue,0,0,0
89,,9811850,1,20261003,,,,,,,,,,,,,,,3,31.41813502859181,130.764377,,,1,0,0,0,0,0,0,0,0,0,233,blue,0,0,0
89,,9811860,1,20261003,,,,,,,,,,,,,,,3,31.542976028787507,130.706877,,,1,0,0,0,0,0,0,0,0,0,233,blue,0,0,0
89,,9811870,1,20261003,,,,,,,,,,,,,,,3,31.557778028810663,130.718333,,,1,0,0,0,0,0,0,0,0,0,233,blue,0,0,0
89,,9811880,1,20261003,1222,91,0,,,,,1529,89,0,,,,,3,31.647658028950993,130.819552,,,1,0,0,0,0,0,0,0,0,0,233,blue,1313,1618,2931
89,,9811900,1,20261003,,,,,,,,,,,,,,,3,31.27982902837409,130.291795,,,1,0,0,0,0,0,0,0,0,0,233,blue,0,0,0
89,,9811910,1,20261003,,,,,,,,,,,,,,,3,31.2913800283923,130.293564,,,1,0,0,0,0,0,0,0,0,0,233,blue,0,0,0
89,,9811920,1,20261003,1594,135,0,,,,,1504,59,0,,,,,3,31.327343028448986,130.334728,,,0,0,0,0,0,0,0,0,0,0,233,blue,1729,1563,3292
89,,9811930,1,20261003,,,,,,,,,,,,,,,3,31.494637028711818,130.506308,,,1,0,0,0,0,0,0,0,0,0,233,blue,0,0,0
89,,9811940,1,20261003,,,,,,,,,,,,,,,3,31.527877028763886,130.521631,,,1,0,0,0,0,0,0,0,0,0,233,blue,0,0,0
89,,9811950,1,20261003,4410,239,0,,,,,4064,359,0,,,,,3,31.289730028389716,130.60717200000002,,,0,0,0,0,0,0,0,0,0,0,233,blue,4649,4423,9072
89,,9811960,1,20261003,4937,237,0,,,,,4778,353,0,,,,,3,31.323917028443603,130.564308,,,0,0,0,0,0,0,0,0,0,0,233,blue,5174,5131,10305
89,,9811970,1,20261003,,,,,,,,,,,,,,,3,31.466390028667544,130.513245,,,1,0,0,0,0,0,0,0,0,0,233,blue,0,0,0
89,,9811980,1,20261003,,,,,,,,,,,,,,,3,33.34976603151893,129.764492,,,1,,,,,,,,,,233,blue,0,0,0
89,,9812010,1,20261003,,,,,,,,,,,,,,,3,33.13956403121204,129.784069,,,1,,,,,,,,,,233,blue,0,0,0
89,,9812020,1,20261003,,,,,,,,,,,,,,,3,33.28640603142677,130.150153,,,1,,,,,,,,,,233,blue,0,0,0
89,,9812030,1,20261003,6859,665,0,,,,,6595,517,0,,,,,3,33.0852950311323,131.637799,,,0,0,0,0,0,0,0,0,0,0,233,blue,7524,7112,14636
89,,9812040,1,20261003,3102,289,0,,,,,2170,206,0,,,,,3,32.56861103036308,131.553056,,,0,0,0,0,0,0,0,0,0,0,233,blue,3391,2376,5767
89,,9812050,1,20261003,,,,,,,,,,,,,,,3,33.55027803180869,130.478333,,,1,,,,,,,,,,233,blue,0,0,0
89,,9812060,1,20261003,,,,,,,,,,,,,,,3,32.92625003089743,131.00539,,,1,,,,,,,,,,233,blue,0,0,0
89,,9812070,1,20261003,5168,459,0,,,,,5630,493,0,,,,,3,32.90000003085849,130.933611,,,0,0,0,0,0,0,0,0,0,0,233,blue,5627,6123,11750
89,,9812080,1,20261003,,,,,,,,,,,,,,,3,33.27595303141153,130.319462,,,1,0,0,0,0,0,0,0,0,0,233,blue,0,0,0
89,,9812090,1,20261003,,,,,,,,,,,,,,,3,33.59653803187511,130.611685,,,1,,,,,,,,,,233,blue,0,0,0
89,,9812100,1,20261003,9711,785,0,,,,,7703,698,0,,,,,3,33.05235003108379,130.430417,,,0,0,0,0,0,0,0,0,0,0,233,blue,10496,8401,18897
89,,9812110,1,20261003,13166,1505,0,,,,,7227,2944,0,,,,,3,33.15888903124039,129.761111,,,0,0,0,0,0,0,0,0,0,0,233,blue,14671,10171,24842
89,,9812120,1,20261003,9902,673,0,,,,,10134,683,0,,,,,3,31.737096029090242,130.677414,,,0,0,0,0,0,0,0,0,0,0,233,blue,10575,10817,21392
89,,9812130,1,20261003,6776,604,0,,,,,8294,585,0,,,,,3,33.32114903147733,130.391671,,,0,0,0,0,0,0,0,0,0,0,233,blue,7380,8879,16259
89,,9812140,1,20261003,,,,,,,,,,,,,,,3,32.733917030611096,130.31245,,,1,0,0,0,0,0,0,0,0,0,233,blue,0,0,0
89,,9812150,1,20261003,2096,161,0,,,,,2259,213,0,,,,,3,33.06265303109897,129.960344,,,0,0,0,0,0,0,0,0,0,0,233,blue,2257,2472,4729
90,,10810020,1,20261003,3530,179,0,,,,,6242,164,0,,,,,3,26.424849820394154,127.81697970000002,,,0,0,0,0,0,0,0,0,0,0,233,blue,3709,6406,10115
90,,10810030,1,20261003,2802,23,0,,,,,8503,639,0,,,,,3,26.20527802002984,127.672778,,,0,0,0,0,0,0,0,0,0,0,233,blue,2825,9142,11967
90,,10810040,1,20261003,7588,363,0,,,,,3583,380,0,,,,,3,26.206111020031226,127.665833,,,0,0,0,0,0,0,0,0,0,0,233,blue,7951,3963,11914
90,,10810050,1,20261003,2587,82,0,,,,,3051,159,0,,,,,3,26.69152402083745,128.108879,,,0,,,,,,,,,,233,blue,2669,3210,5879
90,,10810060,1,20261003,0,0,0,,,,,0,0,0,,,,,3,26.634931020743306,128.037283,,,0,,,,,,,,,,233,blue,0,0,0
90,,10810070,1,20261003,0,0,0,,,,,0,0,0,,,,,3,26.60195202068847,127.99972500000001,,,0,,,,,,,,,,233,blue,0,0,0
90,,10810080,1,20261003,5137,491,0,,,,,5462,154,0,,,,,3,26.583164020657225,127.99781300000001,,,0,,,,,,,,,,233,blue,5628,5616,11244
90,,10810090,1,20261003,5136,192,0,,,,,5347,171,0,,,,,3,26.573059020640425,127.989432,,,0,,,,,,,,,,233,blue,5328,5518,10846
90,,10810100,1,20261003,0,0,0,,,,,0,0,0,,,,,3,26.558695020616547,127.976575,,,0,,,,,,,,,,233,blue,0,0,0
90,,10810110,1,20261003,0,0,0,,,,,0,0,0,,,,,3,26.547043020597176,127.96594700000001,,,0,,,,,,,,,,233,blue,0,0,0
90,,10810120,1,20261003,18591,3198,0,,,,,9826,1141,0,,,,,3,26.545420020594484,127.96513700000001,,,0,,,,,,,,,,233,blue,21789,10967,32756
90,,10810130,1,20261003,8103,488,0,,,,,6422,408,0,,,,,3,26.541292020587623,127.95978,,,0,,,,,,,,,,233,blue,8591,6830,15421
90,,10810140,1,20261003,8815,309,0,,,,,8317,318,0,,,,,3,26.536514020579673,127.935453,,,0,,,,,,,,,,233,blue,9124,8635,17759
90,,10810150,1,20261003,0,0,0,,,,,0,0,0,,,,,3,26.51382402054197,127.901775,,,0,,,,,,,,,,233,blue,0,0,0
90,,10810160,1,20261003,6913,93,0,,,,,7500,264,0,,,,,3,26.503684020525117,127.87991000000001,,,0,,,,,,,,,,233,blue,7006,7764,14770
90,,10810170,1,20261003,0,0,0,,,,,0,0,0,,,,,3,26.49844302051641,127.86208000000002,,,0,,,,,,,,,,233,blue,0,0,0
90,,10810180,1,20261003,0,0,0,,,,,0,0,0,,,,,3,26.48233402048965,127.85135699999998,,,0,,,,,,,,,,233,blue,0,0,0
90,,10810190,1,20261003,0,0,0,,,,,0,0,0,,,,,3,26.44345902042506,127.805583,,,0,,,,,,,,,,233,blue,0,0,0
90,,10810200,1,20261003,,,,,,,,,,,,,,,3,26.338860020251406,127.7508,,,1,,,,,,,,,,233,blue,0,0,0
90,,10810220,1,20261003,0,0,0,,,,,0,0,0,,,,,3,26.26837002013446,127.73051999999998,,,0,,,,,,,,,,233,blue,0,0,0
90,,10810230,1,20261003,13670,2376,0,,,,,17159,2177,0,,,,,3,26.266310020131048,127.72327,,,0,,,,,,,,,,233,blue,16046,19336,35382
90,,10810240,1,20261003,0,0,0,,,,,0,0,0,,,,,3,26.269040020135566,127.72616000000001,,,0,,,,,,,,,,233,blue,0,0,0
90,,10810260,1,20261003,12014,158,0,,,,,8876,644,0,,,,,3,26.273440020142868,127.71261000000001,,,0,,,,,,,,,,233,blue,12172,9520,21692
90,,10810270,1,20261003,0,0,0,,,,,0,0,0,,,,,3,26.451180020437896,127.89631,,,0,,,,,,,,,,233,blue,0,0,0
90,,10810280,1,20261003,3410,22,0,,,,,8345,8,0,,,,,3,26.4491400204345,127.849893,,,0,,,,,,,,,,233,blue,3432,8353,11785
90,,10810290,1,20261003,3198,147,0,,,,,3673,114,0,,,,,3,26.448972020434223,127.90855300000001,,,0,,,,,,,,,,233,blue,3345,3787,7132
90,,10810300,1,20261003,9612,353,0,,,,,6959,676,0,,,,,3,26.30711002019872,127.81338,,,0,,,,,,,,,,233,blue,9965,7635,17600
90,,10810310,1,20261003,0,0,0,,,,,0,0,0,,,,,3,26.287560020166286,127.81449,,,0,,,,,,,,,,233,blue,0,0,0
90,,10810320,1,20261003,,,,,,,,,,,,,,,3,26.22351002006007,127.76571,,,1,,,,,,,,,,233,blue,0,0,0
90,,10810330,1,20261003,,,,,,,,,,,,,,,3,26.200760020022358,127.75174999999999,,,1,,,,,,,,,,233,blue,0,0,0
90,,10810340,1,20261003,14359,305,0,,,,,12477,731,0,,,,,3,26.25841002011794,127.75767000000002,,,0,,,,,,,,,,233,blue,14664,13208,27872
90,,10810350,1,20261003,0,0,0,,,,,0,0,0,,,,,3,26.24962002010336,127.74765,,,0,,,,,,,,,,233,blue,0,0,0
90,,10810360,1,20261003,25191,1819,0,,,,,28339,817,0,,,,,3,26.25443002011134,127.73508000000001,,,0,,,,,,,,,,233,blue,27010,29156,56166
90,,10810370,1,20261003,27400,862,0,,,,,24468,326,0,,,,,3,26.25456002011155,127.72416000000001,,,0,,,,,,,,,,233,blue,28262,24794,53056
90,,10810380,1,20261003,16216,1181,0,,,,,15761,1916,0,,,,,3,26.169530019970612,127.65168,,,0,,,,,,,,,,233,blue,17397,17677,35074
90,,10810390,1,20261003,0,0,0,,,,,0,0,0,,,,,3,26.154010019944888,127.65812,,,0,,,,,,,,,,233,blue,0,0,0
90,,10810400,1,20261003,0,0,0,,,,,0,0,0,,,,,3,26.130710019906292,127.66514,,,0,,,,,,,,,,233,blue,0,0,0
90,,10810410,1,20261003,0,0,0,,,,,0,0,0,,,,,3,26.11574001988149,127.66860000000001,,,0,,,,,,,,,,233,blue,0,0,0
90,,10810420,1,20261003,0,0,0,,,,,0,0,0,,,,,3,26.09400001984549,127.71590000000002,,,0,,,,,,,,,,233,blue,0,0,0
90,,10810430,1,20261003,0,0,0,,,,,0,0,0,,,,,3,26.128730019903006,127.75918999999999,,,0,,,,,,,,,,233,blue,0,0,0
90,,10810440,1,20261003,0,0,0,,,,,0,0,0,,,,,3,26.140140019921905,127.77529,,,0,,,,,,,,,,233,blue,0,0,0
90,,10810450,1,20261003,0,0,0,,,,,0,0,0,,,,,3,26.170060019971476,127.8265,,,0,,,,,,,,,,233,blue,0,0,0
90,,10810460,1,20261003,0,0,0,,,,,0,0,0,,,,,3,26.20426002002816,127.652556,,,0,,,,,,,,,,233,blue,0,0,0
90,,10810470,1,20261003,0,0,0,,,,,0,0,0,,,,,3,26.209250020036425,127.73744999999998,,,0,,,,,,,,,,233,blue,0,0,0
90,,10810480,1,20261003,0,0,0,,,,,0,0,0,,,,,3,26.18171001999079,127.73158000000001,,,0,,,,,,,,,,233,blue,0,0,0
90,,10810490,1,20261003,0,0,0,,,,,0,0,0,,,,,3,26.17543001998038,127.70638000000001,,,0,,,,,,,,,,233,blue,0,0,0
90,,10810510,1,20261003,,,,,,,,,,,,,,,3,26.17208001997483,127.69662,,,1,,,,,,,,,,233,blue,0,0,0
90,,10810520,1,20261003,0,0,0,,,,,0,0,0,,,,,3,26.17121001997338,127.67963999999999,,,0,,,,,,,,,,233,blue,0,0,0
