地方整備局等番号,開発建設部／都道府県コード,常時観測点コード,収集時間フラグ（5分間／1時間）,観測年月日,上り・小型交通量,上り・大型交通量,上り・車種判別不能交通量,上り・停電,上り・ループ異常,上り・超音波異常,上り・欠測,下り・小型交通量,下り・大型交通量,下り・車種判別不能交通量,下り・停電,下り・ループ異常,下り・超音波異常,下り・欠測,道路種別,lat,lng,lng2,lat2,カメラプリセット位置,気象影響による映像不良,照度不足,突発事象（交通事故等）,サーバの稼働,カメラの映像受信,映像のデコード処理,デコード映像から映像解析機能への取込加工処理の失敗,映像解析機能のフリーズ,その他エラー,count,color,上り・交通量,下り・交通量,交通量
81,02,1110010,1,20260816,11332,1602,0,0,0,0,0,10268,1513,0,0,0,0,0,3,41.93108757020422,140.6421045,,,,,,,,,,,,,200,red,12934,11781,24715
81,02,1110020,1,20260816,4916,366,0,0,0,0,0,5028,375,0,0,0,0,0,3,42.1540981903046,140.4840606,,,,,,,,,,,,,200,red,5282,5403,10685
81,03,1110030,1,20260816,1187,94,0,1,0,0,0,1130,82,0,1,0,0,0,3,42.672714040509845,140.377502,,,,,,,,,,,,,200,red,1281,1212,2493
81,03,1110050,1,20260816,5646,357,0,0,0,0,0,5565,387,0,0,0,0,0,3,43.121255040655214,140.735792,,,,,,,,,,,,,200,red,6003,5952,11955
81,03,1110060,1,20260816,6678,247,0,0,0,0,0,7158,384,0,0,0,0,0,3,43.19868804067728,140.862496,,,,,,,,,,,,,200,red,6925,7542,14467
81,03,1110080,1,20260816,12389,412,0,0,0,0,0,14279,472,0,0,0,0,0,3,43.153022040664396,141.118728,,,,,,,,,,,,,200,red,12801,14751,27552
81,01,1110090,1,20260816,11179,369,0,0,0,0,0,10285,340,0,0,0,0,0,3,43.08364407064419,141.3496424,,,,,,,,,,,,,200,red,11548,10625,22173
81,02,1110100,1,20260816,11275,666,0,0,0,0,0,10559,530,0,0,0,0,0,3,41.855509180168546,140.7378302,,,,,,,,,,,,,200,red,11941,11089,23030
81,02,1110110,1,20260816,8597,527,8,0,0,0,0,7409,616,12,0,0,0,0,3,41.91094404019478,140.69325,,,,,,,,,,,,,200,red,9132,8037,17169
81,03,1110120,1,20260816,504,11,6,1,0,0,0,679,20,6,1,0,0,0,3,42.65674504050413,140.412444,,,,,,,,,,,,,200,red,521,705,1226
81,01,1110130,1,20260816,10248,249,0,0,0,0,0,9146,225,0,0,0,0,0,3,43.18473404067338,141.721783,,,,,,,,,,,,,200,red,10497,9371,19868
81,01,1110140,1,20260816,6128,247,0,0,0,0,0,5205,242,0,0,0,0,0,3,43.351557040718205,141.866096,,,,,,,,,,,,,200,red,6375,5447,11822
81,04,1110150,1,20260816,9861,610,0,0,0,0,0,9865,670,0,0,0,0,0,3,43.72678204080376,142.211538,,,,,,,,,,,,,200,red,10471,10535,21006
81,04,1110160,1,20260816,9678,361,408,0,0,0,0,10194,470,284,0,0,0,0,3,43.798283040817644,142.333692,,,,,,,,,,,,,200,red,10447,10948,21395
81,01,1110170,1,20260816,0,0,0,0,0,200,0,0,0,0,0,0,200,0,3,42.95409804060455,141.495931,,,,,,,,,,,,,200,red,0,0,0
81,05,1110180,1,20260816,10101,476,0,0,0,0,0,9208,487,0,0,0,0,0,3,42.619514790490626,141.5539538,,,,,,,,,,,,,200,red,10577,9695,20272
81,05,1110190,1,20260816,8228,265,331,0,0,8,0,9083,274,36,0,0,0,0,3,42.38500765040089,141.0774629,,,,,,,,,,,,,200,red,8824,9393,18217
81,05,1110200,1,20260816,0,0,0,0,0,200,0,3601,311,0,0,0,0,0,3,42.60033645048358,140.6268309,,,,,,,,,,,,,200,red,0,3912,3912
81,01,1110220,1,20260816,2996,142,0,0,0,0,0,2730,158,0,0,0,0,0,3,43.53094035076174,142.1739006,,,,,,,,,,,,,200,red,3138,2888,6026
81,04,1110230,1,20260816,3333,175,0,0,0,0,0,3385,175,0,0,0,0,0,3,43.34513804071655,142.377435,,,,,,,,,,,,,200,red,3508,3560,7068
81,04,1110240,1,20260816,0,0,2099,0,0,200,0,0,0,2140,0,0,200,0,3,43.16138604066678,142.575567,,,,,,,,,,,,,200,red,2099,2140,4239
81,07,1110250,1,20260816,3393,262,0,0,0,0,0,3639,257,0,0,0,0,0,3,42.96760298060881,142.8955221,,,,,,,,,,,,,200,red,3655,3896,7551
81,07,1110260,1,20260816,5379,93,90,0,0,0,0,5055,95,40,0,0,0,0,3,42.91673291059265,143.2700872,,,,,,,,,,,,,200,red,5562,5190,10752
81,07,1110270,1,20260816,1438,94,0,0,0,0,2,1341,122,0,0,0,0,2,3,42.832729040565155,143.765979,,,,,,,,,,,,,200,red,1532,1463,2995
81,06,1110280,1,20260816,3804,198,0,0,0,0,0,3859,220,0,0,0,0,0,3,43.002010860619514,144.2464972,,,,,,,,,,,,,200,red,4002,4079,8081
81,06,1110281,1,20260816,5825,304,0,0,0,0,0,6802,292,0,0,0,0,0,3,43.03483108062955,144.3754256,,,,,,,,,,,,,200,red,6129,7094,13223
81,06,1110282,1,20260816,3693,258,0,0,0,0,0,4040,244,0,0,0,0,0,3,43.01628558062389,144.4224501,,,,,,,,,,,,,200,red,3951,4284,8235
81,06,1110283,1,20260816,2245,177,0,0,0,0,0,2455,134,0,0,0,0,0,3,43.00268904061971,144.473627,,,,,,,,,,,,,200,red,2422,2589,5011
81,04,1110290,1,20260816,4985,181,0,0,0,0,0,4484,160,0,0,0,0,0,3,43.818868040821506,142.447347,,,,,,,,,,,,,200,red,5166,4644,9810
81,04,1110300,1,20260816,1293,56,6,0,0,0,0,0,0,1212,0,0,200,0,3,43.84894404082702,142.744489,,,,,,,,,,,,,200,red,1355,1212,2567
81,04,1110310,1,20260816,2562,109,17,0,0,0,0,0,0,2061,0,0,200,0,3,43.781848040814516,142.90227300000004,,,,,,,,,,,,,200,red,2688,2061,4749
81,08,1110320,1,20260816,1466,130,0,0,200,0,0,1208,118,0,0,200,0,0,3,43.750539740808456,143.4918536,,,,,,,,,,,,,200,red,1596,1326,2922
81,08,1110330,1,20260816,3919,69,57,0,0,0,0,4460,130,0,0,200,0,0,3,43.79818204081763,143.833134,,,,,,,,,,,,,200,red,4045,4590,8635
81,08,1110331,1,20260816,1495,75,0,0,0,0,0,1516,63,0,0,0,0,0,3,43.7822242308146,143.8981667,,,,,,,,,,,,,200,red,1570,1579,3149
81,08,1110332,1,20260816,1231,54,0,0,0,0,0,1226,54,0,0,0,0,0,3,43.80292804081852,143.926029,,,,,,,,,,,,,200,red,1285,1280,2565
81,08,1110340,1,20260816,,,,0,0,0,200,,,,0,0,0,200,3,43.85309704082778,144.102175,,,,,,,,,,,,,200,red,0,0,0
81,08,1110350,1,20260816,2939,87,0,0,0,0,0,2493,65,0,0,0,0,0,3,43.87040004083089,144.150466,,,,,,,,,,,,,200,red,3026,2558,5584
81,04,1110360,1,20260816,5353,238,0,0,0,0,0,5204,203,0,0,0,0,0,3,43.819632040821645,142.40886,,,,,,,,,,,,,200,red,5591,5407,10998
81,04,1110370,1,20260816,3352,83,184,0,0,0,0,3576,94,3,0,0,0,0,3,43.9375450408425,142.46586,,,,,,,,,,,,,200,red,3619,3673,7292
81,04,1110380,1,20260816,125,33,0,0,94,0,106,130,33,0,0,94,0,106,3,44.49438804091256,142.340371,,,,,,,,,,,,,200,red,158,163,321
81,04,1110390,1,20260816,726,79,0,0,0,0,0,828,67,0,0,0,0,0,3,44.82270404093181,142.065768,,,,,,,,,,,,,200,red,805,895,1700
81,04,1110400,1,20260816,,,,0,0,0,200,,,,0,0,0,200,3,44.331686040896926,142.446612,,,,,,,,,,,,,200,red,0,0,0
81,04,1110410,1,20260816,2423,86,83,0,0,0,0,2634,99,12,0,0,0,0,3,44.4124520409052,142.40433,,,,,,,,,,,,,200,red,2592,2745,5337
81,04,1110420,1,20260816,2234,162,36,0,34,0,0,,,,0,0,0,200,3,44.436504040907465,142.370834,,,,,,,,,,,,,200,red,2432,0,2432
81,04,1110430,1,20260816,1815,91,24,0,0,0,1,2028,100,6,0,0,0,1,3,44.46719604091022,142.373557,,,,,,,,,,,,,200,red,1930,2134,4064
81,04,1110431,1,20260816,1531,115,0,0,0,0,0,1741,90,0,0,0,0,0,3,44.49400304091251,142.349754,,,,,,,,,,,,,200,red,1646,1831,3477
81,10,1110440,1,20260816,1041,84,0,0,200,0,0,1373,41,92,0,0,0,0,3,45.01690604093549,141.836757,,,,,,,,,,,,,200,red,1125,1506,2631
81,10,1110460,1,20260816,829,32,154,0,0,80,2,1296,60,0,0,0,0,2,3,45.20892604093353,141.770096,,,,,,,,,,,,,200,red,1015,1356,2371
81,06,1110470,1,20260816,3279,43,18,0,0,0,0,3314,55,9,0,0,0,0,3,42.99479183061728,144.4493526,,,,,,,,,,,,,200,red,3340,3378,6718
81,06,1110480,1,20260816,1618,82,11,0,0,0,0,1672,51,7,0,0,0,0,3,43.13343702065876,145.0159693,,,,,,,,,,,,,200,red,1711,1730,3441
81,02,1110490,1,20260816,2474,103,0,0,0,0,0,2036,245,0,0,0,0,0,3,41.89734796018839,140.6338191,,,,,,,,,,,,,200,red,2577,2281,4858
81,02,1110500,1,20260816,1538,66,0,0,200,0,0,1455,23,66,0,0,0,0,3,41.480587619979374,140.2558047,,,,,,,,,,,,,200,red,1604,1544,3148
81,02,1110510,1,20260816,5738,123,125,0,0,0,0,5643,100,14,0,0,0,0,3,41.83901009016065,140.7069415,,,,,,,,,,,,,200,red,5986,5757,11743
81,02,1110520,1,20260816,3487,91,0,0,200,0,0,3316,177,0,0,200,0,0,3,41.83229743015742,140.67026760000002,,,,,,,,,,,,,200,red,3578,3493,7071
81,02,1110530,1,20260816,3140,61,26,0,0,0,0,2499,35,32,0,0,0,0,3,41.82065939015182,140.6236414,,,,,,,,,,,,,200,red,3227,2566,5793
81,03,1110540,1,20260816,475,28,0,0,0,0,0,489,25,0,0,0,0,0,3,43.24834804069096,140.33431600000003,,,,,,,,,,,,,200,red,503,514,1017
81,03,1110550,1,20260816,0,0,0,0,0,200,0,1683,171,0,0,0,0,0,3,42.96644104060844,140.471476,,,,,,,,,,,,,200,red,0,1854,1854
81,03,1110560,1,20260816,285,26,0,1,0,0,0,206,20,0,1,0,0,0,3,42.69059604051622,139.972281,,,,,,,,,,,,,200,red,311,226,537
81,02,1110570,1,20260816,909,41,0,0,0,0,0,839,47,0,0,0,0,0,3,42.068390450266875,140.0715584,,,,,,,,,,,,,200,red,950,886,1836
81,01,1110600,1,20260816,8369,343,0,0,0,0,0,5938,241,0,0,0,0,0,3,43.1876802706742,141.3248983,,,,,,,,,,,,,200,red,8712,6179,14891
81,01,1110610,1,20260816,3656,154,0,0,0,0,0,0,0,0,0,0,200,0,3,43.377555040724815,141.428392,,,,,,,,,,,,,200,red,3810,0,3810
81,09,1110620,1,20260816,2560,60,0,0,0,0,0,2398,57,0,0,0,0,0,3,43.89116004083455,141.602442,,,,,,,,,,,,,200,red,2620,2455,5075
81,09,1110630,1,20260816,1556,71,3,0,0,0,0,1297,53,21,0,0,0,0,3,44.71198204092715,141.790418,,,,,,,,,,,,,200,red,1630,1371,3001
81,09,1110640,1,20260816,3113,435,0,0,0,0,0,3370,490,0,0,0,0,0,3,43.99996504085269,141.656227,,,,,,,,,,,,,200,red,3548,3860,7408
81,01,1110650,1,20260816,1581,55,0,0,0,0,0,1460,48,0,0,0,0,0,3,43.76598569081147,141.953873,,,,,,,,,,,,,200,red,1636,1508,3144
81,09,1110660,1,20260816,1265,71,0,0,0,0,0,1426,76,0,0,0,0,0,3,43.919969040839526,141.687135,,,,,,,,,,,,,200,red,1336,1502,2838
81,01,1110670,1,20260816,2030,48,16,0,0,0,1,1586,50,3,0,0,0,1,3,43.719328040802246,141.995229,,,,,,,,,,,,,200,red,2094,1639,3733
81,01,1110680,1,20260816,2554,94,44,0,0,0,0,2353,66,3,0,0,0,0,3,43.80247704081843,141.939455,,,,,,,,,,,,,200,red,2692,2422,5114
81,01,1110690,1,20260816,3001,96,21,0,0,0,0,2767,92,1,0,0,0,0,3,43.804048040818735,141.856355,,,,,,,,,,,,,200,red,3118,2860,5978
81,09,1110700,1,20260816,3694,1236,0,0,200,43,0,3668,243,3,0,0,0,0,3,43.84518804082634,141.778679,,,,,,,,,,,,,200,red,4930,3914,8844
81,09,1110701,1,20260816,3958,186,0,0,0,0,0,3807,198,0,0,0,0,0,3,43.87822704083228,141.723595,,,,,,,,,,,,,200,red,4144,4005,8149
81,09,1110702,1,20260816,3275,179,0,0,0,0,0,3136,158,0,0,0,0,0,3,43.928072040840895,141.68278,,,,,,,,,,,,,200,red,3454,3294,6748
81,01,1110710,1,20260816,1894,58,0,0,0,200,0,4130,181,0,0,0,0,0,3,43.11269117065273,141.74737440000004,,,,,,,,,,,,,200,red,1952,4311,6263
81,05,1110720,1,20260816,2907,156,21,0,0,0,0,3031,202,18,0,0,0,0,3,42.81091575055783,141.8315435,,,,,,,,,,,,,200,red,3084,3251,6335
81,05,1110730,1,20260816,2530,96,8,0,0,0,0,2101,73,17,0,0,0,0,3,42.57481157047414,141.9503395,,,,,,,,,,,,,200,red,2634,2191,4825
81,05,1110740,1,20260816,2539,196,0,0,0,0,0,2536,122,0,0,0,0,0,3,42.18634909031852,142.7152599,,,,,,,,,,,,,200,red,2735,2658,5393
81,05,1110750,1,20260816,0,0,0,0,0,200,0,1777,138,0,0,0,0,0,3,42.67572651051092,141.724241,,,,,,,,,,,,,200,red,0,1915,1915
81,05,1110760,1,20260816,6377,427,0,0,0,0,0,5915,368,0,0,0,0,0,3,42.65945501050509,141.8200069,,,,,,,,,,,,,200,red,6804,6283,13087
81,05,1110770,1,20260816,6055,429,0,0,0,0,0,5572,274,0,0,0,0,0,3,42.5992918904832,141.8930837,,,,,,,,,,,,,200,red,6484,5846,12330
81,07,1110780,1,20260816,1934,84,11,0,0,0,0,1920,76,4,0,0,0,0,3,42.47939292043798,143.273263,,,,,,,,,,,,,200,red,2029,2000,4029
81,05,1110790,1,20260816,,,,0,0,0,200,,,,0,0,0,200,3,42.23567851033952,142.9927157,,,,,,,,,,,,,200,red,0,0,0
81,07,1110800,1,20260816,2093,130,38,0,0,0,0,2240,182,8,0,0,0,0,3,42.944556830601535,143.1061614,,,,,,,,,,,,,200,red,2261,2430,4691
81,07,1110810,1,20260816,1171,108,28,0,0,0,3,970,115,3,0,0,0,3,3,42.8783228205802,143.1246418,,,,,,,,,,,,,200,red,1307,1088,2395
81,07,1110820,1,20260816,3193,182,0,0,0,0,0,2885,129,0,0,0,0,0,3,42.772632730544835,143.175416,,,,,,,,,,,,,200,red,3375,3014,6389
81,07,1110830,1,20260816,2719,118,55,0,0,0,0,2638,77,33,0,0,0,0,3,42.722047130527294,143.168571,,,,,,,,,,,,,200,red,2892,2748,5640
81,07,1110831,1,20260816,2105,133,0,0,0,0,0,2027,78,0,0,0,0,0,3,42.67773204051164,143.145688,,,,,,,,,,,,,200,red,2238,2105,4343
81,07,1110832,1,20260816,1884,74,0,0,0,0,0,1794,66,0,0,0,0,0,3,42.637427040497144,143.190237,,,,,,,,,,,,,200,red,1958,1860,3818
81,07,1110833,1,20260816,1463,55,0,0,0,0,0,1352,51,0,0,0,0,0,3,42.550911040465216,143.288527,,,,,,,,,,,,,200,red,1518,1403,2921
81,04,1110840,1,20260816,4522,176,0,0,0,0,0,4161,147,0,0,0,0,0,3,43.67766304079377,142.395871,,,,,,,,,,,,,200,red,4698,4308,9006
81,04,1110850,1,20260816,830,73,0,0,0,0,0,877,81,0,0,0,0,0,3,43.142849040661474,142.416499,,,,,,,,,,,,,200,red,903,958,1861
81,05,1110860,1,20260816,5225,422,0,0,0,0,0,4392,252,0,0,0,0,0,3,42.56014623046868,141.984126,,,,,,,,,,,,,200,red,5647,4644,10291
81,05,1110861,1,20260816,3751,249,0,0,0,0,0,3527,158,0,0,0,0,0,3,42.511718620450374,142.0646378,,,,,,,,,,,,,200,red,4000,3685,7685
81,05,1110862,1,20260816,3433,198,0,0,0,0,0,3138,132,0,0,0,0,0,3,42.476880240437005,142.1551718,,,,,,,,,,,,,200,red,3631,3270,6901
81,08,1110870,1,20260816,1227,134,0,0,200,0,0,1175,91,0,0,200,0,0,3,44.122097850870915,144.0483972,,,,,,,,,,,,,200,red,1361,1266,2627
81,08,1110881,1,20260816,1907,128,0,0,0,0,0,2051,119,0,0,0,0,0,3,44.24722204088725,143.491111,,,,,,,,,,,,,200,red,2035,2170,4205
81,08,1110890,1,20260816,1167,88,0,0,200,0,0,1437,70,0,0,200,0,0,3,44.571011040918506,142.9747586,,,,,,,,,,,,,200,red,1255,1507,2762
81,10,1110900,1,20260816,,,,0,0,0,200,,,,0,0,0,200,3,45.401916040925876,141.74393,,,,,,,,,,,,,200,red,0,0,0
81,04,1110910,1,20260816,1465,71,0,0,0,0,0,0,0,0,0,0,200,0,3,44.33124604089689,142.51453,,,,,,,,,,,,,200,red,1536,0,1536
81,04,1110920,1,20260816,,,,0,0,0,200,,,,0,0,0,200,3,44.17901104087865,142.27833,,,,,,,,,,,,,200,red,0,0,0
81,06,1110930,1,20260816,2676,117,0,0,0,0,0,2172,124,0,0,0,0,0,3,43.094167250647295,144.1218925,,,,,,,,,,,,,200,red,2793,2296,5089
81,08,1110941,1,20260816,1535,194,0,0,200,0,0,1808,83,0,0,200,0,0,3,43.69889304079811,144.026451,,,,,,,,,,,,,200,red,1729,1891,3620
81,07,1110950,1,20260816,2651,99,38,0,0,0,0,3067,122,15,0,0,0,0,3,43.204237410678836,143.2746363,,,,,,,,,,,,,200,red,2788,3204,5992
81,07,1110960,1,20260816,1669,135,0,0,0,0,0,1525,110,0,0,0,0,0,3,43.458400040744706,143.740097,,,,,,,,,,,,,200,red,1804,1635,3439
81,07,1110970,1,20260816,2510,175,0,0,0,0,0,2690,199,0,0,0,0,0,3,43.110542040652106,143.580506,,,,,,,,,,,,,200,red,2685,2889,5574
81,06,1110980,1,20260816,1588,104,0,0,0,0,0,1613,125,0,0,0,0,0,3,43.55969036076827,144.3196517,,,,,,,,,,,,,200,red,1692,1738,3430
81,06,1110990,1,20260816,1399,36,12,0,0,0,0,1407,69,4,0,0,0,0,3,43.46525075074637,144.6738938,,,,,,,,,,,,,200,red,1447,1480,2927
81,06,1111000,1,20260816,1028,45,0,0,0,0,0,919,33,0,0,0,0,0,3,43.3767268407246,145.1354671,,,,,,,,,,,,,200,red,1073,952,2025
81,08,1111010,1,20260816,3392,165,0,0,200,0,0,3178,169,0,0,200,0,0,3,43.98185858084978,144.2978521,,,,,,,,,,,,,200,red,3557,3347,6904
81,06,1111020,1,20260816,628,8,5,0,0,0,0,688,10,16,0,0,0,0,3,43.58981766077498,145.2084661,,,,,,,,,,,,,200,red,641,714,1355
81,06,1111030,1,20260816,1687,133,0,0,0,0,0,1915,124,0,0,0,0,0,3,43.02214121062568,144.5287192,,,,,,,,,,,,,200,red,1820,2039,3859
81,06,1111040,1,20260816,0,0,5410,0,0,200,0,4803,640,0,0,200,0,0,3,43.53929381076365,144.9801323,,,,,,,,,,,,,200,red,5410,5443,10853
81,08,1111050,1,20260816,1205,144,0,0,200,0,0,1334,62,22,0,0,0,0,3,44.25159504088778,143.262315,,,,,,,,,,,,,200,red,1349,1418,2767
81,01,1111060,1,20260816,2661,226,0,0,0,0,0,2228,190,0,0,0,0,0,3,42.938085080599464,142.0403856,,,,,,,,,,,,,200,red,2887,2418,5305
81,07,1111080,1,20260816,1794,266,0,0,0,0,0,1593,224,0,0,0,0,0,3,42.97320004061056,142.816438,,,,,,,,,,,,,200,red,2060,1817,3877
81,01,1111090,1,20260816,9082,504,0,0,0,0,0,7690,460,0,0,0,0,0,3,43.12130790065524,141.4830387,,,,,,,,,,,,,200,red,9586,8150,17736
81,01,1111100,1,20260816,6278,379,0,0,0,0,0,5798,361,0,0,0,0,0,3,43.43463367073897,141.8216186,,,,,,,,,,,,,200,red,6657,6159,12816
81,01,1111110,1,20260816,3628,179,0,0,0,0,0,3130,170,0,0,0,0,0,3,43.57168557077097,141.8750113,,,,,,,,,,,,,200,red,3807,3300,7107
81,02,1111130,1,20260816,5868,381,35,0,200,0,0,6108,212,58,0,0,0,0,3,41.77319404012875,140.796333,,,,,,,,,,,,,200,red,6284,6378,12662
81,02,1111140,1,20260816,573,16,0,0,0,0,0,588,69,0,0,0,0,0,3,42.03841781025344,140.8062566,,,,,,,,,,,,,200,red,589,657,1246
81,02,1111145,1,20260816,9161,362,0,0,0,0,0,10218,357,0,0,0,0,0,3,41.84000143016112,140.7552781,,,,,,,,,,,,,200,red,9523,10575,20098
81,08,1111150,1,20260816,540,30,0,0,200,0,0,668,41,0,0,200,0,0,3,44.010611040854364,143.413281,,,,,,,,,,,,,200,red,570,709,1279
81,08,1111160,1,20260816,,,,0,0,0,200,,,,0,0,0,200,3,43.962452040846635,143.715644,,,,,,,,,,,,,200,red,0,0,0
81,01,1111180,1,20260816,,,,0,0,0,200,,,,0,0,0,200,3,42.815960640559524,141.6810393,,,,,,,,,,,,,200,red,0,0,0
81,01,1111190,1,20260816,0,0,5538,0,0,200,0,285,5,5533,0,0,200,0,3,42.83070733056448,141.6903091,,,,,,,,,,,,,200,red,5538,5823,11361
81,01,1111200,1,20260816,4871,318,116,0,0,0,0,5214,436,22,0,200,0,0,3,42.860948090574496,141.7104933,,,,,,,,,,,,,200,red,5305,5672,10977
81,01,1111210,1,20260816,3164,301,0,0,0,0,0,0,0,0,0,0,200,0,3,43.18556004067363,141.554044,,,,,,,,,,,,,200,red,3465,0,3465
81,06,1111220,1,20260816,1132,118,0,0,0,0,0,1112,50,0,0,0,0,0,3,43.37269109072359,144.5593071,,,,,,,,,,,,,200,red,1250,1162,2412
81,08,1111230,1,20260816,462,24,13,0,0,0,0,515,21,13,0,0,0,0,3,43.81126104082009,144.489672,,,,,,,,,,,,,200,red,499,549,1048
81,06,1111240,1,20260816,293,11,2,0,0,0,0,246,12,1,0,0,0,0,3,42.99604737061767,144.0391088,,,,,,,,,,,,,200,red,306,259,565
81,03,1111250,1,20260816,2032,122,0,0,0,0,0,1577,120,0,0,0,0,0,3,43.089578040645954,140.955582,,,,,,,,,,,,,200,red,2154,1697,3851
81,04,1111260,1,20260816,3209,93,27,0,0,0,0,2552,110,14,0,0,0,0,3,43.92330404084009,142.480139,,,,,,,,,,,,,200,red,3329,2676,6005
81,04,1111270,1,20260816,0,0,2313,0,0,0,2,0,0,1834,0,0,0,2,3,43.90347904083668,142.548538,,,,,,,,,,,,,200,red,2313,1834,4147
81,04,1111280,1,20260816,6572,265,20,0,0,0,0,5668,217,9,0,0,0,0,3,43.88962304083429,142.598335,,,,,,,,,,,,,200,red,6857,5894,12751
81,04,1111290,1,20260816,6322,276,36,0,0,0,0,5540,198,111,0,0,0,0,3,43.840859040825556,142.737691,,,,,,,,,,,,,200,red,6634,5849,12483
81,04,1111300,1,20260816,4348,163,40,0,0,0,0,4132,205,34,0,0,0,0,3,43.843162040825966,142.799904,,,,,,,,,,,,,200,red,4551,4371,8922
81,04,1111310,1,20260816,,,,0,0,0,200,,,,0,0,0,200,3,43.885885060833616,142.99375530000003,,,,,,,,,,,,,200,red,0,0,0
81,08,1111320,1,20260816,,,,0,0,0,200,,,,0,0,0,200,3,43.942327040843296,143.272964,,,,,,,,,,,,,200,red,0,0,0
81,08,1111321,1,20260816,3259,199,0,0,0,0,1,3427,171,0,0,0,0,1,3,44.005186040853516,143.417614,,,,,,,,,,,,,200,red,3458,3598,7056
81,08,1111322,1,20260816,3184,181,0,0,0,0,0,3309,163,0,0,0,0,0,3,44.010190040854305,143.450296,,,,,,,,,,,,,200,red,3365,3472,6837
81,01,1111330,1,20260816,5407,180,0,0,0,0,0,4611,150,0,0,0,0,0,3,42.93896478059976,141.3440037,,,,,,,,,,,,,200,red,5587,4761,10348
81,05,1111340,1,20260816,2101,137,0,0,0,0,0,2127,148,0,0,0,0,0,3,42.559147540468295,140.8961254,,,,,,,,,,,,,200,red,2238,2275,4513
81,01,1111350,1,20260816,4172,367,0,0,0,0,0,4476,362,0,0,0,0,0,3,42.88313893058179,141.7190833,,,,,,,,,,,,,200,red,4539,4838,9377
81,01,1111360,1,20260816,3568,298,0,0,0,0,0,4020,323,0,0,0,0,0,3,42.91387104059173,141.717002,,,,,,,,,,,,,200,red,3866,4343,8209
81,01,1111370,1,20260816,1797,168,0,0,0,0,0,1943,230,0,0,0,0,0,3,43.05425404063542,141.635599,,,,,,,,,,,,,200,red,1965,2173,4138
81,02,1111380,1,20260816,7440,286,0,0,0,0,0,7358,266,0,0,0,0,0,3,41.822662040152785,140.7753,,,,,,,,,,,,,200,red,7726,7624,15350
81,02,1111390,1,20260816,4319,252,0,0,0,0,0,3789,193,0,0,0,0,0,3,41.80204204014281,140.800817,,,,,,,,,,,,,200,red,4571,3982,8553
81,02,1111400,1,20260816,2485,85,0,0,0,0,0,2057,62,0,0,0,0,0,3,41.75457904011961,140.573825,,,,,,,,,,,,,200,red,2570,2119,4689
81,04,1111410,1,20260816,807,66,0,0,0,0,0,593,38,0,0,0,0,0,3,43.35314804071861,142.36145400000004,,,,,,,,,,,,,200,red,873,631,1504
81,04,1111420,1,20260816,1464,104,0,0,0,0,0,1146,74,0,0,0,0,0,3,43.3038010407058,142.381627,,,,,,,,,,,,,200,red,1568,1220,2788
81,06,1111500,1,20260816,1678,86,0,0,0,0,0,1639,60,0,0,0,0,0,3,43.29111104070245,145.517778,,,,,,,,,,,,,200,red,1764,1699,3463
81,03,1111600,1,20260816,2084,139,0,0,0,0,0,2140,214,0,0,0,0,0,3,43.162210040667006,140.797074,,,,,,,,,,,,,200,red,2223,2354,4577
81,06,1160010,1,20260816,3297,228,97,0,0,0,0,3721,307,42,0,0,0,0,1,43.12053262065503,143.6537933,,,,,,,,,,,,,200,red,3622,4070,7692
81,06,1160020,1,20260816,3718,290,0,0,0,0,0,4137,378,0,0,0,0,0,1,43.12244095065557,143.6787104,,,,,,,,,,,,,200,red,4008,4515,8523
81,06,1160030,1,20260816,3552,306,0,0,0,0,0,4080,323,0,0,0,0,0,1,43.081215390643465,143.9874923,,,,,,,,,,,,,200,red,3858,4403,8261
81,06,1160040,1,20260816,3489,295,0,0,0,0,0,4193,300,0,0,0,0,0,1,43.08452217064445,144.1232336,,,,,,,,,,,,,200,red,3784,4493,8277
81,06,1160050,1,20260816,3986,268,0,0,0,0,0,5240,318,0,0,0,0,0,1,43.09138904064647,144.173494,,,,,,,,,,,,,200,red,4254,5558,9812
81,06,1160060,1,20260816,4732,313,0,0,0,0,0,5953,323,0,0,0,0,0,1,43.04670304063314,144.303761,,,,,,,,,,,,,200,red,5045,6276,11321
81,08,1160120,1,20260816,781,49,0,0,0,0,0,845,62,0,0,0,0,0,1,43.69663004079766,143.731065,,,,,,,,,,,,,200,red,830,907,1737
81,08,1160130,1,20260816,1153,66,0,0,0,0,1,1174,64,0,0,0,0,1,1,43.7375680408059,143.819828,,,,,,,,,,,,,200,red,1219,1238,2457
81,02,1310010,1,20260816,2476,69,0,0,0,0,0,2652,86,0,0,0,0,0,3,41.9090560401939,140.682556,,,,,,,,,,,,,200,red,2545,2738,5283
81,02,1310020,1,20260816,6341,402,0,0,0,0,0,6268,400,0,0,0,0,0,3,42.0164720402435,140.622028,,,,,,,,,,,,,200,red,6743,6668,13411
81,02,1310030,1,20260816,4577,367,0,0,0,0,0,5128,386,0,0,0,0,0,3,42.44355604042405,140.326972,,,,,,,,,,,,,200,red,4944,5514,10458
81,03,1310040,1,20260816,4441,323,0,0,0,0,0,4346,352,0,0,0,0,0,3,43.005875040620694,140.666614,,,,,,,,,,,,,200,red,4764,4698,9462
81,01,1310050,1,20260816,4151,95,0,0,0,200,0,5119,122,0,0,0,200,0,3,43.13178497065829,141.1990678,,,,,,,,,,,,,200,red,4246,5241,9487
81,01,1310060,1,20260816,10535,676,0,0,0,0,0,10544,649,0,0,0,0,0,3,43.06547437063878,141.3767481,,,,,,,,,,,,,200,red,11211,11193,22404
81,01,1310070,1,20260816,9645,399,0,0,0,0,0,10364,432,0,0,0,0,0,3,43.048510140633695,141.4108604,,,,,,,,,,,,,200,red,10044,10796,20840
81,01,1310080,1,20260816,12905,340,0,0,0,0,0,11459,384,0,0,0,0,0,3,43.057749330636454,141.4844763,,,,,,,,,,,,,200,red,13245,11843,25088
81,01,1310090,1,20260816,0,0,0,0,0,200,0,6870,145,0,0,0,0,0,3,43.294945650703454,141.8492997,,,,,,,,,,,,,200,red,0,7015,7015
81,01,1310100,1,20260816,9206,349,0,0,0,0,0,8063,283,0,0,0,0,0,3,43.53544778076278,141.9200456,,,,,,,,,,,,,200,red,9555,8346,17901
81,01,1310110,1,20260816,6089,427,0,0,0,0,0,5367,415,0,0,0,0,0,3,43.66238455079058,141.9957268,,,,,,,,,,,,,200,red,6516,5782,12298
81,01,1310120,1,20260816,0,0,0,0,0,200,0,11520,627,0,0,0,0,0,3,43.0094644106218,141.4241588,,,,,,,,,,,,,200,red,0,12147,12147
81,01,1310130,1,20260816,7956,322,0,0,0,200,0,9200,393,0,0,0,200,0,3,42.85324004057195,141.609931,,,,,,,,,,,,,200,red,8278,9593,17871
81,01,1310140,1,20260816,11329,823,0,0,0,0,0,11317,792,0,0,0,0,0,3,42.79203104055144,141.693651,,,,,,,,,,,,,200,red,12152,12109,24261
81,05,1310150,1,20260816,6202,245,0,0,0,0,0,6149,236,0,0,0,0,0,3,42.483348820439495,141.2489566,,,,,,,,,,,,,200,red,6447,6385,12832
81,05,1310160,1,20260816,6571,312,0,0,0,0,0,7230,216,0,0,0,0,0,3,42.362402460391806,140.964739,,,,,,,,,,,,,200,red,6883,7446,14329
81,05,1310170,1,20260816,3337,281,0,0,200,0,0,3536,61,18,0,0,0,0,3,42.363565450392265,140.9519019,,,,,,,,,,,,,200,red,3618,3615,7233
81,04,1310180,1,20260816,,,,0,0,0,200,,,,0,0,0,200,3,43.22376604068423,142.378762,,,,,,,,,,,,,200,red,0,0,0
81,06,1310200,1,20260816,1924,132,0,0,0,0,0,1962,148,0,0,0,0,0,3,42.89183628058462,143.9445233,,,,,,,,,,,,,200,red,2056,2110,4166
81,06,1310210,1,20260816,3620,151,21,0,0,0,0,3115,244,0,0,200,0,0,3,43.009797840621914,144.2786998,,,,,,,,,,,,,200,red,3792,3359,7151
81,06,1310220,1,20260816,2822,159,0,0,0,0,0,3637,210,0,0,0,0,0,3,43.02229809062573,144.2728472,,,,,,,,,,,,,200,red,2981,3847,6828
81,08,1310230,1,20260816,,,,0,0,0,200,,,,0,0,0,200,3,43.85893419082885,144.0808788,,,,,,,,,,,,,200,red,0,0,0
81,08,1310240,1,20260816,1937,74,0,0,200,0,0,1935,114,0,0,200,0,0,3,44.01132969085448,144.2315868,,,,,,,,,,,,,200,red,2011,2049,4060
81,04,1310250,1,20260816,4385,165,156,0,0,0,0,4509,131,96,0,0,0,0,3,44.16725904087709,142.395004,,,,,,,,,,,,,200,red,4706,4736,9442
81,04,1310260,1,20260816,3706,149,15,0,0,0,0,3771,132,4,0,0,0,0,3,44.19030204088012,142.392098,,,,,,,,,,,,,200,red,3870,3907,7777
81,09,1310270,1,20260816,618,63,0,0,0,0,0,781,45,0,0,0,0,0,3,44.89849804093394,141.930734,,,,,,,,,,,,,200,red,681,826,1507
81,10,1310280,1,20260816,232,16,0,0,0,0,0,167,10,0,0,0,0,0,3,45.0919210409354,141.772244,,,,,,,,,,,,,200,red,248,177,425
81,10,1310290,1,20260816,,,,0,0,0,200,,,,0,0,0,200,3,45.3643680409278,141.728937,,,,,,,,,,,,,200,red,0,0,0
81,06,1310300,1,20260816,2962,96,11,0,0,0,0,0,0,3115,0,0,200,0,3,43.059450410636984,144.8007274,,,,,,,,,,,,,200,red,3069,3115,6184
81,06,1310310,1,20260816,289,33,0,0,200,0,0,346,29,1,0,0,0,0,3,43.27550252069827,145.50157790000003,,,,,,,,,,,,,200,red,322,376,698
81,02,1310320,1,20260816,3401,130,0,0,0,0,0,3391,125,0,0,0,0,0,3,41.8940000401868,140.139639,,,,,,,,,,,,,200,red,3531,3516,7047
81,02,1310330,1,20260816,4070,128,0,0,0,0,0,3641,102,0,0,0,0,0,3,41.68472204008489,140.444,,,,,,,,,,,,,200,red,4198,3743,7941
81,03,1310340,1,20260816,3647,189,0,0,0,0,0,0,0,0,0,0,200,0,3,43.26192904069464,140.646731,,,,,,,,,,,,,200,red,3836,0,3836
81,03,1310350,1,20260816,1429,70,0,0,0,0,0,1394,75,0,0,0,0,0,3,43.041313040631515,140.5119,,,,,,,,,,,,,200,red,1499,1469,2968
81,02,1310360,1,20260816,608,20,0,0,0,0,0,674,37,0,0,0,0,0,3,42.129260570293795,139.981876,,,,,,,,,,,,,200,red,628,711,1339
81,01,1310370,1,20260816,15404,526,0,0,0,0,0,14709,422,0,0,0,0,0,3,43.007483420621185,141.3442719,,,,,,,,,,,,,200,red,15930,15131,31061
81,03,1310380,1,20260816,6646,326,0,0,0,0,0,5757,238,0,0,0,0,0,3,42.797316040553234,140.953155,,,,,,,,,,,,,200,red,6972,5995,12967
81,03,1310390,1,20260816,5269,311,0,0,0,0,0,4524,237,0,0,0,0,0,3,42.75911004054018,140.927534,,,,,,,,,,,,,200,red,5580,4761,10341
81,09,1310420,1,20260816,2664,165,0,0,0,0,0,2756,140,0,0,0,0,0,3,44.315812040895196,141.663389,,,,,,,,,,,,,200,red,2829,2896,5725
81,05,1310430,1,20260816,2021,127,0,0,0,0,0,1575,1768,0,0,0,0,0,3,42.68397268051387,141.6803745,,,,,,,,,,,,,200,red,2148,3343,5491
81,05,1310440,1,20260816,930,62,25,0,0,0,0,859,61,19,0,0,0,0,3,42.455508520428715,142.1783574,,,,,,,,,,,,,200,red,1017,939,1956
81,07,1310450,1,20260816,,,,0,0,0,200,,,,0,0,0,200,3,42.850468990571045,143.1845784,,,,,,,,,,,,,200,red,0,0,0
81,04,1310460,1,20260816,3198,90,6,0,0,0,69,3260,254,0,0,131,0,69,3,43.3597710407203,142.387706,,,,,,,,,,,,,200,red,3294,3514,6808
81,05,1310470,1,20260816,714,129,0,0,0,0,0,951,153,0,0,0,0,0,3,42.87689451057974,142.4313468,,,,,,,,,,,,,200,red,843,1104,1947
81,08,1310490,1,20260816,1669,121,0,1,200,0,0,1865,59,30,1,0,0,0,3,44.469400040910415,143.131573,,,,,,,,,,,,,200,red,1790,1954,3744
81,10,1310500,1,20260816,,,,0,0,0,200,,,,0,0,0,200,3,44.9513530409349,142.577793,,,,,,,,,,,,,200,red,0,0,0
81,06,1310520,1,20260816,567,97,0,0,0,0,0,717,87,0,0,0,0,0,3,43.474956340748676,144.4077086,,,,,,,,,,,,,200,red,664,804,1468
81,07,1310530,1,20260816,497,30,0,0,0,0,0,660,65,0,0,0,0,0,3,43.351455040718186,143.778977,,,,,,,,,,,,,200,red,527,725,1252
81,08,1310540,1,20260816,1239,93,0,0,200,0,0,1120,88,0,0,200,0,0,3,43.71241358080086,144.1898958,,,,,,,,,,,,,200,red,1332,1208,2540
81,06,1310550,1,20260816,1032,38,0,0,0,0,0,942,49,0,0,0,0,0,3,43.23651165068774,145.2499867,,,,,,,,,,,,,200,red,1070,991,2061
81,06,1310560,1,20260816,1077,49,0,0,0,0,0,1048,70,0,0,0,0,0,3,43.68069492079438,145.1213962,,,,,,,,,,,,,200,red,1126,1118,2244
81,06,1310570,1,20260816,1318,123,0,0,0,0,0,1672,137,0,0,0,0,0,3,43.3613193507207,144.8334503,,,,,,,,,,,,,200,red,1441,1809,3250
81,04,1310580,1,20260816,214,20,0,0,0,0,0,175,5,0,0,0,0,0,3,43.85535404082818,142.818956,,,,,,,,,,,,,200,red,234,180,414
81,01,1310590,1,20260816,16013,723,0,0,0,0,0,17359,963,0,0,0,0,0,3,43.101919030649576,141.3492984,,,,,,,,,,,,,200,red,16736,18322,35058
81,01,1310600,1,20260816,5710,313,0,0,0,200,0,5058,282,0,0,0,200,0,3,43.018587890624595,141.4801633,,,,,,,,,,,,,200,red,6023,5340,11363
81,07,1310610,1,20260816,71,7,0,0,0,0,0,56,6,0,0,0,0,0,3,43.124397040656135,143.671096,,,,,,,,,,,,,200,red,78,62,140
81,01,1310620,1,20260816,7824,374,0,0,0,0,0,9680,384,0,0,0,0,0,3,43.080001040643104,141.40691,,,,,,,,,,,,,200,red,8198,10064,18262
81,01,1310630,1,20260816,0,0,0,0,0,200,0,0,0,0,0,0,200,0,3,43.224602350684464,141.5421492,,,,,,,,,,,,,200,red,0,0,0
81,05,1310650,1,20260816,0,0,5613,0,0,200,0,5552,682,33,0,0,0,0,3,42.664068480506764,141.5956308,,,,,,,,,,,,,200,red,5613,6267,11880
81,08,1310660,1,20260816,2862,81,1,0,0,0,0,3209,90,2,0,0,0,0,3,43.98436947085019,143.5657163,,,,,,,,,,,,,200,red,2944,3301,6245
81,08,1310670,1,20260816,925,67,0,0,200,0,0,1001,159,0,0,200,0,0,3,43.93417044084193,144.7997993,,,,,,,,,,,,,200,red,992,1160,2152
81,01,1310680,1,20260816,3991,121,0,0,0,0,0,4082,134,0,0,0,0,0,3,42.84334231056867,141.6642755,,,,,,,,,,,,,200,red,4112,4216,8328
81,06,1310690,1,20260816,2454,75,1,0,0,0,0,2206,113,4,0,0,0,0,3,43.048098520633566,144.4594431,,,,,,,,,,,,,200,red,2530,2323,4853
81,01,1310700,1,20260816,7819,289,0,0,0,0,0,8014,314,0,0,0,0,0,3,43.001297040619285,141.34856,,,,,,,,,,,,,200,red,8108,8328,16436
82,,2110010,1,20260816,6077,673,0,0,0,0,0,5732,212,0,0,0,0,0,3,37.110573456365614,140.1455465,,,,,,,,,,,,,204,red,6750,5944,12694
82,,2110017,1,20260816,14672,720,0,0,0,0,0,14533,424,0,0,0,0,0,3,37.37338104665072,140.3483355,,,,,,,,,,,,,204,red,15392,14957,30349
82,,2110019,1,20260816,16074,977,0,0,0,0,0,14972,709,0,0,0,0,0,3,37.46431627674753,140.3769493,,,,,,,,,,,,,204,red,17051,15681,32732
82,,2110021,1,20260816,11921,717,99,0,0,0,0,11184,815,31,0,204,0,0,3,37.606841446897334,140.4677635,,,,,,,,,,,,,204,red,12737,12030,24767
82,,2110030,1,20260816,15881,603,0,0,0,0,0,15503,419,0,0,0,0,0,3,37.73677529703182,140.4665726,,,,,,,,,,,,,204,red,16484,15922,32406
82,,2110040,1,20260816,10817,510,0,0,0,0,0,10380,352,0,0,0,0,0,3,37.807813217104496,140.4958221,,,,,,,,,,,,,204,red,11327,10732,22059
82,,2110050,1,20260816,6367,457,0,0,0,0,0,6379,335,0,0,0,0,0,3,37.90701278720498,140.5808128,,,,,,,,,,,,,204,red,6824,6714,13538
82,,2110055,1,20260816,10616,728,0,0,0,0,0,10414,563,0,0,0,0,0,3,38.041138927338956,140.6498056,,,,,,,,,,,,,204,red,11344,10977,22321
82,,2110060,1,20260816,15267,787,0,0,0,0,0,14835,546,0,0,0,0,0,3,38.085083367382396,140.8283056,,,,,,,,,,,,,204,red,16054,15381,31435
82,,2110062,1,20260816,4223,143,58,0,0,0,0,2942,92,40,0,0,0,0,3,39.659168038777906,141.92916800000003,,,,,,,,,,,,,204,red,4424,3074,7498
82,,2110063,1,20260816,3512,146,33,0,0,0,0,2392,89,38,0,0,0,0,3,39.73009903883322,141.960134,,,,,,,,,,,,,204,red,3691,2519,6210
82,,2110065,1,20260816,17426,504,0,0,0,0,0,16911,447,0,0,0,0,0,3,38.15208336744814,140.8853611,,,,,,,,,,,,,204,red,17930,17358,35288
82,,2110070,1,20260816,21352,647,0,0,0,0,0,20813,629,0,0,0,0,0,3,38.21891670751319,140.895,,,,,,,,,,,,,204,red,21999,21442,43441
82,,2110081,1,20260816,8278,121,0,0,0,0,0,0,0,0,0,0,0,0,3,38.340207037629824,140.883811,,,,,,,,,,,,,204,red,8399,0,8399
82,,2110090,1,20260816,8930,363,0,0,0,0,0,8822,213,0,0,0,0,0,3,38.61000803788275,140.98291900000004,,,,,,,,,,,,,204,red,9293,9035,18328
82,,2110091,1,20260816,4882,290,0,0,0,0,0,4097,174,0,0,0,0,0,3,38.834610038086325,141.085674,,,,,,,,,,,,,204,red,5172,4271,9443
82,,2110092,1,20260816,6458,266,0,0,0,0,0,5344,202,0,0,0,0,0,3,38.930416038171224,141.117432,,,,,,,,,,,,,204,red,6724,5546,12270
82,,2110093,1,20260816,6194,252,106,0,0,0,0,5771,185,92,0,0,0,0,3,39.003777838235415,141.1133766,,,,,,,,,,,,,204,red,6552,6048,12600
82,,2110095,1,20260816,4478,109,0,0,0,0,0,4976,94,0,0,0,0,0,3,39.166645038375485,141.142913,,,,,,,,,,,,,204,red,4587,5070,9657
82,,2110103,1,20260816,12580,366,0,0,0,0,0,13373,204,0,0,0,0,0,3,39.668019038784855,141.15759,,,,,,,,,,,,,204,red,12946,13577,26523
82,,2110106,1,20260816,11934,196,0,0,0,0,0,11727,235,0,0,0,0,0,3,39.70774803881587,141.165401,,,,,,,,,,,,,204,red,12130,11962,24092
82,,2110110,1,20260816,11935,283,0,0,0,0,0,10036,215,0,0,0,0,0,3,39.7581439588549,141.134491,,,,,,,,,,,,,204,red,12218,10251,22469
82,,2110120,1,20260816,4872,198,0,0,0,0,0,4492,164,0,0,0,0,0,3,40.24861199921695,141.2695885,,,,,,,,,,,,,204,red,5070,4656,9726
82,,2110121,1,20260816,3321,174,0,0,0,0,0,2944,114,0,0,0,0,0,3,40.33516094927743,141.2985134,,,,,,,,,,,,,204,red,3495,3058,6553
82,,2110129,1,20260816,3092,90,2,0,0,0,0,3320,76,2,0,0,0,0,3,40.60805264946136,141.26026802,,,,,,,,,,,,,204,red,3184,3398,6582
82,,2110130,1,20260816,0,0,6234,0,0,204,0,0,0,6098,0,0,204,0,3,40.65608164949267,141.19309457,,,,,,,,,,,,,204,red,6234,6098,12332
82,,2110132,1,20260816,4201,145,502,0,0,0,0,4922,128,61,0,0,0,0,3,40.683721049510524,141.17042319,,,,,,,,,,,,,204,red,4848,5111,9959
82,,2110140,1,20260816,7996,234,53,0,0,0,0,7346,128,32,0,0,0,0,3,40.89753341964514,140.86029133,,,,,,,,,,,,,204,red,8283,7506,15789
82,,2110143,1,20260816,7979,401,0,0,0,0,0,5804,264,0,0,0,0,0,3,39.946858248998055,141.2168884,,,,,,,,,,,,,204,red,8380,6068,14448
82,,2110144,1,20260816,5729,1144,0,0,204,0,0,6600,212,0,0,204,0,0,3,40.83532684960663,141.12935762,,,,,,,,,,,,,204,red,6873,6812,13685
82,,2110150,1,20260816,6851,386,3,0,0,0,0,6811,132,6,0,0,0,0,3,36.857960956084185,140.7891727,,,,,,,,,,,,,204,red,7240,6949,14189
82,,2110160,1,20260816,11484,1184,14,0,0,0,0,11130,949,43,0,0,0,0,3,36.92281008615712,140.8423448,,,,,,,,,,,,,204,red,12682,12122,24804
82,,2110161,1,20260816,6911,350,0,0,0,0,0,6609,176,0,0,0,0,0,3,37.03306503628002,140.911907,,,,,,,,,,,,,204,red,7261,6785,14046
82,,2110162,1,20260816,4425,291,0,0,0,0,0,4363,126,0,0,0,0,0,3,37.11549536637102,140.9974993,,,,,,,,,,,,,204,red,4716,4489,9205
82,,2110163,1,20260816,2569,284,4,0,0,0,0,2185,121,0,0,0,0,0,3,37.38527750666344,141.0086632,,,,,,,,,,,,,204,red,2857,2306,5163
82,,2110165,1,20260816,4698,270,28,0,0,0,0,4877,182,23,0,0,0,0,3,37.63270112692426,140.9856901,,,,,,,,,,,,,204,red,4996,5082,10078
82,,2110168,1,20260816,3629,326,0,0,0,0,0,3532,145,0,0,0,0,0,3,37.81498403711179,140.943249,,,,,,,,,,,,,204,red,3955,3677,7632
82,,2110170,1,20260816,2910,77,0,0,0,0,0,2700,61,0,0,0,0,0,3,37.89520971719308,140.9035528,,,,,,,,,,,,,204,red,2987,2761,5748
82,,2110173,1,20260816,8680,327,0,0,0,0,0,7982,184,0,0,0,0,0,3,37.094818366348264,140.9771016,,,,,,,,,,,,,204,red,9007,8166,17173
82,,2110180,1,20260816,5803,94,0,0,0,0,0,5459,99,0,0,0,0,0,3,38.064732037362305,140.859399,,,,,,,,,,,,,204,red,5897,5558,11455
82,,2110190,1,20260816,5478,311,0,0,0,0,0,3508,140,0,0,0,0,0,1,38.69140541795727,139.678824,,,,,,,,,,,,,204,red,5789,3648,9437
82,,2110191,1,20260816,4050,162,0,0,0,0,0,3953,97,0,0,0,0,0,3,38.96127130819829,139.8400569,,,,,,,,,,,,,204,red,4212,4050,8262
82,,2110192,1,20260816,7849,123,0,0,0,0,0,7653,124,0,0,0,0,0,3,38.794079918050066,139.83442430000002,,,,,,,,,,,,,204,red,7972,7777,15749
82,,2110193,1,20260816,8072,153,0,0,0,0,0,8021,129,0,0,0,0,0,3,38.787431758044086,139.8346764,,,,,,,,,,,,,204,red,8225,8150,16375
82,,2110194,1,20260816,2061,90,0,0,0,0,0,2180,104,0,0,0,0,0,3,38.69287924795862,139.6478605,,,,,,,,,,,,,204,red,2151,2284,4435
82,,2110195,1,20260816,3015,336,0,0,0,0,0,2817,191,0,0,0,0,0,3,38.61589808788817,139.5797968,,,,,,,,,,,,,204,red,3351,3008,6359
82,,2110196,1,20260816,7644,144,0,0,0,0,0,8216,139,0,0,0,0,0,3,38.83854814808984,139.8486963,,,,,,,,,,,,,204,red,7788,8355,16143
82,,2110197,1,20260816,3158,78,0,0,0,0,0,3409,89,0,0,0,0,0,3,38.71753625798101,139.7594082,,,,,,,,,,,,,204,red,3236,3498,6734
82,,2110198,1,20260816,6569,246,0,0,0,0,0,5773,166,0,0,0,0,0,3,38.71622198797982,139.7565651,,,,,,,,,,,,,204,red,6815,5939,12754
82,,2110199,1,20260816,4590,267,0,0,0,0,0,2771,148,0,0,0,0,0,1,38.60695292787995,139.5878005,,,,,,,,,,,,,204,red,4857,2919,7776
82,,2110201,1,20260816,5088,299,0,0,0,0,0,3283,123,0,0,0,0,0,1,38.666421037934484,139.623761,,,,,,,,,,,,,204,red,5387,3406,8793
82,,2110202,1,20260816,7757,245,0,0,0,0,0,7887,160,0,0,0,0,0,3,39.62387474875015,140.0681964,,,,,,,,,,,,,204,red,8002,8047,16049
82,,2110203,1,20260816,2478,43,0,0,0,0,0,1786,36,0,0,0,0,0,3,39.240899018438185,139.9362623,,,,,,,,,,,,,204,red,2521,1822,4343
82,,2110204,1,20260816,4182,242,0,0,0,0,0,4034,162,0,0,0,0,0,3,39.290490888479674,139.9747431,,,,,,,,,,,,,204,red,4424,4196,8620
82,,2110205,1,20260816,5288,279,0,0,0,0,0,4495,197,0,0,0,0,0,3,39.11912903833497,139.876447,,,,,,,,,,,,,204,red,5567,4692,10259
82,,2110208,1,20260816,8211,88,0,0,0,0,0,7818,85,0,0,0,0,0,3,39.38953603856155,140.030682,,,,,,,,,,,,,204,red,8299,7903,16202
82,,2110210,1,20260816,9543,194,0,0,0,0,0,10163,152,0,0,0,0,0,3,39.79539903888355,140.0622,,,,,,,,,,,,,204,red,9737,10315,20052
82,,2110212,1,20260816,6034,189,0,0,0,0,0,6195,147,0,0,0,0,0,3,39.718472038824196,140.083211,,,,,,,,,,,,,204,red,6223,6342,12565
82,,2110213,1,20260816,4152,67,0,0,0,0,0,4030,71,0,0,0,0,0,3,39.52539935867177,140.0518185,,,,,,,,,,,,,204,red,4219,4101,8320
82,,2110214,1,20260816,4480,82,0,0,0,0,0,3987,76,0,0,0,0,0,3,39.90494615896667,140.076382,,,,,,,,,,,,,204,red,4562,4063,8625
82,,2110215,1,20260816,3581,70,34,0,0,0,0,3454,58,27,0,0,0,0,3,40.067095039086766,140.067721,,,,,,,,,,,,,204,red,3685,3539,7224
82,,2110216,1,20260816,3591,236,344,0,0,0,0,5062,128,130,0,0,0,0,3,40.268120039230666,140.52780600000003,,,,,,,,,,,,,198,red,4171,5320,9491
82,,2110217,1,20260816,3019,364,360,0,0,0,0,2994,242,209,0,0,0,0,3,40.27305803923414,140.532178,,,,,,,,,,,,,198,red,3743,3445,7188
82,,2110218,1,20260816,6751,73,0,0,0,0,0,6315,65,0,0,0,0,0,3,40.190834039176,140.036139,,,,,,,,,,,,,204,red,6824,6380,13204
82,,2110219,1,20260816,1266,34,0,0,0,0,0,1079,38,0,0,0,0,0,3,40.21531803919339,140.280482,,,,,,,,,,,,,204,red,1300,1117,2417
82,,2110220,1,20260816,3122,145,0,0,0,0,0,2633,254,1,0,0,0,0,3,40.16185503915528,140.039381,,,,,,,,,,,,,204,red,3267,2888,6155
82,,2110221,1,20260816,4630,157,67,0,0,0,0,4078,112,4,0,0,0,0,3,40.20192503918389,140.151831,,,,,,,,,,,,,204,red,4854,4194,9048
82,,2110222,1,20260816,1437,78,0,0,0,0,0,1483,69,0,0,0,0,0,3,40.30719003925799,140.572683,,,,,,,,,,,,,204,red,1515,1552,3067
82,,2110229,1,20260816,4968,224,55,0,0,0,0,5123,181,138,0,0,0,0,3,40.230677039204274,140.489525,,,,,,,,,,,,,198,red,5247,5442,10689
82,,2110230,1,20260816,3792,156,12,0,0,0,0,3398,107,4,0,0,0,0,3,40.3821040393098,140.603544,,,,,,,,,,,,,196,red,3960,3509,7469
82,,2110231,1,20260816,4232,184,92,0,0,0,0,3965,114,71,0,0,0,0,3,40.461176699363655,140.6358415,,,,,,,,,,,,,204,red,4508,4150,8658
82,,2110232,1,20260816,3212,142,37,0,0,0,0,3370,110,37,0,0,0,0,3,40.199024039181815,140.383267,,,,,,,,,,,,,199,red,3391,3517,6908
82,,2110233,1,20260816,3230,181,0,0,0,0,0,2269,86,0,0,0,0,0,1,38.96155603819856,139.859806,,,,,,,,,,,,,204,red,3411,2355,5766
82,,2110234,1,20260816,5383,295,887,0,0,0,0,6228,382,394,0,0,0,0,3,40.57123242943714,140.52428552,,,,,,,,,,,,,204,red,6565,7004,13569
82,,2110235,1,20260816,11409,265,40,0,0,0,0,0,0,11186,0,0,176,0,3,40.60269692945784,140.49957539,,,,,,,,,,,,,204,red,11714,11186,22900
82,,2110236,1,20260816,3324,183,0,0,0,0,0,2536,80,0,0,0,0,0,1,39.00850003823954,139.856924,,,,,,,,,,,,,204,red,3507,2616,6123
82,,2110237,1,20260816,615,6,0,0,0,0,0,651,12,0,0,0,0,0,1,39.05087603827627,139.890254,,,,,,,,,,,,,204,red,621,663,1284
82,,2110240,1,20260816,9072,250,19,0,0,0,0,2895,48,5449,0,0,204,0,3,40.65753935949361,140.50836074,,,,,,,,,,,,,204,red,9341,8392,17733
82,,2110249,1,20260816,8809,417,435,0,0,0,0,4360,240,599,0,204,204,0,3,40.831625089604316,140.66283564,,,,,,,,,,,,,204,red,9661,5199,14860
82,,2110250,1,20260816,10177,267,0,0,0,0,0,10516,790,0,0,0,0,0,3,40.767838829564255,140.59194915,,,,,,,,,,,,,204,red,10444,11306,21750
82,,2110251,1,20260816,10736,802,0,0,0,204,0,21099,1950,0,0,0,0,0,3,40.824380649599796,140.7354641,,,,,,,,,,,,,204,red,11538,23049,34587
82,,2110252,1,20260816,6383,428,3,0,0,0,0,0,0,6065,0,0,203,0,3,40.80222556958593,140.69781704,,,,,,,,,,,,,203,red,6814,6065,12879
82,,2110253,1,20260816,4542,147,75,0,0,0,0,4205,156,53,0,0,0,0,3,40.82364700959935,140.81040657,,,,,,,,,,,,,204,red,4764,4414,9178
82,,2110255,1,20260816,0,0,0,0,0,0,0,0,0,0,0,0,0,0,3,40.797368279582884,140.73499562,,,,,,,,,,,,,204,red,0,0,0
82,,2110256,1,20260816,6938,198,21,0,0,0,0,0,0,0,0,0,0,0,3,40.79545531958167,140.74908182,,,,,,,,,,,,,204,red,7157,0,7157
82,,2110258,1,20260816,2783,45,31,0,0,0,0,2711,58,38,0,0,0,0,3,40.26361114922749,140.42944444,,,,,,,,,,,,,202,red,2859,2807,5666
82,,2110260,1,20260816,8528,201,0,0,0,0,0,8324,199,0,0,0,0,0,3,37.766077747061864,140.4643813,,,,,,,,,,,,,204,red,8729,8523,17252
82,,2110270,1,20260816,1065,19,1,0,0,0,0,821,9,86,0,0,8,0,3,37.82286602711981,140.2786356,,,,,,,,,,,,,204,red,1085,916,2001
82,,2110271,1,20260816,7709,649,0,0,0,0,0,5322,230,0,0,0,0,0,3,37.89655074719443,140.1500818,,,,,,,,,,,,,204,red,8358,5552,13910
82,,2110272,1,20260816,6453,618,0,0,0,0,0,4382,217,0,0,0,0,0,3,37.92749748722557,140.13487,,,,,,,,,,,,,204,red,7071,4599,11670
82,,2110280,1,20260816,7080,297,0,0,0,0,0,6922,144,0,0,0,0,0,3,37.99971367729781,140.14494900000003,,,,,,,,,,,,,204,red,7377,7066,14443
82,,2110290,1,20260816,9848,406,0,0,0,0,0,9550,263,0,0,0,0,0,3,38.13022203742675,140.241028,,,,,,,,,,,,,204,red,10254,9813,20067
82,,2110291,1,20260816,10055,409,0,0,0,0,0,10322,282,0,0,0,0,0,3,38.159814097455694,140.3001308,,,,,,,,,,,,,204,red,10464,10604,21068
82,,2110292,1,20260816,9691,401,0,0,0,0,0,8857,241,0,0,0,0,0,3,38.10297203739999,140.207083,,,,,,,,,,,,,204,red,10092,9098,19190
82,,2110294,1,20260816,2940,83,0,0,0,0,0,2864,87,0,0,0,0,0,3,37.767613677063444,140.8648291,,,,,,,,,,,,,204,red,3023,2951,5974
82,,2110295,1,20260816,3011,67,0,0,0,0,0,3002,92,0,0,0,0,0,3,37.75423885704973,140.7090153,,,,,,,,,,,,,204,red,3078,3094,6172
82,,2110296,1,20260816,3378,84,0,0,0,0,0,3455,108,0,0,0,0,0,3,37.75978319705542,140.5958156,,,,,,,,,,,,,204,red,3462,3563,7025
82,,2110297,1,20260816,2791,66,0,0,0,0,0,2789,83,0,0,0,0,0,3,37.78113503707728,140.573819,,,,,,,,,,,,,204,red,2857,2872,5729
82,,2110298,1,20260816,2655,101,0,0,0,0,0,2806,158,0,0,0,0,0,3,37.81669203711354,140.530266,,,,,,,,,,,,,204,red,2756,2964,5720
82,,2110299,1,20260816,1891,115,0,0,0,0,0,1994,162,0,0,0,0,0,3,37.83294203713006,140.49615,,,,,,,,,,,,,204,red,2006,2156,4162
82,,2110300,1,20260816,6616,600,0,0,0,0,0,4444,224,0,0,0,0,0,1,37.79582169709228,140.4130094,,,,,,,,,,,,,204,red,7216,4668,11884
82,,2110301,1,20260816,9094,710,0,0,0,0,0,6667,272,0,0,0,0,0,3,37.8687824871664,140.2279023,,,,,,,,,,,,,204,red,9804,6939,16743
82,,2110305,1,20260816,14658,495,0,0,0,0,0,15142,410,0,0,0,0,0,3,38.32857829761873,140.3671432,,,,,,,,,,,,,204,red,15153,15552,30705
82,,2110307,1,20260816,8047,80,0,0,0,0,0,10527,182,0,0,0,0,0,3,38.48098003776293,140.382831,,,,,,,,,,,,,204,red,8127,10709,18836
82,,2110308,1,20260816,10578,610,0,0,0,0,0,8120,289,0,0,0,0,0,1,38.56969403784554,140.401333,,,,,,,,,,,,,204,red,11188,8409,19597
82,,2110309,1,20260816,8252,481,0,0,0,0,0,5838,195,0,0,0,0,0,1,38.42500003771029,140.352222,,,,,,,,,,,,,204,red,8733,6033,14766
82,,2110310,1,20260816,6913,126,0,0,0,0,0,6111,105,0,0,0,0,0,3,38.57581640785121,140.403707,,,,,,,,,,,,,204,red,7039,6216,13255
82,,2110311,1,20260816,11205,598,0,0,0,0,0,8877,285,0,0,0,0,0,1,38.5505555978278,140.3888889,,,,,,,,,,,,,204,red,11803,9162,20965
82,,2110312,1,20260816,10085,535,0,0,0,0,0,7965,274,0,0,0,0,0,3,38.618265997890354,140.3838155,,,,,,,,,,,,,204,red,10620,8239,18859
82,,2110313,1,20260816,11660,585,0,0,0,0,0,9844,343,0,0,0,0,0,3,38.676631947943804,140.3212881,,,,,,,,,,,,,204,red,12245,10187,22432
82,,2110314,1,20260816,11194,573,0,0,0,0,0,9393,320,0,0,0,0,0,3,38.71993903798319,140.308757,,,,,,,,,,,,,204,red,11767,9713,21480
82,,2110315,1,20260816,4210,54,0,0,0,0,0,4198,47,0,0,0,0,0,3,38.8033716780584,140.3206605,,,,,,,,,,,,,204,red,4264,4245,8509
82,,2110316,1,20260816,5190,317,0,0,0,0,0,3296,117,0,0,0,0,0,3,38.74947203800992,140.290833,,,,,,,,,,,,,204,red,5507,3413,8920
82,,2110317,1,20260816,4034,267,0,0,0,0,0,3358,118,0,0,0,0,0,3,38.923639038165255,140.334806,,,,,,,,,,,,,204,red,4301,3476,7777
82,,2110318,1,20260816,3898,253,0,0,0,0,0,3418,124,0,0,0,0,0,3,38.94673520818555,140.3547943,,,,,,,,,,,,,204,red,4151,3542,7693
82,,2110319,1,20260816,4704,244,50,0,0,0,0,3919,129,34,0,0,0,0,3,39.072178338294655,140.4714918,,,,,,,,,,,,,204,red,4998,4082,9080
82,,2110320,1,20260816,4876,247,45,0,0,0,0,4178,129,41,0,0,0,0,3,39.11258080832936,140.486598,,,,,,,,,,,,,204,red,5168,4348,9516
82,,2110321,1,20260816,4952,113,0,0,0,0,0,191,64,0,0,0,0,0,3,39.181412318388,140.4959965,,,,,,,,,,,,,204,red,5065,255,5320
82,,2110322,1,20260816,2260,33,6,0,0,0,0,2125,12,110,0,0,0,0,3,39.1455093483575,140.4912436,,,,,,,,,,,,,204,red,2299,2247,4546
82,,2110324,1,20260816,2801,183,0,0,0,0,0,26,62,0,0,0,0,0,3,39.046668898272635,140.4131154,,,,,,,,,,,,,204,red,2984,88,3072
82,,2110325,1,20260816,9919,571,0,0,0,0,0,7618,252,0,0,0,0,0,1,38.463333037746374,140.3575,,,,,,,,,,,,,204,red,10490,7870,18360
82,,2110326,1,20260816,10860,570,0,0,0,0,0,8562,276,0,0,0,0,0,1,38.49944403778021,140.370833,,,,,,,,,,,,,204,red,11430,8838,20268
82,,2110327,1,20260816,7273,144,0,0,0,0,0,6620,123,0,0,0,0,0,3,39.249316578445246,140.5351192,,,,,,,,,,,,,204,red,7417,6743,14160
82,,2110328,1,20260816,3877,263,0,0,0,0,0,3027,119,0,0,0,0,0,3,38.78089403803823,140.293372,,,,,,,,,,,,,204,red,4140,3146,7286
82,,2110335,1,20260816,4933,379,1521,0,0,65,0,6279,617,555,0,0,0,0,3,39.45464609861468,140.4982871,,,,,,,,,,,,,204,red,6833,7451,14284
82,,2110337,1,20260816,4088,115,0,0,0,0,0,4656,118,0,0,0,0,0,3,39.56556981870389,140.3349352,,,,,,,,,,,,,204,red,4203,4774,8977
82,,2110340,1,20260816,9557,387,0,0,0,0,0,9071,327,0,0,0,0,0,3,39.66778703878465,140.165768,,,,,,,,,,,,,204,red,9944,9398,19342
82,,2110350,1,20260816,11947,513,0,0,0,0,0,11203,559,0,0,0,0,0,3,38.27013892756266,140.95175,,,,,,,,,,,,,204,red,12460,11762,24222
82,,2110352,1,20260816,21334,669,27,0,0,0,0,15795,443,183,0,0,0,0,3,38.425472257710744,141.1867778,,,,,,,,,,,,,204,red,22030,16421,38451
82,,2110353,1,20260816,20680,662,136,0,0,0,0,15711,420,247,0,0,0,0,3,38.43294447771779,141.2090556,,,,,,,,,,,,,204,red,21478,16378,37856
82,,2110354,1,20260816,17727,477,258,2,0,0,4,14194,337,182,0,0,0,4,3,38.442000037726324,141.2525833,,,,,,,,,,,,,204,red,18462,14713,33175
82,,2110355,1,20260816,16213,460,435,0,0,0,0,12259,292,134,0,0,0,0,3,38.48202781776391,141.2923889,,,,,,,,,,,,,204,red,17108,12685,29793
82,,2110357,1,20260816,14508,429,125,0,0,0,0,10874,289,107,0,0,0,0,3,38.50430559778474,141.2861944,,,,,,,,,,,,,204,red,15062,11270,26332
82,,2110358,1,20260816,12140,396,179,0,0,0,0,8991,275,67,0,0,0,0,3,38.590638927864894,141.27905560000002,,,,,,,,,,,,,204,red,12715,9333,22048
82,,2110359,1,20260816,10923,367,138,0,0,0,0,8351,244,81,0,0,0,0,3,38.61066670788337,141.2839722,,,,,,,,,,,,,204,red,11428,8676,20104
82,,2110360,1,20260816,5350,46,0,0,0,0,0,5546,58,0,0,0,0,0,3,38.429333367714385,141.2390278,,,,,,,,,,,,,204,red,5396,5604,11000
82,,2110361,1,20260816,4678,60,0,0,0,0,0,4750,71,0,0,0,0,0,3,38.891555598136925,141.55625,,,,,,,,,,,,,204,red,4738,4821,9559
82,,2110362,1,20260816,10136,303,132,0,0,0,0,7336,194,101,0,0,0,0,3,38.696083367961535,141.2831389,,,,,,,,,,,,,204,red,10571,7631,18202
82,,2110363,1,20260816,17691,483,169,0,0,0,0,12977,296,157,0,0,0,0,3,38.456555597740014,141.2745,,,,,,,,,,,,,204,red,18343,13430,31773
82,,2110364,1,20260816,7467,230,1,0,0,0,0,5186,146,8,0,0,0,0,3,38.95011114818852,141.6280556,,,,,,,,,,,,,204,red,7698,5340,13038
82,,2110365,1,20260816,3113,37,0,0,0,0,0,3077,45,0,0,0,0,0,3,38.91955303816165,141.571364,,,,,,,,,,,,,204,red,3150,3122,6272
82,,2110366,1,20260816,9577,300,113,0,0,0,0,6798,199,113,0,0,0,0,3,38.71113892797521,141.3101667,,,,,,,,,,,,,204,red,9990,7110,17100
82,,2110367,1,20260816,6945,227,91,0,0,0,0,5027,134,84,0,0,0,0,3,39.02656869825523,141.6974974,,,,,,,,,,,,,204,red,7263,5245,12508
82,,2110368,1,20260816,9482,296,132,0,0,0,0,6831,189,101,0,0,0,0,3,38.70219447796709,141.3930833,,,,,,,,,,,,,204,red,9910,7121,17031
82,,2110370,1,20260816,3656,73,0,0,0,0,0,3993,53,0,0,0,0,0,3,39.059216658283475,141.7193842,,,,,,,,,,,,,204,red,3729,4046,7775
82,,2110371,1,20260816,4890,171,56,0,0,0,0,3240,103,16,0,0,0,0,3,39.074077398296275,141.7034197,,,,,,,,,,,,,204,red,5117,3359,8476
82,,2110372,1,20260816,4969,212,0,0,0,0,0,3076,117,0,0,0,0,0,3,39.125195598340156,141.7347157,,,,,,,,,,,,,204,red,5181,3193,8374
82,,2110373,1,20260816,6118,199,0,0,0,0,0,4257,112,0,0,0,0,0,3,39.12205355833746,141.7899934,,,,,,,,,,,,,204,red,6317,4369,10686
82,,2110374,1,20260816,5229,208,0,0,0,0,0,3678,132,0,0,0,0,0,3,39.03121932825926,141.6337144,,,,,,,,,,,,,204,red,5437,3810,9247
82,,2110379,1,20260816,5191,195,83,0,0,0,0,3554,111,86,0,0,0,0,3,39.14893559836042,141.8295097,,,,,,,,,,,,,204,red,5469,3751,9220
82,,2110380,1,20260816,3461,46,0,0,0,0,0,3528,33,0,0,0,0,0,3,39.29661287848477,141.8836641,,,,,,,,,,,,,204,red,3507,3561,7068
82,,2110381,1,20260816,8568,279,115,0,0,0,0,5791,181,99,0,0,0,0,3,38.69052781795646,141.4270556,,,,,,,,,,,,,204,red,8962,6071,15033
82,,2110382,1,20260816,9379,319,120,0,0,0,0,6211,182,89,0,0,0,0,3,38.70547225797006,141.4960833,,,,,,,,,,,,,204,red,9818,6482,16300
82,,2110383,1,20260816,6720,200,65,0,0,0,0,4847,117,45,0,0,0,0,3,39.32251283850628,141.8802524,,,,,,,,,,,,,204,red,6985,5009,11994
82,,2110384,1,20260816,8569,273,106,0,0,0,0,5890,155,96,0,0,0,0,3,38.81825003807172,141.5580556,,,,,,,,,,,,,204,red,8948,6141,15089
82,,2110387,1,20260816,4347,160,120,0,0,0,0,3851,106,62,0,0,0,0,3,39.59193303872486,141.940478,,,,,,,,,,,,,204,red,4627,4019,8646
82,,2110389,1,20260816,3498,143,29,0,0,0,0,2431,82,33,0,0,0,0,3,39.8199300389023,141.96138,,,,,,,,,,,,,204,red,3670,2546,6216
82,,2110392,1,20260816,3611,142,27,0,0,0,0,2580,86,26,0,0,0,0,3,39.836270038914755,141.96038,,,,,,,,,,,,,204,red,3780,2692,6472
82,,2110393,1,20260816,2818,249,0,0,0,0,0,2002,146,0,0,0,0,0,3,39.87071503894088,141.94008,,,,,,,,,,,,,204,red,3067,2148,5215
82,,2110394,1,20260816,8944,272,113,0,0,0,0,6254,164,103,0,0,0,0,3,38.86638892811462,141.5685833,,,,,,,,,,,,,204,red,9329,6521,15850
82,,2110396,1,20260816,137,21,0,0,0,204,1,323,25,0,0,0,204,1,3,39.93351162898809,141.8457699,,,,,,,,,,,,,204,red,158,348,506
82,,2110397,1,20260816,2542,171,0,0,0,0,1,1884,108,0,0,0,0,1,3,39.9934900390327,141.881411,,,,,,,,,,,,,204,red,2713,1992,4705
82,,2110401,1,20260816,5537,192,84,0,0,0,0,3696,124,42,0,0,0,0,3,39.029891708258106,141.6224,,,,,,,,,,,,,204,red,5813,3862,9675
82,,2110402,1,20260816,2167,61,0,0,0,0,0,2111,42,0,0,0,0,0,3,40.414361969331864,141.7051792,,,,,,,,,,,,,204,red,2228,2153,4381
82,,2110403,1,20260816,4931,170,40,0,0,0,0,3328,110,40,0,0,0,0,3,39.15806392836817,141.8413306,,,,,,,,,,,,,204,red,5141,3478,8619
82,,2110404,1,20260816,10561,217,8,0,0,0,0,10090,183,33,0,0,0,0,3,40.50576550939362,141.53235261,,,,,,,,,,,,,204,red,10786,10306,21092
82,,2110405,1,20260816,10832,228,20,0,0,0,0,9332,252,27,0,0,0,0,3,40.528900439409064,141.46412799,,,,,,,,,,,,,204,red,11080,9611,20691
82,,2110407,1,20260816,3313,155,1,0,0,0,0,3698,81,43,0,0,0,0,3,40.481786839377534,141.5376989,,,,,,,,,,,,,204,red,3469,3822,7291
82,,2110408,1,20260816,8272,200,54,0,0,0,0,7916,148,56,0,0,0,0,3,40.5637364594322,141.43539327,,,,,,,,,,,,,204,red,8526,8120,16646
82,,2110409,1,20260816,4854,172,66,0,0,0,0,3495,113,47,0,0,0,0,3,39.24333336844022,141.8452778,,,,,,,,,,,,,204,red,5092,3655,8747
82,,2110410,1,20260816,4467,126,37,0,0,0,0,4879,131,39,0,0,0,0,3,40.47949102937599,141.58069836,,,,,,,,,,,,,204,red,4630,5049,9679
82,,2110412,1,20260816,5419,203,49,0,0,0,0,4414,162,68,0,0,0,0,3,40.66162803949626,141.324363,,,,,,,,,,,,,204,red,5671,4644,10315
82,,2110413,1,20260816,6702,251,153,0,0,0,0,5552,174,198,0,0,0,0,3,40.675139039505,141.304575,,,,,,,,,,,,,204,red,7106,5924,13030
82,,2110414,1,20260816,11237,487,0,0,0,0,0,9667,461,0,0,0,0,0,3,39.699724768809624,141.0544968,,,,,,,,,,,,,204,red,11724,10128,21852
82,,2110415,1,20260816,6519,215,0,0,0,0,0,5985,175,0,0,0,0,0,3,39.69160156880328,141.008749,,,,,,,,,,,,,204,red,6734,6160,12894
82,,2110416,1,20260816,4248,173,4,0,0,0,0,3620,177,9,0,0,0,0,3,39.70020353880998,140.8836508,,,,,,,,,,,,,204,red,4425,3806,8231
82,,2110417,1,20260816,1638,79,0,0,0,0,0,266,48,0,0,0,0,0,3,40.47147403937059,141.474002,,,,,,,,,,,,,204,red,1717,314,2031
82,,2110418,1,20260816,7080,231,63,0,0,0,0,5178,139,50,0,0,0,0,3,39.260555598454665,141.8394444,,,,,,,,,,,,,204,red,7374,5367,12741
82,,2110419,1,20260816,5788,184,77,0,0,0,0,3995,106,64,0,0,0,0,3,39.288333368477865,141.8633333,,,,,,,,,,,,,204,red,6049,4165,10214
82,,2110421,1,20260816,4913,183,73,0,0,0,0,3488,99,58,0,0,0,0,3,39.366111148542295,141.9044444,,,,,,,,,,,,,204,red,5169,3645,8814
82,,2110422,1,20260816,5186,178,71,0,0,0,0,3598,112,56,0,0,0,0,3,39.36731670854329,141.8911806,,,,,,,,,,,,,204,red,5435,3766,9201
82,,2110423,1,20260816,3925,155,3,0,0,0,0,3864,100,2,0,0,0,0,3,40.22921103920324,141.7800234,,,,,,,,,,,,,204,red,4083,3966,8049
82,,2110424,1,20260816,2498,121,0,0,0,0,0,2637,130,0,0,0,0,0,3,39.601276038732266,140.551915,,,,,,,,,,,,,204,red,2619,2767,5386
82,,2110428,1,20260816,5315,133,31,0,0,0,0,4200,125,13,0,0,0,0,3,38.73322403799523,140.787123,,,,,,,,,,,,,202,red,5479,4338,9817
82,,2110432,1,20260816,1829,89,0,0,0,0,0,1603,75,0,0,0,0,0,3,38.73755603799914,140.598389,,,,,,,,,,,,,204,red,1918,1678,3596
82,,2110435,1,20260816,6460,314,0,0,0,0,0,5342,222,0,0,0,0,0,3,38.74138978800262,140.2831578,,,,,,,,,,,,,204,red,6774,5564,12338
82,,2110436,1,20260816,6058,342,0,0,0,0,0,4534,200,0,0,0,0,0,3,38.74416703800512,140.259722,,,,,,,,,,,,,204,red,6400,4734,11134
82,,2110437,1,20260816,6481,282,0,0,0,0,0,5265,189,0,0,0,0,0,3,38.73663903799832,140.168833,,,,,,,,,,,,,204,red,6763,5454,12217
82,,2110438,1,20260816,6237,277,0,0,0,0,0,4769,183,0,0,0,0,0,3,38.745210838006074,140.2326227,,,,,,,,,,,,,204,red,6514,4952,11466
82,,2110440,1,20260816,6247,318,0,0,0,0,1,5589,236,0,0,0,0,1,3,38.78155241803881,140.0267226,,,,,,,,,,,,,204,red,6565,5825,12390
82,,2110445,1,20260816,14691,344,0,0,0,0,0,14550,360,0,0,0,0,0,3,38.26502503755774,140.79343300000002,,,,,,,,,,,,,204,red,15035,14910,29945
82,,2110450,1,20260816,6777,259,0,0,0,0,0,5464,236,0,0,0,0,0,3,38.391999797679084,140.5672252,,,,,,,,,,,,,204,red,7036,5700,12736
82,,2110451,1,20260816,4263,92,0,0,0,0,0,4281,63,0,0,0,0,0,3,38.877650438124604,139.8869442,,,,,,,,,,,,,204,red,4355,4344,8699
82,,2110452,1,20260816,6478,170,0,0,0,8,0,6656,196,0,0,0,0,0,3,38.901543148145755,139.8723154,,,,,,,,,,,,,204,red,6648,6852,13500
82,,2110453,1,20260816,444,22,0,0,0,0,0,371,19,0,0,0,0,0,3,38.90368057814766,139.8668909,,,,,,,,,,,,,204,red,466,390,856
82,,2110454,1,20260816,4998,140,0,0,0,0,0,5098,81,0,0,0,0,0,3,38.87364379812106,139.886117,,,,,,,,,,,,,204,red,5138,5179,10317
82,,2110455,1,20260816,6313,167,0,0,0,0,0,5167,174,0,0,0,0,0,3,37.062925546313075,140.8516252,,,,,,,,,,,,,204,red,6480,5341,11821
82,,2110456,1,20260816,4146,105,0,0,0,0,0,4202,67,0,0,0,0,0,3,38.85157810810144,139.8908657,,,,,,,,,,,,,204,red,4251,4269,8520
82,,2110457,1,20260816,3201,123,0,0,0,0,0,3146,75,0,0,0,0,0,3,38.831843418083864,139.9098858,,,,,,,,,,,,,204,red,3324,3221,6545
82,,2110460,1,20260816,4251,105,5,0,0,0,0,3818,115,4,0,0,0,0,3,37.11000003636498,140.7641667,,,,,,,,,,,,,204,red,4361,3937,8298
82,,2110464,1,20260816,3227,100,7,0,0,0,0,2943,108,111,0,0,0,0,3,37.31106211658384,140.4823494,,,,,,,,,,,,,204,red,3334,3162,6496
82,,2110465,1,20260816,5633,186,0,0,0,0,0,5871,173,0,0,0,0,0,3,37.33970064661463,140.406585,,,,,,,,,,,,,204,red,5819,6044,11863
82,,2110470,1,20260816,7183,185,0,0,0,0,0,6098,147,0,0,0,0,0,3,37.49456687677952,140.2463901,,,,,,,,,,,,,204,red,7368,6245,13613
82,,2110472,1,20260816,1945,119,0,0,0,0,0,1970,107,0,0,0,0,0,3,37.65080306694305,139.5936209,,,,,,,,,,,,,204,red,2064,2077,4141
82,,2110473,1,20260816,7812,354,0,0,0,0,0,7394,285,0,0,0,0,0,3,37.548570346836364,139.9683643,,,,,,,,,,,,,204,red,8166,7679,15845
82,,2110474,1,20260816,5083,150,0,0,0,0,0,4979,119,0,0,0,0,0,3,37.55735328684558,139.8550022,,,,,,,,,,,,,204,red,5233,5098,10331
82,,2110477,1,20260816,5453,91,2,0,0,0,0,5410,117,5,0,0,0,0,3,40.48458321937942,141.42701414,,,,,,,,,,,,,204,red,5546,5532,11078
82,,2110478,1,20260816,2619,44,0,0,0,0,0,2670,45,0,0,0,0,0,3,38.52642903780538,141.156619,,,,,,,,,,,,,204,red,2663,2715,5378
82,,2110479,1,20260816,3503,73,0,0,0,0,0,3574,92,0,0,0,0,0,3,38.556163037833,141.069142,,,,,,,,,,,,,204,red,3576,3666,7242
82,,2110480,1,20260816,5757,60,0,0,0,0,0,5443,58,0,0,0,0,0,3,38.570337037846144,140.982089,,,,,,,,,,,,,204,red,5817,5501,11318
82,,2110481,1,20260816,4148,286,0,0,0,0,0,3435,119,0,0,0,0,0,3,39.036923848264195,140.3899339,,,,,,,,,,,,,204,red,4434,3554,7988
82,,2110482,1,20260816,6233,211,12,0,0,0,0,6044,138,0,0,0,0,0,3,39.363397818540065,140.5656534,,,,,,,,,,,,,204,red,6456,6182,12638
82,,2110485,1,20260816,9543,163,0,0,0,0,0,8911,159,0,0,0,0,0,3,38.33956088762922,140.2816558,,,,,,,,,,,,,204,red,9706,9070,18776
82,,2110488,1,20260816,3401,89,0,0,0,0,0,2062,66,0,0,0,0,0,3,38.4566470377401,140.032103,,,,,,,,,,,,,204,red,3490,2128,5618
82,,2110491,1,20260816,6256,335,0,0,0,0,0,3787,223,0,0,0,0,0,3,38.58079848785582,139.9398136,,,,,,,,,,,,,204,red,6591,4010,10601
82,,2110500,1,20260816,4253,228,0,0,0,0,0,4033,175,0,0,0,0,0,3,38.046173177343945,139.7837305,,,,,,,,,,,,,204,red,4481,4208,8689
82,,2110501,1,20260816,4072,224,0,0,0,0,0,3931,171,0,0,0,0,0,3,38.0753590373728,139.72116,,,,,,,,,,,,,204,red,4296,4102,8398
82,,2110502,1,20260816,3029,181,0,0,0,0,0,3159,140,0,0,0,0,0,3,38.04606303734383,140.051715,,,,,,,,,,,,,204,red,3210,3299,6509
82,,2110503,1,20260816,4367,199,0,0,0,0,0,4391,156,0,0,0,0,0,3,38.044627037342416,140.064483,,,,,,,,,,,,,204,red,4566,4547,9113
82,,2110504,1,20260816,3989,223,0,0,0,0,0,4362,200,0,0,0,0,0,3,38.04518462734297,140.1366019,,,,,,,,,,,,,204,red,4212,4562,8774
82,,2110510,1,20260816,4713,220,0,0,0,0,0,4430,176,0,0,0,0,0,3,38.02769263732563,140.1668358,,,,,,,,,,,,,204,red,4933,4606,9539
82,,2110519,1,20260816,3733,85,35,0,0,0,0,3189,57,30,0,0,0,0,3,39.25195903844747,141.77938700000004,,,,,,,,,,,,,204,red,3853,3276,7129
82,,2110520,1,20260816,3746,69,32,0,0,0,0,4408,86,39,0,0,0,0,3,39.24514978844176,141.7423439,,,,,,,,,,,,,204,red,3847,4533,8380
82,,2110521,1,20260816,3819,84,0,0,0,0,0,4502,111,0,0,0,0,0,3,39.246448038442836,141.63560000000004,,,,,,,,,,,,,204,red,3903,4613,8516
82,,2110531,1,20260816,4855,118,0,0,0,0,0,4068,87,0,0,0,0,0,1,39.32515718850848,141.4883819,,,,,,,,,,,,,204,red,4973,4155,9128
82,,2110540,1,20260816,6177,163,0,0,0,0,0,4963,117,0,0,0,0,0,1,39.28807706847765,141.3475227,,,,,,,,,,,,,204,red,6340,5080,11420
82,,2110541,1,20260816,3254,75,0,0,0,0,0,2447,66,0,0,0,0,0,1,39.314345428499514,141.2615204,,,,,,,,,,,,,204,red,3329,2513,5842
82,,2110542,1,20260816,3644,89,0,0,0,0,0,2823,67,0,0,0,0,0,3,39.283375038473736,141.5516694,,,,,,,,,,,,,204,red,3733,2890,6623
82,,2110552,1,20260816,8890,300,110,0,0,0,0,5900,180,86,0,0,0,0,3,38.75991670801934,141.5025278,,,,,,,,,,,,,204,red,9300,6166,15466
82,,2110553,1,20260816,9171,293,168,0,0,0,0,6592,172,91,0,0,0,0,3,38.80716670806179,141.54275,,,,,,,,,,,,,204,red,9632,6855,16487
82,,2110554,1,20260816,6937,209,158,0,0,0,0,4762,127,112,0,0,0,0,3,38.96347225820022,141.6241944,,,,,,,,,,,,,204,red,7304,5001,12305
82,,2110555,1,20260816,4310,151,58,0,0,0,0,2876,101,42,0,0,0,0,3,39.21138892841335,141.865,,,,,,,,,,,,,204,red,4519,3019,7538
82,,2110556,1,20260816,8560,282,118,0,0,0,0,5646,159,97,0,0,0,0,3,38.8781944781251,141.5846444,,,,,,,,,,,,,204,red,8960,5902,14862
82,,2110557,1,20260816,7540,487,446,0,0,0,0,4937,179,452,0,0,0,0,3,38.789722258046154,141.5180556,,,,,,,,,,,,,204,red,8473,5568,14041
82,,2110558,1,20260816,6919,220,114,0,0,0,0,4383,130,71,0,0,0,0,3,38.88277803812915,141.585833,,,,,,,,,,,,,204,red,7253,4584,11837
82,,2110559,1,20260816,7860,293,138,0,0,0,0,4992,183,98,0,0,0,0,3,38.925278038166695,141.6025,,,,,,,,,,,,,204,red,8291,5273,13564
82,,2110560,1,20260816,5138,233,292,0,0,0,0,2628,120,126,0,0,0,0,3,38.89750003814219,141.595,,,,,,,,,,,,,204,red,5663,2874,8537
82,,2110561,1,20260816,7707,239,323,0,0,0,0,4759,605,172,0,0,0,0,3,38.91750003815984,141.591944,,,,,,,,,,,,,204,red,8269,5536,13805
82,,2110604,1,20260816,3005,153,530,0,0,0,0,3174,105,122,0,0,0,0,3,40.1607780391545,141.767278,,,,,,,,,,,,,204,red,3688,3401,7089
82,,2112104,1,20260816,5399,227,4,0,0,0,0,4288,213,248,0,0,0,0,3,40.733783919542624,141.20798154,,,,,,,,,,,,,204,red,5630,4749,10379
82,,2120001,1,20260816,7679,186,0,0,0,0,0,6762,259,0,0,0,0,0,3,40.75045198955322,140.54906872,,,,,,,,,,,,,204,red,7865,7021,14886
82,,2120005,1,20260816,7190,138,59,0,0,0,0,6408,109,37,0,0,0,0,3,40.79249892957982,140.48972552,,,,,,,,,,,,,204,red,7387,6554,13941
82,,2120010,1,20260816,4736,97,45,0,0,0,0,4166,77,37,0,0,0,0,3,40.81212879959214,140.47707546,,,,,,,,,,,,,204,red,4878,4280,9158
82,,2120015,1,20260816,3647,95,0,0,0,0,0,3207,73,0,0,0,0,0,3,40.82729603960163,140.4413,,,,,,,,,,,,,204,red,3742,3280,7022
82,,2120020,1,20260816,722,36,0,0,0,0,0,2695,38,0,0,0,0,0,3,40.78380703957434,140.261545,,,,,,,,,,,,,204,red,758,2733,3491
82,,2310200,1,20260816,10197,288,0,0,0,0,0,9763,340,0,0,0,0,0,3,39.70615403881462,140.09793,,,,,,,,,,,,,204,red,10485,10103,20588
82,,2312101,1,20260816,6288,275,0,0,0,0,0,5432,205,0,0,0,0,0,3,40.70834700952637,141.24477593,,,,,,,,,,,,,204,red,6563,5637,12200
82,,2312102,1,20260816,6308,222,0,0,0,0,0,5298,205,0,0,0,0,0,3,40.725233449537164,141.22804347,,,,,,,,,,,,,204,red,6530,5503,12033
82,,2312103,1,20260816,3274,73,0,0,0,0,0,3242,99,0,0,0,0,0,3,37.77535545707135,140.7514008,,,,,,,,,,,,,204,red,3347,3341,6688
83,,3110010,1,20260816,9592,548,775,0,0,0,0,10720,476,662,0,0,0,0,3,35.58550262456253,139.7049058,,,,,,,,,,,,,204,red,10915,11858,22773
83,,3110020,1,20260816,20799,1129,874,0,0,0,0,21463,986,785,0,0,0,0,3,35.37938903430058,139.509906,,,,,,,,,,,,,204,red,22802,23234,46036
83,,3110030,1,20260816,5555,172,346,0,0,0,0,5747,153,312,0,0,0,0,3,35.30798103420886,139.30775,,,,,,,,,,,,,204,red,6073,6212,12285
83,,3110040,1,20260816,9754,568,0,0,0,0,0,7816,243,0,0,0,0,0,3,35.24085503412222,139.123519,,,,,,,,,,,,,204,red,10322,8059,18381
83,,3110050,1,20260816,17707,1569,1200,0,0,0,0,15234,1062,307,0,0,0,0,3,36.238458295364495,139.8048878,,,,,,,,,,,,,204,red,20476,16603,37079
83,,3110060,1,20260816,23433,1473,503,0,0,0,0,24592,1074,496,0,0,0,0,3,36.51217142568756,139.9177551,,,,,,,,,,,,,204,red,25409,26162,51571
83,,3110070,1,20260816,10998,744,158,0,0,0,0,10229,338,106,0,0,0,0,3,36.833366956056416,139.9495983,,,,,,,,,,,,,204,red,11900,10673,22573
83,,3110080,1,20260816,5248,51,52,0,0,0,0,4689,52,51,0,0,0,0,3,36.29676104543397,139.7863913,,,,,,,,,,,,,204,red,5351,4792,10143
83,,3110090,1,20260816,6711,70,159,0,0,0,0,6834,61,63,0,0,0,0,3,36.52417383570154,139.8798609,,,,,,,,,,,,,204,red,6940,6958,13898
83,,3110100,1,20260816,7729,130,101,0,0,0,0,8175,113,86,0,0,0,0,3,36.58529299577252,139.9295837,,,,,,,,,,,,,204,red,7960,8374,16334
83,,3110110,1,20260816,7603,362,0,0,0,0,0,7242,304,0,0,0,0,0,3,36.019401995100274,140.15926790000003,,,,,,,,,,,,,200,red,7965,7546,15511
83,,3110120,1,20260816,9252,602,0,0,0,0,0,17,1,0,0,0,0,0,3,36.297327425434645,140.4228446,,,,,,,,,,,,,200,red,9854,18,9872
83,,3110140,1,20260816,8870,615,1724,0,0,0,0,8206,655,412,0,0,0,0,3,35.70274880470968,139.8786539,,,,,,,,,,,,,204,red,11209,9273,20482
83,,3110150,1,20260816,950,95,686,0,0,0,0,2290,200,1100,0,0,0,0,3,35.61902656460475,140.0975838,,,,,,,,,,,,,204,red,1731,3590,5321
83,,3110160,1,20260816,10337,981,971,0,0,0,0,11343,537,941,0,0,0,0,3,35.56474703453633,139.7273263,,,,,,,,,,,,,204,red,12289,12821,25110
83,,3110170,1,20260816,13716,1209,0,0,0,0,0,13929,705,0,0,0,0,0,3,35.52794003448978,139.70328,,,,,,,,,,,,,204,red,14925,14634,29559
83,,3110180,1,20260816,11001,1092,0,0,0,1,0,10169,740,0,0,0,18,0,3,35.47903203442772,139.638693,,,,,,,,,,,,,204,red,12093,10909,23002
83,,3110190,1,20260816,8244,187,541,0,0,0,0,8455,183,612,0,0,0,0,3,35.26731403415642,139.685375,,,,,,,,,,,,,204,red,8972,9250,18222
83,,3110200,1,20260816,6758,130,346,0,0,0,0,6811,137,404,0,0,0,0,3,35.36071103427663,139.629686,,,,,,,,,,,,,204,red,7234,7352,14586
83,,3110220,1,20260816,16158,1535,0,0,0,0,0,15689,1264,0,0,0,0,0,3,35.58894027456686,139.3426681,,,,,,,,,,,,,204,red,17693,16953,34646
83,,3110230,1,20260816,5487,199,349,0,0,0,0,5254,222,299,0,0,0,0,3,35.483485034433386,139.527129,,,,,,,,,,,,,204,red,6035,5775,11810
83,,3110240,1,20260816,11632,1078,0,0,0,0,0,12507,1213,0,0,0,0,0,3,35.83073572486877,139.3800849,,,,,,,,,,,,,204,red,12710,13720,26430
83,,3110250,1,20260816,15655,1246,457,0,0,0,0,15368,1211,326,0,0,0,0,3,35.707798574715994,140.1198261,,,,,,,,,,,,,204,red,17358,16905,34263
83,,3110260,1,20260816,5439,589,436,0,0,0,0,9679,402,370,0,0,0,0,3,35.53057826449313,140.0927666,,,,,,,,,,,,,204,red,6464,10451,16915
83,,3110270,1,20260816,9296,687,421,0,0,0,0,9671,833,596,0,0,0,0,3,35.79240130482129,139.6854329,,,,,,,,,,,,,204,red,10404,11100,21504
83,,3110280,1,20260816,21655,1806,0,0,0,0,0,19513,1684,0,0,0,0,0,3,35.803056924834515,139.6481824,,,,,,,,,,,,,204,red,23461,21197,44658
83,,3110290,1,20260816,16852,917,0,0,0,0,0,14859,598,0,0,0,0,0,3,36.07243401516468,139.4990623,,,,,,,,,,,,,204,red,17769,15457,33226
83,,3110300,1,20260816,6312,129,0,0,0,0,0,5905,100,0,0,0,0,0,3,36.18854634530473,139.3083894,,,,,,,,,,,,,204,red,6441,6005,12446
83,,3110310,1,20260816,8753,237,117,0,0,0,0,8613,174,119,0,0,0,0,3,36.28225430541672,139.0870374,,,,,,,,,,,,,204,red,9107,8906,18013
83,,3110320,1,20260816,13177,167,307,0,0,0,0,13429,142,277,0,0,0,0,3,36.3553183655034,139.0125096,,,,,,,,,,,,,204,red,13651,13848,27499
83,,3110350,1,20260816,9347,477,0,0,0,0,0,10509,380,0,0,0,0,0,3,36.343173145489025,138.5572287,,,,,,,,,,,,,204,red,9824,10889,20713
83,,3110360,1,20260816,7634,206,0,0,0,0,0,7340,177,0,0,0,0,0,3,36.37715425552919,138.2764444,,,,,,,,,,,,,204,red,7840,7517,15357
83,,3110370,1,20260816,6801,187,0,0,0,0,0,7162,177,0,0,0,0,0,3,36.6491958258463,138.2215959,,,,,,,,,,,,,204,red,6988,7339,14327
83,,3110380,1,20260816,6871,204,0,0,0,0,0,6850,192,0,0,0,0,0,3,36.20646628532621,137.9629773,,,,,,,,,,,,,204,red,7075,7042,14117
83,,3110390,1,20260816,2537,146,0,0,0,0,0,2414,81,0,0,0,0,0,3,36.53866995571842,137.9675826,,,,,,,,,,,,,204,red,2683,2495,5178
83,,3110400,1,20260816,12335,327,691,0,0,0,0,12545,449,996,0,0,0,0,3,35.669090024667575,139.59433440000004,,,,,,,,,,,,,204,red,13353,13990,27343
83,,3110410,1,20260816,6255,103,411,0,0,0,0,3824,93,197,0,0,0,0,3,35.617552604602885,139.1855389,,,,,,,,,,,,,204,red,6769,4114,10883
83,,3110420,1,20260816,5864,236,0,0,0,0,0,4542,146,0,0,0,0,0,3,35.611220394594916,138.9628673,,,,,,,,,,,,,141,red,6100,4688,10788
83,,3110430,1,20260816,2148,1345,0,0,0,0,0,1329,1319,0,0,0,0,0,3,35.603966294585796,138.8040242,,,,,,,,,,,,,141,red,3493,2648,6141
83,,3110440,1,20260816,10458,276,0,0,0,0,0,10390,253,0,0,0,0,0,3,35.66782617466599,138.5078037,,,,,,,,,,,,,141,red,10734,10643,21377
83,,3110450,1,20260816,3453,210,0,0,0,0,0,3288,135,0,0,0,0,0,3,35.90777048496373,138.2345215,,,,,,,,,,,,,204,red,3663,3423,7086
83,,3110460,1,20260816,5092,162,0,0,0,0,0,5020,128,0,0,0,0,0,3,36.07055654516242,138.0938691,,,,,,,,,,,,,204,red,5254,5148,10402
83,,3110470,1,20260816,6425,252,95,0,0,0,0,6600,252,72,0,0,0,0,3,36.378318235530564,139.2290443,,,,,,,,,,,,,204,red,6772,6924,13696
83,,3110480,1,20260816,13367,589,167,0,0,0,0,13370,653,191,0,0,0,0,3,36.314701575455274,139.4271684,,,,,,,,,,,,,204,red,14123,14214,28337
83,,3110490,1,20260816,6927,218,0,0,0,0,0,6855,168,0,0,0,0,0,3,36.3924270955472,140.2677888,,,,,,,,,,,,,200,red,7145,7023,14168
83,,3110520,1,20260816,4427,269,0,0,0,0,0,4084,151,0,0,0,0,0,3,35.95803238502537,140.6007609,,,,,,,,,,,,,200,red,4696,4235,8931
83,,3110550,1,20260816,1596,68,152,0,0,0,0,3524,45,31,0,0,0,0,3,35.150913034005455,139.829981,,,,,,,,,,,,,204,red,1816,3600,5416
83,,3110560,1,20260816,5930,299,0,0,0,0,0,6419,159,0,0,0,0,0,3,35.43543715437221,138.84019380000004,,,,,,,,,,,,,141,red,6229,6578,12807
83,,3110570,1,20260816,3537,116,0,0,0,0,0,3989,829,0,0,0,0,0,3,35.39117538431567,138.86336800000004,,,,,,,,,,,,,141,red,3653,4818,8471
83,,3110580,1,20260816,3514,224,0,0,0,0,0,4005,255,0,0,0,0,0,3,35.47790102442629,138.6703992,,,,,,,,,,,,,141,red,3738,4260,7998
83,,3110590,1,20260816,5013,111,0,0,0,0,0,5163,73,0,0,0,0,0,3,35.51892892447836,138.83839670000003,,,,,,,,,,,,,141,red,5124,5236,10360
83,,3110610,1,20260816,19409,878,855,0,0,0,0,10817,412,2275,0,0,0,0,3,35.536946034501184,139.510691,,,,,,,,,,,,,204,red,21142,13504,34646
83,,3110620,1,20260816,16755,1447,575,0,0,0,0,17333,1346,556,0,0,0,0,3,35.472892034419914,139.412266,,,,,,,,,,,,,204,red,18777,19235,38012
83,,3110630,1,20260816,11202,445,438,0,0,0,0,10140,390,664,0,0,0,0,3,35.4275870343622,139.351511,,,,,,,,,,,,,204,red,12085,11194,23279
83,,3110640,1,20260816,7624,216,458,0,0,0,0,7955,149,400,0,0,0,0,3,35.37445003429424,139.203293,,,,,,,,,,,,,204,red,8298,8504,16802
83,,3110650,1,20260816,7118,409,364,0,0,0,0,5047,225,208,0,0,0,0,3,35.36087503427685,139.014722,,,,,,,,,,,,,204,red,7891,5480,13371
83,,3110660,1,20260816,16604,1589,816,0,0,0,0,12227,1242,1133,0,0,0,0,3,35.68396699468621,139.992342,,,,,,,,,,,,,204,red,19009,14602,33611
83,,3110670,1,20260816,6271,1233,265,0,0,0,0,5733,1560,371,0,0,0,0,3,35.588442964566234,139.7548217,,,,,,,,,,,,,204,red,7769,7664,15433
83,,3110980,1,20260816,8437,338,101,0,0,0,0,7111,305,141,0,0,0,0,1,36.24888937537695,138.4463891,,,,,,,,,,,,,204,red,8876,7557,16433
83,,3110990,1,20260816,5800,287,0,0,0,0,0,0,0,0,0,0,0,0,1,36.242588925369425,138.4374556,,,,,,,,,,,,,204,red,6087,0,6087
83,,3111000,1,20260816,0,0,0,0,0,0,0,5039,237,0,0,0,0,0,1,36.22486392534824,138.4372861,,,,,,,,,,,,,204,red,0,5276,5276
83,,3111010,1,20260816,5036,271,0,0,0,0,0,4590,254,0,0,0,0,0,1,36.16839725528054,138.4688,,,,,,,,,,,,,204,red,5307,4844,10151
83,,3111030,1,20260816,3644,266,0,0,0,0,0,0,0,0,0,0,0,0,1,36.14629447525393,138.4676028,,,,,,,,,,,,,204,red,3910,0,3910
83,,3111040,1,20260816,0,0,0,0,0,0,0,3477,245,0,0,0,0,0,1,36.13644447524206,138.4613806,,,,,,,,,,,,,204,red,0,3722,3722
83,,3111050,1,20260816,7923,417,142,0,0,0,0,6694,277,78,0,0,0,0,1,35.443037034381895,138.453937,,,,,,,,,,,,,204,red,8482,7049,15531
83,,3111060,1,20260816,7652,333,103,0,0,0,0,6507,229,304,0,0,0,0,1,35.48100503443024,138.45894900000002,,,,,,,,,,,,,204,red,8088,7040,15128
83,,3111070,1,20260816,8018,433,165,0,0,0,0,6396,317,103,0,0,0,0,1,35.35961103427522,138.456636,,,,,,,,,,,,,204,red,8616,6816,15432
83,,3111080,1,20260816,8083,435,180,0,0,0,0,6510,281,83,0,0,0,0,1,35.337913034247364,138.45119000000003,,,,,,,,,,,,,204,red,8698,6874,15572
83,,3111090,1,20260816,7699,391,171,0,0,0,0,5941,242,73,0,0,0,0,1,35.27778503416994,138.444487,,,,,,,,,,,,,204,red,8261,6256,14517
83,,3310680,1,20260816,12475,533,723,0,0,0,0,13074,508,735,0,0,0,0,3,35.55346203452207,139.695301,,,,,,,,,,,,,204,red,13731,14317,28048
83,,3310690,1,20260816,7723,385,566,0,0,0,0,7521,283,544,0,0,0,0,3,35.476498034424495,139.611304,,,,,,,,,,,,,204,red,8674,8348,17022
83,,3310720,1,20260816,10762,839,1326,0,0,0,0,10733,775,1093,0,0,0,0,3,35.78172684480805,139.8030451,,,,,,,,,,,,,204,red,12927,12601,25528
83,,3310730,1,20260816,9925,633,999,0,0,0,0,10843,653,963,0,0,0,0,3,35.723854004736026,139.819876,,,,,,,,,,,,,204,red,11557,12459,24016
83,,3310740,1,20260816,15381,818,1346,0,0,0,0,0,0,0,0,204,204,0,3,35.76173829478322,139.8620188,,,,,,,,,,,,,204,red,17545,0,17545
83,,3310750,1,20260816,13738,842,882,0,0,0,0,16898,641,1067,0,0,0,0,3,35.768080334791094,139.8831359,,,,,,,,,,,,,204,red,15462,18606,34068
83,,3310760,1,20260816,6072,218,0,0,0,0,0,5963,86,0,0,0,0,0,3,36.333593035477676,140.487226,,,,,,,,,,,,,200,red,6290,6049,12339
83,,3310770,1,20260816,11879,699,2080,0,0,0,0,5450,476,1607,0,0,0,0,3,35.696867714702336,139.8301488,,,,,,,,,,,,,204,red,14658,7533,22191
83,,3310780,1,20260816,10113,502,990,0,0,0,0,10609,459,762,0,0,0,0,3,35.550513454518345,139.7165117,,,,,,,,,,,,,204,red,11605,11830,23435
83,,3310790,1,20260816,7945,338,0,0,0,0,0,9508,397,0,0,0,0,0,3,35.30616103420651,139.624807,,,,,,,,,,,,,204,red,8283,9905,18188
83,,3310810,1,20260816,14295,1353,855,0,0,0,0,15571,1626,774,0,0,0,0,3,35.88142903493132,139.9657318,,,,,,,,,,,,,204,red,16503,17971,34474
83,,3310820,1,20260816,12856,938,1087,0,0,0,0,10774,843,830,0,0,0,0,3,35.769723434793136,139.7015664,,,,,,,,,,,,,204,red,14881,12447,27328
83,,3310830,1,20260816,5811,322,113,0,0,0,0,4533,96,107,0,0,0,0,3,36.65616783585431,139.0205401,,,,,,,,,,,,,204,red,6246,4736,10982
83,,3310840,1,20260816,12699,419,799,0,0,0,0,10248,667,895,0,0,0,0,3,35.67115788467016,139.6194506,,,,,,,,,,,,,204,red,13917,11810,25727
83,,3310850,1,20260816,14028,349,0,0,0,0,0,13481,268,0,0,0,0,0,3,35.644829464637155,138.6173022,,,,,,,,,,,,,141,red,14377,13749,28126
83,,3310860,1,20260816,2969,119,0,0,0,0,0,2669,108,0,0,0,0,0,3,35.85597447489995,138.2880181,,,,,,,,,,,,,141,red,3088,2777,5865
83,,3310880,1,20260816,2939,76,0,0,0,0,0,2949,68,0,0,0,0,0,3,35.58082577455663,138.474952,,,,,,,,,,,,,141,red,3015,3017,6032
83,,3310890,1,20260816,15624,573,907,0,0,0,0,15459,487,957,0,0,0,0,3,35.625824724613295,139.6414769,,,,,,,,,,,,,204,red,17104,16903,34007
83,,3310900,1,20260816,23339,962,1349,0,0,0,0,22797,914,1048,0,0,0,0,3,35.60764403459042,139.613062,,,,,,,,,,,,,204,red,25650,24759,50409
83,,3310910,1,20260816,6223,591,613,0,0,0,0,5811,233,162,0,0,0,0,3,35.34910803426173,139.141352,,,,,,,,,,,,,204,red,7427,6206,13633
83,,3310920,1,20260816,10090,454,1156,0,0,0,0,10420,578,1248,0,0,0,0,3,35.74888073476721,139.6969986,,,,,,,,,,,,,204,red,11700,12246,23946
83,,3310930,1,20260816,14148,570,761,0,0,0,0,13618,583,677,0,0,0,0,3,35.757753044778255,139.6835902,,,,,,,,,,,,,204,red,15479,14878,30357
83,,3310940,1,20260816,19923,1181,500,0,0,0,0,19249,1314,404,0,0,0,0,3,35.653820154648436,140.0442401,,,,,,,,,,,,,204,red,21604,20967,42571
83,,3310950,1,20260816,20952,2155,645,0,0,0,0,17472,2956,1224,0,0,0,0,3,35.64815995464133,139.9005461,,,,,,,,,,,,,204,red,23752,21652,45404
83,,3310960,1,20260816,3059,742,324,0,0,0,0,1026,365,517,0,0,0,0,3,35.646721404639536,139.8238456,,,,,,,,,,,,,204,red,4125,1908,6033
84,,4110010,1,20260816,29486,1329,0,0,0,0,0,25936,1370,0,0,0,0,0,3,37.932215037230314,139.139722,,,,,,,,,,,,,204,red,30815,27306,58121
84,,4110020,1,20260816,7886,77,0,0,0,0,0,7842,72,0,0,0,0,0,3,37.96100603725917,139.354741,,,,,,,,,,,,,204,red,7963,7914,15877
84,,4110030,1,20260816,6097,428,0,0,0,0,0,3942,231,0,0,0,0,0,3,38.540634037818585,139.550276,,,,,,,,,,,,,204,red,6525,4173,10698
84,,4110040,1,20260816,34367,1174,0,0,0,0,0,36325,995,0,0,0,0,0,3,37.89993403719785,139.068639,139.0649569,37.8988954271968,,,,,,,,,,,204,red,35541,37320,72861
84,,4110060,1,20260816,6976,169,377,0,0,0,0,7106,437,562,0,0,0,0,3,37.56415502685272,138.8938299,,,,,,,,,,,,,204,red,7522,8105,15627
84,,4110070,1,20260816,7649,88,96,0,0,0,0,7606,92,84,0,0,0,0,3,37.44889503673119,138.76828100000003,,,,,,,,,,,,,204,red,7833,7782,15615
84,,4110090,1,20260816,1815,194,0,0,0,0,0,2154,143,0,0,0,0,0,3,36.97923003622018,137.642048,,,,,,,,,,,,,204,red,2009,2297,4306
84,,4110110,1,20260816,12244,291,106,0,0,0,0,12573,168,94,0,0,0,0,3,36.737147395947105,137.3387361,137.3387361,36.737147395947105,,,,,,,,,,,204,red,12641,12835,25476
84,,4110120,1,20260816,13272,287,106,0,0,0,0,13224,235,81,0,0,0,0,3,36.74295939595373,137.1063924,,,,,,,,,,,,,204,red,13665,13540,27205
84,,4110130,1,20260816,12898,249,78,0,0,0,0,12043,203,128,0,0,0,0,3,36.75988562597303,137.0465469,,,,,,,,,,,,,204,red,13225,12374,25599
84,,4110140,1,20260816,9522,226,71,0,0,0,0,9995,278,59,0,0,0,0,3,36.6765250558777,136.8260425,,,,,,,,,,,,,204,red,9819,10332,20151
84,,4110150,1,20260816,22602,741,0,0,0,0,0,23773,874,0,0,0,0,0,3,36.589046875776866,136.6271782,136.6276288,36.58868075577644,,,,,,,,,,,204,red,23343,24647,47990
84,,4110160,1,20260816,11486,363,0,0,0,0,0,10973,423,0,0,0,0,0,3,36.33272803547666,136.42083400000004,,,,,,,,,,,,,204,red,11849,11396,23245
84,,4110180,1,20260816,2741,47,0,0,0,0,0,3239,40,0,0,0,0,0,3,37.35568202663179,138.5718066,,,,,,,,,,,,,204,red,2788,3279,6067
84,,4110190,1,20260816,1245,58,70,0,0,0,0,700,24,70,0,0,0,0,3,36.785345316001994,138.8016209,,,,,,,,,,,,,204,red,1373,794,2167
84,,4110200,1,20260816,4508,446,232,0,0,0,0,4447,121,440,0,0,0,0,3,37.05929117630906,138.8725331,,,,,,,,,,,,,204,red,5186,5008,10194
84,,4110210,1,20260816,6838,510,702,0,0,0,0,7226,191,1125,0,0,0,0,3,37.379305636657065,138.8344324,,,,,,,,,,,,,204,red,8050,8542,16592
84,,4110220,1,20260816,4240,156,0,0,0,0,0,3801,111,0,0,0,0,0,3,36.859512036085945,138.194944,,,,,,,,,,,,,204,red,4396,3912,8308
84,,4110230,1,20260816,5796,117,62,0,0,0,0,5665,85,58,0,0,0,0,3,36.59277686578118,137.2042608,,,,,,,,,,,,,204,red,5975,5808,11783
84,,4110240,1,20260816,8164,183,71,0,0,0,0,8715,173,51,0,0,0,0,3,36.68543044588792,137.2119749,,,,,,,,,,,,,204,red,8418,8939,17357
84,,4110250,1,20260816,2834,152,0,0,0,0,0,2973,119,0,0,0,0,0,3,37.66099003695361,139.47592,,,,,,,,,,,,,204,red,2986,3092,6078
84,,4110260,1,20260816,4416,183,0,0,0,0,0,4013,127,0,0,0,0,0,3,38.081379037378746,139.576978,,,,,,,,,,,,,204,red,4599,4140,8739
84,,4110270,1,20260816,3566,230,0,0,0,0,0,3713,94,0,0,0,0,0,3,37.60222103689251,138.798415,,,,,,,,,,,,,204,red,3796,3807,7603
84,,4110280,1,20260816,7551,60,41,0,0,0,0,8127,64,64,0,0,0,0,3,36.650611795847915,136.963672,,,,,,,,,,,,,204,red,7652,8255,15907
84,,4110290,1,20260816,8047,219,0,0,0,0,0,7850,219,0,0,0,0,0,3,36.52124203569812,136.587868,,,,,,,,,,,,,204,red,8266,8069,16335
84,,4110300,1,20260816,12408,1379,0,0,204,0,0,15273,210,0,0,0,0,0,3,36.59043403577848,136.685666,136.68521,36.59039903577843,,,,,,,,,,,204,red,13787,15483,29270
84,,4110310,1,20260816,531,12,6,0,0,0,0,596,8,17,0,0,0,0,3,37.0464990362949,137.047738,,,,,,,,,,,,,204,red,549,621,1170
84,,4110320,1,20260816,3868,73,26,0,0,0,0,3910,66,37,0,0,0,0,3,36.8686864160963,136.96136,,,,,,,,,,,,,204,red,3967,4013,7980
84,,4110330,1,20260816,5798,98,113,0,0,0,0,5940,99,88,0,0,0,0,3,36.83313510605615,136.9442582,,,,,,,,,,,,,204,red,6009,6127,12136
84,,4110340,1,20260816,5478,1585,0,0,0,0,0,4126,3175,0,0,0,0,0,3,36.75969223597281,136.9658715,,,,,,,,,,,,,204,red,7063,7301,14364
84,,4110350,1,20260816,3814,108,3,0,0,0,0,4210,363,0,0,204,0,0,3,37.240650036507716,136.905469,,,,,,,,,,,,,204,red,3925,4573,8498
84,,4110351,1,20260816,1537,45,0,0,0,0,0,1429,30,0,0,0,0,0,3,37.31000403658269,136.9066,,,,,,,,,,,,,204,red,1582,1459,3041
84,,4110370,1,20260816,3940,87,0,0,0,0,0,3828,46,0,0,0,0,0,6,37.83527203713243,139.227435,,,,,,,,,,,,,204,red,4027,3874,7901
84,,4110371,1,20260816,4478,122,0,0,0,0,0,4890,113,0,0,0,0,0,3,37.829370037126424,139.20906,,,,,,,,,,,,,204,red,4600,5003,9603
84,,4110380,1,20260816,3767,115,0,0,0,0,0,4089,64,0,0,0,0,0,3,37.73164303702653,139.333641,,,,,,,,,,,,,204,red,3882,4153,8035
84,,4110390,1,20260816,3579,156,0,0,0,0,0,3869,108,0,0,0,0,0,3,37.699376036993314,139.38248,,,,,,,,,,,,,204,red,3735,3977,7712
84,,4110400,1,20260816,3671,75,0,0,0,0,0,3376,89,0,0,0,0,0,3,37.012781036257515,137.026061,,,,,,,,,,,,,204,red,3746,3465,7211
84,,4110410,1,20260816,15402,378,0,0,0,0,0,14508,468,0,0,0,0,0,3,36.38238103553535,136.486002,,,,,,,,,,,,,204,red,15780,14976,30756
84,,4110430,1,20260816,1130,47,0,0,0,0,0,760,51,0,0,0,0,0,3,37.01726703626248,136.967459,,,,,,,,,,,,,204,red,1177,811,1988
84,,4110440,1,20260816,6257,101,38,0,0,0,0,6299,113,81,0,0,0,0,3,36.80001257601863,136.9558319,,,,,,,,,,,,,204,red,6396,6493,12889
84,,4110450,1,20260816,3783,85,60,0,0,0,0,3670,184,50,0,0,0,0,3,36.88168028611092,136.97572590000001,,,,,,,,,,,,,204,red,3928,3904,7832
84,,4110460,1,20260816,3539,68,31,0,0,0,0,3349,70,33,0,0,0,0,3,36.93083435616611,137.0132339,,,,,,,,,,,,,204,red,3638,3452,7090
84,,4110470,1,20260816,7047,213,60,0,0,0,0,7305,116,55,0,0,0,0,3,36.84399970606843,137.4189931,,,,,,,,,,,,,204,red,7320,7476,14796
84,,4110480,1,20260816,5860,156,0,0,0,0,0,5697,294,0,0,0,0,0,3,37.7661015170619,139.0265521,,,,,,,,,,,,,204,red,6016,5991,12007
84,,4110490,1,20260816,5077,132,0,0,0,0,0,5174,251,0,0,0,0,0,3,37.77256794706851,139.0261587,,,,,,,,,,,,,204,red,5209,5425,10634
84,,4110880,1,20260816,6419,156,0,0,0,0,0,6144,159,0,0,0,0,0,3,37.159443036419226,138.223379,,,,,,,,,,,,,204,red,6575,6303,12878
84,,4160390,1,20260816,4108,232,0,0,0,0,0,2542,100,0,0,0,0,0,1,38.268866037561445,139.522026,,,,,,,,,,,,,204,red,4340,2642,6982
84,,4310010,1,20260816,19681,427,0,0,0,0,0,16442,470,0,0,0,0,0,3,37.90111003719903,139.07252,139.07275,37.90117003719909,,,,,,,,,,,204,red,20108,16912,37020
84,,4310012,1,20260816,5276,69,0,0,0,0,0,4759,45,0,0,0,0,0,3,37.92162903721969,139.058415,139.059129,37.921847037219905,,,,,,,,,,,204,red,5345,4804,10149
84,,4310014,1,20260816,28602,855,0,0,0,0,0,16264,447,0,0,0,204,0,3,37.91719603721522,139.11685,,,,,,,,,,,,,204,red,29457,16711,46168
84,,4310020,1,20260816,14018,211,0,0,0,0,0,7541,49,0,0,0,97,0,3,37.96990561726807,139.2601579,,,,,,,,,,,,,204,red,14229,7590,21819
84,,4310030,1,20260816,15137,217,0,0,0,0,0,12644,144,0,0,0,0,0,3,37.959626427257795,139.290365,,,,,,,,,,,,,204,red,15354,12788,28142
84,,4310060,1,20260816,10374,262,0,0,0,0,0,12037,425,0,0,0,0,0,3,37.855369037152805,139.017016,,,,,,,,,,,,,204,red,10636,12462,23098
84,,4310070,1,20260816,6859,205,0,1,0,0,1,6412,261,0,1,0,0,1,3,37.213535036478255,138.30873,,,,,,,,,,,,,204,red,7064,6673,13737
84,,4310080,1,20260816,8348,161,0,0,0,0,0,7953,164,0,0,0,0,0,3,37.15957303641935,138.228132,,,,,,,,,,,,,204,red,8509,8117,16626
84,,4310090,1,20260816,4743,174,0,0,0,0,0,4688,167,0,0,0,0,0,3,37.119068036374955,138.031711,,,,,,,,,,,,,204,red,4917,4855,9772
84,,4310100,1,20260816,4763,143,0,0,0,0,0,4530,145,0,0,0,0,0,3,37.04548803629378,137.853387,,,,,,,,,,,,,204,red,4906,4675,9581
84,,4310110,1,20260816,2796,39,68,0,0,0,0,1877,18,45,0,0,0,0,3,37.055192036304526,137.905522,,,,,,,,,,,,,204,red,2903,1940,4843
84,,4310120,1,20260816,4662,443,0,0,0,0,0,4561,142,0,0,0,0,0,3,36.94553606618256,137.53465,,,,,,,,,,,,,204,red,5105,4703,9808
84,,4310130,1,20260816,9059,256,15,0,0,0,0,9728,139,85,0,0,0,0,3,36.77997831599589,137.3953897,137.3949552,36.779578725995435,,,,,,,,,,,204,red,9330,9952,19282
84,,4310160,1,20260816,4636,77,0,0,0,0,0,4300,93,0,0,0,0,0,3,36.6900247158932,136.89856410000002,,,,,,,,,,,,,204,red,4713,4393,9106
84,,4310170,1,20260816,2987,163,62,0,0,0,0,0,0,0,0,0,0,0,3,36.92741586616228,137.4845517,,,,,,,,,,,,,204,red,3212,0,3212
84,,4310190,1,20260816,9095,630,0,0,204,0,0,9440,319,0,0,204,0,0,3,36.68614025588873,136.7302394,,,,,,,,,,,,,204,red,9725,9759,19484
84,,4310200,1,20260816,8509,188,0,0,0,0,0,9210,258,0,0,0,0,0,3,36.68324936588542,136.7232978,,,,,,,,,,,,,204,red,8697,9468,18165
84,,4310210,1,20260816,19923,714,0,0,0,0,0,19213,697,0,0,0,0,0,3,36.562841365746486,136.5982425,,,,,,,,,,,,,204,red,20637,19910,40547
84,,4310220,1,20260816,16124,606,0,0,0,0,0,17175,538,0,0,0,0,0,3,36.50450003567862,136.550432,,,,,,,,,,,,,204,red,16730,17713,34443
84,,4310230,1,20260816,12986,582,0,0,0,0,0,13346,430,0,0,0,0,0,3,36.42391556558427,136.483165,,,,,,,,,,,,,204,red,13568,13776,27344
84,,4310250,1,20260816,7495,299,0,0,0,0,0,7591,386,0,0,0,0,0,3,36.2785439554123,136.2915319,,,,,,,,,,,,,204,red,7794,7977,15771
84,,4310270,1,20260816,2272,22,8,0,0,0,0,1701,17,13,0,0,0,0,3,37.072231146323354,138.87240170000004,,,,,,,,,,,,,204,red,2302,1731,4033
84,,4310280,1,20260816,6063,306,0,0,0,0,1,6418,181,0,0,0,0,1,3,36.93595003617183,138.219789,,,,,,,,,,,,,204,red,6369,6599,12968
84,,4310300,1,20260816,13413,451,0,0,0,0,0,14196,365,0,0,0,0,0,3,37.135361036392844,138.266363,,,,,,,,,,,,,204,red,13864,14561,28425
84,,4310310,1,20260816,3621,141,98,0,0,0,0,3938,72,115,0,0,0,0,3,36.469212195637375,137.2416294,,,,,,,,,,,,,204,red,3860,4125,7985
84,,4310320,1,20260816,3605,142,62,0,0,0,0,3905,70,82,0,0,0,0,3,36.51196446568731,137.2282451,,,,,,,,,,,,,204,red,3809,4057,7866
84,,4310330,1,20260816,7259,133,0,0,0,0,0,7205,136,0,0,0,0,0,3,36.636592975831775,137.209239,,,,,,,,,,,,,204,red,7392,7341,14733
84,,4310350,1,20260816,12107,359,0,0,0,0,0,11415,958,0,0,0,0,0,3,37.85868303715617,139.114645,,,,,,,,,,,,,204,red,12466,12373,24839
84,,4310360,1,20260816,2923,265,698,0,0,0,0,3873,111,196,0,0,0,0,3,37.44596703672809,138.637808,,,,,,,,,,,,,204,red,3886,4180,8066
84,,4310370,1,20260816,5698,287,0,0,0,0,0,5875,240,0,0,0,0,0,3,37.659782356952356,138.8757271,,,,,,,,,,,,,204,red,5985,6115,12100
84,,4310380,1,20260816,4875,235,0,0,0,0,0,4900,259,0,0,0,0,0,3,37.75046003704586,138.90062,,,,,,,,,,,,,204,red,5110,5159,10269
84,,4310390,1,20260816,290,61,0,0,0,0,0,295,87,0,0,0,0,0,3,37.8373130371345,138.931687,,,,,,,,,,,,,204,red,351,382,733
84,,4310400,1,20260816,542,9,43,0,0,0,0,630,13,38,0,0,0,0,3,36.554335475736636,137.0083094,,,,,,,,,,,,,204,red,594,681,1275
84,,4310410,1,20260816,3464,74,18,0,0,0,0,3692,68,17,0,0,0,0,3,36.956120636194385,136.8892354,,,,,,,,,,,,,204,red,3556,3777,7333
84,,4310411,1,20260816,3423,34,0,0,0,0,0,3783,48,0,0,0,0,0,3,36.92171203615589,136.844019,,,,,,,,,,,,,204,red,3457,3831,7288
84,,4310420,1,20260816,2140,12,0,0,0,0,0,2166,26,0,0,0,0,0,3,36.81057320603062,136.7629731,,,,,,,,,,,,,204,red,2152,2192,4344
84,,4310430,1,20260816,15710,526,0,0,0,0,0,17229,254,0,0,0,0,0,3,36.68889768589191,136.7214257,,,,,,,,,,,,,204,red,16236,17483,33719
84,,4310440,1,20260816,9174,101,0,0,0,0,0,10340,133,0,0,0,0,0,3,36.62649371582013,136.7029238,,,,,,,,,,,,,204,red,9275,10473,19748
84,,4310441,1,20260816,12615,177,0,0,0,0,0,14204,126,0,0,0,0,0,3,36.60182503579164,136.700048,,,,,,,,,,,,,204,red,12792,14330,27122
84,,4310450,1,20260816,15800,201,0,0,0,0,0,16660,201,611,0,0,0,0,3,36.57428003575976,136.686305,136.6864014,36.57449126576,,,,,,,,,,,204,red,16001,17472,33473
84,,4310460,1,20260816,448,5,87,0,0,0,0,517,10,106,0,0,0,0,3,36.9580881961966,137.048108,,,,,,,,,,,,,204,red,540,633,1173
84,,4310470,1,20260816,11789,133,98,0,0,0,0,11750,99,107,0,0,0,0,3,36.77955370599541,137.0001501,,,,,,,,,,,,,204,red,12020,11956,23976
85,22,5110100,1,20260816,15395,518,495,0,0,0,0,16284,783,519,0,0,0,0,3,35.15213957400704,138.9246216,,,,,,,,,,,,,204,red,16408,17586,33994
85,22,5110109,1,20260816,7359,327,198,0,0,0,0,6572,153,148,0,0,0,0,3,35.118767763963525,138.9293772,,,,,,,,,,,,,204,red,7884,6873,14757
85,22,5110111,1,20260816,15362,328,307,0,0,0,0,15802,229,329,0,0,0,0,3,35.10924329395108,138.9124954,,,,,,,,,,,,,204,red,15997,16360,32357
85,22,5110115,1,20260816,15196,787,0,0,0,0,0,14990,587,0,0,0,0,0,3,35.138890033989775,138.739584,,,,,,,,,,,,,204,red,15983,15577,31560
85,22,5110120,1,20260816,20450,1009,0,0,0,0,0,21294,808,0,0,0,0,0,3,35.06126803388831,138.536991,,,,,,,,,,,,,204,red,21459,22102,43561
85,22,5110125,1,20260816,12806,183,0,0,0,0,0,12353,148,0,0,0,0,0,3,34.99945503380712,138.431978,,,,,,,,,,,,,204,red,12989,12501,25490
85,22,5110130,1,20260816,20766,1300,0,0,0,0,0,21453,1265,0,0,0,0,0,3,35.00292603381168,138.37946,,,,,,,,,,,,,204,red,22066,22718,44784
85,22,5110135,1,20260816,21879,1039,0,0,0,0,0,22802,863,0,0,0,0,0,3,34.9427310337323,138.326229,,,,,,,,,,,,,204,red,22918,23665,46583
85,22,5110140,1,20260816,13150,693,0,0,0,0,0,12762,530,0,0,0,0,0,3,34.87443903364182,138.231472,,,,,,,,,,,,,204,red,13843,13292,27135
85,22,5110145,1,20260816,13154,657,0,0,0,0,0,14236,635,0,0,0,0,0,3,34.831770733585074,138.1182557,,,,,,,,,,,,,204,red,13811,14871,28682
85,22,5110148,1,20260816,25222,1086,0,0,0,0,0,26513,863,0,0,0,0,0,3,34.73805952345989,137.853806,,,,,,,,,,,,,204,red,26308,27376,53684
85,22,5110150,1,20260816,26417,920,433,0,0,0,0,27225,1484,0,0,0,0,0,3,34.731415953450984,137.7966642,,,,,,,,,,,,,204,red,27770,28709,56479
85,22,5110155,1,20260816,15068,967,0,0,0,0,0,6906,425,0,0,0,204,0,3,34.67742179337847,137.6802735,,,,,,,,,,,,,204,red,16035,7331,23366
85,22,5110158,1,20260816,18158,866,0,0,0,0,0,17940,688,0,0,0,0,0,3,34.67846877337988,137.608459,,,,,,,,,,,,,204,red,19024,18628,37652
85,22,5110160,1,20260816,13362,723,0,0,0,0,0,14076,710,0,0,0,0,0,3,34.67701253337791,137.5025406,,,,,,,,,,,,,204,red,14085,14786,28871
85,23,5110170,1,20260816,12486,531,0,0,0,0,0,13774,612,0,0,0,0,0,3,34.7982592835404,137.36621260000004,,,,,,,,,,,,,204,red,13017,14386,27403
85,23,5110175,1,20260816,11802,334,0,0,0,0,0,13160,354,0,0,0,0,0,3,34.92391956370741,137.2032416,,,,,,,,,,,,,204,red,12136,13514,25650
85,23,5110180,1,20260816,6140,473,0,0,0,0,0,6510,148,0,0,0,0,0,3,35.12246228396835,136.7712316,,,,,,,,,,,,,204,red,6613,6658,13271
85,24,5110185,1,20260816,8302,247,0,0,0,0,0,7709,258,0,0,0,0,0,3,35.02683417384312,136.6459825,,,,,,,,,,,,,204,red,8549,7967,16516
85,24,5110190,1,20260816,10124,766,0,0,0,0,0,9717,518,0,0,0,0,0,3,34.914394373694805,136.5686551,,,,,,,,,,,,,204,red,10890,10235,21125
85,23,5110250,1,20260816,11403,366,0,0,0,0,0,11788,340,0,0,0,0,0,3,35.23002111410819,136.9279236,,,,,,,,,,,,,204,red,11769,12128,23897
85,23,5110255,1,20260816,12017,338,0,0,0,0,0,9042,424,0,0,0,0,0,3,35.22358825409986,136.8807274,,,,,,,,,,,,,204,red,12355,9466,21821
85,22,5111410,1,20260816,7759,167,101,0,0,0,0,5232,107,50,0,0,0,0,3,34.9385786437268,138.9422778,,,,,,,,,,,,,204,red,8027,5389,13416
85,22,5111435,1,20260816,12624,428,0,0,0,0,0,14504,377,0,0,0,0,0,3,35.112323893955114,138.9483055,,,,,,,,,,,,,204,red,13052,14881,27933
85,22,5111440,1,20260816,7140,177,5,0,0,0,0,6536,173,61,0,0,0,0,3,35.09294534392978,138.9461249,,,,,,,,,,,,,204,red,7322,6770,14092
85,22,5111460,1,20260816,1927,70,0,0,0,0,0,2967,104,0,0,0,0,0,3,34.773393033507176,138.94734200000002,,,,,,,,,,,,,204,red,1997,3071,5068
85,23,5111910,1,20260816,19187,1117,0,0,0,0,0,18754,1172,0,0,0,0,0,3,35.251491704135965,136.9747388,,,,,,,,,,,,,204,red,20304,19926,40230
85,21,5111920,1,20260816,14524,445,0,0,0,0,0,12196,401,0,0,0,0,0,3,35.33014667423738,137.0762497,,,,,,,,,,,,,204,red,14969,12597,27566
85,21,5111930,1,20260816,11947,410,0,0,0,0,0,10576,426,0,0,0,0,0,3,35.36635604428386,137.2135359,,,,,,,,,,,,,204,red,12357,11002,23359
85,21,5111940,1,20260816,14389,677,0,0,0,0,0,14042,596,0,0,0,0,0,3,35.477490394425764,137.4827895,,,,,,,,,,,,,204,red,15066,14638,29704
85,21,5111950,1,20260816,6096,396,0,0,0,0,0,4720,273,0,0,0,0,0,3,35.54294722450878,137.5415325,,,,,,,,,,,,,204,red,6492,4993,11485
85,20,5111960,1,20260816,4720,442,0,0,0,0,0,3921,316,0,0,0,0,0,3,35.79372550482294,137.6867026,,,,,,,,,,,,,204,red,5162,4237,9399
85,20,5111970,1,20260816,0,0,0,0,0,204,0,6063,0,0,0,0,0,0,3,35.86568255491192,137.7375698,,,,,,,,,,,,,204,red,0,6063,6063
85,21,5112190,1,20260816,3952,152,0,0,0,0,0,3662,150,0,0,0,0,0,3,35.35969120427531,136.4557958,,,,,,,,,,,,,204,red,4104,3812,7916
85,21,5112240,1,20260816,21099,711,0,0,0,0,0,18233,560,0,0,0,0,0,3,35.38091091430252,136.7844039,,,,,,,,,,,,,204,red,21810,18793,40603
85,23,5112320,1,20260816,27916,1445,0,0,0,0,0,28227,1482,0,0,0,0,0,3,34.935405063722605,137.0426846,,,,,,,,,,,,,204,red,29361,29709,59070
85,23,5112325,1,20260816,36647,1746,0,0,0,0,0,35858,2043,0,0,0,0,0,3,35.020771293835146,137.0130622,,,,,,,,,,,,,204,red,38393,37901,76294
85,23,5112330,1,20260816,40429,2163,0,0,0,0,0,40918,2048,0,0,0,0,0,3,35.04312062386452,136.9841158,,,,,,,,,,,,,204,red,42592,42966,85558
85,23,5112340,1,20260816,19144,1487,0,0,0,0,0,16880,1028,0,0,0,0,0,3,35.06974911389942,136.7566216,,,,,,,,,,,,,204,red,20631,17908,38539
85,24,5112350,1,20260816,20119,1431,0,0,0,0,0,18800,1004,0,0,0,0,0,3,35.00912200381983,136.6732612,,,,,,,,,,,,,204,red,21550,19804,41354
85,24,5112355,1,20260816,17466,366,0,0,0,0,0,14843,238,0,0,0,0,0,3,34.75468373348215,136.5225828,,,,,,,,,,,,,204,red,17832,15081,32913
85,24,5112360,1,20260816,13087,282,0,0,0,0,0,11372,217,0,0,0,0,0,3,34.558484833217825,136.6473028,,,,,,,,,,,,,204,red,13369,11589,24958
85,24,5112370,1,20260816,10813,408,0,0,0,0,0,9842,262,0,0,0,0,0,3,34.78302070352005,136.5006557,,,,,,,,,,,,,204,red,11221,10104,21325
85,24,5112375,1,20260816,10781,399,0,0,0,0,0,10225,287,0,0,0,0,0,3,34.74150673346451,136.4838785,,,,,,,,,,,,,204,red,11180,10512,21692
85,24,5112550,1,20260816,22451,2300,0,0,0,0,0,19366,1356,0,0,0,0,0,3,34.839452033595315,136.260335,,,,,,,,,,,,,204,red,24751,20722,45473
85,24,5112590,1,20260816,19203,2263,0,0,0,0,0,18386,1231,0,0,0,0,0,3,34.703780033413906,136.071242,,,,,,,,,,,,,204,red,21466,19617,41083
85,22,5113885,1,20260816,8437,352,0,0,0,0,0,10784,446,0,0,0,0,0,3,35.33142394423902,138.8977143,,,,,,,,,,,,,204,red,8789,11230,20019
85,22,5113890,1,20260816,6255,238,0,0,0,0,0,8202,158,0,0,0,0,0,3,35.32388868422933,138.9049485,,,,,,,,,,,,,204,red,6493,8360,14853
85,22,5113910,1,20260816,15004,720,0,0,0,0,0,12338,616,0,0,0,0,0,3,35.18190903404577,138.676858,,,,,,,,,,,,,204,red,15724,12954,28678
85,22,5113920,1,20260816,14107,821,0,0,0,0,0,14143,449,0,0,0,0,0,3,35.209794034081966,138.64987,,,,,,,,,,,,,204,red,14928,14592,29520
85,22,5113990,1,20260816,4195,208,0,0,0,0,0,3839,190,0,0,0,0,0,3,35.41511303434628,138.590083,,,,,,,,,,,,,204,red,4403,4029,8432
85,23,5114110,1,20260816,16061,857,0,0,0,0,0,15078,838,0,0,0,0,0,3,35.268750034158266,136.907566,,,,,,,,,,,,,204,red,16918,15916,32834
85,23,5114120,1,20260816,16819,807,0,0,0,0,0,16146,798,0,0,0,0,0,3,35.33167103423934,136.91981,,,,,,,,,,,,,204,red,17626,16944,34570
85,21,5114130,1,20260816,6599,464,0,0,0,0,0,4919,171,0,0,0,0,0,3,35.48643303443713,137.055201,,,,,,,,,,,,,204,red,7063,5090,12153
85,21,5114140,1,20260816,5738,610,0,0,0,0,0,4488,213,0,0,0,0,0,3,35.78858303481656,137.25606,,,,,,,,,,,,,204,red,6348,4701,11049
85,21,5114150,1,20260816,5496,216,0,0,0,0,0,4601,156,0,0,0,0,0,3,35.86755403491424,137.213563,,,,,,,,,,,,,204,red,5712,4757,10469
85,21,5114160,1,20260816,3642,208,0,0,0,0,0,3442,113,0,0,0,0,0,3,36.07096803516291,137.267306,,,,,,,,,,,,,204,red,3850,3555,7405
85,21,5114170,1,20260816,2852,169,0,0,0,0,0,2363,250,0,0,0,0,0,3,36.26496203539611,137.138911,,,,,,,,,,,,,204,red,3021,2613,5634
85,21,5114180,1,20260816,2217,163,0,0,0,0,0,2502,111,0,0,0,0,0,3,36.459520035626035,137.248946,,,,,,,,,,,,,204,red,2380,2613,4993
85,24,5114210,1,20260816,7516,126,0,0,0,0,0,7144,103,0,0,0,0,0,3,34.51961103316506,136.541333,,,,,,,,,,,,,204,red,7642,7247,14889
85,24,5114230,1,20260816,2243,85,0,0,0,0,0,2023,69,0,0,0,0,0,3,34.31527803288554,136.410056,,,,,,,,,,,,,204,red,2328,2092,4420
85,24,5114250,1,20260816,1188,28,0,0,0,0,0,1247,37,0,0,0,0,0,3,34.09569403258125,136.196222,,,,,,,,,,,,,204,red,1216,1284,2500
85,24,5114270,1,20260816,1704,54,0,0,0,0,0,1713,43,0,0,0,0,0,3,34.275333032830495,136.358917,,,,,,,,,,,,,204,red,1758,1756,3514
85,24,5114290,1,20260816,6398,186,0,0,0,0,0,5675,175,0,0,0,0,0,3,33.86069403225124,136.076111,,,,,,,,,,,,,204,red,6584,5850,12434
85,22,5114610,1,20260816,12722,474,428,0,0,0,0,13017,367,339,0,0,0,0,3,35.152874244008,138.8951207,,,,,,,,,,,,,204,red,13624,13723,27347
85,22,5114620,1,20260816,9131,391,163,0,0,0,0,10551,348,290,0,0,0,0,3,35.13134103397993,138.875041,,,,,,,,,,,,,204,red,9685,11189,20874
85,22,5114630,1,20260816,9413,462,161,0,0,0,0,10306,307,144,0,0,0,0,3,35.14589793399891,138.8871002,,,,,,,,,,,,,204,red,10036,10757,20793
85,22,5114680,1,20260816,6974,433,0,0,0,0,0,5176,267,0,0,0,0,0,3,35.35910497427457,139.0109217,,,,,,,,,,,,,204,red,7407,5443,12850
85,22,5114740,1,20260816,516,10,0,0,0,0,0,601,19,0,0,0,0,0,3,35.073007033903686,137.787657,,,,,,,,,,,,,204,red,526,620,1146
85,22,5114750,1,20260816,1758,64,0,0,0,0,0,2581,59,0,0,0,0,0,3,34.90575222368336,137.6681803,,,,,,,,,,,,,204,red,1822,2640,4462
85,22,5115250,1,20260816,2607,80,0,0,0,0,0,1997,58,0,0,0,0,0,3,35.137162033987515,138.520651,,,,,,,,,,,,,204,red,2687,2055,4742
85,23,5115320,1,20260816,13582,397,0,0,0,0,0,13722,241,0,0,0,0,0,3,35.10723119394846,137.0409411,,,,,,,,,,,,,204,red,13979,13963,27942
85,23,5115340,1,20260816,6318,434,0,0,0,0,0,4756,253,0,0,0,0,0,3,35.13153551398018,137.304967,,,,,,,,,,,,,204,red,6752,5009,11761
85,20,5115370,1,20260816,0,0,0,0,204,204,0,0,0,0,0,204,204,0,3,35.50121594445591,137.794953,,,,,,,,,,,,,204,red,0,0,0
85,20,5115380,1,20260816,4916,105,0,0,0,0,0,4757,128,0,0,0,0,0,3,35.71541168472551,137.9379522,,,,,,,,,,,,,204,red,5021,4885,9906
85,23,5115530,1,20260816,5320,257,0,0,0,0,0,5009,297,0,0,0,0,0,3,35.06429103389226,137.11723,,,,,,,,,,,,,204,red,5577,5306,10883
85,21,5115610,1,20260816,19825,625,0,0,0,0,0,18824,707,0,0,0,0,0,3,35.39814591432458,136.7848921,,,,,,,,,,,,,204,red,20450,19531,39981
85,21,5115630,1,20260816,7562,233,0,0,0,0,0,6415,110,0,0,0,0,0,3,35.73557476475065,136.9518113,,,,,,,,,,,,,204,red,7795,6525,14320
85,21,5115650,1,20260816,4768,130,0,0,0,0,0,3658,109,0,0,0,0,0,3,35.88316975493347,136.85442030000002,,,,,,,,,,,,,204,red,4898,3767,8665
85,21,5115680,1,20260816,1550,79,0,0,0,0,0,1324,59,0,0,0,0,0,3,35.99802490507423,136.9009352,,,,,,,,,,,,,204,red,1629,1383,3012
85,21,5115820,1,20260816,,,,0,0,0,204,,,,0,0,0,204,3,36.18407203529936,137.542187,,,,,,,,,,,,,204,red,0,0,0
85,22,5123510,1,20260816,6808,625,0,0,0,0,0,10688,551,0,0,0,0,0,3,35.141546483993245,139.1103673,,,,,,,,,,,,,204,red,7433,11239,18672
85,20,5125390,1,20260816,4364,126,0,0,0,0,0,4279,93,0,0,0,0,0,3,35.876706504925515,137.9806852,,,,,,,,,,,,,204,red,4490,4372,8862
85,23,5311910,1,20260816,11766,409,0,0,0,0,0,11276,410,0,0,0,0,0,3,35.124239273970666,136.856963,,,,,,,,,,,,,204,red,12175,11686,23861
86,,6110010,1,20260816,5650,187,0,0,0,0,0,5962,197,0,0,0,0,0,3,34.938138216795814,136.265283823013,,,,,,,,,,,,,204,red,5837,6159,11996
86,,6110020,1,20260816,8518,210,0,0,0,0,0,8340,182,0,0,0,0,0,3,34.990936305895495,136.115165948867,,,,,,,,,,,,,204,red,8728,8522,17250
86,,6110030,1,20260816,9121,235,1148,0,0,0,0,9804,173,415,0,0,0,0,3,35.005385003512316,135.956851243972,,,,,,,,,,,,,204,red,10504,10392,20896
86,,6110040,1,20260816,5118,219,0,0,0,0,0,6519,220,0,0,0,0,0,3,34.95699292997823,135.913501381874,,,,,,,,,,,,,204,red,5337,6739,12076
86,,6110050,1,20260816,12822,251,0,0,0,0,0,13577,248,0,0,0,0,0,3,34.99087038445861,135.844525694847,,,,,,,,,,,,,204,red,13073,13825,26898
86,,6110060,1,20260816,26040,1087,0,0,0,0,0,26685,1995,0,0,0,0,0,3,34.99142632024544,135.831109285354,,,,,,,,,,,,,204,red,27127,28680,55807
86,,6110070,1,20260816,19498,810,0,0,0,0,0,20088,823,0,0,0,0,0,3,34.98630409707048,135.82777261734,,,,,,,,,,,,,204,red,20308,20911,41219
86,,6110080,1,20260816,15235,1517,0,0,0,0,0,16482,1836,0,0,0,0,0,3,34.91099177877929,135.744452476501,,,,,,,,,,,,,204,red,16752,18318,35070
86,,6110090,1,20260816,19856,1489,0,0,0,0,0,20420,1545,0,0,0,0,0,3,34.805311519271704,135.649480819702,,,,,,,,,,,,,204,red,21345,21965,43310
86,,6110100,1,20260816,,,,0,0,0,204,,,,0,0,0,204,3,34.81945711253497,135.720393061637,,,,,,,,,,,,,204,red,0,0,0
86,,6110110,1,20260816,10245,499,0,0,0,0,0,10064,450,0,0,0,0,0,3,34.71960434074075,135.436824560165,,,,,,,,,,,,,204,red,10744,10514,21258
86,,6110120,1,20260816,10978,438,0,0,0,0,0,10812,354,0,0,0,0,0,3,34.64078623273222,135.106242299079,,,,,,,,,,,,,204,red,11416,11166,22582
86,,6110130,1,20260816,31740,1751,0,0,0,0,0,29251,1677,0,0,0,0,0,3,34.75756172115131,134.859353005886,,,,,,,,,,,,,204,red,33491,30928,64419
86,,6110140,1,20260816,29019,1769,0,0,0,0,0,27178,1382,0,0,0,0,0,3,34.83274825524009,134.630174338817,,,,,,,,,,,,,204,red,30788,28560,59348
86,,6110150,1,20260816,18844,1322,0,0,0,0,0,18849,947,0,0,0,0,0,3,34.847425137493005,134.578367471694,,,,,,,,,,,,,204,red,20166,19796,39962
86,,6110170,1,20260816,6664,292,0,0,0,0,0,6999,349,0,0,0,0,0,3,36.23649392464164,136.286623477935,,,,,,,,,,,,,204,red,6956,7348,14304
86,,6110180,1,20260816,4696,246,0,0,0,0,0,4558,339,0,0,0,0,0,3,35.792989034822035,136.092793,,,,,,,,,,,,,204,red,4942,4897,9839
86,,6110190,1,20260816,5248,392,0,0,0,0,0,5552,577,0,0,0,0,0,3,35.62256603460919,136.08205800000002,,,,,,,,,,,,,204,red,5640,6129,11769
86,,6110200,1,20260816,5424,63,0,0,0,0,0,5649,68,0,0,0,0,0,3,35.319800029709974,136.279370784759,,,,,,,,,,,,,204,red,5487,5717,11204
86,,6110210,1,20260816,7699,169,0,0,0,0,0,8227,165,0,0,0,0,0,3,35.25049070224537,136.262805461883,,,,,,,,,,,,,204,red,7868,8392,16260
86,,6110220,1,20260816,7222,201,0,0,0,0,0,7080,247,0,0,0,0,0,3,35.135413702721344,136.168110072612,,,,,,,,,,,,,204,red,7423,7327,14750
86,,6110230,1,20260816,8762,193,0,0,0,0,0,8392,244,0,0,0,0,0,3,35.05193480694747,136.028718352317,,,,,,,,,,,,,204,red,8955,8636,17591
86,,6110240,1,20260816,18755,643,0,0,0,0,0,16596,574,0,0,0,0,0,3,34.97508726487281,135.666646957397,,,,,,,,,,,,,204,red,19398,17170,36568
86,,6110250,1,20260816,11329,408,0,0,0,0,0,10393,268,0,0,0,0,0,3,35.290674394918256,135.122528672218,,,,,,,,,,,,,204,red,11737,10661,22398
86,,6110260,1,20260816,3429,182,0,0,0,0,0,2998,90,0,0,0,0,0,3,35.33418386481987,134.859425425529,,,,,,,,,,,,,204,red,3611,3088,6699
86,,6110270,1,20260816,3002,154,0,0,0,0,0,2542,66,0,0,0,0,0,3,35.37906081109355,134.782794713974,,,,,,,,,,,,,204,red,3156,2608,5764
86,,6110280,1,20260816,2413,218,0,0,0,0,0,1610,79,0,0,0,0,0,3,35.39752934547739,134.617635011672,,,,,,,,,,,,,204,red,2631,1689,4320
86,,6110290,1,20260816,4286,173,0,0,0,0,0,4051,169,0,0,0,0,0,3,35.3445505431606,136.408736407756,,,,,,,,,,,,,204,red,4459,4220,8679
86,,6110300,1,20260816,6951,165,0,0,0,0,0,6268,168,0,0,0,0,0,3,34.929386538763445,135.767959356307,,,,,,,,,,,,,204,red,7116,6436,13552
86,,6110310,1,20260816,17242,707,0,0,0,0,0,15848,688,0,0,0,0,0,3,34.692826863672394,135.811829566955,,,,,,,,,,,,,204,red,17949,16536,34485
86,,6110320,1,20260816,11873,365,0,0,0,204,0,19021,560,0,0,0,0,0,3,34.49633103313339,135.742759,,,,,,,,,,,,,204,red,12238,19581,31819
86,,6110330,1,20260816,11733,198,0,0,0,0,0,10554,190,0,0,0,0,0,3,34.255336527005475,135.221571922302,,,,,,,,,,,,,204,red,11931,10744,22675
86,,6110340,1,20260816,12099,340,0,0,0,0,0,12590,351,0,0,0,0,0,3,34.59261679509626,135.476585626602,,,,,,,,,,,,,204,red,12439,12941,25380
86,,6110350,1,20260816,20735,540,0,0,0,0,0,20929,550,0,0,0,0,0,3,34.492391818044126,135.423381328582,,,,,,,,,,,,,204,red,21275,21479,42754
86,,6110361,1,20260816,6960,265,0,0,0,0,0,7526,202,0,0,0,0,0,3,34.27701629033371,135.164935521261,,,,,,,,,,,,,204,red,7225,7728,14953
86,,6110370,1,20260816,5419,169,0,0,0,0,0,5314,148,0,0,0,0,0,3,35.61308303459727,135.971192,,,,,,,,,,,,,204,red,5588,5462,11050
86,,6110380,1,20260816,3756,202,0,0,0,0,0,3853,186,0,0,0,0,0,3,35.486004106628485,135.463869273662,,,,,,,,,,,,,204,red,3958,4039,7997
86,,6110390,1,20260816,3272,134,0,0,0,0,0,3502,178,0,0,0,0,0,3,35.30401991598347,135.272947382363,,,,,,,,,,,,,204,red,3406,3680,7086
86,,6110410,1,20260816,5385,115,0,0,0,0,0,5077,115,0,0,0,0,0,3,34.99524305806187,134.558363556861,,,,,,,,,,,,,204,red,5500,5192,10692
86,,6110430,1,20260816,444,13,18,0,0,0,0,614,15,17,0,0,0,0,3,33.577233165562106,135.427241160067,,,,,,,,,,,,,204,red,475,646,1121
86,,6110440,1,20260816,8869,139,0,0,0,0,0,9188,223,0,0,0,0,0,3,34.143380032647656,135.20039,,,,,,,,,,,,,204,red,9008,9411,18419
86,,6110450,1,20260816,16429,3485,0,0,0,0,0,15264,6400,0,0,0,0,0,3,34.71254919312948,135.425688028335,,,,,,,,,,,,,204,red,19914,21664,41578
86,,6110460,1,20260816,6413,390,0,0,0,0,0,6598,432,0,0,0,0,0,3,35.431053158155514,136.016224622726,,,,,,,,,,,,,204,red,6803,7030,13833
86,,6110470,1,20260816,9086,346,0,0,0,0,0,11538,503,0,0,0,0,0,3,35.21341864052877,135.925826132297,,,,,,,,,,,,,204,red,9432,12041,21473
86,,6110500,1,20260816,6923,389,0,0,0,0,0,5679,322,0,0,0,0,0,3,35.10094221794055,135.892639160156,,,,,,,,,,,,,204,red,7312,6001,13313
86,,6110510,1,20260816,8054,1104,0,0,0,0,0,8228,468,0,0,0,0,0,3,35.080206671418715,135.881878137588,,,,,,,,,,,,,204,red,9158,8696,17854
86,,6110520,1,20260816,16194,653,0,0,0,0,0,5445,815,3884,0,0,0,0,3,35.00895503826151,135.838812589645,,,,,,,,,,,,,204,red,16847,10144,26991
86,,6110530,1,20260816,11395,1032,0,0,0,0,0,12057,969,0,0,0,0,0,3,34.8925928963683,135.684016942977,,,,,,,,,,,,,204,red,12427,13026,25453
86,,6110540,1,20260816,8944,497,0,0,0,0,0,9244,375,0,0,0,0,0,3,34.686726631641484,134.982630014419,,,,,,,,,,,,,204,red,9441,9619,19060
86,,6110670,1,20260816,12858,712,0,0,0,0,0,11981,413,0,0,0,0,0,3,34.486465033119956,135.763168,,,,,,,,,,,,,204,red,13570,12394,25964
86,,6110700,1,20260816,10198,528,0,0,0,0,0,8910,271,0,0,0,0,0,3,34.36883103295914,135.698397,,,,,,,,,,,,,204,red,10726,9181,19907
86,,6110710,1,20260816,10305,433,0,0,0,0,0,9810,276,0,0,0,0,0,3,34.346251032928144,135.675464,,,,,,,,,,,,,204,red,10738,10086,20824
86,,6110720,1,20260816,9792,467,0,0,0,0,0,9307,269,0,0,0,0,0,3,34.34307531292378,135.6723947,,,,,,,,,,,,,204,red,10259,9576,19835
86,,6110730,1,20260816,8960,416,0,0,0,0,0,8489,286,0,0,0,0,0,3,34.3344353954711,135.643944740295,,,,,,,,,,,,,204,red,9376,8775,18151
86,,6110740,1,20260816,10007,372,111,0,0,0,0,9529,189,172,0,0,0,0,3,34.32057809029414,135.595622062683,,,,,,,,,,,,,204,red,10490,9890,20380
86,,6110750,1,20260816,10231,423,0,0,0,0,0,9882,239,0,0,0,0,0,3,34.30420703287028,135.508371,,,,,,,,,,,,,204,red,10654,10121,20775
86,,6110760,1,20260816,9616,496,0,0,0,0,0,9592,280,0,0,0,0,0,3,34.300277802864876,135.49583333,,,,,,,,,,,,,204,red,10112,9872,19984
86,,6110765,1,20260816,10064,544,0,0,0,0,0,9893,330,0,0,0,0,0,3,34.293299032855266,135.42037,,,,,,,,,,,,,204,red,10608,10223,20831
86,,6110780,1,20260816,,,,0,0,0,204,,,,0,0,0,204,3,34.290835032851874,135.406025,,,,,,,,,,,,,204,red,0,0,0
86,,6110790,1,20260816,4703,301,0,0,0,0,0,4530,202,0,0,0,0,0,3,34.28766234793788,135.279854549589,,,,,,,,,,,,,204,red,5004,4732,9736
86,,6110810,1,20260816,1735,88,0,0,0,0,0,2035,108,0,0,0,0,0,3,35.91898971813652,136.6293598948,,,,,,,,,,,,,204,red,1823,2143,3966
86,,6110820,1,20260816,2048,67,0,0,0,0,0,2219,125,0,0,0,0,0,3,35.963561035032136,136.602468,,,,,,,,,,,,,204,red,2115,2344,4459
86,,6110840,1,20260816,2295,64,0,0,0,0,0,2206,125,0,0,0,0,0,3,35.98949103506382,136.526729,,,,,,,,,,,,,204,red,2359,2331,4690
86,,6110860,1,20260816,7413,144,0,0,0,0,0,6335,149,0,0,0,0,0,3,36.062580031168245,136.445198357105,,,,,,,,,,,,,204,red,7557,6484,14041
86,,6110870,1,20260816,7711,198,0,0,0,0,0,6706,183,0,0,0,0,0,3,36.074224272699254,136.374473869296,,,,,,,,,,,,,204,red,7909,6889,14798
86,,6110880,1,20260816,7730,335,0,0,0,0,0,7042,188,0,0,0,0,0,3,36.086521994378465,136.324462164098,,,,,,,,,,,,,204,red,8065,7230,15295
86,,6110980,1,20260816,4320,174,0,0,0,0,0,6487,266,0,0,0,0,0,3,35.30511375498357,134.89226102828903,,,,,,,,,,,,,204,red,4494,6753,11247
86,,6111020,1,20260816,18986,2263,0,0,0,0,0,20726,2152,0,0,0,0,0,3,34.61538892329484,135.8745,,,,,,,,,,,,,204,red,21249,22878,44127
86,,6111030,1,20260816,4320,83,34,0,0,0,0,4100,52,80,0,0,0,0,3,33.670648031981166,135.947246,,,,,,,,,,,,,204,red,4437,4232,8669
86,,6111040,1,20260816,6082,107,31,0,0,0,0,4248,84,27,0,0,0,0,1,33.74362082208521,135.40352793,,,,,,,,,,,,,204,red,6220,4359,10579
86,,6111050,1,20260816,6110,95,29,0,0,0,0,4481,54,24,0,0,0,0,1,33.67806806199178,135.40361475,,,,,,,,,,,,,204,red,6234,4559,10793
86,,6111060,1,20260816,5364,70,28,0,0,0,0,4016,65,29,0,0,0,0,1,33.63743103193369,135.410147,,,,,,,,,,,,,204,red,5462,4110,9572
86,,6111070,1,20260816,3951,68,19,0,0,0,0,2888,56,23,0,0,0,0,1,33.56605113183135,135.49421066,,,,,,,,,,,,,204,red,4038,2967,7005
86,,6111080,1,20260816,3494,72,14,0,0,0,0,2532,60,14,0,0,0,0,1,33.53123967178131,135.54653822,,,,,,,,,,,,,204,red,3580,2606,6186
86,,6111090,1,20260816,2976,61,25,0,0,0,0,2984,52,68,0,0,0,0,3,33.620083251908845,135.91802864,,,,,,,,,,,,,204,red,3062,3104,6166
86,,6111094,1,20260816,3605,153,211,0,0,0,0,3826,67,43,0,0,0,0,3,33.73308003207021,136.004619,,,,,,,,,,,,,204,red,3969,3936,7905
86,,6111100,1,20260816,8050,365,0,0,0,0,0,8053,282,0,0,0,0,0,3,34.29138892285263,135.3613889,,,,,,,,,,,,,204,red,8415,8335,16750
87,,7110040,1,20260816,8385,632,0,0,0,0,0,7830,423,0,0,0,0,0,3,34.51540182315934,133.565914,,,,,,,,,,,,,204,red,9017,8253,17270
87,,7110090,1,20260816,10888,748,0,0,0,0,0,10187,650,0,0,0,0,0,3,34.076861142554975,131.3867222,,,,,,,,,,,,,204,red,11636,10837,22473
87,,7110140,1,20260816,7558,292,0,0,0,0,0,7489,262,0,0,0,0,0,3,35.42972217436492,133.16019770000003,,,,,,,,,,,,,204,red,7850,7751,15601
87,,7110150,1,20260816,8878,306,0,0,0,0,0,8746,262,0,0,0,0,0,3,35.41501435434614,132.9291201,,,,,,,,,,,,,204,red,9184,9008,18192
87,,7110160,1,20260816,2392,48,0,0,0,0,0,2263,47,0,0,0,0,0,3,35.220801104096246,132.5117898,,,,,,,,,,,,,204,red,2440,2310,4750
87,,7110170,1,20260816,693,20,0,0,0,0,0,674,21,0,0,0,0,0,3,34.75449303348189,131.907185,,,,,,,,,,,,,204,red,713,695,1408
87,,7110180,1,20260816,2133,83,0,0,0,0,0,2278,92,0,0,0,0,0,3,34.42694447303873,131.76016670000004,,,,,,,,,,,,,204,red,2216,2370,4586
87,,7110210,1,20260816,6355,211,0,0,0,0,0,6376,194,0,0,0,0,0,3,34.8389208935946,133.9257149,,,,,,,,,,,,,204,red,6566,6570,13136
87,,7110240,1,20260816,4621,313,0,0,0,0,0,4208,258,0,0,0,0,0,3,34.684982133388644,133.784738,,,,,,,,,,,,,204,red,4934,4466,9400
87,,7110260,1,20260816,1974,36,0,0,0,112,0,3938,47,0,0,0,0,0,3,33.97988891241918,132.1977222,,,,,,,,,,,,,204,red,2010,3985,5995
87,,7110270,1,20260816,2164,100,0,0,0,0,0,2371,63,0,0,0,0,0,3,34.65950003335435,131.6773889,,,,,,,,,,,,,204,red,2264,2434,4698
87,,7110280,1,20260816,3730,122,0,0,0,0,0,3475,126,0,0,0,0,0,3,34.419861143029046,131.4097778,,,,,,,,,,,,,204,red,3852,3601,7453
87,,7110290,1,20260816,5403,82,0,0,0,0,0,5253,84,0,0,0,0,0,3,34.371805582963226,131.1861389,,,,,,,,,,,,,204,red,5485,5337,10822
87,,7110320,1,20260816,6203,89,0,0,0,0,0,6255,81,0,0,0,0,0,3,33.95763808238793,132.1366533,,,,,,,,,,,,,204,red,6292,6336,12628
87,,7310110,1,20260816,7922,256,0,0,0,0,0,7919,207,0,0,0,0,0,3,35.39772612432404,132.8747235,,,,,,,,,,,,,204,red,8178,8126,16304
87,,7310120,1,20260816,6065,800,0,0,0,0,0,5017,175,0,0,0,0,0,3,35.068629523897954,132.3222435,,,,,,,,,,,,,204,red,6865,5192,12057
87,,7310150,1,20260816,1285,38,0,0,0,0,0,1031,30,0,0,0,0,0,3,34.9738037337733,132.7317309,,,,,,,,,,,,,204,red,1323,1061,2384
87,,7310160,1,20260816,1088,46,0,0,0,0,0,1104,34,0,0,0,0,0,3,35.117460163961816,132.778337,,,,,,,,,,,,,204,red,1134,1138,2272
87,,7310170,1,20260816,5778,158,0,0,0,0,0,4568,119,0,0,0,0,0,3,34.705264123415894,133.7151146,,,,,,,,,,,,,204,red,5936,4687,10623
87,,7310180,1,20260816,1280,31,0,0,0,0,0,1190,27,0,0,0,0,0,3,34.38963891298768,131.3651944,,,,,,,,,,,,,204,red,1311,1217,2528
87,,7310260,1,20260816,4760,152,0,0,0,0,0,4520,160,0,0,0,0,0,3,35.132156843980994,132.4019922,,,,,,,,,,,,,204,red,4912,4680,9592
87,,7310270,1,20260816,4477,179,0,0,0,0,0,4290,155,0,0,0,0,0,3,35.08573619392036,132.3490609,,,,,,,,,,,,,204,red,4656,4445,9101
87,,7310280,1,20260816,4436,145,0,0,0,0,0,4213,169,0,0,0,0,0,3,35.076671573908484,132.335387,,,,,,,,,,,,,204,red,4581,4382,8963
87,,7310290,1,20260816,4629,220,0,0,0,0,0,2833,1801,0,0,0,0,0,3,34.88220003365212,132.0657,,,,,,,,,,,,,204,red,4849,4634,9483
87,,7310300,1,20260816,4477,146,0,0,0,0,0,4036,159,0,0,0,0,0,3,34.86980443363566,132.0662027,,,,,,,,,,,,,204,red,4623,4195,8818
87,,7310350,1,20260816,4709,174,0,0,0,0,0,4440,226,0,0,0,0,0,3,34.83580109359045,131.9999083,,,,,,,,,,,,,204,red,4883,4666,9549
87,,7310410,1,20260816,6256,212,0,0,0,0,0,5898,201,0,0,0,0,0,3,35.21593257408993,132.5144274,,,,,,,,,,,,,204,red,6468,6099,12567
87,,7310420,1,20260816,6775,212,0,0,0,0,0,6115,266,0,0,0,0,0,3,35.275470134166945,132.6201357,,,,,,,,,,,,,204,red,6987,6381,13368
87,,7310430,1,20260816,6848,143,0,0,0,0,0,5808,158,0,0,0,0,0,3,35.303833034203514,132.688667,,,,,,,,,,,,,204,red,6991,5966,12957
87,,7310440,1,20260816,6325,156,0,0,0,0,0,0,0,0,0,0,0,0,3,35.298722034196935,132.676944,,,,,,,,,,,,,204,red,6481,0,6481
87,,7310450,1,20260816,0,0,0,0,0,0,0,5362,155,0,0,0,0,0,3,35.290444034186265,132.645583,,,,,,,,,,,,,204,red,0,5517,5517
87,,7310460,1,20260816,0,0,0,0,0,204,0,4327,205,0,0,0,0,0,3,35.20082803407034,132.459905,,,,,,,,,,,,,204,red,0,4532,4532
87,,7310470,1,20260816,5199,213,0,0,0,0,0,4620,201,0,0,0,0,0,3,35.1986450340675,132.455753,,,,,,,,,,,,,204,red,5412,4821,10233
88,,8110010,1,20260816,3587,267,0,0,0,0,0,3428,129,0,0,0,0,0,3,34.2207184500313,134.411544799804,,,,,,,,,,,,,204,red,3854,3557,7411
88,,8110020,1,20260816,13956,1158,0,0,0,0,0,15263,1068,0,0,0,0,0,3,34.30277465209332,134.084776639938,,,,,,,,,,,,,204,red,15114,16331,31445
88,,8110030,1,20260816,12214,453,0,0,0,0,0,12223,421,0,0,0,0,0,3,34.29671450737887,133.946895003318,,,,,,,,,,,,,204,red,12667,12644,25311
88,,8110040,1,20260816,6391,221,0,0,0,0,0,6787,160,0,0,0,0,0,3,34.17417938671837,133.715951442718,,,,,,,,,,,,,204,red,6612,6947,13559
88,,8110050,1,20260816,7439,265,5,0,0,0,0,6966,154,16,0,0,0,0,3,33.91236267641698,133.20324182510302,,,,,,,,,,,,,204,red,7709,7136,14845
88,,8110060,1,20260816,6584,367,125,0,0,0,0,6414,219,122,0,0,0,0,3,33.82431235182997,132.984384298324,,,,,,,,,,,,,204,red,7076,6755,13831
88,,8110070,1,20260816,8293,236,0,0,0,0,0,7788,145,0,0,0,0,0,3,34.28544169692582,134.00050163269,,,,,,,,,,,,,204,red,8529,7933,16462
88,,8110080,1,20260816,3216,182,0,0,0,0,0,2725,123,0,0,0,0,0,3,34.10608825909625,133.799223303794,,,,,,,,,,,,,204,red,3398,2848,6246
88,,8110090,1,20260816,8002,357,47,0,0,0,0,7474,171,87,0,0,0,0,3,34.028957826825085,133.828164339065,,,,,,,,,,,,,204,red,8406,7732,16138
88,,8110100,1,20260816,2364,229,0,0,0,0,0,2018,118,0,0,0,0,0,3,33.950764901704936,133.764853477478,,,,,,,,,,,,,204,red,2593,2136,4729
88,,8110110,1,20260816,4068,591,0,0,0,0,0,4152,293,0,0,0,0,0,3,33.58909346194513,133.626092746853,,,,,,,,,,,,,204,red,4659,4445,9104
88,,8110115,1,20260816,6200,184,0,0,0,0,0,5625,146,0,0,0,0,0,3,33.548205918990114,133.451582193374,,,,,,,,,,,,,204,red,6384,5771,12155
88,,8110120,1,20260816,6739,224,0,0,0,0,0,6045,468,0,0,0,0,0,3,33.543133969132924,133.402808904647,,,,,,,,,,,,,204,red,6963,6513,13476
88,,8110130,1,20260816,7294,122,172,0,0,0,0,8816,159,223,0,0,0,0,3,33.7476978963593,132.791587114334,,,,,,,,,,,,,204,red,7588,9198,16786
88,,8110131,1,20260816,3270,131,0,2,0,0,0,2721,78,0,2,0,0,0,3,33.793408870729856,134.592427611351,,,,,,,,,,,,,204,red,3401,2799,6200
88,,8110140,1,20260816,2357,85,1,2,0,0,0,1968,57,0,2,0,0,0,3,33.63466659400443,134.369745254516,,,,,,,,,,,,,204,red,2443,2025,4468
88,,8110142,1,20260816,3026,101,0,0,0,0,0,2482,73,0,0,0,0,0,3,33.74774819013548,134.53964678124,,,,,,,,,,,,,204,red,3127,2555,5682
88,,8110160,1,20260816,2947,90,0,0,0,0,0,3034,71,0,0,0,0,0,3,33.53924497073882,133.738444460766,,,,,,,,,,,,,204,red,3037,3105,6142
88,,8110161,1,20260816,6206,161,0,0,0,0,0,5616,120,0,0,0,0,0,3,33.520916544031145,133.780702650547,,,,,,,,,,,,,204,red,6367,5736,12103
88,,8110162,1,20260816,7239,192,0,0,0,0,0,6542,146,0,0,0,0,0,3,33.550342371512876,133.740176352243,,,,,,,,,,,,,204,red,7431,6688,14119
88,,8110163,1,20260816,7878,195,0,0,0,0,0,7337,170,0,0,0,0,0,3,33.55352220956595,133.721816021769,,,,,,,,,,,,,204,red,8073,7507,15580
88,,8110164,1,20260816,1997,152,0,0,0,0,0,2204,133,0,0,0,0,0,3,33.57127484589016,133.574287891387,,,,,,,,,,,,,204,red,2149,2337,4486
88,,8110165,1,20260816,8958,263,0,0,0,0,0,8691,231,0,0,0,0,0,3,33.56026408468244,133.633757829666,,,,,,,,,,,,,204,red,9221,8922,18143
88,,8110166,1,20260816,9080,381,0,0,0,0,0,8509,241,0,0,0,0,0,3,33.540965031795295,133.601005,,,,,,,,,,,,,204,red,9461,8750,18211
88,,8110167,1,20260816,5498,175,0,0,0,0,0,5006,124,0,0,0,0,0,3,33.5424317654246,133.583077945611,,,,,,,,,,,,,204,red,5673,5130,10803
88,,8110168,1,20260816,7774,157,0,0,0,0,0,6395,111,0,0,0,0,0,3,33.55589303181676,133.683497,,,,,,,,,,,,,204,red,7931,6506,14437
88,,8110170,1,20260816,5207,244,0,0,0,0,0,4003,716,0,0,0,0,0,3,33.485055031714765,133.373125,,,,,,,,,,,,,204,red,5451,4719,10170
88,,8110171,1,20260816,5772,245,0,0,0,0,0,3907,134,0,0,0,0,0,3,33.40395558523113,133.288643360137,,,,,,,,,,,,,204,red,6017,4041,10058
88,,8110172,1,20260816,3902,1208,0,0,0,0,0,3221,373,0,0,0,0,0,3,33.39236677628474,133.278601169586,,,,,,,,,,,,,204,red,5110,3594,8704
88,,8110174,1,20260816,4603,214,0,0,0,0,0,3307,139,0,0,0,0,0,3,33.18330330083646,133.144855499267,,,,,,,,,,,,,204,red,4817,3446,8263
88,,8110180,1,20260816,776,38,0,0,0,0,0,779,21,0,0,0,0,0,3,33.35817590038214,133.253152370452,,,,,,,,,,,,,204,red,814,800,1614
88,,8110181,1,20260816,2788,112,0,0,0,0,0,2562,103,0,0,0,0,0,3,32.974388919857596,132.933138888889,,,,,,,,,,,,,204,red,2900,2665,5565
88,,8110182,1,20260816,4350,120,0,0,0,0,0,4053,128,0,0,0,0,0,3,32.96811114207051,132.872277777778,,,,,,,,,,,,,204,red,4470,4181,8651
88,,8110183,1,20260816,2944,78,0,0,0,0,0,2794,71,0,0,0,0,0,3,32.95902780872377,132.776972222222,,,,,,,,,,,,,204,red,3022,2865,5887
88,,8110190,1,20260816,2279,64,0,0,0,0,0,2547,78,0,0,0,0,0,3,32.96996536793415,132.68920719623503,,,,,,,,,,,,,204,red,2343,2625,4968
88,,8110191,1,20260816,2834,85,0,0,0,0,0,3568,135,0,0,0,0,0,3,33.13903103121127,132.517477,,,,,,,,,,,,,204,red,2919,3703,6622
88,,8110192,1,20260816,4158,141,0,0,0,0,0,5310,171,0,0,0,0,0,3,33.14590213224344,132.52205863595,,,,,,,,,,,,,204,red,4299,5481,9780
88,,8110200,1,20260816,2132,38,0,0,0,0,0,2116,60,0,0,0,0,0,3,33.325562031483756,132.5285,,,,,,,,,,,,,204,red,2170,2176,4346
88,,8110210,1,20260816,13031,181,705,0,0,0,0,13444,282,813,0,0,0,0,3,33.81637909326473,132.744826823472,,,,,,,,,,,,,204,red,13917,14539,28456
88,,8110231,1,20260816,4615,89,0,0,0,0,0,4353,76,0,0,0,0,0,3,34.03847794648641,134.520513564348,,,,,,,,,,,,,204,red,4704,4429,9133
88,,8110232,1,20260816,5328,88,0,0,0,0,0,5990,102,0,0,0,0,0,3,34.04120064204002,134.531005024909,,,,,,,,,,,,,204,red,5416,6092,11508
88,,8110240,1,20260816,6512,156,0,0,0,0,0,6253,163,0,0,0,0,0,3,34.03149633348104,132.829599380493,,,,,,,,,,,,,204,red,6668,6416,13084
88,,8110250,1,20260816,5367,141,0,0,0,0,0,5341,121,0,0,0,0,0,3,33.93004373774009,133.094837665557,,,,,,,,,,,,,204,red,5508,5462,10970
88,,8111021,1,20260816,5222,136,0,0,0,0,0,5037,113,0,0,0,0,0,3,33.50191403173908,133.309236,,,,,,,,,,,,,204,red,5358,5150,10508
88,,8160020,1,20260816,5782,252,0,0,0,1,16,4089,156,0,0,0,1,16,1,33.331092031491806,133.206098,,,,,,,,,,,,,204,red,6034,4245,10279
88,,8160030,1,20260816,5922,256,0,0,0,0,0,4173,180,0,0,0,10,0,1,33.23544203135242,133.159939,,,,,,,,,,,,,204,red,6178,4353,10531
88,,8160040,1,20260816,6379,159,0,0,0,0,0,7090,254,0,0,0,0,0,1,33.24742026280611,132.570131868124,,,,,,,,,,,,,204,red,6538,7344,13882
88,,8160050,1,20260816,7233,174,0,0,0,0,0,8292,303,0,0,0,0,0,1,33.33622666521378,132.557060122489,,,,,,,,,,,,,204,red,7407,8595,16002
88,,8160060,1,20260816,4165,201,0,0,0,0,0,3736,143,0,0,0,0,0,1,34.056139032526026,134.588624,,,,,,,,,,,,,204,red,4366,3879,8245
88,,8310010,1,20260816,14997,420,30,0,0,0,2,14996,478,36,0,0,0,2,3,34.152121047215225,134.579402804374,,,,,,,,,,,,,204,red,15447,15510,30957
88,,8310020,1,20260816,4889,1230,0,0,0,0,0,6306,126,0,0,0,0,0,3,34.335875041773484,134.151295423507,,,,,,,,,,,,,204,red,6119,6432,12551
88,,8310030,1,20260816,7901,106,594,0,0,0,0,8843,112,141,0,0,0,0,3,33.79997204409725,132.86443054676,,,,,,,,,,,,,204,red,8601,9096,17697
88,,8310040,1,20260816,11889,372,0,0,0,0,0,11369,326,0,0,0,0,0,3,34.239532652899726,133.895906209945,,,,,,,,,,,,,204,red,12261,11695,23956
88,,8310050,1,20260816,958,361,0,0,0,0,0,1045,121,0,0,0,0,0,3,33.797668032162,133.760304,,,,,,,,,,,,,204,red,1319,1166,2485
88,,8310060,1,20260816,1095,33,0,0,0,0,0,1227,40,0,0,0,0,0,3,33.54154672048833,133.042341470718,,,,,,,,,,,,,204,red,1128,1267,2395
88,,8310061,1,20260816,9157,464,0,0,0,0,0,9876,443,0,0,0,0,0,3,33.80675451706518,132.745272070169,,,,,,,,,,,,,204,red,9621,10319,19940
88,,8310062,1,20260816,4992,371,0,0,0,0,0,5589,383,0,0,0,0,0,3,33.814776032186245,132.720319,,,,,,,,,,,,,204,red,5363,5972,11335
88,,8310070,1,20260816,15439,304,35,0,0,0,0,16438,224,2,0,0,0,0,3,34.0102656781917,134.566428959369,,,,,,,,,,,,,204,red,15778,16664,32442
88,,8310080,1,20260816,8356,200,0,0,0,0,0,8341,235,0,0,0,0,0,3,33.9732071371816,134.633932113647,,,,,,,,,,,,,204,red,8556,8576,17132
88,,8310100,1,20260816,5292,203,0,0,0,0,0,4450,167,0,0,0,0,0,3,33.03511096021447,133.027331829071,,,,,,,,,,,,,204,red,5495,4617,10112
88,,8310110,1,20260816,4153,98,0,0,0,0,0,4203,150,0,0,0,0,0,3,33.4066250316014,132.509843,,,,,,,,,,,,,204,red,4251,4353,8604
88,,8310120,1,20260816,10678,328,0,0,0,0,0,13857,493,0,0,0,0,0,3,33.504510031742804,132.56675,,,,,,,,,,,,,204,red,11006,14350,25356
88,,8310130,1,20260816,1053,38,0,0,0,0,0,5323,154,0,0,0,0,0,3,33.53462955300938,132.597781419754,,,,,,,,,,,,,204,red,1091,5477,6568
88,,8310140,1,20260816,5066,97,0,0,0,0,0,4923,166,0,0,0,0,0,3,33.6125750318981,132.68712,,,,,,,,,,,,,204,red,5163,5089,10252
88,,8310150,1,20260816,2534,88,0,0,0,0,0,3052,199,0,0,0,0,0,3,34.0401782523243,134.018440246582,,,,,,,,,,,,,204,red,2622,3251,5873
88,,8310160,1,20260816,8597,72,136,0,0,0,1,7925,71,145,0,0,0,1,3,33.89056122326423,132.757075130939,,,,,,,,,,,,,204,red,8805,8141,16946
89,,9110010,1,20260816,8097,178,0,0,0,0,0,8467,213,0,0,0,0,0,3,33.86399103225591,130.750068,,,,,,,,,,,,,204,red,8275,8680,16955
89,,9110030,1,20260816,18131,512,0,0,0,0,0,18526,445,0,0,0,0,0,3,32.75695803064553,130.688122,,,,,,,,,,,,,204,red,18643,18971,37614
89,,9110040,1,20260816,8739,652,0,0,0,0,0,7028,521,0,0,0,0,0,3,32.565580030358504,130.688167,,,,,,,,,,,,,204,red,9391,7549,16940
89,,9110050,1,20260816,8147,624,0,0,0,0,0,6859,443,0,0,0,0,0,3,32.50104503026118,130.627862,,,,,,,,,,,,,204,red,8771,7302,16073
89,,9110060,1,20260816,4804,331,0,0,0,0,0,5446,269,0,0,0,0,0,3,31.848210029262603,130.249002,,,,,,,,,,,,,204,red,5135,5715,10850
89,,9110070,1,20260816,3592,69,0,0,0,0,0,3696,83,0,0,0,0,0,3,31.65408502896101,130.444438,,,,,,,,,,,,,204,red,3661,3779,7440
89,,9110110,1,20260816,22510,394,199,0,0,0,0,22574,1775,331,0,0,0,0,3,33.248593781371625,131.5788746,,,,,,,,,,,,,204,red,23103,24680,47783
89,,9110120,1,20260816,214,5,0,0,0,0,0,183,3,0,0,0,0,0,3,32.83826903076675,131.716873,,,,,,,,,,,,,204,red,219,186,405
89,,9110140,1,20260816,7147,447,0,0,0,0,0,6633,377,0,0,0,0,0,3,32.26510002990319,131.560352,,,,,,,,,,,,,204,red,7594,7010,14604
89,,9110150,1,20260816,3317,186,0,0,0,0,0,3493,174,0,0,0,0,0,3,31.853840029271314,131.136144,,,,,,,,,,,,,204,red,3503,3667,7170
89,,9110160,1,20260816,5960,265,37,0,0,6,5,5868,294,16,0,0,0,5,3,31.710555029048958,130.774553,,,,,,,,,,,,,204,red,6262,6178,12440
89,,9110190,1,20260816,7011,465,0,0,0,0,0,6423,352,0,0,0,0,0,3,33.3577350315305,130.488663,,,,,,,,,,,,,204,red,7476,6775,14251
89,,9110200,1,20260816,8271,174,0,0,0,0,0,7345,143,0,0,0,0,0,3,33.19609887129489,130.0312792,,,,,,,,,,,,,204,red,8445,7488,15933
89,,9110230,1,20260816,3117,159,0,0,0,0,0,3091,152,0,0,0,0,0,3,32.95195803093551,131.35466,,,,,,,,,,,,,204,red,3276,3243,6519
89,,9110240,1,20260816,8588,229,0,0,0,0,0,8383,265,0,0,0,0,0,3,33.669370031979355,130.847832,,,,,,,,,,,,,204,red,8817,8648,17465
89,,9110280,1,20260816,5869,117,0,0,0,0,0,5829,129,0,0,0,0,0,3,33.34785503151616,130.0187991,,,,,,,,,,,,,204,red,5986,5958,11944
89,,9110290,1,20260816,5857,131,0,0,0,0,0,6158,128,0,0,0,0,0,3,32.97125925096407,130.445357,,,,,,,,,,,,,204,red,5988,6286,12274
89,,9110300,1,20260816,5442,124,0,0,0,0,0,5515,150,0,0,0,0,0,3,33.14141103121475,130.470721,,,,,,,,,,,,,204,red,5566,5665,11231
89,,9110335,1,20260816,3438,58,0,0,0,0,0,3407,66,0,0,0,0,0,3,31.396273028557452,130.783657,,,,,,,,,,,,,204,red,3496,3473,6969
89,,9110340,1,20260816,5244,188,0,0,0,0,0,5176,188,0,0,0,0,0,3,31.452851608646302,130.7281932,,,,,,,,,,,,,204,red,5432,5364,10796
89,,9310003,1,20260816,7641,368,0,0,0,0,0,9906,376,0,0,0,0,0,3,33.947867982374184,130.968647,,,,,,,,,,,,,204,red,8009,10282,18291
89,,9310015,1,20260816,18695,1166,0,0,0,0,0,19091,1122,0,0,0,0,0,3,33.44660203165923,130.540337,,,,,,,,,,,,,204,red,19861,20213,40074
89,,9310017,1,20260816,7134,283,0,0,0,0,0,6802,253,0,0,0,0,0,3,33.323489031480754,130.523608,,,,,,,,,,,,,204,red,7417,7055,14472
89,,9310020,1,20260816,3549,289,0,0,0,0,0,3237,202,0,0,0,0,0,3,33.11458003117534,130.669176,,,,,,,,,,,,,204,red,3838,3439,7277
89,,9310035,1,20260816,5648,419,0,0,0,0,0,4527,370,0,0,0,0,0,3,32.406040030117445,130.555735,,,,,,,,,,,,,204,red,6067,4897,10964
89,,9310045,1,20260816,5287,231,0,0,0,0,0,5187,149,0,0,0,0,0,3,32.16215502974594,130.36789,,,,,,,,,,,,,204,red,5518,5336,10854
89,,9310050,1,20260816,5846,73,15,0,0,0,0,5692,73,21,0,0,0,0,3,31.714213029054637,130.275752,,,,,,,,,,,,,204,red,5934,5786,11720
89,,9310060,1,20260816,20,5,0,25,0,0,8,26,5,1,25,0,0,8,3,32.38562876008649,130.5414069,,,,,,,,,,,,,204,red,25,32,57
89,,9310070,1,20260816,0,1,8362,0,0,197,197,7458,325,150,0,0,0,197,3,31.702321029036145,130.297006,,,,,,,,,,,,,204,red,8363,7933,16296
89,,9310080,1,20260816,9556,272,0,0,0,0,0,8647,218,0,0,0,0,0,3,33.80588903217365,130.960473,,,,,,,,,,,,,204,red,9828,8865,18693
89,,9310085,1,20260816,8692,193,0,0,0,0,0,8105,156,0,0,0,0,0,3,33.54594303180245,131.283198,,,,,,,,,,,,,204,red,8885,8261,17146
89,,9310090,1,20260816,6920,164,0,0,0,0,0,7933,205,0,0,0,0,0,3,33.38094503156419,131.540397,,,,,,,,,,,,,204,red,7084,8138,15222
89,,9310100,1,20260816,15350,481,0,0,0,0,0,13901,468,0,0,0,0,0,3,33.15920703124086,131.651922,,,,,,,,,,,,,204,red,15831,14369,30200
89,,9310115,1,20260816,8457,585,0,0,0,0,0,7767,564,0,0,0,0,0,3,31.726570029073855,131.023972,,,,,,,,,,,,,204,red,9042,8331,17373
89,,9310120,1,20260816,12662,438,0,0,0,0,0,10881,464,0,0,0,0,0,3,31.705779029041526,130.613215,,,,,,,,,,,,,204,red,13100,11345,24445
89,,9310125,1,20260816,12183,374,0,0,0,0,0,10227,243,0,0,0,0,0,3,33.21761616132637,130.1637701,,,,,,,,,,,,,204,red,12557,10470,23027
89,,9310127,1,20260816,3909,1999,0,1,0,0,1,6846,302,0,1,0,0,1,3,32.91326503087817,130.976239,,,,,,,,,,,,,204,red,5908,7148,13056
89,,9310130,1,20260816,12082,276,0,0,0,0,0,12248,342,0,0,0,0,0,3,32.8754950308221,130.867355,,,,,,,,,,,,,204,red,12358,12590,24948
89,,9310140,1,20260816,16253,560,0,0,0,0,0,16809,432,0,0,0,0,0,3,32.820198990739854,130.7572925,,,,,,,,,,,,,204,red,16813,17241,34054
89,,9310150,1,20260816,7641,1362,0,0,0,0,0,3679,2642,0,0,0,0,0,3,32.6779330305273,130.55327,,,,,,,,,,,,,204,red,9003,6321,15324
89,,9310155,1,20260816,5240,77,0,0,0,0,0,6374,81,0,0,0,0,0,3,32.76467203065704,130.370667,,,,,,,,,,,,,204,red,5317,6455,11772
89,,9310156,1,20260816,7330,107,0,0,0,0,0,8199,131,0,0,0,0,0,3,32.78536503068792,130.199594,,,,,,,,,,,,,204,red,7437,8330,15767
89,,9310157,1,20260816,7064,216,0,0,0,0,0,6017,172,0,0,0,0,0,3,33.06696517110531,131.6229634,,,,,,,,,,,,,204,red,7280,6189,13469
89,,9310159,1,20260816,3423,161,0,0,0,0,0,2981,163,0,0,0,0,0,3,32.997429031002746,131.434075,,,,,,,,,,,,,204,red,3584,3144,6728
89,,9310165,1,20260816,9186,890,0,0,0,0,0,9217,749,0,0,0,0,0,3,33.62969103192261,130.442657,,,,,,,,,,,,,204,red,10076,9966,20042
89,,9310174,1,20260816,18613,895,0,0,0,0,0,15119,501,0,0,0,0,0,3,33.6275850319196,130.703907,,,,,,,,,,,,,204,red,19508,15620,35128
89,,9310181,1,20260816,6150,111,0,0,0,0,0,6089,99,0,0,0,0,0,3,33.230906841345785,130.3350523,,,,,,,,,,,,,204,red,6261,6188,12449
89,,9310184,1,20260816,8399,174,0,0,0,0,0,7577,471,0,0,0,0,0,3,32.918079150885305,130.6264597,,,,,,,,,,,,,204,red,8573,8048,16621
89,,9310185,1,20260816,2374,63,0,0,0,0,204,0,0,0,0,0,204,204,3,33.37000946154832,129.9447181,,,,,,,,,,,,,204,red,2437,0,2437
89,,9310187,1,20260816,12407,310,0,0,0,0,0,11659,384,0,0,0,0,0,3,33.504396031742644,130.111167,,,,,,,,,,,,,204,red,12717,12043,24760
89,,9310188,1,20260816,5086,187,0,0,0,0,0,4916,191,0,0,0,0,0,3,33.3383090315023,130.64702,,,,,,,,,,,,,204,red,5273,5107,10380
89,,9310189,1,20260816,6804,208,0,0,0,0,0,6666,205,0,0,0,0,0,3,33.06535003110294,129.833592,,,,,,,,,,,,,204,red,7012,6871,13883
89,,9310191,1,20260816,8987,223,0,0,0,0,0,8833,252,0,0,0,0,0,3,33.18514003127884,130.387366,,,,,,,,,,,,,204,red,9210,9085,18295
89,,9310192,1,20260816,7455,203,0,0,0,0,0,3427,3531,0,0,0,0,0,3,33.20214803130375,130.361827,,,,,,,,,,,,,204,red,7658,6958,14616
89,,9310193,1,20260816,3890,2594,0,0,0,0,0,5992,195,0,0,0,0,0,3,33.20855403131311,130.343385,,,,,,,,,,,,,204,red,6484,6187,12671
89,,9310195,1,20260816,7971,220,0,0,0,0,0,6934,157,0,0,0,0,0,3,33.32086003147692,130.863524,,,,,,,,,,,,,204,red,8191,7091,15282
89,,9310200,1,20260816,3281,120,0,0,0,0,0,3424,99,0,0,0,0,0,3,33.250128031373855,131.295812,,,,,,,,,,,,,204,red,3401,3523,6924
89,,9310205,1,20260816,5640,217,0,0,0,0,0,6371,193,0,0,0,0,0,3,33.19671903129579,131.498216,,,,,,,,,,,,,204,red,5857,6564,12421
89,,9310210,1,20260816,9298,252,0,0,0,0,0,8683,150,0,0,0,0,0,3,31.816050029212782,131.442962,,,,,,,,,,,,,204,red,9550,8833,18383
89,,9310217,1,20260816,3206,79,0,0,0,0,0,3221,80,0,0,0,0,0,3,31.417765998591218,130.99969040000002,,,,,,,,,,,,,204,red,3285,3301,6586
89,,9310218,1,20260816,5815,101,0,0,0,0,0,6260,121,0,0,0,0,0,3,31.377286028527593,130.545285,,,,,,,,,,,,,204,red,5916,6381,12297
89,,9310219,1,20260816,2099,43,0,0,0,0,0,2254,53,0,0,0,0,0,3,31.56571802882308,130.617867,,,,,,,,,,,,,204,red,2142,2307,4449
89,,9310220,1,20260816,9289,251,0,0,0,0,0,7190,189,0,0,0,0,0,3,33.43104381163675,130.0480662,,,,,,,,,,,,,204,red,9540,7379,16919
89,,9310470,1,20260816,3514,281,31,0,0,0,0,3113,143,35,0,0,0,0,3,32.24423502987137,130.476053,,,,,,,,,,,,,204,red,3826,3291,7117
89,,9310480,1,20260816,3361,323,0,0,0,0,0,3018,174,0,0,0,0,0,3,32.21685802982958,130.428031,,,,,,,,,,,,,204,red,3684,3192,6876
89,,9310520,1,20260816,4689,155,0,0,0,0,0,4473,102,0,0,0,0,0,3,32.102630029654726,130.326106,,,,,,,,,,,,,204,red,4844,4575,9419
89,,9310530,1,20260816,5379,155,0,0,0,0,0,5157,96,0,0,0,0,0,3,32.08242202962371,130.292812,,,,,,,,,,,,,204,red,5534,5253,10787
89,,9310540,1,20260816,4975,173,0,0,0,0,0,4320,106,0,0,0,0,0,3,32.07232702960822,130.26224,,,,,,,,,,,,,204,red,5148,4426,9574
89,,9310600,1,20260816,2411,188,0,0,0,0,0,2978,117,0,0,0,0,0,3,31.84607502925929,130.257831,,,,,,,,,,,,,204,red,2599,3095,5694
89,,9310610,1,20260816,0,0,0,0,0,204,204,3435,135,0,0,0,0,204,3,31.804655029195118,130.283522,,,,,,,,,,,,,204,red,0,3570,3570
89,,9310620,1,20260816,7968,214,0,0,0,0,0,7307,195,0,0,0,0,0,3,31.759537029125095,130.304217,,,,,,,,,,,,,204,red,8182,7502,15684
89,,9310627,1,20260816,8140,206,0,0,0,0,0,7003,183,0,0,0,0,0,3,33.46078103167972,130.044889,,,,,,,,,,,,,204,red,8346,7186,15532
89,,9310630,1,20260816,8453,234,0,0,0,0,0,6164,174,0,0,0,0,0,3,33.414414111612686,129.9958886,,,,,,,,,,,,,204,red,8687,6338,15025
89,,9310640,1,20260816,9157,233,0,0,0,0,0,7155,142,0,0,0,0,0,3,33.391371311579306,129.9347973,,,,,,,,,,,,,204,red,9390,7297,16687
89,,9310650,1,20260816,8892,353,0,0,0,0,0,7140,162,0,0,0,0,0,3,33.37966119156232,129.933567,,,,,,,,,,,,,204,red,9245,7302,16547
89,,9310660,1,20260816,6557,166,0,0,0,0,0,5616,99,0,0,0,0,0,3,33.30074103144764,129.915058,,,,,,,,,,,,,204,red,6723,5715,12438
89,,9310710,1,20260816,0,0,0,0,0,204,204,3034,359,0,0,0,0,204,3,33.323471851480726,129.8060041,,,,,,,,,,,,,204,red,0,3393,3393
89,,9310730,1,20260816,4256,86,0,0,0,0,0,3316,65,0,0,0,0,0,3,33.34824903151674,129.729277,,,,,,,,,,,,,204,red,4342,3381,7723
89,,9310740,1,20260816,2112,57,0,0,0,0,0,1581,39,0,0,0,0,0,3,33.34295921550905,129.672585536,,,,,,,,,,,,,204,red,2169,1620,3789
89,,9360270,1,20260816,5152,339,0,0,0,0,0,4050,252,0,0,0,0,0,1,32.93848103091554,131.866353,,,,,,,,,,,,,204,red,5491,4302,9793
89,,9360280,1,20260816,5505,368,0,0,0,0,0,4447,302,0,0,0,0,0,1,32.895717030852126,131.864089,,,,,,,,,,,,,204,red,5873,4749,10622
89,,9360290,1,20260816,4908,274,0,0,0,0,0,4092,210,0,0,0,0,0,1,32.80165203071222,131.87728,,,,,,,,,,,,,204,red,5182,4302,9484
89,,9360300,1,20260816,4850,266,0,0,0,0,0,4046,190,0,0,0,0,0,1,32.72780503060196,131.827089,,,,,,,,,,,,,204,red,5116,4236,9352
89,,9360310,1,20260816,6048,301,0,0,0,0,0,5371,231,0,0,0,0,0,1,32.708018030572354,131.811346,,,,,,,,,,,,,204,red,6349,5602,11951
89,,9360320,1,20260816,6402,310,0,0,0,0,0,5827,240,0,0,0,0,0,1,32.66071403050147,131.702707,,,,,,,,,,,,,204,red,6712,6067,12779
89,,9360330,1,20260816,5866,349,0,0,0,0,0,5143,285,0,0,0,0,0,3,32.67533903052341,131.725922,,,,,,,,,,,,,204,red,6215,5428,11643
89,,9360340,1,20260816,7902,444,0,0,0,0,0,7863,311,0,0,0,0,0,3,32.544601030326895,131.648426,,,,,,,,,,,,,204,red,8346,8174,16520
89,,9360350,1,20260816,5501,114,0,0,0,0,0,4896,95,0,0,0,0,0,1,31.69283102902137,131.379337,,,,,,,,,,,,,204,red,5615,4991,10606
89,,9360360,1,20260816,5153,126,0,0,0,0,0,4662,88,0,0,0,0,0,1,31.626655028918243,131.387644,,,,,,,,,,,,,204,red,5279,4750,10029
89,,9360380,1,20260816,2176,100,0,0,0,0,0,2071,70,0,0,0,0,0,1,31.48338302869418,131.081995,,,,,,,,,,,,,204,red,2276,2141,4417
89,,9360385,1,20260816,2500,132,0,0,0,0,0,2511,94,0,0,0,0,0,1,31.46605602866702,131.053459,,,,,,,,,,,,,204,red,2632,2605,5237
89,,9360390,1,20260816,2490,111,0,0,0,0,0,2699,99,0,0,0,0,0,1,31.445310028634466,130.99415,,,,,,,,,,,,,204,red,2601,2798,5399
89,,9360400,1,20260816,4270,235,0,0,0,0,0,4576,234,0,0,0,0,0,1,31.466282028667365,130.90009,,,,,,,,,,,,,204,red,4505,4810,9315
89,,9360410,1,20260816,3736,211,0,0,0,0,0,4225,236,0,0,0,0,0,1,31.521020028753135,130.93081,,,,,,,,,,,,,204,red,3947,4461,8408
89,,9360420,1,20260816,3653,219,0,0,0,0,0,4406,248,0,0,0,0,0,1,31.615248748900434,130.9538662,,,,,,,,,,,,,204,red,3872,4654,8526
89,,9360430,1,20260816,4541,181,0,0,0,0,0,3168,169,0,0,0,0,0,1,32.749633030634584,130.866625,,,,,,,,,,,,,204,red,4722,3337,8059
89,,9360440,1,20260816,4619,173,0,0,0,0,0,3247,132,0,0,0,0,0,1,32.741409030622286,130.89194,,,,,,,,,,,,,204,red,4792,3379,8171
89,,9360443,1,20260816,4272,132,0,0,0,0,0,2992,108,0,0,0,0,0,1,32.73097603060669,130.938429,,,,,,,,,,,,,204,red,4404,3100,7504
89,,9360465,1,20260816,4179,152,0,0,0,0,0,3824,111,0,0,0,0,0,3,32.69277003054952,131.345815,,,,,,,,,,,,,204,red,4331,3935,8266
89,,9360467,1,20260816,4301,173,0,0,0,0,0,4017,139,0,0,0,0,0,3,32.67691003052576,131.36226,,,,,,,,,,,,,204,red,4474,4156,8630
89,,9360470,1,20260816,4367,139,0,0,0,0,0,4473,115,0,0,0,0,0,3,32.587591030391636,131.509484,,,,,,,,,,,,,204,red,4506,4588,9094
90,,10110010,1,20260816,9557,218,0,0,0,0,0,10291,242,0,0,0,0,0,3,26.525846020561954,127.924665,,,,,,,,,,,,,204,red,9775,10533,20308
90,,10110030,1,20260816,24228,341,0,0,0,0,0,24772,430,0,0,0,0,0,3,26.27496950463181,127.741287946701,,,,,,,,,,,,,204,red,24569,25202,49771
90,,10110040,1,20260816,5041,71,0,0,0,0,0,5068,83,0,0,0,0,0,3,26.47501802047749,127.955092,,,,,,,,,,,,,204,red,5112,5151,10263
90,,10110060,1,20260816,12566,562,0,1,0,0,1,11790,419,0,1,0,0,1,3,26.28023651673024,127.81364321708601,,,,,,,,,,,,,204,red,13128,12209,25337
90,,10110070,1,20260816,13298,321,0,0,0,0,0,12313,366,0,0,0,0,0,3,26.200277295979053,127.66189455985999,,,,,,,,,,,,,204,red,13619,12679,26298
90,,10110090,1,20260816,16987,523,0,0,0,0,0,17536,420,0,0,0,0,0,3,26.1754430532393,127.706499695777,,,,,,,,,,,,,204,red,17510,17956,35466
81,02,1810010,1,20260816,9676,544,0,,,,,0,0,0,,,,,3,41.996809040234545,140.63609,,,0,0,0,0,0,0,0,0,0,0,202,blue,10220,0,10220
81,02,1810020,1,20260816,5121,251,0,,,,,6310,353,0,,,,,3,42.079752040271956,140.596961,,,0,0,0,0,0,0,0,0,0,0,202,blue,5372,6663,12035
81,02,1810030,1,20260816,,,,,,,,,,,,,,,3,42.18194404031664,140.438889,,,1,0,0,0,0,0,0,0,0,0,202,blue,0,0,0
81,02,1810040,1,20260816,,,,,,,,,,,,,,,3,42.21583304033111,140.385,,,1,0,0,0,0,2,2,0,0,0,202,blue,0,0,0
81,02,1810050,1,20260816,3508,144,0,,,,,4139,226,0,,,,,3,42.29972204036625,140.271667,,,0,0,0,0,0,0,0,0,0,2,202,blue,3652,4365,8017
81,03,1810060,1,20260816,1206,46,0,,,,,1610,79,0,,,,,3,42.70250004052043,140.42222,,,0,0,0,0,0,0,0,0,0,0,202,blue,1252,1689,2941
81,03,1810070,1,20260816,1645,51,0,,,,,1988,127,0,,,,,3,42.805277040555936,140.52666,,,0,0,0,0,0,0,0,0,0,0,202,blue,1696,2115,3811
81,03,1810080,1,20260816,908,59,0,,,,,591,40,0,,,,,3,42.79952604055398,140.700552,,,0,0,0,0,0,0,0,0,0,138,202,blue,967,631,1598
81,03,1810100,1,20260816,4945,265,0,,,,,4888,268,0,,,,,3,43.037777040630445,140.678611,,,0,0,0,0,0,0,0,0,0,0,202,blue,5210,5156,10366
81,03,1810110,1,20260816,6427,115,0,,,,,7438,157,0,,,,,3,43.20720804067966,140.975798,,,0,0,0,0,0,0,0,0,0,0,202,blue,6542,7595,14137
81,03,1810120,1,20260816,12150,230,0,,,,,14689,190,0,,,,,3,43.177556040671355,141.041001,,,0,0,0,0,0,0,0,0,0,0,202,blue,12380,14879,27259
81,02,1810130,1,20260816,10346,244,0,,,,,8572,273,0,,,,,3,41.88166704018098,140.720833,,,0,0,0,0,0,0,0,0,0,0,202,blue,10590,8845,19435
81,02,1810140,1,20260816,3518,117,0,,,,,7489,256,0,,,,,3,41.922053040199984,140.673037,,,0,0,0,0,0,0,0,0,0,0,202,blue,3635,7745,11380
81,01,1810160,1,20260816,3021,59,0,,,,,3901,50,0,,,,,3,43.575214040771755,141.936064,,,0,0,0,0,0,0,0,0,0,0,202,blue,3080,3951,7031
81,04,1810180,1,20260816,4188,114,0,,,,,14247,618,0,,,,,3,43.75523899023857,142.273832256632,,,0,0,0,0,0,0,0,0,0,0,202,blue,4302,14865,19167
81,01,1810200,1,20260816,,,,,,,,,,,,,,,3,42.92800104059627,141.532244,,,1,0,0,0,0,1,1,0,0,2,202,blue,0,0,0
81,01,1810210,1,20260816,9086,268,0,,,,,4442,160,0,,,,,3,42.86212604057491,141.599922,,,0,0,0,0,0,1,1,0,0,2,202,blue,9354,4602,13956
81,05,1810220,1,20260816,11066,441,0,,,,,10738,334,0,,,,,3,42.736385040532305,141.709144,,,0,0,0,0,0,0,0,0,0,0,202,blue,11507,11072,22579
81,05,1810240,1,20260816,6166,135,0,,,,,6595,111,0,,,,,3,42.44474904042452,141.159993,,,0,0,0,0,0,0,0,0,0,0,202,blue,6301,6706,13007
81,05,1810250,1,20260816,6389,77,0,,,,,5816,83,0,,,,,3,42.32896604037825,140.996368,,,0,0,0,0,0,0,0,0,0,0,202,blue,6466,5899,12365
81,02,1810260,1,20260816,2673,195,0,,,,,2845,81,0,,,,,3,42.59861104048294,140.461667,,,0,0,0,0,0,0,0,0,0,0,202,blue,2868,2926,5794
81,05,1810270,1,20260816,2982,254,0,,,,,3514,171,0,,,,,3,42.59319704048096,140.520753,,,0,0,0,0,0,11,11,0,0,0,202,blue,3236,3685,6921
81,05,1810280,1,20260816,3346,130,0,,,,,3601,139,0,,,,,3,42.59372804048115,140.535945,,,0,0,0,0,0,1,1,0,0,0,202,blue,3476,3740,7216
81,05,1810290,1,20260816,15,0,0,,,,,1612,63,0,,,,,3,42.56267604046962,140.742626,,,0,0,0,0,0,0,0,0,0,0,202,blue,15,1675,1690
81,01,1810310,1,20260816,,,,,,,,,,,,,,,3,43.57408404077149,141.983838,,,1,,,,,,,,,,202,blue,0,0,0
81,01,1810320,1,20260816,,,,,,,,,,,,,,,3,43.47080004074768,142.266721,,,1,,,,,,,,,,202,blue,0,0,0
81,04,1810350,1,20260816,1541,56,0,,,,,1510,41,0,,,,,3,43.197272411385796,142.57548514343702,,,0,0,0,0,0,0,0,0,0,79,202,blue,1597,1551,3148
81,07,1810360,1,20260816,1733,51,0,,,,,1785,55,0,,,,,3,43.15712704066555,142.786825,,,0,0,0,0,0,0,0,0,0,1,202,blue,1784,1840,3624
81,07,1810370,1,20260816,2018,81,0,,,,,1939,69,0,,,,,3,42.814306040558975,143.51125,,,0,0,0,0,0,0,0,0,0,0,202,blue,2099,2008,4107
81,07,1810380,1,20260816,,,,,,,,,,,,,,,3,42.82083104056116,143.71063,,,1,0,0,0,0,0,0,0,0,0,202,blue,0,0,0
81,06,1810390,1,20260816,,,,,,,,,,,,,,,3,42.86448904057567,143.874907,,,1,0,0,0,0,0,0,0,0,0,202,blue,0,0,0
81,06,1810400,1,20260816,,,,,,,,,,,,,,,3,43.00508004062045,144.254672,,,1,0,0,0,0,0,0,0,0,0,202,blue,0,0,0
81,06,1810410,1,20260816,,,,,,,,,,,,,,,3,43.0195510406249,144.257695,,,1,0,0,0,0,0,0,0,0,0,202,blue,0,0,0
81,06,1810420,1,20260816,4706,198,0,,,,,5673,97,0,,,,,3,43.00768404062126,144.364725,,,0,0,0,0,0,0,0,0,0,0,202,blue,4904,5770,10674
81,04,1810430,1,20260816,1344,59,0,,,,,1031,47,0,,,,,3,43.89533772001418,142.522262332469,,,0,0,0,0,0,0,0,0,0,1,202,blue,1403,1078,2481
81,08,1810460,1,20260816,3772,75,0,,,,,3302,76,0,,,,,3,43.88484504083343,144.001818,,,0,0,0,0,0,0,0,0,0,48,202,blue,3847,3378,7225
81,08,1810480,1,20260816,,,,,,,,,,,,,,,3,43.91366204083846,144.156572,,,1,0,0,0,0,0,0,0,0,31,202,blue,0,0,0
81,04,1810490,1,20260816,3796,120,0,,,,,3475,152,0,,,,,3,43.84734151228824,142.449476813803,,,0,0,0,0,0,0,0,0,0,0,202,blue,3916,3627,7543
81,04,1810500,1,20260816,2760,57,0,,,,,2530,47,0,,,,,3,44.091634905591874,142.391293207353,,,0,0,0,0,0,0,0,0,0,16,202,blue,2817,2577,5394
81,04,1810510,1,20260816,1110,68,0,,,,,1156,41,0,,,,,3,44.70483751674948,142.274019195489,,,0,0,0,0,0,3,3,0,0,34,202,blue,1178,1197,2375
81,04,1810520,1,20260816,92,10,0,,,,,73,6,0,,,,,3,44.72277804092767,142.249444,,,0,0,0,0,0,0,0,0,0,81,202,blue,102,79,181
81,09,1810530,1,20260816,660,53,0,,,,,816,51,0,,,,,3,44.89642004093388,141.953541,,,0,0,0,0,0,2,2,0,0,8,202,blue,713,867,1580
81,10,1810540,1,20260816,0,0,0,,,,,82,5,0,,,,,3,45.02095404093553,141.771843,,,0,0,0,0,0,0,0,0,0,0,202,blue,0,87,87
81,10,1810550,1,20260816,472,13,0,,,,,445,7,0,,,,,3,45.1450290409348,141.751626,,,0,0,0,0,0,1,1,0,0,15,202,blue,485,452,937
81,10,1810560,1,20260816,,,,,,,,,,,,,,,3,45.22646604093306,141.745387,,,1,,,,,,,,,,202,blue,0,0,0
81,10,1810570,1,20260816,918,50,0,,,,,1216,28,0,,,,,3,45.11301904093522,141.794418,,,0,0,0,0,0,0,0,0,0,0,202,blue,968,1244,2212
81,06,1810580,1,20260816,5436,111,0,,,,,5688,86,0,,,,,3,42.9878210406151,144.393418,,,0,0,0,0,0,0,0,0,0,0,202,blue,5547,5774,11321
81,06,1810590,1,20260816,,,,,,,,,,,,,,,3,43.05774504063647,144.791279,,,1,0,0,0,0,0,0,0,0,0,202,blue,0,0,0
81,06,1810600,1,20260816,3042,175,0,,,,,2993,55,0,,,,,3,43.05804004063655,144.830749,,,0,0,0,0,0,0,0,0,0,0,202,blue,3217,3048,6265
81,06,1810610,1,20260816,,,,,,,,,,,,,,,3,43.282406040700124,145.50731400000004,,,1,0,0,0,0,0,0,0,0,0,202,blue,0,0,0
81,02,1810620,1,20260816,2180,66,0,,,,,1955,50,0,,,,,3,41.95083004021339,140.45583300000004,,,0,0,0,0,0,0,0,0,0,0,202,blue,2246,2005,4251
81,02,1810630,1,20260816,1813,43,0,,,,,1593,20,0,,,,,3,41.77072204012754,140.613139,,,0,0,0,0,0,0,0,0,0,0,202,blue,1856,1613,3469
81,02,1810640,1,20260816,,,,,,,,,,,,,,,3,41.666445040075686,140.434972,,,1,0,0,0,0,1,1,0,0,0,202,blue,0,0,0
81,02,1810650,1,20260816,2606,95,0,,,,,2428,43,0,,,,,3,41.624898040054596,140.429715,,,0,0,0,0,0,0,0,0,0,0,202,blue,2701,2471,5172
81,02,1810660,1,20260816,1263,24,0,,,,,1156,35,0,,,,,3,41.49941703998935,140.249306,,,0,0,0,0,0,0,0,0,0,0,202,blue,1287,1191,2478
81,02,1810670,1,20260816,,,,,,,,,,,,,,,3,41.40202103993715,140.185625,,,1,0,0,0,0,0,0,0,0,0,202,blue,0,0,0
81,02,1810680,1,20260816,997,75,0,,,,,1077,30,0,,,,,3,41.43166703995318,140.128056,,,0,0,0,0,0,0,0,0,0,0,202,blue,1072,1107,2179
81,02,1810690,1,20260816,434,12,0,,,,,544,48,0,,,,,3,41.71166704009836,140.027778,,,0,0,0,0,0,0,0,0,0,0,202,blue,446,592,1038
81,02,1810700,1,20260816,1774,75,0,,,,,2072,61,0,,,,,3,41.84777804016484,140.12472200000002,,,0,0,0,0,0,0,0,0,0,0,202,blue,1849,2133,3982
81,02,1810710,1,20260816,,,,,,,,,,,,,,,3,41.84277804016245,140.732222,,,1,0,0,0,0,0,0,0,0,0,202,blue,0,0,0
81,02,1810720,1,20260816,2536,21,0,,,,,1931,12,0,,,,,3,41.83613904015928,140.64875,,,0,0,0,0,0,0,0,0,0,0,202,blue,2557,1943,4500
81,02,1810730,1,20260816,2819,51,0,,,,,2407,35,0,,,,,3,41.78055604013235,140.61055600000003,,,0,0,0,0,0,0,0,0,0,0,202,blue,2870,2442,5312
81,03,1810750,1,20260816,3936,80,0,,,,,3199,46,0,,,,,3,43.2287050406856,140.73446400000003,,,0,0,0,0,0,0,0,0,0,0,202,blue,4016,3245,7261
81,03,1810760,1,20260816,2832,51,0,,,,,2286,64,0,,,,,3,43.280277040699566,140.6375,,,0,0,0,0,0,0,0,0,0,0,202,blue,2883,2350,5233
81,03,1810780,1,20260816,1467,75,0,,,,,1291,35,0,,,,,3,43.328914040712355,140.422613,,,0,0,0,0,0,0,0,0,0,0,202,blue,1542,1326,2868
81,03,1810790,1,20260816,466,18,0,,,,,497,9,0,,,,,3,43.19878704067732,140.346959,,,0,0,0,0,0,0,0,0,0,0,202,blue,484,506,990
81,03,1810800,1,20260816,1338,32,0,,,,,1354,34,0,,,,,3,43.04480504063257,140.505833,,,0,0,0,0,0,0,0,0,0,0,202,blue,1370,1388,2758
81,03,1810810,1,20260816,,,,,,,,,,,,,,,3,43.02277704062587,140.548333,,,1,,,,,,,,,,202,blue,0,0,0
81,03,1810820,1,20260816,3169,155,0,,,,,3146,142,0,,,,,3,42.99750304061811,140.538303,,,0,0,0,0,0,0,0,0,0,0,202,blue,3324,3288,6612
81,03,1810830,1,20260816,2901,193,0,,,,,2526,188,0,,,,,3,42.981000040613,140.511333,,,0,0,0,0,0,0,0,0,0,0,202,blue,3094,2714,5808
81,03,1810840,1,20260816,1448,102,0,,,,,0,0,0,,,,,3,42.93163404059743,140.409415,,,0,0,0,0,0,0,0,0,0,0,202,blue,1550,0,1550
81,03,1810850,1,20260816,1677,117,0,,,,,1525,128,0,,,,,3,42.83094404056455,140.308974,,,0,0,0,0,0,2,2,0,0,0,202,blue,1794,1653,3447
81,03,1810860,1,20260816,3,0,0,,,,,901,47,0,,,,,3,42.818297040560324,140.184051,,,0,0,0,0,0,2,2,0,0,0,202,blue,3,948,951
81,03,1810870,1,20260816,263,10,0,,,,,160,7,0,,,,,3,42.68444404051404,139.919444,,,0,0,0,0,0,2,2,0,0,0,202,blue,273,167,440
81,02,1810880,1,20260816,259,7,0,,,,,169,7,0,,,,,3,42.57583304047453,139.832222,,,0,0,0,0,0,0,0,0,0,0,202,blue,266,176,442
81,02,1810890,1,20260816,339,14,0,,,,,331,9,0,,,,,3,42.17250004031257,139.899444,,,0,0,0,0,0,0,0,0,0,0,202,blue,353,340,693
81,02,1810900,1,20260816,383,9,0,,,,,384,16,0,,,,,3,42.21750004033183,139.868333,,,0,0,0,0,0,0,0,0,0,0,202,blue,392,400,792
81,02,1810910,1,20260816,,,,,,,,,,,,,,,3,42.11918804028937,140.016837,,,1,0,0,0,0,0,0,0,0,0,202,blue,0,0,0
81,02,1810920,1,20260816,1920,37,0,,,,,1871,98,0,,,,,3,41.97324904022374,140.139624,,,0,0,0,0,0,0,0,0,0,0,202,blue,1957,1969,3926
81,01,1810940,1,20260816,,,,,,,,,,,,,,,3,43.001256040619275,141.339621,,,1,0,0,0,0,1,1,0,0,0,202,blue,0,0,0
81,01,1810950,1,20260816,,,,,,,,,,,,,,,3,42.999192040618645,141.337588,,,1,0,0,0,0,1,1,0,0,2,202,blue,0,0,0
81,01,1810960,1,20260816,6927,158,0,,,,,5344,136,0,,,,,3,42.9536270406044,141.151206,,,0,0,0,0,0,1,1,0,0,9,202,blue,7085,5480,12565
81,01,1810970,1,20260816,,,,,,,,,,,,,,,3,42.883263040581824,141.139985,,,1,,,,,,,,,,202,blue,0,0,0
81,03,1810980,1,20260816,1437,17,0,,,,,502,17,0,,,,,3,42.69444404051758,140.839722,,,0,0,0,0,0,0,0,0,0,116,202,blue,1454,519,1973
81,01,1811010,1,20260816,,,,,,,,,,,,,,,3,43.161847040666906,141.353771,,,1,0,0,0,0,1,1,0,0,35,202,blue,0,0,0
81,01,1811020,1,20260816,,,,,,,,,,,,,,,3,43.183375040672985,141.323859,,,1,0,0,0,0,1,1,0,0,0,202,blue,0,0,0
81,01,1811030,1,20260816,,,,,,,,,,,,,,,3,43.22320404068409,141.345058,,,1,0,0,0,0,1,1,0,0,0,202,blue,0,0,0
81,01,1811040,1,20260816,3560,53,0,,,,,2688,35,0,,,,,3,43.39904804073019,141.436259,,,0,0,0,0,0,1,1,0,0,1,202,blue,3613,2723,6336
81,09,1811050,1,20260816,,,,,,,,,,,,,,,3,43.75429004080918,141.350733,,,1,0,0,0,0,1,1,0,0,8,202,blue,0,0,0
81,09,1811060,1,20260816,,,,,,,,,,,,,,,3,44.96648604093511,141.761931,,,1,0,0,0,0,2,2,0,0,4,202,blue,0,0,0
81,09,1811080,1,20260816,,,,,,,,,,,,,,,3,44.80492204093118,141.785854,,,1,0,0,0,0,1,1,0,0,0,202,blue,0,0,0
81,09,1811090,1,20260816,,,,,,,,,,,,,,,3,44.64226604092325,141.79398,,,1,0,0,0,0,1,1,0,0,0,202,blue,0,0,0
81,09,1811110,1,20260816,,,,,,,,,,,,,,,3,44.37405804090138,141.71125400000003,,,1,0,0,0,0,2,2,0,0,26,202,blue,0,0,0
81,09,1811120,1,20260816,1067,38,0,,,,,2901,99,0,,,,,3,44.255796040888285,141.656338,,,0,0,0,0,0,2,2,0,0,11,202,blue,1105,3000,4105
81,09,1811130,1,20260816,2838,100,0,,,,,3073,90,0,,,,,3,44.07063104086351,141.663029,,,0,0,0,0,0,1,1,0,0,6,202,blue,2938,3163,6101
81,09,1811150,1,20260816,2704,93,0,,,,,2900,87,0,,,,,3,43.94678404084405,141.651833,,,0,0,0,0,0,1,1,0,0,22,202,blue,2797,2987,5784
81,09,1811160,1,20260816,,,,,,,,,,,,,,,3,43.832161040823955,141.829941,,,1,0,0,0,0,1,1,0,0,3,202,blue,0,0,0
81,09,1811170,1,20260816,,,,,,,,,,,,,,,3,43.849231040827085,141.814442,,,1,0,0,0,0,1,1,0,0,6,202,blue,0,0,0
81,09,1811180,1,20260816,512,26,0,,,,,589,41,0,,,,,3,43.874433040831605,141.738524,,,0,0,0,0,0,1,1,0,0,6,202,blue,538,630,1168
81,09,1811190,1,20260816,,,,,,,,,,,,,,,3,43.91902504083936,141.685028,,,1,0,0,0,0,1,1,0,0,8,202,blue,0,0,0
81,09,1811200,1,20260816,3587,241,0,,,,,3450,353,0,,,,,3,43.887433040833905,141.711544,,,0,0,0,0,0,1,1,0,0,2,202,blue,3828,3803,7631
81,01,1811210,1,20260816,,,,,,,,,,,,,,,3,43.19164404067532,141.764248,,,1,,,,,,,,,,202,blue,0,0,0
81,01,1811220,1,20260816,1677,70,0,,,,,1669,59,0,,,,,3,42.898883040586895,141.813884,,,0,0,0,0,0,1,1,0,0,33,202,blue,1747,1728,3475
81,05,1811230,1,20260816,2704,146,0,,,,,2770,139,0,,,,,3,42.885113040582425,141.812065,,,0,0,0,0,0,0,0,0,0,0,202,blue,2850,2909,5759
81,05,1811240,1,20260816,1920,90,0,,,,,2263,93,0,,,,,3,42.76319504054159,141.812586,,,0,0,0,0,0,0,0,0,0,0,202,blue,2010,2356,4366
81,05,1811250,1,20260816,,,,,,,,,,,,,,,3,42.55317704046606,141.981715,,,1,0,0,0,0,0,0,0,0,83,202,blue,0,0,0
81,05,1811260,1,20260816,3700,177,0,,,,,3387,85,0,,,,,3,42.16916704031112,142.768611,,,0,0,0,0,0,0,0,0,0,0,202,blue,3877,3472,7349
81,05,1811270,1,20260816,3893,140,0,,,,,3520,95,0,,,,,3,42.50615204044825,142.070834,,,0,0,0,0,0,0,0,0,0,0,202,blue,4033,3615,7648
81,07,1811280,1,20260816,1217,77,0,,,,,235,12,0,,,,,3,42.58422604047764,143.30053,,,0,0,0,0,0,0,0,0,0,0,202,blue,1294,247,1541
81,07,1811290,1,20260816,397,23,0,,,,,386,26,0,,,,,3,42.3768230403976,143.061454,,,0,0,0,0,0,48,48,0,0,1,202,blue,420,412,832
81,04,1811320,1,20260816,5224,157,0,,,,,4745,145,0,,,,,3,43.60527804077837,142.469167,,,0,0,0,0,0,0,0,0,0,2,202,blue,5381,4890,10271
81,04,1811330,1,20260816,4016,146,0,,,,,3845,154,0,,,,,3,43.560996966472565,142.4353437615,,,0,0,0,0,0,0,0,0,0,5,202,blue,4162,3999,8161
81,08,1811370,1,20260816,312,7,0,,,,,274,8,0,,,,,3,44.09975304086775,143.867897,,,0,0,0,0,0,0,0,0,0,136,202,blue,319,282,601
81,08,1811380,1,20260816,1081,41,0,,,,,997,28,0,,,,,3,44.12070404087072,143.72058,,,0,0,0,0,0,0,0,0,0,79,202,blue,1122,1025,2147
81,08,1811390,1,20260816,2902,142,0,,,,,3121,127,0,,,,,3,44.364948040900465,143.334896,,,0,0,0,0,0,0,0,0,0,0,202,blue,3044,3248,6292
81,10,1811400,1,20260816,447,21,0,,,,,423,21,0,,,,,3,44.77764204093013,142.721902,,,0,0,0,0,0,0,0,0,0,15,202,blue,468,444,912
81,10,1811410,1,20260816,,,,,,,,,,,,,,,3,45.361691040927944,142.122166,,,1,0,0,0,0,0,0,0,0,0,202,blue,0,0,0
81,10,1811420,1,20260816,0,0,0,,,,,1214,50,0,,,,,3,45.43710504092389,141.862347,,,0,0,0,0,0,1,1,0,0,42,202,blue,0,1264,1264
81,08,1811430,1,20260816,536,28,0,,,,,569,26,0,,,,,3,44.40500204090447,143.017708,,,0,0,0,0,0,0,0,0,0,0,202,blue,564,595,1159
81,04,1811440,1,20260816,381,15,0,,,,,375,16,0,,,,,3,44.31599186248862,142.78318613417,,,0,0,0,0,0,0,0,0,0,61,202,blue,396,391,787
81,04,1811450,1,20260816,372,10,0,,,,,314,22,0,,,,,3,44.18218514890566,142.3067879962,,,0,0,0,0,0,0,0,0,0,8,202,blue,382,336,718
81,09,1811460,1,20260816,,,,,,,,,,,,,,,3,44.20144804088155,142.034387,,,1,0,0,0,0,2,2,0,0,7,202,blue,0,0,0
81,06,1811490,1,20260816,,,,,,,,,,,,,,,3,43.28312104070033,144.106479,,,1,0,0,0,0,1,1,0,0,0,202,blue,0,0,0
81,06,1811500,1,20260816,790,29,0,,,,,731,41,0,,,,,3,43.45847504074473,144.008366,,,0,0,0,0,0,0,0,0,0,0,202,blue,819,772,1591
81,08,1811520,1,20260816,1887,51,0,,,,,1932,86,0,,,,,3,44.16231304087643,143.57881,,,0,0,0,0,0,0,0,0,0,0,202,blue,1938,2018,3956
81,08,1811530,1,20260816,2276,86,0,,,,,2161,54,0,,,,,3,44.13401504087257,143.561357,,,0,0,0,0,0,1,1,0,0,0,202,blue,2362,2215,4577
81,08,1811540,1,20260816,,,,,,,,,,,,,,,3,43.81153304082013,143.553741,,,1,0,0,0,0,0,0,0,0,28,202,blue,0,0,0
81,07,1811550,1,20260816,167,13,0,,,,,154,12,0,,,,,3,43.614803040780444,143.623559,,,0,0,0,0,0,0,0,0,0,0,202,blue,180,166,346
81,07,1811560,1,20260816,2140,82,0,,,,,2498,114,0,,,,,3,42.950446040603396,143.426823,,,0,0,0,0,0,0,0,0,0,0,202,blue,2222,2612,4834
81,07,1811570,1,20260816,465,9,0,,,,,4813,104,0,,,,,3,42.91920004059345,143.382799,,,0,0,0,0,0,0,0,0,0,0,202,blue,474,4917,5391
81,06,1811580,1,20260816,4,0,0,,,,,1203,38,0,,,,,3,43.65168204078832,144.260814,,,0,0,0,0,0,0,0,0,0,0,202,blue,4,1241,1245
81,06,1811590,1,20260816,1093,30,0,,,,,1078,39,0,,,,,3,43.48222204075039,144.542778,,,0,0,0,0,0,1,1,0,0,0,202,blue,1123,1117,2240
81,06,1811600,1,20260816,524,23,0,,,,,603,34,0,,,,,3,43.415912040734376,144.740463,,,0,0,0,0,0,0,0,0,0,0,202,blue,547,637,1184
81,08,1811610,1,20260816,2734,72,0,,,,,2663,44,0,,,,,3,43.96614504084723,144.326697,,,0,0,0,0,0,0,0,0,0,0,202,blue,2806,2707,5513
81,08,1811620,1,20260816,1316,45,0,,,,,1356,36,0,,,,,3,43.91012304083783,144.542023,,,0,0,0,0,0,0,0,0,0,0,202,blue,1361,1392,2753
81,08,1811630,1,20260816,,,,,,,,,,,,,,,3,43.888827040834144,144.736391,,,1,0,0,0,0,0,0,0,0,44,202,blue,0,0,0
81,06,1811640,1,20260816,375,18,0,,,,,368,21,0,,,,,3,43.73179504080475,144.960789,,,0,0,0,0,0,0,0,0,0,1,202,blue,393,389,782
81,06,1811650,1,20260816,222,7,0,,,,,186,4,0,,,,,3,43.69435704079721,145.112266,,,0,0,0,0,0,0,0,0,0,0,202,blue,229,190,419
81,06,1811660,1,20260816,,,,,,,,,,,,,,,3,43.37687304072465,145.283748,,,1,0,0,0,0,1,1,0,0,0,202,blue,0,0,0
81,06,1811670,1,20260816,1477,83,0,,,,,1599,82,0,,,,,3,43.225599040684756,144.69552000000002,,,0,0,0,0,0,0,0,0,0,0,202,blue,1560,1681,3241
81,06,1811680,1,20260816,1157,63,0,,,,,1436,51,0,,,,,3,43.384169040726476,144.866826,,,0,0,0,0,0,0,0,0,0,0,202,blue,1220,1487,2707
81,06,1811690,1,20260816,,,,,,,,,,,,,,,3,43.60985404077937,145.077277,,,1,0,0,0,0,0,0,0,0,1,202,blue,0,0,0
81,07,1811700,1,20260816,777,15,0,,,,,738,22,0,,,,,3,43.353586040718724,143.261308,,,0,0,0,0,0,0,0,0,0,1,202,blue,792,760,1552
81,07,1811710,1,20260816,567,15,0,,,,,579,24,0,,,,,3,43.571286040770886,143.120781,,,0,0,0,0,0,0,0,0,0,19,202,blue,582,603,1185
81,04,1811730,1,20260816,686,39,0,,,,,568,30,0,,,,,3,43.909246029716684,142.97348513542,,,0,0,0,0,0,0,0,0,0,5,202,blue,725,598,1323
81,04,1811740,1,20260816,440,22,0,,,,,370,17,0,,,,,3,43.9388162846136,142.945802727953,,,0,0,0,0,0,0,0,0,0,82,202,blue,462,387,849
81,01,1811750,1,20260816,5661,280,0,,,,,4467,271,0,,,,,3,42.98946404061562,141.609539,,,0,0,0,0,0,1,1,0,0,3,202,blue,5941,4738,10679
81,01,1811760,1,20260816,3232,129,0,,,,,2691,123,0,,,,,3,42.94269504060095,141.76061,,,0,0,0,0,0,1,1,0,0,3,202,blue,3361,2814,6175
81,01,1811770,1,20260816,2480,143,0,,,,,1932,147,0,,,,,3,42.950353040603375,141.802672,,,0,0,0,0,0,1,1,0,0,2,202,blue,2623,2079,4702
81,01,1811780,1,20260816,,,,,,,,,,,,,,,3,42.91325204059154,141.966963,,,1,0,0,0,0,1,1,0,0,2,202,blue,0,0,0
81,01,1811790,1,20260816,,,,,,,,,,,,,,,3,42.92852504059643,142.063994,,,1,0,0,0,0,1,1,0,0,1,202,blue,0,0,0
81,05,1811800,1,20260816,1870,234,0,,,,,1557,177,0,,,,,3,42.9641030406077,142.63981100000004,,,0,0,0,0,0,0,0,0,0,0,202,blue,2104,1734,3838
81,01,1811810,1,20260816,5490,282,0,,,,,4591,266,0,,,,,3,43.18243804067272,141.523454,,,0,0,0,0,0,1,1,0,0,30,202,blue,5772,4857,10629
81,01,1811830,1,20260816,2675,114,0,,,,,2743,102,0,,,,,3,43.54600104076516,141.884426,,,0,0,0,0,0,1,1,0,0,1,202,blue,2789,2845,5634
81,01,1811840,1,20260816,2861,64,0,,,,,2620,42,0,,,,,3,43.71586004080156,141.885874,,,0,0,0,0,0,1,1,0,0,7,202,blue,2925,2662,5587
81,01,1811850,1,20260816,582,17,0,,,,,558,6,0,,,,,3,43.76892104081203,141.884179,,,0,0,0,0,0,1,1,0,0,14,202,blue,599,564,1163
81,01,1811860,1,20260816,883,13,0,,,,,827,8,0,,,,,3,43.80589304081908,141.905599,,,0,0,0,0,0,1,1,0,0,1,202,blue,896,835,1731
81,01,1811870,1,20260816,464,14,0,,,,,402,16,0,,,,,3,43.917356040839074,142.125632,,,0,0,0,0,0,1,1,0,0,18,202,blue,478,418,896
81,04,1811880,1,20260816,305,8,0,,,,,375,8,0,,,,,3,44.74113379582216,142.253439072174,,,0,0,0,0,0,0,0,0,0,76,202,blue,313,383,696
81,10,1811890,1,20260816,511,13,0,,,,,597,27,0,,,,,3,44.820303040931734,142.284138,,,0,0,0,0,0,0,0,0,0,0,202,blue,524,624,1148
81,10,1811900,1,20260816,246,5,0,,,,,374,13,0,,,,,3,45.044884040935564,142.315271,,,0,0,0,0,0,0,0,0,0,59,202,blue,251,387,638
81,10,1811910,1,20260816,286,10,0,,,,,390,19,0,,,,,3,45.10820204093526,142.363773,,,0,0,0,0,0,0,0,0,0,85,202,blue,296,409,705
81,03,1811920,1,20260816,1717,127,0,,,,,1702,118,0,,,,,3,42.98635304061466,140.606197,,,0,0,0,0,0,0,0,0,0,1,202,blue,1844,1820,3664
81,03,1811930,1,20260816,584,26,0,,,,,562,16,0,,,,,3,42.88083304058103,140.878055,,,0,0,0,0,0,0,0,0,0,110,202,blue,610,578,1188
81,03,1811940,1,20260816,1330,50,0,,,,,1050,48,0,,,,,3,42.80440904055563,140.891961,,,0,0,0,0,0,0,0,0,0,39,202,blue,1380,1098,2478
81,03,1811950,1,20260816,729,38,0,,,,,771,26,0,,,,,3,42.75773904053971,141.013347,,,0,0,0,0,0,0,0,0,0,72,202,blue,767,797,1564
81,01,1811980,1,20260816,,,,,,,,,,,,,,,3,42.71955604052643,141.252074,,,1,0,0,0,0,1,1,0,0,12,202,blue,0,0,0
81,01,1811990,1,20260816,2405,91,0,,,,,1930,88,0,,,,,3,42.74221004053433,141.402953,,,0,0,0,0,0,1,1,0,0,7,202,blue,2496,2018,4514
81,02,1812000,1,20260816,,,,,,,,,,,,,,,3,42.1695560403113,140.052167,,,1,0,0,0,0,1,1,0,0,0,202,blue,0,0,0
81,02,1812010,1,20260816,2239,177,0,,,,,2263,133,0,,,,,3,41.76194404012323,140.856944,,,0,0,0,0,0,0,0,0,0,0,202,blue,2416,2396,4812
81,02,1812020,1,20260816,,,,,,,,,,,,,,,3,41.714722040099886,140.9975,,,1,0,0,0,0,0,0,0,0,0,202,blue,0,0,0
81,02,1812030,1,20260816,278,9,0,,,,,313,11,0,,,,,3,41.87888904017965,141.092222,,,0,0,0,0,0,0,0,0,0,0,202,blue,287,324,611
81,02,1812040,1,20260816,688,85,0,,,,,729,17,0,,,,,3,41.9566670402161,140.928611,,,0,0,0,0,0,0,0,0,0,0,202,blue,773,746,1519
81,02,1812050,1,20260816,578,46,0,,,,,652,16,0,,,,,3,42.013056040241956,140.853611,,,0,0,0,0,0,0,0,0,0,0,202,blue,624,668,1292
81,02,1812060,1,20260816,370,7,0,,,,,407,5,0,,,,,3,42.042500040255284,140.813056,,,0,0,0,0,0,0,0,0,0,0,202,blue,377,412,789
81,02,1812070,1,20260816,657,31,0,,,,,775,55,0,,,,,3,42.12805604029326,140.711389,,,0,0,0,0,0,0,0,0,0,0,202,blue,688,830,1518
81,02,1812080,1,20260816,1663,37,0,,,,,1736,27,0,,,,,3,42.118611040289125,140.632778,,,0,0,0,0,0,2,2,0,0,0,202,blue,1700,1763,3463
81,06,1812090,1,20260816,22,1,0,,,,,1501,64,0,,,,,3,43.89994004083609,145.099582,,,0,0,0,0,0,0,0,0,0,0,202,blue,23,1565,1588
81,05,1812130,1,20260816,297,20,0,,,,,286,29,0,,,,,3,42.02778604024864,143.231184,,,0,0,0,0,0,0,0,0,0,0,202,blue,317,315,632
81,07,1812150,1,20260816,472,23,0,,,,,550,19,0,,,,,3,42.16205004030805,143.324722,,,0,0,0,0,0,0,0,0,0,0,202,blue,495,569,1064
81,07,1812160,1,20260816,702,46,0,,,,,1098,115,0,,,,,3,42.28181504035883,143.31818,,,0,0,0,0,0,0,0,0,0,0,202,blue,748,1213,1961
81,07,1812170,1,20260816,1201,52,0,,,,,1211,30,0,,,,,3,42.31167504037117,143.321422,,,0,0,0,0,0,59,59,0,0,0,202,blue,1253,1241,2494
81,07,1812180,1,20260816,286,15,0,,,,,328,16,0,,,,,3,42.68446104051403,143.603341,,,0,0,0,0,0,0,0,0,0,0,202,blue,301,344,645
81,07,1812190,1,20260816,357,25,0,,,,,343,23,0,,,,,3,42.69525004051786,143.616062,,,0,0,0,0,0,0,0,0,0,0,202,blue,382,366,748
81,07,1812200,1,20260816,177,16,0,,,,,221,15,0,,,,,3,42.74125304053399,143.631419,,,0,0,0,0,0,0,0,0,0,0,202,blue,193,236,429
81,01,1812210,1,20260816,367,17,0,,,,,407,15,0,,,,,3,42.85600604057288,141.704289,,,0,0,0,0,0,1,1,0,0,36,202,blue,384,422,806
81,01,1812220,1,20260816,,,,,,,,,,,,,,,3,42.969962040609545,141.672998,,,1,0,0,0,0,1,1,0,0,0,202,blue,0,0,0
81,01,1812230,1,20260816,,,,,,,,,,,,,,,3,43.02096904062534,141.663755,,,1,0,0,0,0,1,1,0,0,0,202,blue,0,0,0
81,03,1812240,1,20260816,7121,353,0,,,,,6372,291,0,,,,,3,43.14450004066195,141.187805,,,0,0,0,0,0,0,0,0,0,0,202,blue,7474,6663,14137
81,06,1812250,1,20260816,679,30,0,,,,,650,28,0,,,,,3,43.68733204079576,144.466438,,,0,0,0,0,0,0,0,0,0,0,202,blue,709,678,1387
81,03,1812260,1,20260816,1638,40,0,,,,,1409,48,0,,,,,3,42.99111104061613,140.875833,,,0,0,0,0,0,0,0,0,0,0,202,blue,1678,1457,3135
81,04,1812290,1,20260816,5370,211,0,,,,,4794,206,0,,,,,3,43.85258742603739,142.702731203374,,,0,0,0,0,0,14,14,0,0,6,202,blue,5581,5000,10581
81,01,1812300,1,20260816,0,0,0,,,,,685,8,0,,,,,3,43.578650040772516,141.414894,,,0,0,0,0,0,1,1,0,0,2,202,blue,0,693,693
81,01,1812310,1,20260816,190,1,0,,,,,214,1,0,,,,,3,43.548241040765674,141.621516,,,0,0,0,0,0,0,0,0,0,4,202,blue,191,215,406
81,01,1812320,1,20260816,217,12,0,,,,,233,1,0,,,,,3,43.542762040764444,141.638006,,,0,0,0,0,0,0,0,0,0,0,202,blue,229,234,463
81,01,1812330,1,20260816,1955,39,0,,,,,2633,43,0,,,,,3,43.55901004076813,141.903362,,,0,0,0,0,0,1,1,0,0,42,202,blue,1994,2676,4670
81,01,1812340,1,20260816,545,15,0,,,,,464,7,0,,,,,3,42.995832040617586,142.00991,,,0,0,0,0,0,1,1,0,0,0,202,blue,560,471,1031
81,01,1812350,1,20260816,7017,167,0,,,,,6660,148,0,,,,,3,42.979904040612645,141.346302,,,0,0,0,0,0,1,1,0,0,4,202,blue,7184,6808,13992
81,01,1812370,1,20260816,2177,13,0,,,,,1867,21,0,,,,,3,42.83639604056636,141.300884,,,0,0,0,0,0,1,1,0,0,4,202,blue,2190,1888,4078
81,01,1812380,1,20260816,2166,14,0,,,,,2162,13,0,,,,,3,42.80255304055502,141.327921,,,0,0,0,0,0,1,1,0,0,2,202,blue,2180,2175,4355
82,,2810180,1,20260816,948,85,0,,,,,307,19,0,,,,,3,38.89166803813703,141.115835,,,1,,,,0,,,,,,205,blue,1033,326,1359
82,,2810190,1,20260816,577,39,0,,,,,314,35,0,,,,,3,39.03166703825964,141.1175,,,1,,,,0,,,,,,205,blue,616,349,965
82,,2810200,1,20260816,236,13,0,,,,,767,71,0,,,,,3,39.0450020382712,141.129544,,,1,,,,0,,,,,,205,blue,249,838,1087
82,,2810220,1,20260816,9626,722,0,,,,,9699,427,0,,,,,3,39.29444503848296,141.105556,,,0,,,,0,,,,,,205,blue,10348,10126,20474
82,,2810230,1,20260816,0,0,0,,,,,0,0,0,,,,,3,39.344446038524424,141.106946,,,1,,,,0,,,,,,205,blue,0,0,0
82,,2810240,1,20260816,91,126,0,,,,,138,210,0,,,,,3,39.651946038772245,141.164724,,,1,,,,0,,,,,,205,blue,217,348,565
82,,2810250,1,20260816,69,10,0,,,,,76,4,0,,,,,3,39.888889038954595,141.19528,,,1,,,,0,,,,,,205,blue,79,80,159
82,,2810270,1,20260816,37,2,0,,,,,0,0,0,,,,,3,40.27277803923393,141.293058,,,1,,,,0,,,,,,205,blue,39,0,39
82,,2810280,1,20260816,185,31,0,,,,,400,30,0,,,,,3,40.41445803933193,141.298913,,,1,,,,0,,,,,,205,blue,216,430,646
82,,2810290,1,20260816,4469,424,0,,,,,4691,260,0,,,,,3,40.718083039532594,141.156692,,,0,,,,0,,,,,,205,blue,4893,4951,9844
82,,2810300,1,20260816,2395,202,0,,,,,1818,83,0,,,,,3,40.907508039651255,141.061111,,,1,,,,0,,,,,,205,blue,2597,1901,4498
82,,2810310,1,20260816,4570,356,0,,,,,4409,155,0,,,,,3,40.8547220396187,140.839178,,,1,,,,0,,,,,,205,blue,4926,4564,9490
82,,2810400,1,20260816,2760,108,0,,,,,2352,113,0,,,,,3,39.26847903846129,139.923131,,,0,,,,0,,,,,,205,blue,2868,2465,5333
82,,2810430,1,20260816,2051,126,0,,,,,2212,101,0,,,,,3,39.976642039020206,140.07770900000003,,,1,,,,0,,,,,,205,blue,2177,2313,4490
82,,2810450,1,20260816,,,,,,,,,,,,,,,3,40.278639039238044,140.449111,,,1,,,,0,,,,,,205,blue,0,0,0
82,,2810460,1,20260816,472,60,0,,,,,345,14,0,,,,,3,40.275306039235716,140.516861,,,1,,,,0,,,,,,205,blue,532,359,891
82,,2810470,1,20260816,3671,244,0,,,,,3303,526,0,,,,,3,40.317917039265446,140.578139,,,0,,,,0,,,,,,205,blue,3915,3829,7744
82,,2810480,1,20260816,786,70,0,,,,,1008,52,0,,,,,3,40.577502039441285,140.518889,,,1,,,,0,,,,,,205,blue,856,1060,1916
82,,2810490,1,20260816,1847,68,0,,,,,1542,67,0,,,,,3,40.711137039528154,140.580013,,,1,,,,0,,,,,,205,blue,1915,1609,3524
82,,2810580,1,20260816,6675,629,0,,,,,6158,380,0,,,,,3,39.260555038454655,140.543611,,,0,,,,0,,,,,,205,blue,7304,6538,13842
82,,2810590,1,20260816,5665,1303,0,,,,,7085,252,0,,,,,3,39.44138803860391,140.505,,,0,,,,0,,,,,,205,blue,6968,7337,14305
82,,2810600,1,20260816,4520,221,0,,,,,4830,231,0,,,,,3,39.51138803866052,140.380833,,,0,,,,0,,,,,,205,blue,4741,5061,9802
82,,2810610,1,20260816,4828,218,0,,,,,5690,266,0,,,,,3,39.63750003876089,140.300833,,,1,,,,0,,,,,,205,blue,5046,5956,11002
82,,2810620,1,20260816,7992,396,0,,,,,7315,464,0,,,,,3,39.67388903878944,140.152222,,,1,,,,0,,,,,,205,blue,8388,7779,16167
82,,2810630,1,20260816,12149,481,0,,,,,12393,849,0,,,,,3,39.69425003880535,140.122194,,,0,,,,0,,,,,,205,blue,12630,13242,25872
82,,2810960,1,20260816,141,5,0,,,,,2,0,0,,,,,3,40.26398203922775,141.40187,,,1,,,,0,,,,,,205,blue,146,2,148
82,,2810970,1,20260816,56,2,0,,,,,45,13,0,,,,,3,40.4453010393529,141.638612,,,1,,,,0,,,,,,205,blue,58,58,116
82,,2810980,1,20260816,0,0,0,,,,,161,61,0,,,,,3,40.30396403925574,141.3059,,,1,,,,0,,,,,,205,blue,0,222,222
82,,2810990,1,20260816,4856,318,0,,,,,3867,214,0,,,,,3,40.60361303945845,141.404748,,,0,,,,0,,,,,,205,blue,5174,4081,9255
82,,2811030,1,20260816,1921,84,0,,,,,1825,223,0,,,,,3,39.608922038738314,140.57135,,,0,,,,0,,,,,,205,blue,2005,2048,4053
83,,3810010,1,20260816,,,,,,,,,,,,,,,3,35.23222203411103,139.112514,,,1,,,,,,,,,,205,blue,0,0,0
83,,3810040,1,20260816,12234,309,0,,,,,2134,41,0,,,,,3,35.26450803415279,139.182925,,,0,0,0,0,0,0,0,0,0,0,205,blue,12543,2175,14718
83,,3810050,1,20260816,14311,701,0,,,,,,,,,,,,3,35.71158901450833,139.777491746321,,,0,0,0,0,0,0,0,0,0,0,205,blue,15012,0,15012
83,,3810060,1,20260816,8396,446,0,,,,,7392,383,0,,,,,3,35.725261072361086,139.78833095668,,,0,0,0,0,0,0,0,0,0,0,205,blue,8842,7775,16617
83,,3810061,1,20260816,9447,510,0,,,,,7786,448,0,,,,,3,35.72724220226666,139.789181219765,,,0,0,0,0,0,0,0,0,0,0,205,blue,9957,8234,18191
83,,3810070,1,20260816,10582,585,0,,,,,7562,368,0,,,,,3,35.735055772282294,139.795343463609,,,0,0,0,0,0,0,0,0,0,0,205,blue,11167,7930,19097
83,,3810080,1,20260816,0,0,0,,,,,11935,598,0,,,,,3,35.73896290498206,139.797270681572,,,0,0,0,0,0,0,0,0,0,0,205,blue,0,12533,12533
83,,3810100,1,20260816,3178,28,0,,,,,4058,41,0,,,,,3,36.53972203571964,139.883611,,,0,0,0,0,0,0,0,0,0,0,205,blue,3206,4099,7305
83,,3810110,1,20260816,12726,874,0,,,,,1587,102,0,,,,,3,36.91694403615054,139.999722,,,0,0,0,0,0,0,0,0,0,0,205,blue,13600,1689,15289
83,,3810140,1,20260816,11222,1047,0,,,,,8377,822,0,,,,,3,35.9900520350645,139.793529,,,0,0,0,0,0,0,0,0,0,0,205,blue,12269,9199,21468
83,,3810151,1,20260816,8098,1264,0,,,,,8908,1020,0,,,,,3,36.07984803517367,139.770041,,,0,0,0,0,0,0,0,0,0,0,205,blue,9362,9928,19290
83,,3810160,1,20260816,12320,877,0,,,,,12763,1103,0,,,,,3,36.167500035279446,139.779444,,,0,0,0,0,0,0,0,0,0,0,205,blue,13197,13866,27063
83,,3810180,1,20260816,6917,764,0,,,,,14538,761,0,,,,,3,36.296506035433666,139.841547,,,0,0,0,0,0,0,0,0,0,0,205,blue,7681,15299,22980
83,,3810200,1,20260816,356,50,0,,,,,25044,1354,0,,,,,3,36.57174703575683,139.941692,,,0,0,0,0,0,0,0,0,0,0,205,blue,406,26398,26804
83,,3810210,1,20260816,11989,244,0,,,,,2,0,0,,,,,3,35.694558518577544,139.78420024258003,,,0,0,0,0,0,0,0,0,0,0,205,blue,12233,2,12235
83,,3810220,1,20260816,9002,558,0,,,,,4566,142,0,,,,,3,35.73416286894769,139.831977693081,,,0,0,0,0,0,0,60,0,0,0,205,blue,9560,4708,14268
83,,3810230,1,20260816,2160,41,0,,,,,3433,147,0,,,,,3,35.735319871891136,139.833592336398,,,0,0,0,0,0,0,0,0,0,0,205,blue,2201,3580,5781
83,,3810260,1,20260816,,,,,,,,,,,,,,,3,35.83796603487771,139.939917,,,1,,,,,,,,,,205,blue,0,0,0
83,,3810280,1,20260816,,,,,,,,,,,,,,,3,35.895306034948405,140.059167,,,1,0,0,0,0,0,0,0,0,0,205,blue,0,0,0
83,,3810290,1,20260816,87,17,0,,,,,10969,1009,0,,,,,3,36.06811403515946,140.179269,,,0,0,0,0,0,0,0,0,0,0,205,blue,104,11978,12082
83,,3810300,1,20260816,11907,672,0,,,,,6410,406,0,,,,,3,36.078239035171734,140.177747,,,0,0,0,0,0,0,0,0,0,0,205,blue,12579,6816,19395
83,,3810320,1,20260816,1063,75,0,,,,,9512,726,0,,,,,3,36.378875035531216,140.500661,,,0,0,0,0,0,0,0,0,0,0,205,blue,1138,10238,11376
83,,3810330,1,20260816,2793,96,0,,,,,15588,411,0,,,,,3,36.655972035854084,140.701006,,,0,0,0,0,0,0,0,0,0,0,205,blue,2889,15999,18888
83,,3810340,1,20260816,6950,478,0,,,,,5822,142,0,,,,,3,36.794736036012644,140.752922,,,0,0,0,0,0,0,0,0,0,0,205,blue,7428,5964,13392
83,,3810350,1,20260816,7587,274,0,,,,,7758,298,0,,,,,3,35.92645303498668,140.111775,,,0,0,0,0,0,0,0,0,0,0,205,blue,7861,8056,15917
83,,3810360,1,20260816,,,,,,,,,,,,,,,3,35.694040942069805,139.789910543304,,,1,0,0,0,0,0,0,0,0,0,205,blue,0,0,0
83,,3810370,1,20260816,,,,,,,,,,,,,,,3,35.702867388707524,139.866257828687,,,1,0,0,0,0,0,0,0,0,0,205,blue,0,0,0
83,,3810380,1,20260816,,,,,,,,,,,,,,,3,35.628891034617155,140.088076,,,1,,,,,,,,,,205,blue,0,0,0
83,,3810390,1,20260816,,,,,,,,,,,,,,,3,35.62349099143046,139.737976826575,,,1,,,,,,,,,,205,blue,0,0,0
83,,3810400,1,20260816,3810,85,0,,,,,5143,72,0,,,,,3,35.263900034152,139.698397,,,0,0,0,0,0,0,0,0,0,0,205,blue,3895,5215,9110
83,,3810410,1,20260816,6665,289,0,,,,,6681,419,0,,,,,3,35.62304903460981,139.340292,,,0,0,0,0,0,0,0,0,0,0,205,blue,6954,7100,14054
83,,3810420,1,20260816,8677,353,0,,,,,8362,696,0,,,,,3,35.67571003467587,139.331954,,,0,0,0,0,0,0,0,0,0,0,205,blue,9030,9058,18088
83,,3810431,1,20260816,9456,1018,0,,,,,9880,1016,0,,,,,3,35.77594403480087,139.336731,,,0,0,0,0,0,0,0,0,0,0,205,blue,10474,10896,21370
83,,3810440,1,20260816,,,,,,,,,,,,,,,3,35.82933103486704,139.380426,,,1,0,0,0,0,0,0,0,0,0,205,blue,0,0,0
83,,3810460,1,20260816,16133,1154,0,,,,,15863,1223,0,,,,,3,35.91289603497003,139.534764,,,0,0,0,0,0,0,0,0,0,0,205,blue,17287,17086,34373
83,,3810470,1,20260816,,,,,,,,10529,926,0,,,,,3,35.92749603498795,139.591065,,,0,0,0,0,0,0,1,0,0,0,205,blue,0,11455,11455
83,,3810490,1,20260816,,,,,,,,,,,,,,,3,35.992460035067445,139.820467,,,1,,,,,,,,,,205,blue,0,0,0
83,,3810500,1,20260816,4484,247,0,,,,,7777,923,0,,,,,3,35.79376864024429,139.685717006056,,,0,0,0,0,0,0,0,0,0,0,205,blue,4731,8700,13431
83,,3810510,1,20260816,4621,481,0,,,,,5100,472,0,,,,,3,35.8210620348568,139.680963,,,0,0,0,0,0,0,0,0,0,0,205,blue,5102,5572,10674
83,,3810520,1,20260816,17352,1037,0,,,,,16683,994,0,,,,,3,35.97632603504774,139.594106,,,0,0,0,0,0,0,0,0,0,0,205,blue,18389,17677,36066
83,,3810540,1,20260816,8741,383,0,,,,,9559,519,0,,,,,3,36.230692035355204,139.2134,,,0,0,0,0,0,0,2,0,0,0,205,blue,9124,10078,19202
83,,3810560,1,20260816,14791,445,0,,,,,13201,249,0,,,,,3,36.31113903545105,139.02725,,,0,0,0,0,0,0,0,0,0,0,205,blue,15236,13450,28686
83,,3810600,1,20260816,2468,71,0,,,,,3024,195,0,,,,,3,36.68205603588405,138.968889,,,0,0,0,0,0,0,0,0,0,0,205,blue,2539,3219,5758
83,,3810610,1,20260816,18244,1238,0,,,,,,,,,,,,3,35.84803703489016,139.625615,,,0,0,0,0,0,0,2,0,0,0,205,blue,19482,0,19482
83,,3810620,1,20260816,,,,,,,,17880,1139,0,,,,,3,35.84444303488572,139.626759,,,0,0,0,0,0,0,2,0,0,0,205,blue,0,19019,19019
83,,3810670,1,20260816,14689,1080,0,,,,,13053,745,0,,,,,3,36.35330303550101,139.215067,,,0,0,0,0,0,0,0,0,0,0,205,blue,15769,13798,29567
83,,3810710,1,20260816,5351,281,0,,,,,6143,279,0,,,,,3,36.33250003547639,138.5235,,,0,0,0,0,0,0,0,0,0,0,205,blue,5632,6422,12054
83,,3810720,1,20260816,6534,375,0,,,,,7055,224,0,,,,,3,36.49438903566681,138.150722,,,0,0,0,0,0,0,7,0,0,0,205,blue,6909,7279,14188
83,,3810740,1,20260816,9385,334,0,,,,,7819,244,0,,,,,3,36.65492503585288,138.23375,,,0,0,0,0,0,0,0,0,0,0,205,blue,9719,8063,17782
83,,3810750,1,20260816,9735,162,0,,,,,4236,129,0,,,,,3,36.695139035899054,138.26925,,,0,0,0,0,0,0,0,0,0,0,205,blue,9897,4365,14262
83,,3810760,1,20260816,7145,141,0,,,,,6186,169,0,,,,,3,36.717694035924886,138.298306,,,0,0,0,0,0,0,5,0,0,0,205,blue,7286,6355,13641
83,,3810770,1,20260816,3488,195,0,,,,,2980,71,0,,,,,3,36.75032203596213,138.212264,,,0,0,0,0,0,0,0,0,0,0,205,blue,3683,3051,6734
83,,3810780,1,20260816,3983,124,0,,,,,3412,150,0,,,,,3,36.792972036010646,138.219778,,,0,0,0,0,0,0,0,0,0,0,205,blue,4107,3562,7669
83,,3810790,1,20260816,5142,50,0,,,,,4812,114,0,,,,,3,36.406417035563685,138.204417,,,0,0,0,0,0,0,3,0,0,0,205,blue,5192,4926,10118
83,,3810800,1,20260816,1249,30,0,,,,,1353,22,0,,,,,3,36.82044403604179,138.192306,,,0,0,0,0,0,0,3,0,0,0,205,blue,1279,1375,2654
83,,3810810,1,20260816,3903,57,0,,,,,3544,54,0,,,,,3,36.8368890360604,138.205542,,,0,0,0,0,0,0,0,0,0,0,205,blue,3960,3598,7558
83,,3810820,1,20260816,2089,40,0,,,,,1926,127,0,,,,,3,36.513833035689494,138.094389,,,0,0,0,0,0,0,1,0,0,0,205,blue,2129,2053,4182
83,,3810821,1,20260816,2375,128,0,,,,,2269,50,0,,,,,3,36.52786103570584,138.096722,,,0,0,0,0,0,0,3,0,0,0,205,blue,2503,2319,4822
83,,3810830,1,20260816,8280,228,0,,,,,4882,187,0,,,,,3,36.23586103536139,137.9565,,,0,0,0,0,0,0,3,0,0,0,205,blue,8508,5069,13577
83,,3810840,1,20260816,3146,243,0,,,,,2918,72,0,,,,,3,36.38313903553625,137.925722,,,0,0,0,0,0,0,0,0,0,0,205,blue,3389,2990,6379
83,,3810850,1,20260816,2385,159,0,,,,,2174,64,0,,,,,3,36.4623860356294,137.946275,,,0,0,0,0,0,0,0,0,0,0,205,blue,2544,2238,4782
83,,3810860,1,20260816,3505,215,0,,,,,3858,74,0,,,,,3,36.5884720357762,138.050889,,,0,0,0,0,0,0,7,0,0,0,205,blue,3720,3932,7652
83,,3810870,1,20260816,7335,185,0,,,,,8529,201,0,,,,,3,36.61469403580651,138.085167,,,0,0,0,0,0,0,0,0,0,0,205,blue,7520,8730,16250
83,,3810880,1,20260816,6750,512,0,,,,,8440,298,0,,,,,3,36.615111035807,138.086528,,,0,0,0,0,0,0,4,0,0,0,205,blue,7262,8738,16000
83,,3810900,1,20260816,3680,71,0,,,,,4313,158,0,,,,,3,36.62808303582196,138.153194,,,0,0,0,0,0,0,2,0,0,0,205,blue,3751,4471,8222
83,,3810910,1,20260816,8442,245,0,,,,,9490,103,0,,,,,3,36.64626403584291,138.18197200000003,,,0,0,0,0,0,0,0,0,0,0,205,blue,8687,9593,18280
83,,3810920,1,20260816,5225,96,0,,,,,5562,70,0,,,,,3,36.648972035846036,138.193972,,,0,0,0,0,0,1,0,0,0,0,205,blue,5321,5632,10953
83,,3810930,1,20260816,4133,267,0,,,,,5038,188,0,,,,,3,36.616944035809105,138.133611,,,0,0,0,0,0,0,0,0,0,0,205,blue,4400,5226,9626
83,,3810950,1,20260816,,,,,,,,,,,,,,,3,35.67318837384892,139.663841176629,,,0,0,0,0,0,0,0,205,0,1,205,blue,0,0,0
83,,3810970,1,20260816,3707,69,0,,,,,1884,20,0,,,,,3,35.61726703460252,139.240054,,,0,0,0,0,0,0,0,0,0,0,205,blue,3776,1904,5680
83,,3810980,1,20260816,4027,127,0,,,,,2350,70,0,,,,,3,35.62000003460596,139.1275,,,0,0,0,0,0,0,0,0,0,0,205,blue,4154,2420,6574
83,,3811030,1,20260816,13307,650,0,,,,,12515,979,0,,,,,3,35.643889034635976,138.636389,,,0,0,0,0,0,0,0,0,0,0,205,blue,13957,13494,27451
83,,3811050,1,20260816,4296,254,0,,,,,3957,169,0,,,,,3,35.91541703497313,138.227361,,,0,0,0,0,0,0,4,0,0,0,205,blue,4550,4126,8676
83,,3811060,1,20260816,,,,,,,,,,,,,,,3,35.94028603500364,138.197875,,,1,0,0,0,0,0,5,0,0,0,205,blue,0,0,0
83,,3811070,1,20260816,5516,84,0,,,,,5245,136,0,,,,,3,36.029750035112876,138.1255,,,0,0,0,0,0,0,0,0,0,0,205,blue,5600,5381,10981
83,,3811080,1,20260816,8749,363,0,,,,,8488,287,0,,,,,3,36.077694035171085,138.037889,,,0,0,0,0,0,0,4,0,0,0,205,blue,9112,8775,17887
83,,3811090,1,20260816,12,0,0,,,,,7059,487,0,,,,,3,36.12191703522454,137.959472,,,0,0,0,0,0,0,7,0,0,0,205,blue,12,7546,7558
83,,3811100,1,20260816,4456,231,0,,,,,4361,150,0,,,,,3,35.9769440350485,138.163333,,,0,0,0,0,0,0,36,0,0,0,205,blue,4687,4511,9198
83,,3811110,1,20260816,618,99,0,,,,,990,135,0,,,,,3,36.08683303518214,138.06408300000004,,,0,0,0,0,0,0,1,0,0,0,205,blue,717,1125,1842
83,,3811121,1,20260816,,,,,,,,2499,119,0,,,,,3,35.63168503462065,139.28402,,,0,0,0,0,0,0,0,0,0,0,205,blue,0,2618,2618
83,,3811130,1,20260816,3683,145,0,,,,,3831,96,0,,,,,3,35.99511103507067,138.139278,,,0,0,0,0,0,0,0,0,0,0,205,blue,3828,3927,7755
83,,3811220,1,20260816,4673,139,0,,,,,4619,183,0,,,,,3,35.959128035026716,140.602286,,,0,0,0,0,0,0,0,0,0,0,205,blue,4812,4802,9614
83,,3811230,1,20260816,7,29,0,,,,,4181,255,0,,,,,3,35.95769703502496,140.602514,,,0,0,0,0,0,0,0,0,0,0,205,blue,36,4436,4472
83,,3811240,1,20260816,4033,128,0,,,,,3015,79,0,,,,,3,35.200928034070465,138.520986,,,0,0,0,0,0,1,1,0,0,0,205,blue,4161,3094,7255
83,,3811250,1,20260816,913,37,0,,,,,797,49,0,,,,,3,35.31250003421467,138.442011,,,0,0,0,0,0,0,0,0,0,0,205,blue,950,846,1796
83,,3811270,1,20260816,4527,234,0,,,,,4829,168,0,,,,,3,35.5316670344945,138.450278,,,0,0,0,0,0,0,0,0,0,0,205,blue,4761,4997,9758
83,,3811290,1,20260816,,,,,,,,,,,,,,,3,35.041444033862305,139.833306,,,1,,,,,,,,,,205,blue,0,0,0
83,,3811300,1,20260816,,,,,,,,,,,,,,,3,35.157361034013846,139.819,,,1,,,,,,,,,,205,blue,0,0,0
83,,3811330,1,20260816,1394,38,0,,,,,1679,22,0,,,,,3,35.53888903450364,138.885556,,,0,0,0,0,0,0,110,0,0,0,205,blue,1432,1701,3133
83,,3811340,1,20260816,5929,176,0,,,,,6224,118,0,,,,,3,35.60305603458465,138.940833,,,0,0,0,0,0,0,62,0,0,0,205,blue,6105,6342,12447
83,,3811350,1,20260816,13882,583,0,,,,,14982,544,0,,,,,3,35.61569396585425,139.627538019939,,,0,0,0,0,0,0,0,0,0,0,205,blue,14465,15526,29991
83,,3811360,1,20260816,12769,1237,0,,,,,15567,1266,0,,,,,3,35.48552503443597,139.460986,,,0,0,0,0,0,1,0,0,0,0,205,blue,14006,16833,30839
83,,3811370,1,20260816,7110,423,0,,,,,5078,277,0,,,,,3,35.35857503427389,139.075042,,,0,0,0,0,0,1,0,0,0,0,205,blue,7533,5355,12888
83,,3811390,1,20260816,18676,1928,0,,,,,,,,,,,,3,35.64686740024182,139.854860316246,,,0,0,0,0,0,0,0,0,0,0,205,blue,20604,0,20604
83,,3811401,1,20260816,24,3,0,,,,,,,,,,,,3,35.64792275306184,139.837391468126,,,0,0,0,0,0,1,113,0,0,0,205,blue,27,0,27
83,,3811410,1,20260816,5825,681,0,,,,,,,,,,,,3,35.6321085640565,139.785108560174,,,0,0,0,0,0,1,115,0,0,0,205,blue,6506,0,6506
83,,3811411,1,20260816,,,,,,,,13130,1842,0,,,,,3,35.63193106766495,139.786372369256,,,0,0,0,0,0,0,0,0,0,0,205,blue,0,14972,14972
83,,3811420,1,20260816,,,,,,,,,,,,,,,3,35.57873713134419,139.756665501316,,,1,0,0,0,0,0,0,0,0,0,205,blue,0,0,0
83,,3811421,1,20260816,,,,,,,,6261,1377,0,,,,,3,35.573715682248654,139.759184371525,,,0,0,0,0,0,0,0,0,0,0,205,blue,0,7638,7638
83,,3811430,1,20260816,,,,,,,,,,,,,,,3,35.6138270345982,140.103045,,,1,,,,,,,,,,205,blue,0,0,0
83,,3811440,1,20260816,946,131,0,,,,,3555,211,0,,,,,3,35.60712645223976,139.747366707275,,,0,0,0,0,0,0,0,0,0,0,205,blue,1077,3766,4843
84,,4810010,1,20260816,24716,754,0,,,,,21468,465,0,,,,,3,37.9300000372281,139.134722,,,0,0,0,0,0,0,0,0,0,0,205,blue,25470,21933,47403
84,,4810020,1,20260816,21185,844,0,,,,,16794,464,0,,,,,3,37.95278103725094,139.213611,,,0,0,0,0,0,0,0,0,0,0,205,blue,22029,17258,39287
84,,4810040,1,20260816,8930,122,0,,,,,7678,96,0,,,,,3,37.96305603726123,139.3275,,,0,0,0,0,0,0,0,0,0,0,205,blue,9052,7774,16826
84,,4810060,1,20260816,2653,42,0,,,,,2280,119,0,,,,,3,38.2550360375481,139.501792,,,0,0,0,0,0,0,0,0,0,0,205,blue,2695,2399,5094
84,,4810070,1,20260816,6634,428,0,,,,,4449,135,0,,,,,3,38.28200003757407,139.521444,,,0,0,0,0,0,0,0,0,0,0,205,blue,7062,4584,11646
84,,4810080,1,20260816,5194,337,0,,,,,2985,148,0,,,,,3,38.374925037662884,139.556342,,,0,0,0,0,0,0,0,0,0,0,205,blue,5531,3133,8664
84,,4810090,1,20260816,11182,413,0,,,,,10350,573,0,,,,,3,37.5351670368223,138.881569,,,0,0,0,0,0,0,0,0,0,1,205,blue,11595,10923,22518
84,,4810100,1,20260816,10395,290,0,,,,,11454,591,0,,,,,3,37.473639036757405,138.880583,,,0,0,0,0,0,0,0,0,0,0,205,blue,10685,12045,22730
84,,4810110,1,20260816,11905,144,0,,,,,11638,115,0,,,,,3,37.459033036741936,138.856414,,,0,0,0,0,0,0,0,0,0,0,205,blue,12049,11753,23802
84,,4810120,1,20260816,11480,142,0,,,,,13248,194,0,,,,,3,37.462169036745266,138.845592,,,0,0,0,0,0,0,0,0,0,0,205,blue,11622,13442,25064
84,,4810130,1,20260816,8480,129,0,,,,,8608,125,0,,,,,3,37.44445303672647,138.785889,,,0,0,0,0,0,0,0,0,0,13,205,blue,8609,8733,17342
84,,4810140,1,20260816,5463,93,0,,,,,4994,122,0,,,,,3,37.44069403672249,138.740364,,,0,0,0,0,0,0,0,0,0,6,205,blue,5556,5116,10672
84,,4810150,1,20260816,3621,49,0,,,,,3632,70,0,,,,,3,37.41229403669227,138.674192,,,0,0,0,0,0,0,0,0,0,2,205,blue,3670,3702,7372
84,,4810160,1,20260816,5306,227,0,,,,,5008,279,0,,,,,3,37.23896903650589,138.343486,,,0,0,0,0,0,0,0,0,0,0,205,blue,5533,5287,10820
84,,4810170,1,20260816,,,,,,,,,,,,,,,3,37.18690003644924,138.272953,,,1,0,0,0,0,0,0,0,0,0,205,blue,0,0,0
84,,4810180,1,20260816,8686,225,0,,,,,8784,222,0,,,,,3,37.17543303643671,138.266805,,,0,0,0,0,0,0,0,0,0,0,205,blue,8911,9006,17917
84,,4810190,1,20260816,10445,260,0,,,,,10552,239,0,,,,,3,37.1623530364224,138.247561,,,0,0,0,0,0,0,0,0,0,1,205,blue,10705,10791,21496
84,,4810200,1,20260816,4600,203,0,,,,,4637,173,0,,,,,3,37.105891036360454,137.990565,,,0,0,0,0,0,0,0,0,0,0,205,blue,4803,4810,9613
84,,4810210,1,20260816,4444,202,0,,,,,4629,123,0,,,,,3,37.08795603634071,137.96033,,,0,0,0,0,0,0,0,0,0,0,205,blue,4646,4752,9398
84,,4810220,1,20260816,2987,128,0,,,,,4076,101,0,,,,,3,37.057208036306754,137.905455,,,0,0,0,0,0,0,0,0,0,0,205,blue,3115,4177,7292
84,,4810230,1,20260816,2618,166,0,,,,,3952,154,0,,,,,3,37.050899036299775,137.885459,,,0,0,0,0,0,0,0,0,0,0,205,blue,2784,4106,6890
84,,4810250,1,20260816,1547,56,0,,,,,885,7,0,,,,,3,37.05093203629982,137.890368,,,0,0,0,0,0,0,0,0,0,0,205,blue,1603,892,2495
84,,4810260,1,20260816,5331,594,0,,,,,5629,153,0,,,,,3,36.9856190362273,138.808078,,,0,0,0,0,0,0,0,0,0,2,205,blue,5925,5782,11707
84,,4810270,1,20260816,4987,299,0,,,,,4844,67,0,,,,,3,37.24858103651632,138.916575,,,0,0,0,0,0,0,0,0,0,1,205,blue,5286,4911,10197
84,,4810280,1,20260816,1416,79,0,,,,,1154,33,0,,,,,3,37.17036103643117,138.942139,,,0,0,0,0,0,0,0,0,0,0,205,blue,1495,1187,2682
84,,4810290,1,20260816,5773,180,0,,,,,6374,139,0,,,,,3,37.07683703632844,138.265595,,,0,0,0,0,0,0,0,0,0,2,205,blue,5953,6513,12466
84,,4810300,1,20260816,1626,95,0,,,,,1689,52,0,,,,,3,37.66361103695634,139.536806,,,0,0,0,0,0,0,0,0,0,0,205,blue,1721,1741,3462
84,,4810310,1,20260816,6967,168,0,,,,,7167,93,0,,,,,3,37.84055603713779,139.147778,,,0,0,0,0,0,0,0,0,0,0,205,blue,7135,7260,14395
84,,4810330,1,20260816,26279,374,0,,,,,22875,370,0,,,,,3,37.8978060371957,139.070722,,,0,0,0,0,0,0,0,0,0,0,205,blue,26653,23245,49898
84,,4810340,1,20260816,2467,166,0,,,,,2494,92,0,,,,,3,37.563464036852,138.734306,,,0,0,0,0,0,1,1,0,0,7,205,blue,2633,2586,5219
84,,4810350,1,20260816,5506,250,0,,,,,5884,110,0,,,,,3,37.61757803690852,138.825033,,,0,0,0,0,0,0,0,0,0,1,205,blue,5756,5994,11750
84,,4810360,1,20260816,7179,270,0,,,,,7763,206,0,,,,,3,37.690358036984,138.885919,,,0,0,0,0,0,0,0,0,0,0,205,blue,7449,7969,15418
84,,4810370,1,20260816,7678,255,0,,,,,7974,197,0,,,,,3,37.8052690371019,138.92235,,,0,0,0,0,0,0,0,0,0,0,205,blue,7933,8171,16104
84,,4810380,1,20260816,14231,258,0,,,,,15152,228,0,,,,,3,37.86309703716064,138.981,,,0,0,0,0,0,0,0,0,0,0,205,blue,14489,15380,29869
84,,4810395,1,20260816,,,,,,,,,,,,,,,3,36.691540505894935,136.9116223,,,1,,,,0,5,,,0,0,205,blue,0,0,0
84,,4810406,1,20260816,3496,155,32,,,,,4387,74,61,,,,,3,36.89660103612769,137.444677,,,0,,,,0,1,,,0,0,205,blue,3683,4522,8205
84,,4810410,1,20260816,7743,138,0,,,,,8322,43,0,,,,,3,36.816442036037266,137.41630300000003,,,0,0,0,0,0,51,51,0,0,1,205,blue,7881,8365,16246
84,,4810420,1,20260816,7333,215,0,,,,,7805,122,0,,,,,3,36.718606035925916,137.303914,,,0,0,0,0,0,70,70,0,0,4,205,blue,7548,7927,15475
84,,4810430,1,20260816,8646,235,0,,,,,8472,117,0,,,,,3,36.71795303592518,137.279328,,,0,0,0,0,0,61,61,0,0,10,205,blue,8881,8589,17470
84,,4810440,1,20260816,,,,,,,,,,,,,,,3,36.72027203592783,137.263083,,,1,0,0,0,0,13,13,0,0,0,205,blue,0,0,0
84,,4810445,1,20260816,15024,342,10,,,,,14093,315,130,,,,,3,36.73017862593915,137.18171158,,,0,,,,0,1,,,0,0,205,blue,15376,14538,29914
84,,4810447,1,20260816,10338,312,39,,,,,11167,223,60,,,,,3,36.72863947593739,137.12486156,,,0,,,,0,1,,,0,0,205,blue,10689,11450,22139
84,,4810454,1,20260816,10788,125,403,,,,,11334,124,1,,,,,3,36.744673195955684,136.99179584,,,0,,,,0,1,,,0,0,205,blue,11316,11459,22775
84,,4810460,1,20260816,,,,,,,,,,,,,,,3,36.68745003589023,136.855675,,,1,0,0,0,0,60,60,0,0,7,205,blue,0,0,0
84,,4810462,1,20260816,3050,128,2,,,,,1017,7,0,,,,,3,36.525710035703334,137.22999,,,0,,,,0,18,,,0,0,205,blue,3180,1024,4204
84,,4810463,1,20260816,3686,125,168,,,,,4153,86,97,,,,,3,36.53609652571542,137.23114399,,,0,,,,0,19,,,0,0,205,blue,3979,4336,8315
84,,4810470,1,20260816,,,,,,,,,,,,,,,3,36.69575603589977,137.237889,,,1,0,0,0,0,0,0,0,0,0,205,blue,0,0,0
84,,4810480,1,20260816,,,,,,,,,,,,,,,3,36.580522035767004,136.965706,,,1,0,0,0,0,79,79,0,0,0,205,blue,0,0,0
84,,4810485,1,20260816,,,,,,,,,,,,,,,3,36.68510836918755,136.9765361111,,,1,,,,0,205,,,0,0,205,blue,0,0,0
84,,4810490,1,20260816,2898,11,0,,,,,3172,14,0,,,,,3,36.74530803595641,137.01085,,,0,0,0,0,0,65,65,0,0,0,205,blue,2909,3186,6095
84,,4810500,1,20260816,577,19,0,,,,,271,11,0,,,,,3,36.91246103614551,137.019489,,,0,0,0,0,0,139,139,0,0,4,205,blue,596,282,878
84,,4810510,1,20260816,,,,,,,,,,,,,,,3,36.84943603607457,136.97895,,,1,,,,,,,,,,205,blue,0,0,0
84,,4810530,1,20260816,16150,282,0,,,,,16372,433,0,,,,,3,36.44611103561032,136.488056,,,0,0,0,0,0,0,0,0,0,0,205,blue,16432,16805,33237
84,,4810550,1,20260816,9335,201,0,,,,,9295,308,0,,,,,3,36.32672203546954,136.41169500000004,,,0,0,0,0,0,0,0,0,0,8,205,blue,9536,9603,19139
84,,4810570,1,20260816,8435,780,0,,,,,8284,443,0,,,,,3,36.571667035756725,136.655556,,,0,0,0,0,0,0,0,0,0,4,205,blue,9215,8727,17942
84,,4810580,1,20260816,7828,93,0,,,,,2844,31,0,,,,,3,36.54430803572498,136.640516,,,0,0,0,0,0,0,0,0,0,1,205,blue,7921,2875,10796
84,,4810590,1,20260816,12725,69,0,,,,,13253,103,0,,,,,3,36.54061903572069,136.623128,,,0,0,0,0,0,1,1,0,0,1,205,blue,12794,13356,26150
84,,4810600,1,20260816,3586,96,0,,,,,3580,121,0,,,,,3,37.04041903628817,136.969305,,,0,0,0,0,0,0,0,0,0,0,205,blue,3682,3701,7383
84,,4810610,1,20260816,,,,,,,,,,,,,,,3,36.90469303613679,136.830093,,,1,,,,,,,,,,205,blue,0,0,0
84,,4810620,1,20260816,1615,17,0,,,,,1640,54,0,,,,,3,36.86972803609746,136.79694700000002,,,0,0,0,0,0,0,0,0,0,0,205,blue,1632,1694,3326
84,,4810630,1,20260816,7540,76,0,,,,,5087,36,0,,,,,3,36.560782035744104,136.677711,,,0,0,0,0,0,0,0,0,0,0,205,blue,7616,5123,12739
85,22,5810060,1,20260816,1972,100,,,,,,1847,134,,,,,,3,34.90554603368308,138.270337,,,0,,0,,0,0,0,0,,0,205,blue,2072,1981,4053
85,22,5810080,1,20260816,6161,1467,,,,,,10731,590,,,,,,3,34.84454203360207,138.151981,,,0,,0,,0,0,0,0,,0,205,blue,7628,11321,18949
85,22,5810090,1,20260816,10924,465,,,,,,11212,435,,,,,,3,34.78638703352455,138.050184,,,0,,0,,0,0,0,0,,0,205,blue,11389,11647,23036
85,22,5810110,1,20260816,29872,2178,,,,,,24370,989,,,,,,3,34.76273603349293,137.969553,,,0,,0,,0,0,0,0,,0,205,blue,32050,25359,57409
85,23,5810190,1,20260816,5365,187,,,,,,5647,99,,,,,,3,35.11388803395716,136.734972,,,0,,0,,0,0,0,0,,0,205,blue,5552,5746,11298
85,24,5810210,1,20260816,6588,469,,,,,,5658,354,,,,,,3,34.86311003362677,136.47097,,,0,,0,,0,0,0,0,,0,205,blue,7057,6012,13069
85,21,5810280,1,20260816,12609,351,,,,,,10002,187,,,,,,3,35.365972034283374,137.22477800000001,,,0,,0,,0,0,0,0,,0,205,blue,12960,10189,23149
85,21,5810330,1,20260816,10515,305,,,,,,9865,629,,,,,,3,35.44925903438983,137.419698,,,0,,0,,0,0,0,0,,0,205,blue,10820,10494,21314
85,21,5810340,1,20260816,8948,521,,,,,,7975,318,,,,,,3,35.45966703440309,137.442028,,,0,,0,,0,0,0,0,,0,205,blue,9469,8293,17762
85,21,5810350,1,20260816,4848,248,,,,,,15068,400,,,,,,3,35.51200003446958,137.521639,,,0,,0,,0,0,0,0,,0,205,blue,5096,15468,20564
85,21,5810360,1,20260816,4457,522,,,,,,3394,289,,,,,,3,35.581250034557165,137.537222,,,0,,0,,0,0,0,0,,0,205,blue,4979,3683,8662
85,21,5810370,1,20260816,4727,237,,,,,,4084,354,,,,,,3,35.81618803485076,137.683244,,,0,,0,,0,0,0,0,,0,205,blue,4964,4438,9402
85,21,5810380,1,20260816,3420,494,,,,,,3791,309,,,,,,3,35.91502403497266,137.77069,,,0,,0,,0,0,0,0,,0,205,blue,3914,4100,8014
85,21,5810390,1,20260816,2959,355,,,,,,2627,230,,,,,,3,35.93471103499681,137.786917,,,0,,0,,0,0,0,0,,0,205,blue,3314,2857,6171
85,21,5810420,1,20260816,3642,240,,,,,,3437,143,,,,,,3,35.37572803429589,137.190676,,,0,,0,,0,0,0,0,,0,205,blue,3882,3580,7462
85,21,5810440,1,20260816,2911,168,,,,,,3192,110,,,,,,3,35.426917034361345,137.132361,,,0,,0,,0,0,0,0,,0,205,blue,3079,3302,6381
85,21,5810470,1,20260816,6246,127,,,,,,6363,219,,,,,,3,35.418612034350744,136.946394,,,0,,0,,0,0,0,0,,0,205,blue,6373,6582,12955
85,21,5810510,1,20260816,3310,72,,,,,,2904,25,,,,,,3,35.37112003428997,136.453326,,,0,,0,,0,0,0,0,,0,205,blue,3382,2929,6311
85,23,5810530,1,20260816,11301,730,,,,,,9259,295,,,,,,3,34.696128033403625,137.40686,,,0,,0,,0,0,0,0,,0,205,blue,12031,9554,21585
85,23,5810570,1,20260816,12239,419,,,,,,12384,616,,,,,,3,34.84938803360853,137.221222,,,0,,0,,0,0,0,0,,0,205,blue,12658,13000,25658
85,23,5810580,1,20260816,15124,1167,,,,,,22,3,,,,,,3,34.84869403360759,137.197416,,,0,,0,,0,0,0,0,,0,205,blue,16291,25,16316
85,23,5810620,1,20260816,21828,1346,,,,,,17974,887,,,,,,3,35.10119403394058,136.86925,,,0,,0,,0,0,0,0,,0,205,blue,23174,18861,42035
85,24,5810670,1,20260816,12715,536,,,,,,11128,246,,,,,,3,34.65002003334157,136.51956,,,0,,0,,0,0,0,0,,0,205,blue,13251,11374,24625
85,24,5810680,1,20260816,10780,582,,,,,,10690,326,,,,,,3,34.71907003343443,136.4716,,,0,,0,,0,0,0,0,,0,205,blue,11362,11016,22378
85,24,5810690,1,20260816,12364,445,,,,,,10462,259,,,,,,3,34.64712003333765,136.49449,,,0,,0,,0,0,0,0,,0,205,blue,12809,10721,23530
85,24,5810700,1,20260816,11860,1176,,,,,,13152,1129,,,,,,3,34.850220033609624,136.416645,,,0,,0,,0,0,0,0,,0,205,blue,13036,14281,27317
85,24,5810730,1,20260816,17909,1455,,,,,,16894,859,,,,,,3,34.62822503331218,135.986212,,,0,,0,,0,0,0,0,,0,205,blue,19364,17753,37117
85,21,5810760,1,20260816,5082,166,,,,,,3553,107,,,,,,3,35.55276203452119,137.177488,,,0,,0,,0,0,0,0,,0,205,blue,5248,3660,8908
85,21,5810770,1,20260816,2246,150,,,,,,1500,30,,,,,,3,35.64602003463866,137.169715,,,0,,0,,0,0,0,0,,0,205,blue,2396,1530,3926
85,21,5810780,1,20260816,3462,329,,,,,,2724,194,,,,,,3,35.667031034665,137.162564,,,0,,0,,0,0,0,0,,0,205,blue,3791,2918,6709
85,21,5810790,1,20260816,3111,347,,,,,,2251,64,,,,,,3,35.74291003475978,137.208481,,,0,,0,,0,0,0,0,,0,205,blue,3458,2315,5773
85,21,5810800,1,20260816,2666,647,,,,,,2222,210,,,,,,3,35.77947703480525,137.252586,,,0,,0,,0,0,0,0,,0,205,blue,3313,2432,5745
85,21,5810810,1,20260816,4631,305,,,,,,3834,231,,,,,,3,35.83471903487371,137.232014,,,0,,0,,0,0,0,0,,0,205,blue,4936,4065,9001
85,21,5810830,1,20260816,842,41,,,,,,2717,167,,,,,,3,36.02357503510535,137.294767,,,0,,0,,0,0,0,0,,0,205,blue,883,2884,3767
85,21,5810840,1,20260816,4790,69,,,,,,4941,164,,,,,,3,36.10871303520861,137.266233,,,0,,0,,0,0,0,0,,0,205,blue,4859,5105,9964
85,21,5810850,1,20260816,5884,291,,,,,,4928,190,,,,,,3,36.12373303522673,137.258932,,,0,,0,,0,0,0,0,,0,205,blue,6175,5118,11293
85,21,5810860,1,20260816,2062,296,,,,,,2749,213,,,,,,3,36.25072803537914,137.162845,,,0,,0,,0,0,0,0,,0,205,blue,2358,2962,5320
85,21,5810880,1,20260816,1146,68,,,,,,1158,31,,,,,,3,36.31423303545473,137.259675,,,0,,0,,0,0,0,0,,0,205,blue,1214,1189,2403
85,24,5810890,1,20260816,3387,75,,,,,,3278,159,,,,,,3,34.407524733012174,136.4423714,,,0,,0,,0,0,0,0,,0,205,blue,3462,3437,6899
85,24,5810900,1,20260816,987,75,,,,,,867,23,,,,,,3,34.1617406326732,136.2779067,,,0,,0,,0,0,0,0,,0,205,blue,1062,890,1952
85,24,5810920,1,20260816,449,37,,,,,,410,74,,,,,,3,34.05028613251784,136.1958331,,,0,,0,,0,0,0,0,,0,205,blue,486,484,970
85,24,5810930,1,20260816,278,22,,,,,,271,12,,,,,,3,33.98629813242818,136.1080803,,,0,,0,,0,0,0,0,,0,205,blue,300,283,583
85,24,5810940,1,20260816,638,354,,,,,,1002,80,,,,,,3,33.93298113235323,136.0940822,,,0,,0,,0,0,0,0,,0,205,blue,992,1082,2074
85,24,5810960,1,20260816,3547,196,,,,,,3066,120,,,,,,3,34.00152563244955,136.1851117,,,0,,0,,0,0,0,0,,0,205,blue,3743,3186,6929
85,24,5810970,1,20260816,3360,133,,,,,,2887,259,,,,,,3,33.942137832366114,136.1524581,,,0,,0,,0,0,0,0,,0,205,blue,3493,3146,6639
85,24,5810980,1,20260816,3500,213,,,,,,3182,174,,,,,,3,33.92889863234747,136.1381858,,,0,,0,,0,0,0,0,,0,205,blue,3713,3356,7069
85,24,5810990,1,20260816,3148,97,,,,,,2419,138,,,,,,3,33.74057583208088,135.9955167,,,0,,0,,0,0,0,0,,0,205,blue,3245,2557,5802
85,24,5811000,1,20260816,,,,,,,,,,,,,,,1,34.10420863259313,136.1948133,,,1,,0,,0,0,0,0,,0,205,blue,0,0,0
85,22,5811020,1,20260816,2015,216,,,,,,2096,513,,,,,,3,35.15084103400535,138.522379,,,0,,0,,0,0,0,0,,0,205,blue,2231,2609,4840
85,22,5811030,1,20260816,1962,37,,,,,,1619,48,,,,,,3,35.15470103401037,138.520314,,,0,,0,,0,0,0,0,,0,205,blue,1999,1667,3666
85,22,5811040,1,20260816,,,,,,,,,,,,,,,3,35.19272303405982,138.529894,,,1,,0,,0,0,0,0,,0,205,blue,0,0,0
85,22,5811050,1,20260816,3172,237,,,,,,4439,68,,,,,,3,35.37095103428976,138.860418,,,0,,0,,0,0,0,0,,0,205,blue,3409,4507,7916
85,23,5811110,1,20260816,3927,363,,,,,,2976,59,,,,,,3,35.135027033984734,137.309194,,,0,,0,,0,0,0,0,,0,205,blue,4290,3035,7325
85,23,5811120,1,20260816,4777,475,,,,,,3120,124,,,,,,3,35.149777034003954,137.332722,,,0,,0,,0,0,0,0,,1,205,blue,5252,3244,8496
85,23,5811130,1,20260816,3229,1530,,,,,,3091,89,,,,,,3,35.1700830340304,137.406805,,,0,,0,,0,0,0,0,,0,205,blue,4759,3180,7939
85,23,5811140,1,20260816,1922,561,,,,,,1550,53,,,,,,3,35.221388034097004,137.524166,,,0,,0,,0,0,0,0,,0,205,blue,2483,1603,4086
85,21,5811150,1,20260816,3573,168,,,,,,3061,149,,,,,,3,35.46219703440631,137.756093,,,0,,0,,0,0,0,0,,0,205,blue,3741,3210,6951
85,21,5811160,1,20260816,3987,493,,,,,,3701,221,,,,,,3,35.50206103445697,137.792544,,,0,,0,,0,0,0,0,,0,205,blue,4480,3922,8402
85,23,5811170,1,20260816,2452,231,,,,,,2370,45,,,,,,3,35.21055503408296,137.106666,,,0,,0,,0,0,0,0,,0,205,blue,2683,2415,5098
85,21,5811190,1,20260816,6037,104,,,,,,3964,227,,,,,,3,35.601941034583234,136.937212,,,0,,0,,0,0,0,0,,0,205,blue,6141,4191,10332
85,21,5811230,1,20260816,4613,145,,,,,,5326,242,,,,,,3,36.13868903524477,137.164639,,,0,,0,,0,0,0,0,,0,205,blue,4758,5568,10326
85,21,5811240,1,20260816,3803,103,,,,,,4723,236,,,,,,3,36.16135703527206,137.222749,,,0,,0,,0,0,0,0,,0,205,blue,3906,4959,8865
85,22,5811250,1,20260816,1525,68,,,,,,5474,437,,,,,,3,35.312573034214765,138.927446,,,0,,0,,0,0,0,0,,0,205,blue,1593,5911,7504
85,21,5811270,1,20260816,,,,,,,,,,,,,,,3,35.23023303410846,136.596679,,,1,,0,,0,0,0,0,,0,205,blue,0,0,0
85,21,5811330,1,20260816,1272,54,,,,,,1313,51,,,,,,3,35.46731303441282,137.78409,,,0,,0,,0,0,0,0,,0,205,blue,1326,1364,2690
86,,6810010,1,20260816,3087,533,,,,,,4384,612,,,,,,3,34.89694403367168,136.336111,,,0,,0,,0,0,0,0,,0,205,blue,3620,4996,8616
86,,6810020,1,20260816,,,,,,,,,,,,,,,3,34.97777803377855,135.901667,,,1,,0,,0,0,0,0,,0,205,blue,0,0,0
86,,6810030,1,20260816,,,,,,,,,,,,,,,3,35.00527803381478,136.094722,,,1,,0,,0,205,205,0,,0,205,blue,0,0,0
86,,6810060,1,20260816,0,0,,,,,,14992,1529,,,,,,3,34.986389033789905,135.75305600000002,,,0,,0,,0,0,0,0,,0,205,blue,0,16521,16521
86,,6810089,1,20260816,,,,,,,,,,,,,,,3,34.978118033779,135.908546,,,1,,0,,0,0,0,0,,0,205,blue,0,0,0
86,,6810090,1,20260816,4498,279,,,,,,0,0,,,,,,3,34.83138903358458,135.72305600000004,,,0,,0,,0,0,0,0,,0,205,blue,4777,0,4777
86,,6810100,1,20260816,0,0,,,,,,3851,159,,,,,,3,34.83138903358458,135.723889,,,0,,0,,0,0,0,0,,0,205,blue,0,4010,4010
86,,6810105,1,20260816,,,,,,,,,,,,,,,3,34.71411113342777,135.4489722,,,0,,0,,0,0,0,0,,205,205,blue,0,0,0
86,,6810111,1,20260816,,,,,,,,,,,,,,,3,34.6429970333321,135.019846,,,0,,0,,0,0,0,0,,205,205,blue,0,0,0
86,,6810130,1,20260816,,,,,,,,,,,,,,,3,34.842500033599364,134.330556,,,0,,0,,0,0,0,0,,205,205,blue,0,0,0
86,,6810135,1,20260816,6067,200,,,,,,5196,218,,,,,,3,36.18333336529846,136.26777780000003,,,0,,0,,0,0,0,0,,0,205,blue,6267,5414,11681
86,,6810140,1,20260816,9546,637,,,,,,8061,1914,,,,,,3,36.14305603525003,136.263889,,,0,,0,,0,0,0,0,,0,205,blue,10183,9975,20158
86,,6810150,1,20260816,,,,,,,,,,,,,,,3,36.0772220351705,136.244444,,,1,,0,,0,0,0,0,,0,205,blue,0,0,0
86,,6810160,1,20260816,9278,1792,,,,,,10453,1067,,,,,,3,36.02444403510641,136.218333,,,0,,0,,0,0,0,0,,0,205,blue,11070,11520,22590
86,,6810165,1,20260816,10814,201,,,,,,8909,153,,,,,,3,35.980555595052905,136.1958333,,,0,,0,,0,0,0,0,,0,205,blue,11015,9062,20077
86,,6810170,1,20260816,13310,434,,,,,,12580,129,,,,,,3,35.95555603502233,136.188889,,,0,,0,,0,0,0,0,,0,205,blue,13744,12709,26453
86,,6810180,1,20260816,6544,216,,,,,,5993,170,,,,,,3,35.878333034927515,136.169444,,,0,,0,,0,0,0,0,,0,205,blue,6760,6163,12923
86,,6810190,1,20260816,,,,,,,,,,,,,,,3,35.719444034730536,136.094722,,,1,,0,,0,0,0,0,,0,205,blue,0,0,0
86,,6810200,1,20260816,1518,28,,,,,,2535,44,,,,,,3,35.66555603466316,136.083056,,,0,,0,,0,0,0,0,,0,205,blue,1546,2579,4125
86,,6810220,1,20260816,3310,90,,,,,,3783,135,,,,,,3,35.60416703458605,136.107222,,,0,,0,,0,0,0,0,,0,205,blue,3400,3918,7318
86,,6810230,1,20260816,2406,398,,,,,,3458,179,,,,,,3,35.57603003455058,136.122756,,,0,,0,,0,0,0,0,,0,205,blue,2804,3637,6441
86,,6810240,1,20260816,6078,218,,,,,,5754,586,,,,,,3,35.512778034470564,136.173333,,,0,,0,,0,0,0,0,,0,205,blue,6296,6340,12636
86,,6810241,1,20260816,3202,542,,,,,,1997,1373,,,,,,3,35.4322160343681,136.245092,,,0,,0,,0,0,0,0,,0,205,blue,3744,3370,7114
86,,6810250,1,20260816,6894,721,,,,,,8011,296,,,,,,3,35.27555603416706,136.269444,,,0,,0,,0,0,0,0,,0,205,blue,7615,8307,15922
86,,6810260,1,20260816,5716,215,,,,,,6357,193,,,,,,3,35.11611103396005,136.128333,,,0,,0,,0,0,0,0,,0,205,blue,5931,6550,12481
86,,6810270,1,20260816,6422,216,,,,,,6519,528,,,,,,3,35.091944033928485,136.089722,,,0,,0,,0,0,0,0,,0,205,blue,6638,7047,13685
86,,6810280,1,20260816,476,14,,,,,,3558,163,,,,,,3,35.66000003465618,136.084722,,,0,,0,,0,0,0,0,,0,205,blue,490,3721,4211
86,,6810290,1,20260816,1186,170,,,,,,2330,73,,,,,,3,34.996111033802705,135.722222,,,1,,0,,0,0,0,0,,0,205,blue,1356,2403,3759
86,,6810300,1,20260816,0,0,,,,,,219,8,,,,,,3,34.981944033784046,135.693056,,,0,,0,,0,0,0,0,,0,205,blue,0,227,227
86,,6810310,1,20260816,11971,368,,,,,,0,0,,,,,,3,34.981944033784046,135.692917,,,0,,0,,0,0,0,0,,0,205,blue,12339,0,12339
86,,6810320,1,20260816,,,,,,,,,,,,,,,3,34.992500033797945,135.64750000000004,,,1,,0,,0,0,0,0,,0,205,blue,0,0,0
86,,6810330,1,20260816,9774,383,,,,,,9680,304,,,,,,3,34.989722033794294,135.636667,,,0,,0,,0,0,0,0,,0,205,blue,10157,9984,20141
86,,6810335,1,20260816,5750,295,,,,,,5015,364,,,,,,3,35.488936034440314,135.756215,,,0,,0,,0,0,0,0,,0,205,blue,6045,5379,11424
86,,6810340,1,20260816,472,13,,,,,,886,61,,,,,,3,35.12222203396803,135.439444,,,0,,0,,0,0,0,0,,0,205,blue,485,947,1432
86,,6810343,1,20260816,,,,,,,,,,,,,,,3,35.18777781405339,135.3219444,,,1,,0,,0,0,0,0,,0,205,blue,0,0,0
86,,6810344,1,20260816,3656,186,,,,,,3726,249,,,,,,3,35.24583336412865,135.2161111,,,0,,0,,0,0,0,0,,0,205,blue,3842,3975,7817
86,,6810346,1,20260816,,,,,,,,,,,,,,,3,35.28305559417674,135.1777778,,,0,,0,,0,0,0,0,,205,205,blue,0,0,0
86,,6810348,1,20260816,7958,358,,,,,,5996,701,,,,,,3,35.3139820342166,135.101491,,,0,,0,,0,0,0,0,,0,205,blue,8316,6697,15013
86,,6810360,1,20260816,,,,,,,,,,,,,,,3,35.333611034241834,134.917222,,,0,,0,,0,0,0,0,,205,205,blue,0,0,0
86,,6810365,1,20260816,6147,202,,,,,,6285,133,,,,,,3,36.25913403538918,136.286774,,,0,,0,,0,0,0,0,,0,205,blue,6349,6418,12767
86,,6810370,1,20260816,,,,,,,,,,,,,,,3,35.38305603430526,134.671667,,,0,,0,,0,0,0,0,,205,205,blue,0,0,0
86,,6810390,1,20260816,,,,,,,,,,,,,,,3,35.48083303443001,134.585278,,,0,,0,,0,0,0,0,,205,205,blue,0,0,0
86,,6810400,1,20260816,,,,,,,,,,,,,,,3,35.50388903445929,134.533889,,,0,,0,,0,0,0,0,,205,205,blue,0,0,0
86,,6810410,1,20260816,,,,,,,,,,,,,,,3,35.5247220344857,134.4275,,,0,,0,,0,0,0,0,,205,205,blue,0,0,0
86,,6810420,1,20260816,4836,168,,,,,,4408,108,,,,,,3,35.33111103423862,136.352222,,,0,,0,,0,0,0,0,,0,205,blue,5004,4516,9520
86,,6810450,1,20260816,4405,109,,,,,,2280,50,,,,,,3,34.229683032767404,135.169164,,,0,,0,,0,0,0,0,,0,205,blue,4514,2330,6844
86,,6810492,1,20260816,,,,,,,,,,,,,,,3,34.5749167332401,135.6647778,,,0,,0,,0,0,0,0,,205,205,blue,0,0,0
86,,6810500,1,20260816,,,,,,,,,,,,,,,3,34.58000003324698,135.466581,,,1,,0,,0,0,0,0,,0,205,blue,0,0,0
86,,6810510,1,20260816,,,,,,,,,,,,,,,3,34.5797220332466,135.466581,,,1,,0,,0,0,0,0,,0,205,blue,0,0,0
86,,6810540,1,20260816,,,,,,,,,,,,,,,3,34.36000003294702,135.269444,,,1,,0,,0,0,0,0,,0,205,blue,0,0,0
86,,6810550,1,20260816,539,17,,,,,,534,17,,,,,,3,34.32270003289575,135.19756,,,0,,0,,0,0,0,0,,0,205,blue,556,551,1107
86,,6810551,1,20260816,9851,734,,,,,,8731,188,,,,,,3,34.32488893289876,135.1913056,,,0,,0,,0,0,0,0,,0,205,blue,10585,8919,19504
86,,6810552,1,20260816,,,,,,,,,,,,,,,3,34.31283333288218,135.1605,,,0,,0,,0,0,0,0,,205,205,blue,0,0,0
86,,6810560,1,20260816,,,,,,,,,,,,,,,3,34.24805603279281,135.175,,,1,,0,,0,0,0,0,,0,205,blue,0,0,0
86,,6810580,1,20260816,7463,95,,,,,,5044,178,,,,,,3,35.633611034623065,136.021389,,,0,,0,,0,0,0,0,,0,205,blue,7558,5222,12780
86,,6810590,1,20260816,3388,108,,,,,,3529,109,,,,,,3,35.58083303455663,135.910417,,,0,,0,,0,0,0,0,,0,205,blue,3496,3638,7134
86,,6810610,1,20260816,4407,238,,,,,,3847,188,,,,,,3,35.469444034415524,135.825,,,0,,0,,0,0,0,0,,0,205,blue,4645,4035,8680
86,,6810620,1,20260816,3475,68,,,,,,3830,136,,,,,,3,35.483056034432835,135.666111,,,0,,0,,0,0,0,0,,0,205,blue,3543,3966,7509
86,,6810630,1,20260816,3706,223,,,,,,2923,206,,,,,,3,35.48805603443919,135.595833,,,0,,0,,0,0,0,0,,0,205,blue,3929,3129,7058
86,,6810660,1,20260816,3731,334,,,,,,3197,440,,,,,,3,35.48083303443001,135.421389,,,0,,0,,0,0,0,0,,0,205,blue,4065,3637,7702
86,,6810667,1,20260816,,,,,,,,,,,,,,,3,35.46027781440387,135.3566667,,,0,,0,,0,0,0,0,,205,205,blue,0,0,0
86,,6810670,1,20260816,2386,199,,,,,,2664,122,,,,,,3,35.414167034345056,135.333056,,,0,,0,,0,0,0,0,,0,205,blue,2585,2786,5371
86,,6810671,1,20260816,,,,,,,,,,,,,,,3,35.37888892429992,135.3169444,,,0,,0,,0,0,0,0,,205,205,blue,0,0,0
86,,6810730,1,20260816,,,,,,,,,,,,,,,3,34.85305603361341,134.605278,,,0,,0,,0,0,0,0,,205,205,blue,0,0,0
86,,6810740,1,20260816,,,,,,,,,,,,,,,3,34.87691203364509,134.61312,,,0,,0,,0,0,0,0,,205,205,blue,0,0,0
86,,6810750,1,20260816,,,,,,,,,,,,,,,3,35.07068203390065,134.587422,,,0,,0,,0,0,0,0,,205,205,blue,0,0,0
86,,6810760,1,20260816,,,,,,,,,,,,,,,3,35.145672033998615,134.539014,,,0,,0,,0,0,0,0,,205,205,blue,0,0,0
86,,6810770,1,20260816,4732,772,,,,,,3914,194,,,,,,3,33.692375032012194,135.984591,,,0,,0,,0,0,0,0,,0,205,blue,5504,4108,9612
86,,6810780,1,20260816,,,,,,,,,,,,,,,3,33.61777803190555,135.927061,,,1,,0,,0,0,0,0,,0,205,blue,0,0,0
86,,6810790,1,20260816,,,,,,,,,,,,,,,3,33.56853903183492,135.910197,,,1,,0,,0,205,205,0,,0,205,blue,0,0,0
86,,6810800,1,20260816,3425,459,,,,,,3833,350,,,,,,3,33.50323103174097,135.806228,,,0,,0,,0,0,0,0,,0,205,blue,3884,4183,8067
86,,6810810,1,20260816,2961,163,,,,,,3509,268,,,,,,3,33.48392803171314,135.760481,,,0,,0,,0,0,0,0,,0,205,blue,3124,3777,6901
86,,6810820,1,20260816,,,,,,,,,,,,,,,3,33.509890031750565,135.60639100000003,,,1,,0,,0,0,0,0,,0,205,blue,0,0,0
86,,6810830,1,20260816,,,,,,,,,,,,,,,3,33.51850003176297,135.57,,,1,,0,,0,0,0,0,,0,205,blue,0,0,0
86,,6810840,1,20260816,,,,,,,,,,,,,,,3,33.554167031814266,135.458889,,,1,,0,,0,0,0,0,,0,205,blue,0,0,0
86,,6810850,1,20260816,3564,371,,,,,,474,8,,,,,,3,33.70273603202697,135.411942,,,0,,0,,0,0,0,0,,0,205,blue,3935,482,4417
86,,6810860,1,20260816,8392,145,,,,,,6436,247,,,,,,3,33.72250003205514,135.404722,,,0,,0,,0,0,0,0,,0,205,blue,8537,6683,15220
86,,6810880,1,20260816,0,0,,,,,,0,0,,,,,,3,33.748889032092684,135.3275,,,1,,0,,0,0,0,0,,0,205,blue,0,0,0
86,,6810890,1,20260816,2949,53,,,,,,3762,224,,,,,,3,33.7811110321385,135.3025,,,0,,0,,0,2,2,0,,0,205,blue,3002,3986,6988
86,,6810900,1,20260816,4042,241,,,,,,3698,189,,,,,,3,33.91892803233343,135.146508,,,0,,0,,0,0,0,0,,0,205,blue,4283,3887,8170
86,,6810910,1,20260816,2498,247,,,,,,0,0,,,,,,3,33.94659203237239,135.12965,,,0,,0,,0,0,0,0,,0,205,blue,2745,0,2745
86,,6810920,1,20260816,5956,390,,,,,,5118,501,,,,,,3,34.04305603250771,135.189722,,,0,,0,,0,0,0,0,,0,205,blue,6346,5619,11965
86,,6810930,1,20260816,,,,,,,,,,,,,,,3,34.047035032513286,135.189167,,,1,,0,,0,0,0,0,,0,205,blue,0,0,0
86,,6810950,1,20260816,,,,,,,,,,,,,,,3,34.19539403271991,135.169583,,,1,,0,,0,0,0,0,,0,205,blue,0,0,0
86,,6810960,1,20260816,,,,,,,,,,,,,,,3,33.74962803209376,135.359472,,,1,,0,,0,2,2,0,,0,205,blue,0,0,0
86,,6810980,1,20260816,,,,,,,,,,,,,,,3,34.652222033344536,135.48972200000003,,,1,,0,,0,0,0,0,,0,205,blue,0,0,0
86,,6810990,1,20260816,1835,427,,,,,,4751,560,,,,,,3,35.551944034520155,136.098333,,,0,,0,,0,0,0,0,,0,205,blue,2262,5311,7573
86,,6811000,1,20260816,3560,139,,,,,,3206,229,,,,,,3,35.530000034492396,136.094444,,,0,,0,,0,0,0,0,,0,205,blue,3699,3435,7134
86,,6811010,1,20260816,3982,366,,,,,,3985,169,,,,,,3,35.47888903442754,136.083056,,,0,,0,,0,0,0,0,,0,205,blue,4348,4154,8502
86,,6811020,1,20260816,1521,138,,,,,,2183,240,,,,,,3,35.39750003432375,136.024722,,,0,,0,,0,0,0,0,,0,205,blue,1659,2423,4082
86,,6811030,1,20260816,14293,1898,,,,,,12902,1078,,,,,,3,35.28722203418211,136.018056,,,0,,0,,0,0,0,0,,0,205,blue,16191,13980,30171
86,,6811040,1,20260816,4451,2139,,,,,,8470,417,,,,,,3,35.24777803413116,135.960556,,,0,,0,,0,0,0,0,,0,205,blue,6590,8887,15477
86,,6811050,1,20260816,,,,,,,,,,,,,,,3,35.237778034118236,135.943333,,,1,,0,,0,205,205,0,,0,205,blue,0,0,0
86,,6811080,1,20260816,,,,,,,,,,,,,,,3,34.71861103343382,135.569444,,,1,,0,,0,0,0,0,,0,205,blue,0,0,0
86,,6811120,1,20260816,4236,71,,,,,,4043,188,,,,,,3,35.0725560339031,135.008778,,,0,,0,,0,0,0,0,,0,205,blue,4307,4231,8538
86,,6811130,1,20260816,3717,285,,,,,,3313,69,,,,,,3,35.12139403396696,135.005953,,,0,,0,,0,0,0,0,,0,205,blue,4002,3382,7384
86,,6811150,1,20260816,,,,,,,,,,,,,,,3,35.16055603401799,135.066111,,,0,,0,,0,0,0,0,,205,205,blue,0,0,0
86,,6811160,1,20260816,,,,,,,,,,,,,,,3,35.23305603411212,135.020833,,,0,,0,,0,0,0,0,,205,205,blue,0,0,0
86,,6811165,1,20260816,5937,1261,,,,,,3680,1183,,,,,,3,35.28748503418245,134.977245,,,0,,0,,0,0,0,0,,0,205,blue,7198,4863,12061
86,,6811170,1,20260816,,,,,,,,,,,,,,,3,35.29111103418713,134.970556,,,0,,0,,0,0,0,0,,205,205,blue,0,0,0
86,,6811180,1,20260816,,,,,,,,,,,,,,,3,35.30305603420252,134.92,,,0,,0,,0,0,0,0,,205,205,blue,0,0,0
86,,6811190,1,20260816,,,,,,,,,,,,,,,3,35.34500003425647,134.801111,,,0,,0,,0,0,0,0,,205,205,blue,0,0,0
86,,6811200,1,20260816,,,,,,,,,,,,,,,3,35.36333303427999,134.759167,,,0,,0,,0,0,0,0,,205,205,blue,0,0,0
86,,6811210,1,20260816,4405,362,,,,,,5516,88,,,,,,3,35.49942303445363,134.790538,,,0,,0,,0,0,0,0,,0,205,blue,4767,5604,10371
86,,6811220,1,20260816,4399,70,,,,,,4951,135,,,,,,3,35.474942034422526,134.764925,,,0,,0,,0,0,0,0,,0,205,blue,4469,5086,9555
86,,6811230,1,20260816,5133,115,,,,,,5953,367,,,,,,3,35.43722003437449,134.767839,,,0,,0,,0,0,0,0,,0,205,blue,5248,6320,11568
86,,6811260,1,20260816,6465,110,,,,,,7130,386,,,,,,3,35.01754603383091,136.023618,,,0,,0,,0,0,0,0,,0,205,blue,6575,7516,14091
86,,6811310,1,20260816,31572,1343,,,,,,28734,1089,,,,,,3,34.78856603352747,134.816183,,,0,,0,,0,0,0,0,,0,205,blue,32915,29823,62738
86,,6811320,1,20260816,,,,,,,,,,,,,,,3,34.81472203356237,134.673055,,,1,,0,,0,0,0,0,,0,205,blue,0,0,0
86,,6811340,1,20260816,11803,555,,,,,,21383,722,,,,,,3,34.83503003358942,134.618945,,,0,,0,,0,0,0,0,,0,205,blue,12358,22105,34463
86,,6811400,1,20260816,5123,142,,,,,,4043,97,,,,,,3,34.54152803319483,135.675417,,,0,,0,,0,0,0,0,,0,205,blue,5265,4140,9405
88,,8810010,1,20260816,3134,184,0,,,,,2916,76,0,,,,,3,34.22576903276199,134.506281,,,0,0,0,0,0,0,0,0,0,0,205,blue,3318,2992,6310
88,,8810040,1,20260816,3039,225,0,,,,,3129,134,0,,,,,3,34.21202803274294,134.426444,,,0,0,0,0,0,0,0,0,0,0,205,blue,3264,3263,6527
88,,8810050,1,20260816,,,,,,,,,,,,,,,3,34.2426940327854,134.369389,,,1,0,0,0,0,0,0,0,0,0,205,blue,0,0,0
88,,8810060,1,20260816,,,,,,,,,,,,,,,3,34.24194403278437,134.333056,,,1,0,0,0,0,1,1,0,0,0,205,blue,0,0,0
88,,8810070,1,20260816,,,,,,,,,,,,,,,3,34.3096610328778,134.235686,,,1,0,0,0,0,1,1,0,0,0,205,blue,0,0,0
88,,8810080,1,20260816,,,,,,,,,,,,,,,3,34.323825032897304,134.203003,,,1,0,0,0,0,0,0,0,0,0,205,blue,0,0,0
88,,8810090,1,20260816,,,,,,,,,,,,,,,3,34.31055603287904,134.040556,,,1,0,0,0,0,0,0,0,0,0,205,blue,0,0,0
88,,8810100,1,20260816,12409,591,0,,,,,,,,,,,,3,34.31083303287942,134.040833,,,0,0,0,0,0,1,1,0,0,0,205,blue,13000,0,13000
88,,8810110,1,20260816,,,,,,,,,,,,,,,3,34.296344462859466,133.9267892,,,1,0,0,0,0,0,0,0,0,0,205,blue,0,0,0
88,,8810120,1,20260816,7434,94,0,,,,,6323,90,0,,,,,3,34.30830303287593,133.886,,,0,0,0,0,0,0,0,0,0,0,205,blue,7528,6413,13941
88,,8810130,1,20260816,,,,,,,,,,,,,,,3,34.28116903283854,133.818719,,,1,0,0,0,0,0,0,0,0,0,205,blue,0,0,0
88,,8810150,1,20260816,,,,,,,,,,,,,,,3,33.79388903215663,132.931944,,,1,0,0,0,0,0,0,0,0,0,205,blue,0,0,0
88,,8810160,1,20260816,10199,268,0,,,,,10506,149,0,,,,,3,34.251008032796896,133.916925,,,0,0,0,0,0,0,0,0,0,0,205,blue,10467,10655,21122
88,,8810170,1,20260816,6655,240,0,,,,,5808,287,0,,,,,3,34.183472032703364,133.834944,,,0,0,0,0,0,0,0,0,0,0,205,blue,6895,6095,12990
88,,8810180,1,20260816,3353,190,0,,,,,2945,85,0,,,,,3,34.15741703266719,133.82277800000003,,,0,0,0,0,0,0,0,0,0,0,205,blue,3543,3030,6573
88,,8810210,1,20260816,4814,249,0,,,,,3192,172,0,,,,,3,34.02985603248925,133.814811,,,0,0,0,0,0,0,0,0,0,0,205,blue,5063,3364,8427
88,,8810220,1,20260816,2581,315,0,,,,,2808,111,0,,,,,3,33.99827503244498,133.788456,,,0,0,0,0,0,0,0,0,0,0,205,blue,2896,2919,5815
88,,8810270,1,20260816,1570,177,0,,,,,1534,147,0,,,,,3,33.699149792021856,133.6898053,,,0,0,0,0,0,0,0,0,0,0,205,blue,1747,1681,3428
88,,8810310,1,20260816,,,,,,,,,,,,,,,3,33.65416703195762,133.66,,,1,0,0,0,0,0,0,0,0,0,205,blue,0,0,0
88,,8810340,1,20260816,,,,,,,,,,,,,,,3,33.55527803181588,133.460556,,,1,0,0,0,0,0,0,0,0,0,205,blue,0,0,0
88,,8810380,1,20260816,,,,,,,,,,,,,,,3,33.555000031815474,133.139444,,,1,0,0,0,0,0,0,0,0,0,205,blue,0,0,0
88,,8810400,1,20260816,,,,,,,,,,,,,,,3,33.58111103185298,132.9925,,,1,0,0,0,0,0,0,0,0,0,205,blue,0,0,0
88,,8810410,1,20260816,1966,32,0,,,,,2287,123,0,,,,,3,33.61805603190595,132.933333,,,0,0,0,0,0,0,0,0,0,0,205,blue,1998,2410,4408
88,,8810420,1,20260816,2035,41,0,,,,,2485,164,0,,,,,3,33.62777803191986,132.916389,,,0,0,0,0,0,0,0,0,0,0,205,blue,2076,2649,4725
88,,8810430,1,20260816,2370,107,0,,,,,2890,189,0,,,,,3,33.646667031946905,132.905833,,,0,0,0,0,0,0,0,0,0,0,205,blue,2477,3079,5556
88,,8810450,1,20260816,3259,97,0,,,,,4157,232,0,,,,,3,33.68178252199708,132.8835762,,,0,0,0,0,0,0,0,0,0,0,205,blue,3356,4389,7745
88,,8810510,1,20260816,,,,,,,,,,,,,,,3,33.73555603207373,132.811667,,,1,0,0,0,0,0,0,0,0,0,205,blue,0,0,0
88,,8810520,1,20260816,,,,,,,,,,,,,,,6,33.80277803216924,132.7775,,,1,0,0,0,0,1,1,0,0,0,205,blue,0,0,0
88,,8810530,1,20260816,,,,,,,,,,,,,,,3,33.80679213217494,132.7455604,,,1,0,0,0,0,0,0,0,0,0,205,blue,0,0,0
88,,8810560,1,20260816,766,31,0,,,,,611,20,0,,,,,3,33.883114032282926,134.645522,,,0,0,0,0,0,2,2,0,0,0,205,blue,797,631,1428
88,,8810570,1,20260816,3388,221,0,,,,,3298,269,0,,,,,3,33.87310303226879,134.637228,,,0,0,0,0,0,2,2,0,0,0,205,blue,3609,3567,7176
88,,8810580,1,20260816,742,41,0,,,,,394,19,0,,,,,3,33.8064830321745,134.590708,,,0,0,0,0,0,2,2,0,0,0,205,blue,783,413,1196
88,,8810640,1,20260816,2134,101,0,,,,,1556,92,0,,,,,3,33.72289703205572,134.519397,,,0,0,0,0,0,0,0,0,0,0,205,blue,2235,1648,3883
88,,8810660,1,20260816,2301,161,0,,,,,1869,66,0,,,,,3,33.66041903196656,134.406369,,,0,0,0,0,0,0,0,0,0,0,205,blue,2462,1935,4397
88,,8810670,1,20260816,2341,76,0,,,,,1804,165,0,,,,,3,33.58200303185425,134.323467,,,0,0,0,0,0,0,0,0,0,0,205,blue,2417,1969,4386
88,,8810690,1,20260816,,,,,,,,,,,,,,,3,33.49111103172349,134.261667,,,1,0,0,0,0,0,0,0,0,0,205,blue,0,0,0
88,,8810720,1,20260816,,,,,,,,,,,,,,,3,33.33499901149748,134.1973409,,,1,0,0,0,0,0,0,0,0,0,205,blue,0,0,0
88,,8810730,1,20260816,,,,,,,,,,,,,,,3,33.2510477313752,134.1807112,,,1,0,0,0,0,0,0,0,0,0,205,blue,0,0,0
88,,8810740,1,20260816,,,,,,,,,,,,,,,3,33.29972203144615,134.123333,,,1,0,0,0,0,0,0,0,0,0,205,blue,0,0,0
88,,8810750,1,20260816,,,,,,,,,,,,,,,3,33.371439791550394,134.039855,,,1,0,0,0,0,0,0,0,0,0,205,blue,0,0,0
88,,8810760,1,20260816,,,,,,,,,,,,,,,3,33.42416703162678,134.023333,,,1,0,0,0,0,0,0,0,0,0,205,blue,0,0,0
88,,8810780,1,20260816,,,,,,,,,,,,,,,3,33.441944031652504,133.966111,,,1,0,0,0,0,0,0,0,0,0,205,blue,0,0,0
88,,8810820,1,20260816,,,,,,,,,,,,,,,3,33.5033880317412,133.878652,,,1,0,0,0,0,0,0,0,0,0,205,blue,0,0,0
88,,8810840,1,20260816,,,,,,,,,,,,,,,3,33.525000031772315,133.760278,,,1,0,0,0,0,0,0,0,0,0,205,blue,0,0,0
88,,8810850,1,20260816,,,,,,,,,,,,,,,3,33.42055603162157,133.301944,,,1,0,0,0,0,0,0,0,0,0,205,blue,0,0,0
88,,8810880,1,20260816,544,13,0,,,,,551,46,0,,,,,3,33.3074340314574,133.179556,,,0,0,0,0,0,1,1,0,0,0,205,blue,557,597,1154
88,,8810890,1,20260816,1106,104,0,,,,,1,0,0,,,,,3,33.28855103142989,133.172023,,,0,0,0,0,0,0,0,0,0,0,205,blue,1210,1,1211
88,,8810910,1,20260816,1120,56,0,,,,,0,1,0,,,,,3,33.266597031397886,133.171467,,,0,0,0,0,0,0,0,0,0,0,205,blue,1176,1,1177
88,,8810920,1,20260816,4865,169,0,,,,,3469,104,0,,,,,3,33.21880803132811,133.140708,,,0,0,0,0,0,0,0,0,0,0,205,blue,5034,3573,8607
88,,8810940,1,20260816,5168,111,0,,,,,4403,128,0,,,,,3,33.0089042010197,132.9856986,,,0,0,0,0,0,0,0,0,0,0,205,blue,5279,4531,9810
88,,8810960,1,20260816,1775,31,0,,,,,1759,159,0,,,,,3,32.97816103097427,132.889125,,,0,0,0,0,0,0,0,0,0,0,205,blue,1806,1918,3724
88,,8810970,1,20260816,1559,143,0,,,,,1631,27,0,,,,,3,32.977644030973515,132.885636,,,0,0,0,0,0,0,0,0,0,0,205,blue,1702,1658,3360
88,,8811000,1,20260816,3894,70,0,,,,,3681,79,0,,,,,3,32.96687203095758,132.865489,,,0,0,0,0,0,0,0,0,0,0,205,blue,3964,3760,7724
88,,8811020,1,20260816,1210,146,0,,,,,1303,124,0,,,,,3,32.96457803095418,132.816661,,,0,0,0,0,0,0,0,0,0,0,205,blue,1356,1427,2783
88,,8811040,1,20260816,2112,179,0,,,,,2295,53,0,,,,,3,32.95833303094494,132.796389,,,0,0,0,0,0,0,0,0,0,0,205,blue,2291,2348,4639
88,,8811050,1,20260816,4423,90,0,,,,,4666,70,0,,,,,3,32.93641403091248,132.736475,,,0,0,0,0,0,0,0,0,0,0,205,blue,4513,4736,9249
88,,8811060,1,20260816,2252,135,0,,,,,2409,49,0,,,,,3,32.969853030961985,132.683747,,,0,0,0,0,0,0,0,0,0,0,205,blue,2387,2458,4845
88,,8811070,1,20260816,,,,,,,,,,,,,,,3,32.970303030962654,132.665209,,,1,0,0,0,0,60,60,0,0,0,205,blue,0,0,0
88,,8811080,1,20260816,2320,41,0,,,,,2528,121,0,,,,,3,32.95232903093605,132.60067,,,0,0,0,0,0,0,0,0,0,0,205,blue,2361,2649,5010
88,,8811090,1,20260816,2487,195,0,,,,,2829,79,0,,,,,3,32.9541190309387,132.584276,,,0,0,0,0,0,0,0,0,0,0,205,blue,2682,2908,5590
88,,8811110,1,20260816,2323,75,0,,,,,2335,71,0,,,,,3,33.04654603107523,132.48536,,,0,0,0,0,0,0,0,0,0,0,205,blue,2398,2406,4804
88,,8811130,1,20260816,3171,124,0,,,,,3930,240,0,,,,,3,33.0789110311229,132.49507,,,0,0,0,0,0,0,0,0,0,0,205,blue,3295,4170,7465
88,,8811140,1,20260816,1376,58,0,,,,,1364,87,0,,,,,3,33.11350003117377,132.518333,,,0,0,0,0,0,0,0,0,0,0,205,blue,1434,1451,2885
88,,8811150,1,20260816,2333,326,0,,,,,2479,328,0,,,,,3,33.12469803119022,132.521282,,,0,0,0,0,0,0,0,0,0,0,205,blue,2659,2807,5466
88,,8811170,1,20260816,5022,149,0,,,,,3080,73,0,,,,,3,33.49517003172935,132.54537,,,0,0,0,0,0,0,0,0,0,0,205,blue,5171,3153,8324
88,,8811180,1,20260816,1622,175,0,,,,,1554,152,0,,,,,3,33.15677703123728,132.5469,,,0,0,0,0,0,0,0,0,0,0,205,blue,1797,1706,3503
88,,8811190,1,20260816,2557,64,0,,,,,2809,160,0,,,,,3,33.264024031394136,132.552651,,,0,0,0,0,0,0,0,0,0,0,205,blue,2621,2969,5590
88,,8811210,1,20260816,9841,286,0,,,,,9102,455,0,,,,,3,33.23340003134943,132.559577,,,0,0,0,0,0,1,1,0,0,0,205,blue,10127,9557,19684
88,,8811220,1,20260816,5156,142,0,,,,,4199,236,0,,,,,3,33.21975503132949,132.55883,,,0,0,0,0,0,1,1,0,0,0,205,blue,5298,4435,9733
88,,8811230,1,20260816,8509,434,0,,,,,8153,190,0,,,,,3,33.21400003132108,132.545961,,,0,0,0,0,0,0,0,0,0,0,205,blue,8943,8343,17286
88,,8811240,1,20260816,4651,252,0,,,,,3582,113,0,,,,,3,33.187563031282394,132.543219,,,0,0,0,0,0,0,0,0,0,0,205,blue,4903,3695,8598
88,,8811250,1,20260816,,,,,,,,,,,,,,,3,33.623917031914345,132.69675,,,1,0,0,0,0,0,0,0,0,0,205,blue,0,0,0
88,,8811260,1,20260816,,,,,,,,,,,,,,,3,33.63910303193607,132.70852,,,1,0,0,0,0,0,0,0,0,0,205,blue,0,0,0
88,,8811300,1,20260816,4391,186,0,,,,,5543,248,0,,,,,3,33.701111032024656,132.7075,,,0,0,0,0,0,0,0,0,0,0,205,blue,4577,5791,10368
88,,8811320,1,20260816,3500,104,0,,,,,3124,332,0,,,,,3,33.99242782243679,133.6034113,,,0,0,0,0,0,0,0,0,0,0,205,blue,3604,3456,7060
88,,8811330,1,20260816,1671,40,0,,,,,1548,157,0,,,,,3,33.99611044244195,133.6571521,,,0,0,0,0,0,0,0,0,0,0,205,blue,1711,1705,3416
88,,8811360,1,20260816,1487,88,0,,,,,1700,169,0,,,,,3,34.015556032469206,133.77361100000002,,,0,0,0,0,0,0,0,0,0,0,205,blue,1575,1869,3444
88,,8811430,1,20260816,,,,,,,,,,,,,,,3,33.981944032422064,132.778333,,,1,0,0,0,0,0,0,0,0,0,205,blue,0,0,0
88,,8811450,1,20260816,6611,171,0,,,,,6345,223,0,,,,,3,33.98044403241997,133.057088,,,0,0,0,0,0,0,0,0,0,0,205,blue,6782,6568,13350
89,,9810010,1,20260816,9227,130,0,,,,,7662,563,0,,,,,3,33.86852803226232,130.79675,,,0,0,0,0,0,0,0,0,0,0,205,blue,9357,8225,17582
89,,9810020,1,20260816,,,,,,,,,,,,,,,3,33.835259032215276,130.608521,,,1,0,0,0,0,0,0,0,0,0,205,blue,0,0,0
89,,9810030,1,20260816,,,,,,,,,,,,,,,3,33.78978203215081,130.567337,,,1,0,0,0,0,0,0,0,0,0,205,blue,0,0,0
89,,9810040,1,20260816,25057,423,0,,,,,25342,498,0,,,,,3,33.744955032087105,130.488242,,,0,0,0,0,0,0,0,0,0,0,205,blue,25480,25840,51320
89,,9810050,1,20260816,,,,,,,,,,,,,,,3,33.73691203207566,130.478193,,,1,0,0,0,0,0,0,0,0,0,205,blue,0,0,0
89,,9810070,1,20260816,18697,690,0,,,,,18745,726,0,,,,,3,33.52600403177376,130.49557,,,0,0,0,0,0,0,0,0,0,0,205,blue,19387,19471,38858
89,,9810080,1,20260816,19339,575,0,,,,,16981,457,0,,,,,3,33.51100303175216,130.511069,,,0,0,0,0,0,0,0,0,0,0,205,blue,19914,17438,37352
89,,9810090,1,20260816,19996,482,0,,,,,19508,650,0,,,,,3,33.510200031751005,130.520977,,,0,0,0,0,0,0,0,0,0,0,205,blue,20478,20158,40636
89,,9810100,1,20260816,13558,551,0,,,,,13364,486,0,,,,,3,33.477797031704284,130.53932,,,0,0,0,0,0,0,0,0,0,0,205,blue,14109,13850,27959
89,,9810120,1,20260816,,,,,,,,,,,,,,,3,33.33966203150427,130.525942,,,1,,,,,,,,,,205,blue,0,0,0
89,,9810130,1,20260816,4118,296,0,,,,,3373,306,0,,,,,3,33.19870703129871,130.60119,,,0,0,0,0,0,0,0,0,0,0,205,blue,4414,3679,8093
89,,9810140,1,20260816,,,,,,,,,,,,,,,3,33.170447031257325,130.617432,,,1,0,0,0,0,0,0,0,0,0,205,blue,0,0,0
89,,9810150,1,20260816,16667,329,0,,,,,16646,299,0,,,,,3,33.86806903226167,130.775199,,,1,0,0,0,0,0,0,0,0,0,205,blue,16996,16945,33941
89,,9810160,1,20260816,13142,266,0,,,,,,,,,,,,3,33.86432503225638,130.74688,,,0,0,0,0,0,0,0,0,0,0,205,blue,13408,0,13408
89,,9810170,1,20260816,5577,87,0,,,,,7153,141,0,,,,,3,33.648732031949855,130.441499,,,0,0,0,0,0,0,0,0,0,0,205,blue,5664,7294,12958
89,,9810180,1,20260816,21984,609,0,,,,,23344,626,0,,,,,3,33.61500003190157,130.438611,,,0,0,0,0,0,0,0,0,0,0,205,blue,22593,23970,46563
89,,9810190,1,20260816,,,,,,,,,,,,,,,3,33.4496850316637,130.546326,,,1,0,0,0,0,0,0,0,0,0,205,blue,0,0,0
89,,9810200,1,20260816,,,,,,,,,,,,,,,3,33.41916903161956,130.532642,,,1,,,,,,,,,,205,blue,0,0,0
89,,9810210,1,20260816,6906,490,0,,,,,6131,303,0,,,,,3,32.92737203089908,130.698429,,,0,0,0,0,0,0,0,0,0,0,205,blue,7396,6434,13830
89,,9810230,1,20260816,1604,127,0,,,,,1639,166,0,,,,,3,32.33541003001024,130.485852,,,0,0,0,0,0,0,0,0,0,0,205,blue,1731,1805,3536
89,,9810240,1,20260816,1240,71,0,,,,,1101,43,0,,,,,3,32.24685302987536,130.498828,,,0,0,0,0,0,0,0,0,0,0,205,blue,1311,1144,2455
89,,9810260,1,20260816,,,,,,,,,,,,,,,3,32.06933302960361,130.240833,,,1,0,0,0,0,0,0,0,0,0,205,blue,0,0,0
89,,9810270,1,20260816,,,,,,,,,,,,,,,3,32.05996802958923,130.223169,,,1,0,0,0,0,0,0,0,0,0,205,blue,0,0,0
89,,9810280,1,20260816,,,,,,,,,,,,,,,3,32.00103302949858,130.195866,,,1,0,0,0,0,0,0,0,0,0,205,blue,0,0,0
89,,9810290,1,20260816,,,,,,,,,,,,,,,3,31.77354502914685,130.301221,,,1,0,0,0,0,0,0,0,0,0,205,blue,0,0,0
89,,9810300,1,20260816,,,,,,,,,,,,,,,3,31.752394029113987,130.297198,,,1,0,0,0,0,0,0,0,0,0,205,blue,0,0,0
89,,9810310,1,20260816,,,,,,,,,,,,,,,3,31.671780028988586,130.334671,,,1,0,0,0,0,0,0,0,0,0,205,blue,0,0,0
89,,9810320,1,20260816,,,,,,,,,,,,,,,3,31.644384028945897,130.514685,,,1,0,0,0,0,0,0,0,0,0,205,blue,0,0,0
89,,9810330,1,20260816,11752,401,0,,,,,9963,152,0,,,,,3,31.593127028865894,130.55217,,,0,0,0,0,0,0,0,0,0,0,205,blue,12153,10115,22268
89,,9810340,1,20260816,,,,,,,,,,,,,,,3,31.774587029148464,130.294585,,,1,0,0,0,0,0,0,0,0,0,205,blue,0,0,0
89,,9810350,1,20260816,,,,,,,,12550,423,0,,,,,3,31.586173028855043,130.521497,,,0,0,0,0,0,0,0,0,0,0,205,blue,0,12973,12973
89,,9810360,1,20260816,,,,,,,,,,,,,,,3,33.6356250319311,131.074923,,,1,0,0,0,0,4,4,0,3,0,205,blue,0,0,0
89,,9810370,1,20260816,,,,,,,,,,,,,,,3,33.60811903189171,131.1134,,,0,0,0,0,0,192,192,196,149,0,205,blue,0,0,0
89,,9810380,1,20260816,,,,,,,,,,,,,,,3,33.55407703181414,131.25154,,,1,0,0,0,0,0,0,0,0,0,205,blue,0,0,0
89,,9810390,1,20260816,,,,,,,,,,,,,,,3,33.47356403169818,131.495973,,,1,0,0,0,0,0,0,0,0,0,205,blue,0,0,0
89,,9810400,1,20260816,,,,,,,,,,,,,,,3,33.4199570316207,131.549075,,,1,0,0,0,0,0,0,0,0,0,205,blue,0,0,0
89,,9810410,1,20260816,,,,,,,,,,,,,,,3,33.35718603152971,131.497308,,,1,0,0,0,0,0,0,0,0,0,205,blue,0,0,0
89,,9810420,1,20260816,20629,552,0,,,,,21243,643,0,,,,,3,33.28844603142974,131.50415600000002,,,0,0,0,0,0,0,0,0,0,0,205,blue,21181,21886,43067
89,,9810430,1,20260816,10331,318,0,,,,,9636,256,0,,,,,3,33.1773230312674,131.619615,,,0,0,0,0,0,0,0,0,0,0,205,blue,10649,9892,20541
89,,9810440,1,20260816,,,,,,,,10830,392,0,,,,,3,33.091164031140934,131.647172,,,0,0,0,0,0,0,0,0,0,0,205,blue,0,11222,11222
89,,9810450,1,20260816,190,7,0,,,,,136,4,0,,,,,3,33.07813503112177,131.638559,,,0,0,0,0,0,40,40,0,85,0,205,blue,197,140,337
89,,9810460,1,20260816,161,7,0,,,,,132,12,0,,,,,3,33.03375103105637,131.689156,,,1,0,0,0,0,9,9,0,31,0,205,blue,168,144,312
89,,9810470,1,20260816,117,1,0,,,,,140,2,0,,,,,3,33.001599031008915,131.788698,,,1,0,0,0,0,44,44,0,60,0,205,blue,118,142,260
89,,9810480,1,20260816,138,3,0,,,,,114,9,0,,,,,3,32.95275303093668,131.841525,,,1,0,0,0,0,32,32,0,62,0,205,blue,141,123,264
89,,9810490,1,20260816,53,4,0,,,,,43,3,0,,,,,3,32.92192503089102,131.801353,,,1,0,0,0,0,7,7,1,27,0,205,blue,57,46,103
89,,9810500,1,20260816,6,1,0,,,,,5,2,0,,,,,3,32.84521503077709,131.718143,,,1,0,0,0,0,11,11,1,34,0,205,blue,7,7,14
89,,9810510,1,20260816,,,,,,,,,,,,,,,3,33.53550003178742,131.301439,,,1,0,0,0,0,0,0,0,0,0,205,blue,0,0,0
89,,9810520,1,20260816,,,,,,,,8097,138,0,,,,,3,33.17727003126732,131.636491,,,0,0,0,0,0,0,0,0,0,0,205,blue,0,8235,8235
89,,9810530,1,20260816,3,0,0,,,,,5,0,0,,,,,3,32.76588703065887,131.69922,,,1,0,0,0,0,32,32,1,68,0,205,blue,3,5,8
89,,9810540,1,20260816,3,0,0,,,,,1,0,0,,,,,3,32.73308003060985,131.712307,,,1,0,0,0,0,17,17,1,33,0,205,blue,3,1,4
89,,9810550,1,20260816,27,2,0,,,,,27,0,0,,,,,3,32.680641030531355,131.69547,,,1,0,0,0,0,17,17,3,36,0,205,blue,29,27,56
89,,9810560,1,20260816,30,2,0,,,,,32,3,0,,,,,3,32.6162990304348,131.682165,,,1,0,0,0,0,16,16,0,38,0,205,blue,32,35,67
89,,9810580,1,20260816,93,1,0,,,,,83,3,0,,,,,3,32.56240603035372,131.681538,,,1,0,0,0,0,11,11,0,24,0,205,blue,94,86,180
89,,9810590,1,20260816,,,,,,,,,,,,,,,3,32.512945030279155,131.682071,,,0,0,0,0,0,102,102,145,104,0,205,blue,0,0,0
89,,9810600,1,20260816,,,,,,,,,,,,,,,3,32.505475030267874,131.671612,,,1,0,0,0,0,10,10,1,22,0,205,blue,0,0,0
89,,9810610,1,20260816,95,1,0,,,,,114,3,0,,,,,3,32.48380003023514,131.65983,,,1,0,0,0,0,12,12,0,30,0,205,blue,96,117,213
89,,9810620,1,20260816,88,6,0,,,,,74,0,0,,,,,3,32.44750003018023,131.634167,,,1,0,0,0,0,14,14,0,26,0,205,blue,94,74,168
89,,9810630,1,20260816,93,0,0,,,,,86,6,0,,,,,3,32.34169203001978,131.615818,,,1,0,0,0,0,7,7,1,32,0,205,blue,93,92,185
89,,9810640,1,20260816,,,,,,,,,,,,,,,3,32.118920029679714,131.525151,,,1,0,0,0,0,23,23,1,39,0,205,blue,0,0,0
89,,9810650,1,20260816,,,,,,,,,,,,,,,3,32.04093702955998,131.469141,,,1,0,0,0,0,39,39,1,92,0,205,blue,0,0,0
89,,9810660,1,20260816,,,,,,,,,,,,,,,3,31.943136029409334,131.344339,,,1,0,0,0,0,0,0,0,0,0,205,blue,0,0,0
89,,9810670,1,20260816,,,,,,,,,,,,,,,3,31.95151902942227,131.26782500000002,,,1,0,0,0,0,0,0,0,0,0,205,blue,0,0,0
89,,9810680,1,20260816,,,,,,,,,,,,,,,3,31.916759029368613,131.228421,,,1,0,0,0,0,0,0,0,0,0,205,blue,0,0,0
89,,9810690,1,20260816,,,,,,,,,,,,,,,3,31.831007029235955,131.126939,,,1,0,0,0,0,0,0,0,0,0,205,blue,0,0,0
89,,9810700,1,20260816,,,,,,,,,,,,,,,3,31.70972202904765,131.054167,,,1,0,0,0,0,0,0,0,0,0,205,blue,0,0,0
89,,9810710,1,20260816,,,,,,,,,,,,,,,3,31.70997802904806,131.024809,,,1,0,0,0,0,0,0,0,0,0,205,blue,0,0,0
89,,9810720,1,20260816,,,,,,,,,,,,,,,3,31.661481028972545,130.889721,,,1,0,0,0,0,0,0,0,0,0,205,blue,0,0,0
89,,9810730,1,20260816,,,,,,,,,,,,,,,3,31.723242029068686,130.809578,,,1,0,0,0,0,0,0,0,0,0,205,blue,0,0,0
89,,9810740,1,20260816,,,,,,,,,,,,,,,3,33.30389903145224,130.368554,,,1,,,,,,,,,,205,blue,0,0,0
89,,9810750,1,20260816,,,,,,,,,,,,,,,3,33.27419603140898,130.293549,,,1,,,,,,,,,,205,blue,0,0,0
89,,9810760,1,20260816,,,,,,,,,,,,,,,3,33.26474303139519,130.245086,,,1,,,,,,,,,,205,blue,0,0,0
89,,9810770,1,20260816,,,,,,,,,,,,,,,3,33.26041603138888,130.218458,,,1,,,,,,,,,,205,blue,0,0,0
89,,9810780,1,20260816,,,,,,,,,,,,,,,3,33.23447503135101,130.18203100000002,,,1,,,,,,,,,,205,blue,0,0,0
89,,9810790,1,20260816,,,,,,,,,,,,,,,3,33.22225103133315,130.172161,,,1,,,,,,,,,,205,blue,0,0,0
89,,9810800,1,20260816,,,,,,,,,,,,,,,3,33.219025031328435,130.143217,,,1,,,,,,,,,,205,blue,0,0,0
89,,9810810,1,20260816,,,,,,,,,,,,,,,3,33.21595003132393,130.087452,,,1,,,,,,,,,,205,blue,0,0,0
89,,9810820,1,20260816,,,,,,,,,,,,,,,3,33.21877403132806,130.052459,,,1,,,,,,,,,,205,blue,0,0,0
89,,9810830,1,20260816,,,,,,,,,,,,,,,3,33.207839031312076,130.047967,,,1,,,,,,,,,,205,blue,0,0,0
89,,9810840,1,20260816,2181,105,0,,,,,2582,116,0,,,,,3,33.07291503111407,129.960829,,,0,0,0,0,0,0,0,0,0,0,205,blue,2286,2698,4984
89,,9810850,1,20260816,7642,241,0,,,,,7653,295,0,,,,,3,32.995999031000636,129.948701,,,0,0,0,0,0,0,0,0,0,0,205,blue,7883,7948,15831
89,,9810860,1,20260816,,,,,,,,,,,,,,,3,32.9044610308651,129.957531,,,1,0,0,0,0,0,0,0,0,0,205,blue,0,0,0
89,,9810870,1,20260816,,,,,,,,,,,,,,,3,32.8905010308444,129.971348,,,1,0,0,0,0,0,0,0,0,0,205,blue,0,0,0
89,,9810890,1,20260816,,,,,,,,,,,,,,,3,32.87494503082128,130.02412,,,1,0,0,0,0,0,0,0,0,0,205,blue,0,0,0
89,,9810900,1,20260816,3649,41,0,,,,,3969,69,0,,,,,3,32.83967403076884,130.024592,,,0,0,0,0,0,0,0,0,0,0,205,blue,3690,4038,7728
89,,9810910,1,20260816,,,,,,,,,,,,,,,3,33.19594003129466,129.977938,,,1,0,0,0,0,0,0,0,0,0,205,blue,0,0,0
89,,9810920,1,20260816,328,13,0,,,,,346,7,0,,,,,3,33.191150031287656,129.943948,,,1,0,0,0,0,0,0,0,0,0,205,blue,341,353,694
89,,9810930,1,20260816,4287,197,0,,,,,4261,147,0,,,,,3,33.18881403128423,129.9054,,,0,0,0,0,0,0,0,0,0,0,205,blue,4484,4408,8892
89,,9810940,1,20260816,202,9,0,,,,,153,15,0,,,,,3,32.97184603096493,131.383534,,,0,0,0,0,0,9,9,0,33,0,205,blue,211,168,379
89,,9810950,1,20260816,194,13,0,,,,,131,18,0,,,,,3,32.96828103095967,131.382552,,,1,0,0,0,0,13,13,0,32,0,205,blue,207,149,356
89,,9810960,1,20260816,88,8,0,,,,,82,7,0,,,,,3,32.96091703094877,131.248695,,,1,0,0,0,0,5,5,1,26,0,205,blue,96,89,185
89,,9810970,1,20260816,343,12,0,,,,,0,1,0,,,,,3,33.03288603105509,131.537821,,,1,0,0,0,0,33,33,0,70,0,205,blue,355,1,356
89,,9810980,1,20260816,,,,,,,,,,,,,,,3,33.00262303101042,131.45315500000004,,,1,0,0,0,0,86,86,137,101,0,205,blue,0,0,0
89,,9810990,1,20260816,,,,,,,,,,,,,,,3,32.96097103094884,131.244117,,,1,0,0,0,0,0,0,0,0,0,205,blue,0,0,0
89,,9811000,1,20260816,5793,344,0,,,,,6626,277,0,,,,,3,32.93530403091085,131.035064,,,0,0,0,0,0,0,0,0,0,0,205,blue,6137,6903,13040
89,,9811010,1,20260816,,,,,,,,,,,,,,,3,32.87672503082393,130.954853,,,1,0,0,0,0,0,0,0,0,0,205,blue,0,0,0
89,,9811020,1,20260816,6959,210,0,,,,,4518,103,0,,,,,3,32.614306030431806,130.462111,,,0,0,0,0,0,0,0,0,0,0,205,blue,7169,4621,11790
89,,9811030,1,20260816,,,,,,,,,,,,,,,3,32.72539603059835,130.251342,,,1,,,,,,,,,,205,blue,0,0,0
89,,9811040,1,20260816,,,,,,,,,,,,,,,3,32.72077403059144,130.234748,,,1,,,,,,,,,,205,blue,0,0,0
89,,9811050,1,20260816,,,,,,,,,,,,,,,3,32.73587103061402,130.209003,,,1,,,,,,,,,,205,blue,0,0,0
89,,9811060,1,20260816,,,,,,,,,,,,,,,3,32.808908030723025,130.149506,,,1,,,,,,,,,,205,blue,0,0,0
89,,9811070,1,20260816,,,,,,,,,,,,,,,3,32.836521030764146,130.094768,,,1,,,,,,,,,,205,blue,0,0,0
89,,9811080,1,20260816,,,,,,,,,,,,,,,3,32.83196203075736,130.053336,,,1,,,,,,,,,,205,blue,0,0,0
89,,9811090,1,20260816,,,,,,,,,,,,,,,3,33.61888103190713,130.568781,,,0,0,0,0,0,194,194,0,147,0,205,blue,0,0,0
89,,9811100,1,20260816,0,0,0,,,,,0,0,0,,,,,3,33.61860003190672,130.579442,,,0,0,0,0,0,172,172,4,148,0,205,blue,0,0,0
89,,9811110,1,20260816,,,,,,,,,,,,,,,3,33.62194303191151,130.588462,,,1,0,0,0,0,3,3,0,3,0,205,blue,0,0,0
89,,9811120,1,20260816,,,,,,,,,,,,,,,3,33.65684603196145,130.750269,,,1,,,,,,,,,,205,blue,0,0,0
89,,9811130,1,20260816,,,,,,,,,,,,,,,3,33.6514250319537,130.761828,,,1,,,,,,,,,,205,blue,0,0,0
89,,9811140,1,20260816,,,,,,,,,,,,,,,3,33.64137503193933,130.764099,,,1,0,0,0,0,2,2,0,2,0,205,blue,0,0,0
89,,9811150,1,20260816,,,,,,,,,,,,,,,3,33.65331703195642,130.807798,,,1,0,0,0,0,5,5,0,3,0,205,blue,0,0,0
89,,9811170,1,20260816,,,,,,,,,,,,,,,3,33.37200003155121,130.3311,,,1,,,,,,,,,,205,blue,0,0,0
89,,9811180,1,20260816,,,,,,,,,,,,,,,3,33.6231190319132,130.671342,,,1,,,,,,,,,,205,blue,0,0,0
89,,9811190,1,20260816,,,,,,,,,,,,,,,3,33.74379703208545,130.970335,,,1,0,0,0,0,0,0,0,0,0,205,blue,0,0,0
89,,9811210,1,20260816,5554,171,0,,,,,2801,131,0,,,,,3,33.50948303174998,130.110769,,,0,0,0,0,0,0,0,0,0,0,205,blue,5725,2932,8657
89,,9811220,1,20260816,4436,118,0,,,,,1764,23,0,,,,,3,33.501667031738705,130.069167,,,0,0,0,0,0,0,0,0,0,0,205,blue,4554,1787,6341
89,,9811240,1,20260816,5704,162,0,,,,,0,0,0,,,,,3,33.522842031769216,130.168427,,,0,0,0,0,0,0,0,0,0,0,205,blue,5866,0,5866
89,,9811250,1,20260816,,,,,,,,,,,,,,,3,33.51344603175569,130.14563,,,1,0,0,0,0,0,0,0,0,0,205,blue,0,0,0
89,,9811260,1,20260816,3535,98,0,,,,,2063,35,0,,,,,3,33.45431303167039,130.042275,,,0,0,0,0,0,0,0,0,0,0,205,blue,3633,2098,5731
89,,9811270,1,20260816,8052,261,0,,,,,7280,644,0,,,,,3,33.431110031636834,129.991737,,,0,0,0,0,0,0,0,0,0,0,205,blue,8313,7924,16237
89,,9811280,1,20260816,1487,81,0,,,,,1745,101,0,,,,,3,33.348904031517684,129.933234,,,0,0,0,0,0,0,0,0,0,0,205,blue,1568,1846,3414
89,,9811290,1,20260816,5629,89,0,,,,,4546,45,0,,,,,3,33.331844031492885,129.928169,,,0,0,0,0,0,0,0,0,0,0,205,blue,5718,4591,10309
89,,9811300,1,20260816,801,28,0,,,,,740,8,0,,,,,3,33.268208031400235,129.88248900000002,,,1,0,0,0,0,0,0,0,0,0,205,blue,829,748,1577
89,,9811310,1,20260816,,,,,,,,,,,,,,,3,33.24091903136041,129.850727,,,1,0,0,0,0,0,0,0,0,0,205,blue,0,0,0
89,,9811320,1,20260816,4015,103,0,,,,,3354,77,0,,,,,3,33.45989003167844,130.040128,,,0,0,0,0,0,0,0,0,0,0,205,blue,4118,3431,7549
89,,9811330,1,20260816,346,12,0,,,,,336,10,0,,,,,3,33.38450403156936,129.984455,,,1,0,0,0,0,0,0,0,0,0,205,blue,358,346,704
89,,9811340,1,20260816,,,,,,,,,,,,,,,6,33.31161503146347,130.070351,,,1,,,,,,,,,,205,blue,0,0,0
89,,9811350,1,20260816,,,,,,,,,,,,,,,3,33.304966031453795,130.076971,,,1,,,,,,,,,,205,blue,0,0,0
89,,9811360,1,20260816,6449,198,0,,,,,6862,148,0,,,,,3,33.29002103143203,130.168151,,,0,0,0,0,0,0,0,0,0,0,205,blue,6647,7010,13657
89,,9811370,1,20260816,,,,,,,,,,,,,,,3,33.327444031486486,130.034833,,,1,0,0,0,0,0,0,0,0,0,205,blue,0,0,0
89,,9811380,1,20260816,265,5,0,,,,,319,7,0,,,,,3,33.29362203143727,130.116435,,,1,0,0,0,0,0,0,0,0,0,205,blue,270,326,596
89,,9811390,1,20260816,,,,,,,,,,,,,,,3,33.03691103106103,129.918279,,,1,,,,,,,,,,205,blue,0,0,0
89,,9811400,1,20260816,3651,118,0,,,,,3680,52,0,,,,,3,32.90829103087079,130.661481,,,0,0,0,0,0,0,0,0,0,0,205,blue,3769,3732,7501
89,,9811410,1,20260816,6256,65,0,,,,,5869,47,0,,,,,3,33.01722203103198,130.439722,,,1,0,0,0,0,0,0,0,0,0,205,blue,6321,5916,12237
89,,9811420,1,20260816,6390,190,0,,,,,5953,140,0,,,,,3,33.05710503109079,130.465234,,,0,0,0,0,0,0,0,0,0,0,205,blue,6580,6093,12673
89,,9811450,1,20260816,6814,136,0,,,,,6870,176,0,,,,,3,33.01280003102545,130.425184,,,0,0,0,0,0,0,0,0,0,0,205,blue,6950,7046,13996
89,,9811460,1,20260816,,,,,,,,,,,,,,,3,33.140861031213944,130.422417,,,1,0,0,0,0,0,0,0,0,0,205,blue,0,0,0
89,,9811461,1,20260816,7881,168,0,,,,,8744,272,0,,,,,3,33.184560031278004,130.387933,,,0,0,0,0,0,0,0,0,0,0,205,blue,8049,9016,17065
89,,9811470,1,20260816,8592,154,0,,,,,8457,238,0,,,,,3,33.0462530310748,130.431406,,,0,0,0,0,0,0,0,0,0,0,205,blue,8746,8695,17441
89,,9811480,1,20260816,8614,227,0,,,,,7347,127,0,,,,,3,33.055717031088754,130.4292,,,0,0,0,0,0,0,0,0,0,0,205,blue,8841,7474,16315
89,,9811490,1,20260816,8991,128,0,,,,,10129,301,0,,,,,3,33.069783031109466,130.42405,,,0,0,0,0,0,0,0,0,0,0,205,blue,9119,10430,19549
89,,9811500,1,20260816,10259,259,0,,,,,8871,195,0,,,,,3,33.077520031120855,130.428242,,,0,0,0,0,0,0,0,0,0,0,205,blue,10518,9066,19584
89,,9811510,1,20260816,9518,184,0,,,,,9421,282,0,,,,,3,33.08238303112801,130.433017,,,0,0,0,0,0,0,0,0,0,0,205,blue,9702,9703,19405
89,,9811520,1,20260816,8235,218,0,,,,,7964,141,0,,,,,3,33.11826103118075,130.430375,,,1,0,0,0,0,0,0,0,0,0,205,blue,8453,8105,16558
89,,9811540,1,20260816,5421,243,0,,,,,5354,108,0,,,,,3,33.15753403123839,130.478771,,,0,0,0,0,0,0,0,0,0,0,205,blue,5664,5462,11126
89,,9811550,1,20260816,6332,175,0,,,,,6533,261,0,,,,,3,33.22942603134362,130.505954,,,0,0,0,0,0,0,0,0,0,0,205,blue,6507,6794,13301
89,,9811560,1,20260816,7417,267,0,,,,,6677,277,0,,,,,3,33.23505203135184,130.507151,,,0,0,0,0,0,0,0,0,0,0,205,blue,7684,6954,14638
89,,9811570,1,20260816,6442,261,0,,,,,6699,235,0,,,,,3,33.24799503137074,130.509483,,,0,0,0,0,0,0,0,0,0,0,205,blue,6703,6934,13637
89,,9811580,1,20260816,6597,196,0,,,,,6516,204,0,,,,,3,33.25651503138319,130.509461,,,0,0,0,0,0,0,0,0,0,0,205,blue,6793,6720,13513
89,,9811590,1,20260816,43,5,0,,,,,4870,446,0,,,,,3,33.31995703147561,130.594037,,,0,0,0,0,0,0,0,0,0,0,205,blue,48,5316,5364
89,,9811600,1,20260816,4011,221,0,,,,,4273,227,0,,,,,3,33.345255031512394,130.730893,,,0,0,0,0,0,0,0,0,0,0,205,blue,4232,4500,8732
89,,9811610,1,20260816,3990,169,0,,,,,4172,201,0,,,,,3,33.3437500315102,130.752694,,,0,0,0,0,0,0,0,0,0,0,205,blue,4159,4373,8532
89,,9811620,1,20260816,3492,153,0,,,,,3409,203,0,,,,,3,33.33338803149515,130.801953,,,0,0,0,0,0,0,0,0,0,0,205,blue,3645,3612,7257
89,,9811650,1,20260816,5972,163,0,,,,,5318,162,0,,,,,3,33.331960031493075,130.852326,,,0,0,0,0,0,0,0,0,0,0,205,blue,6135,5480,11615
89,,9811660,1,20260816,3628,61,0,,,,,2856,84,0,,,,,3,33.307732031457824,130.915379,,,0,0,0,0,0,0,0,0,0,0,205,blue,3689,2940,6629
89,,9811670,1,20260816,5796,249,0,,,,,4431,123,0,,,,,3,33.29883403144486,130.938844,,,0,0,0,0,0,0,0,0,0,0,205,blue,6045,4554,10599
89,,9811680,1,20260816,3143,174,0,,,,,2549,96,0,,,,,3,33.29818903144393,130.952388,,,0,0,0,0,0,0,0,0,0,0,205,blue,3317,2645,5962
89,,9811690,1,20260816,4680,241,0,,,,,4006,111,0,,,,,3,33.29921203144541,130.96937,,,0,0,0,0,0,0,0,0,0,0,205,blue,4921,4117,9038
89,,9811700,1,20260816,,,,,,,,,,,,,,,3,33.261645031390664,131.01058,,,1,0,0,0,0,0,0,0,0,0,205,blue,0,0,0
89,,9811710,1,20260816,,,,,,,,,,,,,,,3,33.28000003141744,131.128611,,,1,0,0,0,0,0,0,0,0,0,205,blue,0,0,0
89,,9811720,1,20260816,2662,259,0,,,,,2590,133,0,,,,,3,33.237877031355964,131.175263,,,0,0,0,0,0,0,0,0,0,0,205,blue,2921,2723,5644
89,,9811730,1,20260816,2340,119,0,,,,,2294,58,0,,,,,3,33.2405000313598,131.224187,,,0,0,0,0,0,0,0,0,0,0,205,blue,2459,2352,4811
89,,9811740,1,20260816,2567,192,0,,,,,2839,178,0,,,,,3,33.25496403138093,131.328533,,,0,0,0,0,0,0,0,0,0,0,205,blue,2759,3017,5776
89,,9811750,1,20260816,2361,993,0,,,,,3634,177,0,,,,,3,33.23715803135492,131.323213,,,0,0,0,0,0,0,0,0,0,0,205,blue,3354,3811,7165
89,,9811760,1,20260816,96,32,0,,,,,9919,319,0,,,,,3,33.18331803127619,131.452171,,,0,0,0,0,0,0,0,0,0,0,205,blue,128,10238,10366
89,,9811770,1,20260816,,,,,,,,,,,,,,,3,31.760789029127036,131.4707,,,1,0,0,0,0,0,0,0,0,0,205,blue,0,0,0
89,,9811780,1,20260816,,,,,,,,,,,,,,,3,31.559046028812634,131.38327000000004,,,1,0,0,0,0,0,0,0,0,0,205,blue,0,0,0
89,,9811790,1,20260816,,,,,,,,,,,,,,,3,31.547715028794922,131.378628,,,1,0,0,0,0,0,0,0,0,0,205,blue,0,0,0
89,,9811800,1,20260816,,,,,,,,,,,,,,,3,31.546675028793285,131.361225,,,1,0,0,0,0,0,0,0,0,0,205,blue,0,0,0
89,,9811810,1,20260816,,,,,,,,,,,,,,,3,31.45214102864519,131.212192,,,1,0,0,0,0,0,0,0,0,0,205,blue,0,0,0
89,,9811820,1,20260816,,,,,,,,,,,,,,,3,31.46555602866623,131.154444,,,1,0,0,0,0,0,0,0,0,0,205,blue,0,0,0
89,,9811830,1,20260816,,,,,,,,,,,,,,,3,31.447659028638157,131.051761,,,1,0,0,0,0,0,0,0,0,0,205,blue,0,0,0
89,,9811840,1,20260816,3897,179,0,,,,,3632,173,0,,,,,3,31.388108028544615,130.811533,,,1,0,0,0,0,0,0,0,0,0,205,blue,4076,3805,7881
89,,9811850,1,20260816,,,,,,,,,,,,,,,3,31.41813502859181,130.764377,,,1,0,0,0,0,0,0,0,0,0,205,blue,0,0,0
89,,9811860,1,20260816,,,,,,,,,,,,,,,3,31.542976028787507,130.706877,,,1,0,0,0,0,0,0,0,0,0,205,blue,0,0,0
89,,9811870,1,20260816,,,,,,,,,,,,,,,3,31.557778028810663,130.718333,,,1,0,0,0,0,0,0,0,0,0,205,blue,0,0,0
89,,9811880,1,20260816,,,,,,,,,,,,,,,3,31.647658028950993,130.819552,,,1,0,0,0,0,0,0,0,0,0,205,blue,0,0,0
89,,9811900,1,20260816,,,,,,,,,,,,,,,3,31.27982902837409,130.291795,,,1,0,0,0,0,0,0,0,0,0,205,blue,0,0,0
89,,9811910,1,20260816,1427,127,0,,,,,1417,89,0,,,,,3,31.2913800283923,130.293564,,,0,0,0,0,0,1,1,0,0,0,205,blue,1554,1506,3060
89,,9811920,1,20260816,1602,56,0,,,,,1586,30,0,,,,,3,31.327343028448986,130.334728,,,0,0,0,0,0,0,0,0,0,0,205,blue,1658,1616,3274
89,,9811930,1,20260816,4872,155,0,,,,,4224,150,0,,,,,3,31.494637028711818,130.506308,,,0,0,0,0,0,0,0,0,0,0,205,blue,5027,4374,9401
89,,9811940,1,20260816,8265,190,0,,,,,7841,167,0,,,,,3,31.527877028763886,130.521631,,,0,0,0,0,0,0,0,0,0,0,205,blue,8455,8008,16463
89,,9811950,1,20260816,,,,,,,,,,,,,,,3,31.289730028389716,130.60717200000002,,,1,0,0,0,0,0,0,0,0,0,205,blue,0,0,0
89,,9811960,1,20260816,,,,,,,,,,,,,,,3,31.323917028443603,130.564308,,,1,0,0,0,0,0,0,0,0,0,205,blue,0,0,0
89,,9811970,1,20260816,,,,,,,,,,,,,,,3,31.466390028667544,130.513245,,,1,0,0,0,0,0,0,0,0,0,205,blue,0,0,0
89,,9811980,1,20260816,,,,,,,,,,,,,,,3,33.34976603151893,129.764492,,,1,,,,,,,,,,205,blue,0,0,0
89,,9812010,1,20260816,,,,,,,,,,,,,,,3,33.13956403121204,129.784069,,,1,,,,,,,,,,205,blue,0,0,0
89,,9812020,1,20260816,,,,,,,,,,,,,,,3,33.28640603142677,130.150153,,,1,,,,,,,,,,205,blue,0,0,0
89,,9812030,1,20260816,,,,,,,,,,,,,,,3,33.0852950311323,131.637799,,,1,0,0,0,0,0,0,0,0,0,205,blue,0,0,0
89,,9812040,1,20260816,4282,220,0,,,,,4300,115,0,,,,,3,32.56861103036308,131.553056,,,0,0,0,0,0,0,0,0,0,0,205,blue,4502,4415,8917
89,,9812050,1,20260816,,,,,,,,,,,,,,,3,33.55027803180869,130.478333,,,1,,,,,,,,,,205,blue,0,0,0
89,,9812060,1,20260816,,,,,,,,,,,,,,,3,32.92625003089743,131.00539,,,1,,,,,,,,,,205,blue,0,0,0
89,,9812070,1,20260816,4829,205,0,,,,,6024,221,0,,,,,3,32.90000003085849,130.933611,,,0,0,0,0,0,2,2,0,0,0,205,blue,5034,6245,11279
89,,9812080,1,20260816,6921,113,0,,,,,6365,110,0,,,,,3,33.27595303141153,130.319462,,,0,0,0,0,0,0,0,0,0,0,205,blue,7034,6475,13509
89,,9812090,1,20260816,,,,,,,,,,,,,,,3,33.59653803187511,130.611685,,,1,,,,,,,,,,205,blue,0,0,0
89,,9812100,1,20260816,9704,241,0,,,,,7720,128,0,,,,,3,33.05235003108379,130.430417,,,0,0,0,0,0,0,0,0,0,0,205,blue,9945,7848,17793
89,,9812110,1,20260816,5326,3828,0,,,,,1548,5507,0,,,,,3,33.15888903124039,129.761111,,,0,0,0,0,0,0,0,0,0,0,205,blue,9154,7055,16209
89,,9812120,1,20260816,10270,227,0,,,,,10084,272,0,,,,,3,31.737096029090242,130.677414,,,0,0,0,0,0,0,0,0,0,0,205,blue,10497,10356,20853
89,,9812130,1,20260816,6870,282,0,,,,,8276,240,0,,,,,3,33.32114903147733,130.391671,,,0,0,0,0,0,0,0,0,0,0,205,blue,7152,8516,15668
89,,9812140,1,20260816,656,25,0,,,,,644,36,0,,,,,3,32.733917030611096,130.31245,,,0,0,0,0,0,0,0,0,0,0,205,blue,681,680,1361
89,,9812150,1,20260816,2360,55,0,,,,,2496,103,0,,,,,3,33.06265303109897,129.960344,,,0,0,0,0,0,0,0,0,0,0,205,blue,2415,2599,5014
90,,10810020,1,20260816,3471,41,0,,,,,5689,125,0,,,,,3,26.424849820394154,127.81697970000002,,,0,0,0,0,0,0,0,0,0,0,205,blue,3512,5814,9326
90,,10810030,1,20260816,1609,14,0,,,,,9810,367,0,,,,,3,26.20527802002984,127.672778,,,0,0,0,0,0,0,0,0,0,0,205,blue,1623,10177,11800
90,,10810040,1,20260816,7501,132,0,,,,,4047,172,0,,,,,3,26.206111020031226,127.665833,,,0,0,0,0,0,0,0,0,0,0,205,blue,7633,4219,11852
90,,10810050,1,20260816,3109,37,0,,,,,3594,168,0,,,,,3,26.69152402083745,128.108879,,,0,,,,,,,,,,205,blue,3146,3762,6908
90,,10810060,1,20260816,0,0,0,,,,,0,0,0,,,,,3,26.634931020743306,128.037283,,,0,,,,,,,,,,205,blue,0,0,0
90,,10810070,1,20260816,0,0,0,,,,,0,0,0,,,,,3,26.60195202068847,127.99972500000001,,,0,,,,,,,,,,205,blue,0,0,0
90,,10810080,1,20260816,6030,668,0,,,,,5297,77,0,,,,,3,26.583164020657225,127.99781300000001,,,0,,,,,,,,,,205,blue,6698,5374,12072
90,,10810090,1,20260816,5011,87,0,,,,,6287,156,0,,,,,3,26.573059020640425,127.989432,,,0,,,,,,,,,,205,blue,5098,6443,11541
90,,10810100,1,20260816,6961,149,0,,,,,5552,97,0,,,,,3,26.558695020616547,127.976575,,,0,,,,,,,,,,205,blue,7110,5649,12759
90,,10810110,1,20260816,0,0,0,,,,,0,0,0,,,,,3,26.547043020597176,127.96594700000001,,,0,,,,,,,,,,205,blue,0,0,0
90,,10810120,1,20260816,20355,2393,0,,,,,11484,1054,0,,,,,3,26.545420020594484,127.96513700000001,,,0,,,,,,,,,,205,blue,22748,12538,35286
90,,10810130,1,20260816,8881,236,0,,,,,7353,225,0,,,,,3,26.541292020587623,127.95978,,,0,,,,,,,,,,205,blue,9117,7578,16695
90,,10810140,1,20260816,9018,120,0,,,,,9047,145,0,,,,,3,26.536514020579673,127.935453,,,0,,,,,,,,,,205,blue,9138,9192,18330
90,,10810150,1,20260816,0,0,0,,,,,0,0,0,,,,,3,26.51382402054197,127.901775,,,0,,,,,,,,,,205,blue,0,0,0
90,,10810160,1,20260816,7282,14,0,,,,,8166,279,0,,,,,3,26.503684020525117,127.87991000000001,,,0,,,,,,,,,,205,blue,7296,8445,15741
90,,10810170,1,20260816,0,0,0,,,,,0,0,0,,,,,3,26.49844302051641,127.86208000000002,,,0,,,,,,,,,,205,blue,0,0,0
90,,10810180,1,20260816,5649,13,0,,,,,8057,104,0,,,,,3,26.48233402048965,127.85135699999998,,,0,,,,,,,,,,205,blue,5662,8161,13823
90,,10810190,1,20260816,0,0,0,,,,,0,0,0,,,,,3,26.44345902042506,127.805583,,,0,,,,,,,,,,205,blue,0,0,0
90,,10810200,1,20260816,,,,,,,,,,,,,,,3,26.338860020251406,127.7508,,,1,,,,,,,,,,205,blue,0,0,0
90,,10810220,1,20260816,23255,2574,0,,,,,14907,6094,0,,,,,3,26.26837002013446,127.73051999999998,,,0,,,,,,,,,,205,blue,25829,21001,46830
90,,10810230,1,20260816,13329,2191,0,,,,,16520,1726,0,,,,,3,26.266310020131048,127.72327,,,0,,,,,,,,,,205,blue,15520,18246,33766
90,,10810240,1,20260816,0,0,0,,,,,0,0,0,,,,,3,26.269040020135566,127.72616000000001,,,0,,,,,,,,,,205,blue,0,0,0
90,,10810260,1,20260816,11668,144,0,,,,,9796,261,0,,,,,3,26.273440020142868,127.71261000000001,,,0,,,,,,,,,,205,blue,11812,10057,21869
90,,10810270,1,20260816,0,0,0,,,,,0,0,0,,,,,3,26.451180020437896,127.89631,,,0,,,,,,,,,,205,blue,0,0,0
90,,10810280,1,20260816,3534,24,0,,,,,7824,2,0,,,,,3,26.4491400204345,127.849893,,,0,,,,,,,,,,205,blue,3558,7826,11384
90,,10810290,1,20260816,3286,163,0,,,,,3855,192,0,,,,,3,26.448972020434223,127.90855300000001,,,0,,,,,,,,,,205,blue,3449,4047,7496
90,,10810300,1,20260816,8480,280,0,,,,,6541,322,0,,,,,3,26.30711002019872,127.81338,,,0,,,,,,,,,,205,blue,8760,6863,15623
90,,10810310,1,20260816,0,0,0,,,,,0,0,0,,,,,3,26.287560020166286,127.81449,,,0,,,,,,,,,,205,blue,0,0,0
90,,10810320,1,20260816,11731,2181,0,,,,,9314,955,0,,,,,3,26.22351002006007,127.76571,,,0,,,,,,,,,,205,blue,13912,10269,24181
90,,10810330,1,20260816,569,43,0,,,,,1333,1010,0,,,,,3,26.200760020022358,127.75174999999999,,,0,,,,,,,,,,205,blue,612,2343,2955
90,,10810340,1,20260816,12069,180,0,,,,,10764,556,0,,,,,3,26.25841002011794,127.75767000000002,,,0,,,,,,,,,,205,blue,12249,11320,23569
90,,10810350,1,20260816,0,0,0,,,,,0,0,0,,,,,3,26.24962002010336,127.74765,,,0,,,,,,,,,,205,blue,0,0,0
90,,10810360,1,20260816,20979,1850,0,,,,,24533,453,0,,,,,3,26.25443002011134,127.73508000000001,,,0,,,,,,,,,,205,blue,22829,24986,47815
90,,10810370,1,20260816,24339,696,0,,,,,23933,174,0,,,,,3,26.25456002011155,127.72416000000001,,,0,,,,,,,,,,205,blue,25035,24107,49142
90,,10810380,1,20260816,17406,689,0,,,,,15479,2148,0,,,,,3,26.169530019970612,127.65168,,,0,,,,,,,,,,205,blue,18095,17627,35722
90,,10810390,1,20260816,0,0,0,,,,,0,0,0,,,,,3,26.154010019944888,127.65812,,,0,,,,,,,,,,205,blue,0,0,0
90,,10810400,1,20260816,0,0,0,,,,,0,0,0,,,,,3,26.130710019906292,127.66514,,,0,,,,,,,,,,205,blue,0,0,0
90,,10810410,1,20260816,0,0,0,,,,,0,0,0,,,,,3,26.11574001988149,127.66860000000001,,,0,,,,,,,,,,205,blue,0,0,0
90,,10810420,1,20260816,0,0,0,,,,,0,0,0,,,,,3,26.09400001984549,127.71590000000002,,,0,,,,,,,,,,205,blue,0,0,0
90,,10810430,1,20260816,0,0,0,,,,,0,0,0,,,,,3,26.128730019903006,127.75918999999999,,,0,,,,,,,,,,205,blue,0,0,0
90,,10810440,1,20260816,0,0,0,,,,,0,0,0,,,,,3,26.140140019921905,127.77529,,,1,,,,,,,,,,205,blue,0,0,0
90,,10810450,1,20260816,0,0,0,,,,,0,0,0,,,,,3,26.170060019971476,127.8265,,,0,,,,,,,,,,205,blue,0,0,0
90,,10810460,1,20260816,0,0,0,,,,,0,0,0,,,,,3,26.20426002002816,127.652556,,,0,,,,,,,,,,205,blue,0,0,0
90,,10810470,1,20260816,0,0,0,,,,,0,0,0,,,,,3,26.209250020036425,127.73744999999998,,,0,,,,,,,,,,205,blue,0,0,0
90,,10810480,1,20260816,0,0,0,,,,,0,0,0,,,,,3,26.18171001999079,127.73158000000001,,,0,,,,,,,,,,205,blue,0,0,0
90,,10810490,1,20260816,0,0,0,,,,,0,0,0,,,,,3,26.17543001998038,127.70638000000001,,,0,,,,,,,,,,205,blue,0,0,0
90,,10810510,1,20260816,0,0,0,,,,,0,0,0,,,,,3,26.17208001997483,127.69662,,,0,,,,,,,,,,205,blue,0,0,0
90,,10810520,1,20260816,0,0,0,,,,,0,0,0,,,,,3,26.17121001997338,127.67963999999999,,,0,,,,,,,,,,205,blue,0,0,0
