地方整備局等番号,開発建設部／都道府県コード,常時観測点コード,収集時間フラグ（5分間／1時間）,観測年月日,上り・小型交通量,上り・大型交通量,上り・車種判別不能交通量,上り・停電,上り・ループ異常,上り・超音波異常,上り・欠測,下り・小型交通量,下り・大型交通量,下り・車種判別不能交通量,下り・停電,下り・ループ異常,下り・超音波異常,下り・欠測,道路種別,lat,lng,lng2,lat2,カメラプリセット位置,気象影響による映像不良,照度不足,突発事象（交通事故等）,サーバの稼働,カメラの映像受信,映像のデコード処理,デコード映像から映像解析機能への取込加工処理の失敗,映像解析機能のフリーズ,その他エラー,count,color,上り・交通量,下り・交通量,交通量
81,02,1110010,1,20260929,7891,2267,0,0,0,0,0,6441,2022,0,0,0,0,0,3,41.93108757020422,140.6421045,,,,,,,,,,,,,248,red,10158,8463,18621
81,02,1110020,1,20260929,2699,1184,0,0,0,0,0,2380,977,0,0,0,0,0,3,42.1540981903046,140.4840606,,,,,,,,,,,,,248,red,3883,3357,7240
81,03,1110030,1,20260929,651,184,0,0,0,0,0,566,197,0,0,0,0,0,3,42.672714040509845,140.377502,,,,,,,,,,,,,248,red,835,763,1598
81,03,1110050,1,20260929,2981,867,0,0,0,0,0,3614,1086,0,0,0,0,0,3,43.121255040655214,140.735792,,,,,,,,,,,,,248,red,3848,4700,8548
81,03,1110060,1,20260929,4545,608,0,0,0,0,0,4424,781,0,0,0,0,0,3,43.19868804067728,140.862496,,,,,,,,,,,,,248,red,5153,5205,10358
81,03,1110080,1,20260929,8641,1640,0,0,0,0,0,8777,1626,0,0,0,0,0,3,43.153022040664396,141.118728,,,,,,,,,,,,,248,red,10281,10403,20684
81,01,1110090,1,20260929,12953,928,0,0,0,0,0,9958,656,0,0,0,0,0,3,43.08364407064419,141.3496424,,,,,,,,,,,,,248,red,13881,10614,24495
81,02,1110100,1,20260929,3995,548,112,0,0,182,0,8264,1143,0,0,0,0,0,3,41.855509180168546,140.7378302,,,,,,,,,,,,,248,red,4655,9407,14062
81,02,1110110,1,20260929,5953,830,2,0,0,0,1,4623,876,8,0,0,0,1,3,41.91094404019478,140.69325,,,,,,,,,,,,,248,red,6785,5507,12292
81,03,1110120,1,20260929,259,44,5,0,0,0,0,312,64,11,0,0,0,0,3,42.65674504050413,140.412444,,,,,,,,,,,,,248,red,308,387,695
81,01,1110130,1,20260929,6997,735,0,0,0,0,0,6560,727,0,0,0,0,0,3,43.18473404067338,141.721783,,,,,,,,,,,,,248,red,7732,7287,15019
81,01,1110140,1,20260929,3234,915,0,0,0,0,0,2987,870,0,0,0,0,0,3,43.351557040718205,141.866096,,,,,,,,,,,,,248,red,4149,3857,8006
81,04,1110150,1,20260929,4378,1516,0,0,0,0,0,4532,1570,0,0,0,0,0,3,43.72678204080376,142.211538,,,,,,,,,,,,,248,red,5894,6102,11996
81,04,1110160,1,20260929,4976,739,2146,0,0,1,0,7193,1572,238,0,0,0,0,3,43.798283040817644,142.333692,,,,,,,,,,,,,248,red,7861,9003,16864
81,01,1110170,1,20260929,0,0,0,0,0,248,0,0,0,0,0,0,248,0,3,42.95409804060455,141.495931,,,,,,,,,,,,,248,red,0,0,0
81,05,1110180,1,20260929,7935,1682,0,0,0,0,0,8831,1744,0,0,0,0,0,3,42.619514790490626,141.5539538,,,,,,,,,,,,,248,red,9617,10575,20192
81,05,1110190,1,20260929,8022,1060,92,0,0,0,0,7787,1110,40,0,0,0,0,3,42.38500765040089,141.0774629,,,,,,,,,,,,,248,red,9174,8937,18111
81,05,1110200,1,20260929,0,0,0,0,0,248,0,1154,564,0,0,0,0,0,3,42.60033645048358,140.6268309,,,,,,,,,,,,,248,red,0,1718,1718
81,01,1110220,1,20260929,2094,465,0,0,0,0,0,2038,423,0,0,0,0,0,3,43.53094035076174,142.1739006,,,,,,,,,,,,,248,red,2559,2461,5020
81,04,1110230,1,20260929,2485,354,0,0,0,0,0,2702,381,0,0,0,0,0,3,43.34513804071655,142.377435,,,,,,,,,,,,,248,red,2839,3083,5922
81,04,1110240,1,20260929,0,0,1252,0,0,248,0,0,0,1178,0,0,248,0,3,43.16138604066678,142.575567,,,,,,,,,,,,,248,red,1252,1178,2430
81,07,1110250,1,20260929,,,,0,0,0,248,,,,0,0,0,248,3,42.96760298060881,142.8955221,,,,,,,,,,,,,248,red,0,0,0
81,07,1110260,1,20260929,4694,539,120,0,0,0,0,4291,503,78,0,0,0,0,3,42.91673291059265,143.2700872,,,,,,,,,,,,,248,red,5353,4872,10225
81,07,1110270,1,20260929,544,342,0,0,0,0,0,539,344,0,0,0,0,0,3,42.832729040565155,143.765979,,,,,,,,,,,,,248,red,886,883,1769
81,06,1110280,1,20260929,2943,719,0,0,0,0,0,3380,811,0,0,0,0,0,3,43.002010860619514,144.2464972,,,,,,,,,,,,,248,red,3662,4191,7853
81,06,1110281,1,20260929,4079,1258,0,0,0,0,0,4664,1071,0,0,0,0,0,3,43.03483108062955,144.3754256,,,,,,,,,,,,,248,red,5337,5735,11072
81,06,1110282,1,20260929,2731,1093,0,0,0,0,0,2662,962,0,0,0,0,0,3,43.01628558062389,144.4224501,,,,,,,,,,,,,248,red,3824,3624,7448
81,06,1110283,1,20260929,1867,755,0,0,0,0,0,1567,608,0,0,0,0,0,3,43.00268904061971,144.473627,,,,,,,,,,,,,248,red,2622,2175,4797
81,04,1110290,1,20260929,3601,488,0,0,0,0,0,3044,428,0,0,0,0,0,3,43.818868040821506,142.447347,,,,,,,,,,,,,248,red,4089,3472,7561
81,04,1110300,1,20260929,930,395,15,0,0,0,0,0,0,1654,0,0,248,0,3,43.84894404082702,142.744489,,,,,,,,,,,,,248,red,1340,1654,2994
81,04,1110310,1,20260929,1140,406,18,0,0,0,1,0,0,1470,0,0,247,1,3,43.781848040814516,142.90227300000004,,,,,,,,,,,,,248,red,1564,1470,3034
81,08,1110320,1,20260929,775,337,0,0,248,0,0,848,426,0,0,248,0,0,3,43.750539740808456,143.4918536,,,,,,,,,,,,,248,red,1112,1274,2386
81,08,1110330,1,20260929,3917,338,118,0,0,0,0,4552,525,0,0,248,0,0,3,43.79818204081763,143.833134,,,,,,,,,,,,,248,red,4373,5077,9450
81,08,1110331,1,20260929,1537,590,0,0,0,0,0,1533,475,0,0,0,0,0,3,43.7822242308146,143.8981667,,,,,,,,,,,,,248,red,2127,2008,4135
81,08,1110332,1,20260929,1317,496,0,0,0,0,0,1225,437,0,0,0,0,0,3,43.80292804081852,143.926029,,,,,,,,,,,,,248,red,1813,1662,3475
81,08,1110340,1,20260929,,,,0,0,0,248,,,,0,0,0,248,3,43.85309704082778,144.102175,,,,,,,,,,,,,248,red,0,0,0
81,08,1110350,1,20260929,1929,236,0,0,0,0,0,1570,189,0,0,0,0,0,3,43.87040004083089,144.150466,,,,,,,,,,,,,248,red,2165,1759,3924
81,04,1110360,1,20260929,,,,0,0,0,248,,,,0,0,0,248,3,43.819632040821645,142.40886,,,,,,,,,,,,,248,red,0,0,0
81,04,1110370,1,20260929,1521,572,161,0,0,0,0,1673,518,2,0,0,0,0,3,43.9375450408425,142.46586,,,,,,,,,,,,,248,red,2254,2193,4447
81,04,1110380,1,20260929,,,,0,0,0,248,,,,0,0,0,248,3,44.49438804091256,142.340371,,,,,,,,,,,,,248,red,0,0,0
81,04,1110390,1,20260929,447,211,0,0,0,0,0,461,181,0,0,0,0,0,3,44.82270404093181,142.065768,,,,,,,,,,,,,248,red,658,642,1300
81,04,1110400,1,20260929,1165,404,10,0,0,0,0,979,328,14,0,0,0,0,3,44.331686040896926,142.446612,,,,,,,,,,,,,248,red,1579,1321,2900
81,04,1110410,1,20260929,1922,429,68,0,0,0,3,1754,389,9,0,0,0,3,3,44.4124520409052,142.40433,,,,,,,,,,,,,248,red,2419,2152,4571
81,04,1110420,1,20260929,1737,490,28,0,0,0,0,,,,0,0,0,248,3,44.436504040907465,142.370834,,,,,,,,,,,,,248,red,2255,0,2255
81,04,1110430,1,20260929,1316,387,11,0,0,0,2,1256,350,3,0,0,0,2,3,44.46719604091022,142.373557,,,,,,,,,,,,,248,red,1714,1609,3323
81,04,1110431,1,20260929,999,322,0,0,0,0,0,978,263,0,0,0,0,0,3,44.49400304091251,142.349754,,,,,,,,,,,,,248,red,1321,1241,2562
81,10,1110440,1,20260929,441,151,0,0,167,0,81,490,81,158,0,0,42,81,3,45.01690604093549,141.836757,,,,,,,,,,,,,248,red,592,729,1321
81,10,1110460,1,20260929,2,0,33,0,0,4,242,18,11,0,0,6,0,242,3,45.20892604093353,141.770096,,,,,,,,,,,,,248,red,35,29,64
81,06,1110470,1,20260929,3110,232,33,0,0,0,0,2882,230,16,0,0,0,0,3,42.99479183061728,144.4493526,,,,,,,,,,,,,248,red,3375,3128,6503
81,06,1110480,1,20260929,1305,270,11,0,0,0,0,1303,208,8,0,0,0,0,3,43.13343702065876,145.0159693,,,,,,,,,,,,,248,red,1586,1519,3105
81,02,1110490,1,20260929,1856,661,0,0,0,0,0,1429,609,0,0,0,0,0,3,41.89734796018839,140.6338191,,,,,,,,,,,,,248,red,2517,2038,4555
81,02,1110500,1,20260929,1376,191,0,0,248,0,0,1408,114,56,0,0,0,0,3,41.480587619979374,140.2558047,,,,,,,,,,,,,248,red,1567,1578,3145
81,02,1110510,1,20260929,5112,572,108,0,0,0,0,5715,575,17,0,0,0,0,3,41.83901009016065,140.7069415,,,,,,,,,,,,,248,red,5792,6307,12099
81,02,1110520,1,20260929,3212,411,0,0,248,0,0,2885,460,0,0,248,0,0,3,41.83229743015742,140.67026760000002,,,,,,,,,,,,,248,red,3623,3345,6968
81,02,1110530,1,20260929,2602,239,65,0,0,0,0,1984,138,118,0,0,0,0,3,41.82065939015182,140.6236414,,,,,,,,,,,,,248,red,2906,2240,5146
81,03,1110540,1,20260929,127,9,0,0,0,0,0,0,0,13,0,0,105,0,3,43.24834804069096,140.33431600000003,,,,,,,,,,,,,248,red,136,13,149
81,03,1110550,1,20260929,0,0,0,0,0,248,0,862,341,0,0,0,0,0,3,42.96644104060844,140.471476,,,,,,,,,,,,,248,red,0,1203,1203
81,03,1110560,1,20260929,148,24,0,0,0,0,0,151,29,0,0,0,0,0,3,42.69059604051622,139.972281,,,,,,,,,,,,,248,red,172,180,352
81,02,1110570,1,20260929,483,69,0,0,0,0,0,455,95,0,0,0,0,0,3,42.068390450266875,140.0715584,,,,,,,,,,,,,248,red,552,550,1102
81,01,1110600,1,20260929,6706,1816,0,0,0,0,0,3993,1583,0,0,0,0,0,3,43.1876802706742,141.3248983,,,,,,,,,,,,,248,red,8522,5576,14098
81,01,1110610,1,20260929,754,188,0,0,0,0,0,0,0,0,0,0,248,0,3,43.377555040724815,141.428392,,,,,,,,,,,,,248,red,942,0,942
81,09,1110620,1,20260929,1259,153,0,0,0,0,0,1282,168,0,0,0,0,0,3,43.89116004083455,141.602442,,,,,,,,,,,,,248,red,1412,1450,2862
81,09,1110630,1,20260929,,,,0,0,0,248,,,,0,0,0,248,3,44.71198204092715,141.790418,,,,,,,,,,,,,248,red,0,0,0
81,09,1110640,1,20260929,1592,545,0,0,0,0,0,1609,649,0,0,0,0,0,3,43.99996504085269,141.656227,,,,,,,,,,,,,248,red,2137,2258,4395
81,01,1110650,1,20260929,902,157,0,0,0,0,0,937,122,0,0,0,0,0,3,43.76598569081147,141.953873,,,,,,,,,,,,,248,red,1059,1059,2118
81,09,1110660,1,20260929,608,159,0,0,0,0,0,816,169,0,0,0,0,0,3,43.919969040839526,141.687135,,,,,,,,,,,,,248,red,767,985,1752
81,01,1110670,1,20260929,646,131,6,0,0,0,1,597,131,1,0,0,0,1,3,43.719328040802246,141.995229,,,,,,,,,,,,,248,red,783,729,1512
81,01,1110680,1,20260929,853,214,43,0,0,0,0,930,211,10,0,0,0,0,3,43.80247704081843,141.939455,,,,,,,,,,,,,248,red,1110,1151,2261
81,01,1110690,1,20260929,996,213,4,0,0,0,1,1020,236,0,0,0,0,1,3,43.804048040818735,141.856355,,,,,,,,,,,,,248,red,1213,1256,2469
81,09,1110700,1,20260929,822,1061,0,0,247,36,1,1240,336,8,0,0,0,1,3,43.84518804082634,141.778679,,,,,,,,,,,,,248,red,1883,1584,3467
81,09,1110701,1,20260929,1211,364,0,0,0,0,0,1329,382,0,0,0,0,0,3,43.87822704083228,141.723595,,,,,,,,,,,,,248,red,1575,1711,3286
81,09,1110702,1,20260929,988,326,0,0,0,0,0,1088,330,0,0,0,0,0,3,43.928072040840895,141.68278,,,,,,,,,,,,,248,red,1314,1418,2732
81,01,1110710,1,20260929,1249,226,0,0,0,248,0,2457,567,0,0,0,0,0,3,43.11269117065273,141.74737440000004,,,,,,,,,,,,,248,red,1475,3024,4499
81,05,1110720,1,20260929,1883,959,104,0,0,0,0,1716,1040,58,0,0,0,0,3,42.81091575055783,141.8315435,,,,,,,,,,,,,248,red,2946,2814,5760
81,05,1110730,1,20260929,2382,454,7,0,0,0,0,1993,403,17,0,0,0,0,3,42.57481157047414,141.9503395,,,,,,,,,,,,,248,red,2843,2413,5256
81,05,1110740,1,20260929,2072,402,0,0,0,0,0,2003,355,0,0,0,0,0,3,42.18634909031852,142.7152599,,,,,,,,,,,,,248,red,2474,2358,4832
81,05,1110750,1,20260929,0,0,0,0,0,248,0,1222,0,0,0,0,0,0,3,42.67572651051092,141.724241,,,,,,,,,,,,,248,red,0,1222,1222
81,05,1110760,1,20260929,3903,1179,0,0,0,0,0,3618,1091,0,0,0,0,0,3,42.65945501050509,141.8200069,,,,,,,,,,,,,248,red,5082,4709,9791
81,05,1110770,1,20260929,3671,1127,0,0,0,0,0,3314,989,0,0,0,0,0,3,42.5992918904832,141.8930837,,,,,,,,,,,,,248,red,4798,4303,9101
81,07,1110780,1,20260929,1431,332,5,0,0,0,0,1502,322,6,0,0,0,0,3,42.47939292043798,143.273263,,,,,,,,,,,,,248,red,1768,1830,3598
81,05,1110790,1,20260929,168,68,0,0,0,0,0,168,85,0,0,0,0,0,3,42.23567851033952,142.9927157,,,,,,,,,,,,,248,red,236,253,489
81,07,1110800,1,20260929,991,370,25,0,0,0,0,1196,381,17,0,0,0,0,3,42.944556830601535,143.1061614,,,,,,,,,,,,,248,red,1386,1594,2980
81,07,1110810,1,20260929,,,,0,0,0,248,,,,0,0,0,248,3,42.8783228205802,143.1246418,,,,,,,,,,,,,248,red,0,0,0
81,07,1110820,1,20260929,2667,649,0,0,0,0,0,2216,461,0,0,0,0,0,3,42.772632730544835,143.175416,,,,,,,,,,,,,248,red,3316,2677,5993
81,07,1110830,1,20260929,2418,507,38,0,0,0,0,1932,360,95,0,0,0,0,3,42.722047130527294,143.168571,,,,,,,,,,,,,248,red,2963,2387,5350
81,07,1110831,1,20260929,1679,445,0,0,0,0,0,1457,281,0,0,0,0,0,3,42.67773204051164,143.145688,,,,,,,,,,,,,248,red,2124,1738,3862
81,07,1110832,1,20260929,1486,324,0,0,0,0,0,1253,236,0,0,0,0,0,3,42.637427040497144,143.190237,,,,,,,,,,,,,248,red,1810,1489,3299
81,07,1110833,1,20260929,1137,268,0,0,0,0,0,932,162,0,0,0,0,0,3,42.550911040465216,143.288527,,,,,,,,,,,,,248,red,1405,1094,2499
81,04,1110840,1,20260929,3710,466,0,0,0,0,0,3116,361,0,0,0,0,0,3,43.67766304079377,142.395871,,,,,,,,,,,,,248,red,4176,3477,7653
81,04,1110850,1,20260929,515,164,0,0,0,0,0,455,156,0,0,0,0,0,3,43.142849040661474,142.416499,,,,,,,,,,,,,248,red,679,611,1290
81,05,1110860,1,20260929,2782,1064,0,0,0,0,0,2457,893,0,0,0,0,0,3,42.56014623046868,141.984126,,,,,,,,,,,,,248,red,3846,3350,7196
81,05,1110861,1,20260929,2072,533,0,0,0,0,0,2040,456,0,0,0,0,0,3,42.511718620450374,142.0646378,,,,,,,,,,,,,248,red,2605,2496,5101
81,05,1110862,1,20260929,1785,428,0,0,0,0,0,1738,360,0,0,0,0,0,3,42.476880240437005,142.1551718,,,,,,,,,,,,,248,red,2213,2098,4311
81,08,1110870,1,20260929,1174,338,0,0,248,0,0,991,258,0,0,248,0,0,3,44.122097850870915,144.0483972,,,,,,,,,,,,,248,red,1512,1249,2761
81,08,1110881,1,20260929,1323,339,0,0,0,0,0,1346,324,0,0,0,0,0,3,44.24722204088725,143.491111,,,,,,,,,,,,,248,red,1662,1670,3332
81,08,1110890,1,20260929,1250,279,0,0,248,0,0,1355,266,0,0,248,0,0,3,44.571011040918506,142.9747586,,,,,,,,,,,,,248,red,1529,1621,3150
81,10,1110900,1,20260929,,,,0,0,0,248,,,,0,0,0,248,3,45.401916040925876,141.74393,,,,,,,,,,,,,248,red,0,0,0
81,04,1110910,1,20260929,1090,221,0,0,0,0,0,0,0,0,0,0,248,0,3,44.33124604089689,142.51453,,,,,,,,,,,,,248,red,1311,0,1311
81,04,1110920,1,20260929,,,,0,0,0,248,,,,0,0,0,248,3,44.17901104087865,142.27833,,,,,,,,,,,,,248,red,0,0,0
81,06,1110930,1,20260929,1831,536,0,0,0,0,0,1595,515,0,0,0,0,0,3,43.094167250647295,144.1218925,,,,,,,,,,,,,248,red,2367,2110,4477
81,08,1110941,1,20260929,1197,598,0,0,248,0,0,1303,531,0,0,248,0,0,3,43.69889304079811,144.026451,,,,,,,,,,,,,248,red,1795,1834,3629
81,07,1110950,1,20260929,1711,466,32,0,0,0,0,1908,532,8,0,0,0,0,3,43.204237410678836,143.2746363,,,,,,,,,,,,,248,red,2209,2448,4657
81,07,1110960,1,20260929,740,433,0,0,0,0,0,855,478,0,0,0,0,0,3,43.458400040744706,143.740097,,,,,,,,,,,,,248,red,1173,1333,2506
81,07,1110970,1,20260929,1589,578,0,0,0,0,0,1673,647,0,0,0,0,0,3,43.110542040652106,143.580506,,,,,,,,,,,,,248,red,2167,2320,4487
81,06,1110980,1,20260929,761,228,0,0,0,0,0,724,213,0,0,0,0,0,3,43.55969036076827,144.3196517,,,,,,,,,,,,,248,red,989,937,1926
81,06,1110990,1,20260929,908,237,8,0,0,0,0,888,227,7,0,0,0,0,3,43.46525075074637,144.6738938,,,,,,,,,,,,,248,red,1153,1122,2275
81,06,1111000,1,20260929,889,169,0,0,0,0,0,872,154,0,0,0,0,0,3,43.3767268407246,145.1354671,,,,,,,,,,,,,248,red,1058,1026,2084
81,08,1111010,1,20260929,3441,474,0,0,248,0,0,2894,405,0,0,248,0,0,3,43.98185858084978,144.2978521,,,,,,,,,,,,,248,red,3915,3299,7214
81,06,1111020,1,20260929,662,78,5,0,0,0,0,667,67,9,0,0,0,0,3,43.58981766077498,145.2084661,,,,,,,,,,,,,248,red,745,743,1488
81,06,1111030,1,20260929,1465,586,0,0,0,0,0,1231,422,0,0,0,0,0,3,43.02214121062568,144.5287192,,,,,,,,,,,,,248,red,2051,1653,3704
81,06,1111040,1,20260929,0,0,5418,0,0,248,0,4815,738,0,0,248,0,0,3,43.53929381076365,144.9801323,,,,,,,,,,,,,248,red,5418,5553,10971
81,08,1111050,1,20260929,824,234,0,0,248,0,0,952,156,28,0,0,0,0,3,44.25159504088778,143.262315,,,,,,,,,,,,,248,red,1058,1136,2194
81,01,1111060,1,20260929,948,357,0,0,0,0,0,897,371,0,0,0,0,0,3,42.938085080599464,142.0403856,,,,,,,,,,,,,248,red,1305,1268,2573
81,07,1111080,1,20260929,502,698,0,0,0,0,0,497,654,0,0,0,0,0,3,42.97320004061056,142.816438,,,,,,,,,,,,,248,red,1200,1151,2351
81,01,1111090,1,20260929,5737,1669,0,0,0,0,0,5682,1565,0,0,0,0,0,3,43.12130790065524,141.4830387,,,,,,,,,,,,,248,red,7406,7247,14653
81,01,1111100,1,20260929,2008,953,0,0,0,0,0,2019,981,0,0,0,0,0,3,43.43463367073897,141.8216186,,,,,,,,,,,,,248,red,2961,3000,5961
81,01,1111110,1,20260929,1241,484,0,0,0,0,0,1172,437,0,0,0,0,0,3,43.57168557077097,141.8750113,,,,,,,,,,,,,248,red,1725,1609,3334
81,02,1111130,1,20260929,5735,501,24,0,248,0,0,6439,386,77,0,0,0,0,3,41.77319404012875,140.796333,,,,,,,,,,,,,248,red,6260,6902,13162
81,02,1111140,1,20260929,515,58,0,0,0,0,0,519,110,0,0,0,0,0,3,42.03841781025344,140.8062566,,,,,,,,,,,,,248,red,573,629,1202
81,02,1111145,1,20260929,8587,1042,0,0,0,0,0,9715,1075,0,0,0,0,0,3,41.84000143016112,140.7552781,,,,,,,,,,,,,248,red,9629,10790,20419
81,08,1111150,1,20260929,519,132,0,0,248,0,0,633,196,0,0,248,0,0,3,44.010611040854364,143.413281,,,,,,,,,,,,,248,red,651,829,1480
81,08,1111160,1,20260929,2055,357,41,0,0,0,0,2360,385,144,0,0,0,0,3,43.962452040846635,143.715644,,,,,,,,,,,,,248,red,2453,2889,5342
81,01,1111180,1,20260929,0,0,5232,0,0,248,0,0,0,0,0,248,248,0,3,42.815960640559524,141.6810393,,,,,,,,,,,,,248,red,5232,0,5232
81,01,1111190,1,20260929,0,0,3930,0,0,248,0,157,50,4250,0,0,248,0,3,42.83070733056448,141.6903091,,,,,,,,,,,,,248,red,3930,4457,8387
81,01,1111200,1,20260929,2393,1330,210,0,0,0,0,2658,1415,55,0,248,0,0,3,42.860948090574496,141.7104933,,,,,,,,,,,,,248,red,3933,4128,8061
81,01,1111210,1,20260929,1708,1339,0,0,0,0,0,0,0,0,0,0,248,0,3,43.18556004067363,141.554044,,,,,,,,,,,,,248,red,3047,0,3047
81,06,1111220,1,20260929,891,228,0,0,0,0,0,885,172,0,0,0,0,0,3,43.37269109072359,144.5593071,,,,,,,,,,,,,248,red,1119,1057,2176
81,08,1111230,1,20260929,254,119,7,0,0,0,0,299,124,3,0,0,0,0,3,43.81126104082009,144.489672,,,,,,,,,,,,,248,red,380,426,806
81,06,1111240,1,20260929,287,29,2,0,0,0,0,223,35,2,0,0,0,0,3,42.99604737061767,144.0391088,,,,,,,,,,,,,248,red,318,260,578
81,03,1111250,1,20260929,1046,384,0,0,0,0,0,576,215,0,0,0,0,0,3,43.089578040645954,140.955582,,,,,,,,,,,,,248,red,1430,791,2221
81,04,1111260,1,20260929,757,180,11,0,0,0,53,734,197,8,0,0,0,53,3,43.92330404084009,142.480139,,,,,,,,,,,,,248,red,948,939,1887
81,04,1111270,1,20260929,0,0,772,0,0,0,89,0,0,652,0,0,0,89,3,43.90347904083668,142.548538,,,,,,,,,,,,,248,red,772,652,1424
81,04,1111280,1,20260929,803,229,6,0,0,0,152,700,145,1,0,0,0,152,3,43.88962304083429,142.598335,,,,,,,,,,,,,248,red,1038,846,1884
81,04,1111290,1,20260929,573,163,2,0,0,0,191,441,93,14,0,0,0,191,3,43.840859040825556,142.737691,,,,,,,,,,,,,248,red,738,548,1286
81,04,1111300,1,20260929,171,62,0,0,0,0,222,146,26,0,0,0,0,222,3,43.843162040825966,142.799904,,,,,,,,,,,,,248,red,233,172,405
81,04,1111310,1,20260929,,,,0,0,0,248,,,,0,0,0,248,3,43.885885060833616,142.99375530000003,,,,,,,,,,,,,248,red,0,0,0
81,08,1111320,1,20260929,,,,0,0,0,248,,,,0,0,0,248,3,43.942327040843296,143.272964,,,,,,,,,,,,,248,red,0,0,0
81,08,1111321,1,20260929,986,328,0,0,0,0,0,1095,203,0,0,0,0,0,3,44.005186040853516,143.417614,,,,,,,,,,,,,248,red,1314,1298,2612
81,08,1111322,1,20260929,953,308,0,0,0,0,0,1071,190,0,0,0,0,0,3,44.010190040854305,143.450296,,,,,,,,,,,,,248,red,1261,1261,2522
81,01,1111330,1,20260929,3074,440,0,0,0,0,0,2655,418,0,0,0,0,0,3,42.93896478059976,141.3440037,,,,,,,,,,,,,248,red,3514,3073,6587
81,05,1111340,1,20260929,1304,386,0,0,0,0,0,1457,370,0,0,0,0,0,3,42.559147540468295,140.8961254,,,,,,,,,,,,,248,red,1690,1827,3517
81,01,1111350,1,20260929,2031,1319,0,0,0,0,0,2279,1324,0,0,0,0,0,3,42.88313893058179,141.7190833,,,,,,,,,,,,,248,red,3350,3603,6953
81,01,1111360,1,20260929,1956,1232,0,0,0,0,0,2113,1236,0,0,0,0,0,3,42.91387104059173,141.717002,,,,,,,,,,,,,248,red,3188,3349,6537
81,01,1111370,1,20260929,868,593,0,0,0,0,0,1009,724,0,0,0,0,0,3,43.05425404063542,141.635599,,,,,,,,,,,,,248,red,1461,1733,3194
81,02,1111380,1,20260929,7107,898,0,0,0,0,0,7223,760,0,0,0,0,0,3,41.822662040152785,140.7753,,,,,,,,,,,,,248,red,8005,7983,15988
81,02,1111390,1,20260929,3815,570,0,0,0,0,0,3494,514,0,0,0,0,0,3,41.80204204014281,140.800817,,,,,,,,,,,,,248,red,4385,4008,8393
81,02,1111400,1,20260929,1880,283,0,0,0,0,0,1487,176,0,0,0,0,0,3,41.75457904011961,140.573825,,,,,,,,,,,,,248,red,2163,1663,3826
81,04,1111410,1,20260929,251,149,0,0,0,0,0,217,105,0,0,0,0,0,3,43.35314804071861,142.36145400000004,,,,,,,,,,,,,248,red,400,322,722
81,04,1111420,1,20260929,660,196,0,1,0,0,0,479,149,0,1,0,0,0,3,43.3038010407058,142.381627,,,,,,,,,,,,,248,red,856,628,1484
81,06,1111500,1,20260929,1079,199,0,0,0,0,0,1335,161,0,0,0,0,0,3,43.29111104070245,145.517778,,,,,,,,,,,,,248,red,1278,1496,2774
81,03,1111600,1,20260929,1035,336,0,0,0,0,0,1378,449,0,0,0,0,0,3,43.162210040667006,140.797074,,,,,,,,,,,,,248,red,1371,1827,3198
81,06,1160010,1,20260929,1295,757,88,0,0,0,0,1393,736,22,0,0,0,0,1,43.12053262065503,143.6537933,,,,,,,,,,,,,248,red,2140,2151,4291
81,06,1160020,1,20260929,1478,877,0,0,0,0,0,1507,825,0,0,0,0,0,1,43.12244095065557,143.6787104,,,,,,,,,,,,,248,red,2355,2332,4687
81,06,1160030,1,20260929,1439,863,0,0,0,0,0,1582,803,0,0,0,0,0,1,43.081215390643465,143.9874923,,,,,,,,,,,,,248,red,2302,2385,4687
81,06,1160040,1,20260929,1449,852,0,0,0,0,0,1653,776,0,0,0,0,0,1,43.08452217064445,144.1232336,,,,,,,,,,,,,248,red,2301,2429,4730
81,06,1160050,1,20260929,1931,868,0,0,0,0,0,2509,851,0,0,0,0,0,1,43.09138904064647,144.173494,,,,,,,,,,,,,248,red,2799,3360,6159
81,06,1160060,1,20260929,2383,905,0,0,0,0,0,3190,860,0,0,0,0,0,1,43.04670304063314,144.303761,,,,,,,,,,,,,248,red,3288,4050,7338
81,08,1160120,1,20260929,389,155,0,0,0,0,0,396,156,0,0,0,0,0,1,43.69663004079766,143.731065,,,,,,,,,,,,,248,red,544,552,1096
81,08,1160130,1,20260929,691,219,0,0,0,0,0,794,237,0,0,0,0,0,1,43.7375680408059,143.819828,,,,,,,,,,,,,248,red,910,1031,1941
81,02,1310010,1,20260929,2267,213,0,0,0,0,0,2322,254,0,0,0,0,0,3,41.9090560401939,140.682556,,,,,,,,,,,,,248,red,2480,2576,5056
81,02,1310020,1,20260929,4186,1264,0,0,0,0,0,3397,984,0,0,0,0,0,3,42.0164720402435,140.622028,,,,,,,,,,,,,248,red,5450,4381,9831
81,02,1310030,1,20260929,2204,901,0,0,0,0,0,2043,873,0,0,0,0,0,3,42.44355604042405,140.326972,,,,,,,,,,,,,248,red,3105,2916,6021
81,03,1310040,1,20260929,2267,741,0,0,0,0,0,2581,920,0,0,0,0,0,3,43.005875040620694,140.666614,,,,,,,,,,,,,248,red,3008,3501,6509
81,01,1310050,1,20260929,3112,228,0,0,0,248,0,3840,439,0,0,0,248,0,3,43.13178497065829,141.1990678,,,,,,,,,,,,,248,red,3340,4279,7619
81,01,1310060,1,20260929,11173,1537,0,0,0,0,0,11331,1752,0,0,0,0,0,3,43.06547437063878,141.3767481,,,,,,,,,,,,,248,red,12710,13083,25793
81,01,1310070,1,20260929,11375,1105,0,0,0,0,0,11980,1134,0,0,0,0,0,3,43.048510140633695,141.4108604,,,,,,,,,,,,,248,red,12480,13114,25594
81,01,1310080,1,20260929,10820,772,0,0,0,0,0,10668,814,0,0,0,0,0,3,43.057749330636454,141.4844763,,,,,,,,,,,,,248,red,11592,11482,23074
81,01,1310090,1,20260929,0,0,0,0,0,248,0,5492,0,0,0,0,0,0,3,43.294945650703454,141.8492997,,,,,,,,,,,,,248,red,0,5492,5492
81,01,1310100,1,20260929,6613,1092,0,0,0,0,0,7008,989,0,0,0,0,0,3,43.53544778076278,141.9200456,,,,,,,,,,,,,248,red,7705,7997,15702
81,01,1310110,1,20260929,2545,1208,0,0,0,0,0,2394,1132,0,0,0,0,0,3,43.66238455079058,141.9957268,,,,,,,,,,,,,248,red,3753,3526,7279
81,01,1310120,1,20260929,0,0,0,0,0,248,0,11958,1187,0,0,0,0,0,3,43.0094644106218,141.4241588,,,,,,,,,,,,,248,red,0,13145,13145
81,01,1310130,1,20260929,7203,1290,0,0,0,248,0,7285,1617,0,0,0,248,0,3,42.85324004057195,141.609931,,,,,,,,,,,,,248,red,8493,8902,17395
81,01,1310140,1,20260929,8521,3044,0,0,0,0,0,7430,2978,0,0,0,0,0,3,42.79203104055144,141.693651,,,,,,,,,,,,,248,red,11565,10408,21973
81,05,1310150,1,20260929,3725,854,0,0,0,0,0,3643,831,0,0,0,0,0,3,42.483348820439495,141.2489566,,,,,,,,,,,,,248,red,4579,4474,9053
81,05,1310160,1,20260929,6626,1052,0,0,0,0,0,6721,772,0,0,0,0,0,3,42.362402460391806,140.964739,,,,,,,,,,,,,248,red,7678,7493,15171
81,05,1310170,1,20260929,3422,371,0,0,248,0,0,3130,207,43,0,0,0,0,3,42.363565450392265,140.9519019,,,,,,,,,,,,,248,red,3793,3380,7173
81,04,1310180,1,20260929,,,,0,0,0,248,,,,0,0,0,248,3,43.22376604068423,142.378762,,,,,,,,,,,,,248,red,0,0,0
81,06,1310200,1,20260929,1027,416,0,0,0,0,0,1232,441,0,0,0,0,0,3,42.89183628058462,143.9445233,,,,,,,,,,,,,248,red,1443,1673,3116
81,06,1310210,1,20260929,3698,695,42,0,0,0,0,3536,904,0,0,248,0,0,3,43.009797840621914,144.2786998,,,,,,,,,,,,,248,red,4435,4440,8875
81,06,1310220,1,20260929,2663,617,0,0,0,0,0,3867,756,0,0,0,0,0,3,43.02229809062573,144.2728472,,,,,,,,,,,,,248,red,3280,4623,7903
81,08,1310230,1,20260929,1871,772,0,0,248,0,0,1706,643,0,0,248,0,0,3,43.85893419082885,144.0808788,,,,,,,,,,,,,248,red,2643,2349,4992
81,08,1310240,1,20260929,1909,227,0,0,248,0,0,1840,246,0,0,248,0,0,3,44.01132969085448,144.2315868,,,,,,,,,,,,,248,red,2136,2086,4222
81,04,1310250,1,20260929,3067,651,126,0,0,0,0,2966,557,82,0,0,0,0,3,44.16725904087709,142.395004,,,,,,,,,,,,,248,red,3844,3605,7449
81,04,1310260,1,20260929,2449,641,8,0,0,0,0,2350,571,0,0,0,0,0,3,44.19030204088012,142.392098,,,,,,,,,,,,,248,red,3098,2921,6019
81,09,1310270,1,20260929,424,179,0,0,0,0,0,455,174,0,0,0,0,0,3,44.89849804093394,141.930734,,,,,,,,,,,,,248,red,603,629,1232
81,10,1310280,1,20260929,182,91,0,0,0,0,0,180,98,0,0,0,0,0,3,45.0919210409354,141.772244,,,,,,,,,,,,,248,red,273,278,551
81,10,1310290,1,20260929,,,,0,0,0,248,,,,0,0,0,248,3,45.3643680409278,141.728937,,,,,,,,,,,,,248,red,0,0,0
81,06,1310300,1,20260929,2630,415,8,0,0,0,0,0,0,2820,0,0,248,0,3,43.059450410636984,144.8007274,,,,,,,,,,,,,248,red,3053,2820,5873
81,06,1310310,1,20260929,331,100,0,0,248,0,0,401,93,3,0,0,0,0,3,43.27550252069827,145.50157790000003,,,,,,,,,,,,,248,red,431,497,928
81,02,1310320,1,20260929,2822,351,0,0,0,0,0,3019,359,0,0,0,0,0,3,41.8940000401868,140.139639,,,,,,,,,,,,,248,red,3173,3378,6551
81,02,1310330,1,20260929,3128,428,0,0,0,0,0,2725,330,0,0,0,0,0,3,41.68472204008489,140.444,,,,,,,,,,,,,248,red,3556,3055,6611
81,03,1310340,1,20260929,1579,155,0,0,0,0,0,2,5,1,0,0,221,0,3,43.26192904069464,140.646731,,,,,,,,,,,,,248,red,1734,8,1742
81,03,1310350,1,20260929,1661,661,0,0,0,0,0,1925,800,0,0,0,0,0,3,43.041313040631515,140.5119,,,,,,,,,,,,,248,red,2322,2725,5047
81,02,1310360,1,20260929,470,61,0,0,0,0,0,462,96,0,0,0,0,0,3,42.129260570293795,139.981876,,,,,,,,,,,,,248,red,531,558,1089
81,01,1310370,1,20260929,13728,1194,0,0,0,0,0,14452,1159,0,0,0,0,0,3,43.007483420621185,141.3442719,,,,,,,,,,,,,248,red,14922,15611,30533
81,03,1310380,1,20260929,2704,583,0,0,0,0,0,2388,458,0,0,0,0,0,3,42.797316040553234,140.953155,,,,,,,,,,,,,248,red,3287,2846,6133
81,03,1310390,1,20260929,2062,455,0,0,0,0,0,1871,416,0,0,0,0,0,3,42.75911004054018,140.927534,,,,,,,,,,,,,248,red,2517,2287,4804
81,09,1310420,1,20260929,1410,327,0,0,0,0,0,1329,313,0,0,0,0,0,3,44.315812040895196,141.663389,,,,,,,,,,,,,248,red,1737,1642,3379
81,05,1310430,1,20260929,1782,701,0,0,0,0,0,1431,738,0,0,0,0,0,3,42.68397268051387,141.6803745,,,,,,,,,,,,,248,red,2483,2169,4652
81,05,1310440,1,20260929,789,179,6,0,0,0,0,918,194,8,0,0,0,0,3,42.455508520428715,142.1783574,,,,,,,,,,,,,248,red,974,1120,2094
81,07,1310450,1,20260929,3368,394,0,0,0,0,0,2763,372,0,0,0,0,0,3,42.850468990571045,143.1845784,,,,,,,,,,,,,248,red,3762,3135,6897
81,04,1310460,1,20260929,,,,0,0,0,248,,,,0,0,0,248,3,43.3597710407203,142.387706,,,,,,,,,,,,,248,red,0,0,0
81,05,1310470,1,20260929,317,593,0,0,0,0,0,409,591,0,0,0,0,0,3,42.87689451057974,142.4313468,,,,,,,,,,,,,248,red,910,1000,1910
81,08,1310490,1,20260929,1757,464,0,0,247,0,1,1792,328,33,0,0,0,1,3,44.469400040910415,143.131573,,,,,,,,,,,,,248,red,2221,2153,4374
81,10,1310500,1,20260929,,,,0,0,0,248,,,,0,0,0,248,3,44.9513530409349,142.577793,,,,,,,,,,,,,248,red,0,0,0
81,06,1310520,1,20260929,419,78,0,0,0,0,0,397,62,0,0,0,0,0,3,43.474956340748676,144.4077086,,,,,,,,,,,,,248,red,497,459,956
81,07,1310530,1,20260929,269,57,0,0,0,0,0,289,58,0,0,0,0,0,3,43.351455040718186,143.778977,,,,,,,,,,,,,248,red,326,347,673
81,08,1310540,1,20260929,481,132,0,0,248,0,0,411,119,0,0,248,0,0,3,43.71241358080086,144.1898958,,,,,,,,,,,,,248,red,613,530,1143
81,06,1310550,1,20260929,686,101,0,0,0,0,0,692,106,0,0,0,0,0,3,43.23651165068774,145.2499867,,,,,,,,,,,,,248,red,787,798,1585
81,06,1310560,1,20260929,1096,158,0,0,0,0,0,1146,183,0,0,0,0,0,3,43.68069492079438,145.1213962,,,,,,,,,,,,,248,red,1254,1329,2583
81,06,1310570,1,20260929,923,559,0,0,0,0,0,1021,440,0,0,0,0,0,3,43.3613193507207,144.8334503,,,,,,,,,,,,,248,red,1482,1461,2943
81,04,1310580,1,20260929,168,67,0,0,0,0,0,151,147,0,0,0,0,0,3,43.85535404082818,142.818956,,,,,,,,,,,,,248,red,235,298,533
81,01,1310590,1,20260929,15420,2294,0,0,0,0,0,17920,3111,0,0,0,0,0,3,43.101919030649576,141.3492984,,,,,,,,,,,,,248,red,17714,21031,38745
81,01,1310600,1,20260929,4661,988,0,0,0,248,0,4229,1019,0,0,0,248,0,3,43.018587890624595,141.4801633,,,,,,,,,,,,,248,red,5649,5248,10897
81,07,1310610,1,20260929,43,18,0,0,0,0,0,40,16,0,0,0,0,0,3,43.124397040656135,143.671096,,,,,,,,,,,,,248,red,61,56,117
81,01,1310620,1,20260929,7789,1290,0,0,0,0,0,9770,1412,0,0,0,0,0,3,43.080001040643104,141.40691,,,,,,,,,,,,,248,red,9079,11182,20261
81,01,1310630,1,20260929,0,0,0,0,0,248,0,0,0,0,0,0,248,0,3,43.224602350684464,141.5421492,,,,,,,,,,,,,248,red,0,0,0
81,05,1310650,1,20260929,0,0,3877,0,0,199,0,3072,976,23,0,0,0,0,3,42.664068480506764,141.5956308,,,,,,,,,,,,,248,red,3877,4071,7948
81,08,1310660,1,20260929,1327,278,1,0,0,0,0,1496,246,7,0,0,0,0,3,43.98436947085019,143.5657163,,,,,,,,,,,,,248,red,1606,1749,3355
81,08,1310670,1,20260929,681,139,0,0,248,0,0,841,214,0,0,248,0,0,3,43.93417044084193,144.7997993,,,,,,,,,,,,,248,red,820,1055,1875
81,01,1310680,1,20260929,3257,384,0,0,0,0,0,3673,349,0,0,0,0,0,3,42.84334231056867,141.6642755,,,,,,,,,,,,,248,red,3641,4022,7663
81,06,1310690,1,20260929,1860,364,14,0,0,0,0,1718,346,191,0,0,0,0,3,43.048098520633566,144.4594431,,,,,,,,,,,,,248,red,2238,2255,4493
81,01,1310700,1,20260929,7233,811,0,0,0,0,0,8346,795,0,0,0,0,0,3,43.001297040619285,141.34856,,,,,,,,,,,,,248,red,8044,9141,17185
82,,2110010,1,20260929,3110,1483,0,0,0,0,0,3201,1387,0,0,0,0,0,3,37.110573456365614,140.1455465,,,,,,,,,,,,,252,red,4593,4588,9181
82,,2110017,1,20260929,14802,2773,0,0,0,0,0,15666,2745,0,0,0,0,0,3,37.37338104665072,140.3483355,,,,,,,,,,,,,252,red,17575,18411,35986
82,,2110019,1,20260929,15185,3214,0,0,0,0,0,13679,3238,0,0,0,0,0,3,37.46431627674753,140.3769493,,,,,,,,,,,,,252,red,18399,16917,35316
82,,2110021,1,20260929,10408,2135,94,0,0,0,0,9976,2723,44,0,252,0,0,3,37.606841446897334,140.4677635,,,,,,,,,,,,,252,red,12637,12743,25380
82,,2110030,1,20260929,14904,1928,0,0,0,0,0,15762,1970,0,0,0,0,0,3,37.73677529703182,140.4665726,,,,,,,,,,,,,252,red,16832,17732,34564
82,,2110040,1,20260929,9791,1658,0,0,0,0,0,9923,1613,0,0,0,0,0,3,37.807813217104496,140.4958221,,,,,,,,,,,,,252,red,11449,11536,22985
82,,2110050,1,20260929,2699,1446,0,0,0,0,0,2917,1411,0,0,0,0,0,3,37.90701278720498,140.5808128,,,,,,,,,,,,,252,red,4145,4328,8473
82,,2110055,1,20260929,7637,2650,0,0,0,0,0,8454,2527,0,0,0,0,0,3,38.041138927338956,140.6498056,,,,,,,,,,,,,252,red,10287,10981,21268
82,,2110060,1,20260929,13589,2767,0,0,0,0,0,13854,2605,0,0,0,0,0,3,38.085083367382396,140.8283056,,,,,,,,,,,,,252,red,16356,16459,32815
82,,2110062,1,20260929,2272,508,16,0,0,0,0,2056,445,14,0,0,0,0,3,39.659168038777906,141.92916800000003,,,,,,,,,,,,,252,red,2796,2515,5311
82,,2110063,1,20260929,1639,472,23,0,0,0,0,1425,388,18,0,0,0,0,3,39.73009903883322,141.960134,,,,,,,,,,,,,252,red,2134,1831,3965
82,,2110065,1,20260929,15768,2166,0,0,0,0,0,15691,2068,0,0,0,0,0,3,38.15208336744814,140.8853611,,,,,,,,,,,,,252,red,17934,17759,35693
82,,2110070,1,20260929,23029,2706,0,0,0,0,0,20981,2497,0,0,0,0,0,3,38.21891670751319,140.895,,,,,,,,,,,,,252,red,25735,23478,49213
82,,2110081,1,20260929,7547,328,0,0,0,0,0,0,0,0,0,0,0,0,3,38.340207037629824,140.883811,,,,,,,,,,,,,252,red,7875,0,7875
82,,2110090,1,20260929,7001,1448,0,0,0,0,0,7330,1224,0,0,0,0,0,3,38.61000803788275,140.98291900000004,,,,,,,,,,,,,252,red,8449,8554,17003
82,,2110091,1,20260929,2886,1134,0,0,0,0,0,2687,935,0,0,0,0,0,3,38.834610038086325,141.085674,,,,,,,,,,,,,252,red,4020,3622,7642
82,,2110092,1,20260929,5406,1188,0,0,0,0,0,4316,1017,0,0,0,0,0,3,38.930416038171224,141.117432,,,,,,,,,,,,,252,red,6594,5333,11927
82,,2110093,1,20260929,4618,1226,58,0,0,0,0,4320,1048,37,0,0,0,0,3,39.003777838235415,141.1133766,,,,,,,,,,,,,252,red,5902,5405,11307
82,,2110095,1,20260929,4399,613,0,0,0,0,0,4579,581,0,0,0,0,0,3,39.166645038375485,141.142913,,,,,,,,,,,,,252,red,5012,5160,10172
82,,2110103,1,20260929,12462,1121,0,0,0,0,0,14311,711,0,0,0,0,0,3,39.668019038784855,141.15759,,,,,,,,,,,,,252,red,13583,15022,28605
82,,2110106,1,20260929,11313,966,0,0,0,0,0,11155,986,0,0,0,0,0,3,39.70774803881587,141.165401,,,,,,,,,,,,,252,red,12279,12141,24420
82,,2110110,1,20260929,10561,919,0,0,0,0,0,9978,788,0,0,0,0,0,3,39.7581439588549,141.134491,,,,,,,,,,,,,252,red,11480,10766,22246
82,,2110120,1,20260929,3632,949,0,0,0,0,0,3834,898,0,0,0,0,0,3,40.24861199921695,141.2695885,,,,,,,,,,,,,252,red,4581,4732,9313
82,,2110121,1,20260929,1958,729,0,0,0,0,0,2208,584,0,0,0,0,0,3,40.33516094927743,141.2985134,,,,,,,,,,,,,252,red,2687,2792,5479
82,,2110129,1,20260929,2577,487,0,0,0,0,0,2650,481,2,0,0,0,0,3,40.60805264946136,141.26026802,,,,,,,,,,,,,252,red,3064,3133,6197
82,,2110130,1,20260929,0,0,5701,0,0,252,0,0,0,5708,0,0,252,0,3,40.65608164949267,141.19309457,,,,,,,,,,,,,252,red,5701,5708,11409
82,,2110132,1,20260929,3729,605,178,0,0,0,0,3779,590,35,0,0,0,0,3,40.683721049510524,141.17042319,,,,,,,,,,,,,252,red,4512,4404,8916
82,,2110140,1,20260929,4798,918,34,0,0,0,0,4777,271,28,0,0,0,0,3,40.89753341964514,140.86029133,,,,,,,,,,,,,252,red,5750,5076,10826
82,,2110143,1,20260929,4462,1185,0,0,0,0,0,4297,1002,0,0,0,0,0,3,39.946858248998055,141.2168884,,,,,,,,,,,,,252,red,5647,5299,10946
82,,2110144,1,20260929,4159,1510,0,0,252,0,0,4141,962,0,0,252,0,0,3,40.83532684960663,141.12935762,,,,,,,,,,,,,252,red,5669,5103,10772
82,,2110150,1,20260929,4751,1066,0,0,0,0,0,4911,979,10,0,0,0,0,3,36.857960956084185,140.7891727,,,,,,,,,,,,,252,red,5817,5900,11717
82,,2110160,1,20260929,11859,2697,188,0,0,0,0,9085,2671,113,0,0,0,0,3,36.92281008615712,140.8423448,,,,,,,,,,,,,252,red,14744,11869,26613
82,,2110161,1,20260929,7723,1368,0,0,0,0,0,8085,1395,0,0,0,0,0,3,37.03306503628002,140.911907,,,,,,,,,,,,,252,red,9091,9480,18571
82,,2110162,1,20260929,5468,919,0,0,0,0,0,4375,821,0,0,0,0,0,3,37.11549536637102,140.9974993,,,,,,,,,,,,,252,red,6387,5196,11583
82,,2110163,1,20260929,4435,1177,5,0,0,0,0,3388,1255,2,0,0,0,0,3,37.38527750666344,141.0086632,,,,,,,,,,,,,252,red,5617,4645,10262
82,,2110165,1,20260929,4513,926,31,0,0,0,0,5274,1239,24,0,0,0,0,3,37.63270112692426,140.9856901,,,,,,,,,,,,,252,red,5470,6537,12007
82,,2110168,1,20260929,2858,1030,0,0,0,0,0,2831,1065,0,0,0,0,0,3,37.81498403711179,140.943249,,,,,,,,,,,,,252,red,3888,3896,7784
82,,2110170,1,20260929,2003,364,0,0,0,0,0,1965,422,0,0,0,0,0,3,37.89520971719308,140.9035528,,,,,,,,,,,,,252,red,2367,2387,4754
82,,2110173,1,20260929,9011,1012,0,0,0,0,0,8656,981,0,0,0,0,0,3,37.094818366348264,140.9771016,,,,,,,,,,,,,252,red,10023,9637,19660
82,,2110180,1,20260929,5489,461,0,0,0,0,0,4883,478,0,0,0,0,0,3,38.064732037362305,140.859399,,,,,,,,,,,,,252,red,5950,5361,11311
82,,2110190,1,20260929,2404,738,0,0,0,0,0,1939,538,0,0,0,0,0,1,38.69140541795727,139.678824,,,,,,,,,,,,,252,red,3142,2477,5619
82,,2110191,1,20260929,3561,757,0,0,0,0,0,3369,739,0,0,0,0,0,3,38.96127130819829,139.8400569,,,,,,,,,,,,,252,red,4318,4108,8426
82,,2110192,1,20260929,6897,675,0,0,0,0,0,6637,759,0,0,0,0,0,3,38.794079918050066,139.83442430000002,,,,,,,,,,,,,252,red,7572,7396,14968
82,,2110193,1,20260929,7441,782,0,0,0,0,0,7310,849,0,0,0,0,0,3,38.787431758044086,139.8346764,,,,,,,,,,,,,252,red,8223,8159,16382
82,,2110194,1,20260929,1193,238,0,0,0,0,0,1263,300,0,0,0,0,0,3,38.69287924795862,139.6478605,,,,,,,,,,,,,252,red,1431,1563,2994
82,,2110195,1,20260929,1178,873,0,0,0,0,0,1346,716,0,0,0,0,0,3,38.61589808788817,139.5797968,,,,,,,,,,,,,252,red,2051,2062,4113
82,,2110197,1,20260929,2696,282,0,0,0,0,0,2501,328,0,0,0,0,0,3,38.71753625798101,139.7594082,,,,,,,,,,,,,252,red,2978,2829,5807
82,,2110198,1,20260929,4699,721,0,0,0,0,0,4210,687,0,0,0,0,0,3,38.71622198797982,139.7565651,,,,,,,,,,,,,252,red,5420,4897,10317
82,,2110199,1,20260929,1582,621,0,0,0,0,0,1377,462,0,0,0,0,0,1,38.60695292787995,139.5878005,,,,,,,,,,,,,252,red,2203,1839,4042
82,,2110201,1,20260929,2056,718,0,0,0,0,0,1798,511,0,0,0,0,0,1,38.666421037934484,139.623761,,,,,,,,,,,,,252,red,2774,2309,5083
82,,2110202,1,20260929,5671,877,0,0,0,0,0,5980,895,0,0,0,0,0,3,39.62387474875015,140.0681964,,,,,,,,,,,,,252,red,6548,6875,13423
82,,2110203,1,20260929,1167,150,0,0,0,0,0,1021,134,0,0,0,0,0,3,39.240899018438185,139.9362623,,,,,,,,,,,,,252,red,1317,1155,2472
82,,2110204,1,20260929,2345,744,0,0,0,0,0,2694,642,0,0,0,0,0,3,39.290490888479674,139.9747431,,,,,,,,,,,,,252,red,3089,3336,6425
82,,2110205,1,20260929,1969,969,0,0,0,0,0,1966,792,0,0,0,0,0,3,39.11912903833497,139.876447,,,,,,,,,,,,,252,red,2938,2758,5696
82,,2110208,1,20260929,8548,468,0,0,0,0,0,8222,507,0,0,0,0,0,3,39.38953603856155,140.030682,,,,,,,,,,,,,252,red,9016,8729,17745
82,,2110210,1,20260929,8085,1089,0,0,0,0,0,9793,1028,0,0,0,0,0,3,39.79539903888355,140.0622,,,,,,,,,,,,,252,red,9174,10821,19995
82,,2110212,1,20260929,6088,824,0,0,0,0,0,5457,927,0,0,0,0,0,3,39.718472038824196,140.083211,,,,,,,,,,,,,252,red,6912,6384,13296
82,,2110213,1,20260929,3408,319,0,0,0,0,0,3241,371,0,0,0,0,0,3,39.52539935867177,140.0518185,,,,,,,,,,,,,252,red,3727,3612,7339
82,,2110214,1,20260929,3058,541,0,0,0,0,0,2953,492,0,0,0,0,0,3,39.90494615896667,140.076382,,,,,,,,,,,,,252,red,3599,3445,7044
82,,2110215,1,20260929,2994,483,20,0,0,0,0,2719,460,10,0,0,0,0,3,40.067095039086766,140.067721,,,,,,,,,,,,,252,red,3497,3189,6686
82,,2110216,1,20260929,2690,837,139,0,0,0,0,0,0,0,0,0,0,0,3,40.268120039230666,140.52780600000003,,,,,,,,,,,,,252,red,3666,0,3666
82,,2110217,1,20260929,2379,855,125,0,0,0,0,1371,485,91,0,0,0,0,3,40.27305803923414,140.532178,,,,,,,,,,,,,252,red,3359,1947,5306
82,,2110218,1,20260929,6387,372,0,0,0,0,0,6058,299,0,0,0,0,0,3,40.190834039176,140.036139,,,,,,,,,,,,,252,red,6759,6357,13116
82,,2110219,1,20260929,1024,214,0,0,0,0,0,947,262,0,0,0,0,0,3,40.21531803919339,140.280482,,,,,,,,,,,,,252,red,1238,1209,2447
82,,2110220,1,20260929,2118,692,2,0,0,0,0,1675,593,0,0,0,0,0,3,40.16185503915528,140.039381,,,,,,,,,,,,,252,red,2812,2268,5080
82,,2110221,1,20260929,3388,770,30,0,0,0,0,2756,593,4,0,0,0,0,3,40.20192503918389,140.151831,,,,,,,,,,,,,252,red,4188,3353,7541
82,,2110222,1,20260929,958,335,0,0,0,0,0,762,270,0,0,0,0,0,3,40.30719003925799,140.572683,,,,,,,,,,,,,252,red,1293,1032,2325
82,,2110229,1,20260929,3195,890,35,0,0,0,0,929,167,26,0,0,0,0,3,40.230677039204274,140.489525,,,,,,,,,,,,,252,red,4120,1122,5242
82,,2110230,1,20260929,1578,539,6,0,0,0,0,1622,478,2,0,0,0,0,3,40.3821040393098,140.603544,,,,,,,,,,,,,252,red,2123,2102,4225
82,,2110231,1,20260929,1778,562,29,0,0,0,0,1902,525,13,0,0,0,0,3,40.461176699363655,140.6358415,,,,,,,,,,,,,252,red,2369,2440,4809
82,,2110232,1,20260929,2153,609,18,0,0,0,0,1343,222,14,0,0,0,0,3,40.199024039181815,140.383267,,,,,,,,,,,,,252,red,2780,1579,4359
82,,2110233,1,20260929,1190,455,0,0,0,0,0,1079,340,0,0,0,0,0,1,38.96155603819856,139.859806,,,,,,,,,,,,,252,red,1645,1419,3064
82,,2110234,1,20260929,4330,652,499,0,0,0,0,4940,968,264,0,0,0,0,3,40.57123242943714,140.52428552,,,,,,,,,,,,,252,red,5481,6172,11653
82,,2110235,1,20260929,10202,1085,33,0,0,0,0,0,0,10784,0,0,252,0,3,40.60269692945784,140.49957539,,,,,,,,,,,,,252,red,11320,10784,22104
82,,2110236,1,20260929,1240,484,0,0,0,0,0,1244,352,0,0,0,0,0,1,39.00850003823954,139.856924,,,,,,,,,,,,,252,red,1724,1596,3320
82,,2110237,1,20260929,264,49,0,0,0,0,0,353,41,0,0,0,0,0,1,39.05087603827627,139.890254,,,,,,,,,,,,,252,red,313,394,707
82,,2110240,1,20260929,7861,1069,19,0,0,0,0,2491,243,5391,0,0,250,0,3,40.65753935949361,140.50836074,,,,,,,,,,,,,250,red,8949,8125,17074
82,,2110249,1,20260929,6861,1413,278,0,0,0,0,3694,1005,181,0,252,252,0,3,40.831625089604316,140.66283564,,,,,,,,,,,,,252,red,8552,4880,13432
82,,2110250,1,20260929,7170,1186,0,0,0,0,0,7090,1322,0,0,0,0,0,3,40.767838829564255,140.59194915,,,,,,,,,,,,,252,red,8356,8412,16768
82,,2110251,1,20260929,11350,1078,0,0,0,252,0,20879,2669,0,0,0,0,0,3,40.824380649599796,140.7354641,,,,,,,,,,,,,252,red,12428,23548,35976
82,,2110252,1,20260929,7097,1564,2,0,0,0,0,0,0,8325,0,0,252,0,3,40.80222556958593,140.69781704,,,,,,,,,,,,,252,red,8663,8325,16988
82,,2110253,1,20260929,3735,691,38,0,0,0,0,3724,706,43,0,0,0,0,3,40.82364700959935,140.81040657,,,,,,,,,,,,,252,red,4464,4473,8937
82,,2110255,1,20260929,0,0,0,0,0,0,0,0,0,0,0,0,0,0,3,40.797368279582884,140.73499562,,,,,,,,,,,,,252,red,0,0,0
82,,2110256,1,20260929,6824,694,22,0,0,0,0,0,0,0,0,0,0,0,3,40.79545531958167,140.74908182,,,,,,,,,,,,,252,red,7540,0,7540
82,,2110258,1,20260929,2820,309,6,0,0,0,0,4455,808,22,0,0,0,0,3,40.26361114922749,140.42944444,,,,,,,,,,,,,252,red,3135,5285,8420
82,,2110260,1,20260929,9821,602,0,0,0,0,0,10928,736,0,0,0,0,0,3,37.766077747061864,140.4643813,,,,,,,,,,,,,252,red,10423,11664,22087
82,,2110270,1,20260929,620,290,2,0,0,0,0,380,105,47,0,0,112,0,3,37.82286602711981,140.2786356,,,,,,,,,,,,,252,red,912,532,1444
82,,2110271,1,20260929,2272,1286,0,0,0,0,0,2429,735,0,0,0,0,0,3,37.89655074719443,140.1500818,,,,,,,,,,,,,252,red,3558,3164,6722
82,,2110272,1,20260929,2118,1236,0,0,0,0,0,2526,726,0,0,0,0,0,3,37.92749748722557,140.13487,,,,,,,,,,,,,252,red,3354,3252,6606
82,,2110280,1,20260929,6256,963,0,0,0,0,0,6357,845,0,0,0,0,0,3,37.99971367729781,140.14494900000003,,,,,,,,,,,,,252,red,7219,7202,14421
82,,2110290,1,20260929,7114,1343,0,0,0,0,0,7352,1290,0,0,0,0,0,3,38.13022203742675,140.241028,,,,,,,,,,,,,252,red,8457,8642,17099
82,,2110291,1,20260929,8713,1350,0,0,0,0,0,8591,1298,0,0,0,0,0,3,38.159814097455694,140.3001308,,,,,,,,,,,,,252,red,10063,9889,19952
82,,2110292,1,20260929,6818,1288,0,0,0,0,0,5842,1085,0,0,0,0,0,3,38.10297203739999,140.207083,,,,,,,,,,,,,252,red,8106,6927,15033
82,,2110294,1,20260929,1512,343,0,0,0,0,0,1851,402,0,0,0,0,0,3,37.767613677063444,140.8648291,,,,,,,,,,,,,252,red,1855,2253,4108
82,,2110295,1,20260929,1595,340,0,0,0,0,0,2098,440,0,0,0,0,0,3,37.75423885704973,140.7090153,,,,,,,,,,,,,252,red,1935,2538,4473
82,,2110296,1,20260929,1726,388,0,0,0,0,0,2377,515,0,0,0,0,0,3,37.75978319705542,140.5958156,,,,,,,,,,,,,252,red,2114,2892,5006
82,,2110297,1,20260929,1717,362,0,0,0,0,0,2118,456,0,0,0,0,0,3,37.78113503707728,140.573819,,,,,,,,,,,,,252,red,2079,2574,4653
82,,2110298,1,20260929,1846,489,0,0,0,0,0,2204,581,0,0,0,0,0,3,37.81669203711354,140.530266,,,,,,,,,,,,,252,red,2335,2785,5120
82,,2110299,1,20260929,1504,557,0,0,0,0,0,2145,664,0,0,0,0,0,3,37.83294203713006,140.49615,,,,,,,,,,,,,252,red,2061,2809,4870
82,,2110300,1,20260929,1910,1316,0,0,0,0,0,2073,831,0,0,0,0,0,1,37.79582169709228,140.4130094,,,,,,,,,,,,,252,red,3226,2904,6130
82,,2110301,1,20260929,2682,1500,0,0,0,0,0,2717,855,0,0,0,0,0,3,37.8687824871664,140.2279023,,,,,,,,,,,,,252,red,4182,3572,7754
82,,2110305,1,20260929,13671,1892,0,0,0,0,0,14475,1947,0,0,0,0,0,3,38.32857829761873,140.3671432,,,,,,,,,,,,,252,red,15563,16422,31985
82,,2110307,1,20260929,6705,555,0,0,0,0,0,7396,757,0,0,0,0,0,3,38.48098003776293,140.382831,,,,,,,,,,,,,252,red,7260,8153,15413
82,,2110308,1,20260929,1720,356,0,0,0,0,0,4551,1283,0,0,0,0,0,1,38.56969403784554,140.401333,,,,,,,,,,,,,252,red,2076,5834,7910
82,,2110309,1,20260929,3381,889,0,0,0,0,0,3264,917,0,0,0,0,0,1,38.42500003771029,140.352222,,,,,,,,,,,,,252,red,4270,4181,8451
82,,2110310,1,20260929,6721,1341,0,0,0,0,0,4462,451,0,0,0,0,0,3,38.57581640785121,140.403707,,,,,,,,,,,,,252,red,8062,4913,12975
82,,2110311,1,20260929,3511,894,0,0,0,0,0,4675,1254,0,0,0,0,0,1,38.5505555978278,140.3888889,,,,,,,,,,,,,252,red,4405,5929,10334
82,,2110312,1,20260929,4018,914,0,0,0,0,0,4131,1070,0,0,0,0,0,3,38.618265997890354,140.3838155,,,,,,,,,,,,,252,red,4932,5201,10133
82,,2110313,1,20260929,5781,1600,0,0,0,0,0,5685,1496,0,0,0,0,0,3,38.676631947943804,140.3212881,,,,,,,,,,,,,252,red,7381,7181,14562
82,,2110314,1,20260929,5602,1598,0,0,0,0,0,5605,1446,0,0,0,0,0,3,38.71993903798319,140.308757,,,,,,,,,,,,,252,red,7200,7051,14251
82,,2110315,1,20260929,3758,306,0,0,0,0,0,3881,286,0,0,0,0,0,3,38.8033716780584,140.3206605,,,,,,,,,,,,,252,red,4064,4167,8231
82,,2110316,1,20260929,2526,909,0,0,0,0,0,1954,731,0,0,0,0,0,3,38.74947203800992,140.290833,,,,,,,,,,,,,252,red,3435,2685,6120
82,,2110317,1,20260929,1167,610,0,0,0,0,0,1215,568,0,0,0,0,0,3,38.923639038165255,140.334806,,,,,,,,,,,,,252,red,1777,1783,3560
82,,2110318,1,20260929,1130,605,0,0,0,0,0,1229,573,0,0,0,0,0,3,38.94673520818555,140.3547943,,,,,,,,,,,,,252,red,1735,1802,3537
82,,2110319,1,20260929,2249,737,22,0,0,0,0,2191,715,29,0,0,0,0,3,39.072178338294655,140.4714918,,,,,,,,,,,,,252,red,3008,2935,5943
82,,2110320,1,20260929,2674,749,12,0,0,0,0,2607,745,29,0,0,0,0,3,39.11258080832936,140.486598,,,,,,,,,,,,,252,red,3435,3381,6816
82,,2110321,1,20260929,4848,512,0,0,0,0,0,4780,486,0,0,0,0,0,3,39.181412318388,140.4959965,,,,,,,,,,,,,252,red,5360,5266,10626
82,,2110322,1,20260929,2695,127,27,0,0,0,0,2547,75,208,0,0,0,0,3,39.1455093483575,140.4912436,,,,,,,,,,,,,252,red,2849,2830,5679
82,,2110324,1,20260929,747,421,0,0,0,0,0,22,369,0,0,0,0,0,3,39.046668898272635,140.4131154,,,,,,,,,,,,,252,red,1168,391,1559
82,,2110325,1,20260929,3846,975,0,0,0,0,0,4113,1162,0,0,0,0,0,1,38.463333037746374,140.3575,,,,,,,,,,,,,252,red,4821,5275,10096
82,,2110326,1,20260929,3680,915,0,0,0,0,0,4503,1231,0,0,0,0,0,1,38.49944403778021,140.370833,,,,,,,,,,,,,252,red,4595,5734,10329
82,,2110327,1,20260929,6922,655,0,0,0,0,0,6138,640,0,0,0,0,0,3,39.249316578445246,140.5351192,,,,,,,,,,,,,252,red,7577,6778,14355
82,,2110328,1,20260929,1619,696,0,0,0,0,0,1590,616,0,0,0,0,0,3,38.78089403803823,140.293372,,,,,,,,,,,,,252,red,2315,2206,4521
82,,2110335,1,20260929,2885,549,1595,0,0,140,0,4304,568,660,0,0,0,0,3,39.45464609861468,140.4982871,,,,,,,,,,,,,252,red,5029,5532,10561
82,,2110337,1,20260929,3515,555,1,0,0,0,0,3183,587,1,0,0,0,0,3,39.56556981870389,140.3349352,,,,,,,,,,,,,252,red,4071,3771,7842
82,,2110340,1,20260929,8591,1486,0,0,0,0,0,8091,1370,0,0,0,0,0,3,39.66778703878465,140.165768,,,,,,,,,,,,,252,red,10077,9461,19538
82,,2110350,1,20260929,13350,1845,0,0,0,0,0,14693,2067,0,0,0,0,0,3,38.27013892756266,140.95175,,,,,,,,,,,,,252,red,15195,16760,31955
82,,2110352,1,20260929,12239,2475,11,0,0,0,0,12193,2266,117,0,0,0,0,3,38.425472257710744,141.1867778,,,,,,,,,,,,,252,red,14725,14576,29301
82,,2110353,1,20260929,12368,2350,72,0,0,0,0,11999,2140,229,0,0,0,0,3,38.43294447771779,141.2090556,,,,,,,,,,,,,252,red,14790,14368,29158
82,,2110354,1,20260929,10838,1944,137,0,0,0,0,10602,1783,84,0,0,0,0,3,38.442000037726324,141.2525833,,,,,,,,,,,,,252,red,12919,12469,25388
82,,2110355,1,20260929,8774,1905,176,0,0,0,0,8825,1665,85,0,0,0,0,3,38.48202781776391,141.2923889,,,,,,,,,,,,,252,red,10855,10575,21430
82,,2110357,1,20260929,7702,1741,56,0,0,0,0,7842,1563,71,0,0,0,0,3,38.50430559778474,141.2861944,,,,,,,,,,,,,252,red,9499,9476,18975
82,,2110358,1,20260929,5656,1548,37,0,0,0,0,5686,1370,35,0,0,0,0,3,38.590638927864894,141.27905560000002,,,,,,,,,,,,,252,red,7241,7091,14332
82,,2110359,1,20260929,5068,1405,39,0,0,0,0,4801,1196,59,0,0,0,0,3,38.61066670788337,141.2839722,,,,,,,,,,,,,252,red,6512,6056,12568
82,,2110360,1,20260929,5264,154,0,0,0,0,0,4828,217,0,0,0,0,0,3,38.429333367714385,141.2390278,,,,,,,,,,,,,252,red,5418,5045,10463
82,,2110361,1,20260929,4920,342,0,0,0,0,0,5128,374,0,0,0,0,0,3,38.891555598136925,141.55625,,,,,,,,,,,,,252,red,5262,5502,10764
82,,2110362,1,20260929,4371,950,22,0,0,0,0,4098,855,31,0,0,0,0,3,38.696083367961535,141.2831389,,,,,,,,,,,,,252,red,5343,4984,10327
82,,2110363,1,20260929,10207,1965,61,0,0,0,0,9445,1726,70,0,0,0,0,3,38.456555597740014,141.2745,,,,,,,,,,,,,252,red,12233,11241,23474
82,,2110364,1,20260929,2832,791,2,0,0,0,0,2913,702,3,0,0,0,0,3,38.95011114818852,141.6280556,,,,,,,,,,,,,252,red,3625,3618,7243
82,,2110365,1,20260929,2771,310,0,0,0,0,0,2937,240,0,0,0,0,0,3,38.91955303816165,141.571364,,,,,,,,,,,,,252,red,3081,3177,6258
82,,2110366,1,20260929,4002,927,29,0,0,0,0,3742,845,17,0,0,0,0,3,38.71113892797521,141.3101667,,,,,,,,,,,,,252,red,4958,4604,9562
82,,2110367,1,20260929,4288,770,37,0,0,0,0,3794,652,54,0,0,0,0,3,39.02656869825523,141.6974974,,,,,,,,,,,,,252,red,5095,4500,9595
82,,2110368,1,20260929,3989,886,31,0,0,0,0,3761,816,30,0,0,0,0,3,38.70219447796709,141.3930833,,,,,,,,,,,,,252,red,4906,4607,9513
82,,2110370,1,20260929,4412,358,0,0,0,0,0,4406,373,0,0,0,0,0,3,39.059216658283475,141.7193842,,,,,,,,,,,,,252,red,4770,4779,9549
82,,2110371,1,20260929,2259,553,16,0,1,1,0,2139,483,14,0,1,1,0,3,39.074077398296275,141.7034197,,,,,,,,,,,,,252,red,2828,2636,5464
82,,2110372,1,20260929,2399,670,0,0,0,0,0,2125,561,0,0,0,0,0,3,39.125195598340156,141.7347157,,,,,,,,,,,,,252,red,3069,2686,5755
82,,2110373,1,20260929,3411,704,0,0,0,0,0,3214,570,0,0,0,0,0,3,39.12205355833746,141.7899934,,,,,,,,,,,,,252,red,4115,3784,7899
82,,2110374,1,20260929,2344,697,0,0,0,0,0,2301,703,0,0,0,2,0,3,39.03121932825926,141.6337144,,,,,,,,,,,,,252,red,3041,3004,6045
82,,2110379,1,20260929,2491,687,89,0,0,0,0,2262,527,125,0,0,0,0,3,39.14893559836042,141.8295097,,,,,,,,,,,,,252,red,3267,2914,6181
82,,2110380,1,20260929,3066,250,0,0,0,0,0,4103,217,0,0,0,0,0,3,39.29661287848477,141.8836641,,,,,,,,,,,,,252,red,3316,4320,7636
82,,2110381,1,20260929,3516,864,27,0,0,0,0,3318,785,69,0,0,0,0,3,38.69052781795646,141.4270556,,,,,,,,,,,,,252,red,4407,4172,8579
82,,2110382,1,20260929,3879,941,20,0,0,0,0,4078,854,35,0,0,0,0,3,38.70547225797006,141.4960833,,,,,,,,,,,,,252,red,4840,4967,9807
82,,2110383,1,20260929,3463,685,10,0,0,0,0,3938,630,18,0,0,0,0,3,39.32251283850628,141.8802524,,,,,,,,,,,,,252,red,4158,4586,8744
82,,2110384,1,20260929,4249,888,28,0,0,0,0,4158,835,32,0,0,0,0,3,38.81825003807172,141.5580556,,,,,,,,,,,,,252,red,5165,5025,10190
82,,2110387,1,20260929,2478,504,94,0,0,0,0,2406,483,25,0,0,0,0,3,39.59193303872486,141.940478,,,,,,,,,,,,,252,red,3076,2914,5990
82,,2110389,1,20260929,1750,483,27,0,0,0,0,1527,421,15,0,0,0,0,3,39.8199300389023,141.96138,,,,,,,,,,,,,252,red,2260,1963,4223
82,,2110392,1,20260929,1892,496,14,0,0,0,0,1646,435,12,0,0,0,0,3,39.836270038914755,141.96038,,,,,,,,,,,,,252,red,2402,2093,4495
82,,2110393,1,20260929,1057,474,0,0,0,0,0,1126,399,0,0,0,0,0,3,39.87071503894088,141.94008,,,,,,,,,,,,,252,red,1531,1525,3056
82,,2110394,1,20260929,4704,896,37,0,0,0,0,4511,858,34,0,0,0,0,3,38.86638892811462,141.5685833,,,,,,,,,,,,,252,red,5637,5403,11040
82,,2110396,1,20260929,86,7,0,0,0,252,1,211,30,0,0,0,252,1,3,39.93351162898809,141.8457699,,,,,,,,,,,,,252,red,93,241,334
82,,2110397,1,20260929,758,412,0,0,0,0,1,815,368,0,0,0,0,1,3,39.9934900390327,141.881411,,,,,,,,,,,,,252,red,1170,1183,2353
82,,2110401,1,20260929,1930,655,41,0,0,0,0,1925,630,9,0,0,0,0,3,39.029891708258106,141.6224,,,,,,,,,,,,,252,red,2626,2564,5190
82,,2110402,1,20260929,1703,160,0,0,0,0,0,1571,140,0,0,0,0,0,3,40.414361969331864,141.7051792,,,,,,,,,,,,,252,red,1863,1711,3574
82,,2110403,1,20260929,2463,606,32,0,0,0,0,2185,519,23,0,0,0,0,3,39.15806392836817,141.8413306,,,,,,,,,,,,,252,red,3101,2727,5828
82,,2110404,1,20260929,10637,579,8,0,0,0,0,9963,543,36,0,0,0,0,3,40.50576550939362,141.53235261,,,,,,,,,,,,,248,red,11224,10542,21766
82,,2110405,1,20260929,10779,922,45,0,0,0,0,9106,974,25,0,0,0,0,3,40.528900439409064,141.46412799,,,,,,,,,,,,,248,red,11746,10105,21851
82,,2110407,1,20260929,2886,345,2,0,0,0,0,2587,318,163,0,0,0,0,3,40.481786839377534,141.5376989,,,,,,,,,,,,,252,red,3233,3068,6301
82,,2110408,1,20260929,7097,1001,41,0,0,0,0,7636,915,43,0,0,0,0,3,40.5637364594322,141.43539327,,,,,,,,,,,,,252,red,8139,8594,16733
82,,2110409,1,20260929,2563,626,25,0,0,0,0,2433,516,23,0,0,0,0,3,39.24333336844022,141.8452778,,,,,,,,,,,,,252,red,3214,2972,6186
82,,2110410,1,20260929,3371,484,19,0,0,0,0,3178,502,16,0,0,0,0,3,40.47949102937599,141.58069836,,,,,,,,,,,,,252,red,3874,3696,7570
82,,2110412,1,20260929,2936,807,35,0,0,0,0,2540,672,54,0,0,0,0,3,40.66162803949626,141.324363,,,,,,,,,,,,,252,red,3778,3266,7044
82,,2110413,1,20260929,4075,968,43,0,0,0,0,3413,817,100,0,0,0,0,3,40.675139039505,141.304575,,,,,,,,,,,,,252,red,5086,4330,9416
82,,2110414,1,20260929,8648,1266,0,0,0,0,0,7757,1200,0,0,0,0,0,3,39.699724768809624,141.0544968,,,,,,,,,,,,,252,red,9914,8957,18871
82,,2110415,1,20260929,4128,549,0,0,0,0,0,4279,566,0,0,0,0,0,3,39.69160156880328,141.008749,,,,,,,,,,,,,252,red,4677,4845,9522
82,,2110416,1,20260929,1726,507,2,0,0,0,0,1775,529,4,0,0,0,0,3,39.70020353880998,140.8836508,,,,,,,,,,,,,252,red,2235,2308,4543
82,,2110417,1,20260929,629,177,0,0,0,0,0,124,155,0,0,0,0,0,3,40.47147403937059,141.474002,,,,,,,,,,,,,252,red,806,279,1085
82,,2110418,1,20260929,3452,818,16,0,0,0,0,3438,746,11,0,0,0,0,3,39.260555598454665,141.8394444,,,,,,,,,,,,,252,red,4286,4195,8481
82,,2110419,1,20260929,2741,594,24,0,0,0,0,2938,538,19,0,0,0,0,3,39.288333368477865,141.8633333,,,,,,,,,,,,,252,red,3359,3495,6854
82,,2110421,1,20260929,2204,534,19,0,0,0,0,2392,512,20,0,0,0,0,3,39.366111148542295,141.9044444,,,,,,,,,,,,,252,red,2757,2924,5681
82,,2110422,1,20260929,2427,577,20,0,0,0,0,2716,546,32,0,0,0,0,3,39.36731670854329,141.8911806,,,,,,,,,,,,,252,red,3024,3294,6318
82,,2110423,1,20260929,2634,615,1,0,0,0,0,2717,535,0,0,0,0,0,3,40.22921103920324,141.7800234,,,,,,,,,,,,,252,red,3250,3252,6502
82,,2110424,1,20260929,1392,442,0,0,0,0,0,1516,498,0,0,0,0,0,3,39.601276038732266,140.551915,,,,,,,,,,,,,252,red,1834,2014,3848
82,,2110428,1,20260929,2694,671,43,0,0,0,0,2447,713,21,0,0,0,0,3,38.73322403799523,140.787123,,,,,,,,,,,,,252,red,3408,3181,6589
82,,2110432,1,20260929,703,358,0,0,0,0,0,659,367,0,0,0,0,0,3,38.73755603799914,140.598389,,,,,,,,,,,,,252,red,1061,1026,2087
82,,2110435,1,20260929,4021,1337,0,0,0,0,0,3629,1272,0,0,0,0,0,3,38.74138978800262,140.2831578,,,,,,,,,,,,,252,red,5358,4901,10259
82,,2110436,1,20260929,2618,1049,0,0,0,0,0,2558,870,0,0,0,0,0,3,38.74416703800512,140.259722,,,,,,,,,,,,,252,red,3667,3428,7095
82,,2110437,1,20260929,2867,1142,0,0,0,0,0,2852,1051,0,0,0,0,0,3,38.73663903799832,140.168833,,,,,,,,,,,,,252,red,4009,3903,7912
82,,2110438,1,20260929,2720,1125,0,0,0,0,0,2530,850,0,0,0,0,0,3,38.745210838006074,140.2326227,,,,,,,,,,,,,252,red,3845,3380,7225
82,,2110440,1,20260929,2336,1025,0,0,0,0,1,2675,988,0,0,0,0,1,3,38.78155241803881,140.0267226,,,,,,,,,,,,,252,red,3361,3663,7024
82,,2110445,1,20260929,13721,1582,0,0,0,0,0,14878,1617,0,0,0,0,0,3,38.26502503755774,140.79343300000002,,,,,,,,,,,,,252,red,15303,16495,31798
82,,2110450,1,20260929,2725,949,0,0,0,0,0,2551,888,0,0,0,0,0,3,38.391999797679084,140.5672252,,,,,,,,,,,,,252,red,3674,3439,7113
82,,2110451,1,20260929,3944,387,0,0,0,0,0,3963,421,0,0,0,0,0,3,38.877650438124604,139.8869442,,,,,,,,,,,,,252,red,4331,4384,8715
82,,2110452,1,20260929,6424,504,0,0,0,24,0,6459,567,0,0,0,0,0,3,38.901543148145755,139.8723154,,,,,,,,,,,,,252,red,6928,7026,13954
82,,2110453,1,20260929,258,49,0,0,0,0,0,196,50,0,0,0,0,0,3,38.90368057814766,139.8668909,,,,,,,,,,,,,252,red,307,246,553
82,,2110454,1,20260929,4864,523,0,0,0,0,0,4905,518,0,0,0,0,0,3,38.87364379812106,139.886117,,,,,,,,,,,,,252,red,5387,5423,10810
82,,2110455,1,20260929,6428,1111,0,0,0,0,0,4426,1106,0,0,0,0,0,3,37.062925546313075,140.8516252,,,,,,,,,,,,,252,red,7539,5532,13071
82,,2110456,1,20260929,3468,393,0,0,0,0,0,3409,431,0,0,0,0,0,3,38.85157810810144,139.8908657,,,,,,,,,,,,,252,red,3861,3840,7701
82,,2110457,1,20260929,2165,430,0,0,0,0,0,2287,496,0,0,0,0,0,3,38.831843418083864,139.9098858,,,,,,,,,,,,,252,red,2595,2783,5378
82,,2110460,1,20260929,2338,593,2,0,0,0,0,2499,687,2,0,0,0,0,3,37.11000003636498,140.7641667,,,,,,,,,,,,,252,red,2933,3188,6121
82,,2110464,1,20260929,1600,506,4,1,0,0,0,1113,431,92,1,0,0,0,3,37.31106211658384,140.4823494,,,,,,,,,,,,,252,red,2110,1636,3746
82,,2110465,1,20260929,5724,749,0,0,0,0,0,5197,929,0,0,0,0,0,3,37.33970064661463,140.406585,,,,,,,,,,,,,252,red,6473,6126,12599
82,,2110470,1,20260929,3088,689,0,0,0,0,0,3228,610,0,0,0,0,0,3,37.49456687677952,140.2463901,,,,,,,,,,,,,252,red,3777,3838,7615
82,,2110472,1,20260929,717,717,0,0,0,0,0,753,754,0,0,0,0,0,3,37.65080306694305,139.5936209,,,,,,,,,,,,,252,red,1434,1507,2941
82,,2110473,1,20260929,5041,1056,0,0,0,0,0,5127,1035,0,0,0,0,0,3,37.548570346836364,139.9683643,,,,,,,,,,,,,252,red,6097,6162,12259
82,,2110474,1,20260929,4589,669,0,0,0,0,0,4810,663,0,0,0,0,0,3,37.55735328684558,139.8550022,,,,,,,,,,,,,252,red,5258,5473,10731
82,,2110477,1,20260929,5529,477,5,0,0,0,0,4847,469,7,0,0,0,0,3,40.48458321937942,141.42701414,,,,,,,,,,,,,248,red,6011,5323,11334
82,,2110478,1,20260929,2443,313,0,0,0,0,0,2490,309,0,0,0,0,0,3,38.52642903780538,141.156619,,,,,,,,,,,,,252,red,2756,2799,5555
82,,2110479,1,20260929,3499,434,0,0,0,0,0,3397,471,0,0,0,0,0,3,38.556163037833,141.069142,,,,,,,,,,,,,252,red,3933,3868,7801
82,,2110480,1,20260929,6233,322,0,0,0,0,0,5538,378,0,0,0,0,0,3,38.570337037846144,140.982089,,,,,,,,,,,,,252,red,6555,5916,12471
82,,2110481,1,20260929,1118,631,0,0,0,0,0,1132,559,0,0,0,0,0,3,39.036923848264195,140.3899339,,,,,,,,,,,,,252,red,1749,1691,3440
82,,2110482,1,20260929,4544,712,8,0,0,0,0,5023,693,1,0,0,0,0,3,39.363397818540065,140.5656534,,,,,,,,,,,,,252,red,5264,5717,10981
82,,2110485,1,20260929,8709,732,0,0,0,0,0,9439,670,0,0,0,0,0,3,38.33956088762922,140.2816558,,,,,,,,,,,,,252,red,9441,10109,19550
82,,2110488,1,20260929,1191,260,0,0,0,0,0,1018,233,0,0,0,0,0,3,38.4566470377401,140.032103,,,,,,,,,,,,,252,red,1451,1251,2702
82,,2110491,1,20260929,1894,669,0,0,0,0,0,1939,686,0,0,0,0,0,3,38.58079848785582,139.9398136,,,,,,,,,,,,,252,red,2563,2625,5188
82,,2110500,1,20260929,1687,733,0,0,0,0,0,2010,687,0,0,0,0,0,3,38.046173177343945,139.7837305,,,,,,,,,,,,,252,red,2420,2697,5117
82,,2110501,1,20260929,1437,653,0,0,0,0,0,1377,579,0,0,0,0,0,3,38.0753590373728,139.72116,,,,,,,,,,,,,252,red,2090,1956,4046
82,,2110502,1,20260929,1486,563,0,0,0,0,0,1736,569,0,0,0,0,0,3,38.04606303734383,140.051715,,,,,,,,,,,,,252,red,2049,2305,4354
82,,2110503,1,20260929,2753,653,0,0,0,0,0,3259,621,0,0,0,0,0,3,38.044627037342416,140.064483,,,,,,,,,,,,,252,red,3406,3880,7286
82,,2110504,1,20260929,2924,762,0,0,0,0,0,3690,780,0,0,0,0,0,3,38.04518462734297,140.1366019,,,,,,,,,,,,,252,red,3686,4470,8156
82,,2110510,1,20260929,3650,772,0,0,0,0,0,3430,697,0,0,0,0,0,3,38.02769263732563,140.1668358,,,,,,,,,,,,,252,red,4422,4127,8549
82,,2110519,1,20260929,1804,351,12,0,0,0,0,1930,378,12,0,0,0,0,3,39.25195903844747,141.77938700000004,,,,,,,,,,,,,252,red,2167,2320,4487
82,,2110521,1,20260929,2264,493,0,0,0,0,0,2040,445,0,0,0,0,0,3,39.246448038442836,141.63560000000004,,,,,,,,,,,,,252,red,2757,2485,5242
82,,2110531,1,20260929,1050,132,0,0,0,0,0,2425,461,0,0,0,0,0,1,39.32515718850848,141.4883819,,,,,,,,,,,,,252,red,1182,2886,4068
82,,2110540,1,20260929,2785,586,0,0,0,0,0,3007,578,0,0,0,0,0,1,39.28807706847765,141.3475227,,,,,,,,,,,,,252,red,3371,3585,6956
82,,2110541,1,20260929,1459,260,0,0,0,0,0,1410,261,0,0,0,0,0,1,39.314345428499514,141.2615204,,,,,,,,,,,,,252,red,1719,1671,3390
82,,2110542,1,20260929,1380,348,0,0,0,0,0,1485,376,0,0,0,0,0,3,39.283375038473736,141.5516694,,,,,,,,,,,,,252,red,1728,1861,3589
82,,2110552,1,20260929,3585,918,28,0,0,0,0,3586,854,38,0,0,0,0,3,38.75991670801934,141.5025278,,,,,,,,,,,,,252,red,4531,4478,9009
82,,2110553,1,20260929,4495,966,41,0,0,0,0,4494,900,22,0,0,0,0,3,38.80716670806179,141.54275,,,,,,,,,,,,,252,red,5502,5416,10918
82,,2110554,1,20260929,2540,745,39,0,0,0,0,2587,649,22,0,0,0,0,3,38.96347225820022,141.6241944,,,,,,,,,,,,,252,red,3324,3258,6582
82,,2110555,1,20260929,2020,513,33,0,0,0,0,1795,445,20,0,0,0,0,3,39.21138892841335,141.865,,,,,,,,,,,,,252,red,2566,2260,4826
82,,2110556,1,20260929,4547,901,39,0,0,0,0,3901,800,123,0,0,0,0,3,38.8781944781251,141.5846444,,,,,,,,,,,,,252,red,5487,4824,10311
82,,2110557,1,20260929,2935,922,158,0,0,0,0,2991,806,114,0,0,0,0,3,38.789722258046154,141.5180556,,,,,,,,,,,,,252,red,4015,3911,7926
82,,2110558,1,20260929,2766,702,50,0,0,0,0,2746,604,44,0,0,0,0,3,38.88277803812915,141.585833,,,,,,,,,,,,,252,red,3518,3394,6912
82,,2110559,1,20260929,3294,871,24,0,0,0,0,2854,707,36,0,0,0,0,3,38.925278038166695,141.6025,,,,,,,,,,,,,252,red,4189,3597,7786
82,,2110560,1,20260929,1635,632,88,0,0,0,0,1360,528,143,0,0,0,0,3,38.89750003814219,141.595,,,,,,,,,,,,,252,red,2355,2031,4386
82,,2110561,1,20260929,3180,852,133,0,0,0,0,1977,417,140,0,0,0,0,3,38.91750003815984,141.591944,,,,,,,,,,,,,252,red,4165,2534,6699
82,,2110604,1,20260929,1797,502,237,0,0,0,0,1961,464,65,0,0,0,0,3,40.1607780391545,141.767278,,,,,,,,,,,,,252,red,2536,2490,5026
82,,2112104,1,20260929,2959,908,6,0,0,0,0,2407,665,243,0,0,0,0,3,40.733783919542624,141.20798154,,,,,,,,,,,,,252,red,3873,3315,7188
82,,2120001,1,20260929,3999,739,0,0,0,0,0,4009,1002,0,0,0,0,0,3,40.75045198955322,140.54906872,,,,,,,,,,,,,252,red,4738,5011,9749
82,,2120005,1,20260929,4008,638,20,0,0,0,0,4227,601,21,0,0,0,0,3,40.79249892957982,140.48972552,,,,,,,,,,,,,252,red,4666,4849,9515
82,,2120010,1,20260929,2885,514,7,0,0,0,0,3049,483,18,0,0,0,0,3,40.81212879959214,140.47707546,,,,,,,,,,,,,252,red,3406,3550,6956
82,,2120015,1,20260929,2331,423,0,0,0,0,0,2093,375,0,0,0,0,0,3,40.82729603960163,140.4413,,,,,,,,,,,,,252,red,2754,2468,5222
82,,2120020,1,20260929,530,139,0,0,0,0,0,1905,155,0,0,0,0,0,3,40.78380703957434,140.261545,,,,,,,,,,,,,252,red,669,2060,2729
82,,2310200,1,20260929,10888,1382,0,0,0,0,0,10192,1563,0,0,0,0,0,3,39.70615403881462,140.09793,,,,,,,,,,,,,252,red,12270,11755,24025
82,,2312101,1,20260929,3560,1054,0,0,0,0,0,3195,870,0,0,0,0,0,3,40.70834700952637,141.24477593,,,,,,,,,,,,,252,red,4614,4065,8679
82,,2312102,1,20260929,3640,972,0,0,0,0,0,3091,875,0,0,0,0,0,3,40.725233449537164,141.22804347,,,,,,,,,,,,,252,red,4612,3966,8578
82,,2312103,1,20260929,1730,369,0,0,0,0,0,2217,457,0,0,0,0,0,3,37.77535545707135,140.7514008,,,,,,,,,,,,,252,red,2099,2674,4773
83,,3110010,1,20260929,12658,1611,556,0,0,0,0,14122,1458,897,0,0,0,0,3,35.58550262456253,139.7049058,,,,,,,,,,,,,252,red,14825,16477,31302
83,,3110020,1,20260929,19543,3516,474,0,0,0,0,20230,3618,486,0,0,0,0,3,35.37938903430058,139.509906,,,,,,,,,,,,,252,red,23533,24334,47867
83,,3110030,1,20260929,1511,156,535,0,0,0,0,632,145,246,0,0,0,0,3,35.30798103420886,139.30775,,,,,,,,,,,,,252,red,2202,1023,3225
83,,3110040,1,20260929,5629,1994,0,0,0,0,0,5487,1355,0,0,0,0,0,3,35.24085503412222,139.123519,,,,,,,,,,,,,252,red,7623,6842,14465
83,,3110050,1,20260929,8932,5157,1183,0,0,0,0,10517,5988,717,0,0,0,0,3,36.238458295364495,139.8048878,,,,,,,,,,,,,252,red,15272,17222,32494
83,,3110060,1,20260929,14461,2681,986,0,1,1,0,21295,5434,435,0,2,2,0,3,36.51217142568756,139.9177551,,,,,,,,,,,,,252,red,18128,27164,45292
83,,3110070,1,20260929,9033,2406,111,0,0,0,0,8753,2287,164,0,0,0,0,3,36.833366956056416,139.9495983,,,,,,,,,,,,,252,red,11550,11204,22754
83,,3110080,1,20260929,5788,485,61,0,0,0,0,4935,407,73,0,0,0,0,3,36.29676104543397,139.7863913,,,,,,,,,,,,,252,red,6334,5415,11749
83,,3110090,1,20260929,7803,303,163,0,0,0,0,7787,352,66,0,0,0,0,3,36.52417383570154,139.8798609,,,,,,,,,,,,,252,red,8269,8205,16474
83,,3110100,1,20260929,7938,328,128,0,0,0,0,8559,344,230,0,0,0,0,3,36.58529299577252,139.9295837,,,,,,,,,,,,,252,red,8394,9133,17527
83,,3110110,1,20260929,6631,1192,0,0,0,0,0,6438,1176,0,0,0,0,0,3,36.019401995100274,140.15926790000003,,,,,,,,,,,,,249,red,7823,7614,15437
83,,3110120,1,20260929,8592,2126,0,0,0,0,0,55,8,0,0,0,0,0,3,36.297327425434645,140.4228446,,,,,,,,,,,,,249,red,10718,63,10781
83,,3110140,1,20260929,12227,1928,817,0,0,0,0,12943,1819,542,0,0,0,0,3,35.70274880470968,139.8786539,,,,,,,,,,,,,252,red,14972,15304,30276
83,,3110150,1,20260929,2286,803,903,0,0,0,0,2187,493,2073,0,0,0,0,3,35.61902656460475,140.0975838,,,,,,,,,,,,,252,red,3992,4753,8745
83,,3110160,1,20260929,12924,2800,879,0,0,0,0,13825,2242,984,0,0,0,0,3,35.56474703453633,139.7273263,,,,,,,,,,,,,252,red,16603,17051,33654
83,,3110170,1,20260929,14241,3648,0,0,0,0,0,14531,2838,0,0,0,0,0,3,35.52794003448978,139.70328,,,,,,,,,,,,,252,red,17889,17369,35258
83,,3110180,1,20260929,11937,3401,0,0,0,6,0,12273,2898,0,0,0,50,0,3,35.47903203442772,139.638693,,,,,,,,,,,,,252,red,15338,15171,30509
83,,3110190,1,20260929,9820,365,515,0,0,0,0,8877,384,426,0,0,0,0,3,35.26731403415642,139.685375,,,,,,,,,,,,,252,red,10700,9687,20387
83,,3110200,1,20260929,7391,410,380,0,0,0,0,6849,393,317,0,0,0,0,3,35.36071103427663,139.629686,,,,,,,,,,,,,252,red,8181,7559,15740
83,,3110220,1,20260929,14227,5070,0,0,0,0,0,13053,4284,0,0,0,0,0,3,35.58894027456686,139.3426681,,,,,,,,,,,,,252,red,19297,17337,36634
83,,3110230,1,20260929,5629,471,275,0,0,0,0,5192,483,233,0,0,0,0,3,35.483485034433386,139.527129,,,,,,,,,,,,,252,red,6375,5908,12283
83,,3110240,1,20260929,9385,3655,0,0,0,0,0,10211,3892,0,0,0,0,0,3,35.83073572486877,139.3800849,,,,,,,,,,,,,252,red,13040,14103,27143
83,,3110250,1,20260929,13800,4908,315,0,0,0,0,12892,5047,181,0,0,0,0,3,35.707798574715994,140.1198261,,,,,,,,,,,,,252,red,19023,18120,37143
83,,3110260,1,20260929,7870,2812,541,0,0,0,0,11448,3376,228,0,0,0,0,3,35.53057826449313,140.0927666,,,,,,,,,,,,,252,red,11223,15052,26275
83,,3110270,1,20260929,8926,1893,365,0,0,0,0,8906,2008,1041,0,0,0,0,3,35.79240130482129,139.6854329,,,,,,,,,,,,,252,red,11184,11955,23139
83,,3110280,1,20260929,20048,6566,0,0,0,0,0,20241,6559,0,0,0,0,0,3,35.803056924834515,139.6481824,,,,,,,,,,,,,252,red,26614,26800,53414
83,,3110290,1,20260929,13658,2947,0,0,0,0,0,13344,2698,0,0,0,0,0,3,36.07243401516468,139.4990623,,,,,,,,,,,,,252,red,16605,16042,32647
83,,3110300,1,20260929,5419,440,0,0,0,0,0,5465,478,0,0,0,0,0,3,36.18854634530473,139.3083894,,,,,,,,,,,,,252,red,5859,5943,11802
83,,3110310,1,20260929,7344,1120,126,0,0,0,0,7766,1238,105,0,0,0,0,3,36.28225430541672,139.0870374,,,,,,,,,,,,,252,red,8590,9109,17699
83,,3110320,1,20260929,14626,1147,663,0,0,0,0,15207,921,302,0,0,0,0,3,36.3553183655034,139.0125096,,,,,,,,,,,,,252,red,16436,16430,32866
83,,3110350,1,20260929,7188,1439,0,0,0,0,0,8545,1552,0,0,0,0,0,3,36.343173145489025,138.5572287,,,,,,,,,,,,,252,red,8627,10097,18724
83,,3110360,1,20260929,8140,767,0,0,0,0,0,7609,675,0,0,0,0,0,3,36.37715425552919,138.2764444,,,,,,,,,,,,,252,red,8907,8284,17191
83,,3110370,1,20260929,5936,797,0,0,0,0,0,6950,689,0,0,0,0,0,3,36.6491958258463,138.2215959,,,,,,,,,,,,,252,red,6733,7639,14372
83,,3110380,1,20260929,6849,792,0,0,0,0,0,6710,729,0,0,0,0,0,3,36.20646628532621,137.9629773,,,,,,,,,,,,,252,red,7641,7439,15080
83,,3110390,1,20260929,1378,298,0,0,0,0,0,1310,277,0,0,0,0,0,3,36.53866995571842,137.9675826,,,,,,,,,,,,,252,red,1676,1587,3263
83,,3110400,1,20260929,12425,1146,425,0,0,0,0,12670,1264,865,0,0,0,0,3,35.669090024667575,139.59433440000004,,,,,,,,,,,,,252,red,13996,14799,28795
83,,3110410,1,20260929,4752,498,188,0,0,0,0,3680,481,46,0,0,0,0,3,35.617552604602885,139.1855389,,,,,,,,,,,,,252,red,5438,4207,9645
83,,3110420,1,20260929,3557,554,0,0,0,0,0,3352,609,0,0,0,0,0,3,35.611220394594916,138.9628673,,,,,,,,,,,,,100,red,4111,3961,8072
83,,3110430,1,20260929,846,917,0,0,0,0,0,701,1164,0,0,0,0,0,3,35.603966294585796,138.8040242,,,,,,,,,,,,,100,red,1763,1865,3628
83,,3110440,1,20260929,6049,805,0,0,0,0,0,5989,788,0,0,0,0,0,3,35.66782617466599,138.5078037,,,,,,,,,,,,,100,red,6854,6777,13631
83,,3110450,1,20260929,1704,609,0,0,0,0,0,1678,611,0,0,0,0,0,3,35.90777048496373,138.2345215,,,,,,,,,,,,,252,red,2313,2289,4602
83,,3110460,1,20260929,4548,408,0,0,0,0,0,4693,428,0,0,0,0,0,3,36.07055654516242,138.0938691,,,,,,,,,,,,,252,red,4956,5121,10077
83,,3110470,1,20260929,6237,1207,75,0,0,0,0,5909,1123,35,0,0,0,0,3,36.378318235530564,139.2290443,,,,,,,,,,,,,252,red,7519,7067,14586
83,,3110480,1,20260929,11334,3405,119,0,0,0,0,10100,2880,701,0,0,0,0,3,36.314701575455274,139.4271684,,,,,,,,,,,,,252,red,14858,13681,28539
83,,3110490,1,20260929,5964,937,0,0,0,0,0,5485,781,0,0,0,0,0,3,36.3924270955472,140.2677888,,,,,,,,,,,,,249,red,6901,6266,13167
83,,3110520,1,20260929,3448,712,0,0,0,0,0,3607,722,0,0,0,0,0,3,35.95803238502537,140.6007609,,,,,,,,,,,,,249,red,4160,4329,8489
83,,3110550,1,20260929,32,2,1,0,0,0,0,0,0,0,0,0,0,0,3,35.150913034005455,139.829981,,,,,,,,,,,,,252,red,35,0,35
83,,3110560,1,20260929,2497,391,0,0,0,0,0,2933,287,0,0,0,0,0,3,35.43543715437221,138.84019380000004,,,,,,,,,,,,,100,red,2888,3220,6108
83,,3110570,1,20260929,1139,206,0,0,0,0,0,1288,276,0,0,0,0,0,3,35.39117538431567,138.86336800000004,,,,,,,,,,,,,94,red,1345,1564,2909
83,,3110580,1,20260929,923,510,0,0,0,0,0,1006,426,0,0,0,0,0,3,35.47790102442629,138.6703992,,,,,,,,,,,,,100,red,1433,1432,2865
83,,3110590,1,20260929,3089,268,0,0,0,0,0,3004,286,0,0,0,0,0,3,35.51892892447836,138.83839670000003,,,,,,,,,,,,,97,red,3357,3290,6647
83,,3110610,1,20260929,18305,3026,741,0,0,0,0,9459,1582,4230,0,0,0,0,3,35.536946034501184,139.510691,,,,,,,,,,,,,252,red,22072,15271,37343
83,,3110620,1,20260929,14729,4787,575,0,0,0,0,16230,4997,289,0,0,0,0,3,35.472892034419914,139.412266,,,,,,,,,,,,,252,red,20091,21516,41607
83,,3110630,1,20260929,11750,1468,435,0,0,0,0,10342,1399,544,0,0,0,0,3,35.4275870343622,139.351511,,,,,,,,,,,,,252,red,13653,12285,25938
83,,3110640,1,20260929,6244,922,280,0,0,0,0,6802,906,166,0,0,0,0,3,35.37445003429424,139.203293,,,,,,,,,,,,,252,red,7446,7874,15320
83,,3110650,1,20260929,4309,2531,348,0,0,0,0,3213,1895,43,0,0,0,0,3,35.36087503427685,139.014722,,,,,,,,,,,,,252,red,7188,5151,12339
83,,3110660,1,20260929,15035,5212,536,0,0,0,0,11306,4794,730,0,0,0,0,3,35.68396699468621,139.992342,,,,,,,,,,,,,252,red,20783,16830,37613
83,,3110670,1,20260929,5136,3676,194,0,0,0,0,5167,4754,427,0,0,0,0,3,35.588442964566234,139.7548217,,,,,,,,,,,,,252,red,9006,10348,19354
83,,3110980,1,20260929,5647,1083,109,0,0,0,0,5874,1120,221,0,0,0,0,1,36.24888937537695,138.4463891,,,,,,,,,,,,,252,red,6839,7215,14054
83,,3110990,1,20260929,3956,824,0,0,0,0,0,0,0,0,0,0,0,0,1,36.242588925369425,138.4374556,,,,,,,,,,,,,252,red,4780,0,4780
83,,3111000,1,20260929,0,0,0,0,0,0,0,3953,778,0,0,0,0,0,1,36.22486392534824,138.4372861,,,,,,,,,,,,,252,red,0,4731,4731
83,,3111010,1,20260929,3243,739,0,0,0,0,0,3374,739,0,0,0,0,0,1,36.16839725528054,138.4688,,,,,,,,,,,,,252,red,3982,4113,8095
83,,3111030,1,20260929,2080,635,0,0,0,0,0,0,0,0,0,0,0,0,1,36.14629447525393,138.4676028,,,,,,,,,,,,,252,red,2715,0,2715
83,,3111040,1,20260929,0,0,0,0,0,0,0,2200,638,0,0,0,0,0,1,36.13644447524206,138.4613806,,,,,,,,,,,,,252,red,0,2838,2838
83,,3111050,1,20260929,2947,1579,84,0,0,0,0,2919,1511,60,0,0,0,0,1,35.443037034381895,138.453937,,,,,,,,,,,,,252,red,4610,4490,9100
83,,3111060,1,20260929,2931,1337,29,0,0,0,0,3133,1259,92,0,0,0,0,1,35.48100503443024,138.45894900000002,,,,,,,,,,,,,252,red,4297,4484,8781
83,,3111070,1,20260929,1369,1002,194,0,0,0,0,1049,733,114,0,0,0,0,1,35.35961103427522,138.456636,,,,,,,,,,,,,252,red,2565,1896,4461
83,,3111080,1,20260929,1043,711,243,0,0,0,0,2535,1566,87,0,0,0,0,1,35.337913034247364,138.45119000000003,,,,,,,,,,,,,252,red,1997,4188,6185
83,,3111090,1,20260929,2676,1582,213,0,0,0,0,2362,1515,153,0,0,0,0,1,35.27778503416994,138.444487,,,,,,,,,,,,,252,red,4471,4030,8501
83,,3310680,1,20260929,12493,1659,460,0,0,0,0,14070,1626,671,0,0,0,0,3,35.55346203452207,139.695301,,,,,,,,,,,,,252,red,14612,16367,30979
83,,3310690,1,20260929,8719,1165,455,0,0,0,0,9672,1090,595,0,0,0,0,3,35.476498034424495,139.611304,,,,,,,,,,,,,252,red,10339,11357,21696
83,,3310720,1,20260929,13781,2950,1055,0,0,0,0,15259,2770,1292,0,0,0,0,3,35.78172684480805,139.8030451,,,,,,,,,,,,,252,red,17786,19321,37107
83,,3310730,1,20260929,11835,1562,1027,0,0,0,0,13198,1655,1100,0,0,0,0,3,35.723854004736026,139.819876,,,,,,,,,,,,,252,red,14424,15953,30377
83,,3310740,1,20260929,15515,2587,765,0,0,0,0,0,0,0,0,252,252,0,3,35.76173829478322,139.8620188,,,,,,,,,,,,,252,red,18867,0,18867
83,,3310750,1,20260929,8534,1790,1734,0,0,0,0,12056,2027,2307,0,0,0,0,3,35.768080334791094,139.8831359,,,,,,,,,,,,,252,red,12058,16390,28448
83,,3310760,1,20260929,6626,690,0,0,0,0,0,6700,443,0,0,0,0,0,3,36.333593035477676,140.487226,,,,,,,,,,,,,249,red,7316,7143,14459
83,,3310770,1,20260929,12179,2249,1362,0,0,0,0,4320,1038,1321,0,0,0,0,3,35.696867714702336,139.8301488,,,,,,,,,,,,,252,red,15790,6679,22469
83,,3310780,1,20260929,10528,2035,740,0,0,0,0,11994,1922,547,0,0,0,0,3,35.550513454518345,139.7165117,,,,,,,,,,,,,252,red,13303,14463,27766
83,,3310790,1,20260929,8352,805,0,0,0,0,0,8463,810,0,0,0,0,0,3,35.30616103420651,139.624807,,,,,,,,,,,,,252,red,9157,9273,18430
83,,3310810,1,20260929,5316,2633,1213,0,0,0,0,3906,1834,943,0,0,0,0,3,35.88142903493132,139.9657318,,,,,,,,,,,,,252,red,9162,6683,15845
83,,3310820,1,20260929,14339,2484,822,0,0,0,0,12802,2354,723,0,0,0,0,3,35.769723434793136,139.7015664,,,,,,,,,,,,,252,red,17645,15879,33524
83,,3310830,1,20260929,4946,634,39,0,0,0,0,4180,650,26,0,0,0,0,3,36.65616783585431,139.0205401,,,,,,,,,,,,,252,red,5619,4856,10475
83,,3310840,1,20260929,14888,1422,588,0,0,0,0,9684,2170,797,0,0,0,0,3,35.67115788467016,139.6194506,,,,,,,,,,,,,252,red,16898,12651,29549
83,,3310850,1,20260929,8498,991,0,0,0,0,0,8191,947,0,0,0,0,0,3,35.644829464637155,138.6173022,,,,,,,,,,,,,100,red,9489,9138,18627
83,,3310860,1,20260929,965,367,0,0,0,0,0,839,395,0,0,0,0,0,3,35.85597447489995,138.2880181,,,,,,,,,,,,,100,red,1332,1234,2566
83,,3310880,1,20260929,1813,292,0,0,0,0,0,1940,342,0,0,0,0,0,3,35.58082577455663,138.474952,,,,,,,,,,,,,100,red,2105,2282,4387
83,,3310890,1,20260929,14588,1681,745,0,0,0,0,14146,1736,741,0,0,0,0,3,35.625824724613295,139.6414769,,,,,,,,,,,,,252,red,17014,16623,33637
83,,3310900,1,20260929,22477,3428,840,0,0,0,0,21100,3346,965,0,0,0,0,3,35.60764403459042,139.613062,,,,,,,,,,,,,252,red,26745,25411,52156
83,,3310910,1,20260929,4075,2614,564,0,0,0,0,4503,1983,240,0,0,0,0,3,35.34910803426173,139.141352,,,,,,,,,,,,,252,red,7253,6726,13979
83,,3310920,1,20260929,12568,1373,1249,0,0,0,0,13187,1707,1126,0,0,0,0,3,35.74888073476721,139.6969986,,,,,,,,,,,,,252,red,15190,16020,31210
83,,3310930,1,20260929,15330,2040,586,0,0,0,0,15506,1977,546,0,0,0,0,3,35.757753044778255,139.6835902,,,,,,,,,,,,,252,red,17956,18029,35985
83,,3310940,1,20260929,17254,4602,373,0,0,0,0,14677,4620,431,0,0,0,0,3,35.653820154648436,140.0442401,,,,,,,,,,,,,252,red,22229,19728,41957
83,,3310950,1,20260929,16042,7809,672,0,0,0,0,6992,3918,1998,0,0,0,0,3,35.64815995464133,139.9005461,,,,,,,,,,,,,252,red,24523,12908,37431
83,,3310960,1,20260929,3268,2221,404,0,0,0,0,461,273,720,0,0,0,0,3,35.646721404639536,139.8238456,,,,,,,,,,,,,252,red,5893,1454,7347
84,,4110010,1,20260929,25877,4953,0,0,0,0,0,22226,7141,0,0,0,0,0,3,37.932215037230314,139.139722,,,,,,,,,,,,,252,red,30830,29367,60197
84,,4110020,1,20260929,7993,488,0,0,0,0,0,8030,637,0,0,0,0,0,3,37.96100603725917,139.354741,,,,,,,,,,,,,252,red,8481,8667,17148
84,,4110030,1,20260929,1744,987,0,0,0,0,0,1832,808,0,0,0,0,0,3,38.540634037818585,139.550276,,,,,,,,,,,,,252,red,2731,2640,5371
84,,4110040,1,20260929,37995,6330,0,0,0,0,0,37814,4408,0,0,0,0,0,3,37.89993403719785,139.068639,139.0649569,37.8988954271968,,,,,,,,,,,252,red,44325,42222,86547
84,,4110060,1,20260929,5510,1370,226,0,0,0,0,5253,1405,275,0,0,0,0,3,37.56415502685272,138.8938299,,,,,,,,,,,,,252,red,7106,6933,14039
84,,4110070,1,20260929,6262,579,113,0,0,0,0,6754,544,100,0,0,0,0,3,37.44889503673119,138.76828100000003,,,,,,,,,,,,,252,red,6954,7398,14352
84,,4110090,1,20260929,820,542,0,0,0,0,0,811,519,0,0,0,0,0,3,36.97923003622018,137.642048,,,,,,,,,,,,,252,red,1362,1330,2692
84,,4110110,1,20260929,11406,1564,37,0,0,0,0,11004,1445,74,0,0,0,0,3,36.737147395947105,137.3387361,137.3387361,36.737147395947105,,,,,,,,,,,252,red,13007,12523,25530
84,,4110120,1,20260929,11094,1925,65,0,0,0,0,12314,1864,69,0,0,0,0,3,36.74295939595373,137.1063924,,,,,,,,,,,,,252,red,13084,14247,27331
84,,4110130,1,20260929,11627,1976,40,0,0,0,0,11533,1877,64,0,0,0,0,3,36.75988562597303,137.0465469,,,,,,,,,,,,,252,red,13643,13474,27117
84,,4110140,1,20260929,5372,1483,29,0,0,0,0,5663,1512,34,0,0,0,0,3,36.6765250558777,136.8260425,,,,,,,,,,,,,252,red,6884,7209,14093
84,,4110150,1,20260929,24876,4222,0,0,0,0,0,24835,4398,0,0,0,0,0,3,36.589046875776866,136.6271782,136.6276288,36.58868075577644,,,,,,,,,,,252,red,29098,29233,58331
84,,4110160,1,20260929,7806,1875,0,0,0,0,0,7002,1706,0,0,0,0,0,3,36.33272803547666,136.42083400000004,,,,,,,,,,,,,252,red,9681,8708,18389
84,,4110170,1,20260929,5308,1723,102,0,0,0,0,5019,1552,417,0,0,0,0,3,36.295882035432925,136.303694,,,,,,,,,,,,,252,red,7133,6988,14121
84,,4110180,1,20260929,2928,316,0,0,0,0,0,3211,296,0,0,0,0,0,3,37.35568202663179,138.5718066,,,,,,,,,,,,,252,red,3244,3507,6751
84,,4110190,1,20260929,443,61,19,0,0,0,0,387,57,10,0,0,0,0,3,36.785345316001994,138.8016209,,,,,,,,,,,,,252,red,523,454,977
84,,4110200,1,20260929,5013,830,255,0,0,0,0,4175,746,371,0,0,0,0,3,37.05929117630906,138.8725331,,,,,,,,,,,,,252,red,6098,5292,11390
84,,4110210,1,20260929,5470,1085,748,0,0,0,0,0,0,0,0,0,0,0,3,37.379305636657065,138.8344324,,,,,,,,,,,,,252,red,7303,0,7303
84,,4110220,1,20260929,1706,404,0,0,0,0,0,1607,359,0,0,0,0,0,3,36.859512036085945,138.194944,,,,,,,,,,,,,252,red,2110,1966,4076
84,,4110230,1,20260929,5134,430,19,0,0,0,0,4592,446,17,0,0,0,0,3,36.59277686578118,137.2042608,,,,,,,,,,,,,252,red,5583,5055,10638
84,,4110240,1,20260929,10801,597,73,0,0,0,0,10564,596,90,0,0,0,0,3,36.68543044588792,137.2119749,,,,,,,,,,,,,252,red,11471,11250,22721
84,,4110250,1,20260929,1942,790,0,0,0,0,0,1897,820,0,0,0,0,0,3,37.66099003695361,139.47592,,,,,,,,,,,,,252,red,2732,2717,5449
84,,4110260,1,20260929,1923,645,0,0,0,0,0,1691,516,0,0,0,0,0,3,38.081379037378746,139.576978,,,,,,,,,,,,,252,red,2568,2207,4775
84,,4110270,1,20260929,2357,694,0,0,0,0,0,2247,693,0,0,0,0,0,3,37.60222103689251,138.798415,,,,,,,,,,,,,252,red,3051,2940,5991
84,,4110280,1,20260929,7326,261,39,0,0,0,0,7725,298,27,0,0,0,0,3,36.650611795847915,136.963672,,,,,,,,,,,,,252,red,7626,8050,15676
84,,4110290,1,20260929,7875,1013,0,0,0,0,0,8482,908,0,0,0,0,0,3,36.52124203569812,136.587868,,,,,,,,,,,,,252,red,8888,9390,18278
84,,4110300,1,20260929,11589,2977,0,0,252,0,0,13610,1112,0,0,0,0,0,3,36.59043403577848,136.685666,136.68521,36.59039903577843,,,,,,,,,,,252,red,14566,14722,29288
84,,4110310,1,20260929,502,22,7,0,0,0,0,508,19,6,0,0,0,0,3,37.0464990362949,137.047738,,,,,,,,,,,,,252,red,531,533,1064
84,,4110320,1,20260929,1765,438,7,0,0,0,0,1980,674,11,0,0,0,0,3,36.8686864160963,136.96136,,,,,,,,,,,,,252,red,2210,2665,4875
84,,4110330,1,20260929,2973,538,22,0,0,0,0,3214,777,28,0,0,0,0,3,36.83313510605615,136.9442582,,,,,,,,,,,,,252,red,3533,4019,7552
84,,4110340,1,20260929,3298,1723,0,0,0,0,0,2520,3018,0,0,0,0,0,3,36.75969223597281,136.9658715,,,,,,,,,,,,,252,red,5021,5538,10559
84,,4110350,1,20260929,1874,520,7,0,0,0,0,2532,900,0,0,252,0,0,3,37.240650036507716,136.905469,,,,,,,,,,,,,252,red,2401,3432,5833
84,,4110351,1,20260929,354,27,0,0,0,0,0,2011,604,0,0,0,0,0,3,37.31000403658269,136.9066,,,,,,,,,,,,,252,red,381,2615,2996
84,,4110370,1,20260929,4753,302,0,0,0,0,0,4454,347,0,0,0,0,0,6,37.83527203713243,139.227435,,,,,,,,,,,,,252,red,5055,4801,9856
84,,4110371,1,20260929,3930,553,0,0,0,0,0,4110,582,0,0,0,0,0,3,37.829370037126424,139.20906,,,,,,,,,,,,,252,red,4483,4692,9175
84,,4110380,1,20260929,2466,441,0,0,0,0,0,2399,402,0,0,0,0,0,3,37.73164303702653,139.333641,,,,,,,,,,,,,252,red,2907,2801,5708
84,,4110390,1,20260929,2212,473,0,0,0,0,0,2414,541,0,0,0,0,0,3,37.699376036993314,139.38248,,,,,,,,,,,,,252,red,2685,2955,5640
84,,4110400,1,20260929,1595,468,0,0,0,0,0,2019,688,0,0,0,0,0,3,37.012781036257515,137.026061,,,,,,,,,,,,,252,red,2063,2707,4770
84,,4110410,1,20260929,13046,2447,0,0,0,0,0,4807,633,0,0,0,252,0,3,36.38238103553535,136.486002,,,,,,,,,,,,,252,red,15493,5440,20933
84,,4110430,1,20260929,490,170,0,0,0,0,0,535,237,0,0,0,0,0,3,37.01726703626248,136.967459,,,,,,,,,,,,,252,red,660,772,1432
84,,4110440,1,20260929,3303,540,7,0,0,0,0,3388,816,39,0,0,0,0,3,36.80001257601863,136.9558319,,,,,,,,,,,,,252,red,3850,4243,8093
84,,4110450,1,20260929,1680,465,25,0,0,0,0,1929,769,65,0,0,0,0,3,36.88168028611092,136.97572590000001,,,,,,,,,,,,,252,red,2170,2763,4933
84,,4110460,1,20260929,1464,411,8,0,0,0,0,1808,645,18,0,0,0,0,3,36.93083435616611,137.0132339,,,,,,,,,,,,,252,red,1883,2471,4354
84,,4110470,1,20260929,6694,1023,66,0,0,0,0,7000,949,27,0,0,0,0,3,36.84399970606843,137.4189931,,,,,,,,,,,,,252,red,7783,7976,15759
84,,4110480,1,20260929,5451,1123,0,0,0,0,0,4825,1006,0,0,0,0,0,3,37.7661015170619,139.0265521,,,,,,,,,,,,,252,red,6574,5831,12405
84,,4110490,1,20260929,4924,945,0,0,0,0,0,4627,868,0,0,0,0,0,3,37.77256794706851,139.0261587,,,,,,,,,,,,,252,red,5869,5495,11364
84,,4110880,1,20260929,4102,687,0,0,0,0,0,4333,599,0,0,0,0,0,3,37.159443036419226,138.223379,,,,,,,,,,,,,252,red,4789,4932,9721
84,,4160390,1,20260929,1541,688,0,0,0,0,0,1417,561,0,0,0,0,0,1,38.268866037561445,139.522026,,,,,,,,,,,,,252,red,2229,1978,4207
84,,4310010,1,20260929,20653,1753,0,0,0,0,0,17774,1637,0,0,0,0,0,3,37.90111003719903,139.07252,139.07275,37.90117003719909,,,,,,,,,,,252,red,22406,19411,41817
84,,4310012,1,20260929,7592,187,0,0,0,0,0,7227,150,0,0,0,0,0,3,37.92162903721969,139.058415,139.059129,37.921847037219905,,,,,,,,,,,252,red,7779,7377,15156
84,,4310014,1,20260929,26981,3494,0,0,0,2,0,20870,2484,0,0,0,252,0,3,37.91719603721522,139.11685,,,,,,,,,,,,,252,red,30475,23354,53829
84,,4310020,1,20260929,13607,1227,0,0,0,0,0,7845,717,0,0,0,0,0,3,37.96990561726807,139.2601579,,,,,,,,,,,,,252,red,14834,8562,23396
84,,4310030,1,20260929,13322,1144,0,0,0,0,0,11206,908,0,0,0,0,0,3,37.959626427257795,139.290365,,,,,,,,,,,,,252,red,14466,12114,26580
84,,4310060,1,20260929,10086,1430,0,0,0,0,0,12349,1655,0,0,0,0,0,3,37.855369037152805,139.017016,,,,,,,,,,,,,252,red,11516,14004,25520
84,,4310070,1,20260929,6194,1131,0,0,0,0,0,5526,1171,0,0,0,0,0,3,37.213535036478255,138.30873,,,,,,,,,,,,,252,red,7325,6697,14022
84,,4310080,1,20260929,6316,807,0,0,0,0,0,7539,717,0,0,0,0,0,3,37.15957303641935,138.228132,,,,,,,,,,,,,252,red,7123,8256,15379
84,,4310090,1,20260929,2914,709,0,0,0,0,0,2766,583,0,0,0,0,0,3,37.119068036374955,138.031711,,,,,,,,,,,,,252,red,3623,3349,6972
84,,4310100,1,20260929,4776,758,0,0,0,0,0,3623,668,0,0,0,0,0,3,37.04548803629378,137.853387,,,,,,,,,,,,,252,red,5534,4291,9825
84,,4310110,1,20260929,2632,130,24,0,0,0,0,1794,82,16,0,0,0,0,3,37.055192036304526,137.905522,,,,,,,,,,,,,252,red,2786,1892,4678
84,,4310120,1,20260929,4108,1036,0,0,0,0,0,3650,847,0,0,0,0,0,3,36.94553606618256,137.53465,,,,,,,,,,,,,252,red,5144,4497,9641
84,,4310130,1,20260929,8384,1122,20,0,0,0,0,8389,1085,46,0,0,0,0,3,36.77997831599589,137.3953897,137.3949552,36.779578725995435,,,,,,,,,,,252,red,9526,9520,19046
84,,4310160,1,20260929,3017,453,0,0,0,0,0,3130,499,0,0,0,0,0,3,36.6900247158932,136.89856410000002,,,,,,,,,,,,,252,red,3470,3629,7099
84,,4310170,1,20260929,2804,595,53,0,0,0,0,1,0,0,0,0,0,0,3,36.92741586616228,137.4845517,,,,,,,,,,,,,252,red,3452,1,3453
84,,4310190,1,20260929,5636,1756,0,0,252,0,0,5694,1420,0,0,252,0,0,3,36.68614025588873,136.7302394,,,,,,,,,,,,,252,red,7392,7114,14506
84,,4310200,1,20260929,5732,1281,0,0,0,0,0,5627,1304,0,0,0,0,0,3,36.68324936588542,136.7232978,,,,,,,,,,,,,252,red,7013,6931,13944
84,,4310210,1,20260929,19615,3341,0,0,0,0,0,18936,3096,0,0,0,0,0,3,36.562841365746486,136.5982425,,,,,,,,,,,,,252,red,22956,22032,44988
84,,4310220,1,20260929,15783,3037,0,0,0,0,0,16236,2511,0,0,0,0,0,3,36.50450003567862,136.550432,,,,,,,,,,,,,252,red,18820,18747,37567
84,,4310230,1,20260929,10770,2294,0,0,0,0,0,12205,2054,0,0,0,0,0,3,36.42391556558427,136.483165,,,,,,,,,,,,,252,red,13064,14259,27323
84,,4310250,1,20260929,3983,1552,0,0,0,0,0,4055,1518,0,0,0,0,0,3,36.2785439554123,136.2915319,,,,,,,,,,,,,252,red,5535,5573,11108
84,,4310270,1,20260929,2496,73,4,0,0,0,0,1930,73,13,0,0,0,0,3,37.072231146323354,138.87240170000004,,,,,,,,,,,,,252,red,2573,2016,4589
84,,4310280,1,20260929,3668,841,0,0,0,0,1,4138,863,0,0,0,0,1,3,36.93595003617183,138.219789,,,,,,,,,,,,,252,red,4509,5001,9510
84,,4310300,1,20260929,15112,1663,0,0,0,0,0,14862,1864,0,0,0,0,0,3,37.135361036392844,138.266363,,,,,,,,,,,,,252,red,16775,16726,33501
84,,4310310,1,20260929,1622,518,16,0,0,0,0,1795,540,15,0,0,0,0,3,36.469212195637375,137.2416294,,,,,,,,,,,,,252,red,2156,2350,4506
84,,4310320,1,20260929,1566,531,37,0,0,0,0,1856,528,6,0,0,0,0,3,36.51196446568731,137.2282451,,,,,,,,,,,,,252,red,2134,2390,4524
84,,4310330,1,20260929,8421,961,0,0,0,0,0,7747,883,0,0,0,0,0,3,36.636592975831775,137.209239,,,,,,,,,,,,,252,red,9382,8630,18012
84,,4310350,1,20260929,12916,1683,0,0,0,0,0,10648,2015,0,0,0,0,0,3,37.85868303715617,139.114645,,,,,,,,,,,,,252,red,14599,12663,27262
84,,4310360,1,20260929,2598,609,443,0,0,0,0,3920,663,118,0,0,0,0,3,37.44596703672809,138.637808,,,,,,,,,,,,,252,red,3650,4701,8351
84,,4310370,1,20260929,5104,1254,0,0,0,0,0,5254,1212,0,0,0,0,0,3,37.659782356952356,138.8757271,,,,,,,,,,,,,252,red,6358,6466,12824
84,,4310380,1,20260929,3857,1050,0,0,0,0,0,3934,1343,0,0,0,0,0,3,37.75046003704586,138.90062,,,,,,,,,,,,,252,red,4907,5277,10184
84,,4310390,1,20260929,243,320,0,0,0,0,0,122,174,0,0,0,142,0,3,37.8373130371345,138.931687,,,,,,,,,,,,,252,red,563,296,859
84,,4310400,1,20260929,316,76,2,0,0,0,0,450,142,2,0,0,0,0,3,36.554335475736636,137.0083094,,,,,,,,,,,,,252,red,394,594,988
84,,4310410,1,20260929,3272,303,22,0,0,0,0,3477,318,43,0,0,0,0,3,36.956120636194385,136.8892354,,,,,,,,,,,,,252,red,3597,3838,7435
84,,4310411,1,20260929,3046,323,0,0,0,0,0,3187,343,0,0,0,0,0,3,36.92171203615589,136.844019,,,,,,,,,,,,,252,red,3369,3530,6899
84,,4310420,1,20260929,1704,161,0,0,0,0,0,1704,165,0,0,0,0,0,3,36.81057320603062,136.7629731,,,,,,,,,,,,,252,red,1865,1869,3734
84,,4310430,1,20260929,13020,1819,0,0,0,0,0,13502,1468,0,0,0,0,0,3,36.68889768589191,136.7214257,,,,,,,,,,,,,252,red,14839,14970,29809
84,,4310440,1,20260929,8562,737,0,0,0,0,0,7824,927,0,0,0,0,0,3,36.62649371582013,136.7029238,,,,,,,,,,,,,252,red,9299,8751,18050
84,,4310441,1,20260929,11397,911,0,0,0,0,0,11790,781,0,0,0,0,0,3,36.60182503579164,136.700048,,,,,,,,,,,,,252,red,12308,12571,24879
84,,4310450,1,20260929,16193,1122,0,0,0,0,0,16231,695,780,0,0,0,0,3,36.57428003575976,136.686305,136.6864014,36.57449126576,,,,,,,,,,,252,red,17315,17706,35021
84,,4310460,1,20260929,319,56,14,0,0,0,0,309,49,8,0,0,0,0,3,36.9580881961966,137.048108,,,,,,,,,,,,,252,red,389,366,755
84,,4310470,1,20260929,10005,964,40,0,0,0,0,11530,830,59,0,0,0,0,3,36.77955370599541,137.0001501,,,,,,,,,,,,,252,red,11009,12419,23428
85,22,5110100,1,20260929,14749,2361,431,0,0,0,0,12197,2560,641,0,0,0,0,3,35.15213957400704,138.9246216,,,,,,,,,,,,,252,red,17541,15398,32939
85,22,5110109,1,20260929,5698,1020,156,0,0,0,0,5803,877,28,0,0,0,0,3,35.118767763963525,138.9293772,,,,,,,,,,,,,252,red,6874,6708,13582
85,22,5110111,1,20260929,15238,1330,197,0,0,0,0,14111,1198,138,0,0,0,0,3,35.10924329395108,138.9124954,,,,,,,,,,,,,252,red,16765,15447,32212
85,22,5110115,1,20260929,10875,3487,0,0,0,0,0,11369,3216,0,0,0,0,0,3,35.138890033989775,138.739584,,,,,,,,,,,,,252,red,14362,14585,28947
85,22,5110120,1,20260929,14873,4980,0,0,0,0,0,15465,5040,0,0,0,0,0,3,35.06126803388831,138.536991,,,,,,,,,,,,,252,red,19853,20505,40358
85,22,5110125,1,20260929,13433,995,0,0,0,0,0,12952,1051,0,0,0,0,0,3,34.99945503380712,138.431978,,,,,,,,,,,,,252,red,14428,14003,28431
85,22,5110130,1,20260929,19305,5294,0,0,0,0,0,18468,4678,0,0,0,0,0,3,35.00292603381168,138.37946,,,,,,,,,,,,,252,red,24599,23146,47745
85,22,5110135,1,20260929,18524,4992,0,0,0,0,0,18876,4763,0,0,0,0,0,3,34.9427310337323,138.326229,,,,,,,,,,,,,252,red,23516,23639,47155
85,22,5110140,1,20260929,10153,3167,0,0,0,0,0,9599,3129,0,0,0,0,0,3,34.87443903364182,138.231472,,,,,,,,,,,,,252,red,13320,12728,26048
85,22,5110145,1,20260929,9151,3118,0,0,0,0,0,8327,3391,0,0,0,0,0,3,34.831770733585074,138.1182557,,,,,,,,,,,,,252,red,12269,11718,23987
85,22,5110148,1,20260929,23911,5551,0,0,0,1,0,24661,5301,0,0,0,0,0,3,34.73805952345989,137.853806,,,,,,,,,,,,,252,red,29462,29962,59424
85,22,5110150,1,20260929,18513,3315,889,0,0,0,0,26130,7306,0,0,0,0,0,3,34.731415953450984,137.7966642,,,,,,,,,,,,,252,red,22717,33436,56153
85,22,5110155,1,20260929,10881,4891,0,0,0,0,0,4903,2481,0,0,0,0,0,3,34.67742179337847,137.6802735,,,,,,,,,,,,,252,red,15772,7384,23156
85,22,5110158,1,20260929,13969,5033,0,0,0,0,0,12316,4657,0,0,0,0,0,3,34.67846877337988,137.608459,,,,,,,,,,,,,252,red,19002,16973,35975
85,22,5110160,1,20260929,7808,4021,0,0,0,0,0,7558,4081,0,0,0,0,0,3,34.67701253337791,137.5025406,,,,,,,,,,,,,252,red,11829,11639,23468
85,23,5110170,1,20260929,11101,1972,0,0,0,0,0,12968,2760,0,0,0,0,0,3,34.7982592835404,137.36621260000004,,,,,,,,,,,,,252,red,13073,15728,28801
85,23,5110175,1,20260929,10486,2020,0,0,0,0,0,10931,1922,0,0,0,0,0,3,34.92391956370741,137.2032416,,,,,,,,,,,,,252,red,12506,12853,25359
85,23,5110180,1,20260929,5735,976,0,0,0,0,0,6389,798,0,0,0,0,0,3,35.12246228396835,136.7712316,,,,,,,,,,,,,252,red,6711,7187,13898
85,24,5110185,1,20260929,8468,1377,0,0,0,0,0,8382,1378,0,0,0,0,0,3,35.02683417384312,136.6459825,,,,,,,,,,,,,252,red,9845,9760,19605
85,24,5110190,1,20260929,7675,3613,0,0,0,0,0,9548,3632,0,0,0,0,0,3,34.914394373694805,136.5686551,,,,,,,,,,,,,252,red,11288,13180,24468
85,23,5110250,1,20260929,11439,1894,0,0,0,0,0,11873,1913,0,0,0,0,0,3,35.23002111410819,136.9279236,,,,,,,,,,,,,252,red,13333,13786,27119
85,23,5110255,1,20260929,12516,1809,0,0,0,0,0,9186,1772,0,0,0,0,0,3,35.22358825409986,136.8807274,,,,,,,,,,,,,252,red,14325,10958,25283
85,22,5111410,1,20260929,3511,313,24,0,0,0,0,3071,243,20,0,0,0,0,3,34.9385786437268,138.9422778,,,,,,,,,,,,,252,red,3848,3334,7182
85,22,5111435,1,20260929,11178,1545,0,0,0,0,0,11252,1420,0,0,0,0,0,3,35.112323893955114,138.9483055,,,,,,,,,,,,,252,red,12723,12672,25395
85,22,5111440,1,20260929,2641,378,84,0,0,0,0,1054,186,145,0,0,0,0,3,35.09294534392978,138.9461249,,,,,,,,,,,,,252,red,3103,1385,4488
85,22,5111460,1,20260929,1099,140,0,0,0,0,0,1238,197,0,0,0,0,0,3,34.773393033507176,138.94734200000002,,,,,,,,,,,,,252,red,1239,1435,2674
85,23,5111910,1,20260929,17407,3708,0,0,0,0,0,18290,4317,0,0,0,0,0,3,35.251491704135965,136.9747388,,,,,,,,,,,,,252,red,21115,22607,43722
85,21,5111920,1,20260929,10572,1927,0,0,0,0,0,11624,2017,0,0,0,0,0,3,35.33014667423738,137.0762497,,,,,,,,,,,,,252,red,12499,13641,26140
85,21,5111930,1,20260929,9430,1624,0,0,0,0,0,9997,1750,0,0,0,0,0,3,35.36635604428386,137.2135359,,,,,,,,,,,,,252,red,11054,11747,22801
85,21,5111940,1,20260929,17009,3298,0,0,0,0,0,14257,2088,0,0,0,0,0,3,35.477490394425764,137.4827895,,,,,,,,,,,,,252,red,20307,16345,36652
85,21,5111950,1,20260929,4066,2283,0,0,0,0,0,3734,1081,0,0,0,0,0,3,35.54294722450878,137.5415325,,,,,,,,,,,,,252,red,6349,4815,11164
85,20,5111960,1,20260929,2781,1774,0,0,0,0,0,2456,1019,0,0,0,0,0,3,35.79372550482294,137.6867026,,,,,,,,,,,,,252,red,4555,3475,8030
85,20,5111970,1,20260929,0,0,0,0,0,252,0,5434,0,0,0,0,0,0,3,35.86568255491192,137.7375698,,,,,,,,,,,,,252,red,0,5434,5434
85,21,5112190,1,20260929,2196,866,0,0,0,0,0,2233,952,0,0,0,0,0,3,35.35969120427531,136.4557958,,,,,,,,,,,,,252,red,3062,3185,6247
85,21,5112240,1,20260929,17362,2880,0,0,0,0,0,15592,2386,0,0,0,0,0,3,35.38091091430252,136.7844039,,,,,,,,,,,,,252,red,20242,17978,38220
85,23,5112320,1,20260929,22918,9557,0,0,0,0,0,21842,9352,0,0,0,0,0,3,34.935405063722605,137.0426846,,,,,,,,,,,,,252,red,32475,31194,63669
85,23,5112325,1,20260929,27657,9770,0,0,0,0,0,29284,10478,0,0,0,0,0,3,35.020771293835146,137.0130622,,,,,,,,,,,,,252,red,37427,39762,77189
85,23,5112330,1,20260929,33320,12967,0,0,0,0,0,35354,12412,0,0,0,0,0,3,35.04312062386452,136.9841158,,,,,,,,,,,,,252,red,46287,47766,94053
85,23,5112340,1,20260929,9801,7147,0,0,0,0,0,11288,6911,0,0,0,0,0,3,35.06974911389942,136.7566216,,,,,,,,,,,,,252,red,16948,18199,35147
85,24,5112350,1,20260929,13581,6593,0,0,0,0,0,13444,6356,0,0,0,0,0,3,35.00912200381983,136.6732612,,,,,,,,,,,,,252,red,20174,19800,39974
85,24,5112355,1,20260929,18107,1189,0,0,0,0,0,14879,1052,0,0,0,0,0,3,34.75468373348215,136.5225828,,,,,,,,,,,,,252,red,19296,15931,35227
85,24,5112360,1,20260929,10219,967,0,0,0,0,0,10167,880,0,0,0,0,0,3,34.558484833217825,136.6473028,,,,,,,,,,,,,252,red,11186,11047,22233
85,24,5112370,1,20260929,7741,1880,0,0,0,0,0,7925,1625,0,0,0,0,0,3,34.78302070352005,136.5006557,,,,,,,,,,,,,252,red,9621,9550,19171
85,24,5112375,1,20260929,8819,1927,0,0,0,0,0,9278,1840,0,0,0,0,0,3,34.74150673346451,136.4838785,,,,,,,,,,,,,252,red,10746,11118,21864
85,24,5112550,1,20260929,10129,10183,0,0,0,0,0,10189,9253,0,0,0,0,0,3,34.839452033595315,136.260335,,,,,,,,,,,,,252,red,20312,19442,39754
85,24,5112590,1,20260929,7448,9840,0,0,0,0,0,8927,8898,0,0,0,0,0,3,34.703780033413906,136.071242,,,,,,,,,,,,,252,red,17288,17825,35113
85,22,5113885,1,20260929,5442,2294,0,0,0,0,0,6396,2916,0,0,0,0,0,3,35.33142394423902,138.8977143,,,,,,,,,,,,,252,red,7736,9312,17048
85,22,5113890,1,20260929,3985,605,0,0,0,0,0,5101,542,0,0,0,0,0,3,35.32388868422933,138.9049485,,,,,,,,,,,,,252,red,4590,5643,10233
85,22,5113910,1,20260929,13375,3300,0,0,0,0,0,12344,2977,0,0,0,0,0,3,35.18190903404577,138.676858,,,,,,,,,,,,,252,red,16675,15321,31996
85,22,5113920,1,20260929,11377,2979,0,0,0,0,0,12886,2354,0,0,0,0,0,3,35.209794034081966,138.64987,,,,,,,,,,,,,252,red,14356,15240,29596
85,22,5113990,1,20260929,1021,762,0,0,0,0,0,1031,754,0,0,0,0,0,3,35.41511303434628,138.590083,,,,,,,,,,,,,252,red,1783,1785,3568
85,23,5114110,1,20260929,14497,3497,0,0,0,0,0,12863,3400,0,0,0,0,0,3,35.268750034158266,136.907566,,,,,,,,,,,,,252,red,17994,16263,34257
85,23,5114120,1,20260929,12606,4497,0,0,0,0,0,15230,4672,0,0,0,0,0,3,35.33167103423934,136.91981,,,,,,,,,,,,,252,red,17103,19902,37005
85,21,5114130,1,20260929,4027,1037,0,0,0,0,0,4298,821,0,0,0,0,0,3,35.48643303443713,137.055201,,,,,,,,,,,,,252,red,5064,5119,10183
85,21,5114140,1,20260929,3962,790,0,0,0,0,0,3585,750,0,0,0,0,0,3,35.78858303481656,137.25606,,,,,,,,,,,,,252,red,4752,4335,9087
85,21,5114150,1,20260929,4491,592,0,0,0,0,0,4523,609,0,0,0,0,0,3,35.86755403491424,137.213563,,,,,,,,,,,,,252,red,5083,5132,10215
85,21,5114160,1,20260929,2915,458,0,0,0,0,0,2809,399,0,0,0,0,0,3,36.07096803516291,137.267306,,,,,,,,,,,,,252,red,3373,3208,6581
85,21,5114170,1,20260929,1717,583,0,0,0,0,0,1548,722,0,0,0,0,0,3,36.26496203539611,137.138911,,,,,,,,,,,,,252,red,2300,2270,4570
85,21,5114180,1,20260929,1057,423,0,0,0,0,0,1149,449,0,0,0,0,0,3,36.459520035626035,137.248946,,,,,,,,,,,,,252,red,1480,1598,3078
85,24,5114210,1,20260929,6945,763,0,0,0,0,0,7056,543,0,0,0,0,0,3,34.51961103316506,136.541333,,,,,,,,,,,,,252,red,7708,7599,15307
85,24,5114230,1,20260929,1436,229,0,0,0,0,0,1783,230,0,0,0,0,0,3,34.31527803288554,136.410056,,,,,,,,,,,,,252,red,1665,2013,3678
85,24,5114250,1,20260929,1339,68,0,0,0,0,0,1323,65,0,0,0,0,0,3,34.09569403258125,136.196222,,,,,,,,,,,,,252,red,1407,1388,2795
85,24,5114270,1,20260929,1001,163,0,0,0,0,0,1242,168,0,0,0,0,0,3,34.275333032830495,136.358917,,,,,,,,,,,,,252,red,1164,1410,2574
85,24,5114290,1,20260929,4527,458,0,0,0,0,0,4362,420,0,0,0,0,0,3,33.86069403225124,136.076111,,,,,,,,,,,,,252,red,4985,4782,9767
85,22,5114610,1,20260929,13209,2313,129,0,0,0,0,9937,1529,840,0,0,0,0,3,35.152874244008,138.8951207,,,,,,,,,,,,,252,red,15651,12306,27957
85,22,5114620,1,20260929,8718,1711,73,0,0,0,0,11239,1991,476,0,0,0,0,3,35.13134103397993,138.875041,,,,,,,,,,,,,252,red,10502,13706,24208
85,22,5114630,1,20260929,8441,1648,332,0,0,0,0,10471,1569,90,0,0,0,0,3,35.14589793399891,138.8871002,,,,,,,,,,,,,252,red,10421,12130,22551
85,22,5114680,1,20260929,4728,2826,0,0,0,0,0,3270,2040,0,0,0,0,0,3,35.35910497427457,139.0109217,,,,,,,,,,,,,252,red,7554,5310,12864
85,22,5114740,1,20260929,327,85,0,0,0,0,0,571,103,0,0,0,0,0,3,35.073007033903686,137.787657,,,,,,,,,,,,,252,red,412,674,1086
85,22,5114750,1,20260929,711,148,0,0,0,0,0,948,146,0,0,0,0,0,3,34.90575222368336,137.6681803,,,,,,,,,,,,,252,red,859,1094,1953
85,22,5115250,1,20260929,1359,402,0,0,0,0,0,1044,408,0,0,0,0,0,3,35.137162033987515,138.520651,,,,,,,,,,,,,252,red,1761,1452,3213
85,23,5115320,1,20260929,13905,1476,0,0,0,0,0,13241,1174,0,0,0,0,0,3,35.10723119394846,137.0409411,,,,,,,,,,,,,252,red,15381,14415,29796
85,23,5115340,1,20260929,3243,560,0,0,0,0,0,2966,409,0,0,0,0,0,3,35.13153551398018,137.304967,,,,,,,,,,,,,252,red,3803,3375,7178
85,20,5115370,1,20260929,0,0,0,0,252,252,0,0,0,0,0,252,252,0,3,35.50121594445591,137.794953,,,,,,,,,,,,,252,red,0,0,0
85,20,5115380,1,20260929,4419,396,0,0,0,0,0,4225,398,0,0,0,0,0,3,35.71541168472551,137.9379522,,,,,,,,,,,,,252,red,4815,4623,9438
85,23,5115530,1,20260929,7229,2110,0,0,0,0,0,6006,2489,0,0,0,0,0,3,35.06429103389226,137.11723,,,,,,,,,,,,,252,red,9339,8495,17834
85,21,5115610,1,20260929,18883,2257,0,0,0,0,0,19195,2377,0,0,0,0,0,3,35.39814591432458,136.7848921,,,,,,,,,,,,,252,red,21140,21572,42712
85,21,5115630,1,20260929,4284,603,0,0,0,0,0,4364,564,0,0,0,0,0,3,35.73557476475065,136.9518113,,,,,,,,,,,,,252,red,4887,4928,9815
85,21,5115650,1,20260929,2803,291,0,0,0,0,0,2714,278,0,0,0,0,0,3,35.88316975493347,136.85442030000002,,,,,,,,,,,,,252,red,3094,2992,6086
85,21,5115680,1,20260929,589,146,0,0,0,0,0,542,130,0,0,0,0,0,3,35.99802490507423,136.9009352,,,,,,,,,,,,,252,red,735,672,1407
85,21,5115820,1,20260929,,,,0,0,0,252,,,,0,0,0,252,3,36.18407203529936,137.542187,,,,,,,,,,,,,252,red,0,0,0
85,22,5123510,1,20260929,5502,909,0,0,0,0,0,6737,719,0,0,0,0,0,3,35.141546483993245,139.1103673,,,,,,,,,,,,,252,red,6411,7456,13867
85,20,5125390,1,20260929,4701,440,0,0,0,0,0,4713,364,0,0,0,0,0,3,35.876706504925515,137.9806852,,,,,,,,,,,,,252,red,5141,5077,10218
85,23,5311910,1,20260929,12514,1819,0,0,0,0,0,12914,1818,0,0,0,0,0,3,35.124239273970666,136.856963,,,,,,,,,,,,,252,red,14333,14732,29065
86,,6110010,1,20260929,3873,1325,0,0,0,0,0,4210,1369,0,0,0,0,0,3,34.938138216795814,136.265283823013,,,,,,,,,,,,,252,red,5198,5579,10777
86,,6110020,1,20260929,7027,1414,0,0,0,0,0,7290,1394,0,0,0,0,0,3,34.990936305895495,136.115165948867,,,,,,,,,,,,,252,red,8441,8684,17125
86,,6110030,1,20260929,1769,221,1391,0,0,0,0,3155,458,2636,0,0,0,0,3,35.005385003512316,135.956851243972,,,,,,,,,,,,,252,red,3381,6249,9630
86,,6110040,1,20260929,5057,770,0,0,0,0,0,6153,709,0,0,0,0,0,3,34.95699292997823,135.913501381874,,,,,,,,,,,,,252,red,5827,6862,12689
86,,6110050,1,20260929,12407,1192,0,0,0,0,0,12699,1250,0,0,0,0,0,3,34.99087038445861,135.844525694847,,,,,,,,,,,,,252,red,13599,13949,27548
86,,6110060,1,20260929,23250,3867,0,0,0,0,0,20676,4758,0,0,0,0,0,3,34.99142632024544,135.831109285354,,,,,,,,,,,,,252,red,27117,25434,52551
86,,6110070,1,20260929,17795,2564,0,0,0,0,0,16344,2668,0,0,0,0,0,3,34.98630409707048,135.82777261734,,,,,,,,,,,,,252,red,20359,19012,39371
86,,6110080,1,20260929,15136,5622,0,0,0,0,0,16613,5649,0,0,0,0,0,3,34.91099177877929,135.744452476501,,,,,,,,,,,,,252,red,20758,22262,43020
86,,6110090,1,20260929,19450,5238,0,0,0,0,0,19889,5441,0,0,0,0,0,3,34.805311519271704,135.649480819702,,,,,,,,,,,,,252,red,24688,25330,50018
86,,6110100,1,20260929,,,,0,0,0,252,,,,0,0,0,252,3,34.81945711253497,135.720393061637,,,,,,,,,,,,,252,red,0,0,0
86,,6110110,1,20260929,11088,1411,0,0,0,0,0,11295,1330,0,0,0,0,0,3,34.71960434074075,135.436824560165,,,,,,,,,,,,,252,red,12499,12625,25124
86,,6110120,1,20260929,9771,1338,0,0,0,0,0,10841,1388,0,0,0,0,0,3,34.64078623273222,135.106242299079,,,,,,,,,,,,,252,red,11109,12229,23338
86,,6110130,1,20260929,23860,8895,0,0,0,0,0,23288,8497,0,0,0,0,0,3,34.75756172115131,134.859353005886,,,,,,,,,,,,,252,red,32755,31785,64540
86,,6110140,1,20260929,23531,7522,0,0,0,0,0,24899,7366,0,0,0,0,0,3,34.83274825524009,134.630174338817,,,,,,,,,,,,,252,red,31053,32265,63318
86,,6110150,1,20260929,16153,5388,0,0,0,0,0,16991,5389,0,0,0,0,0,3,34.847425137493005,134.578367471694,,,,,,,,,,,,,252,red,21541,22380,43921
86,,6110170,1,20260929,3937,1517,0,0,0,0,0,3935,1473,0,0,0,0,0,3,36.23649392464164,136.286623477935,,,,,,,,,,,,,252,red,5454,5408,10862
86,,6110180,1,20260929,3136,1814,0,0,0,0,0,918,526,0,0,0,0,0,3,35.792989034822035,136.092793,,,,,,,,,,,,,252,red,4950,1444,6394
86,,6110190,1,20260929,1774,1684,0,0,0,0,0,2659,2294,0,0,0,0,0,3,35.62256603460919,136.08205800000002,,,,,,,,,,,,,252,red,3458,4953,8411
86,,6110200,1,20260929,5261,420,0,0,0,0,0,5055,452,0,0,0,0,0,3,35.319800029709974,136.279370784759,,,,,,,,,,,,,252,red,5681,5507,11188
86,,6110210,1,20260929,7267,1357,0,0,0,0,0,7111,1165,0,0,0,0,0,3,35.25049070224537,136.262805461883,,,,,,,,,,,,,252,red,8624,8276,16900
86,,6110220,1,20260929,7119,1514,0,0,0,0,0,6598,1909,0,0,0,0,0,3,35.135413702721344,136.168110072612,,,,,,,,,,,,,252,red,8633,8507,17140
86,,6110230,1,20260929,8698,1425,0,0,0,0,0,7554,1354,0,0,0,0,0,3,35.05193480694747,136.028718352317,,,,,,,,,,,,,252,red,10123,8908,19031
86,,6110240,1,20260929,13687,1954,0,0,0,0,0,14302,1948,0,0,0,0,0,3,34.97508726487281,135.666646957397,,,,,,,,,,,,,252,red,15641,16250,31891
86,,6110250,1,20260929,10815,1154,0,0,0,0,0,11088,1109,0,0,0,0,0,3,35.290674394918256,135.122528672218,,,,,,,,,,,,,252,red,11969,12197,24166
86,,6110260,1,20260929,2981,452,0,0,0,0,0,3093,490,0,0,0,0,0,3,35.33418386481987,134.859425425529,,,,,,,,,,,,,252,red,3433,3583,7016
86,,6110270,1,20260929,2572,313,0,0,0,0,0,2729,311,0,0,0,0,0,3,35.37906081109355,134.782794713974,,,,,,,,,,,,,252,red,2885,3040,5925
86,,6110280,1,20260929,1028,340,0,0,0,0,0,1130,315,0,0,0,0,0,3,35.39752934547739,134.617635011672,,,,,,,,,,,,,252,red,1368,1445,2813
86,,6110290,1,20260929,1942,1126,0,0,0,0,0,2087,1164,0,0,0,0,0,3,35.3445505431606,136.408736407756,,,,,,,,,,,,,252,red,3068,3251,6319
86,,6110300,1,20260929,8491,604,0,0,0,0,0,7325,532,0,0,0,0,0,3,34.929386538763445,135.767959356307,,,,,,,,,,,,,252,red,9095,7857,16952
86,,6110310,1,20260929,15949,2449,0,0,0,0,0,13993,2458,0,0,0,0,0,3,34.692826863672394,135.811829566955,,,,,,,,,,,,,252,red,18398,16451,34849
86,,6110320,1,20260929,11104,1721,4,0,0,55,0,16079,2300,0,0,0,0,0,3,34.49633103313339,135.742759,,,,,,,,,,,,,252,red,12829,18379,31208
86,,6110330,1,20260929,13365,741,0,0,0,0,0,10982,679,0,0,0,0,0,3,34.255336527005475,135.221571922302,,,,,,,,,,,,,252,red,14106,11661,25767
86,,6110340,1,20260929,11810,1675,0,0,0,0,0,12735,1933,0,0,0,0,0,3,34.59261679509626,135.476585626602,,,,,,,,,,,,,252,red,13485,14668,28153
86,,6110350,1,20260929,21793,2044,0,0,0,0,0,22198,2056,0,0,0,0,0,3,34.492391818044126,135.423381328582,,,,,,,,,,,,,252,red,23837,24254,48091
86,,6110361,1,20260929,5849,997,0,0,0,0,0,6196,869,0,0,0,0,0,3,34.27701629033371,135.164935521261,,,,,,,,,,,,,252,red,6846,7065,13911
86,,6110370,1,20260929,4616,763,0,0,0,0,0,4904,810,0,0,0,0,0,3,35.61308303459727,135.971192,,,,,,,,,,,,,252,red,5379,5714,11093
86,,6110380,1,20260929,2880,487,0,0,0,0,0,3501,574,0,0,0,0,0,3,35.486004106628485,135.463869273662,,,,,,,,,,,,,252,red,3367,4075,7442
86,,6110390,1,20260929,2945,560,0,0,0,0,3,3110,573,0,0,0,0,3,3,35.30401991598347,135.272947382363,,,,,,,,,,,,,252,red,3505,3683,7188
86,,6110410,1,20260929,4466,550,0,0,0,0,0,4916,568,0,0,0,0,0,3,34.99524305806187,134.558363556861,,,,,,,,,,,,,252,red,5016,5484,10500
86,,6110430,1,20260929,308,23,8,0,0,0,0,339,23,2,0,0,0,0,3,33.577233165562106,135.427241160067,,,,,,,,,,,,,252,red,339,364,703
86,,6110440,1,20260929,8731,675,0,0,0,0,0,7982,705,0,0,0,0,0,3,34.143380032647656,135.20039,,,,,,,,,,,,,252,red,9406,8687,18093
86,,6110450,1,20260929,15969,8647,0,0,0,0,0,15735,10016,0,0,0,0,0,3,34.71254919312948,135.425688028335,,,,,,,,,,,,,252,red,24616,25751,50367
86,,6110460,1,20260929,2758,1454,0,0,0,0,0,3258,1536,0,0,0,0,0,3,35.431053158155514,136.016224622726,,,,,,,,,,,,,252,red,4212,4794,9006
86,,6110470,1,20260929,5886,1578,0,0,0,0,0,6248,1839,0,0,0,0,0,3,35.21341864052877,135.925826132297,,,,,,,,,,,,,252,red,7464,8087,15551
86,,6110500,1,20260929,5435,1669,0,0,0,0,0,4048,936,0,0,0,0,0,3,35.10094221794055,135.892639160156,,,,,,,,,,,,,252,red,7104,4984,12088
86,,6110510,1,20260929,4213,1426,0,0,0,0,0,6040,1865,0,0,0,0,0,3,35.080206671418715,135.881878137588,,,,,,,,,,,,,252,red,5639,7905,13544
86,,6110520,1,20260929,13929,2512,0,0,0,0,0,90,64,2365,0,0,0,0,3,35.00895503826151,135.838812589645,,,,,,,,,,,,,252,red,16441,2519,18960
86,,6110530,1,20260929,9777,3210,0,0,0,0,0,10956,3402,0,0,0,0,0,3,34.8925928963683,135.684016942977,,,,,,,,,,,,,252,red,12987,14358,27345
86,,6110540,1,20260929,8901,1390,0,0,0,0,0,9676,1388,0,0,0,0,0,3,34.686726631641484,134.982630014419,,,,,,,,,,,,,252,red,10291,11064,21355
86,,6110670,1,20260929,9065,2774,0,0,0,0,0,9684,2471,0,0,0,0,0,3,34.486465033119956,135.763168,,,,,,,,,,,,,252,red,11839,12155,23994
86,,6110700,1,20260929,5768,1848,0,0,0,0,0,6518,1500,0,0,0,0,0,3,34.36883103295914,135.698397,,,,,,,,,,,,,252,red,7616,8018,15634
86,,6110710,1,20260929,5924,1642,0,0,0,0,0,6766,1465,0,0,0,0,0,3,34.346251032928144,135.675464,,,,,,,,,,,,,252,red,7566,8231,15797
86,,6110720,1,20260929,5404,1629,0,0,0,0,0,6201,1405,0,0,0,0,0,3,34.34307531292378,135.6723947,,,,,,,,,,,,,252,red,7033,7606,14639
86,,6110730,1,20260929,4952,1550,0,0,0,0,0,5505,1391,0,0,0,0,0,3,34.3344353954711,135.643944740295,,,,,,,,,,,,,252,red,6502,6896,13398
86,,6110740,1,20260929,6553,1537,232,2,0,0,4,7242,1240,94,2,0,0,4,3,34.32057809029414,135.595622062683,,,,,,,,,,,,,252,red,8322,8576,16898
86,,6110750,1,20260929,6668,1594,0,0,0,0,2,7115,1347,0,0,0,0,2,3,34.30420703287028,135.508371,,,,,,,,,,,,,252,red,8262,8462,16724
86,,6110760,1,20260929,6082,1605,0,0,0,0,0,6904,1448,0,0,0,0,0,3,34.300277802864876,135.49583333,,,,,,,,,,,,,252,red,7687,8352,16039
86,,6110765,1,20260929,6238,1635,0,0,0,0,0,7085,1494,0,0,0,0,0,3,34.293299032855266,135.42037,,,,,,,,,,,,,252,red,7873,8579,16452
86,,6110780,1,20260929,6126,1596,0,0,0,0,0,6973,1413,0,0,0,0,0,3,34.290835032851874,135.406025,,,,,,,,,,,,,252,red,7722,8386,16108
86,,6110790,1,20260929,2871,1160,0,0,0,0,0,3350,1055,0,0,0,0,0,3,34.28766234793788,135.279854549589,,,,,,,,,,,,,252,red,4031,4405,8436
86,,6110810,1,20260929,738,311,0,0,0,0,0,618,286,0,0,0,0,0,3,35.91898971813652,136.6293598948,,,,,,,,,,,,,252,red,1049,904,1953
86,,6110820,1,20260929,918,310,0,0,0,0,0,743,283,0,0,0,0,0,3,35.963561035032136,136.602468,,,,,,,,,,,,,252,red,1228,1026,2254
86,,6110840,1,20260929,898,314,0,0,0,0,0,810,286,0,0,0,0,0,3,35.98949103506382,136.526729,,,,,,,,,,,,,252,red,1212,1096,2308
86,,6110860,1,20260929,4565,639,0,0,0,0,0,5072,554,0,0,0,0,0,3,36.062580031168245,136.445198357105,,,,,,,,,,,,,252,red,5204,5626,10830
86,,6110870,1,20260929,4833,676,0,0,0,0,0,5407,572,0,0,0,0,0,3,36.074224272699254,136.374473869296,,,,,,,,,,,,,252,red,5509,5979,11488
86,,6110880,1,20260929,4885,856,0,0,0,0,1,5907,604,0,0,0,0,1,3,36.086521994378465,136.324462164098,,,,,,,,,,,,,252,red,5741,6511,12252
86,,6110980,1,20260929,1829,503,0,0,0,0,1,2030,572,0,0,0,0,1,3,35.30511375498357,134.89226102828903,,,,,,,,,,,,,252,red,2332,2602,4934
86,,6111020,1,20260929,9522,9137,0,0,0,0,0,1048,6089,0,0,0,252,0,3,34.61538892329484,135.8745,,,,,,,,,,,,,252,red,18659,7137,25796
86,,6111030,1,20260929,3808,207,9,0,0,0,0,4023,209,29,0,0,0,0,3,33.670648031981166,135.947246,,,,,,,,,,,,,252,red,4024,4261,8285
86,,6111040,1,20260929,2812,341,40,0,0,0,0,2255,272,52,0,0,0,0,1,33.74362082208521,135.40352793,,,,,,,,,,,,,252,red,3193,2579,5772
86,,6111050,1,20260929,3531,311,24,0,0,0,0,3157,208,26,0,0,0,0,1,33.67806806199178,135.40361475,,,,,,,,,,,,,252,red,3866,3391,7257
86,,6111060,1,20260929,3402,293,22,0,0,0,0,2940,230,34,0,0,0,0,1,33.63743103193369,135.410147,,,,,,,,,,,,,252,red,3717,3204,6921
86,,6111070,1,20260929,2058,240,8,0,0,0,0,1323,87,6,0,0,0,0,1,33.56605113183135,135.49421066,,,,,,,,,,,,,252,red,2306,1416,3722
86,,6111080,1,20260929,1567,298,126,0,0,0,0,5,0,0,0,0,0,0,1,33.53123967178131,135.54653822,,,,,,,,,,,,,252,red,1991,5,1996
86,,6111090,1,20260929,2427,207,30,0,0,0,0,2657,188,63,0,0,0,0,3,33.620083251908845,135.91802864,,,,,,,,,,,,,252,red,2664,2908,5572
86,,6111094,1,20260929,2557,438,808,0,0,0,0,2847,214,83,0,0,0,0,3,33.73308003207021,136.004619,,,,,,,,,,,,,252,red,3803,3144,6947
86,,6111100,1,20260929,5113,1451,0,0,0,0,2,5668,1332,0,0,0,0,2,3,34.29138892285263,135.3613889,,,,,,,,,,,,,252,red,6564,7000,13564
87,,7110040,1,20260929,6868,2116,0,0,0,0,0,6288,2300,0,0,0,0,0,3,34.51540182315934,133.565914,,,,,,,,,,,,,252,red,8984,8588,17572
87,,7110090,1,20260929,9346,4553,0,0,0,0,0,8748,2814,0,0,0,0,0,3,34.076861142554975,131.3867222,,,,,,,,,,,,,252,red,13899,11562,25461
87,,7110140,1,20260929,7072,1261,0,0,0,0,1,6996,1297,0,0,0,0,1,3,35.42972217436492,133.16019770000003,,,,,,,,,,,,,252,red,8333,8293,16626
87,,7110150,1,20260929,8246,1264,0,0,0,0,1,8541,1241,0,0,0,0,1,3,35.41501435434614,132.9291201,,,,,,,,,,,,,252,red,9510,9782,19292
87,,7110160,1,20260929,2898,338,0,0,0,0,1,2950,313,0,0,0,0,1,3,35.220801104096246,132.5117898,,,,,,,,,,,,,252,red,3236,3263,6499
87,,7110170,1,20260929,529,60,0,0,0,0,0,587,65,0,0,0,0,0,3,34.75449303348189,131.907185,,,,,,,,,,,,,252,red,589,652,1241
87,,7110180,1,20260929,1043,254,0,0,0,0,0,972,232,0,0,0,0,0,3,34.42694447303873,131.76016670000004,,,,,,,,,,,,,252,red,1297,1204,2501
87,,7110210,1,20260929,3948,758,0,0,0,0,0,4406,845,0,0,0,0,0,3,34.8389208935946,133.9257149,,,,,,,,,,,,,252,red,4706,5251,9957
87,,7110240,1,20260929,3698,1012,0,0,0,0,0,3872,914,0,0,0,0,0,3,34.684982133388644,133.784738,,,,,,,,,,,,,252,red,4710,4786,9496
87,,7110260,1,20260929,2464,161,0,0,0,0,0,2706,200,0,0,0,0,0,3,33.97988891241918,132.1977222,,,,,,,,,,,,,252,red,2625,2906,5531
87,,7110270,1,20260929,1383,233,0,0,0,0,0,1327,215,0,0,0,0,0,3,34.65950003335435,131.6773889,,,,,,,,,,,,,252,red,1616,1542,3158
87,,7110280,1,20260929,3012,361,0,0,0,0,1,2998,351,0,0,0,0,1,3,34.419861143029046,131.4097778,,,,,,,,,,,,,252,red,3373,3349,6722
87,,7110290,1,20260929,6375,304,0,0,0,0,0,6233,301,0,0,0,0,0,3,34.371805582963226,131.1861389,,,,,,,,,,,,,252,red,6679,6534,13213
87,,7110320,1,20260929,5494,317,0,0,0,0,0,5312,339,0,0,0,0,0,3,33.95763808238793,132.1366533,,,,,,,,,,,,,252,red,5811,5651,11462
87,,7310110,1,20260929,7253,909,0,0,0,0,0,7501,926,0,0,0,0,0,3,35.39772612432404,132.8747235,,,,,,,,,,,,,252,red,8162,8427,16589
87,,7310120,1,20260929,2819,699,0,0,0,0,0,2588,616,0,0,0,0,0,3,35.068629523897954,132.3222435,,,,,,,,,,,,,252,red,3518,3204,6722
87,,7310150,1,20260929,539,190,0,0,0,0,1,664,290,0,0,0,0,1,3,34.9738037337733,132.7317309,,,,,,,,,,,,,252,red,729,954,1683
87,,7310160,1,20260929,945,239,0,0,0,0,0,1136,328,0,0,0,0,0,3,35.117460163961816,132.778337,,,,,,,,,,,,,252,red,1184,1464,2648
87,,7310170,1,20260929,5313,684,0,0,0,0,0,4298,565,0,0,0,0,0,3,34.705264123415894,133.7151146,,,,,,,,,,,,,252,red,5997,4863,10860
87,,7310180,1,20260929,,,,,,,252,,,,,,,252,3,34.38963891298768,131.3651944,,,,,,,,,,,,,252,red,0,0,0
87,,7310260,1,20260929,2491,530,0,0,0,0,0,2356,479,0,0,0,0,0,3,35.132156843980994,132.4019922,,,,,,,,,,,,,252,red,3021,2835,5856
87,,7310270,1,20260929,2271,532,0,0,0,0,1,2152,455,0,0,0,0,1,3,35.08573619392036,132.3490609,,,,,,,,,,,,,252,red,2803,2607,5410
87,,7310280,1,20260929,2225,502,0,0,0,0,1,2082,451,0,0,0,0,1,3,35.076671573908484,132.335387,,,,,,,,,,,,,252,red,2727,2533,5260
87,,7310290,1,20260929,1987,657,0,0,0,252,0,3201,850,0,0,0,0,0,3,34.88220003365212,132.0657,,,,,,,,,,,,,252,red,2644,4051,6695
87,,7310300,1,20260929,2855,592,0,0,0,0,0,3029,577,0,0,0,0,0,3,34.86980443363566,132.0662027,,,,,,,,,,,,,252,red,3447,3606,7053
87,,7310350,1,20260929,3069,730,0,0,0,0,0,3244,740,0,0,0,0,0,3,34.83580109359045,131.9999083,,,,,,,,,,,,,252,red,3799,3984,7783
87,,7310410,1,20260929,3767,665,0,0,0,0,1,3596,621,0,0,0,0,1,3,35.21593257408993,132.5144274,,,,,,,,,,,,,252,red,4432,4217,8649
87,,7310420,1,20260929,4159,684,0,0,0,0,1,3774,686,0,0,0,0,1,3,35.275470134166945,132.6201357,,,,,,,,,,,,,252,red,4843,4460,9303
87,,7310430,1,20260929,3941,572,0,0,0,0,0,3741,584,0,0,0,0,0,3,35.303833034203514,132.688667,,,,,,,,,,,,,252,red,4513,4325,8838
87,,7310440,1,20260929,3894,605,0,0,0,0,0,0,0,0,0,0,0,0,3,35.298722034196935,132.676944,,,,,,,,,,,,,252,red,4499,0,4499
87,,7310450,1,20260929,0,0,0,0,0,0,0,3342,593,0,0,0,0,0,3,35.290444034186265,132.645583,,,,,,,,,,,,,252,red,0,3935,3935
87,,7310460,1,20260929,0,0,0,0,0,252,0,2327,559,0,0,0,0,0,3,35.20082803407034,132.459905,,,,,,,,,,,,,252,red,0,2886,2886
87,,7310470,1,20260929,2806,611,0,0,0,0,0,2406,577,0,0,0,0,0,3,35.1986450340675,132.455753,,,,,,,,,,,,,252,red,3417,2983,6400
88,,8110010,1,20260929,2525,712,0,0,0,0,0,2415,742,0,0,0,0,0,3,34.2207184500313,134.411544799804,,,,,,,,,,,,,252,red,3237,3157,6394
88,,8110020,1,20260929,14856,1988,0,0,0,0,0,15411,2088,0,0,0,0,0,3,34.30277465209332,134.084776639938,,,,,,,,,,,,,252,red,16844,17499,34343
88,,8110030,1,20260929,12943,1799,0,0,0,0,0,12369,1709,0,0,0,0,0,3,34.29671450737887,133.946895003318,,,,,,,,,,,,,252,red,14742,14078,28820
88,,8110040,1,20260929,6258,881,0,0,0,0,0,6688,887,0,0,0,0,0,3,34.17417938671837,133.715951442718,,,,,,,,,,,,,252,red,7139,7575,14714
88,,8110050,1,20260929,5830,895,3,0,0,0,0,6365,855,14,0,0,0,0,3,33.91236267641698,133.20324182510302,,,,,,,,,,,,,252,red,6728,7234,13962
88,,8110060,1,20260929,3424,1251,62,0,0,0,0,3789,1278,35,0,0,0,0,3,33.82431235182997,132.984384298324,,,,,,,,,,,,,252,red,4737,5102,9839
88,,8110070,1,20260929,7963,847,0,0,0,0,0,7987,702,0,0,0,0,0,3,34.28544169692582,134.00050163269,,,,,,,,,,,,,252,red,8810,8689,17499
88,,8110080,1,20260929,1424,427,0,0,0,0,0,1528,385,0,0,0,0,0,3,34.10608825909625,133.799223303794,,,,,,,,,,,,,252,red,1851,1913,3764
88,,8110090,1,20260929,6756,920,38,0,0,0,1,5877,808,71,0,0,0,1,3,34.028957826825085,133.828164339065,,,,,,,,,,,,,252,red,7714,6756,14470
88,,8110100,1,20260929,1375,468,0,0,0,0,0,1314,384,0,0,0,0,0,3,33.950764901704936,133.764853477478,,,,,,,,,,,,,252,red,1843,1698,3541
88,,8110110,1,20260929,4028,1374,0,0,0,0,0,5300,1186,0,0,0,0,0,3,33.58909346194513,133.626092746853,,,,,,,,,,,,,252,red,5402,6486,11888
88,,8110115,1,20260929,5828,565,0,0,0,0,0,5627,520,0,0,0,0,0,3,33.548205918990114,133.451582193374,,,,,,,,,,,,,252,red,6393,6147,12540
88,,8110120,1,20260929,6519,656,0,0,0,0,0,6031,847,0,0,0,0,0,3,33.543133969132924,133.402808904647,,,,,,,,,,,,,252,red,7175,6878,14053
88,,8110130,1,20260929,6442,456,92,0,0,0,1,6536,486,67,0,0,0,1,3,33.7476978963593,132.791587114334,,,,,,,,,,,,,252,red,6990,7089,14079
88,,8110131,1,20260929,2499,274,0,0,0,0,0,2425,227,0,0,0,0,0,3,33.793408870729856,134.592427611351,,,,,,,,,,,,,252,red,2773,2652,5425
88,,8110140,1,20260929,1761,205,1,0,0,0,0,1971,210,0,0,0,0,0,3,33.63466659400443,134.369745254516,,,,,,,,,,,,,252,red,1967,2181,4148
88,,8110142,1,20260929,2475,256,0,0,0,0,0,2273,237,0,0,0,0,0,3,33.74774819013548,134.53964678124,,,,,,,,,,,,,252,red,2731,2510,5241
88,,8110160,1,20260929,2848,240,0,0,0,0,0,2664,221,0,0,0,0,0,3,33.53924497073882,133.738444460766,,,,,,,,,,,,,252,red,3088,2885,5973
88,,8110161,1,20260929,5581,558,0,0,0,0,0,4403,402,0,0,0,0,0,3,33.520916544031145,133.780702650547,,,,,,,,,,,,,252,red,6139,4805,10944
88,,8110162,1,20260929,6635,632,0,0,0,0,0,5386,442,0,0,0,0,0,3,33.550342371512876,133.740176352243,,,,,,,,,,,,,252,red,7267,5828,13095
88,,8110163,1,20260929,7412,685,0,0,0,0,0,6448,535,0,0,0,0,0,3,33.55352220956595,133.721816021769,,,,,,,,,,,,,252,red,8097,6983,15080
88,,8110164,1,20260929,1430,307,0,0,0,0,0,1375,315,0,0,0,0,0,3,33.57127484589016,133.574287891387,,,,,,,,,,,,,252,red,1737,1690,3427
88,,8110165,1,20260929,7721,797,0,0,0,0,0,8140,636,0,0,0,0,0,3,33.56026408468244,133.633757829666,,,,,,,,,,,,,252,red,8518,8776,17294
88,,8110166,1,20260929,8491,924,0,0,0,0,0,8190,806,0,0,0,0,0,3,33.540965031795295,133.601005,,,,,,,,,,,,,252,red,9415,8996,18411
88,,8110167,1,20260929,4770,404,0,0,0,0,0,4330,432,0,0,0,0,0,3,33.5424317654246,133.583077945611,,,,,,,,,,,,,252,red,5174,4762,9936
88,,8110168,1,20260929,6774,638,0,0,0,0,0,5845,475,0,0,0,0,0,3,33.55589303181676,133.683497,,,,,,,,,,,,,252,red,7412,6320,13732
88,,8110170,1,20260929,4373,697,0,0,0,0,0,3704,1002,0,0,0,0,0,3,33.485055031714765,133.373125,,,,,,,,,,,,,252,red,5070,4706,9776
88,,8110171,1,20260929,2591,397,0,0,0,0,0,2288,294,0,0,0,0,0,3,33.40395558523113,133.288643360137,,,,,,,,,,,,,252,red,2988,2582,5570
88,,8110172,1,20260929,1715,642,0,0,0,0,0,1815,372,0,0,0,0,0,3,33.39236677628474,133.278601169586,,,,,,,,,,,,,252,red,2357,2187,4544
88,,8110174,1,20260929,665,114,0,0,0,0,0,804,165,0,0,0,0,0,3,33.18330330083646,133.144855499267,,,,,,,,,,,,,252,red,779,969,1748
88,,8110180,1,20260929,583,64,0,0,0,0,0,661,76,0,0,0,0,0,3,33.35817590038214,133.253152370452,,,,,,,,,,,,,252,red,647,737,1384
88,,8110181,1,20260929,2300,213,0,0,0,0,0,2275,223,0,0,0,0,0,3,32.974388919857596,132.933138888889,,,,,,,,,,,,,252,red,2513,2498,5011
88,,8110182,1,20260929,3814,271,0,0,0,0,0,3533,283,0,0,0,0,0,3,32.96811114207051,132.872277777778,,,,,,,,,,,,,252,red,4085,3816,7901
88,,8110183,1,20260929,2076,181,0,0,0,0,0,2126,169,0,0,0,0,0,3,32.95902780872377,132.776972222222,,,,,,,,,,,,,252,red,2257,2295,4552
88,,8110190,1,20260929,1401,154,0,0,0,0,0,1564,205,0,0,0,0,0,3,32.96996536793415,132.68920719623503,,,,,,,,,,,,,252,red,1555,1769,3324
88,,8110191,1,20260929,2143,363,0,0,0,0,0,2086,471,0,0,0,0,0,3,33.13903103121127,132.517477,,,,,,,,,,,,,252,red,2506,2557,5063
88,,8110192,1,20260929,3512,496,0,0,0,0,0,3581,563,0,0,0,0,0,3,33.14590213224344,132.52205863595,,,,,,,,,,,,,252,red,4008,4144,8152
88,,8110200,1,20260929,1834,172,0,0,0,0,0,1806,214,0,0,0,0,0,3,33.325562031483756,132.5285,,,,,,,,,,,,,252,red,2006,2020,4026
88,,8110210,1,20260929,11814,1099,1432,0,0,0,2,11665,637,466,0,0,0,2,3,33.81637909326473,132.744826823472,,,,,,,,,,,,,252,red,14345,12768,27113
88,,8110231,1,20260929,5565,482,0,0,0,0,0,4598,373,0,0,0,0,0,3,34.03847794648641,134.520513564348,,,,,,,,,,,,,252,red,6047,4971,11018
88,,8110232,1,20260929,6024,472,0,0,0,0,0,5969,468,0,0,0,0,0,3,34.04120064204002,134.531005024909,,,,,,,,,,,,,252,red,6496,6437,12933
88,,8110240,1,20260929,4140,631,0,0,0,0,0,3500,634,0,0,0,0,0,3,34.03149633348104,132.829599380493,,,,,,,,,,,,,252,red,4771,4134,8905
88,,8110250,1,20260929,4666,594,0,0,0,0,0,4616,568,0,0,0,0,0,3,33.93004373774009,133.094837665557,,,,,,,,,,,,,252,red,5260,5184,10444
88,,8111021,1,20260929,4612,444,0,0,0,0,0,4727,415,0,0,0,0,0,3,33.50191403173908,133.309236,,,,,,,,,,,,,252,red,5056,5142,10198
88,,8160020,1,20260929,3360,609,0,0,0,0,0,2995,508,0,0,0,0,0,1,33.331092031491806,133.206098,,,,,,,,,,,,,252,red,3969,3503,7472
88,,8160030,1,20260929,2803,548,0,0,0,0,0,2560,484,0,0,0,137,0,1,33.23544203135242,133.159939,,,,,,,,,,,,,252,red,3351,3044,6395
88,,8160040,1,20260929,4753,664,0,0,0,0,0,4842,728,0,0,0,0,0,1,33.24742026280611,132.570131868124,,,,,,,,,,,,,252,red,5417,5570,10987
88,,8160050,1,20260929,4642,698,0,0,0,0,0,4653,781,0,0,0,0,0,1,33.33622666521378,132.557060122489,,,,,,,,,,,,,252,red,5340,5434,10774
88,,8160060,1,20260929,4550,883,0,0,0,0,0,3938,783,0,0,0,0,0,1,34.056139032526026,134.588624,,,,,,,,,,,,,252,red,5433,4721,10154
88,,8310010,1,20260929,12263,1352,25,0,0,0,1,12558,1420,22,0,0,0,1,3,34.152121047215225,134.579402804374,,,,,,,,,,,,,252,red,13640,14000,27640
88,,8310020,1,20260929,5975,975,0,0,0,0,0,6070,607,0,0,0,0,0,3,34.335875041773484,134.151295423507,,,,,,,,,,,,,252,red,6950,6677,13627
88,,8310030,1,20260929,7099,536,636,0,0,0,1,8917,552,305,0,0,0,1,3,33.79997204409725,132.86443054676,,,,,,,,,,,,,252,red,8271,9774,18045
88,,8310040,1,20260929,9406,1514,0,0,0,0,0,9910,1330,0,0,0,0,0,3,34.239532652899726,133.895906209945,,,,,,,,,,,,,252,red,10920,11240,22160
88,,8310050,1,20260929,485,405,0,0,0,0,0,544,322,0,0,0,0,0,3,33.797668032162,133.760304,,,,,,,,,,,,,252,red,890,866,1756
88,,8310060,1,20260929,373,123,0,0,0,0,0,380,125,0,0,0,0,0,3,33.54154672048833,133.042341470718,,,,,,,,,,,,,252,red,496,505,1001
88,,8310061,1,20260929,8939,1712,0,0,0,0,0,9685,1906,0,0,0,0,0,3,33.80675451706518,132.745272070169,,,,,,,,,,,,,252,red,10651,11591,22242
88,,8310062,1,20260929,4981,1266,0,0,0,0,0,5126,1296,0,0,0,0,0,3,33.814776032186245,132.720319,,,,,,,,,,,,,252,red,6247,6422,12669
88,,8310070,1,20260929,15015,1135,47,0,0,0,0,16403,1124,5,0,0,0,0,3,34.0102656781917,134.566428959369,,,,,,,,,,,,,252,red,16197,17532,33729
88,,8310080,1,20260929,8784,870,0,0,0,0,0,8262,976,0,0,0,0,0,3,33.9732071371816,134.633932113647,,,,,,,,,,,,,252,red,9654,9238,18892
88,,8310100,1,20260929,,,,0,0,0,252,,,,0,0,0,252,3,33.03511096021447,133.027331829071,,,,,,,,,,,,,252,red,0,0,0
88,,8310110,1,20260929,3146,461,0,0,0,0,0,3058,592,0,0,0,0,0,3,33.4066250316014,132.509843,,,,,,,,,,,,,252,red,3607,3650,7257
88,,8310120,1,20260929,6995,1156,0,0,0,0,0,7362,1395,0,0,0,0,0,3,33.504510031742804,132.56675,,,,,,,,,,,,,252,red,8151,8757,16908
88,,8310130,1,20260929,5011,861,0,0,0,0,0,5245,884,0,0,0,0,0,3,33.53462955300938,132.597781419754,,,,,,,,,,,,,252,red,5872,6129,12001
88,,8310140,1,20260929,3172,705,0,0,0,0,0,2748,689,0,0,0,0,0,3,33.6125750318981,132.68712,,,,,,,,,,,,,252,red,3877,3437,7314
88,,8310150,1,20260929,2132,587,0,0,0,0,0,2514,627,0,0,0,0,0,3,34.0401782523243,134.018440246582,,,,,,,,,,,,,252,red,2719,3141,5860
88,,8310160,1,20260929,7792,416,91,0,0,0,2,7001,428,140,0,0,0,2,3,33.89056122326423,132.757075130939,,,,,,,,,,,,,252,red,8299,7569,15868
89,,9110010,1,20260929,8127,506,0,0,0,0,0,9535,523,0,0,0,0,0,3,33.86399103225591,130.750068,,,,,,,,,,,,,252,red,8633,10058,18691
89,,9110030,1,20260929,15823,1520,0,0,0,0,0,17485,1630,0,0,0,0,0,3,32.75695803064553,130.688122,,,,,,,,,,,,,252,red,17343,19115,36458
89,,9110040,1,20260929,6529,1742,0,0,0,0,0,6034,1511,0,0,0,0,0,3,32.565580030358504,130.688167,,,,,,,,,,,,,252,red,8271,7545,15816
89,,9110050,1,20260929,9334,1897,0,0,0,0,0,8154,1582,0,0,0,0,0,3,32.50104503026118,130.627862,,,,,,,,,,,,,252,red,11231,9736,20967
89,,9110060,1,20260929,3677,1125,0,0,0,0,0,4232,1116,0,0,0,0,0,3,31.848210029262603,130.249002,,,,,,,,,,,,,252,red,4802,5348,10150
89,,9110070,1,20260929,2922,291,0,0,0,0,0,3015,341,0,0,0,0,0,3,31.65408502896101,130.444438,,,,,,,,,,,,,252,red,3213,3356,6569
89,,9110110,1,20260929,31482,1700,947,0,0,0,0,17928,3628,217,0,0,0,0,3,33.248593781371625,131.5788746,,,,,,,,,,,,,252,red,34129,21773,55902
89,,9110120,1,20260929,102,34,0,0,0,0,0,93,16,0,0,0,0,0,3,32.83826903076675,131.716873,,,,,,,,,,,,,252,red,136,109,245
89,,9110140,1,20260929,4395,1344,0,0,0,0,0,3899,1260,0,0,0,0,0,3,32.26510002990319,131.560352,,,,,,,,,,,,,252,red,5739,5159,10898
89,,9110150,1,20260929,2513,923,0,0,0,0,0,2651,1011,0,0,0,0,0,3,31.853840029271314,131.136144,,,,,,,,,,,,,252,red,3436,3662,7098
89,,9110160,1,20260929,3473,1104,20,0,0,0,0,3392,1116,23,0,0,0,0,3,31.710555029048958,130.774553,,,,,,,,,,,,,252,red,4597,4531,9128
89,,9110190,1,20260929,6135,2054,0,0,0,0,0,6201,2001,0,0,0,0,0,3,33.3577350315305,130.488663,,,,,,,,,,,,,252,red,8189,8202,16391
89,,9110200,1,20260929,7205,656,0,0,0,0,0,6807,613,0,0,0,0,0,3,33.19609887129489,130.0312792,,,,,,,,,,,,,252,red,7861,7420,15281
89,,9110230,1,20260929,1747,614,0,0,0,0,0,1710,579,0,0,0,0,0,3,32.95195803093551,131.35466,,,,,,,,,,,,,252,red,2361,2289,4650
89,,9110240,1,20260929,6517,1887,0,0,0,0,0,6087,1752,0,0,0,0,0,3,33.669370031979355,130.847832,,,,,,,,,,,,,252,red,8404,7839,16243
89,,9110280,1,20260929,5003,734,0,0,0,0,0,4667,721,0,0,0,0,0,3,33.34785503151616,130.0187991,,,,,,,,,,,,,252,red,5737,5388,11125
89,,9110290,1,20260929,5667,527,0,0,0,0,0,6036,601,0,0,0,0,0,3,32.97125925096407,130.445357,,,,,,,,,,,,,252,red,6194,6637,12831
89,,9110300,1,20260929,5796,595,0,0,0,0,0,6118,671,0,0,0,0,0,3,33.14141103121475,130.470721,,,,,,,,,,,,,252,red,6391,6789,13180
89,,9110335,1,20260929,2765,296,0,0,0,0,0,2829,254,0,0,0,0,0,3,31.396273028557452,130.783657,,,,,,,,,,,,,252,red,3061,3083,6144
89,,9110340,1,20260929,3820,562,0,0,0,0,0,3706,509,0,0,0,0,0,3,31.452851608646302,130.7281932,,,,,,,,,,,,,252,red,4382,4215,8597
89,,9310003,1,20260929,6506,1910,0,0,0,0,0,8267,1804,0,0,0,0,0,3,33.947867982374184,130.968647,,,,,,,,,,,,,252,red,8416,10071,18487
89,,9310015,1,20260929,14854,4580,0,0,0,0,0,14698,4970,0,0,0,0,0,3,33.44660203165923,130.540337,,,,,,,,,,,,,252,red,19434,19668,39102
89,,9310017,1,20260929,7008,1072,0,0,0,0,0,7499,1147,0,0,0,0,0,3,33.323489031480754,130.523608,,,,,,,,,,,,,252,red,8080,8646,16726
89,,9310020,1,20260929,1715,1084,0,0,0,0,0,1576,1027,0,0,0,0,0,3,33.11458003117534,130.669176,,,,,,,,,,,,,252,red,2799,2603,5402
89,,9310035,1,20260929,920,101,0,0,0,0,0,924,120,0,0,0,0,0,3,32.406040030117445,130.555735,,,,,,,,,,,,,252,red,1021,1044,2065
89,,9310045,1,20260929,3514,842,0,0,0,0,0,4054,744,0,0,0,0,0,3,32.16215502974594,130.36789,,,,,,,,,,,,,252,red,4356,4798,9154
89,,9310050,1,20260929,5539,389,31,0,0,0,0,5461,362,26,0,0,0,0,3,31.714213029054637,130.275752,,,,,,,,,,,,,252,red,5959,5849,11808
89,,9310060,1,20260929,3421,1078,192,2,0,0,1,3394,855,73,2,0,0,1,3,32.38562876008649,130.5414069,,,,,,,,,,,,,252,red,4691,4322,9013
89,,9310070,1,20260929,71,221,5448,0,0,93,93,5439,881,88,0,0,0,93,3,31.702321029036145,130.297006,,,,,,,,,,,,,252,red,5740,6408,12148
89,,9310080,1,20260929,10158,1048,0,0,0,0,0,8941,951,0,0,0,0,0,3,33.80588903217365,130.960473,,,,,,,,,,,,,252,red,11206,9892,21098
89,,9310085,1,20260929,6715,1162,0,0,0,0,0,6747,1001,0,0,0,0,0,3,33.54594303180245,131.283198,,,,,,,,,,,,,252,red,7877,7748,15625
89,,9310090,1,20260929,5886,796,0,0,0,0,0,7191,860,0,0,0,0,0,3,33.38094503156419,131.540397,,,,,,,,,,,,,252,red,6682,8051,14733
89,,9310100,1,20260929,12897,1456,0,0,0,0,0,13066,1298,0,0,0,0,0,3,33.15920703124086,131.651922,,,,,,,,,,,,,252,red,14353,14364,28717
89,,9310115,1,20260929,6038,2477,0,0,0,0,0,5978,2347,0,0,0,0,0,3,31.726570029073855,131.023972,,,,,,,,,,,,,252,red,8515,8325,16840
89,,9310120,1,20260929,10478,1749,0,0,0,0,0,9319,1336,0,0,0,0,0,3,31.705779029041526,130.613215,,,,,,,,,,,,,252,red,12227,10655,22882
89,,9310125,1,20260929,9675,1428,0,0,0,0,0,9146,1285,0,0,0,0,0,3,33.21761616132637,130.1637701,,,,,,,,,,,,,252,red,11103,10431,21534
89,,9310127,1,20260929,4732,966,0,0,0,0,0,5252,890,0,0,0,0,0,3,32.91326503087817,130.976239,,,,,,,,,,,,,252,red,5698,6142,11840
89,,9310130,1,20260929,12569,954,0,0,0,0,0,10379,997,0,0,0,1,0,3,32.8754950308221,130.867355,,,,,,,,,,,,,252,red,13523,11376,24899
89,,9310140,1,20260929,16738,1988,0,0,0,0,0,16941,1462,0,0,0,0,0,3,32.820198990739854,130.7572925,,,,,,,,,,,,,252,red,18726,18403,37129
89,,9310150,1,20260929,4444,1358,0,0,0,0,0,3135,2924,0,0,0,0,0,3,32.6779330305273,130.55327,,,,,,,,,,,,,252,red,5802,6059,11861
89,,9310155,1,20260929,5212,220,0,0,0,0,0,7178,339,0,0,0,0,0,3,32.76467203065704,130.370667,,,,,,,,,,,,,252,red,5432,7517,12949
89,,9310156,1,20260929,5724,368,0,0,0,0,0,5752,417,0,0,0,0,0,3,32.78536503068792,130.199594,,,,,,,,,,,,,252,red,6092,6169,12261
89,,9310157,1,20260929,4549,966,0,0,0,0,0,4075,835,0,0,0,0,0,3,33.06696517110531,131.6229634,,,,,,,,,,,,,252,red,5515,4910,10425
89,,9310159,1,20260929,2123,638,0,0,0,0,0,1678,513,0,0,0,0,0,3,32.997429031002746,131.434075,,,,,,,,,,,,,252,red,2761,2191,4952
89,,9310165,1,20260929,8895,4167,0,0,0,0,0,9323,4235,0,0,0,0,0,3,33.62969103192261,130.442657,,,,,,,,,,,,,252,red,13062,13558,26620
89,,9310174,1,20260929,14919,2580,0,0,0,0,0,12996,2159,0,0,0,0,0,3,33.6275850319196,130.703907,,,,,,,,,,,,,252,red,17499,15155,32654
89,,9310181,1,20260929,6082,359,0,0,0,0,0,6197,319,0,0,0,0,0,3,33.230906841345785,130.3350523,,,,,,,,,,,,,252,red,6441,6516,12957
89,,9310184,1,20260929,7928,811,0,0,0,0,0,7348,1305,0,0,0,0,0,3,32.918079150885305,130.6264597,,,,,,,,,,,,,252,red,8739,8653,17392
89,,9310185,1,20260929,2309,251,0,0,0,0,252,0,0,0,0,0,252,252,3,33.37000946154832,129.9447181,,,,,,,,,,,,,252,red,2560,0,2560
89,,9310187,1,20260929,7685,1530,0,0,0,0,0,7768,1461,0,0,0,0,0,3,33.504396031742644,130.111167,,,,,,,,,,,,,252,red,9215,9229,18444
89,,9310188,1,20260929,4708,674,0,0,0,0,0,4706,656,0,0,0,0,0,3,33.3383090315023,130.64702,,,,,,,,,,,,,252,red,5382,5362,10744
89,,9310189,1,20260929,5537,781,0,0,0,0,5,5860,732,0,0,0,0,5,3,33.06535003110294,129.833592,,,,,,,,,,,,,252,red,6318,6592,12910
89,,9310191,1,20260929,6537,1047,0,0,0,0,0,6206,1144,0,0,0,0,0,3,33.18514003127884,130.387366,,,,,,,,,,,,,252,red,7584,7350,14934
89,,9310192,1,20260929,3260,480,0,0,0,0,0,4161,2045,0,0,0,0,0,3,33.20214803130375,130.361827,,,,,,,,,,,,,252,red,3740,6206,9946
89,,9310193,1,20260929,2802,2106,0,0,0,0,0,3856,870,0,0,0,0,0,3,33.20855403131311,130.343385,,,,,,,,,,,,,252,red,4908,4726,9634
89,,9310195,1,20260929,4269,827,0,0,0,0,0,4168,809,0,0,0,0,0,3,33.32086003147692,130.863524,,,,,,,,,,,,,252,red,5096,4977,10073
89,,9310200,1,20260929,1776,468,0,0,0,0,0,1653,461,0,0,0,0,0,3,33.250128031373855,131.295812,,,,,,,,,,,,,252,red,2244,2114,4358
89,,9310205,1,20260929,5020,776,0,0,0,0,0,5234,758,0,0,0,0,0,3,33.19671903129579,131.498216,,,,,,,,,,,,,252,red,5796,5992,11788
89,,9310210,1,20260929,6582,421,1,0,0,1,2,5354,282,1,0,0,1,2,3,31.816050029212782,131.442962,,,,,,,,,,,,,252,red,7004,5637,12641
89,,9310217,1,20260929,3176,345,0,0,0,0,0,3350,400,0,0,0,0,0,3,31.417765998591218,130.99969040000002,,,,,,,,,,,,,252,red,3521,3750,7271
89,,9310218,1,20260929,4520,428,0,0,0,0,0,4575,444,0,0,0,0,0,3,31.377286028527593,130.545285,,,,,,,,,,,,,252,red,4948,5019,9967
89,,9310219,1,20260929,1456,190,0,0,0,0,0,1419,172,0,0,0,0,0,3,31.56571802882308,130.617867,,,,,,,,,,,,,252,red,1646,1591,3237
89,,9310220,1,20260929,4379,1004,0,0,0,0,0,4057,940,0,0,0,0,0,3,33.43104381163675,130.0480662,,,,,,,,,,,,,252,red,5383,4997,10380
89,,9310470,1,20260929,2559,996,61,0,0,0,0,2561,780,50,0,0,0,0,3,32.24423502987137,130.476053,,,,,,,,,,,,,252,red,3616,3391,7007
89,,9310480,1,20260929,2541,1037,0,0,0,0,0,2529,877,0,0,0,0,0,3,32.21685802982958,130.428031,,,,,,,,,,,,,252,red,3578,3406,6984
89,,9310520,1,20260929,3703,619,0,0,0,0,0,3857,553,0,0,0,0,0,3,32.102630029654726,130.326106,,,,,,,,,,,,,252,red,4322,4410,8732
89,,9310530,1,20260929,4673,675,0,0,0,0,0,4731,609,0,0,0,0,0,3,32.08242202962371,130.292812,,,,,,,,,,,,,252,red,5348,5340,10688
89,,9310540,1,20260929,4081,706,0,0,0,0,0,3844,605,0,0,0,0,0,3,32.07232702960822,130.26224,,,,,,,,,,,,,252,red,4787,4449,9236
89,,9310600,1,20260929,1379,695,0,0,0,0,0,1865,636,0,0,0,0,0,3,31.84607502925929,130.257831,,,,,,,,,,,,,252,red,2074,2501,4575
89,,9310610,1,20260929,0,0,0,0,0,252,252,1976,678,0,0,0,0,252,3,31.804655029195118,130.283522,,,,,,,,,,,,,252,red,0,2654,2654
89,,9310620,1,20260929,4918,894,0,0,0,0,0,4925,887,0,0,0,0,0,3,31.759537029125095,130.304217,,,,,,,,,,,,,252,red,5812,5812,11624
89,,9310627,1,20260929,3727,955,0,0,0,0,0,3467,840,0,0,0,0,0,3,33.46078103167972,130.044889,,,,,,,,,,,,,252,red,4682,4307,8989
89,,9310630,1,20260929,4107,860,0,0,0,0,0,3298,705,0,0,0,0,0,3,33.414414111612686,129.9958886,,,,,,,,,,,,,252,red,4967,4003,8970
89,,9310640,1,20260929,5014,967,0,0,0,0,0,4410,808,0,0,0,0,0,3,33.391371311579306,129.9347973,,,,,,,,,,,,,252,red,5981,5218,11199
89,,9310650,1,20260929,4715,1174,0,0,0,0,0,4454,859,0,0,0,0,0,3,33.37966119156232,129.933567,,,,,,,,,,,,,252,red,5889,5313,11202
89,,9310660,1,20260929,3603,498,0,0,0,0,0,3426,530,0,0,0,0,0,3,33.30074103144764,129.915058,,,,,,,,,,,,,252,red,4101,3956,8057
89,,9310710,1,20260929,0,0,0,0,0,252,252,2288,701,0,0,0,0,252,3,33.323471851480726,129.8060041,,,,,,,,,,,,,252,red,0,2989,2989
89,,9310730,1,20260929,2845,361,0,0,0,0,0,2852,354,0,0,0,0,0,3,33.34824903151674,129.729277,,,,,,,,,,,,,252,red,3206,3206,6412
89,,9310740,1,20260929,1119,179,0,0,0,0,0,1325,179,0,0,0,0,0,3,33.34295921550905,129.672585536,,,,,,,,,,,,,252,red,1298,1504,2802
89,,9360270,1,20260929,1576,750,0,0,0,0,0,1528,580,0,0,0,0,0,1,32.93848103091554,131.866353,,,,,,,,,,,,,252,red,2326,2108,4434
89,,9360280,1,20260929,1782,772,0,0,0,0,0,1909,622,0,0,0,0,0,1,32.895717030852126,131.864089,,,,,,,,,,,,,252,red,2554,2531,5085
89,,9360290,1,20260929,1304,669,0,0,0,0,0,1403,538,0,0,0,0,0,1,32.80165203071222,131.87728,,,,,,,,,,,,,252,red,1973,1941,3914
89,,9360300,1,20260929,1275,659,0,0,0,0,0,1354,514,0,0,0,0,0,1,32.72780503060196,131.827089,,,,,,,,,,,,,252,red,1934,1868,3802
89,,9360310,1,20260929,1773,681,0,0,0,0,0,1909,546,0,0,0,0,0,1,32.708018030572354,131.811346,,,,,,,,,,,,,252,red,2454,2455,4909
89,,9360320,1,20260929,1890,711,0,0,0,0,0,2088,592,0,0,0,0,0,1,32.66071403050147,131.702707,,,,,,,,,,,,,252,red,2601,2680,5281
89,,9360330,1,20260929,1710,776,0,0,0,0,0,1872,650,0,0,0,0,0,3,32.67533903052341,131.725922,,,,,,,,,,,,,252,red,2486,2522,5008
89,,9360340,1,20260929,3839,1097,0,0,0,0,1,4499,1008,0,0,0,0,1,3,32.544601030326895,131.648426,,,,,,,,,,,,,252,red,4936,5507,10443
89,,9360350,1,20260929,3714,575,0,0,0,0,0,3317,490,0,0,0,0,0,1,31.69283102902137,131.379337,,,,,,,,,,,,,252,red,4289,3807,8096
89,,9360360,1,20260929,3695,626,0,0,0,0,0,3312,508,0,0,0,0,0,1,31.626655028918243,131.387644,,,,,,,,,,,,,252,red,4321,3820,8141
89,,9360380,1,20260929,1685,403,0,0,0,0,0,1726,378,0,0,0,0,0,1,31.48338302869418,131.081995,,,,,,,,,,,,,252,red,2088,2104,4192
89,,9360385,1,20260929,2081,588,0,0,0,0,0,2362,598,0,0,0,0,0,1,31.46605602866702,131.053459,,,,,,,,,,,,,252,red,2669,2960,5629
89,,9360390,1,20260929,2020,518,0,0,0,0,0,2433,568,0,0,0,0,0,1,31.445310028634466,130.99415,,,,,,,,,,,,,252,red,2538,3001,5539
89,,9360400,1,20260929,3415,949,0,0,0,0,0,3230,936,0,0,0,0,0,1,31.466282028667365,130.90009,,,,,,,,,,,,,252,red,4364,4166,8530
89,,9360410,1,20260929,2762,825,0,0,0,0,0,2735,883,0,0,0,0,0,1,31.521020028753135,130.93081,,,,,,,,,,,,,252,red,3587,3618,7205
89,,9360420,1,20260929,2420,778,0,0,0,0,0,2633,830,0,0,0,0,0,1,31.615248748900434,130.9538662,,,,,,,,,,,,,252,red,3198,3463,6661
89,,9360430,1,20260929,2600,366,0,0,0,0,0,2303,322,0,0,0,0,0,1,32.749633030634584,130.866625,,,,,,,,,,,,,252,red,2966,2625,5591
89,,9360440,1,20260929,2831,379,0,0,0,0,0,2496,334,0,0,0,0,0,1,32.741409030622286,130.89194,,,,,,,,,,,,,252,red,3210,2830,6040
89,,9360443,1,20260929,2535,304,0,0,0,0,0,2281,313,0,0,0,0,0,1,32.73097603060669,130.938429,,,,,,,,,,,,,252,red,2839,2594,5433
89,,9360465,1,20260929,2385,497,0,0,0,0,0,2640,491,0,0,0,0,0,3,32.69277003054952,131.345815,,,,,,,,,,,,,252,red,2882,3131,6013
89,,9360467,1,20260929,2461,541,0,0,0,0,0,2664,574,0,0,0,0,0,3,32.67691003052576,131.36226,,,,,,,,,,,,,252,red,3002,3238,6240
89,,9360470,1,20260929,2402,437,0,0,0,0,0,2773,472,0,0,0,0,0,3,32.587591030391636,131.509484,,,,,,,,,,,,,252,red,2839,3245,6084
90,,10110010,1,20260929,7804,781,0,0,0,0,0,8419,760,0,0,0,0,0,3,26.525846020561954,127.924665,,,,,,,,,,,,,252,red,8585,9179,17764
90,,10110030,1,20260929,23845,1219,0,0,0,0,0,23978,1571,0,0,0,0,0,3,26.27496950463181,127.741287946701,,,,,,,,,,,,,252,red,25064,25549,50613
90,,10110040,1,20260929,4896,273,0,0,0,0,0,4989,281,0,0,0,0,0,3,26.47501802047749,127.955092,,,,,,,,,,,,,252,red,5169,5270,10439
90,,10110060,1,20260929,15471,1975,0,1,0,0,1,11280,1509,0,1,0,0,1,3,26.28023651673024,127.81364321708601,,,,,,,,,,,,,252,red,17446,12789,30235
90,,10110070,1,20260929,11613,1030,0,0,0,0,0,12637,996,0,0,0,0,0,3,26.200277295979053,127.66189455985999,,,,,,,,,,,,,252,red,12643,13633,26276
90,,10110090,1,20260929,15471,1643,0,0,0,0,0,16557,1413,0,0,0,0,0,3,26.1754430532393,127.706499695777,,,,,,,,,,,,,252,red,17114,17970,35084
81,02,1810010,1,20260929,5981,1792,0,,,,,0,0,0,,,,,3,41.996809040234545,140.63609,,,0,0,0,0,0,1,1,0,0,2,250,blue,7773,0,7773
81,02,1810020,1,20260929,3803,1187,0,,,,,3972,1081,0,,,,,3,42.079752040271956,140.596961,,,0,0,0,0,0,0,0,0,0,0,250,blue,4990,5053,10043
81,02,1810030,1,20260929,,,,,,,,,,,,,,,3,42.18194404031664,140.438889,,,1,0,0,0,0,0,0,0,0,0,250,blue,0,0,0
81,02,1810040,1,20260929,2940,1283,0,,,,,2593,1008,0,,,,,3,42.21583304033111,140.385,,,0,0,0,0,0,0,0,0,0,0,250,blue,4223,3601,7824
81,02,1810050,1,20260929,1701,745,0,,,,,1504,787,0,,,,,3,42.29972204036625,140.271667,,,0,0,0,0,0,0,0,0,0,3,250,blue,2446,2291,4737
81,03,1810060,1,20260929,591,116,0,,,,,650,195,0,,,,,3,42.70250004052043,140.42222,,,0,0,0,0,0,0,0,0,0,0,250,blue,707,845,1552
81,03,1810070,1,20260929,1588,180,0,,,,,1362,371,0,,,,,3,42.805277040555936,140.52666,,,0,0,0,0,0,0,0,0,0,0,250,blue,1768,1733,3501
81,03,1810080,1,20260929,856,471,0,,,,,538,228,0,,,,,3,42.79952604055398,140.700552,,,0,0,0,0,0,0,0,0,0,128,250,blue,1327,766,2093
81,03,1810100,1,20260929,2487,736,0,,,,,2967,924,0,,,,,3,43.037777040630445,140.678611,,,0,0,0,0,0,0,0,0,0,0,250,blue,3223,3891,7114
81,03,1810110,1,20260929,5157,714,0,,,,,5296,746,0,,,,,3,43.20720804067966,140.975798,,,0,0,0,0,0,0,0,0,0,0,250,blue,5871,6042,11913
81,03,1810120,1,20260929,9522,977,0,,,,,11255,1067,0,,,,,3,43.177556040671355,141.041001,,,0,0,0,0,0,0,0,0,0,0,250,blue,10499,12322,22821
81,02,1810130,1,20260929,7781,832,0,,,,,5381,735,0,,,,,3,41.88166704018098,140.720833,,,0,0,0,0,0,0,0,0,0,0,250,blue,8613,6116,14729
81,02,1810140,1,20260929,3121,416,0,,,,,4554,693,0,,,,,3,41.922053040199984,140.673037,,,0,0,0,0,0,0,0,0,0,1,250,blue,3537,5247,8784
81,01,1810160,1,20260929,1487,462,0,,,,,2296,354,0,,,,,3,43.575214040771755,141.936064,,,0,0,0,0,0,0,0,0,0,0,250,blue,1949,2650,4599
81,04,1810180,1,20260929,3389,778,0,,,,,5172,1968,0,,,,,3,43.75523899023857,142.273832256632,,,0,0,0,0,0,0,0,0,0,0,250,blue,4167,7140,11307
81,01,1810200,1,20260929,,,,,,,,,,,,,,,3,42.92800104059627,141.532244,,,1,0,0,0,0,0,0,0,0,3,250,blue,0,0,0
81,01,1810210,1,20260929,6216,1559,0,,,,,3454,758,0,,,,,3,42.86212604057491,141.599922,,,0,0,0,0,0,0,0,0,0,5,250,blue,7775,4212,11987
81,05,1810220,1,20260929,,,,,,,,,,,,,,,3,42.736385040532305,141.709144,,,1,0,0,0,0,0,0,0,0,0,250,blue,0,0,0
81,05,1810240,1,20260929,4362,725,0,,,,,4805,643,0,,,,,3,42.44474904042452,141.159993,,,0,0,0,0,0,0,0,0,0,0,250,blue,5087,5448,10535
81,05,1810250,1,20260929,9514,412,0,,,,,7304,368,0,,,,,3,42.32896604037825,140.996368,,,0,0,0,0,0,0,0,0,0,0,250,blue,9926,7672,17598
81,02,1810260,1,20260929,1033,352,0,,,,,954,332,0,,,,,3,42.59861104048294,140.461667,,,0,0,0,0,0,0,0,0,0,0,250,blue,1385,1286,2671
81,05,1810270,1,20260929,1095,456,0,,,,,1087,492,0,,,,,3,42.59319704048096,140.520753,,,0,0,0,0,0,0,0,0,0,0,250,blue,1551,1579,3130
81,05,1810280,1,20260929,1081,441,0,,,,,1091,459,0,,,,,3,42.59372804048115,140.535945,,,0,0,0,0,0,0,0,0,0,1,250,blue,1522,1550,3072
81,05,1810290,1,20260929,444,8,0,,,,,1292,291,0,,,,,3,42.56267604046962,140.742626,,,0,0,0,0,0,0,0,0,0,0,250,blue,452,1583,2035
81,01,1810310,1,20260929,,,,,,,,,,,,,,,3,43.57408404077149,141.983838,,,1,,,,,,,,,,250,blue,0,0,0
81,01,1810320,1,20260929,,,,,,,,,,,,,,,3,43.47080004074768,142.266721,,,1,,,,,,,,,,250,blue,0,0,0
81,04,1810350,1,20260929,665,248,0,,,,,721,186,0,,,,,3,43.197272411385796,142.57548514343702,,,0,0,0,0,0,0,0,0,0,86,250,blue,913,907,1820
81,07,1810360,1,20260929,,,,,,,,,,,,,,,3,43.15712704066555,142.786825,,,0,0,0,0,0,0,0,0,0,250,250,blue,0,0,0
81,07,1810370,1,20260929,1371,552,0,,,,,1211,453,0,,,,,3,42.814306040558975,143.51125,,,0,0,0,0,0,0,0,0,0,0,250,blue,1923,1664,3587
81,07,1810380,1,20260929,,,,,,,,,,,,,,,3,42.82083104056116,143.71063,,,1,0,0,0,0,0,0,0,0,0,250,blue,0,0,0
81,06,1810390,1,20260929,,,,,,,,,,,,,,,3,42.86448904057567,143.874907,,,1,0,0,0,0,1,1,0,0,0,250,blue,0,0,0
81,06,1810400,1,20260929,2433,431,0,,,,,2259,282,0,,,,,3,43.00508004062045,144.254672,,,0,0,0,0,0,0,0,0,0,0,250,blue,2864,2541,5405
81,06,1810410,1,20260929,,,,,,,,,,,,,,,3,43.0195510406249,144.257695,,,1,0,0,0,0,0,0,0,0,0,250,blue,0,0,0
81,06,1810420,1,20260929,7360,293,0,,,,,7372,256,0,,,,,3,43.00768404062126,144.364725,,,0,0,0,0,0,0,0,0,0,0,250,blue,7653,7628,15281
81,04,1810430,1,20260929,905,319,0,,,,,777,211,0,,,,,3,43.89533772001418,142.522262332469,,,0,0,0,0,0,0,0,0,0,0,250,blue,1224,988,2212
81,08,1810460,1,20260929,1957,541,0,,,,,1649,518,0,,,,,3,43.88484504083343,144.001818,,,0,0,0,0,0,0,0,0,0,59,250,blue,2498,2167,4665
81,08,1810480,1,20260929,,,,,,,,,,,,,,,3,43.91366204083846,144.156572,,,1,0,0,0,0,0,0,0,0,39,250,blue,0,0,0
81,04,1810490,1,20260929,,,,,,,,,,,,,,,3,43.84734151228824,142.449476813803,,,1,0,0,0,0,0,0,0,0,1,250,blue,0,0,0
81,04,1810500,1,20260929,1227,449,0,,,,,1153,345,0,,,,,3,44.091634905591874,142.391293207353,,,0,0,0,0,0,0,0,0,0,13,250,blue,1676,1498,3174
81,04,1810510,1,20260929,896,361,0,,,,,543,268,0,,,,,3,44.70483751674948,142.274019195489,,,0,0,0,0,0,0,0,0,0,12,250,blue,1257,811,2068
81,04,1810520,1,20260929,86,27,0,,,,,71,14,0,,,,,3,44.72277804092767,142.249444,,,0,0,0,0,0,0,0,0,0,58,250,blue,113,85,198
81,09,1810530,1,20260929,431,288,0,,,,,494,267,0,,,,,3,44.89642004093388,141.953541,,,0,0,0,0,0,0,0,0,0,4,250,blue,719,761,1480
81,10,1810540,1,20260929,0,0,0,,,,,50,60,0,,,,,3,45.02095404093553,141.771843,,,0,0,0,0,0,0,0,0,1,0,250,blue,0,110,110
81,10,1810550,1,20260929,368,76,0,,,,,381,56,0,,,,,3,45.1450290409348,141.751626,,,0,0,0,0,0,0,0,0,0,31,250,blue,444,437,881
81,10,1810560,1,20260929,,,,,,,,,,,,,,,3,45.22646604093306,141.745387,,,1,,,,,,,,,,250,blue,0,0,0
81,10,1810570,1,20260929,558,159,0,,,,,641,91,0,,,,,3,45.11301904093522,141.794418,,,0,0,0,0,0,0,0,0,1,0,250,blue,717,732,1449
81,06,1810580,1,20260929,6676,286,0,,,,,6944,236,0,,,,,3,42.9878210406151,144.393418,,,0,0,0,0,0,0,0,0,0,0,250,blue,6962,7180,14142
81,06,1810590,1,20260929,,,,,,,,,,,,,,,3,43.05774504063647,144.791279,,,1,0,0,0,0,0,0,0,0,0,250,blue,0,0,0
81,06,1810600,1,20260929,2953,612,0,,,,,2867,426,0,,,,,3,43.05804004063655,144.830749,,,0,0,0,0,0,0,0,0,0,0,250,blue,3565,3293,6858
81,06,1810610,1,20260929,,,,,,,,,,,,,,,3,43.282406040700124,145.50731400000004,,,1,0,0,0,0,0,0,0,0,0,250,blue,0,0,0
81,02,1810620,1,20260929,1261,378,0,,,,,1149,272,0,,,,,3,41.95083004021339,140.45583300000004,,,0,0,0,0,0,0,0,0,0,0,250,blue,1639,1421,3060
81,02,1810630,1,20260929,1530,135,0,,,,,1316,118,0,,,,,3,41.77072204012754,140.613139,,,0,0,0,0,0,0,0,0,0,0,250,blue,1665,1434,3099
81,02,1810640,1,20260929,,,,,,,,,,,,,,,3,41.666445040075686,140.434972,,,1,0,0,0,0,0,0,0,0,0,250,blue,0,0,0
81,02,1810650,1,20260929,2142,369,0,,,,,1982,197,0,,,,,3,41.624898040054596,140.429715,,,0,0,0,0,0,0,0,0,0,1,250,blue,2511,2179,4690
81,02,1810660,1,20260929,889,160,0,,,,,859,184,0,,,,,3,41.49941703998935,140.249306,,,0,0,0,0,0,1,1,0,0,0,250,blue,1049,1043,2092
81,02,1810670,1,20260929,,,,,,,,,,,,,,,3,41.40202103993715,140.185625,,,1,0,0,0,0,0,0,0,0,0,250,blue,0,0,0
81,02,1810680,1,20260929,868,200,0,,,,,931,128,0,,,,,3,41.43166703995318,140.128056,,,0,0,0,0,0,0,0,0,0,1,250,blue,1068,1059,2127
81,02,1810690,1,20260929,383,46,0,,,,,334,122,0,,,,,3,41.71166704009836,140.027778,,,0,0,0,0,0,0,0,0,0,0,250,blue,429,456,885
81,02,1810700,1,20260929,1558,322,0,,,,,1618,299,0,,,,,3,41.84777804016484,140.12472200000002,,,0,0,0,0,0,0,0,0,0,0,250,blue,1880,1917,3797
81,02,1810710,1,20260929,,,,,,,,,,,,,,,3,41.84277804016245,140.732222,,,1,0,0,0,0,4,4,0,0,0,250,blue,0,0,0
81,02,1810720,1,20260929,,,,,,,,,,,,,,,3,41.83613904015928,140.64875,,,1,0,0,0,0,0,0,0,0,0,250,blue,0,0,0
81,02,1810730,1,20260929,,,,,,,,,,,,,,,3,41.78055604013235,140.61055600000003,,,1,0,0,0,0,0,0,0,0,0,250,blue,0,0,0
81,03,1810750,1,20260929,1515,174,0,,,,,1596,104,0,,,,,3,43.2287050406856,140.73446400000003,,,0,0,0,0,0,0,0,0,0,1,250,blue,1689,1700,3389
81,03,1810760,1,20260929,924,66,0,,,,,918,93,0,,,,,3,43.280277040699566,140.6375,,,0,0,0,0,0,0,0,0,0,1,250,blue,990,1011,2001
81,03,1810780,1,20260929,361,44,0,,,,,301,27,0,,,,,3,43.328914040712355,140.422613,,,0,0,0,0,0,0,0,0,0,1,250,blue,405,328,733
81,03,1810790,1,20260929,,,,,,,,,,,,,,,3,43.19878704067732,140.346959,,,1,0,0,0,0,0,0,0,0,1,250,blue,0,0,0
81,03,1810800,1,20260929,1038,110,0,,,,,1111,195,0,,,,,3,43.04480504063257,140.505833,,,0,0,0,0,0,0,0,0,0,1,250,blue,1148,1306,2454
81,03,1810810,1,20260929,,,,,,,,,,,,,,,3,43.02277704062587,140.548333,,,1,,,,,,,,,,250,blue,0,0,0
81,03,1810820,1,20260929,2624,1035,0,,,,,3618,943,0,,,,,3,42.99750304061811,140.538303,,,0,0,0,0,0,0,0,0,0,1,250,blue,3659,4561,8220
81,03,1810830,1,20260929,2519,562,0,,,,,2449,414,0,,,,,3,42.981000040613,140.511333,,,0,0,0,0,0,0,0,0,0,0,250,blue,3081,2863,5944
81,03,1810840,1,20260929,654,258,0,,,,,0,1,0,,,,,3,42.93163404059743,140.409415,,,0,0,0,0,0,0,0,0,0,0,250,blue,912,1,913
81,03,1810850,1,20260929,753,353,0,,,,,698,316,0,,,,,3,42.83094404056455,140.308974,,,0,0,0,0,0,0,0,0,0,0,250,blue,1106,1014,2120
81,03,1810860,1,20260929,5,3,0,,,,,615,169,0,,,,,3,42.818297040560324,140.184051,,,0,0,0,0,0,0,0,0,0,0,250,blue,8,784,792
81,03,1810870,1,20260929,136,23,0,,,,,141,17,0,,,,,3,42.68444404051404,139.919444,,,0,0,0,0,0,0,0,0,0,0,250,blue,159,158,317
81,02,1810880,1,20260929,,,,,,,,,,,,,,,3,42.57583304047453,139.832222,,,1,0,0,0,0,0,0,0,0,0,250,blue,0,0,0
81,02,1810890,1,20260929,207,57,0,,,,,260,58,0,,,,,3,42.17250004031257,139.899444,,,0,0,0,0,0,0,0,0,0,0,250,blue,264,318,582
81,02,1810900,1,20260929,199,59,0,,,,,323,66,0,,,,,3,42.21750004033183,139.868333,,,0,0,0,0,0,0,0,0,0,0,250,blue,258,389,647
81,02,1810910,1,20260929,498,141,0,,,,,534,113,0,,,,,3,42.11918804028937,140.016837,,,0,0,0,0,0,0,0,0,0,1,250,blue,639,647,1286
81,02,1810920,1,20260929,,,,,,,,,,,,,,,3,41.97324904022374,140.139624,,,1,0,0,0,0,0,0,0,0,0,250,blue,0,0,0
81,01,1810940,1,20260929,,,,,,,,,,,,,,,3,43.001256040619275,141.339621,,,1,0,0,0,0,0,0,0,0,1,250,blue,0,0,0
81,01,1810950,1,20260929,,,,,,,,,,,,,,,3,42.999192040618645,141.337588,,,1,0,0,0,0,0,0,0,0,1,250,blue,0,0,0
81,01,1810960,1,20260929,2800,388,0,,,,,1939,267,0,,,,,3,42.9536270406044,141.151206,,,0,0,0,0,0,0,0,0,0,24,250,blue,3188,2206,5394
81,01,1810970,1,20260929,,,,,,,,,,,,,,,3,42.883263040581824,141.139985,,,1,,,,,,,,,,250,blue,0,0,0
81,03,1810980,1,20260929,258,27,0,,,,,653,80,0,,,,,3,42.69444404051758,140.839722,,,0,0,0,0,0,0,0,0,0,108,250,blue,285,733,1018
81,01,1811010,1,20260929,,,,,,,,,,,,,,,3,43.161847040666906,141.353771,,,1,0,0,0,0,0,0,0,0,71,250,blue,0,0,0
81,01,1811020,1,20260929,,,,,,,,,,,,,,,3,43.183375040672985,141.323859,,,1,0,0,0,0,0,0,0,0,3,250,blue,0,0,0
81,01,1811030,1,20260929,,,,,,,,,,,,,,,3,43.22320404068409,141.345058,,,1,0,0,0,0,0,0,0,0,4,250,blue,0,0,0
81,01,1811040,1,20260929,740,178,0,,,,,689,130,0,,,,,3,43.39904804073019,141.436259,,,0,0,0,0,0,0,0,0,0,9,250,blue,918,819,1737
81,09,1811050,1,20260929,,,,,,,,,,,,,,,3,43.75429004080918,141.350733,,,1,0,0,0,0,0,0,0,0,6,250,blue,0,0,0
81,09,1811060,1,20260929,,,,,,,,,,,,,,,3,44.96648604093511,141.761931,,,1,0,0,0,0,0,0,0,0,3,250,blue,0,0,0
81,09,1811080,1,20260929,,,,,,,,,,,,,,,3,44.80492204093118,141.785854,,,1,0,0,0,0,0,0,0,0,0,250,blue,0,0,0
81,09,1811090,1,20260929,,,,,,,,,,,,,,,3,44.64226604092325,141.79398,,,1,0,0,0,0,0,0,0,1,0,250,blue,0,0,0
81,09,1811110,1,20260929,,,,,,,,,,,,,,,3,44.37405804090138,141.71125400000003,,,1,0,0,0,0,0,0,0,1,15,250,blue,0,0,0
81,09,1811120,1,20260929,487,80,0,,,,,1120,349,0,,,,,3,44.255796040888285,141.656338,,,0,0,0,0,0,0,0,0,0,5,250,blue,567,1469,2036
81,09,1811130,1,20260929,41,11,0,,,,,44,19,0,,,,,3,44.07063104086351,141.663029,,,1,0,0,0,0,0,0,0,0,3,250,blue,52,63,115
81,09,1811150,1,20260929,1460,383,0,,,,,1400,457,0,,,,,3,43.94678404084405,141.651833,,,0,0,0,0,0,0,0,0,1,11,250,blue,1843,1857,3700
81,09,1811160,1,20260929,,,,,,,,,,,,,,,3,43.832161040823955,141.829941,,,1,0,0,0,0,0,0,0,0,8,250,blue,0,0,0
81,09,1811170,1,20260929,,,,,,,,,,,,,,,3,43.849231040827085,141.814442,,,1,0,0,0,0,0,0,0,0,2,250,blue,0,0,0
81,09,1811180,1,20260929,212,55,0,,,,,297,88,0,,,,,3,43.874433040831605,141.738524,,,0,0,0,0,0,0,0,0,0,5,250,blue,267,385,652
81,09,1811190,1,20260929,,,,,,,,,,,,,,,3,43.91902504083936,141.685028,,,1,0,0,0,0,0,0,0,0,2,250,blue,0,0,0
81,09,1811200,1,20260929,379,90,0,,,,,492,124,0,,,,,3,43.887433040833905,141.711544,,,1,0,0,0,0,0,0,0,1,6,250,blue,469,616,1085
81,01,1811210,1,20260929,,,,,,,,,,,,,,,3,43.19164404067532,141.764248,,,1,,,,,,,,,,250,blue,0,0,0
81,01,1811220,1,20260929,,,,,,,,,,,,,,,3,42.898883040586895,141.813884,,,1,0,0,0,0,0,0,0,0,63,250,blue,0,0,0
81,05,1811230,1,20260929,1435,832,0,,,,,1187,969,0,,,,,3,42.885113040582425,141.812065,,,0,0,0,0,0,0,0,0,0,0,250,blue,2267,2156,4423
81,05,1811240,1,20260929,,,,,,,,,,,,,,,3,42.76319504054159,141.812586,,,1,0,0,0,0,0,0,0,0,1,250,blue,0,0,0
81,05,1811250,1,20260929,,,,,,,,,,,,,,,3,42.55317704046606,141.981715,,,1,0,0,0,0,0,0,0,0,121,250,blue,0,0,0
81,05,1811260,1,20260929,4502,533,0,,,,,3990,410,0,,,,,3,42.16916704031112,142.768611,,,0,0,0,0,0,0,0,0,0,1,250,blue,5035,4400,9435
81,05,1811270,1,20260929,2038,486,0,,,,,1878,358,0,,,,,3,42.50615204044825,142.070834,,,0,0,0,0,0,1,1,0,0,0,250,blue,2524,2236,4760
81,07,1811280,1,20260929,807,158,0,,,,,130,60,0,,,,,3,42.58422604047764,143.30053,,,0,0,0,0,0,0,0,0,0,0,250,blue,965,190,1155
81,07,1811290,1,20260929,110,43,0,,,,,101,61,0,,,,,3,42.3768230403976,143.061454,,,0,0,0,0,0,69,69,0,0,13,250,blue,153,162,315
81,04,1811320,1,20260929,,,,,,,,,,,,,,,3,43.60527804077837,142.469167,,,1,0,0,0,0,0,0,0,0,2,250,blue,0,0,0
81,04,1811330,1,20260929,2847,645,0,,,,,2531,523,0,,,,,3,43.560996966472565,142.4353437615,,,0,0,0,0,0,0,0,0,0,4,250,blue,3492,3054,6546
81,08,1811370,1,20260929,179,66,0,,,,,165,51,0,,,,,3,44.09975304086775,143.867897,,,0,0,0,0,0,0,0,0,0,160,250,blue,245,216,461
81,08,1811380,1,20260929,734,278,0,,,,,608,204,0,,,,,3,44.12070404087072,143.72058,,,0,0,0,0,0,0,0,0,0,98,250,blue,1012,812,1824
81,08,1811390,1,20260929,2515,531,0,,,,,2428,451,0,,,,,3,44.364948040900465,143.334896,,,0,0,0,0,0,0,0,0,0,0,250,blue,3046,2879,5925
81,10,1811400,1,20260929,,,,,,,,,,,,,,,3,44.77764204093013,142.721902,,,1,0,0,0,0,0,0,0,0,12,250,blue,0,0,0
81,10,1811410,1,20260929,440,228,0,,,,,460,256,0,,,,,3,45.361691040927944,142.122166,,,0,0,0,0,0,0,0,0,1,0,250,blue,668,716,1384
81,10,1811420,1,20260929,0,0,0,,,,,491,80,0,,,,,3,45.43710504092389,141.862347,,,0,0,0,0,0,0,0,0,1,80,250,blue,0,571,571
81,08,1811430,1,20260929,290,95,0,,,,,265,117,0,,,,,3,44.40500204090447,143.017708,,,0,0,0,0,0,0,0,0,0,0,250,blue,385,382,767
81,04,1811440,1,20260929,203,41,0,,,,,237,56,0,,,,,3,44.31599186248862,142.78318613417,,,0,0,0,0,0,0,0,0,0,46,250,blue,244,293,537
81,04,1811450,1,20260929,408,106,0,,,,,255,107,0,,,,,3,44.18218514890566,142.3067879962,,,0,0,0,0,0,0,0,0,0,3,250,blue,514,362,876
81,09,1811460,1,20260929,,,,,,,,,,,,,,,3,44.20144804088155,142.034387,,,1,0,0,0,0,0,0,0,0,4,250,blue,0,0,0
81,06,1811490,1,20260929,,,,,,,,,,,,,,,3,43.28312104070033,144.106479,,,1,0,0,0,0,0,0,0,0,0,250,blue,0,0,0
81,06,1811500,1,20260929,366,253,0,,,,,355,227,0,,,,,3,43.45847504074473,144.008366,,,0,0,0,0,0,0,0,0,0,0,250,blue,619,582,1201
81,08,1811520,1,20260929,1598,217,0,,,,,1625,261,0,,,,,3,44.16231304087643,143.57881,,,0,0,0,0,0,16,16,0,0,1,250,blue,1815,1886,3701
81,08,1811530,1,20260929,1860,344,0,,,,,1842,289,0,,,,,3,44.13401504087257,143.561357,,,0,0,0,0,0,16,16,0,0,0,250,blue,2204,2131,4335
81,08,1811540,1,20260929,,,,,,,,,,,,,,,3,43.81153304082013,143.553741,,,1,0,0,0,0,0,0,0,0,46,250,blue,0,0,0
81,07,1811550,1,20260929,58,29,0,,,,,71,42,0,,,,,3,43.614803040780444,143.623559,,,0,0,0,0,0,0,0,0,0,0,250,blue,87,113,200
81,07,1811560,1,20260929,1312,286,0,,,,,1475,390,0,,,,,3,42.950446040603396,143.426823,,,0,0,0,0,0,0,0,0,0,0,250,blue,1598,1865,3463
81,07,1811570,1,20260929,335,64,0,,,,,3999,501,0,,,,,3,42.91920004059345,143.382799,,,0,0,0,0,0,0,0,0,0,0,250,blue,399,4500,4899
81,06,1811580,1,20260929,1,4,0,,,,,440,130,0,,,,,3,43.65168204078832,144.260814,,,0,0,0,0,0,0,0,0,0,0,250,blue,5,570,575
81,06,1811590,1,20260929,616,155,0,,,,,535,153,0,,,,,3,43.48222204075039,144.542778,,,0,0,0,0,0,0,0,0,0,0,250,blue,771,688,1459
81,06,1811600,1,20260929,426,137,0,,,,,459,146,0,,,,,3,43.415912040734376,144.740463,,,0,0,0,0,0,0,0,0,0,0,250,blue,563,605,1168
81,08,1811610,1,20260929,2204,333,0,,,,,2021,233,0,,,,,3,43.96614504084723,144.326697,,,0,0,0,0,0,0,0,0,0,0,250,blue,2537,2254,4791
81,08,1811620,1,20260929,1096,146,0,,,,,1094,152,0,,,,,3,43.91012304083783,144.542023,,,0,0,0,0,0,0,0,0,0,0,250,blue,1242,1246,2488
81,08,1811630,1,20260929,,,,,,,,,,,,,,,3,43.888827040834144,144.736391,,,1,0,0,0,0,0,0,0,0,73,250,blue,0,0,0
81,06,1811640,1,20260929,201,63,0,,,,,228,58,0,,,,,3,43.73179504080475,144.960789,,,0,0,0,0,0,0,0,0,0,0,250,blue,264,286,550
81,06,1811650,1,20260929,212,30,0,,,,,200,43,0,,,,,3,43.69435704079721,145.112266,,,0,0,0,0,0,0,0,0,0,0,250,blue,242,243,485
81,06,1811660,1,20260929,,,,,,,,,,,,,,,3,43.37687304072465,145.283748,,,1,0,0,0,0,0,0,0,0,0,250,blue,0,0,0
81,06,1811670,1,20260929,1081,514,0,,,,,1049,375,0,,,,,3,43.225599040684756,144.69552000000002,,,0,0,0,0,0,0,0,0,0,0,250,blue,1595,1424,3019
81,06,1811680,1,20260929,903,360,0,,,,,933,288,0,,,,,3,43.384169040726476,144.866826,,,0,0,0,0,0,0,0,0,0,0,250,blue,1263,1221,2484
81,06,1811690,1,20260929,,,,,,,,,,,,,,,3,43.60985404077937,145.077277,,,1,0,0,0,0,0,0,0,0,0,250,blue,0,0,0
81,07,1811700,1,20260929,466,127,0,,,,,433,115,0,,,,,3,43.353586040718724,143.261308,,,0,0,0,0,0,0,0,0,0,4,250,blue,593,548,1141
81,07,1811710,1,20260929,268,97,0,,,,,301,79,0,,,,,3,43.571286040770886,143.120781,,,0,0,0,0,0,0,0,0,0,5,250,blue,365,380,745
81,04,1811730,1,20260929,221,101,0,,,,,173,50,0,,,,,3,43.909246029716684,142.97348513542,,,0,0,0,0,0,0,0,0,0,3,250,blue,322,223,545
81,04,1811740,1,20260929,191,75,0,,,,,134,42,0,,,,,3,43.9388162846136,142.945802727953,,,0,0,0,0,0,0,0,0,0,59,250,blue,266,176,442
81,01,1811750,1,20260929,2407,1195,0,,,,,1735,1062,0,,,,,3,42.98946404061562,141.609539,,,0,0,0,0,0,0,0,0,0,16,250,blue,3602,2797,6399
81,01,1811760,1,20260929,1067,517,0,,,,,950,417,0,,,,,3,42.94269504060095,141.76061,,,0,0,0,0,0,0,0,0,0,6,250,blue,1584,1367,2951
81,01,1811770,1,20260929,877,453,0,,,,,731,440,0,,,,,3,42.950353040603375,141.802672,,,0,0,0,0,0,0,0,0,0,2,250,blue,1330,1171,2501
81,01,1811780,1,20260929,,,,,,,,,,,,,,,3,42.91325204059154,141.966963,,,1,0,0,0,0,0,0,0,0,6,250,blue,0,0,0
81,01,1811790,1,20260929,,,,,,,,,,,,,,,3,42.92852504059643,142.063994,,,1,0,0,0,0,0,0,0,0,0,250,blue,0,0,0
81,05,1811800,1,20260929,90,206,0,,,,,824,1094,0,,,,,3,42.9641030406077,142.63981100000004,,,0,0,0,0,0,0,0,0,0,0,250,blue,296,1918,2214
81,01,1811810,1,20260929,3065,950,0,,,,,2232,774,0,,,,,3,43.18243804067272,141.523454,,,0,0,0,0,0,0,0,0,0,41,250,blue,4015,3006,7021
81,01,1811830,1,20260929,1227,441,0,,,,,1360,232,0,,,,,3,43.54600104076516,141.884426,,,0,0,0,0,0,0,0,0,0,1,250,blue,1668,1592,3260
81,01,1811840,1,20260929,744,251,0,,,,,703,191,0,,,,,3,43.71586004080156,141.885874,,,0,0,0,0,0,0,0,0,0,12,250,blue,995,894,1889
81,01,1811850,1,20260929,236,87,0,,,,,258,59,0,,,,,3,43.76892104081203,141.884179,,,0,0,0,0,0,0,0,0,0,23,250,blue,323,317,640
81,01,1811860,1,20260929,389,55,0,,,,,359,65,0,,,,,3,43.80589304081908,141.905599,,,0,0,0,0,0,0,0,0,0,0,250,blue,444,424,868
81,01,1811870,1,20260929,206,64,0,,,,,177,53,0,,,,,3,43.917356040839074,142.125632,,,0,0,0,0,0,0,0,0,0,21,250,blue,270,230,500
81,04,1811880,1,20260929,232,54,0,,,,,216,55,0,,,,,3,44.74113379582216,142.253439072174,,,0,0,0,0,0,0,0,0,0,81,250,blue,286,271,557
81,10,1811890,1,20260929,303,77,0,,,,,291,78,0,,,,,3,44.820303040931734,142.284138,,,0,0,0,0,0,0,0,0,0,0,250,blue,380,369,749
81,10,1811900,1,20260929,207,63,0,,,,,212,75,0,,,,,3,45.044884040935564,142.315271,,,0,0,0,0,0,0,0,0,0,74,250,blue,270,287,557
81,10,1811910,1,20260929,247,56,0,,,,,319,68,0,,,,,3,45.10820204093526,142.363773,,,0,0,0,0,0,0,0,0,0,122,250,blue,303,387,690
81,03,1811920,1,20260929,,,,,,,,,,,,,,,3,42.98635304061466,140.606197,,,1,0,0,0,0,0,0,0,0,0,250,blue,0,0,0
81,03,1811930,1,20260929,510,286,0,,,,,573,263,0,,,,,3,42.88083304058103,140.878055,,,0,0,0,0,0,0,0,0,0,88,250,blue,796,836,1632
81,03,1811940,1,20260929,576,309,0,,,,,474,420,0,,,,,3,42.80440904055563,140.891961,,,0,0,0,0,0,0,0,0,0,36,250,blue,885,894,1779
81,03,1811950,1,20260929,238,181,0,,,,,236,142,0,,,,,3,42.75773904053971,141.013347,,,0,0,0,0,0,0,0,0,0,82,250,blue,419,378,797
81,01,1811980,1,20260929,,,,,,,,,,,,,,,3,42.71955604052643,141.252074,,,1,0,0,0,0,0,0,0,0,13,250,blue,0,0,0
81,01,1811990,1,20260929,831,370,0,,,,,745,407,0,,,,,3,42.74221004053433,141.402953,,,0,0,0,0,0,0,0,0,0,8,250,blue,1201,1152,2353
81,02,1812000,1,20260929,166,13,0,,,,,179,35,0,,,,,3,42.1695560403113,140.052167,,,0,0,0,0,0,0,0,0,0,1,250,blue,179,214,393
81,02,1812010,1,20260929,1958,297,0,,,,,2124,339,0,,,,,3,41.76194404012323,140.856944,,,0,0,0,0,0,0,0,0,0,1,250,blue,2255,2463,4718
81,02,1812020,1,20260929,1084,118,0,,,,,1224,111,0,,,,,3,41.714722040099886,140.9975,,,0,0,0,0,0,0,0,0,0,0,250,blue,1202,1335,2537
81,02,1812030,1,20260929,,,,,,,,,,,,,,,3,41.87888904017965,141.092222,,,1,0,0,0,0,0,0,0,0,0,250,blue,0,0,0
81,02,1812040,1,20260929,591,177,0,,,,,617,76,0,,,,,3,41.9566670402161,140.928611,,,0,0,0,0,0,0,0,0,0,0,250,blue,768,693,1461
81,02,1812050,1,20260929,,,,,,,,,,,,,,,3,42.013056040241956,140.853611,,,1,0,0,0,0,0,0,0,0,0,250,blue,0,0,0
81,02,1812060,1,20260929,410,78,0,,,,,513,37,0,,,,,3,42.042500040255284,140.813056,,,0,0,0,0,0,0,0,0,0,0,250,blue,488,550,1038
81,02,1812070,1,20260929,609,156,0,,,,,600,208,0,,,,,3,42.12805604029326,140.711389,,,0,0,0,0,0,1,1,0,0,2,250,blue,765,808,1573
81,02,1812080,1,20260929,1666,191,0,,,,,1687,176,0,,,,,3,42.118611040289125,140.632778,,,0,0,0,0,0,1,1,0,0,0,250,blue,1857,1863,3720
81,06,1812090,1,20260929,11,8,0,,,,,1327,239,0,,,,,3,43.89994004083609,145.099582,,,0,0,0,0,0,1,1,0,0,0,250,blue,19,1566,1585
81,05,1812130,1,20260929,252,47,0,,,,,211,66,0,,,,,3,42.02778604024864,143.231184,,,0,0,0,0,0,0,0,0,0,2,250,blue,299,277,576
81,07,1812150,1,20260929,,,,,,,,,,,,,,,3,42.16205004030805,143.324722,,,1,0,0,0,0,0,0,0,0,0,250,blue,0,0,0
81,07,1812160,1,20260929,542,65,0,,,,,919,284,0,,,,,3,42.28181504035883,143.31818,,,0,0,0,0,0,0,0,0,0,0,250,blue,607,1203,1810
81,07,1812170,1,20260929,1024,172,0,,,,,905,162,0,,,,,3,42.31167504037117,143.321422,,,0,0,0,0,0,64,64,0,0,12,250,blue,1196,1067,2263
81,07,1812180,1,20260929,101,76,0,,,,,126,79,0,,,,,3,42.68446104051403,143.603341,,,0,0,0,0,0,0,0,0,0,0,250,blue,177,205,382
81,07,1812190,1,20260929,187,113,0,,,,,140,105,0,,,,,3,42.69525004051786,143.616062,,,0,0,0,0,0,0,0,0,0,0,250,blue,300,245,545
81,07,1812200,1,20260929,,,,,,,,,,,,,,,3,42.74125304053399,143.631419,,,1,0,0,0,0,0,0,0,0,0,250,blue,0,0,0
81,01,1812210,1,20260929,372,118,0,,,,,251,56,0,,,,,3,42.85600604057288,141.704289,,,0,0,0,0,0,0,0,0,0,64,250,blue,490,307,797
81,01,1812220,1,20260929,,,,,,,,,,,,,,,3,42.969962040609545,141.672998,,,1,0,0,0,0,0,0,0,0,5,250,blue,0,0,0
81,01,1812230,1,20260929,,,,,,,,,,,,,,,3,43.02096904062534,141.663755,,,1,0,0,0,0,0,0,0,0,5,250,blue,0,0,0
81,03,1812240,1,20260929,4792,1979,0,,,,,4212,1583,0,,,,,3,43.14450004066195,141.187805,,,0,0,0,0,0,0,0,0,0,0,250,blue,6771,5795,12566
81,06,1812250,1,20260929,350,114,0,,,,,319,107,0,,,,,3,43.68733204079576,144.466438,,,0,0,0,0,0,0,0,0,0,0,250,blue,464,426,890
81,03,1812260,1,20260929,,,,,,,,,,,,,,,3,42.99111104061613,140.875833,,,1,0,0,0,0,0,0,0,0,0,250,blue,0,0,0
81,04,1812290,1,20260929,1953,549,0,,,,,1629,366,0,,,,,3,43.85258742603739,142.702731203374,,,0,0,0,0,0,6,6,0,0,7,250,blue,2502,1995,4497
81,01,1812300,1,20260929,0,0,0,,,,,246,39,0,,,,,3,43.578650040772516,141.414894,,,0,0,0,0,0,0,0,0,0,2,250,blue,0,285,285
81,01,1812310,1,20260929,43,3,0,,,,,47,1,0,,,,,3,43.548241040765674,141.621516,,,0,0,0,0,0,0,0,0,0,11,250,blue,46,48,94
81,01,1812320,1,20260929,46,2,0,,,,,49,4,0,,,,,3,43.542762040764444,141.638006,,,0,0,0,0,0,0,0,0,0,0,250,blue,48,53,101
81,01,1812330,1,20260929,,,,,,,,,,,,,,,3,43.55901004076813,141.903362,,,1,0,0,0,0,0,0,0,0,66,250,blue,0,0,0
81,01,1812340,1,20260929,374,64,0,,,,,358,26,0,,,,,3,42.995832040617586,142.00991,,,0,0,0,0,0,0,0,0,0,0,250,blue,438,384,822
81,01,1812350,1,20260929,5779,409,0,,,,,6412,474,0,,,,,3,42.979904040612645,141.346302,,,0,0,0,0,0,0,0,0,0,8,250,blue,6188,6886,13074
81,01,1812370,1,20260929,790,32,0,,,,,682,44,0,,,,,3,42.83639604056636,141.300884,,,0,0,0,0,0,0,0,0,0,3,250,blue,822,726,1548
81,01,1812380,1,20260929,707,22,0,,,,,706,31,0,,,,,3,42.80255304055502,141.327921,,,0,0,0,0,0,0,0,0,0,9,250,blue,729,737,1466
82,,2810010,1,20260929,3607,1618,0,,,,,3456,1734,0,,,,,3,37.18051903644227,140.286944,,,0,,,,0,,,,,,252,blue,5225,5190,10415
82,,2810030,1,20260929,2833,1012,0,,,,,2932,882,0,,,,,3,37.862598037160126,140.528175,,,0,,,,0,,,,,,252,blue,3845,3814,7659
82,,2810180,1,20260929,633,159,0,,,,,92,98,0,,,,,3,38.89166803813703,141.115835,,,1,,,,0,,,,,,252,blue,792,190,982
82,,2810190,1,20260929,625,145,0,,,,,189,146,0,,,,,3,39.03166703825964,141.1175,,,1,,,,0,,,,,,252,blue,770,335,1105
82,,2810200,1,20260929,224,13,0,,,,,609,124,0,,,,,3,39.0450020382712,141.129544,,,1,,,,0,,,,,,252,blue,237,733,970
82,,2810220,1,20260929,8666,1511,0,,,,,8753,1471,0,,,,,3,39.29444503848296,141.105556,,,0,,,,0,,,,,,252,blue,10177,10224,20401
82,,2810230,1,20260929,0,0,0,,,,,0,0,0,,,,,3,39.344446038524424,141.106946,,,1,,,,0,,,,,,252,blue,0,0,0
82,,2810240,1,20260929,202,173,0,,,,,332,178,0,,,,,3,39.651946038772245,141.164724,,,1,,,,0,,,,,,252,blue,375,510,885
82,,2810250,1,20260929,62,36,0,,,,,107,93,0,,,,,3,39.888889038954595,141.19528,,,1,,,,0,,,,,,252,blue,98,200,298
82,,2810270,1,20260929,44,11,0,,,,,0,1,0,,,,,3,40.27277803923393,141.293058,,,0,,,,0,,,,,,252,blue,55,1,56
82,,2810280,1,20260929,809,275,0,,,,,993,297,0,,,,,3,40.41445803933193,141.298913,,,0,,,,0,,,,,,252,blue,1084,1290,2374
82,,2810290,1,20260929,3385,732,0,,,,,3370,591,0,,,,,3,40.718083039532594,141.156692,,,0,,,,0,,,,,,252,blue,4117,3961,8078
82,,2810300,1,20260929,1603,600,0,,,,,1430,466,0,,,,,3,40.907508039651255,141.061111,,,1,,,,0,,,,,,252,blue,2203,1896,4099
82,,2810310,1,20260929,3409,984,0,,,,,3001,810,0,,,,,3,40.8547220396187,140.839178,,,1,,,,0,,,,,,252,blue,4393,3811,8204
82,,2810320,1,20260929,5430,2061,0,,,,,6511,1708,0,,,,,3,36.91389703614713,140.802218,,,0,,,,0,,,,,,252,blue,7491,8219,15710
82,,2810330,1,20260929,6546,1575,0,,,,,6081,1490,0,,,,,3,37.027520036273884,140.897874,,,0,,,,0,,,,,,252,blue,8121,7571,15692
82,,2810340,1,20260929,,,,,,,,,,,,,,,3,37.191077036453784,140.999315,,,1,,,,0,,,,,,252,blue,0,0,0
82,,2810350,1,20260929,,,,,,,,,,,,,,,3,37.83831703713551,140.937334,,,1,,,,0,,,,,,252,blue,0,0,0
82,,2810400,1,20260929,1808,367,0,,,,,1452,294,0,,,,,3,39.26847903846129,139.923131,,,0,,,,0,,,,,,252,blue,2175,1746,3921
82,,2810430,1,20260929,1359,397,0,,,,,1383,343,0,,,,,3,39.976642039020206,140.07770900000003,,,1,,,,0,,,,,,252,blue,1756,1726,3482
82,,2810450,1,20260929,,,,,,,,,,,,,,,3,40.278639039238044,140.449111,,,1,,,,0,,,,,,252,blue,0,0,0
82,,2810460,1,20260929,638,92,0,,,,,554,38,0,,,,,3,40.275306039235716,140.516861,,,1,,,,0,,,,,,252,blue,730,592,1322
82,,2810470,1,20260929,1749,617,0,,,,,1783,820,0,,,,,3,40.317917039265446,140.578139,,,0,,,,0,,,,,,252,blue,2366,2603,4969
82,,2810480,1,20260929,567,119,0,,,,,735,216,0,,,,,3,40.577502039441285,140.518889,,,1,,,,0,,,,,,252,blue,686,951,1637
82,,2810490,1,20260929,4885,951,0,,,,,4683,888,0,,,,,3,40.711137039528154,140.580013,,,0,,,,0,,,,,,252,blue,5836,5571,11407
82,,2810580,1,20260929,1229,364,0,,,,,408,150,0,,,,,3,39.260555038454655,140.543611,,,1,,,,0,,,,,,252,blue,1593,558,2151
82,,2810590,1,20260929,3996,1245,0,,,,,4718,709,0,,,,,3,39.44138803860391,140.505,,,0,,,,0,,,,,,252,blue,5241,5427,10668
82,,2810600,1,20260929,3446,926,0,,,,,3419,696,0,,,,,3,39.51138803866052,140.380833,,,0,,,,0,,,,,,252,blue,4372,4115,8487
82,,2810610,1,20260929,3093,835,0,,,,,2882,933,0,,,,,3,39.63750003876089,140.300833,,,0,,,,0,,,,,,252,blue,3928,3815,7743
82,,2810620,1,20260929,6355,1159,0,,,,,4677,1208,0,,,,,3,39.67388903878944,140.152222,,,0,,,,0,,,,,,252,blue,7514,5885,13399
82,,2810630,1,20260929,12086,1736,0,,,,,10705,2117,0,,,,,3,39.69425003880535,140.122194,,,0,,,,0,,,,,,252,blue,13822,12822,26644
82,,2810960,1,20260929,170,10,0,,,,,6,3,0,,,,,3,40.26398203922775,141.40187,,,1,,,,0,,,,,,252,blue,180,9,189
82,,2810970,1,20260929,83,10,0,,,,,73,21,0,,,,,3,40.4453010393529,141.638612,,,1,,,,0,,,,,,252,blue,93,94,187
82,,2810980,1,20260929,0,0,0,,,,,116,76,0,,,,,3,40.30396403925574,141.3059,,,1,,,,0,,,,,,252,blue,0,192,192
82,,2810990,1,20260929,3258,808,0,,,,,2799,702,0,,,,,3,40.60361303945845,141.404748,,,0,,,,0,,,,,,252,blue,4066,3501,7567
82,,2811030,1,20260929,1005,300,0,,,,,922,413,0,,,,,3,39.608922038738314,140.57135,,,0,,,,0,,,,,,252,blue,1305,1335,2640
82,,2811140,1,20260929,1066,211,0,,,,,697,144,0,,,,,3,37.03129103627806,140.879088,,,1,,,,0,,,,,,252,blue,1277,841,2118
82,,2811160,1,20260929,1161,496,0,,,,,1261,657,0,,,,,3,37.1928290364557,140.62122,,,0,,,,0,,,,,,252,blue,1657,1918,3575
83,,3810010,1,20260929,,,,,,,,,,,,,,,3,35.23222203411103,139.112514,,,1,,,,,,,,,,252,blue,0,0,0
83,,3810040,1,20260929,13071,867,0,,,,,566,55,0,,,,,3,35.26450803415279,139.182925,,,0,0,0,0,0,4,0,0,0,0,252,blue,13938,621,14559
83,,3810050,1,20260929,19355,2842,0,,,,,,,,,,,,3,35.71158901450833,139.777491746321,,,0,0,0,0,0,0,0,0,0,0,252,blue,22197,0,22197
83,,3810060,1,20260929,13672,2420,0,,,,,11441,2037,0,,,,,3,35.725261072361086,139.78833095668,,,0,0,0,0,0,0,0,0,0,0,252,blue,16092,13478,29570
83,,3810061,1,20260929,13767,2626,0,,,,,11576,2433,0,,,,,3,35.72724220226666,139.789181219765,,,0,0,0,0,0,0,0,0,0,0,252,blue,16393,14009,30402
83,,3810070,1,20260929,12786,2850,0,,,,,7441,1328,0,,,,,3,35.735055772282294,139.795343463609,,,0,0,0,0,0,0,0,0,0,0,252,blue,15636,8769,24405
83,,3810080,1,20260929,0,1,0,,,,,16092,3113,0,,,,,3,35.73896290498206,139.797270681572,,,0,0,0,0,0,0,0,0,0,0,252,blue,1,19205,19206
83,,3810100,1,20260929,2742,203,0,,,,,3629,270,0,,,,,3,36.53972203571964,139.883611,,,0,0,0,0,0,0,0,0,0,0,252,blue,2945,3899,6844
83,,3810110,1,20260929,6841,1707,0,,,,,6982,1797,0,,,,,3,36.91694403615054,139.999722,,,0,0,0,0,0,0,0,0,0,0,252,blue,8548,8779,17327
83,,3810140,1,20260929,6214,4943,0,,,,,4984,3919,0,,,,,3,35.9900520350645,139.793529,,,0,0,0,0,0,0,0,0,0,0,252,blue,11157,8903,20060
83,,3810151,1,20260929,3184,4771,0,,,,,4912,5620,0,,,,,3,36.07984803517367,139.770041,,,0,0,0,0,0,0,0,0,0,0,252,blue,7955,10532,18487
83,,3810160,1,20260929,5257,4358,0,,,,,6547,6416,0,,,,,3,36.167500035279446,139.779444,,,0,0,0,0,0,0,0,0,0,0,252,blue,9615,12963,22578
83,,3810180,1,20260929,3583,2882,0,,,,,10668,6122,0,,,,,3,36.296506035433666,139.841547,,,0,0,0,0,0,0,0,0,0,0,252,blue,6465,16790,23255
83,,3810200,1,20260929,411,174,0,,,,,18824,6897,0,,,,,3,36.57174703575683,139.941692,,,0,0,0,0,0,0,0,0,0,0,252,blue,585,25721,26306
83,,3810210,1,20260929,15110,1088,0,,,,,3,2,0,,,,,3,35.694558518577544,139.78420024258003,,,0,0,0,0,0,0,0,0,0,0,252,blue,16198,5,16203
83,,3810220,1,20260929,14113,2571,0,,,,,7417,939,0,,,,,3,35.73416286894769,139.831977693081,,,0,0,0,0,0,0,0,0,0,0,252,blue,16684,8356,25040
83,,3810230,1,20260929,2302,117,0,,,,,4774,755,0,,,,,3,35.735319871891136,139.833592336398,,,0,0,0,0,0,0,0,0,0,0,252,blue,2419,5529,7948
83,,3810260,1,20260929,,,,,,,,,,,,,,,3,35.83796603487771,139.939917,,,1,,,,,,,,,,252,blue,0,0,0
83,,3810280,1,20260929,,,,,,,,,,,,,,,3,35.895306034948405,140.059167,,,1,0,0,0,0,0,0,0,0,0,252,blue,0,0,0
83,,3810290,1,20260929,4887,1853,0,,,,,6702,2210,0,,,,,3,36.06811403515946,140.179269,,,0,0,0,0,0,0,0,0,0,0,252,blue,6740,8912,15652
83,,3810300,1,20260929,9587,2922,0,,,,,5167,1546,0,,,,,3,36.078239035171734,140.177747,,,0,0,0,0,0,0,0,0,0,0,252,blue,12509,6713,19222
83,,3810320,1,20260929,3352,433,0,,,,,6850,3157,0,,,,,3,36.378875035531216,140.500661,,,0,0,0,0,0,0,0,0,0,0,252,blue,3785,10007,13792
83,,3810330,1,20260929,2330,664,0,,,,,10224,1679,0,,,,,3,36.655972035854084,140.701006,,,0,0,0,0,0,1,1,0,0,0,252,blue,2994,11903,14897
83,,3810340,1,20260929,3976,1284,0,,,,,4195,1034,0,,,,,3,36.794736036012644,140.752922,,,0,0,0,0,0,0,0,0,0,0,252,blue,5260,5229,10489
83,,3810350,1,20260929,8858,2303,0,,,,,1,0,0,,,,,3,35.92645303498668,140.111775,,,0,0,0,0,0,0,0,0,0,0,252,blue,11161,1,11162
83,,3810360,1,20260929,,,,,,,,,,,,,,,3,35.694040942069805,139.789910543304,,,1,0,0,0,0,0,61,0,0,12,252,blue,0,0,0
83,,3810370,1,20260929,,,,,,,,,,,,,,,3,35.702867388707524,139.866257828687,,,1,0,0,0,0,0,0,0,0,0,252,blue,0,0,0
83,,3810380,1,20260929,,,,,,,,,,,,,,,3,35.628891034617155,140.088076,,,1,,,,,,,,,,252,blue,0,0,0
83,,3810390,1,20260929,,,,,,,,,,,,,,,3,35.62349099143046,139.737976826575,,,1,,,,,,,,,,252,blue,0,0,0
83,,3810400,1,20260929,4486,248,0,,,,,4834,209,0,,,,,3,35.263900034152,139.698397,,,0,0,0,0,0,0,1,0,0,0,252,blue,4734,5043,9777
83,,3810410,1,20260929,5533,1167,0,,,,,6503,1290,0,,,,,3,35.62304903460981,139.340292,,,0,0,0,0,0,0,0,0,0,0,252,blue,6700,7793,14493
83,,3810420,1,20260929,8732,1052,0,,,,,8971,1369,0,,,,,3,35.67571003467587,139.331954,,,0,0,0,0,0,0,0,0,0,0,252,blue,9784,10340,20124
83,,3810431,1,20260929,7542,4064,0,,,,,7839,4749,0,,,,,3,35.77594403480087,139.336731,,,0,0,0,0,0,0,0,0,0,0,252,blue,11606,12588,24194
83,,3810440,1,20260929,,,,,,,,,,,,,,,3,35.82933103486704,139.380426,,,1,0,0,0,0,0,0,0,0,0,252,blue,0,0,0
83,,3810460,1,20260929,13182,3706,0,,,,,13264,4138,0,,,,,3,35.91289603497003,139.534764,,,0,0,0,0,0,0,0,0,0,0,252,blue,16888,17402,34290
83,,3810470,1,20260929,,,,,,,,8669,3309,0,,,,,3,35.92749603498795,139.591065,,,0,0,0,0,0,0,2,0,0,0,252,blue,0,11978,11978
83,,3810490,1,20260929,,,,,,,,,,,,,,,3,35.992460035067445,139.820467,,,1,,,,,,,,,,252,blue,0,0,0
83,,3810500,1,20260929,4109,964,0,,,,,5907,2164,0,,,,,3,35.79376864024429,139.685717006056,,,0,0,0,0,0,0,0,0,0,0,252,blue,5073,8071,13144
83,,3810510,1,20260929,4610,1261,0,,,,,4749,1513,0,,,,,3,35.8210620348568,139.680963,,,0,0,0,0,0,0,0,0,0,0,252,blue,5871,6262,12133
83,,3810520,1,20260929,14463,3643,0,,,,,14163,3638,0,,,,,3,35.97632603504774,139.594106,,,0,0,0,0,0,1,0,0,0,0,252,blue,18106,17801,35907
83,,3810540,1,20260929,7247,1944,0,,,,,6695,1860,0,,,,,3,36.230692035355204,139.2134,,,0,0,0,0,0,0,3,0,0,0,252,blue,9191,8555,17746
83,,3810560,1,20260929,13594,2071,0,,,,,13682,1634,0,,,,,3,36.31113903545105,139.02725,,,0,0,0,0,0,0,0,0,0,0,252,blue,15665,15316,30981
83,,3810600,1,20260929,1886,201,0,,,,,1767,352,0,,,,,3,36.68205603588405,138.968889,,,0,0,0,0,0,0,1,0,0,0,252,blue,2087,2119,4206
83,,3810610,1,20260929,15612,4823,0,,,,,,,,,,,,3,35.84803703489016,139.625615,,,0,0,0,0,0,0,2,0,0,0,252,blue,20435,0,20435
83,,3810620,1,20260929,,,,,,,,15864,4457,0,,,,,3,35.84444303488572,139.626759,,,0,0,0,0,0,0,2,0,0,0,252,blue,0,20321,20321
83,,3810670,1,20260929,10729,3775,0,,,,,12171,3939,0,,,,,3,36.35330303550101,139.215067,,,0,0,0,0,0,0,0,0,0,0,252,blue,14504,16110,30614
83,,3810710,1,20260929,4403,1093,0,,,,,4234,1009,0,,,,,3,36.33250003547639,138.5235,,,0,0,0,0,0,0,0,0,0,0,252,blue,5496,5243,10739
83,,3810720,1,20260929,6040,1350,0,,,,,7103,1122,0,,,,,3,36.49438903566681,138.150722,,,0,0,0,0,0,0,11,0,0,0,252,blue,7390,8225,15615
83,,3810740,1,20260929,9820,1177,0,,,,,8270,825,0,,,,,3,36.65492503585288,138.23375,,,0,0,0,0,0,0,0,0,0,0,252,blue,10997,9095,20092
83,,3810750,1,20260929,9267,1081,0,,,,,3692,663,0,,,,,3,36.695139035899054,138.26925,,,0,0,0,0,0,0,0,0,0,0,252,blue,10348,4355,14703
83,,3810760,1,20260929,5578,937,0,,,,,5932,830,0,,,,,3,36.717694035924886,138.298306,,,0,0,0,0,0,0,0,0,0,0,252,blue,6515,6762,13277
83,,3810770,1,20260929,1935,579,0,,,,,1910,357,0,,,,,3,36.75032203596213,138.212264,,,0,0,0,0,0,0,0,0,0,0,252,blue,2514,2267,4781
83,,3810780,1,20260929,2184,426,0,,,,,2071,449,0,,,,,3,36.792972036010646,138.219778,,,0,0,0,0,0,0,0,0,0,0,252,blue,2610,2520,5130
83,,3810790,1,20260929,4995,714,0,,,,,4437,777,0,,,,,3,36.406417035563685,138.204417,,,0,0,0,0,0,0,0,0,0,0,252,blue,5709,5214,10923
83,,3810800,1,20260929,342,62,0,,,,,384,47,0,,,,,3,36.82044403604179,138.192306,,,0,0,0,0,0,0,0,0,0,0,252,blue,404,431,835
83,,3810810,1,20260929,1499,277,0,,,,,1367,270,0,,,,,3,36.8368890360604,138.205542,,,0,0,0,0,0,0,0,0,0,0,252,blue,1776,1637,3413
83,,3810820,1,20260929,1585,181,0,,,,,1934,333,0,,,,,3,36.513833035689494,138.094389,,,0,0,0,0,0,0,3,0,0,0,252,blue,1766,2267,4033
83,,3810821,1,20260929,2178,360,0,,,,,2242,232,0,,,,,3,36.52786103570584,138.096722,,,0,0,0,0,0,0,1,0,0,0,252,blue,2538,2474,5012
83,,3810830,1,20260929,7503,748,0,,,,,4062,397,0,,,,,3,36.23586103536139,137.9565,,,0,0,0,0,0,0,6,0,0,0,252,blue,8251,4459,12710
83,,3810840,1,20260929,1980,564,0,,,,,2138,372,0,,,,,3,36.38313903553625,137.925722,,,0,0,0,0,0,0,1,0,0,0,252,blue,2544,2510,5054
83,,3810850,1,20260929,1187,376,0,,,,,1033,256,0,,,,,3,36.4623860356294,137.946275,,,0,0,0,0,0,0,0,0,0,0,252,blue,1563,1289,2852
83,,3810860,1,20260929,2376,525,0,,,,,2590,320,0,,,,,3,36.5884720357762,138.050889,,,0,0,0,0,0,0,5,0,0,0,252,blue,2901,2910,5811
83,,3810870,1,20260929,5543,765,0,,,,,5665,720,0,,,,,3,36.61469403580651,138.085167,,,0,0,0,0,0,0,0,0,0,0,252,blue,6308,6385,12693
83,,3810880,1,20260929,4975,1106,0,,,,,5372,995,0,,,,,3,36.615111035807,138.086528,,,0,0,0,0,0,0,4,0,0,0,252,blue,6081,6367,12448
83,,3810900,1,20260929,3250,209,0,,,,,3087,329,0,,,,,3,36.62808303582196,138.153194,,,0,0,0,0,0,0,4,0,0,0,252,blue,3459,3416,6875
83,,3810910,1,20260929,9181,666,0,,,,,10822,324,0,,,,,3,36.64626403584291,138.18197200000003,,,0,0,0,0,0,0,0,0,0,0,252,blue,9847,11146,20993
83,,3810920,1,20260929,6575,549,0,,,,,6599,347,0,,,,,3,36.648972035846036,138.193972,,,0,0,0,0,0,1,0,0,0,0,252,blue,7124,6946,14070
83,,3810930,1,20260929,3105,937,0,,,,,3307,761,0,,,,,3,36.616944035809105,138.133611,,,0,0,0,0,0,0,0,0,0,0,252,blue,4042,4068,8110
83,,3810950,1,20260929,,,,,,,,,,,,,,,3,35.67318837384892,139.663841176629,,,0,0,0,0,0,2,0,252,0,0,252,blue,0,0,0
83,,3810970,1,20260929,2770,272,0,,,,,1494,122,0,,,,,3,35.61726703460252,139.240054,,,0,0,0,0,0,0,0,0,0,0,252,blue,3042,1616,4658
83,,3810980,1,20260929,2880,543,0,,,,,2248,314,0,,,,,3,35.62000003460596,139.1275,,,0,0,0,0,0,0,0,0,0,0,252,blue,3423,2562,5985
83,,3811030,1,20260929,12233,1915,0,,,,,10487,2026,0,,,,,3,35.643889034635976,138.636389,,,0,0,0,0,0,0,0,0,0,0,252,blue,14148,12513,26661
83,,3811050,1,20260929,3052,844,0,,,,,3018,603,0,,,,,3,35.91541703497313,138.227361,,,0,0,0,0,0,0,3,0,0,0,252,blue,3896,3621,7517
83,,3811060,1,20260929,,,,,,,,,,,,,,,3,35.94028603500364,138.197875,,,1,0,0,0,0,0,7,0,0,0,252,blue,0,0,0
83,,3811070,1,20260929,4944,320,0,,,,,5042,524,0,,,,,3,36.029750035112876,138.1255,,,0,0,0,0,0,0,1,0,0,0,252,blue,5264,5566,10830
83,,3811080,1,20260929,7962,1661,0,,,,,6568,1296,0,,,,,3,36.077694035171085,138.037889,,,0,0,0,0,0,0,1,0,0,0,252,blue,9623,7864,17487
83,,3811090,1,20260929,2,0,0,,,,,4875,2118,0,,,,,3,36.12191703522454,137.959472,,,0,0,0,0,0,0,8,0,0,0,252,blue,2,6993,6995
83,,3811100,1,20260929,2480,635,0,,,,,3265,584,0,,,,,3,35.9769440350485,138.163333,,,0,0,0,0,0,0,32,0,0,0,252,blue,3115,3849,6964
83,,3811110,1,20260929,944,641,0,,,,,1404,929,0,,,,,3,36.08683303518214,138.06408300000004,,,0,0,0,0,0,0,0,0,0,0,252,blue,1585,2333,3918
83,,3811121,1,20260929,,,,,,,,2291,478,0,,,,,3,35.63168503462065,139.28402,,,0,0,0,0,0,0,0,0,0,0,252,blue,0,2769,2769
83,,3811130,1,20260929,3571,555,0,,,,,3704,473,0,,,,,3,35.99511103507067,138.139278,,,0,0,0,0,0,0,0,0,0,0,252,blue,4126,4177,8303
83,,3811220,1,20260929,,,,,,,,,,,,,,,3,35.959128035026716,140.602286,,,1,0,0,0,0,0,0,0,0,0,252,blue,0,0,0
83,,3811230,1,20260929,0,22,0,,,,,2796,745,0,,,,,3,35.95769703502496,140.602514,,,0,0,0,0,0,0,0,0,0,0,252,blue,22,3541,3563
83,,3811240,1,20260929,1590,626,0,,,,,1686,638,0,,,,,3,35.200928034070465,138.520986,,,0,0,0,0,0,0,0,0,0,0,252,blue,2216,2324,4540
83,,3811250,1,20260929,370,120,0,,,,,369,74,0,,,,,3,35.31250003421467,138.442011,,,0,0,0,0,0,0,0,0,0,0,252,blue,490,443,933
83,,3811270,1,20260929,3436,917,0,,,,,3761,635,0,,,,,3,35.5316670344945,138.450278,,,0,0,0,0,0,0,0,0,0,0,252,blue,4353,4396,8749
83,,3811290,1,20260929,,,,,,,,,,,,,,,3,35.041444033862305,139.833306,,,1,,,,,,,,,,252,blue,0,0,0
83,,3811300,1,20260929,,,,,,,,,,,,,,,3,35.157361034013846,139.819,,,1,,,,,,,,,,252,blue,0,0,0
83,,3811330,1,20260929,6443,654,0,,,,,6607,504,0,,,,,3,35.53888903450364,138.885556,,,0,0,0,0,0,0,0,0,0,0,252,blue,7097,7111,14208
83,,3811340,1,20260929,5711,741,0,,,,,5622,790,0,,,,,3,35.60305603458465,138.940833,,,0,0,0,0,0,0,0,0,0,0,252,blue,6452,6412,12864
83,,3811350,1,20260929,10979,2086,0,,,,,15074,2675,0,,,,,3,35.61569396585425,139.627538019939,,,0,0,0,0,0,0,1,0,0,0,252,blue,13065,17749,30814
83,,3811360,1,20260929,8685,3697,0,,,,,10096,4172,0,,,,,3,35.48552503443597,139.460986,,,0,0,0,0,0,3,0,0,0,0,252,blue,12382,14268,26650
83,,3811370,1,20260929,3744,2733,0,,,,,3144,1984,0,,,,,3,35.35857503427389,139.075042,,,0,0,0,0,0,3,0,0,0,0,252,blue,6477,5128,11605
83,,3811390,1,20260929,19795,8159,0,,,,,,,,,,,,3,35.64686740024182,139.854860316246,,,0,0,0,0,0,0,44,0,0,7,252,blue,27954,0,27954
83,,3811401,1,20260929,109,3,0,,,,,,,,,,,,3,35.64792275306184,139.837391468126,,,0,0,0,0,0,0,107,0,0,0,252,blue,112,0,112
83,,3811410,1,20260929,7417,4908,0,,,,,,,,,,,,3,35.6321085640565,139.785108560174,,,0,0,0,0,0,0,44,0,0,0,252,blue,12325,0,12325
83,,3811411,1,20260929,,,,,,,,7809,5399,0,,,,,3,35.63193106766495,139.786372369256,,,0,0,0,0,0,0,75,0,0,0,252,blue,0,13208,13208
83,,3811420,1,20260929,,,,,,,,,,,,,,,3,35.57873713134419,139.756665501316,,,1,0,0,0,0,0,11,0,0,22,252,blue,0,0,0
83,,3811421,1,20260929,,,,,,,,6764,6542,0,,,,,3,35.573715682248654,139.759184371525,,,0,0,0,0,0,1,0,0,0,0,252,blue,0,13306,13306
83,,3811430,1,20260929,,,,,,,,,,,,,,,3,35.6138270345982,140.103045,,,1,,,,,,,,,,252,blue,0,0,0
83,,3811440,1,20260929,1450,321,0,,,,,4483,644,0,,,,,3,35.60712645223976,139.747366707275,,,0,0,0,0,0,0,0,0,0,0,252,blue,1771,5127,6898
84,,4810010,1,20260929,21041,3921,0,,,,,19802,3339,0,,,,,3,37.9300000372281,139.134722,,,0,0,0,0,0,0,0,0,0,0,252,blue,24962,23141,48103
84,,4810020,1,20260929,21698,4584,0,,,,,8686,2018,0,,,,,3,37.95278103725094,139.213611,,,0,0,0,0,0,0,0,0,0,0,252,blue,26282,10704,36986
84,,4810040,1,20260929,5021,1384,0,,,,,365,48,0,,,,,3,37.96305603726123,139.3275,,,0,0,0,0,0,0,0,0,0,0,252,blue,6405,413,6818
84,,4810060,1,20260929,2034,218,0,,,,,1834,419,0,,,,,3,38.2550360375481,139.501792,,,0,0,0,0,0,0,0,0,0,0,252,blue,2252,2253,4505
84,,4810070,1,20260929,,,,,,,,,,,,,,,3,38.28200003757407,139.521444,,,1,0,0,0,0,252,252,0,0,0,252,blue,0,0,0
84,,4810080,1,20260929,,,,,,,,,,,,,,,3,38.374925037662884,139.556342,,,1,0,0,0,0,0,0,0,0,0,252,blue,0,0,0
84,,4810090,1,20260929,9700,2455,0,,,,,8072,2251,0,,,,,3,37.5351670368223,138.881569,,,0,0,0,0,0,0,0,0,0,0,252,blue,12155,10323,22478
84,,4810100,1,20260929,9440,1808,0,,,,,11024,1883,0,,,,,3,37.473639036757405,138.880583,,,0,0,0,0,0,0,0,0,0,0,252,blue,11248,12907,24155
84,,4810110,1,20260929,4653,349,0,,,,,4767,313,0,,,,,3,37.459033036741936,138.856414,,,0,0,0,0,0,0,0,0,0,0,252,blue,5002,5080,10082
84,,4810120,1,20260929,12255,879,0,,,,,13605,1082,0,,,,,3,37.462169036745266,138.845592,,,0,0,0,0,0,0,0,0,0,0,252,blue,13134,14687,27821
84,,4810130,1,20260929,284,27,0,,,,,466,57,0,,,,,3,37.44445303672647,138.785889,,,1,0,0,0,0,0,0,0,0,1,252,blue,311,523,834
84,,4810140,1,20260929,4585,732,0,,,,,4046,709,0,,,,,3,37.44069403672249,138.740364,,,0,0,0,0,0,1,1,0,0,3,252,blue,5317,4755,10072
84,,4810150,1,20260929,2598,467,0,,,,,2638,506,0,,,,,3,37.41229403669227,138.674192,,,0,0,0,0,0,0,0,0,0,0,252,blue,3065,3144,6209
84,,4810160,1,20260929,4004,1063,0,,,,,3549,1035,0,,,,,3,37.23896903650589,138.343486,,,0,0,0,0,0,0,0,0,0,0,252,blue,5067,4584,9651
84,,4810170,1,20260929,,,,,,,,,,,,,,,3,37.18690003644924,138.272953,,,1,0,0,0,0,0,0,0,0,0,252,blue,0,0,0
84,,4810180,1,20260929,8695,1567,0,,,,,9737,1204,0,,,,,3,37.17543303643671,138.266805,,,0,0,0,0,0,0,0,0,0,0,252,blue,10262,10941,21203
84,,4810190,1,20260929,9396,1352,0,,,,,11076,1167,0,,,,,3,37.1623530364224,138.247561,,,0,0,0,0,0,0,0,0,0,0,252,blue,10748,12243,22991
84,,4810200,1,20260929,2885,842,0,,,,,2583,675,0,,,,,3,37.105891036360454,137.990565,,,0,0,0,0,0,0,0,0,0,0,252,blue,3727,3258,6985
84,,4810210,1,20260929,3740,969,0,,,,,3319,615,0,,,,,3,37.08795603634071,137.96033,,,0,0,0,0,0,0,0,0,0,0,252,blue,4709,3934,8643
84,,4810220,1,20260929,3005,745,0,,,,,3046,504,0,,,,,3,37.057208036306754,137.905455,,,0,0,0,0,0,0,0,0,0,0,252,blue,3750,3550,7300
84,,4810230,1,20260929,2542,775,0,,,,,2795,644,0,,,,,3,37.050899036299775,137.885459,,,0,0,0,0,0,0,0,0,0,0,252,blue,3317,3439,6756
84,,4810250,1,20260929,1311,218,0,,,,,851,61,0,,,,,3,37.05093203629982,137.890368,,,0,0,0,0,0,0,0,0,0,0,252,blue,1529,912,2441
84,,4810260,1,20260929,3447,986,0,,,,,3989,853,0,,,,,3,36.9856190362273,138.808078,,,0,0,0,0,0,0,0,0,0,3,252,blue,4433,4842,9275
84,,4810270,1,20260929,2640,515,0,,,,,2574,540,0,,,,,3,37.24858103651632,138.916575,,,0,0,0,0,0,0,0,0,0,47,252,blue,3155,3114,6269
84,,4810280,1,20260929,1099,207,0,,,,,1151,159,0,,,,,3,37.17036103643117,138.942139,,,0,0,0,0,0,0,0,0,0,52,252,blue,1306,1310,2616
84,,4810290,1,20260929,4406,850,0,,,,,4516,899,0,,,,,3,37.07683703632844,138.265595,,,0,0,0,0,0,0,0,0,0,17,252,blue,5256,5415,10671
84,,4810300,1,20260929,561,452,0,,,,,558,341,0,,,,,3,37.66361103695634,139.536806,,,0,0,0,0,0,0,0,0,0,0,252,blue,1013,899,1912
84,,4810310,1,20260929,6506,907,0,,,,,6108,706,0,,,,,3,37.84055603713779,139.147778,,,0,0,0,0,0,0,0,0,0,0,252,blue,7413,6814,14227
84,,4810330,1,20260929,28279,2680,0,,,,,23202,2486,0,,,,,3,37.8978060371957,139.070722,,,0,0,0,0,0,0,0,0,0,0,252,blue,30959,25688,56647
84,,4810340,1,20260929,1247,498,0,,,,,1359,556,0,,,,,3,37.563464036852,138.734306,,,0,0,0,0,0,0,0,0,0,2,252,blue,1745,1915,3660
84,,4810350,1,20260929,4384,884,0,,,,,4391,992,0,,,,,3,37.61757803690852,138.825033,,,0,0,0,0,0,0,0,0,0,2,252,blue,5268,5383,10651
84,,4810360,1,20260929,5644,1279,0,,,,,6813,1437,0,,,,,3,37.690358036984,138.885919,,,0,0,0,0,0,0,0,0,0,3,252,blue,6923,8250,15173
84,,4810370,1,20260929,6885,1147,0,,,,,6894,1201,0,,,,,3,37.8052690371019,138.92235,,,0,0,0,0,0,0,0,0,0,1,252,blue,8032,8095,16127
84,,4810380,1,20260929,14929,1776,0,,,,,13325,1827,0,,,,,3,37.86309703716064,138.981,,,0,0,0,0,0,0,0,0,0,0,252,blue,16705,15152,31857
84,,4810395,1,20260929,3450,979,10,,,,,3127,1047,55,,,,,3,36.691540505894935,136.9116223,,,0,,,,0,15,,,0,0,252,blue,4439,4229,8668
84,,4810406,1,20260929,3240,822,32,,,,,4020,853,122,,,,,3,36.89660103612769,137.444677,,,0,,,,0,1,,,0,0,252,blue,4094,4995,9089
84,,4810410,1,20260929,5553,658,0,,,,,6243,432,0,,,,,3,36.816442036037266,137.41630300000003,,,0,0,0,0,0,86,86,0,0,0,252,blue,6211,6675,12886
84,,4810420,1,20260929,7247,1386,0,,,,,7003,1243,0,,,,,3,36.718606035925916,137.303914,,,0,0,0,0,0,83,83,0,0,6,252,blue,8633,8246,16879
84,,4810430,1,20260929,6819,1218,0,,,,,5652,1044,0,,,,,3,36.71795303592518,137.279328,,,0,0,0,0,0,80,80,0,0,16,252,blue,8037,6696,14733
84,,4810440,1,20260929,8128,1725,0,,,,,7561,1451,0,,,,,3,36.72027203592783,137.263083,,,0,0,0,0,0,37,37,0,0,1,252,blue,9853,9012,18865
84,,4810445,1,20260929,13225,2769,56,,,,,12918,2431,104,,,,,3,36.73017862593915,137.18171158,,,0,,,,0,0,,,0,0,252,blue,16050,15453,31503
84,,4810447,1,20260929,8255,1499,44,,,,,9716,1587,127,,,,,3,36.72863947593739,137.12486156,,,0,,,,0,0,,,0,0,252,blue,9798,11430,21228
84,,4810454,1,20260929,9484,1165,946,,,,,11042,984,10,,,,,3,36.744673195955684,136.99179584,,,0,,,,0,1,,,0,0,252,blue,11595,12036,23631
84,,4810460,1,20260929,,,,,,,,,,,,,,,3,36.68745003589023,136.855675,,,1,0,0,0,0,79,79,0,0,11,252,blue,0,0,0
84,,4810462,1,20260929,,,,,,,,,,,,,,,3,36.525710035703334,137.22999,,,1,,,,0,28,,,0,0,252,blue,0,0,0
84,,4810463,1,20260929,,,,,,,,,,,,,,,3,36.53609652571542,137.23114399,,,1,,,,0,11,,,0,0,252,blue,0,0,0
84,,4810470,1,20260929,,,,,,,,,,,,,,,3,36.69575603589977,137.237889,,,1,0,0,0,0,0,0,0,0,0,252,blue,0,0,0
84,,4810480,1,20260929,2066,219,0,,,,,2124,308,0,,,,,3,36.580522035767004,136.965706,,,0,0,0,0,0,79,79,0,0,0,252,blue,2285,2432,4717
84,,4810485,1,20260929,5727,203,24,,,,,5984,250,7,,,,,3,36.68510836918755,136.9765361111,,,1,,,,0,1,,,0,0,252,blue,5954,6241,12195
84,,4810490,1,20260929,3459,101,0,,,,,3667,113,0,,,,,3,36.74530803595641,137.01085,,,0,0,0,0,0,87,87,0,0,0,252,blue,3560,3780,7340
84,,4810500,1,20260929,742,118,0,,,,,284,28,0,,,,,3,36.91246103614551,137.019489,,,0,0,0,0,0,131,131,0,0,1,252,blue,860,312,1172
84,,4810510,1,20260929,,,,,,,,,,,,,,,3,36.84943603607457,136.97895,,,1,,,,,,,,,,252,blue,0,0,0
84,,4810530,1,20260929,13845,2094,0,,,,,15511,2445,0,,,,,3,36.44611103561032,136.488056,,,0,0,0,0,0,0,0,0,0,0,252,blue,15939,17956,33895
84,,4810550,1,20260929,6251,1375,0,,,,,5587,1461,0,,,,,3,36.32672203546954,136.41169500000004,,,0,0,0,0,0,2,2,0,0,8,252,blue,7626,7048,14674
84,,4810570,1,20260929,9961,1138,0,,,,,10444,763,0,,,,,3,36.571667035756725,136.655556,,,0,0,0,0,0,0,0,0,0,4,252,blue,11099,11207,22306
84,,4810580,1,20260929,9522,338,0,,,,,4306,131,0,,,,,3,36.54430803572498,136.640516,,,0,0,0,0,0,1,1,0,0,5,252,blue,9860,4437,14297
84,,4810590,1,20260929,13768,351,0,,,,,14584,427,0,,,,,3,36.54061903572069,136.623128,,,0,0,0,0,0,1,1,0,0,1,252,blue,14119,15011,29130
84,,4810600,1,20260929,4101,367,0,,,,,4511,459,0,,,,,3,37.04041903628817,136.969305,,,0,0,0,0,0,1,1,0,0,0,252,blue,4468,4970,9438
84,,4810610,1,20260929,,,,,,,,,,,,,,,3,36.90469303613679,136.830093,,,1,,,,,,,,,,252,blue,0,0,0
84,,4810620,1,20260929,1683,138,0,,,,,1509,224,0,,,,,3,36.86972803609746,136.79694700000002,,,0,0,0,0,0,0,0,0,0,0,252,blue,1821,1733,3554
84,,4810630,1,20260929,9259,179,0,,,,,5950,100,0,,,,,3,36.560782035744104,136.677711,,,0,0,0,0,0,0,0,0,0,3,252,blue,9438,6050,15488
85,22,5810060,1,20260929,1179,667,,,,,,828,483,,,,,,3,34.90554603368308,138.270337,,,0,,0,,0,0,0,0,,0,252,blue,1846,1311,3157
85,22,5810080,1,20260929,3557,1614,,,,,,8026,3343,,,,,,3,34.84454203360207,138.151981,,,0,,0,,0,0,0,0,,0,252,blue,5171,11369,16540
85,22,5810090,1,20260929,,,,,,,,,,,,,,,3,34.78638703352455,138.050184,,,1,,0,,0,0,0,0,,0,252,blue,0,0,0
85,22,5810110,1,20260929,24185,6373,,,,,,20727,7965,,,,,,3,34.76273603349293,137.969553,,,1,,0,,0,0,0,0,,0,252,blue,30558,28692,59250
85,23,5810190,1,20260929,4656,1274,,,,,,5762,861,,,,,,3,35.11388803395716,136.734972,,,0,,0,,0,0,0,0,,0,252,blue,5930,6623,12553
85,24,5810210,1,20260929,3641,2391,,,,,,3523,2064,,,,,,3,34.86311003362677,136.47097,,,0,,0,,0,0,0,0,,0,252,blue,6032,5587,11619
85,21,5810280,1,20260929,11743,1139,,,,,,9742,709,,,,,,3,35.365972034283374,137.22477800000001,,,0,,0,,0,0,0,0,,0,252,blue,12882,10451,23333
85,21,5810330,1,20260929,8767,1367,,,,,,8933,1546,,,,,,3,35.44925903438983,137.419698,,,0,,0,,0,0,0,0,,0,252,blue,10134,10479,20613
85,21,5810340,1,20260929,5585,1253,,,,,,6456,1497,,,,,,3,35.45966703440309,137.442028,,,0,,0,,0,0,0,0,,0,252,blue,6838,7953,14791
85,21,5810350,1,20260929,4215,1430,,,,,,15321,2773,,,,,,3,35.51200003446958,137.521639,,,0,,0,,0,0,0,0,,0,252,blue,5645,18094,23739
85,21,5810360,1,20260929,2823,2383,,,,,,2115,1159,,,,,,3,35.581250034557165,137.537222,,,0,,0,,0,0,0,0,,0,252,blue,5206,3274,8480
85,21,5810370,1,20260929,3241,1095,,,,,,2807,1186,,,,,,3,35.81618803485076,137.683244,,,0,,0,,0,0,0,0,,0,252,blue,4336,3993,8329
85,21,5810380,1,20260929,2354,1380,,,,,,2570,981,,,,,,3,35.91502403497266,137.77069,,,0,,1,,0,0,0,0,,0,252,blue,3734,3551,7285
85,21,5810390,1,20260929,1924,1397,,,,,,1407,635,,,,,,3,35.93471103499681,137.786917,,,0,,0,,0,0,0,0,,0,252,blue,3321,2042,5363
85,21,5810420,1,20260929,4081,1841,,,,,,3189,896,,,,,,3,35.37572803429589,137.190676,,,0,,0,,0,0,0,0,,0,252,blue,5922,4085,10007
85,21,5810440,1,20260929,2929,722,,,,,,3054,603,,,,,,3,35.426917034361345,137.132361,,,0,,0,,0,0,0,0,,0,252,blue,3651,3657,7308
85,21,5810470,1,20260929,5195,755,,,,,,4402,816,,,,,,3,35.418612034350744,136.946394,,,0,,0,,0,0,0,0,,0,252,blue,5950,5218,11168
85,21,5810510,1,20260929,1144,399,,,,,,1221,198,,,,,,3,35.37112003428997,136.453326,,,0,,0,,0,0,0,0,,0,252,blue,1543,1419,2962
85,23,5810530,1,20260929,7587,3537,,,,,,5400,2370,,,,,,3,34.696128033403625,137.40686,,,0,,0,,0,0,0,0,,0,252,blue,11124,7770,18894
85,23,5810570,1,20260929,7671,3024,,,,,,6969,3782,,,,,,3,34.84938803360853,137.221222,,,0,,0,,0,0,0,0,,0,252,blue,10695,10751,21446
85,23,5810580,1,20260929,8850,4678,,,,,,9,4,,,,,,3,34.84869403360759,137.197416,,,0,,0,,0,0,0,0,,0,252,blue,13528,13,13541
85,23,5810620,1,20260929,15138,8025,,,,,,12787,6649,,,,,,3,35.10119403394058,136.86925,,,0,,0,,0,0,0,0,,0,252,blue,23163,19436,42599
85,24,5810670,1,20260929,9364,1242,,,,,,11098,1165,,,,,,3,34.65002003334157,136.51956,,,0,,0,,0,0,0,0,,0,252,blue,10606,12263,22869
85,24,5810680,1,20260929,8354,2287,,,,,,8652,1808,,,,,,3,34.71907003343443,136.4716,,,0,,0,,0,0,0,0,,0,252,blue,10641,10460,21101
85,24,5810690,1,20260929,9572,1871,,,,,,9991,1915,,,,,,3,34.64712003333765,136.49449,,,0,,0,,0,0,0,0,,0,252,blue,11443,11906,23349
85,24,5810700,1,20260929,4825,4776,,,,,,6912,7961,,,,,,3,34.850220033609624,136.416645,,,0,,0,,0,0,0,0,,0,252,blue,9601,14873,24474
85,24,5810730,1,20260929,9951,8760,,,,,,11468,7259,,,,,,3,34.62822503331218,135.986212,,,0,,0,,0,0,0,0,,0,252,blue,18711,18727,37438
85,21,5810760,1,20260929,2279,576,,,,,,2618,464,,,,,,3,35.55276203452119,137.177488,,,0,,0,,0,0,0,0,,0,252,blue,2855,3082,5937
85,21,5810770,1,20260929,857,269,,,,,,870,217,,,,,,3,35.64602003463866,137.169715,,,0,,0,,0,0,0,0,,0,252,blue,1126,1087,2213
85,21,5810780,1,20260929,1414,629,,,,,,1959,492,,,,,,3,35.667031034665,137.162564,,,0,,0,,0,0,0,0,,0,252,blue,2043,2451,4494
85,21,5810790,1,20260929,1074,523,,,,,,1378,331,,,,,,3,35.74291003475978,137.208481,,,0,,0,,0,0,0,0,,0,252,blue,1597,1709,3306
85,21,5810800,1,20260929,1276,867,,,,,,1708,469,,,,,,3,35.77947703480525,137.252586,,,0,,0,,0,0,0,0,,0,252,blue,2143,2177,4320
85,21,5810810,1,20260929,3098,765,,,,,,3458,773,,,,,,3,35.83471903487371,137.232014,,,0,,0,,0,2,2,0,,0,252,blue,3863,4231,8094
85,21,5810830,1,20260929,751,233,,,,,,1771,628,,,,,,3,36.02357503510535,137.294767,,,0,,0,,0,0,0,0,,0,252,blue,984,2399,3383
85,21,5810840,1,20260929,3965,229,,,,,,4214,594,,,,,,3,36.10871303520861,137.266233,,,0,,0,,0,0,0,0,,0,252,blue,4194,4808,9002
85,21,5810850,1,20260929,5967,997,,,,,,4644,700,,,,,,3,36.12373303522673,137.258932,,,0,,0,,0,0,0,0,,0,252,blue,6964,5344,12308
85,21,5810860,1,20260929,1521,557,,,,,,1648,722,,,,,,3,36.25072803537914,137.162845,,,0,,0,,0,0,0,0,,0,252,blue,2078,2370,4448
85,21,5810880,1,20260929,967,297,,,,,,825,246,,,,,,3,36.31423303545473,137.259675,,,0,,0,,0,0,0,0,,0,252,blue,1264,1071,2335
85,24,5810890,1,20260929,1925,866,,,,,,2871,476,,,,,,3,34.407524733012174,136.4423714,,,0,,0,,0,0,0,0,,0,252,blue,2791,3347,6138
85,24,5810900,1,20260929,893,192,,,,,,823,176,,,,,,3,34.1617406326732,136.2779067,,,0,,0,,0,0,0,0,,0,252,blue,1085,999,2084
85,24,5810920,1,20260929,1374,274,,,,,,1321,372,,,,,,3,34.05028613251784,136.1958331,,,0,,0,,0,0,0,0,,0,252,blue,1648,1693,3341
85,24,5810930,1,20260929,130,47,,,,,,163,39,,,,,,3,33.98629813242818,136.1080803,,,0,,0,,0,0,0,0,,0,252,blue,177,202,379
85,24,5810940,1,20260929,394,469,,,,,,666,217,,,,,,3,33.93298113235323,136.0940822,,,0,,0,,0,0,0,0,,0,252,blue,863,883,1746
85,24,5810960,1,20260929,1780,370,,,,,,1629,333,,,,,,3,34.00152563244955,136.1851117,,,0,,0,,0,0,0,0,,0,252,blue,2150,1962,4112
85,24,5810970,1,20260929,1555,414,,,,,,1529,379,,,,,,3,33.942137832366114,136.1524581,,,0,,0,,0,0,0,0,,0,252,blue,1969,1908,3877
85,24,5810980,1,20260929,1962,380,,,,,,1758,391,,,,,,3,33.92889863234747,136.1381858,,,0,,0,,0,0,0,0,,0,252,blue,2342,2149,4491
85,24,5810990,1,20260929,2533,155,,,,,,2081,308,,,,,,3,33.74057583208088,135.9955167,,,0,,0,,0,0,0,0,,0,252,blue,2688,2389,5077
85,24,5811000,1,20260929,1661,491,,,,,,1494,566,,,,,,1,34.10420863259313,136.1948133,,,0,,0,,0,0,0,0,,0,252,blue,2152,2060,4212
85,22,5811020,1,20260929,1020,622,,,,,,954,674,,,,,,3,35.15084103400535,138.522379,,,0,,0,,0,0,0,0,,0,252,blue,1642,1628,3270
85,22,5811030,1,20260929,803,385,,,,,,826,431,,,,,,3,35.15470103401037,138.520314,,,0,,0,,0,0,0,0,,0,252,blue,1188,1257,2445
85,22,5811040,1,20260929,,,,,,,,,,,,,,,3,35.19272303405982,138.529894,,,1,,0,,0,0,0,0,,0,252,blue,0,0,0
85,22,5811050,1,20260929,1214,439,,,,,,1668,300,,,,,,3,35.37095103428976,138.860418,,,0,,0,,0,0,0,0,,0,252,blue,1653,1968,3621
85,23,5811110,1,20260929,1272,470,,,,,,1564,235,,,,,,3,35.135027033984734,137.309194,,,0,,0,,0,0,0,0,,0,252,blue,1742,1799,3541
85,23,5811120,1,20260929,1751,387,,,,,,1576,335,,,,,,3,35.149777034003954,137.332722,,,0,,0,,0,0,0,0,,0,252,blue,2138,1911,4049
85,23,5811130,1,20260929,582,971,,,,,,1047,229,,,,,,3,35.1700830340304,137.406805,,,0,,0,,0,0,0,0,,0,252,blue,1553,1276,2829
85,23,5811140,1,20260929,591,424,,,,,,565,171,,,,,,3,35.221388034097004,137.524166,,,0,,0,,0,0,0,0,,0,252,blue,1015,736,1751
85,21,5811150,1,20260929,3898,1062,,,,,,2520,647,,,,,,3,35.46219703440631,137.756093,,,0,,0,,0,0,0,0,,0,252,blue,4960,3167,8127
85,21,5811160,1,20260929,3169,1651,,,,,,3205,518,,,,,,3,35.50206103445697,137.792544,,,0,,0,,0,0,0,0,,0,252,blue,4820,3723,8543
85,23,5811170,1,20260929,2413,619,,,,,,2543,578,,,,,,3,35.21055503408296,137.106666,,,0,,0,,0,0,0,0,,0,252,blue,3032,3121,6153
85,21,5811190,1,20260929,2237,441,,,,,,1862,613,,,,,,3,35.601941034583234,136.937212,,,0,,0,,0,0,0,0,,0,252,blue,2678,2475,5153
85,21,5811230,1,20260929,2852,581,,,,,,2268,597,,,,,,3,36.13868903524477,137.164639,,,0,,0,,0,0,0,0,,0,252,blue,3433,2865,6298
85,21,5811240,1,20260929,1963,327,,,,,,1869,428,,,,,,3,36.16135703527206,137.222749,,,0,,0,,0,0,0,0,,0,252,blue,2290,2297,4587
85,22,5811250,1,20260929,1710,448,,,,,,5005,1549,,,,,,3,35.312573034214765,138.927446,,,0,,0,,0,0,0,0,,0,252,blue,2158,6554,8712
85,21,5811270,1,20260929,2303,1097,,,,,,2376,1104,,,,,,3,35.23023303410846,136.596679,,,0,,0,,0,0,0,0,,0,252,blue,3400,3480,6880
85,21,5811330,1,20260929,731,310,,,,,,973,286,,,,,,3,35.46731303441282,137.78409,,,0,,0,,0,0,0,0,,0,252,blue,1041,1259,2300
86,,6810010,1,20260929,817,733,,,,,,1639,1246,,,,,,3,34.89694403367168,136.336111,,,0,,0,,0,0,0,0,,0,252,blue,1550,2885,4435
86,,6810020,1,20260929,,,,,,,,,,,,,,,3,34.97777803377855,135.901667,,,1,,0,,0,0,0,0,,0,252,blue,0,0,0
86,,6810030,1,20260929,,,,,,,,,,,,,,,3,35.00527803381478,136.094722,,,1,,0,,0,252,252,0,,0,252,blue,0,0,0
86,,6810060,1,20260929,,,,,,,,,,,,,,,3,34.986389033789905,135.75305600000002,,,1,,0,,0,0,0,0,,0,252,blue,0,0,0
86,,6810089,1,20260929,,,,,,,,,,,,,,,3,34.978118033779,135.908546,,,1,,0,,0,0,0,0,,0,252,blue,0,0,0
86,,6810090,1,20260929,,,,,,,,,,,,,,,3,34.83138903358458,135.72305600000004,,,1,,0,,0,0,0,0,,0,252,blue,0,0,0
86,,6810100,1,20260929,,,,,,,,,,,,,,,3,34.83138903358458,135.723889,,,1,,0,,0,0,0,0,,0,252,blue,0,0,0
86,,6810105,1,20260929,11753,2706,,,,,,10121,1962,,,,,,3,34.71411113342777,135.4489722,,,0,,0,,0,0,0,0,,0,252,blue,14459,12083,26542
86,,6810111,1,20260929,,,,,,,,,,,,,,,3,34.6429970333321,135.019846,,,1,,0,,0,0,0,0,,0,252,blue,0,0,0
86,,6810130,1,20260929,,,,,,,,,,,,,,,3,34.842500033599364,134.330556,,,1,,0,,0,0,0,0,,0,252,blue,0,0,0
86,,6810135,1,20260929,3710,1153,,,,,,3109,1040,,,,,,3,36.18333336529846,136.26777780000003,,,0,,0,,0,0,0,0,,0,252,blue,4863,4149,9012
86,,6810140,1,20260929,8606,1937,,,,,,6922,2372,,,,,,3,36.14305603525003,136.263889,,,0,,0,,0,0,0,0,,0,252,blue,10543,9294,19837
86,,6810150,1,20260929,,,,,,,,,,,,,,,3,36.0772220351705,136.244444,,,1,,0,,0,0,0,0,,0,252,blue,0,0,0
86,,6810160,1,20260929,8430,3809,,,,,,8980,3308,,,,,,3,36.02444403510641,136.218333,,,0,,0,,0,0,0,0,,0,252,blue,12239,12288,24527
86,,6810165,1,20260929,15297,2262,,,,,,33,10,,,,,,3,35.980555595052905,136.1958333,,,0,,0,,0,0,0,0,,0,252,blue,17559,43,17602
86,,6810170,1,20260929,,,,,,,,,,,,,,,3,35.95555603502233,136.188889,,,1,,0,,0,0,0,0,,0,252,blue,0,0,0
86,,6810180,1,20260929,4812,1399,,,,,,4079,1007,,,,,,3,35.878333034927515,136.169444,,,0,,0,,0,0,0,0,,0,252,blue,6211,5086,11297
86,,6810190,1,20260929,,,,,,,,,,,,,,,3,35.719444034730536,136.094722,,,1,,0,,0,0,0,0,,0,252,blue,0,0,0
86,,6810200,1,20260929,840,155,,,,,,790,159,,,,,,3,35.66555603466316,136.083056,,,0,,0,,0,0,0,0,,0,252,blue,995,949,1944
86,,6810220,1,20260929,1094,653,,,,,,2086,986,,,,,,3,35.60416703458605,136.107222,,,0,,0,,0,0,0,0,,0,252,blue,1747,3072,4819
86,,6810230,1,20260929,650,961,,,,,,1660,1096,,,,,,3,35.57603003455058,136.122756,,,0,,0,,0,0,0,0,,0,252,blue,1611,2756,4367
86,,6810240,1,20260929,3564,1254,,,,,,2673,1808,,,,,,3,35.512778034470564,136.173333,,,0,,0,,0,0,0,0,,0,252,blue,4818,4481,9299
86,,6810241,1,20260929,2272,2400,,,,,,1279,1652,,,,,,3,35.4322160343681,136.245092,,,0,,0,,0,0,0,0,,0,252,blue,4672,2931,7603
86,,6810250,1,20260929,5455,2313,,,,,,6329,1903,,,,,,3,35.27555603416706,136.269444,,,0,,0,,0,0,0,0,,0,252,blue,7768,8232,16000
86,,6810260,1,20260929,4833,1823,,,,,,4480,1472,,,,,,3,35.11611103396005,136.128333,,,0,,0,,0,0,0,0,,0,252,blue,6656,5952,12608
86,,6810270,1,20260929,4906,1128,,,,,,5270,1736,,,,,,3,35.091944033928485,136.089722,,,0,,0,,0,0,0,0,,0,252,blue,6034,7006,13040
86,,6810280,1,20260929,341,103,,,,,,1284,722,,,,,,3,35.66000003465618,136.084722,,,0,,0,,0,0,0,0,,0,252,blue,444,2006,2450
86,,6810290,1,20260929,,,,,,,,,,,,,,,3,34.996111033802705,135.722222,,,1,,0,,0,0,0,0,,0,252,blue,0,0,0
86,,6810300,1,20260929,0,0,,,,,,1951,372,,,,,,3,34.981944033784046,135.693056,,,0,,0,,0,0,0,0,,0,252,blue,0,2323,2323
86,,6810310,1,20260929,10005,1282,,,,,,0,0,,,,,,3,34.981944033784046,135.692917,,,0,,0,,0,0,0,0,,0,252,blue,11287,0,11287
86,,6810320,1,20260929,,,,,,,,,,,,,,,3,34.992500033797945,135.64750000000004,,,1,,0,,0,0,0,0,,0,252,blue,0,0,0
86,,6810330,1,20260929,8419,1334,,,,,,7692,1788,,,,,,3,34.989722033794294,135.636667,,,0,,0,,0,0,0,0,,0,252,blue,9753,9480,19233
86,,6810335,1,20260929,5152,992,,,,,,4521,818,,,,,,3,35.488936034440314,135.756215,,,0,,0,,0,0,0,0,,0,252,blue,6144,5339,11483
86,,6810340,1,20260929,544,45,,,,,,540,169,,,,,,3,35.12222203396803,135.439444,,,0,,0,,0,0,0,0,,0,252,blue,589,709,1298
86,,6810343,1,20260929,,,,,,,,,,,,,,,3,35.18777781405339,135.3219444,,,1,,0,,0,0,0,0,,0,252,blue,0,0,0
86,,6810344,1,20260929,2497,702,,,,,,3185,734,,,,,,3,35.24583336412865,135.2161111,,,1,,0,,0,0,0,0,,0,252,blue,3199,3919,7118
86,,6810346,1,20260929,4832,688,,,,,,4796,1094,,,,,,3,35.28305559417674,135.1777778,,,1,,0,,0,0,0,0,,0,252,blue,5520,5890,11410
86,,6810348,1,20260929,5888,1083,,,,,,4601,1069,,,,,,3,35.3139820342166,135.101491,,,0,,0,,0,0,0,0,,0,252,blue,6971,5670,12641
86,,6810360,1,20260929,751,545,,,,,,1033,318,,,,,,3,35.333611034241834,134.917222,,,0,,0,,0,0,0,0,,0,252,blue,1296,1351,2647
86,,6810365,1,20260929,2918,1127,,,,,,3276,882,,,,,,3,36.25913403538918,136.286774,,,0,,0,,0,0,0,0,,0,252,blue,4045,4158,8203
86,,6810370,1,20260929,1811,578,,,,,,2036,397,,,,,,3,35.38305603430526,134.671667,,,0,,0,,0,0,0,0,,0,252,blue,2389,2433,4822
86,,6810390,1,20260929,1827,618,,,,,,1977,383,,,,,,3,35.48083303443001,134.585278,,,0,,0,,0,0,0,0,,0,252,blue,2445,2360,4805
86,,6810400,1,20260929,1115,408,,,,,,1013,426,,,,,,3,35.50388903445929,134.533889,,,0,,0,,0,0,0,0,,0,252,blue,1523,1439,2962
86,,6810410,1,20260929,,,,,,,,,,,,,,,3,35.5247220344857,134.4275,,,0,,0,,0,0,0,0,,252,252,blue,0,0,0
86,,6810420,1,20260929,2746,1178,,,,,,2454,1056,,,,,,3,35.33111103423862,136.352222,,,0,,0,,0,0,0,0,,0,252,blue,3924,3510,7434
86,,6810450,1,20260929,6748,540,,,,,,2927,112,,,,,,3,34.229683032767404,135.169164,,,0,,0,,0,0,0,0,,0,252,blue,7288,3039,10327
86,,6810492,1,20260929,4674,1684,,,,,,4282,1089,,,,,,3,34.5749167332401,135.6647778,,,0,,0,,0,0,0,0,,0,252,blue,6358,5371,11729
86,,6810500,1,20260929,,,,,,,,,,,,,,,3,34.58000003324698,135.466581,,,1,,0,,0,0,0,0,,0,252,blue,0,0,0
86,,6810510,1,20260929,,,,,,,,,,,,,,,3,34.5797220332466,135.466581,,,1,,0,,0,0,0,0,,0,252,blue,0,0,0
86,,6810540,1,20260929,,,,,,,,,,,,,,,3,34.36000003294702,135.269444,,,1,,0,,0,0,0,0,,0,252,blue,0,0,0
86,,6810550,1,20260929,,,,,,,,,,,,,,,3,34.32270003289575,135.19756,,,1,,0,,0,0,0,0,,0,252,blue,0,0,0
86,,6810551,1,20260929,7069,2129,,,,,,5904,1179,,,,,,3,34.32488893289876,135.1913056,,,0,,0,,0,0,0,0,,0,252,blue,9198,7083,16281
86,,6810552,1,20260929,3686,819,,,,,,3744,725,,,,,,3,34.31283333288218,135.1605,,,0,,0,,0,0,0,0,,0,252,blue,4505,4469,8974
86,,6810560,1,20260929,,,,,,,,,,,,,,,3,34.24805603279281,135.175,,,1,,0,,0,0,0,0,,0,252,blue,0,0,0
86,,6810580,1,20260929,5836,1219,,,,,,2919,652,,,,,,3,35.633611034623065,136.021389,,,0,,0,,0,0,0,0,,0,252,blue,7055,3571,10626
86,,6810590,1,20260929,2360,684,,,,,,2503,427,,,,,,3,35.58083303455663,135.910417,,,0,,0,,0,0,0,0,,0,252,blue,3044,2930,5974
86,,6810610,1,20260929,2687,712,,,,,,2247,918,,,,,,3,35.469444034415524,135.825,,,0,,0,,0,0,0,0,,0,252,blue,3399,3165,6564
86,,6810620,1,20260929,2656,434,,,,,,3256,640,,,,,,3,35.483056034432835,135.666111,,,0,,0,,0,0,0,0,,0,252,blue,3090,3896,6986
86,,6810630,1,20260929,,,,,,,,,,,,,,,3,35.48805603443919,135.595833,,,1,,0,,0,0,0,0,,0,252,blue,0,0,0
86,,6810660,1,20260929,3158,832,,,,,,2343,1094,,,,,,3,35.48083303443001,135.421389,,,0,,0,,0,3,3,0,,0,252,blue,3990,3437,7427
86,,6810667,1,20260929,1521,785,,,,,,6488,1054,,,,,,3,35.46027781440387,135.3566667,,,0,,0,,0,3,3,0,,0,252,blue,2306,7542,9848
86,,6810670,1,20260929,3648,887,,,,,,3145,811,,,,,,3,35.414167034345056,135.333056,,,0,,0,,0,3,3,0,,0,252,blue,4535,3956,8491
86,,6810671,1,20260929,4519,767,,,,,,3649,883,,,,,,3,35.37888892429992,135.3169444,,,0,,0,,0,0,0,0,,0,252,blue,5286,4532,9818
86,,6810730,1,20260929,832,329,,,,,,735,320,,,,,,3,34.85305603361341,134.605278,,,0,,0,,0,0,0,0,,0,252,blue,1161,1055,2216
86,,6810740,1,20260929,,,,,,,,,,,,,,,3,34.87691203364509,134.61312,,,1,,0,,0,252,252,0,,0,252,blue,0,0,0
86,,6810750,1,20260929,381,106,,,,,,215,73,,,,,,3,35.07068203390065,134.587422,,,0,,0,,0,0,0,0,,0,252,blue,487,288,775
86,,6810760,1,20260929,185,61,,,,,,151,13,,,,,,3,35.145672033998615,134.539014,,,0,,0,,0,0,0,0,,0,252,blue,246,164,410
86,,6810770,1,20260929,2431,604,,,,,,1874,319,,,,,,3,33.692375032012194,135.984591,,,1,,0,,0,0,0,0,,0,252,blue,3035,2193,5228
86,,6810780,1,20260929,1008,149,,,,,,573,532,,,,,,3,33.61777803190555,135.927061,,,1,,0,,0,0,0,0,,0,252,blue,1157,1105,2262
86,,6810790,1,20260929,1937,370,,,,,,50,1,,,,,,3,33.56853903183492,135.910197,,,1,,0,,0,0,0,0,,0,252,blue,2307,51,2358
86,,6810800,1,20260929,2701,737,,,,,,2417,768,,,,,,3,33.50323103174097,135.806228,,,0,,0,,0,0,0,0,,0,252,blue,3438,3185,6623
86,,6810810,1,20260929,1911,618,,,,,,1903,577,,,,,,3,33.48392803171314,135.760481,,,0,,0,,0,0,0,0,,0,252,blue,2529,2480,5009
86,,6810820,1,20260929,14,0,,,,,,77,14,,,,,,3,33.509890031750565,135.60639100000003,,,0,,0,,0,0,0,0,,0,252,blue,14,91,105
86,,6810830,1,20260929,,,,,,,,,,,,,,,3,33.51850003176297,135.57,,,1,,0,,0,0,0,0,,0,252,blue,0,0,0
86,,6810840,1,20260929,1058,197,,,,,,712,66,,,,,,3,33.554167031814266,135.458889,,,0,,0,,0,0,0,0,,0,252,blue,1255,778,2033
86,,6810850,1,20260929,2202,430,,,,,,300,11,,,,,,3,33.70273603202697,135.411942,,,0,,0,,0,0,0,0,,0,252,blue,2632,311,2943
86,,6810860,1,20260929,8495,550,,,,,,5579,708,,,,,,3,33.72250003205514,135.404722,,,0,,0,,0,0,0,0,,0,252,blue,9045,6287,15332
86,,6810880,1,20260929,,,,,,,,,,,,,,,3,33.748889032092684,135.3275,,,1,,0,,0,0,0,0,,0,252,blue,0,0,0
86,,6810890,1,20260929,2628,261,,,,,,2441,573,,,,,,3,33.7811110321385,135.3025,,,0,,0,,0,0,0,0,,0,252,blue,2889,3014,5903
86,,6810900,1,20260929,4276,451,,,,,,3532,570,,,,,,3,33.91892803233343,135.146508,,,0,,0,,0,0,0,0,,0,252,blue,4727,4102,8829
86,,6810910,1,20260929,2818,432,,,,,,0,0,,,,,,3,33.94659203237239,135.12965,,,0,,0,,0,0,0,0,,0,252,blue,3250,0,3250
86,,6810920,1,20260929,6276,1144,,,,,,4928,716,,,,,,3,34.04305603250771,135.189722,,,0,,0,,0,0,0,0,,0,252,blue,7420,5644,13064
86,,6810930,1,20260929,,,,,,,,,,,,,,,3,34.047035032513286,135.189167,,,1,,0,,0,0,0,0,,0,252,blue,0,0,0
86,,6810950,1,20260929,,,,,,,,,,,,,,,3,34.19539403271991,135.169583,,,1,,0,,0,0,0,0,,0,252,blue,0,0,0
86,,6810960,1,20260929,791,279,,,,,,5602,1150,,,,,,3,33.74962803209376,135.359472,,,0,,0,,0,0,0,0,,0,252,blue,1070,6752,7822
86,,6810980,1,20260929,,,,,,,,,,,,,,,3,34.652222033344536,135.48972200000003,,,1,,0,,0,0,0,0,,0,252,blue,0,0,0
86,,6810990,1,20260929,373,406,,,,,,957,763,,,,,,3,35.551944034520155,136.098333,,,0,,0,,0,0,0,0,,0,252,blue,779,1720,2499
86,,6811000,1,20260929,897,590,,,,,,1203,789,,,,,,3,35.530000034492396,136.094444,,,0,,0,,0,0,0,0,,0,252,blue,1487,1992,3479
86,,6811010,1,20260929,2316,820,,,,,,1778,886,,,,,,3,35.47888903442754,136.083056,,,0,,0,,0,0,0,0,,0,252,blue,3136,2664,5800
86,,6811020,1,20260929,1842,589,,,,,,1600,634,,,,,,3,35.39750003432375,136.024722,,,0,,0,,0,0,0,0,,0,252,blue,2431,2234,4665
86,,6811030,1,20260929,12796,7020,,,,,,10046,4023,,,,,,3,35.28722203418211,136.018056,,,0,,0,,0,0,0,0,,0,252,blue,19816,14069,33885
86,,6811040,1,20260929,2572,1835,,,,,,4116,1755,,,,,,3,35.24777803413116,135.960556,,,0,,0,,0,0,0,0,,0,252,blue,4407,5871,10278
86,,6811050,1,20260929,,,,,,,,,,,,,,,3,35.237778034118236,135.943333,,,1,,0,,0,252,252,0,,0,252,blue,0,0,0
86,,6811080,1,20260929,,,,,,,,,,,,,,,3,34.71861103343382,135.569444,,,1,,0,,0,0,0,0,,0,252,blue,0,0,0
86,,6811120,1,20260929,0,0,,,,,,1602,946,,,,,,3,35.0725560339031,135.008778,,,0,,0,,0,0,0,0,,0,252,blue,0,2548,2548
86,,6811130,1,20260929,2535,1100,,,,,,2256,533,,,,,,3,35.12139403396696,135.005953,,,0,,0,,0,0,0,0,,0,252,blue,3635,2789,6424
86,,6811150,1,20260929,,,,,,,,,,,,,,,3,35.16055603401799,135.066111,,,0,,0,,0,0,0,0,,252,252,blue,0,0,0
86,,6811160,1,20260929,,,,,,,,,,,,,,,3,35.23305603411212,135.020833,,,0,,0,,0,0,0,0,,252,252,blue,0,0,0
86,,6811165,1,20260929,2092,1150,,,,,,1952,840,,,,,,3,35.28748503418245,134.977245,,,0,,0,,0,2,2,0,,0,252,blue,3242,2792,6034
86,,6811170,1,20260929,,,,,,,,,,,,,,,3,35.29111103418713,134.970556,,,0,,0,,0,0,0,0,,252,252,blue,0,0,0
86,,6811180,1,20260929,,,,,,,,,,,,,,,3,35.30305603420252,134.92,,,0,,0,,0,0,0,0,,252,252,blue,0,0,0
86,,6811190,1,20260929,,,,,,,,,,,,,,,3,35.34500003425647,134.801111,,,0,,0,,0,0,0,0,,252,252,blue,0,0,0
86,,6811200,1,20260929,,,,,,,,,,,,,,,3,35.36333303427999,134.759167,,,0,,0,,0,0,0,0,,252,252,blue,0,0,0
86,,6811210,1,20260929,3395,553,,,,,,4217,554,,,,,,3,35.49942303445363,134.790538,,,0,,0,,0,2,2,0,,0,252,blue,3948,4771,8719
86,,6811220,1,20260929,2981,456,,,,,,2922,476,,,,,,3,35.474942034422526,134.764925,,,0,,0,,0,2,2,0,,0,252,blue,3437,3398,6835
86,,6811230,1,20260929,2919,588,,,,,,2923,647,,,,,,3,35.43722003437449,134.767839,,,0,,0,,0,2,2,0,,0,252,blue,3507,3570,7077
86,,6811260,1,20260929,5161,984,,,,,,6691,1515,,,,,,3,35.01754603383091,136.023618,,,0,,0,,0,0,0,0,,0,252,blue,6145,8206,14351
86,,6811310,1,20260929,11689,2383,,,,,,10112,1921,,,,,,3,34.78856603352747,134.816183,,,0,,0,,0,0,0,0,,0,252,blue,14072,12033,26105
86,,6811320,1,20260929,,,,,,,,,,,,,,,3,34.81472203356237,134.673055,,,1,,0,,0,0,0,0,,0,252,blue,0,0,0
86,,6811340,1,20260929,985,340,,,,,,2938,477,,,,,,3,34.83503003358942,134.618945,,,0,,0,,0,0,0,0,,0,252,blue,1325,3415,4740
86,,6811400,1,20260929,2887,944,,,,,,2222,973,,,,,,3,34.54152803319483,135.675417,,,0,,0,,0,0,0,0,,0,252,blue,3831,3195,7026
87,,7810030,1,20260929,3118,1430,0,,,,,5078,1503,0,,,,,3,34.46130403308565,133.299608,,,0,0,0,0,0,0,0,0,0,0,252,blue,4548,6581,11129
87,,7810050,1,20260929,4048,1613,0,,,,,5523,2384,0,,,,,3,34.405934033009984,133.010289,,,0,0,0,0,0,0,0,0,0,0,252,blue,5661,7907,13568
87,,7810060,1,20260929,2606,1709,0,,,,,2847,1494,0,,,,,3,34.391480032990195,132.905302,,,0,0,0,0,0,0,0,0,0,0,252,blue,4315,4341,8656
87,,7810080,1,20260929,,,,,,,,3990,1522,0,,,,,3,34.40409903300748,132.811446,,,0,0,0,0,0,0,0,0,0,0,252,blue,0,5512,5512
87,,7810090,1,20260929,3567,2729,0,,,,,3417,982,0,,,,,3,34.37165503296302,132.548551,,,0,0,0,0,0,0,0,0,0,0,252,blue,6296,4399,10695
87,,7810100,1,20260929,281,89,0,,,,,4665,1194,0,,,,,3,34.370314032961176,132.43065,,,0,0,0,0,0,0,0,0,0,0,252,blue,370,5859,6229
87,,7810120,1,20260929,5846,2597,0,,,,,6275,2577,0,,,,,3,34.40929103301459,133.075998,,,0,0,0,0,0,0,0,0,0,0,252,blue,8443,8852,17295
87,,7810130,1,20260929,2843,1815,0,,,,,2796,1344,0,,,,,3,34.394348032994124,133.04909,,,0,0,0,0,0,0,0,0,0,0,252,blue,4658,4140,8798
87,,7810140,1,20260929,280,52,0,,,,,256,544,0,,,,,3,34.186157032707094,132.173982,,,0,0,0,0,0,0,0,0,0,0,252,blue,332,800,1132
87,,7810150,1,20260929,7247,3192,0,,,,,2088,1553,0,,,,,3,34.069307032544415,131.669576,,,0,0,0,0,0,0,0,0,0,0,252,blue,10439,3641,14080
87,,7810180,1,20260929,3987,1403,0,,,,,4987,2018,0,,,,,3,34.03918803250232,131.248456,,,0,0,0,0,0,0,0,0,0,0,252,blue,5390,7005,12395
87,,7810220,1,20260929,15196,1235,0,,,,,13771,869,0,,,,,3,35.51908503447856,134.20671,,,0,0,0,0,0,0,0,0,0,0,252,blue,16431,14640,31071
87,,7810230,1,20260929,7391,735,0,,,,,7412,706,0,,,,,3,35.523372034484,134.171906,,,0,0,0,0,0,0,0,0,0,0,252,blue,8126,8118,16244
87,,7810240,1,20260929,3636,418,0,,,,,3865,555,0,,,,,3,35.527852034489676,134.139977,,,0,0,0,0,0,0,0,0,0,0,252,blue,4054,4420,8474
87,,7810250,1,20260929,4088,712,0,,,,,4748,814,0,,,,,3,35.51594103447459,134.071698,,,0,0,0,0,0,0,0,0,0,0,252,blue,4800,5562,10362
87,,7810280,1,20260929,3058,524,0,,,,,3123,349,0,,,,,3,35.50301603445818,133.70857000000004,,,0,0,0,0,0,0,0,0,0,0,252,blue,3582,3472,7054
87,,7810330,1,20260929,5097,878,0,,,,,5957,596,0,,,,,3,35.46553703441056,133.4305,,,0,0,0,0,0,0,0,0,0,0,252,blue,5975,6553,12528
87,,7810350,1,20260929,7524,840,0,,,,,8053,820,0,,,,,3,35.432832034368886,133.358295,,,0,0,0,0,0,0,0,0,0,0,252,blue,8364,8873,17237
87,,7810360,1,20260929,7464,301,0,,,,,9545,525,0,,,,,3,35.43101403436657,133.331902,,,0,0,0,0,0,0,0,0,0,0,252,blue,7765,10070,17835
87,,7810380,1,20260929,6631,1793,0,,,,,5792,1479,0,,,,,3,35.48149203443085,133.474531,,,0,0,0,0,0,0,0,0,0,0,252,blue,8424,7271,15695
87,,7810390,1,20260929,6968,1751,0,,,,,6374,1377,0,,,,,3,35.476145034424064,133.461163,,,0,0,0,0,0,0,0,0,0,0,252,blue,8719,7751,16470
87,,7810400,1,20260929,6371,1706,0,,,,,5957,1368,0,,,,,3,35.432832034368886,133.415136,,,0,0,0,0,0,0,0,0,0,0,252,blue,8077,7325,15402
87,,7810420,1,20260929,5373,1678,0,,,,,5458,1652,0,,,,,3,35.50747003446383,133.61465,,,0,0,0,0,0,0,0,0,0,0,252,blue,7051,7110,14161
87,,7810430,1,20260929,4455,518,0,,,,,4049,614,0,,,,,3,35.57299803454675,134.315436,,,0,0,0,0,0,2,2,0,0,0,252,blue,4973,4663,9636
87,,7810440,1,20260929,7481,1571,0,,,,,7395,1304,0,,,,,3,35.40803703433723,133.302548,,,0,0,0,0,0,0,0,0,0,0,252,blue,9052,8699,17751
87,,7810480,1,20260929,1645,266,0,,,,,1519,244,0,,,,,3,35.27600903416763,132.599938,,,0,0,0,0,0,0,0,0,0,0,252,blue,1911,1763,3674
87,,7810500,1,20260929,2516,387,0,,,,,2713,238,0,,,,,3,35.198965034067925,132.455335,,,0,0,0,0,0,0,0,0,0,0,252,blue,2903,2951,5854
87,,7810530,1,20260929,788,179,0,,,,,733,103,0,,,,,3,35.0882140339236,132.347724,,,0,0,0,0,0,0,0,0,0,0,252,blue,967,836,1803
87,,7810540,1,20260929,2466,685,0,,,,,2564,627,0,,,,,3,35.05910603388547,132.317104,,,0,0,0,0,0,1,1,0,0,0,252,blue,3151,3191,6342
87,,7810550,1,20260929,336,11,0,,,,,256,43,0,,,,,3,35.03529803385423,132.246444,,,0,0,0,0,0,1,1,0,0,0,252,blue,347,299,646
87,,7810560,1,20260929,4009,684,0,,,,,3659,565,0,,,,,3,34.96136103375689,132.144917,,,0,0,0,0,0,1,1,0,0,0,252,blue,4693,4224,8917
87,,7810570,1,20260929,7064,975,0,,,,,5517,965,0,,,,,3,34.92234503370532,132.109083,,,0,0,0,0,0,2,2,0,0,0,252,blue,8039,6482,14521
87,,7810580,1,20260929,4470,1298,0,,,,,5129,1180,0,,,,,3,34.90375903368071,132.105961,,,0,0,0,0,0,1,1,0,0,0,252,blue,5768,6309,12077
87,,7810590,1,20260929,4759,1256,0,,,,,4629,958,0,,,,,3,34.892214033665404,132.087679,,,0,0,0,0,0,1,1,0,0,0,252,blue,6015,5587,11602
87,,7810600,1,20260929,5679,1239,0,,,,,5770,960,0,,,,,3,34.886378033657664,132.069161,,,0,0,0,0,0,1,1,0,0,0,252,blue,6918,6730,13648
87,,7810610,1,20260929,4105,644,0,,,,,4225,563,0,,,,,3,34.8693890336351,132.044972,,,0,0,0,0,0,1,1,0,0,0,252,blue,4749,4788,9537
87,,7810630,1,20260929,2642,334,0,,,,,2952,354,0,,,,,3,34.69280003339916,131.858404,,,0,0,0,0,0,1,1,0,0,0,252,blue,2976,3306,6282
87,,7810640,1,20260929,3366,698,0,,,,,3789,720,0,,,,,3,34.64982003334131,131.812549,,,0,0,0,0,0,1,1,0,0,0,252,blue,4064,4509,8573
87,,7810650,1,20260929,2002,538,0,,,,,1821,385,0,,,,,3,34.603665033279,131.799331,,,0,0,0,0,0,1,1,0,0,0,252,blue,2540,2206,4746
87,,7810660,1,20260929,1920,509,0,,,,,1850,351,0,,,,,3,34.56766203323026,131.793408,,,0,0,0,0,0,1,1,0,0,0,252,blue,2429,2201,4630
87,,7810670,1,20260929,786,226,0,,,,,811,189,0,,,,,3,34.4411940330582,131.772423,,,0,0,0,0,0,1,1,0,0,0,252,blue,1012,1000,2012
87,,7810680,1,20260929,15453,2812,0,,,,,17100,2350,0,,,,,3,35.44391203438301,133.070902,,,0,0,0,0,0,0,0,0,0,0,252,blue,18265,19450,37715
87,,7810700,1,20260929,7373,913,0,,,,,7042,792,0,,,,,3,35.37289303429224,132.787156,,,0,0,0,0,0,0,0,0,0,0,252,blue,8286,7834,16120
87,,7810710,1,20260929,6850,879,0,,,,,7549,892,0,,,,,3,35.37446803429426,132.777994,,,0,0,0,0,0,0,0,0,0,0,252,blue,7729,8441,16170
87,,7810730,1,20260929,3225,915,0,,,,,3784,791,0,,,,,3,35.0087950338194,132.223163,,,0,0,0,0,0,2,2,0,0,0,252,blue,4140,4575,8715
87,,7810750,1,20260929,1618,462,0,,,,,1906,493,0,,,,,3,34.66552003336244,131.809437,,,0,0,0,0,0,1,1,0,0,0,252,blue,2080,2399,4479
87,,7810780,1,20260929,115,161,0,,,,,2358,497,0,,,,,3,34.245635032789465,131.522947,,,0,0,0,0,0,0,0,0,0,0,252,blue,276,2855,3131
87,,7810790,1,20260929,8568,1022,0,,,,,436,5,0,,,,,3,34.190602032713265,131.483723,,,0,0,0,0,0,0,0,0,0,0,252,blue,9590,441,10031
87,,7810800,1,20260929,8877,855,0,,,,,0,0,0,,,,,3,34.18878403271073,131.480083,,,0,0,0,0,0,0,0,0,0,0,252,blue,9732,0,9732
87,,7810840,1,20260929,5714,756,0,,,,,6520,446,0,,,,,3,35.47203803441882,134.240441,,,0,0,0,0,0,0,0,0,0,0,252,blue,6470,6966,13436
87,,7810850,1,20260929,8983,1184,0,,,,,11127,1329,0,,,,,3,35.49999403445436,134.20171,,,0,0,0,0,0,0,0,0,0,0,252,blue,10167,12456,22623
87,,7810870,1,20260929,9447,593,0,,,,,10736,853,0,,,,,3,34.52362703317051,133.901839,,,0,0,0,0,0,0,0,0,0,0,252,blue,10040,11589,21629
87,,7810900,1,20260929,3290,966,0,,,,,3226,843,0,,,,,3,34.9118280336914,133.946407,,,0,0,0,0,0,0,0,0,0,0,252,blue,4256,4069,8325
87,,7810950,1,20260929,431,122,0,,,,,3351,705,0,,,,,3,35.3698230342883,134.215379,,,0,0,0,0,0,0,0,0,0,0,252,blue,553,4056,4609
87,,7810960,1,20260929,4103,1031,0,,,,,3587,962,0,,,,,3,34.64456803333422,132.667015,,,0,0,0,0,0,0,0,0,0,0,252,blue,5134,4549,9683
87,,7810970,1,20260929,2185,507,0,,,,,2100,525,0,,,,,3,34.68134903338374,132.742245,,,0,0,0,0,0,0,0,0,0,0,252,blue,2692,2625,5317
87,,7810980,1,20260929,1231,466,0,,,,,2144,625,0,,,,,3,34.81798703356671,132.823527,,,0,0,0,0,0,0,0,0,0,0,252,blue,1697,2769,4466
87,,7810990,1,20260929,1011,413,0,,,,,1053,451,0,,,,,3,34.86090703362384,132.793186,,,0,0,0,0,0,0,0,0,0,0,252,blue,1424,1504,2928
87,,7811010,1,20260929,1479,381,0,,,,,1670,352,0,,,,,3,35.221765034097494,132.816639,,,0,0,0,0,0,0,0,0,0,0,252,blue,1860,2022,3882
87,,7811020,1,20260929,2868,732,0,,,,,2832,560,0,,,,,3,35.33258003424051,132.907662,,,0,0,0,0,0,0,0,0,0,0,252,blue,3600,3392,6992
87,,7811070,1,20260929,10291,1213,0,,,,,1495,974,0,,,,,3,34.23547503277542,132.6053,,,0,0,0,0,0,0,0,0,0,0,252,blue,11504,2469,13973
87,,7811080,1,20260929,4682,724,0,,,,,5223,646,0,,,,,3,34.220918032755264,132.662702,,,0,0,0,0,0,0,0,0,0,0,252,blue,5406,5869,11275
87,,7811090,1,20260929,1334,210,0,,,,,1559,100,0,,,,,3,34.27213903282609,132.728126,,,0,0,0,0,0,0,0,0,0,0,252,blue,1544,1659,3203
87,,7811100,1,20260929,2517,279,0,,,,,2077,170,0,,,,,3,34.33997203291951,132.948483,,,0,0,0,0,0,0,0,0,0,0,252,blue,2796,2247,5043
87,,7811120,1,20260929,1255,334,0,,,,,1264,239,0,,,,,3,33.9055670323146,132.028679,,,0,0,0,0,0,0,0,0,0,0,252,blue,1589,1503,3092
87,,7811130,1,20260929,3070,468,0,,,,,328,155,0,,,,,3,33.93038903234958,131.978502,,,0,0,0,0,0,0,0,0,0,0,252,blue,3538,483,4021
87,,7811140,1,20260929,9340,638,0,,,,,9597,727,0,,,,,3,33.976741032414765,131.89892000000003,,,0,0,0,0,0,0,0,0,0,0,252,blue,9978,10324,20302
87,,7811150,1,20260929,13937,967,0,,,,,12969,655,0,,,,,3,33.97531203241275,131.223377,,,0,0,0,0,0,0,0,0,0,0,252,blue,14904,13624,28528
87,,7811160,1,20260929,3811,755,0,,,,,4325,723,0,,,,,3,34.0254670324831,131.108286,,,0,0,0,0,0,0,0,0,0,0,252,blue,4566,5048,9614
87,,7811170,1,20260929,2272,317,0,,,,,0,0,0,,,,,3,34.06179303253392,130.910708,,,0,0,0,0,0,0,0,0,0,0,252,blue,2589,0,2589
87,,7811190,1,20260929,2119,352,0,,,,,2210,171,0,,,,,3,34.372636032964365,131.13719,,,0,0,0,0,0,0,0,0,0,0,252,blue,2471,2381,4852
87,,7811200,1,20260929,11,2,0,,,,,6829,432,0,,,,,3,34.36655403295601,131.21721,,,0,0,0,0,0,0,0,0,0,0,252,blue,13,7261,7274
87,,7811210,1,20260929,79,24,0,,,,,156,19,0,,,,,3,34.36556503295465,131.327923,,,0,0,0,0,0,0,0,0,0,0,252,blue,103,175,278
87,,7811220,1,20260929,2085,447,0,,,,,2200,254,0,,,,,3,34.46117103308548,131.429169,,,0,0,0,0,0,0,0,0,0,0,252,blue,2532,2454,4986
87,,7811230,1,20260929,211,97,0,,,,,1578,397,0,,,,,3,34.53625103318765,131.50609,,,0,0,0,0,0,0,0,0,0,0,252,blue,308,1975,2283
87,,7811240,1,20260929,5192,113,0,,,,,6865,360,0,,,,,3,33.97863403241742,130.917824,,,0,0,0,0,0,0,0,0,0,0,252,blue,5305,7225,12530
87,,7811250,1,20260929,1973,270,0,,,,,1855,267,0,,,,,3,34.371174032962365,131.269202,,,0,0,0,0,0,0,0,0,0,0,252,blue,2243,2122,4365
87,,7811260,1,20260929,2118,269,0,,,,,2115,271,0,,,,,3,34.386217032983,131.345346,,,0,0,0,0,0,0,0,0,0,0,252,blue,2387,2386,4773
87,,7811280,1,20260929,7861,273,0,,,,,9261,192,0,,,,,3,33.98188003242198,130.919334,,,0,0,0,0,0,1,1,0,0,0,252,blue,8134,9453,17587
87,,7811290,1,20260929,1243,295,0,,,,,1243,215,0,,,,,3,34.66606703336319,131.689768,,,0,0,0,0,0,1,1,0,0,0,252,blue,1538,1458,2996
87,,7811300,1,20260929,1670,140,0,,,,,1535,230,0,,,,,3,34.680670033382846,131.768346,,,0,0,0,0,0,1,1,0,0,0,252,blue,1810,1765,3575
87,,7811310,1,20260929,4791,1363,0,,,,,5162,1083,0,,,,,3,34.274175032828886,132.632159,,,0,0,0,0,0,0,0,0,0,0,252,blue,6154,6245,12399
88,,8810010,1,20260929,1430,528,0,,,,,1499,604,0,,,,,3,34.22576903276199,134.506281,,,0,0,0,0,0,0,0,0,0,0,252,blue,1958,2103,4061
88,,8810040,1,20260929,,,,,,,,,,,,,,,3,34.21202803274294,134.426444,,,1,0,0,0,0,0,0,0,0,0,252,blue,0,0,0
88,,8810050,1,20260929,,,,,,,,,,,,,,,3,34.2426940327854,134.369389,,,1,0,0,0,0,1,1,0,0,0,252,blue,0,0,0
88,,8810060,1,20260929,,,,,,,,,,,,,,,3,34.24194403278437,134.333056,,,1,0,0,0,0,0,0,0,0,0,252,blue,0,0,0
88,,8810070,1,20260929,,,,,,,,,,,,,,,3,34.3096610328778,134.235686,,,1,0,0,0,0,0,0,0,0,0,252,blue,0,0,0
88,,8810080,1,20260929,,,,,,,,,,,,,,,3,34.323825032897304,134.203003,,,1,0,0,0,0,0,0,0,0,0,252,blue,0,0,0
88,,8810090,1,20260929,,,,,,,,,,,,,,,3,34.31055603287904,134.040556,,,1,0,0,0,0,0,0,0,0,0,252,blue,0,0,0
88,,8810100,1,20260929,,,,,,,,,,,,,,,3,34.31083303287942,134.040833,,,1,0,0,0,0,0,0,0,0,0,252,blue,0,0,0
88,,8810110,1,20260929,,,,,,,,,,,,,,,3,34.296344462859466,133.9267892,,,1,0,0,0,0,0,0,0,0,0,252,blue,0,0,0
88,,8810120,1,20260929,7724,686,0,,,,,5895,637,0,,,,,3,34.30830303287593,133.886,,,0,0,0,0,0,0,0,0,0,0,252,blue,8410,6532,14942
88,,8810130,1,20260929,,,,,,,,,,,,,,,3,34.28116903283854,133.818719,,,1,0,0,0,0,1,1,0,0,0,252,blue,0,0,0
88,,8810150,1,20260929,,,,,,,,,,,,,,,3,33.79388903215663,132.931944,,,1,0,0,0,0,1,1,0,0,0,252,blue,0,0,0
88,,8810160,1,20260929,6861,1094,0,,,,,7742,785,0,,,,,3,34.251008032796896,133.916925,,,0,0,0,0,0,0,0,0,0,0,252,blue,7955,8527,16482
88,,8810170,1,20260929,4920,1223,0,,,,,3828,1168,0,,,,,3,34.183472032703364,133.834944,,,0,0,0,0,0,0,0,0,0,0,252,blue,6143,4996,11139
88,,8810180,1,20260929,1845,496,0,,,,,1747,366,0,,,,,3,34.15741703266719,133.82277800000003,,,0,0,0,0,0,0,0,0,0,0,252,blue,2341,2113,4454
88,,8810210,1,20260929,1254,408,0,,,,,837,391,0,,,,,3,34.02985603248925,133.814811,,,0,0,0,0,0,0,0,0,0,0,252,blue,1662,1228,2890
88,,8810220,1,20260929,1571,539,0,,,,,2168,554,0,,,,,3,33.99827503244498,133.788456,,,0,0,0,0,0,0,0,0,0,0,252,blue,2110,2722,4832
88,,8810270,1,20260929,1194,455,0,,,,,1284,493,0,,,,,3,33.699149792021856,133.6898053,,,0,0,0,0,0,0,0,0,0,0,252,blue,1649,1777,3426
88,,8810310,1,20260929,1986,725,0,,,,,0,3,0,,,,,3,33.65416703195762,133.66,,,0,0,0,0,0,0,0,0,0,0,252,blue,2711,3,2714
88,,8810340,1,20260929,,,,,,,,,,,,,,,3,33.55527803181588,133.460556,,,1,0,0,0,0,0,0,0,0,0,252,blue,0,0,0
88,,8810380,1,20260929,,,,,,,,,,,,,,,3,33.555000031815474,133.139444,,,1,0,0,0,0,0,0,0,0,0,252,blue,0,0,0
88,,8810400,1,20260929,,,,,,,,,,,,,,,3,33.58111103185298,132.9925,,,1,0,0,0,0,0,0,0,0,0,252,blue,0,0,0
88,,8810410,1,20260929,951,189,0,,,,,862,283,0,,,,,3,33.61805603190595,132.933333,,,0,0,0,0,0,0,0,0,0,0,252,blue,1140,1145,2285
88,,8810420,1,20260929,1109,178,0,,,,,1070,351,0,,,,,3,33.62777803191986,132.916389,,,0,0,0,0,0,0,0,0,0,0,252,blue,1287,1421,2708
88,,8810430,1,20260929,1490,335,0,,,,,1521,467,0,,,,,3,33.646667031946905,132.905833,,,0,0,0,0,0,0,0,0,0,0,252,blue,1825,1988,3813
88,,8810450,1,20260929,,,,,,,,,,,,,,,3,33.68178252199708,132.8835762,,,1,0,0,0,0,0,0,0,0,0,252,blue,0,0,0
88,,8810510,1,20260929,,,,,,,,,,,,,,,3,33.73555603207373,132.811667,,,1,0,0,0,0,0,0,0,0,0,252,blue,0,0,0
88,,8810520,1,20260929,,,,,,,,,,,,,,,6,33.80277803216924,132.7775,,,1,0,0,0,0,1,1,0,0,0,252,blue,0,0,0
88,,8810530,1,20260929,,,,,,,,,,,,,,,3,33.80679213217494,132.7455604,,,1,0,0,0,0,0,0,0,0,0,252,blue,0,0,0
88,,8810560,1,20260929,787,124,0,,,,,565,104,0,,,,,3,33.883114032282926,134.645522,,,0,0,0,0,0,0,0,0,0,0,252,blue,911,669,1580
88,,8810570,1,20260929,4022,811,0,,,,,3440,856,0,,,,,3,33.87310303226879,134.637228,,,0,0,0,0,0,0,0,0,0,0,252,blue,4833,4296,9129
88,,8810580,1,20260929,2519,518,0,,,,,2537,307,0,,,,,3,33.8064830321745,134.590708,,,0,0,0,0,0,0,0,0,0,0,252,blue,3037,2844,5881
88,,8810640,1,20260929,1480,350,0,,,,,1447,255,0,,,,,3,33.72289703205572,134.519397,,,0,0,0,0,0,0,0,0,0,0,252,blue,1830,1702,3532
88,,8810660,1,20260929,1538,420,0,,,,,1721,275,0,,,,,3,33.66041903196656,134.406369,,,0,0,0,0,0,0,0,0,0,0,252,blue,1958,1996,3954
88,,8810670,1,20260929,1457,130,0,,,,,1324,325,0,,,,,3,33.58200303185425,134.323467,,,1,0,0,0,0,0,0,0,0,0,252,blue,1587,1649,3236
88,,8810690,1,20260929,,,,,,,,,,,,,,,3,33.49111103172349,134.261667,,,1,0,0,0,0,0,0,0,0,0,252,blue,0,0,0
88,,8810720,1,20260929,,,,,,,,,,,,,,,3,33.33499901149748,134.1973409,,,1,0,0,0,0,0,0,0,0,0,252,blue,0,0,0
88,,8810730,1,20260929,12,0,0,,,,,491,58,0,,,,,3,33.2510477313752,134.1807112,,,0,0,0,0,0,0,0,0,0,0,252,blue,12,549,561
88,,8810740,1,20260929,,,,,,,,,,,,,,,3,33.29972203144615,134.123333,,,1,0,0,0,0,0,0,0,0,0,252,blue,0,0,0
88,,8810750,1,20260929,,,,,,,,,,,,,,,3,33.371439791550394,134.039855,,,1,0,0,0,0,0,0,0,0,0,252,blue,0,0,0
88,,8810760,1,20260929,2764,216,0,,,,,2627,528,0,,,,,3,33.42416703162678,134.023333,,,0,0,0,0,0,0,0,0,0,0,252,blue,2980,3155,6135
88,,8810780,1,20260929,3218,284,0,,,,,3171,702,0,,,,,3,33.441944031652504,133.966111,,,0,0,0,0,0,0,0,0,0,0,252,blue,3502,3873,7375
88,,8810820,1,20260929,,,,,,,,,,,,,,,3,33.5033880317412,133.878652,,,1,0,0,0,0,0,0,0,0,0,252,blue,0,0,0
88,,8810840,1,20260929,,,,,,,,,,,,,,,3,33.525000031772315,133.760278,,,1,0,0,0,0,0,0,0,0,0,252,blue,0,0,0
88,,8810850,1,20260929,,,,,,,,,,,,,,,3,33.42055603162157,133.301944,,,1,0,0,0,0,0,0,0,0,0,252,blue,0,0,0
88,,8810880,1,20260929,465,51,0,,,,,482,110,0,,,,,3,33.3074340314574,133.179556,,,0,0,0,0,0,0,0,0,0,0,252,blue,516,592,1108
88,,8810890,1,20260929,916,249,0,,,,,5,0,0,,,,,3,33.28855103142989,133.172023,,,0,0,0,0,0,0,0,0,0,0,252,blue,1165,5,1170
88,,8810910,1,20260929,1235,202,0,,,,,6,0,0,,,,,3,33.266597031397886,133.171467,,,0,0,0,0,0,0,0,0,0,0,252,blue,1437,6,1443
88,,8810920,1,20260929,2224,523,0,,,,,2199,338,0,,,,,3,33.21880803132811,133.140708,,,0,0,0,0,0,0,0,0,0,0,252,blue,2747,2537,5284
88,,8810940,1,20260929,3627,369,0,,,,,3267,621,0,,,,,3,33.0089042010197,132.9856986,,,0,0,0,0,0,0,0,0,0,0,252,blue,3996,3888,7884
88,,8810960,1,20260929,2265,280,0,,,,,2047,453,0,,,,,3,32.97816103097427,132.889125,,,0,0,0,0,0,11,11,0,0,0,252,blue,2545,2500,5045
88,,8810970,1,20260929,1875,492,0,,,,,1881,218,0,,,,,3,32.977644030973515,132.885636,,,0,0,0,0,0,11,11,0,0,0,252,blue,2367,2099,4466
88,,8811000,1,20260929,,,,,,,,,,,,,,,3,32.96687203095758,132.865489,,,1,0,0,0,0,11,11,0,0,0,252,blue,0,0,0
88,,8811020,1,20260929,,,,,,,,,,,,,,,3,32.96457803095418,132.816661,,,1,0,0,0,0,11,11,0,0,0,252,blue,0,0,0
88,,8811040,1,20260929,2098,377,0,,,,,2571,190,0,,,,,3,32.95833303094494,132.796389,,,0,0,0,0,0,11,11,0,0,0,252,blue,2475,2761,5236
88,,8811050,1,20260929,3392,389,0,,,,,4153,276,0,,,,,3,32.93641403091248,132.736475,,,0,0,0,0,0,11,11,0,0,0,252,blue,3781,4429,8210
88,,8811060,1,20260929,1328,247,0,,,,,1345,158,0,,,,,3,32.969853030961985,132.683747,,,0,0,0,0,0,11,11,0,0,0,252,blue,1575,1503,3078
88,,8811070,1,20260929,,,,,,,,,,,,,,,3,32.970303030962654,132.665209,,,1,0,0,0,0,26,26,0,0,0,252,blue,0,0,0
88,,8811080,1,20260929,1450,104,0,,,,,1438,208,0,,,,,3,32.95232903093605,132.60067,,,1,0,0,0,0,29,29,0,0,0,252,blue,1554,1646,3200
88,,8811090,1,20260929,1629,381,0,,,,,1599,207,0,,,,,3,32.9541190309387,132.584276,,,1,0,0,0,0,28,28,0,0,0,252,blue,2010,1806,3816
88,,8811110,1,20260929,,,,,,,,,,,,,,,3,33.04654603107523,132.48536,,,1,0,0,0,0,188,188,0,0,0,252,blue,0,0,0
88,,8811130,1,20260929,124,15,0,,,,,95,27,0,,,,,3,33.0789110311229,132.49507,,,1,0,0,0,0,246,246,0,0,0,252,blue,139,122,261
88,,8811140,1,20260929,26,2,0,,,,,24,1,0,,,,,3,33.11350003117377,132.518333,,,1,0,0,0,0,234,234,0,0,0,252,blue,28,25,53
88,,8811150,1,20260929,344,74,0,,,,,317,69,0,,,,,3,33.12469803119022,132.521282,,,1,0,0,0,0,235,235,0,0,0,252,blue,418,386,804
88,,8811170,1,20260929,1765,380,0,,,,,1487,216,0,,,,,3,33.49517003172935,132.54537,,,0,0,0,0,0,0,0,0,0,0,252,blue,2145,1703,3848
88,,8811180,1,20260929,237,36,0,,,,,168,26,0,,,,,3,33.15677703123728,132.5469,,,1,0,0,0,0,235,235,0,0,0,252,blue,273,194,467
88,,8811190,1,20260929,,,,,,,,,,,,,,,3,33.264024031394136,132.552651,,,1,0,0,0,0,0,0,0,0,0,252,blue,0,0,0
88,,8811210,1,20260929,7045,1037,0,,,,,7520,1504,0,,,,,3,33.23340003134943,132.559577,,,0,0,0,0,0,0,0,0,0,0,252,blue,8082,9024,17106
88,,8811220,1,20260929,3087,436,0,,,,,2972,597,0,,,,,3,33.21975503132949,132.55883,,,0,0,0,0,0,0,0,0,0,0,252,blue,3523,3569,7092
88,,8811230,1,20260929,7024,1270,0,,,,,8016,918,0,,,,,3,33.21400003132108,132.545961,,,0,0,0,0,0,0,0,0,0,0,252,blue,8294,8934,17228
88,,8811240,1,20260929,2814,700,0,,,,,2823,370,0,,,,,3,33.187563031282394,132.543219,,,0,0,0,0,0,0,0,0,0,0,252,blue,3514,3193,6707
88,,8811250,1,20260929,,,,,,,,,,,,,,,3,33.623917031914345,132.69675,,,1,0,0,0,0,0,0,0,0,0,252,blue,0,0,0
88,,8811260,1,20260929,,,,,,,,,,,,,,,3,33.63910303193607,132.70852,,,1,0,0,0,0,0,0,0,0,0,252,blue,0,0,0
88,,8811300,1,20260929,3317,881,0,,,,,3445,763,0,,,,,3,33.701111032024656,132.7075,,,0,0,0,0,0,0,0,0,0,0,252,blue,4198,4208,8406
88,,8811320,1,20260929,2625,531,0,,,,,2779,801,0,,,,,3,33.99242782243679,133.6034113,,,0,0,0,0,0,0,0,0,0,0,252,blue,3156,3580,6736
88,,8811330,1,20260929,889,308,0,,,,,1038,394,0,,,,,3,33.99611044244195,133.6571521,,,0,0,0,0,0,0,0,0,0,0,252,blue,1197,1432,2629
88,,8811360,1,20260929,672,234,0,,,,,923,244,0,,,,,3,34.015556032469206,133.77361100000002,,,0,0,0,0,0,0,0,0,0,0,252,blue,906,1167,2073
88,,8811430,1,20260929,,,,,,,,,,,,,,,3,33.981944032422064,132.778333,,,1,0,0,0,0,0,0,0,0,0,252,blue,0,0,0
88,,8811450,1,20260929,,,,,,,,,,,,,,,3,33.98044403241997,133.057088,,,1,0,0,0,0,0,0,0,0,0,252,blue,0,0,0
89,,9810010,1,20260929,10141,853,0,,,,,8627,1186,0,,,,,3,33.86852803226232,130.79675,,,0,0,0,0,0,0,0,0,0,0,252,blue,10994,9813,20807
89,,9810020,1,20260929,,,,,,,,,,,,,,,3,33.835259032215276,130.608521,,,1,0,0,0,0,0,0,0,0,0,252,blue,0,0,0
89,,9810030,1,20260929,,,,,,,,,,,,,,,3,33.78978203215081,130.567337,,,1,0,0,0,0,0,0,0,0,0,252,blue,0,0,0
89,,9810040,1,20260929,23719,2218,0,,,,,22261,2614,0,,,,,3,33.744955032087105,130.488242,,,0,0,0,0,0,0,0,0,0,0,252,blue,25937,24875,50812
89,,9810050,1,20260929,,,,,,,,,,,,,,,3,33.73691203207566,130.478193,,,1,0,0,0,0,0,0,0,0,0,252,blue,0,0,0
89,,9810070,1,20260929,16160,3022,0,,,,,18634,3724,0,,,,,3,33.52600403177376,130.49557,,,0,0,0,0,0,0,0,0,0,0,252,blue,19182,22358,41540
89,,9810080,1,20260929,17480,2548,0,,,,,15860,2575,0,,,,,3,33.51100303175216,130.511069,,,0,0,0,0,0,0,0,0,0,0,252,blue,20028,18435,38463
89,,9810090,1,20260929,17134,2196,0,,,,,19453,3474,0,,,,,3,33.510200031751005,130.520977,,,0,0,0,0,0,0,0,0,0,0,252,blue,19330,22927,42257
89,,9810100,1,20260929,11989,2678,0,,,,,13086,2522,0,,,,,3,33.477797031704284,130.53932,,,0,0,0,0,0,0,0,0,0,0,252,blue,14667,15608,30275
89,,9810120,1,20260929,,,,,,,,,,,,,,,3,33.33966203150427,130.525942,,,1,,,,,,,,,,252,blue,0,0,0
89,,9810130,1,20260929,2795,1194,0,,,,,2356,1347,0,,,,,3,33.19870703129871,130.60119,,,0,0,0,0,0,0,0,0,0,0,252,blue,3989,3703,7692
89,,9810140,1,20260929,,,,,,,,,,,,,,,3,33.170447031257325,130.617432,,,1,0,0,0,0,0,0,0,0,0,252,blue,0,0,0
89,,9810150,1,20260929,12330,2042,0,,,,,12993,1746,0,,,,,3,33.86806903226167,130.775199,,,0,0,0,0,0,0,0,0,0,0,252,blue,14372,14739,29111
89,,9810160,1,20260929,14821,1762,0,,,,,,,,,,,,3,33.86432503225638,130.74688,,,0,0,0,0,0,0,0,0,0,0,252,blue,16583,0,16583
89,,9810170,1,20260929,,,,,,,,,,,,,,,3,33.648732031949855,130.441499,,,1,0,0,0,0,0,0,0,0,0,252,blue,0,0,0
89,,9810180,1,20260929,23137,3592,0,,,,,22970,3525,0,,,,,3,33.61500003190157,130.438611,,,0,0,0,0,0,0,0,0,0,0,252,blue,26729,26495,53224
89,,9810190,1,20260929,3517,1512,0,,,,,4215,1511,0,,,,,3,33.4496850316637,130.546326,,,0,0,0,0,0,0,0,0,0,0,252,blue,5029,5726,10755
89,,9810200,1,20260929,,,,,,,,,,,,,,,3,33.41916903161956,130.532642,,,1,,,,,,,,,,252,blue,0,0,0
89,,9810210,1,20260929,5767,1345,0,,,,,5605,1018,0,,,,,3,32.92737203089908,130.698429,,,0,0,0,0,0,0,0,0,0,0,252,blue,7112,6623,13735
89,,9810230,1,20260929,1244,294,0,,,,,1313,228,0,,,,,3,32.33541003001024,130.485852,,,0,0,0,0,0,0,0,0,0,0,252,blue,1538,1541,3079
89,,9810240,1,20260929,1296,255,0,,,,,1118,246,0,,,,,3,32.24685302987536,130.498828,,,0,0,0,0,0,0,0,0,0,0,252,blue,1551,1364,2915
89,,9810260,1,20260929,,,,,,,,,,,,,,,3,32.06933302960361,130.240833,,,1,0,0,0,0,0,0,0,0,0,252,blue,0,0,0
89,,9810270,1,20260929,,,,,,,,,,,,,,,3,32.05996802958923,130.223169,,,1,0,0,0,0,0,0,0,0,0,252,blue,0,0,0
89,,9810280,1,20260929,,,,,,,,,,,,,,,3,32.00103302949858,130.195866,,,1,0,0,0,0,0,0,0,0,0,252,blue,0,0,0
89,,9810290,1,20260929,,,,,,,,,,,,,,,3,31.77354502914685,130.301221,,,1,0,0,0,0,0,0,0,0,0,252,blue,0,0,0
89,,9810300,1,20260929,,,,,,,,,,,,,,,3,31.752394029113987,130.297198,,,1,0,0,0,0,0,0,0,0,0,252,blue,0,0,0
89,,9810310,1,20260929,,,,,,,,,,,,,,,3,31.671780028988586,130.334671,,,1,0,0,0,0,0,0,0,0,0,252,blue,0,0,0
89,,9810320,1,20260929,5294,521,0,,,,,5694,641,0,,,,,3,31.644384028945897,130.514685,,,0,0,0,0,0,0,0,0,0,0,252,blue,5815,6335,12150
89,,9810330,1,20260929,12626,658,0,,,,,11043,693,0,,,,,3,31.593127028865894,130.55217,,,0,0,0,0,0,0,0,0,0,0,252,blue,13284,11736,25020
89,,9810340,1,20260929,,,,,,,,,,,,,,,3,31.774587029148464,130.294585,,,1,0,0,0,0,0,0,0,0,0,252,blue,0,0,0
89,,9810350,1,20260929,,,,,,,,12353,1473,0,,,,,3,31.586173028855043,130.521497,,,0,0,0,0,0,0,0,0,0,0,252,blue,0,13826,13826
89,,9810360,1,20260929,,,,,,,,,,,,,,,3,33.6356250319311,131.074923,,,1,0,0,0,0,4,4,0,3,0,252,blue,0,0,0
89,,9810370,1,20260929,,,,,,,,,,,,,,,3,33.60811903189171,131.1134,,,0,0,0,0,0,244,244,247,191,0,252,blue,0,0,0
89,,9810380,1,20260929,3739,1137,0,,,,,3520,1294,0,,,,,3,33.55407703181414,131.25154,,,0,0,0,0,0,0,0,0,0,0,252,blue,4876,4814,9690
89,,9810390,1,20260929,2373,560,0,,,,,2451,722,0,,,,,3,33.47356403169818,131.495973,,,0,0,0,0,0,0,0,0,0,0,252,blue,2933,3173,6106
89,,9810400,1,20260929,3392,616,0,,,,,3325,709,0,,,,,3,33.4199570316207,131.549075,,,0,0,0,0,0,0,0,0,0,0,252,blue,4008,4034,8042
89,,9810410,1,20260929,,,,,,,,,,,,,,,3,33.35718603152971,131.497308,,,1,0,0,0,0,0,0,0,0,0,252,blue,0,0,0
89,,9810420,1,20260929,17565,1814,0,,,,,17969,2153,0,,,,,3,33.28844603142974,131.50415600000002,,,0,0,0,0,0,0,0,0,0,0,252,blue,19379,20122,39501
89,,9810430,1,20260929,9829,995,0,,,,,9556,912,0,,,,,3,33.1773230312674,131.619615,,,0,0,0,0,0,0,0,0,0,0,252,blue,10824,10468,21292
89,,9810440,1,20260929,,,,,,,,8076,1517,0,,,,,3,33.091164031140934,131.647172,,,0,0,0,0,0,0,0,0,0,0,252,blue,0,9593,9593
89,,9810450,1,20260929,41,11,0,,,,,34,10,0,,,,,3,33.07813503112177,131.638559,,,0,0,0,0,0,42,42,2,99,0,252,blue,52,44,96
89,,9810460,1,20260929,46,4,0,,,,,36,11,0,,,,,3,33.03375103105637,131.689156,,,0,0,0,0,0,19,19,0,55,0,252,blue,50,47,97
89,,9810470,1,20260929,3,1,0,,,,,2,1,0,,,,,3,33.001599031008915,131.788698,,,1,0,0,0,0,52,52,1,73,0,252,blue,4,3,7
89,,9810480,1,20260929,55,7,0,,,,,32,13,0,,,,,3,32.95275303093668,131.841525,,,0,0,0,0,0,51,51,0,96,0,252,blue,62,45,107
89,,9810490,1,20260929,22,5,0,,,,,16,7,0,,,,,3,32.92192503089102,131.801353,,,1,0,0,0,0,19,19,0,50,0,252,blue,27,23,50
89,,9810500,1,20260929,6,2,0,,,,,1,5,0,,,,,3,32.84521503077709,131.718143,,,0,0,0,0,0,15,15,1,54,0,252,blue,8,6,14
89,,9810510,1,20260929,2346,805,0,,,,,2302,646,0,,,,,3,33.53550003178742,131.301439,,,0,0,0,0,0,0,0,0,0,0,252,blue,3151,2948,6099
89,,9810520,1,20260929,,,,,,,,9010,783,0,,,,,3,33.17727003126732,131.636491,,,0,0,0,0,0,0,0,0,0,0,252,blue,0,9793,9793
89,,9810530,1,20260929,2,2,0,,,,,4,0,0,,,,,3,32.76588703065887,131.69922,,,0,0,0,0,0,44,44,3,104,0,252,blue,4,4,8
89,,9810540,1,20260929,0,0,0,,,,,0,0,0,,,,,3,32.73308003060985,131.712307,,,1,0,0,0,0,8,8,0,23,0,252,blue,0,0,0
89,,9810550,1,20260929,1,2,0,,,,,0,0,0,,,,,3,32.680641030531355,131.69547,,,1,0,0,0,0,9,9,0,23,0,252,blue,3,0,3
89,,9810560,1,20260929,0,0,0,,,,,0,1,0,,,,,3,32.6162990304348,131.682165,,,1,0,0,0,0,10,10,0,22,0,252,blue,0,1,1
89,,9810580,1,20260929,10,0,0,,,,,3,0,0,,,,,3,32.56240603035372,131.681538,,,1,0,0,0,0,5,5,0,11,0,252,blue,10,3,13
89,,9810590,1,20260929,,,,,,,,,,,,,,,3,32.512945030279155,131.682071,,,1,0,0,0,0,63,63,144,106,0,252,blue,0,0,0
89,,9810600,1,20260929,2,3,0,,,,,2,0,0,,,,,3,32.505475030267874,131.671612,,,1,0,0,0,0,11,11,0,21,0,252,blue,5,2,7
89,,9810610,1,20260929,13,1,0,,,,,8,1,0,,,,,3,32.48380003023514,131.65983,,,1,0,0,0,0,6,6,0,10,0,252,blue,14,9,23
89,,9810620,1,20260929,11,4,0,,,,,4,0,0,,,,,3,32.44750003018023,131.634167,,,1,0,0,0,0,16,16,0,32,0,252,blue,15,4,19
89,,9810630,1,20260929,12,0,0,,,,,3,1,0,,,,,3,32.34169203001978,131.615818,,,1,0,0,0,0,6,6,0,16,0,252,blue,12,4,16
89,,9810640,1,20260929,,,,,,,,,,,,,,,3,32.118920029679714,131.525151,,,1,0,0,0,0,23,23,0,42,0,252,blue,0,0,0
89,,9810650,1,20260929,,,,,,,,,,,,,,,3,32.04093702955998,131.469141,,,1,0,0,0,0,22,22,0,83,0,252,blue,0,0,0
89,,9810660,1,20260929,,,,,,,,,,,,,,,3,31.943136029409334,131.344339,,,1,0,0,0,0,0,0,0,0,0,252,blue,0,0,0
89,,9810670,1,20260929,,,,,,,,,,,,,,,3,31.95151902942227,131.26782500000002,,,1,0,0,0,0,0,0,0,0,0,252,blue,0,0,0
89,,9810680,1,20260929,,,,,,,,,,,,,,,3,31.916759029368613,131.228421,,,1,0,0,0,0,0,0,0,0,0,252,blue,0,0,0
89,,9810690,1,20260929,,,,,,,,,,,,,,,3,31.831007029235955,131.126939,,,1,0,0,0,0,0,0,0,0,0,252,blue,0,0,0
89,,9810700,1,20260929,,,,,,,,,,,,,,,3,31.70972202904765,131.054167,,,1,0,0,0,0,0,0,0,0,0,252,blue,0,0,0
89,,9810710,1,20260929,,,,,,,,,,,,,,,3,31.70997802904806,131.024809,,,1,0,0,0,0,0,0,0,0,0,252,blue,0,0,0
89,,9810720,1,20260929,,,,,,,,,,,,,,,3,31.661481028972545,130.889721,,,1,0,0,0,0,0,0,0,0,0,252,blue,0,0,0
89,,9810730,1,20260929,,,,,,,,,,,,,,,3,31.723242029068686,130.809578,,,1,0,0,0,0,0,0,0,0,0,252,blue,0,0,0
89,,9810740,1,20260929,,,,,,,,,,,,,,,3,33.30389903145224,130.368554,,,1,,,,,,,,,,252,blue,0,0,0
89,,9810750,1,20260929,,,,,,,,,,,,,,,3,33.27419603140898,130.293549,,,1,,,,,,,,,,252,blue,0,0,0
89,,9810760,1,20260929,,,,,,,,,,,,,,,3,33.26474303139519,130.245086,,,1,,,,,,,,,,252,blue,0,0,0
89,,9810770,1,20260929,,,,,,,,,,,,,,,3,33.26041603138888,130.218458,,,1,,,,,,,,,,252,blue,0,0,0
89,,9810780,1,20260929,,,,,,,,,,,,,,,3,33.23447503135101,130.18203100000002,,,1,,,,,,,,,,252,blue,0,0,0
89,,9810790,1,20260929,,,,,,,,,,,,,,,3,33.22225103133315,130.172161,,,1,,,,,,,,,,252,blue,0,0,0
89,,9810800,1,20260929,,,,,,,,,,,,,,,3,33.219025031328435,130.143217,,,1,,,,,,,,,,252,blue,0,0,0
89,,9810810,1,20260929,,,,,,,,,,,,,,,3,33.21595003132393,130.087452,,,1,,,,,,,,,,252,blue,0,0,0
89,,9810820,1,20260929,,,,,,,,,,,,,,,3,33.21877403132806,130.052459,,,1,,,,,,,,,,252,blue,0,0,0
89,,9810830,1,20260929,,,,,,,,,,,,,,,3,33.207839031312076,130.047967,,,1,,,,,,,,,,252,blue,0,0,0
89,,9810840,1,20260929,,,,,,,,,,,,,,,3,33.07291503111407,129.960829,,,1,0,0,0,0,0,0,0,0,0,252,blue,0,0,0
89,,9810850,1,20260929,5564,904,0,,,,,5571,990,0,,,,,3,32.995999031000636,129.948701,,,0,0,0,0,0,0,0,0,0,0,252,blue,6468,6561,13029
89,,9810860,1,20260929,,,,,,,,,,,,,,,3,32.9044610308651,129.957531,,,1,0,0,0,0,0,0,0,0,0,252,blue,0,0,0
89,,9810870,1,20260929,,,,,,,,,,,,,,,3,32.8905010308444,129.971348,,,1,0,0,0,0,0,0,0,0,0,252,blue,0,0,0
89,,9810890,1,20260929,,,,,,,,,,,,,,,3,32.87494503082128,130.02412,,,1,0,0,0,0,0,0,0,0,0,252,blue,0,0,0
89,,9810900,1,20260929,,,,,,,,,,,,,,,3,32.83967403076884,130.024592,,,1,0,0,0,0,0,0,0,0,0,252,blue,0,0,0
89,,9810910,1,20260929,,,,,,,,,,,,,,,3,33.19594003129466,129.977938,,,1,0,0,0,0,0,0,0,0,0,252,blue,0,0,0
89,,9810920,1,20260929,365,63,0,,,,,278,32,0,,,,,3,33.191150031287656,129.943948,,,0,0,0,0,0,0,0,0,0,0,252,blue,428,310,738
89,,9810930,1,20260929,3605,691,0,,,,,3683,654,0,,,,,3,33.18881403128423,129.9054,,,0,0,0,0,0,0,0,0,0,0,252,blue,4296,4337,8633
89,,9810940,1,20260929,,,,,,,,,,,,,,,3,32.97184603096493,131.383534,,,1,0,0,0,0,17,17,0,55,0,252,blue,0,0,0
89,,9810950,1,20260929,52,19,0,,,,,54,27,0,,,,,3,32.96828103095967,131.382552,,,0,0,0,0,0,13,13,0,46,0,252,blue,71,81,152
89,,9810960,1,20260929,12,10,0,,,,,10,4,0,,,,,3,32.96091703094877,131.248695,,,0,0,0,0,0,15,15,0,50,0,252,blue,22,14,36
89,,9810970,1,20260929,80,25,0,,,,,0,0,0,,,,,3,33.03288603105509,131.537821,,,0,0,0,0,0,43,43,0,88,0,252,blue,105,0,105
89,,9810980,1,20260929,,,,,,,,,,,,,,,3,33.00262303101042,131.45315500000004,,,1,0,0,0,0,96,96,166,130,0,252,blue,0,0,0
89,,9810990,1,20260929,,,,,,,,,,,,,,,3,32.96097103094884,131.244117,,,1,0,0,0,0,0,0,0,0,0,252,blue,0,0,0
89,,9811000,1,20260929,,,,,,,,,,,,,,,3,32.93530403091085,131.035064,,,1,0,0,0,0,0,0,0,0,0,252,blue,0,0,0
89,,9811010,1,20260929,,,,,,,,,,,,,,,3,32.87672503082393,130.954853,,,1,0,0,0,0,0,0,0,0,0,252,blue,0,0,0
89,,9811020,1,20260929,3563,601,0,,,,,3332,442,0,,,,,3,32.614306030431806,130.462111,,,0,0,0,0,0,1,1,0,0,0,252,blue,4164,3774,7938
89,,9811030,1,20260929,,,,,,,,,,,,,,,3,32.72539603059835,130.251342,,,1,,,,,,,,,,252,blue,0,0,0
89,,9811040,1,20260929,,,,,,,,,,,,,,,3,32.72077403059144,130.234748,,,1,,,,,,,,,,252,blue,0,0,0
89,,9811050,1,20260929,,,,,,,,,,,,,,,3,32.73587103061402,130.209003,,,1,,,,,,,,,,252,blue,0,0,0
89,,9811060,1,20260929,,,,,,,,,,,,,,,3,32.808908030723025,130.149506,,,1,,,,,,,,,,252,blue,0,0,0
89,,9811070,1,20260929,,,,,,,,,,,,,,,3,32.836521030764146,130.094768,,,1,,,,,,,,,,252,blue,0,0,0
89,,9811080,1,20260929,,,,,,,,,,,,,,,3,32.83196203075736,130.053336,,,1,,,,,,,,,,252,blue,0,0,0
89,,9811090,1,20260929,,,,,,,,,,,,,,,3,33.61888103190713,130.568781,,,0,0,0,0,0,244,244,3,191,0,252,blue,0,0,0
89,,9811100,1,20260929,0,0,0,,,,,0,0,0,,,,,3,33.61860003190672,130.579442,,,0,0,0,0,0,220,220,3,191,0,252,blue,0,0,0
89,,9811110,1,20260929,,,,,,,,,,,,,,,3,33.62194303191151,130.588462,,,1,,,,,,,,,,252,blue,0,0,0
89,,9811120,1,20260929,,,,,,,,,,,,,,,3,33.65684603196145,130.750269,,,1,,,,,,,,,,252,blue,0,0,0
89,,9811130,1,20260929,,,,,,,,,,,,,,,3,33.6514250319537,130.761828,,,1,,,,,,,,,,252,blue,0,0,0
89,,9811140,1,20260929,,,,,,,,,,,,,,,3,33.64137503193933,130.764099,,,1,0,0,0,0,3,3,0,2,0,252,blue,0,0,0
89,,9811150,1,20260929,,,,,,,,,,,,,,,3,33.65331703195642,130.807798,,,1,0,0,0,0,4,4,2,4,0,252,blue,0,0,0
89,,9811170,1,20260929,,,,,,,,,,,,,,,3,33.37200003155121,130.3311,,,1,,,,,,,,,,252,blue,0,0,0
89,,9811180,1,20260929,,,,,,,,,,,,,,,3,33.6231190319132,130.671342,,,1,,,,,,,,,,252,blue,0,0,0
89,,9811190,1,20260929,,,,,,,,,,,,,,,3,33.74379703208545,130.970335,,,1,0,0,0,0,0,0,0,0,0,252,blue,0,0,0
89,,9811210,1,20260929,2345,149,0,,,,,2347,255,0,,,,,3,33.50948303174998,130.110769,,,0,0,0,0,0,0,0,0,0,0,252,blue,2494,2602,5096
89,,9811220,1,20260929,1113,108,0,,,,,1046,69,0,,,,,3,33.501667031738705,130.069167,,,0,0,0,0,0,0,0,0,0,0,252,blue,1221,1115,2336
89,,9811240,1,20260929,3947,944,0,,,,,0,0,0,,,,,3,33.522842031769216,130.168427,,,0,0,0,0,0,0,0,0,0,0,252,blue,4891,0,4891
89,,9811250,1,20260929,6618,952,0,,,,,3,17,0,,,,,3,33.51344603175569,130.14563,,,0,0,0,0,0,0,0,0,0,0,252,blue,7570,20,7590
89,,9811260,1,20260929,1177,135,0,,,,,1290,88,0,,,,,3,33.45431303167039,130.042275,,,0,0,0,0,0,0,0,0,0,0,252,blue,1312,1378,2690
89,,9811270,1,20260929,7660,680,0,,,,,6727,795,0,,,,,3,33.431110031636834,129.991737,,,0,0,0,0,0,0,0,0,0,0,252,blue,8340,7522,15862
89,,9811280,1,20260929,,,,,,,,,,,,,,,3,33.348904031517684,129.933234,,,1,0,0,0,0,0,0,0,0,0,252,blue,0,0,0
89,,9811290,1,20260929,,,,,,,,,,,,,,,3,33.331844031492885,129.928169,,,1,0,0,0,0,0,0,0,0,0,252,blue,0,0,0
89,,9811300,1,20260929,409,46,0,,,,,378,24,0,,,,,3,33.268208031400235,129.88248900000002,,,1,0,0,0,0,0,0,0,0,0,252,blue,455,402,857
89,,9811310,1,20260929,,,,,,,,,,,,,,,3,33.24091903136041,129.850727,,,1,0,0,0,0,0,0,0,0,0,252,blue,0,0,0
89,,9811320,1,20260929,2707,418,0,,,,,2680,385,0,,,,,3,33.45989003167844,130.040128,,,0,0,0,0,0,0,0,0,0,0,252,blue,3125,3065,6190
89,,9811330,1,20260929,377,54,0,,,,,289,39,0,,,,,3,33.38450403156936,129.984455,,,1,0,0,0,0,0,0,0,0,0,252,blue,431,328,759
89,,9811340,1,20260929,,,,,,,,,,,,,,,6,33.31161503146347,130.070351,,,1,,,,,,,,,,252,blue,0,0,0
89,,9811350,1,20260929,,,,,,,,,,,,,,,3,33.304966031453795,130.076971,,,1,,,,,,,,,,252,blue,0,0,0
89,,9811360,1,20260929,6391,1073,0,,,,,6220,967,0,,,,,3,33.29002103143203,130.168151,,,0,0,0,0,0,0,0,0,0,0,252,blue,7464,7187,14651
89,,9811370,1,20260929,2629,400,0,,,,,2945,288,0,,,,,3,33.327444031486486,130.034833,,,0,0,0,0,0,0,0,0,0,0,252,blue,3029,3233,6262
89,,9811380,1,20260929,57,14,0,,,,,93,7,0,,,,,3,33.29362203143727,130.116435,,,1,0,0,0,0,0,0,0,0,0,252,blue,71,100,171
89,,9811390,1,20260929,,,,,,,,,,,,,,,3,33.03691103106103,129.918279,,,1,,,,,,,,,,252,blue,0,0,0
89,,9811400,1,20260929,,,,,,,,,,,,,,,3,32.90829103087079,130.661481,,,1,0,0,0,0,0,0,0,0,0,252,blue,0,0,0
89,,9811410,1,20260929,4990,306,0,,,,,4294,197,0,,,,,3,33.01722203103198,130.439722,,,0,0,0,0,0,0,0,0,0,0,252,blue,5296,4491,9787
89,,9811420,1,20260929,6810,534,0,,,,,6924,546,0,,,,,3,33.05710503109079,130.465234,,,0,0,0,0,0,0,0,0,0,0,252,blue,7344,7470,14814
89,,9811450,1,20260929,,,,,,,,,,,,,,,3,33.01280003102545,130.425184,,,1,0,0,0,0,0,0,0,0,0,252,blue,0,0,0
89,,9811460,1,20260929,7761,1189,0,,,,,7636,1656,0,,,,,3,33.140861031213944,130.422417,,,0,0,0,0,0,0,0,0,0,0,252,blue,8950,9292,18242
89,,9811461,1,20260929,5106,1011,0,,,,,6042,1278,0,,,,,3,33.184560031278004,130.387933,,,0,0,0,0,0,0,0,0,0,0,252,blue,6117,7320,13437
89,,9811470,1,20260929,7096,1369,0,,,,,6840,1545,0,,,,,3,33.0462530310748,130.431406,,,0,0,0,0,0,0,0,0,0,0,252,blue,8465,8385,16850
89,,9811480,1,20260929,6432,1427,0,,,,,5596,1322,0,,,,,3,33.055717031088754,130.4292,,,0,0,0,0,0,0,0,0,0,0,252,blue,7859,6918,14777
89,,9811490,1,20260929,6261,1197,0,,,,,8329,1913,0,,,,,3,33.069783031109466,130.42405,,,0,0,0,0,0,0,0,0,0,0,252,blue,7458,10242,17700
89,,9811500,1,20260929,7655,1634,0,,,,,7019,1600,0,,,,,3,33.077520031120855,130.428242,,,0,0,0,0,0,0,0,0,0,0,252,blue,9289,8619,17908
89,,9811510,1,20260929,7203,1295,0,,,,,7610,1662,0,,,,,3,33.08238303112801,130.433017,,,0,0,0,0,0,0,0,0,0,0,252,blue,8498,9272,17770
89,,9811520,1,20260929,4761,1035,0,,,,,4648,970,0,,,,,3,33.11826103118075,130.430375,,,0,0,0,0,0,0,0,0,0,0,252,blue,5796,5618,11414
89,,9811540,1,20260929,5746,856,0,,,,,5889,640,0,,,,,3,33.15753403123839,130.478771,,,0,0,0,0,0,0,0,0,0,0,252,blue,6602,6529,13131
89,,9811550,1,20260929,6242,879,0,,,,,6527,1080,0,,,,,3,33.22942603134362,130.505954,,,0,0,0,0,0,0,0,0,0,0,252,blue,7121,7607,14728
89,,9811560,1,20260929,7665,1226,0,,,,,6740,1189,0,,,,,3,33.23505203135184,130.507151,,,0,0,0,0,0,0,0,0,0,0,252,blue,8891,7929,16820
89,,9811570,1,20260929,6228,1110,0,,,,,6860,1058,0,,,,,3,33.24799503137074,130.509483,,,0,0,0,0,0,0,0,0,0,0,252,blue,7338,7918,15256
89,,9811580,1,20260929,6599,993,0,,,,,6314,936,0,,,,,3,33.25651503138319,130.509461,,,0,0,0,0,0,0,0,0,0,0,252,blue,7592,7250,14842
89,,9811590,1,20260929,56,7,0,,,,,3154,712,0,,,,,3,33.31995703147561,130.594037,,,0,0,0,0,0,0,0,0,0,0,252,blue,63,3866,3929
89,,9811600,1,20260929,3459,672,0,,,,,4015,653,0,,,,,3,33.345255031512394,130.730893,,,0,0,0,0,0,0,0,0,0,0,252,blue,4131,4668,8799
89,,9811610,1,20260929,3913,511,0,,,,,4418,613,0,,,,,3,33.3437500315102,130.752694,,,0,0,0,0,0,0,0,0,0,0,252,blue,4424,5031,9455
89,,9811620,1,20260929,,,,,,,,,,,,,,,3,33.33338803149515,130.801953,,,1,0,0,0,0,252,252,0,0,0,252,blue,0,0,0
89,,9811650,1,20260929,3384,705,0,,,,,3499,754,0,,,,,3,33.331960031493075,130.852326,,,0,0,0,0,0,0,0,0,0,0,252,blue,4089,4253,8342
89,,9811660,1,20260929,1603,274,0,,,,,1685,461,0,,,,,3,33.307732031457824,130.915379,,,0,0,0,0,0,0,0,0,0,0,252,blue,1877,2146,4023
89,,9811670,1,20260929,3043,962,0,,,,,2960,670,0,,,,,3,33.29883403144486,130.938844,,,0,0,0,0,0,0,0,0,0,0,252,blue,4005,3630,7635
89,,9811680,1,20260929,,,,,,,,,,,,,,,3,33.29818903144393,130.952388,,,1,0,0,0,0,0,0,0,0,0,252,blue,0,0,0
89,,9811690,1,20260929,3039,775,0,,,,,3163,602,0,,,,,3,33.29921203144541,130.96937,,,0,0,0,0,0,0,0,0,0,0,252,blue,3814,3765,7579
89,,9811700,1,20260929,,,,,,,,,,,,,,,3,33.261645031390664,131.01058,,,1,0,0,0,0,0,0,0,0,0,252,blue,0,0,0
89,,9811710,1,20260929,2554,865,0,,,,,2716,667,0,,,,,3,33.28000003141744,131.128611,,,0,0,0,0,0,0,0,0,0,0,252,blue,3419,3383,6802
89,,9811720,1,20260929,1933,833,0,,,,,1797,571,0,,,,,3,33.237877031355964,131.175263,,,0,0,0,0,0,0,0,0,0,0,252,blue,2766,2368,5134
89,,9811730,1,20260929,,,,,,,,,,,,,,,3,33.2405000313598,131.224187,,,1,0,0,0,0,0,0,0,0,0,252,blue,0,0,0
89,,9811740,1,20260929,1174,665,0,,,,,1416,684,0,,,,,3,33.25496403138093,131.328533,,,0,0,0,0,0,0,0,0,0,0,252,blue,1839,2100,3939
89,,9811750,1,20260929,1434,1533,0,,,,,2498,776,0,,,,,3,33.23715803135492,131.323213,,,0,0,0,0,0,0,0,0,0,0,252,blue,2967,3274,6241
89,,9811760,1,20260929,276,255,0,,,,,7742,1137,0,,,,,3,33.18331803127619,131.452171,,,0,0,0,0,0,0,0,0,0,0,252,blue,531,8879,9410
89,,9811770,1,20260929,,,,,,,,,,,,,,,3,31.760789029127036,131.4707,,,1,0,0,0,0,0,0,0,0,0,252,blue,0,0,0
89,,9811780,1,20260929,,,,,,,,,,,,,,,3,31.559046028812634,131.38327000000004,,,1,0,0,0,0,0,0,0,0,0,252,blue,0,0,0
89,,9811790,1,20260929,,,,,,,,,,,,,,,3,31.547715028794922,131.378628,,,1,0,0,0,0,0,0,0,0,0,252,blue,0,0,0
89,,9811800,1,20260929,,,,,,,,,,,,,,,3,31.546675028793285,131.361225,,,1,0,0,0,0,0,0,0,0,0,252,blue,0,0,0
89,,9811810,1,20260929,,,,,,,,,,,,,,,3,31.45214102864519,131.212192,,,1,0,0,0,0,0,0,0,0,0,252,blue,0,0,0
89,,9811820,1,20260929,,,,,,,,,,,,,,,3,31.46555602866623,131.154444,,,1,0,0,0,0,0,0,0,0,0,252,blue,0,0,0
89,,9811830,1,20260929,,,,,,,,,,,,,,,3,31.447659028638157,131.051761,,,1,0,0,0,0,0,0,0,0,0,252,blue,0,0,0
89,,9811840,1,20260929,,,,,,,,,,,,,,,3,31.388108028544615,130.811533,,,1,0,0,0,0,0,0,0,0,0,252,blue,0,0,0
89,,9811850,1,20260929,1028,217,0,,,,,901,177,0,,,,,3,31.41813502859181,130.764377,,,0,0,0,0,0,0,0,0,0,0,252,blue,1245,1078,2323
89,,9811860,1,20260929,773,250,0,,,,,793,252,0,,,,,3,31.542976028787507,130.706877,,,1,0,0,0,0,0,0,0,0,0,252,blue,1023,1045,2068
89,,9811870,1,20260929,,,,,,,,,,,,,,,3,31.557778028810663,130.718333,,,1,0,0,0,0,0,0,0,0,0,252,blue,0,0,0
89,,9811880,1,20260929,,,,,,,,,,,,,,,3,31.647658028950993,130.819552,,,1,0,0,0,0,0,0,0,0,0,252,blue,0,0,0
89,,9811900,1,20260929,,,,,,,,,,,,,,,3,31.27982902837409,130.291795,,,1,0,0,0,0,0,0,0,0,0,252,blue,0,0,0
89,,9811910,1,20260929,,,,,,,,,,,,,,,3,31.2913800283923,130.293564,,,1,0,0,0,0,0,0,0,0,0,252,blue,0,0,0
89,,9811920,1,20260929,1373,186,0,,,,,1341,114,0,,,,,3,31.327343028448986,130.334728,,,0,0,0,0,0,0,0,0,0,0,252,blue,1559,1455,3014
89,,9811930,1,20260929,,,,,,,,,,,,,,,3,31.494637028711818,130.506308,,,1,0,0,0,0,0,0,0,0,0,252,blue,0,0,0
89,,9811940,1,20260929,,,,,,,,,,,,,,,3,31.527877028763886,130.521631,,,1,0,0,0,0,0,0,0,0,0,252,blue,0,0,0
89,,9811950,1,20260929,3801,400,0,,,,,3704,431,0,,,,,3,31.289730028389716,130.60717200000002,,,0,0,0,0,0,0,0,0,0,0,252,blue,4201,4135,8336
89,,9811960,1,20260929,4004,459,0,,,,,4125,609,0,,,,,3,31.323917028443603,130.564308,,,0,0,0,0,0,0,0,0,0,0,252,blue,4463,4734,9197
89,,9811970,1,20260929,,,,,,,,,,,,,,,3,31.466390028667544,130.513245,,,1,0,0,0,0,0,0,0,0,0,252,blue,0,0,0
89,,9811980,1,20260929,,,,,,,,,,,,,,,3,33.34976603151893,129.764492,,,1,,,,,,,,,,252,blue,0,0,0
89,,9812010,1,20260929,,,,,,,,,,,,,,,3,33.13956403121204,129.784069,,,1,,,,,,,,,,252,blue,0,0,0
89,,9812020,1,20260929,,,,,,,,,,,,,,,3,33.28640603142677,130.150153,,,1,,,,,,,,,,252,blue,0,0,0
89,,9812030,1,20260929,4350,1054,0,,,,,4467,999,0,,,,,3,33.0852950311323,131.637799,,,0,0,0,0,0,0,0,0,0,0,252,blue,5404,5466,10870
89,,9812040,1,20260929,2345,572,0,,,,,2318,506,0,,,,,3,32.56861103036308,131.553056,,,0,0,0,0,0,0,0,0,0,0,252,blue,2917,2824,5741
89,,9812050,1,20260929,,,,,,,,,,,,,,,3,33.55027803180869,130.478333,,,1,,,,,,,,,,252,blue,0,0,0
89,,9812060,1,20260929,,,,,,,,,,,,,,,3,32.92625003089743,131.00539,,,1,,,,,,,,,,252,blue,0,0,0
89,,9812070,1,20260929,3646,830,0,,,,,4225,815,0,,,,,3,32.90000003085849,130.933611,,,0,0,0,0,0,0,0,0,0,0,252,blue,4476,5040,9516
89,,9812080,1,20260929,58,17,0,,,,,64,30,0,,,,,3,33.27595303141153,130.319462,,,1,0,0,0,0,0,0,0,0,0,252,blue,75,94,169
89,,9812090,1,20260929,,,,,,,,,,,,,,,3,33.59653803187511,130.611685,,,1,,,,,,,,,,252,blue,0,0,0
89,,9812100,1,20260929,7752,1744,0,,,,,6788,1422,0,,,,,3,33.05235003108379,130.430417,,,0,0,0,0,0,0,0,0,0,0,252,blue,9496,8210,17706
89,,9812110,1,20260929,14711,1276,0,,,,,11079,1501,0,,,,,3,33.15888903124039,129.761111,,,0,0,0,0,0,0,0,0,0,0,252,blue,15987,12580,28567
89,,9812120,1,20260929,8965,1133,0,,,,,9428,1395,0,,,,,3,31.737096029090242,130.677414,,,0,0,0,0,0,0,0,0,0,0,252,blue,10098,10823,20921
89,,9812130,1,20260929,5730,1146,0,,,,,7422,1037,0,,,,,3,33.32114903147733,130.391671,,,0,0,0,0,0,0,0,0,0,0,252,blue,6876,8459,15335
89,,9812140,1,20260929,437,67,0,,,,,425,86,0,,,,,3,32.733917030611096,130.31245,,,0,0,0,0,0,2,2,0,0,0,252,blue,504,511,1015
89,,9812150,1,20260929,1447,235,0,,,,,1573,329,0,,,,,3,33.06265303109897,129.960344,,,0,0,0,0,0,0,0,0,0,0,252,blue,1682,1902,3584
90,,10810020,1,20260929,2649,159,0,,,,,4408,391,0,,,,,3,26.424849820394154,127.81697970000002,,,0,0,0,0,0,0,0,0,0,0,205,blue,2808,4799,7607
90,,10810030,1,20260929,1137,10,0,,,,,5703,535,0,,,,,3,26.20527802002984,127.672778,,,0,0,0,0,0,0,0,0,0,0,205,blue,1147,6238,7385
90,,10810040,1,20260929,4211,295,0,,,,,2911,390,0,,,,,3,26.206111020031226,127.665833,,,0,0,0,0,0,0,0,0,1,0,206,blue,4506,3301,7807
90,,10810050,1,20260929,2296,198,0,,,,,2871,270,0,,,,,3,26.69152402083745,128.108879,,,0,,,,,,,,,,252,blue,2494,3141,5635
90,,10810060,1,20260929,0,0,0,,,,,0,0,0,,,,,3,26.634931020743306,128.037283,,,0,,,,,,,,,,252,blue,0,0,0
90,,10810070,1,20260929,0,0,0,,,,,0,0,0,,,,,3,26.60195202068847,127.99972500000001,,,0,,,,,,,,,,252,blue,0,0,0
90,,10810080,1,20260929,4497,591,0,,,,,4579,350,0,,,,,3,26.583164020657225,127.99781300000001,,,0,,,,,,,,,,252,blue,5088,4929,10017
90,,10810090,1,20260929,4092,268,0,,,,,4362,223,0,,,,,3,26.573059020640425,127.989432,,,0,,,,,,,,,,252,blue,4360,4585,8945
90,,10810100,1,20260929,0,0,0,,,,,0,0,0,,,,,3,26.558695020616547,127.976575,,,0,,,,,,,,,,252,blue,0,0,0
90,,10810110,1,20260929,0,0,0,,,,,0,0,0,,,,,3,26.547043020597176,127.96594700000001,,,0,,,,,,,,,,252,blue,0,0,0
90,,10810120,1,20260929,15923,3500,0,,,,,8686,1254,0,,,,,3,26.545420020594484,127.96513700000001,,,0,,,,,,,,,,252,blue,19423,9940,29363
90,,10810130,1,20260929,7404,763,0,,,,,5809,592,0,,,,,3,26.541292020587623,127.95978,,,0,,,,,,,,,,252,blue,8167,6401,14568
90,,10810140,1,20260929,7690,532,0,,,,,7588,573,0,,,,,3,26.536514020579673,127.935453,,,0,,,,,,,,,,252,blue,8222,8161,16383
90,,10810150,1,20260929,0,0,0,,,,,0,0,0,,,,,3,26.51382402054197,127.901775,,,0,,,,,,,,,,252,blue,0,0,0
90,,10810160,1,20260929,6198,116,0,,,,,6834,426,0,,,,,3,26.503684020525117,127.87991000000001,,,0,,,,,,,,,,252,blue,6314,7260,13574
90,,10810170,1,20260929,0,0,0,,,,,0,0,0,,,,,3,26.49844302051641,127.86208000000002,,,0,,,,,,,,,,252,blue,0,0,0
90,,10810180,1,20260929,0,0,0,,,,,0,0,0,,,,,3,26.48233402048965,127.85135699999998,,,0,,,,,,,,,,252,blue,0,0,0
90,,10810190,1,20260929,0,0,0,,,,,0,0,0,,,,,3,26.44345902042506,127.805583,,,0,,,,,,,,,,252,blue,0,0,0
90,,10810200,1,20260929,,,,,,,,,,,,,,,3,26.338860020251406,127.7508,,,1,,,,,,,,,,252,blue,0,0,0
90,,10810220,1,20260929,0,0,0,,,,,0,0,0,,,,,3,26.26837002013446,127.73051999999998,,,0,,,,,,,,,,252,blue,0,0,0
90,,10810230,1,20260929,13370,2554,0,,,,,15377,2611,0,,,,,3,26.266310020131048,127.72327,,,0,,,,,,,,,,252,blue,15924,17988,33912
90,,10810240,1,20260929,0,0,0,,,,,0,0,0,,,,,3,26.269040020135566,127.72616000000001,,,0,,,,,,,,,,252,blue,0,0,0
90,,10810260,1,20260929,11678,227,0,,,,,8396,879,0,,,,,3,26.273440020142868,127.71261000000001,,,0,,,,,,,,,,252,blue,11905,9275,21180
90,,10810270,1,20260929,0,0,0,,,,,0,0,0,,,,,3,26.451180020437896,127.89631,,,0,,,,,,,,,,252,blue,0,0,0
90,,10810280,1,20260929,2680,38,0,,,,,8001,4,0,,,,,3,26.4491400204345,127.849893,,,0,,,,,,,,,,252,blue,2718,8005,10723
90,,10810290,1,20260929,3043,147,0,,,,,3203,184,0,,,,,3,26.448972020434223,127.90855300000001,,,0,,,,,,,,,,252,blue,3190,3387,6577
90,,10810300,1,20260929,8702,608,0,,,,,6196,751,0,,,,,3,26.30711002019872,127.81338,,,0,,,,,,,,,,252,blue,9310,6947,16257
90,,10810310,1,20260929,0,0,0,,,,,0,0,0,,,,,3,26.287560020166286,127.81449,,,0,,,,,,,,,,252,blue,0,0,0
90,,10810320,1,20260929,,,,,,,,,,,,,,,3,26.22351002006007,127.76571,,,1,,,,,,,,,,252,blue,0,0,0
90,,10810330,1,20260929,,,,,,,,,,,,,,,3,26.200760020022358,127.75174999999999,,,1,,,,,,,,,,252,blue,0,0,0
90,,10810340,1,20260929,13635,364,0,,,,,11803,835,0,,,,,3,26.25841002011794,127.75767000000002,,,0,,,,,,,,,,252,blue,13999,12638,26637
90,,10810350,1,20260929,0,0,0,,,,,0,0,0,,,,,3,26.24962002010336,127.74765,,,0,,,,,,,,,,252,blue,0,0,0
90,,10810360,1,20260929,24194,3223,0,,,,,27512,1138,0,,,,,3,26.25443002011134,127.73508000000001,,,0,,,,,,,,,,252,blue,27417,28650,56067
90,,10810370,1,20260929,26226,1049,0,,,,,24891,342,0,,,,,3,26.25456002011155,127.72416000000001,,,0,,,,,,,,,,252,blue,27275,25233,52508
90,,10810380,1,20260929,14959,1404,0,,,,,15969,1545,0,,,,,3,26.169530019970612,127.65168,,,0,,,,,,,,,,252,blue,16363,17514,33877
90,,10810390,1,20260929,0,0,0,,,,,0,0,0,,,,,3,26.154010019944888,127.65812,,,0,,,,,,,,,,252,blue,0,0,0
90,,10810400,1,20260929,0,0,0,,,,,0,0,0,,,,,3,26.130710019906292,127.66514,,,0,,,,,,,,,,252,blue,0,0,0
90,,10810410,1,20260929,0,0,0,,,,,0,0,0,,,,,3,26.11574001988149,127.66860000000001,,,0,,,,,,,,,,252,blue,0,0,0
90,,10810420,1,20260929,0,0,0,,,,,0,0,0,,,,,3,26.09400001984549,127.71590000000002,,,0,,,,,,,,,,252,blue,0,0,0
90,,10810430,1,20260929,0,0,0,,,,,0,0,0,,,,,3,26.128730019903006,127.75918999999999,,,0,,,,,,,,,,252,blue,0,0,0
90,,10810440,1,20260929,0,0,0,,,,,0,0,0,,,,,3,26.140140019921905,127.77529,,,0,,,,,,,,,,252,blue,0,0,0
90,,10810450,1,20260929,0,0,0,,,,,0,0,0,,,,,3,26.170060019971476,127.8265,,,0,,,,,,,,,,252,blue,0,0,0
90,,10810460,1,20260929,0,0,0,,,,,0,0,0,,,,,3,26.20426002002816,127.652556,,,0,,,,,,,,,,252,blue,0,0,0
90,,10810470,1,20260929,0,0,0,,,,,0,0,0,,,,,3,26.209250020036425,127.73744999999998,,,0,,,,,,,,,,252,blue,0,0,0
90,,10810480,1,20260929,0,0,0,,,,,0,0,0,,,,,3,26.18171001999079,127.73158000000001,,,0,,,,,,,,,,252,blue,0,0,0
90,,10810490,1,20260929,0,0,0,,,,,0,0,0,,,,,3,26.17543001998038,127.70638000000001,,,0,,,,,,,,,,252,blue,0,0,0
90,,10810510,1,20260929,0,0,0,,,,,0,0,0,,,,,3,26.17208001997483,127.69662,,,0,,,,,,,,,,252,blue,0,0,0
90,,10810520,1,20260929,0,0,0,,,,,0,0,0,,,,,3,26.17121001997338,127.67963999999999,,,0,,,,,,,,,,252,blue,0,0,0
82,,2110196,1,20260930,133,25,0,0,0,0,0,59,30,0,0,0,0,0,3,38.83854814808984,139.8486963,,,,,,,,,,,,,13,red,158,89,247
87,,7110110,1,20260930,1,0,0,0,0,0,0,1,2,0,0,0,0,0,3,35.523803034484544,134.222875,,,,,,,,,,,,,1,red,1,3,4
87,,7110120,1,20260930,,,,0,0,0,1,,,,0,0,0,1,3,35.52073503448066,133.602321,,,,,,,,,,,,,1,red,0,0,0
87,,7110130,1,20260930,9,5,0,0,0,0,0,7,1,0,0,0,0,0,3,35.41880503435098,133.370183,,,,,,,,,,,,,1,red,14,8,22
87,,7310050,1,20260930,0,0,0,0,0,0,0,0,0,0,0,0,0,0,3,35.52642103448786,134.014803,,,,,,,,,,,,,1,red,0,0,0
87,,7310060,1,20260930,0,1,0,0,0,0,0,0,0,0,0,0,0,0,3,35.50599803446197,133.88375,,,,,,,,,,,,,1,red,1,0,1
87,,7310070,1,20260930,2,0,0,0,0,0,0,0,0,0,0,0,0,0,3,35.51442503447265,134.020507,,,,,,,,,,,,,1,red,2,0,2
87,,7310080,1,20260930,3,2,0,0,0,0,0,12,6,0,0,0,0,0,3,35.50773503446417,133.951629,,,,,,,,,,,,,1,red,5,18,23
87,,7310090,1,20260930,2,2,0,0,0,0,0,3,4,0,0,0,0,0,3,35.49831203445221,133.906984,,,,,,,,,,,,,1,red,4,7,11
87,,7310100,1,20260930,0,0,0,0,0,0,0,1,0,0,0,0,0,0,3,35.508808034465545,133.493736,,,,,,,,,,,,,1,red,0,1,1
87,,7310130,1,20260930,4,0,0,0,0,0,0,5,1,0,0,0,0,0,3,35.419582034351976,134.259336,,,,,,,,,,,,,1,red,4,6,10
87,,7310140,1,20260930,0,0,0,0,0,0,0,0,0,0,0,0,0,0,3,35.28755503418254,134.228921,,,,,,,,,,,,,1,red,0,0,0
87,,7310190,1,20260930,1,1,0,0,0,0,0,3,3,0,0,0,0,0,3,35.48752003443851,134.19798,,,,,,,,,,,,,1,red,2,6,8
87,,7310200,1,20260930,2,0,0,0,0,0,0,0,1,0,0,0,0,0,3,35.56082603453137,134.284636,,,,,,,,,,,,,1,red,2,1,3
87,,7310210,1,20260930,1,3,0,0,0,0,0,1,4,0,0,0,0,0,3,35.50841503446504,133.518074,,,,,,,,,,,,,1,red,4,5,9
87,,7310220,1,20260930,6,0,0,0,0,0,0,5,0,0,0,0,0,0,3,35.527027804488625,134.13269444,,,,,,,,,,,,,1,red,6,5,11
87,,7310240,1,20260930,0,0,0,0,0,0,0,2,0,0,0,0,0,0,3,35.397000034323106,134.20377777,,,,,,,,,,,,,1,red,0,2,2
87,,7310610,1,20260930,1,0,0,0,0,0,0,8,3,0,0,0,0,0,3,35.49457003444746,134.1603,,,,,,,,,,,,,1,red,1,11,12
87,,7310620,1,20260930,3,1,0,0,0,0,0,2,2,0,0,0,0,0,3,35.50153003445631,134.0804,,,,,,,,,,,,,1,red,4,4,8
87,,7310630,1,20260930,2,2,0,0,0,0,0,1,1,0,0,0,0,0,3,35.49990003445423,134.0626,,,,,,,,,,,,,1,red,4,2,6
87,,7310640,1,20260930,0,0,0,0,0,0,0,5,1,0,0,0,0,0,3,35.50860003446527,134.0108,,,,,,,,,,,,,1,red,0,6,6
87,,7360010,1,20260930,1,5,0,0,0,0,0,2,4,0,0,0,0,0,1,35.032454033850506,134.387568,,,,,,,,,,,,,1,red,6,6,12
87,,7360020,1,20260930,0,4,0,0,0,0,0,4,3,0,0,0,0,0,1,35.07606803390771,134.346092,,,,,,,,,,,,,1,red,4,7,11
87,,7360030,1,20260930,0,0,0,0,0,0,0,5,4,0,0,0,0,0,3,35.238191034118756,134.286932,,,,,,,,,,,,,1,red,0,9,9
87,,7360040,1,20260930,1,1,0,0,0,0,0,0,0,0,0,0,0,0,3,35.284722034178905,134.227547,,,,,,,,,,,,,1,red,2,0,2
87,,7360050,1,20260930,0,0,0,0,0,0,0,4,2,0,0,0,0,0,1,35.285344034179694,134.222766,,,,,,,,,,,,,1,red,0,6,6
87,,7360060,1,20260930,2,0,0,0,0,0,0,0,0,0,0,0,0,0,1,35.35362703426754,134.194581,,,,,,,,,,,,,1,red,2,0,2
87,,7360070,1,20260930,0,0,0,0,0,0,0,4,4,0,0,0,0,0,1,35.37911003430021,134.204798,,,,,,,,,,,,,1,red,0,8,8
87,,7360080,1,20260930,1,0,0,0,0,0,0,0,0,0,0,0,0,0,1,35.39104203431548,134.20339,,,,,,,,,,,,,1,red,1,0,1
87,,7360090,1,20260930,2,2,0,0,0,0,0,4,5,0,0,0,0,0,1,35.40772703433684,134.206955,,,,,,,,,,,,,1,red,4,9,13
87,,7360100,1,20260930,1,2,0,0,0,0,0,3,3,0,0,0,0,0,1,35.45862225662396,134.193141666666,,,,,,,,,,,,,1,red,3,6,9
87,,7360110,1,20260930,0,1,0,0,0,0,0,3,2,0,0,0,0,0,1,35.113784033957025,134.331458,,,,,,,,,,,,,1,red,1,5,6
87,,7110050,1,20260930,31,14,0,0,0,0,0,17,14,0,0,0,0,0,3,34.48565560311886,133.3551943,,,,,,,,,,,,,1,red,45,31,76
87,,7110060,1,20260930,15,16,0,0,0,0,0,24,17,0,0,0,0,0,3,34.42263781303284,133.2070398,,,,,,,,,,,,,1,red,31,41,72
87,,7110070,1,20260930,11,6,0,0,0,0,0,21,10,0,0,0,0,0,3,34.407573573012236,133.1699288,,,,,,,,,,,,,1,red,17,31,48
87,,7110230,1,20260930,5,0,0,0,0,0,0,8,4,0,0,0,0,0,3,34.76131441349103,132.8171003,,,,,,,,,,,,,1,red,5,12,17
87,,7110300,1,20260930,,,,,,,1,,,,,,,1,3,34.38300703297858,132.459786,132.459786,34.38300703297858,,,,,,,,,,,1,red,0,0,0
87,,7116080,1,20260930,7,4,0,0,0,0,0,13,12,0,0,0,0,0,3,34.39666703299729,133.151389,,,,,,,,,,,,,1,red,11,25,36
87,,7160010,1,20260930,3,1,0,0,0,0,0,1,7,0,0,0,0,0,1,34.5622222532229,133.1247222,,,,,,,,,,,,,1,red,4,8,12
87,,7160020,1,20260930,,,,0,0,1,1,,,,0,0,1,1,1,35.07931507391195,132.8976065,,,,,,,,,,,,,1,red,0,0,0
87,,7310030,1,20260930,17,13,0,0,0,0,0,20,14,0,0,0,0,0,3,34.49757349313508,133.4192187,,,,,,,,,,,,,1,red,30,34,64
87,,7310310,1,20260930,,,,,,,1,,,,,,,1,3,34.34795203293048,132.689449,,,,,,,,,,,,,1,red,0,0,0
87,,7310320,1,20260930,,,,,,,1,,,,,,,1,3,34.3631870329514,132.733939,,,,,,,,,,,,,1,red,0,0,0
87,,7310340,1,20260930,23,6,0,0,0,0,0,15,18,0,0,0,0,0,3,34.46347803308863,133.26236,133.262329,34.46377003308901,,,,,,,,,,,1,red,29,33,62
87,,7310370,1,20260930,1,3,0,0,0,0,0,2,0,0,0,0,0,0,1,35.200455524069866,132.8454097,,,,,,,,,,,,,1,red,4,2,6
87,,7310510,1,20260930,,,,,,,1,,,,,,,1,3,34.40069503300281,132.797334,,,,,,,,,,,,,1,red,0,0,0
87,,7310520,1,20260930,,,,,,,1,,,,,,,1,3,34.53976203319243,132.51558,,,,,,,,,,,,,1,red,0,0,0
87,,7310530,1,20260930,,,,,,,1,,,,,,,1,3,34.347256032929515,132.31778000000003,,,,,,,,,,,,,1,red,0,0,0
87,,7310540,1,20260930,,,,,,,1,,,,,,,1,3,34.310647032879174,132.631054,,,,,,,,,,,,,1,red,0,0,0
87,,7360130,1,20260930,0,0,0,0,0,0,0,3,2,0,0,0,0,0,1,34.69455889340151,133.033421,,,,,,,,,,,,,1,red,0,5,5
87,,7360140,1,20260930,0,0,0,0,0,0,0,2,2,0,0,0,0,0,1,34.687231643391655,133.0469408,,,,,,,,,,,,,1,red,0,4,4
