地方整備局等番号,開発建設部／都道府県コード,常時観測点コード,収集時間フラグ（5分間／1時間）,観測年月日,上り・小型交通量,上り・大型交通量,上り・車種判別不能交通量,上り・停電,上り・ループ異常,上り・超音波異常,上り・欠測,下り・小型交通量,下り・大型交通量,下り・車種判別不能交通量,下り・停電,下り・ループ異常,下り・超音波異常,下り・欠測,道路種別,lat,lng,lng2,lat2,カメラプリセット位置,気象影響による映像不良,照度不足,突発事象（交通事故等）,サーバの稼働,カメラの映像受信,映像のデコード処理,デコード映像から映像解析機能への取込加工処理の失敗,映像解析機能のフリーズ,その他エラー,count,color,上り・交通量,下り・交通量,交通量
81,02,1110010,1,20260924,8241,2425,0,0,0,0,0,6141,1937,0,0,0,0,0,3,41.93108757020422,140.6421045,,,,,,,,,,,,,237,red,10666,8078,18744
81,02,1110020,1,20260924,3135,1098,0,0,0,0,0,2437,848,0,0,0,0,0,3,42.1540981903046,140.4840606,,,,,,,,,,,,,237,red,4233,3285,7518
81,03,1110030,1,20260924,673,215,0,0,0,0,0,543,192,0,0,0,0,0,3,42.672714040509845,140.377502,,,,,,,,,,,,,237,red,888,735,1623
81,03,1110050,1,20260924,2878,842,0,0,0,0,0,3722,1013,0,0,0,0,0,3,43.121255040655214,140.735792,,,,,,,,,,,,,237,red,3720,4735,8455
81,03,1110060,1,20260924,4266,620,0,0,0,0,0,4402,788,0,0,0,0,0,3,43.19868804067728,140.862496,,,,,,,,,,,,,237,red,4886,5190,10076
81,03,1110080,1,20260924,8628,1549,0,0,0,0,0,8779,1464,0,0,0,0,0,3,43.153022040664396,141.118728,,,,,,,,,,,,,237,red,10177,10243,20420
81,01,1110090,1,20260924,12327,921,0,0,0,0,0,9448,693,0,0,0,0,0,3,43.08364407064419,141.3496424,,,,,,,,,,,,,237,red,13248,10141,23389
81,02,1110100,1,20260924,9192,1376,0,0,0,0,0,8085,998,0,0,0,0,0,3,41.855509180168546,140.7378302,,,,,,,,,,,,,237,red,10568,9083,19651
81,02,1110110,1,20260924,6110,898,23,0,0,0,2,4359,796,7,0,0,0,2,3,41.91094404019478,140.69325,,,,,,,,,,,,,237,red,7031,5162,12193
81,03,1110120,1,20260924,267,59,10,0,0,0,0,273,57,11,0,0,0,0,3,42.65674504050413,140.412444,,,,,,,,,,,,,237,red,336,341,677
81,01,1110130,1,20260924,7035,827,0,0,0,0,0,6580,804,0,0,0,0,0,3,43.18473404067338,141.721783,,,,,,,,,,,,,237,red,7862,7384,15246
81,01,1110140,1,20260924,3473,880,0,0,0,0,0,3232,827,0,0,0,0,0,3,43.351557040718205,141.866096,,,,,,,,,,,,,237,red,4353,4059,8412
81,04,1110150,1,20260924,4567,1442,0,0,0,0,0,4936,1520,0,0,0,0,0,3,43.72678204080376,142.211538,,,,,,,,,,,,,237,red,6009,6456,12465
81,04,1110160,1,20260924,4637,693,2095,0,0,1,0,7405,1476,244,0,0,0,0,3,43.798283040817644,142.333692,,,,,,,,,,,,,237,red,7425,9125,16550
81,01,1110170,1,20260924,0,0,0,0,0,237,0,0,0,0,0,0,237,0,3,42.95409804060455,141.495931,,,,,,,,,,,,,237,red,0,0,0
81,05,1110180,1,20260924,8170,1460,0,0,0,0,0,8997,1534,0,0,0,0,0,3,42.619514790490626,141.5539538,,,,,,,,,,,,,237,red,9630,10531,20161
81,05,1110190,1,20260924,8043,976,100,0,0,1,0,7890,920,56,0,0,0,0,3,42.38500765040089,141.0774629,,,,,,,,,,,,,237,red,9119,8866,17985
81,05,1110200,1,20260924,0,0,0,0,0,237,0,1354,548,0,0,0,0,0,3,42.60033645048358,140.6268309,,,,,,,,,,,,,237,red,0,1902,1902
81,01,1110220,1,20260924,2059,411,0,0,0,0,0,2022,369,0,0,0,0,0,3,43.53094035076174,142.1739006,,,,,,,,,,,,,237,red,2470,2391,4861
81,04,1110230,1,20260924,2477,323,0,0,0,0,0,2752,335,0,0,0,0,0,3,43.34513804071655,142.377435,,,,,,,,,,,,,237,red,2800,3087,5887
81,04,1110240,1,20260924,0,0,1317,0,0,237,0,0,0,1314,0,0,237,0,3,43.16138604066678,142.575567,,,,,,,,,,,,,237,red,1317,1314,2631
81,07,1110250,1,20260924,,,,0,0,0,237,,,,0,0,0,237,3,42.96760298060881,142.8955221,,,,,,,,,,,,,237,red,0,0,0
81,07,1110260,1,20260924,4555,524,96,0,0,0,0,4077,494,60,0,0,0,0,3,42.91673291059265,143.2700872,,,,,,,,,,,,,237,red,5175,4631,9806
81,07,1110270,1,20260924,652,294,0,0,0,0,0,630,312,0,0,0,0,0,3,42.832729040565155,143.765979,,,,,,,,,,,,,237,red,946,942,1888
81,06,1110280,1,20260924,2984,751,0,0,0,0,0,3405,862,0,0,0,0,0,3,43.002010860619514,144.2464972,,,,,,,,,,,,,237,red,3735,4267,8002
81,06,1110281,1,20260924,4193,1171,0,0,0,0,0,5014,1006,0,0,0,0,0,3,43.03483108062955,144.3754256,,,,,,,,,,,,,237,red,5364,6020,11384
81,06,1110282,1,20260924,2912,1039,0,0,0,0,0,2877,862,0,0,0,0,0,3,43.01628558062389,144.4224501,,,,,,,,,,,,,237,red,3951,3739,7690
81,06,1110283,1,20260924,1959,757,0,0,0,0,0,1595,521,0,0,0,0,0,3,43.00268904061971,144.473627,,,,,,,,,,,,,237,red,2716,2116,4832
81,04,1110290,1,20260924,3740,648,0,0,0,0,0,3225,454,0,0,0,0,0,3,43.818868040821506,142.447347,,,,,,,,,,,,,237,red,4388,3679,8067
81,04,1110300,1,20260924,904,260,12,0,0,0,0,0,0,1197,0,0,237,0,3,43.84894404082702,142.744489,,,,,,,,,,,,,237,red,1176,1197,2373
81,04,1110310,1,20260924,1372,323,7,0,0,0,0,0,0,1528,0,0,237,0,3,43.781848040814516,142.90227300000004,,,,,,,,,,,,,237,red,1702,1528,3230
81,08,1110320,1,20260924,798,314,0,0,237,0,0,879,367,0,0,237,0,0,3,43.750539740808456,143.4918536,,,,,,,,,,,,,237,red,1112,1246,2358
81,08,1110330,1,20260924,3957,343,80,0,0,0,0,4607,501,0,0,237,0,0,3,43.79818204081763,143.833134,,,,,,,,,,,,,237,red,4380,5108,9488
81,08,1110331,1,20260924,1197,495,0,0,0,0,0,1456,454,0,0,0,0,0,3,43.7822242308146,143.8981667,,,,,,,,,,,,,237,red,1692,1910,3602
81,08,1110332,1,20260924,1189,414,0,0,0,0,0,1139,389,0,0,0,0,0,3,43.80292804081852,143.926029,,,,,,,,,,,,,237,red,1603,1528,3131
81,08,1110340,1,20260924,,,,0,0,0,237,,,,0,0,0,237,3,43.85309704082778,144.102175,,,,,,,,,,,,,237,red,0,0,0
81,08,1110350,1,20260924,1990,259,0,0,0,0,0,1652,192,0,0,0,0,0,3,43.87040004083089,144.150466,,,,,,,,,,,,,237,red,2249,1844,4093
81,04,1110360,1,20260924,,,,0,0,0,237,,,,0,0,0,237,3,43.819632040821645,142.40886,,,,,,,,,,,,,237,red,0,0,0
81,04,1110370,1,20260924,1561,543,189,0,0,0,0,1724,476,1,0,0,0,0,3,43.9375450408425,142.46586,,,,,,,,,,,,,237,red,2293,2201,4494
81,04,1110380,1,20260924,8,2,0,0,33,0,204,15,5,0,0,33,0,204,3,44.49438804091256,142.340371,,,,,,,,,,,,,237,red,10,20,30
81,04,1110390,1,20260924,466,196,0,0,0,0,0,502,162,0,0,0,0,0,3,44.82270404093181,142.065768,,,,,,,,,,,,,237,red,662,664,1326
81,04,1110400,1,20260924,1144,384,3,0,0,0,0,1097,245,11,0,0,0,0,3,44.331686040896926,142.446612,,,,,,,,,,,,,237,red,1531,1353,2884
81,04,1110410,1,20260924,1876,393,71,0,0,0,2,1820,318,4,0,0,0,2,3,44.4124520409052,142.40433,,,,,,,,,,,,,237,red,2340,2142,4482
81,04,1110420,1,20260924,1725,439,23,0,0,0,0,,,,0,0,0,237,3,44.436504040907465,142.370834,,,,,,,,,,,,,237,red,2187,0,2187
81,04,1110430,1,20260924,1319,352,22,0,0,0,1,1356,275,10,0,0,0,1,3,44.46719604091022,142.373557,,,,,,,,,,,,,237,red,1693,1641,3334
81,04,1110431,1,20260924,1026,323,0,0,0,0,0,1090,253,0,0,0,0,0,3,44.49400304091251,142.349754,,,,,,,,,,,,,237,red,1349,1343,2692
81,10,1110440,1,20260924,458,146,0,0,180,0,57,622,83,150,0,0,62,57,3,45.01690604093549,141.836757,,,,,,,,,,,,,237,red,604,855,1459
81,10,1110460,1,20260924,0,0,34,0,0,9,227,25,22,0,0,8,0,227,3,45.20892604093353,141.770096,,,,,,,,,,,,,237,red,34,47,81
81,06,1110470,1,20260924,3039,237,34,0,0,0,0,2792,205,17,0,0,0,0,3,42.99479183061728,144.4493526,,,,,,,,,,,,,237,red,3310,3014,6324
81,06,1110480,1,20260924,1433,292,13,0,0,0,0,1353,228,14,0,0,0,0,3,43.13343702065876,145.0159693,,,,,,,,,,,,,237,red,1738,1595,3333
81,02,1110490,1,20260924,1859,572,0,0,0,0,0,1399,566,0,0,0,0,0,3,41.89734796018839,140.6338191,,,,,,,,,,,,,237,red,2431,1965,4396
81,02,1110500,1,20260924,1433,198,0,0,237,0,0,1460,134,51,0,0,0,0,3,41.480587619979374,140.2558047,,,,,,,,,,,,,237,red,1631,1645,3276
81,02,1110510,1,20260924,4993,538,145,0,0,0,0,5501,562,28,0,0,0,0,3,41.83901009016065,140.7069415,,,,,,,,,,,,,237,red,5676,6091,11767
81,02,1110520,1,20260924,3175,484,0,0,237,0,0,2812,438,0,0,237,0,0,3,41.83229743015742,140.67026760000002,,,,,,,,,,,,,237,red,3659,3250,6909
81,02,1110530,1,20260924,2659,319,95,0,0,0,0,1966,168,116,0,0,0,0,3,41.82065939015182,140.6236414,,,,,,,,,,,,,237,red,3073,2250,5323
81,03,1110540,1,20260924,113,8,0,0,0,0,0,0,0,3,0,0,48,0,3,43.24834804069096,140.33431600000003,,,,,,,,,,,,,237,red,121,3,124
81,03,1110550,1,20260924,0,0,0,0,0,237,0,822,355,0,0,0,0,0,3,42.96644104060844,140.471476,,,,,,,,,,,,,237,red,0,1177,1177
81,03,1110560,1,20260924,146,16,0,0,0,0,0,130,20,0,0,0,0,0,3,42.69059604051622,139.972281,,,,,,,,,,,,,237,red,162,150,312
81,02,1110570,1,20260924,523,69,0,0,0,0,0,498,101,0,0,0,0,0,3,42.068390450266875,140.0715584,,,,,,,,,,,,,237,red,592,599,1191
81,01,1110600,1,20260924,6923,1916,0,0,0,0,0,3992,1645,0,0,0,0,0,3,43.1876802706742,141.3248983,,,,,,,,,,,,,237,red,8839,5637,14476
81,01,1110610,1,20260924,953,184,0,0,0,0,0,0,0,0,0,0,237,0,3,43.377555040724815,141.428392,,,,,,,,,,,,,237,red,1137,0,1137
81,09,1110620,1,20260924,1466,196,0,0,0,0,0,1426,222,0,0,0,0,0,3,43.89116004083455,141.602442,,,,,,,,,,,,,237,red,1662,1648,3310
81,09,1110630,1,20260924,,,,0,0,0,237,,,,0,0,0,237,3,44.71198204092715,141.790418,,,,,,,,,,,,,237,red,0,0,0
81,09,1110640,1,20260924,1835,576,0,0,0,0,0,1922,713,0,0,0,0,0,3,43.99996504085269,141.656227,,,,,,,,,,,,,237,red,2411,2635,5046
81,01,1110650,1,20260924,884,148,0,4,0,0,7,928,156,0,4,0,0,7,3,43.76598569081147,141.953873,,,,,,,,,,,,,237,red,1032,1084,2116
81,09,1110660,1,20260924,662,188,0,0,0,0,0,897,199,0,0,0,0,0,3,43.919969040839526,141.687135,,,,,,,,,,,,,237,red,850,1096,1946
81,01,1110670,1,20260924,687,142,1,0,0,0,0,658,119,7,0,0,0,0,3,43.719328040802246,141.995229,,,,,,,,,,,,,237,red,830,784,1614
81,01,1110680,1,20260924,936,243,41,0,0,0,0,1013,197,4,0,0,0,0,3,43.80247704081843,141.939455,,,,,,,,,,,,,237,red,1220,1214,2434
81,01,1110690,1,20260924,1079,245,3,0,0,0,1,1093,232,2,0,0,0,1,3,43.804048040818735,141.856355,,,,,,,,,,,,,237,red,1327,1327,2654
81,09,1110700,1,20260924,627,1085,0,0,236,101,1,1373,339,2,0,0,0,1,3,43.84518804082634,141.778679,,,,,,,,,,,,,237,red,1712,1714,3426
81,09,1110701,1,20260924,1329,355,0,0,0,0,0,1421,350,0,0,0,0,0,3,43.87822704083228,141.723595,,,,,,,,,,,,,237,red,1684,1771,3455
81,09,1110702,1,20260924,1129,320,0,0,0,0,0,1143,316,0,0,0,0,0,3,43.928072040840895,141.68278,,,,,,,,,,,,,237,red,1449,1459,2908
81,01,1110710,1,20260924,1678,268,0,0,0,237,0,2977,580,0,0,0,0,0,3,43.11269117065273,141.74737440000004,,,,,,,,,,,,,237,red,1946,3557,5503
81,05,1110720,1,20260924,1892,924,93,0,0,0,0,1814,1037,65,0,0,0,0,3,42.81091575055783,141.8315435,,,,,,,,,,,,,237,red,2909,2916,5825
81,05,1110730,1,20260924,2388,453,6,0,0,0,0,1995,346,17,0,0,0,0,3,42.57481157047414,141.9503395,,,,,,,,,,,,,237,red,2847,2358,5205
81,05,1110740,1,20260924,2214,389,0,0,0,0,0,2151,374,0,0,0,0,0,3,42.18634909031852,142.7152599,,,,,,,,,,,,,237,red,2603,2525,5128
81,05,1110750,1,20260924,0,0,0,0,0,237,0,1266,0,0,0,0,0,0,3,42.67572651051092,141.724241,,,,,,,,,,,,,237,red,0,1266,1266
81,05,1110760,1,20260924,4154,1075,0,0,0,0,0,3786,1025,0,0,0,0,0,3,42.65945501050509,141.8200069,,,,,,,,,,,,,237,red,5229,4811,10040
81,05,1110770,1,20260924,3916,1075,0,0,0,0,0,3440,924,0,0,0,0,0,3,42.5992918904832,141.8930837,,,,,,,,,,,,,237,red,4991,4364,9355
81,07,1110780,1,20260924,1486,532,3,0,0,0,0,1598,372,1,0,0,0,0,3,42.47939292043798,143.273263,,,,,,,,,,,,,237,red,2021,1971,3992
81,05,1110790,1,20260924,191,75,0,0,0,0,0,235,71,0,0,0,0,0,3,42.23567851033952,142.9927157,,,,,,,,,,,,,237,red,266,306,572
81,07,1110800,1,20260924,930,352,27,0,0,0,0,1260,374,17,0,0,0,0,3,42.944556830601535,143.1061614,,,,,,,,,,,,,237,red,1309,1651,2960
81,07,1110810,1,20260924,893,541,52,0,0,0,3,947,418,21,0,0,0,3,3,42.8783228205802,143.1246418,,,,,,,,,,,,,237,red,1486,1386,2872
81,07,1110820,1,20260924,2791,631,0,0,0,0,0,2312,421,0,0,0,0,0,3,42.772632730544835,143.175416,,,,,,,,,,,,,237,red,3422,2733,6155
81,07,1110830,1,20260924,2452,516,63,0,0,0,0,2031,323,74,0,0,0,0,3,42.722047130527294,143.168571,,,,,,,,,,,,,237,red,3031,2428,5459
81,07,1110831,1,20260924,1740,463,0,0,0,0,0,1533,278,0,0,0,0,0,3,42.67773204051164,143.145688,,,,,,,,,,,,,237,red,2203,1811,4014
81,07,1110832,1,20260924,1500,370,0,0,0,0,0,1341,245,0,0,0,0,0,3,42.637427040497144,143.190237,,,,,,,,,,,,,237,red,1870,1586,3456
81,07,1110833,1,20260924,1145,312,0,0,0,0,0,991,171,0,0,0,0,0,3,42.550911040465216,143.288527,,,,,,,,,,,,,237,red,1457,1162,2619
81,04,1110840,1,20260924,3702,504,0,0,0,0,0,3034,461,0,0,0,0,0,3,43.67766304079377,142.395871,,,,,,,,,,,,,237,red,4206,3495,7701
81,04,1110850,1,20260924,596,178,0,0,0,0,0,575,183,0,0,0,0,0,3,43.142849040661474,142.416499,,,,,,,,,,,,,237,red,774,758,1532
81,05,1110860,1,20260924,3022,1016,0,0,0,0,0,2596,841,0,0,0,0,0,3,42.56014623046868,141.984126,,,,,,,,,,,,,237,red,4038,3437,7475
81,05,1110861,1,20260924,2292,498,0,0,0,0,0,2210,422,0,0,0,0,0,3,42.511718620450374,142.0646378,,,,,,,,,,,,,237,red,2790,2632,5422
81,05,1110862,1,20260924,1990,419,0,0,0,0,0,2254,395,0,0,0,0,0,3,42.476880240437005,142.1551718,,,,,,,,,,,,,237,red,2409,2649,5058
81,08,1110870,1,20260924,1310,375,0,0,237,0,0,1286,281,0,0,237,0,0,3,44.122097850870915,144.0483972,,,,,,,,,,,,,237,red,1685,1567,3252
81,08,1110881,1,20260924,1328,388,0,0,0,0,0,1370,347,0,0,0,0,0,3,44.24722204088725,143.491111,,,,,,,,,,,,,237,red,1716,1717,3433
81,08,1110890,1,20260924,1298,275,0,0,237,0,0,1371,288,0,0,237,0,0,3,44.571011040918506,142.9747586,,,,,,,,,,,,,237,red,1573,1659,3232
81,10,1110900,1,20260924,,,,0,0,0,237,,,,0,0,0,237,3,45.401916040925876,141.74393,,,,,,,,,,,,,237,red,0,0,0
81,04,1110910,1,20260924,1103,242,0,0,0,0,0,0,0,0,0,0,237,0,3,44.33124604089689,142.51453,,,,,,,,,,,,,237,red,1345,0,1345
81,04,1110920,1,20260924,,,,0,0,0,237,,,,0,0,0,237,3,44.17901104087865,142.27833,,,,,,,,,,,,,237,red,0,0,0
81,06,1110930,1,20260924,1848,507,0,0,0,0,0,1655,411,0,0,0,0,0,3,43.094167250647295,144.1218925,,,,,,,,,,,,,237,red,2355,2066,4421
81,08,1110941,1,20260924,1121,558,0,0,237,0,0,1337,499,0,0,237,0,0,3,43.69889304079811,144.026451,,,,,,,,,,,,,237,red,1679,1836,3515
81,07,1110950,1,20260924,1748,486,27,0,0,0,0,1961,574,12,0,0,0,0,3,43.204237410678836,143.2746363,,,,,,,,,,,,,237,red,2261,2547,4808
81,07,1110960,1,20260924,886,380,0,0,0,0,0,875,405,0,0,0,0,0,3,43.458400040744706,143.740097,,,,,,,,,,,,,237,red,1266,1280,2546
81,07,1110970,1,20260924,1616,687,0,0,0,0,0,1721,672,0,0,0,0,0,3,43.110542040652106,143.580506,,,,,,,,,,,,,237,red,2303,2393,4696
81,06,1110980,1,20260924,850,177,0,0,0,0,0,851,165,0,0,0,0,0,3,43.55969036076827,144.3196517,,,,,,,,,,,,,237,red,1027,1016,2043
81,06,1110990,1,20260924,1021,199,5,0,0,0,0,963,201,1,0,0,0,0,3,43.46525075074637,144.6738938,,,,,,,,,,,,,237,red,1225,1165,2390
81,06,1111000,1,20260924,847,160,0,0,0,0,0,858,150,0,0,0,0,0,3,43.3767268407246,145.1354671,,,,,,,,,,,,,237,red,1007,1008,2015
81,08,1111010,1,20260924,3455,491,0,0,237,0,0,3094,399,0,0,237,0,0,3,43.98185858084978,144.2978521,,,,,,,,,,,,,237,red,3946,3493,7439
81,06,1111020,1,20260924,669,60,3,0,0,0,0,754,61,12,0,0,0,0,3,43.58981766077498,145.2084661,,,,,,,,,,,,,237,red,732,827,1559
81,06,1111030,1,20260924,1489,536,0,0,0,0,0,1264,350,0,0,0,0,0,3,43.02214121062568,144.5287192,,,,,,,,,,,,,237,red,2025,1614,3639
81,06,1111040,1,20260924,0,0,5058,0,0,237,0,4770,664,0,0,237,0,0,3,43.53929381076365,144.9801323,,,,,,,,,,,,,237,red,5058,5434,10492
81,08,1111050,1,20260924,826,234,0,0,237,0,0,1047,159,23,0,0,0,0,3,44.25159504088778,143.262315,,,,,,,,,,,,,237,red,1060,1229,2289
81,01,1111060,1,20260924,1168,334,0,0,0,0,0,1036,358,0,0,0,0,0,3,42.938085080599464,142.0403856,,,,,,,,,,,,,237,red,1502,1394,2896
81,07,1111080,1,20260924,744,635,0,0,0,0,0,636,657,0,0,0,0,0,3,42.97320004061056,142.816438,,,,,,,,,,,,,237,red,1379,1293,2672
81,01,1111090,1,20260924,5937,1648,0,0,0,0,0,5549,1499,0,0,0,0,0,3,43.12130790065524,141.4830387,,,,,,,,,,,,,237,red,7585,7048,14633
81,01,1111100,1,20260924,2216,956,0,0,0,0,0,2258,978,0,0,0,0,0,3,43.43463367073897,141.8216186,,,,,,,,,,,,,237,red,3172,3236,6408
81,01,1111110,1,20260924,1362,492,0,0,0,0,0,1201,455,0,0,0,0,0,3,43.57168557077097,141.8750113,,,,,,,,,,,,,237,red,1854,1656,3510
81,02,1111130,1,20260924,5904,566,43,0,237,0,0,6653,379,80,0,0,0,0,3,41.77319404012875,140.796333,,,,,,,,,,,,,237,red,6513,7112,13625
81,02,1111140,1,20260924,481,91,0,0,0,0,0,521,150,0,0,0,0,0,3,42.03841781025344,140.8062566,,,,,,,,,,,,,237,red,572,671,1243
81,02,1111145,1,20260924,8457,975,0,0,0,0,0,9826,1007,0,0,0,0,0,3,41.84000143016112,140.7552781,,,,,,,,,,,,,237,red,9432,10833,20265
81,08,1111150,1,20260924,485,108,0,0,237,0,0,604,129,0,0,237,0,0,3,44.010611040854364,143.413281,,,,,,,,,,,,,237,red,593,733,1326
81,08,1111160,1,20260924,2021,339,34,0,0,0,0,2541,379,118,0,0,0,0,3,43.962452040846635,143.715644,,,,,,,,,,,,,237,red,2394,3038,5432
81,01,1111180,1,20260924,0,0,6111,0,0,237,0,0,0,0,0,237,237,0,3,42.815960640559524,141.6810393,,,,,,,,,,,,,237,red,6111,0,6111
81,01,1111190,1,20260924,0,0,4938,0,0,237,0,202,30,5064,0,0,237,0,3,42.83070733056448,141.6903091,,,,,,,,,,,,,237,red,4938,5296,10234
81,01,1111200,1,20260924,2994,1357,214,0,0,0,0,3475,1411,78,0,237,0,0,3,42.860948090574496,141.7104933,,,,,,,,,,,,,237,red,4565,4964,9529
81,01,1111210,1,20260924,1918,1334,0,0,0,0,0,0,0,0,0,0,237,0,3,43.18556004067363,141.554044,,,,,,,,,,,,,237,red,3252,0,3252
81,06,1111220,1,20260924,929,237,0,0,0,0,0,896,154,0,0,0,0,0,3,43.37269109072359,144.5593071,,,,,,,,,,,,,237,red,1166,1050,2216
81,08,1111230,1,20260924,311,97,13,0,0,0,0,341,101,10,0,0,0,0,3,43.81126104082009,144.489672,,,,,,,,,,,,,237,red,421,452,873
81,06,1111240,1,20260924,297,39,1,0,0,0,0,240,30,3,0,0,0,0,3,42.99604737061767,144.0391088,,,,,,,,,,,,,237,red,337,273,610
81,03,1111250,1,20260924,1099,269,0,0,0,0,0,651,182,0,0,0,0,0,3,43.089578040645954,140.955582,,,,,,,,,,,,,237,red,1368,833,2201
81,04,1111260,1,20260924,887,174,8,0,0,0,37,1030,183,8,0,0,0,37,3,43.92330404084009,142.480139,,,,,,,,,,,,,237,red,1069,1221,2290
81,04,1111270,1,20260924,0,0,958,0,0,0,60,0,0,911,0,0,0,61,3,43.90347904083668,142.548538,,,,,,,,,,,,,237,red,958,911,1869
81,04,1111280,1,20260924,1157,254,7,0,0,0,121,1105,253,4,0,0,0,121,3,43.88962304083429,142.598335,,,,,,,,,,,,,237,red,1418,1362,2780
81,04,1111290,1,20260924,923,224,20,0,0,0,146,924,188,12,0,0,0,146,3,43.840859040825556,142.737691,,,,,,,,,,,,,237,red,1167,1124,2291
81,04,1111300,1,20260924,233,59,5,0,0,0,195,220,69,3,0,0,0,195,3,43.843162040825966,142.799904,,,,,,,,,,,,,237,red,297,292,589
81,04,1111310,1,20260924,,,,0,0,0,237,,,,0,0,0,237,3,43.885885060833616,142.99375530000003,,,,,,,,,,,,,237,red,0,0,0
81,08,1111320,1,20260924,,,,0,0,0,237,,,,0,0,0,237,3,43.942327040843296,143.272964,,,,,,,,,,,,,237,red,0,0,0
81,08,1111321,1,20260924,1061,410,0,0,0,0,10,1506,311,0,0,0,0,10,3,44.005186040853516,143.417614,,,,,,,,,,,,,237,red,1471,1817,3288
81,08,1111322,1,20260924,1115,388,0,0,0,0,0,1401,315,0,0,0,0,0,3,44.010190040854305,143.450296,,,,,,,,,,,,,237,red,1503,1716,3219
81,01,1111330,1,20260924,3202,364,0,0,0,0,0,2687,364,0,0,0,0,0,3,42.93896478059976,141.3440037,,,,,,,,,,,,,237,red,3566,3051,6617
81,05,1111340,1,20260924,1437,441,0,0,0,0,0,1611,389,0,0,0,0,0,3,42.559147540468295,140.8961254,,,,,,,,,,,,,237,red,1878,2000,3878
81,01,1111350,1,20260924,2524,1327,0,0,0,0,0,3019,1308,0,0,0,0,0,3,42.88313893058179,141.7190833,,,,,,,,,,,,,237,red,3851,4327,8178
81,01,1111360,1,20260924,2136,1221,0,0,0,0,0,2645,1211,0,0,0,0,0,3,42.91387104059173,141.717002,,,,,,,,,,,,,237,red,3357,3856,7213
81,01,1111370,1,20260924,1031,597,0,0,0,0,0,1231,726,0,0,0,0,0,3,43.05425404063542,141.635599,,,,,,,,,,,,,237,red,1628,1957,3585
81,02,1111380,1,20260924,7106,830,0,0,0,0,0,7067,784,0,0,0,0,0,3,41.822662040152785,140.7753,,,,,,,,,,,,,237,red,7936,7851,15787
81,02,1111390,1,20260924,3936,574,0,0,0,0,0,3452,577,0,0,0,0,0,3,41.80204204014281,140.800817,,,,,,,,,,,,,237,red,4510,4029,8539
81,02,1111400,1,20260924,1980,359,0,0,0,0,0,1461,222,0,0,0,0,0,3,41.75457904011961,140.573825,,,,,,,,,,,,,237,red,2339,1683,4022
81,04,1111410,1,20260924,339,126,0,0,0,0,0,214,109,0,0,0,0,0,3,43.35314804071861,142.36145400000004,,,,,,,,,,,,,237,red,465,323,788
81,04,1111420,1,20260924,858,185,0,0,0,0,0,576,157,0,0,0,0,0,3,43.3038010407058,142.381627,,,,,,,,,,,,,237,red,1043,733,1776
81,06,1111500,1,20260924,1098,196,0,0,0,0,0,1319,185,0,0,0,0,0,3,43.29111104070245,145.517778,,,,,,,,,,,,,237,red,1294,1504,2798
81,03,1111600,1,20260924,981,296,0,0,0,0,0,1435,370,0,0,0,0,0,3,43.162210040667006,140.797074,,,,,,,,,,,,,237,red,1277,1805,3082
81,06,1160010,1,20260924,1484,692,92,0,0,0,0,1596,762,18,0,0,0,0,1,43.12053262065503,143.6537933,,,,,,,,,,,,,237,red,2268,2376,4644
81,06,1160020,1,20260924,1655,838,0,0,0,0,0,1730,865,0,0,0,0,0,1,43.12244095065557,143.6787104,,,,,,,,,,,,,237,red,2493,2595,5088
81,06,1160030,1,20260924,1555,845,0,0,0,0,0,1753,843,0,0,0,0,0,1,43.081215390643465,143.9874923,,,,,,,,,,,,,237,red,2400,2596,4996
81,06,1160040,1,20260924,1574,835,0,0,0,0,0,1820,811,0,0,0,0,0,1,43.08452217064445,144.1232336,,,,,,,,,,,,,237,red,2409,2631,5040
81,06,1160050,1,20260924,2072,796,0,0,0,0,0,2682,834,0,0,0,0,0,1,43.09138904064647,144.173494,,,,,,,,,,,,,237,red,2868,3516,6384
81,06,1160060,1,20260924,2531,820,0,0,0,0,0,3393,871,0,0,0,0,0,1,43.04670304063314,144.303761,,,,,,,,,,,,,237,red,3351,4264,7615
81,08,1160120,1,20260924,359,127,0,0,0,0,0,439,156,0,0,0,0,0,1,43.69663004079766,143.731065,,,,,,,,,,,,,237,red,486,595,1081
81,08,1160130,1,20260924,642,168,0,0,0,0,0,831,185,0,0,0,0,0,1,43.7375680408059,143.819828,,,,,,,,,,,,,237,red,810,1016,1826
81,02,1310010,1,20260924,2306,214,0,0,0,0,0,2304,253,0,0,0,0,0,3,41.9090560401939,140.682556,,,,,,,,,,,,,237,red,2520,2557,5077
81,02,1310020,1,20260924,3950,1079,0,0,0,0,0,3978,1030,0,0,0,0,0,3,42.0164720402435,140.622028,,,,,,,,,,,,,237,red,5029,5008,10037
81,02,1310030,1,20260924,2670,944,0,0,0,0,0,2271,869,0,0,0,0,0,3,42.44355604042405,140.326972,,,,,,,,,,,,,237,red,3614,3140,6754
81,03,1310040,1,20260924,2263,687,0,0,0,0,0,2672,776,0,0,0,0,0,3,43.005875040620694,140.666614,,,,,,,,,,,,,237,red,2950,3448,6398
81,01,1310050,1,20260924,3058,227,0,0,0,237,0,3699,397,0,0,0,237,0,3,43.13178497065829,141.1990678,,,,,,,,,,,,,237,red,3285,4096,7381
81,01,1310060,1,20260924,11283,1601,0,0,0,0,0,11367,1746,0,0,0,0,0,3,43.06547437063878,141.3767481,,,,,,,,,,,,,237,red,12884,13113,25997
81,01,1310070,1,20260924,11228,1108,0,0,0,0,0,11877,1170,0,0,0,0,0,3,43.048510140633695,141.4108604,,,,,,,,,,,,,237,red,12336,13047,25383
81,01,1310080,1,20260924,10690,767,0,0,0,0,0,10375,744,0,0,0,0,0,3,43.057749330636454,141.4844763,,,,,,,,,,,,,237,red,11457,11119,22576
81,01,1310090,1,20260924,0,0,0,0,0,237,0,4858,780,0,0,0,0,0,3,43.294945650703454,141.8492997,,,,,,,,,,,,,237,red,0,5638,5638
81,01,1310100,1,20260924,6684,1051,0,0,0,0,0,6955,917,0,0,0,0,0,3,43.53544778076278,141.9200456,,,,,,,,,,,,,237,red,7735,7872,15607
81,01,1310110,1,20260924,2746,1149,0,0,0,0,0,2660,1020,0,0,0,0,0,3,43.66238455079058,141.9957268,,,,,,,,,,,,,237,red,3895,3680,7575
81,01,1310120,1,20260924,0,0,0,0,0,237,0,11816,1194,0,0,0,0,0,3,43.0094644106218,141.4241588,,,,,,,,,,,,,237,red,0,13010,13010
81,01,1310130,1,20260924,7495,1300,0,0,0,237,0,7681,1559,0,0,0,237,0,3,42.85324004057195,141.609931,,,,,,,,,,,,,237,red,8795,9240,18035
81,01,1310140,1,20260924,8897,2905,0,0,0,0,0,7845,3045,0,0,0,0,0,3,42.79203104055144,141.693651,,,,,,,,,,,,,237,red,11802,10890,22692
81,05,1310150,1,20260924,3906,810,0,0,0,0,0,3895,803,0,0,0,0,0,3,42.483348820439495,141.2489566,,,,,,,,,,,,,237,red,4716,4698,9414
81,05,1310160,1,20260924,6376,903,0,0,0,0,0,6588,701,0,0,0,0,0,3,42.362402460391806,140.964739,,,,,,,,,,,,,237,red,7279,7289,14568
81,05,1310170,1,20260924,3410,434,0,0,237,0,0,3311,211,24,0,0,0,0,3,42.363565450392265,140.9519019,,,,,,,,,,,,,237,red,3844,3546,7390
81,04,1310180,1,20260924,,,,0,0,0,237,,,,0,0,0,237,3,43.22376604068423,142.378762,,,,,,,,,,,,,237,red,0,0,0
81,06,1310200,1,20260924,1139,389,0,0,0,0,0,1270,438,0,0,0,0,0,3,42.89183628058462,143.9445233,,,,,,,,,,,,,237,red,1528,1708,3236
81,06,1310210,1,20260924,3851,656,42,0,0,0,0,3596,921,0,0,237,0,0,3,43.009797840621914,144.2786998,,,,,,,,,,,,,237,red,4549,4517,9066
81,06,1310220,1,20260924,2554,650,0,0,0,0,0,3878,817,0,0,0,0,0,3,43.02229809062573,144.2728472,,,,,,,,,,,,,237,red,3204,4695,7899
81,08,1310230,1,20260924,1852,794,0,0,237,0,0,1773,630,0,0,237,0,0,3,43.85893419082885,144.0808788,,,,,,,,,,,,,237,red,2646,2403,5049
81,08,1310240,1,20260924,1996,243,0,0,237,0,0,2025,291,0,0,237,0,0,3,44.01132969085448,144.2315868,,,,,,,,,,,,,237,red,2239,2316,4555
81,04,1310250,1,20260924,3088,650,110,0,0,0,0,3110,527,93,0,0,0,0,3,44.16725904087709,142.395004,,,,,,,,,,,,,237,red,3848,3730,7578
81,04,1310260,1,20260924,2474,632,16,0,0,0,0,2477,560,0,0,0,0,0,3,44.19030204088012,142.392098,,,,,,,,,,,,,237,red,3122,3037,6159
81,09,1310270,1,20260924,386,150,0,0,0,0,0,478,153,0,0,0,0,0,3,44.89849804093394,141.930734,,,,,,,,,,,,,237,red,536,631,1167
81,10,1310280,1,20260924,172,98,0,0,0,0,0,192,115,0,0,0,0,0,3,45.0919210409354,141.772244,,,,,,,,,,,,,237,red,270,307,577
81,10,1310290,1,20260924,,,,0,0,0,237,,,,0,0,0,237,3,45.3643680409278,141.728937,,,,,,,,,,,,,237,red,0,0,0
81,06,1310300,1,20260924,3970,432,626,0,0,0,0,0,0,912,0,0,237,0,3,43.059450410636984,144.8007274,,,,,,,,,,,,,237,red,5028,912,5940
81,06,1310310,1,20260924,335,127,0,0,237,0,0,402,105,2,0,0,0,0,3,43.27550252069827,145.50157790000003,,,,,,,,,,,,,237,red,462,509,971
81,02,1310320,1,20260924,2969,369,0,0,0,0,0,3209,358,0,0,0,0,0,3,41.8940000401868,140.139639,,,,,,,,,,,,,237,red,3338,3567,6905
81,02,1310330,1,20260924,3252,487,0,0,0,0,0,2804,349,0,0,0,0,0,3,41.68472204008489,140.444,,,,,,,,,,,,,237,red,3739,3153,6892
81,03,1310340,1,20260924,1585,220,0,0,0,0,0,0,1,1,0,0,225,0,3,43.26192904069464,140.646731,,,,,,,,,,,,,237,red,1805,2,1807
81,03,1310350,1,20260924,1646,538,0,0,0,0,0,1946,816,0,0,0,0,0,3,43.041313040631515,140.5119,,,,,,,,,,,,,237,red,2184,2762,4946
81,02,1310360,1,20260924,477,51,0,0,0,0,0,493,92,0,0,0,0,0,3,42.129260570293795,139.981876,,,,,,,,,,,,,237,red,528,585,1113
81,01,1310370,1,20260924,13650,1269,0,0,0,0,0,14603,1170,0,0,0,0,0,3,43.007483420621185,141.3442719,,,,,,,,,,,,,237,red,14919,15773,30692
81,03,1310380,1,20260924,2968,550,0,0,0,0,0,2689,428,0,0,0,0,0,3,42.797316040553234,140.953155,,,,,,,,,,,,,237,red,3518,3117,6635
81,03,1310390,1,20260924,2223,448,0,0,0,0,0,2104,431,0,0,0,0,0,3,42.75911004054018,140.927534,,,,,,,,,,,,,237,red,2671,2535,5206
81,09,1310420,1,20260924,1608,319,0,0,0,0,0,1529,308,0,0,0,0,0,3,44.315812040895196,141.663389,,,,,,,,,,,,,237,red,1927,1837,3764
81,05,1310430,1,20260924,1766,683,0,0,0,0,0,1549,1105,0,0,0,0,0,3,42.68397268051387,141.6803745,,,,,,,,,,,,,237,red,2449,2654,5103
81,05,1310440,1,20260924,833,182,8,0,0,0,0,946,185,7,0,0,0,0,3,42.455508520428715,142.1783574,,,,,,,,,,,,,237,red,1023,1138,2161
81,07,1310450,1,20260924,3474,477,0,0,0,0,0,2864,411,0,0,0,0,0,3,42.850468990571045,143.1845784,,,,,,,,,,,,,237,red,3951,3275,7226
81,04,1310460,1,20260924,868,96,1,0,0,0,196,872,111,0,0,41,0,196,3,43.3597710407203,142.387706,,,,,,,,,,,,,237,red,965,983,1948
81,05,1310470,1,20260924,391,519,0,0,0,0,0,511,544,0,0,0,0,0,3,42.87689451057974,142.4313468,,,,,,,,,,,,,237,red,910,1055,1965
81,08,1310490,1,20260924,1804,380,0,0,237,0,0,1832,301,18,0,0,0,0,3,44.469400040910415,143.131573,,,,,,,,,,,,,237,red,2184,2151,4335
81,10,1310500,1,20260924,,,,0,0,0,237,,,,0,0,0,237,3,44.9513530409349,142.577793,,,,,,,,,,,,,237,red,0,0,0
81,06,1310520,1,20260924,495,93,0,0,0,0,0,571,70,0,0,0,0,0,3,43.474956340748676,144.4077086,,,,,,,,,,,,,237,red,588,641,1229
81,07,1310530,1,20260924,340,72,0,0,0,0,0,493,64,0,0,0,0,0,3,43.351455040718186,143.778977,,,,,,,,,,,,,237,red,412,557,969
81,08,1310540,1,20260924,547,125,0,0,237,0,0,473,127,0,0,237,0,0,3,43.71241358080086,144.1898958,,,,,,,,,,,,,237,red,672,600,1272
81,06,1310550,1,20260924,678,115,0,0,0,0,0,765,127,0,0,0,0,0,3,43.23651165068774,145.2499867,,,,,,,,,,,,,237,red,793,892,1685
81,06,1310560,1,20260924,1096,171,0,0,0,0,0,1236,216,0,0,0,0,0,3,43.68069492079438,145.1213962,,,,,,,,,,,,,237,red,1267,1452,2719
81,06,1310570,1,20260924,920,482,0,0,0,0,0,1051,364,0,0,0,0,0,3,43.3613193507207,144.8334503,,,,,,,,,,,,,237,red,1402,1415,2817
81,04,1310580,1,20260924,145,42,0,0,0,0,0,77,25,0,0,0,0,0,3,43.85535404082818,142.818956,,,,,,,,,,,,,237,red,187,102,289
81,01,1310590,1,20260924,14378,2212,0,0,0,0,0,16683,2948,0,0,0,0,0,3,43.101919030649576,141.3492984,,,,,,,,,,,,,237,red,16590,19631,36221
81,01,1310600,1,20260924,5600,908,0,0,0,237,0,4744,948,0,0,0,237,0,3,43.018587890624595,141.4801633,,,,,,,,,,,,,237,red,6508,5692,12200
81,07,1310610,1,20260924,56,12,0,0,0,0,0,49,14,0,0,0,0,0,3,43.124397040656135,143.671096,,,,,,,,,,,,,237,red,68,63,131
81,01,1310620,1,20260924,7556,1414,0,0,0,0,0,9139,1523,0,0,0,0,0,3,43.080001040643104,141.40691,,,,,,,,,,,,,237,red,8970,10662,19632
81,01,1310630,1,20260924,0,0,0,0,0,237,0,0,0,0,0,0,237,0,3,43.224602350684464,141.5421492,,,,,,,,,,,,,237,red,0,0,0
81,05,1310650,1,20260924,0,0,4644,0,0,182,0,3278,999,24,0,0,0,0,3,42.664068480506764,141.5956308,,,,,,,,,,,,,237,red,4644,4301,8945
81,08,1310660,1,20260924,1427,258,6,0,0,0,0,1762,254,3,0,0,0,0,3,43.98436947085019,143.5657163,,,,,,,,,,,,,237,red,1691,2019,3710
81,08,1310670,1,20260924,852,208,0,0,237,10,0,1104,214,0,0,237,0,0,3,43.93417044084193,144.7997993,,,,,,,,,,,,,237,red,1060,1318,2378
81,01,1310680,1,20260924,3347,314,0,0,0,0,0,3706,298,0,0,0,0,0,3,42.84334231056867,141.6642755,,,,,,,,,,,,,237,red,3661,4004,7665
81,06,1310690,1,20260924,2165,370,8,0,0,0,0,1825,322,170,0,0,0,0,3,43.048098520633566,144.4594431,,,,,,,,,,,,,237,red,2543,2317,4860
81,01,1310700,1,20260924,6963,807,0,0,0,0,0,8128,856,0,0,0,0,0,3,43.001297040619285,141.34856,,,,,,,,,,,,,237,red,7770,8984,16754
82,,2110010,1,20260924,3246,1559,0,0,0,0,0,3350,1353,0,0,0,0,0,3,37.110573456365614,140.1455465,,,,,,,,,,,,,239,red,4805,4703,9508
82,,2110017,1,20260924,14225,2736,0,0,0,0,0,15224,2688,0,0,0,0,0,3,37.37338104665072,140.3483355,,,,,,,,,,,,,239,red,16961,17912,34873
82,,2110019,1,20260924,14549,3081,0,0,0,0,0,13446,3018,0,0,0,0,0,3,37.46431627674753,140.3769493,,,,,,,,,,,,,239,red,17630,16464,34094
82,,2110021,1,20260924,10052,2157,87,0,0,0,0,9835,2648,24,0,239,0,0,3,37.606841446897334,140.4677635,,,,,,,,,,,,,239,red,12296,12507,24803
82,,2110030,1,20260924,14461,1890,0,0,0,0,0,15438,1943,0,0,0,0,0,3,37.73677529703182,140.4665726,,,,,,,,,,,,,239,red,16351,17381,33732
82,,2110040,1,20260924,9879,1641,0,0,0,0,0,10048,1606,0,0,0,0,0,3,37.807813217104496,140.4958221,,,,,,,,,,,,,239,red,11520,11654,23174
82,,2110050,1,20260924,3087,1398,0,0,0,0,0,3208,1415,0,0,0,0,0,3,37.90701278720498,140.5808128,,,,,,,,,,,,,239,red,4485,4623,9108
82,,2110055,1,20260924,8114,2550,0,0,0,0,0,8662,2325,0,0,0,0,0,3,38.041138927338956,140.6498056,,,,,,,,,,,,,239,red,10664,10987,21651
82,,2110060,1,20260924,13721,2692,0,0,0,0,0,13825,2396,0,0,0,0,0,3,38.085083367382396,140.8283056,,,,,,,,,,,,,239,red,16413,16221,32634
82,,2110062,1,20260924,2416,521,38,0,0,0,0,2111,415,39,0,0,0,0,3,39.659168038777906,141.92916800000003,,,,,,,,,,,,,239,red,2975,2565,5540
82,,2110063,1,20260924,1802,483,41,0,0,0,0,1497,353,33,0,0,0,0,3,39.73009903883322,141.960134,,,,,,,,,,,,,239,red,2326,1883,4209
82,,2110065,1,20260924,15727,2053,0,0,0,0,0,15662,1904,0,0,0,0,0,3,38.15208336744814,140.8853611,,,,,,,,,,,,,239,red,17780,17566,35346
82,,2110070,1,20260924,22807,2534,0,0,0,0,0,20692,2387,0,0,0,0,0,3,38.21891670751319,140.895,,,,,,,,,,,,,239,red,25341,23079,48420
82,,2110081,1,20260924,6876,309,0,0,0,0,0,0,0,0,0,0,0,0,3,38.340207037629824,140.883811,,,,,,,,,,,,,239,red,7185,0,7185
82,,2110090,1,20260924,6976,1426,0,0,0,0,0,7343,1178,0,0,0,0,0,3,38.61000803788275,140.98291900000004,,,,,,,,,,,,,239,red,8402,8521,16923
82,,2110091,1,20260924,3085,1092,0,0,0,0,0,2816,849,0,0,0,0,0,3,38.834610038086325,141.085674,,,,,,,,,,,,,239,red,4177,3665,7842
82,,2110092,1,20260924,5763,1200,0,0,0,0,0,4460,897,0,0,0,0,0,3,38.930416038171224,141.117432,,,,,,,,,,,,,239,red,6963,5357,12320
82,,2110093,1,20260924,4597,1123,50,0,0,0,0,4279,972,46,0,0,0,0,3,39.003777838235415,141.1133766,,,,,,,,,,,,,239,red,5770,5297,11067
82,,2110095,1,20260924,4336,587,0,0,0,0,0,4471,602,0,0,0,0,0,3,39.166645038375485,141.142913,,,,,,,,,,,,,239,red,4923,5073,9996
82,,2110103,1,20260924,12509,1028,0,0,0,0,0,14173,648,0,0,0,0,0,3,39.668019038784855,141.15759,,,,,,,,,,,,,239,red,13537,14821,28358
82,,2110106,1,20260924,11115,894,0,0,0,0,0,11139,895,0,0,0,0,0,3,39.70774803881587,141.165401,,,,,,,,,,,,,239,red,12009,12034,24043
82,,2110110,1,20260924,10222,888,0,0,0,0,0,9514,760,0,0,0,0,0,3,39.7581439588549,141.134491,,,,,,,,,,,,,239,red,11110,10274,21384
82,,2110120,1,20260924,3669,809,0,0,0,0,0,3885,747,0,0,0,0,0,3,40.24861199921695,141.2695885,,,,,,,,,,,,,239,red,4478,4632,9110
82,,2110121,1,20260924,1992,632,0,0,0,0,0,2274,488,0,0,0,0,0,3,40.33516094927743,141.2985134,,,,,,,,,,,,,239,red,2624,2762,5386
82,,2110129,1,20260924,2439,472,4,0,0,0,0,2497,424,3,0,0,0,0,3,40.60805264946136,141.26026802,,,,,,,,,,,,,239,red,2915,2924,5839
82,,2110132,1,20260924,3631,596,348,0,0,0,0,3630,507,48,0,0,0,0,3,40.683721049510524,141.17042319,,,,,,,,,,,,,239,red,4575,4185,8760
82,,2110140,1,20260924,4644,807,32,0,0,0,0,4793,265,40,0,0,0,0,3,40.89753341964514,140.86029133,,,,,,,,,,,,,234,red,5483,5098,10581
82,,2110143,1,20260924,4496,1111,0,0,0,0,0,4301,905,0,0,0,0,0,3,39.946858248998055,141.2168884,,,,,,,,,,,,,239,red,5607,5206,10813
82,,2110144,1,20260924,4246,1536,0,0,239,0,0,4320,885,0,0,239,0,0,3,40.83532684960663,141.12935762,,,,,,,,,,,,,239,red,5782,5205,10987
82,,2110150,1,20260924,4864,1108,2,0,0,0,0,4996,907,6,0,0,0,0,3,36.857960956084185,140.7891727,,,,,,,,,,,,,239,red,5974,5909,11883
82,,2110160,1,20260924,11316,2652,57,0,0,0,0,10675,2487,64,0,0,0,0,3,36.92281008615712,140.8423448,,,,,,,,,,,,,239,red,14025,13226,27251
82,,2110161,1,20260924,7950,1494,0,0,0,0,0,7818,1370,0,0,0,0,0,3,37.03306503628002,140.911907,,,,,,,,,,,,,239,red,9444,9188,18632
82,,2110162,1,20260924,5536,962,0,0,0,0,0,4036,747,0,0,0,0,0,3,37.11549536637102,140.9974993,,,,,,,,,,,,,239,red,6498,4783,11281
82,,2110163,1,20260924,3930,1002,2,0,0,0,0,2877,957,5,0,0,0,0,3,37.38527750666344,141.0086632,,,,,,,,,,,,,239,red,4934,3839,8773
82,,2110165,1,20260924,4206,860,29,0,0,0,0,4847,976,30,0,0,0,0,3,37.63270112692426,140.9856901,,,,,,,,,,,,,239,red,5095,5853,10948
82,,2110168,1,20260924,2756,998,0,0,0,0,0,2745,895,0,0,0,0,0,3,37.81498403711179,140.943249,,,,,,,,,,,,,239,red,3754,3640,7394
82,,2110170,1,20260924,2102,368,0,0,0,0,0,1980,363,0,0,0,0,0,3,37.89520971719308,140.9035528,,,,,,,,,,,,,239,red,2470,2343,4813
82,,2110173,1,20260924,9303,1119,0,0,0,0,0,8215,973,0,0,0,0,0,3,37.094818366348264,140.9771016,,,,,,,,,,,,,239,red,10422,9188,19610
82,,2110180,1,20260924,5416,442,0,0,0,0,0,4928,439,0,0,0,0,0,3,38.064732037362305,140.859399,,,,,,,,,,,,,239,red,5858,5367,11225
82,,2110190,1,20260924,2569,657,0,0,0,0,0,1948,437,0,0,0,0,0,1,38.69140541795727,139.678824,,,,,,,,,,,,,239,red,3226,2385,5611
82,,2110191,1,20260924,3609,745,0,0,0,0,0,3483,676,0,0,0,0,0,3,38.96127130819829,139.8400569,,,,,,,,,,,,,239,red,4354,4159,8513
82,,2110192,1,20260924,6597,590,0,0,0,0,0,6287,593,0,0,0,0,0,3,38.794079918050066,139.83442430000002,,,,,,,,,,,,,239,red,7187,6880,14067
82,,2110193,1,20260924,7160,718,0,0,0,0,0,6949,694,0,0,0,0,0,3,38.787431758044086,139.8346764,,,,,,,,,,,,,239,red,7878,7643,15521
82,,2110194,1,20260924,1262,249,0,0,0,0,0,1318,292,0,0,0,0,0,3,38.69287924795862,139.6478605,,,,,,,,,,,,,239,red,1511,1610,3121
82,,2110195,1,20260924,1377,804,0,0,0,0,0,1533,605,0,0,0,0,0,3,38.61589808788817,139.5797968,,,,,,,,,,,,,239,red,2181,2138,4319
82,,2110196,1,20260924,7348,830,0,0,0,0,0,7325,859,0,0,0,0,0,3,38.83854814808984,139.8486963,,,,,,,,,,,,,239,red,8178,8184,16362
82,,2110197,1,20260924,2654,307,0,0,0,0,0,2481,325,0,0,0,0,0,3,38.71753625798101,139.7594082,,,,,,,,,,,,,239,red,2961,2806,5767
82,,2110198,1,20260924,4653,643,0,0,0,0,0,4078,546,0,0,0,0,0,3,38.71622198797982,139.7565651,,,,,,,,,,,,,239,red,5296,4624,9920
82,,2110199,1,20260924,1707,567,0,0,0,0,0,1402,384,0,0,0,0,0,1,38.60695292787995,139.5878005,,,,,,,,,,,,,239,red,2274,1786,4060
82,,2110201,1,20260924,2190,645,0,0,0,0,0,1782,409,0,0,0,0,0,1,38.666421037934484,139.623761,,,,,,,,,,,,,239,red,2835,2191,5026
82,,2110202,1,20260924,5661,824,0,0,0,0,0,5824,855,0,0,0,0,0,3,39.62387474875015,140.0681964,,,,,,,,,,,,,239,red,6485,6679,13164
82,,2110203,1,20260924,1251,120,0,0,0,0,0,1115,109,0,0,0,0,0,3,39.240899018438185,139.9362623,,,,,,,,,,,,,239,red,1371,1224,2595
82,,2110204,1,20260924,2421,648,0,0,0,0,0,2780,568,0,0,0,0,0,3,39.290490888479674,139.9747431,,,,,,,,,,,,,239,red,3069,3348,6417
82,,2110205,1,20260924,2120,889,0,0,0,0,0,2160,756,0,0,0,0,0,3,39.11912903833497,139.876447,,,,,,,,,,,,,239,red,3009,2916,5925
82,,2110208,1,20260924,8116,460,0,0,0,0,0,7828,547,0,0,0,0,0,3,39.38953603856155,140.030682,,,,,,,,,,,,,239,red,8576,8375,16951
82,,2110210,1,20260924,8224,1064,0,0,0,0,0,10133,951,0,0,0,0,0,3,39.79539903888355,140.0622,,,,,,,,,,,,,239,red,9288,11084,20372
82,,2110212,1,20260924,6182,763,0,0,0,0,0,5431,847,0,0,0,0,0,3,39.718472038824196,140.083211,,,,,,,,,,,,,239,red,6945,6278,13223
82,,2110213,1,20260924,3425,322,0,0,0,0,0,3242,369,0,0,0,0,0,3,39.52539935867177,140.0518185,,,,,,,,,,,,,239,red,3747,3611,7358
82,,2110214,1,20260924,2827,521,0,0,0,0,0,2863,462,0,0,0,0,0,3,39.90494615896667,140.076382,,,,,,,,,,,,,239,red,3348,3325,6673
82,,2110215,1,20260924,2649,388,20,0,0,0,0,2493,371,10,0,0,0,0,3,40.067095039086766,140.067721,,,,,,,,,,,,,239,red,3057,2874,5931
82,,2110216,1,20260924,2646,712,104,0,0,0,0,39,31,12,0,0,0,0,3,40.268120039230666,140.52780600000003,,,,,,,,,,,,,239,red,3462,82,3544
82,,2110217,1,20260924,2108,722,114,0,0,0,0,1182,424,77,0,0,0,0,3,40.27305803923414,140.532178,,,,,,,,,,,,,239,red,2944,1683,4627
82,,2110218,1,20260924,6298,328,0,0,0,0,0,6108,264,0,0,0,0,0,3,40.190834039176,140.036139,,,,,,,,,,,,,239,red,6626,6372,12998
82,,2110219,1,20260924,897,134,0,0,0,0,0,764,126,0,0,0,0,0,3,40.21531803919339,140.280482,,,,,,,,,,,,,239,red,1031,890,1921
82,,2110220,1,20260924,1999,604,5,0,0,0,0,1710,587,0,0,0,0,0,3,40.16185503915528,140.039381,,,,,,,,,,,,,239,red,2608,2297,4905
82,,2110221,1,20260924,3236,677,34,0,0,0,0,2881,553,7,0,0,0,0,3,40.20192503918389,140.151831,,,,,,,,,,,,,239,red,3947,3441,7388
82,,2110222,1,20260924,890,306,0,0,0,0,0,696,260,0,0,0,0,0,3,40.30719003925799,140.572683,,,,,,,,,,,,,239,red,1196,956,2152
82,,2110229,1,20260924,3064,751,29,0,0,0,0,1087,160,22,0,0,0,0,3,40.230677039204274,140.489525,,,,,,,,,,,,,239,red,3844,1269,5113
82,,2110230,1,20260924,1524,446,4,0,0,0,0,1550,404,3,0,0,0,0,3,40.3821040393098,140.603544,,,,,,,,,,,,,230,red,1974,1957,3931
82,,2110231,1,20260924,1756,509,50,0,0,0,0,1867,482,39,0,0,0,0,3,40.461176699363655,140.6358415,,,,,,,,,,,,,239,red,2315,2388,4703
82,,2110232,1,20260924,2078,534,25,0,0,0,0,1515,259,20,0,0,0,0,3,40.199024039181815,140.383267,,,,,,,,,,,,,239,red,2637,1794,4431
82,,2110233,1,20260924,1313,398,0,0,0,0,0,1119,294,0,0,0,0,0,1,38.96155603819856,139.859806,,,,,,,,,,,,,239,red,1711,1413,3124
82,,2110234,1,20260924,3768,491,693,0,0,0,0,4887,834,267,0,0,0,0,3,40.57123242943714,140.52428552,,,,,,,,,,,,,239,red,4952,5988,10940
82,,2110235,1,20260924,10047,1028,39,0,0,0,0,0,0,10576,0,0,239,0,3,40.60269692945784,140.49957539,,,,,,,,,,,,,239,red,11114,10576,21690
82,,2110236,1,20260924,1366,434,0,0,0,0,0,1312,314,0,0,0,0,0,1,39.00850003823954,139.856924,,,,,,,,,,,,,239,red,1800,1626,3426
82,,2110237,1,20260924,291,66,0,0,0,0,0,371,57,0,0,0,0,0,1,39.05087603827627,139.890254,,,,,,,,,,,,,239,red,357,428,785
82,,2110240,1,20260924,7819,983,22,0,0,0,0,2430,240,5370,0,0,238,0,3,40.65753935949361,140.50836074,,,,,,,,,,,,,238,red,8824,8040,16864
82,,2110249,1,20260924,6657,1341,371,0,0,0,0,3590,913,314,0,239,239,0,3,40.831625089604316,140.66283564,,,,,,,,,,,,,239,red,8369,4817,13186
82,,2110250,1,20260924,7022,1017,0,0,0,0,0,6972,1189,0,0,0,0,0,3,40.767838829564255,140.59194915,,,,,,,,,,,,,239,red,8039,8161,16200
82,,2110251,1,20260924,11637,1050,0,0,0,239,0,20717,2584,0,0,0,0,0,3,40.824380649599796,140.7354641,,,,,,,,,,,,,239,red,12687,23301,35988
82,,2110252,1,20260924,6386,1318,1,0,0,0,0,0,0,7486,0,0,234,0,3,40.80222556958593,140.69781704,,,,,,,,,,,,,234,red,7705,7486,15191
82,,2110253,1,20260924,3517,640,54,0,0,0,0,3662,668,48,0,0,0,0,3,40.82364700959935,140.81040657,,,,,,,,,,,,,239,red,4211,4378,8589
82,,2110255,1,20260924,0,0,0,0,0,0,0,0,0,0,0,0,0,0,3,40.797368279582884,140.73499562,,,,,,,,,,,,,239,red,0,0,0
82,,2110256,1,20260924,6484,651,26,0,0,0,0,0,0,0,0,0,0,0,3,40.79545531958167,140.74908182,,,,,,,,,,,,,239,red,7161,0,7161
82,,2110258,1,20260924,2837,341,18,0,0,0,0,4278,747,92,0,0,0,0,3,40.26361114922749,140.42944444,,,,,,,,,,,,,239,red,3196,5117,8313
82,,2110260,1,20260924,10215,521,0,0,0,0,0,11042,678,0,0,0,0,0,3,37.766077747061864,140.4643813,,,,,,,,,,,,,239,red,10736,11720,22456
82,,2110270,1,20260924,475,113,1,0,0,0,0,185,28,80,0,0,80,0,3,37.82286602711981,140.2786356,,,,,,,,,,,,,239,red,589,293,882
82,,2110271,1,20260924,2566,1510,0,0,0,0,0,2655,1104,0,0,0,0,0,3,37.89655074719443,140.1500818,,,,,,,,,,,,,239,red,4076,3759,7835
82,,2110272,1,20260924,2346,1457,0,0,0,0,0,2674,1081,0,0,0,0,0,3,37.92749748722557,140.13487,,,,,,,,,,,,,239,red,3803,3755,7558
82,,2110280,1,20260924,6328,1053,0,0,0,0,0,6255,864,0,0,0,0,0,3,37.99971367729781,140.14494900000003,,,,,,,,,,,,,239,red,7381,7119,14500
82,,2110290,1,20260924,6981,1402,0,0,0,0,0,7133,1206,0,0,0,0,0,3,38.13022203742675,140.241028,,,,,,,,,,,,,239,red,8383,8339,16722
82,,2110291,1,20260924,8642,1401,0,0,0,0,0,8228,1252,0,0,0,0,0,3,38.159814097455694,140.3001308,,,,,,,,,,,,,239,red,10043,9480,19523
82,,2110292,1,20260924,6692,1325,0,0,0,0,0,5739,1026,0,0,0,0,0,3,38.10297203739999,140.207083,,,,,,,,,,,,,239,red,8017,6765,14782
82,,2110294,1,20260924,1503,342,0,0,0,0,0,1696,396,0,0,0,0,0,3,37.767613677063444,140.8648291,,,,,,,,,,,,,239,red,1845,2092,3937
82,,2110295,1,20260924,1608,348,0,0,0,0,0,1953,425,0,0,0,0,0,3,37.75423885704973,140.7090153,,,,,,,,,,,,,239,red,1956,2378,4334
82,,2110296,1,20260924,1757,388,0,0,0,0,0,2236,486,0,0,0,0,0,3,37.75978319705542,140.5958156,,,,,,,,,,,,,239,red,2145,2722,4867
82,,2110297,1,20260924,1710,319,0,0,0,0,0,2123,402,0,0,0,0,0,3,37.78113503707728,140.573819,,,,,,,,,,,,,239,red,2029,2525,4554
82,,2110298,1,20260924,1890,499,0,0,0,0,0,2290,514,0,0,0,0,0,3,37.81669203711354,140.530266,,,,,,,,,,,,,239,red,2389,2804,5193
82,,2110299,1,20260924,1585,589,0,0,0,0,0,2156,644,0,0,0,0,0,3,37.83294203713006,140.49615,,,,,,,,,,,,,239,red,2174,2800,4974
82,,2110300,1,20260924,2192,1415,0,0,0,0,0,2203,973,0,0,0,0,0,1,37.79582169709228,140.4130094,,,,,,,,,,,,,239,red,3607,3176,6783
82,,2110301,1,20260924,3114,1723,0,0,0,0,0,3047,1268,0,0,0,0,0,3,37.8687824871664,140.2279023,,,,,,,,,,,,,239,red,4837,4315,9152
82,,2110305,1,20260924,12574,1750,0,0,0,0,0,13613,1682,0,0,0,0,0,3,38.32857829761873,140.3671432,,,,,,,,,,,,,239,red,14324,15295,29619
82,,2110307,1,20260924,4981,297,0,0,0,0,0,7173,744,0,0,0,0,0,3,38.48098003776293,140.382831,,,,,,,,,,,,,239,red,5278,7917,13195
82,,2110308,1,20260924,5375,1583,0,0,0,0,0,4529,1237,0,0,0,0,0,1,38.56969403784554,140.401333,,,,,,,,,,,,,239,red,6958,5766,12724
82,,2110309,1,20260924,4228,1302,0,0,0,0,0,3219,977,0,0,0,0,0,1,38.42500003771029,140.352222,,,,,,,,,,,,,239,red,5530,4196,9726
82,,2110310,1,20260924,3952,389,0,0,0,0,0,4331,415,0,0,0,0,0,3,38.57581640785121,140.403707,,,,,,,,,,,,,239,red,4341,4746,9087
82,,2110311,1,20260924,5747,1569,0,0,0,0,0,4702,1227,0,0,0,0,0,1,38.5505555978278,140.3888889,,,,,,,,,,,,,239,red,7316,5929,13245
82,,2110312,1,20260924,5099,1443,0,0,0,0,0,4467,1189,0,0,0,0,0,3,38.618265997890354,140.3838155,,,,,,,,,,,,,239,red,6542,5656,12198
82,,2110313,1,20260924,5864,1671,0,0,0,0,0,5587,1433,0,0,0,0,0,3,38.676631947943804,140.3212881,,,,,,,,,,,,,239,red,7535,7020,14555
82,,2110314,1,20260924,5696,1622,0,0,0,0,0,5518,1367,0,0,0,0,0,3,38.71993903798319,140.308757,,,,,,,,,,,,,239,red,7318,6885,14203
82,,2110315,1,20260924,3704,377,0,0,0,0,0,3709,333,0,0,0,0,0,3,38.8033716780584,140.3206605,,,,,,,,,,,,,239,red,4081,4042,8123
82,,2110316,1,20260924,2585,890,0,0,0,0,0,2054,653,0,0,0,0,0,3,38.74947203800992,140.290833,,,,,,,,,,,,,239,red,3475,2707,6182
82,,2110317,1,20260924,1304,660,0,0,0,0,0,1265,512,0,0,0,0,0,3,38.923639038165255,140.334806,,,,,,,,,,,,,239,red,1964,1777,3741
82,,2110318,1,20260924,1246,662,0,0,0,0,0,1283,548,0,0,0,0,0,3,38.94673520818555,140.3547943,,,,,,,,,,,,,239,red,1908,1831,3739
82,,2110319,1,20260924,2332,673,23,0,0,0,0,2190,584,25,0,0,0,0,3,39.072178338294655,140.4714918,,,,,,,,,,,,,239,red,3028,2799,5827
82,,2110320,1,20260924,2708,710,13,0,0,0,0,2538,621,21,0,0,0,0,3,39.11258080832936,140.486598,,,,,,,,,,,,,239,red,3431,3180,6611
82,,2110321,1,20260924,4878,471,0,0,0,0,0,4809,398,0,0,0,0,0,3,39.181412318388,140.4959965,,,,,,,,,,,,,239,red,5349,5207,10556
82,,2110322,1,20260924,2777,142,35,0,0,0,0,2570,70,233,0,0,0,0,3,39.1455093483575,140.4912436,,,,,,,,,,,,,239,red,2954,2873,5827
82,,2110324,1,20260924,872,457,0,0,0,0,0,27,311,0,0,0,0,0,3,39.046668898272635,140.4131154,,,,,,,,,,,,,239,red,1329,338,1667
82,,2110325,1,20260924,5188,1520,0,0,0,0,0,4055,1202,0,0,0,0,0,1,38.463333037746374,140.3575,,,,,,,,,,,,,239,red,6708,5257,11965
82,,2110326,1,20260924,5492,1527,0,0,0,0,0,4464,1202,0,0,0,0,0,1,38.49944403778021,140.370833,,,,,,,,,,,,,239,red,7019,5666,12685
82,,2110327,1,20260924,6743,613,0,0,0,0,0,6031,579,0,0,0,0,0,3,39.249316578445246,140.5351192,,,,,,,,,,,,,239,red,7356,6610,13966
82,,2110328,1,20260924,1702,728,0,0,0,0,0,1679,593,0,0,0,0,0,3,38.78089403803823,140.293372,,,,,,,,,,,,,239,red,2430,2272,4702
82,,2110335,1,20260924,2514,482,1371,0,0,101,0,3699,459,905,0,0,0,0,3,39.45464609861468,140.4982871,,,,,,,,,,,,,239,red,4367,5063,9430
82,,2110337,1,20260924,3296,508,2,0,0,0,0,3082,492,0,0,0,0,0,3,39.56556981870389,140.3349352,,,,,,,,,,,,,239,red,3806,3574,7380
82,,2110340,1,20260924,8366,1462,0,0,0,0,0,8001,1342,0,0,0,0,0,3,39.66778703878465,140.165768,,,,,,,,,,,,,239,red,9828,9343,19171
82,,2110350,1,20260924,13688,1946,0,0,0,0,0,15137,2107,0,0,0,0,0,3,38.27013892756266,140.95175,,,,,,,,,,,,,239,red,15634,17244,32878
82,,2110352,1,20260924,12580,2528,14,0,0,0,0,12514,2120,156,0,0,0,0,3,38.425472257710744,141.1867778,,,,,,,,,,,,,239,red,15122,14790,29912
82,,2110353,1,20260924,12411,2373,130,0,0,0,0,12139,2094,288,0,0,0,0,3,38.43294447771779,141.2090556,,,,,,,,,,,,,239,red,14914,14521,29435
82,,2110354,1,20260924,10671,1906,184,1,0,0,1,10963,1678,131,0,0,0,1,3,38.442000037726324,141.2525833,,,,,,,,,,,,,239,red,12761,12772,25533
82,,2110355,1,20260924,8880,1849,232,0,0,0,0,9013,1598,98,0,0,0,0,3,38.48202781776391,141.2923889,,,,,,,,,,,,,239,red,10961,10709,21670
82,,2110357,1,20260924,7806,1647,86,0,0,0,0,7953,1493,84,0,0,0,0,3,38.50430559778474,141.2861944,,,,,,,,,,,,,239,red,9539,9530,19069
82,,2110358,1,20260924,5810,1525,66,0,0,0,0,5831,1280,65,0,0,0,0,3,38.590638927864894,141.27905560000002,,,,,,,,,,,,,239,red,7401,7176,14577
82,,2110359,1,20260924,5196,1373,57,0,0,0,0,4746,1064,69,0,0,0,0,3,38.61066670788337,141.2839722,,,,,,,,,,,,,239,red,6626,5879,12505
82,,2110360,1,20260924,5375,133,0,0,0,0,0,4775,162,0,0,0,0,0,3,38.429333367714385,141.2390278,,,,,,,,,,,,,239,red,5508,4937,10445
82,,2110361,1,20260924,4604,313,0,0,0,0,0,4793,347,0,0,0,0,0,3,38.891555598136925,141.55625,,,,,,,,,,,,,239,red,4917,5140,10057
82,,2110362,1,20260924,4468,982,43,0,0,0,0,4111,726,29,0,0,0,0,3,38.696083367961535,141.2831389,,,,,,,,,,,,,239,red,5493,4866,10359
82,,2110363,1,20260924,10267,1926,79,0,0,0,0,9622,1661,108,0,0,0,0,3,38.456555597740014,141.2745,,,,,,,,,,,,,239,red,12272,11391,23663
82,,2110364,1,20260924,3050,783,4,0,0,0,0,3068,617,5,0,0,0,0,3,38.95011114818852,141.6280556,,,,,,,,,,,,,239,red,3837,3690,7527
82,,2110365,1,20260924,2746,208,0,0,0,0,0,3045,207,0,0,0,0,0,3,38.91955303816165,141.571364,,,,,,,,,,,,,239,red,2954,3252,6206
82,,2110366,1,20260924,4117,932,77,0,0,0,0,3732,699,38,0,0,0,0,3,38.71113892797521,141.3101667,,,,,,,,,,,,,239,red,5126,4469,9595
82,,2110367,1,20260924,4669,781,43,0,0,0,0,3973,598,70,0,0,0,0,3,39.02656869825523,141.6974974,,,,,,,,,,,,,239,red,5493,4641,10134
82,,2110368,1,20260924,4132,909,55,0,0,0,0,3758,689,44,0,0,0,0,3,38.70219447796709,141.3930833,,,,,,,,,,,,,239,red,5096,4491,9587
82,,2110370,1,20260924,4419,331,0,0,0,0,0,4206,335,0,0,0,0,0,3,39.059216658283475,141.7193842,,,,,,,,,,,,,239,red,4750,4541,9291
82,,2110371,1,20260924,2479,536,35,0,0,0,0,2250,407,10,0,0,0,0,3,39.074077398296275,141.7034197,,,,,,,,,,,,,239,red,3050,2667,5717
82,,2110372,1,20260924,2607,653,0,0,0,0,0,2188,508,0,0,0,0,0,3,39.125195598340156,141.7347157,,,,,,,,,,,,,239,red,3260,2696,5956
82,,2110373,1,20260924,3512,699,0,0,0,0,0,3241,529,0,0,0,0,0,3,39.12205355833746,141.7899934,,,,,,,,,,,,,239,red,4211,3770,7981
82,,2110374,1,20260924,2610,699,0,0,0,0,0,2531,624,0,0,0,0,0,3,39.03121932825926,141.6337144,,,,,,,,,,,,,239,red,3309,3155,6464
82,,2110379,1,20260924,2719,628,101,0,0,0,0,2418,497,83,0,0,0,0,3,39.14893559836042,141.8295097,,,,,,,,,,,,,239,red,3448,2998,6446
82,,2110380,1,20260924,3071,280,0,0,0,0,0,4180,231,0,0,0,0,0,3,39.29661287848477,141.8836641,,,,,,,,,,,,,239,red,3351,4411,7762
82,,2110381,1,20260924,3633,871,56,0,0,0,0,3312,677,84,0,0,0,0,3,38.69052781795646,141.4270556,,,,,,,,,,,,,239,red,4560,4073,8633
82,,2110382,1,20260924,4074,976,47,0,0,0,0,4103,775,53,0,0,0,0,3,38.70547225797006,141.4960833,,,,,,,,,,,,,239,red,5097,4931,10028
82,,2110383,1,20260924,3641,678,51,0,0,0,0,4142,586,25,0,0,0,0,3,39.32251283850628,141.8802524,,,,,,,,,,,,,239,red,4370,4753,9123
82,,2110384,1,20260924,4484,953,42,0,0,0,0,4182,806,61,0,0,0,0,3,38.81825003807172,141.5580556,,,,,,,,,,,,,239,red,5479,5049,10528
82,,2110387,1,20260924,86,23,2982,0,0,0,0,2525,423,35,0,0,0,0,3,39.59193303872486,141.940478,,,,,,,,,,,,,239,red,3091,2983,6074
82,,2110389,1,20260924,1896,476,29,0,0,0,0,1587,362,31,0,0,0,0,3,39.8199300389023,141.96138,,,,,,,,,,,,,239,red,2401,1980,4381
82,,2110392,1,20260924,2012,479,24,0,0,0,0,1731,364,21,0,0,0,0,3,39.836270038914755,141.96038,,,,,,,,,,,,,239,red,2515,2116,4631
82,,2110393,1,20260924,1172,510,0,0,0,0,0,1210,370,0,0,0,0,0,3,39.87071503894088,141.94008,,,,,,,,,,,,,239,red,1682,1580,3262
82,,2110394,1,20260924,4971,949,44,0,0,0,0,4640,810,53,0,0,0,0,3,38.86638892811462,141.5685833,,,,,,,,,,,,,239,red,5964,5503,11467
82,,2110396,1,20260924,126,3,0,0,0,239,1,168,18,0,0,0,239,1,3,39.93351162898809,141.8457699,,,,,,,,,,,,,239,red,129,186,315
82,,2110397,1,20260924,867,463,0,0,0,0,1,918,353,0,0,0,0,1,3,39.9934900390327,141.881411,,,,,,,,,,,,,239,red,1330,1271,2601
82,,2110401,1,20260924,2116,682,41,0,0,0,0,2057,563,22,0,0,0,0,3,39.029891708258106,141.6224,,,,,,,,,,,,,239,red,2839,2642,5481
82,,2110402,1,20260924,1651,126,0,0,0,0,0,1501,118,0,0,0,0,0,3,40.414361969331864,141.7051792,,,,,,,,,,,,,239,red,1777,1619,3396
82,,2110403,1,20260924,2585,592,46,0,0,0,0,2251,477,30,0,0,0,0,3,39.15806392836817,141.8413306,,,,,,,,,,,,,239,red,3223,2758,5981
82,,2110404,1,20260924,10350,509,8,0,0,0,0,9739,443,27,0,0,0,0,3,40.50576550939362,141.53235261,,,,,,,,,,,,,239,red,10867,10209,21076
82,,2110405,1,20260924,10718,928,42,0,0,0,0,8960,872,20,0,0,0,0,3,40.528900439409064,141.46412799,,,,,,,,,,,,,239,red,11688,9852,21540
82,,2110407,1,20260924,2823,370,6,0,0,0,0,2751,323,66,0,0,0,0,3,40.481786839377534,141.5376989,,,,,,,,,,,,,239,red,3199,3140,6339
82,,2110408,1,20260924,6859,956,52,0,0,0,0,7245,809,40,0,0,0,0,3,40.5637364594322,141.43539327,,,,,,,,,,,,,239,red,7867,8094,15961
82,,2110409,1,20260924,2730,597,34,0,0,0,0,2463,456,39,0,0,0,0,3,39.24333336844022,141.8452778,,,,,,,,,,,,,239,red,3361,2958,6319
82,,2110410,1,20260924,3336,500,22,0,0,0,0,3281,427,30,0,0,0,0,3,40.47949102937599,141.58069836,,,,,,,,,,,,,239,red,3858,3738,7596
82,,2110412,1,20260924,2735,702,42,0,0,0,0,2497,606,51,0,0,0,0,3,40.66162803949626,141.324363,,,,,,,,,,,,,239,red,3479,3154,6633
82,,2110413,1,20260924,3662,855,116,0,0,0,0,3255,780,124,0,0,0,0,3,40.675139039505,141.304575,,,,,,,,,,,,,239,red,4633,4159,8792
82,,2110414,1,20260924,8823,1288,0,0,0,0,0,8182,1215,0,0,0,0,0,3,39.699724768809624,141.0544968,,,,,,,,,,,,,239,red,10111,9397,19508
82,,2110415,1,20260924,4220,568,0,0,0,0,0,4453,501,0,0,0,0,0,3,39.69160156880328,141.008749,,,,,,,,,,,,,239,red,4788,4954,9742
82,,2110416,1,20260924,1789,473,1,0,0,0,0,1756,423,4,0,0,0,0,3,39.70020353880998,140.8836508,,,,,,,,,,,,,239,red,2263,2183,4446
82,,2110417,1,20260924,672,199,0,0,0,0,0,144,140,0,0,0,0,0,3,40.47147403937059,141.474002,,,,,,,,,,,,,239,red,871,284,1155
82,,2110418,1,20260924,3711,787,39,0,0,0,0,3656,645,40,0,0,0,0,3,39.260555598454665,141.8394444,,,,,,,,,,,,,239,red,4537,4341,8878
82,,2110419,1,20260924,2959,596,44,0,0,0,0,3191,492,51,0,0,0,0,3,39.288333368477865,141.8633333,,,,,,,,,,,,,239,red,3599,3734,7333
82,,2110421,1,20260924,2387,578,35,0,0,0,0,2533,490,60,0,0,0,0,3,39.366111148542295,141.9044444,,,,,,,,,,,,,239,red,3000,3083,6083
82,,2110422,1,20260924,2544,587,30,0,0,0,0,2910,513,56,0,0,0,0,3,39.36731670854329,141.8911806,,,,,,,,,,,,,239,red,3161,3479,6640
82,,2110423,1,20260924,2579,609,1,0,0,0,0,2725,497,0,0,0,0,0,3,40.22921103920324,141.7800234,,,,,,,,,,,,,239,red,3189,3222,6411
82,,2110424,1,20260924,1346,455,0,0,0,0,0,1467,436,0,0,0,0,0,3,39.601276038732266,140.551915,,,,,,,,,,,,,239,red,1801,1903,3704
82,,2110428,1,20260924,2846,599,43,0,0,0,0,2754,612,28,0,0,0,0,3,38.73322403799523,140.787123,,,,,,,,,,,,,234,red,3488,3394,6882
82,,2110432,1,20260924,758,323,0,0,0,0,0,750,336,0,0,0,0,0,3,38.73755603799914,140.598389,,,,,,,,,,,,,239,red,1081,1086,2167
82,,2110435,1,20260924,4226,1258,0,0,0,0,0,3568,1186,0,0,0,0,0,3,38.74138978800262,140.2831578,,,,,,,,,,,,,239,red,5484,4754,10238
82,,2110436,1,20260924,2826,939,0,0,0,0,0,2593,804,0,0,0,0,0,3,38.74416703800512,140.259722,,,,,,,,,,,,,239,red,3765,3397,7162
82,,2110437,1,20260924,3054,1008,0,0,0,0,0,2912,925,0,0,0,0,0,3,38.73663903799832,140.168833,,,,,,,,,,,,,239,red,4062,3837,7899
82,,2110438,1,20260924,2921,954,0,0,0,0,0,2628,819,0,0,0,0,0,3,38.745210838006074,140.2326227,,,,,,,,,,,,,239,red,3875,3447,7322
82,,2110440,1,20260924,2590,936,0,0,0,0,1,2801,912,0,0,0,0,1,3,38.78155241803881,140.0267226,,,,,,,,,,,,,239,red,3526,3713,7239
82,,2110445,1,20260924,13475,1440,0,0,0,0,0,14896,1483,0,0,0,0,0,3,38.26502503755774,140.79343300000002,,,,,,,,,,,,,239,red,14915,16379,31294
82,,2110450,1,20260924,2923,883,0,0,0,0,0,2670,782,0,0,0,0,0,3,38.391999797679084,140.5672252,,,,,,,,,,,,,239,red,3806,3452,7258
82,,2110451,1,20260924,3937,415,0,0,0,0,0,3836,364,0,0,0,0,0,3,38.877650438124604,139.8869442,,,,,,,,,,,,,239,red,4352,4200,8552
82,,2110452,1,20260924,6467,521,0,0,0,29,0,6284,561,0,0,0,0,0,3,38.901543148145755,139.8723154,,,,,,,,,,,,,239,red,6988,6845,13833
82,,2110453,1,20260924,282,64,0,0,0,0,0,236,46,0,0,0,0,0,3,38.90368057814766,139.8668909,,,,,,,,,,,,,239,red,346,282,628
82,,2110454,1,20260924,4799,555,0,0,0,0,0,4708,465,0,0,0,0,0,3,38.87364379812106,139.886117,,,,,,,,,,,,,239,red,5354,5173,10527
82,,2110455,1,20260924,6754,1386,0,0,0,0,0,4354,1413,0,0,0,0,0,3,37.062925546313075,140.8516252,,,,,,,,,,,,,239,red,8140,5767,13907
82,,2110456,1,20260924,3470,416,0,0,0,0,0,3317,375,0,0,0,0,0,3,38.85157810810144,139.8908657,,,,,,,,,,,,,239,red,3886,3692,7578
82,,2110457,1,20260924,2250,426,0,0,0,0,0,2255,410,0,0,0,0,0,3,38.831843418083864,139.9098858,,,,,,,,,,,,,239,red,2676,2665,5341
82,,2110460,1,20260924,2580,605,1,0,0,0,0,2686,657,2,0,0,0,0,3,37.11000003636498,140.7641667,,,,,,,,,,,,,239,red,3186,3345,6531
82,,2110464,1,20260924,1783,536,4,1,0,0,0,702,232,53,1,0,0,0,3,37.31106211658384,140.4823494,,,,,,,,,,,,,239,red,2323,987,3310
82,,2110465,1,20260924,5756,784,0,0,0,0,0,5348,901,0,0,0,0,0,3,37.33970064661463,140.406585,,,,,,,,,,,,,239,red,6540,6249,12789
82,,2110470,1,20260924,3233,629,0,0,0,0,0,3315,534,0,0,0,0,0,3,37.49456687677952,140.2463901,,,,,,,,,,,,,239,red,3862,3849,7711
82,,2110472,1,20260924,694,390,0,0,0,0,0,667,390,0,0,0,0,0,3,37.65080306694305,139.5936209,,,,,,,,,,,,,239,red,1084,1057,2141
82,,2110473,1,20260924,5169,1051,0,0,0,0,0,5148,964,0,0,0,0,0,3,37.548570346836364,139.9683643,,,,,,,,,,,,,239,red,6220,6112,12332
82,,2110474,1,20260924,4711,683,0,0,0,0,0,4890,618,0,0,0,0,0,3,37.55735328684558,139.8550022,,,,,,,,,,,,,239,red,5394,5508,10902
82,,2110477,1,20260924,5470,447,6,0,0,0,0,4668,476,15,0,0,0,0,3,40.48458321937942,141.42701414,,,,,,,,,,,,,239,red,5923,5159,11082
82,,2110478,1,20260924,2337,292,0,0,0,0,0,2399,308,0,0,0,0,0,3,38.52642903780538,141.156619,,,,,,,,,,,,,239,red,2629,2707,5336
82,,2110479,1,20260924,3407,438,0,0,0,0,0,3308,480,0,0,0,0,0,3,38.556163037833,141.069142,,,,,,,,,,,,,239,red,3845,3788,7633
82,,2110480,1,20260924,6195,300,0,0,0,0,0,5466,323,0,0,0,0,0,3,38.570337037846144,140.982089,,,,,,,,,,,,,239,red,6495,5789,12284
82,,2110481,1,20260924,1273,672,0,0,0,0,0,1191,480,0,0,0,0,0,3,39.036923848264195,140.3899339,,,,,,,,,,,,,239,red,1945,1671,3616
82,,2110482,1,20260924,4560,681,3,0,0,0,0,5134,635,0,0,0,0,0,3,39.363397818540065,140.5656534,,,,,,,,,,,,,239,red,5244,5769,11013
82,,2110485,1,20260924,8586,759,0,0,0,0,0,9272,664,0,0,0,0,0,3,38.33956088762922,140.2816558,,,,,,,,,,,,,239,red,9345,9936,19281
82,,2110488,1,20260924,1358,268,0,0,0,0,0,1112,237,0,0,0,0,0,3,38.4566470377401,140.032103,,,,,,,,,,,,,239,red,1626,1349,2975
82,,2110491,1,20260924,2143,577,0,0,0,0,0,2246,531,0,0,0,0,0,3,38.58079848785582,139.9398136,,,,,,,,,,,,,239,red,2720,2777,5497
82,,2110500,1,20260924,1865,702,0,0,0,0,0,2064,582,0,0,0,0,0,3,38.046173177343945,139.7837305,,,,,,,,,,,,,239,red,2567,2646,5213
82,,2110501,1,20260924,1568,612,0,0,0,0,0,1461,482,0,0,0,0,0,3,38.0753590373728,139.72116,,,,,,,,,,,,,239,red,2180,1943,4123
82,,2110502,1,20260924,1617,503,0,0,0,0,0,1830,445,0,0,0,0,0,3,38.04606303734383,140.051715,,,,,,,,,,,,,239,red,2120,2275,4395
82,,2110503,1,20260924,2894,615,0,0,0,0,0,3338,549,0,0,0,0,0,3,38.044627037342416,140.064483,,,,,,,,,,,,,239,red,3509,3887,7396
82,,2110504,1,20260924,3025,743,0,0,0,0,0,3762,733,0,0,0,0,0,3,38.04518462734297,140.1366019,,,,,,,,,,,,,239,red,3768,4495,8263
82,,2110510,1,20260924,3601,677,0,0,0,0,0,3506,608,0,0,0,0,0,3,38.02769263732563,140.1668358,,,,,,,,,,,,,239,red,4278,4114,8392
82,,2110519,1,20260924,1852,333,14,0,0,0,0,2039,343,10,0,0,0,0,3,39.25195903844747,141.77938700000004,,,,,,,,,,,,,239,red,2199,2392,4591
82,,2110520,1,20260924,2454,407,24,0,0,0,0,2157,371,11,0,0,0,0,3,39.24514978844176,141.7423439,,,,,,,,,,,,,239,red,2885,2539,5424
82,,2110521,1,20260924,2402,470,0,0,0,0,0,2138,399,0,0,0,0,0,3,39.246448038442836,141.63560000000004,,,,,,,,,,,,,239,red,2872,2537,5409
82,,2110531,1,20260924,1078,132,0,0,0,0,0,2550,442,0,0,0,0,0,1,39.32515718850848,141.4883819,,,,,,,,,,,,,239,red,1210,2992,4202
82,,2110540,1,20260924,2916,530,0,0,0,0,0,3118,584,0,0,0,0,0,1,39.28807706847765,141.3475227,,,,,,,,,,,,,239,red,3446,3702,7148
82,,2110541,1,20260924,1580,240,0,0,0,0,0,1494,304,0,0,0,0,0,1,39.314345428499514,141.2615204,,,,,,,,,,,,,239,red,1820,1798,3618
82,,2110542,1,20260924,1445,312,0,0,0,0,0,1569,367,0,0,0,0,0,3,39.283375038473736,141.5516694,,,,,,,,,,,,,239,red,1757,1936,3693
82,,2110552,1,20260924,3829,939,42,0,0,0,0,3672,757,51,0,0,0,0,3,38.75991670801934,141.5025278,,,,,,,,,,,,,239,red,4810,4480,9290
82,,2110553,1,20260924,4699,1036,71,0,0,0,0,4569,844,38,0,0,0,0,3,38.80716670806179,141.54275,,,,,,,,,,,,,239,red,5806,5451,11257
82,,2110554,1,20260924,2765,736,63,0,0,0,0,2721,565,65,0,0,0,0,3,38.96347225820022,141.6241944,,,,,,,,,,,,,239,red,3564,3351,6915
82,,2110555,1,20260924,2139,509,45,0,0,0,0,1883,410,42,0,0,0,0,3,39.21138892841335,141.865,,,,,,,,,,,,,239,red,2693,2335,5028
82,,2110556,1,20260924,4903,955,68,0,0,0,0,4183,741,167,0,0,0,0,3,38.8781944781251,141.5846444,,,,,,,,,,,,,239,red,5926,5091,11017
82,,2110557,1,20260924,2637,894,230,0,0,0,0,2516,617,142,0,0,0,0,3,38.789722258046154,141.5180556,,,,,,,,,,,,,239,red,3761,3275,7036
82,,2110558,1,20260924,3101,707,62,0,0,0,0,3049,561,62,0,0,0,0,3,38.88277803812915,141.585833,,,,,,,,,,,,,239,red,3870,3672,7542
82,,2110559,1,20260924,3438,826,74,0,0,0,0,2953,632,66,0,0,0,0,3,38.925278038166695,141.6025,,,,,,,,,,,,,239,red,4338,3651,7989
82,,2110560,1,20260924,1601,589,98,0,0,0,0,1467,442,276,0,0,0,0,3,38.89750003814219,141.595,,,,,,,,,,,,,239,red,2288,2185,4473
82,,2110561,1,20260924,3377,813,98,0,0,0,0,2208,529,120,0,0,0,0,3,38.91750003815984,141.591944,,,,,,,,,,,,,239,red,4288,2857,7145
82,,2110604,1,20260924,1839,494,145,0,0,0,0,186,75,7,0,0,0,0,3,40.1607780391545,141.767278,,,,,,,,,,,,,239,red,2478,268,2746
82,,2112104,1,20260924,2687,754,6,0,0,0,0,2109,551,279,0,0,0,0,3,40.733783919542624,141.20798154,,,,,,,,,,,,,239,red,3447,2939,6386
82,,2120001,1,20260924,3819,631,0,0,0,0,0,3874,798,0,0,0,0,0,3,40.75045198955322,140.54906872,,,,,,,,,,,,,239,red,4450,4672,9122
82,,2120005,1,20260924,3825,552,26,0,0,0,0,4065,475,25,0,0,0,0,3,40.79249892957982,140.48972552,,,,,,,,,,,,,239,red,4403,4565,8968
82,,2120010,1,20260924,2806,445,20,0,0,0,0,2996,407,14,0,0,0,0,3,40.81212879959214,140.47707546,,,,,,,,,,,,,239,red,3271,3417,6688
82,,2120015,1,20260924,2246,395,0,0,0,0,0,2009,311,0,0,0,0,0,3,40.82729603960163,140.4413,,,,,,,,,,,,,239,red,2641,2320,4961
82,,2120020,1,20260924,542,135,0,0,0,0,0,1951,131,0,0,0,0,0,3,40.78380703957434,140.261545,,,,,,,,,,,,,239,red,677,2082,2759
82,,2310200,1,20260924,10748,1435,0,0,0,0,0,10127,1550,0,0,0,0,0,3,39.70615403881462,140.09793,,,,,,,,,,,,,239,red,12183,11677,23860
82,,2312101,1,20260924,3375,878,0,0,0,0,0,3125,818,0,0,0,0,0,3,40.70834700952637,141.24477593,,,,,,,,,,,,,239,red,4253,3943,8196
82,,2312102,1,20260924,3389,790,0,0,0,0,0,2814,761,0,0,0,0,0,3,40.725233449537164,141.22804347,,,,,,,,,,,,,239,red,4179,3575,7754
82,,2312103,1,20260924,1775,365,0,0,0,0,0,2100,441,0,0,0,0,0,3,37.77535545707135,140.7514008,,,,,,,,,,,,,239,red,2140,2541,4681
83,,3110010,1,20260924,12330,1617,893,0,0,0,0,14479,1504,1333,0,0,0,0,3,35.58550262456253,139.7049058,,,,,,,,,,,,,241,red,14840,17316,32156
83,,3110020,1,20260924,18747,3182,1026,0,0,0,0,18391,3220,974,0,0,0,0,3,35.37938903430058,139.509906,,,,,,,,,,,,,241,red,22955,22585,45540
83,,3110030,1,20260924,6002,238,357,0,0,0,0,6846,321,384,0,0,0,0,3,35.30798103420886,139.30775,,,,,,,,,,,,,241,red,6597,7551,14148
83,,3110040,1,20260924,5940,1150,0,0,0,0,0,6695,1273,0,0,0,0,0,3,35.24085503412222,139.123519,,,,,,,,,,,,,241,red,7090,7968,15058
83,,3110050,1,20260924,11958,6172,731,0,0,0,0,11654,6089,363,0,0,0,0,3,36.238458295364495,139.8048878,,,,,,,,,,,,,241,red,18861,18106,36967
83,,3110060,1,20260924,22453,5904,515,0,0,0,0,22596,5267,393,0,0,0,0,3,36.51217142568756,139.9177551,,,,,,,,,,,,,241,red,28872,28256,57128
83,,3110070,1,20260924,9392,2532,89,0,0,0,0,9328,2272,66,0,0,0,0,3,36.833366956056416,139.9495983,,,,,,,,,,,,,241,red,12013,11666,23679
83,,3110080,1,20260924,6091,483,52,0,0,0,0,5252,420,99,0,0,0,0,3,36.29676104543397,139.7863913,,,,,,,,,,,,,241,red,6626,5771,12397
83,,3110090,1,20260924,8296,302,173,0,0,0,0,8161,343,70,0,0,0,0,3,36.52417383570154,139.8798609,,,,,,,,,,,,,241,red,8771,8574,17345
83,,3110100,1,20260924,8160,337,104,0,0,0,0,8677,340,99,0,0,0,0,3,36.58529299577252,139.9295837,,,,,,,,,,,,,241,red,8601,9116,17717
83,,3110110,1,20260924,7037,1302,0,0,0,0,0,6616,1324,0,0,0,0,0,3,36.019401995100274,140.15926790000003,,,,,,,,,,,,,241,red,8339,7940,16279
83,,3110120,1,20260924,8842,2179,0,0,0,0,0,62,15,0,0,0,0,0,3,36.297327425434645,140.4228446,,,,,,,,,,,,,241,red,11021,77,11098
83,,3110140,1,20260924,12097,1683,760,0,0,0,0,13564,1916,651,0,0,0,0,3,35.70274880470968,139.8786539,,,,,,,,,,,,,241,red,14540,16131,30671
83,,3110150,1,20260924,9556,1594,1306,0,0,0,0,10801,1830,757,0,0,0,0,3,35.61902656460475,140.0975838,,,,,,,,,,,,,241,red,12456,13388,25844
83,,3110160,1,20260924,13411,2704,1194,0,0,0,0,13848,2181,1344,0,0,0,0,3,35.56474703453633,139.7273263,,,,,,,,,,,,,241,red,17309,17373,34682
83,,3110170,1,20260924,12917,4140,0,0,0,0,0,14873,2698,0,0,0,0,0,3,35.52794003448978,139.70328,,,,,,,,,,,,,241,red,17057,17571,34628
83,,3110180,1,20260924,12035,3501,0,0,0,0,0,13472,3062,0,0,0,32,0,3,35.47903203442772,139.638693,,,,,,,,,,,,,241,red,15536,16534,32070
83,,3110190,1,20260924,10167,365,817,0,0,0,0,8979,390,704,0,0,0,0,3,35.26731403415642,139.685375,,,,,,,,,,,,,241,red,11349,10073,21422
83,,3110200,1,20260924,7722,385,511,0,0,0,0,6869,399,566,0,0,0,0,3,35.36071103427663,139.629686,,,,,,,,,,,,,241,red,8618,7834,16452
83,,3110220,1,20260924,14831,4949,0,0,0,2,0,13440,4104,0,0,0,2,0,3,35.58894027456686,139.3426681,,,,,,,,,,,,,241,red,19780,17544,37324
83,,3110230,1,20260924,5626,449,498,0,0,0,0,5387,465,475,0,0,0,0,3,35.483485034433386,139.527129,,,,,,,,,,,,,241,red,6573,6327,12900
83,,3110240,1,20260924,9824,3800,0,1,0,0,0,10400,3687,0,1,0,0,0,3,35.83073572486877,139.3800849,,,,,,,,,,,,,241,red,13624,14087,27711
83,,3110250,1,20260924,14467,4783,313,0,0,0,0,13564,4835,291,0,0,0,0,3,35.707798574715994,140.1198261,,,,,,,,,,,,,241,red,19563,18690,38253
83,,3110260,1,20260924,11391,3378,474,0,0,0,0,12081,3324,250,0,0,0,0,3,35.53057826449313,140.0927666,,,,,,,,,,,,,241,red,15243,15655,30898
83,,3110270,1,20260924,8848,1719,523,0,0,0,0,10199,2233,647,0,0,0,0,3,35.79240130482129,139.6854329,,,,,,,,,,,,,241,red,11090,13079,24169
83,,3110280,1,20260924,20180,6539,0,1,0,0,0,20589,6765,0,1,0,0,0,3,35.803056924834515,139.6481824,,,,,,,,,,,,,241,red,26719,27354,54073
83,,3110290,1,20260924,14080,3032,0,0,0,0,0,13699,2690,0,0,0,0,0,3,36.07243401516468,139.4990623,,,,,,,,,,,,,241,red,17112,16389,33501
83,,3110300,1,20260924,5325,438,0,1,0,0,0,5324,468,0,1,0,0,0,3,36.18854634530473,139.3083894,,,,,,,,,,,,,241,red,5763,5792,11555
83,,3110310,1,20260924,7798,1028,93,0,0,0,0,8161,1205,97,0,0,0,0,3,36.28225430541672,139.0870374,,,,,,,,,,,,,241,red,8919,9463,18382
83,,3110320,1,20260924,15752,829,361,0,0,0,0,15754,792,237,0,0,0,0,3,36.3553183655034,139.0125096,,,,,,,,,,,,,241,red,16942,16783,33725
83,,3110350,1,20260924,8111,1483,0,0,0,0,0,9186,1503,0,0,0,0,0,3,36.343173145489025,138.5572287,,,,,,,,,,,,,241,red,9594,10689,20283
83,,3110360,1,20260924,8109,730,0,0,0,0,0,7666,673,0,0,0,0,0,3,36.37715425552919,138.2764444,,,,,,,,,,,,,241,red,8839,8339,17178
83,,3110370,1,20260924,6666,598,0,0,0,0,0,7502,668,0,0,0,0,0,3,36.6491958258463,138.2215959,,,,,,,,,,,,,241,red,7264,8170,15434
83,,3110380,1,20260924,6989,731,0,0,0,0,0,6595,755,0,0,0,0,0,3,36.20646628532621,137.9629773,,,,,,,,,,,,,241,red,7720,7350,15070
83,,3110390,1,20260924,1458,294,0,0,0,0,0,1452,274,0,0,0,0,0,3,36.53866995571842,137.9675826,,,,,,,,,,,,,241,red,1752,1726,3478
83,,3110400,1,20260924,12335,1112,730,0,0,0,0,13731,1415,955,0,0,0,0,3,35.669090024667575,139.59433440000004,,,,,,,,,,,,,241,red,14177,16101,30278
83,,3110410,1,20260924,4403,418,285,0,0,0,0,4191,523,257,0,0,0,0,3,35.617552604602885,139.1855389,,,,,,,,,,,,,241,red,5106,4971,10077
83,,3110420,1,20260924,6796,790,0,0,0,0,0,6169,823,0,0,0,0,0,3,35.611220394594916,138.9628673,,,,,,,,,,,,,241,red,7586,6992,14578
83,,3110430,1,20260924,1851,1700,0,0,0,0,0,1426,1952,0,0,0,0,0,3,35.603966294585796,138.8040242,,,,,,,,,,,,,241,red,3551,3378,6929
83,,3110440,1,20260924,11664,1309,0,0,0,0,0,10198,1120,0,0,0,0,0,3,35.66782617466599,138.5078037,,,,,,,,,,,,,241,red,12973,11318,24291
83,,3110450,1,20260924,2052,637,0,0,0,0,0,2120,593,0,0,0,0,0,3,35.90777048496373,138.2345215,,,,,,,,,,,,,241,red,2689,2713,5402
83,,3110460,1,20260924,4885,443,0,0,0,0,0,4819,399,0,0,0,0,0,3,36.07055654516242,138.0938691,,,,,,,,,,,,,241,red,5328,5218,10546
83,,3110470,1,20260924,6451,1120,88,0,0,0,0,6219,1119,51,0,0,0,0,3,36.378318235530564,139.2290443,,,,,,,,,,,,,241,red,7659,7389,15048
83,,3110480,1,20260924,11801,3332,121,0,0,0,0,11974,3214,155,0,0,0,0,3,36.314701575455274,139.4271684,,,,,,,,,,,,,241,red,15254,15343,30597
83,,3110490,1,20260924,6179,1000,0,0,0,0,0,5729,856,0,0,0,0,0,3,36.3924270955472,140.2677888,,,,,,,,,,,,,241,red,7179,6585,13764
83,,3110520,1,20260924,3752,718,0,0,0,0,0,3951,716,0,0,0,0,0,3,35.95803238502537,140.6007609,,,,,,,,,,,,,241,red,4470,4667,9137
83,,3110550,1,20260924,97,1,8,0,0,0,0,56,4,10,0,0,0,0,3,35.150913034005455,139.829981,,,,,,,,,,,,,241,red,106,70,176
83,,3110560,1,20260924,5451,597,0,0,0,0,0,5816,452,0,0,0,0,0,3,35.43543715437221,138.84019380000004,,,,,,,,,,,,,241,red,6048,6268,12316
83,,3110580,1,20260924,2317,576,0,0,0,0,0,2361,628,0,0,0,0,0,3,35.47790102442629,138.6703992,,,,,,,,,,,,,241,red,2893,2989,5882
83,,3110590,1,20260924,5547,408,0,0,0,0,0,5714,401,0,0,0,0,0,3,35.51892892447836,138.83839670000003,,,,,,,,,,,,,241,red,5955,6115,12070
83,,3110610,1,20260924,18479,2854,754,0,0,0,0,9988,1569,2045,0,0,0,0,3,35.536946034501184,139.510691,,,,,,,,,,,,,241,red,22087,13602,35689
83,,3110620,1,20260924,16179,4741,570,0,0,0,0,16614,4915,690,0,0,0,0,3,35.472892034419914,139.412266,,,,,,,,,,,,,241,red,21490,22219,43709
83,,3110630,1,20260924,12156,1421,500,0,0,0,0,10828,1361,736,0,0,0,0,3,35.4275870343622,139.351511,,,,,,,,,,,,,241,red,14077,12925,27002
83,,3110640,1,20260924,6944,891,404,0,0,0,0,7158,887,341,0,0,0,0,3,35.37445003429424,139.203293,,,,,,,,,,,,,241,red,8239,8386,16625
83,,3110650,1,20260924,4983,1631,203,0,0,0,0,4462,1925,162,0,0,0,0,3,35.36087503427685,139.014722,,,,,,,,,,,,,241,red,6817,6549,13366
83,,3110660,1,20260924,15318,5184,880,0,0,0,0,11859,4825,691,0,0,0,0,3,35.68396699468621,139.992342,,,,,,,,,,,,,241,red,21382,17375,38757
83,,3110670,1,20260924,5714,3983,321,0,0,0,0,5746,4994,379,0,0,0,0,3,35.588442964566234,139.7548217,,,,,,,,,,,,,241,red,10018,11119,21137
83,,3110980,1,20260924,6361,986,54,0,0,0,0,6458,1155,109,0,0,0,0,1,36.24888937537695,138.4463891,,,,,,,,,,,,,241,red,7401,7722,15123
83,,3110990,1,20260924,4299,784,0,0,0,0,0,0,0,0,0,0,0,0,1,36.242588925369425,138.4374556,,,,,,,,,,,,,241,red,5083,0,5083
83,,3111000,1,20260924,0,0,0,0,0,0,0,4169,736,0,0,0,0,0,1,36.22486392534824,138.4372861,,,,,,,,,,,,,241,red,0,4905,4905
83,,3111010,1,20260924,3572,677,0,0,0,0,0,3653,726,0,0,0,0,0,1,36.16839725528054,138.4688,,,,,,,,,,,,,241,red,4249,4379,8628
83,,3111030,1,20260924,2405,597,0,0,0,0,0,0,0,0,0,0,0,0,1,36.14629447525393,138.4676028,,,,,,,,,,,,,241,red,3002,0,3002
83,,3111040,1,20260924,0,0,0,0,0,0,0,2396,623,0,0,0,0,0,1,36.13644447524206,138.4613806,,,,,,,,,,,,,241,red,0,3019,3019
83,,3111050,1,20260924,3441,1245,57,0,0,0,0,3412,1276,63,0,0,0,0,1,35.443037034381895,138.453937,,,,,,,,,,,,,241,red,4743,4751,9494
83,,3111060,1,20260924,3403,1007,36,0,0,0,0,3519,1021,173,0,0,0,0,1,35.48100503443024,138.45894900000002,,,,,,,,,,,,,241,red,4446,4713,9159
83,,3111070,1,20260924,3323,1285,86,0,0,0,0,3055,1260,83,0,0,0,0,1,35.35961103427522,138.456636,,,,,,,,,,,,,241,red,4694,4398,9092
83,,3111080,1,20260924,3416,1274,121,0,0,0,0,3090,1241,77,0,0,0,0,1,35.337913034247364,138.45119000000003,,,,,,,,,,,,,241,red,4811,4408,9219
83,,3111090,1,20260924,2929,1223,61,0,0,0,0,2581,1203,70,0,0,0,0,1,35.27778503416994,138.444487,,,,,,,,,,,,,241,red,4213,3854,8067
83,,3310680,1,20260924,12565,1578,781,0,0,0,0,14780,1477,1193,0,0,0,0,3,35.55346203452207,139.695301,,,,,,,,,,,,,241,red,14924,17450,32374
83,,3310690,1,20260924,8520,1208,665,0,0,0,0,10110,1144,844,0,0,0,0,3,35.476498034424495,139.611304,,,,,,,,,,,,,241,red,10393,12098,22491
83,,3310720,1,20260924,15677,2546,960,0,0,0,0,15724,2769,1187,0,0,0,0,3,35.78172684480805,139.8030451,,,,,,,,,,,,,241,red,19183,19680,38863
83,,3310730,1,20260924,12155,1430,1181,0,0,0,0,13979,1608,1462,0,0,0,0,3,35.723854004736026,139.819876,,,,,,,,,,,,,241,red,14766,17049,31815
83,,3310740,1,20260924,15637,2362,864,0,0,0,0,0,0,0,0,241,241,0,3,35.76173829478322,139.8620188,,,,,,,,,,,,,241,red,18863,0,18863
83,,3310750,1,20260924,13434,2358,1067,0,0,0,0,18227,2576,949,0,0,0,0,3,35.768080334791094,139.8831359,,,,,,,,,,,,,241,red,16859,21752,38611
83,,3310760,1,20260924,6745,857,0,0,0,0,0,6790,430,0,0,0,0,0,3,36.333593035477676,140.487226,,,,,,,,,,,,,241,red,7602,7220,14822
83,,3310770,1,20260924,13978,1727,1588,0,0,0,0,11967,1591,1533,0,0,0,0,3,35.696867714702336,139.8301488,,,,,,,,,,,,,241,red,17293,15091,32384
83,,3310780,1,20260924,10326,2065,901,0,0,0,0,11887,1850,1066,0,0,0,0,3,35.550513454518345,139.7165117,,,,,,,,,,,,,241,red,13292,14803,28095
83,,3310790,1,20260924,9191,1041,0,0,0,0,0,9012,1053,0,0,0,0,0,3,35.30616103420651,139.624807,,,,,,,,,,,,,241,red,10232,10065,20297
83,,3310810,1,20260924,11641,5173,767,0,0,0,0,10994,5201,906,0,0,0,0,3,35.88142903493132,139.9657318,,,,,,,,,,,,,241,red,17581,17101,34682
83,,3310820,1,20260924,14399,2482,1300,0,0,0,0,13190,2434,780,0,0,0,0,3,35.769723434793136,139.7015664,,,,,,,,,,,,,241,red,18181,16404,34585
83,,3310830,1,20260924,5078,671,54,0,0,0,0,4451,625,53,0,0,0,0,3,36.65616783585431,139.0205401,,,,,,,,,,,,,241,red,5803,5129,10932
83,,3310840,1,20260924,15373,1331,860,0,0,0,0,12341,1497,1178,0,0,0,0,3,35.67115788467016,139.6194506,,,,,,,,,,,,,241,red,17564,15016,32580
83,,3310850,1,20260924,15717,1649,0,0,0,0,0,13994,1362,0,0,0,0,0,3,35.644829464637155,138.6173022,,,,,,,,,,,,,241,red,17366,15356,32722
83,,3310860,1,20260924,1791,539,0,0,0,0,0,1814,542,0,0,0,0,0,3,35.85597447489995,138.2880181,,,,,,,,,,,,,241,red,2330,2356,4686
83,,3310880,1,20260924,3267,373,0,0,0,0,0,3963,471,0,0,0,0,0,3,35.58082577455663,138.474952,,,,,,,,,,,,,241,red,3640,4434,8074
83,,3310890,1,20260924,15388,1831,1072,0,0,0,0,14664,1859,2414,0,0,0,0,3,35.625824724613295,139.6414769,,,,,,,,,,,,,241,red,18291,18937,37228
83,,3310900,1,20260924,22153,3453,1511,0,0,0,0,22026,3276,1501,0,0,0,0,3,35.60764403459042,139.613062,,,,,,,,,,,,,241,red,27117,26803,53920
83,,3310910,1,20260924,5214,1809,483,0,0,0,0,5749,2088,248,0,0,0,0,3,35.34910803426173,139.141352,,,,,,,,,,,,,241,red,7506,8085,15591
83,,3310920,1,20260924,12527,1384,1394,0,0,0,0,12098,1642,2348,0,0,0,0,3,35.74888073476721,139.6969986,,,,,,,,,,,,,241,red,15305,16088,31393
83,,3310930,1,20260924,15116,1963,938,0,0,0,0,15602,1992,909,0,0,0,0,3,35.757753044778255,139.6835902,,,,,,,,,,,,,241,red,18017,18503,36520
83,,3310940,1,20260924,18111,4528,659,0,0,0,0,16122,4655,477,0,0,0,0,3,35.653820154648436,140.0442401,,,,,,,,,,,,,241,red,23298,21254,44552
83,,3310950,1,20260924,17736,8091,1049,0,0,0,0,16132,9095,1501,0,0,0,0,3,35.64815995464133,139.9005461,,,,,,,,,,,,,241,red,26876,26728,53604
83,,3310960,1,20260924,4108,2869,270,0,0,0,0,3421,2074,617,0,0,0,0,3,35.646721404639536,139.8238456,,,,,,,,,,,,,241,red,7247,6112,13359
84,,4110010,1,20260924,25166,4565,0,0,0,0,0,21807,6353,0,0,0,0,0,3,37.932215037230314,139.139722,,,,,,,,,,,,,241,red,29731,28160,57891
84,,4110020,1,20260924,7995,492,0,0,0,0,0,7922,628,0,0,0,0,0,3,37.96100603725917,139.354741,,,,,,,,,,,,,241,red,8487,8550,17037
84,,4110030,1,20260924,1952,828,0,0,0,0,0,1891,607,0,0,0,0,0,3,38.540634037818585,139.550276,,,,,,,,,,,,,241,red,2780,2498,5278
84,,4110040,1,20260924,37098,5803,0,0,0,0,0,37173,3939,0,0,0,0,0,3,37.89993403719785,139.068639,139.0649569,37.8988954271968,,,,,,,,,,,241,red,42901,41112,84013
84,,4110060,1,20260924,5460,1398,221,0,0,0,0,5329,1436,201,0,0,0,0,3,37.56415502685272,138.8938299,,,,,,,,,,,,,241,red,7079,6966,14045
84,,4110070,1,20260924,6201,660,77,0,0,0,0,6588,557,50,0,0,0,0,3,37.44889503673119,138.76828100000003,,,,,,,,,,,,,241,red,6938,7195,14133
84,,4110090,1,20260924,1013,483,0,0,0,0,0,998,517,0,0,0,0,0,3,36.97923003622018,137.642048,,,,,,,,,,,,,241,red,1496,1515,3011
84,,4110110,1,20260924,11232,1505,88,0,0,0,0,10677,1396,86,0,0,0,0,3,36.737147395947105,137.3387361,137.3387361,36.737147395947105,,,,,,,,,,,241,red,12825,12159,24984
84,,4110120,1,20260924,11140,1812,82,0,0,0,0,12521,1791,88,0,0,0,0,3,36.74295939595373,137.1063924,,,,,,,,,,,,,241,red,13034,14400,27434
84,,4110130,1,20260924,11360,1821,115,0,0,0,0,11596,1736,89,0,0,0,0,3,36.75988562597303,137.0465469,,,,,,,,,,,,,241,red,13296,13421,26717
84,,4110140,1,20260924,5259,1311,44,0,0,0,0,5530,1396,35,0,0,0,0,3,36.6765250558777,136.8260425,,,,,,,,,,,,,241,red,6614,6961,13575
84,,4110150,1,20260924,23791,3331,0,0,0,0,0,23803,3904,0,0,0,0,0,3,36.589046875776866,136.6271782,136.6276288,36.58868075577644,,,,,,,,,,,241,red,27122,27707,54829
84,,4110160,1,20260924,7867,1704,0,0,0,0,0,7127,1552,0,0,0,0,0,3,36.33272803547666,136.42083400000004,,,,,,,,,,,,,241,red,9571,8679,18250
84,,4110170,1,20260924,5530,1618,103,0,0,0,0,5154,1356,523,0,0,0,0,3,36.295882035432925,136.303694,,,,,,,,,,,,,241,red,7251,7033,14284
84,,4110180,1,20260924,2964,260,0,0,0,0,0,3190,241,0,0,0,0,0,3,37.35568202663179,138.5718066,,,,,,,,,,,,,241,red,3224,3431,6655
84,,4110190,1,20260924,537,64,18,0,0,0,0,495,54,23,0,0,0,0,3,36.785345316001994,138.8016209,,,,,,,,,,,,,241,red,619,572,1191
84,,4110200,1,20260924,5022,820,163,0,0,0,0,4565,739,446,0,0,0,0,3,37.05929117630906,138.8725331,,,,,,,,,,,,,241,red,6005,5750,11755
84,,4110210,1,20260924,5664,1114,581,0,0,0,0,0,0,0,0,0,0,0,3,37.379305636657065,138.8344324,,,,,,,,,,,,,241,red,7359,0,7359
84,,4110220,1,20260924,1838,410,0,0,0,0,0,1766,381,0,0,0,0,0,3,36.859512036085945,138.194944,,,,,,,,,,,,,241,red,2248,2147,4395
84,,4110230,1,20260924,5020,376,35,0,0,0,0,4545,356,28,0,0,0,0,3,36.59277686578118,137.2042608,,,,,,,,,,,,,241,red,5431,4929,10360
84,,4110240,1,20260924,10454,512,92,0,0,0,0,10041,493,86,0,0,0,0,3,36.68543044588792,137.2119749,,,,,,,,,,,,,241,red,11058,10620,21678
84,,4110250,1,20260924,2033,449,0,0,0,0,0,1881,436,0,0,0,0,0,3,37.66099003695361,139.47592,,,,,,,,,,,,,241,red,2482,2317,4799
84,,4110260,1,20260924,1989,599,0,0,0,0,0,1651,426,0,0,0,0,0,3,38.081379037378746,139.576978,,,,,,,,,,,,,241,red,2588,2077,4665
84,,4110270,1,20260924,2480,686,0,0,0,0,0,2216,608,0,0,0,0,0,3,37.60222103689251,138.798415,,,,,,,,,,,,,241,red,3166,2824,5990
84,,4110280,1,20260924,6998,261,47,0,0,0,0,7567,281,39,0,0,0,0,3,36.650611795847915,136.963672,,,,,,,,,,,,,241,red,7306,7887,15193
84,,4110290,1,20260924,7520,1094,0,0,0,0,0,8349,967,0,0,0,0,0,3,36.52124203569812,136.587868,,,,,,,,,,,,,241,red,8614,9316,17930
84,,4110300,1,20260924,11577,2467,0,0,241,0,0,13537,1091,0,0,0,0,0,3,36.59043403577848,136.685666,136.68521,36.59039903577843,,,,,,,,,,,241,red,14044,14628,28672
84,,4110310,1,20260924,518,18,11,0,0,0,0,531,31,20,0,0,0,0,3,37.0464990362949,137.047738,,,,,,,,,,,,,241,red,547,582,1129
84,,4110320,1,20260924,1919,431,23,0,0,0,0,2076,567,21,0,0,0,0,3,36.8686864160963,136.96136,,,,,,,,,,,,,241,red,2373,2664,5037
84,,4110330,1,20260924,3217,535,37,0,0,0,0,3355,707,31,0,0,0,0,3,36.83313510605615,136.9442582,,,,,,,,,,,,,241,red,3789,4093,7882
84,,4110340,1,20260924,3742,1869,0,0,0,0,0,2809,2960,0,0,0,0,0,3,36.75969223597281,136.9658715,,,,,,,,,,,,,241,red,5611,5769,11380
84,,4110350,1,20260924,1821,476,4,0,0,0,0,2302,803,0,0,241,0,0,3,37.240650036507716,136.905469,,,,,,,,,,,,,241,red,2301,3105,5406
84,,4110351,1,20260924,977,174,0,0,0,0,0,1235,262,0,0,0,0,0,3,37.31000403658269,136.9066,,,,,,,,,,,,,241,red,1151,1497,2648
84,,4110370,1,20260924,4894,313,0,0,0,0,0,4499,342,0,0,0,0,0,6,37.83527203713243,139.227435,,,,,,,,,,,,,241,red,5207,4841,10048
84,,4110371,1,20260924,3865,601,0,0,0,0,0,4044,592,0,0,0,0,0,3,37.829370037126424,139.20906,,,,,,,,,,,,,241,red,4466,4636,9102
84,,4110380,1,20260924,2581,453,0,0,0,0,0,2689,288,0,0,0,0,0,3,37.73164303702653,139.333641,,,,,,,,,,,,,241,red,3034,2977,6011
84,,4110390,1,20260924,2297,497,0,0,0,0,0,2374,460,0,0,0,0,0,3,37.699376036993314,139.38248,,,,,,,,,,,,,241,red,2794,2834,5628
84,,4110400,1,20260924,1625,465,0,0,0,0,0,2039,604,0,0,0,0,0,3,37.012781036257515,137.026061,,,,,,,,,,,,,241,red,2090,2643,4733
84,,4110410,1,20260924,13346,2204,0,0,0,0,0,4617,540,0,0,0,241,0,3,36.38238103553535,136.486002,,,,,,,,,,,,,241,red,15550,5157,20707
84,,4110430,1,20260924,486,189,0,0,0,0,0,505,212,0,0,0,0,0,3,37.01726703626248,136.967459,,,,,,,,,,,,,241,red,675,717,1392
84,,4110440,1,20260924,3562,548,21,0,0,0,0,3475,752,52,0,0,0,0,3,36.80001257601863,136.9558319,,,,,,,,,,,,,241,red,4131,4279,8410
84,,4110450,1,20260924,1808,437,44,0,0,0,0,2040,676,68,0,0,0,0,3,36.88168028611092,136.97572590000001,,,,,,,,,,,,,241,red,2289,2784,5073
84,,4110460,1,20260924,1555,419,28,0,0,0,0,1914,556,27,0,0,0,0,3,36.93083435616611,137.0132339,,,,,,,,,,,,,241,red,2002,2497,4499
84,,4110470,1,20260924,6912,979,37,0,0,0,0,6926,955,39,0,0,0,0,3,36.84399970606843,137.4189931,,,,,,,,,,,,,241,red,7928,7920,15848
84,,4110480,1,20260924,5271,1007,0,0,0,0,0,4624,981,0,0,0,0,0,3,37.7661015170619,139.0265521,,,,,,,,,,,,,241,red,6278,5605,11883
84,,4110490,1,20260924,4744,846,0,0,0,0,0,4567,833,0,0,0,0,0,3,37.77256794706851,139.0261587,,,,,,,,,,,,,241,red,5590,5400,10990
84,,4110880,1,20260924,4232,655,0,0,0,0,0,4535,668,0,0,0,0,0,3,37.159443036419226,138.223379,,,,,,,,,,,,,241,red,4887,5203,10090
84,,4160390,1,20260924,1517,644,0,0,0,0,0,1431,532,0,0,0,0,0,1,38.268866037561445,139.522026,,,,,,,,,,,,,241,red,2161,1963,4124
84,,4310010,1,20260924,19867,1659,0,0,0,0,0,17823,1539,0,0,0,0,0,3,37.90111003719903,139.07252,139.07275,37.90117003719909,,,,,,,,,,,241,red,21526,19362,40888
84,,4310012,1,20260924,7596,218,0,0,0,0,0,7200,178,0,0,0,0,0,3,37.92162903721969,139.058415,139.059129,37.921847037219905,,,,,,,,,,,241,red,7814,7378,15192
84,,4310014,1,20260924,26481,2984,0,0,0,0,0,20137,2062,0,0,0,241,0,3,37.91719603721522,139.11685,,,,,,,,,,,,,241,red,29465,22199,51664
84,,4310020,1,20260924,12986,1029,0,0,0,0,0,7302,350,0,0,0,0,0,3,37.96990561726807,139.2601579,,,,,,,,,,,,,241,red,14015,7652,21667
84,,4310030,1,20260924,12903,1119,0,0,0,0,0,11517,877,0,0,0,0,0,3,37.959626427257795,139.290365,,,,,,,,,,,,,241,red,14022,12394,26416
84,,4310060,1,20260924,9782,1342,0,0,0,0,0,12162,1578,0,0,0,0,0,3,37.855369037152805,139.017016,,,,,,,,,,,,,241,red,11124,13740,24864
84,,4310070,1,20260924,6273,1038,0,0,0,0,0,5405,1163,0,0,0,0,0,3,37.213535036478255,138.30873,,,,,,,,,,,,,241,red,7311,6568,13879
84,,4310080,1,20260924,6423,759,0,0,0,0,0,7788,756,0,0,0,0,0,3,37.15957303641935,138.228132,,,,,,,,,,,,,241,red,7182,8544,15726
84,,4310090,1,20260924,3089,658,0,0,0,0,0,2861,649,0,0,0,0,0,3,37.119068036374955,138.031711,,,,,,,,,,,,,241,red,3747,3510,7257
84,,4310100,1,20260924,5060,688,0,0,0,0,0,4004,655,0,0,0,0,0,3,37.04548803629378,137.853387,,,,,,,,,,,,,241,red,5748,4659,10407
84,,4310110,1,20260924,2840,139,25,0,0,0,0,1931,105,19,0,0,0,0,3,37.055192036304526,137.905522,,,,,,,,,,,,,241,red,3004,2055,5059
84,,4310120,1,20260924,4264,958,0,0,0,0,0,3776,772,0,0,0,0,0,3,36.94553606618256,137.53465,,,,,,,,,,,,,241,red,5222,4548,9770
84,,4310130,1,20260924,8247,1163,22,0,0,0,0,8229,1160,76,0,0,0,0,3,36.77997831599589,137.3953897,137.3949552,36.779578725995435,,,,,,,,,,,241,red,9432,9465,18897
84,,4310160,1,20260924,3046,403,0,0,0,0,0,3096,417,0,0,0,0,0,3,36.6900247158932,136.89856410000002,,,,,,,,,,,,,241,red,3449,3513,6962
84,,4310170,1,20260924,2833,523,87,0,0,0,0,0,0,0,0,0,0,0,3,36.92741586616228,137.4845517,,,,,,,,,,,,,241,red,3443,0,3443
84,,4310190,1,20260924,5531,1479,0,0,241,0,0,5427,1350,0,0,241,0,0,3,36.68614025588873,136.7302394,,,,,,,,,,,,,241,red,7010,6777,13787
84,,4310200,1,20260924,5632,1145,0,0,0,0,0,5496,1305,0,0,0,0,0,3,36.68324936588542,136.7232978,,,,,,,,,,,,,241,red,6777,6801,13578
84,,4310210,1,20260924,18923,3019,0,0,0,0,0,18254,2908,0,0,0,0,0,3,36.562841365746486,136.5982425,,,,,,,,,,,,,241,red,21942,21162,43104
84,,4310220,1,20260924,15721,2827,0,0,0,0,0,15988,2369,0,0,0,0,0,3,36.50450003567862,136.550432,,,,,,,,,,,,,241,red,18548,18357,36905
84,,4310230,1,20260924,10740,2161,0,0,0,0,0,12077,1949,0,0,0,0,0,3,36.42391556558427,136.483165,,,,,,,,,,,,,241,red,12901,14026,26927
84,,4310250,1,20260924,4088,1445,0,0,0,0,0,4227,1348,0,0,0,0,0,3,36.2785439554123,136.2915319,,,,,,,,,,,,,241,red,5533,5575,11108
84,,4310270,1,20260924,2581,86,12,0,0,0,0,2038,81,18,0,0,0,0,3,37.072231146323354,138.87240170000004,,,,,,,,,,,,,241,red,2679,2137,4816
84,,4310280,1,20260924,3906,763,0,0,0,0,1,4354,673,0,0,0,0,1,3,36.93595003617183,138.219789,,,,,,,,,,,,,241,red,4669,5027,9696
84,,4310300,1,20260924,14769,1817,0,0,0,0,0,14245,2009,0,0,0,0,0,3,37.135361036392844,138.266363,,,,,,,,,,,,,241,red,16586,16254,32840
84,,4310310,1,20260924,1667,456,34,0,0,0,0,1906,411,35,0,0,0,0,3,36.469212195637375,137.2416294,,,,,,,,,,,,,241,red,2157,2352,4509
84,,4310320,1,20260924,1688,489,27,0,0,0,0,1942,388,32,0,0,0,0,3,36.51196446568731,137.2282451,,,,,,,,,,,,,241,red,2204,2362,4566
84,,4310330,1,20260924,7436,863,0,0,0,0,0,6369,828,0,0,0,0,0,3,36.636592975831775,137.209239,,,,,,,,,,,,,241,red,8299,7197,15496
84,,4310350,1,20260924,12817,1652,0,0,0,0,0,10459,2020,0,0,0,0,0,3,37.85868303715617,139.114645,,,,,,,,,,,,,241,red,14469,12479,26948
84,,4310360,1,20260924,2568,635,520,0,0,0,0,3937,588,132,0,0,0,0,3,37.44596703672809,138.637808,,,,,,,,,,,,,241,red,3723,4657,8380
84,,4310370,1,20260924,5324,1261,0,0,0,0,0,5222,1197,0,0,0,0,0,3,37.659782356952356,138.8757271,,,,,,,,,,,,,241,red,6585,6419,13004
84,,4310380,1,20260924,4080,1050,0,0,0,0,0,3892,1374,0,0,0,0,0,3,37.75046003704586,138.90062,,,,,,,,,,,,,241,red,5130,5266,10396
84,,4310390,1,20260924,189,285,0,0,0,0,0,81,110,0,0,0,134,0,3,37.8373130371345,138.931687,,,,,,,,,,,,,241,red,474,191,665
84,,4310400,1,20260924,364,58,6,0,0,0,0,483,142,7,0,0,0,0,3,36.554335475736636,137.0083094,,,,,,,,,,,,,241,red,428,632,1060
84,,4310410,1,20260924,3201,278,20,0,0,0,0,3497,322,49,0,0,0,0,3,36.956120636194385,136.8892354,,,,,,,,,,,,,241,red,3499,3868,7367
84,,4310411,1,20260924,3096,325,0,0,0,0,0,3222,381,0,0,0,0,0,3,36.92171203615589,136.844019,,,,,,,,,,,,,241,red,3421,3603,7024
84,,4310420,1,20260924,1746,185,0,0,0,0,0,1755,206,0,0,0,0,0,3,36.81057320603062,136.7629731,,,,,,,,,,,,,241,red,1931,1961,3892
84,,4310430,1,20260924,13175,1596,0,0,0,0,0,13404,1360,0,0,0,0,0,3,36.68889768589191,136.7214257,,,,,,,,,,,,,241,red,14771,14764,29535
84,,4310440,1,20260924,8628,675,0,0,0,0,0,7846,903,0,0,0,0,0,3,36.62649371582013,136.7029238,,,,,,,,,,,,,241,red,9303,8749,18052
84,,4310441,1,20260924,11247,824,0,0,0,0,0,11896,696,0,0,0,0,0,3,36.60182503579164,136.700048,,,,,,,,,,,,,241,red,12071,12592,24663
84,,4310450,1,20260924,15624,1071,0,0,0,0,0,15906,670,791,0,0,0,0,3,36.57428003575976,136.686305,136.6864014,36.57449126576,,,,,,,,,,,241,red,16695,17367,34062
84,,4310460,1,20260924,292,24,26,0,0,0,0,250,20,24,0,0,0,0,3,36.9580881961966,137.048108,,,,,,,,,,,,,241,red,342,294,636
84,,4310470,1,20260924,9452,1012,67,0,0,0,0,11124,869,90,0,0,0,0,3,36.77955370599541,137.0001501,,,,,,,,,,,,,241,red,10531,12083,22614
85,22,5110100,1,20260924,16054,1825,529,0,0,0,0,14813,2448,589,0,0,0,0,3,35.15213957400704,138.9246216,,,,,,,,,,,,,241,red,18408,17850,36258
85,22,5110109,1,20260924,6210,989,196,0,0,0,0,6396,918,105,0,0,0,0,3,35.118767763963525,138.9293772,,,,,,,,,,,,,241,red,7395,7419,14814
85,22,5110111,1,20260924,15779,1337,338,0,0,0,0,14622,1264,291,0,0,0,0,3,35.10924329395108,138.9124954,,,,,,,,,,,,,241,red,17454,16177,33631
85,22,5110115,1,20260924,12234,3444,0,0,0,0,0,12604,3056,0,0,0,0,0,3,35.138890033989775,138.739584,,,,,,,,,,,,,241,red,15678,15660,31338
85,22,5110120,1,20260924,16901,5002,0,0,0,0,0,17607,4723,0,0,0,0,0,3,35.06126803388831,138.536991,,,,,,,,,,,,,241,red,21903,22330,44233
85,22,5110125,1,20260924,13900,1084,0,0,0,0,0,12799,905,0,0,0,0,0,3,34.99945503380712,138.431978,,,,,,,,,,,,,241,red,14984,13704,28688
85,22,5110130,1,20260924,20925,5636,0,0,0,0,0,22338,5782,0,0,0,0,0,3,35.00292603381168,138.37946,,,,,,,,,,,,,241,red,26561,28120,54681
85,22,5110135,1,20260924,20273,5034,0,0,0,0,0,20793,4845,0,0,0,0,0,3,34.9427310337323,138.326229,,,,,,,,,,,,,241,red,25307,25638,50945
85,22,5110140,1,20260924,10799,3356,0,0,0,0,0,10180,3159,0,0,0,0,0,3,34.87443903364182,138.231472,,,,,,,,,,,,,241,red,14155,13339,27494
85,22,5110145,1,20260924,10141,3180,0,0,0,0,0,8986,3301,0,0,0,0,0,3,34.831770733585074,138.1182557,,,,,,,,,,,,,241,red,13321,12287,25608
85,22,5110148,1,20260924,24835,5308,0,0,0,0,0,25626,5167,0,0,0,0,0,3,34.73805952345989,137.853806,,,,,,,,,,,,,241,red,30143,30793,60936
85,22,5110150,1,20260924,25776,4016,373,0,0,0,0,26147,4889,0,0,0,0,0,3,34.731415953450984,137.7966642,,,,,,,,,,,,,241,red,30165,31036,61201
85,22,5110155,1,20260924,12037,4889,0,0,0,0,0,5474,2437,2,0,0,208,0,3,34.67742179337847,137.6802735,,,,,,,,,,,,,241,red,16926,7913,24839
85,22,5110158,1,20260924,14929,4874,0,0,0,0,0,12994,4500,0,0,0,0,0,3,34.67846877337988,137.608459,,,,,,,,,,,,,241,red,19803,17494,37297
85,22,5110160,1,20260924,8850,3813,0,0,0,0,0,8572,3841,0,0,0,0,0,3,34.67701253337791,137.5025406,,,,,,,,,,,,,241,red,12663,12413,25076
85,23,5110170,1,20260924,11235,1888,0,0,0,0,0,13161,2245,0,0,0,0,0,3,34.7982592835404,137.36621260000004,,,,,,,,,,,,,241,red,13123,15406,28529
85,23,5110175,1,20260924,10540,2199,0,0,0,0,0,11260,2020,0,0,0,0,0,3,34.92391956370741,137.2032416,,,,,,,,,,,,,241,red,12739,13280,26019
85,23,5110180,1,20260924,5766,1011,0,0,0,0,0,6507,778,0,0,0,0,0,3,35.12246228396835,136.7712316,,,,,,,,,,,,,241,red,6777,7285,14062
85,24,5110185,1,20260924,8424,1462,0,0,0,0,0,8204,1542,0,0,0,0,0,3,35.02683417384312,136.6459825,,,,,,,,,,,,,241,red,9886,9746,19632
85,24,5110190,1,20260924,7695,3435,0,0,0,0,0,9835,3423,0,0,0,0,0,3,34.914394373694805,136.5686551,,,,,,,,,,,,,241,red,11130,13258,24388
85,23,5110250,1,20260924,11359,1983,0,0,0,0,0,11708,1864,0,0,0,0,0,3,35.23002111410819,136.9279236,,,,,,,,,,,,,241,red,13342,13572,26914
85,23,5110255,1,20260924,11808,1790,0,0,0,0,0,9120,1743,0,0,0,0,0,3,35.22358825409986,136.8807274,,,,,,,,,,,,,241,red,13598,10863,24461
85,22,5111410,1,20260924,4240,355,78,0,0,0,0,3818,240,65,0,0,0,0,3,34.9385786437268,138.9422778,,,,,,,,,,,,,241,red,4673,4123,8796
85,22,5111435,1,20260924,13309,1540,0,0,0,0,0,13042,1450,0,0,0,0,0,3,35.112323893955114,138.9483055,,,,,,,,,,,,,241,red,14849,14492,29341
85,22,5111440,1,20260924,6848,779,12,0,0,0,0,6706,881,24,0,0,0,0,3,35.09294534392978,138.9461249,,,,,,,,,,,,,241,red,7639,7611,15250
85,22,5111460,1,20260924,1387,138,0,0,0,0,0,1524,197,0,0,0,0,0,3,34.773393033507176,138.94734200000002,,,,,,,,,,,,,241,red,1525,1721,3246
85,23,5111910,1,20260924,18256,3478,0,0,0,0,0,18477,3985,0,0,0,0,0,3,35.251491704135965,136.9747388,,,,,,,,,,,,,241,red,21734,22462,44196
85,21,5111920,1,20260924,11241,2047,0,0,0,0,0,11932,2247,0,0,0,0,0,3,35.33014667423738,137.0762497,,,,,,,,,,,,,241,red,13288,14179,27467
85,21,5111930,1,20260924,9812,1663,0,0,0,0,0,10273,1802,0,0,0,0,0,3,35.36635604428386,137.2135359,,,,,,,,,,,,,241,red,11475,12075,23550
85,21,5111940,1,20260924,13246,2619,0,0,0,0,0,15105,2242,0,0,0,0,0,3,35.477490394425764,137.4827895,,,,,,,,,,,,,241,red,15865,17347,33212
85,21,5111950,1,20260924,4039,1150,0,0,0,0,0,4297,1077,0,0,0,0,0,3,35.54294722450878,137.5415325,,,,,,,,,,,,,241,red,5189,5374,10563
85,20,5111960,1,20260924,3155,1048,0,0,0,0,0,2907,975,0,0,0,0,0,3,35.79372550482294,137.6867026,,,,,,,,,,,,,241,red,4203,3882,8085
85,20,5111970,1,20260924,0,0,0,0,0,241,0,6007,0,0,0,0,0,0,3,35.86568255491192,137.7375698,,,,,,,,,,,,,241,red,0,6007,6007
85,21,5112190,1,20260924,2453,874,0,0,0,0,0,2405,895,0,0,0,0,0,3,35.35969120427531,136.4557958,,,,,,,,,,,,,241,red,3327,3300,6627
85,21,5112240,1,20260924,17108,3107,0,0,0,0,0,15567,2572,0,0,0,0,0,3,35.38091091430252,136.7844039,,,,,,,,,,,,,241,red,20215,18139,38354
85,23,5112320,1,20260924,23632,9288,0,0,0,0,0,22831,9129,0,0,0,0,0,3,34.935405063722605,137.0426846,,,,,,,,,,,,,241,red,32920,31960,64880
85,23,5112325,1,20260924,28917,9672,0,0,0,0,0,29809,10556,0,0,0,0,0,3,35.020771293835146,137.0130622,,,,,,,,,,,,,241,red,38589,40365,78954
85,23,5112330,1,20260924,32851,12137,0,0,0,0,0,36148,11865,0,0,0,0,0,3,35.04312062386452,136.9841158,,,,,,,,,,,,,241,red,44988,48013,93001
85,23,5112340,1,20260924,10690,6951,0,0,0,0,0,11911,6736,0,0,0,0,0,3,35.06974911389942,136.7566216,,,,,,,,,,,,,241,red,17641,18647,36288
85,24,5112350,1,20260924,14327,6297,0,0,0,0,0,14283,6075,0,0,0,0,0,3,35.00912200381983,136.6732612,,,,,,,,,,,,,241,red,20624,20358,40982
85,24,5112355,1,20260924,18198,1157,0,0,0,0,0,15180,977,0,0,0,0,0,3,34.75468373348215,136.5225828,,,,,,,,,,,,,241,red,19355,16157,35512
85,24,5112360,1,20260924,10729,1091,0,0,0,0,0,10749,927,0,0,0,0,0,3,34.558484833217825,136.6473028,,,,,,,,,,,,,241,red,11820,11676,23496
85,24,5112370,1,20260924,8231,1726,0,0,0,0,0,8546,1575,0,0,0,0,0,3,34.78302070352005,136.5006557,,,,,,,,,,,,,241,red,9957,10121,20078
85,24,5112375,1,20260924,9367,1811,0,0,0,0,0,10111,1782,0,0,0,0,0,3,34.74150673346451,136.4838785,,,,,,,,,,,,,241,red,11178,11893,23071
85,24,5112550,1,20260924,11864,10009,0,0,0,0,0,11336,7863,0,0,0,0,0,3,34.839452033595315,136.260335,,,,,,,,,,,,,241,red,21873,19199,41072
85,24,5112590,1,20260924,8907,9795,0,0,0,0,0,10607,7645,0,0,0,0,0,3,34.703780033413906,136.071242,,,,,,,,,,,,,241,red,18702,18252,36954
85,22,5113885,1,20260924,6210,1130,0,0,0,0,0,7935,2412,0,0,0,0,0,3,35.33142394423902,138.8977143,,,,,,,,,,,,,241,red,7340,10347,17687
85,22,5113890,1,20260924,4856,611,0,0,0,0,0,6275,523,0,0,0,0,0,3,35.32388868422933,138.9049485,,,,,,,,,,,,,241,red,5467,6798,12265
85,22,5113910,1,20260924,14240,3185,0,0,0,0,0,12757,2867,0,0,0,0,0,3,35.18190903404577,138.676858,,,,,,,,,,,,,241,red,17425,15624,33049
85,22,5113920,1,20260924,12233,2742,0,0,0,0,0,14115,2293,0,0,0,0,0,3,35.209794034081966,138.64987,,,,,,,,,,,,,241,red,14975,16408,31383
85,22,5113990,1,20260924,1918,659,0,0,0,0,0,1889,669,0,0,0,0,0,3,35.41511303434628,138.590083,,,,,,,,,,,,,241,red,2577,2558,5135
85,23,5114110,1,20260924,14519,3460,0,0,0,0,0,13102,3510,0,0,0,0,0,3,35.268750034158266,136.907566,,,,,,,,,,,,,241,red,17979,16612,34591
85,23,5114120,1,20260924,13099,4421,0,0,0,0,0,15532,4664,0,0,0,0,0,3,35.33167103423934,136.91981,,,,,,,,,,,,,241,red,17520,20196,37716
85,21,5114130,1,20260924,4581,1148,0,0,0,0,0,4628,834,0,0,0,0,0,3,35.48643303443713,137.055201,,,,,,,,,,,,,241,red,5729,5462,11191
85,21,5114140,1,20260924,4349,865,0,0,0,0,0,3848,806,0,0,0,0,0,3,35.78858303481656,137.25606,,,,,,,,,,,,,241,red,5214,4654,9868
85,21,5114150,1,20260924,4586,613,0,0,0,0,0,4531,652,0,0,0,0,0,3,35.86755403491424,137.213563,,,,,,,,,,,,,241,red,5199,5183,10382
85,21,5114160,1,20260924,2998,475,0,0,0,0,0,2998,428,0,0,0,0,0,3,36.07096803516291,137.267306,,,,,,,,,,,,,241,red,3473,3426,6899
85,21,5114170,1,20260924,1773,522,0,0,0,0,0,1466,634,0,0,0,0,0,3,36.26496203539611,137.138911,,,,,,,,,,,,,241,red,2295,2100,4395
85,21,5114180,1,20260924,1125,398,0,0,0,0,0,1272,360,0,0,0,0,0,3,36.459520035626035,137.248946,,,,,,,,,,,,,241,red,1523,1632,3155
85,24,5114210,1,20260924,6967,699,0,0,0,0,0,7078,551,0,0,0,0,0,3,34.51961103316506,136.541333,,,,,,,,,,,,,241,red,7666,7629,15295
85,24,5114230,1,20260924,1768,298,0,0,0,0,0,1988,263,0,0,0,0,0,3,34.31527803288554,136.410056,,,,,,,,,,,,,241,red,2066,2251,4317
85,24,5114250,1,20260924,1595,105,0,0,0,0,0,1613,104,0,0,0,0,0,3,34.09569403258125,136.196222,,,,,,,,,,,,,241,red,1700,1717,3417
85,24,5114270,1,20260924,1148,185,0,0,0,0,0,1354,183,0,0,0,0,0,3,34.275333032830495,136.358917,,,,,,,,,,,,,241,red,1333,1537,2870
85,24,5114290,1,20260924,5080,486,0,0,0,0,0,4714,454,0,0,0,0,0,3,33.86069403225124,136.076111,,,,,,,,,,,,,241,red,5566,5168,10734
85,22,5114610,1,20260924,13876,2316,402,0,0,0,0,14520,2197,397,0,0,0,0,3,35.152874244008,138.8951207,,,,,,,,,,,,,241,red,16594,17114,33708
85,22,5114620,1,20260924,9397,1781,158,0,0,0,0,12304,2080,373,0,0,0,0,3,35.13134103397993,138.875041,,,,,,,,,,,,,241,red,11336,14757,26093
85,22,5114630,1,20260924,10429,1837,149,0,0,0,0,11332,1575,192,0,0,0,0,3,35.14589793399891,138.8871002,,,,,,,,,,,,,241,red,12415,13099,25514
85,22,5114680,1,20260924,4888,1675,0,0,0,0,0,4527,2056,0,0,0,0,0,3,35.35910497427457,139.0109217,,,,,,,,,,,,,241,red,6563,6583,13146
85,22,5114740,1,20260924,387,74,0,0,0,0,0,595,79,0,0,0,0,0,3,35.073007033903686,137.787657,,,,,,,,,,,,,241,red,461,674,1135
85,22,5114750,1,20260924,712,127,0,0,0,0,0,1079,149,0,0,0,0,0,3,34.90575222368336,137.6681803,,,,,,,,,,,,,241,red,839,1228,2067
85,22,5115250,1,20260924,1770,404,0,0,0,0,0,1276,408,0,0,0,0,0,3,35.137162033987515,138.520651,,,,,,,,,,,,,241,red,2174,1684,3858
85,23,5115320,1,20260924,14140,1584,0,0,0,0,0,13016,1129,0,0,0,0,0,3,35.10723119394846,137.0409411,,,,,,,,,,,,,241,red,15724,14145,29869
85,23,5115340,1,20260924,3775,482,0,0,0,0,0,3556,471,0,0,0,0,0,3,35.13153551398018,137.304967,,,,,,,,,,,,,241,red,4257,4027,8284
85,20,5115370,1,20260924,0,0,0,0,241,241,0,0,0,0,0,241,241,0,3,35.50121594445591,137.794953,,,,,,,,,,,,,241,red,0,0,0
85,20,5115380,1,20260924,4585,418,0,0,0,0,0,4323,434,0,0,0,0,0,3,35.71541168472551,137.9379522,,,,,,,,,,,,,241,red,5003,4757,9760
85,23,5115530,1,20260924,7227,1987,0,0,0,0,0,6099,2306,0,0,0,0,0,3,35.06429103389226,137.11723,,,,,,,,,,,,,241,red,9214,8405,17619
85,21,5115610,1,20260924,18602,2382,0,0,0,0,0,18999,2537,0,0,0,0,0,3,35.39814591432458,136.7848921,,,,,,,,,,,,,241,red,20984,21536,42520
85,21,5115630,1,20260924,4736,590,0,0,0,0,0,4592,558,0,0,0,0,0,3,35.73557476475065,136.9518113,,,,,,,,,,,,,241,red,5326,5150,10476
85,21,5115650,1,20260924,3277,290,0,0,0,0,0,3043,324,0,0,0,0,0,3,35.88316975493347,136.85442030000002,,,,,,,,,,,,,241,red,3567,3367,6934
85,21,5115680,1,20260924,777,121,0,0,0,0,0,721,106,0,0,0,0,0,3,35.99802490507423,136.9009352,,,,,,,,,,,,,241,red,898,827,1725
85,21,5115820,1,20260924,,,,0,0,0,241,,,,0,0,0,241,3,36.18407203529936,137.542187,,,,,,,,,,,,,241,red,0,0,0
85,22,5123510,1,20260924,7214,745,0,0,0,0,0,8469,620,0,0,0,0,0,3,35.141546483993245,139.1103673,,,,,,,,,,,,,241,red,7959,9089,17048
85,20,5125390,1,20260924,4780,407,0,0,0,0,0,4755,417,0,0,0,0,0,3,35.876706504925515,137.9806852,,,,,,,,,,,,,241,red,5187,5172,10359
85,23,5311910,1,20260924,12540,1894,0,0,0,0,2,12747,1929,0,0,0,0,2,3,35.124239273970666,136.856963,,,,,,,,,,,,,241,red,14434,14676,29110
86,,6110010,1,20260924,4251,1321,0,0,0,0,0,4637,1313,0,0,0,0,0,3,34.938138216795814,136.265283823013,,,,,,,,,,,,,241,red,5572,5950,11522
86,,6110020,1,20260924,7086,1432,0,0,0,0,0,7346,1437,0,0,0,0,0,3,34.990936305895495,136.115165948867,,,,,,,,,,,,,241,red,8518,8783,17301
86,,6110030,1,20260924,9264,1044,1550,0,0,0,0,11140,1037,731,0,0,0,0,3,35.005385003512316,135.956851243972,,,,,,,,,,,,,241,red,11858,12908,24766
86,,6110040,1,20260924,5072,765,0,0,0,0,0,6196,734,0,0,0,0,0,3,34.95699292997823,135.913501381874,,,,,,,,,,,,,241,red,5837,6930,12767
86,,6110050,1,20260924,12774,1178,0,0,0,0,0,13219,1202,0,0,0,0,0,3,34.99087038445861,135.844525694847,,,,,,,,,,,,,241,red,13952,14421,28373
86,,6110060,1,20260924,24720,3821,0,0,0,0,0,22181,4471,0,0,0,0,0,3,34.99142632024544,135.831109285354,,,,,,,,,,,,,241,red,28541,26652,55193
86,,6110070,1,20260924,18233,2656,0,0,0,0,0,17025,2628,0,0,0,0,0,3,34.98630409707048,135.82777261734,,,,,,,,,,,,,241,red,20889,19653,40542
86,,6110080,1,20260924,15727,4966,0,0,0,0,0,17144,5099,0,0,0,0,0,3,34.91099177877929,135.744452476501,,,,,,,,,,,,,241,red,20693,22243,42936
86,,6110090,1,20260924,19500,5186,0,0,0,0,0,19938,5283,0,0,0,0,0,3,34.805311519271704,135.649480819702,,,,,,,,,,,,,241,red,24686,25221,49907
86,,6110100,1,20260924,,,,0,0,0,241,,,,0,0,0,241,3,34.81945711253497,135.720393061637,,,,,,,,,,,,,241,red,0,0,0
86,,6110110,1,20260924,11043,1223,0,0,0,0,0,11271,1216,0,0,0,0,0,3,34.71960434074075,135.436824560165,,,,,,,,,,,,,241,red,12266,12487,24753
86,,6110120,1,20260924,11124,1331,0,0,0,0,0,11851,1310,0,0,0,0,0,3,34.64078623273222,135.106242299079,,,,,,,,,,,,,241,red,12455,13161,25616
86,,6110130,1,20260924,24472,7751,0,0,0,0,0,24246,8216,0,0,0,0,0,3,34.75756172115131,134.859353005886,,,,,,,,,,,,,241,red,32223,32462,64685
86,,6110140,1,20260924,23701,7098,0,0,0,0,0,25572,7326,0,0,0,0,0,3,34.83274825524009,134.630174338817,,,,,,,,,,,,,241,red,30799,32898,63697
86,,6110150,1,20260924,15764,5064,0,0,0,0,0,17696,5303,0,0,0,0,0,3,34.847425137493005,134.578367471694,,,,,,,,,,,,,241,red,20828,22999,43827
86,,6110170,1,20260924,4016,1433,0,0,0,0,0,4104,1331,0,0,0,0,0,3,36.23649392464164,136.286623477935,,,,,,,,,,,,,241,red,5449,5435,10884
86,,6110180,1,20260924,2085,1070,0,0,0,0,0,1841,996,0,0,0,0,0,3,35.792989034822035,136.092793,,,,,,,,,,,,,241,red,3155,2837,5992
86,,6110190,1,20260924,2234,1644,0,0,0,0,0,2210,1617,0,0,0,0,0,3,35.62256603460919,136.08205800000002,,,,,,,,,,,,,241,red,3878,3827,7705
86,,6110200,1,20260924,5355,409,0,0,0,0,0,5124,438,0,0,0,0,0,3,35.319800029709974,136.279370784759,,,,,,,,,,,,,241,red,5764,5562,11326
86,,6110210,1,20260924,7312,1249,0,0,0,0,0,7103,1149,0,0,0,0,0,3,35.25049070224537,136.262805461883,,,,,,,,,,,,,241,red,8561,8252,16813
86,,6110220,1,20260924,7209,1486,0,0,0,0,0,7015,1505,0,0,0,0,0,3,35.135413702721344,136.168110072612,,,,,,,,,,,,,241,red,8695,8520,17215
86,,6110230,1,20260924,8733,1319,0,0,0,0,0,7703,1311,0,0,0,0,0,3,35.05193480694747,136.028718352317,,,,,,,,,,,,,241,red,10052,9014,19066
86,,6110240,1,20260924,14718,2033,0,0,0,0,0,15055,2112,0,0,0,0,0,3,34.97508726487281,135.666646957397,,,,,,,,,,,,,241,red,16751,17167,33918
86,,6110250,1,20260924,10569,1220,0,0,0,0,0,11038,1131,0,0,0,0,0,3,35.290674394918256,135.122528672218,,,,,,,,,,,,,241,red,11789,12169,23958
86,,6110260,1,20260924,2932,437,0,0,0,0,0,2838,427,0,0,0,0,0,3,35.33418386481987,134.859425425529,,,,,,,,,,,,,241,red,3369,3265,6634
86,,6110270,1,20260924,2553,259,0,0,0,0,0,2673,227,0,0,0,0,0,3,35.37906081109355,134.782794713974,,,,,,,,,,,,,241,red,2812,2900,5712
86,,6110280,1,20260924,1201,319,0,0,0,0,0,1279,279,0,0,0,0,0,3,35.39752934547739,134.617635011672,,,,,,,,,,,,,241,red,1520,1558,3078
86,,6110290,1,20260924,2243,1024,0,0,0,0,0,2283,1063,0,0,0,0,0,3,35.3445505431606,136.408736407756,,,,,,,,,,,,,241,red,3267,3346,6613
86,,6110300,1,20260924,8400,583,0,0,0,0,0,7175,533,0,0,0,0,0,3,34.929386538763445,135.767959356307,,,,,,,,,,,,,241,red,8983,7708,16691
86,,6110310,1,20260924,16174,2454,0,0,0,0,0,14347,2553,0,0,0,0,0,3,34.692826863672394,135.811829566955,,,,,,,,,,,,,241,red,18628,16900,35528
86,,6110320,1,20260924,11595,1650,0,0,0,241,0,16880,2406,0,0,0,0,0,3,34.49633103313339,135.742759,,,,,,,,,,,,,241,red,13245,19286,32531
86,,6110330,1,20260924,13502,769,0,0,0,0,0,11232,729,0,0,0,0,0,3,34.255336527005475,135.221571922302,,,,,,,,,,,,,241,red,14271,11961,26232
86,,6110340,1,20260924,11776,1650,0,0,0,0,0,12556,1903,0,0,0,0,0,3,34.59261679509626,135.476585626602,,,,,,,,,,,,,241,red,13426,14459,27885
86,,6110350,1,20260924,21610,2009,0,0,0,0,0,22270,2096,0,0,0,0,0,3,34.492391818044126,135.423381328582,,,,,,,,,,,,,241,red,23619,24366,47985
86,,6110361,1,20260924,5764,909,0,0,0,0,0,6105,849,0,0,0,0,0,3,34.27701629033371,135.164935521261,,,,,,,,,,,,,241,red,6673,6954,13627
86,,6110370,1,20260924,4369,522,0,0,0,0,0,4570,497,0,0,0,0,0,3,35.61308303459727,135.971192,,,,,,,,,,,,,241,red,4891,5067,9958
86,,6110380,1,20260924,2939,479,0,0,0,0,0,3592,527,0,0,0,0,0,3,35.486004106628485,135.463869273662,,,,,,,,,,,,,241,red,3418,4119,7537
86,,6110390,1,20260924,3210,611,0,0,0,0,0,3410,629,0,0,0,0,0,3,35.30401991598347,135.272947382363,,,,,,,,,,,,,241,red,3821,4039,7860
86,,6110410,1,20260924,4780,624,0,0,0,0,0,5145,664,0,0,0,0,0,3,34.99524305806187,134.558363556861,,,,,,,,,,,,,241,red,5404,5809,11213
86,,6110430,1,20260924,416,22,21,0,0,0,0,492,30,25,0,0,0,0,3,33.577233165562106,135.427241160067,,,,,,,,,,,,,241,red,459,547,1006
86,,6110440,1,20260924,9078,752,0,0,0,0,0,8437,858,0,0,0,0,0,3,34.143380032647656,135.20039,,,,,,,,,,,,,241,red,9830,9295,19125
86,,6110450,1,20260924,15066,9098,0,0,0,0,0,14540,10306,0,0,0,0,0,3,34.71254919312948,135.425688028335,,,,,,,,,,,,,241,red,24164,24846,49010
86,,6110460,1,20260924,3536,1415,0,0,0,0,0,3897,1367,0,0,0,0,0,3,35.431053158155514,136.016224622726,,,,,,,,,,,,,241,red,4951,5264,10215
86,,6110470,1,20260924,7060,1537,0,0,0,0,0,7617,1651,0,0,0,0,0,3,35.21341864052877,135.925826132297,,,,,,,,,,,,,241,red,8597,9268,17865
86,,6110500,1,20260924,6187,1661,0,0,0,0,0,5013,826,0,0,0,0,0,3,35.10094221794055,135.892639160156,,,,,,,,,,,,,241,red,7848,5839,13687
86,,6110510,1,20260924,5333,1314,0,0,0,0,0,6662,1753,0,0,0,0,0,3,35.080206671418715,135.881878137588,,,,,,,,,,,,,241,red,6647,8415,15062
86,,6110520,1,20260924,15495,2611,0,0,0,0,0,2592,832,1883,0,0,0,0,3,35.00895503826151,135.838812589645,,,,,,,,,,,,,241,red,18106,5307,23413
86,,6110530,1,20260924,9373,3155,0,0,0,0,0,10799,3290,0,0,0,0,0,3,34.8925928963683,135.684016942977,,,,,,,,,,,,,241,red,12528,14089,26617
86,,6110540,1,20260924,9093,1300,0,0,0,1,0,9918,1473,0,0,0,0,0,3,34.686726631641484,134.982630014419,,,,,,,,,,,,,241,red,10393,11391,21784
86,,6110670,1,20260924,9399,2715,0,0,0,0,0,10124,2460,0,0,0,0,0,3,34.486465033119956,135.763168,,,,,,,,,,,,,241,red,12114,12584,24698
86,,6110700,1,20260924,6538,1838,0,0,0,0,1,7088,1430,0,0,0,0,1,3,34.36883103295914,135.698397,,,,,,,,,,,,,241,red,8376,8518,16894
86,,6110710,1,20260924,6841,1725,0,0,0,0,1,7489,1411,0,0,0,0,1,3,34.346251032928144,135.675464,,,,,,,,,,,,,241,red,8566,8900,17466
86,,6110720,1,20260924,6385,1730,0,0,0,0,0,6918,1373,0,0,0,0,0,3,34.34307531292378,135.6723947,,,,,,,,,,,,,241,red,8115,8291,16406
86,,6110730,1,20260924,5905,1605,0,0,0,0,0,6254,1370,0,0,0,0,0,3,34.3344353954711,135.643944740295,,,,,,,,,,,,,241,red,7510,7624,15134
86,,6110740,1,20260924,7598,1568,104,0,0,0,0,7853,1249,136,0,0,0,0,3,34.32057809029414,135.595622062683,,,,,,,,,,,,,241,red,9270,9238,18508
86,,6110750,1,20260924,7548,1653,0,0,0,0,0,7793,1365,0,0,0,0,0,3,34.30420703287028,135.508371,,,,,,,,,,,,,241,red,9201,9158,18359
86,,6110760,1,20260924,6901,1658,0,0,0,0,0,7557,1477,0,0,0,0,0,3,34.300277802864876,135.49583333,,,,,,,,,,,,,241,red,8559,9034,17593
86,,6110765,1,20260924,7047,1714,0,0,0,0,0,7774,1530,0,0,0,0,0,3,34.293299032855266,135.42037,,,,,,,,,,,,,241,red,8761,9304,18065
86,,6110780,1,20260924,6948,1629,0,0,0,0,0,7643,1477,0,0,0,0,0,3,34.290835032851874,135.406025,,,,,,,,,,,,,241,red,8577,9120,17697
86,,6110790,1,20260924,3358,1290,0,0,0,0,0,3718,1229,0,0,0,0,0,3,34.28766234793788,135.279854549589,,,,,,,,,,,,,241,red,4648,4947,9595
86,,6110810,1,20260924,836,357,0,0,0,0,0,721,313,0,0,0,0,0,3,35.91898971813652,136.6293598948,,,,,,,,,,,,,241,red,1193,1034,2227
86,,6110820,1,20260924,1050,373,0,0,0,0,0,859,342,0,0,0,0,0,3,35.963561035032136,136.602468,,,,,,,,,,,,,241,red,1423,1201,2624
86,,6110840,1,20260924,1014,323,0,0,0,0,0,884,292,0,0,0,0,0,3,35.98949103506382,136.526729,,,,,,,,,,,,,241,red,1337,1176,2513
86,,6110860,1,20260924,4519,656,0,0,0,0,0,5017,550,0,0,0,0,0,3,36.062580031168245,136.445198357105,,,,,,,,,,,,,241,red,5175,5567,10742
86,,6110870,1,20260924,4728,705,0,0,0,0,0,5214,576,0,0,0,0,0,3,36.074224272699254,136.374473869296,,,,,,,,,,,,,241,red,5433,5790,11223
86,,6110880,1,20260924,4737,896,0,0,0,0,0,5812,593,0,0,0,0,0,3,36.086521994378465,136.324462164098,,,,,,,,,,,,,241,red,5633,6405,12038
86,,6110980,1,20260924,2393,612,0,0,0,0,0,2501,604,0,0,0,0,0,3,35.30511375498357,134.89226102828903,,,,,,,,,,,,,241,red,3005,3105,6110
86,,6111020,1,20260924,10625,9155,0,0,0,0,0,5294,5950,0,0,0,241,0,3,34.61538892329484,135.8745,,,,,,,,,,,,,241,red,19780,11244,31024
86,,6111030,1,20260924,4182,232,36,0,0,0,0,4457,216,51,0,0,0,0,3,33.670648031981166,135.947246,,,,,,,,,,,,,241,red,4450,4724,9174
86,,6111040,1,20260924,3272,345,30,0,0,0,0,3056,308,27,0,0,0,0,1,33.74362082208521,135.40352793,,,,,,,,,,,,,241,red,3647,3391,7038
86,,6111050,1,20260924,4115,280,29,0,0,0,0,3510,198,26,0,0,0,0,1,33.67806806199178,135.40361475,,,,,,,,,,,,,241,red,4424,3734,8158
86,,6111060,1,20260924,3915,284,52,0,0,0,0,3247,227,43,0,0,0,0,1,33.63743103193369,135.410147,,,,,,,,,,,,,241,red,4251,3517,7768
86,,6111070,1,20260924,2446,223,31,0,0,0,0,1515,100,28,0,0,0,0,1,33.56605113183135,135.49421066,,,,,,,,,,,,,241,red,2700,1643,4343
86,,6111080,1,20260924,1950,280,32,0,0,0,0,3,21,0,0,0,0,0,1,33.53123967178131,135.54653822,,,,,,,,,,,,,241,red,2262,24,2286
86,,6111090,1,20260924,2714,206,33,0,0,0,0,3057,176,37,0,0,0,0,3,33.620083251908845,135.91802864,,,,,,,,,,,,,241,red,2953,3270,6223
86,,6111094,1,20260924,3510,169,55,0,0,0,0,3423,209,37,0,0,0,0,3,33.73308003207021,136.004619,,,,,,,,,,,,,241,red,3734,3669,7403
86,,6111100,1,20260924,5751,1438,0,0,0,0,0,6373,1334,0,0,0,0,0,3,34.29138892285263,135.3613889,,,,,,,,,,,,,241,red,7189,7707,14896
87,,7110040,1,20260924,6948,2121,0,0,0,0,0,6407,2109,0,0,0,0,0,3,34.51540182315934,133.565914,,,,,,,,,,,,,241,red,9069,8516,17585
87,,7110090,1,20260924,8674,2994,0,0,0,0,0,8700,2709,0,0,0,0,0,3,34.076861142554975,131.3867222,,,,,,,,,,,,,241,red,11668,11409,23077
87,,7110140,1,20260924,7295,1223,0,0,0,0,0,7023,1257,0,0,0,0,0,3,35.42972217436492,133.16019770000003,,,,,,,,,,,,,241,red,8518,8280,16798
87,,7110150,1,20260924,8416,1370,0,0,0,0,1,8624,1350,0,0,0,0,1,3,35.41501435434614,132.9291201,,,,,,,,,,,,,241,red,9786,9974,19760
87,,7110160,1,20260924,3033,359,0,0,0,0,0,3020,293,0,0,0,0,0,3,35.220801104096246,132.5117898,,,,,,,,,,,,,241,red,3392,3313,6705
87,,7110170,1,20260924,554,71,0,0,0,0,0,619,87,0,0,0,0,0,3,34.75449303348189,131.907185,,,,,,,,,,,,,241,red,625,706,1331
87,,7110180,1,20260924,1190,257,0,0,0,0,0,1048,195,0,0,0,0,0,3,34.42694447303873,131.76016670000004,,,,,,,,,,,,,241,red,1447,1243,2690
87,,7110210,1,20260924,4365,751,0,0,0,0,0,4451,751,0,0,0,0,0,3,34.8389208935946,133.9257149,,,,,,,,,,,,,241,red,5116,5202,10318
87,,7110240,1,20260924,3819,785,0,0,0,0,0,4091,727,0,0,0,0,0,3,34.684982133388644,133.784738,,,,,,,,,,,,,241,red,4604,4818,9422
87,,7110260,1,20260924,2702,139,0,0,0,0,0,2923,198,0,0,0,0,0,3,33.97988891241918,132.1977222,,,,,,,,,,,,,241,red,2841,3121,5962
87,,7110270,1,20260924,1445,236,0,0,0,0,0,1450,273,0,0,0,0,0,3,34.65950003335435,131.6773889,,,,,,,,,,,,,241,red,1681,1723,3404
87,,7110280,1,20260924,3158,378,0,0,0,0,1,3208,406,0,0,0,0,1,3,34.419861143029046,131.4097778,,,,,,,,,,,,,241,red,3536,3614,7150
87,,7110290,1,20260924,6614,315,0,0,0,0,0,6476,288,0,0,0,0,0,3,34.371805582963226,131.1861389,,,,,,,,,,,,,241,red,6929,6764,13693
87,,7110320,1,20260924,5466,353,0,0,0,0,0,5253,368,0,0,0,0,0,3,33.95763808238793,132.1366533,,,,,,,,,,,,,241,red,5819,5621,11440
87,,7310110,1,20260924,7283,932,0,0,0,0,0,7545,968,0,0,0,0,0,3,35.39772612432404,132.8747235,,,,,,,,,,,,,241,red,8215,8513,16728
87,,7310120,1,20260924,2888,691,0,0,0,0,0,2657,537,0,0,0,0,0,3,35.068629523897954,132.3222435,,,,,,,,,,,,,241,red,3579,3194,6773
87,,7310150,1,20260924,522,79,0,0,0,0,0,579,101,0,0,0,0,0,3,34.9738037337733,132.7317309,,,,,,,,,,,,,241,red,601,680,1281
87,,7310160,1,20260924,895,156,0,0,0,0,0,1035,176,0,0,0,0,0,3,35.117460163961816,132.778337,,,,,,,,,,,,,241,red,1051,1211,2262
87,,7310170,1,20260924,5425,684,0,0,0,0,0,4362,548,0,0,0,0,0,3,34.705264123415894,133.7151146,,,,,,,,,,,,,241,red,6109,4910,11019
87,,7310180,1,20260924,,,,,,,241,,,,,,,241,3,34.38963891298768,131.3651944,,,,,,,,,,,,,241,red,0,0,0
87,,7310260,1,20260924,2534,555,0,0,0,0,1,2363,425,0,0,0,0,1,3,35.132156843980994,132.4019922,,,,,,,,,,,,,241,red,3089,2788,5877
87,,7310270,1,20260924,2263,539,0,0,0,0,1,2112,402,0,0,0,0,1,3,35.08573619392036,132.3490609,,,,,,,,,,,,,241,red,2802,2514,5316
87,,7310280,1,20260924,2237,516,0,0,0,0,0,2070,410,0,0,0,0,0,3,35.076671573908484,132.335387,,,,,,,,,,,,,241,red,2753,2480,5233
87,,7310290,1,20260924,3189,883,0,0,0,37,0,2869,1326,0,0,0,0,0,3,34.88220003365212,132.0657,,,,,,,,,,,,,241,red,4072,4195,8267
87,,7310300,1,20260924,3081,630,0,0,0,0,0,3080,557,0,0,0,0,0,3,34.86980443363566,132.0662027,,,,,,,,,,,,,241,red,3711,3637,7348
87,,7310350,1,20260924,3222,755,0,0,0,0,0,3338,733,0,0,0,0,0,3,34.83580109359045,131.9999083,,,,,,,,,,,,,241,red,3977,4071,8048
87,,7310410,1,20260924,3846,696,0,0,0,0,0,3650,610,0,0,0,0,0,3,35.21593257408993,132.5144274,,,,,,,,,,,,,241,red,4542,4260,8802
87,,7310420,1,20260924,4248,731,0,0,0,0,0,3808,634,0,0,0,0,0,3,35.275470134166945,132.6201357,,,,,,,,,,,,,241,red,4979,4442,9421
87,,7310430,1,20260924,3994,623,0,0,0,0,0,3727,551,0,0,0,0,0,3,35.303833034203514,132.688667,,,,,,,,,,,,,241,red,4617,4278,8895
87,,7310440,1,20260924,3901,645,0,0,0,0,0,0,0,0,0,0,0,0,3,35.298722034196935,132.676944,,,,,,,,,,,,,241,red,4546,0,4546
87,,7310450,1,20260924,0,0,0,0,0,0,0,3319,542,0,0,0,0,0,3,35.290444034186265,132.645583,,,,,,,,,,,,,241,red,0,3861,3861
87,,7310460,1,20260924,0,0,0,0,0,241,0,2332,505,0,0,0,0,0,3,35.20082803407034,132.459905,,,,,,,,,,,,,241,red,0,2837,2837
87,,7310470,1,20260924,2821,624,0,0,0,0,0,2350,500,0,0,0,0,0,3,35.1986450340675,132.455753,,,,,,,,,,,,,241,red,3445,2850,6295
88,,8110010,1,20260924,2803,759,0,0,0,0,0,2597,717,0,0,0,0,0,3,34.2207184500313,134.411544799804,,,,,,,,,,,,,241,red,3562,3314,6876
88,,8110020,1,20260924,15436,1698,0,0,0,0,0,16584,1844,0,0,0,0,0,3,34.30277465209332,134.084776639938,,,,,,,,,,,,,241,red,17134,18428,35562
88,,8110030,1,20260924,13261,1886,0,0,0,0,0,12417,1808,0,0,0,0,0,3,34.29671450737887,133.946895003318,,,,,,,,,,,,,241,red,15147,14225,29372
88,,8110040,1,20260924,6240,891,0,0,0,0,0,6543,862,0,0,0,0,0,3,34.17417938671837,133.715951442718,,,,,,,,,,,,,241,red,7131,7405,14536
88,,8110050,1,20260924,6355,921,2,0,0,0,0,6863,885,10,0,0,0,0,3,33.91236267641698,133.20324182510302,,,,,,,,,,,,,241,red,7278,7758,15036
88,,8110060,1,20260924,3504,1217,163,0,0,0,0,3968,1260,78,0,0,0,0,3,33.82431235182997,132.984384298324,,,,,,,,,,,,,241,red,4884,5306,10190
88,,8110070,1,20260924,8030,787,0,0,0,0,0,8071,624,0,0,0,0,0,3,34.28544169692582,134.00050163269,,,,,,,,,,,,,241,red,8817,8695,17512
88,,8110080,1,20260924,1697,415,0,0,0,0,0,1743,371,0,0,0,0,0,3,34.10608825909625,133.799223303794,,,,,,,,,,,,,241,red,2112,2114,4226
88,,8110090,1,20260924,7595,963,44,0,0,0,1,6379,737,68,0,0,0,1,3,34.028957826825085,133.828164339065,,,,,,,,,,,,,241,red,8602,7184,15786
88,,8110100,1,20260924,1860,450,0,0,0,0,0,1621,318,0,0,0,0,0,3,33.950764901704936,133.764853477478,,,,,,,,,,,,,241,red,2310,1939,4249
88,,8110110,1,20260924,4260,1532,0,0,0,0,0,5562,1171,0,0,0,0,0,3,33.58909346194513,133.626092746853,,,,,,,,,,,,,241,red,5792,6733,12525
88,,8110115,1,20260924,6155,613,0,0,0,0,0,5813,507,0,0,0,0,0,3,33.548205918990114,133.451582193374,,,,,,,,,,,,,241,red,6768,6320,13088
88,,8110120,1,20260924,6871,684,0,0,0,0,0,6181,857,0,0,0,0,0,3,33.543133969132924,133.402808904647,,,,,,,,,,,,,241,red,7555,7038,14593
88,,8110130,1,20260924,6971,419,220,0,0,0,0,7481,466,178,0,0,0,0,3,33.7476978963593,132.791587114334,,,,,,,,,,,,,241,red,7610,8125,15735
88,,8110131,1,20260924,2785,339,0,0,0,0,0,2564,261,0,0,0,0,0,3,33.793408870729856,134.592427611351,,,,,,,,,,,,,241,red,3124,2825,5949
88,,8110140,1,20260924,2232,275,0,0,0,0,0,2270,241,1,0,0,0,0,3,33.63466659400443,134.369745254516,,,,,,,,,,,,,241,red,2507,2512,5019
88,,8110142,1,20260924,2126,221,0,0,0,0,40,1782,160,0,0,0,0,40,3,33.74774819013548,134.53964678124,,,,,,,,,,,,,241,red,2347,1942,4289
88,,8110160,1,20260924,3132,293,0,0,0,0,0,2885,231,0,0,0,0,0,3,33.53924497073882,133.738444460766,,,,,,,,,,,,,241,red,3425,3116,6541
88,,8110161,1,20260924,5712,552,0,0,0,0,0,4073,363,0,0,0,0,0,3,33.520916544031145,133.780702650547,,,,,,,,,,,,,241,red,6264,4436,10700
88,,8110162,1,20260924,6830,653,0,0,0,0,0,5791,484,0,0,0,0,0,3,33.550342371512876,133.740176352243,,,,,,,,,,,,,241,red,7483,6275,13758
88,,8110163,1,20260924,7658,669,0,0,0,0,0,6522,531,0,0,0,0,0,3,33.55352220956595,133.721816021769,,,,,,,,,,,,,241,red,8327,7053,15380
88,,8110164,1,20260924,1627,305,0,0,0,0,0,1571,329,0,0,0,0,0,3,33.57127484589016,133.574287891387,,,,,,,,,,,,,241,red,1932,1900,3832
88,,8110165,1,20260924,8242,841,0,0,0,0,0,8533,653,0,0,0,0,0,3,33.56026408468244,133.633757829666,,,,,,,,,,,,,241,red,9083,9186,18269
88,,8110166,1,20260924,8973,963,0,0,0,0,0,8590,796,0,0,0,0,0,3,33.540965031795295,133.601005,,,,,,,,,,,,,241,red,9936,9386,19322
88,,8110167,1,20260924,5134,405,0,0,0,0,0,4545,445,0,0,0,0,0,3,33.5424317654246,133.583077945611,,,,,,,,,,,,,241,red,5539,4990,10529
88,,8110168,1,20260924,7285,625,0,0,0,0,0,5825,433,0,0,0,0,0,3,33.55589303181676,133.683497,,,,,,,,,,,,,241,red,7910,6258,14168
88,,8110170,1,20260924,4827,727,0,0,0,0,0,3928,1134,0,0,0,0,0,3,33.485055031714765,133.373125,,,,,,,,,,,,,241,red,5554,5062,10616
88,,8110171,1,20260924,3148,452,0,0,0,0,0,2838,291,0,0,0,0,0,3,33.40395558523113,133.288643360137,,,,,,,,,,,,,241,red,3600,3129,6729
88,,8110172,1,20260924,1971,853,0,0,0,0,0,2263,436,0,0,0,0,0,3,33.39236677628474,133.278601169586,,,,,,,,,,,,,241,red,2824,2699,5523
88,,8110174,1,20260924,2202,413,0,0,0,0,0,2236,302,0,0,0,0,0,3,33.18330330083646,133.144855499267,,,,,,,,,,,,,241,red,2615,2538,5153
88,,8110180,1,20260924,832,79,0,0,0,0,0,841,80,0,0,0,0,0,3,33.35817590038214,133.253152370452,,,,,,,,,,,,,241,red,911,921,1832
88,,8110181,1,20260924,2562,251,0,0,0,0,0,2413,251,0,0,0,0,0,3,32.974388919857596,132.933138888889,,,,,,,,,,,,,241,red,2813,2664,5477
88,,8110182,1,20260924,3987,284,0,0,0,0,0,3664,299,0,0,0,0,0,3,32.96811114207051,132.872277777778,,,,,,,,,,,,,241,red,4271,3963,8234
88,,8110183,1,20260924,2230,167,0,0,0,0,0,2314,165,0,0,0,0,0,3,32.95902780872377,132.776972222222,,,,,,,,,,,,,241,red,2397,2479,4876
88,,8110190,1,20260924,1492,144,0,0,0,0,0,1640,149,0,0,0,0,0,3,32.96996536793415,132.68920719623503,,,,,,,,,,,,,241,red,1636,1789,3425
88,,8110191,1,20260924,2405,365,0,0,0,0,1,2384,443,0,0,0,0,1,3,33.13903103121127,132.517477,,,,,,,,,,,,,241,red,2770,2827,5597
88,,8110192,1,20260924,3826,546,0,0,0,0,1,3924,586,0,0,0,0,1,3,33.14590213224344,132.52205863595,,,,,,,,,,,,,241,red,4372,4510,8882
88,,8110200,1,20260924,1803,158,0,0,0,0,0,1687,203,0,0,0,0,0,3,33.325562031483756,132.5285,,,,,,,,,,,,,241,red,1961,1890,3851
88,,8110210,1,20260924,12985,599,576,0,0,0,1,12320,531,613,0,0,0,1,3,33.81637909326473,132.744826823472,,,,,,,,,,,,,241,red,14160,13464,27624
88,,8110231,1,20260924,5911,460,0,0,0,0,0,4959,426,0,0,0,0,0,3,34.03847794648641,134.520513564348,,,,,,,,,,,,,241,red,6371,5385,11756
88,,8110232,1,20260924,6342,447,0,0,0,0,0,6278,512,0,0,0,0,0,3,34.04120064204002,134.531005024909,,,,,,,,,,,,,241,red,6789,6790,13579
88,,8110240,1,20260924,4439,641,0,0,0,0,0,3675,683,0,0,0,0,0,3,34.03149633348104,132.829599380493,,,,,,,,,,,,,241,red,5080,4358,9438
88,,8110250,1,20260924,4798,538,0,0,0,0,0,4629,510,0,0,0,0,0,3,33.93004373774009,133.094837665557,,,,,,,,,,,,,241,red,5336,5139,10475
88,,8111021,1,20260924,4788,455,0,0,0,0,0,4785,418,0,0,0,0,0,3,33.50191403173908,133.309236,,,,,,,,,,,,,241,red,5243,5203,10446
88,,8160020,1,20260924,3794,633,0,0,0,0,0,3305,465,0,0,0,0,0,1,33.331092031491806,133.206098,,,,,,,,,,,,,241,red,4427,3770,8197
88,,8160030,1,20260924,3093,558,0,0,0,0,3,2740,388,0,0,0,42,3,1,33.23544203135242,133.159939,,,,,,,,,,,,,241,red,3651,3128,6779
88,,8160040,1,20260924,5131,685,0,0,0,0,1,5197,708,0,0,0,0,1,1,33.24742026280611,132.570131868124,,,,,,,,,,,,,241,red,5816,5905,11721
88,,8160050,1,20260924,4935,701,0,0,0,0,1,4943,738,0,0,0,0,1,1,33.33622666521378,132.557060122489,,,,,,,,,,,,,241,red,5636,5681,11317
88,,8160060,1,20260924,4830,955,0,0,0,0,0,4293,866,0,0,0,0,0,1,34.056139032526026,134.588624,,,,,,,,,,,,,241,red,5785,5159,10944
88,,8310010,1,20260924,13034,1356,7,0,0,0,1,13492,1508,7,0,0,0,1,3,34.152121047215225,134.579402804374,,,,,,,,,,,,,241,red,14397,15007,29404
88,,8310020,1,20260924,6123,1134,0,0,0,0,0,6428,652,0,0,0,0,0,3,34.335875041773484,134.151295423507,,,,,,,,,,,,,241,red,7257,7080,14337
88,,8310030,1,20260924,7295,532,408,0,0,0,1,9174,493,127,0,0,0,1,3,33.79997204409725,132.86443054676,,,,,,,,,,,,,241,red,8235,9794,18029
88,,8310040,1,20260924,10004,1597,0,0,0,0,0,10645,1376,0,0,0,0,0,3,34.239532652899726,133.895906209945,,,,,,,,,,,,,241,red,11601,12021,23622
88,,8310050,1,20260924,793,462,0,0,0,0,0,748,268,0,0,0,0,0,3,33.797668032162,133.760304,,,,,,,,,,,,,241,red,1255,1016,2271
88,,8310060,1,20260924,540,106,0,0,0,0,0,556,113,0,0,0,0,0,3,33.54154672048833,133.042341470718,,,,,,,,,,,,,241,red,646,669,1315
88,,8310061,1,20260924,9150,1554,0,0,0,0,0,9554,1662,0,0,0,0,0,3,33.80675451706518,132.745272070169,,,,,,,,,,,,,241,red,10704,11216,21920
88,,8310062,1,20260924,5183,1215,0,0,0,0,0,5170,1217,0,0,0,0,0,3,33.814776032186245,132.720319,,,,,,,,,,,,,241,red,6398,6387,12785
88,,8310070,1,20260924,15352,1153,22,0,0,0,0,16494,1021,11,0,0,0,0,3,34.0102656781917,134.566428959369,,,,,,,,,,,,,241,red,16527,17526,34053
88,,8310080,1,20260924,8835,886,0,0,0,0,0,8288,897,0,0,0,0,0,3,33.9732071371816,134.633932113647,,,,,,,,,,,,,241,red,9721,9185,18906
88,,8310100,1,20260924,,,,0,0,0,241,,,,0,0,0,241,3,33.03511096021447,133.027331829071,,,,,,,,,,,,,241,red,0,0,0
88,,8310110,1,20260924,3382,456,0,0,0,0,0,3214,521,0,0,0,0,0,3,33.4066250316014,132.509843,,,,,,,,,,,,,241,red,3838,3735,7573
88,,8310120,1,20260924,7516,1224,0,0,0,0,0,7914,1420,0,0,0,0,0,3,33.504510031742804,132.56675,,,,,,,,,,,,,241,red,8740,9334,18074
88,,8310130,1,20260924,4999,692,0,0,0,0,0,5086,703,0,0,0,0,0,3,33.53462955300938,132.597781419754,,,,,,,,,,,,,241,red,5691,5789,11480
88,,8310140,1,20260924,3031,458,0,0,0,0,0,2753,537,0,0,0,0,0,3,33.6125750318981,132.68712,,,,,,,,,,,,,241,red,3489,3290,6779
88,,8310150,1,20260924,2351,528,0,0,0,0,0,2880,753,0,0,0,0,0,3,34.0401782523243,134.018440246582,,,,,,,,,,,,,241,red,2879,3633,6512
88,,8310160,1,20260924,8093,451,167,0,0,0,2,7186,490,172,0,0,0,2,3,33.89056122326423,132.757075130939,,,,,,,,,,,,,241,red,8711,7848,16559
89,,9110010,1,20260924,7816,613,0,0,0,0,0,9458,500,0,0,0,0,0,3,33.86399103225591,130.750068,,,,,,,,,,,,,241,red,8429,9958,18387
89,,9110030,1,20260924,15422,1648,0,0,0,0,0,17104,1806,0,0,0,0,0,3,32.75695803064553,130.688122,,,,,,,,,,,,,241,red,17070,18910,35980
89,,9110040,1,20260924,6482,1764,0,0,0,0,0,6329,1546,0,0,0,0,0,3,32.565580030358504,130.688167,,,,,,,,,,,,,241,red,8246,7875,16121
89,,9110050,1,20260924,9272,1889,0,0,0,0,0,8103,1660,0,0,0,0,0,3,32.50104503026118,130.627862,,,,,,,,,,,,,241,red,11161,9763,20924
89,,9110060,1,20260924,3774,1073,0,0,0,0,0,4400,1064,0,0,0,0,0,3,31.848210029262603,130.249002,,,,,,,,,,,,,241,red,4847,5464,10311
89,,9110070,1,20260924,,,,0,0,0,241,,,,0,0,0,241,3,31.65408502896101,130.444438,,,,,,,,,,,,,241,red,0,0,0
89,,9110110,1,20260924,23091,1547,148,0,0,0,0,20011,2809,279,0,0,0,0,3,33.248593781371625,131.5788746,,,,,,,,,,,,,241,red,24786,23099,47885
89,,9110120,1,20260924,95,30,0,0,0,0,0,104,17,0,0,0,0,0,3,32.83826903076675,131.716873,,,,,,,,,,,,,241,red,125,121,246
89,,9110140,1,20260924,4577,1310,0,0,0,0,0,4060,1171,0,0,0,0,0,3,32.26510002990319,131.560352,,,,,,,,,,,,,241,red,5887,5231,11118
89,,9110150,1,20260924,2576,941,0,0,0,0,0,2668,1007,0,0,0,0,0,3,31.853840029271314,131.136144,,,,,,,,,,,,,241,red,3517,3675,7192
89,,9110160,1,20260924,3763,1117,133,0,0,4,4,3455,1119,14,0,0,0,4,3,31.710555029048958,130.774553,,,,,,,,,,,,,241,red,5013,4588,9601
89,,9110190,1,20260924,5877,1946,0,0,0,0,0,5639,1903,0,0,0,0,0,3,33.3577350315305,130.488663,,,,,,,,,,,,,241,red,7823,7542,15365
89,,9110200,1,20260924,6800,605,0,0,0,0,0,6545,590,0,0,0,0,0,3,33.19609887129489,130.0312792,,,,,,,,,,,,,241,red,7405,7135,14540
89,,9110230,1,20260924,2037,606,0,0,0,0,0,1948,566,0,0,0,0,0,3,32.95195803093551,131.35466,,,,,,,,,,,,,241,red,2643,2514,5157
89,,9110240,1,20260924,6579,1635,0,0,0,0,0,6291,1632,0,0,0,0,0,3,33.669370031979355,130.847832,,,,,,,,,,,,,241,red,8214,7923,16137
89,,9110280,1,20260924,5173,746,0,0,0,0,0,4958,734,0,0,0,0,0,3,33.34785503151616,130.0187991,,,,,,,,,,,,,241,red,5919,5692,11611
89,,9110290,1,20260924,5591,591,0,0,0,0,0,5806,625,0,0,0,0,0,3,32.97125925096407,130.445357,,,,,,,,,,,,,241,red,6182,6431,12613
89,,9110300,1,20260924,5808,630,0,0,0,0,0,6021,667,0,0,0,0,0,3,33.14141103121475,130.470721,,,,,,,,,,,,,241,red,6438,6688,13126
89,,9110335,1,20260924,2795,310,0,0,0,0,0,2865,236,0,0,0,0,0,3,31.396273028557452,130.783657,,,,,,,,,,,,,241,red,3105,3101,6206
89,,9110340,1,20260924,3942,566,0,0,0,0,0,3845,477,0,0,0,0,0,3,31.452851608646302,130.7281932,,,,,,,,,,,,,241,red,4508,4322,8830
89,,9310003,1,20260924,6530,2014,0,0,0,0,0,8390,1668,0,0,0,0,0,3,33.947867982374184,130.968647,,,,,,,,,,,,,241,red,8544,10058,18602
89,,9310015,1,20260924,14653,4423,0,0,0,0,0,14182,4775,0,0,0,0,0,3,33.44660203165923,130.540337,,,,,,,,,,,,,241,red,19076,18957,38033
89,,9310017,1,20260924,6774,1037,0,0,0,0,0,7192,1129,0,0,0,0,0,3,33.323489031480754,130.523608,,,,,,,,,,,,,241,red,7811,8321,16132
89,,9310020,1,20260924,1790,1098,0,0,0,0,0,1698,974,0,0,0,0,0,3,33.11458003117534,130.669176,,,,,,,,,,,,,241,red,2888,2672,5560
89,,9310035,1,20260924,958,132,0,0,0,0,0,946,117,0,0,0,0,0,3,32.406040030117445,130.555735,,,,,,,,,,,,,241,red,1090,1063,2153
89,,9310045,1,20260924,3635,791,0,0,0,0,0,4174,728,0,0,0,0,0,3,32.16215502974594,130.36789,,,,,,,,,,,,,241,red,4426,4902,9328
89,,9310050,1,20260924,5840,311,31,0,0,0,44,5456,313,34,0,0,0,44,3,31.714213029054637,130.275752,,,,,,,,,,,,,241,red,6182,5803,11985
89,,9310060,1,20260924,3912,966,45,17,0,0,3,3601,834,29,17,0,0,3,3,32.38562876008649,130.5414069,,,,,,,,,,,,,241,red,4923,4464,9387
89,,9310070,1,20260924,0,0,5374,0,0,141,185,5193,799,146,0,0,0,185,3,31.702321029036145,130.297006,,,,,,,,,,,,,241,red,5374,6138,11512
89,,9310080,1,20260924,10042,1025,0,0,0,0,0,8780,901,0,0,0,0,0,3,33.80588903217365,130.960473,,,,,,,,,,,,,241,red,11067,9681,20748
89,,9310085,1,20260924,6645,1027,0,0,0,0,0,6751,918,0,0,0,0,0,3,33.54594303180245,131.283198,,,,,,,,,,,,,241,red,7672,7669,15341
89,,9310090,1,20260924,5849,745,0,0,0,0,0,6887,764,0,0,0,0,0,3,33.38094503156419,131.540397,,,,,,,,,,,,,241,red,6594,7651,14245
89,,9310100,1,20260924,12856,1588,0,0,0,0,0,12473,1802,0,0,0,0,0,3,33.15920703124086,131.651922,,,,,,,,,,,,,241,red,14444,14275,28719
89,,9310115,1,20260924,6246,2408,0,0,0,0,0,6241,2221,0,0,0,0,0,3,31.726570029073855,131.023972,,,,,,,,,,,,,241,red,8654,8462,17116
89,,9310120,1,20260924,10859,1587,0,0,0,0,0,9563,1406,0,0,0,0,0,3,31.705779029041526,130.613215,,,,,,,,,,,,,241,red,12446,10969,23415
89,,9310125,1,20260924,9678,1383,0,0,0,0,0,8998,1171,0,0,0,0,0,3,33.21761616132637,130.1637701,,,,,,,,,,,,,241,red,11061,10169,21230
89,,9310127,1,20260924,4347,1222,0,0,0,0,0,5436,930,0,0,0,0,0,3,32.91326503087817,130.976239,,,,,,,,,,,,,241,red,5569,6366,11935
89,,9310130,1,20260924,12299,932,0,0,0,0,0,10447,1237,0,0,0,1,0,3,32.8754950308221,130.867355,,,,,,,,,,,,,241,red,13231,11684,24915
89,,9310140,1,20260924,16176,2142,0,0,0,0,0,16611,1606,0,0,0,0,0,3,32.820198990739854,130.7572925,,,,,,,,,,,,,241,red,18318,18217,36535
89,,9310150,1,20260924,5112,1377,0,0,0,0,0,3690,2707,0,0,0,0,0,3,32.6779330305273,130.55327,,,,,,,,,,,,,241,red,6489,6397,12886
89,,9310155,1,20260924,4873,233,0,0,0,0,0,6645,326,0,0,0,0,0,3,32.76467203065704,130.370667,,,,,,,,,,,,,241,red,5106,6971,12077
89,,9310156,1,20260924,5476,426,0,0,0,0,0,5674,453,0,0,0,0,0,3,32.78536503068792,130.199594,,,,,,,,,,,,,241,red,5902,6127,12029
89,,9310157,1,20260924,4853,992,0,0,0,0,0,4117,843,0,0,0,0,0,3,33.06696517110531,131.6229634,,,,,,,,,,,,,241,red,5845,4960,10805
89,,9310159,1,20260924,2320,681,0,0,0,0,0,1887,587,0,0,0,0,0,3,32.997429031002746,131.434075,,,,,,,,,,,,,241,red,3001,2474,5475
89,,9310165,1,20260924,8566,3867,0,0,0,0,0,9076,4080,0,0,0,0,0,3,33.62969103192261,130.442657,,,,,,,,,,,,,241,red,12433,13156,25589
89,,9310174,1,20260924,13769,2492,0,0,0,0,0,12925,2223,0,0,0,0,0,3,33.6275850319196,130.703907,,,,,,,,,,,,,241,red,16261,15148,31409
89,,9310181,1,20260924,6373,400,0,0,0,0,0,6340,361,0,0,0,0,0,3,33.230906841345785,130.3350523,,,,,,,,,,,,,241,red,6773,6701,13474
89,,9310184,1,20260924,7640,824,0,0,0,0,0,7213,1242,0,0,0,0,0,3,32.918079150885305,130.6264597,,,,,,,,,,,,,241,red,8464,8455,16919
89,,9310185,1,20260924,2276,261,0,0,0,0,241,0,0,0,0,0,241,241,3,33.37000946154832,129.9447181,,,,,,,,,,,,,241,red,2537,0,2537
89,,9310187,1,20260924,8176,1461,0,0,0,0,0,8094,1384,0,0,0,0,0,3,33.504396031742644,130.111167,,,,,,,,,,,,,241,red,9637,9478,19115
89,,9310188,1,20260924,4788,638,0,0,0,0,0,4627,626,0,0,0,0,0,3,33.3383090315023,130.64702,,,,,,,,,,,,,241,red,5426,5253,10679
89,,9310189,1,20260924,3754,590,0,0,0,0,47,3960,567,0,0,0,0,47,3,33.06535003110294,129.833592,,,,,,,,,,,,,241,red,4344,4527,8871
89,,9310191,1,20260924,6512,1101,0,0,0,0,0,6300,1127,0,0,0,0,0,3,33.18514003127884,130.387366,,,,,,,,,,,,,241,red,7613,7427,15040
89,,9310192,1,20260924,4907,971,0,0,0,0,0,5550,2181,0,0,0,0,0,3,33.20214803130375,130.361827,,,,,,,,,,,,,241,red,5878,7731,13609
89,,9310193,1,20260924,2769,2014,0,0,0,0,0,3893,810,0,0,0,0,0,3,33.20855403131311,130.343385,,,,,,,,,,,,,241,red,4783,4703,9486
89,,9310195,1,20260924,4861,816,0,0,0,0,0,4625,770,0,0,0,0,0,3,33.32086003147692,130.863524,,,,,,,,,,,,,241,red,5677,5395,11072
89,,9310200,1,20260924,2217,500,0,0,0,0,0,2150,405,0,0,0,0,0,3,33.250128031373855,131.295812,,,,,,,,,,,,,241,red,2717,2555,5272
89,,9310205,1,20260924,5017,727,0,0,0,0,0,5501,746,0,0,0,0,0,3,33.19671903129579,131.498216,,,,,,,,,,,,,241,red,5744,6247,11991
89,,9310210,1,20260924,6779,445,0,0,0,0,0,6573,308,0,0,0,0,0,3,31.816050029212782,131.442962,,,,,,,,,,,,,241,red,7224,6881,14105
89,,9310217,1,20260924,3214,372,0,0,0,0,0,3319,386,0,0,0,0,0,3,31.417765998591218,130.99969040000002,,,,,,,,,,,,,241,red,3586,3705,7291
89,,9310218,1,20260924,4641,437,0,0,0,0,0,4786,421,0,0,0,0,0,3,31.377286028527593,130.545285,,,,,,,,,,,,,241,red,5078,5207,10285
89,,9310219,1,20260924,1840,439,0,0,0,0,0,1701,452,0,0,0,0,0,3,31.56571802882308,130.617867,,,,,,,,,,,,,241,red,2279,2153,4432
89,,9310220,1,20260924,4813,1025,0,0,0,0,0,4220,876,0,0,0,0,0,3,33.43104381163675,130.0480662,,,,,,,,,,,,,241,red,5838,5096,10934
89,,9310470,1,20260924,2983,938,22,0,0,0,0,2856,752,51,0,0,0,0,3,32.24423502987137,130.476053,,,,,,,,,,,,,241,red,3943,3659,7602
89,,9310480,1,20260924,2777,1022,0,0,0,0,0,2651,824,0,0,0,0,0,3,32.21685802982958,130.428031,,,,,,,,,,,,,241,red,3799,3475,7274
89,,9310520,1,20260924,3820,570,0,0,0,0,0,3766,504,0,0,0,0,0,3,32.102630029654726,130.326106,,,,,,,,,,,,,241,red,4390,4270,8660
89,,9310530,1,20260924,4859,653,0,0,0,0,0,4704,576,0,0,0,0,0,3,32.08242202962371,130.292812,,,,,,,,,,,,,241,red,5512,5280,10792
89,,9310540,1,20260924,4276,675,0,0,0,0,0,3755,538,0,0,0,0,0,3,32.07232702960822,130.26224,,,,,,,,,,,,,241,red,4951,4293,9244
89,,9310600,1,20260924,1409,648,0,0,0,0,0,1886,582,0,0,0,0,0,3,31.84607502925929,130.257831,,,,,,,,,,,,,241,red,2057,2468,4525
89,,9310610,1,20260924,0,0,0,0,0,197,241,1975,572,0,0,0,0,241,3,31.804655029195118,130.283522,,,,,,,,,,,,,241,red,0,2547,2547
89,,9310620,1,20260924,4644,736,0,0,0,0,44,5319,794,0,0,0,0,44,3,31.759537029125095,130.304217,,,,,,,,,,,,,241,red,5380,6113,11493
89,,9310627,1,20260924,4103,948,0,0,0,0,0,3641,729,0,0,0,0,0,3,33.46078103167972,130.044889,,,,,,,,,,,,,241,red,5051,4370,9421
89,,9310630,1,20260924,4393,858,0,0,0,0,0,3428,653,0,0,0,0,0,3,33.414414111612686,129.9958886,,,,,,,,,,,,,241,red,5251,4081,9332
89,,9310640,1,20260924,5333,985,0,0,0,0,0,4544,788,0,0,0,0,0,3,33.391371311579306,129.9347973,,,,,,,,,,,,,241,red,6318,5332,11650
89,,9310650,1,20260924,5014,1184,0,0,0,0,0,4543,835,0,0,0,0,0,3,33.37966119156232,129.933567,,,,,,,,,,,,,241,red,6198,5378,11576
89,,9310660,1,20260924,3773,552,0,0,0,0,0,3543,535,0,0,0,0,0,3,33.30074103144764,129.915058,,,,,,,,,,,,,241,red,4325,4078,8403
89,,9310710,1,20260924,0,0,0,0,0,241,241,2399,665,0,0,0,0,241,3,33.323471851480726,129.8060041,,,,,,,,,,,,,241,red,0,3064,3064
89,,9310730,1,20260924,3083,374,0,0,0,0,0,2984,327,0,0,0,0,0,3,33.34824903151674,129.729277,,,,,,,,,,,,,241,red,3457,3311,6768
89,,9310740,1,20260924,1260,218,0,0,0,0,0,1401,183,0,0,0,0,0,3,33.34295921550905,129.672585536,,,,,,,,,,,,,241,red,1478,1584,3062
89,,9360270,1,20260924,1836,854,0,0,0,0,0,1716,644,0,0,0,0,0,1,32.93848103091554,131.866353,,,,,,,,,,,,,241,red,2690,2360,5050
89,,9360280,1,20260924,2035,851,0,0,0,0,0,2025,650,0,0,0,0,0,1,32.895717030852126,131.864089,,,,,,,,,,,,,241,red,2886,2675,5561
89,,9360290,1,20260924,1511,727,0,0,0,0,0,1555,547,0,0,0,0,0,1,32.80165203071222,131.87728,,,,,,,,,,,,,241,red,2238,2102,4340
89,,9360300,1,20260924,1495,701,0,0,0,0,0,1520,524,0,0,0,0,0,1,32.72780503060196,131.827089,,,,,,,,,,,,,241,red,2196,2044,4240
89,,9360310,1,20260924,1975,747,0,0,0,0,0,2088,564,0,0,0,0,0,1,32.708018030572354,131.811346,,,,,,,,,,,,,241,red,2722,2652,5374
89,,9360320,1,20260924,2114,762,0,0,0,0,0,2287,578,0,0,0,0,0,1,32.66071403050147,131.702707,,,,,,,,,,,,,241,red,2876,2865,5741
89,,9360330,1,20260924,1953,861,0,0,0,0,0,2052,684,0,0,0,0,0,3,32.67533903052341,131.725922,,,,,,,,,,,,,241,red,2814,2736,5550
89,,9360340,1,20260924,4114,1173,0,0,0,0,0,4935,990,0,0,0,0,0,3,32.544601030326895,131.648426,,,,,,,,,,,,,241,red,5287,5925,11212
89,,9360350,1,20260924,3787,548,0,0,0,0,0,3277,435,0,0,0,0,0,1,31.69283102902137,131.379337,,,,,,,,,,,,,241,red,4335,3712,8047
89,,9360360,1,20260924,3807,565,0,0,0,0,0,3303,464,0,0,0,0,0,1,31.626655028918243,131.387644,,,,,,,,,,,,,241,red,4372,3767,8139
89,,9360380,1,20260924,1716,422,0,0,0,0,0,1695,335,0,0,0,0,0,1,31.48338302869418,131.081995,,,,,,,,,,,,,241,red,2138,2030,4168
89,,9360385,1,20260924,2079,555,0,0,0,0,0,2344,536,0,0,0,0,0,1,31.46605602866702,131.053459,,,,,,,,,,,,,241,red,2634,2880,5514
89,,9360390,1,20260924,2016,474,0,0,0,0,0,2389,525,0,0,0,0,0,1,31.445310028634466,130.99415,,,,,,,,,,,,,241,red,2490,2914,5404
89,,9360400,1,20260924,3450,906,0,0,0,0,0,3228,891,0,0,0,0,0,1,31.466282028667365,130.90009,,,,,,,,,,,,,241,red,4356,4119,8475
89,,9360410,1,20260924,2803,796,0,0,0,0,0,2705,848,0,0,0,0,0,1,31.521020028753135,130.93081,,,,,,,,,,,,,241,red,3599,3553,7152
89,,9360420,1,20260924,2493,757,0,0,0,0,0,2653,849,0,0,0,0,0,1,31.615248748900434,130.9538662,,,,,,,,,,,,,241,red,3250,3502,6752
89,,9360430,1,20260924,2781,437,0,0,0,0,0,2290,379,0,0,0,0,0,1,32.749633030634584,130.866625,,,,,,,,,,,,,241,red,3218,2669,5887
89,,9360440,1,20260924,2987,440,0,0,0,0,0,2473,361,0,0,0,0,0,1,32.741409030622286,130.89194,,,,,,,,,,,,,241,red,3427,2834,6261
89,,9360443,1,20260924,2696,350,0,0,0,0,0,2271,303,0,0,0,0,0,1,32.73097603060669,130.938429,,,,,,,,,,,,,241,red,3046,2574,5620
89,,9360465,1,20260924,2579,455,0,0,0,0,0,2978,423,0,0,0,0,0,3,32.69277003054952,131.345815,,,,,,,,,,,,,241,red,3034,3401,6435
89,,9360467,1,20260924,2637,490,0,0,0,0,0,3005,512,0,0,0,0,0,3,32.67691003052576,131.36226,,,,,,,,,,,,,241,red,3127,3517,6644
89,,9360470,1,20260924,2542,426,0,0,0,0,0,3077,439,0,0,0,0,0,3,32.587591030391636,131.509484,,,,,,,,,,,,,241,red,2968,3516,6484
90,,10110010,1,20260924,8208,747,0,0,0,0,0,8577,721,0,0,0,0,0,3,26.525846020561954,127.924665,,,,,,,,,,,,,241,red,8955,9298,18253
90,,10110030,1,20260924,24025,1166,0,0,0,0,0,24055,1508,0,0,0,0,0,3,26.27496950463181,127.741287946701,,,,,,,,,,,,,241,red,25191,25563,50754
90,,10110040,1,20260924,4845,278,0,0,0,0,0,5041,294,0,0,0,0,0,3,26.47501802047749,127.955092,,,,,,,,,,,,,241,red,5123,5335,10458
90,,10110060,1,20260924,11890,1665,0,1,0,0,1,10912,1452,0,1,0,0,1,3,26.28023651673024,127.81364321708601,,,,,,,,,,,,,241,red,13555,12364,25919
90,,10110070,1,20260924,11867,1046,0,0,0,0,0,12496,997,0,0,0,0,0,3,26.200277295979053,127.66189455985999,,,,,,,,,,,,,241,red,12913,13493,26406
90,,10110090,1,20260924,15855,1735,0,0,0,0,0,16781,1486,0,0,0,0,0,3,26.1754430532393,127.706499695777,,,,,,,,,,,,,241,red,17590,18267,35857
81,02,1810010,1,20260924,6044,1573,0,,,,,0,0,0,,,,,3,41.996809040234545,140.63609,,,0,0,0,0,0,0,0,0,0,1,234,blue,7617,0,7617
81,02,1810020,1,20260924,3658,990,0,,,,,3433,825,0,,,,,3,42.079752040271956,140.596961,,,0,0,0,0,0,2,2,0,0,0,234,blue,4648,4258,8906
81,02,1810030,1,20260924,,,,,,,,,,,,,,,3,42.18194404031664,140.438889,,,1,0,0,0,0,3,3,0,0,0,234,blue,0,0,0
81,02,1810040,1,20260924,3058,1154,0,,,,,2440,897,0,,,,,3,42.21583304033111,140.385,,,0,0,0,0,0,0,0,0,0,0,234,blue,4212,3337,7549
81,02,1810050,1,20260924,1933,653,0,,,,,1513,643,0,,,,,3,42.29972204036625,140.271667,,,0,0,0,0,0,1,1,0,0,3,234,blue,2586,2156,4742
81,03,1810060,1,20260924,645,140,0,,,,,609,167,0,,,,,3,42.70250004052043,140.42222,,,0,0,0,0,0,0,0,0,0,0,234,blue,785,776,1561
81,03,1810070,1,20260924,1580,187,0,,,,,1339,351,0,,,,,3,42.805277040555936,140.52666,,,0,0,0,0,0,0,0,0,0,0,234,blue,1767,1690,3457
81,03,1810080,1,20260924,1064,541,0,,,,,649,222,0,,,,,3,42.79952604055398,140.700552,,,0,0,0,0,0,0,0,0,0,121,234,blue,1605,871,2476
81,03,1810100,1,20260924,2380,706,0,,,,,2923,807,0,,,,,3,43.037777040630445,140.678611,,,0,0,0,0,0,0,0,0,0,0,234,blue,3086,3730,6816
81,03,1810110,1,20260924,4875,557,0,,,,,5366,724,0,,,,,3,43.20720804067966,140.975798,,,0,0,0,0,0,0,0,0,0,0,234,blue,5432,6090,11522
81,03,1810120,1,20260924,9435,911,0,,,,,10779,878,0,,,,,3,43.177556040671355,141.041001,,,0,0,0,0,0,0,0,0,0,0,234,blue,10346,11657,22003
81,02,1810130,1,20260924,8082,731,0,,,,,5305,604,0,,,,,3,41.88166704018098,140.720833,,,0,0,0,0,0,0,0,0,0,0,234,blue,8813,5909,14722
81,02,1810140,1,20260924,4190,415,0,,,,,4283,543,0,,,,,3,41.922053040199984,140.673037,,,0,0,0,0,0,0,0,0,0,1,234,blue,4605,4826,9431
81,01,1810160,1,20260924,1563,406,0,,,,,2339,336,0,,,,,3,43.575214040771755,141.936064,,,0,0,0,0,0,0,0,0,0,0,234,blue,1969,2675,4644
81,04,1810180,1,20260924,4160,807,0,,,,,5560,1802,0,,,,,3,43.75523899023857,142.273832256632,,,0,0,0,0,0,0,0,0,0,0,234,blue,4967,7362,12329
81,01,1810200,1,20260924,,,,,,,,,,,,,,,3,42.92800104059627,141.532244,,,1,0,0,0,0,0,0,0,0,2,234,blue,0,0,0
81,01,1810210,1,20260924,4330,1084,0,,,,,2384,575,0,,,,,3,42.86212604057491,141.599922,,,0,0,0,0,0,0,0,0,0,2,234,blue,5414,2959,8373
81,05,1810220,1,20260924,,,,,,,,,,,,,,,3,42.736385040532305,141.709144,,,1,0,0,0,0,0,0,0,0,0,234,blue,0,0,0
81,05,1810240,1,20260924,4482,739,0,,,,,4898,622,0,,,,,3,42.44474904042452,141.159993,,,0,0,0,0,0,0,0,0,0,0,234,blue,5221,5520,10741
81,05,1810250,1,20260924,9114,408,0,,,,,7010,356,0,,,,,3,42.32896604037825,140.996368,,,0,0,0,0,0,0,0,0,0,0,234,blue,9522,7366,16888
81,02,1810260,1,20260924,1276,319,0,,,,,1180,300,0,,,,,3,42.59861104048294,140.461667,,,0,0,0,0,0,2,2,0,0,1,234,blue,1595,1480,3075
81,05,1810270,1,20260924,1423,457,0,,,,,1293,461,0,,,,,3,42.59319704048096,140.520753,,,0,0,0,0,0,0,0,0,0,1,234,blue,1880,1754,3634
81,05,1810280,1,20260924,1444,432,0,,,,,1302,441,0,,,,,3,42.59372804048115,140.535945,,,0,0,0,0,0,1,1,0,0,0,234,blue,1876,1743,3619
81,05,1810290,1,20260924,191,1,0,,,,,1349,254,0,,,,,3,42.56267604046962,140.742626,,,0,0,0,0,0,0,0,0,0,0,234,blue,192,1603,1795
81,01,1810310,1,20260924,,,,,,,,,,,,,,,3,43.57408404077149,141.983838,,,1,,,,,,,,,,234,blue,0,0,0
81,01,1810320,1,20260924,,,,,,,,,,,,,,,3,43.47080004074768,142.266721,,,1,,,,,,,,,,234,blue,0,0,0
81,04,1810350,1,20260924,832,211,0,,,,,765,146,0,,,,,3,43.197272411385796,142.57548514343702,,,0,0,0,0,0,0,0,0,0,72,234,blue,1043,911,1954
81,07,1810360,1,20260924,127,17,0,,,,,121,38,0,,,,,3,43.15712704066555,142.786825,,,0,0,0,0,0,0,0,0,0,205,234,blue,144,159,303
81,07,1810370,1,20260924,1245,382,0,,,,,1164,332,0,,,,,3,42.814306040558975,143.51125,,,0,0,0,0,0,0,0,0,0,0,234,blue,1627,1496,3123
81,07,1810380,1,20260924,,,,,,,,,,,,,,,3,42.82083104056116,143.71063,,,1,0,0,0,0,3,3,0,0,0,234,blue,0,0,0
81,06,1810390,1,20260924,,,,,,,,,,,,,,,3,42.86448904057567,143.874907,,,1,0,0,0,0,0,0,0,0,0,234,blue,0,0,0
81,06,1810400,1,20260924,,,,,,,,,,,,,,,3,43.00508004062045,144.254672,,,1,0,0,0,0,0,0,0,0,0,234,blue,0,0,0
81,06,1810410,1,20260924,,,,,,,,,,,,,,,3,43.0195510406249,144.257695,,,1,0,0,0,0,0,0,0,0,0,234,blue,0,0,0
81,06,1810420,1,20260924,7109,382,0,,,,,7334,305,0,,,,,3,43.00768404062126,144.364725,,,0,0,0,0,0,0,0,0,0,0,234,blue,7491,7639,15130
81,04,1810430,1,20260924,1184,451,0,,,,,948,245,0,,,,,3,43.89533772001418,142.522262332469,,,0,0,0,0,0,0,0,0,0,0,234,blue,1635,1193,2828
81,08,1810460,1,20260924,2237,562,0,,,,,1921,457,0,,,,,3,43.88484504083343,144.001818,,,0,0,0,0,0,0,0,0,0,48,234,blue,2799,2378,5177
81,08,1810480,1,20260924,,,,,,,,,,,,,,,3,43.91366204083846,144.156572,,,1,0,0,0,0,0,0,0,0,34,234,blue,0,0,0
81,04,1810490,1,20260924,2580,673,0,,,,,2406,645,0,,,,,3,43.84734151228824,142.449476813803,,,0,0,0,0,0,0,0,0,0,2,234,blue,3253,3051,6304
81,04,1810500,1,20260924,1480,445,0,,,,,1444,337,0,,,,,3,44.091634905591874,142.391293207353,,,0,0,0,0,0,0,0,0,0,6,234,blue,1925,1781,3706
81,04,1810510,1,20260924,820,329,0,,,,,813,264,0,,,,,3,44.70483751674948,142.274019195489,,,0,0,0,0,0,0,0,0,0,8,234,blue,1149,1077,2226
81,04,1810520,1,20260924,100,29,0,,,,,82,15,0,,,,,3,44.72277804092767,142.249444,,,0,0,0,0,0,0,0,0,0,64,234,blue,129,97,226
81,09,1810530,1,20260924,426,239,0,,,,,522,232,0,,,,,3,44.89642004093388,141.953541,,,0,0,0,0,0,4,4,0,0,0,234,blue,665,754,1419
81,10,1810540,1,20260924,0,0,0,,,,,73,83,0,,,,,3,45.02095404093553,141.771843,,,0,0,0,0,0,0,0,0,0,0,234,blue,0,156,156
81,10,1810550,1,20260924,389,92,0,,,,,477,84,0,,,,,3,45.1450290409348,141.751626,,,0,0,0,0,0,0,0,0,0,28,234,blue,481,561,1042
81,10,1810560,1,20260924,,,,,,,,,,,,,,,3,45.22646604093306,141.745387,,,1,,,,,,,,,,234,blue,0,0,0
81,10,1810570,1,20260924,597,158,0,,,,,787,81,0,,,,,3,45.11301904093522,141.794418,,,0,0,0,0,0,0,0,0,0,0,234,blue,755,868,1623
81,06,1810580,1,20260924,6661,272,0,,,,,6955,228,0,,,,,3,42.9878210406151,144.393418,,,0,0,0,0,0,0,0,0,0,0,234,blue,6933,7183,14116
81,06,1810590,1,20260924,,,,,,,,,,,,,,,3,43.05774504063647,144.791279,,,1,0,0,0,0,0,0,0,0,0,234,blue,0,0,0
81,06,1810600,1,20260924,2884,634,0,,,,,2896,451,0,,,,,3,43.05804004063655,144.830749,,,0,0,0,0,0,0,0,0,0,0,234,blue,3518,3347,6865
81,06,1810610,1,20260924,,,,,,,,,,,,,,,3,43.282406040700124,145.50731400000004,,,1,0,0,0,0,0,0,0,0,0,234,blue,0,0,0
81,02,1810620,1,20260924,1130,377,0,,,,,1064,311,0,,,,,3,41.95083004021339,140.45583300000004,,,0,0,0,0,0,0,0,0,0,0,234,blue,1507,1375,2882
81,02,1810630,1,20260924,1418,128,0,,,,,1297,88,0,,,,,3,41.77072204012754,140.613139,,,0,0,0,0,0,0,0,0,0,0,234,blue,1546,1385,2931
81,02,1810640,1,20260924,,,,,,,,,,,,,,,3,41.666445040075686,140.434972,,,1,0,0,0,0,0,0,0,0,0,234,blue,0,0,0
81,02,1810650,1,20260924,2152,425,0,,,,,2072,242,0,,,,,3,41.624898040054596,140.429715,,,0,0,0,0,0,0,0,0,0,0,234,blue,2577,2314,4891
81,02,1810660,1,20260924,872,179,0,,,,,898,212,0,,,,,3,41.49941703998935,140.249306,,,0,0,0,0,0,0,0,0,0,0,234,blue,1051,1110,2161
81,02,1810670,1,20260924,,,,,,,,,,,,,,,3,41.40202103993715,140.185625,,,1,0,0,0,0,0,0,0,0,0,234,blue,0,0,0
81,02,1810680,1,20260924,966,229,0,,,,,1026,150,0,,,,,3,41.43166703995318,140.128056,,,0,0,0,0,0,0,0,0,0,0,234,blue,1195,1176,2371
81,02,1810690,1,20260924,334,38,0,,,,,364,84,0,,,,,3,41.71166704009836,140.027778,,,0,0,0,0,0,0,0,0,0,0,234,blue,372,448,820
81,02,1810700,1,20260924,1440,254,0,,,,,1548,217,0,,,,,3,41.84777804016484,140.12472200000002,,,0,0,0,0,0,1,1,0,0,0,234,blue,1694,1765,3459
81,02,1810710,1,20260924,,,,,,,,,,,,,,,3,41.84277804016245,140.732222,,,1,0,0,0,0,1,1,0,0,0,234,blue,0,0,0
81,02,1810720,1,20260924,1762,204,0,,,,,1250,83,0,,,,,3,41.83613904015928,140.64875,,,1,0,0,0,0,0,0,0,0,0,234,blue,1966,1333,3299
81,02,1810730,1,20260924,,,,,,,,,,,,,,,3,41.78055604013235,140.61055600000003,,,1,0,0,0,0,0,0,0,0,0,234,blue,0,0,0
81,03,1810750,1,20260924,1494,213,0,,,,,1571,114,0,,,,,3,43.2287050406856,140.73446400000003,,,0,0,0,0,0,0,0,0,0,0,234,blue,1707,1685,3392
81,03,1810760,1,20260924,885,122,0,,,,,878,134,0,,,,,3,43.280277040699566,140.6375,,,0,0,0,0,0,0,0,0,0,0,234,blue,1007,1012,2019
81,03,1810780,1,20260924,321,58,0,,,,,299,23,0,,,,,3,43.328914040712355,140.422613,,,0,0,0,0,0,0,0,0,0,0,234,blue,379,322,701
81,03,1810790,1,20260924,,,,,,,,,,,,,,,3,43.19878704067732,140.346959,,,1,0,0,0,0,0,0,0,0,0,234,blue,0,0,0
81,03,1810800,1,20260924,1336,148,0,,,,,1176,227,0,,,,,3,43.04480504063257,140.505833,,,0,0,0,0,0,0,0,0,0,0,234,blue,1484,1403,2887
81,03,1810810,1,20260924,,,,,,,,,,,,,,,3,43.02277704062587,140.548333,,,1,,,,,,,,,,234,blue,0,0,0
81,03,1810820,1,20260924,2518,1054,0,,,,,3641,1004,0,,,,,3,42.99750304061811,140.538303,,,0,0,0,0,0,0,0,0,0,0,234,blue,3572,4645,8217
81,03,1810830,1,20260924,2452,508,0,,,,,2422,429,0,,,,,3,42.981000040613,140.511333,,,0,0,0,0,0,0,0,0,0,0,234,blue,2960,2851,5811
81,03,1810840,1,20260924,613,286,0,,,,,0,0,0,,,,,3,42.93163404059743,140.409415,,,0,0,0,0,0,0,0,0,0,0,234,blue,899,0,899
81,03,1810850,1,20260924,,,,,,,,,,,,,,,3,42.83094404056455,140.308974,,,1,0,0,0,0,0,0,0,0,0,234,blue,0,0,0
81,03,1810860,1,20260924,1,0,0,,,,,597,375,0,,,,,3,42.818297040560324,140.184051,,,0,0,0,0,0,0,0,0,0,0,234,blue,1,972,973
81,03,1810870,1,20260924,112,12,0,,,,,120,12,0,,,,,3,42.68444404051404,139.919444,,,0,0,0,0,0,0,0,0,0,0,234,blue,124,132,256
81,02,1810880,1,20260924,41,7,0,,,,,52,5,0,,,,,3,42.57583304047453,139.832222,,,0,0,0,0,0,2,2,0,0,0,234,blue,48,57,105
81,02,1810890,1,20260924,194,36,0,,,,,234,60,0,,,,,3,42.17250004031257,139.899444,,,0,0,0,0,0,0,0,0,0,0,234,blue,230,294,524
81,02,1810900,1,20260924,202,43,0,,,,,296,62,0,,,,,3,42.21750004033183,139.868333,,,0,0,0,0,0,0,0,0,0,0,234,blue,245,358,603
81,02,1810910,1,20260924,534,144,0,,,,,609,134,0,,,,,3,42.11918804028937,140.016837,,,0,0,0,0,0,0,0,0,0,1,234,blue,678,743,1421
81,02,1810920,1,20260924,,,,,,,,,,,,,,,3,41.97324904022374,140.139624,,,1,0,0,0,0,0,0,0,0,0,234,blue,0,0,0
81,01,1810940,1,20260924,,,,,,,,,,,,,,,3,43.001256040619275,141.339621,,,1,0,0,0,0,0,0,0,0,1,234,blue,0,0,0
81,01,1810950,1,20260924,,,,,,,,,,,,,,,3,42.999192040618645,141.337588,,,1,0,0,0,0,0,0,0,0,1,234,blue,0,0,0
81,01,1810960,1,20260924,2719,351,0,,,,,1984,248,0,,,,,3,42.9536270406044,141.151206,,,0,0,0,0,0,0,0,0,0,17,234,blue,3070,2232,5302
81,01,1810970,1,20260924,,,,,,,,,,,,,,,3,42.883263040581824,141.139985,,,1,,,,,,,,,,234,blue,0,0,0
81,03,1810980,1,20260924,411,39,0,,,,,784,67,0,,,,,3,42.69444404051758,140.839722,,,0,0,0,0,0,0,0,0,0,64,234,blue,450,851,1301
81,01,1811010,1,20260924,,,,,,,,,,,,,,,3,43.161847040666906,141.353771,,,1,0,0,0,0,6,6,0,0,107,234,blue,0,0,0
81,01,1811020,1,20260924,,,,,,,,,,,,,,,3,43.183375040672985,141.323859,,,1,0,0,0,0,6,6,0,0,1,234,blue,0,0,0
81,01,1811030,1,20260924,,,,,,,,,,,,,,,3,43.22320404068409,141.345058,,,1,0,0,0,0,6,6,0,0,0,234,blue,0,0,0
81,01,1811040,1,20260924,611,92,0,,,,,565,96,0,,,,,3,43.39904804073019,141.436259,,,0,0,0,0,0,31,31,0,0,8,234,blue,703,661,1364
81,09,1811050,1,20260924,,,,,,,,,,,,,,,3,43.75429004080918,141.350733,,,1,0,0,0,0,0,0,0,0,7,234,blue,0,0,0
81,09,1811060,1,20260924,,,,,,,,,,,,,,,3,44.96648604093511,141.761931,,,1,0,0,0,0,4,4,0,0,1,234,blue,0,0,0
81,09,1811080,1,20260924,,,,,,,,,,,,,,,3,44.80492204093118,141.785854,,,1,0,0,0,0,4,4,0,0,0,234,blue,0,0,0
81,09,1811090,1,20260924,,,,,,,,,,,,,,,3,44.64226604092325,141.79398,,,1,0,0,0,0,4,4,0,0,0,234,blue,0,0,0
81,09,1811110,1,20260924,,,,,,,,,,,,,,,3,44.37405804090138,141.71125400000003,,,1,0,0,0,0,4,4,0,0,5,234,blue,0,0,0
81,09,1811120,1,20260924,525,98,0,,,,,1280,267,0,,,,,3,44.255796040888285,141.656338,,,0,0,0,0,0,4,4,1,0,13,234,blue,623,1547,2170
81,09,1811130,1,20260924,,,,,,,,,,,,,,,3,44.07063104086351,141.663029,,,1,0,0,0,0,0,0,0,0,3,234,blue,0,0,0
81,09,1811150,1,20260924,1198,322,0,,,,,1093,370,0,,,,,3,43.94678404084405,141.651833,,,0,0,0,0,0,0,0,0,0,39,234,blue,1520,1463,2983
81,09,1811160,1,20260924,,,,,,,,,,,,,,,3,43.832161040823955,141.829941,,,1,0,0,0,0,0,0,0,0,2,234,blue,0,0,0
81,09,1811170,1,20260924,,,,,,,,,,,,,,,3,43.849231040827085,141.814442,,,1,0,0,0,0,0,0,0,0,13,234,blue,0,0,0
81,09,1811180,1,20260924,211,76,0,,,,,324,124,0,,,,,3,43.874433040831605,141.738524,,,0,0,0,0,0,0,0,0,0,3,234,blue,287,448,735
81,09,1811190,1,20260924,,,,,,,,,,,,,,,3,43.91902504083936,141.685028,,,1,0,0,0,0,0,0,0,0,3,234,blue,0,0,0
81,09,1811200,1,20260924,822,194,0,,,,,852,207,0,,,,,3,43.887433040833905,141.711544,,,0,0,0,0,0,0,0,0,0,6,234,blue,1016,1059,2075
81,01,1811210,1,20260924,,,,,,,,,,,,,,,3,43.19164404067532,141.764248,,,1,,,,,,,,,,234,blue,0,0,0
81,01,1811220,1,20260924,,,,,,,,,,,,,,,3,42.898883040586895,141.813884,,,1,0,0,0,0,0,0,0,0,103,234,blue,0,0,0
81,05,1811230,1,20260924,1530,758,0,,,,,1386,889,0,,,,,3,42.885113040582425,141.812065,,,0,0,0,0,0,0,0,0,0,0,234,blue,2288,2275,4563
81,05,1811240,1,20260924,,,,,,,,,,,,,,,3,42.76319504054159,141.812586,,,1,0,0,0,0,0,0,0,0,1,234,blue,0,0,0
81,05,1811250,1,20260924,,,,,,,,,,,,,,,3,42.55317704046606,141.981715,,,1,0,0,0,0,0,0,0,0,95,234,blue,0,0,0
81,05,1811260,1,20260924,4779,556,0,,,,,4354,410,0,,,,,3,42.16916704031112,142.768611,,,0,0,0,0,0,0,0,0,0,0,234,blue,5335,4764,10099
81,05,1811270,1,20260924,2110,435,0,,,,,1968,314,0,,,,,3,42.50615204044825,142.070834,,,0,0,0,0,0,0,0,0,0,1,234,blue,2545,2282,4827
81,07,1811280,1,20260924,785,151,0,,,,,141,43,0,,,,,3,42.58422604047764,143.30053,,,0,0,0,0,0,0,0,0,0,0,234,blue,936,184,1120
81,07,1811290,1,20260924,123,47,0,,,,,116,38,0,,,,,3,42.3768230403976,143.061454,,,0,0,0,0,0,50,50,0,0,3,234,blue,170,154,324
81,04,1811320,1,20260924,,,,,,,,,,,,,,,3,43.60527804077837,142.469167,,,1,0,0,0,0,0,0,0,0,1,234,blue,0,0,0
81,04,1811330,1,20260924,2984,695,0,,,,,2858,651,0,,,,,3,43.560996966472565,142.4353437615,,,0,0,0,0,0,0,0,0,0,3,234,blue,3679,3509,7188
81,08,1811370,1,20260924,310,47,0,,,,,249,55,0,,,,,3,44.09975304086775,143.867897,,,0,0,0,0,0,0,0,0,0,138,234,blue,357,304,661
81,08,1811380,1,20260924,786,191,0,,,,,632,169,0,,,,,3,44.12070404087072,143.72058,,,0,0,0,0,0,0,0,0,0,84,234,blue,977,801,1778
81,08,1811390,1,20260924,2191,449,0,,,,,2220,381,0,,,,,3,44.364948040900465,143.334896,,,0,0,0,0,0,0,0,0,0,0,234,blue,2640,2601,5241
81,10,1811400,1,20260924,,,,,,,,,,,,,,,3,44.77764204093013,142.721902,,,1,0,0,0,0,0,0,0,0,7,234,blue,0,0,0
81,10,1811410,1,20260924,539,221,0,,,,,630,265,0,,,,,3,45.361691040927944,142.122166,,,0,0,0,0,0,0,0,0,0,0,234,blue,760,895,1655
81,10,1811420,1,20260924,0,0,0,,,,,789,69,0,,,,,3,45.43710504092389,141.862347,,,0,0,0,0,0,0,0,0,0,116,234,blue,0,858,858
81,08,1811430,1,20260924,305,73,0,,,,,285,91,0,,,,,3,44.40500204090447,143.017708,,,0,0,0,0,0,0,0,0,0,0,234,blue,378,376,754
81,04,1811440,1,20260924,256,62,0,,,,,246,75,0,,,,,3,44.31599186248862,142.78318613417,,,0,0,0,0,0,0,0,0,0,45,234,blue,318,321,639
81,04,1811450,1,20260924,379,147,0,,,,,242,123,0,,,,,3,44.18218514890566,142.3067879962,,,0,0,0,0,0,0,0,0,0,4,234,blue,526,365,891
81,09,1811460,1,20260924,,,,,,,,,,,,,,,3,44.20144804088155,142.034387,,,1,0,0,0,0,4,4,0,0,1,234,blue,0,0,0
81,06,1811490,1,20260924,,,,,,,,,,,,,,,3,43.28312104070033,144.106479,,,1,0,0,0,0,0,0,0,0,0,234,blue,0,0,0
81,06,1811500,1,20260924,362,240,0,,,,,344,195,0,,,,,3,43.45847504074473,144.008366,,,0,0,0,0,0,0,0,0,0,0,234,blue,602,539,1141
81,08,1811520,1,20260924,1893,236,0,,,,,1889,333,0,,,,,3,44.16231304087643,143.57881,,,0,0,0,0,0,0,0,0,0,0,234,blue,2129,2222,4351
81,08,1811530,1,20260924,2110,333,0,,,,,1955,265,0,,,,,3,44.13401504087257,143.561357,,,0,0,0,0,0,0,0,0,0,0,234,blue,2443,2220,4663
81,08,1811540,1,20260924,,,,,,,,,,,,,,,3,43.81153304082013,143.553741,,,1,0,0,0,0,0,0,0,0,41,234,blue,0,0,0
81,07,1811550,1,20260924,66,33,0,,,,,94,43,0,,,,,3,43.614803040780444,143.623559,,,0,0,0,0,0,0,0,0,0,0,234,blue,99,137,236
81,07,1811560,1,20260924,1376,405,0,,,,,1738,461,0,,,,,3,42.950446040603396,143.426823,,,0,0,0,0,0,0,0,0,0,0,234,blue,1781,2199,3980
81,07,1811570,1,20260924,370,60,0,,,,,3725,423,0,,,,,3,42.91920004059345,143.382799,,,0,0,0,0,0,0,0,0,0,0,234,blue,430,4148,4578
81,06,1811580,1,20260924,2,0,0,,,,,537,101,0,,,,,3,43.65168204078832,144.260814,,,0,0,0,0,0,0,0,0,0,0,234,blue,2,638,640
81,06,1811590,1,20260924,693,134,0,,,,,622,115,0,,,,,3,43.48222204075039,144.542778,,,0,0,0,0,0,0,0,0,0,0,234,blue,827,737,1564
81,06,1811600,1,20260924,401,121,0,,,,,465,126,0,,,,,3,43.415912040734376,144.740463,,,0,0,0,0,0,0,0,0,0,0,234,blue,522,591,1113
81,08,1811610,1,20260924,2473,379,0,,,,,2320,280,0,,,,,3,43.96614504084723,144.326697,,,0,0,0,0,0,0,0,0,0,0,234,blue,2852,2600,5452
81,08,1811620,1,20260924,1125,165,0,,,,,1178,185,0,,,,,3,43.91012304083783,144.542023,,,0,0,0,0,0,0,0,0,0,0,234,blue,1290,1363,2653
81,08,1811630,1,20260924,,,,,,,,,,,,,,,3,43.888827040834144,144.736391,,,1,0,0,0,0,0,0,0,0,48,234,blue,0,0,0
81,06,1811640,1,20260924,248,68,0,,,,,311,49,0,,,,,3,43.73179504080475,144.960789,,,0,0,0,0,0,0,0,0,0,0,234,blue,316,360,676
81,06,1811650,1,20260924,186,45,0,,,,,210,39,0,,,,,3,43.69435704079721,145.112266,,,0,0,0,0,0,0,0,0,0,0,234,blue,231,249,480
81,06,1811660,1,20260924,,,,,,,,,,,,,,,3,43.37687304072465,145.283748,,,1,0,0,0,0,0,0,0,0,0,234,blue,0,0,0
81,06,1811670,1,20260924,994,441,0,,,,,999,329,0,,,,,3,43.225599040684756,144.69552000000002,,,0,0,0,0,0,0,0,0,0,0,234,blue,1435,1328,2763
81,06,1811680,1,20260924,804,261,0,,,,,929,241,0,,,,,3,43.384169040726476,144.866826,,,0,0,0,0,0,0,0,0,0,0,234,blue,1065,1170,2235
81,06,1811690,1,20260924,,,,,,,,,,,,,,,3,43.60985404077937,145.077277,,,1,0,0,0,0,0,0,0,0,0,234,blue,0,0,0
81,07,1811700,1,20260924,478,106,0,,,,,441,127,0,,,,,3,43.353586040718724,143.261308,,,0,0,0,0,0,0,0,0,0,3,234,blue,584,568,1152
81,07,1811710,1,20260924,360,76,0,,,,,327,82,0,,,,,3,43.571286040770886,143.120781,,,0,0,0,0,0,0,0,0,0,5,234,blue,436,409,845
81,04,1811730,1,20260924,216,81,0,,,,,221,33,0,,,,,3,43.909246029716684,142.97348513542,,,0,0,0,0,0,0,0,0,0,8,234,blue,297,254,551
81,04,1811740,1,20260924,204,77,0,,,,,187,36,0,,,,,3,43.9388162846136,142.945802727953,,,0,0,0,0,0,0,0,0,0,59,234,blue,281,223,504
81,01,1811750,1,20260924,2620,1111,0,,,,,1908,1043,0,,,,,3,42.98946404061562,141.609539,,,0,0,0,0,0,0,0,0,0,16,234,blue,3731,2951,6682
81,01,1811760,1,20260924,1394,392,0,,,,,1217,346,0,,,,,3,42.94269504060095,141.76061,,,0,0,0,0,0,0,0,0,0,0,234,blue,1786,1563,3349
81,01,1811770,1,20260924,1083,410,0,,,,,905,403,0,,,,,3,42.950353040603375,141.802672,,,0,0,0,0,0,0,0,0,0,2,234,blue,1493,1308,2801
81,01,1811780,1,20260924,,,,,,,,,,,,,,,3,42.91325204059154,141.966963,,,1,0,0,0,0,0,0,0,0,1,234,blue,0,0,0
81,01,1811790,1,20260924,,,,,,,,,,,,,,,3,42.92852504059643,142.063994,,,1,0,0,0,0,0,0,0,0,0,234,blue,0,0,0
81,05,1811800,1,20260924,721,610,0,,,,,589,617,0,,,,,3,42.9641030406077,142.63981100000004,,,0,0,0,0,0,0,0,0,0,0,234,blue,1331,1206,2537
81,01,1811810,1,20260924,2550,763,0,,,,,2049,639,0,,,,,3,43.18243804067272,141.523454,,,0,0,0,0,0,0,0,0,0,38,234,blue,3313,2688,6001
81,01,1811830,1,20260924,792,294,0,,,,,932,166,0,,,,,3,43.54600104076516,141.884426,,,0,0,0,0,0,0,0,0,0,7,234,blue,1086,1098,2184
81,01,1811840,1,20260924,564,138,0,,,,,504,95,0,,,,,3,43.71586004080156,141.885874,,,0,0,0,0,0,0,0,0,0,13,234,blue,702,599,1301
81,01,1811850,1,20260924,179,55,0,,,,,164,37,0,,,,,3,43.76892104081203,141.884179,,,0,0,0,0,0,0,0,0,0,20,234,blue,234,201,435
81,01,1811860,1,20260924,286,51,0,,,,,271,52,0,,,,,3,43.80589304081908,141.905599,,,0,0,0,0,0,0,0,0,0,2,234,blue,337,323,660
81,01,1811870,1,20260924,123,45,0,,,,,128,35,0,,,,,3,43.917356040839074,142.125632,,,0,0,0,0,0,0,0,0,0,18,234,blue,168,163,331
81,04,1811880,1,20260924,264,61,0,,,,,296,48,0,,,,,3,44.74113379582216,142.253439072174,,,0,0,0,0,0,0,0,0,0,54,234,blue,325,344,669
81,10,1811890,1,20260924,302,76,0,,,,,383,66,0,,,,,3,44.820303040931734,142.284138,,,0,0,0,0,0,0,0,0,0,0,234,blue,378,449,827
81,10,1811900,1,20260924,220,73,0,,,,,325,85,0,,,,,3,45.044884040935564,142.315271,,,0,0,0,0,0,0,0,0,0,65,234,blue,293,410,703
81,10,1811910,1,20260924,339,76,0,,,,,407,83,0,,,,,3,45.10820204093526,142.363773,,,0,0,0,0,0,0,0,0,0,90,234,blue,415,490,905
81,03,1811920,1,20260924,,,,,,,,,,,,,,,3,42.98635304061466,140.606197,,,1,0,0,0,0,0,0,0,0,0,234,blue,0,0,0
81,03,1811930,1,20260924,630,222,0,,,,,683,259,0,,,,,3,42.88083304058103,140.878055,,,0,0,0,0,0,0,0,0,0,76,234,blue,852,942,1794
81,03,1811940,1,20260924,614,281,0,,,,,541,368,0,,,,,3,42.80440904055563,140.891961,,,0,0,0,0,0,0,0,0,0,24,234,blue,895,909,1804
81,03,1811950,1,20260924,388,243,0,,,,,352,171,0,,,,,3,42.75773904053971,141.013347,,,0,0,0,0,0,0,0,0,0,49,234,blue,631,523,1154
81,01,1811980,1,20260924,,,,,,,,,,,,,,,3,42.71955604052643,141.252074,,,1,0,0,0,0,0,0,0,0,9,234,blue,0,0,0
81,01,1811990,1,20260924,821,313,0,,,,,776,274,0,,,,,3,42.74221004053433,141.402953,,,0,0,0,0,0,0,0,0,0,5,234,blue,1134,1050,2184
81,02,1812000,1,20260924,183,13,0,,,,,166,21,0,,,,,3,42.1695560403113,140.052167,,,0,0,0,0,0,0,0,0,0,0,234,blue,196,187,383
81,02,1812010,1,20260924,1949,258,0,,,,,2129,287,0,,,,,3,41.76194404012323,140.856944,,,0,0,0,0,0,0,0,0,0,0,234,blue,2207,2416,4623
81,02,1812020,1,20260924,,,,,,,,,,,,,,,3,41.714722040099886,140.9975,,,1,0,0,0,0,0,0,0,0,0,234,blue,0,0,0
81,02,1812030,1,20260924,,,,,,,,,,,,,,,3,41.87888904017965,141.092222,,,1,0,0,0,0,0,0,0,0,0,234,blue,0,0,0
81,02,1812040,1,20260924,557,175,0,,,,,572,85,0,,,,,3,41.9566670402161,140.928611,,,0,0,0,0,0,0,0,0,0,0,234,blue,732,657,1389
81,02,1812050,1,20260924,,,,,,,,,,,,,,,3,42.013056040241956,140.853611,,,1,0,0,0,0,0,0,0,0,0,234,blue,0,0,0
81,02,1812060,1,20260924,377,96,0,,,,,495,54,0,,,,,3,42.042500040255284,140.813056,,,0,0,0,0,0,0,0,0,0,0,234,blue,473,549,1022
81,02,1812070,1,20260924,603,185,0,,,,,551,246,0,,,,,3,42.12805604029326,140.711389,,,0,0,0,0,0,0,0,0,0,1,234,blue,788,797,1585
81,02,1812080,1,20260924,1564,207,0,,,,,1543,200,0,,,,,3,42.118611040289125,140.632778,,,0,0,0,0,0,0,0,0,0,0,234,blue,1771,1743,3514
81,06,1812090,1,20260924,12,9,0,,,,,1415,204,0,,,,,3,43.89994004083609,145.099582,,,0,0,0,0,0,0,0,0,0,0,234,blue,21,1619,1640
81,05,1812130,1,20260924,314,76,0,,,,,235,100,0,,,,,3,42.02778604024864,143.231184,,,0,0,0,0,0,0,0,0,0,3,234,blue,390,335,725
81,07,1812150,1,20260924,330,36,0,,,,,233,55,0,,,,,3,42.16205004030805,143.324722,,,0,0,0,0,0,0,0,0,0,0,234,blue,366,288,654
81,07,1812160,1,20260924,689,74,0,,,,,884,213,0,,,,,3,42.28181504035883,143.31818,,,0,0,0,0,0,0,0,0,0,0,234,blue,763,1097,1860
81,07,1812170,1,20260924,1176,169,0,,,,,1014,151,0,,,,,3,42.31167504037117,143.321422,,,0,0,0,0,0,59,59,0,0,3,234,blue,1345,1165,2510
81,07,1812180,1,20260924,155,69,0,,,,,138,71,0,,,,,3,42.68446104051403,143.603341,,,0,0,0,0,0,0,0,0,0,0,234,blue,224,209,433
81,07,1812190,1,20260924,178,162,0,,,,,187,153,0,,,,,3,42.69525004051786,143.616062,,,0,0,0,0,0,1,1,0,0,0,234,blue,340,340,680
81,07,1812200,1,20260924,156,179,0,,,,,166,188,0,,,,,3,42.74125304053399,143.631419,,,0,0,0,0,0,0,0,0,0,0,234,blue,335,354,689
81,01,1812210,1,20260924,164,33,0,,,,,141,17,0,,,,,3,42.85600604057288,141.704289,,,0,0,0,0,0,0,0,0,0,104,234,blue,197,158,355
81,01,1812220,1,20260924,,,,,,,,,,,,,,,3,42.969962040609545,141.672998,,,1,0,0,0,0,0,0,0,0,2,234,blue,0,0,0
81,01,1812230,1,20260924,,,,,,,,,,,,,,,3,43.02096904062534,141.663755,,,1,0,0,0,0,0,0,0,0,0,234,blue,0,0,0
81,03,1812240,1,20260924,4864,1921,0,,,,,4242,1533,0,,,,,3,43.14450004066195,141.187805,,,0,0,0,0,0,0,0,0,0,0,234,blue,6785,5775,12560
81,06,1812250,1,20260924,495,114,0,,,,,389,108,0,,,,,3,43.68733204079576,144.466438,,,0,0,0,0,0,0,0,0,0,0,234,blue,609,497,1106
81,03,1812260,1,20260924,,,,,,,,,,,,,,,3,42.99111104061613,140.875833,,,1,0,0,0,0,0,0,0,0,0,234,blue,0,0,0
81,04,1812290,1,20260924,2283,637,0,,,,,2107,498,0,,,,,3,43.85258742603739,142.702731203374,,,0,0,0,0,0,4,4,0,0,2,234,blue,2920,2605,5525
81,01,1812300,1,20260924,0,0,0,,,,,307,29,0,,,,,3,43.578650040772516,141.414894,,,0,0,0,0,0,0,0,0,0,0,234,blue,0,336,336
81,01,1812310,1,20260924,46,4,0,,,,,60,4,0,,,,,3,43.548241040765674,141.621516,,,0,0,0,0,0,0,0,0,0,6,234,blue,50,64,114
81,01,1812320,1,20260924,51,3,0,,,,,58,6,0,,,,,3,43.542762040764444,141.638006,,,0,0,0,0,0,2,2,0,0,0,234,blue,54,64,118
81,01,1812330,1,20260924,,,,,,,,,,,,,,,3,43.55901004076813,141.903362,,,1,0,0,0,0,0,0,0,0,104,234,blue,0,0,0
81,01,1812340,1,20260924,420,91,0,,,,,390,32,0,,,,,3,42.995832040617586,142.00991,,,0,0,0,0,0,0,0,0,0,0,234,blue,511,422,933
81,01,1812350,1,20260924,6423,310,0,,,,,6907,435,0,,,,,3,42.979904040612645,141.346302,,,0,0,0,0,0,0,0,0,0,2,234,blue,6733,7342,14075
81,01,1812370,1,20260924,585,36,0,,,,,490,28,0,,,,,3,42.83639604056636,141.300884,,,0,0,0,0,0,0,0,0,0,5,234,blue,621,518,1139
81,01,1812380,1,20260924,828,35,0,,,,,759,39,0,,,,,3,42.80255304055502,141.327921,,,0,0,0,0,0,0,0,0,0,5,234,blue,863,798,1661
82,,2810010,1,20260924,3586,1424,0,,,,,3500,1480,0,,,,,3,37.18051903644227,140.286944,,,0,,,,0,,,,,,241,blue,5010,4980,9990
82,,2810030,1,20260924,860,249,0,,,,,971,184,0,,,,,3,37.862598037160126,140.528175,,,1,,,,0,,,,,,241,blue,1109,1155,2264
82,,2810180,1,20260924,877,294,0,,,,,416,159,0,,,,,3,38.89166803813703,141.115835,,,1,,,,0,,,,,,241,blue,1171,575,1746
82,,2810190,1,20260924,89,65,0,,,,,28,57,0,,,,,3,39.03166703825964,141.1175,,,1,,,,0,,,,,,241,blue,154,85,239
82,,2810200,1,20260924,229,17,0,,,,,632,128,0,,,,,3,39.0450020382712,141.129544,,,1,,,,0,,,,,,241,blue,246,760,1006
82,,2810220,1,20260924,8521,1586,0,,,,,8663,1370,0,,,,,3,39.29444503848296,141.105556,,,0,,,,0,,,,,,241,blue,10107,10033,20140
82,,2810230,1,20260924,0,0,0,,,,,0,0,0,,,,,3,39.344446038524424,141.106946,,,1,,,,0,,,,,,241,blue,0,0,0
82,,2810240,1,20260924,62,119,0,,,,,206,113,0,,,,,3,39.651946038772245,141.164724,,,1,,,,0,,,,,,241,blue,181,319,500
82,,2810250,1,20260924,2,1,0,,,,,8,7,0,,,,,3,39.888889038954595,141.19528,,,1,,,,0,,,,,,241,blue,3,15,18
82,,2810270,1,20260924,175,36,0,,,,,0,2,0,,,,,3,40.27277803923393,141.293058,,,1,,,,0,,,,,,241,blue,211,2,213
82,,2810280,1,20260924,112,16,0,,,,,240,34,0,,,,,3,40.41445803933193,141.298913,,,1,,,,0,,,,,,241,blue,128,274,402
82,,2810290,1,20260924,3538,657,0,,,,,3356,512,0,,,,,3,40.718083039532594,141.156692,,,0,,,,0,,,,,,241,blue,4195,3868,8063
82,,2810300,1,20260924,1145,397,0,,,,,1217,275,0,,,,,3,40.907508039651255,141.061111,,,1,,,,0,,,,,,241,blue,1542,1492,3034
82,,2810310,1,20260924,3508,862,0,,,,,3395,762,0,,,,,3,40.8547220396187,140.839178,,,0,,,,0,,,,,,241,blue,4370,4157,8527
82,,2810320,1,20260924,5313,1597,0,,,,,5808,1154,0,,,,,3,36.91389703614713,140.802218,,,0,,,,0,,,,,,241,blue,6910,6962,13872
82,,2810330,1,20260924,6511,1868,0,,,,,5885,1850,0,,,,,3,37.027520036273884,140.897874,,,0,,,,0,,,,,,241,blue,8379,7735,16114
82,,2810340,1,20260924,,,,,,,,,,,,,,,3,37.191077036453784,140.999315,,,1,,,,0,,,,,,241,blue,0,0,0
82,,2810350,1,20260924,,,,,,,,,,,,,,,3,37.83831703713551,140.937334,,,1,,,,0,,,,,,241,blue,0,0,0
82,,2810400,1,20260924,1173,196,0,,,,,946,174,0,,,,,3,39.26847903846129,139.923131,,,0,,,,0,,,,,,241,blue,1369,1120,2489
82,,2810430,1,20260924,1606,455,0,,,,,1731,374,0,,,,,3,39.976642039020206,140.07770900000003,,,1,,,,0,,,,,,241,blue,2061,2105,4166
82,,2810450,1,20260924,,,,,,,,,,,,,,,3,40.278639039238044,140.449111,,,1,,,,0,,,,,,241,blue,0,0,0
82,,2810460,1,20260924,589,86,0,,,,,490,38,0,,,,,3,40.275306039235716,140.516861,,,1,,,,0,,,,,,241,blue,675,528,1203
82,,2810470,1,20260924,1766,615,0,,,,,1724,849,0,,,,,3,40.317917039265446,140.578139,,,1,,,,0,,,,,,241,blue,2381,2573,4954
82,,2810480,1,20260924,526,90,0,,,,,714,148,0,,,,,3,40.577502039441285,140.518889,,,1,,,,0,,,,,,241,blue,616,862,1478
82,,2810490,1,20260924,5106,871,0,,,,,4774,802,0,,,,,3,40.711137039528154,140.580013,,,1,,,,0,,,,,,241,blue,5977,5576,11553
82,,2810580,1,20260924,264,17,0,,,,,2,0,0,,,,,3,39.260555038454655,140.543611,,,1,,,,0,,,,,,241,blue,281,2,283
82,,2810590,1,20260924,3707,1320,0,,,,,4590,746,0,,,,,3,39.44138803860391,140.505,,,0,,,,0,,,,,,241,blue,5027,5336,10363
82,,2810600,1,20260924,2712,731,0,,,,,2798,536,0,,,,,3,39.51138803866052,140.380833,,,1,,,,0,,,,,,241,blue,3443,3334,6777
82,,2810610,1,20260924,3319,881,0,,,,,3187,988,0,,,,,3,39.63750003876089,140.300833,,,1,,,,0,,,,,,241,blue,4200,4175,8375
82,,2810620,1,20260924,5469,968,0,,,,,4190,1003,0,,,,,3,39.67388903878944,140.152222,,,0,,,,0,,,,,,241,blue,6437,5193,11630
82,,2810630,1,20260924,12269,1756,0,,,,,10617,2232,0,,,,,3,39.69425003880535,140.122194,,,0,,,,0,,,,,,241,blue,14025,12849,26874
82,,2810960,1,20260924,127,4,0,,,,,7,1,0,,,,,3,40.26398203922775,141.40187,,,1,,,,0,,,,,,241,blue,131,8,139
82,,2810970,1,20260924,80,3,0,,,,,59,12,0,,,,,3,40.4453010393529,141.638612,,,1,,,,0,,,,,,241,blue,83,71,154
82,,2810980,1,20260924,0,0,0,,,,,93,57,0,,,,,3,40.30396403925574,141.3059,,,1,,,,0,,,,,,241,blue,0,150,150
82,,2810990,1,20260924,3231,771,0,,,,,2902,639,0,,,,,3,40.60361303945845,141.404748,,,0,,,,0,,,,,,241,blue,4002,3541,7543
82,,2811030,1,20260924,1015,312,0,,,,,934,339,0,,,,,3,39.608922038738314,140.57135,,,0,,,,0,,,,,,241,blue,1327,1273,2600
82,,2811140,1,20260924,1174,203,0,,,,,802,108,0,,,,,3,37.03129103627806,140.879088,,,1,,,,0,,,,,,241,blue,1377,910,2287
82,,2811160,1,20260924,1051,428,0,,,,,1112,532,0,,,,,3,37.1928290364557,140.62122,,,0,,,,0,,,,,,241,blue,1479,1644,3123
83,,3810010,1,20260924,,,,,,,,,,,,,,,3,35.23222203411103,139.112514,,,1,,,,,,,,,,241,blue,0,0,0
83,,3810040,1,20260924,12801,775,0,,,,,1477,137,0,,,,,3,35.26450803415279,139.182925,,,0,0,0,0,0,5,0,0,1,0,241,blue,13576,1614,15190
83,,3810050,1,20260924,20625,2863,0,,,,,,,,,,,,3,35.71158901450833,139.777491746321,,,0,0,0,0,0,0,0,0,0,0,241,blue,23488,0,23488
83,,3810060,1,20260924,13400,2419,0,,,,,11243,1990,0,,,,,3,35.725261072361086,139.78833095668,,,0,0,0,0,0,0,0,0,0,0,241,blue,15819,13233,29052
83,,3810061,1,20260924,13577,2563,0,,,,,11417,2347,0,,,,,3,35.72724220226666,139.789181219765,,,0,0,0,0,0,0,0,0,0,0,241,blue,16140,13764,29904
83,,3810070,1,20260924,13493,2773,0,,,,,6009,983,0,,,,,3,35.735055772282294,139.795343463609,,,0,0,0,0,0,0,0,0,0,0,241,blue,16266,6992,23258
83,,3810080,1,20260924,0,0,0,,,,,16510,2539,0,,,,,3,35.73896290498206,139.797270681572,,,0,0,0,0,0,1,0,0,0,0,241,blue,0,19049,19049
83,,3810100,1,20260924,2661,156,0,,,,,4108,267,0,,,,,3,36.53972203571964,139.883611,,,0,0,0,0,0,0,0,0,0,0,241,blue,2817,4375,7192
83,,3810110,1,20260924,6868,1853,0,,,,,6850,1820,0,,,,,3,36.91694403615054,139.999722,,,0,0,0,0,0,0,0,0,0,0,241,blue,8721,8670,17391
83,,3810140,1,20260924,7009,4587,0,,,,,5896,3805,0,,,,,3,35.9900520350645,139.793529,,,0,0,0,0,0,0,0,0,0,0,241,blue,11596,9701,21297
83,,3810151,1,20260924,3753,4724,0,,,,,5238,5283,0,,,,,3,36.07984803517367,139.770041,,,0,0,0,0,0,0,0,0,0,0,241,blue,8477,10521,18998
83,,3810160,1,20260924,5640,4074,0,,,,,8510,6395,0,,,,,3,36.167500035279446,139.779444,,,0,0,0,0,0,0,0,0,0,0,241,blue,9714,14905,24619
83,,3810180,1,20260924,2752,2588,0,,,,,11024,5943,0,,,,,3,36.296506035433666,139.841547,,,0,0,0,0,0,0,0,0,0,0,241,blue,5340,16967,22307
83,,3810200,1,20260924,1056,311,0,,,,,19768,6216,0,,,,,3,36.57174703575683,139.941692,,,0,0,0,0,0,0,0,0,0,0,241,blue,1367,25984,27351
83,,3810210,1,20260924,17671,1040,0,,,,,8,1,0,,,,,3,35.694558518577544,139.78420024258003,,,0,0,0,0,0,0,0,0,0,0,241,blue,18711,9,18720
83,,3810220,1,20260924,14096,2379,0,,,,,8003,925,0,,,,,3,35.73416286894769,139.831977693081,,,0,0,0,0,0,0,0,0,0,0,241,blue,16475,8928,25403
83,,3810230,1,20260924,1877,120,0,,,,,5104,903,0,,,,,3,35.735319871891136,139.833592336398,,,0,0,0,0,0,0,0,0,0,0,241,blue,1997,6007,8004
83,,3810260,1,20260924,,,,,,,,,,,,,,,3,35.83796603487771,139.939917,,,1,,,,,,,,,,241,blue,0,0,0
83,,3810280,1,20260924,,,,,,,,,,,,,,,3,35.895306034948405,140.059167,,,1,0,0,0,0,0,0,0,0,0,241,blue,0,0,0
83,,3810290,1,20260924,3773,976,0,,,,,8584,2602,0,,,,,3,36.06811403515946,140.179269,,,0,0,0,0,0,0,0,0,0,0,241,blue,4749,11186,15935
83,,3810300,1,20260924,8094,2467,0,,,,,7937,1549,0,,,,,3,36.078239035171734,140.177747,,,0,0,0,0,0,0,0,0,0,0,241,blue,10561,9486,20047
83,,3810320,1,20260924,2149,173,0,,,,,9477,3198,0,,,,,3,36.378875035531216,140.500661,,,0,0,0,0,0,0,0,0,0,0,241,blue,2322,12675,14997
83,,3810330,1,20260924,1906,865,0,,,,,12860,1539,0,,,,,3,36.655972035854084,140.701006,,,0,0,0,0,0,0,0,0,0,0,241,blue,2771,14399,17170
83,,3810340,1,20260924,4946,1390,0,,,,,4632,959,0,,,,,3,36.794736036012644,140.752922,,,0,0,0,0,0,0,0,0,0,0,241,blue,6336,5591,11927
83,,3810350,1,20260924,11984,2610,0,,,,,4,9,0,,,,,3,35.92645303498668,140.111775,,,0,0,0,0,0,0,0,0,0,0,241,blue,14594,13,14607
83,,3810360,1,20260924,,,,,,,,,,,,,,,3,35.694040942069805,139.789910543304,,,1,0,0,0,0,0,0,0,0,0,241,blue,0,0,0
83,,3810370,1,20260924,,,,,,,,,,,,,,,3,35.702867388707524,139.866257828687,,,1,0,0,0,0,0,0,0,0,0,241,blue,0,0,0
83,,3810380,1,20260924,,,,,,,,,,,,,,,3,35.628891034617155,140.088076,,,1,,,,,,,,,,241,blue,0,0,0
83,,3810390,1,20260924,,,,,,,,,,,,,,,3,35.62349099143046,139.737976826575,,,1,,,,,,,,,,241,blue,0,0,0
83,,3810400,1,20260924,4337,223,0,,,,,4812,151,0,,,,,3,35.263900034152,139.698397,,,0,0,0,0,0,0,1,0,0,0,241,blue,4560,4963,9523
83,,3810410,1,20260924,6738,1225,0,,,,,7142,1414,0,,,,,3,35.62304903460981,139.340292,,,0,0,0,0,0,0,0,0,0,0,241,blue,7963,8556,16519
83,,3810420,1,20260924,9051,940,0,,,,,9025,1334,0,,,,,3,35.67571003467587,139.331954,,,0,0,0,0,0,0,0,0,0,0,241,blue,9991,10359,20350
83,,3810431,1,20260924,8134,4060,0,,,,,8208,4424,0,,,,,3,35.77594403480087,139.336731,,,0,0,0,0,0,0,0,0,0,0,241,blue,12194,12632,24826
83,,3810440,1,20260924,,,,,,,,,,,,,,,3,35.82933103486704,139.380426,,,1,0,0,0,0,0,0,0,0,0,241,blue,0,0,0
83,,3810460,1,20260924,13917,3578,0,,,,,13395,4072,0,,,,,3,35.91289603497003,139.534764,,,0,0,0,0,0,1,0,0,0,0,241,blue,17495,17467,34962
83,,3810470,1,20260924,,,,,,,,8959,3344,0,,,,,3,35.92749603498795,139.591065,,,0,0,0,0,0,0,2,0,0,0,241,blue,0,12303,12303
83,,3810490,1,20260924,,,,,,,,,,,,,,,3,35.992460035067445,139.820467,,,1,,,,,,,,,,241,blue,0,0,0
83,,3810500,1,20260924,4242,928,0,,,,,6564,2206,0,,,,,3,35.79376864024429,139.685717006056,,,0,0,0,0,0,0,0,0,0,0,241,blue,5170,8770,13940
83,,3810510,1,20260924,4545,1269,0,,,,,4574,1503,0,,,,,3,35.8210620348568,139.680963,,,0,0,0,0,0,0,0,0,0,0,241,blue,5814,6077,11891
83,,3810520,1,20260924,14462,3440,0,,,,,15090,3289,0,,,,,3,35.97632603504774,139.594106,,,0,0,0,0,0,0,0,0,0,0,241,blue,17902,18379,36281
83,,3810540,1,20260924,7418,1758,0,,,,,7303,1836,0,,,,,3,36.230692035355204,139.2134,,,0,0,0,0,0,0,2,0,0,0,241,blue,9176,9139,18315
83,,3810560,1,20260924,13733,1989,0,,,,,13709,1400,0,,,,,3,36.31113903545105,139.02725,,,0,0,0,0,0,0,1,0,0,0,241,blue,15722,15109,30831
83,,3810600,1,20260924,2254,221,0,,,,,2087,404,0,,,,,3,36.68205603588405,138.968889,,,0,0,0,0,0,0,1,0,0,0,241,blue,2475,2491,4966
83,,3810610,1,20260924,15587,4718,0,,,,,,,,,,,,3,35.84803703489016,139.625615,,,0,0,0,0,0,0,2,0,0,0,241,blue,20305,0,20305
83,,3810620,1,20260924,,,,,,,,16016,4453,0,,,,,3,35.84444303488572,139.626759,,,0,0,0,0,0,0,2,0,0,0,241,blue,0,20469,20469
83,,3810670,1,20260924,11503,3583,0,,,,,12612,3637,0,,,,,3,36.35330303550101,139.215067,,,0,0,0,0,0,0,0,0,0,0,241,blue,15086,16249,31335
83,,3810710,1,20260924,5003,1045,0,,,,,5774,1304,0,,,,,3,36.33250003547639,138.5235,,,0,0,0,0,0,0,0,0,0,0,241,blue,6048,7078,13126
83,,3810720,1,20260924,6022,1222,0,,,,,6953,1011,0,,,,,3,36.49438903566681,138.150722,,,0,0,0,0,0,0,12,0,0,0,241,blue,7244,7964,15208
83,,3810740,1,20260924,9814,1062,0,,,,,8316,777,0,,,,,3,36.65492503585288,138.23375,,,0,0,0,0,0,0,0,0,0,0,241,blue,10876,9093,19969
83,,3810750,1,20260924,8769,1041,0,,,,,3192,509,0,,,,,3,36.695139035899054,138.26925,,,0,0,0,0,0,0,0,0,0,0,241,blue,9810,3701,13511
83,,3810760,1,20260924,5684,929,0,,,,,5880,956,0,,,,,3,36.717694035924886,138.298306,,,0,0,0,0,0,0,1,0,0,0,241,blue,6613,6836,13449
83,,3810770,1,20260924,1935,581,0,,,,,2041,367,0,,,,,3,36.75032203596213,138.212264,,,0,0,0,0,0,0,0,0,0,0,241,blue,2516,2408,4924
83,,3810780,1,20260924,2281,484,0,,,,,2202,479,0,,,,,3,36.792972036010646,138.219778,,,0,0,0,0,0,0,0,0,0,0,241,blue,2765,2681,5446
83,,3810790,1,20260924,4896,605,0,,,,,4364,727,0,,,,,3,36.406417035563685,138.204417,,,0,0,0,0,0,0,0,0,0,0,241,blue,5501,5091,10592
83,,3810800,1,20260924,368,50,0,,,,,458,49,0,,,,,3,36.82044403604179,138.192306,,,0,0,0,0,0,0,2,0,0,0,241,blue,418,507,925
83,,3810810,1,20260924,1576,294,0,,,,,1576,260,0,,,,,3,36.8368890360604,138.205542,,,0,0,0,0,0,0,0,0,0,0,241,blue,1870,1836,3706
83,,3810820,1,20260924,1775,177,0,,,,,2033,363,0,,,,,3,36.513833035689494,138.094389,,,0,0,0,0,0,0,0,0,0,0,241,blue,1952,2396,4348
83,,3810821,1,20260924,2335,325,0,,,,,2383,229,0,,,,,3,36.52786103570584,138.096722,,,0,0,0,0,0,0,0,0,0,0,241,blue,2660,2612,5272
83,,3810830,1,20260924,7362,959,0,,,,,4229,388,0,,,,,3,36.23586103536139,137.9565,,,0,0,0,0,0,0,5,0,0,0,241,blue,8321,4617,12938
83,,3810840,1,20260924,2076,572,0,,,,,2287,374,0,,,,,3,36.38313903553625,137.925722,,,0,0,0,0,0,0,0,0,0,0,241,blue,2648,2661,5309
83,,3810850,1,20260924,1087,275,0,,,,,1014,212,0,,,,,3,36.4623860356294,137.946275,,,0,0,0,0,0,0,1,0,0,0,241,blue,1362,1226,2588
83,,3810860,1,20260924,2450,498,0,,,,,2680,296,0,,,,,3,36.5884720357762,138.050889,,,0,0,0,0,0,0,8,0,0,0,241,blue,2948,2976,5924
83,,3810870,1,20260924,5964,650,0,,,,,6222,757,0,,,,,3,36.61469403580651,138.085167,,,0,0,0,0,0,0,0,0,0,0,241,blue,6614,6979,13593
83,,3810880,1,20260924,5247,1159,0,,,,,5899,986,0,,,,,3,36.615111035807,138.086528,,,0,0,0,0,0,0,3,0,0,0,241,blue,6406,6885,13291
83,,3810900,1,20260924,3290,184,0,,,,,3457,320,0,,,,,3,36.62808303582196,138.153194,,,0,0,0,0,0,0,2,0,0,0,241,blue,3474,3777,7251
83,,3810910,1,20260924,9130,695,0,,,,,10736,386,0,,,,,3,36.64626403584291,138.18197200000003,,,0,0,0,0,0,0,0,0,0,0,241,blue,9825,11122,20947
83,,3810920,1,20260924,5896,394,0,,,,,6059,257,0,,,,,3,36.648972035846036,138.193972,,,0,0,0,0,0,0,0,0,0,0,241,blue,6290,6316,12606
83,,3810930,1,20260924,3335,905,0,,,,,3606,748,0,,,,,3,36.616944035809105,138.133611,,,0,0,0,0,0,0,0,0,0,0,241,blue,4240,4354,8594
83,,3810950,1,20260924,0,0,0,,,,,0,0,0,,,,,3,35.67318837384892,139.663841176629,,,0,0,0,0,0,1,0,240,0,0,241,blue,0,0,0
83,,3810970,1,20260924,2325,228,0,,,,,1578,140,0,,,,,3,35.61726703460252,139.240054,,,0,0,0,0,0,0,0,0,0,0,241,blue,2553,1718,4271
83,,3810980,1,20260924,2591,421,0,,,,,2456,332,0,,,,,3,35.62000003460596,139.1275,,,0,0,0,0,0,0,0,0,0,0,241,blue,3012,2788,5800
83,,3811030,1,20260924,12785,1991,0,,,,,11349,1723,0,,,,,3,35.643889034635976,138.636389,,,0,0,0,0,0,0,0,0,0,0,241,blue,14776,13072,27848
83,,3811050,1,20260924,3202,776,0,,,,,3120,562,0,,,,,3,35.91541703497313,138.227361,,,0,0,0,0,0,0,7,0,0,0,241,blue,3978,3682,7660
83,,3811060,1,20260924,,,,,,,,,,,,,,,3,35.94028603500364,138.197875,,,1,0,0,0,0,0,1,0,0,0,241,blue,0,0,0
83,,3811070,1,20260924,5138,300,0,,,,,5170,503,0,,,,,3,36.029750035112876,138.1255,,,0,0,0,0,0,0,8,0,0,0,241,blue,5438,5673,11111
83,,3811080,1,20260924,8811,1773,0,,,,,6986,1189,0,,,,,3,36.077694035171085,138.037889,,,0,0,0,0,0,0,0,0,0,0,241,blue,10584,8175,18759
83,,3811090,1,20260924,3,0,0,,,,,2068,680,0,,,,,3,36.12191703522454,137.959472,,,0,0,0,0,0,87,11,0,0,0,241,blue,3,2748,2751
83,,3811100,1,20260924,,,,,,,,,,,,,,,3,35.9769440350485,138.163333,,,1,0,0,0,0,0,22,0,0,0,241,blue,0,0,0
83,,3811110,1,20260924,2480,1064,0,,,,,2585,1602,0,,,,,3,36.08683303518214,138.06408300000004,,,0,0,0,0,0,0,0,0,0,0,241,blue,3544,4187,7731
83,,3811121,1,20260924,,,,,,,,2434,518,0,,,,,3,35.63168503462065,139.28402,,,0,0,0,0,0,0,0,0,0,0,241,blue,0,2952,2952
83,,3811130,1,20260924,3652,531,0,,,,,3796,506,0,,,,,3,35.99511103507067,138.139278,,,0,0,0,0,0,0,0,0,0,0,241,blue,4183,4302,8485
83,,3811220,1,20260924,,,,,,,,,,,,,,,3,35.959128035026716,140.602286,,,1,0,0,0,0,0,0,0,0,0,241,blue,0,0,0
83,,3811230,1,20260924,502,368,0,,,,,4323,681,0,,,,,3,35.95769703502496,140.602514,,,0,0,0,0,0,0,0,0,0,0,241,blue,870,5004,5874
83,,3811240,1,20260924,2062,592,0,,,,,2057,627,0,,,,,3,35.200928034070465,138.520986,,,0,0,0,0,0,0,0,0,0,0,241,blue,2654,2684,5338
83,,3811250,1,20260924,474,92,0,,,,,499,82,0,,,,,3,35.31250003421467,138.442011,,,0,0,0,0,0,0,0,0,0,0,241,blue,566,581,1147
83,,3811270,1,20260924,3916,949,0,,,,,4163,634,0,,,,,3,35.5316670344945,138.450278,,,0,0,0,0,0,0,0,0,0,0,241,blue,4865,4797,9662
83,,3811290,1,20260924,,,,,,,,,,,,,,,3,35.041444033862305,139.833306,,,1,,,,,,,,,,241,blue,0,0,0
83,,3811300,1,20260924,,,,,,,,,,,,,,,3,35.157361034013846,139.819,,,1,,,,,,,,,,241,blue,0,0,0
83,,3811330,1,20260924,6639,863,0,,,,,6832,585,0,,,,,3,35.53888903450364,138.885556,,,0,0,0,0,0,0,0,0,0,0,241,blue,7502,7417,14919
83,,3811340,1,20260924,2097,277,0,,,,,1755,266,0,,,,,3,35.60305603458465,138.940833,,,0,0,0,0,0,0,99,0,0,0,241,blue,2374,2021,4395
83,,3811350,1,20260924,12735,2295,0,,,,,15920,2567,0,,,,,3,35.61569396585425,139.627538019939,,,0,0,0,0,0,0,0,0,0,0,241,blue,15030,18487,33517
83,,3811360,1,20260924,9693,3515,0,,,,,12048,4283,0,,,,,3,35.48552503443597,139.460986,,,0,0,0,0,0,13,0,0,1,0,241,blue,13208,16331,29539
83,,3811370,1,20260924,4469,1798,0,,,,,4024,1975,0,,,,,3,35.35857503427389,139.075042,,,0,0,0,0,0,13,0,0,0,0,241,blue,6267,5999,12266
83,,3811390,1,20260924,20550,8865,0,,,,,,,,,,,,3,35.64686740024182,139.854860316246,,,0,0,0,0,0,0,0,0,0,0,241,blue,29415,0,29415
83,,3811401,1,20260924,4,0,0,,,,,,,,,,,,3,35.64792275306184,139.837391468126,,,0,0,0,0,0,0,0,0,0,0,241,blue,4,0,4
83,,3811410,1,20260924,10340,6060,0,,,,,,,,,,,,3,35.6321085640565,139.785108560174,,,0,0,0,0,0,0,0,0,0,0,241,blue,16400,0,16400
83,,3811411,1,20260924,,,,,,,,10163,5590,0,,,,,3,35.63193106766495,139.786372369256,,,0,0,0,0,0,0,31,0,0,0,241,blue,0,15753,15753
83,,3811420,1,20260924,,,,,,,,,,,,,,,3,35.57873713134419,139.756665501316,,,1,0,0,0,0,0,61,0,0,34,241,blue,0,0,0
83,,3811421,1,20260924,,,,,,,,7188,6503,0,,,,,3,35.573715682248654,139.759184371525,,,0,0,0,0,0,0,1,0,0,0,241,blue,0,13691,13691
83,,3811430,1,20260924,,,,,,,,,,,,,,,3,35.6138270345982,140.103045,,,1,,,,,,,,,,241,blue,0,0,0
83,,3811440,1,20260924,1511,284,0,,,,,4677,744,0,,,,,3,35.60712645223976,139.747366707275,,,0,0,0,0,0,0,0,0,0,0,241,blue,1795,5421,7216
84,,4810010,1,20260924,,,,,,,,,,,,,,,3,37.9300000372281,139.134722,,,0,0,0,0,0,0,0,0,0,241,241,blue,0,0,0
84,,4810020,1,20260924,17146,3180,0,,,,,13381,2547,0,,,,,3,37.95278103725094,139.213611,,,0,0,0,0,0,1,1,0,0,0,241,blue,20326,15928,36254
84,,4810040,1,20260924,3619,1252,0,,,,,315,43,0,,,,,3,37.96305603726123,139.3275,,,0,0,0,0,0,0,0,0,0,0,241,blue,4871,358,5229
84,,4810060,1,20260924,2289,222,0,,,,,2448,455,0,,,,,3,38.2550360375481,139.501792,,,0,0,0,0,0,0,0,0,0,0,241,blue,2511,2903,5414
84,,4810070,1,20260924,,,,,,,,,,,,,,,3,38.28200003757407,139.521444,,,1,0,0,0,0,241,241,0,0,0,241,blue,0,0,0
84,,4810080,1,20260924,,,,,,,,,,,,,,,3,38.374925037662884,139.556342,,,1,0,0,0,0,0,0,0,0,0,241,blue,0,0,0
84,,4810090,1,20260924,8264,1977,0,,,,,6796,1862,0,,,,,3,37.5351670368223,138.881569,,,0,0,0,0,0,0,0,0,0,23,241,blue,10241,8658,18899
84,,4810100,1,20260924,9375,1776,0,,,,,10966,1967,0,,,,,3,37.473639036757405,138.880583,,,0,0,0,0,0,0,0,0,0,3,241,blue,11151,12933,24084
84,,4810110,1,20260924,10768,578,0,,,,,9403,455,0,,,,,3,37.459033036741936,138.856414,,,1,0,0,0,0,0,0,0,0,2,241,blue,11346,9858,21204
84,,4810120,1,20260924,12005,918,0,,,,,12641,963,0,,,,,3,37.462169036745266,138.845592,,,0,0,0,0,0,0,0,0,0,3,241,blue,12923,13604,26527
84,,4810130,1,20260924,7835,829,0,,,,,8266,699,0,,,,,3,37.44445303672647,138.785889,,,0,0,0,0,0,0,0,0,0,12,241,blue,8664,8965,17629
84,,4810140,1,20260924,4335,737,0,,,,,3677,693,0,,,,,3,37.44069403672249,138.740364,,,0,0,0,0,0,0,0,0,0,3,241,blue,5072,4370,9442
84,,4810150,1,20260924,2422,582,0,,,,,2406,581,0,,,,,3,37.41229403669227,138.674192,,,0,0,0,0,0,0,0,0,0,5,241,blue,3004,2987,5991
84,,4810160,1,20260924,4093,985,0,,,,,3525,1046,0,,,,,3,37.23896903650589,138.343486,,,0,0,0,0,0,0,0,0,0,0,241,blue,5078,4571,9649
84,,4810170,1,20260924,,,,,,,,,,,,,,,3,37.18690003644924,138.272953,,,1,0,0,0,0,0,0,0,0,0,241,blue,0,0,0
84,,4810180,1,20260924,8458,1477,0,,,,,9611,1106,0,,,,,3,37.17543303643671,138.266805,,,0,0,0,0,0,0,0,0,0,0,241,blue,9935,10717,20652
84,,4810190,1,20260924,9281,1200,0,,,,,10891,1172,0,,,,,3,37.1623530364224,138.247561,,,0,0,0,0,0,0,0,0,0,2,241,blue,10481,12063,22544
84,,4810200,1,20260924,3141,777,0,,,,,2765,729,0,,,,,3,37.105891036360454,137.990565,,,0,0,0,0,0,0,0,0,0,1,241,blue,3918,3494,7412
84,,4810210,1,20260924,3894,902,0,,,,,3451,643,0,,,,,3,37.08795603634071,137.96033,,,0,0,0,0,0,0,0,0,0,0,241,blue,4796,4094,8890
84,,4810220,1,20260924,3162,708,0,,,,,3270,494,0,,,,,3,37.057208036306754,137.905455,,,0,0,0,0,0,0,0,0,0,0,241,blue,3870,3764,7634
84,,4810230,1,20260924,2621,718,0,,,,,2923,673,0,,,,,3,37.050899036299775,137.885459,,,0,0,0,0,0,1,1,0,0,0,241,blue,3339,3596,6935
84,,4810250,1,20260924,1414,197,0,,,,,931,66,0,,,,,3,37.05093203629982,137.890368,,,0,0,0,0,0,0,0,0,0,0,241,blue,1611,997,2608
84,,4810260,1,20260924,3476,994,0,,,,,4109,717,0,,,,,3,36.9856190362273,138.808078,,,0,0,0,0,0,0,0,0,0,12,241,blue,4470,4826,9296
84,,4810270,1,20260924,3841,872,0,,,,,3869,702,0,,,,,3,37.24858103651632,138.916575,,,0,0,0,0,0,0,0,0,0,2,241,blue,4713,4571,9284
84,,4810280,1,20260924,1395,289,0,,,,,1456,272,0,,,,,3,37.17036103643117,138.942139,,,0,0,0,0,0,0,0,0,0,0,241,blue,1684,1728,3412
84,,4810290,1,20260924,4884,918,0,,,,,4920,923,0,,,,,3,37.07683703632844,138.265595,,,0,0,0,0,0,0,0,0,0,9,241,blue,5802,5843,11645
84,,4810300,1,20260924,573,274,0,,,,,531,196,0,,,,,3,37.66361103695634,139.536806,,,0,0,0,0,0,0,0,0,0,0,241,blue,847,727,1574
84,,4810310,1,20260924,6513,905,0,,,,,5950,701,0,,,,,3,37.84055603713779,139.147778,,,0,0,0,0,0,0,0,0,0,0,241,blue,7418,6651,14069
84,,4810330,1,20260924,27812,2605,0,,,,,22869,2504,0,,,,,3,37.8978060371957,139.070722,,,0,0,0,0,0,0,0,0,0,0,241,blue,30417,25373,55790
84,,4810340,1,20260924,1248,501,0,,,,,1272,455,0,,,,,3,37.563464036852,138.734306,,,0,0,0,0,0,1,1,0,0,8,241,blue,1749,1727,3476
84,,4810350,1,20260924,4382,838,0,,,,,4179,838,0,,,,,3,37.61757803690852,138.825033,,,0,0,0,0,0,0,0,0,0,6,241,blue,5220,5017,10237
84,,4810360,1,20260924,5843,1366,0,,,,,7008,1446,0,,,,,3,37.690358036984,138.885919,,,0,0,0,0,0,0,0,0,0,0,241,blue,7209,8454,15663
84,,4810370,1,20260924,7040,1116,0,,,,,6999,1202,0,,,,,3,37.8052690371019,138.92235,,,0,0,0,0,0,0,0,0,0,0,241,blue,8156,8201,16357
84,,4810380,1,20260924,14637,1619,0,,,,,13520,1886,0,,,,,3,37.86309703716064,138.981,,,0,0,0,0,0,0,0,0,0,0,241,blue,16256,15406,31662
84,,4810395,1,20260924,3428,914,15,,,,,3085,1073,52,,,,,3,36.691540505894935,136.9116223,,,0,,,,0,18,,,0,0,241,blue,4357,4210,8567
84,,4810406,1,20260924,3193,784,56,,,,,3991,852,109,,,,,3,36.89660103612769,137.444677,,,0,,,,0,2,,,0,0,241,blue,4033,4952,8985
84,,4810410,1,20260924,5513,597,0,,,,,6543,419,0,,,,,3,36.816442036037266,137.41630300000003,,,0,0,0,0,0,76,76,0,0,0,241,blue,6110,6962,13072
84,,4810420,1,20260924,7879,1347,0,,,,,7661,1173,0,,,,,3,36.718606035925916,137.303914,,,0,0,0,0,0,72,72,0,0,4,241,blue,9226,8834,18060
84,,4810430,1,20260924,6994,1303,0,,,,,5853,1043,0,,,,,3,36.71795303592518,137.279328,,,0,0,0,0,0,75,75,0,0,14,241,blue,8297,6896,15193
84,,4810440,1,20260924,8863,1835,0,,,,,8406,1562,0,,,,,3,36.72027203592783,137.263083,,,0,0,0,0,0,15,15,0,0,1,241,blue,10698,9968,20666
84,,4810445,1,20260924,12673,2509,28,,,,,12390,2182,121,,,,,3,36.73017862593915,137.18171158,,,0,,,,0,1,,,0,0,241,blue,15210,14693,29903
84,,4810447,1,20260924,8101,1425,73,,,,,9756,1492,165,,,,,3,36.72863947593739,137.12486156,,,0,,,,0,3,,,0,0,241,blue,9599,11413,21012
84,,4810454,1,20260924,9323,1018,802,,,,,10873,892,6,,,,,3,36.744673195955684,136.99179584,,,0,,,,0,2,,,0,0,241,blue,11143,11771,22914
84,,4810460,1,20260924,,,,,,,,,,,,,,,3,36.68745003589023,136.855675,,,1,0,0,0,0,75,75,0,0,10,241,blue,0,0,0
84,,4810462,1,20260924,1209,363,2,,,,,399,27,0,,,,,3,36.525710035703334,137.22999,,,0,,,,0,59,,,0,0,241,blue,1574,426,2000
84,,4810463,1,20260924,1928,392,144,,,,,2208,356,13,,,,,3,36.53609652571542,137.23114399,,,0,,,,0,36,,,0,0,241,blue,2464,2577,5041
84,,4810470,1,20260924,,,,,,,,,,,,,,,3,36.69575603589977,137.237889,,,1,0,0,0,0,0,0,0,0,1,241,blue,0,0,0
84,,4810480,1,20260924,1973,218,0,,,,,2041,298,0,,,,,3,36.580522035767004,136.965706,,,0,0,0,0,0,80,80,0,0,0,241,blue,2191,2339,4530
84,,4810485,1,20260924,5938,252,16,,,,,6197,224,13,,,,,3,36.68510836918755,136.9765361111,,,0,,,,0,1,,,0,0,241,blue,6206,6434,12640
84,,4810490,1,20260924,3170,91,0,,,,,3671,101,0,,,,,3,36.74530803595641,137.01085,,,0,0,0,0,0,82,82,0,0,1,241,blue,3261,3772,7033
84,,4810500,1,20260924,461,65,0,,,,,195,26,0,,,,,3,36.91246103614551,137.019489,,,0,0,0,0,0,157,157,0,0,0,241,blue,526,221,747
84,,4810510,1,20260924,,,,,,,,,,,,,,,3,36.84943603607457,136.97895,,,1,,,,,,,,,,241,blue,0,0,0
84,,4810530,1,20260924,12747,1784,0,,,,,14443,2209,0,,,,,3,36.44611103561032,136.488056,,,0,0,0,0,0,0,0,0,0,0,241,blue,14531,16652,31183
84,,4810550,1,20260924,6370,1260,0,,,,,6030,1301,0,,,,,3,36.32672203546954,136.41169500000004,,,0,0,0,0,0,2,2,0,0,7,241,blue,7630,7331,14961
84,,4810570,1,20260924,9453,1090,0,,,,,9946,747,0,,,,,3,36.571667035756725,136.655556,,,0,0,0,0,0,0,0,0,0,6,241,blue,10543,10693,21236
84,,4810580,1,20260924,9546,317,0,,,,,3888,94,0,,,,,3,36.54430803572498,136.640516,,,0,0,0,0,0,0,0,0,0,3,241,blue,9863,3982,13845
84,,4810590,1,20260924,13772,358,0,,,,,14296,379,0,,,,,3,36.54061903572069,136.623128,,,0,0,0,0,0,0,0,0,0,3,241,blue,14130,14675,28805
84,,4810600,1,20260924,4050,363,0,,,,,4439,412,0,,,,,3,37.04041903628817,136.969305,,,0,0,0,0,0,0,0,0,0,0,241,blue,4413,4851,9264
84,,4810610,1,20260924,,,,,,,,,,,,,,,3,36.90469303613679,136.830093,,,1,,,,,,,,,,241,blue,0,0,0
84,,4810620,1,20260924,1645,152,0,,,,,1603,216,0,,,,,3,36.86972803609746,136.79694700000002,,,0,0,0,0,0,0,0,0,0,0,241,blue,1797,1819,3616
84,,4810630,1,20260924,9237,141,0,,,,,5994,95,0,,,,,3,36.560782035744104,136.677711,,,0,0,0,0,0,0,0,0,0,2,241,blue,9378,6089,15467
85,22,5810060,1,20260924,1433,607,,,,,,977,465,,,,,,3,34.90554603368308,138.270337,,,0,,0,,0,0,0,0,,0,241,blue,2040,1442,3482
85,22,5810080,1,20260924,3234,1631,,,,,,7895,2753,,,,,,3,34.84454203360207,138.151981,,,0,,0,,0,0,0,0,,0,241,blue,4865,10648,15513
85,22,5810090,1,20260924,,,,,,,,,,,,,,,3,34.78638703352455,138.050184,,,1,,0,,0,0,0,0,,0,241,blue,0,0,0
85,22,5810110,1,20260924,23878,6688,,,,,,20998,5687,,,,,,3,34.76273603349293,137.969553,,,0,,0,,0,0,0,0,,0,241,blue,30566,26685,57251
85,23,5810190,1,20260924,4751,1019,,,,,,5412,834,,,,,,3,35.11388803395716,136.734972,,,0,,0,,0,0,0,0,,0,241,blue,5770,6246,12016
85,24,5810210,1,20260924,4229,2205,,,,,,4090,2208,,,,,,3,34.86311003362677,136.47097,,,0,,0,,0,0,0,0,,0,241,blue,6434,6298,12732
85,21,5810280,1,20260924,10230,1044,,,,,,8856,777,,,,,,3,35.365972034283374,137.22477800000001,,,0,,0,,0,0,0,0,,0,241,blue,11274,9633,20907
85,21,5810330,1,20260924,9322,1240,,,,,,9128,1374,,,,,,3,35.44925903438983,137.419698,,,0,,0,,0,0,0,0,,0,241,blue,10562,10502,21064
85,21,5810340,1,20260924,7320,631,,,,,,6998,1565,,,,,,3,35.45966703440309,137.442028,,,0,,0,,0,0,0,0,,0,241,blue,7951,8563,16514
85,21,5810350,1,20260924,3681,781,,,,,,13119,2336,,,,,,3,35.51200003446958,137.521639,,,0,,0,,0,0,0,0,,0,241,blue,4462,15455,19917
85,21,5810360,1,20260924,2825,1035,,,,,,2682,1026,,,,,,3,35.581250034557165,137.537222,,,0,,0,,0,0,0,0,,0,241,blue,3860,3708,7568
85,21,5810370,1,20260924,3447,559,,,,,,3320,949,,,,,,3,35.81618803485076,137.683244,,,0,,0,,0,0,0,0,,0,241,blue,4006,4269,8275
85,21,5810380,1,20260924,2401,896,,,,,,2800,1009,,,,,,3,35.91502403497266,137.77069,,,0,,0,,0,0,0,0,,0,241,blue,3297,3809,7106
85,21,5810390,1,20260924,1949,925,,,,,,1624,626,,,,,,3,35.93471103499681,137.786917,,,0,,0,,0,0,0,0,,0,241,blue,2874,2250,5124
85,21,5810420,1,20260924,3651,880,,,,,,3087,799,,,,,,3,35.37572803429589,137.190676,,,0,,0,,0,0,0,0,,0,241,blue,4531,3886,8417
85,21,5810440,1,20260924,3074,749,,,,,,3513,552,,,,,,3,35.426917034361345,137.132361,,,0,,0,,0,0,0,0,,0,241,blue,3823,4065,7888
85,21,5810470,1,20260924,5540,798,,,,,,5062,971,,,,,,3,35.418612034350744,136.946394,,,0,,0,,0,0,0,0,,0,241,blue,6338,6033,12371
85,21,5810510,1,20260924,1567,417,,,,,,1422,204,,,,,,3,35.37112003428997,136.453326,,,0,,0,,0,0,0,0,,0,241,blue,1984,1626,3610
85,23,5810530,1,20260924,8395,3664,,,,,,6654,2321,,,,,,3,34.696128033403625,137.40686,,,0,,0,,0,0,0,0,,0,241,blue,12059,8975,21034
85,23,5810570,1,20260924,8276,2681,,,,,,7840,3596,,,,,,3,34.84938803360853,137.221222,,,0,,0,,0,0,0,0,,0,241,blue,10957,11436,22393
85,23,5810580,1,20260924,9579,4885,,,,,,8,6,,,,,,3,34.84869403360759,137.197416,,,0,,0,,0,0,0,0,,0,241,blue,14464,14,14478
85,23,5810620,1,20260924,15089,7536,,,,,,13637,6139,,,,,,3,35.10119403394058,136.86925,,,0,,0,,0,0,0,0,,0,241,blue,22625,19776,42401
85,24,5810670,1,20260924,9458,1253,,,,,,11761,1215,,,,,,3,34.65002003334157,136.51956,,,0,,0,,0,0,0,0,,0,241,blue,10711,12976,23687
85,24,5810680,1,20260924,8634,2383,,,,,,9695,1345,,,,,,3,34.71907003343443,136.4716,,,0,,0,,0,0,0,0,,0,241,blue,11017,11040,22057
85,24,5810690,1,20260924,9949,1905,,,,,,10372,1822,,,,,,3,34.64712003333765,136.49449,,,0,,0,,0,0,0,0,,0,241,blue,11854,12194,24048
85,24,5810700,1,20260924,5018,5337,,,,,,7807,7046,,,,,,3,34.850220033609624,136.416645,,,0,,0,,0,0,0,0,,0,241,blue,10355,14853,25208
85,24,5810730,1,20260924,11383,8281,,,,,,14166,6032,,,,,,3,34.62822503331218,135.986212,,,0,,0,,0,0,0,0,,0,241,blue,19664,20198,39862
85,21,5810760,1,20260924,2793,589,,,,,,2876,426,,,,,,3,35.55276203452119,137.177488,,,0,,0,,0,0,0,0,,0,241,blue,3382,3302,6684
85,21,5810770,1,20260924,1069,251,,,,,,997,256,,,,,,3,35.64602003463866,137.169715,,,0,,0,,0,0,0,0,,0,241,blue,1320,1253,2573
85,21,5810780,1,20260924,1893,427,,,,,,2200,503,,,,,,3,35.667031034665,137.162564,,,0,,0,,0,0,0,0,,0,241,blue,2320,2703,5023
85,21,5810790,1,20260924,1451,511,,,,,,1528,362,,,,,,3,35.74291003475978,137.208481,,,0,,0,,0,0,0,0,,0,241,blue,1962,1890,3852
85,21,5810800,1,20260924,1842,653,,,,,,1852,541,,,,,,3,35.77947703480525,137.252586,,,0,,0,,0,0,0,0,,0,241,blue,2495,2393,4888
85,21,5810810,1,20260924,3428,611,,,,,,3705,741,,,,,,3,35.83471903487371,137.232014,,,0,,0,,0,0,0,0,,0,241,blue,4039,4446,8485
85,21,5810830,1,20260924,818,173,,,,,,2164,472,,,,,,3,36.02357503510535,137.294767,,,0,,0,,0,0,0,0,,0,241,blue,991,2636,3627
85,21,5810840,1,20260924,4213,200,,,,,,4517,503,,,,,,3,36.10871303520861,137.266233,,,0,,0,,0,0,0,0,,0,241,blue,4413,5020,9433
85,21,5810850,1,20260924,6009,919,,,,,,4941,545,,,,,,3,36.12373303522673,137.258932,,,0,,0,,0,0,0,0,,0,241,blue,6928,5486,12414
85,21,5810860,1,20260924,1332,382,,,,,,2090,673,,,,,,3,36.25072803537914,137.162845,,,0,,0,,0,0,0,0,,0,241,blue,1714,2763,4477
85,21,5810880,1,20260924,1122,203,,,,,,907,176,,,,,,3,36.31423303545473,137.259675,,,0,,0,,0,0,0,0,,0,241,blue,1325,1083,2408
85,24,5810890,1,20260924,2682,336,,,,,,3055,552,,,,,,3,34.407524733012174,136.4423714,,,0,,0,,0,0,0,0,,0,241,blue,3018,3607,6625
85,24,5810900,1,20260924,1103,234,,,,,,1028,110,,,,,,3,34.1617406326732,136.2779067,,,0,,0,,0,0,0,0,,0,241,blue,1337,1138,2475
85,24,5810920,1,20260924,1737,287,,,,,,1637,486,,,,,,3,34.05028613251784,136.1958331,,,0,,0,,0,0,0,0,,0,241,blue,2024,2123,4147
85,24,5810930,1,20260924,187,17,,,,,,192,31,,,,,,3,33.98629813242818,136.1080803,,,0,,0,,0,0,0,0,,0,241,blue,204,223,427
85,24,5810940,1,20260924,665,205,,,,,,732,201,,,,,,3,33.93298113235323,136.0940822,,,0,,0,,0,0,0,0,,0,241,blue,870,933,1803
85,24,5810960,1,20260924,2265,470,,,,,,1937,383,,,,,,3,34.00152563244955,136.1851117,,,0,,0,,0,0,0,0,,0,241,blue,2735,2320,5055
85,24,5810970,1,20260924,2044,463,,,,,,1876,328,,,,,,3,33.942137832366114,136.1524581,,,0,,0,,0,0,0,0,,0,241,blue,2507,2204,4711
85,24,5810980,1,20260924,2501,417,,,,,,2189,433,,,,,,3,33.92889863234747,136.1381858,,,0,,0,,0,0,0,0,,0,241,blue,2918,2622,5540
85,24,5810990,1,20260924,2588,290,,,,,,2251,338,,,,,,3,33.74057583208088,135.9955167,,,0,,0,,0,0,0,0,,0,241,blue,2878,2589,5467
85,24,5811000,1,20260924,2978,600,,,,,,2667,499,,,,,,1,34.10420863259313,136.1948133,,,0,,0,,0,0,0,0,,0,241,blue,3578,3166,6744
85,22,5811020,1,20260924,765,135,,,,,,608,210,,,,,,3,35.15084103400535,138.522379,,,0,,0,,0,0,0,0,,0,241,blue,900,818,1718
85,22,5811030,1,20260924,1252,315,,,,,,1123,425,,,,,,3,35.15470103401037,138.520314,,,0,,0,,0,0,0,0,,0,241,blue,1567,1548,3115
85,22,5811040,1,20260924,,,,,,,,,,,,,,,3,35.19272303405982,138.529894,,,1,,0,,0,0,0,0,,3,241,blue,0,0,0
85,22,5811050,1,20260924,1919,449,,,,,,3015,304,,,,,,3,35.37095103428976,138.860418,,,0,,0,,0,0,0,0,,0,241,blue,2368,3319,5687
85,23,5811110,1,20260924,1903,255,,,,,,1955,216,,,,,,3,35.135027033984734,137.309194,,,0,,0,,0,0,0,0,,0,241,blue,2158,2171,4329
85,23,5811120,1,20260924,2189,378,,,,,,2602,350,,,,,,3,35.149777034003954,137.332722,,,0,,0,,0,0,0,0,,0,241,blue,2567,2952,5519
85,23,5811130,1,20260924,1012,708,,,,,,1494,240,,,,,,3,35.1700830340304,137.406805,,,0,,0,,0,0,0,0,,0,241,blue,1720,1734,3454
85,23,5811140,1,20260924,786,133,,,,,,728,165,,,,,,3,35.221388034097004,137.524166,,,0,,0,,0,0,0,0,,0,241,blue,919,893,1812
85,21,5811150,1,20260924,3149,392,,,,,,2687,605,,,,,,3,35.46219703440631,137.756093,,,0,,0,,0,0,0,0,,0,241,blue,3541,3292,6833
85,21,5811160,1,20260924,3883,822,,,,,,3265,539,,,,,,3,35.50206103445697,137.792544,,,0,,0,,0,0,0,0,,0,241,blue,4705,3804,8509
85,23,5811170,1,20260924,2502,664,,,,,,2582,603,,,,,,3,35.21055503408296,137.106666,,,0,,0,,0,0,0,0,,0,241,blue,3166,3185,6351
85,21,5811190,1,20260924,2808,447,,,,,,2259,369,,,,,,3,35.601941034583234,136.937212,,,0,,0,,0,0,0,0,,0,241,blue,3255,2628,5883
85,21,5811230,1,20260924,3000,493,,,,,,2282,497,,,,,,3,36.13868903524477,137.164639,,,0,,0,,0,0,0,0,,0,241,blue,3493,2779,6272
85,21,5811240,1,20260924,2399,323,,,,,,2111,431,,,,,,3,36.16135703527206,137.222749,,,0,,0,,0,0,0,0,,0,241,blue,2722,2542,5264
85,22,5811250,1,20260924,1792,433,,,,,,6004,1445,,,,,,3,35.312573034214765,138.927446,,,0,,0,,0,0,0,0,,0,241,blue,2225,7449,9674
85,21,5811270,1,20260924,2686,1089,,,,,,2711,930,,,,,,3,35.23023303410846,136.596679,,,1,,0,,0,0,0,0,,0,241,blue,3775,3641,7416
85,21,5811330,1,20260924,784,309,,,,,,973,230,,,,,,3,35.46731303441282,137.78409,,,0,,0,,0,0,0,0,,0,241,blue,1093,1203,2296
86,,6810010,1,20260924,1594,1180,,,,,,1874,1179,,,,,,3,34.89694403367168,136.336111,,,0,,0,,0,0,0,0,,0,241,blue,2774,3053,5827
86,,6810020,1,20260924,,,,,,,,,,,,,,,3,34.97777803377855,135.901667,,,1,,0,,0,0,0,0,,0,241,blue,0,0,0
86,,6810030,1,20260924,,,,,,,,,,,,,,,3,35.00527803381478,136.094722,,,1,,0,,0,241,241,0,,0,241,blue,0,0,0
86,,6810060,1,20260924,0,0,,,,,,14643,2474,,,,,,3,34.986389033789905,135.75305600000002,,,0,,0,,0,0,0,0,,0,241,blue,0,17117,17117
86,,6810089,1,20260924,,,,,,,,,,,,,,,3,34.978118033779,135.908546,,,1,,0,,0,0,0,0,,0,241,blue,0,0,0
86,,6810090,1,20260924,3206,1173,,,,,,0,0,,,,,,3,34.83138903358458,135.72305600000004,,,0,,0,,0,0,0,0,,0,241,blue,4379,0,4379
86,,6810100,1,20260924,0,0,,,,,,2862,1065,,,,,,3,34.83138903358458,135.723889,,,0,,0,,0,0,0,0,,0,241,blue,0,3927,3927
86,,6810105,1,20260924,12239,2007,,,,,,9897,1974,,,,,,3,34.71411113342777,135.4489722,,,0,,0,,0,0,0,0,,0,241,blue,14246,11871,26117
86,,6810111,1,20260924,,,,,,,,,,,,,,,3,34.6429970333321,135.019846,,,1,,0,,0,0,0,0,,0,241,blue,0,0,0
86,,6810130,1,20260924,,,,,,,,,,,,,,,3,34.842500033599364,134.330556,,,1,,0,,0,0,0,0,,0,241,blue,0,0,0
86,,6810135,1,20260924,3887,1129,,,,,,3394,940,,,,,,3,36.18333336529846,136.26777780000003,,,0,,0,,0,0,0,0,,0,241,blue,5016,4334,9350
86,,6810140,1,20260924,8386,1915,,,,,,6888,2238,,,,,,3,36.14305603525003,136.263889,,,0,,0,,0,0,0,0,,0,241,blue,10301,9126,19427
86,,6810150,1,20260924,,,,,,,,,,,,,,,3,36.0772220351705,136.244444,,,1,,0,,0,0,0,0,,0,241,blue,0,0,0
86,,6810160,1,20260924,8758,2719,,,,,,9243,3024,,,,,,3,36.02444403510641,136.218333,,,0,,0,,0,0,0,0,,0,241,blue,11477,12267,23744
86,,6810165,1,20260924,15393,1952,,,,,,13,1,,,,,,3,35.980555595052905,136.1958333,,,0,,0,,0,0,0,0,,0,241,blue,17345,14,17359
86,,6810170,1,20260924,,,,,,,,,,,,,,,3,35.95555603502233,136.188889,,,1,,0,,0,0,0,0,,0,241,blue,0,0,0
86,,6810180,1,20260924,5195,1310,,,,,,4423,893,,,,,,3,35.878333034927515,136.169444,,,0,,0,,0,0,0,0,,0,241,blue,6505,5316,11821
86,,6810190,1,20260924,,,,,,,,,,,,,,,3,35.719444034730536,136.094722,,,1,,0,,0,0,0,0,,0,241,blue,0,0,0
86,,6810200,1,20260924,989,130,,,,,,980,146,,,,,,3,35.66555603466316,136.083056,,,0,,0,,0,0,0,0,,0,241,blue,1119,1126,2245
86,,6810220,1,20260924,1341,559,,,,,,1680,546,,,,,,3,35.60416703458605,136.107222,,,0,,0,,0,0,0,0,,0,241,blue,1900,2226,4126
86,,6810230,1,20260924,993,760,,,,,,1335,597,,,,,,3,35.57603003455058,136.122756,,,0,,0,,0,0,0,0,,0,241,blue,1753,1932,3685
86,,6810240,1,20260924,4155,1230,,,,,,3276,855,,,,,,3,35.512778034470564,136.173333,,,0,,0,,0,0,0,0,,0,241,blue,5385,4131,9516
86,,6810241,1,20260924,2881,933,,,,,,1957,1105,,,,,,3,35.4322160343681,136.245092,,,0,,0,,0,0,0,0,,0,241,blue,3814,3062,6876
86,,6810250,1,20260924,6376,1835,,,,,,6660,1905,,,,,,3,35.27555603416706,136.269444,,,0,,0,,0,0,0,0,,0,241,blue,8211,8565,16776
86,,6810260,1,20260924,5164,1574,,,,,,5002,1416,,,,,,3,35.11611103396005,136.128333,,,0,,0,,0,0,0,0,,0,241,blue,6738,6418,13156
86,,6810270,1,20260924,5777,1151,,,,,,5576,1698,,,,,,3,35.091944033928485,136.089722,,,0,,0,,0,0,0,0,,0,241,blue,6928,7274,14202
86,,6810280,1,20260924,479,130,,,,,,1651,633,,,,,,3,35.66000003465618,136.084722,,,0,,0,,0,0,0,0,,0,241,blue,609,2284,2893
86,,6810290,1,20260924,8666,2164,,,,,,13234,2098,,,,,,3,34.996111033802705,135.722222,,,0,,0,,0,0,0,0,,0,241,blue,10830,15332,26162
86,,6810300,1,20260924,0,0,,,,,,2925,428,,,,,,3,34.981944033784046,135.693056,,,0,,0,,0,0,0,0,,0,241,blue,0,3353,3353
86,,6810310,1,20260924,10298,1430,,,,,,0,0,,,,,,3,34.981944033784046,135.692917,,,0,,0,,0,0,0,0,,0,241,blue,11728,0,11728
86,,6810320,1,20260924,4958,788,,,,,,2161,509,,,,,,3,34.992500033797945,135.64750000000004,,,0,,0,,0,0,0,0,,0,241,blue,5746,2670,8416
86,,6810330,1,20260924,8955,1403,,,,,,9461,1332,,,,,,3,34.989722033794294,135.636667,,,0,,0,,0,0,0,0,,0,241,blue,10358,10793,21151
86,,6810335,1,20260924,5610,960,,,,,,4933,505,,,,,,3,35.488936034440314,135.756215,,,0,,0,,0,0,0,0,,0,241,blue,6570,5438,12008
86,,6810340,1,20260924,354,30,,,,,,603,132,,,,,,3,35.12222203396803,135.439444,,,0,,0,,0,0,0,0,,0,241,blue,384,735,1119
86,,6810343,1,20260924,,,,,,,,,,,,,,,3,35.18777781405339,135.3219444,,,1,,0,,0,0,0,0,,0,241,blue,0,0,0
86,,6810344,1,20260924,2612,603,,,,,,3413,739,,,,,,3,35.24583336412865,135.2161111,,,0,,0,,0,0,0,0,,0,241,blue,3215,4152,7367
86,,6810346,1,20260924,5162,736,,,,,,4950,924,,,,,,3,35.28305559417674,135.1777778,,,0,,0,,0,0,0,0,,0,241,blue,5898,5874,11772
86,,6810348,1,20260924,5891,1176,,,,,,4861,919,,,,,,3,35.3139820342166,135.101491,,,0,,0,,0,0,0,0,,0,241,blue,7067,5780,12847
86,,6810360,1,20260924,886,519,,,,,,1054,328,,,,,,3,35.333611034241834,134.917222,,,0,,0,,0,0,0,0,,0,241,blue,1405,1382,2787
86,,6810365,1,20260924,3023,976,,,,,,3143,793,,,,,,3,36.25913403538918,136.286774,,,0,,0,,0,0,0,0,,0,241,blue,3999,3936,7935
86,,6810370,1,20260924,1990,570,,,,,,2252,293,,,,,,3,35.38305603430526,134.671667,,,0,,0,,0,0,0,0,,0,241,blue,2560,2545,5105
86,,6810390,1,20260924,2083,559,,,,,,2201,279,,,,,,3,35.48083303443001,134.585278,,,0,,0,,0,0,0,0,,0,241,blue,2642,2480,5122
86,,6810400,1,20260924,1240,379,,,,,,1164,408,,,,,,3,35.50388903445929,134.533889,,,0,,0,,0,0,0,0,,0,241,blue,1619,1572,3191
86,,6810410,1,20260924,,,,,,,,,,,,,,,3,35.5247220344857,134.4275,,,0,,0,,0,0,0,0,,241,241,blue,0,0,0
86,,6810420,1,20260924,2996,1162,,,,,,2838,948,,,,,,3,35.33111103423862,136.352222,,,0,,0,,0,0,0,0,,0,241,blue,4158,3786,7944
86,,6810450,1,20260924,6383,532,,,,,,2717,104,,,,,,3,34.229683032767404,135.169164,,,0,,0,,0,0,0,0,,0,241,blue,6915,2821,9736
86,,6810492,1,20260924,5551,1137,,,,,,4567,1150,,,,,,3,34.5749167332401,135.6647778,,,0,,0,,0,0,0,0,,0,241,blue,6688,5717,12405
86,,6810500,1,20260924,,,,,,,,,,,,,,,3,34.58000003324698,135.466581,,,1,,0,,0,0,0,0,,0,241,blue,0,0,0
86,,6810510,1,20260924,,,,,,,,,,,,,,,3,34.5797220332466,135.466581,,,1,,0,,0,0,0,0,,0,241,blue,0,0,0
86,,6810540,1,20260924,,,,,,,,,,,,,,,3,34.36000003294702,135.269444,,,1,,0,,0,0,0,0,,0,241,blue,0,0,0
86,,6810550,1,20260924,,,,,,,,,,,,,,,3,34.32270003289575,135.19756,,,1,,0,,0,0,0,0,,0,241,blue,0,0,0
86,,6810551,1,20260924,7788,1926,,,,,,6652,1218,,,,,,3,34.32488893289876,135.1913056,,,0,,0,,0,0,0,0,,0,241,blue,9714,7870,17584
86,,6810552,1,20260924,3743,672,,,,,,3633,654,,,,,,3,34.31283333288218,135.1605,,,0,,0,,0,0,0,0,,0,241,blue,4415,4287,8702
86,,6810560,1,20260924,,,,,,,,,,,,,,,3,34.24805603279281,135.175,,,1,,0,,0,0,0,0,,0,241,blue,0,0,0
86,,6810580,1,20260924,5046,535,,,,,,2308,345,,,,,,3,35.633611034623065,136.021389,,,0,,0,,0,0,0,0,,0,241,blue,5581,2653,8234
86,,6810590,1,20260924,2436,530,,,,,,2533,329,,,,,,3,35.58083303455663,135.910417,,,0,,0,,0,0,0,0,,0,241,blue,2966,2862,5828
86,,6810610,1,20260924,3024,678,,,,,,2546,699,,,,,,3,35.469444034415524,135.825,,,0,,0,,0,0,0,0,,0,241,blue,3702,3245,6947
86,,6810620,1,20260924,3029,403,,,,,,3279,592,,,,,,3,35.483056034432835,135.666111,,,0,,0,,0,0,0,0,,0,241,blue,3432,3871,7303
86,,6810630,1,20260924,,,,,,,,,,,,,,,3,35.48805603443919,135.595833,,,1,,0,,0,0,0,0,,0,241,blue,0,0,0
86,,6810660,1,20260924,3545,846,,,,,,3119,626,,,,,,3,35.48083303443001,135.421389,,,0,,0,,0,0,0,0,,0,241,blue,4391,3745,8136
86,,6810667,1,20260924,1487,119,,,,,,6124,1364,,,,,,3,35.46027781440387,135.3566667,,,0,,0,,0,0,0,0,,0,241,blue,1606,7488,9094
86,,6810670,1,20260924,4134,759,,,,,,3453,910,,,,,,3,35.414167034345056,135.333056,,,0,,0,,0,0,0,0,,0,241,blue,4893,4363,9256
86,,6810671,1,20260924,4539,808,,,,,,3699,884,,,,,,3,35.37888892429992,135.3169444,,,0,,0,,0,0,0,0,,0,241,blue,5347,4583,9930
86,,6810730,1,20260924,,,,,,,,,,,,,,,3,34.85305603361341,134.605278,,,1,,0,,0,0,0,0,,0,241,blue,0,0,0
86,,6810740,1,20260924,,,,,,,,,,,,,,,3,34.87691203364509,134.61312,,,1,,0,,0,241,241,0,,0,241,blue,0,0,0
86,,6810750,1,20260924,,,,,,,,,,,,,,,3,35.07068203390065,134.587422,,,1,,0,,0,0,0,0,,0,241,blue,0,0,0
86,,6810760,1,20260924,,,,,,,,,,,,,,,3,35.145672033998615,134.539014,,,1,,0,,0,0,0,0,,0,241,blue,0,0,0
86,,6810770,1,20260924,4773,947,,,,,,3812,690,,,,,,3,33.692375032012194,135.984591,,,0,,0,,0,0,0,0,,0,241,blue,5720,4502,10222
86,,6810780,1,20260924,2031,411,,,,,,1102,1366,,,,,,3,33.61777803190555,135.927061,,,0,,0,,0,0,0,0,,0,241,blue,2442,2468,4910
86,,6810790,1,20260924,,,,,,,,,,,,,,,3,33.56853903183492,135.910197,,,1,,0,,0,0,0,0,,0,241,blue,0,0,0
86,,6810800,1,20260924,3220,663,,,,,,3305,393,,,,,,3,33.50323103174097,135.806228,,,0,,0,,0,0,0,0,,0,241,blue,3883,3698,7581
86,,6810810,1,20260924,2228,703,,,,,,2399,678,,,,,,3,33.48392803171314,135.760481,,,0,,0,,0,0,0,0,,0,241,blue,2931,3077,6008
86,,6810820,1,20260924,0,0,,,,,,82,17,,,,,,3,33.509890031750565,135.60639100000003,,,0,,0,,0,0,0,0,,0,241,blue,0,99,99
86,,6810830,1,20260924,,,,,,,,,,,,,,,3,33.51850003176297,135.57,,,1,,0,,0,0,0,0,,0,241,blue,0,0,0
86,,6810840,1,20260924,999,228,,,,,,895,69,,,,,,3,33.554167031814266,135.458889,,,0,,0,,0,0,0,0,,0,241,blue,1227,964,2191
86,,6810850,1,20260924,3660,223,,,,,,537,4,,,,,,3,33.70273603202697,135.411942,,,0,,0,,0,0,0,0,,0,241,blue,3883,541,4424
86,,6810860,1,20260924,8976,370,,,,,,5822,585,,,,,,3,33.72250003205514,135.404722,,,0,,0,,0,0,0,0,,0,241,blue,9346,6407,15753
86,,6810880,1,20260924,,,,,,,,,,,,,,,3,33.748889032092684,135.3275,,,1,,0,,0,0,0,0,,0,241,blue,0,0,0
86,,6810890,1,20260924,2649,505,,,,,,2815,611,,,,,,3,33.7811110321385,135.3025,,,0,,0,,0,0,0,0,,0,241,blue,3154,3426,6580
86,,6810900,1,20260924,3986,250,,,,,,3224,471,,,,,,3,33.91892803233343,135.146508,,,1,,0,,0,0,0,0,,0,241,blue,4236,3695,7931
86,,6810910,1,20260924,2811,573,,,,,,0,0,,,,,,3,33.94659203237239,135.12965,,,0,,0,,0,0,0,0,,0,241,blue,3384,0,3384
86,,6810920,1,20260924,6563,1090,,,,,,4915,647,,,,,,3,34.04305603250771,135.189722,,,0,,0,,0,0,0,0,,0,241,blue,7653,5562,13215
86,,6810930,1,20260924,,,,,,,,,,,,,,,3,34.047035032513286,135.189167,,,1,,0,,0,0,0,0,,0,241,blue,0,0,0
86,,6810950,1,20260924,492,32,,,,,,1216,196,,,,,,3,34.19539403271991,135.169583,,,0,,0,,0,0,0,0,,0,241,blue,524,1412,1936
86,,6810960,1,20260924,828,248,,,,,,6084,824,,,,,,3,33.74962803209376,135.359472,,,0,,0,,0,0,0,0,,0,241,blue,1076,6908,7984
86,,6810980,1,20260924,,,,,,,,,,,,,,,3,34.652222033344536,135.48972200000003,,,1,,0,,0,0,0,0,,0,241,blue,0,0,0
86,,6810990,1,20260924,631,490,,,,,,1868,923,,,,,,3,35.551944034520155,136.098333,,,0,,0,,0,0,0,0,,0,241,blue,1121,2791,3912
86,,6811000,1,20260924,1196,556,,,,,,1265,638,,,,,,3,35.530000034492396,136.094444,,,0,,0,,0,0,0,0,,0,241,blue,1752,1903,3655
86,,6811010,1,20260924,2120,996,,,,,,1977,729,,,,,,3,35.47888903442754,136.083056,,,0,,0,,0,0,0,0,,0,241,blue,3116,2706,5822
86,,6811020,1,20260924,1790,448,,,,,,1521,579,,,,,,3,35.39750003432375,136.024722,,,0,,0,,0,0,0,0,,0,241,blue,2238,2100,4338
86,,6811030,1,20260924,11034,3215,,,,,,10205,2371,,,,,,3,35.28722203418211,136.018056,,,0,,0,,0,0,0,0,,0,241,blue,14249,12576,26825
86,,6811040,1,20260924,3397,1999,,,,,,5500,1374,,,,,,3,35.24777803413116,135.960556,,,0,,0,,0,0,0,0,,0,241,blue,5396,6874,12270
86,,6811050,1,20260924,,,,,,,,,,,,,,,3,35.237778034118236,135.943333,,,1,,0,,0,241,241,0,,0,241,blue,0,0,0
86,,6811080,1,20260924,,,,,,,,,,,,,,,3,34.71861103343382,135.569444,,,1,,0,,0,0,0,0,,0,241,blue,0,0,0
86,,6811120,1,20260924,3210,739,,,,,,3145,759,,,,,,3,35.0725560339031,135.008778,,,0,,0,,0,0,0,0,,0,241,blue,3949,3904,7853
86,,6811130,1,20260924,3022,875,,,,,,2508,548,,,,,,3,35.12139403396696,135.005953,,,0,,0,,0,0,0,0,,0,241,blue,3897,3056,6953
86,,6811150,1,20260924,,,,,,,,,,,,,,,3,35.16055603401799,135.066111,,,0,,0,,0,0,0,0,,241,241,blue,0,0,0
86,,6811160,1,20260924,,,,,,,,,,,,,,,3,35.23305603411212,135.020833,,,0,,0,,0,0,0,0,,241,241,blue,0,0,0
86,,6811165,1,20260924,2684,869,,,,,,2157,846,,,,,,3,35.28748503418245,134.977245,,,0,,0,,0,0,0,0,,0,241,blue,3553,3003,6556
86,,6811170,1,20260924,,,,,,,,,,,,,,,3,35.29111103418713,134.970556,,,0,,0,,0,0,0,0,,241,241,blue,0,0,0
86,,6811180,1,20260924,,,,,,,,,,,,,,,3,35.30305603420252,134.92,,,0,,0,,0,0,0,0,,241,241,blue,0,0,0
86,,6811190,1,20260924,,,,,,,,,,,,,,,3,35.34500003425647,134.801111,,,0,,0,,0,0,0,0,,241,241,blue,0,0,0
86,,6811200,1,20260924,,,,,,,,,,,,,,,3,35.36333303427999,134.759167,,,0,,0,,0,0,0,0,,241,241,blue,0,0,0
86,,6811210,1,20260924,3934,526,,,,,,4994,484,,,,,,3,35.49942303445363,134.790538,,,0,,0,,0,0,0,0,,0,241,blue,4460,5478,9938
86,,6811220,1,20260924,3467,381,,,,,,3290,373,,,,,,3,35.474942034422526,134.764925,,,0,,0,,0,0,0,0,,0,241,blue,3848,3663,7511
86,,6811230,1,20260924,3555,626,,,,,,3359,700,,,,,,3,35.43722003437449,134.767839,,,0,,0,,0,0,0,0,,0,241,blue,4181,4059,8240
86,,6811260,1,20260924,5837,1090,,,,,,6922,1812,,,,,,3,35.01754603383091,136.023618,,,0,,0,,0,0,0,0,,0,241,blue,6927,8734,15661
86,,6811310,1,20260924,19045,3705,,,,,,18196,3464,,,,,,3,34.78856603352747,134.816183,,,0,,0,,0,0,0,0,,0,241,blue,22750,21660,44410
86,,6811320,1,20260924,,,,,,,,,,,,,,,3,34.81472203356237,134.673055,,,1,,0,,0,0,0,0,,0,241,blue,0,0,0
86,,6811340,1,20260924,11190,2319,,,,,,20214,4555,,,,,,3,34.83503003358942,134.618945,,,0,,0,,0,0,0,0,,0,241,blue,13509,24769,38278
86,,6811400,1,20260924,3829,1084,,,,,,3204,1042,,,,,,3,34.54152803319483,135.675417,,,0,,0,,0,0,0,0,,0,241,blue,4913,4246,9159
87,,7810030,1,20260924,9843,1557,0,,,,,9555,2317,0,,,,,3,34.46130403308565,133.299608,,,0,0,0,0,0,0,0,0,0,0,241,blue,11400,11872,23272
87,,7810050,1,20260924,4308,1651,0,,,,,4472,2463,0,,,,,3,34.405934033009984,133.010289,,,0,0,0,0,0,0,0,0,0,0,241,blue,5959,6935,12894
87,,7810060,1,20260924,2901,1640,0,,,,,3277,1244,0,,,,,3,34.391480032990195,132.905302,,,0,0,0,0,0,0,0,0,0,0,241,blue,4541,4521,9062
87,,7810080,1,20260924,,,,,,,,4547,1333,0,,,,,3,34.40409903300748,132.811446,,,0,0,0,0,0,0,0,0,0,0,241,blue,0,5880,5880
87,,7810090,1,20260924,3554,2573,0,,,,,3227,962,0,,,,,3,34.37165503296302,132.548551,,,0,0,0,0,0,0,0,0,0,0,241,blue,6127,4189,10316
87,,7810100,1,20260924,432,49,0,,,,,4610,1209,0,,,,,3,34.370314032961176,132.43065,,,0,0,0,0,0,0,0,0,0,0,241,blue,481,5819,6300
87,,7810120,1,20260924,6481,2651,0,,,,,6628,2444,0,,,,,3,34.40929103301459,133.075998,,,0,0,0,0,0,0,0,0,0,0,241,blue,9132,9072,18204
87,,7810130,1,20260924,2967,1606,0,,,,,2487,936,0,,,,,3,34.394348032994124,133.04909,,,0,0,0,0,0,0,0,0,0,0,241,blue,4573,3423,7996
87,,7810140,1,20260924,314,63,0,,,,,356,501,0,,,,,3,34.186157032707094,132.173982,,,0,0,0,0,0,0,0,0,0,0,241,blue,377,857,1234
87,,7810150,1,20260924,7305,2972,0,,,,,2312,1567,0,,,,,3,34.069307032544415,131.669576,,,0,0,0,0,0,0,0,0,0,0,241,blue,10277,3879,14156
87,,7810180,1,20260924,3585,458,0,,,,,5622,2767,0,,,,,3,34.03918803250232,131.248456,,,0,0,0,0,0,0,0,0,0,0,241,blue,4043,8389,12432
87,,7810220,1,20260924,15685,1329,0,,,,,14027,798,0,,,,,3,35.51908503447856,134.20671,,,0,0,0,0,0,0,0,0,0,0,241,blue,17014,14825,31839
87,,7810230,1,20260924,7516,657,0,,,,,7300,643,0,,,,,3,35.523372034484,134.171906,,,0,0,0,0,0,0,0,0,0,0,241,blue,8173,7943,16116
87,,7810240,1,20260924,3759,378,0,,,,,3723,446,0,,,,,3,35.527852034489676,134.139977,,,0,0,0,0,0,0,0,0,0,0,241,blue,4137,4169,8306
87,,7810250,1,20260924,4286,712,0,,,,,4791,753,0,,,,,3,35.51594103447459,134.071698,,,0,0,0,0,0,0,0,0,0,0,241,blue,4998,5544,10542
87,,7810280,1,20260924,3047,509,0,,,,,3127,399,0,,,,,3,35.50301603445818,133.70857000000004,,,0,0,0,0,0,0,0,0,0,0,241,blue,3556,3526,7082
87,,7810330,1,20260924,4913,824,0,,,,,5968,552,0,,,,,3,35.46553703441056,133.4305,,,0,0,0,0,0,0,0,0,0,0,241,blue,5737,6520,12257
87,,7810350,1,20260924,7473,755,0,,,,,8195,899,0,,,,,3,35.432832034368886,133.358295,,,0,0,0,0,0,0,0,0,0,0,241,blue,8228,9094,17322
87,,7810360,1,20260924,10061,454,0,,,,,8868,408,0,,,,,3,35.43101403436657,133.331902,,,0,0,0,0,0,0,0,0,0,0,241,blue,10515,9276,19791
87,,7810380,1,20260924,6730,1643,0,,,,,6561,1395,0,,,,,3,35.48149203443085,133.474531,,,0,0,0,0,0,0,0,0,0,0,241,blue,8373,7956,16329
87,,7810390,1,20260924,7335,1536,0,,,,,6335,1342,0,,,,,3,35.476145034424064,133.461163,,,0,0,0,0,0,0,0,0,0,0,241,blue,8871,7677,16548
87,,7810400,1,20260924,6453,1626,0,,,,,6048,1241,0,,,,,3,35.432832034368886,133.415136,,,0,0,0,0,0,0,0,0,0,0,241,blue,8079,7289,15368
87,,7810420,1,20260924,4272,919,0,,,,,6302,1568,0,,,,,3,35.50747003446383,133.61465,,,0,0,0,0,0,0,0,0,0,0,241,blue,5191,7870,13061
87,,7810430,1,20260924,4828,510,0,,,,,4403,568,0,,,,,3,35.57299803454675,134.315436,,,0,0,0,0,0,0,0,0,0,0,241,blue,5338,4971,10309
87,,7810440,1,20260924,7360,1542,0,,,,,7523,1334,0,,,,,3,35.40803703433723,133.302548,,,0,0,0,0,0,0,0,0,0,0,241,blue,8902,8857,17759
87,,7810480,1,20260924,1615,275,0,,,,,1506,241,0,,,,,3,35.27600903416763,132.599938,,,0,0,0,0,0,0,0,0,0,0,241,blue,1890,1747,3637
87,,7810500,1,20260924,2409,415,0,,,,,2740,233,0,,,,,3,35.198965034067925,132.455335,,,0,0,0,0,0,0,0,0,0,0,241,blue,2824,2973,5797
87,,7810530,1,20260924,780,219,0,,,,,759,123,0,,,,,3,35.0882140339236,132.347724,,,0,0,0,0,0,0,0,0,0,0,241,blue,999,882,1881
87,,7810540,1,20260924,2469,535,0,,,,,2639,567,0,,,,,3,35.05910603388547,132.317104,,,0,0,0,0,0,0,0,0,0,0,241,blue,3004,3206,6210
87,,7810550,1,20260924,191,5,0,,,,,6,1,0,,,,,3,35.03529803385423,132.246444,,,0,0,0,0,0,0,0,0,0,0,241,blue,196,7,203
87,,7810560,1,20260924,4029,773,0,,,,,3699,562,0,,,,,3,34.96136103375689,132.144917,,,0,0,0,0,0,0,0,0,0,0,241,blue,4802,4261,9063
87,,7810570,1,20260924,7207,988,0,,,,,5668,929,0,,,,,3,34.92234503370532,132.109083,,,0,0,0,0,0,0,0,0,0,0,241,blue,8195,6597,14792
87,,7810580,1,20260924,4618,1367,0,,,,,5245,1070,0,,,,,3,34.90375903368071,132.105961,,,0,0,0,0,0,0,0,0,0,0,241,blue,5985,6315,12300
87,,7810590,1,20260924,4963,1308,0,,,,,4808,899,0,,,,,3,34.892214033665404,132.087679,,,0,0,0,0,0,0,0,0,0,0,241,blue,6271,5707,11978
87,,7810600,1,20260924,5963,1281,0,,,,,6037,928,0,,,,,3,34.886378033657664,132.069161,,,0,0,0,0,0,0,0,0,0,0,241,blue,7244,6965,14209
87,,7810610,1,20260924,4182,671,0,,,,,3938,889,0,,,,,3,34.8693890336351,132.044972,,,0,0,0,0,0,0,0,0,0,0,241,blue,4853,4827,9680
87,,7810630,1,20260924,2597,372,0,,,,,2961,374,0,,,,,3,34.69280003339916,131.858404,,,0,0,0,0,0,0,0,0,0,0,241,blue,2969,3335,6304
87,,7810640,1,20260924,3516,738,0,,,,,3906,784,0,,,,,3,34.64982003334131,131.812549,,,0,0,0,0,0,0,0,0,0,0,241,blue,4254,4690,8944
87,,7810650,1,20260924,2149,561,0,,,,,1983,381,0,,,,,3,34.603665033279,131.799331,,,0,0,0,0,0,0,0,0,0,0,241,blue,2710,2364,5074
87,,7810660,1,20260924,2364,588,0,,,,,1483,340,0,,,,,3,34.56766203323026,131.793408,,,0,0,0,0,0,0,0,0,0,0,241,blue,2952,1823,4775
87,,7810670,1,20260924,902,225,0,,,,,889,166,0,,,,,3,34.4411940330582,131.772423,,,0,0,0,0,0,0,0,0,0,0,241,blue,1127,1055,2182
87,,7810680,1,20260924,15401,2953,0,,,,,17327,2509,0,,,,,3,35.44391203438301,133.070902,,,0,0,0,0,0,0,0,0,0,0,241,blue,18354,19836,38190
87,,7810700,1,20260924,7342,945,0,,,,,7019,821,0,,,,,3,35.37289303429224,132.787156,,,0,0,0,0,0,0,0,0,0,0,241,blue,8287,7840,16127
87,,7810710,1,20260924,6800,935,0,,,,,7531,913,0,,,,,3,35.37446803429426,132.777994,,,0,0,0,0,0,0,0,0,0,0,241,blue,7735,8444,16179
87,,7810730,1,20260924,3244,871,0,,,,,3870,692,0,,,,,3,35.0087950338194,132.223163,,,0,0,0,0,0,2,2,0,0,0,241,blue,4115,4562,8677
87,,7810750,1,20260924,1590,483,0,,,,,2003,534,0,,,,,3,34.66552003336244,131.809437,,,0,0,0,0,0,0,0,0,0,0,241,blue,2073,2537,4610
87,,7810780,1,20260924,190,201,0,,,,,2587,444,0,,,,,3,34.245635032789465,131.522947,,,0,0,0,0,0,0,0,0,0,0,241,blue,391,3031,3422
87,,7810790,1,20260924,8857,1170,0,,,,,181,3,0,,,,,3,34.190602032713265,131.483723,,,0,0,0,0,0,0,0,0,0,0,241,blue,10027,184,10211
87,,7810800,1,20260924,9107,849,0,,,,,0,0,0,,,,,3,34.18878403271073,131.480083,,,0,0,0,0,0,0,0,0,0,0,241,blue,9956,0,9956
87,,7810840,1,20260924,5617,778,0,,,,,6216,450,0,,,,,3,35.47203803441882,134.240441,,,0,0,0,0,0,0,0,0,0,0,241,blue,6395,6666,13061
87,,7810850,1,20260924,9791,1384,0,,,,,10953,1493,0,,,,,3,35.49999403445436,134.20171,,,0,0,0,0,0,0,0,0,0,0,241,blue,11175,12446,23621
87,,7810870,1,20260924,11802,638,0,,,,,11620,726,0,,,,,3,34.52362703317051,133.901839,,,0,0,0,0,0,0,0,0,0,0,241,blue,12440,12346,24786
87,,7810900,1,20260924,3266,918,0,,,,,3453,828,0,,,,,3,34.9118280336914,133.946407,,,0,0,0,0,0,0,0,0,0,0,241,blue,4184,4281,8465
87,,7810950,1,20260924,374,104,0,,,,,3265,604,0,,,,,3,35.3698230342883,134.215379,,,0,0,0,0,0,0,0,0,0,0,241,blue,478,3869,4347
87,,7810960,1,20260924,4238,1068,0,,,,,3788,1028,0,,,,,3,34.64456803333422,132.667015,,,0,0,0,0,0,0,0,0,0,0,241,blue,5306,4816,10122
87,,7810970,1,20260924,2254,541,0,,,,,2187,533,0,,,,,3,34.68134903338374,132.742245,,,0,0,0,0,0,0,0,0,0,0,241,blue,2795,2720,5515
87,,7810980,1,20260924,1246,392,0,,,,,2190,419,0,,,,,3,34.81798703356671,132.823527,,,0,0,0,0,0,0,0,0,0,0,241,blue,1638,2609,4247
87,,7810990,1,20260924,1030,353,0,,,,,1101,350,0,,,,,3,34.86090703362384,132.793186,,,0,0,0,0,0,0,0,0,0,0,241,blue,1383,1451,2834
87,,7811010,1,20260924,1429,291,0,,,,,1529,193,0,,,,,3,35.221765034097494,132.816639,,,0,0,0,0,0,0,0,0,0,0,241,blue,1720,1722,3442
87,,7811020,1,20260924,2895,774,0,,,,,2879,597,0,,,,,3,35.33258003424051,132.907662,,,0,0,0,0,0,0,0,0,0,0,241,blue,3669,3476,7145
87,,7811070,1,20260924,10303,1086,0,,,,,639,718,0,,,,,3,34.23547503277542,132.6053,,,0,0,0,0,0,0,0,0,0,0,241,blue,11389,1357,12746
87,,7811080,1,20260924,4966,715,0,,,,,5333,673,0,,,,,3,34.220918032755264,132.662702,,,0,0,0,0,0,0,0,0,0,0,241,blue,5681,6006,11687
87,,7811090,1,20260924,1417,250,0,,,,,1684,117,0,,,,,3,34.27213903282609,132.728126,,,0,0,0,0,0,0,0,0,0,0,241,blue,1667,1801,3468
87,,7811100,1,20260924,2359,339,0,,,,,2181,182,0,,,,,3,34.33997203291951,132.948483,,,0,0,0,0,0,0,0,0,0,0,241,blue,2698,2363,5061
87,,7811120,1,20260924,1247,320,0,,,,,1298,250,0,,,,,3,33.9055670323146,132.028679,,,0,0,0,0,0,0,0,0,0,0,241,blue,1567,1548,3115
87,,7811130,1,20260924,3118,494,0,,,,,301,132,0,,,,,3,33.93038903234958,131.978502,,,0,0,0,0,0,0,0,0,0,0,241,blue,3612,433,4045
87,,7811140,1,20260924,7889,561,0,,,,,9438,683,0,,,,,3,33.976741032414765,131.89892000000003,,,0,0,0,0,0,0,0,0,0,0,241,blue,8450,10121,18571
87,,7811150,1,20260924,13613,971,0,,,,,12684,578,0,,,,,3,33.97531203241275,131.223377,,,0,0,0,0,0,0,0,0,0,0,241,blue,14584,13262,27846
87,,7811160,1,20260924,3941,768,0,,,,,4488,683,0,,,,,3,34.0254670324831,131.108286,,,0,0,0,0,0,0,0,0,0,0,241,blue,4709,5171,9880
87,,7811170,1,20260924,2676,365,0,,,,,2,0,0,,,,,3,34.06179303253392,130.910708,,,0,0,0,0,0,0,0,0,0,0,241,blue,3041,2,3043
87,,7811190,1,20260924,2396,365,0,,,,,2459,203,0,,,,,3,34.372636032964365,131.13719,,,0,0,0,0,0,1,1,0,0,0,241,blue,2761,2662,5423
87,,7811200,1,20260924,68,19,0,,,,,7425,257,0,,,,,3,34.36655403295601,131.21721,,,0,0,0,0,0,0,0,0,0,0,241,blue,87,7682,7769
87,,7811210,1,20260924,104,41,0,,,,,56,5,0,,,,,3,34.36556503295465,131.327923,,,0,0,0,0,0,0,0,0,0,0,241,blue,145,61,206
87,,7811220,1,20260924,2295,442,0,,,,,2522,304,0,,,,,3,34.46117103308548,131.429169,,,0,0,0,0,0,0,0,0,0,0,241,blue,2737,2826,5563
87,,7811230,1,20260924,290,128,0,,,,,1895,370,0,,,,,3,34.53625103318765,131.50609,,,0,0,0,0,0,0,0,0,0,0,241,blue,418,2265,2683
87,,7811240,1,20260924,5308,143,0,,,,,7056,369,0,,,,,3,33.97863403241742,130.917824,,,0,0,0,0,0,0,0,0,0,0,241,blue,5451,7425,12876
87,,7811250,1,20260924,2126,297,0,,,,,1976,294,0,,,,,3,34.371174032962365,131.269202,,,0,0,0,0,0,1,1,0,0,0,241,blue,2423,2270,4693
87,,7811260,1,20260924,2379,312,0,,,,,2381,311,0,,,,,3,34.386217032983,131.345346,,,0,0,0,0,0,0,0,0,0,0,241,blue,2691,2692,5383
87,,7811280,1,20260924,8263,283,0,,,,,9254,214,0,,,,,3,33.98188003242198,130.919334,,,0,0,0,0,0,0,0,0,0,0,241,blue,8546,9468,18014
87,,7811290,1,20260924,1305,272,0,,,,,1376,271,0,,,,,3,34.66606703336319,131.689768,,,0,0,0,0,0,0,0,0,0,0,241,blue,1577,1647,3224
87,,7811300,1,20260924,1829,174,0,,,,,1738,333,0,,,,,3,34.680670033382846,131.768346,,,0,0,0,0,0,0,0,0,0,0,241,blue,2003,2071,4074
87,,7811310,1,20260924,4441,1339,0,,,,,4660,968,0,,,,,3,34.274175032828886,132.632159,,,0,0,0,0,0,0,0,0,0,0,241,blue,5780,5628,11408
88,,8810010,1,20260924,1925,646,0,,,,,1705,555,0,,,,,3,34.22576903276199,134.506281,,,0,0,0,0,0,0,0,0,0,0,241,blue,2571,2260,4831
88,,8810040,1,20260924,,,,,,,,,,,,,,,3,34.21202803274294,134.426444,,,1,0,0,0,0,1,1,0,0,0,241,blue,0,0,0
88,,8810050,1,20260924,,,,,,,,,,,,,,,3,34.2426940327854,134.369389,,,1,0,0,0,0,1,1,0,0,0,241,blue,0,0,0
88,,8810060,1,20260924,,,,,,,,,,,,,,,3,34.24194403278437,134.333056,,,1,0,0,0,0,0,0,0,0,0,241,blue,0,0,0
88,,8810070,1,20260924,,,,,,,,,,,,,,,3,34.3096610328778,134.235686,,,1,0,0,0,0,0,0,0,0,0,241,blue,0,0,0
88,,8810080,1,20260924,,,,,,,,,,,,,,,3,34.323825032897304,134.203003,,,1,0,0,0,0,0,0,0,0,0,241,blue,0,0,0
88,,8810090,1,20260924,,,,,,,,,,,,,,,3,34.31055603287904,134.040556,,,1,0,0,0,0,0,0,0,0,0,241,blue,0,0,0
88,,8810100,1,20260924,,,,,,,,,,,,,,,3,34.31083303287942,134.040833,,,1,0,0,0,0,0,0,0,0,0,241,blue,0,0,0
88,,8810110,1,20260924,,,,,,,,,,,,,,,3,34.296344462859466,133.9267892,,,1,0,0,0,0,0,0,0,0,0,241,blue,0,0,0
88,,8810120,1,20260924,8001,659,0,,,,,5164,403,0,,,,,3,34.30830303287593,133.886,,,0,0,0,0,0,0,0,0,0,0,241,blue,8660,5567,14227
88,,8810130,1,20260924,,,,,,,,,,,,,,,3,34.28116903283854,133.818719,,,1,0,0,0,0,0,0,0,0,0,241,blue,0,0,0
88,,8810150,1,20260924,,,,,,,,,,,,,,,3,33.79388903215663,132.931944,,,1,0,0,0,0,0,0,0,0,0,241,blue,0,0,0
88,,8810160,1,20260924,7819,1144,0,,,,,9432,856,0,,,,,3,34.251008032796896,133.916925,,,0,0,0,0,0,0,0,0,0,0,241,blue,8963,10288,19251
88,,8810170,1,20260924,5809,1337,0,,,,,5197,1158,0,,,,,3,34.183472032703364,133.834944,,,0,0,0,0,0,0,0,0,0,0,241,blue,7146,6355,13501
88,,8810180,1,20260924,2018,447,0,,,,,2119,315,0,,,,,3,34.15741703266719,133.82277800000003,,,0,0,0,0,0,0,0,0,0,0,241,blue,2465,2434,4899
88,,8810210,1,20260924,3243,714,0,,,,,1948,659,0,,,,,3,34.02985603248925,133.814811,,,1,0,0,0,0,0,0,0,0,0,241,blue,3957,2607,6564
88,,8810220,1,20260924,2238,713,0,,,,,2340,542,0,,,,,3,33.99827503244498,133.788456,,,0,0,0,0,0,0,0,0,0,0,241,blue,2951,2882,5833
88,,8810270,1,20260924,1372,485,0,,,,,1390,493,0,,,,,3,33.699149792021856,133.6898053,,,0,0,0,0,0,0,0,0,0,0,241,blue,1857,1883,3740
88,,8810310,1,20260924,,,,,,,,,,,,,,,3,33.65416703195762,133.66,,,1,0,0,0,0,0,0,0,0,0,241,blue,0,0,0
88,,8810340,1,20260924,,,,,,,,,,,,,,,3,33.55527803181588,133.460556,,,1,0,0,0,0,0,0,0,0,0,241,blue,0,0,0
88,,8810380,1,20260924,,,,,,,,,,,,,,,3,33.555000031815474,133.139444,,,1,0,0,0,0,0,0,0,0,0,241,blue,0,0,0
88,,8810400,1,20260924,,,,,,,,,,,,,,,3,33.58111103185298,132.9925,,,1,0,0,0,0,0,0,0,0,0,241,blue,0,0,0
88,,8810410,1,20260924,1272,188,0,,,,,1321,328,0,,,,,3,33.61805603190595,132.933333,,,0,0,0,0,0,0,0,0,0,0,241,blue,1460,1649,3109
88,,8810420,1,20260924,1507,191,0,,,,,1613,433,0,,,,,3,33.62777803191986,132.916389,,,0,0,0,0,0,0,0,0,0,0,241,blue,1698,2046,3744
88,,8810430,1,20260924,1881,307,0,,,,,2115,548,0,,,,,3,33.646667031946905,132.905833,,,0,0,0,0,0,0,0,0,0,0,241,blue,2188,2663,4851
88,,8810450,1,20260924,,,,,,,,,,,,,,,3,33.68178252199708,132.8835762,,,1,0,0,0,0,0,0,0,0,0,241,blue,0,0,0
88,,8810510,1,20260924,,,,,,,,,,,,,,,3,33.73555603207373,132.811667,,,1,0,0,0,0,0,0,0,0,0,241,blue,0,0,0
88,,8810520,1,20260924,,,,,,,,,,,,,,,6,33.80277803216924,132.7775,,,1,0,0,0,0,1,1,0,0,0,241,blue,0,0,0
88,,8810530,1,20260924,,,,,,,,,,,,,,,3,33.80679213217494,132.7455604,,,1,0,0,0,0,1,1,0,0,0,241,blue,0,0,0
88,,8810560,1,20260924,800,72,0,,,,,539,52,0,,,,,3,33.883114032282926,134.645522,,,1,0,0,0,0,0,0,0,0,0,241,blue,872,591,1463
88,,8810570,1,20260924,3727,792,0,,,,,3307,801,0,,,,,3,33.87310303226879,134.637228,,,1,0,0,0,0,0,0,0,0,0,241,blue,4519,4108,8627
88,,8810580,1,20260924,565,145,0,,,,,632,95,0,,,,,3,33.8064830321745,134.590708,,,1,0,0,0,0,0,0,0,0,0,241,blue,710,727,1437
88,,8810640,1,20260924,1745,404,0,,,,,1634,233,0,,,,,3,33.72289703205572,134.519397,,,0,0,0,0,0,0,0,0,0,0,241,blue,2149,1867,4016
88,,8810660,1,20260924,1965,486,0,,,,,2088,316,0,,,,,3,33.66041903196656,134.406369,,,0,0,0,0,0,0,0,0,0,0,241,blue,2451,2404,4855
88,,8810670,1,20260924,1900,132,0,,,,,1590,345,0,,,,,3,33.58200303185425,134.323467,,,1,0,0,0,0,0,0,0,0,0,241,blue,2032,1935,3967
88,,8810690,1,20260924,,,,,,,,,,,,,,,3,33.49111103172349,134.261667,,,1,0,0,0,0,0,0,0,0,0,241,blue,0,0,0
88,,8810720,1,20260924,,,,,,,,,,,,,,,3,33.33499901149748,134.1973409,,,1,0,0,0,0,0,0,0,0,0,241,blue,0,0,0
88,,8810730,1,20260924,22,0,0,,,,,630,56,0,,,,,3,33.2510477313752,134.1807112,,,0,0,0,0,0,0,0,0,0,0,241,blue,22,686,708
88,,8810740,1,20260924,,,,,,,,,,,,,,,3,33.29972203144615,134.123333,,,1,0,0,0,0,0,0,0,0,0,241,blue,0,0,0
88,,8810750,1,20260924,,,,,,,,,,,,,,,3,33.371439791550394,134.039855,,,1,0,0,0,0,0,0,0,0,0,241,blue,0,0,0
88,,8810760,1,20260924,3185,274,0,,,,,3170,502,0,,,,,3,33.42416703162678,134.023333,,,0,0,0,0,0,0,0,0,0,0,241,blue,3459,3672,7131
88,,8810780,1,20260924,3445,266,0,,,,,3425,714,0,,,,,3,33.441944031652504,133.966111,,,0,0,0,0,0,0,0,0,0,0,241,blue,3711,4139,7850
88,,8810820,1,20260924,,,,,,,,,,,,,,,3,33.5033880317412,133.878652,,,1,0,0,0,0,0,0,0,0,0,241,blue,0,0,0
88,,8810840,1,20260924,,,,,,,,,,,,,,,3,33.525000031772315,133.760278,,,1,0,0,0,0,0,0,0,0,0,241,blue,0,0,0
88,,8810850,1,20260924,,,,,,,,,,,,,,,3,33.42055603162157,133.301944,,,1,0,0,0,0,0,0,0,0,0,241,blue,0,0,0
88,,8810880,1,20260924,249,27,0,,,,,322,51,0,,,,,3,33.3074340314574,133.179556,,,0,0,0,0,0,0,0,0,0,0,241,blue,276,373,649
88,,8810890,1,20260924,1121,286,0,,,,,2,36,0,,,,,3,33.28855103142989,133.172023,,,0,0,0,0,0,0,0,0,0,0,241,blue,1407,38,1445
88,,8810910,1,20260924,1363,260,0,,,,,4,0,0,,,,,3,33.266597031397886,133.171467,,,0,0,0,0,0,0,0,0,0,0,241,blue,1623,4,1627
88,,8810920,1,20260924,2590,606,0,,,,,2342,419,0,,,,,3,33.21880803132811,133.140708,,,0,0,0,0,0,0,0,0,0,0,241,blue,3196,2761,5957
88,,8810940,1,20260924,3959,408,0,,,,,3792,389,0,,,,,3,33.0089042010197,132.9856986,,,0,0,0,0,0,0,0,0,0,0,241,blue,4367,4181,8548
88,,8810960,1,20260924,2447,337,0,,,,,2232,512,0,,,,,3,32.97816103097427,132.889125,,,0,0,0,0,0,0,0,0,0,0,241,blue,2784,2744,5528
88,,8810970,1,20260924,2044,531,0,,,,,2067,269,0,,,,,3,32.977644030973515,132.885636,,,0,0,0,0,0,0,0,0,0,0,241,blue,2575,2336,4911
88,,8811000,1,20260924,,,,,,,,,,,,,,,3,32.96687203095758,132.865489,,,1,0,0,0,0,0,0,0,0,0,241,blue,0,0,0
88,,8811020,1,20260924,1405,485,0,,,,,1490,289,0,,,,,3,32.96457803095418,132.816661,,,0,0,0,0,0,0,0,0,0,0,241,blue,1890,1779,3669
88,,8811040,1,20260924,2230,436,0,,,,,2839,190,0,,,,,3,32.95833303094494,132.796389,,,0,0,0,0,0,0,0,0,0,0,241,blue,2666,3029,5695
88,,8811050,1,20260924,3770,341,0,,,,,4343,272,0,,,,,3,32.93641403091248,132.736475,,,0,0,0,0,0,0,0,0,0,0,241,blue,4111,4615,8726
88,,8811060,1,20260924,1451,234,0,,,,,1455,114,0,,,,,3,32.969853030961985,132.683747,,,0,0,0,0,0,0,0,0,0,0,241,blue,1685,1569,3254
88,,8811070,1,20260924,,,,,,,,,,,,,,,3,32.970303030962654,132.665209,,,1,0,0,0,0,3,3,0,0,0,241,blue,0,0,0
88,,8811080,1,20260924,2083,98,0,,,,,1900,300,0,,,,,3,32.95232903093605,132.60067,,,0,0,0,0,0,4,4,0,0,0,241,blue,2181,2200,4381
88,,8811090,1,20260924,2061,489,0,,,,,2311,248,0,,,,,3,32.9541190309387,132.584276,,,0,0,0,0,0,3,3,0,0,0,241,blue,2550,2559,5109
88,,8811110,1,20260924,1744,288,0,,,,,1692,362,0,,,,,3,33.04654603107523,132.48536,,,0,0,0,0,0,4,4,0,0,0,241,blue,2032,2054,4086
88,,8811130,1,20260924,2647,463,0,,,,,2343,710,0,,,,,3,33.0789110311229,132.49507,,,0,0,0,0,0,3,3,0,0,0,241,blue,3110,3053,6163
88,,8811140,1,20260924,1449,149,0,,,,,1253,164,0,,,,,3,33.11350003117377,132.518333,,,0,0,0,0,0,3,3,0,0,0,241,blue,1598,1417,3015
88,,8811150,1,20260924,2652,679,0,,,,,2444,738,0,,,,,3,33.12469803119022,132.521282,,,0,0,0,0,0,4,4,0,0,0,241,blue,3331,3182,6513
88,,8811170,1,20260924,1851,369,0,,,,,1692,252,0,,,,,3,33.49517003172935,132.54537,,,0,0,0,0,0,0,0,0,0,0,241,blue,2220,1944,4164
88,,8811180,1,20260924,1569,366,0,,,,,1481,211,0,,,,,3,33.15677703123728,132.5469,,,0,0,0,0,0,3,3,0,0,0,241,blue,1935,1692,3627
88,,8811190,1,20260924,,,,,,,,,,,,,,,3,33.264024031394136,132.552651,,,1,0,0,0,0,3,3,0,0,0,241,blue,0,0,0
88,,8811210,1,20260924,8612,1251,0,,,,,7993,1721,0,,,,,3,33.23340003134943,132.559577,,,0,0,0,0,0,4,4,0,0,0,241,blue,9863,9714,19577
88,,8811220,1,20260924,3386,535,0,,,,,3238,809,0,,,,,3,33.21975503132949,132.55883,,,0,0,0,0,0,4,4,0,0,0,241,blue,3921,4047,7968
88,,8811230,1,20260924,7403,1509,0,,,,,8677,1110,0,,,,,3,33.21400003132108,132.545961,,,0,0,0,0,0,3,3,0,0,0,241,blue,8912,9787,18699
88,,8811240,1,20260924,2963,771,0,,,,,3071,426,0,,,,,3,33.187563031282394,132.543219,,,0,0,0,0,0,3,3,0,0,0,241,blue,3734,3497,7231
88,,8811250,1,20260924,,,,,,,,,,,,,,,3,33.623917031914345,132.69675,,,1,0,0,0,0,0,0,0,0,0,241,blue,0,0,0
88,,8811260,1,20260924,,,,,,,,,,,,,,,3,33.63910303193607,132.70852,,,1,0,0,0,0,0,0,0,0,0,241,blue,0,0,0
88,,8811300,1,20260924,3156,684,0,,,,,3458,717,0,,,,,3,33.701111032024656,132.7075,,,0,0,0,0,0,0,0,0,0,0,241,blue,3840,4175,8015
88,,8811320,1,20260924,2786,532,0,,,,,2926,915,0,,,,,3,33.99242782243679,133.6034113,,,0,0,0,0,0,0,0,0,0,0,241,blue,3318,3841,7159
88,,8811330,1,20260924,984,310,0,,,,,1277,433,0,,,,,3,33.99611044244195,133.6571521,,,0,0,0,0,0,0,0,0,0,0,241,blue,1294,1710,3004
88,,8811360,1,20260924,1060,454,0,,,,,1357,463,0,,,,,3,34.015556032469206,133.77361100000002,,,0,0,0,0,0,0,0,0,0,0,241,blue,1514,1820,3334
88,,8811430,1,20260924,,,,,,,,,,,,,,,3,33.981944032422064,132.778333,,,1,0,0,0,0,0,0,0,0,0,241,blue,0,0,0
88,,8811450,1,20260924,,,,,,,,,,,,,,,3,33.98044403241997,133.057088,,,1,0,0,0,0,0,0,0,0,0,241,blue,0,0,0
89,,9810010,1,20260924,9793,763,0,,,,,8934,820,0,,,,,3,33.86852803226232,130.79675,,,0,0,0,0,0,0,0,0,0,0,241,blue,10556,9754,20310
89,,9810020,1,20260924,,,,,,,,,,,,,,,3,33.835259032215276,130.608521,,,1,0,0,0,0,0,0,0,1,0,241,blue,0,0,0
89,,9810030,1,20260924,10290,1084,0,,,,,6682,796,0,,,,,3,33.78978203215081,130.567337,,,1,0,0,0,0,1,1,0,1,0,241,blue,11374,7478,18852
89,,9810040,1,20260924,23380,2221,0,,,,,21597,2458,0,,,,,3,33.744955032087105,130.488242,,,0,0,0,0,0,0,0,0,1,0,241,blue,25601,24055,49656
89,,9810050,1,20260924,,,,,,,,,,,,,,,3,33.73691203207566,130.478193,,,1,0,0,0,0,0,0,0,1,0,241,blue,0,0,0
89,,9810070,1,20260924,15652,2798,0,,,,,18698,3568,0,,,,,3,33.52600403177376,130.49557,,,0,0,0,0,0,0,0,0,1,0,241,blue,18450,22266,40716
89,,9810080,1,20260924,17286,2414,0,,,,,15357,2366,0,,,,,3,33.51100303175216,130.511069,,,0,0,0,0,0,0,0,0,1,0,241,blue,19700,17723,37423
89,,9810090,1,20260924,16362,1884,0,,,,,18982,3215,0,,,,,3,33.510200031751005,130.520977,,,0,0,0,0,0,0,0,0,1,0,241,blue,18246,22197,40443
89,,9810100,1,20260924,11745,2429,0,,,,,12670,2224,0,,,,,3,33.477797031704284,130.53932,,,0,0,0,0,0,0,0,0,1,0,241,blue,14174,14894,29068
89,,9810120,1,20260924,,,,,,,,,,,,,,,3,33.33966203150427,130.525942,,,1,,,,,,,,,,241,blue,0,0,0
89,,9810130,1,20260924,2813,1259,0,,,,,2409,1292,0,,,,,3,33.19870703129871,130.60119,,,0,0,0,0,0,0,0,0,1,0,241,blue,4072,3701,7773
89,,9810140,1,20260924,1720,1266,0,,,,,1661,1090,0,,,,,3,33.170447031257325,130.617432,,,0,0,0,0,0,0,0,0,1,0,241,blue,2986,2751,5737
89,,9810150,1,20260924,,,,,,,,,,,,,,,3,33.86806903226167,130.775199,,,1,0,0,0,0,0,0,0,0,0,241,blue,0,0,0
89,,9810160,1,20260924,14722,1710,0,,,,,,,,,,,,3,33.86432503225638,130.74688,,,0,0,0,0,0,0,0,0,0,0,241,blue,16432,0,16432
89,,9810170,1,20260924,,,,,,,,,,,,,,,3,33.648732031949855,130.441499,,,1,0,0,0,0,0,0,0,0,0,241,blue,0,0,0
89,,9810180,1,20260924,23004,3161,0,,,,,21742,3071,0,,,,,3,33.61500003190157,130.438611,,,0,0,0,0,0,0,0,0,0,0,241,blue,26165,24813,50978
89,,9810190,1,20260924,9818,2562,0,,,,,9875,2581,0,,,,,3,33.4496850316637,130.546326,,,0,0,0,0,0,0,0,0,1,0,241,blue,12380,12456,24836
89,,9810200,1,20260924,,,,,,,,,,,,,,,3,33.41916903161956,130.532642,,,1,,,,,,,,,,241,blue,0,0,0
89,,9810210,1,20260924,5892,1475,0,,,,,5374,973,0,,,,,3,32.92737203089908,130.698429,,,0,0,0,0,0,0,0,0,0,0,241,blue,7367,6347,13714
89,,9810230,1,20260924,1331,301,0,,,,,1343,291,0,,,,,3,32.33541003001024,130.485852,,,0,0,0,0,0,1,1,0,0,0,241,blue,1632,1634,3266
89,,9810240,1,20260924,1275,213,0,,,,,1258,211,0,,,,,3,32.24685302987536,130.498828,,,0,0,0,0,0,0,0,0,0,0,241,blue,1488,1469,2957
89,,9810260,1,20260924,,,,,,,,,,,,,,,3,32.06933302960361,130.240833,,,1,0,0,0,0,0,0,0,0,0,241,blue,0,0,0
89,,9810270,1,20260924,,,,,,,,,,,,,,,3,32.05996802958923,130.223169,,,1,0,0,0,0,0,0,0,0,0,241,blue,0,0,0
89,,9810280,1,20260924,,,,,,,,,,,,,,,3,32.00103302949858,130.195866,,,1,0,0,0,0,0,0,0,0,0,241,blue,0,0,0
89,,9810290,1,20260924,,,,,,,,,,,,,,,3,31.77354502914685,130.301221,,,1,0,0,0,0,0,0,0,0,0,241,blue,0,0,0
89,,9810300,1,20260924,,,,,,,,,,,,,,,3,31.752394029113987,130.297198,,,1,0,0,0,0,0,0,0,0,0,241,blue,0,0,0
89,,9810310,1,20260924,,,,,,,,,,,,,,,3,31.671780028988586,130.334671,,,1,0,0,0,0,42,42,0,0,0,241,blue,0,0,0
89,,9810320,1,20260924,,,,,,,,,,,,,,,3,31.644384028945897,130.514685,,,1,0,0,0,0,42,42,0,0,0,241,blue,0,0,0
89,,9810330,1,20260924,12054,983,0,,,,,10808,638,0,,,,,3,31.593127028865894,130.55217,,,0,0,0,0,0,0,0,0,0,0,241,blue,13037,11446,24483
89,,9810340,1,20260924,,,,,,,,,,,,,,,3,31.774587029148464,130.294585,,,1,0,0,0,0,45,45,0,0,0,241,blue,0,0,0
89,,9810350,1,20260924,,,,,,,,12053,1544,0,,,,,3,31.586173028855043,130.521497,,,0,0,0,0,0,0,0,0,0,0,241,blue,0,13597,13597
89,,9810360,1,20260924,,,,,,,,,,,,,,,3,33.6356250319311,131.074923,,,1,0,0,0,0,2,2,0,2,0,241,blue,0,0,0
89,,9810370,1,20260924,,,,,,,,,,,,,,,3,33.60811903189171,131.1134,,,0,0,0,0,0,232,232,234,181,0,241,blue,0,0,0
89,,9810380,1,20260924,3688,1107,0,,,,,3533,1166,0,,,,,3,33.55407703181414,131.25154,,,0,0,0,0,0,0,0,0,0,0,241,blue,4795,4699,9494
89,,9810390,1,20260924,2571,599,0,,,,,2208,595,0,,,,,3,33.47356403169818,131.495973,,,0,0,0,0,0,0,0,0,0,0,241,blue,3170,2803,5973
89,,9810400,1,20260924,3618,665,0,,,,,3329,748,0,,,,,3,33.4199570316207,131.549075,,,0,0,0,0,0,0,0,0,0,0,241,blue,4283,4077,8360
89,,9810410,1,20260924,,,,,,,,,,,,,,,3,33.35718603152971,131.497308,,,1,0,0,0,0,0,0,0,0,0,241,blue,0,0,0
89,,9810420,1,20260924,18038,1671,0,,,,,18128,2168,0,,,,,3,33.28844603142974,131.50415600000002,,,0,0,0,0,0,0,0,0,0,0,241,blue,19709,20296,40005
89,,9810430,1,20260924,9759,1102,0,,,,,9438,1007,0,,,,,3,33.1773230312674,131.619615,,,0,0,0,0,0,0,0,0,0,0,241,blue,10861,10445,21306
89,,9810440,1,20260924,,,,,,,,7963,1586,0,,,,,3,33.091164031140934,131.647172,,,0,0,0,0,0,1,1,0,0,0,241,blue,0,9549,9549
89,,9810450,1,20260924,109,30,0,,,,,73,14,0,,,,,3,33.07813503112177,131.638559,,,1,0,0,0,0,47,47,0,84,0,241,blue,139,87,226
89,,9810460,1,20260924,111,25,0,,,,,102,19,0,,,,,3,33.03375103105637,131.689156,,,1,0,0,0,0,19,19,2,47,0,241,blue,136,121,257
89,,9810470,1,20260924,32,2,0,,,,,35,9,0,,,,,3,33.001599031008915,131.788698,,,1,0,0,0,0,64,64,1,66,0,241,blue,34,44,78
89,,9810480,1,20260924,90,16,0,,,,,100,23,0,,,,,3,32.95275303093668,131.841525,,,1,0,0,0,0,35,35,0,82,0,241,blue,106,123,229
89,,9810490,1,20260924,45,9,0,,,,,45,16,0,,,,,3,32.92192503089102,131.801353,,,1,0,0,0,0,23,23,0,43,0,241,blue,54,61,115
89,,9810500,1,20260924,6,1,0,,,,,9,5,0,,,,,3,32.84521503077709,131.718143,,,1,0,0,0,0,20,20,1,44,0,241,blue,7,14,21
89,,9810510,1,20260924,,,,,,,,,,,,,,,3,33.53550003178742,131.301439,,,1,0,0,0,0,0,0,0,0,0,241,blue,0,0,0
89,,9810520,1,20260924,,,,,,,,8817,864,0,,,,,3,33.17727003126732,131.636491,,,0,0,0,0,0,0,0,0,0,0,241,blue,0,9681,9681
89,,9810530,1,20260924,4,1,0,,,,,3,1,0,,,,,3,32.76588703065887,131.69922,,,1,0,0,0,0,45,45,2,78,0,241,blue,5,4,9
89,,9810540,1,20260924,0,1,0,,,,,0,0,0,,,,,3,32.73308003060985,131.712307,,,1,0,0,0,0,11,11,1,24,0,241,blue,1,0,1
89,,9810550,1,20260924,2,0,0,,,,,2,0,0,,,,,3,32.680641030531355,131.69547,,,1,0,0,0,0,6,6,0,20,0,241,blue,2,2,4
89,,9810560,1,20260924,1,1,0,,,,,7,0,0,,,,,3,32.6162990304348,131.682165,,,1,0,0,0,0,13,13,0,34,0,241,blue,2,7,9
89,,9810580,1,20260924,8,2,0,,,,,6,0,0,,,,,3,32.56240603035372,131.681538,,,1,0,0,0,0,7,7,0,13,0,241,blue,10,6,16
89,,9810590,1,20260924,,,,,,,,,,,,,,,3,32.512945030279155,131.682071,,,1,0,0,0,0,60,60,156,118,0,241,blue,0,0,0
89,,9810600,1,20260924,3,1,0,,,,,0,1,0,,,,,3,32.505475030267874,131.671612,,,1,0,0,0,0,12,12,1,34,0,241,blue,4,1,5
89,,9810610,1,20260924,5,1,0,,,,,7,1,0,,,,,3,32.48380003023514,131.65983,,,1,0,0,0,0,8,8,0,14,0,241,blue,6,8,14
89,,9810620,1,20260924,3,0,0,,,,,8,0,0,,,,,3,32.44750003018023,131.634167,,,1,0,0,0,0,10,10,1,27,0,241,blue,3,8,11
89,,9810630,1,20260924,0,1,0,,,,,0,1,0,,,,,3,32.34169203001978,131.615818,,,1,0,0,0,0,5,5,0,24,0,241,blue,1,1,2
89,,9810640,1,20260924,,,,,,,,,,,,,,,3,32.118920029679714,131.525151,,,1,0,0,0,0,16,16,0,36,0,241,blue,0,0,0
89,,9810650,1,20260924,,,,,,,,,,,,,,,3,32.04093702955998,131.469141,,,1,0,0,0,0,29,29,0,76,0,241,blue,0,0,0
89,,9810660,1,20260924,,,,,,,,,,,,,,,3,31.943136029409334,131.344339,,,1,0,0,0,0,1,1,0,0,0,241,blue,0,0,0
89,,9810670,1,20260924,,,,,,,,,,,,,,,3,31.95151902942227,131.26782500000002,,,1,0,0,0,0,0,0,0,0,0,241,blue,0,0,0
89,,9810680,1,20260924,,,,,,,,,,,,,,,3,31.916759029368613,131.228421,,,1,0,0,0,0,0,0,0,0,0,241,blue,0,0,0
89,,9810690,1,20260924,,,,,,,,,,,,,,,3,31.831007029235955,131.126939,,,1,0,0,0,0,0,0,0,0,0,241,blue,0,0,0
89,,9810700,1,20260924,,,,,,,,,,,,,,,3,31.70972202904765,131.054167,,,1,0,0,0,0,0,0,0,0,0,241,blue,0,0,0
89,,9810710,1,20260924,1417,1000,0,,,,,73,46,0,,,,,3,31.70997802904806,131.024809,,,0,0,0,0,0,0,0,0,0,0,241,blue,2417,119,2536
89,,9810720,1,20260924,,,,,,,,,,,,,,,3,31.661481028972545,130.889721,,,1,0,0,0,0,0,0,0,0,0,241,blue,0,0,0
89,,9810730,1,20260924,,,,,,,,,,,,,,,3,31.723242029068686,130.809578,,,1,0,0,0,0,0,0,0,0,0,241,blue,0,0,0
89,,9810740,1,20260924,,,,,,,,,,,,,,,3,33.30389903145224,130.368554,,,1,,,,,,,,,,241,blue,0,0,0
89,,9810750,1,20260924,,,,,,,,,,,,,,,3,33.27419603140898,130.293549,,,1,,,,,,,,,,241,blue,0,0,0
89,,9810760,1,20260924,,,,,,,,,,,,,,,3,33.26474303139519,130.245086,,,1,,,,,,,,,,241,blue,0,0,0
89,,9810770,1,20260924,,,,,,,,,,,,,,,3,33.26041603138888,130.218458,,,1,,,,,,,,,,241,blue,0,0,0
89,,9810780,1,20260924,,,,,,,,,,,,,,,3,33.23447503135101,130.18203100000002,,,1,,,,,,,,,,241,blue,0,0,0
89,,9810790,1,20260924,,,,,,,,,,,,,,,3,33.22225103133315,130.172161,,,1,,,,,,,,,,241,blue,0,0,0
89,,9810800,1,20260924,,,,,,,,,,,,,,,3,33.219025031328435,130.143217,,,1,,,,,,,,,,241,blue,0,0,0
89,,9810810,1,20260924,,,,,,,,,,,,,,,3,33.21595003132393,130.087452,,,1,,,,,,,,,,241,blue,0,0,0
89,,9810820,1,20260924,,,,,,,,,,,,,,,3,33.21877403132806,130.052459,,,1,,,,,,,,,,241,blue,0,0,0
89,,9810830,1,20260924,,,,,,,,,,,,,,,3,33.207839031312076,130.047967,,,1,,,,,,,,,,241,blue,0,0,0
89,,9810840,1,20260924,,,,,,,,,,,,,,,3,33.07291503111407,129.960829,,,1,0,0,0,0,0,0,0,0,0,241,blue,0,0,0
89,,9810850,1,20260924,5543,877,0,,,,,5724,965,0,,,,,3,32.995999031000636,129.948701,,,0,0,0,0,0,0,0,0,0,0,241,blue,6420,6689,13109
89,,9810860,1,20260924,,,,,,,,,,,,,,,3,32.9044610308651,129.957531,,,1,0,0,0,0,0,0,0,0,0,241,blue,0,0,0
89,,9810870,1,20260924,,,,,,,,,,,,,,,3,32.8905010308444,129.971348,,,1,0,0,0,0,0,0,0,0,0,241,blue,0,0,0
89,,9810890,1,20260924,,,,,,,,,,,,,,,3,32.87494503082128,130.02412,,,1,0,0,0,0,0,0,0,0,0,241,blue,0,0,0
89,,9810900,1,20260924,,,,,,,,,,,,,,,3,32.83967403076884,130.024592,,,1,0,0,0,0,0,0,0,0,0,241,blue,0,0,0
89,,9810910,1,20260924,,,,,,,,,,,,,,,3,33.19594003129466,129.977938,,,1,0,0,0,0,0,0,0,0,0,241,blue,0,0,0
89,,9810920,1,20260924,417,74,0,,,,,402,45,0,,,,,3,33.191150031287656,129.943948,,,1,0,0,0,0,0,0,0,0,0,241,blue,491,447,938
89,,9810930,1,20260924,3329,844,0,,,,,3501,627,0,,,,,3,33.18881403128423,129.9054,,,0,0,0,0,0,1,1,0,0,0,241,blue,4173,4128,8301
89,,9810940,1,20260924,138,37,0,,,,,88,40,0,,,,,3,32.97184603096493,131.383534,,,1,0,0,0,0,23,23,0,46,0,241,blue,175,128,303
89,,9810950,1,20260924,105,48,0,,,,,121,27,0,,,,,3,32.96828103095967,131.382552,,,1,0,0,0,0,19,19,0,45,0,241,blue,153,148,301
89,,9810960,1,20260924,38,23,0,,,,,42,17,0,,,,,3,32.96091703094877,131.248695,,,1,0,0,0,0,21,21,0,43,0,241,blue,61,59,120
89,,9810970,1,20260924,144,47,0,,,,,0,8,0,,,,,3,33.03288603105509,131.537821,,,1,0,0,0,0,41,41,0,83,0,241,blue,191,8,199
89,,9810980,1,20260924,,,,,,,,,,,,,,,3,33.00262303101042,131.45315500000004,,,1,0,0,0,0,99,99,166,116,0,241,blue,0,0,0
89,,9810990,1,20260924,,,,,,,,,,,,,,,3,32.96097103094884,131.244117,,,1,0,0,0,0,0,0,0,0,0,241,blue,0,0,0
89,,9811000,1,20260924,,,,,,,,,,,,,,,3,32.93530403091085,131.035064,,,1,0,0,0,0,0,0,0,0,0,241,blue,0,0,0
89,,9811010,1,20260924,0,0,0,,,,,0,0,0,,,,,3,32.87672503082393,130.954853,,,0,0,0,0,0,0,0,0,0,0,241,blue,0,0,0
89,,9811020,1,20260924,3793,546,0,,,,,3393,431,0,,,,,3,32.614306030431806,130.462111,,,0,0,0,0,0,1,1,0,0,0,241,blue,4339,3824,8163
89,,9811030,1,20260924,,,,,,,,,,,,,,,3,32.72539603059835,130.251342,,,1,,,,,,,,,,241,blue,0,0,0
89,,9811040,1,20260924,,,,,,,,,,,,,,,3,32.72077403059144,130.234748,,,1,,,,,,,,,,241,blue,0,0,0
89,,9811050,1,20260924,,,,,,,,,,,,,,,3,32.73587103061402,130.209003,,,1,,,,,,,,,,241,blue,0,0,0
89,,9811060,1,20260924,,,,,,,,,,,,,,,3,32.808908030723025,130.149506,,,1,,,,,,,,,,241,blue,0,0,0
89,,9811070,1,20260924,,,,,,,,,,,,,,,3,32.836521030764146,130.094768,,,1,,,,,,,,,,241,blue,0,0,0
89,,9811080,1,20260924,,,,,,,,,,,,,,,3,32.83196203075736,130.053336,,,1,,,,,,,,,,241,blue,0,0,0
89,,9811090,1,20260924,0,0,0,,,,,0,0,0,,,,,3,33.61888103190713,130.568781,,,0,0,0,0,0,230,230,2,181,0,241,blue,0,0,0
89,,9811100,1,20260924,0,0,0,,,,,1,0,0,,,,,3,33.61860003190672,130.579442,,,1,0,0,0,0,207,207,6,180,0,241,blue,0,1,1
89,,9811110,1,20260924,,,,,,,,,,,,,,,3,33.62194303191151,130.588462,,,1,0,0,0,0,4,4,0,3,0,241,blue,0,0,0
89,,9811120,1,20260924,,,,,,,,,,,,,,,3,33.65684603196145,130.750269,,,1,0,0,0,0,0,0,1,1,0,241,blue,0,0,0
89,,9811130,1,20260924,,,,,,,,,,,,,,,3,33.6514250319537,130.761828,,,1,0,0,0,0,1,1,0,1,0,241,blue,0,0,0
89,,9811140,1,20260924,,,,,,,,,,,,,,,3,33.64137503193933,130.764099,,,1,0,0,0,0,4,4,0,4,0,241,blue,0,0,0
89,,9811150,1,20260924,,,,,,,,,,,,,,,3,33.65331703195642,130.807798,,,1,0,0,0,0,2,2,0,3,0,241,blue,0,0,0
89,,9811170,1,20260924,,,,,,,,,,,,,,,3,33.37200003155121,130.3311,,,1,,,,,,,,,,241,blue,0,0,0
89,,9811180,1,20260924,,,,,,,,,,,,,,,3,33.6231190319132,130.671342,,,1,,,,,,,,,,241,blue,0,0,0
89,,9811190,1,20260924,34,20,0,,,,,57,34,0,,,,,3,33.74379703208545,130.970335,,,0,0,0,0,0,0,0,0,1,0,241,blue,54,91,145
89,,9811210,1,20260924,2543,154,0,,,,,2379,282,0,,,,,3,33.50948303174998,130.110769,,,0,0,0,0,0,0,0,0,1,0,241,blue,2697,2661,5358
89,,9811220,1,20260924,1133,160,0,,,,,1048,72,0,,,,,3,33.501667031738705,130.069167,,,0,0,0,0,0,0,0,0,1,0,241,blue,1293,1120,2413
89,,9811240,1,20260924,4258,829,0,,,,,0,0,0,,,,,3,33.522842031769216,130.168427,,,0,0,0,0,0,0,0,0,1,0,241,blue,5087,0,5087
89,,9811250,1,20260924,5404,775,0,,,,,9,13,0,,,,,3,33.51344603175569,130.14563,,,0,0,0,0,0,0,0,0,1,0,241,blue,6179,22,6201
89,,9811260,1,20260924,1301,123,0,,,,,1329,78,0,,,,,3,33.45431303167039,130.042275,,,0,0,0,0,0,0,0,0,0,0,241,blue,1424,1407,2831
89,,9811270,1,20260924,7631,718,0,,,,,6467,1007,0,,,,,3,33.431110031636834,129.991737,,,0,0,0,0,0,0,0,0,0,0,241,blue,8349,7474,15823
89,,9811280,1,20260924,,,,,,,,,,,,,,,3,33.348904031517684,129.933234,,,1,0,0,0,0,0,0,0,0,0,241,blue,0,0,0
89,,9811290,1,20260924,,,,,,,,,,,,,,,3,33.331844031492885,129.928169,,,1,0,0,0,0,0,0,0,0,0,241,blue,0,0,0
89,,9811300,1,20260924,608,62,0,,,,,505,27,0,,,,,3,33.268208031400235,129.88248900000002,,,1,0,0,0,0,0,0,0,0,0,241,blue,670,532,1202
89,,9811310,1,20260924,,,,,,,,,,,,,,,3,33.24091903136041,129.850727,,,1,0,0,0,0,0,0,0,0,0,241,blue,0,0,0
89,,9811320,1,20260924,2768,389,0,,,,,2756,395,0,,,,,3,33.45989003167844,130.040128,,,0,0,0,0,0,0,0,0,0,0,241,blue,3157,3151,6308
89,,9811330,1,20260924,477,82,0,,,,,372,76,0,,,,,3,33.38450403156936,129.984455,,,1,0,0,0,0,0,0,0,0,0,241,blue,559,448,1007
89,,9811340,1,20260924,,,,,,,,,,,,,,,6,33.31161503146347,130.070351,,,1,,,,,,,,,,241,blue,0,0,0
89,,9811350,1,20260924,,,,,,,,,,,,,,,3,33.304966031453795,130.076971,,,1,,,,,,,,,,241,blue,0,0,0
89,,9811360,1,20260924,6091,1067,0,,,,,6395,974,0,,,,,3,33.29002103143203,130.168151,,,0,0,0,0,0,0,0,0,0,0,241,blue,7158,7369,14527
89,,9811370,1,20260924,2867,372,0,,,,,3215,321,0,,,,,3,33.327444031486486,130.034833,,,0,0,0,0,0,0,0,0,0,0,241,blue,3239,3536,6775
89,,9811380,1,20260924,45,5,0,,,,,73,16,0,,,,,3,33.29362203143727,130.116435,,,1,0,0,0,0,0,0,0,0,0,241,blue,50,89,139
89,,9811390,1,20260924,,,,,,,,,,,,,,,3,33.03691103106103,129.918279,,,1,,,,,,,,,,241,blue,0,0,0
89,,9811400,1,20260924,2974,588,0,,,,,3040,534,0,,,,,3,32.90829103087079,130.661481,,,0,0,0,0,0,0,0,0,0,0,241,blue,3562,3574,7136
89,,9811410,1,20260924,5435,240,0,,,,,4978,173,0,,,,,3,33.01722203103198,130.439722,,,0,0,0,0,0,0,0,0,1,0,241,blue,5675,5151,10826
89,,9811420,1,20260924,6782,577,0,,,,,6881,532,0,,,,,3,33.05710503109079,130.465234,,,0,0,0,0,0,0,0,0,1,0,241,blue,7359,7413,14772
89,,9811450,1,20260924,,,,,,,,,,,,,,,3,33.01280003102545,130.425184,,,1,0,0,0,0,0,0,0,0,0,241,blue,0,0,0
89,,9811460,1,20260924,7727,1078,0,,,,,7547,1577,0,,,,,3,33.140861031213944,130.422417,,,0,0,0,0,0,0,0,0,0,0,241,blue,8805,9124,17929
89,,9811461,1,20260924,5253,1014,0,,,,,6115,1252,0,,,,,3,33.184560031278004,130.387933,,,0,0,0,0,0,0,0,0,0,0,241,blue,6267,7367,13634
89,,9811470,1,20260924,7158,1210,0,,,,,6661,1351,0,,,,,3,33.0462530310748,130.431406,,,0,0,0,0,0,0,0,0,1,0,241,blue,8368,8012,16380
89,,9811480,1,20260924,6384,1244,0,,,,,5391,1174,0,,,,,3,33.055717031088754,130.4292,,,0,0,0,0,0,0,0,0,1,0,241,blue,7628,6565,14193
89,,9811490,1,20260924,,,,,,,,,,,,,,,3,33.069783031109466,130.42405,,,1,0,0,0,0,0,0,0,1,0,241,blue,0,0,0
89,,9811500,1,20260924,7551,1437,0,,,,,6853,1421,0,,,,,3,33.077520031120855,130.428242,,,0,0,0,0,0,0,0,0,0,0,241,blue,8988,8274,17262
89,,9811510,1,20260924,7240,1195,0,,,,,7530,1544,0,,,,,3,33.08238303112801,130.433017,,,0,0,0,0,0,0,0,0,0,0,241,blue,8435,9074,17509
89,,9811520,1,20260924,5757,892,0,,,,,5817,872,0,,,,,3,33.11826103118075,130.430375,,,0,0,0,0,0,0,0,0,0,0,241,blue,6649,6689,13338
89,,9811540,1,20260924,5521,819,0,,,,,5641,582,0,,,,,3,33.15753403123839,130.478771,,,0,0,0,0,0,0,0,0,0,0,241,blue,6340,6223,12563
89,,9811550,1,20260924,5934,916,0,,,,,6304,1035,0,,,,,3,33.22942603134362,130.505954,,,0,0,0,0,0,0,0,0,0,0,241,blue,6850,7339,14189
89,,9811560,1,20260924,7568,1221,0,,,,,6756,1092,0,,,,,3,33.23505203135184,130.507151,,,0,0,0,0,0,0,0,0,0,0,241,blue,8789,7848,16637
89,,9811570,1,20260924,6230,1027,0,,,,,6623,1231,0,,,,,3,33.24799503137074,130.509483,,,0,0,0,0,0,0,0,0,0,0,241,blue,7257,7854,15111
89,,9811580,1,20260924,6435,1015,0,,,,,6225,982,0,,,,,3,33.25651503138319,130.509461,,,0,0,0,0,0,0,0,0,0,0,241,blue,7450,7207,14657
89,,9811590,1,20260924,68,9,0,,,,,3224,673,0,,,,,3,33.31995703147561,130.594037,,,0,0,0,0,0,0,0,0,0,0,241,blue,77,3897,3974
89,,9811600,1,20260924,3436,655,0,,,,,3985,647,0,,,,,3,33.345255031512394,130.730893,,,0,0,0,0,0,0,0,0,0,0,241,blue,4091,4632,8723
89,,9811610,1,20260924,3841,516,0,,,,,4334,568,0,,,,,3,33.3437500315102,130.752694,,,0,0,0,0,0,0,0,0,0,0,241,blue,4357,4902,9259
89,,9811620,1,20260924,2551,350,0,,,,,2555,505,0,,,,,3,33.33338803149515,130.801953,,,0,0,0,0,0,0,0,0,0,0,241,blue,2901,3060,5961
89,,9811650,1,20260924,3819,615,0,,,,,3830,687,0,,,,,3,33.331960031493075,130.852326,,,0,0,0,0,0,0,0,0,0,0,241,blue,4434,4517,8951
89,,9811660,1,20260924,1794,200,0,,,,,1926,418,0,,,,,3,33.307732031457824,130.915379,,,0,0,0,0,0,1,1,0,0,0,241,blue,1994,2344,4338
89,,9811670,1,20260924,3561,897,0,,,,,3366,627,0,,,,,3,33.29883403144486,130.938844,,,0,0,0,0,0,0,0,0,0,0,241,blue,4458,3993,8451
89,,9811680,1,20260924,,,,,,,,,,,,,,,3,33.29818903144393,130.952388,,,1,0,0,0,0,0,0,0,0,0,241,blue,0,0,0
89,,9811690,1,20260924,3278,670,0,,,,,3422,524,0,,,,,3,33.29921203144541,130.96937,,,0,0,0,0,0,0,0,0,0,0,241,blue,3948,3946,7894
89,,9811700,1,20260924,,,,,,,,,,,,,,,3,33.261645031390664,131.01058,,,1,0,0,0,0,0,0,0,0,0,241,blue,0,0,0
89,,9811710,1,20260924,3186,1038,0,,,,,3420,694,0,,,,,3,33.28000003141744,131.128611,,,0,0,0,0,0,0,0,0,0,0,241,blue,4224,4114,8338
89,,9811720,1,20260924,2100,825,0,,,,,1897,471,0,,,,,3,33.237877031355964,131.175263,,,0,0,0,0,0,0,0,0,0,0,241,blue,2925,2368,5293
89,,9811730,1,20260924,1522,564,0,,,,,1377,359,0,,,,,3,33.2405000313598,131.224187,,,0,0,0,0,0,1,1,0,0,0,241,blue,2086,1736,3822
89,,9811740,1,20260924,1466,623,0,,,,,1700,630,0,,,,,3,33.25496403138093,131.328533,,,0,0,0,0,0,0,0,0,0,0,241,blue,2089,2330,4419
89,,9811750,1,20260924,1765,1380,0,,,,,2583,829,0,,,,,3,33.23715803135492,131.323213,,,0,0,0,0,0,0,0,0,0,0,241,blue,3145,3412,6557
89,,9811760,1,20260924,1104,406,0,,,,,7360,1084,0,,,,,3,33.18331803127619,131.452171,,,0,0,0,0,0,0,0,0,0,0,241,blue,1510,8444,9954
89,,9811770,1,20260924,,,,,,,,,,,,,,,3,31.760789029127036,131.4707,,,1,0,0,0,0,0,0,0,0,0,241,blue,0,0,0
89,,9811780,1,20260924,,,,,,,,,,,,,,,3,31.559046028812634,131.38327000000004,,,1,0,0,0,0,2,2,2,0,0,241,blue,0,0,0
89,,9811790,1,20260924,,,,,,,,,,,,,,,3,31.547715028794922,131.378628,,,1,0,0,0,0,1,1,0,0,0,241,blue,0,0,0
89,,9811800,1,20260924,,,,,,,,,,,,,,,3,31.546675028793285,131.361225,,,1,0,0,0,0,2,2,0,0,0,241,blue,0,0,0
89,,9811810,1,20260924,,,,,,,,,,,,,,,3,31.45214102864519,131.212192,,,1,0,0,0,0,0,0,0,0,0,241,blue,0,0,0
89,,9811820,1,20260924,,,,,,,,,,,,,,,3,31.46555602866623,131.154444,,,1,0,0,0,0,0,0,0,0,0,241,blue,0,0,0
89,,9811830,1,20260924,943,369,0,,,,,1101,244,0,,,,,3,31.447659028638157,131.051761,,,0,0,0,0,0,0,0,0,0,0,241,blue,1312,1345,2657
89,,9811840,1,20260924,,,,,,,,,,,,,,,3,31.388108028544615,130.811533,,,1,0,0,0,0,0,0,0,0,0,241,blue,0,0,0
89,,9811850,1,20260924,,,,,,,,,,,,,,,3,31.41813502859181,130.764377,,,1,0,0,0,0,0,0,0,0,0,241,blue,0,0,0
89,,9811860,1,20260924,877,254,0,,,,,931,270,0,,,,,3,31.542976028787507,130.706877,,,0,0,0,0,0,0,0,0,0,0,241,blue,1131,1201,2332
89,,9811870,1,20260924,,,,,,,,,,,,,,,3,31.557778028810663,130.718333,,,1,0,0,0,0,0,0,0,0,0,241,blue,0,0,0
89,,9811880,1,20260924,6,3,0,,,,,19,5,0,,,,,3,31.647658028950993,130.819552,,,1,0,0,0,0,0,0,0,0,0,241,blue,9,24,33
89,,9811900,1,20260924,,,,,,,,,,,,,,,3,31.27982902837409,130.291795,,,1,0,0,0,0,0,0,0,0,0,241,blue,0,0,0
89,,9811910,1,20260924,,,,,,,,,,,,,,,3,31.2913800283923,130.293564,,,1,0,0,0,0,0,0,0,0,0,241,blue,0,0,0
89,,9811920,1,20260924,1445,173,0,,,,,1361,112,0,,,,,3,31.327343028448986,130.334728,,,0,0,0,0,0,0,0,0,0,0,241,blue,1618,1473,3091
89,,9811930,1,20260924,4816,399,0,,,,,4429,273,0,,,,,3,31.494637028711818,130.506308,,,0,0,0,0,0,0,0,0,0,0,241,blue,5215,4702,9917
89,,9811940,1,20260924,,,,,,,,,,,,,,,3,31.527877028763886,130.521631,,,1,0,0,0,0,0,0,0,0,0,241,blue,0,0,0
89,,9811950,1,20260924,3992,356,0,,,,,3805,515,0,,,,,3,31.289730028389716,130.60717200000002,,,0,0,0,0,0,0,0,0,0,0,241,blue,4348,4320,8668
89,,9811960,1,20260924,4223,415,0,,,,,4310,542,0,,,,,3,31.323917028443603,130.564308,,,0,0,0,0,0,0,0,0,0,0,241,blue,4638,4852,9490
89,,9811970,1,20260924,,,,,,,,,,,,,,,3,31.466390028667544,130.513245,,,1,0,0,0,0,0,0,0,0,0,241,blue,0,0,0
89,,9811980,1,20260924,,,,,,,,,,,,,,,3,33.34976603151893,129.764492,,,1,,,,,,,,,,241,blue,0,0,0
89,,9812010,1,20260924,,,,,,,,,,,,,,,3,33.13956403121204,129.784069,,,1,,,,,,,,,,241,blue,0,0,0
89,,9812020,1,20260924,,,,,,,,,,,,,,,3,33.28640603142677,130.150153,,,1,,,,,,,,,,241,blue,0,0,0
89,,9812030,1,20260924,4918,1119,0,,,,,4595,990,0,,,,,3,33.0852950311323,131.637799,,,0,0,0,0,0,0,0,0,0,0,241,blue,6037,5585,11622
89,,9812040,1,20260924,1843,394,0,,,,,1437,246,0,,,,,3,32.56861103036308,131.553056,,,1,0,0,0,0,0,0,0,0,0,241,blue,2237,1683,3920
89,,9812050,1,20260924,,,,,,,,,,,,,,,3,33.55027803180869,130.478333,,,1,,,,,,,,,,241,blue,0,0,0
89,,9812060,1,20260924,,,,,,,,,,,,,,,3,32.92625003089743,131.00539,,,1,,,,,,,,,,241,blue,0,0,0
89,,9812070,1,20260924,3730,821,0,,,,,4376,826,0,,,,,3,32.90000003085849,130.933611,,,0,0,0,0,0,0,0,0,0,0,241,blue,4551,5202,9753
89,,9812080,1,20260924,5490,719,0,,,,,5708,573,0,,,,,3,33.27595303141153,130.319462,,,0,0,0,0,0,0,0,0,0,0,241,blue,6209,6281,12490
89,,9812090,1,20260924,,,,,,,,,,,,,,,3,33.59653803187511,130.611685,,,1,,,,,,,,,,241,blue,0,0,0
89,,9812100,1,20260924,7794,1614,0,,,,,6519,1393,0,,,,,3,33.05235003108379,130.430417,,,0,0,0,0,0,0,0,0,0,0,241,blue,9408,7912,17320
89,,9812110,1,20260924,12001,2328,0,,,,,10282,1923,0,,,,,3,33.15888903124039,129.761111,,,0,0,0,0,0,0,0,0,0,0,241,blue,14329,12205,26534
89,,9812120,1,20260924,9076,1137,0,,,,,9268,1251,0,,,,,3,31.737096029090242,130.677414,,,0,0,0,0,0,0,0,0,0,0,241,blue,10213,10519,20732
89,,9812130,1,20260924,5692,1032,0,,,,,7193,891,0,,,,,3,33.32114903147733,130.391671,,,0,0,0,0,0,0,0,0,0,0,241,blue,6724,8084,14808
89,,9812140,1,20260924,452,60,0,,,,,449,93,0,,,,,3,32.733917030611096,130.31245,,,0,0,0,0,0,0,0,0,0,0,241,blue,512,542,1054
89,,9812150,1,20260924,1448,202,0,,,,,1588,278,0,,,,,3,33.06265303109897,129.960344,,,0,0,0,0,0,0,0,0,0,0,241,blue,1650,1866,3516
90,,10810020,1,20260924,3454,300,0,,,,,6249,552,0,,,,,3,26.424849820394154,127.81697970000002,,,0,0,0,0,0,0,0,0,0,0,241,blue,3754,6801,10555
90,,10810030,1,20260924,2292,29,0,,,,,8850,720,0,,,,,3,26.20527802002984,127.672778,,,0,0,0,0,0,0,0,0,0,0,241,blue,2321,9570,11891
90,,10810040,1,20260924,6023,468,0,,,,,4145,497,0,,,,,3,26.206111020031226,127.665833,,,0,0,0,0,0,1,1,0,0,0,241,blue,6491,4642,11133
90,,10810050,1,20260924,2549,234,0,,,,,3043,337,0,,,,,3,26.69152402083745,128.108879,,,0,,,,,,,,,,241,blue,2783,3380,6163
90,,10810060,1,20260924,0,0,0,,,,,0,0,0,,,,,3,26.634931020743306,128.037283,,,0,,,,,,,,,,241,blue,0,0,0
90,,10810070,1,20260924,0,0,0,,,,,0,0,0,,,,,3,26.60195202068847,127.99972500000001,,,1,,,,,,,,,,241,blue,0,0,0
90,,10810080,1,20260924,4577,803,0,,,,,4765,369,0,,,,,3,26.583164020657225,127.99781300000001,,,0,,,,,,,,,,241,blue,5380,5134,10514
90,,10810090,1,20260924,19,2,0,,,,,15,3,0,,,,,3,26.573059020640425,127.989432,,,0,,,,,,,,,,241,blue,21,18,39
90,,10810100,1,20260924,0,0,0,,,,,0,0,0,,,,,3,26.558695020616547,127.976575,,,0,,,,,,,,,,241,blue,0,0,0
90,,10810110,1,20260924,0,0,0,,,,,0,0,0,,,,,3,26.547043020597176,127.96594700000001,,,0,,,,,,,,,,241,blue,0,0,0
90,,10810120,1,20260924,17474,3250,0,,,,,9759,1345,0,,,,,3,26.545420020594484,127.96513700000001,,,0,,,,,,,,,,241,blue,20724,11104,31828
90,,10810130,1,20260924,7768,664,0,,,,,6242,613,0,,,,,3,26.541292020587623,127.95978,,,0,,,,,,,,,,241,blue,8432,6855,15287
90,,10810140,1,20260924,7961,527,0,,,,,7927,562,0,,,,,3,26.536514020579673,127.935453,,,0,,,,,,,,,,241,blue,8488,8489,16977
90,,10810150,1,20260924,0,0,0,,,,,0,0,0,,,,,3,26.51382402054197,127.901775,,,0,,,,,,,,,,241,blue,0,0,0
90,,10810160,1,20260924,6652,102,0,,,,,7247,365,0,,,,,3,26.503684020525117,127.87991000000001,,,0,,,,,,,,,,241,blue,6754,7612,14366
90,,10810170,1,20260924,0,0,0,,,,,0,0,0,,,,,3,26.49844302051641,127.86208000000002,,,0,,,,,,,,,,241,blue,0,0,0
90,,10810180,1,20260924,0,0,0,,,,,0,0,0,,,,,3,26.48233402048965,127.85135699999998,,,0,,,,,,,,,,241,blue,0,0,0
90,,10810190,1,20260924,0,0,0,,,,,0,0,0,,,,,3,26.44345902042506,127.805583,,,0,,,,,,,,,,241,blue,0,0,0
90,,10810200,1,20260924,,,,,,,,,,,,,,,3,26.338860020251406,127.7508,,,1,,,,,,,,,,241,blue,0,0,0
90,,10810220,1,20260924,0,0,0,,,,,0,0,0,,,,,3,26.26837002013446,127.73051999999998,,,0,,,,,,,,,,241,blue,0,0,0
90,,10810230,1,20260924,13341,2611,0,,,,,15685,2604,0,,,,,3,26.266310020131048,127.72327,,,0,,,,,,,,,,241,blue,15952,18289,34241
90,,10810240,1,20260924,0,0,0,,,,,0,0,0,,,,,3,26.269040020135566,127.72616000000001,,,0,,,,,,,,,,241,blue,0,0,0
90,,10810260,1,20260924,11817,160,0,,,,,8527,971,0,,,,,3,26.273440020142868,127.71261000000001,,,0,,,,,,,,,,241,blue,11977,9498,21475
90,,10810270,1,20260924,0,0,0,,,,,0,0,0,,,,,3,26.451180020437896,127.89631,,,0,,,,,,,,,,241,blue,0,0,0
90,,10810280,1,20260924,3365,54,0,,,,,8167,10,0,,,,,3,26.4491400204345,127.849893,,,0,,,,,,,,,,241,blue,3419,8177,11596
90,,10810290,1,20260924,2922,132,0,,,,,3261,137,0,,,,,3,26.448972020434223,127.90855300000001,,,0,,,,,,,,,,241,blue,3054,3398,6452
90,,10810300,1,20260924,8269,676,0,,,,,5981,671,0,,,,,3,26.30711002019872,127.81338,,,0,,,,,,,,,,241,blue,8945,6652,15597
90,,10810310,1,20260924,0,0,0,,,,,0,0,0,,,,,3,26.287560020166286,127.81449,,,0,,,,,,,,,,241,blue,0,0,0
90,,10810320,1,20260924,,,,,,,,,,,,,,,3,26.22351002006007,127.76571,,,1,,,,,,,,,,241,blue,0,0,0
90,,10810330,1,20260924,,,,,,,,,,,,,,,3,26.200760020022358,127.75174999999999,,,1,,,,,,,,,,241,blue,0,0,0
90,,10810340,1,20260924,13239,370,0,,,,,11623,865,0,,,,,3,26.25841002011794,127.75767000000002,,,0,,,,,,,,,,241,blue,13609,12488,26097
90,,10810350,1,20260924,0,0,0,,,,,0,0,0,,,,,3,26.24962002010336,127.74765,,,0,,,,,,,,,,241,blue,0,0,0
90,,10810360,1,20260924,24474,2894,0,,,,,27266,1079,0,,,,,3,26.25443002011134,127.73508000000001,,,0,,,,,,,,,,241,blue,27368,28345,55713
90,,10810370,1,20260924,26339,1010,0,,,,,25893,411,0,,,,,3,26.25456002011155,127.72416000000001,,,0,,,,,,,,,,241,blue,27349,26304,53653
90,,10810380,1,20260924,15454,1381,0,,,,,16167,1846,0,,,,,3,26.169530019970612,127.65168,,,0,,,,,,,,,,241,blue,16835,18013,34848
90,,10810390,1,20260924,0,0,0,,,,,0,0,0,,,,,3,26.154010019944888,127.65812,,,0,,,,,,,,,,241,blue,0,0,0
90,,10810400,1,20260924,0,0,0,,,,,0,0,0,,,,,3,26.130710019906292,127.66514,,,0,,,,,,,,,,241,blue,0,0,0
90,,10810410,1,20260924,0,0,0,,,,,0,0,0,,,,,3,26.11574001988149,127.66860000000001,,,0,,,,,,,,,,241,blue,0,0,0
90,,10810420,1,20260924,0,0,0,,,,,0,0,0,,,,,3,26.09400001984549,127.71590000000002,,,0,,,,,,,,,,241,blue,0,0,0
90,,10810430,1,20260924,0,0,0,,,,,0,0,0,,,,,3,26.128730019903006,127.75918999999999,,,0,,,,,,,,,,241,blue,0,0,0
90,,10810440,1,20260924,0,0,0,,,,,0,0,0,,,,,3,26.140140019921905,127.77529,,,0,,,,,,,,,,241,blue,0,0,0
90,,10810450,1,20260924,0,0,0,,,,,0,0,0,,,,,3,26.170060019971476,127.8265,,,0,,,,,,,,,,241,blue,0,0,0
90,,10810460,1,20260924,0,0,0,,,,,0,0,0,,,,,3,26.20426002002816,127.652556,,,0,,,,,,,,,,241,blue,0,0,0
90,,10810470,1,20260924,0,0,0,,,,,0,0,0,,,,,3,26.209250020036425,127.73744999999998,,,0,,,,,,,,,,241,blue,0,0,0
90,,10810480,1,20260924,0,0,0,,,,,0,0,0,,,,,3,26.18171001999079,127.73158000000001,,,0,,,,,,,,,,241,blue,0,0,0
90,,10810490,1,20260924,0,0,0,,,,,0,0,0,,,,,3,26.17543001998038,127.70638000000001,,,0,,,,,,,,,,241,blue,0,0,0
90,,10810510,1,20260924,0,0,0,,,,,0,0,0,,,,,3,26.17208001997483,127.69662,,,0,,,,,,,,,,241,blue,0,0,0
90,,10810520,1,20260924,0,0,0,,,,,0,0,0,,,,,3,26.17121001997338,127.67963999999999,,,1,,,,,,,,,,241,blue,0,0,0
83,,3110570,1,20260924,2760,275,0,0,0,0,0,3020,614,0,0,0,0,0,3,35.39117538431567,138.86336800000004,,,,,,,,,,,,,240,red,3035,3634,6669
82,,2110130,1,20260924,0,0,2763,0,0,165,0,0,0,2659,0,0,165,0,3,40.65608164949267,141.19309457,,,,,,,,,,,,,165,red,2763,2659,5422
87,,7110110,1,20260925,1,2,0,0,0,0,0,4,1,0,0,0,0,0,3,35.523803034484544,134.222875,,,,,,,,,,,,,1,red,3,5,8
87,,7110120,1,20260925,,,,0,0,0,1,,,,0,0,0,1,3,35.52073503448066,133.602321,,,,,,,,,,,,,1,red,0,0,0
87,,7110130,1,20260925,9,5,0,0,0,0,0,10,10,0,0,0,0,0,3,35.41880503435098,133.370183,,,,,,,,,,,,,1,red,14,20,34
87,,7310050,1,20260925,1,0,0,0,0,0,0,2,0,0,0,0,0,0,3,35.52642103448786,134.014803,,,,,,,,,,,,,1,red,1,2,3
87,,7310060,1,20260925,2,0,0,0,0,0,0,1,0,0,0,0,0,0,3,35.50599803446197,133.88375,,,,,,,,,,,,,1,red,2,1,3
87,,7310070,1,20260925,2,1,0,0,0,0,0,1,1,0,0,0,0,0,3,35.51442503447265,134.020507,,,,,,,,,,,,,1,red,3,2,5
87,,7310080,1,20260925,0,0,0,0,0,0,0,4,1,0,0,0,0,0,3,35.50773503446417,133.951629,,,,,,,,,,,,,1,red,0,5,5
87,,7310090,1,20260925,2,0,0,0,0,0,0,6,4,0,0,0,0,0,3,35.49831203445221,133.906984,,,,,,,,,,,,,1,red,2,10,12
87,,7310100,1,20260925,4,0,0,0,0,0,0,3,0,0,0,0,0,0,3,35.508808034465545,133.493736,,,,,,,,,,,,,1,red,4,3,7
87,,7310130,1,20260925,1,0,0,0,0,0,0,4,0,0,0,0,0,0,3,35.419582034351976,134.259336,,,,,,,,,,,,,1,red,1,4,5
87,,7310140,1,20260925,1,0,0,0,0,0,0,0,0,0,0,0,0,0,3,35.28755503418254,134.228921,,,,,,,,,,,,,1,red,1,0,1
87,,7310190,1,20260925,0,2,0,0,0,0,0,1,3,0,0,0,0,0,3,35.48752003443851,134.19798,,,,,,,,,,,,,1,red,2,4,6
87,,7310200,1,20260925,7,1,0,0,0,0,0,4,1,0,0,0,0,0,3,35.56082603453137,134.284636,,,,,,,,,,,,,1,red,8,5,13
87,,7310210,1,20260925,2,3,0,0,0,0,0,2,5,0,0,0,0,0,3,35.50841503446504,133.518074,,,,,,,,,,,,,1,red,5,7,12
87,,7310220,1,20260925,4,0,0,0,0,0,0,3,2,0,0,0,0,0,3,35.527027804488625,134.13269444,,,,,,,,,,,,,1,red,4,5,9
87,,7310240,1,20260925,3,0,0,0,0,0,0,1,0,0,0,0,0,0,3,35.397000034323106,134.20377777,,,,,,,,,,,,,1,red,3,1,4
87,,7310610,1,20260925,2,2,0,0,0,0,0,2,4,0,0,0,0,0,3,35.49457003444746,134.1603,,,,,,,,,,,,,1,red,4,6,10
87,,7310620,1,20260925,3,0,0,0,0,0,0,4,2,0,0,0,0,0,3,35.50153003445631,134.0804,,,,,,,,,,,,,1,red,3,6,9
87,,7310630,1,20260925,2,2,0,0,0,0,0,6,4,0,0,0,0,0,3,35.49990003445423,134.0626,,,,,,,,,,,,,1,red,4,10,14
87,,7310640,1,20260925,3,5,0,0,0,0,0,2,3,0,0,0,0,0,3,35.50860003446527,134.0108,,,,,,,,,,,,,1,red,8,5,13
87,,7360010,1,20260925,3,1,0,0,0,0,0,2,2,0,0,0,0,0,1,35.032454033850506,134.387568,,,,,,,,,,,,,1,red,4,4,8
87,,7360020,1,20260925,0,0,0,0,0,0,0,2,3,0,0,0,0,0,1,35.07606803390771,134.346092,,,,,,,,,,,,,1,red,0,5,5
87,,7360030,1,20260925,0,0,0,0,0,0,0,1,5,0,0,0,0,0,3,35.238191034118756,134.286932,,,,,,,,,,,,,1,red,0,6,6
87,,7360040,1,20260925,1,5,0,0,0,0,0,0,0,0,0,0,0,0,3,35.284722034178905,134.227547,,,,,,,,,,,,,1,red,6,0,6
87,,7360050,1,20260925,0,0,0,0,0,0,0,5,8,0,0,0,0,0,1,35.285344034179694,134.222766,,,,,,,,,,,,,1,red,0,13,13
87,,7360060,1,20260925,2,1,0,0,0,0,0,0,0,0,0,0,0,0,1,35.35362703426754,134.194581,,,,,,,,,,,,,1,red,3,0,3
87,,7360070,1,20260925,0,0,0,0,0,0,0,3,6,0,0,0,0,0,1,35.37911003430021,134.204798,,,,,,,,,,,,,1,red,0,9,9
87,,7360080,1,20260925,0,0,0,0,0,0,0,0,0,0,0,0,0,0,1,35.39104203431548,134.20339,,,,,,,,,,,,,1,red,0,0,0
87,,7360090,1,20260925,0,0,0,0,0,0,0,4,0,0,0,0,0,0,1,35.40772703433684,134.206955,,,,,,,,,,,,,1,red,0,4,4
87,,7360100,1,20260925,2,3,0,0,0,0,0,3,6,0,0,0,0,0,1,35.45862225662396,134.193141666666,,,,,,,,,,,,,1,red,5,9,14
87,,7360110,1,20260925,1,2,0,0,0,0,0,3,4,0,0,0,0,0,1,35.113784033957025,134.331458,,,,,,,,,,,,,1,red,3,7,10
