地方整備局等番号,開発建設部／都道府県コード,常時観測点コード,収集時間フラグ（5分間／1時間）,観測年月日,上り・小型交通量,上り・大型交通量,上り・車種判別不能交通量,上り・停電,上り・ループ異常,上り・超音波異常,上り・欠測,下り・小型交通量,下り・大型交通量,下り・車種判別不能交通量,下り・停電,下り・ループ異常,下り・超音波異常,下り・欠測,道路種別,lat,lng,lng2,lat2,カメラプリセット位置,気象影響による映像不良,照度不足,突発事象（交通事故等）,サーバの稼働,カメラの映像受信,映像のデコード処理,デコード映像から映像解析機能への取込加工処理の失敗,映像解析機能のフリーズ,その他エラー,count,color,上り・交通量,下り・交通量,交通量
81,02,1110010,1,20260830,9587,1305,0,0,0,0,0,8069,1358,0,0,0,0,0,3,41.93108757020422,140.6421045,,,,,,,,,,,,,228,red,10892,9427,20319
81,02,1110020,1,20260830,3695,441,0,0,0,0,0,3615,407,0,0,0,0,0,3,42.1540981903046,140.4840606,,,,,,,,,,,,,228,red,4136,4022,8158
81,03,1110030,1,20260830,898,95,0,0,0,0,0,815,77,0,0,0,0,0,3,42.672714040509845,140.377502,,,,,,,,,,,,,228,red,993,892,1885
81,03,1110050,1,20260830,4706,392,0,0,0,0,0,4289,384,0,0,0,0,0,3,43.121255040655214,140.735792,,,,,,,,,,,,,228,red,5098,4673,9771
81,03,1110060,1,20260830,5621,271,0,0,0,0,0,6289,382,0,0,0,0,0,3,43.19868804067728,140.862496,,,,,,,,,,,,,228,red,5892,6671,12563
81,03,1110080,1,20260830,10975,451,0,0,0,0,0,12381,531,0,0,0,0,0,3,43.153022040664396,141.118728,,,,,,,,,,,,,228,red,11426,12912,24338
81,01,1110090,1,20260830,13613,342,0,0,0,0,0,9005,317,0,0,0,0,0,3,43.08364407064419,141.3496424,,,,,,,,,,,,,228,red,13955,9322,23277
81,02,1110100,1,20260830,9792,654,0,0,0,0,0,9045,536,0,0,0,0,0,3,41.855509180168546,140.7378302,,,,,,,,,,,,,228,red,10446,9581,20027
81,02,1110110,1,20260830,6941,443,6,0,0,0,4,5621,585,14,0,0,0,4,3,41.91094404019478,140.69325,,,,,,,,,,,,,228,red,7390,6220,13610
81,03,1110120,1,20260830,359,13,4,0,0,0,0,411,15,3,0,0,0,0,3,42.65674504050413,140.412444,,,,,,,,,,,,,228,red,376,429,805
81,01,1110130,1,20260830,8284,267,0,0,0,0,0,8498,297,0,0,0,0,0,3,43.18473404067338,141.721783,,,,,,,,,,,,,228,red,8551,8795,17346
81,01,1110140,1,20260830,4430,308,0,0,0,0,0,4362,328,0,0,0,0,0,3,43.351557040718205,141.866096,,,,,,,,,,,,,228,red,4738,4690,9428
81,04,1110150,1,20260830,7523,730,0,0,0,0,0,8043,738,0,0,0,0,0,3,43.72678204080376,142.211538,,,,,,,,,,,,,228,red,8253,8781,17034
81,04,1110160,1,20260830,5556,319,1976,0,0,0,0,8947,597,263,0,0,0,0,3,43.798283040817644,142.333692,,,,,,,,,,,,,228,red,7851,9807,17658
81,01,1110170,1,20260830,0,0,0,0,0,228,0,0,0,0,0,0,228,0,3,42.95409804060455,141.495931,,,,,,,,,,,,,228,red,0,0,0
81,05,1110180,1,20260830,9520,577,0,0,0,0,0,8725,549,0,0,0,0,0,3,42.619514790490626,141.5539538,,,,,,,,,,,,,228,red,10097,9274,19371
81,05,1110190,1,20260830,7195,276,62,0,0,0,0,8128,342,30,0,0,0,0,3,42.38500765040089,141.0774629,,,,,,,,,,,,,228,red,7533,8500,16033
81,05,1110200,1,20260830,0,0,0,0,0,228,0,1939,305,0,0,0,0,0,3,42.60033645048358,140.6268309,,,,,,,,,,,,,228,red,0,2244,2244
81,01,1110220,1,20260830,2557,167,0,0,0,0,0,2429,167,0,0,0,0,0,3,43.53094035076174,142.1739006,,,,,,,,,,,,,228,red,2724,2596,5320
81,04,1110230,1,20260830,2651,170,0,0,0,0,0,2964,158,0,0,0,0,0,3,43.34513804071655,142.377435,,,,,,,,,,,,,228,red,2821,3122,5943
81,04,1110240,1,20260830,0,0,1470,0,0,228,0,0,0,1618,0,0,228,0,3,43.16138604066678,142.575567,,,,,,,,,,,,,228,red,1470,1618,3088
81,07,1110250,1,20260830,2592,301,0,0,0,0,0,2805,264,0,0,0,0,0,3,42.96760298060881,142.8955221,,,,,,,,,,,,,228,red,2893,3069,5962
81,07,1110260,1,20260830,4215,114,79,0,0,0,0,4270,155,44,0,0,0,0,3,42.91673291059265,143.2700872,,,,,,,,,,,,,228,red,4408,4469,8877
81,07,1110270,1,20260830,874,102,29,0,0,29,1,1012,157,0,0,0,0,1,3,42.832729040565155,143.765979,,,,,,,,,,,,,228,red,1005,1169,2174
81,06,1110280,1,20260830,3104,218,0,0,0,0,0,3146,300,0,0,0,0,0,3,43.002010860619514,144.2464972,,,,,,,,,,,,,228,red,3322,3446,6768
81,06,1110281,1,20260830,4344,307,0,0,0,0,0,5478,351,0,0,0,0,0,3,43.03483108062955,144.3754256,,,,,,,,,,,,,228,red,4651,5829,10480
81,06,1110282,1,20260830,2573,257,0,0,0,0,0,2967,304,0,0,0,0,0,3,43.01628558062389,144.4224501,,,,,,,,,,,,,228,red,2830,3271,6101
81,06,1110283,1,20260830,1610,187,0,0,0,0,0,1859,190,0,0,0,0,0,3,43.00268904061971,144.473627,,,,,,,,,,,,,228,red,1797,2049,3846
81,04,1110290,1,20260830,3970,182,0,0,0,0,0,3697,195,0,0,0,0,0,3,43.818868040821506,142.447347,,,,,,,,,,,,,228,red,4152,3892,8044
81,04,1110300,1,20260830,912,69,7,0,0,0,0,0,0,1031,0,0,228,0,3,43.84894404082702,142.744489,,,,,,,,,,,,,228,red,988,1031,2019
81,04,1110310,1,20260830,1389,116,15,0,0,0,0,0,0,1405,0,0,228,0,3,43.781848040814516,142.90227300000004,,,,,,,,,,,,,228,red,1520,1405,2925
81,08,1110320,1,20260830,771,81,0,0,228,0,0,951,142,0,0,228,0,0,3,43.750539740808456,143.4918536,,,,,,,,,,,,,228,red,852,1093,1945
81,08,1110330,1,20260830,3413,92,48,0,0,0,0,3756,162,0,0,228,0,0,3,43.79818204081763,143.833134,,,,,,,,,,,,,228,red,3553,3918,7471
81,08,1110331,1,20260830,1293,104,0,0,0,0,0,1296,101,0,0,0,0,0,3,43.7822242308146,143.8981667,,,,,,,,,,,,,228,red,1397,1397,2794
81,08,1110332,1,20260830,1094,75,0,0,0,0,0,1053,94,0,0,0,0,0,3,43.80292804081852,143.926029,,,,,,,,,,,,,228,red,1169,1147,2316
81,08,1110340,1,20260830,,,,0,0,0,228,,,,0,0,0,228,3,43.85309704082778,144.102175,,,,,,,,,,,,,228,red,0,0,0
81,08,1110350,1,20260830,2335,128,0,0,0,0,0,1821,69,0,0,0,0,0,3,43.87040004083089,144.150466,,,,,,,,,,,,,228,red,2463,1890,4353
81,04,1110360,1,20260830,4194,273,0,0,0,0,0,4390,294,0,0,0,0,0,3,43.819632040821645,142.40886,,,,,,,,,,,,,228,red,4467,4684,9151
81,04,1110370,1,20260830,2299,138,168,0,0,0,0,2931,157,12,0,0,0,0,3,43.9375450408425,142.46586,,,,,,,,,,,,,228,red,2605,3100,5705
81,04,1110380,1,20260830,276,38,0,0,162,0,66,269,46,0,0,162,0,66,3,44.49438804091256,142.340371,,,,,,,,,,,,,228,red,314,315,629
81,04,1110390,1,20260830,487,96,0,0,0,0,0,630,104,0,0,0,0,0,3,44.82270404093181,142.065768,,,,,,,,,,,,,228,red,583,734,1317
81,04,1110400,1,20260830,1193,102,6,0,0,0,0,1279,104,11,0,0,0,0,3,44.331686040896926,142.446612,,,,,,,,,,,,,228,red,1301,1394,2695
81,04,1110410,1,20260830,1789,114,58,0,0,0,0,2157,142,11,0,0,0,0,3,44.4124520409052,142.40433,,,,,,,,,,,,,228,red,1961,2310,4271
81,04,1110420,1,20260830,1619,201,43,0,167,0,0,,,,0,0,0,228,3,44.436504040907465,142.370834,,,,,,,,,,,,,228,red,1863,0,1863
81,04,1110430,1,20260830,1310,121,29,0,0,0,2,1600,131,10,0,0,0,2,3,44.46719604091022,142.373557,,,,,,,,,,,,,228,red,1460,1741,3201
81,04,1110431,1,20260830,1093,128,0,0,0,0,0,1376,139,0,0,0,0,0,3,44.49400304091251,142.349754,,,,,,,,,,,,,228,red,1221,1515,2736
81,10,1110440,1,20260830,704,83,0,0,228,0,0,977,55,143,0,0,4,0,3,45.01690604093549,141.836757,,,,,,,,,,,,,228,red,787,1175,1962
81,10,1110460,1,20260830,700,54,18,0,0,34,2,1017,59,4,0,0,0,2,3,45.20892604093353,141.770096,,,,,,,,,,,,,228,red,772,1080,1852
81,06,1110470,1,20260830,3002,52,9,0,0,0,0,3011,54,12,0,0,0,0,3,42.99479183061728,144.4493526,,,,,,,,,,,,,228,red,3063,3077,6140
81,06,1110480,1,20260830,1151,88,9,0,0,0,0,1329,71,5,0,0,0,0,3,43.13343702065876,145.0159693,,,,,,,,,,,,,228,red,1248,1405,2653
81,02,1110490,1,20260830,1672,84,0,0,0,0,0,1565,178,0,0,0,0,0,3,41.89734796018839,140.6338191,,,,,,,,,,,,,228,red,1756,1743,3499
81,02,1110500,1,20260830,1084,57,0,0,228,0,0,1203,26,27,0,0,0,0,3,41.480587619979374,140.2558047,,,,,,,,,,,,,228,red,1141,1256,2397
81,02,1110510,1,20260830,4988,182,101,0,0,0,4,5333,135,7,0,0,0,4,3,41.83901009016065,140.7069415,,,,,,,,,,,,,228,red,5271,5475,10746
81,02,1110520,1,20260830,2852,75,0,0,227,0,1,3002,157,0,0,227,0,1,3,41.83229743015742,140.67026760000002,,,,,,,,,,,,,228,red,2927,3159,6086
81,02,1110530,1,20260830,2198,54,17,0,0,0,0,2052,34,35,0,0,0,0,3,41.82065939015182,140.6236414,,,,,,,,,,,,,228,red,2269,2121,4390
81,03,1110540,1,20260830,241,10,0,0,0,0,0,3,2,7,0,0,16,0,3,43.24834804069096,140.33431600000003,,,,,,,,,,,,,228,red,251,12,263
81,03,1110550,1,20260830,0,0,0,0,0,228,0,1318,171,0,0,0,0,0,3,42.96644104060844,140.471476,,,,,,,,,,,,,228,red,0,1489,1489
81,03,1110560,1,20260830,153,18,0,0,0,0,0,141,14,0,0,0,0,0,3,42.69059604051622,139.972281,,,,,,,,,,,,,228,red,171,155,326
81,02,1110570,1,20260830,581,28,0,0,0,0,0,520,28,0,0,0,0,0,3,42.068390450266875,140.0715584,,,,,,,,,,,,,228,red,609,548,1157
81,01,1110600,1,20260830,5269,292,0,0,0,0,0,3837,235,0,0,0,0,0,3,43.1876802706742,141.3248983,,,,,,,,,,,,,228,red,5561,4072,9633
81,01,1110610,1,20260830,1579,87,0,0,0,0,0,0,0,0,0,0,228,0,3,43.377555040724815,141.428392,,,,,,,,,,,,,228,red,1666,0,1666
81,09,1110620,1,20260830,1380,73,0,0,0,0,0,1356,53,0,0,0,0,0,3,43.89116004083455,141.602442,,,,,,,,,,,,,228,red,1453,1409,2862
81,09,1110630,1,20260830,,,,0,0,0,228,,,,0,0,0,228,3,44.71198204092715,141.790418,,,,,,,,,,,,,228,red,0,0,0
81,09,1110640,1,20260830,2733,393,0,0,0,0,0,2364,375,0,0,0,0,0,3,43.99996504085269,141.656227,,,,,,,,,,,,,228,red,3126,2739,5865
81,01,1110650,1,20260830,1034,55,0,0,0,0,0,1076,63,0,0,0,0,0,3,43.76598569081147,141.953873,,,,,,,,,,,,,228,red,1089,1139,2228
81,09,1110660,1,20260830,949,77,0,0,0,0,0,1407,74,0,0,0,0,0,3,43.919969040839526,141.687135,,,,,,,,,,,,,228,red,1026,1481,2507
81,01,1110670,1,20260830,1208,47,4,0,0,0,1,1128,66,237,0,0,0,1,3,43.719328040802246,141.995229,,,,,,,,,,,,,228,red,1259,1431,2690
81,01,1110680,1,20260830,1720,92,49,0,0,0,1,1895,90,1,0,0,0,1,3,43.80247704081843,141.939455,,,,,,,,,,,,,228,red,1861,1986,3847
81,01,1110690,1,20260830,2078,89,6,0,0,0,0,2199,106,4,0,0,0,0,3,43.804048040818735,141.856355,,,,,,,,,,,,,228,red,2173,2309,4482
81,09,1110700,1,20260830,2606,663,0,0,226,70,2,3288,215,1,0,0,0,2,3,43.84518804082634,141.778679,,,,,,,,,,,,,228,red,3269,3504,6773
81,09,1110701,1,20260830,2849,198,0,0,0,0,0,3465,203,0,0,0,0,0,3,43.87822704083228,141.723595,,,,,,,,,,,,,228,red,3047,3668,6715
81,09,1110702,1,20260830,2313,180,0,0,0,0,0,2803,175,0,0,0,0,0,3,43.928072040840895,141.68278,,,,,,,,,,,,,228,red,2493,2978,5471
81,01,1110710,1,20260830,1553,90,0,0,0,228,0,3146,207,0,0,0,0,0,3,43.11269117065273,141.74737440000004,,,,,,,,,,,,,228,red,1643,3353,4996
81,05,1110720,1,20260830,2436,252,31,0,0,0,0,2314,270,19,0,0,0,0,3,42.81091575055783,141.8315435,,,,,,,,,,,,,228,red,2719,2603,5322
81,05,1110730,1,20260830,1959,100,3,0,0,0,0,1804,83,23,0,0,0,0,3,42.57481157047414,141.9503395,,,,,,,,,,,,,228,red,2062,1910,3972
81,05,1110740,1,20260830,2040,194,0,0,0,0,0,2368,133,0,0,0,0,0,3,42.18634909031852,142.7152599,,,,,,,,,,,,,228,red,2234,2501,4735
81,05,1110750,1,20260830,0,0,0,0,0,228,0,1645,0,0,0,0,0,0,3,42.67572651051092,141.724241,,,,,,,,,,,,,228,red,0,1645,1645
81,05,1110760,1,20260830,4731,517,0,0,0,0,0,5215,495,0,0,0,0,0,3,42.65945501050509,141.8200069,,,,,,,,,,,,,228,red,5248,5710,10958
81,05,1110770,1,20260830,4268,445,0,0,0,0,0,4758,393,0,0,0,0,0,3,42.5992918904832,141.8930837,,,,,,,,,,,,,228,red,4713,5151,9864
81,07,1110780,1,20260830,1567,80,6,0,0,0,0,1679,86,3,0,0,0,0,3,42.47939292043798,143.273263,,,,,,,,,,,,,228,red,1653,1768,3421
81,05,1110790,1,20260830,,,,0,0,0,228,,,,0,0,0,228,3,42.23567851033952,142.9927157,,,,,,,,,,,,,228,red,0,0,0
81,07,1110800,1,20260830,1162,169,39,0,0,0,0,1718,172,10,0,0,0,0,3,42.944556830601535,143.1061614,,,,,,,,,,,,,228,red,1370,1900,3270
81,07,1110810,1,20260830,850,199,22,0,0,0,0,815,165,13,0,0,0,0,3,42.8783228205802,143.1246418,,,,,,,,,,,,,228,red,1071,993,2064
81,07,1110820,1,20260830,2750,201,0,0,0,0,0,2689,156,0,0,0,0,0,3,42.772632730544835,143.175416,,,,,,,,,,,,,228,red,2951,2845,5796
81,07,1110830,1,20260830,2385,108,61,0,0,0,0,2455,106,47,0,0,0,0,3,42.722047130527294,143.168571,,,,,,,,,,,,,228,red,2554,2608,5162
81,07,1110831,1,20260830,1863,150,0,0,0,0,0,1883,92,0,0,0,0,0,3,42.67773204051164,143.145688,,,,,,,,,,,,,228,red,2013,1975,3988
81,07,1110832,1,20260830,1643,95,0,0,0,0,0,1661,73,0,0,0,0,0,3,42.637427040497144,143.190237,,,,,,,,,,,,,228,red,1738,1734,3472
81,07,1110833,1,20260830,1254,67,0,0,0,0,0,1281,57,0,0,0,0,0,3,42.550911040465216,143.288527,,,,,,,,,,,,,228,red,1321,1338,2659
81,04,1110840,1,20260830,3967,203,0,0,0,0,0,3663,151,0,0,0,0,0,3,43.67766304079377,142.395871,,,,,,,,,,,,,228,red,4170,3814,7984
81,04,1110850,1,20260830,634,77,0,0,0,0,0,594,67,0,0,0,0,0,3,43.142849040661474,142.416499,,,,,,,,,,,,,228,red,711,661,1372
81,05,1110860,1,20260830,3528,425,0,0,0,0,0,3807,369,0,0,0,0,0,3,42.56014623046868,141.984126,,,,,,,,,,,,,228,red,3953,4176,8129
81,05,1110861,1,20260830,2665,251,0,0,0,0,0,3095,192,0,0,0,0,0,3,42.511718620450374,142.0646378,,,,,,,,,,,,,228,red,2916,3287,6203
81,05,1110862,1,20260830,2432,217,0,0,0,0,0,2805,160,0,0,0,0,0,3,42.476880240437005,142.1551718,,,,,,,,,,,,,228,red,2649,2965,5614
81,08,1110870,1,20260830,1077,169,0,0,228,0,0,1099,114,0,0,228,0,0,3,44.122097850870915,144.0483972,,,,,,,,,,,,,228,red,1246,1213,2459
81,08,1110881,1,20260830,1621,153,0,0,0,0,0,1732,114,0,0,0,0,0,3,44.24722204088725,143.491111,,,,,,,,,,,,,228,red,1774,1846,3620
81,08,1110890,1,20260830,1129,100,0,0,228,0,0,1252,71,0,0,228,0,0,3,44.571011040918506,142.9747586,,,,,,,,,,,,,228,red,1229,1323,2552
81,10,1110900,1,20260830,,,,0,0,0,228,,,,0,0,0,228,3,45.401916040925876,141.74393,,,,,,,,,,,,,228,red,0,0,0
81,04,1110910,1,20260830,1264,75,0,0,0,0,0,0,0,0,0,0,228,0,3,44.33124604089689,142.51453,,,,,,,,,,,,,228,red,1339,0,1339
81,04,1110920,1,20260830,,,,0,0,0,228,,,,0,0,0,228,3,44.17901104087865,142.27833,,,,,,,,,,,,,228,red,0,0,0
81,06,1110930,1,20260830,2018,167,0,0,0,0,0,1766,142,0,0,0,0,0,3,43.094167250647295,144.1218925,,,,,,,,,,,,,228,red,2185,1908,4093
81,08,1110941,1,20260830,1098,137,0,0,228,0,0,1452,194,0,0,228,0,0,3,43.69889304079811,144.026451,,,,,,,,,,,,,228,red,1235,1646,2881
81,07,1110950,1,20260830,2001,197,35,0,0,0,0,1978,155,13,0,0,0,0,3,43.204237410678836,143.2746363,,,,,,,,,,,,,228,red,2233,2146,4379
81,07,1110960,1,20260830,1197,221,0,0,0,0,0,949,156,0,0,0,0,0,3,43.458400040744706,143.740097,,,,,,,,,,,,,228,red,1418,1105,2523
81,07,1110970,1,20260830,1950,266,0,0,0,0,0,1760,213,0,0,0,0,0,3,43.110542040652106,143.580506,,,,,,,,,,,,,228,red,2216,1973,4189
81,06,1110980,1,20260830,1031,73,0,0,0,0,0,1065,75,0,0,0,0,0,3,43.55969036076827,144.3196517,,,,,,,,,,,,,228,red,1104,1140,2244
81,06,1110990,1,20260830,934,48,4,0,0,0,0,1033,88,1,0,0,0,0,3,43.46525075074637,144.6738938,,,,,,,,,,,,,228,red,986,1122,2108
81,06,1111000,1,20260830,917,58,0,0,0,0,0,805,77,0,0,0,0,0,3,43.3767268407246,145.1354671,,,,,,,,,,,,,228,red,975,882,1857
81,08,1111010,1,20260830,3218,159,0,0,228,0,0,2949,156,0,0,228,0,0,3,43.98185858084978,144.2978521,,,,,,,,,,,,,228,red,3377,3105,6482
81,06,1111020,1,20260830,581,11,4,0,0,0,0,602,12,14,0,0,0,0,3,43.58981766077498,145.2084661,,,,,,,,,,,,,228,red,596,628,1224
81,06,1111030,1,20260830,1249,140,0,0,0,0,0,1504,140,0,0,0,0,0,3,43.02214121062568,144.5287192,,,,,,,,,,,,,228,red,1389,1644,3033
81,06,1111040,1,20260830,0,0,4914,0,0,228,0,4612,305,0,0,228,0,0,3,43.53929381076365,144.9801323,,,,,,,,,,,,,228,red,4914,4917,9831
81,08,1111050,1,20260830,815,107,0,0,228,0,0,976,52,24,0,0,0,0,3,44.25159504088778,143.262315,,,,,,,,,,,,,228,red,922,1052,1974
81,01,1111060,1,20260830,1576,210,0,0,0,0,0,1483,185,0,0,0,0,0,3,42.938085080599464,142.0403856,,,,,,,,,,,,,228,red,1786,1668,3454
81,07,1111080,1,20260830,857,309,0,0,0,0,0,1033,260,0,0,0,0,0,3,42.97320004061056,142.816438,,,,,,,,,,,,,228,red,1166,1293,2459
81,01,1111090,1,20260830,7256,566,0,0,0,0,0,6827,540,0,0,0,0,0,3,43.12130790065524,141.4830387,,,,,,,,,,,,,228,red,7822,7367,15189
81,01,1111100,1,20260830,4131,451,0,0,0,0,0,4595,442,0,0,0,0,0,3,43.43463367073897,141.8216186,,,,,,,,,,,,,228,red,4582,5037,9619
81,01,1111110,1,20260830,2379,207,0,0,0,0,0,2585,217,0,0,0,0,0,3,43.57168557077097,141.8750113,,,,,,,,,,,,,228,red,2586,2802,5388
81,02,1111130,1,20260830,5161,270,24,0,228,0,0,5563,197,37,0,0,0,0,3,41.77319404012875,140.796333,,,,,,,,,,,,,228,red,5455,5797,11252
81,02,1111140,1,20260830,416,19,0,0,0,0,0,357,63,0,0,0,0,0,3,42.03841781025344,140.8062566,,,,,,,,,,,,,228,red,435,420,855
81,02,1111145,1,20260830,8396,366,0,0,0,0,0,9364,397,0,0,0,0,0,3,41.84000143016112,140.7552781,,,,,,,,,,,,,228,red,8762,9761,18523
81,08,1111150,1,20260830,416,38,0,0,228,0,0,478,41,0,0,228,0,0,3,44.010611040854364,143.413281,,,,,,,,,,,,,228,red,454,519,973
81,08,1111160,1,20260830,2686,112,13,0,0,0,0,2885,151,162,0,0,0,0,3,43.962452040846635,143.715644,,,,,,,,,,,,,228,red,2811,3198,6009
81,01,1111180,1,20260830,,,,0,0,0,228,,,,0,0,0,228,3,42.815960640559524,141.6810393,,,,,,,,,,,,,228,red,0,0,0
81,01,1111190,1,20260830,0,0,4656,0,0,228,0,206,8,4887,0,0,228,0,3,42.83070733056448,141.6903091,,,,,,,,,,,,,228,red,4656,5101,9757
81,01,1111200,1,20260830,3920,390,96,0,0,0,0,4303,594,28,0,228,0,0,3,42.860948090574496,141.7104933,,,,,,,,,,,,,228,red,4406,4925,9331
81,01,1111210,1,20260830,2752,451,0,0,0,0,0,0,0,0,0,0,228,0,3,43.18556004067363,141.554044,,,,,,,,,,,,,228,red,3203,0,3203
81,06,1111220,1,20260830,776,93,0,0,0,0,0,832,53,0,0,0,0,0,3,43.37269109072359,144.5593071,,,,,,,,,,,,,228,red,869,885,1754
81,08,1111230,1,20260830,360,26,2,0,0,0,0,365,23,7,0,0,0,0,3,43.81126104082009,144.489672,,,,,,,,,,,,,228,red,388,395,783
81,06,1111240,1,20260830,243,28,1,0,0,0,0,202,19,3,0,0,0,0,3,42.99604737061767,144.0391088,,,,,,,,,,,,,228,red,272,224,496
81,03,1111250,1,20260830,1740,116,0,0,0,0,0,1245,103,0,0,0,0,0,3,43.089578040645954,140.955582,,,,,,,,,,,,,228,red,1856,1348,3204
81,04,1111260,1,20260830,1033,74,2,0,0,0,46,1388,112,2,0,0,0,46,3,43.92330404084009,142.480139,,,,,,,,,,,,,228,red,1109,1502,2611
81,04,1111270,1,20260830,0,0,879,0,0,0,97,0,0,959,0,0,0,97,3,43.90347904083668,142.548538,,,,,,,,,,,,,228,red,879,959,1838
81,04,1111280,1,20260830,1268,94,0,0,0,0,150,1405,93,3,0,0,0,150,3,43.88962304083429,142.598335,,,,,,,,,,,,,228,red,1362,1501,2863
81,04,1111290,1,20260830,1052,70,8,0,0,0,157,1201,88,26,0,0,0,157,3,43.840859040825556,142.737691,,,,,,,,,,,,,228,red,1130,1315,2445
81,04,1111300,1,20260830,609,37,12,0,0,0,162,818,58,10,0,0,0,162,3,43.843162040825966,142.799904,,,,,,,,,,,,,228,red,658,886,1544
81,04,1111310,1,20260830,,,,0,0,0,228,,,,0,0,0,228,3,43.885885060833616,142.99375530000003,,,,,,,,,,,,,228,red,0,0,0
81,08,1111320,1,20260830,,,,0,0,0,228,,,,0,0,0,228,3,43.942327040843296,143.272964,,,,,,,,,,,,,228,red,0,0,0
81,08,1111321,1,20260830,1361,146,0,0,0,0,2,2159,202,0,0,0,0,2,3,44.005186040853516,143.417614,,,,,,,,,,,,,228,red,1507,2361,3868
81,08,1111322,1,20260830,1301,132,0,0,0,0,0,2050,199,0,0,0,0,0,3,44.010190040854305,143.450296,,,,,,,,,,,,,228,red,1433,2249,3682
81,01,1111330,1,20260830,4314,196,0,0,0,0,0,3586,150,0,0,0,0,0,3,42.93896478059976,141.3440037,,,,,,,,,,,,,228,red,4510,3736,8246
81,05,1111340,1,20260830,1478,154,0,1,0,0,0,1548,139,0,1,0,0,0,3,42.559147540468295,140.8961254,,,,,,,,,,,,,228,red,1632,1687,3319
81,01,1111350,1,20260830,3454,439,0,0,0,0,0,3806,529,0,0,0,0,0,3,42.88313893058179,141.7190833,,,,,,,,,,,,,228,red,3893,4335,8228
81,01,1111360,1,20260830,3089,397,0,0,0,0,0,3505,478,0,0,0,0,0,3,42.91387104059173,141.717002,,,,,,,,,,,,,228,red,3486,3983,7469
81,01,1111370,1,20260830,1744,224,0,0,0,0,0,1947,252,0,0,0,0,0,3,43.05425404063542,141.635599,,,,,,,,,,,,,228,red,1968,2199,4167
81,02,1111380,1,20260830,6922,281,0,0,0,0,0,6844,283,0,0,0,0,0,3,41.822662040152785,140.7753,,,,,,,,,,,,,228,red,7203,7127,14330
81,02,1111390,1,20260830,3734,226,0,0,0,0,0,3280,219,0,0,0,0,0,3,41.80204204014281,140.800817,,,,,,,,,,,,,228,red,3960,3499,7459
81,02,1111400,1,20260830,1691,74,0,0,0,0,0,1694,71,0,0,0,0,0,3,41.75457904011961,140.573825,,,,,,,,,,,,,228,red,1765,1765,3530
81,04,1111410,1,20260830,561,55,0,0,0,0,0,391,40,0,0,0,0,0,3,43.35314804071861,142.36145400000004,,,,,,,,,,,,,228,red,616,431,1047
81,04,1111420,1,20260830,1080,94,0,0,0,0,0,862,75,0,0,0,0,0,3,43.3038010407058,142.381627,,,,,,,,,,,,,228,red,1174,937,2111
81,06,1111500,1,20260830,1303,97,0,0,0,0,0,1471,66,0,0,0,0,0,3,43.29111104070245,145.517778,,,,,,,,,,,,,228,red,1400,1537,2937
81,03,1111600,1,20260830,1626,169,0,0,0,0,0,1334,196,0,0,0,0,0,3,43.162210040667006,140.797074,,,,,,,,,,,,,228,red,1795,1530,3325
81,06,1160010,1,20260830,1954,252,59,0,0,0,0,2536,426,11,0,0,0,0,1,43.12053262065503,143.6537933,,,,,,,,,,,,,228,red,2265,2973,5238
81,06,1160020,1,20260830,2187,308,0,0,0,0,0,2769,460,0,0,0,0,0,1,43.12244095065557,143.6787104,,,,,,,,,,,,,228,red,2495,3229,5724
81,06,1160030,1,20260830,2095,325,0,0,0,0,0,2779,435,0,0,0,0,0,1,43.081215390643465,143.9874923,,,,,,,,,,,,,228,red,2420,3214,5634
81,06,1160040,1,20260830,2095,325,0,0,0,0,0,2810,400,0,0,0,0,0,1,43.08452217064445,144.1232336,,,,,,,,,,,,,228,red,2420,3210,5630
81,06,1160050,1,20260830,2571,306,0,0,0,0,0,3662,420,0,0,0,0,0,1,43.09138904064647,144.173494,,,,,,,,,,,,,228,red,2877,4082,6959
81,06,1160060,1,20260830,2936,300,0,0,0,0,0,4216,428,0,0,0,0,0,1,43.04670304063314,144.303761,,,,,,,,,,,,,228,red,3236,4644,7880
81,08,1160120,1,20260830,569,55,0,0,0,0,0,673,83,0,0,0,0,0,1,43.69663004079766,143.731065,,,,,,,,,,,,,228,red,624,756,1380
81,08,1160130,1,20260830,850,59,0,0,0,0,1,980,84,0,0,0,0,1,1,43.7375680408059,143.819828,,,,,,,,,,,,,228,red,909,1064,1973
81,02,1310010,1,20260830,2168,64,0,0,0,0,0,2454,79,0,0,0,0,0,3,41.9090560401939,140.682556,,,,,,,,,,,,,228,red,2232,2533,4765
81,02,1310020,1,20260830,4873,456,0,0,0,0,0,4957,445,0,0,0,0,0,3,42.0164720402435,140.622028,,,,,,,,,,,,,228,red,5329,5402,10731
81,02,1310030,1,20260830,3275,412,0,0,0,0,0,2842,411,0,0,0,0,0,3,42.44355604042405,140.326972,,,,,,,,,,,,,228,red,3687,3253,6940
81,03,1310040,1,20260830,3697,345,0,0,0,0,0,3249,327,0,0,0,0,0,3,43.005875040620694,140.666614,,,,,,,,,,,,,228,red,4042,3576,7618
81,01,1310050,1,20260830,3907,104,0,0,0,228,0,4492,129,0,0,0,228,0,3,43.13178497065829,141.1990678,,,,,,,,,,,,,228,red,4011,4621,8632
81,01,1310060,1,20260830,8542,667,0,0,0,0,0,8363,672,0,0,0,0,0,3,43.06547437063878,141.3767481,,,,,,,,,,,,,228,red,9209,9035,18244
81,01,1310070,1,20260830,9344,454,0,0,0,0,0,9988,446,0,0,0,0,0,3,43.048510140633695,141.4108604,,,,,,,,,,,,,228,red,9798,10434,20232
81,01,1310080,1,20260830,12306,401,0,0,0,0,0,11530,379,0,0,0,0,0,3,43.057749330636454,141.4844763,,,,,,,,,,,,,228,red,12707,11909,24616
81,01,1310090,1,20260830,0,0,0,0,0,228,0,6096,225,0,0,0,0,0,3,43.294945650703454,141.8492997,,,,,,,,,,,,,228,red,0,6321,6321
81,01,1310100,1,20260830,7694,419,0,0,0,0,0,7238,347,0,0,0,0,0,3,43.53544778076278,141.9200456,,,,,,,,,,,,,228,red,8113,7585,15698
81,01,1310110,1,20260830,4561,531,0,0,0,0,0,4629,492,0,0,0,0,0,3,43.66238455079058,141.9957268,,,,,,,,,,,,,228,red,5092,5121,10213
81,01,1310120,1,20260830,0,0,0,0,0,228,0,11516,690,0,0,0,0,0,3,43.0094644106218,141.4241588,,,,,,,,,,,,,228,red,0,12206,12206
81,01,1310130,1,20260830,7648,462,0,0,0,228,0,9153,546,0,0,0,228,0,3,42.85324004057195,141.609931,,,,,,,,,,,,,228,red,8110,9699,17809
81,01,1310140,1,20260830,11003,1083,0,0,0,0,0,10902,1000,0,0,0,0,0,3,42.79203104055144,141.693651,,,,,,,,,,,,,228,red,12086,11902,23988
81,05,1310150,1,20260830,5151,294,0,0,0,0,0,5223,302,0,0,0,0,0,3,42.483348820439495,141.2489566,,,,,,,,,,,,,228,red,5445,5525,10970
81,05,1310160,1,20260830,6330,418,0,0,0,0,0,6791,270,0,0,0,0,0,3,42.362402460391806,140.964739,,,,,,,,,,,,,228,red,6748,7061,13809
81,05,1310170,1,20260830,2709,249,0,0,228,0,0,2976,63,23,0,0,0,0,3,42.363565450392265,140.9519019,,,,,,,,,,,,,228,red,2958,3062,6020
81,04,1310180,1,20260830,,,,0,0,0,228,,,,0,0,0,228,3,43.22376604068423,142.378762,,,,,,,,,,,,,228,red,0,0,0
81,06,1310200,1,20260830,1294,129,0,0,0,0,0,1464,191,0,0,0,0,0,3,42.89183628058462,143.9445233,,,,,,,,,,,,,228,red,1423,1655,3078
81,06,1310210,1,20260830,3173,183,21,0,0,0,0,2828,306,0,0,228,0,0,3,43.009797840621914,144.2786998,,,,,,,,,,,,,228,red,3377,3134,6511
81,06,1310220,1,20260830,2438,160,0,0,0,0,0,3004,256,0,0,0,0,0,3,43.02229809062573,144.2728472,,,,,,,,,,,,,228,red,2598,3260,5858
81,08,1310230,1,20260830,2263,223,0,0,228,0,0,2216,248,0,0,228,0,0,3,43.85893419082885,144.0808788,,,,,,,,,,,,,228,red,2486,2464,4950
81,08,1310240,1,20260830,1582,61,0,0,228,0,0,1621,87,0,0,228,0,0,3,44.01132969085448,144.2315868,,,,,,,,,,,,,228,red,1643,1708,3351
81,04,1310250,1,20260830,3228,216,120,0,0,0,0,3893,212,102,0,0,0,0,3,44.16725904087709,142.395004,,,,,,,,,,,,,228,red,3564,4207,7771
81,04,1310260,1,20260830,2569,188,13,0,0,0,0,3223,206,3,0,0,0,0,3,44.19030204088012,142.392098,,,,,,,,,,,,,228,red,2770,3432,6202
81,09,1310270,1,20260830,416,62,0,0,0,0,0,573,61,0,0,0,0,0,3,44.89849804093394,141.930734,,,,,,,,,,,,,228,red,478,634,1112
81,10,1310280,1,20260830,137,17,0,0,0,0,0,163,16,0,0,0,0,0,3,45.0919210409354,141.772244,,,,,,,,,,,,,228,red,154,179,333
81,10,1310290,1,20260830,,,,0,0,0,228,,,,0,0,0,228,3,45.3643680409278,141.728937,,,,,,,,,,,,,228,red,0,0,0
81,06,1310300,1,20260830,2196,124,17,0,0,0,0,0,0,2536,0,0,228,0,3,43.059450410636984,144.8007274,,,,,,,,,,,,,228,red,2337,2536,4873
81,06,1310310,1,20260830,265,39,0,0,228,0,0,339,25,1,0,0,0,0,3,43.27550252069827,145.50157790000003,,,,,,,,,,,,,228,red,304,365,669
81,02,1310320,1,20260830,2608,97,0,0,0,0,0,2818,109,0,0,0,0,0,3,41.8940000401868,140.139639,,,,,,,,,,,,,228,red,2705,2927,5632
81,02,1310330,1,20260830,2758,117,0,0,0,0,0,2869,124,0,0,0,0,0,3,41.68472204008489,140.444,,,,,,,,,,,,,228,red,2875,2993,5868
81,03,1310340,1,20260830,2421,137,0,0,0,0,0,0,0,0,0,0,225,0,3,43.26192904069464,140.646731,,,,,,,,,,,,,228,red,2558,0,2558
81,03,1310350,1,20260830,1105,37,0,0,0,0,0,1018,44,0,0,0,0,0,3,43.041313040631515,140.5119,,,,,,,,,,,,,228,red,1142,1062,2204
81,02,1310360,1,20260830,428,17,0,0,0,0,0,413,22,0,0,0,0,0,3,42.129260570293795,139.981876,,,,,,,,,,,,,228,red,445,435,880
81,01,1310370,1,20260830,13553,559,0,0,0,0,0,13322,484,0,0,0,0,0,3,43.007483420621185,141.3442719,,,,,,,,,,,,,228,red,14112,13806,27918
81,03,1310380,1,20260830,4728,341,0,0,0,0,0,4608,300,0,0,0,0,0,3,42.797316040553234,140.953155,,,,,,,,,,,,,228,red,5069,4908,9977
81,03,1310390,1,20260830,3449,325,0,0,0,0,0,3415,268,0,0,0,0,0,3,42.75911004054018,140.927534,,,,,,,,,,,,,228,red,3774,3683,7457
81,09,1310420,1,20260830,2158,186,0,0,0,0,0,1633,131,0,0,0,0,0,3,44.315812040895196,141.663389,,,,,,,,,,,,,228,red,2344,1764,4108
81,05,1310430,1,20260830,1954,205,0,0,0,0,0,1470,158,0,0,0,0,0,3,42.68397268051387,141.6803745,,,,,,,,,,,,,228,red,2159,1628,3787
81,05,1310440,1,20260830,734,47,5,0,0,0,0,787,49,6,0,0,0,0,3,42.455508520428715,142.1783574,,,,,,,,,,,,,228,red,786,842,1628
81,07,1310450,1,20260830,2865,198,0,0,0,0,0,2518,211,0,0,0,0,0,3,42.850468990571045,143.1845784,,,,,,,,,,,,,228,red,3063,2729,5792
81,04,1310460,1,20260830,2963,106,4,0,0,0,0,3077,221,0,0,228,0,0,3,43.3597710407203,142.387706,,,,,,,,,,,,,228,red,3073,3298,6371
81,05,1310470,1,20260830,484,189,0,0,0,0,0,505,179,0,0,0,0,0,3,42.87689451057974,142.4313468,,,,,,,,,,,,,228,red,673,684,1357
81,08,1310490,1,20260830,1495,132,0,0,227,0,1,1648,77,28,0,0,0,1,3,44.469400040910415,143.131573,,,,,,,,,,,,,228,red,1627,1753,3380
81,10,1310500,1,20260830,,,,0,0,0,228,,,,0,0,0,228,3,44.9513530409349,142.577793,,,,,,,,,,,,,228,red,0,0,0
81,06,1310520,1,20260830,439,49,0,0,0,0,0,438,37,0,0,0,0,0,3,43.474956340748676,144.4077086,,,,,,,,,,,,,228,red,488,475,963
81,07,1310530,1,20260830,368,126,0,0,0,0,0,392,30,0,0,0,0,0,3,43.351455040718186,143.778977,,,,,,,,,,,,,228,red,494,422,916
81,08,1310540,1,20260830,815,51,0,0,228,0,0,771,67,0,0,228,0,0,3,43.71241358080086,144.1898958,,,,,,,,,,,,,228,red,866,838,1704
81,06,1310550,1,20260830,912,56,0,0,0,0,0,808,43,0,0,0,0,0,3,43.23651165068774,145.2499867,,,,,,,,,,,,,228,red,968,851,1819
81,06,1310560,1,20260830,1027,50,0,0,0,0,0,925,58,0,0,0,0,0,3,43.68069492079438,145.1213962,,,,,,,,,,,,,228,red,1077,983,2060
81,06,1310570,1,20260830,873,135,0,0,0,0,0,1292,156,0,0,0,0,0,3,43.3613193507207,144.8334503,,,,,,,,,,,,,228,red,1008,1448,2456
81,04,1310580,1,20260830,157,22,0,0,0,0,0,107,9,0,0,0,0,0,3,43.85535404082818,142.818956,,,,,,,,,,,,,228,red,179,116,295
81,01,1310590,1,20260830,13238,810,0,0,0,0,0,17353,1191,0,0,0,0,0,3,43.101919030649576,141.3492984,,,,,,,,,,,,,228,red,14048,18544,32592
81,01,1310600,1,20260830,5655,386,0,0,0,228,0,5227,377,0,0,0,228,0,3,43.018587890624595,141.4801633,,,,,,,,,,,,,228,red,6041,5604,11645
81,07,1310610,1,20260830,55,10,0,0,0,0,0,51,11,0,0,0,0,0,3,43.124397040656135,143.671096,,,,,,,,,,,,,228,red,65,62,127
81,01,1310620,1,20260830,7420,447,0,0,0,0,0,10000,457,0,0,0,0,0,3,43.080001040643104,141.40691,,,,,,,,,,,,,228,red,7867,10457,18324
81,01,1310630,1,20260830,0,0,0,0,0,228,0,0,0,0,0,0,228,0,3,43.224602350684464,141.5421492,,,,,,,,,,,,,228,red,0,0,0
81,05,1310650,1,20260830,0,0,4068,0,0,228,0,4031,403,25,0,0,0,0,3,42.664068480506764,141.5956308,,,,,,,,,,,,,228,red,4068,4459,8527
81,08,1310660,1,20260830,1613,82,4,0,0,0,0,2261,123,4,0,0,0,0,3,43.98436947085019,143.5657163,,,,,,,,,,,,,228,red,1699,2388,4087
81,08,1310670,1,20260830,747,60,0,0,228,0,0,854,96,0,0,228,0,0,3,43.93417044084193,144.7997993,,,,,,,,,,,,,228,red,807,950,1757
81,01,1310680,1,20260830,3793,138,0,0,0,0,0,3733,113,0,0,0,0,0,3,42.84334231056867,141.6642755,,,,,,,,,,,,,228,red,3931,3846,7777
81,06,1310690,1,20260830,,,,0,0,0,228,,,,0,0,0,228,3,43.048098520633566,144.4594431,,,,,,,,,,,,,228,red,0,0,0
81,01,1310700,1,20260830,6773,312,0,0,0,0,0,7589,299,0,0,0,0,0,3,43.001297040619285,141.34856,,,,,,,,,,,,,228,red,7085,7888,14973
82,,2110010,1,20260830,5323,929,0,0,0,0,0,5689,314,0,0,0,0,0,3,37.110573456365614,140.1455465,,,,,,,,,,,,,233,red,6252,6003,12255
82,,2110017,1,20260830,14477,983,0,0,0,0,0,14821,657,0,0,0,0,0,3,37.37338104665072,140.3483355,,,,,,,,,,,,,233,red,15460,15478,30938
82,,2110019,1,20260830,15955,1305,0,0,0,0,0,15474,1008,0,0,0,0,0,3,37.46431627674753,140.3769493,,,,,,,,,,,,,233,red,17260,16482,33742
82,,2110021,1,20260830,11295,942,85,0,0,0,0,10725,1213,38,0,233,0,0,3,37.606841446897334,140.4677635,,,,,,,,,,,,,233,red,12322,11976,24298
82,,2110030,1,20260830,15852,780,0,0,0,0,0,16279,648,0,0,0,0,0,3,37.73677529703182,140.4665726,,,,,,,,,,,,,233,red,16632,16927,33559
82,,2110040,1,20260830,10028,681,0,0,0,0,0,10096,564,0,0,0,0,0,3,37.807813217104496,140.4958221,,,,,,,,,,,,,233,red,10709,10660,21369
82,,2110050,1,20260830,5140,642,0,0,0,0,0,4900,516,0,0,0,0,0,3,37.90701278720498,140.5808128,,,,,,,,,,,,,233,red,5782,5416,11198
82,,2110055,1,20260830,9007,1009,0,0,0,0,0,8793,757,0,0,0,0,0,3,38.041138927338956,140.6498056,,,,,,,,,,,,,233,red,10016,9550,19566
82,,2110060,1,20260830,14638,1106,0,0,0,0,0,13738,776,0,0,0,0,0,3,38.085083367382396,140.8283056,,,,,,,,,,,,,233,red,15744,14514,30258
82,,2110062,1,20260830,2063,167,27,0,0,0,0,2194,126,11,0,0,0,0,3,39.659168038777906,141.92916800000003,,,,,,,,,,,,,233,red,2257,2331,4588
82,,2110063,1,20260830,1742,170,11,0,0,0,0,1745,109,17,0,0,0,0,3,39.73009903883322,141.960134,,,,,,,,,,,,,233,red,1923,1871,3794
82,,2110065,1,20260830,17093,723,0,0,0,0,0,15907,647,0,0,0,0,0,3,38.15208336744814,140.8853611,,,,,,,,,,,,,233,red,17816,16554,34370
82,,2110070,1,20260830,20146,951,0,0,0,0,0,19900,885,0,0,0,0,0,3,38.21891670751319,140.895,,,,,,,,,,,,,233,red,21097,20785,41882
82,,2110081,1,20260830,7537,145,0,0,0,0,0,0,0,0,0,0,0,0,3,38.340207037629824,140.883811,,,,,,,,,,,,,233,red,7682,0,7682
82,,2110090,1,20260830,6704,480,0,0,0,0,0,7494,304,0,0,0,0,0,3,38.61000803788275,140.98291900000004,,,,,,,,,,,,,233,red,7184,7798,14982
82,,2110091,1,20260830,3631,415,0,0,0,0,0,3407,264,0,0,0,0,0,3,38.834610038086325,141.085674,,,,,,,,,,,,,233,red,4046,3671,7717
82,,2110092,1,20260830,5849,388,0,0,0,0,0,5029,311,0,0,0,0,0,3,38.930416038171224,141.117432,,,,,,,,,,,,,233,red,6237,5340,11577
82,,2110093,1,20260830,5074,380,223,0,0,0,0,5195,314,123,0,0,0,0,3,39.003777838235415,141.1133766,,,,,,,,,,,,,233,red,5677,5632,11309
82,,2110095,1,20260830,4579,171,0,0,0,0,0,4843,150,0,0,0,0,0,3,39.166645038375485,141.142913,,,,,,,,,,,,,233,red,4750,4993,9743
82,,2110103,1,20260830,12386,567,0,0,0,0,0,13678,273,0,0,0,0,0,3,39.668019038784855,141.15759,,,,,,,,,,,,,233,red,12953,13951,26904
82,,2110106,1,20260830,10509,243,0,0,0,0,0,10324,278,0,0,0,0,0,3,39.70774803881587,141.165401,,,,,,,,,,,,,233,red,10752,10602,21354
82,,2110110,1,20260830,10226,396,0,0,0,0,0,10132,317,0,0,0,0,0,3,39.7581439588549,141.134491,,,,,,,,,,,,,233,red,10622,10449,21071
82,,2110120,1,20260830,3549,286,0,0,0,0,0,3866,274,0,0,0,0,0,3,40.24861199921695,141.2695885,,,,,,,,,,,,,233,red,3835,4140,7975
82,,2110121,1,20260830,2749,238,0,0,0,0,0,2810,180,0,0,0,0,0,3,40.33516094927743,141.2985134,,,,,,,,,,,,,233,red,2987,2990,5977
82,,2110129,1,20260830,3191,115,1,0,0,0,0,3332,108,2,0,0,0,0,3,40.60805264946136,141.26026802,,,,,,,,,,,,,233,red,3307,3442,6749
82,,2110130,1,20260830,0,0,5558,0,0,233,0,0,0,5716,0,0,233,0,3,40.65608164949267,141.19309457,,,,,,,,,,,,,233,red,5558,5716,11274
82,,2110132,1,20260830,2253,101,420,0,0,0,0,4181,188,150,0,0,0,0,3,40.683721049510524,141.17042319,,,,,,,,,,,,,233,red,2774,4519,7293
82,,2110140,1,20260830,7193,334,44,0,0,0,0,5928,135,23,0,0,0,0,3,40.89753341964514,140.86029133,,,,,,,,,,,,,233,red,7571,6086,13657
82,,2110143,1,20260830,4794,487,0,0,0,0,0,4825,352,0,0,0,0,0,3,39.946858248998055,141.2168884,,,,,,,,,,,,,233,red,5281,5177,10458
82,,2110144,1,20260830,4258,1085,0,0,233,0,0,5538,293,0,0,233,0,0,3,40.83532684960663,141.12935762,,,,,,,,,,,,,233,red,5343,5831,11174
82,,2110150,1,20260830,6668,590,2,0,0,0,0,6915,253,5,0,0,0,0,3,36.857960956084185,140.7891727,,,,,,,,,,,,,233,red,7260,7173,14433
82,,2110160,1,20260830,12672,1568,120,0,0,0,0,11611,1298,111,0,0,0,0,3,36.92281008615712,140.8423448,,,,,,,,,,,,,233,red,14360,13020,27380
82,,2110161,1,20260830,6931,411,0,0,0,0,0,7083,338,0,0,0,0,0,3,37.03306503628002,140.911907,,,,,,,,,,,,,233,red,7342,7421,14763
82,,2110162,1,20260830,4180,311,0,0,0,0,0,4733,237,0,0,0,0,0,3,37.11549536637102,140.9974993,,,,,,,,,,,,,233,red,4491,4970,9461
82,,2110163,1,20260830,2407,331,0,0,0,0,0,2362,249,0,0,0,0,0,3,37.38527750666344,141.0086632,,,,,,,,,,,,,233,red,2738,2611,5349
82,,2110165,1,20260830,4837,338,34,0,0,0,0,4771,270,23,0,0,0,0,3,37.63270112692426,140.9856901,,,,,,,,,,,,,233,red,5209,5064,10273
82,,2110168,1,20260830,3121,369,0,0,0,0,0,2874,203,0,0,0,0,0,3,37.81498403711179,140.943249,,,,,,,,,,,,,233,red,3490,3077,6567
82,,2110170,1,20260830,2626,122,0,0,0,0,0,2263,106,0,0,0,0,0,3,37.89520971719308,140.9035528,,,,,,,,,,,,,233,red,2748,2369,5117
82,,2110173,1,20260830,8099,355,0,0,0,0,0,8324,306,0,0,0,0,0,3,37.094818366348264,140.9771016,,,,,,,,,,,,,233,red,8454,8630,17084
82,,2110180,1,20260830,5177,159,0,0,0,0,0,4571,126,0,0,0,0,0,3,38.064732037362305,140.859399,,,,,,,,,,,,,233,red,5336,4697,10033
82,,2110190,1,20260830,2957,452,0,0,0,0,0,2309,203,0,0,0,0,0,1,38.69140541795727,139.678824,,,,,,,,,,,,,233,red,3409,2512,5921
82,,2110191,1,20260830,3010,191,0,0,0,0,0,3117,160,0,0,0,0,0,3,38.96127130819829,139.8400569,,,,,,,,,,,,,233,red,3201,3277,6478
82,,2110192,1,20260830,7607,197,0,0,0,0,0,7415,172,0,0,0,0,0,3,38.794079918050066,139.83442430000002,,,,,,,,,,,,,233,red,7804,7587,15391
82,,2110193,1,20260830,7745,218,0,0,0,0,0,7733,177,0,0,0,0,0,3,38.787431758044086,139.8346764,,,,,,,,,,,,,233,red,7963,7910,15873
82,,2110194,1,20260830,1129,104,0,0,0,0,0,1171,112,0,0,0,0,0,3,38.69287924795862,139.6478605,,,,,,,,,,,,,233,red,1233,1283,2516
82,,2110195,1,20260830,1549,465,0,0,0,0,0,1563,268,0,0,0,0,0,3,38.61589808788817,139.5797968,,,,,,,,,,,,,233,red,2014,1831,3845
82,,2110196,1,20260830,7542,263,0,0,0,0,0,8091,204,0,0,0,0,0,3,38.83854814808984,139.8486963,,,,,,,,,,,,,233,red,7805,8295,16100
82,,2110197,1,20260830,2181,86,0,0,0,0,0,2145,107,0,0,0,0,0,3,38.71753625798101,139.7594082,,,,,,,,,,,,,233,red,2267,2252,4519
82,,2110198,1,20260830,4263,307,0,0,0,0,0,3957,215,0,0,0,0,0,3,38.71622198797982,139.7565651,,,,,,,,,,,,,233,red,4570,4172,8742
82,,2110199,1,20260830,2306,368,0,0,0,0,0,1780,200,0,0,0,0,0,1,38.60695292787995,139.5878005,,,,,,,,,,,,,233,red,2674,1980,4654
82,,2110201,1,20260830,2682,434,0,0,0,0,0,2164,198,0,0,0,0,0,1,38.666421037934484,139.623761,,,,,,,,,,,,,233,red,3116,2362,5478
82,,2110202,1,20260830,6884,279,0,0,0,0,0,6600,206,0,0,0,0,0,3,39.62387474875015,140.0681964,,,,,,,,,,,,,233,red,7163,6806,13969
82,,2110203,1,20260830,1503,65,0,0,0,0,0,1104,45,0,0,0,0,0,3,39.240899018438185,139.9362623,,,,,,,,,,,,,233,red,1568,1149,2717
82,,2110204,1,20260830,2847,350,0,0,0,0,0,2805,240,0,0,0,0,0,3,39.290490888479674,139.9747431,,,,,,,,,,,,,233,red,3197,3045,6242
82,,2110205,1,20260830,3643,428,0,0,0,0,0,3281,351,0,0,0,0,0,3,39.11912903833497,139.876447,,,,,,,,,,,,,233,red,4071,3632,7703
82,,2110208,1,20260830,8183,84,0,0,0,0,0,7238,98,0,0,0,0,0,3,39.38953603856155,140.030682,,,,,,,,,,,,,233,red,8267,7336,15603
82,,2110210,1,20260830,9039,254,0,0,0,0,0,10361,262,0,0,0,0,0,3,39.79539903888355,140.0622,,,,,,,,,,,,,233,red,9293,10623,19916
82,,2110212,1,20260830,5388,227,0,0,0,0,0,5182,185,0,0,0,0,0,3,39.718472038824196,140.083211,,,,,,,,,,,,,233,red,5615,5367,10982
82,,2110213,1,20260830,3731,62,0,0,0,0,0,3295,84,0,0,0,0,0,3,39.52539935867177,140.0518185,,,,,,,,,,,,,233,red,3793,3379,7172
82,,2110214,1,20260830,3863,100,0,0,0,0,0,3682,99,0,0,0,0,0,3,39.90494615896667,140.076382,,,,,,,,,,,,,233,red,3963,3781,7744
82,,2110215,1,20260830,3056,91,33,0,0,0,0,3284,87,9,0,0,0,0,3,40.067095039086766,140.067721,,,,,,,,,,,,,233,red,3180,3380,6560
82,,2110216,1,20260830,2948,290,185,0,0,0,0,0,0,0,0,0,0,0,3,40.268120039230666,140.52780600000003,,,,,,,,,,,,,229,red,3423,0,3423
82,,2110217,1,20260830,2534,315,211,0,0,0,0,1184,147,144,0,0,0,0,3,40.27305803923414,140.532178,,,,,,,,,,,,,229,red,3060,1475,4535
82,,2110218,1,20260830,6607,89,0,0,0,0,0,6034,72,0,0,0,0,0,3,40.190834039176,140.036139,,,,,,,,,,,,,233,red,6696,6106,12802
82,,2110219,1,20260830,1035,51,0,0,0,0,0,1020,59,0,0,0,0,0,3,40.21531803919339,140.280482,,,,,,,,,,,,,233,red,1086,1079,2165
82,,2110220,1,20260830,2212,219,1,0,0,0,0,2460,358,0,0,0,0,0,3,40.16185503915528,140.039381,,,,,,,,,,,,,233,red,2432,2818,5250
82,,2110221,1,20260830,3728,231,24,0,0,0,0,3654,215,2,0,0,0,0,3,40.20192503918389,140.151831,,,,,,,,,,,,,233,red,3983,3871,7854
82,,2110222,1,20260830,1010,100,0,0,0,0,0,999,105,0,0,0,0,0,3,40.30719003925799,140.572683,,,,,,,,,,,,,233,red,1110,1104,2214
82,,2110229,1,20260830,3564,283,18,0,0,0,0,3819,218,62,0,0,0,0,3,40.230677039204274,140.489525,,,,,,,,,,,,,228,red,3865,4099,7964
82,,2110230,1,20260830,3056,200,2,0,0,0,0,3169,165,2,0,0,0,0,3,40.3821040393098,140.603544,,,,,,,,,,,,,223,red,3258,3336,6594
82,,2110231,1,20260830,3438,233,68,0,0,0,0,3683,193,32,0,0,0,0,3,40.461176699363655,140.6358415,,,,,,,,,,,,,233,red,3739,3908,7647
82,,2110232,1,20260830,2352,177,9,0,0,0,0,2557,130,8,0,0,0,0,3,40.199024039181815,140.383267,,,,,,,,,,,,,229,red,2538,2695,5233
82,,2110233,1,20260830,1796,263,0,0,0,0,0,1336,140,0,0,0,0,0,1,38.96155603819856,139.859806,,,,,,,,,,,,,233,red,2059,1476,3535
82,,2110234,1,20260830,4572,292,835,0,0,0,0,5490,400,341,0,0,0,0,3,40.57123242943714,140.52428552,,,,,,,,,,,,,233,red,5699,6231,11930
82,,2110235,1,20260830,10704,299,43,0,0,0,0,0,0,10949,0,0,233,0,3,40.60269692945784,140.49957539,,,,,,,,,,,,,233,red,11046,10949,21995
82,,2110236,1,20260830,1845,255,0,0,0,0,0,1505,137,0,0,0,0,0,1,39.00850003823954,139.856924,,,,,,,,,,,,,233,red,2100,1642,3742
82,,2110237,1,20260830,272,16,0,0,0,0,0,364,12,0,0,0,0,0,1,39.05087603827627,139.890254,,,,,,,,,,,,,233,red,288,376,664
82,,2110240,1,20260830,8578,309,23,0,0,0,0,2910,68,5438,0,0,233,0,3,40.65753935949361,140.50836074,,,,,,,,,,,,,233,red,8910,8416,17326
82,,2110249,1,20260830,7181,511,464,0,0,0,0,4021,345,515,0,233,233,0,3,40.831625089604316,140.66283564,,,,,,,,,,,,,233,red,8156,4881,13037
82,,2110250,1,20260830,9264,353,0,0,0,0,0,9723,596,0,0,0,0,0,3,40.767838829564255,140.59194915,,,,,,,,,,,,,233,red,9617,10319,19936
82,,2110251,1,20260830,10505,625,0,0,0,233,0,21420,1621,0,0,0,0,0,3,40.824380649599796,140.7354641,,,,,,,,,,,,,233,red,11130,23041,34171
82,,2110252,1,20260830,6114,454,0,0,0,0,0,0,0,5726,0,0,233,0,3,40.80222556958593,140.69781704,,,,,,,,,,,,,233,red,6568,5726,12294
82,,2110253,1,20260830,4370,231,40,0,0,0,0,3925,192,39,0,0,0,0,3,40.82364700959935,140.81040657,,,,,,,,,,,,,233,red,4641,4156,8797
82,,2110255,1,20260830,0,0,0,0,0,0,0,0,0,0,0,0,0,0,3,40.797368279582884,140.73499562,,,,,,,,,,,,,233,red,0,0,0
82,,2110256,1,20260830,6741,149,43,0,0,0,0,0,0,0,0,0,0,0,3,40.79545531958167,140.74908182,,,,,,,,,,,,,233,red,6933,0,6933
82,,2110258,1,20260830,2998,67,9,0,0,0,0,3631,146,17,0,0,0,0,3,40.26361114922749,140.42944444,,,,,,,,,,,,,233,red,3074,3794,6868
82,,2110260,1,20260830,8775,222,0,0,0,0,0,8833,259,0,0,0,0,0,3,37.766077747061864,140.4643813,,,,,,,,,,,,,233,red,8997,9092,18089
82,,2110270,1,20260830,751,36,3,0,0,0,0,119,0,251,0,0,120,0,3,37.82286602711981,140.2786356,,,,,,,,,,,,,233,red,790,370,1160
82,,2110271,1,20260830,5189,863,0,0,0,0,0,4364,283,0,0,0,0,0,3,37.89655074719443,140.1500818,,,,,,,,,,,,,233,red,6052,4647,10699
82,,2110272,1,20260830,4352,840,0,0,0,0,0,3476,279,0,0,0,0,0,3,37.92749748722557,140.13487,,,,,,,,,,,,,233,red,5192,3755,8947
82,,2110280,1,20260830,7058,387,0,0,0,0,0,6830,187,0,0,0,0,0,3,37.99971367729781,140.14494900000003,,,,,,,,,,,,,233,red,7445,7017,14462
82,,2110290,1,20260830,9887,539,0,0,0,0,0,9308,364,0,0,0,0,0,3,38.13022203742675,140.241028,,,,,,,,,,,,,233,red,10426,9672,20098
82,,2110291,1,20260830,9386,540,0,0,0,0,0,9647,363,0,0,0,0,0,3,38.159814097455694,140.3001308,,,,,,,,,,,,,233,red,9926,10010,19936
82,,2110292,1,20260830,9470,538,0,0,0,0,0,8524,322,0,0,0,0,0,3,38.10297203739999,140.207083,,,,,,,,,,,,,233,red,10008,8846,18854
82,,2110294,1,20260830,2317,112,0,0,0,0,0,2178,93,0,0,0,0,0,3,37.767613677063444,140.8648291,,,,,,,,,,,,,233,red,2429,2271,4700
82,,2110295,1,20260830,2480,98,0,0,0,0,0,2318,96,0,0,0,0,0,3,37.75423885704973,140.7090153,,,,,,,,,,,,,233,red,2578,2414,4992
82,,2110296,1,20260830,2723,120,0,0,0,0,0,2631,112,0,0,0,0,0,3,37.75978319705542,140.5958156,,,,,,,,,,,,,233,red,2843,2743,5586
82,,2110297,1,20260830,2245,84,0,0,0,0,0,2346,97,0,0,0,0,0,3,37.78113503707728,140.573819,,,,,,,,,,,,,233,red,2329,2443,4772
82,,2110298,1,20260830,2217,114,0,0,0,0,0,2413,166,0,0,0,0,0,3,37.81669203711354,140.530266,,,,,,,,,,,,,233,red,2331,2579,4910
82,,2110299,1,20260830,1709,141,0,0,0,0,0,1835,212,0,0,0,0,0,3,37.83294203713006,140.49615,,,,,,,,,,,,,233,red,1850,2047,3897
82,,2110300,1,20260830,4165,822,0,0,0,0,0,3366,264,0,0,0,0,0,1,37.79582169709228,140.4130094,,,,,,,,,,,,,233,red,4987,3630,8617
82,,2110301,1,20260830,6305,961,0,0,0,0,0,5493,318,0,0,0,0,0,3,37.8687824871664,140.2279023,,,,,,,,,,,,,233,red,7266,5811,13077
82,,2110305,1,20260830,13586,685,0,0,0,0,0,14701,552,0,0,0,0,0,3,38.32857829761873,140.3671432,,,,,,,,,,,,,233,red,14271,15253,29524
82,,2110307,1,20260830,4913,54,0,0,0,0,0,7439,186,0,0,0,0,0,3,38.48098003776293,140.382831,,,,,,,,,,,,,233,red,4967,7625,12592
82,,2110308,1,20260830,7418,797,0,0,0,0,0,6596,378,0,0,0,0,0,1,38.56969403784554,140.401333,,,,,,,,,,,,,233,red,8215,6974,15189
82,,2110309,1,20260830,5676,621,0,0,0,0,0,4298,285,0,0,0,0,0,1,38.42500003771029,140.352222,,,,,,,,,,,,,233,red,6297,4583,10880
82,,2110310,1,20260830,4099,125,0,0,0,0,0,4483,96,0,0,0,0,0,3,38.57581640785121,140.403707,,,,,,,,,,,,,233,red,4224,4579,8803
82,,2110311,1,20260830,7639,769,0,0,0,0,0,6647,363,0,0,0,0,0,1,38.5505555978278,140.3888889,,,,,,,,,,,,,233,red,8408,7010,15418
82,,2110312,1,20260830,7184,732,0,0,0,0,0,6559,355,0,0,0,0,0,3,38.618265997890354,140.3838155,,,,,,,,,,,,,233,red,7916,6914,14830
82,,2110313,1,20260830,8050,764,0,0,0,0,0,7871,444,0,0,0,0,0,3,38.676631947943804,140.3212881,,,,,,,,,,,,,233,red,8814,8315,17129
82,,2110314,1,20260830,7678,787,0,0,0,0,0,7655,419,0,0,0,0,0,3,38.71993903798319,140.308757,,,,,,,,,,,,,233,red,8465,8074,16539
82,,2110315,1,20260830,3212,83,0,0,0,0,0,3299,65,0,0,0,0,0,3,38.8033716780584,140.3206605,,,,,,,,,,,,,233,red,3295,3364,6659
82,,2110316,1,20260830,3781,523,0,0,0,0,0,2429,180,0,0,0,0,0,3,38.74947203800992,140.290833,,,,,,,,,,,,,233,red,4304,2609,6913
82,,2110317,1,20260830,2949,449,0,0,0,0,0,2131,166,0,0,0,0,0,3,38.923639038165255,140.334806,,,,,,,,,,,,,233,red,3398,2297,5695
82,,2110318,1,20260830,2886,434,0,0,0,0,0,2166,169,0,0,0,0,0,3,38.94673520818555,140.3547943,,,,,,,,,,,,,233,red,3320,2335,5655
82,,2110319,1,20260830,3736,326,29,0,0,0,0,2638,190,61,0,0,0,0,3,39.072178338294655,140.4714918,,,,,,,,,,,,,233,red,4091,2889,6980
82,,2110320,1,20260830,3917,340,36,0,0,0,0,2967,199,35,0,0,0,0,3,39.11258080832936,140.486598,,,,,,,,,,,,,233,red,4293,3201,7494
82,,2110321,1,20260830,4775,187,0,0,0,0,0,270,92,0,0,0,0,0,3,39.181412318388,140.4959965,,,,,,,,,,,,,233,red,4962,362,5324
82,,2110322,1,20260830,2165,43,18,0,0,0,0,1898,18,133,0,0,0,0,3,39.1455093483575,140.4912436,,,,,,,,,,,,,233,red,2226,2049,4275
82,,2110324,1,20260830,2164,300,0,0,0,0,0,11,104,0,0,0,0,0,3,39.046668898272635,140.4131154,,,,,,,,,,,,,233,red,2464,115,2579
82,,2110325,1,20260830,6846,742,0,0,0,0,0,5607,343,0,0,0,0,0,1,38.463333037746374,140.3575,,,,,,,,,,,,,233,red,7588,5950,13538
82,,2110326,1,20260830,7357,738,0,0,0,0,0,6316,355,0,0,0,0,0,1,38.49944403778021,140.370833,,,,,,,,,,,,,233,red,8095,6671,14766
82,,2110327,1,20260830,6897,192,0,0,0,0,0,6157,168,0,0,0,0,0,3,39.249316578445246,140.5351192,,,,,,,,,,,,,233,red,7089,6325,13414
82,,2110328,1,20260830,2785,444,0,0,0,0,0,1903,176,0,0,0,0,0,3,38.78089403803823,140.293372,,,,,,,,,,,,,233,red,3229,2079,5308
82,,2110335,1,20260830,3019,397,1407,0,0,80,0,4509,303,907,0,0,0,0,3,39.45464609861468,140.4982871,,,,,,,,,,,,,233,red,4823,5719,10542
82,,2110337,1,20260830,3747,142,1,0,0,0,0,4600,175,0,0,0,0,0,3,39.56556981870389,140.3349352,,,,,,,,,,,,,233,red,3890,4775,8665
82,,2110340,1,20260830,9684,466,0,0,0,0,0,9344,429,0,0,0,0,0,3,39.66778703878465,140.165768,,,,,,,,,,,,,233,red,10150,9773,19923
82,,2110350,1,20260830,11855,640,0,0,0,0,0,11875,732,0,0,0,0,0,3,38.27013892756266,140.95175,,,,,,,,,,,,,233,red,12495,12607,25102
82,,2110352,1,20260830,13812,904,19,0,0,0,0,12778,721,286,0,0,0,0,3,38.425472257710744,141.1867778,,,,,,,,,,,,,233,red,14735,13785,28520
82,,2110353,1,20260830,13434,982,229,0,0,0,0,12402,760,431,0,0,0,0,3,38.43294447771779,141.2090556,,,,,,,,,,,,,233,red,14645,13593,28238
82,,2110354,1,20260830,11500,636,154,2,0,0,2,11249,482,265,0,0,0,2,3,38.442000037726324,141.2525833,,,,,,,,,,,,,233,red,12290,11996,24286
82,,2110355,1,20260830,10073,598,545,0,0,0,0,9955,442,142,0,0,0,0,3,38.48202781776391,141.2923889,,,,,,,,,,,,,233,red,11216,10539,21755
82,,2110357,1,20260830,9485,581,148,0,0,0,0,8905,418,93,0,0,0,0,3,38.50430559778474,141.2861944,,,,,,,,,,,,,233,red,10214,9416,19630
82,,2110358,1,20260830,7572,543,36,0,0,0,0,6966,368,67,0,0,0,0,3,38.590638927864894,141.27905560000002,,,,,,,,,,,,,233,red,8151,7401,15552
82,,2110359,1,20260830,6998,536,29,0,0,0,0,6541,347,28,0,0,0,0,3,38.61066670788337,141.2839722,,,,,,,,,,,,,233,red,7563,6916,14479
82,,2110360,1,20260830,5334,38,0,0,0,0,0,5159,54,0,0,0,0,0,3,38.429333367714385,141.2390278,,,,,,,,,,,,,233,red,5372,5213,10585
82,,2110361,1,20260830,3986,59,0,0,0,0,0,4190,77,0,0,0,0,0,3,38.891555598136925,141.55625,,,,,,,,,,,,,233,red,4045,4267,8312
82,,2110362,1,20260830,5577,399,174,0,0,0,0,5196,270,51,0,0,0,0,3,38.696083367961535,141.2831389,,,,,,,,,,,,,233,red,6150,5517,11667
82,,2110363,1,20260830,11703,642,106,0,0,0,0,10297,451,166,0,0,0,0,3,38.456555597740014,141.2745,,,,,,,,,,,,,233,red,12451,10914,23365
82,,2110364,1,20260830,3946,263,284,0,0,0,0,4055,191,242,0,0,0,0,3,38.95011114818852,141.6280556,,,,,,,,,,,,,233,red,4493,4488,8981
82,,2110365,1,20260830,2679,42,0,0,0,0,0,2743,56,0,0,0,0,0,3,38.91955303816165,141.571364,,,,,,,,,,,,,233,red,2721,2799,5520
82,,2110366,1,20260830,5170,397,63,0,0,0,0,4794,267,102,0,0,0,0,3,38.71113892797521,141.3101667,,,,,,,,,,,,,233,red,5630,5163,10793
82,,2110367,1,20260830,4553,259,53,0,0,0,0,4133,193,58,0,0,0,0,3,39.02656869825523,141.6974974,,,,,,,,,,,,,233,red,4865,4384,9249
82,,2110368,1,20260830,5121,384,26,0,0,0,0,4853,266,44,0,0,0,0,3,38.70219447796709,141.3930833,,,,,,,,,,,,,233,red,5531,5163,10694
82,,2110370,1,20260830,3408,84,0,0,0,0,0,3567,70,0,0,0,0,0,3,39.059216658283475,141.7193842,,,,,,,,,,,,,233,red,3492,3637,7129
82,,2110371,1,20260830,2454,190,35,0,0,0,0,2510,150,25,0,0,0,0,3,39.074077398296275,141.7034197,,,,,,,,,,,,,233,red,2679,2685,5364
82,,2110372,1,20260830,2465,224,0,0,0,0,0,2570,190,0,0,0,0,0,3,39.125195598340156,141.7347157,,,,,,,,,,,,,233,red,2689,2760,5449
82,,2110373,1,20260830,3412,219,0,0,0,0,0,3718,184,0,0,0,0,0,3,39.12205355833746,141.7899934,,,,,,,,,,,,,233,red,3631,3902,7533
82,,2110374,1,20260830,3051,250,0,0,0,0,0,2922,196,0,0,0,0,0,3,39.03121932825926,141.6337144,,,,,,,,,,,,,233,red,3301,3118,6419
82,,2110379,1,20260830,2392,335,192,0,0,0,0,2727,161,95,0,0,0,0,3,39.14893559836042,141.8295097,,,,,,,,,,,,,233,red,2919,2983,5902
82,,2110380,1,20260830,2598,45,0,0,0,0,0,3081,103,0,0,0,0,0,3,39.29661287848477,141.8836641,,,,,,,,,,,,,233,red,2643,3184,5827
82,,2110381,1,20260830,4380,377,53,0,0,0,0,4163,256,54,0,0,0,0,3,38.69052781795646,141.4270556,,,,,,,,,,,,,233,red,4810,4473,9283
82,,2110382,1,20260830,4712,379,51,0,0,0,0,4441,260,41,0,0,0,0,3,38.70547225797006,141.4960833,,,,,,,,,,,,,233,red,5142,4742,9884
82,,2110383,1,20260830,3764,236,23,0,0,0,0,3952,176,14,0,0,0,0,3,39.32251283850628,141.8802524,,,,,,,,,,,,,233,red,4023,4142,8165
82,,2110384,1,20260830,4592,344,117,0,0,0,0,4254,274,102,0,0,0,0,3,38.81825003807172,141.5580556,,,,,,,,,,,,,233,red,5053,4630,9683
82,,2110387,1,20260830,1149,104,882,0,0,0,0,2866,140,87,0,0,0,0,3,39.59193303872486,141.940478,,,,,,,,,,,,,233,red,2135,3093,5228
82,,2110389,1,20260830,1722,172,22,0,0,0,0,1795,113,33,0,0,0,0,3,39.8199300389023,141.96138,,,,,,,,,,,,,233,red,1916,1941,3857
82,,2110392,1,20260830,1777,172,18,0,0,0,0,1873,113,59,0,0,0,0,3,39.836270038914755,141.96038,,,,,,,,,,,,,233,red,1967,2045,4012
82,,2110393,1,20260830,1252,196,0,0,0,0,0,1386,139,0,0,0,0,0,3,39.87071503894088,141.94008,,,,,,,,,,,,,233,red,1448,1525,2973
82,,2110394,1,20260830,4843,341,54,0,0,0,0,4769,247,257,0,0,0,0,3,38.86638892811462,141.5685833,,,,,,,,,,,,,233,red,5238,5273,10511
82,,2110396,1,20260830,192,109,0,0,0,165,1,118,18,0,0,0,233,1,3,39.93351162898809,141.8457699,,,,,,,,,,,,,233,red,301,136,437
82,,2110397,1,20260830,1130,166,0,0,0,0,1,1261,125,0,0,0,0,1,3,39.9934900390327,141.881411,,,,,,,,,,,,,233,red,1296,1386,2682
82,,2110401,1,20260830,2941,250,89,0,0,0,0,2880,181,10,0,0,0,0,3,39.029891708258106,141.6224,,,,,,,,,,,,,233,red,3280,3071,6351
82,,2110402,1,20260830,1732,53,0,0,0,0,0,1596,36,0,0,0,0,0,3,40.414361969331864,141.7051792,,,,,,,,,,,,,233,red,1785,1632,3417
82,,2110403,1,20260830,2647,177,39,0,0,0,0,2916,158,49,0,0,0,0,3,39.15806392836817,141.8413306,,,,,,,,,,,,,233,red,2863,3123,5986
82,,2110404,1,20260830,10158,218,8,0,0,0,0,9456,201,26,0,0,0,0,3,40.50576550939362,141.53235261,,,,,,,,,,,,,233,red,10384,9683,20067
82,,2110405,1,20260830,10792,260,29,0,0,0,0,9643,303,20,0,0,0,0,3,40.528900439409064,141.46412799,,,,,,,,,,,,,233,red,11081,9966,21047
82,,2110407,1,20260830,2701,152,2,0,0,0,0,2682,112,39,0,0,0,0,3,40.481786839377534,141.5376989,,,,,,,,,,,,,233,red,2855,2833,5688
82,,2110408,1,20260830,8000,251,63,0,0,0,0,8159,234,46,0,0,0,0,3,40.5637364594322,141.43539327,,,,,,,,,,,,,233,red,8314,8439,16753
82,,2110409,1,20260830,2618,194,30,0,0,0,0,2943,157,30,0,0,0,0,3,39.24333336844022,141.8452778,,,,,,,,,,,,,233,red,2842,3130,5972
82,,2110410,1,20260830,3466,184,76,0,0,0,0,3303,172,137,0,0,0,0,3,40.47949102937599,141.58069836,,,,,,,,,,,,,233,red,3726,3612,7338
82,,2110412,1,20260830,4173,304,76,0,0,0,0,3379,264,116,0,0,0,0,3,40.66162803949626,141.324363,,,,,,,,,,,,,233,red,4553,3759,8312
82,,2110413,1,20260830,3016,183,128,0,0,0,0,4141,247,308,0,0,0,0,3,40.675139039505,141.304575,,,,,,,,,,,,,233,red,3327,4696,8023
82,,2110414,1,20260830,9868,725,0,0,0,0,0,8375,602,0,0,0,0,0,3,39.699724768809624,141.0544968,,,,,,,,,,,,,233,red,10593,8977,19570
82,,2110415,1,20260830,5491,323,0,0,0,0,0,4648,217,0,0,0,0,0,3,39.69160156880328,141.008749,,,,,,,,,,,,,233,red,5814,4865,10679
82,,2110416,1,20260830,3623,270,8,0,0,0,0,2541,214,10,0,0,0,0,3,39.70020353880998,140.8836508,,,,,,,,,,,,,233,red,3901,2765,6666
82,,2110417,1,20260830,971,102,0,0,0,0,0,181,68,0,0,0,0,0,3,40.47147403937059,141.474002,,,,,,,,,,,,,233,red,1073,249,1322
82,,2110418,1,20260830,3803,255,34,0,0,0,0,4254,200,20,0,0,0,0,3,39.260555598454665,141.8394444,,,,,,,,,,,,,233,red,4092,4474,8566
82,,2110419,1,20260830,2838,217,51,0,0,0,0,2898,154,61,0,0,0,0,3,39.288333368477865,141.8633333,,,,,,,,,,,,,233,red,3106,3113,6219
82,,2110421,1,20260830,2704,199,31,0,0,0,0,2881,157,26,0,0,0,0,3,39.366111148542295,141.9044444,,,,,,,,,,,,,233,red,2934,3064,5998
82,,2110422,1,20260830,2935,205,143,0,0,0,0,2987,160,48,0,0,0,0,3,39.36731670854329,141.8911806,,,,,,,,,,,,,233,red,3283,3195,6478
82,,2110423,1,20260830,2736,207,12,0,0,0,0,2743,136,3,0,0,0,0,3,40.22921103920324,141.7800234,,,,,,,,,,,,,233,red,2955,2882,5837
82,,2110424,1,20260830,1822,174,0,0,0,0,0,1872,162,0,0,0,0,0,3,39.601276038732266,140.551915,,,,,,,,,,,,,233,red,1996,2034,4030
82,,2110428,1,20260830,3980,209,23,0,0,0,0,3206,205,6,0,0,0,0,3,38.73322403799523,140.787123,,,,,,,,,,,,,233,red,4212,3417,7629
82,,2110432,1,20260830,1017,124,0,0,0,0,0,1034,102,0,0,0,0,0,3,38.73755603799914,140.598389,,,,,,,,,,,,,233,red,1141,1136,2277
82,,2110435,1,20260830,3937,394,0,0,0,0,0,4484,322,0,0,0,0,0,3,38.74138978800262,140.2831578,,,,,,,,,,,,,233,red,4331,4806,9137
82,,2110436,1,20260830,3557,365,0,0,0,0,0,3697,280,0,0,0,0,0,3,38.74416703800512,140.259722,,,,,,,,,,,,,233,red,3922,3977,7899
82,,2110437,1,20260830,4016,348,0,0,0,0,0,4194,275,0,0,0,0,0,3,38.73663903799832,140.168833,,,,,,,,,,,,,233,red,4364,4469,8833
82,,2110438,1,20260830,3536,329,0,0,0,0,0,3657,260,0,0,0,0,0,3,38.745210838006074,140.2326227,,,,,,,,,,,,,233,red,3865,3917,7782
82,,2110440,1,20260830,4041,365,0,0,0,0,1,4701,322,0,0,0,0,1,3,38.78155241803881,140.0267226,,,,,,,,,,,,,233,red,4406,5023,9429
82,,2110445,1,20260830,14010,468,0,0,0,0,0,14109,460,0,0,0,0,0,3,38.26502503755774,140.79343300000002,,,,,,,,,,,,,233,red,14478,14569,29047
82,,2110450,1,20260830,5080,337,0,0,0,0,0,4796,326,0,0,0,0,0,3,38.391999797679084,140.5672252,,,,,,,,,,,,,233,red,5417,5122,10539
82,,2110451,1,20260830,3773,122,0,0,0,0,0,4075,85,0,0,0,0,0,3,38.877650438124604,139.8869442,,,,,,,,,,,,,233,red,3895,4160,8055
82,,2110452,1,20260830,5855,154,0,0,0,23,0,6227,199,0,0,0,0,0,3,38.901543148145755,139.8723154,,,,,,,,,,,,,233,red,6009,6426,12435
82,,2110453,1,20260830,282,17,0,0,0,0,0,221,19,0,0,0,0,0,3,38.90368057814766,139.8668909,,,,,,,,,,,,,233,red,299,240,539
82,,2110454,1,20260830,4457,167,0,0,0,0,0,4837,134,0,0,0,0,0,3,38.87364379812106,139.886117,,,,,,,,,,,,,233,red,4624,4971,9595
82,,2110455,1,20260830,6002,223,0,0,0,0,0,4781,264,0,0,0,0,0,3,37.062925546313075,140.8516252,,,,,,,,,,,,,233,red,6225,5045,11270
82,,2110456,1,20260830,3547,145,0,0,0,0,0,3830,98,0,0,0,0,0,3,38.85157810810144,139.8908657,,,,,,,,,,,,,233,red,3692,3928,7620
82,,2110457,1,20260830,2465,164,0,0,0,0,0,2851,106,0,0,0,0,0,3,38.831843418083864,139.9098858,,,,,,,,,,,,,233,red,2629,2957,5586
82,,2110460,1,20260830,3905,150,0,0,0,0,0,3426,195,2,0,0,0,0,3,37.11000003636498,140.7641667,,,,,,,,,,,,,233,red,4055,3623,7678
82,,2110464,1,20260830,2972,144,5,0,0,0,0,2586,180,103,0,0,0,0,3,37.31106211658384,140.4823494,,,,,,,,,,,,,233,red,3121,2869,5990
82,,2110465,1,20260830,5677,297,0,0,0,0,0,5616,281,0,0,0,0,0,3,37.33970064661463,140.406585,,,,,,,,,,,,,233,red,5974,5897,11871
82,,2110470,1,20260830,4869,199,0,0,0,0,0,4700,186,0,0,0,0,0,3,37.49456687677952,140.2463901,,,,,,,,,,,,,233,red,5068,4886,9954
82,,2110472,1,20260830,1305,158,0,0,0,0,0,1293,132,0,0,0,0,0,3,37.65080306694305,139.5936209,,,,,,,,,,,,,233,red,1463,1425,2888
82,,2110473,1,20260830,5695,384,0,0,0,0,0,5745,292,0,0,0,0,0,3,37.548570346836364,139.9683643,,,,,,,,,,,,,233,red,6079,6037,12116
82,,2110474,1,20260830,4588,197,0,0,0,0,0,4685,161,0,0,0,0,0,3,37.55735328684558,139.8550022,,,,,,,,,,,,,233,red,4785,4846,9631
82,,2110477,1,20260830,5133,148,2,0,0,0,0,4792,156,2,0,0,0,0,3,40.48458321937942,141.42701414,,,,,,,,,,,,,233,red,5283,4950,10233
82,,2110478,1,20260830,2368,64,0,0,0,0,0,2334,77,0,0,0,0,0,3,38.52642903780538,141.156619,,,,,,,,,,,,,233,red,2432,2411,4843
82,,2110479,1,20260830,3293,97,0,0,0,0,0,3182,119,0,0,0,0,0,3,38.556163037833,141.069142,,,,,,,,,,,,,233,red,3390,3301,6691
82,,2110480,1,20260830,5506,78,0,0,0,0,0,4951,110,0,0,0,0,0,3,38.570337037846144,140.982089,,,,,,,,,,,,,233,red,5584,5061,10645
82,,2110481,1,20260830,3020,483,0,0,0,0,0,2153,160,0,0,0,0,0,3,39.036923848264195,140.3899339,,,,,,,,,,,,,233,red,3503,2313,5816
82,,2110482,1,20260830,6107,296,7,0,0,0,0,5596,221,1,0,0,0,0,3,39.363397818540065,140.5656534,,,,,,,,,,,,,233,red,6410,5818,12228
82,,2110485,1,20260830,8801,208,0,0,0,0,0,8937,195,0,0,0,0,0,3,38.33956088762922,140.2816558,,,,,,,,,,,,,233,red,9009,9132,18141
82,,2110488,1,20260830,1967,94,0,0,0,0,0,1612,94,0,0,0,0,0,3,38.4566470377401,140.032103,,,,,,,,,,,,,233,red,2061,1706,3767
82,,2110491,1,20260830,2994,329,0,0,0,0,0,3079,277,0,0,0,0,0,3,38.58079848785582,139.9398136,,,,,,,,,,,,,233,red,3323,3356,6679
82,,2110500,1,20260830,2728,278,0,0,0,0,0,2600,235,0,0,0,0,0,3,38.046173177343945,139.7837305,,,,,,,,,,,,,233,red,3006,2835,5841
82,,2110501,1,20260830,2460,268,0,0,0,0,0,2514,222,0,0,0,0,0,3,38.0753590373728,139.72116,,,,,,,,,,,,,233,red,2728,2736,5464
82,,2110502,1,20260830,2140,209,0,0,0,0,0,2121,189,0,0,0,0,0,3,38.04606303734383,140.051715,,,,,,,,,,,,,233,red,2349,2310,4659
82,,2110503,1,20260830,3351,227,0,0,0,0,0,3179,222,0,0,0,0,0,3,38.044627037342416,140.064483,,,,,,,,,,,,,233,red,3578,3401,6979
82,,2110504,1,20260830,3056,233,0,0,0,0,0,3199,269,0,0,0,0,0,3,38.04518462734297,140.1366019,,,,,,,,,,,,,233,red,3289,3468,6757
82,,2110510,1,20260830,3965,232,0,0,0,0,0,3563,242,0,0,0,0,0,3,38.02769263732563,140.1668358,,,,,,,,,,,,,233,red,4197,3805,8002
82,,2110519,1,20260830,2240,101,21,0,0,0,0,2374,80,21,0,0,0,0,3,39.25195903844747,141.77938700000004,,,,,,,,,,,,,233,red,2362,2475,4837
82,,2110520,1,20260830,2821,105,86,0,0,0,0,2562,107,157,0,0,0,0,3,39.24514978844176,141.7423439,,,,,,,,,,,,,233,red,3012,2826,5838
82,,2110521,1,20260830,2998,123,0,0,0,0,0,2769,143,0,0,0,0,0,3,39.246448038442836,141.63560000000004,,,,,,,,,,,,,233,red,3121,2912,6033
82,,2110531,1,20260830,3237,142,0,0,0,0,0,3496,137,0,0,0,0,0,1,39.32515718850848,141.4883819,,,,,,,,,,,,,233,red,3379,3633,7012
82,,2110540,1,20260830,4429,188,0,0,0,0,0,4392,201,0,0,0,0,0,1,39.28807706847765,141.3475227,,,,,,,,,,,,,233,red,4617,4593,9210
82,,2110541,1,20260830,2137,96,0,0,0,0,0,1982,109,0,0,0,0,0,1,39.314345428499514,141.2615204,,,,,,,,,,,,,233,red,2233,2091,4324
82,,2110542,1,20260830,2109,101,0,0,0,0,0,2175,108,0,0,0,0,0,3,39.283375038473736,141.5516694,,,,,,,,,,,,,233,red,2210,2283,4493
82,,2110552,1,20260830,3892,328,446,0,0,0,0,4059,224,225,0,0,0,0,3,38.75991670801934,141.5025278,,,,,,,,,,,,,233,red,4666,4508,9174
82,,2110553,1,20260830,4890,362,43,0,0,0,0,4690,237,178,0,0,0,0,3,38.80716670806179,141.54275,,,,,,,,,,,,,233,red,5295,5105,10400
82,,2110554,1,20260830,3941,259,31,0,0,0,0,3742,183,12,0,0,0,0,3,38.96347225820022,141.6241944,,,,,,,,,,,,,233,red,4231,3937,8168
82,,2110555,1,20260830,2275,160,45,0,0,0,0,2659,133,129,0,0,0,0,3,39.21138892841335,141.865,,,,,,,,,,,,,233,red,2480,2921,5401
82,,2110556,1,20260830,4550,324,35,0,0,0,0,3592,228,160,0,0,0,0,3,38.8781944781251,141.5846444,,,,,,,,,,,,,233,red,4909,3980,8889
82,,2110557,1,20260830,1782,225,156,0,0,0,0,1010,79,115,0,0,0,0,3,38.789722258046154,141.5180556,,,,,,,,,,,,,233,red,2163,1204,3367
82,,2110558,1,20260830,3292,262,31,0,0,0,0,3020,161,25,0,0,0,0,3,38.88277803812915,141.585833,,,,,,,,,,,,,233,red,3585,3206,6791
82,,2110559,1,20260830,3842,308,198,0,0,0,0,3290,291,209,0,0,0,0,3,38.925278038166695,141.6025,,,,,,,,,,,,,233,red,4348,3790,8138
82,,2110560,1,20260830,1963,237,301,0,0,0,0,1320,123,142,0,0,0,0,3,38.89750003814219,141.595,,,,,,,,,,,,,233,red,2501,1585,4086
82,,2110561,1,20260830,3743,287,249,0,0,0,0,432,48,253,0,0,0,0,3,38.91750003815984,141.591944,,,,,,,,,,,,,233,red,4279,733,5012
82,,2110604,1,20260830,1528,133,266,0,0,0,0,1598,119,137,0,0,0,0,3,40.1607780391545,141.767278,,,,,,,,,,,,,233,red,1927,1854,3781
82,,2112104,1,20260830,4173,471,12,0,0,0,0,2696,413,288,0,0,0,0,3,40.733783919542624,141.20798154,,,,,,,,,,,,,233,red,4656,3397,8053
82,,2120001,1,20260830,6127,215,0,0,0,0,0,5857,384,0,0,0,0,0,3,40.75045198955322,140.54906872,,,,,,,,,,,,,233,red,6342,6241,12583
82,,2120005,1,20260830,5846,150,27,0,0,0,0,5709,129,20,0,0,0,0,3,40.79249892957982,140.48972552,,,,,,,,,,,,,233,red,6023,5858,11881
82,,2120010,1,20260830,3698,102,18,0,0,0,0,3635,94,21,0,0,0,0,3,40.81212879959214,140.47707546,,,,,,,,,,,,,233,red,3818,3750,7568
82,,2120015,1,20260830,3142,97,0,0,0,0,0,2849,72,0,0,0,0,0,3,40.82729603960163,140.4413,,,,,,,,,,,,,233,red,3239,2921,6160
82,,2120020,1,20260830,452,35,0,0,0,0,0,2138,36,0,0,0,0,0,3,40.78380703957434,140.261545,,,,,,,,,,,,,233,red,487,2174,2661
82,,2310200,1,20260830,10924,370,0,0,0,0,0,10545,442,0,0,0,0,0,3,39.70615403881462,140.09793,,,,,,,,,,,,,233,red,11294,10987,22281
82,,2312101,1,20260830,5204,399,0,0,0,0,0,4507,284,0,0,0,0,0,3,40.70834700952637,141.24477593,,,,,,,,,,,,,233,red,5603,4791,10394
82,,2312102,1,20260830,5150,335,0,0,0,0,0,4421,289,0,0,0,0,0,3,40.725233449537164,141.22804347,,,,,,,,,,,,,233,red,5485,4710,10195
82,,2312103,1,20260830,2662,104,0,0,0,0,0,2485,104,0,0,0,0,0,3,37.77535545707135,140.7514008,,,,,,,,,,,,,233,red,2766,2589,5355
83,,3110010,1,20260830,11050,602,827,0,0,0,0,11621,550,1227,0,0,0,0,3,35.58550262456253,139.7049058,,,,,,,,,,,,,233,red,12479,13398,25877
83,,3110020,1,20260830,21982,1516,866,0,0,0,0,23104,1331,899,0,0,0,0,3,35.37938903430058,139.509906,,,,,,,,,,,,,233,red,24364,25334,49698
83,,3110030,1,20260830,5589,138,406,0,0,0,0,6009,184,408,0,0,0,0,3,35.30798103420886,139.30775,,,,,,,,,,,,,233,red,6133,6601,12734
83,,3110040,1,20260830,8867,612,0,0,0,0,0,7471,307,0,0,0,0,0,3,35.24085503412222,139.123519,,,,,,,,,,,,,233,red,9479,7778,17257
83,,3110050,1,20260830,16318,2848,723,0,0,0,0,14300,1653,305,0,0,0,0,3,36.238458295364495,139.8048878,,,,,,,,,,,,,233,red,19889,16258,36147
83,,3110060,1,20260830,24196,2225,638,0,0,0,0,25597,1536,540,0,0,0,0,3,36.51217142568756,139.9177551,,,,,,,,,,,,,233,red,27059,27673,54732
83,,3110070,1,20260830,10523,1245,194,0,0,0,0,10614,501,162,0,0,0,0,3,36.833366956056416,139.9495983,,,,,,,,,,,,,233,red,11962,11277,23239
83,,3110080,1,20260830,5628,120,79,0,0,0,0,5092,113,129,0,0,0,0,3,36.29676104543397,139.7863913,,,,,,,,,,,,,233,red,5827,5334,11161
83,,3110090,1,20260830,7295,109,173,0,0,0,0,7481,101,71,0,0,0,0,3,36.52417383570154,139.8798609,,,,,,,,,,,,,233,red,7577,7653,15230
83,,3110100,1,20260830,7643,154,129,0,0,0,0,8709,146,123,0,0,0,0,3,36.58529299577252,139.9295837,,,,,,,,,,,,,233,red,7926,8978,16904
83,,3110110,1,20260830,7479,637,0,0,0,0,0,7675,393,0,0,0,0,0,3,36.019401995100274,140.15926790000003,,,,,,,,,,,,,227,red,8116,8068,16184
83,,3110120,1,20260830,9178,1012,0,0,0,0,0,31,1,0,0,0,0,0,3,36.297327425434645,140.4228446,,,,,,,,,,,,,227,red,10190,32,10222
83,,3110140,1,20260830,11819,629,1103,0,0,0,0,11952,617,681,0,0,0,0,3,35.70274880470968,139.8786539,,,,,,,,,,,,,233,red,13551,13250,26801
83,,3110150,1,20260830,11371,794,1091,0,0,0,0,7855,1079,910,0,0,0,0,3,35.61902656460475,140.0975838,,,,,,,,,,,,,233,red,13256,9844,23100
83,,3110160,1,20260830,13199,969,1330,0,0,0,0,12598,834,1195,0,0,0,0,3,35.56474703453633,139.7273263,,,,,,,,,,,,,233,red,15498,14627,30125
83,,3110170,1,20260830,15207,1654,0,0,0,0,0,15089,1022,0,0,0,0,0,3,35.52794003448978,139.70328,,,,,,,,,,,,,233,red,16861,16111,32972
83,,3110180,1,20260830,12139,1382,0,0,0,10,0,11079,1056,0,0,0,3,0,3,35.47903203442772,139.638693,,,,,,,,,,,,,233,red,13521,12135,25656
83,,3110190,1,20260830,8772,176,712,0,0,0,0,9005,221,780,0,0,0,0,3,35.26731403415642,139.685375,,,,,,,,,,,,,233,red,9660,10006,19666
83,,3110200,1,20260830,7518,178,416,0,0,0,0,7614,150,540,0,0,0,0,3,35.36071103427663,139.629686,,,,,,,,,,,,,233,red,8112,8304,16416
83,,3110220,1,20260830,16826,2033,0,0,0,0,0,16197,1701,0,0,0,0,0,3,35.58894027456686,139.3426681,,,,,,,,,,,,,233,red,18859,17898,36757
83,,3110230,1,20260830,6112,242,450,0,0,0,0,5844,234,424,0,0,0,0,3,35.483485034433386,139.527129,,,,,,,,,,,,,233,red,6804,6502,13306
83,,3110240,1,20260830,11253,1433,0,0,0,0,0,12627,1638,0,0,0,0,0,3,35.83073572486877,139.3800849,,,,,,,,,,,,,233,red,12686,14265,26951
83,,3110250,1,20260830,17612,1646,351,0,0,0,0,15996,1663,290,0,0,0,0,3,35.707798574715994,140.1198261,,,,,,,,,,,,,233,red,19609,17949,37558
83,,3110260,1,20260830,9475,1008,409,0,0,0,0,11378,661,447,0,0,0,0,3,35.53057826449313,140.0927666,,,,,,,,,,,,,233,red,10892,12486,23378
83,,3110270,1,20260830,9814,891,488,0,0,0,0,10685,1081,582,0,0,0,0,3,35.79240130482129,139.6854329,,,,,,,,,,,,,233,red,11193,12348,23541
83,,3110280,1,20260830,22220,2531,0,0,0,0,0,20849,2302,0,0,0,0,0,3,35.803056924834515,139.6481824,,,,,,,,,,,,,233,red,24751,23151,47902
83,,3110290,1,20260830,15852,1444,0,0,0,0,0,15329,946,0,0,0,0,0,3,36.07243401516468,139.4990623,,,,,,,,,,,,,233,red,17296,16275,33571
83,,3110300,1,20260830,6234,150,0,1,0,0,0,5959,101,0,1,0,0,0,3,36.18854634530473,139.3083894,,,,,,,,,,,,,233,red,6384,6060,12444
83,,3110310,1,20260830,7896,358,127,0,0,0,0,8099,258,106,0,0,0,0,3,36.28225430541672,139.0870374,,,,,,,,,,,,,233,red,8381,8463,16844
83,,3110320,1,20260830,14136,516,483,0,0,0,0,14606,231,308,0,0,0,0,3,36.3553183655034,139.0125096,,,,,,,,,,,,,233,red,15135,15145,30280
83,,3110350,1,20260830,9191,625,0,0,0,0,0,10672,470,0,0,0,0,0,3,36.343173145489025,138.5572287,,,,,,,,,,,,,233,red,9816,11142,20958
83,,3110360,1,20260830,8244,218,0,0,0,0,0,7644,220,0,0,0,0,0,3,36.37715425552919,138.2764444,,,,,,,,,,,,,233,red,8462,7864,16326
83,,3110370,1,20260830,5951,632,0,0,0,0,0,7068,770,0,0,0,0,0,3,36.6491958258463,138.2215959,,,,,,,,,,,,,233,red,6583,7838,14421
83,,3110380,1,20260830,7245,292,0,0,0,0,0,7516,284,0,0,0,0,0,3,36.20646628532621,137.9629773,,,,,,,,,,,,,233,red,7537,7800,15337
83,,3110390,1,20260830,2086,136,0,0,0,0,0,2033,101,0,0,0,0,0,3,36.53866995571842,137.9675826,,,,,,,,,,,,,233,red,2222,2134,4356
83,,3110400,1,20260830,13375,440,826,0,0,0,0,13833,515,1119,0,0,0,0,3,35.669090024667575,139.59433440000004,,,,,,,,,,,,,233,red,14641,15467,30108
83,,3110410,1,20260830,6453,162,380,0,0,0,0,4499,109,289,0,0,0,0,3,35.617552604602885,139.1855389,,,,,,,,,,,,,233,red,6995,4897,11892
83,,3110420,1,20260830,7038,456,0,0,0,0,0,5282,233,0,0,0,0,0,3,35.611220394594916,138.9628673,,,,,,,,,,,,,233,red,7494,5515,13009
83,,3110430,1,20260830,2402,1659,0,0,0,0,0,1464,1570,0,0,0,0,0,3,35.603966294585796,138.8040242,,,,,,,,,,,,,233,red,4061,3034,7095
83,,3110440,1,20260830,12203,515,0,0,0,0,0,11557,418,0,0,0,0,0,3,35.66782617466599,138.5078037,,,,,,,,,,,,,233,red,12718,11975,24693
83,,3110450,1,20260830,2831,273,0,0,0,0,0,3088,170,0,0,0,0,0,3,35.90777048496373,138.2345215,,,,,,,,,,,,,233,red,3104,3258,6362
83,,3110460,1,20260830,4595,178,0,0,0,0,0,4418,133,0,0,0,0,0,3,36.07055654516242,138.0938691,,,,,,,,,,,,,233,red,4773,4551,9324
83,,3110470,1,20260830,7212,344,97,0,0,0,0,7299,362,43,0,0,0,0,3,36.378318235530564,139.2290443,,,,,,,,,,,,,233,red,7653,7704,15357
83,,3110480,1,20260830,13835,854,172,0,0,0,0,12574,1008,266,0,0,0,0,3,36.314701575455274,139.4271684,,,,,,,,,,,,,233,red,14861,13848,28709
83,,3110490,1,20260830,7373,383,0,0,0,0,0,7115,289,0,0,0,0,0,3,36.3924270955472,140.2677888,,,,,,,,,,,,,227,red,7756,7404,15160
83,,3110520,1,20260830,4067,285,0,0,0,0,0,4088,176,0,0,0,0,0,3,35.95803238502537,140.6007609,,,,,,,,,,,,,227,red,4352,4264,8616
83,,3110550,1,20260830,2941,78,280,0,0,0,0,3720,69,142,0,0,0,0,3,35.150913034005455,139.829981,,,,,,,,,,,,,233,red,3299,3931,7230
83,,3110560,1,20260830,8858,458,0,0,0,0,0,8121,283,0,0,0,0,0,3,35.43543715437221,138.84019380000004,,,,,,,,,,,,,233,red,9316,8404,17720
83,,3110570,1,20260830,4229,156,0,0,0,0,0,5012,1289,0,0,0,0,0,3,35.39117538431567,138.86336800000004,,,,,,,,,,,,,233,red,4385,6301,10686
83,,3110580,1,20260830,3577,231,0,0,0,0,0,4077,394,0,0,0,0,0,3,35.47790102442629,138.6703992,,,,,,,,,,,,,233,red,3808,4471,8279
83,,3110590,1,20260830,5286,113,0,0,0,0,0,5829,112,0,0,0,0,0,3,35.51892892447836,138.83839670000003,,,,,,,,,,,,,233,red,5399,5941,11340
83,,3110610,1,20260830,20812,1275,828,0,0,0,0,12058,561,849,0,0,0,0,3,35.536946034501184,139.510691,,,,,,,,,,,,,233,red,22915,13468,36383
83,,3110620,1,20260830,17587,2064,622,0,0,0,0,18009,1758,858,0,0,0,0,3,35.472892034419914,139.412266,,,,,,,,,,,,,233,red,20273,20625,40898
83,,3110630,1,20260830,11664,686,608,0,0,0,0,10639,526,773,0,0,0,0,3,35.4275870343622,139.351511,,,,,,,,,,,,,233,red,12958,11938,24896
83,,3110640,1,20260830,8054,395,496,0,0,0,0,8344,275,382,0,0,0,0,3,35.37445003429424,139.203293,,,,,,,,,,,,,233,red,8945,9001,17946
83,,3110650,1,20260830,7999,746,290,0,0,0,0,5471,379,211,0,0,0,0,3,35.36087503427685,139.014722,,,,,,,,,,,,,233,red,9035,6061,15096
83,,3110660,1,20260830,18885,2174,1166,0,0,0,0,14508,2079,1076,0,0,0,0,3,35.68396699468621,139.992342,,,,,,,,,,,,,233,red,22225,17663,39888
83,,3110670,1,20260830,6949,1779,445,0,0,0,0,6867,2581,392,0,0,0,0,3,35.588442964566234,139.7548217,,,,,,,,,,,,,233,red,9173,9840,19013
83,,3110980,1,20260830,7288,419,151,0,0,0,0,6634,434,151,0,0,0,0,1,36.24888937537695,138.4463891,,,,,,,,,,,,,233,red,7858,7219,15077
83,,3110990,1,20260830,5153,318,0,0,0,0,0,0,0,0,0,0,0,0,1,36.242588925369425,138.4374556,,,,,,,,,,,,,233,red,5471,0,5471
83,,3111000,1,20260830,0,0,0,0,0,0,0,4746,316,0,0,0,0,0,1,36.22486392534824,138.4372861,,,,,,,,,,,,,233,red,0,5062,5062
83,,3111010,1,20260830,4274,294,0,0,0,0,0,4114,332,0,0,0,0,0,1,36.16839725528054,138.4688,,,,,,,,,,,,,233,red,4568,4446,9014
83,,3111030,1,20260830,3005,274,0,0,0,0,0,0,0,0,0,0,0,0,1,36.14629447525393,138.4676028,,,,,,,,,,,,,233,red,3279,0,3279
83,,3111040,1,20260830,0,0,0,0,0,0,0,2901,297,0,0,0,0,0,1,36.13644447524206,138.4613806,,,,,,,,,,,,,233,red,0,3198,3198
83,,3111050,1,20260830,6938,534,86,0,0,0,0,6211,474,65,0,0,0,0,1,35.443037034381895,138.453937,,,,,,,,,,,,,233,red,7558,6750,14308
83,,3111060,1,20260830,6587,416,174,0,0,0,0,5994,380,280,0,0,0,0,1,35.48100503443024,138.45894900000002,,,,,,,,,,,,,233,red,7177,6654,13831
83,,3111070,1,20260830,6968,543,110,0,0,0,0,5958,502,69,0,0,0,0,1,35.35961103427522,138.456636,,,,,,,,,,,,,233,red,7621,6529,14150
83,,3111080,1,20260830,7055,525,132,0,0,0,0,6045,477,66,0,0,0,0,1,35.337913034247364,138.45119000000003,,,,,,,,,,,,,233,red,7712,6588,14300
83,,3111090,1,20260830,6669,508,79,0,0,0,0,5623,455,71,0,0,0,0,1,35.27778503416994,138.444487,,,,,,,,,,,,,233,red,7256,6149,13405
83,,3310680,1,20260830,13698,689,794,0,0,0,0,13940,684,969,0,0,0,0,3,35.55346203452207,139.695301,,,,,,,,,,,,,233,red,15181,15593,30774
83,,3310690,1,20260830,8884,491,666,0,0,0,0,8704,373,670,0,0,0,0,3,35.476498034424495,139.611304,,,,,,,,,,,,,233,red,10041,9747,19788
83,,3310720,1,20260830,15868,1213,1059,0,0,0,0,15484,944,1391,0,0,0,0,3,35.78172684480805,139.8030451,,,,,,,,,,,,,233,red,18140,17819,35959
83,,3310730,1,20260830,11798,855,1253,0,0,0,0,12187,692,1296,0,0,0,0,3,35.723854004736026,139.819876,,,,,,,,,,,,,233,red,13906,14175,28081
83,,3310740,1,20260830,16087,1113,1052,0,0,0,0,0,0,0,0,233,233,0,3,35.76173829478322,139.8620188,,,,,,,,,,,,,233,red,18252,0,18252
83,,3310750,1,20260830,16272,1079,686,0,0,0,0,18813,950,1211,0,0,0,0,3,35.768080334791094,139.8831359,,,,,,,,,,,,,233,red,18037,20974,39011
83,,3310760,1,20260830,6535,271,0,0,0,0,0,6277,119,0,0,0,0,0,3,36.333593035477676,140.487226,,,,,,,,,,,,,227,red,6806,6396,13202
83,,3310770,1,20260830,12924,740,2220,0,0,0,0,10629,690,1372,0,0,0,0,3,35.696867714702336,139.8301488,,,,,,,,,,,,,233,red,15884,12691,28575
83,,3310780,1,20260830,11587,731,1075,0,0,0,0,11658,699,1047,0,0,0,0,3,35.550513454518345,139.7165117,,,,,,,,,,,,,233,red,13393,13404,26797
83,,3310790,1,20260830,8418,401,0,0,0,0,0,9655,505,0,0,0,0,0,3,35.30616103420651,139.624807,,,,,,,,,,,,,233,red,8819,10160,18979
83,,3310810,1,20260830,11335,1861,1064,0,0,0,0,12051,2152,668,0,0,0,0,3,35.88142903493132,139.9657318,,,,,,,,,,,,,233,red,14260,14871,29131
83,,3310820,1,20260830,14153,1190,1519,0,0,0,0,12990,1112,804,0,0,0,0,3,35.769723434793136,139.7015664,,,,,,,,,,,,,233,red,16862,14906,31768
83,,3310830,1,20260830,5191,360,45,0,0,0,0,4206,130,37,0,0,0,0,3,36.65616783585431,139.0205401,,,,,,,,,,,,,233,red,5596,4373,9969
83,,3310840,1,20260830,13569,563,947,0,0,0,0,12717,581,959,0,0,0,0,3,35.67115788467016,139.6194506,,,,,,,,,,,,,233,red,15079,14257,29336
83,,3310850,1,20260830,16854,726,0,0,0,0,0,16461,502,0,0,0,0,0,3,35.644829464637155,138.6173022,,,,,,,,,,,,,233,red,17580,16963,34543
83,,3310860,1,20260830,2848,241,0,0,0,0,0,2986,192,0,0,0,0,0,3,35.85597447489995,138.2880181,,,,,,,,,,,,,233,red,3089,3178,6267
83,,3310880,1,20260830,3287,153,0,0,0,0,0,3166,99,0,0,0,0,0,3,35.58082577455663,138.474952,,,,,,,,,,,,,233,red,3440,3265,6705
83,,3310890,1,20260830,16112,742,1102,0,0,0,0,15900,708,1364,0,0,0,0,3,35.625824724613295,139.6414769,,,,,,,,,,,,,233,red,17956,17972,35928
83,,3310900,1,20260830,24797,1347,1580,0,0,0,0,23806,1212,1327,0,0,0,0,3,35.60764403459042,139.613062,,,,,,,,,,,,,233,red,27724,26345,54069
83,,3310910,1,20260830,6981,849,579,0,0,0,0,6119,384,195,0,0,0,0,3,35.34910803426173,139.141352,,,,,,,,,,,,,233,red,8409,6698,15107
83,,3310920,1,20260830,11250,676,1346,0,0,0,0,10981,956,1405,0,0,0,0,3,35.74888073476721,139.6969986,,,,,,,,,,,,,233,red,13272,13342,26614
83,,3310930,1,20260830,14928,881,1085,0,0,0,0,14883,741,792,0,0,0,0,3,35.757753044778255,139.6835902,,,,,,,,,,,,,233,red,16894,16416,33310
83,,3310940,1,20260830,20562,1672,666,0,0,0,0,20317,1847,556,0,0,0,0,3,35.653820154648436,140.0442401,,,,,,,,,,,,,233,red,22900,22720,45620
83,,3310950,1,20260830,23363,2866,829,0,0,0,0,21425,4028,1648,0,0,0,0,3,35.64815995464133,139.9005461,,,,,,,,,,,,,233,red,27058,27101,54159
83,,3310960,1,20260830,3447,889,405,0,0,0,0,2739,710,472,0,0,0,0,3,35.646721404639536,139.8238456,,,,,,,,,,,,,233,red,4741,3921,8662
84,,4110010,1,20260830,28865,1761,0,0,0,0,0,25414,2654,0,0,0,0,0,3,37.932215037230314,139.139722,,,,,,,,,,,,,233,red,30626,28068,58694
84,,4110020,1,20260830,7359,126,0,0,0,0,0,7381,127,0,0,0,0,0,3,37.96100603725917,139.354741,,,,,,,,,,,,,233,red,7485,7508,14993
84,,4110030,1,20260830,2961,504,0,0,0,0,0,2490,306,0,0,0,0,0,3,38.540634037818585,139.550276,,,,,,,,,,,,,233,red,3465,2796,6261
84,,4110040,1,20260830,35598,1533,0,0,0,0,0,36328,1389,0,0,0,0,0,3,37.89993403719785,139.068639,139.0649569,37.8988954271968,,,,,,,,,,,233,red,37131,37717,74848
84,,4110060,1,20260830,6201,238,501,0,0,0,0,6486,516,580,0,0,0,0,3,37.56415502685272,138.8938299,,,,,,,,,,,,,233,red,6940,7582,14522
84,,4110070,1,20260830,7025,103,119,0,0,0,0,7568,102,115,0,0,0,0,3,37.44889503673119,138.76828100000003,,,,,,,,,,,,,233,red,7247,7785,15032
84,,4110090,1,20260830,1088,238,0,0,0,0,0,1246,148,0,0,0,0,0,3,36.97923003622018,137.642048,,,,,,,,,,,,,233,red,1326,1394,2720
84,,4110110,1,20260830,12072,402,58,0,0,0,0,11594,223,57,0,0,0,0,3,36.737147395947105,137.3387361,137.3387361,36.737147395947105,,,,,,,,,,,233,red,12532,11874,24406
84,,4110120,1,20260830,11520,362,53,0,0,0,0,11981,325,38,0,0,0,0,3,36.74295939595373,137.1063924,,,,,,,,,,,,,233,red,11935,12344,24279
84,,4110130,1,20260830,10785,330,44,0,0,0,0,10350,333,96,0,0,0,0,3,36.75988562597303,137.0465469,,,,,,,,,,,,,233,red,11159,10779,21938
84,,4110140,1,20260830,8383,320,52,0,0,0,0,7942,357,32,0,0,0,0,3,36.6765250558777,136.8260425,,,,,,,,,,,,,233,red,8755,8331,17086
84,,4110150,1,20260830,24256,1006,0,0,0,0,0,24241,1159,0,0,0,0,0,3,36.589046875776866,136.6271782,136.6276288,36.58868075577644,,,,,,,,,,,233,red,25262,25400,50662
84,,4110160,1,20260830,8320,514,0,0,0,0,0,7440,490,0,0,0,0,0,3,36.33272803547666,136.42083400000004,,,,,,,,,,,,,233,red,8834,7930,16764
84,,4110180,1,20260830,3194,67,0,0,0,0,0,2991,69,0,0,0,0,0,3,37.35568202663179,138.5718066,,,,,,,,,,,,,233,red,3261,3060,6321
84,,4110190,1,20260830,702,61,22,0,0,0,0,674,32,20,0,0,0,0,3,36.785345316001994,138.8016209,,,,,,,,,,,,,233,red,785,726,1511
84,,4110200,1,20260830,4120,496,217,0,0,0,0,3943,144,458,0,0,0,0,3,37.05929117630906,138.8725331,,,,,,,,,,,,,233,red,4833,4545,9378
84,,4110210,1,20260830,4984,520,1042,0,0,0,0,6378,229,962,0,0,0,0,3,37.379305636657065,138.8344324,,,,,,,,,,,,,233,red,6546,7569,14115
84,,4110220,1,20260830,3305,186,0,0,0,0,0,3074,120,0,0,0,0,0,3,36.859512036085945,138.194944,,,,,,,,,,,,,233,red,3491,3194,6685
84,,4110230,1,20260830,5163,141,23,0,0,0,0,4581,112,19,0,0,0,0,3,36.59277686578118,137.2042608,,,,,,,,,,,,,233,red,5327,4712,10039
84,,4110240,1,20260830,8365,183,44,0,0,0,0,8461,174,86,0,0,0,0,3,36.68543044588792,137.2119749,,,,,,,,,,,,,233,red,8592,8721,17313
84,,4110250,1,20260830,2092,190,0,0,0,0,0,2037,128,0,0,0,0,0,3,37.66099003695361,139.47592,,,,,,,,,,,,,233,red,2282,2165,4447
84,,4110260,1,20260830,2880,246,0,0,0,0,0,2060,169,0,0,0,0,0,3,38.081379037378746,139.576978,,,,,,,,,,,,,233,red,3126,2229,5355
84,,4110270,1,20260830,3108,304,0,0,0,0,0,2930,148,0,0,0,0,0,3,37.60222103689251,138.798415,,,,,,,,,,,,,233,red,3412,3078,6490
84,,4110280,1,20260830,7636,78,23,0,0,0,0,8110,78,33,0,0,0,0,3,36.650611795847915,136.963672,,,,,,,,,,,,,233,red,7737,8221,15958
84,,4110290,1,20260830,7939,284,0,0,0,0,0,7885,253,0,0,0,0,0,3,36.52124203569812,136.587868,,,,,,,,,,,,,233,red,8223,8138,16361
84,,4110300,1,20260830,11818,1373,0,0,233,0,0,12829,265,0,0,0,0,0,3,36.59043403577848,136.685666,136.68521,36.59039903577843,,,,,,,,,,,233,red,13191,13094,26285
84,,4110310,1,20260830,340,9,2,0,0,0,0,382,5,7,0,0,0,0,3,37.0464990362949,137.047738,,,,,,,,,,,,,233,red,351,394,745
84,,4110320,1,20260830,2774,82,19,0,0,0,0,2555,125,14,0,0,0,0,3,36.8686864160963,136.96136,,,,,,,,,,,,,233,red,2875,2694,5569
84,,4110330,1,20260830,3802,100,46,0,0,0,0,3673,150,50,0,0,0,0,3,36.83313510605615,136.9442582,,,,,,,,,,,,,233,red,3948,3873,7821
84,,4110340,1,20260830,3669,1321,0,0,0,0,0,2523,2453,0,0,0,0,0,3,36.75969223597281,136.9658715,,,,,,,,,,,,,233,red,4990,4976,9966
84,,4110350,1,20260830,2699,131,0,0,0,0,0,1937,268,0,0,233,0,0,3,37.240650036507716,136.905469,,,,,,,,,,,,,233,red,2830,2205,5035
84,,4110351,1,20260830,1196,42,0,0,0,0,0,868,38,0,0,0,0,0,3,37.31000403658269,136.9066,,,,,,,,,,,,,233,red,1238,906,2144
84,,4110370,1,20260830,4189,98,0,0,0,0,0,4153,69,0,0,0,0,0,6,37.83527203713243,139.227435,,,,,,,,,,,,,233,red,4287,4222,8509
84,,4110371,1,20260830,4359,172,0,0,0,0,0,4600,131,0,0,0,0,0,3,37.829370037126424,139.20906,,,,,,,,,,,,,233,red,4531,4731,9262
84,,4110380,1,20260830,3048,179,0,0,0,0,0,3100,81,0,0,0,0,0,3,37.73164303702653,139.333641,,,,,,,,,,,,,233,red,3227,3181,6408
84,,4110390,1,20260830,2722,200,0,0,0,0,0,2737,132,0,0,0,0,0,3,37.699376036993314,139.38248,,,,,,,,,,,,,233,red,2922,2869,5791
84,,4110410,1,20260830,12610,568,0,0,0,0,0,11589,565,0,0,0,0,0,3,36.38238103553535,136.486002,,,,,,,,,,,,,233,red,13178,12154,25332
84,,4110430,1,20260830,983,53,0,0,0,0,0,672,79,0,0,0,0,0,3,37.01726703626248,136.967459,,,,,,,,,,,,,233,red,1036,751,1787
84,,4110440,1,20260830,4103,105,21,0,0,0,0,3816,150,80,0,0,0,0,3,36.80001257601863,136.9558319,,,,,,,,,,,,,233,red,4229,4046,8275
84,,4110450,1,20260830,2698,110,79,0,0,0,0,2524,209,42,0,0,0,0,3,36.88168028611092,136.97572590000001,,,,,,,,,,,,,233,red,2887,2775,5662
84,,4110460,1,20260830,2781,88,10,0,0,0,0,2342,130,10,0,0,0,0,3,36.93083435616611,137.0132339,,,,,,,,,,,,,233,red,2879,2482,5361
84,,4110470,1,20260830,7010,289,87,0,0,0,0,6952,173,18,0,0,0,0,3,36.84399970606843,137.4189931,,,,,,,,,,,,,233,red,7386,7143,14529
84,,4110480,1,20260830,5829,250,0,0,0,0,0,5713,389,0,0,0,0,0,3,37.7661015170619,139.0265521,,,,,,,,,,,,,233,red,6079,6102,12181
84,,4110490,1,20260830,4982,203,0,0,0,0,0,5133,329,0,0,0,0,0,3,37.77256794706851,139.0261587,,,,,,,,,,,,,233,red,5185,5462,10647
84,,4110880,1,20260830,4999,175,0,0,0,0,0,5186,234,0,0,0,0,0,3,37.159443036419226,138.223379,,,,,,,,,,,,,233,red,5174,5420,10594
84,,4160390,1,20260830,767,248,0,0,0,109,0,1748,200,0,0,0,0,0,1,38.268866037561445,139.522026,,,,,,,,,,,,,233,red,1015,1948,2963
84,,4310010,1,20260830,19559,536,0,0,0,0,0,16695,560,0,0,0,0,0,3,37.90111003719903,139.07252,139.07275,37.90117003719909,,,,,,,,,,,233,red,20095,17255,37350
84,,4310012,1,20260830,5524,75,0,0,0,0,0,4864,48,0,0,0,0,0,3,37.92162903721969,139.058415,139.059129,37.921847037219905,,,,,,,,,,,233,red,5599,4912,10511
84,,4310014,1,20260830,28448,1209,0,0,0,0,0,18584,643,0,0,0,233,0,3,37.91719603721522,139.11685,,,,,,,,,,,,,233,red,29657,19227,48884
84,,4310020,1,20260830,15707,262,0,0,0,0,0,7642,139,0,0,0,0,0,3,37.96990561726807,139.2601579,,,,,,,,,,,,,233,red,15969,7781,23750
84,,4310030,1,20260830,15286,274,0,0,0,0,0,12590,227,0,0,0,0,0,3,37.959626427257795,139.290365,,,,,,,,,,,,,233,red,15560,12817,28377
84,,4310060,1,20260830,10533,350,0,0,0,0,0,12577,531,0,0,0,0,0,3,37.855369037152805,139.017016,,,,,,,,,,,,,233,red,10883,13108,23991
84,,4310070,1,20260830,6325,290,0,0,0,0,0,5865,370,0,0,0,0,0,3,37.213535036478255,138.30873,,,,,,,,,,,,,233,red,6615,6235,12850
84,,4310080,1,20260830,7558,222,0,0,0,0,0,7826,261,0,0,0,0,0,3,37.15957303641935,138.228132,,,,,,,,,,,,,233,red,7780,8087,15867
84,,4310090,1,20260830,3515,181,0,0,0,0,0,3625,225,0,0,0,0,0,3,37.119068036374955,138.031711,,,,,,,,,,,,,233,red,3696,3850,7546
84,,4310100,1,20260830,3829,166,0,0,0,0,0,3553,209,0,0,0,0,0,3,37.04548803629378,137.853387,,,,,,,,,,,,,233,red,3995,3762,7757
84,,4310110,1,20260830,2213,45,37,0,0,0,0,1675,26,26,0,0,0,0,3,37.055192036304526,137.905522,,,,,,,,,,,,,233,red,2295,1727,4022
84,,4310120,1,20260830,4139,482,0,0,0,0,0,3565,183,0,0,0,0,0,3,36.94553606618256,137.53465,,,,,,,,,,,,,233,red,4621,3748,8369
84,,4310130,1,20260830,8587,331,14,0,0,0,0,8780,192,56,0,0,0,0,3,36.77997831599589,137.3953897,137.3949552,36.779578725995435,,,,,,,,,,,228,red,8932,9028,17960
84,,4310160,1,20260830,3829,101,0,0,0,0,0,3545,114,0,0,0,0,0,3,36.6900247158932,136.89856410000002,,,,,,,,,,,,,233,red,3930,3659,7589
84,,4310170,1,20260830,2503,235,32,0,0,0,0,0,0,0,0,0,0,0,3,36.92741586616228,137.4845517,,,,,,,,,,,,,233,red,2770,0,2770
84,,4310190,1,20260830,8451,694,0,0,233,0,0,7957,459,0,0,233,0,0,3,36.68614025588873,136.7302394,,,,,,,,,,,,,233,red,9145,8416,17561
84,,4310210,1,20260830,20118,2745,0,0,0,0,0,18272,1536,0,0,0,0,0,3,36.562841365746486,136.5982425,,,,,,,,,,,,,233,red,22863,19808,42671
84,,4310220,1,20260830,16009,870,0,0,0,0,0,16729,672,0,0,0,0,0,3,36.50450003567862,136.550432,,,,,,,,,,,,,233,red,16879,17401,34280
84,,4310230,1,20260830,12060,548,0,0,0,0,0,12048,503,0,0,0,0,0,3,36.42391556558427,136.483165,,,,,,,,,,,,,233,red,12608,12551,25159
84,,4310250,1,20260830,3959,461,0,0,0,0,0,3692,494,0,0,0,0,0,3,36.2785439554123,136.2915319,,,,,,,,,,,,,233,red,4420,4186,8606
84,,4310270,1,20260830,2525,27,15,0,0,0,0,1908,24,14,0,0,0,0,3,37.072231146323354,138.87240170000004,,,,,,,,,,,,,233,red,2567,1946,4513
84,,4310280,1,20260830,4945,314,0,0,0,0,1,5229,216,0,0,0,0,1,3,36.93595003617183,138.219789,,,,,,,,,,,,,233,red,5259,5445,10704
84,,4310300,1,20260830,13018,551,0,0,0,0,0,14153,475,0,0,0,0,0,3,37.135361036392844,138.266363,,,,,,,,,,,,,233,red,13569,14628,28197
84,,4310310,1,20260830,2232,166,16,0,0,0,0,2318,105,19,0,0,0,0,3,36.469212195637375,137.2416294,,,,,,,,,,,,,233,red,2414,2442,4856
84,,4310320,1,20260830,2151,166,52,0,0,0,0,2339,93,26,0,0,0,0,3,36.51196446568731,137.2282451,,,,,,,,,,,,,233,red,2369,2458,4827
84,,4310330,1,20260830,7403,180,0,0,0,0,0,6807,187,0,0,0,0,0,3,36.636592975831775,137.209239,,,,,,,,,,,,,233,red,7583,6994,14577
84,,4310350,1,20260830,11935,588,0,0,0,0,0,10835,1363,0,0,0,0,0,3,37.85868303715617,139.114645,,,,,,,,,,,,,233,red,12523,12198,24721
84,,4310360,1,20260830,2325,289,669,0,0,0,0,3228,191,168,0,0,0,0,3,37.44596703672809,138.637808,,,,,,,,,,,,,233,red,3283,3587,6870
84,,4310370,1,20260830,5300,388,0,0,0,0,0,5081,373,0,0,0,0,0,3,37.659782356952356,138.8757271,,,,,,,,,,,,,233,red,5688,5454,11142
84,,4310380,1,20260830,4812,315,0,0,0,0,0,4478,327,0,0,0,0,0,3,37.75046003704586,138.90062,,,,,,,,,,,,,233,red,5127,4805,9932
84,,4310390,1,20260830,112,121,0,0,0,0,0,364,64,0,0,0,115,0,3,37.8373130371345,138.931687,,,,,,,,,,,,,233,red,233,428,661
84,,4310400,1,20260830,494,9,8,0,0,0,0,511,12,14,0,0,0,0,3,36.554335475736636,137.0083094,,,,,,,,,,,,,233,red,511,537,1048
84,,4310410,1,20260830,3594,129,10,0,0,0,0,3529,100,15,0,0,0,0,3,36.956120636194385,136.8892354,,,,,,,,,,,,,233,red,3733,3644,7377
84,,4310411,1,20260830,3709,123,0,0,0,0,0,3627,134,0,0,0,0,0,3,36.92171203615589,136.844019,,,,,,,,,,,,,233,red,3832,3761,7593
84,,4310420,1,20260830,1726,32,0,0,0,0,0,1697,39,0,0,0,0,0,3,36.81057320603062,136.7629731,,,,,,,,,,,,,233,red,1758,1736,3494
84,,4310430,1,20260830,15195,771,0,0,0,0,0,15113,389,0,0,0,0,0,3,36.68889768589191,136.7214257,,,,,,,,,,,,,233,red,15966,15502,31468
84,,4310440,1,20260830,8505,168,0,0,0,0,0,8108,180,0,0,0,0,0,3,36.62649371582013,136.7029238,,,,,,,,,,,,,233,red,8673,8288,16961
84,,4310441,1,20260830,11468,259,0,0,0,0,0,11216,186,0,0,0,0,0,3,36.60182503579164,136.700048,,,,,,,,,,,,,233,red,11727,11402,23129
84,,4310450,1,20260830,15430,274,0,0,0,0,0,15005,149,664,0,0,21,0,3,36.57428003575976,136.686305,136.6864014,36.57449126576,,,,,,,,,,,233,red,15704,15818,31522
84,,4310460,1,20260830,254,5,11,0,0,0,0,204,7,12,0,0,0,0,3,36.9580881961966,137.048108,,,,,,,,,,,,,233,red,270,223,493
84,,4310470,1,20260830,9191,192,37,0,0,0,0,9797,151,51,0,0,0,0,3,36.77955370599541,137.0001501,,,,,,,,,,,,,233,red,9420,9999,19419
85,22,5110100,1,20260830,4393,185,735,0,0,0,0,13380,816,3052,0,0,0,0,3,35.15213957400704,138.9246216,,,,,,,,,,,,,233,red,5313,17248,22561
85,22,5110109,1,20260830,6310,533,218,0,0,0,0,5783,251,106,0,0,0,0,3,35.118767763963525,138.9293772,,,,,,,,,,,,,233,red,7061,6140,13201
85,22,5110111,1,20260830,15273,566,314,0,0,0,0,13686,448,804,0,0,0,0,3,35.10924329395108,138.9124954,,,,,,,,,,,,,233,red,16153,14938,31091
85,22,5110115,1,20260830,15385,1422,0,0,0,0,0,15311,899,0,0,0,0,0,3,35.138890033989775,138.739584,,,,,,,,,,,,,233,red,16807,16210,33017
85,22,5110120,1,20260830,19682,1750,0,0,0,0,0,20455,1334,0,0,0,0,0,3,35.06126803388831,138.536991,,,,,,,,,,,,,233,red,21432,21789,43221
85,22,5110125,1,20260830,13257,258,0,0,0,0,0,12892,254,0,0,0,0,0,3,34.99945503380712,138.431978,,,,,,,,,,,,,233,red,13515,13146,26661
85,22,5110130,1,20260830,21219,1825,0,0,0,0,0,22033,1607,0,0,0,0,0,3,35.00292603381168,138.37946,,,,,,,,,,,,,233,red,23044,23640,46684
85,22,5110135,1,20260830,21218,1658,0,0,0,0,0,23465,1372,0,0,0,0,0,3,34.9427310337323,138.326229,,,,,,,,,,,,,233,red,22876,24837,47713
85,22,5110140,1,20260830,12910,1136,0,0,0,0,0,13068,872,0,0,0,0,0,3,34.87443903364182,138.231472,,,,,,,,,,,,,233,red,14046,13940,27986
85,22,5110145,1,20260830,12937,1120,0,0,0,0,0,14171,1055,0,0,0,0,0,3,34.831770733585074,138.1182557,,,,,,,,,,,,,233,red,14057,15226,29283
85,22,5110148,1,20260830,27996,1675,0,0,0,0,0,29192,1386,0,0,0,0,0,3,34.73805952345989,137.853806,,,,,,,,,,,,,233,red,29671,30578,60249
85,22,5110150,1,20260830,29876,1443,438,0,0,0,0,30113,3084,0,0,0,0,0,3,34.731415953450984,137.7966642,,,,,,,,,,,,,233,red,31757,33197,64954
85,22,5110155,1,20260830,15969,1557,0,0,0,0,0,7370,762,0,0,0,0,0,3,34.67742179337847,137.6802735,,,,,,,,,,,,,233,red,17526,8132,25658
85,22,5110158,1,20260830,18875,1549,0,0,0,0,0,18804,1236,0,0,0,0,0,3,34.67846877337988,137.608459,,,,,,,,,,,,,233,red,20424,20040,40464
85,22,5110160,1,20260830,13332,1291,0,0,0,0,0,14371,1190,0,0,0,0,0,3,34.67701253337791,137.5025406,,,,,,,,,,,,,233,red,14623,15561,30184
85,23,5110170,1,20260830,12996,790,0,0,0,0,0,15092,913,0,0,0,0,0,3,34.7982592835404,137.36621260000004,,,,,,,,,,,,,233,red,13786,16005,29791
85,23,5110175,1,20260830,12001,479,0,0,0,0,0,13324,435,0,0,0,0,0,3,34.92391956370741,137.2032416,,,,,,,,,,,,,233,red,12480,13759,26239
85,23,5110180,1,20260830,6151,616,0,0,0,0,0,6706,189,0,0,0,0,0,3,35.12246228396835,136.7712316,,,,,,,,,,,,,233,red,6767,6895,13662
85,24,5110185,1,20260830,8972,347,0,0,0,0,0,8130,304,0,0,0,0,0,3,35.02683417384312,136.6459825,,,,,,,,,,,,,233,red,9319,8434,17753
85,24,5110190,1,20260830,10123,1264,0,0,0,0,0,10949,950,0,0,0,0,0,3,34.914394373694805,136.5686551,,,,,,,,,,,,,233,red,11387,11899,23286
85,23,5110250,1,20260830,11901,503,0,0,0,0,0,12650,476,0,0,0,0,0,3,35.23002111410819,136.9279236,,,,,,,,,,,,,233,red,12404,13126,25530
85,23,5110255,1,20260830,12685,463,0,0,0,0,0,9650,592,0,0,0,0,0,3,35.22358825409986,136.8807274,,,,,,,,,,,,,233,red,13148,10242,23390
85,22,5111410,1,20260830,6626,175,88,0,0,0,0,4869,109,37,0,0,0,0,3,34.9385786437268,138.9422778,,,,,,,,,,,,,233,red,6889,5015,11904
85,22,5111435,1,20260830,12040,596,0,0,0,0,0,12380,539,0,0,0,0,0,3,35.112323893955114,138.9483055,,,,,,,,,,,,,233,red,12636,12919,25555
85,22,5111440,1,20260830,3466,155,71,0,0,0,0,3813,138,95,0,0,0,0,3,35.09294534392978,138.9461249,,,,,,,,,,,,,233,red,3692,4046,7738
85,22,5111460,1,20260830,1912,55,0,0,0,0,0,2524,85,0,0,0,0,0,3,34.773393033507176,138.94734200000002,,,,,,,,,,,,,233,red,1967,2609,4576
85,23,5111910,1,20260830,19418,1446,0,0,0,0,0,20011,1560,0,0,0,0,0,3,35.251491704135965,136.9747388,,,,,,,,,,,,,233,red,20864,21571,42435
85,21,5111920,1,20260830,14388,687,0,0,0,0,0,12967,561,0,0,0,0,0,3,35.33014667423738,137.0762497,,,,,,,,,,,,,233,red,15075,13528,28603
85,21,5111930,1,20260830,11818,559,0,0,0,0,0,11422,566,0,0,0,0,0,3,35.36635604428386,137.2135359,,,,,,,,,,,,,233,red,12377,11988,24365
85,21,5111940,1,20260830,14888,949,0,0,0,0,0,14300,819,0,0,0,0,0,3,35.477490394425764,137.4827895,,,,,,,,,,,,,233,red,15837,15119,30956
85,21,5111950,1,20260830,4958,511,0,0,0,0,0,4329,359,0,0,0,0,0,3,35.54294722450878,137.5415325,,,,,,,,,,,,,233,red,5469,4688,10157
85,20,5111960,1,20260830,3572,539,0,0,0,0,0,3012,423,0,0,0,0,0,3,35.79372550482294,137.6867026,,,,,,,,,,,,,233,red,4111,3435,7546
85,20,5111970,1,20260830,0,0,0,0,0,233,0,5219,0,0,0,0,0,0,3,35.86568255491192,137.7375698,,,,,,,,,,,,,233,red,0,5219,5219
85,21,5112190,1,20260830,3764,238,0,0,0,0,0,3550,293,0,0,0,0,0,3,35.35969120427531,136.4557958,,,,,,,,,,,,,233,red,4002,3843,7845
85,21,5112240,1,20260830,21208,928,0,0,0,0,0,19021,731,0,0,0,0,0,3,35.38091091430252,136.7844039,,,,,,,,,,,,,233,red,22136,19752,41888
85,23,5112320,1,20260830,28681,2395,0,0,0,0,0,28226,2275,0,0,0,0,0,3,34.935405063722605,137.0426846,,,,,,,,,,,,,233,red,31076,30501,61577
85,23,5112325,1,20260830,37772,2788,0,0,0,0,0,36173,3052,0,0,0,0,0,3,35.020771293835146,137.0130622,,,,,,,,,,,,,233,red,40560,39225,79785
85,23,5112330,1,20260830,42336,3477,0,0,0,0,0,42217,3118,0,0,0,0,0,3,35.04312062386452,136.9841158,,,,,,,,,,,,,233,red,45813,45335,91148
85,23,5112340,1,20260830,19276,2324,0,0,0,0,0,18057,1687,0,0,0,0,0,3,35.06974911389942,136.7566216,,,,,,,,,,,,,233,red,21600,19744,41344
85,24,5112350,1,20260830,19885,2314,0,0,0,0,0,19229,1595,0,0,0,0,0,3,35.00912200381983,136.6732612,,,,,,,,,,,,,233,red,22199,20824,43023
85,24,5112355,1,20260830,18798,543,0,0,0,0,0,16205,346,0,0,0,0,0,3,34.75468373348215,136.5225828,,,,,,,,,,,,,233,red,19341,16551,35892
85,24,5112360,1,20260830,13466,375,0,0,0,0,0,12484,289,0,0,0,0,0,3,34.558484833217825,136.6473028,,,,,,,,,,,,,233,red,13841,12773,26614
85,24,5112370,1,20260830,10935,669,0,0,0,0,0,10554,459,0,0,0,0,0,3,34.78302070352005,136.5006557,,,,,,,,,,,,,233,red,11604,11013,22617
85,24,5112375,1,20260830,10844,666,0,0,0,0,0,10835,503,0,0,0,0,0,3,34.74150673346451,136.4838785,,,,,,,,,,,,,233,red,11510,11338,22848
85,24,5112550,1,20260830,18479,3816,0,0,0,0,0,17580,2363,0,0,0,0,0,3,34.839452033595315,136.260335,,,,,,,,,,,,,233,red,22295,19943,42238
85,24,5112590,1,20260830,15424,3599,0,0,0,0,0,16008,2037,0,0,0,0,0,3,34.703780033413906,136.071242,,,,,,,,,,,,,233,red,19023,18045,37068
85,22,5113885,1,20260830,8972,539,0,0,0,0,0,12944,697,0,0,0,0,0,3,35.33142394423902,138.8977143,,,,,,,,,,,,,233,red,9511,13641,23152
85,22,5113890,1,20260830,6686,320,0,0,0,0,0,9464,304,0,0,0,0,0,3,35.32388868422933,138.9049485,,,,,,,,,,,,,233,red,7006,9768,16774
85,22,5113910,1,20260830,15718,923,0,0,0,0,0,13295,905,0,0,0,0,0,3,35.18190903404577,138.676858,,,,,,,,,,,,,233,red,16641,14200,30841
85,22,5113920,1,20260830,14793,1129,0,0,0,0,0,14759,589,0,0,0,0,0,3,35.209794034081966,138.64987,,,,,,,,,,,,,233,red,15922,15348,31270
85,22,5113990,1,20260830,3725,237,0,0,0,0,0,3332,315,0,0,0,0,0,3,35.41511303434628,138.590083,,,,,,,,,,,,,233,red,3962,3647,7609
85,23,5114110,1,20260830,16224,1109,0,0,0,0,0,15551,1052,0,0,0,0,0,3,35.268750034158266,136.907566,,,,,,,,,,,,,233,red,17333,16603,33936
85,23,5114120,1,20260830,16441,1103,0,0,0,0,0,16968,1088,0,0,0,0,0,3,35.33167103423934,136.91981,,,,,,,,,,,,,233,red,17544,18056,35600
85,21,5114130,1,20260830,5355,427,0,0,0,0,0,4623,208,0,0,0,0,0,3,35.48643303443713,137.055201,,,,,,,,,,,,,233,red,5782,4831,10613
85,21,5114140,1,20260830,4284,747,0,0,0,0,0,3850,262,0,0,0,0,0,3,35.78858303481656,137.25606,,,,,,,,,,,,,233,red,5031,4112,9143
85,21,5114150,1,20260830,4119,230,0,0,0,0,0,3867,178,0,0,0,0,0,3,35.86755403491424,137.213563,,,,,,,,,,,,,233,red,4349,4045,8394
85,21,5114160,1,20260830,2982,221,0,0,0,0,0,2718,151,0,0,0,0,0,3,36.07096803516291,137.267306,,,,,,,,,,,,,233,red,3203,2869,6072
85,21,5114170,1,20260830,1865,192,0,0,0,0,0,1559,312,0,0,0,0,0,3,36.26496203539611,137.138911,,,,,,,,,,,,,233,red,2057,1871,3928
85,21,5114180,1,20260830,1358,167,0,0,0,0,0,1469,115,0,0,0,0,0,3,36.459520035626035,137.248946,,,,,,,,,,,,,233,red,1525,1584,3109
85,24,5114210,1,20260830,7232,175,0,0,0,0,0,7091,143,0,0,0,0,0,3,34.51961103316506,136.541333,,,,,,,,,,,,,233,red,7407,7234,14641
85,24,5114230,1,20260830,2097,112,0,0,0,0,0,2020,69,0,0,0,0,0,3,34.31527803288554,136.410056,,,,,,,,,,,,,233,red,2209,2089,4298
85,24,5114250,1,20260830,1557,34,0,0,0,0,0,1613,40,0,0,0,0,0,3,34.09569403258125,136.196222,,,,,,,,,,,,,233,red,1591,1653,3244
85,24,5114270,1,20260830,1588,70,0,0,0,0,0,1614,45,0,0,0,0,0,3,34.275333032830495,136.358917,,,,,,,,,,,,,233,red,1658,1659,3317
85,24,5114290,1,20260830,5415,207,0,0,0,0,0,5137,161,0,0,0,0,0,3,33.86069403225124,136.076111,,,,,,,,,,,,,233,red,5622,5298,10920
85,22,5114610,1,20260830,13611,908,196,0,0,0,0,7045,362,343,0,0,0,0,3,35.152874244008,138.8951207,,,,,,,,,,,,,233,red,14715,7750,22465
85,22,5114620,1,20260830,9881,718,151,0,0,0,0,10260,458,550,0,0,0,0,3,35.13134103397993,138.875041,,,,,,,,,,,,,233,red,10750,11268,22018
85,22,5114630,1,20260830,8636,894,348,0,0,0,0,10831,440,301,0,0,0,0,3,35.14589793399891,138.8871002,,,,,,,,,,,,,233,red,9878,11572,21450
85,22,5114680,1,20260830,7871,783,0,0,0,0,0,5578,448,0,0,0,0,0,3,35.35910497427457,139.0109217,,,,,,,,,,,,,233,red,8654,6026,14680
85,22,5114740,1,20260830,461,19,0,0,0,0,0,445,12,0,0,0,0,0,3,35.073007033903686,137.787657,,,,,,,,,,,,,233,red,480,457,937
85,22,5114750,1,20260830,1568,64,0,0,0,0,0,1936,50,0,0,0,0,0,3,34.90575222368336,137.6681803,,,,,,,,,,,,,233,red,1632,1986,3618
85,22,5115250,1,20260830,2007,102,0,0,0,0,0,1438,100,0,0,0,0,0,3,35.137162033987515,138.520651,,,,,,,,,,,,,233,red,2109,1538,3647
85,23,5115320,1,20260830,14094,472,0,0,0,0,0,14280,311,0,0,0,0,0,3,35.10723119394846,137.0409411,,,,,,,,,,,,,233,red,14566,14591,29157
85,23,5115340,1,20260830,6052,292,0,0,0,0,0,4828,277,0,0,0,0,0,3,35.13153551398018,137.304967,,,,,,,,,,,,,233,red,6344,5105,11449
85,20,5115370,1,20260830,0,0,0,0,233,233,0,0,0,0,0,233,233,0,3,35.50121594445591,137.794953,,,,,,,,,,,,,233,red,0,0,0
85,20,5115380,1,20260830,4900,116,0,0,0,0,0,4642,125,0,0,0,0,0,3,35.71541168472551,137.9379522,,,,,,,,,,,,,233,red,5016,4767,9783
85,23,5115530,1,20260830,5725,296,0,0,0,0,0,5269,406,0,0,0,0,0,3,35.06429103389226,137.11723,,,,,,,,,,,,,233,red,6021,5675,11696
85,21,5115610,1,20260830,20359,769,0,0,0,0,0,19660,867,0,0,0,0,0,3,35.39814591432458,136.7848921,,,,,,,,,,,,,233,red,21128,20527,41655
85,21,5115630,1,20260830,5253,213,0,0,0,0,0,5060,123,0,0,0,0,0,3,35.73557476475065,136.9518113,,,,,,,,,,,,,233,red,5466,5183,10649
85,21,5115650,1,20260830,2864,97,0,0,0,0,0,2490,74,0,0,0,0,0,3,35.88316975493347,136.85442030000002,,,,,,,,,,,,,233,red,2961,2564,5525
85,21,5115680,1,20260830,835,58,0,0,0,0,0,657,25,0,0,0,0,0,3,35.99802490507423,136.9009352,,,,,,,,,,,,,233,red,893,682,1575
85,21,5115820,1,20260830,,,,0,0,0,233,,,,0,0,0,233,3,36.18407203529936,137.542187,,,,,,,,,,,,,233,red,0,0,0
85,22,5123510,1,20260830,6832,564,0,0,0,0,0,10356,552,0,0,0,0,0,3,35.141546483993245,139.1103673,,,,,,,,,,,,,233,red,7396,10908,18304
85,20,5125390,1,20260830,4548,144,0,0,0,0,0,4527,131,0,0,0,0,0,3,35.876706504925515,137.9806852,,,,,,,,,,,,,233,red,4692,4658,9350
85,23,5311910,1,20260830,12359,521,0,0,0,0,0,12105,460,0,0,0,0,0,3,35.124239273970666,136.856963,,,,,,,,,,,,,233,red,12880,12565,25445
86,,6110010,1,20260830,5408,293,0,0,0,0,0,5916,294,0,0,0,0,0,3,34.938138216795814,136.265283823013,,,,,,,,,,,,,233,red,5701,6210,11911
86,,6110020,1,20260830,9176,265,0,0,0,0,0,8816,280,0,0,0,0,0,3,34.990936305895495,136.115165948867,,,,,,,,,,,,,233,red,9441,9096,18537
86,,6110030,1,20260830,5626,417,1711,0,0,0,0,4867,135,2418,0,0,0,0,3,35.005385003512316,135.956851243972,,,,,,,,,,,,,233,red,7754,7420,15174
86,,6110040,1,20260830,5395,296,0,0,0,0,0,6057,257,0,0,0,0,0,3,34.95699292997823,135.913501381874,,,,,,,,,,,,,233,red,5691,6314,12005
86,,6110050,1,20260830,13503,384,0,0,0,0,0,14031,390,0,0,0,0,0,3,34.99087038445861,135.844525694847,,,,,,,,,,,,,233,red,13887,14421,28308
86,,6110060,1,20260830,26647,1810,0,0,0,0,0,25786,2672,0,0,0,0,0,3,34.99142632024544,135.831109285354,,,,,,,,,,,,,233,red,28457,28458,56915
86,,6110070,1,20260830,19507,1082,0,0,0,0,0,19426,1082,0,0,0,0,0,3,34.98630409707048,135.82777261734,,,,,,,,,,,,,233,red,20589,20508,41097
86,,6110080,1,20260830,15967,2040,0,0,0,0,0,17188,2197,0,0,0,0,0,3,34.91099177877929,135.744452476501,,,,,,,,,,,,,233,red,18007,19385,37392
86,,6110090,1,20260830,20992,1960,0,0,0,0,0,21530,2087,0,0,0,0,0,3,34.805311519271704,135.649480819702,,,,,,,,,,,,,233,red,22952,23617,46569
86,,6110100,1,20260830,,,,0,0,0,233,,,,0,0,0,233,3,34.81945711253497,135.720393061637,,,,,,,,,,,,,233,red,0,0,0
86,,6110110,1,20260830,11284,673,0,0,0,0,0,10938,676,0,0,0,0,0,3,34.71960434074075,135.436824560165,,,,,,,,,,,,,233,red,11957,11614,23571
86,,6110120,1,20260830,12419,472,0,0,0,0,0,11816,516,0,0,0,0,0,3,34.64078623273222,135.106242299079,,,,,,,,,,,,,233,red,12891,12332,25223
86,,6110130,1,20260830,30183,2680,0,0,0,0,0,30930,2556,0,0,0,0,0,3,34.75756172115131,134.859353005886,,,,,,,,,,,,,233,red,32863,33486,66349
86,,6110140,1,20260830,27617,2552,0,0,0,0,0,27591,2132,0,0,0,0,0,3,34.83274825524009,134.630174338817,,,,,,,,,,,,,233,red,30169,29723,59892
86,,6110150,1,20260830,17942,1965,0,0,0,0,0,19538,1604,0,0,0,0,0,3,34.847425137493005,134.578367471694,,,,,,,,,,,,,233,red,19907,21142,41049
86,,6110170,1,20260830,4641,734,0,0,0,0,0,4438,686,0,0,0,0,0,3,36.23649392464164,136.286623477935,,,,,,,,,,,,,233,red,5375,5124,10499
86,,6110180,1,20260830,1936,336,0,0,0,0,0,1913,504,0,0,0,0,0,3,35.792989034822035,136.092793,,,,,,,,,,,,,233,red,2272,2417,4689
86,,6110190,1,20260830,2910,548,0,0,0,0,0,2667,814,0,0,0,0,0,3,35.62256603460919,136.08205800000002,,,,,,,,,,,,,233,red,3458,3481,6939
86,,6110200,1,20260830,5930,91,0,0,0,0,0,5771,109,0,0,0,0,0,3,35.319800029709974,136.279370784759,,,,,,,,,,,,,233,red,6021,5880,11901
86,,6110210,1,20260830,8345,306,0,0,0,0,0,8408,240,0,0,0,0,0,3,35.25049070224537,136.262805461883,,,,,,,,,,,,,233,red,8651,8648,17299
86,,6110220,1,20260830,7730,317,0,0,0,0,0,7569,473,0,0,0,0,0,3,35.135413702721344,136.168110072612,,,,,,,,,,,,,233,red,8047,8042,16089
86,,6110230,1,20260830,9564,294,0,0,0,0,0,9333,369,0,0,0,0,0,3,35.05193480694747,136.028718352317,,,,,,,,,,,,,233,red,9858,9702,19560
86,,6110240,1,20260830,17004,753,0,0,0,0,0,16066,605,0,0,0,0,0,3,34.97508726487281,135.666646957397,,,,,,,,,,,,,233,red,17757,16671,34428
86,,6110250,1,20260830,10853,520,0,0,0,0,0,10686,375,0,0,0,0,0,3,35.290674394918256,135.122528672218,,,,,,,,,,,,,233,red,11373,11061,22434
86,,6110260,1,20260830,3196,181,0,0,0,0,0,3071,114,0,0,0,0,0,3,35.33418386481987,134.859425425529,,,,,,,,,,,,,233,red,3377,3185,6562
86,,6110270,1,20260830,2705,157,0,0,0,0,0,2629,86,0,0,0,0,0,3,35.37906081109355,134.782794713974,,,,,,,,,,,,,233,red,2862,2715,5577
86,,6110280,1,20260830,1731,246,0,0,0,0,0,1405,95,0,0,0,0,0,3,35.39752934547739,134.617635011672,,,,,,,,,,,,,233,red,1977,1500,3477
86,,6110290,1,20260830,4038,309,0,0,0,0,0,3866,345,0,0,0,0,0,3,35.3445505431606,136.408736407756,,,,,,,,,,,,,233,red,4347,4211,8558
86,,6110300,1,20260830,7371,193,0,0,0,0,0,6640,174,0,0,0,0,0,3,34.929386538763445,135.767959356307,,,,,,,,,,,,,233,red,7564,6814,14378
86,,6110310,1,20260830,17786,917,0,0,0,0,0,16424,884,0,0,0,0,0,3,34.692826863672394,135.811829566955,,,,,,,,,,,,,233,red,18703,17308,36011
86,,6110320,1,20260830,12437,479,1,0,0,223,0,20273,745,0,0,0,0,0,3,34.49633103313339,135.742759,,,,,,,,,,,,,233,red,12917,21018,33935
86,,6110330,1,20260830,12962,267,0,0,0,0,0,11562,250,0,0,0,0,0,3,34.255336527005475,135.221571922302,,,,,,,,,,,,,233,red,13229,11812,25041
86,,6110340,1,20260830,13364,496,0,0,0,0,0,13984,514,0,0,0,0,0,3,34.59261679509626,135.476585626602,,,,,,,,,,,,,233,red,13860,14498,28358
86,,6110350,1,20260830,22030,734,0,0,0,0,0,22290,647,0,0,0,0,0,3,34.492391818044126,135.423381328582,,,,,,,,,,,,,233,red,22764,22937,45701
86,,6110361,1,20260830,7406,404,0,0,0,0,0,8174,294,0,0,0,0,0,3,34.27701629033371,135.164935521261,,,,,,,,,,,,,233,red,7810,8468,16278
86,,6110370,1,20260830,4303,223,0,0,0,0,0,4301,170,0,0,0,0,0,3,35.61308303459727,135.971192,,,,,,,,,,,,,233,red,4526,4471,8997
86,,6110380,1,20260830,3346,290,0,0,0,0,0,3582,200,0,0,0,0,0,3,35.486004106628485,135.463869273662,,,,,,,,,,,,,233,red,3636,3782,7418
86,,6110390,1,20260830,3031,203,0,0,0,0,0,3059,222,0,0,0,0,0,3,35.30401991598347,135.272947382363,,,,,,,,,,,,,233,red,3234,3281,6515
86,,6110410,1,20260830,5122,191,0,0,0,0,0,5101,169,0,0,0,0,0,3,34.99524305806187,134.558363556861,,,,,,,,,,,,,233,red,5313,5270,10583
86,,6110430,1,20260830,429,16,29,0,0,0,0,608,18,56,0,0,0,0,3,33.577233165562106,135.427241160067,,,,,,,,,,,,,233,red,474,682,1156
86,,6110440,1,20260830,9203,169,0,0,0,0,0,9264,260,0,0,0,0,0,3,34.143380032647656,135.20039,,,,,,,,,,,,,233,red,9372,9524,18896
86,,6110450,1,20260830,17489,4790,0,0,0,0,0,17372,8611,0,0,0,0,0,3,34.71254919312948,135.425688028335,,,,,,,,,,,,,233,red,22279,25983,48262
86,,6110460,1,20260830,4571,569,0,0,0,0,0,3882,339,0,0,0,0,0,3,35.431053158155514,136.016224622726,,,,,,,,,,,,,233,red,5140,4221,9361
86,,6110470,1,20260830,8478,553,0,0,0,0,0,9632,763,0,0,0,0,0,3,35.21341864052877,135.925826132297,,,,,,,,,,,,,233,red,9031,10395,19426
86,,6110500,1,20260830,6948,603,0,0,0,0,0,5773,426,0,0,0,0,0,3,35.10094221794055,135.892639160156,,,,,,,,,,,,,233,red,7551,6199,13750
86,,6110510,1,20260830,7506,1282,0,0,0,0,0,7836,760,0,0,0,0,0,3,35.080206671418715,135.881878137588,,,,,,,,,,,,,233,red,8788,8596,17384
86,,6110520,1,20260830,16755,1005,0,0,0,0,0,3623,714,4339,0,0,0,0,3,35.00895503826151,135.838812589645,,,,,,,,,,,,,233,red,17760,8676,26436
86,,6110530,1,20260830,11619,1264,0,0,0,0,0,12191,1280,0,0,0,0,0,3,34.8925928963683,135.684016942977,,,,,,,,,,,,,233,red,12883,13471,26354
86,,6110540,1,20260830,9817,573,0,0,0,0,0,10077,415,0,0,0,0,0,3,34.686726631641484,134.982630014419,,,,,,,,,,,,,233,red,10390,10492,20882
86,,6110670,1,20260830,12194,1001,0,0,0,0,0,12399,547,0,0,0,0,0,3,34.486465033119956,135.763168,,,,,,,,,,,,,233,red,13195,12946,26141
86,,6110700,1,20260830,9382,738,0,0,0,0,0,9195,393,0,0,0,0,0,3,34.36883103295914,135.698397,,,,,,,,,,,,,233,red,10120,9588,19708
86,,6110710,1,20260830,10100,676,0,0,0,0,0,9855,412,0,0,0,0,0,3,34.346251032928144,135.675464,,,,,,,,,,,,,233,red,10776,10267,21043
86,,6110720,1,20260830,9572,716,0,0,0,0,0,9231,416,0,0,0,0,0,3,34.34307531292378,135.6723947,,,,,,,,,,,,,233,red,10288,9647,19935
86,,6110730,1,20260830,9042,697,0,0,0,0,0,8543,532,0,0,0,0,0,3,34.3344353954711,135.643944740295,,,,,,,,,,,,,233,red,9739,9075,18814
86,,6110740,1,20260830,10259,573,178,0,0,0,0,9648,320,281,0,0,0,0,3,34.32057809029414,135.595622062683,,,,,,,,,,,,,233,red,11010,10249,21259
86,,6110750,1,20260830,10479,623,0,0,0,0,0,10213,371,0,0,0,0,0,3,34.30420703287028,135.508371,,,,,,,,,,,,,233,red,11102,10584,21686
86,,6110760,1,20260830,9740,700,0,0,0,0,0,9915,414,0,0,0,0,0,3,34.300277802864876,135.49583333,,,,,,,,,,,,,233,red,10440,10329,20769
86,,6110765,1,20260830,10179,752,0,0,0,0,0,10262,453,0,0,0,0,0,3,34.293299032855266,135.42037,,,,,,,,,,,,,233,red,10931,10715,21646
86,,6110780,1,20260830,,,,0,0,0,233,,,,0,0,0,233,3,34.290835032851874,135.406025,,,,,,,,,,,,,233,red,0,0,0
86,,6110790,1,20260830,4585,431,0,0,0,0,0,4737,290,0,0,0,0,0,3,34.28766234793788,135.279854549589,,,,,,,,,,,,,233,red,5016,5027,10043
86,,6110810,1,20260830,51,37,0,0,0,0,0,30,24,0,0,0,0,0,3,35.91898971813652,136.6293598948,,,,,,,,,,,,,233,red,88,54,142
86,,6110820,1,20260830,36,13,0,0,0,0,0,56,19,0,0,0,0,0,3,35.963561035032136,136.602468,,,,,,,,,,,,,233,red,49,75,124
86,,6110840,1,20260830,31,17,0,0,0,0,0,39,23,0,0,0,0,0,3,35.98949103506382,136.526729,,,,,,,,,,,,,233,red,48,62,110
86,,6110860,1,20260830,112,22,0,0,0,0,0,177,38,0,0,0,0,0,3,36.062580031168245,136.445198357105,,,,,,,,,,,,,233,red,134,215,349
86,,6110870,1,20260830,277,44,0,0,0,0,0,578,55,0,0,0,0,0,3,36.074224272699254,136.374473869296,,,,,,,,,,,,,233,red,321,633,954
86,,6110880,1,20260830,326,46,0,0,0,0,0,659,48,0,0,0,0,0,3,36.086521994378465,136.324462164098,,,,,,,,,,,,,233,red,372,707,1079
86,,6110980,1,20260830,3628,178,0,0,0,0,0,4222,290,0,0,0,0,0,3,35.30511375498357,134.89226102828903,,,,,,,,,,,,,233,red,3806,4512,8318
86,,6111020,1,20260830,15594,3579,0,0,0,0,0,18807,3027,0,0,0,0,0,3,34.61538892329484,135.8745,,,,,,,,,,,,,233,red,19173,21834,41007
86,,6111030,1,20260830,4263,84,59,0,0,0,0,4172,71,68,0,0,0,0,3,33.670648031981166,135.947246,,,,,,,,,,,,,233,red,4406,4311,8717
86,,6111040,1,20260830,5250,139,52,0,0,0,0,4191,136,45,0,0,0,0,1,33.74362082208521,135.40352793,,,,,,,,,,,,,233,red,5441,4372,9813
86,,6111050,1,20260830,5042,120,29,0,0,0,0,4153,90,39,0,0,0,0,1,33.67806806199178,135.40361475,,,,,,,,,,,,,233,red,5191,4282,9473
86,,6111060,1,20260830,4326,95,57,0,0,0,0,3858,101,43,0,0,0,0,1,33.63743103193369,135.410147,,,,,,,,,,,,,233,red,4478,4002,8480
86,,6111070,1,20260830,3015,84,42,0,0,0,0,2724,82,38,0,0,0,0,1,33.56605113183135,135.49421066,,,,,,,,,,,,,233,red,3141,2844,5985
86,,6111080,1,20260830,2624,82,47,0,0,0,0,2317,85,32,0,0,0,0,1,33.53123967178131,135.54653822,,,,,,,,,,,,,233,red,2753,2434,5187
86,,6111090,1,20260830,2872,73,37,0,0,0,0,2960,53,53,0,0,0,0,3,33.620083251908845,135.91802864,,,,,,,,,,,,,233,red,2982,3066,6048
86,,6111094,1,20260830,3680,79,60,0,0,0,0,3800,55,45,0,0,0,0,3,33.73308003207021,136.004619,,,,,,,,,,,,,233,red,3819,3900,7719
86,,6111100,1,20260830,8284,548,0,0,0,0,0,8364,382,0,0,0,0,0,3,34.29138892285263,135.3613889,,,,,,,,,,,,,233,red,8832,8746,17578
87,,7110040,1,20260830,8073,754,0,0,0,0,0,8027,771,0,0,0,0,0,3,34.51540182315934,133.565914,,,,,,,,,,,,,233,red,8827,8798,17625
87,,7110090,1,20260830,9518,1061,0,0,0,0,0,9583,965,0,0,0,0,0,3,34.076861142554975,131.3867222,,,,,,,,,,,,,233,red,10579,10548,21127
87,,7110140,1,20260830,7591,405,0,0,0,0,0,7380,367,0,0,0,0,0,3,35.42972217436492,133.16019770000003,,,,,,,,,,,,,233,red,7996,7747,15743
87,,7110150,1,20260830,8489,390,0,0,0,0,0,8632,358,0,0,0,0,0,3,35.41501435434614,132.9291201,,,,,,,,,,,,,233,red,8879,8990,17869
87,,7110160,1,20260830,2302,78,0,0,0,0,0,2397,71,0,0,0,0,0,3,35.220801104096246,132.5117898,,,,,,,,,,,,,233,red,2380,2468,4848
87,,7110170,1,20260830,575,22,0,0,0,0,0,583,31,0,0,0,0,0,3,34.75449303348189,131.907185,,,,,,,,,,,,,233,red,597,614,1211
87,,7110180,1,20260830,1968,97,0,0,0,0,0,1888,116,0,0,0,0,0,3,34.42694447303873,131.76016670000004,,,,,,,,,,,,,233,red,2065,2004,4069
87,,7110210,1,20260830,6023,308,0,0,0,0,0,6519,303,0,0,0,0,0,3,34.8389208935946,133.9257149,,,,,,,,,,,,,233,red,6331,6822,13153
87,,7110240,1,20260830,4924,401,0,0,0,0,0,4634,304,0,0,0,0,0,3,34.684982133388644,133.784738,,,,,,,,,,,,,233,red,5325,4938,10263
87,,7110260,1,20260830,3285,80,0,0,0,0,0,3321,65,0,0,0,0,0,3,33.97988891241918,132.1977222,,,,,,,,,,,,,233,red,3365,3386,6751
87,,7110270,1,20260830,1693,116,0,0,0,0,0,1784,94,0,0,0,0,0,3,34.65950003335435,131.6773889,,,,,,,,,,,,,233,red,1809,1878,3687
87,,7110280,1,20260830,3306,148,0,0,0,0,0,3125,171,0,0,0,0,0,3,34.419861143029046,131.4097778,,,,,,,,,,,,,233,red,3454,3296,6750
87,,7110290,1,20260830,5537,112,0,0,0,0,0,5384,109,0,0,0,0,0,3,34.371805582963226,131.1861389,,,,,,,,,,,,,233,red,5649,5493,11142
87,,7110320,1,20260830,5512,97,0,0,0,0,0,5370,84,0,0,0,0,0,3,33.95763808238793,132.1366533,,,,,,,,,,,,,233,red,5609,5454,11063
87,,7310110,1,20260830,7567,332,0,0,0,0,0,7888,283,0,0,0,0,0,3,35.39772612432404,132.8747235,,,,,,,,,,,,,233,red,7899,8171,16070
87,,7310120,1,20260830,3874,503,0,0,0,0,0,3924,215,0,0,0,0,0,3,35.068629523897954,132.3222435,,,,,,,,,,,,,233,red,4377,4139,8516
87,,7310150,1,20260830,899,37,0,0,0,0,0,882,36,0,0,0,0,0,3,34.9738037337733,132.7317309,,,,,,,,,,,,,233,red,936,918,1854
87,,7310160,1,20260830,893,43,0,0,0,0,1,864,33,0,0,0,0,1,3,35.117460163961816,132.778337,,,,,,,,,,,,,233,red,936,897,1833
87,,7310170,1,20260830,5179,209,0,0,0,0,0,4732,212,0,0,0,0,0,3,34.705264123415894,133.7151146,,,,,,,,,,,,,233,red,5388,4944,10332
87,,7310180,1,20260830,1190,34,0,0,0,0,0,1148,43,0,0,0,0,0,3,34.38963891298768,131.3651944,,,,,,,,,,,,,233,red,1224,1191,2415
87,,7310260,1,20260830,3296,194,0,0,0,0,0,3521,196,0,0,0,0,0,3,35.132156843980994,132.4019922,,,,,,,,,,,,,233,red,3490,3717,7207
87,,7310270,1,20260830,3054,204,0,0,0,0,0,3336,184,0,0,0,0,0,3,35.08573619392036,132.3490609,,,,,,,,,,,,,233,red,3258,3520,6778
87,,7310280,1,20260830,3030,199,0,0,0,0,1,3291,191,0,0,0,0,1,3,35.076671573908484,132.335387,,,,,,,,,,,,,233,red,3229,3482,6711
87,,7310290,1,20260830,3651,292,0,0,0,0,0,2375,1863,0,0,0,0,0,3,34.88220003365212,132.0657,,,,,,,,,,,,,233,red,3943,4238,8181
87,,7310300,1,20260830,3672,213,0,0,0,0,0,3558,215,0,0,0,0,0,3,34.86980443363566,132.0662027,,,,,,,,,,,,,233,red,3885,3773,7658
87,,7310350,1,20260830,4074,243,0,0,0,0,0,4053,278,0,0,0,0,0,3,34.83580109359045,131.9999083,,,,,,,,,,,,,233,red,4317,4331,8648
87,,7310410,1,20260830,4585,261,0,0,0,0,0,4971,250,0,0,0,0,0,3,35.21593257408993,132.5144274,,,,,,,,,,,,,233,red,4846,5221,10067
87,,7310420,1,20260830,5030,258,0,0,0,0,0,5125,326,0,0,0,0,0,3,35.275470134166945,132.6201357,,,,,,,,,,,,,233,red,5288,5451,10739
87,,7310430,1,20260830,5045,249,0,0,0,0,0,4850,259,0,0,0,0,0,3,35.303833034203514,132.688667,,,,,,,,,,,,,233,red,5294,5109,10403
87,,7310440,1,20260830,4623,258,0,0,0,0,0,0,0,0,0,0,0,0,3,35.298722034196935,132.676944,,,,,,,,,,,,,233,red,4881,0,4881
87,,7310450,1,20260830,0,0,0,0,0,0,0,4521,234,0,0,0,0,0,3,35.290444034186265,132.645583,,,,,,,,,,,,,233,red,0,4755,4755
87,,7310460,1,20260830,0,0,0,0,0,233,0,3417,240,0,0,0,0,0,3,35.20082803407034,132.459905,,,,,,,,,,,,,233,red,0,3657,3657
87,,7310470,1,20260830,3661,246,0,0,0,0,0,3669,217,0,0,0,0,0,3,35.1986450340675,132.455753,,,,,,,,,,,,,233,red,3907,3886,7793
88,,8110010,1,20260830,3737,392,0,0,0,0,0,3562,195,0,0,0,0,0,3,34.2207184500313,134.411544799804,,,,,,,,,,,,,233,red,4129,3757,7886
88,,8110020,1,20260830,15025,823,0,0,0,0,0,16396,952,0,0,0,0,0,3,34.30277465209332,134.084776639938,,,,,,,,,,,,,233,red,15848,17348,33196
88,,8110030,1,20260830,12855,583,0,0,0,0,0,12717,582,0,0,0,0,0,3,34.29671450737887,133.946895003318,,,,,,,,,,,,,233,red,13438,13299,26737
88,,8110040,1,20260830,6594,294,0,0,0,0,0,7048,220,0,0,0,0,0,3,34.17417938671837,133.715951442718,,,,,,,,,,,,,233,red,6888,7268,14156
88,,8110050,1,20260830,6916,355,24,0,0,0,0,6537,260,10,0,0,0,0,3,33.91236267641698,133.20324182510302,,,,,,,,,,,,,233,red,7295,6807,14102
88,,8110060,1,20260830,6218,482,149,0,0,0,1,5660,327,125,0,0,0,1,3,33.82431235182997,132.984384298324,,,,,,,,,,,,,233,red,6849,6112,12961
88,,8110070,1,20260830,8839,291,0,0,0,0,0,8612,215,0,0,0,0,0,3,34.28544169692582,134.00050163269,,,,,,,,,,,,,233,red,9130,8827,17957
88,,8110080,1,20260830,3023,178,0,0,0,0,0,2911,148,0,0,0,0,0,3,34.10608825909625,133.799223303794,,,,,,,,,,,,,233,red,3201,3059,6260
88,,8110090,1,20260830,6315,392,28,0,0,0,0,5923,203,114,0,0,0,0,3,34.028957826825085,133.828164339065,,,,,,,,,,,,,233,red,6735,6240,12975
88,,8110100,1,20260830,2333,220,0,0,0,0,0,2119,147,0,0,0,0,0,3,33.950764901704936,133.764853477478,,,,,,,,,,,,,233,red,2553,2266,4819
88,,8110110,1,20260830,3873,727,0,0,0,0,0,4199,369,0,0,0,0,0,3,33.58909346194513,133.626092746853,,,,,,,,,,,,,233,red,4600,4568,9168
88,,8110115,1,20260830,6452,252,0,0,0,0,0,6193,212,0,0,0,0,0,3,33.548205918990114,133.451582193374,,,,,,,,,,,,,233,red,6704,6405,13109
88,,8110120,1,20260830,7117,275,0,0,0,0,0,6531,436,0,0,0,0,0,3,33.543133969132924,133.402808904647,,,,,,,,,,,,,233,red,7392,6967,14359
88,,8110130,1,20260830,7477,181,243,0,0,0,0,8534,203,297,0,0,0,0,3,33.7476978963593,132.791587114334,,,,,,,,,,,,,233,red,7901,9034,16935
88,,8110131,1,20260830,3154,131,0,0,0,0,0,3016,83,0,0,0,0,0,3,33.793408870729856,134.592427611351,,,,,,,,,,,,,233,red,3285,3099,6384
88,,8110140,1,20260830,2157,86,1,4,0,0,0,2091,71,0,4,0,0,0,3,33.63466659400443,134.369745254516,,,,,,,,,,,,,233,red,2244,2162,4406
88,,8110142,1,20260830,2965,116,0,0,0,0,0,2766,83,0,0,0,0,0,3,33.74774819013548,134.53964678124,,,,,,,,,,,,,233,red,3081,2849,5930
88,,8110160,1,20260830,3002,111,0,0,0,0,0,2853,64,0,0,0,0,0,3,33.53924497073882,133.738444460766,,,,,,,,,,,,,233,red,3113,2917,6030
88,,8110161,1,20260830,5429,180,0,0,0,0,0,5117,157,0,0,0,0,0,3,33.520916544031145,133.780702650547,,,,,,,,,,,,,233,red,5609,5274,10883
88,,8110162,1,20260830,6486,221,0,0,0,0,0,6258,193,0,0,0,0,0,3,33.550342371512876,133.740176352243,,,,,,,,,,,,,233,red,6707,6451,13158
88,,8110163,1,20260830,7188,244,0,0,0,0,0,6889,219,0,0,0,0,0,3,33.55352220956595,133.721816021769,,,,,,,,,,,,,233,red,7432,7108,14540
88,,8110164,1,20260830,2043,142,0,0,0,0,0,2059,152,0,0,0,0,0,3,33.57127484589016,133.574287891387,,,,,,,,,,,,,233,red,2185,2211,4396
88,,8110165,1,20260830,8796,278,0,0,0,0,0,8422,252,0,0,0,0,0,3,33.56026408468244,133.633757829666,,,,,,,,,,,,,233,red,9074,8674,17748
88,,8110166,1,20260830,9005,486,0,0,0,0,0,8382,307,0,0,0,0,0,3,33.540965031795295,133.601005,,,,,,,,,,,,,233,red,9491,8689,18180
88,,8110167,1,20260830,5531,145,0,0,0,0,0,5014,139,0,0,0,0,0,3,33.5424317654246,133.583077945611,,,,,,,,,,,,,233,red,5676,5153,10829
88,,8110168,1,20260830,7217,190,0,0,0,0,0,6057,135,0,0,0,0,0,3,33.55589303181676,133.683497,,,,,,,,,,,,,233,red,7407,6192,13599
88,,8110170,1,20260830,5029,245,0,0,0,0,0,4162,682,0,0,0,0,0,3,33.485055031714765,133.373125,,,,,,,,,,,,,233,red,5274,4844,10118
88,,8110171,1,20260830,5213,248,0,0,0,0,0,3962,164,0,0,0,0,0,3,33.40395558523113,133.288643360137,,,,,,,,,,,,,233,red,5461,4126,9587
88,,8110172,1,20260830,3370,1132,0,0,0,0,0,3103,446,0,0,0,0,0,3,33.39236677628474,133.278601169586,,,,,,,,,,,,,233,red,4502,3549,8051
88,,8110174,1,20260830,4307,258,0,0,0,0,0,3170,158,0,0,0,0,0,3,33.18330330083646,133.144855499267,,,,,,,,,,,,,233,red,4565,3328,7893
88,,8110180,1,20260830,755,58,0,0,0,0,0,759,26,0,0,0,0,0,3,33.35817590038214,133.253152370452,,,,,,,,,,,,,233,red,813,785,1598
88,,8110181,1,20260830,2608,106,0,0,0,0,0,2496,119,0,0,0,0,0,3,32.974388919857596,132.933138888889,,,,,,,,,,,,,233,red,2714,2615,5329
88,,8110182,1,20260830,4123,117,0,0,0,0,0,3960,144,0,0,0,0,0,3,32.96811114207051,132.872277777778,,,,,,,,,,,,,233,red,4240,4104,8344
88,,8110183,1,20260830,2838,69,0,0,0,0,0,2735,85,0,0,0,0,0,3,32.95902780872377,132.776972222222,,,,,,,,,,,,,233,red,2907,2820,5727
88,,8110190,1,20260830,2315,78,0,0,0,0,0,2402,78,0,0,0,0,0,3,32.96996536793415,132.68920719623503,,,,,,,,,,,,,233,red,2393,2480,4873
88,,8110191,1,20260830,2945,110,0,0,0,0,0,3164,152,0,0,0,0,0,3,33.13903103121127,132.517477,,,,,,,,,,,,,233,red,3055,3316,6371
88,,8110192,1,20260830,4325,170,0,0,0,0,0,4791,186,0,0,0,0,0,3,33.14590213224344,132.52205863595,,,,,,,,,,,,,233,red,4495,4977,9472
88,,8110200,1,20260830,2156,48,0,0,0,0,0,1977,76,0,0,0,0,0,3,33.325562031483756,132.5285,,,,,,,,,,,,,233,red,2204,2053,4257
88,,8110210,1,20260830,14372,189,592,0,0,0,1,14330,171,507,0,0,0,1,3,33.81637909326473,132.744826823472,,,,,,,,,,,,,233,red,15153,15008,30161
88,,8110231,1,20260830,5149,127,0,0,0,0,0,4819,114,0,0,0,0,0,3,34.03847794648641,134.520513564348,,,,,,,,,,,,,233,red,5276,4933,10209
88,,8110232,1,20260830,5873,129,0,0,0,0,0,6639,148,0,0,0,0,0,3,34.04120064204002,134.531005024909,,,,,,,,,,,,,233,red,6002,6787,12789
88,,8110240,1,20260830,5958,219,0,0,0,0,0,6370,231,0,0,0,0,0,3,34.03149633348104,132.829599380493,,,,,,,,,,,,,233,red,6177,6601,12778
88,,8110250,1,20260830,5292,139,0,0,0,0,0,5040,171,0,0,0,0,0,3,33.93004373774009,133.094837665557,,,,,,,,,,,,,233,red,5431,5211,10642
88,,8111021,1,20260830,5127,144,0,0,0,0,0,5115,122,0,0,0,0,0,3,33.50191403173908,133.309236,,,,,,,,,,,,,233,red,5271,5237,10508
88,,8160020,1,20260830,6075,306,0,0,0,0,0,4602,208,0,0,0,0,0,1,33.331092031491806,133.206098,,,,,,,,,,,,,233,red,6381,4810,11191
88,,8160030,1,20260830,5460,278,0,0,0,0,0,4045,187,0,0,0,0,0,1,33.23544203135242,133.159939,,,,,,,,,,,,,233,red,5738,4232,9970
88,,8160040,1,20260830,6756,230,0,0,0,0,0,6454,249,0,0,0,0,0,1,33.24742026280611,132.570131868124,,,,,,,,,,,,,233,red,6986,6703,13689
88,,8160050,1,20260830,7655,259,0,0,0,0,0,7527,311,0,0,0,0,0,1,33.33622666521378,132.557060122489,,,,,,,,,,,,,233,red,7914,7838,15752
88,,8160060,1,20260830,4037,252,0,0,0,0,0,3911,176,0,0,0,0,0,1,34.056139032526026,134.588624,,,,,,,,,,,,,233,red,4289,4087,8376
88,,8310010,1,20260830,14870,465,10,0,0,0,1,14593,634,22,0,0,0,1,3,34.152121047215225,134.579402804374,,,,,,,,,,,,,233,red,15345,15249,30594
88,,8310020,1,20260830,5223,1361,0,0,0,0,0,6769,180,0,0,0,0,0,3,34.335875041773484,134.151295423507,,,,,,,,,,,,,233,red,6584,6949,13533
88,,8310030,1,20260830,8063,122,559,0,0,0,2,8660,127,133,0,0,0,2,3,33.79997204409725,132.86443054676,,,,,,,,,,,,,233,red,8744,8920,17664
88,,8310040,1,20260830,12913,481,0,0,0,0,0,12597,424,0,0,0,0,0,3,34.239532652899726,133.895906209945,,,,,,,,,,,,,233,red,13394,13021,26415
88,,8310050,1,20260830,1133,338,0,0,0,0,0,1196,117,0,0,0,0,0,3,33.797668032162,133.760304,,,,,,,,,,,,,233,red,1471,1313,2784
88,,8310060,1,20260830,1114,49,0,0,0,0,0,1196,46,0,0,0,0,0,3,33.54154672048833,133.042341470718,,,,,,,,,,,,,233,red,1163,1242,2405
88,,8310061,1,20260830,9526,582,0,0,0,0,0,10442,557,0,0,0,0,0,3,33.80675451706518,132.745272070169,,,,,,,,,,,,,233,red,10108,10999,21107
88,,8310062,1,20260830,5032,434,0,0,0,0,0,5785,441,0,0,0,0,0,3,33.814776032186245,132.720319,,,,,,,,,,,,,233,red,5466,6226,11692
88,,8310070,1,20260830,15909,344,22,0,0,0,0,17683,323,2,0,0,0,0,3,34.0102656781917,134.566428959369,,,,,,,,,,,,,233,red,16275,18008,34283
88,,8310080,1,20260830,8930,264,0,0,0,0,0,9331,276,0,0,0,0,0,3,33.9732071371816,134.633932113647,,,,,,,,,,,,,233,red,9194,9607,18801
88,,8310100,1,20260830,5243,222,0,0,0,0,0,4421,179,0,0,0,0,0,3,33.03511096021447,133.027331829071,,,,,,,,,,,,,233,red,5465,4600,10065
88,,8310110,1,20260830,4221,134,0,0,0,0,0,3999,166,0,0,0,0,0,3,33.4066250316014,132.509843,,,,,,,,,,,,,233,red,4355,4165,8520
88,,8310120,1,20260830,11024,472,0,0,0,0,0,11847,555,0,0,0,0,0,3,33.504510031742804,132.56675,,,,,,,,,,,,,233,red,11496,12402,23898
88,,8310130,1,20260830,5169,150,0,0,0,0,0,5027,186,0,0,0,0,0,3,33.53462955300938,132.597781419754,,,,,,,,,,,,,233,red,5319,5213,10532
88,,8310140,1,20260830,4896,176,0,0,0,0,0,4160,222,0,0,0,0,0,3,33.6125750318981,132.68712,,,,,,,,,,,,,233,red,5072,4382,9454
88,,8310150,1,20260830,2354,151,0,0,0,0,0,2654,284,0,0,0,0,0,3,34.0401782523243,134.018440246582,,,,,,,,,,,,,233,red,2505,2938,5443
88,,8310160,1,20260830,8533,115,144,0,0,0,3,8034,134,144,0,0,0,3,3,33.89056122326423,132.757075130939,,,,,,,,,,,,,233,red,8792,8312,17104
89,,9110010,1,20260830,8862,187,0,0,0,0,0,8961,250,0,0,0,0,0,3,33.86399103225591,130.750068,,,,,,,,,,,,,233,red,9049,9211,18260
89,,9110030,1,20260830,13907,626,0,0,0,0,0,18197,596,0,0,0,0,0,3,32.75695803064553,130.688122,,,,,,,,,,,,,233,red,14533,18793,33326
89,,9110040,1,20260830,7809,631,0,0,0,0,0,7489,613,0,0,0,0,0,3,32.565580030358504,130.688167,,,,,,,,,,,,,233,red,8440,8102,16542
89,,9110050,1,20260830,9245,689,0,0,0,0,0,8111,562,0,0,0,0,0,3,32.50104503026118,130.627862,,,,,,,,,,,,,233,red,9934,8673,18607
89,,9110060,1,20260830,4571,355,0,0,0,0,0,4563,341,0,0,0,0,0,3,31.848210029262603,130.249002,,,,,,,,,,,,,233,red,4926,4904,9830
89,,9110070,1,20260830,3241,81,0,0,0,0,0,3251,94,0,0,0,0,0,3,31.65408502896101,130.444438,,,,,,,,,,,,,233,red,3322,3345,6667
89,,9110110,1,20260830,23057,598,202,0,0,0,0,21508,2013,355,0,0,0,0,3,33.248593781371625,131.5788746,,,,,,,,,,,,,233,red,23857,23876,47733
89,,9110120,1,20260830,187,5,0,0,0,0,0,178,7,0,0,0,0,0,3,32.83826903076675,131.716873,,,,,,,,,,,,,233,red,192,185,377
89,,9110140,1,20260830,6924,464,0,0,0,0,0,5654,470,0,0,0,0,0,3,32.26510002990319,131.560352,,,,,,,,,,,,,233,red,7388,6124,13512
89,,9110150,1,20260830,3121,268,0,0,0,0,0,3333,268,0,0,0,0,0,3,31.853840029271314,131.136144,,,,,,,,,,,,,233,red,3389,3601,6990
89,,9110160,1,20260830,5465,331,18,0,0,0,0,4966,425,12,0,0,0,0,3,31.710555029048958,130.774553,,,,,,,,,,,,,233,red,5814,5403,11217
89,,9110190,1,20260830,7312,620,0,0,0,0,0,6767,565,0,0,0,0,0,3,33.3577350315305,130.488663,,,,,,,,,,,,,233,red,7932,7332,15264
89,,9110200,1,20260830,8087,202,0,0,0,0,0,7446,197,0,0,0,0,0,3,33.19609887129489,130.0312792,,,,,,,,,,,,,233,red,8289,7643,15932
89,,9110230,1,20260830,2823,197,0,0,0,0,0,2661,221,0,0,0,0,0,3,32.95195803093551,131.35466,,,,,,,,,,,,,233,red,3020,2882,5902
89,,9110240,1,20260830,8213,403,0,0,0,0,0,8172,410,0,0,0,0,0,3,33.669370031979355,130.847832,,,,,,,,,,,,,233,red,8616,8582,17198
89,,9110280,1,20260830,6055,176,0,0,0,0,0,5821,199,0,0,0,0,0,3,33.34785503151616,130.0187991,,,,,,,,,,,,,233,red,6231,6020,12251
89,,9110290,1,20260830,5684,146,0,0,0,0,0,6203,149,0,0,0,0,0,3,32.97125925096407,130.445357,,,,,,,,,,,,,233,red,5830,6352,12182
89,,9110300,1,20260830,5811,163,0,0,0,0,0,5683,214,0,0,0,0,0,3,33.14141103121475,130.470721,,,,,,,,,,,,,233,red,5974,5897,11871
89,,9110335,1,20260830,3399,78,0,0,0,0,0,2989,106,0,0,0,0,0,3,31.396273028557452,130.783657,,,,,,,,,,,,,233,red,3477,3095,6572
89,,9110340,1,20260830,5043,196,0,0,0,0,0,4081,203,0,0,0,0,0,3,31.452851608646302,130.7281932,,,,,,,,,,,,,233,red,5239,4284,9523
89,,9310003,1,20260830,7734,567,0,0,0,0,0,9754,593,0,0,0,0,0,3,33.947867982374184,130.968647,,,,,,,,,,,,,233,red,8301,10347,18648
89,,9310015,1,20260830,18820,1521,0,0,0,0,0,19985,1738,0,0,0,0,0,3,33.44660203165923,130.540337,,,,,,,,,,,,,233,red,20341,21723,42064
89,,9310017,1,20260830,7843,406,0,0,0,0,0,7519,424,0,0,0,0,0,3,33.323489031480754,130.523608,,,,,,,,,,,,,233,red,8249,7943,16192
89,,9310020,1,20260830,3325,379,0,0,0,0,0,3058,291,0,0,0,0,0,3,33.11458003117534,130.669176,,,,,,,,,,,,,233,red,3704,3349,7053
89,,9310035,1,20260830,1023,33,0,0,0,0,0,943,56,0,0,0,0,0,3,32.406040030117445,130.555735,,,,,,,,,,,,,233,red,1056,999,2055
89,,9310045,1,20260830,5004,254,0,0,0,0,0,5175,255,0,0,0,0,0,3,32.16215502974594,130.36789,,,,,,,,,,,,,233,red,5258,5430,10688
89,,9310050,1,20260830,5563,110,17,0,0,0,0,5196,63,33,0,0,0,0,3,31.714213029054637,130.275752,,,,,,,,,,,,,233,red,5690,5292,10982
89,,9310060,1,20260830,4218,301,94,26,0,0,5,4391,301,26,26,0,0,5,3,32.38562876008649,130.5414069,,,,,,,,,,,,,233,red,4613,4718,9331
89,,9310070,1,20260830,6,7,6935,0,0,165,165,6083,317,130,0,0,0,165,3,31.702321029036145,130.297006,,,,,,,,,,,,,233,red,6948,6530,13478
89,,9310080,1,20260830,9768,344,0,0,0,0,0,9198,371,0,0,0,0,0,3,33.80588903217365,130.960473,,,,,,,,,,,,,233,red,10112,9569,19681
89,,9310085,1,20260830,8451,256,0,0,0,0,0,8031,252,0,0,0,0,0,3,33.54594303180245,131.283198,,,,,,,,,,,,,233,red,8707,8283,16990
89,,9310090,1,20260830,6935,242,0,0,0,0,0,7657,246,0,0,0,0,0,3,33.38094503156419,131.540397,,,,,,,,,,,,,233,red,7177,7903,15080
89,,9310100,1,20260830,14312,506,0,0,0,0,0,13981,541,0,0,0,0,0,3,33.15920703124086,131.651922,,,,,,,,,,,,,233,red,14818,14522,29340
89,,9310115,1,20260830,7971,723,0,0,0,0,0,7334,763,0,0,0,0,0,3,31.726570029073855,131.023972,,,,,,,,,,,,,233,red,8694,8097,16791
89,,9310120,1,20260830,13130,576,0,0,0,0,0,11563,477,0,0,0,0,0,3,31.705779029041526,130.613215,,,,,,,,,,,,,233,red,13706,12040,25746
89,,9310125,1,20260830,11459,482,0,0,0,0,0,10295,395,0,0,0,0,0,3,33.21761616132637,130.1637701,,,,,,,,,,,,,233,red,11941,10690,22631
89,,9310127,1,20260830,3875,2167,0,0,0,0,0,6563,519,0,0,0,0,0,3,32.91326503087817,130.976239,,,,,,,,,,,,,233,red,6042,7082,13124
89,,9310130,1,20260830,13203,338,0,0,0,0,0,12049,382,0,0,0,1,0,3,32.8754950308221,130.867355,,,,,,,,,,,,,233,red,13541,12431,25972
89,,9310140,1,20260830,17755,730,0,0,0,0,0,17999,641,0,0,0,0,0,3,32.820198990739854,130.7572925,,,,,,,,,,,,,233,red,18485,18640,37125
89,,9310150,1,20260830,6296,1255,0,0,0,0,0,3787,3344,0,0,0,0,0,3,32.6779330305273,130.55327,,,,,,,,,,,,,233,red,7551,7131,14682
89,,9310155,1,20260830,4784,70,0,0,0,0,0,6228,101,0,0,0,0,0,3,32.76467203065704,130.370667,,,,,,,,,,,,,233,red,4854,6329,11183
89,,9310156,1,20260830,6638,130,0,0,0,0,0,6510,140,0,0,0,0,0,3,32.78536503068792,130.199594,,,,,,,,,,,,,233,red,6768,6650,13418
89,,9310157,1,20260830,6330,277,0,0,0,0,0,5785,283,0,0,0,0,0,3,33.06696517110531,131.6229634,,,,,,,,,,,,,233,red,6607,6068,12675
89,,9310159,1,20260830,3193,201,0,0,0,0,0,2803,244,0,0,0,0,0,3,32.997429031002746,131.434075,,,,,,,,,,,,,233,red,3394,3047,6441
89,,9310165,1,20260830,9145,2664,0,0,0,0,0,10050,1042,0,0,0,0,0,3,33.62969103192261,130.442657,,,,,,,,,,,,,233,red,11809,11092,22901
89,,9310174,1,20260830,17850,1175,0,0,0,0,0,15412,709,0,0,0,0,0,3,33.6275850319196,130.703907,,,,,,,,,,,,,233,red,19025,16121,35146
89,,9310181,1,20260830,6410,139,0,0,0,0,0,6335,148,0,0,0,0,0,3,33.230906841345785,130.3350523,,,,,,,,,,,,,233,red,6549,6483,13032
89,,9310184,1,20260830,8399,217,0,0,0,0,0,8132,435,0,0,0,0,0,3,32.918079150885305,130.6264597,,,,,,,,,,,,,233,red,8616,8567,17183
89,,9310185,1,20260830,2312,65,0,0,0,0,233,0,0,0,0,0,233,233,3,33.37000946154832,129.9447181,,,,,,,,,,,,,233,red,2377,0,2377
89,,9310187,1,20260830,11785,470,0,0,0,0,0,11810,528,0,0,0,0,0,3,33.504396031742644,130.111167,,,,,,,,,,,,,233,red,12255,12338,24593
89,,9310188,1,20260830,4846,242,0,0,0,0,0,5073,226,0,0,0,0,0,3,33.3383090315023,130.64702,,,,,,,,,,,,,233,red,5088,5299,10387
89,,9310189,1,20260830,1460,78,0,0,0,0,123,1359,79,0,0,0,0,123,3,33.06535003110294,129.833592,,,,,,,,,,,,,233,red,1538,1438,2976
89,,9310191,1,20260830,8509,322,0,0,0,0,0,8586,377,0,0,0,0,0,3,33.18514003127884,130.387366,,,,,,,,,,,,,233,red,8831,8963,17794
89,,9310192,1,20260830,7047,301,0,0,0,0,0,3808,3301,0,0,0,0,0,3,33.20214803130375,130.361827,,,,,,,,,,,,,233,red,7348,7109,14457
89,,9310193,1,20260830,3542,3795,0,0,0,0,0,8205,326,0,0,0,0,0,3,33.20855403131311,130.343385,,,,,,,,,,,,,233,red,7337,8531,15868
89,,9310195,1,20260830,7935,280,0,0,0,0,0,6573,207,0,0,0,0,0,3,33.32086003147692,130.863524,,,,,,,,,,,,,233,red,8215,6780,14995
89,,9310200,1,20260830,3011,167,0,0,0,0,0,3066,141,0,0,0,0,0,3,33.250128031373855,131.295812,,,,,,,,,,,,,233,red,3178,3207,6385
89,,9310205,1,20260830,5827,303,0,0,0,0,0,6454,247,0,0,0,0,0,3,33.19671903129579,131.498216,,,,,,,,,,,,,233,red,6130,6701,12831
89,,9310210,1,20260830,8803,283,0,0,0,0,0,8222,148,0,0,0,0,0,3,31.816050029212782,131.442962,,,,,,,,,,,,,233,red,9086,8370,17456
89,,9310217,1,20260830,3144,87,0,0,0,0,0,3101,101,0,0,0,0,0,3,31.417765998591218,130.99969040000002,,,,,,,,,,,,,233,red,3231,3202,6433
89,,9310218,1,20260830,5964,166,0,0,0,0,0,6097,165,0,0,0,0,0,3,31.377286028527593,130.545285,,,,,,,,,,,,,233,red,6130,6262,12392
89,,9310219,1,20260830,2164,51,0,0,0,0,0,1773,52,0,0,0,0,0,3,31.56571802882308,130.617867,,,,,,,,,,,,,233,red,2215,1825,4040
89,,9310220,1,20260830,7218,304,0,0,0,0,0,6767,287,0,0,0,0,0,3,33.43104381163675,130.0480662,,,,,,,,,,,,,233,red,7522,7054,14576
89,,9310470,1,20260830,3296,277,41,0,0,0,0,3487,265,38,0,0,0,0,3,32.24423502987137,130.476053,,,,,,,,,,,,,233,red,3614,3790,7404
89,,9310480,1,20260830,3109,315,0,0,0,0,0,3322,302,0,0,0,0,0,3,32.21685802982958,130.428031,,,,,,,,,,,,,233,red,3424,3624,7048
89,,9310520,1,20260830,4659,167,0,0,0,0,0,4545,155,0,0,0,0,0,3,32.102630029654726,130.326106,,,,,,,,,,,,,233,red,4826,4700,9526
89,,9310530,1,20260830,5216,165,0,0,0,0,0,5116,162,0,0,0,0,0,3,32.08242202962371,130.292812,,,,,,,,,,,,,233,red,5381,5278,10659
89,,9310540,1,20260830,4852,191,0,0,0,0,0,4326,169,0,0,0,0,0,3,32.07232702960822,130.26224,,,,,,,,,,,,,233,red,5043,4495,9538
89,,9310600,1,20260830,2017,213,0,0,0,0,0,1957,153,0,0,0,0,0,3,31.84607502925929,130.257831,,,,,,,,,,,,,233,red,2230,2110,4340
89,,9310610,1,20260830,0,0,0,0,0,233,233,2054,167,0,0,0,0,233,3,31.804655029195118,130.283522,,,,,,,,,,,,,233,red,0,2221,2221
89,,9310620,1,20260830,6637,238,0,0,0,0,0,6047,231,0,0,0,0,0,3,31.759537029125095,130.304217,,,,,,,,,,,,,233,red,6875,6278,13153
89,,9310627,1,20260830,6649,304,0,0,0,0,0,6380,278,0,0,0,0,0,3,33.46078103167972,130.044889,,,,,,,,,,,,,233,red,6953,6658,13611
89,,9310630,1,20260830,6317,330,0,0,0,0,0,5675,297,0,0,0,0,0,3,33.414414111612686,129.9958886,,,,,,,,,,,,,233,red,6647,5972,12619
89,,9310640,1,20260830,7293,329,0,0,0,0,0,6793,253,0,0,0,0,0,3,33.391371311579306,129.9347973,,,,,,,,,,,,,233,red,7622,7046,14668
89,,9310650,1,20260830,7164,454,0,0,0,0,0,6899,268,0,0,0,0,0,3,33.37966119156232,129.933567,,,,,,,,,,,,,233,red,7618,7167,14785
89,,9310660,1,20260830,5503,196,0,0,0,0,0,5439,176,0,0,0,0,0,3,33.30074103144764,129.915058,,,,,,,,,,,,,233,red,5699,5615,11314
89,,9310710,1,20260830,0,0,0,0,0,233,233,3156,403,0,0,0,0,233,3,33.323471851480726,129.8060041,,,,,,,,,,,,,233,red,0,3559,3559
89,,9310730,1,20260830,3763,93,0,0,0,0,0,3424,105,0,0,0,0,0,3,33.34824903151674,129.729277,,,,,,,,,,,,,233,red,3856,3529,7385
89,,9310740,1,20260830,1828,70,0,0,0,0,0,1680,64,0,0,0,0,0,3,33.34295921550905,129.672585536,,,,,,,,,,,,,233,red,1898,1744,3642
89,,9360270,1,20260830,3284,312,0,0,0,0,0,3042,281,0,0,0,0,0,1,32.93848103091554,131.866353,,,,,,,,,,,,,233,red,3596,3323,6919
89,,9360280,1,20260830,3441,362,0,0,0,0,0,3320,330,0,0,0,0,0,1,32.895717030852126,131.864089,,,,,,,,,,,,,233,red,3803,3650,7453
89,,9360290,1,20260830,3016,268,0,0,0,0,0,2944,262,0,0,0,0,0,1,32.80165203071222,131.87728,,,,,,,,,,,,,233,red,3284,3206,6490
89,,9360300,1,20260830,2967,268,0,0,0,0,0,2910,236,0,0,0,0,0,1,32.72780503060196,131.827089,,,,,,,,,,,,,233,red,3235,3146,6381
89,,9360310,1,20260830,3220,274,0,0,0,0,0,3217,241,0,0,0,0,0,1,32.708018030572354,131.811346,,,,,,,,,,,,,233,red,3494,3458,6952
89,,9360320,1,20260830,3410,291,0,0,0,0,0,3500,250,0,0,0,0,0,1,32.66071403050147,131.702707,,,,,,,,,,,,,233,red,3701,3750,7451
89,,9360330,1,20260830,3236,323,0,0,0,0,0,3389,286,0,0,0,0,0,3,32.67533903052341,131.725922,,,,,,,,,,,,,233,red,3559,3675,7234
89,,9360340,1,20260830,5565,412,0,0,0,0,0,6048,355,0,0,0,0,0,3,32.544601030326895,131.648426,,,,,,,,,,,,,233,red,5977,6403,12380
89,,9360350,1,20260830,4909,129,0,0,0,0,0,4715,125,0,0,0,0,0,1,31.69283102902137,131.379337,,,,,,,,,,,,,233,red,5038,4840,9878
89,,9360360,1,20260830,4562,151,0,0,0,0,0,4545,113,0,0,0,0,0,1,31.626655028918243,131.387644,,,,,,,,,,,,,233,red,4713,4658,9371
89,,9360380,1,20260830,2012,109,0,0,0,0,0,1954,91,0,0,0,0,0,1,31.48338302869418,131.081995,,,,,,,,,,,,,233,red,2121,2045,4166
89,,9360385,1,20260830,2462,152,0,0,0,0,0,2480,168,0,0,0,0,0,1,31.46605602866702,131.053459,,,,,,,,,,,,,233,red,2614,2648,5262
89,,9360390,1,20260830,2573,127,0,0,0,0,0,2702,160,0,0,0,0,0,1,31.445310028634466,130.99415,,,,,,,,,,,,,233,red,2700,2862,5562
89,,9360400,1,20260830,4621,303,0,0,0,0,0,3823,330,0,0,0,0,0,1,31.466282028667365,130.90009,,,,,,,,,,,,,233,red,4924,4153,9077
89,,9360410,1,20260830,4059,270,0,0,0,0,0,3458,341,0,0,0,0,0,1,31.521020028753135,130.93081,,,,,,,,,,,,,233,red,4329,3799,8128
89,,9360420,1,20260830,3912,274,0,0,0,0,0,3462,335,0,0,0,0,0,1,31.615248748900434,130.9538662,,,,,,,,,,,,,233,red,4186,3797,7983
89,,9360430,1,20260830,3458,160,0,0,0,0,0,2958,201,0,0,0,0,0,1,32.749633030634584,130.866625,,,,,,,,,,,,,233,red,3618,3159,6777
89,,9360440,1,20260830,3515,154,0,0,0,0,0,3057,165,0,0,0,0,0,1,32.741409030622286,130.89194,,,,,,,,,,,,,233,red,3669,3222,6891
89,,9360443,1,20260830,3170,118,0,0,0,0,0,2821,125,0,0,0,0,0,1,32.73097603060669,130.938429,,,,,,,,,,,,,233,red,3288,2946,6234
89,,9360465,1,20260830,3220,141,0,0,0,0,0,3326,153,0,0,0,0,0,3,32.69277003054952,131.345815,,,,,,,,,,,,,233,red,3361,3479,6840
89,,9360467,1,20260830,3340,155,0,0,0,0,0,3444,179,0,0,0,0,0,3,32.67691003052576,131.36226,,,,,,,,,,,,,233,red,3495,3623,7118
89,,9360470,1,20260830,3492,134,0,0,0,0,0,3857,159,0,0,0,0,0,3,32.587591030391636,131.509484,,,,,,,,,,,,,233,red,3626,4016,7642
90,,10110010,1,20260830,9814,228,0,0,0,0,0,10281,217,0,0,0,0,0,3,26.525846020561954,127.924665,,,,,,,,,,,,,233,red,10042,10498,20540
90,,10110030,1,20260830,23654,381,0,0,0,0,0,24346,448,0,0,0,0,0,3,26.27496950463181,127.741287946701,,,,,,,,,,,,,233,red,24035,24794,48829
90,,10110040,1,20260830,4997,77,0,0,0,0,0,5008,69,0,0,0,0,0,3,26.47501802047749,127.955092,,,,,,,,,,,,,233,red,5074,5077,10151
90,,10110060,1,20260830,12305,554,0,1,0,0,1,12121,446,0,1,0,0,1,3,26.28023651673024,127.81364321708601,,,,,,,,,,,,,233,red,12859,12567,25426
90,,10110070,1,20260830,12443,404,0,0,0,0,0,12633,426,0,0,0,0,0,3,26.200277295979053,127.66189455985999,,,,,,,,,,,,,233,red,12847,13059,25906
90,,10110090,1,20260830,16174,556,0,0,0,0,0,16431,443,0,0,0,0,0,3,26.1754430532393,127.706499695777,,,,,,,,,,,,,233,red,16730,16874,33604
81,02,1810010,1,20260830,7504,661,0,,,,,0,0,0,,,,,3,41.996809040234545,140.63609,,,0,0,0,0,0,0,0,0,0,0,230,blue,8165,0,8165
81,02,1810020,1,20260830,4885,411,0,,,,,5188,414,0,,,,,3,42.079752040271956,140.596961,,,0,0,0,0,0,0,0,0,0,0,230,blue,5296,5602,10898
81,02,1810030,1,20260830,,,,,,,,,,,,,,,3,42.18194404031664,140.438889,,,1,0,0,0,0,0,0,0,0,0,230,blue,0,0,0
81,02,1810040,1,20260830,3697,389,0,,,,,3610,335,0,,,,,3,42.21583304033111,140.385,,,0,0,0,0,0,3,3,0,0,0,230,blue,4086,3945,8031
81,02,1810050,1,20260830,2367,166,0,,,,,2281,243,0,,,,,3,42.29972204036625,140.271667,,,0,0,0,0,0,0,0,0,0,2,230,blue,2533,2524,5057
81,03,1810060,1,20260830,819,41,0,,,,,952,63,0,,,,,3,42.70250004052043,140.42222,,,0,0,0,0,0,0,0,0,0,0,230,blue,860,1015,1875
81,03,1810070,1,20260830,1337,66,0,,,,,1326,114,0,,,,,3,42.805277040555936,140.52666,,,0,0,0,0,0,0,0,0,0,0,230,blue,1403,1440,2843
81,03,1810080,1,20260830,1012,97,0,,,,,603,55,0,,,,,3,42.79952604055398,140.700552,,,0,0,0,0,0,0,0,0,0,136,230,blue,1109,658,1767
81,03,1810100,1,20260830,4168,301,0,,,,,3517,322,0,,,,,3,43.037777040630445,140.678611,,,0,0,0,0,0,1,1,0,0,0,230,blue,4469,3839,8308
81,03,1810110,1,20260830,5809,161,0,,,,,6837,192,0,,,,,3,43.20720804067966,140.975798,,,0,0,0,0,0,1,1,0,0,0,230,blue,5970,7029,12999
81,03,1810120,1,20260830,11245,206,0,,,,,12987,250,0,,,,,3,43.177556040671355,141.041001,,,0,0,0,0,0,0,0,0,0,0,230,blue,11451,13237,24688
81,02,1810130,1,20260830,8869,297,0,,,,,6771,282,0,,,,,3,41.88166704018098,140.720833,,,0,0,0,0,0,0,0,0,0,0,230,blue,9166,7053,16219
81,02,1810140,1,20260830,4747,194,0,,,,,5819,290,0,,,,,3,41.922053040199984,140.673037,,,0,0,0,0,0,0,0,0,0,1,230,blue,4941,6109,11050
81,01,1810160,1,20260830,2364,70,0,,,,,3371,71,0,,,,,3,43.575214040771755,141.936064,,,0,0,0,0,0,0,0,0,0,0,230,blue,2434,3442,5876
81,04,1810180,1,20260830,4967,206,0,,,,,9544,800,0,,,,,3,43.75523899023857,142.273832256632,,,0,0,0,0,0,0,0,0,0,0,230,blue,5173,10344,15517
81,01,1810200,1,20260830,,,,,,,,,,,,,,,3,42.92800104059627,141.532244,,,1,0,0,0,0,0,0,0,0,3,230,blue,0,0,0
81,01,1810210,1,20260830,8957,401,0,,,,,4190,232,0,,,,,3,42.86212604057491,141.599922,,,0,0,0,0,0,0,0,0,0,5,230,blue,9358,4422,13780
81,05,1810220,1,20260830,,,,,,,,,,,,,,,3,42.736385040532305,141.709144,,,1,0,0,0,0,0,0,0,0,0,230,blue,0,0,0
81,05,1810240,1,20260830,5134,210,0,,,,,6003,183,0,,,,,3,42.44474904042452,141.159993,,,0,0,0,0,0,0,0,0,0,0,230,blue,5344,6186,11530
81,05,1810250,1,20260830,5791,106,0,,,,,5411,79,0,,,,,3,42.32896604037825,140.996368,,,0,0,0,0,0,0,0,0,0,0,230,blue,5897,5490,11387
81,02,1810260,1,20260830,2116,174,0,,,,,1594,149,0,,,,,3,42.59861104048294,140.461667,,,0,0,0,0,0,1,1,0,0,0,230,blue,2290,1743,4033
81,05,1810270,1,20260830,2472,230,0,,,,,1815,241,0,,,,,3,42.59319704048096,140.520753,,,0,0,0,0,0,0,0,0,0,0,230,blue,2702,2056,4758
81,05,1810280,1,20260830,2508,244,0,,,,,1833,228,0,,,,,3,42.59372804048115,140.535945,,,0,0,0,0,0,0,0,0,0,0,230,blue,2752,2061,4813
81,05,1810290,1,20260830,305,2,0,,,,,1874,93,0,,,,,3,42.56267604046962,140.742626,,,0,0,0,0,0,0,0,0,0,0,230,blue,307,1967,2274
81,01,1810310,1,20260830,,,,,,,,,,,,,,,3,43.57408404077149,141.983838,,,1,,,,,,,,,,230,blue,0,0,0
81,01,1810320,1,20260830,,,,,,,,,,,,,,,3,43.47080004074768,142.266721,,,1,,,,,,,,,,230,blue,0,0,0
81,04,1810350,1,20260830,1233,91,0,,,,,1273,62,0,,,,,3,43.197272411385796,142.57548514343702,,,0,0,0,0,0,0,0,0,0,63,230,blue,1324,1335,2659
81,07,1810360,1,20260830,167,13,0,,,,,197,16,0,,,,,3,43.15712704066555,142.786825,,,0,0,0,0,0,0,0,0,0,203,230,blue,180,213,393
81,07,1810370,1,20260830,1426,118,0,,,,,1565,127,0,,,,,3,42.814306040558975,143.51125,,,0,0,0,0,0,0,0,0,0,0,230,blue,1544,1692,3236
81,07,1810380,1,20260830,,,,,,,,,,,,,,,3,42.82083104056116,143.71063,,,1,0,0,0,0,0,0,0,0,0,230,blue,0,0,0
81,06,1810390,1,20260830,,,,,,,,,,,,,,,3,42.86448904057567,143.874907,,,1,0,0,0,0,0,0,0,0,0,230,blue,0,0,0
81,06,1810400,1,20260830,,,,,,,,,,,,,,,3,43.00508004062045,144.254672,,,1,0,0,0,0,1,1,0,0,0,230,blue,0,0,0
81,06,1810410,1,20260830,,,,,,,,,,,,,,,3,43.0195510406249,144.257695,,,1,0,0,0,0,0,0,0,0,0,230,blue,0,0,0
81,06,1810420,1,20260830,6134,186,0,,,,,6068,112,0,,,,,3,43.00768404062126,144.364725,,,0,0,0,0,0,1,1,0,0,0,230,blue,6320,6180,12500
81,04,1810430,1,20260830,1054,68,0,,,,,904,48,0,,,,,3,43.89533772001418,142.522262332469,,,0,0,0,0,0,0,0,0,0,0,230,blue,1122,952,2074
81,08,1810460,1,20260830,2537,76,0,,,,,2381,103,0,,,,,3,43.88484504083343,144.001818,,,0,0,0,0,0,0,0,0,0,60,230,blue,2613,2484,5097
81,08,1810480,1,20260830,,,,,,,,,,,,,,,3,43.91366204083846,144.156572,,,1,0,0,0,0,0,0,0,0,42,230,blue,0,0,0
81,04,1810490,1,20260830,2680,156,0,,,,,2680,233,0,,,,,3,43.84734151228824,142.449476813803,,,0,0,0,0,0,0,0,0,0,2,230,blue,2836,2913,5749
81,04,1810500,1,20260830,1998,103,0,,,,,2075,78,0,,,,,3,44.091634905591874,142.391293207353,,,0,0,0,0,0,0,0,0,0,4,230,blue,2101,2153,4254
81,04,1810510,1,20260830,733,84,0,,,,,839,71,0,,,,,3,44.70483751674948,142.274019195489,,,0,0,0,0,0,4,4,0,0,21,230,blue,817,910,1727
81,04,1810520,1,20260830,,,,,,,,,,,,,,,3,44.72277804092767,142.249444,,,1,0,0,0,0,0,0,0,0,64,230,blue,0,0,0
81,09,1810530,1,20260830,433,101,0,,,,,621,111,0,,,,,3,44.89642004093388,141.953541,,,0,0,0,0,0,0,0,0,0,7,230,blue,534,732,1266
81,10,1810540,1,20260830,0,0,0,,,,,40,11,0,,,,,3,45.02095404093553,141.771843,,,0,0,0,0,0,0,0,0,0,0,230,blue,0,51,51
81,10,1810550,1,20260830,388,17,0,,,,,407,6,0,,,,,3,45.1450290409348,141.751626,,,0,0,0,0,0,0,0,0,0,31,230,blue,405,413,818
81,10,1810560,1,20260830,,,,,,,,,,,,,,,3,45.22646604093306,141.745387,,,1,,,,,,,,,,230,blue,0,0,0
81,10,1810570,1,20260830,663,61,0,,,,,920,25,0,,,,,3,45.11301904093522,141.794418,,,0,0,0,0,0,0,0,0,0,0,230,blue,724,945,1669
81,06,1810580,1,20260830,5009,125,0,,,,,5377,90,0,,,,,3,42.9878210406151,144.393418,,,0,0,0,0,0,1,1,0,0,0,230,blue,5134,5467,10601
81,06,1810590,1,20260830,,,,,,,,,,,,,,,3,43.05774504063647,144.791279,,,1,0,0,0,0,0,0,0,0,1,230,blue,0,0,0
81,06,1810600,1,20260830,2362,171,0,,,,,2684,113,0,,,,,3,43.05804004063655,144.830749,,,0,0,0,0,0,0,0,0,0,0,230,blue,2533,2797,5330
81,06,1810610,1,20260830,,,,,,,,,,,,,,,3,43.282406040700124,145.50731400000004,,,1,0,0,0,0,0,0,0,0,0,230,blue,0,0,0
81,02,1810620,1,20260830,1406,70,0,,,,,1486,47,0,,,,,3,41.95083004021339,140.45583300000004,,,0,0,0,0,0,1,1,0,0,0,230,blue,1476,1533,3009
81,02,1810630,1,20260830,1316,41,0,,,,,1263,24,0,,,,,3,41.77072204012754,140.613139,,,0,0,0,0,0,0,0,0,0,0,230,blue,1357,1287,2644
81,02,1810640,1,20260830,,,,,,,,,,,,,,,3,41.666445040075686,140.434972,,,1,0,0,0,0,0,0,0,0,0,230,blue,0,0,0
81,02,1810650,1,20260830,1718,100,0,,,,,1979,53,0,,,,,3,41.624898040054596,140.429715,,,0,0,0,0,0,0,0,0,0,0,230,blue,1818,2032,3850
81,02,1810660,1,20260830,750,26,0,,,,,864,38,0,,,,,3,41.49941703998935,140.249306,,,0,0,0,0,0,1,1,0,0,0,230,blue,776,902,1678
81,02,1810670,1,20260830,,,,,,,,,,,,,,,3,41.40202103993715,140.185625,,,1,0,0,0,0,0,0,0,0,0,230,blue,0,0,0
81,02,1810680,1,20260830,756,101,0,,,,,713,36,0,,,,,3,41.43166703995318,140.128056,,,0,0,0,0,0,0,0,0,0,0,230,blue,857,749,1606
81,02,1810690,1,20260830,323,11,0,,,,,268,33,0,,,,,3,41.71166704009836,140.027778,,,0,0,0,0,0,0,0,0,0,0,230,blue,334,301,635
81,02,1810700,1,20260830,1519,81,0,,,,,1612,40,0,,,,,3,41.84777804016484,140.12472200000002,,,0,0,0,0,0,1,1,0,0,0,230,blue,1600,1652,3252
81,02,1810710,1,20260830,100,25,0,,,,,130,6,0,,,,,3,41.84277804016245,140.732222,,,1,0,0,0,0,2,2,0,0,0,230,blue,125,136,261
81,02,1810720,1,20260830,5,0,0,,,,,15,0,0,,,,,3,41.83613904015928,140.64875,,,1,0,0,0,0,0,0,0,0,0,230,blue,5,15,20
81,02,1810730,1,20260830,,,,,,,,,,,,,,,3,41.78055604013235,140.61055600000003,,,1,0,0,0,0,0,0,0,0,0,230,blue,0,0,0
81,03,1810750,1,20260830,2406,78,0,,,,,2128,30,0,,,,,3,43.2287050406856,140.73446400000003,,,0,0,0,0,0,1,1,0,0,0,230,blue,2484,2158,4642
81,03,1810760,1,20260830,1651,45,0,,,,,1424,63,0,,,,,3,43.280277040699566,140.6375,,,0,0,0,0,0,0,0,0,0,0,230,blue,1696,1487,3183
81,03,1810780,1,20260830,746,44,0,,,,,700,30,0,,,,,3,43.328914040712355,140.422613,,,0,0,0,0,0,0,0,0,0,0,230,blue,790,730,1520
81,03,1810790,1,20260830,243,10,0,,,,,280,10,0,,,,,3,43.19878704067732,140.346959,,,0,0,0,0,0,0,0,0,0,0,230,blue,253,290,543
81,03,1810800,1,20260830,1004,20,0,,,,,971,28,0,,,,,3,43.04480504063257,140.505833,,,0,0,0,0,0,0,0,0,0,0,230,blue,1024,999,2023
81,03,1810810,1,20260830,,,,,,,,,,,,,,,3,43.02277704062587,140.548333,,,1,,,,,,,,,,230,blue,0,0,0
81,03,1810820,1,20260830,2331,185,0,,,,,2607,162,0,,,,,3,42.99750304061811,140.538303,,,0,0,0,0,0,0,0,0,0,0,230,blue,2516,2769,5285
81,03,1810830,1,20260830,2137,187,0,,,,,2087,168,0,,,,,3,42.981000040613,140.511333,,,0,0,0,0,0,0,0,0,0,0,230,blue,2324,2255,4579
81,03,1810840,1,20260830,959,93,0,,,,,0,0,0,,,,,3,42.93163404059743,140.409415,,,0,0,0,0,0,1,1,0,0,0,230,blue,1052,0,1052
81,03,1810850,1,20260830,,,,,,,,,,,,,,,3,42.83094404056455,140.308974,,,1,0,0,0,0,1,1,0,0,1,230,blue,0,0,0
81,03,1810860,1,20260830,2,0,0,,,,,571,58,0,,,,,3,42.818297040560324,140.184051,,,0,0,0,0,0,0,0,0,0,0,230,blue,2,629,631
81,03,1810870,1,20260830,,,,,,,,,,,,,,,3,42.68444404051404,139.919444,,,1,0,0,0,0,1,1,0,0,0,230,blue,0,0,0
81,02,1810880,1,20260830,124,7,0,,,,,108,7,0,,,,,3,42.57583304047453,139.832222,,,0,0,0,0,0,1,1,0,0,0,230,blue,131,115,246
81,02,1810890,1,20260830,230,10,0,,,,,217,4,0,,,,,3,42.17250004031257,139.899444,,,0,0,0,0,0,1,1,0,0,0,230,blue,240,221,461
81,02,1810900,1,20260830,228,10,0,,,,,279,11,0,,,,,3,42.21750004033183,139.868333,,,0,0,0,0,0,1,1,0,0,0,230,blue,238,290,528
81,02,1810910,1,20260830,524,38,0,,,,,496,28,0,,,,,3,42.11918804028937,140.016837,,,0,0,0,0,0,1,1,0,0,0,230,blue,562,524,1086
81,02,1810920,1,20260830,1157,33,0,,,,,1098,86,0,,,,,3,41.97324904022374,140.139624,,,0,0,0,0,0,0,0,0,0,0,230,blue,1190,1184,2374
81,01,1810940,1,20260830,,,,,,,,,,,,,,,3,43.001256040619275,141.339621,,,1,0,0,0,0,0,0,0,0,0,230,blue,0,0,0
81,01,1810950,1,20260830,,,,,,,,,,,,,,,3,42.999192040618645,141.337588,,,1,0,0,0,0,0,0,0,0,1,230,blue,0,0,0
81,01,1810960,1,20260830,4873,191,0,,,,,3929,174,0,,,,,3,42.9536270406044,141.151206,,,0,0,0,0,0,0,0,0,0,20,230,blue,5064,4103,9167
81,01,1810970,1,20260830,,,,,,,,,,,,,,,3,42.883263040581824,141.139985,,,1,,,,,,,,,,230,blue,0,0,0
81,03,1810980,1,20260830,870,10,0,,,,,949,37,0,,,,,3,42.69444404051758,140.839722,,,0,0,0,0,0,0,0,0,0,96,230,blue,880,986,1866
81,01,1811010,1,20260830,,,,,,,,,,,,,,,3,43.161847040666906,141.353771,,,1,0,0,0,0,0,0,0,0,29,230,blue,0,0,0
81,01,1811020,1,20260830,,,,,,,,,,,,,,,3,43.183375040672985,141.323859,,,1,0,0,0,0,0,0,0,0,1,230,blue,0,0,0
81,01,1811030,1,20260830,,,,,,,,,,,,,,,3,43.22320404068409,141.345058,,,1,0,0,0,0,0,0,0,0,1,230,blue,0,0,0
81,01,1811040,1,20260830,1419,39,0,,,,,1219,39,0,,,,,3,43.39904804073019,141.436259,,,0,0,0,0,0,0,0,0,0,7,230,blue,1458,1258,2716
81,09,1811050,1,20260830,,,,,,,,,,,,,,,3,43.75429004080918,141.350733,,,1,0,0,0,0,0,0,0,0,3,230,blue,0,0,0
81,09,1811060,1,20260830,,,,,,,,,,,,,,,3,44.96648604093511,141.761931,,,1,0,0,0,0,0,0,0,0,6,230,blue,0,0,0
81,09,1811080,1,20260830,,,,,,,,,,,,,,,3,44.80492204093118,141.785854,,,1,0,0,0,0,0,0,0,0,0,230,blue,0,0,0
81,09,1811090,1,20260830,,,,,,,,,,,,,,,3,44.64226604092325,141.79398,,,1,0,0,0,0,0,0,0,0,0,230,blue,0,0,0
81,09,1811110,1,20260830,,,,,,,,,,,,,,,3,44.37405804090138,141.71125400000003,,,1,0,0,0,0,0,0,0,0,12,230,blue,0,0,0
81,09,1811120,1,20260830,845,56,0,,,,,1662,96,0,,,,,3,44.255796040888285,141.656338,,,0,0,0,0,0,0,0,0,0,7,230,blue,901,1758,2659
81,09,1811130,1,20260830,,,,,,,,,,,,,,,3,44.07063104086351,141.663029,,,1,0,0,0,0,0,0,0,0,2,230,blue,0,0,0
81,09,1811150,1,20260830,2540,102,0,,,,,2258,114,0,,,,,3,43.94678404084405,141.651833,,,0,0,0,0,0,0,0,0,0,16,230,blue,2642,2372,5014
81,09,1811160,1,20260830,,,,,,,,,,,,,,,3,43.832161040823955,141.829941,,,1,0,0,0,0,0,0,0,0,8,230,blue,0,0,0
81,09,1811170,1,20260830,,,,,,,,,,,,,,,3,43.849231040827085,141.814442,,,1,0,0,0,0,0,0,0,0,4,230,blue,0,0,0
81,09,1811180,1,20260830,373,34,0,,,,,559,34,0,,,,,3,43.874433040831605,141.738524,,,0,0,0,0,0,0,0,0,0,6,230,blue,407,593,1000
81,09,1811190,1,20260830,,,,,,,,,,,,,,,3,43.91902504083936,141.685028,,,1,0,0,0,0,0,0,0,0,8,230,blue,0,0,0
81,09,1811200,1,20260830,2564,225,0,,,,,3042,294,0,,,,,3,43.887433040833905,141.711544,,,0,0,0,0,0,0,0,0,0,7,230,blue,2789,3336,6125
81,01,1811210,1,20260830,,,,,,,,,,,,,,,3,43.19164404067532,141.764248,,,1,,,,,,,,,,230,blue,0,0,0
81,01,1811220,1,20260830,,,,,,,,,,,,,,,3,42.898883040586895,141.813884,,,1,0,0,0,0,0,0,0,0,31,230,blue,0,0,0
81,05,1811230,1,20260830,2182,200,0,,,,,1991,206,0,,,,,3,42.885113040582425,141.812065,,,0,0,0,0,0,1,1,0,0,0,230,blue,2382,2197,4579
81,05,1811240,1,20260830,,,,,,,,,,,,,,,3,42.76319504054159,141.812586,,,1,0,0,0,0,0,0,0,0,0,230,blue,0,0,0
81,05,1811250,1,20260830,,,,,,,,,,,,,,,3,42.55317704046606,141.981715,,,1,0,0,0,0,0,0,0,0,96,230,blue,0,0,0
81,05,1811260,1,20260830,3143,164,0,,,,,3174,105,0,,,,,3,42.16916704031112,142.768611,,,0,0,0,0,0,0,0,0,0,0,230,blue,3307,3279,6586
81,05,1811270,1,20260830,2628,154,0,,,,,2941,114,0,,,,,3,42.50615204044825,142.070834,,,0,0,0,0,0,0,0,0,0,0,230,blue,2782,3055,5837
81,07,1811280,1,20260830,981,73,0,,,,,211,22,0,,,,,3,42.58422604047764,143.30053,,,0,0,0,0,0,0,0,0,0,0,230,blue,1054,233,1287
81,07,1811290,1,20260830,230,20,0,,,,,267,27,0,,,,,3,42.3768230403976,143.061454,,,0,0,0,0,0,64,64,0,0,1,230,blue,250,294,544
81,04,1811320,1,20260830,,,,,,,,,,,,,,,3,43.60527804077837,142.469167,,,1,0,0,0,0,0,0,0,0,0,230,blue,0,0,0
81,04,1811330,1,20260830,3560,174,0,,,,,3398,169,0,,,,,3,43.560996966472565,142.4353437615,,,0,0,0,0,0,0,0,0,0,2,230,blue,3734,3567,7301
81,08,1811370,1,20260830,229,23,0,,,,,192,12,0,,,,,3,44.09975304086775,143.867897,,,0,0,0,0,0,0,0,0,0,148,230,blue,252,204,456
81,08,1811380,1,20260830,840,51,0,,,,,762,44,0,,,,,3,44.12070404087072,143.72058,,,0,0,0,0,0,0,0,0,0,93,230,blue,891,806,1697
81,08,1811390,1,20260830,2827,188,0,,,,,2922,142,0,,,,,3,44.364948040900465,143.334896,,,0,0,0,0,0,0,0,0,0,0,230,blue,3015,3064,6079
81,10,1811400,1,20260830,389,24,0,,,,,307,21,0,,,,,3,44.77764204093013,142.721902,,,0,0,0,0,0,0,0,0,0,15,230,blue,413,328,741
81,10,1811410,1,20260830,595,48,0,,,,,495,63,0,,,,,3,45.361691040927944,142.122166,,,0,0,0,0,0,0,0,0,0,0,230,blue,643,558,1201
81,10,1811420,1,20260830,0,0,0,,,,,1224,58,0,,,,,3,45.43710504092389,141.862347,,,0,0,0,0,0,0,0,0,0,48,230,blue,0,1282,1282
81,08,1811430,1,20260830,,,,,,,,,,,,,,,3,44.40500204090447,143.017708,,,1,0,0,0,0,0,0,0,0,0,230,blue,0,0,0
81,04,1811440,1,20260830,345,16,0,,,,,373,17,0,,,,,3,44.31599186248862,142.78318613417,,,0,0,0,0,0,0,0,0,0,50,230,blue,361,390,751
81,04,1811450,1,20260830,351,22,0,,,,,247,32,0,,,,,3,44.18218514890566,142.3067879962,,,0,0,0,0,0,0,0,0,0,10,230,blue,373,279,652
81,09,1811460,1,20260830,,,,,,,,,,,,,,,3,44.20144804088155,142.034387,,,1,0,0,0,0,0,0,0,0,6,230,blue,0,0,0
81,06,1811490,1,20260830,,,,,,,,,,,,,,,3,43.28312104070033,144.106479,,,1,0,0,0,0,0,0,0,0,0,230,blue,0,0,0
81,06,1811500,1,20260830,524,56,0,,,,,630,151,0,,,,,3,43.45847504074473,144.008366,,,0,0,0,0,0,0,0,0,0,0,230,blue,580,781,1361
81,08,1811520,1,20260830,1526,56,0,,,,,1535,87,0,,,,,3,44.16231304087643,143.57881,,,0,0,0,0,0,0,0,0,0,0,230,blue,1582,1622,3204
81,08,1811530,1,20260830,2063,111,0,,,,,1807,73,0,,,,,3,44.13401504087257,143.561357,,,0,0,0,0,0,0,0,0,0,0,230,blue,2174,1880,4054
81,08,1811540,1,20260830,,,,,,,,,,,,,,,3,43.81153304082013,143.553741,,,1,0,0,0,0,0,0,0,0,25,230,blue,0,0,0
81,07,1811550,1,20260830,,,,,,,,,,,,,,,3,43.614803040780444,143.623559,,,1,0,0,0,0,1,1,0,0,0,230,blue,0,0,0
81,07,1811560,1,20260830,1516,104,0,,,,,1695,115,0,,,,,3,42.950446040603396,143.426823,,,0,0,0,0,0,0,0,0,0,0,230,blue,1620,1810,3430
81,07,1811570,1,20260830,327,20,0,,,,,3837,107,0,,,,,3,42.91920004059345,143.382799,,,0,0,0,0,0,0,0,0,0,0,230,blue,347,3944,4291
81,06,1811580,1,20260830,0,0,0,,,,,736,37,0,,,,,3,43.65168204078832,144.260814,,,0,0,0,0,0,0,0,0,0,0,230,blue,0,773,773
81,06,1811590,1,20260830,764,43,0,,,,,800,56,0,,,,,3,43.48222204075039,144.542778,,,0,0,0,0,0,0,0,0,0,0,230,blue,807,856,1663
81,06,1811600,1,20260830,298,19,0,,,,,423,32,0,,,,,3,43.415912040734376,144.740463,,,0,0,0,0,0,0,0,0,0,0,230,blue,317,455,772
81,08,1811610,1,20260830,2215,87,0,,,,,2092,61,0,,,,,3,43.96614504084723,144.326697,,,0,0,0,0,0,0,0,0,0,0,230,blue,2302,2153,4455
81,08,1811620,1,20260830,1081,39,0,,,,,1167,52,0,,,,,3,43.91012304083783,144.542023,,,0,0,0,0,0,0,0,0,0,0,230,blue,1120,1219,2339
81,08,1811630,1,20260830,,,,,,,,,,,,,,,3,43.888827040834144,144.736391,,,1,0,0,0,0,0,0,0,0,54,230,blue,0,0,0
81,06,1811640,1,20260830,334,19,0,,,,,335,7,0,,,,,3,43.73179504080475,144.960789,,,0,0,0,0,0,0,0,0,0,0,230,blue,353,342,695
81,06,1811650,1,20260830,182,7,0,,,,,170,5,0,,,,,3,43.69435704079721,145.112266,,,0,0,0,0,0,0,0,0,0,0,230,blue,189,175,364
81,06,1811660,1,20260830,,,,,,,,,,,,,,,3,43.37687304072465,145.283748,,,1,0,0,0,0,0,0,0,0,0,230,blue,0,0,0
81,06,1811670,1,20260830,1003,117,0,,,,,1273,126,0,,,,,3,43.225599040684756,144.69552000000002,,,0,0,0,0,0,0,0,0,0,0,230,blue,1120,1399,2519
81,06,1811680,1,20260830,806,72,0,,,,,1095,99,0,,,,,3,43.384169040726476,144.866826,,,0,0,0,0,0,0,0,0,0,0,230,blue,878,1194,2072
81,06,1811690,1,20260830,,,,,,,,,,,,,,,3,43.60985404077937,145.077277,,,1,0,0,0,0,0,0,0,0,0,230,blue,0,0,0
81,07,1811700,1,20260830,534,22,0,,,,,470,33,0,,,,,3,43.353586040718724,143.261308,,,0,0,0,0,0,1,1,0,0,0,230,blue,556,503,1059
81,07,1811710,1,20260830,400,30,0,,,,,347,23,0,,,,,3,43.571286040770886,143.120781,,,0,0,0,0,0,1,1,0,0,0,230,blue,430,370,800
81,04,1811730,1,20260830,324,28,0,,,,,324,19,0,,,,,3,43.909246029716684,142.97348513542,,,0,0,0,0,0,0,0,0,0,5,230,blue,352,343,695
81,04,1811740,1,20260830,279,27,0,,,,,279,18,0,,,,,3,43.9388162846136,142.945802727953,,,0,0,0,0,0,0,0,0,0,58,230,blue,306,297,603
81,01,1811750,1,20260830,4776,407,0,,,,,4040,383,0,,,,,3,42.98946404061562,141.609539,,,0,0,0,0,0,0,0,0,0,2,230,blue,5183,4423,9606
81,01,1811760,1,20260830,2074,142,0,,,,,2051,140,0,,,,,3,42.94269504060095,141.76061,,,0,0,0,0,0,0,0,0,0,2,230,blue,2216,2191,4407
81,01,1811770,1,20260830,1474,166,0,,,,,1506,219,0,,,,,3,42.950353040603375,141.802672,,,0,0,0,0,0,0,0,0,0,2,230,blue,1640,1725,3365
81,01,1811780,1,20260830,,,,,,,,,,,,,,,3,42.91325204059154,141.966963,,,1,0,0,0,0,0,0,0,0,3,230,blue,0,0,0
81,01,1811790,1,20260830,,,,,,,,,,,,,,,3,42.92852504059643,142.063994,,,1,0,0,0,0,0,0,0,0,0,230,blue,0,0,0
81,05,1811800,1,20260830,818,275,0,,,,,962,231,0,,,,,3,42.9641030406077,142.63981100000004,,,0,0,0,0,0,0,0,0,0,0,230,blue,1093,1193,2286
81,01,1811810,1,20260830,4339,359,0,,,,,4118,300,0,,,,,3,43.18243804067272,141.523454,,,0,0,0,0,0,0,0,0,0,24,230,blue,4698,4418,9116
81,01,1811830,1,20260830,1955,142,0,,,,,2192,94,0,,,,,3,43.54600104076516,141.884426,,,0,0,0,0,0,0,0,0,0,1,230,blue,2097,2286,4383
81,01,1811840,1,20260830,1540,80,0,,,,,1683,54,0,,,,,3,43.71586004080156,141.885874,,,0,0,0,0,0,0,0,0,0,12,230,blue,1620,1737,3357
81,01,1811850,1,20260830,356,21,0,,,,,352,14,0,,,,,3,43.76892104081203,141.884179,,,0,0,0,0,0,0,0,0,0,13,230,blue,377,366,743
81,01,1811860,1,20260830,599,20,0,,,,,596,25,0,,,,,3,43.80589304081908,141.905599,,,0,0,0,0,0,0,0,0,0,0,230,blue,619,621,1240
81,01,1811870,1,20260830,314,33,0,,,,,331,26,0,,,,,3,43.917356040839074,142.125632,,,0,0,0,0,0,0,0,0,0,16,230,blue,347,357,704
81,04,1811880,1,20260830,252,18,0,,,,,337,16,0,,,,,3,44.74113379582216,142.253439072174,,,0,0,0,0,0,0,0,0,0,75,230,blue,270,353,623
81,10,1811890,1,20260830,344,23,0,,,,,474,28,0,,,,,3,44.820303040931734,142.284138,,,0,0,0,0,0,0,0,0,0,0,230,blue,367,502,869
81,10,1811900,1,20260830,194,15,0,,,,,324,20,0,,,,,3,45.044884040935564,142.315271,,,0,0,0,0,0,0,0,0,0,65,230,blue,209,344,553
81,10,1811910,1,20260830,269,17,0,,,,,324,24,0,,,,,3,45.10820204093526,142.363773,,,0,0,0,0,0,0,0,0,0,96,230,blue,286,348,634
81,03,1811920,1,20260830,,,,,,,,,,,,,,,3,42.98635304061466,140.606197,,,1,0,0,0,0,1,1,0,0,0,230,blue,0,0,0
81,03,1811930,1,20260830,632,48,0,,,,,621,38,0,,,,,3,42.88083304058103,140.878055,,,0,0,0,0,0,0,0,0,0,103,230,blue,680,659,1339
81,03,1811940,1,20260830,1094,90,0,,,,,969,61,0,,,,,3,42.80440904055563,140.891961,,,0,0,0,0,0,0,0,0,0,23,230,blue,1184,1030,2214
81,03,1811950,1,20260830,664,71,0,,,,,613,53,0,,,,,3,42.75773904053971,141.013347,,,0,0,0,0,0,0,0,0,0,56,230,blue,735,666,1401
81,01,1811980,1,20260830,,,,,,,,,,,,,,,3,42.71955604052643,141.252074,,,1,0,0,0,0,0,0,0,0,14,230,blue,0,0,0
81,01,1811990,1,20260830,1538,108,0,,,,,1894,119,0,,,,,3,42.74221004053433,141.402953,,,0,0,0,0,0,0,0,0,0,5,230,blue,1646,2013,3659
81,02,1812000,1,20260830,210,5,0,,,,,200,8,0,,,,,3,42.1695560403113,140.052167,,,0,0,0,0,0,0,0,0,0,0,230,blue,215,208,423
81,02,1812010,1,20260830,1800,66,0,,,,,1823,129,0,,,,,3,41.76194404012323,140.856944,,,0,0,0,0,0,0,0,0,0,0,230,blue,1866,1952,3818
81,02,1812020,1,20260830,,,,,,,,,,,,,,,3,41.714722040099886,140.9975,,,1,0,0,0,0,0,0,0,0,0,230,blue,0,0,0
81,02,1812030,1,20260830,,,,,,,,,,,,,,,3,41.87888904017965,141.092222,,,1,0,0,0,0,0,0,0,0,0,230,blue,0,0,0
81,02,1812040,1,20260830,492,71,0,,,,,517,19,0,,,,,3,41.9566670402161,140.928611,,,0,0,0,0,0,0,0,0,0,0,230,blue,563,536,1099
81,02,1812050,1,20260830,404,36,0,,,,,444,15,0,,,,,3,42.013056040241956,140.853611,,,0,0,0,0,0,0,0,0,0,0,230,blue,440,459,899
81,02,1812060,1,20260830,355,31,0,,,,,362,7,0,,,,,3,42.042500040255284,140.813056,,,0,0,0,0,0,0,0,0,0,0,230,blue,386,369,755
81,02,1812070,1,20260830,513,54,0,,,,,582,63,0,,,,,3,42.12805604029326,140.711389,,,0,0,0,0,0,1,1,0,0,0,230,blue,567,645,1212
81,02,1812080,1,20260830,1499,61,0,,,,,1372,55,0,,,,,3,42.118611040289125,140.632778,,,0,0,0,0,0,0,0,0,0,0,230,blue,1560,1427,2987
81,06,1812090,1,20260830,13,4,0,,,,,1313,60,0,,,,,3,43.89994004083609,145.099582,,,0,0,0,0,0,0,0,0,0,0,230,blue,17,1373,1390
81,05,1812130,1,20260830,259,17,0,,,,,234,33,0,,,,,3,42.02778604024864,143.231184,,,0,0,0,0,0,0,0,0,0,0,230,blue,276,267,543
81,07,1812150,1,20260830,,,,,,,,,,,,,,,3,42.16205004030805,143.324722,,,1,0,0,0,0,0,0,0,0,0,230,blue,0,0,0
81,07,1812160,1,20260830,645,54,0,,,,,780,124,0,,,,,3,42.28181504035883,143.31818,,,0,0,0,0,0,1,1,0,0,0,230,blue,699,904,1603
81,07,1812170,1,20260830,1176,63,0,,,,,1003,38,0,,,,,3,42.31167504037117,143.321422,,,0,0,0,0,0,55,55,0,0,0,230,blue,1239,1041,2280
81,07,1812180,1,20260830,205,19,0,,,,,227,23,0,,,,,3,42.68446104051403,143.603341,,,0,0,0,0,0,0,0,0,0,0,230,blue,224,250,474
81,07,1812190,1,20260830,242,37,0,,,,,261,20,0,,,,,3,42.69525004051786,143.616062,,,0,0,0,0,0,0,0,0,0,0,230,blue,279,281,560
81,07,1812200,1,20260830,129,24,0,,,,,161,26,0,,,,,3,42.74125304053399,143.631419,,,0,0,0,0,0,0,0,0,0,0,230,blue,153,187,340
81,01,1812210,1,20260830,420,7,0,,,,,420,8,0,,,,,3,42.85600604057288,141.704289,,,0,0,0,0,0,0,0,0,0,30,230,blue,427,428,855
81,01,1812220,1,20260830,,,,,,,,,,,,,,,3,42.969962040609545,141.672998,,,1,0,0,0,0,0,0,0,0,1,230,blue,0,0,0
81,01,1812230,1,20260830,,,,,,,,,,,,,,,3,43.02096904062534,141.663755,,,1,0,0,0,0,0,0,0,0,4,230,blue,0,0,0
81,03,1812240,1,20260830,5586,448,0,,,,,5101,342,0,,,,,3,43.14450004066195,141.187805,,,0,0,0,0,0,0,0,0,0,0,230,blue,6034,5443,11477
81,06,1812250,1,20260830,422,31,0,,,,,441,34,0,,,,,3,43.68733204079576,144.466438,,,0,0,0,0,0,0,0,0,0,0,230,blue,453,475,928
81,03,1812260,1,20260830,1419,51,0,,,,,1083,32,0,,,,,3,42.99111104061613,140.875833,,,0,0,0,0,0,0,0,0,0,0,230,blue,1470,1115,2585
81,04,1812290,1,20260830,2702,206,0,,,,,3226,258,0,,,,,3,43.85258742603739,142.702731203374,,,0,0,0,0,0,2,2,0,0,6,230,blue,2908,3484,6392
81,01,1812300,1,20260830,0,0,0,,,,,664,21,0,,,,,3,43.578650040772516,141.414894,,,0,0,0,0,0,0,0,0,0,1,230,blue,0,685,685
81,01,1812310,1,20260830,161,7,0,,,,,302,6,0,,,,,3,43.548241040765674,141.621516,,,0,0,0,0,0,0,0,0,0,6,230,blue,168,308,476
81,01,1812320,1,20260830,184,8,0,,,,,321,9,0,,,,,3,43.542762040764444,141.638006,,,0,0,0,0,0,0,0,0,0,0,230,blue,192,330,522
81,01,1812330,1,20260830,2583,68,0,,,,,2788,47,0,,,,,3,43.55901004076813,141.903362,,,0,0,0,0,0,0,0,0,0,33,230,blue,2651,2835,5486
81,01,1812340,1,20260830,396,9,0,,,,,368,2,0,,,,,3,42.995832040617586,142.00991,,,0,0,0,0,0,0,0,0,0,0,230,blue,405,370,775
81,01,1812350,1,20260830,6266,155,0,,,,,6146,172,0,,,,,3,42.979904040612645,141.346302,,,0,0,0,0,0,0,0,0,0,4,230,blue,6421,6318,12739
81,01,1812370,1,20260830,1638,19,0,,,,,1432,20,0,,,,,3,42.83639604056636,141.300884,,,0,0,0,0,0,0,0,0,0,4,230,blue,1657,1452,3109
81,01,1812380,1,20260830,1565,13,0,,,,,1463,15,0,,,,,3,42.80255304055502,141.327921,,,0,0,0,0,0,0,0,0,0,3,230,blue,1578,1478,3056
82,,2810180,1,20260830,596,107,0,,,,,30,7,0,,,,,3,38.89166803813703,141.115835,,,1,,,,0,,,,,,233,blue,703,37,740
82,,2810190,1,20260830,298,44,0,,,,,19,42,0,,,,,3,39.03166703825964,141.1175,,,1,,,,0,,,,,,233,blue,342,61,403
82,,2810200,1,20260830,150,20,0,,,,,505,69,0,,,,,3,39.0450020382712,141.129544,,,1,,,,0,,,,,,233,blue,170,574,744
82,,2810220,1,20260830,8373,1451,0,,,,,8206,1303,0,,,,,3,39.29444503848296,141.105556,,,0,,,,0,,,,,,233,blue,9824,9509,19333
82,,2810230,1,20260830,0,0,0,,,,,0,0,0,,,,,3,39.344446038524424,141.106946,,,1,,,,0,,,,,,233,blue,0,0,0
82,,2810240,1,20260830,94,67,0,,,,,278,313,0,,,,,3,39.651946038772245,141.164724,,,1,,,,0,,,,,,233,blue,161,591,752
82,,2810250,1,20260830,0,2,0,,,,,2,0,0,,,,,3,39.888889038954595,141.19528,,,1,,,,0,,,,,,233,blue,2,2,4
82,,2810270,1,20260830,6,0,0,,,,,0,0,0,,,,,3,40.27277803923393,141.293058,,,1,,,,0,,,,,,233,blue,6,0,6
82,,2810280,1,20260830,1496,137,0,,,,,1687,238,0,,,,,3,40.41445803933193,141.298913,,,0,,,,0,,,,,,233,blue,1633,1925,3558
82,,2810290,1,20260830,3648,333,0,,,,,4076,304,0,,,,,3,40.718083039532594,141.156692,,,0,,,,0,,,,,,233,blue,3981,4380,8361
82,,2810300,1,20260830,3504,305,0,,,,,3050,263,0,,,,,3,40.907508039651255,141.061111,,,1,,,,0,,,,,,233,blue,3809,3313,7122
82,,2810310,1,20260830,629,151,0,,,,,1,2,0,,,,,3,40.8547220396187,140.839178,,,1,,,,0,,,,,,233,blue,780,3,783
82,,2810400,1,20260830,1881,120,0,,,,,1594,77,0,,,,,3,39.26847903846129,139.923131,,,0,,,,0,,,,,,233,blue,2001,1671,3672
82,,2810430,1,20260830,431,66,0,,,,,669,67,0,,,,,3,39.976642039020206,140.07770900000003,,,1,,,,0,,,,,,233,blue,497,736,1233
82,,2810450,1,20260830,,,,,,,,,,,,,,,3,40.278639039238044,140.449111,,,1,,,,0,,,,,,233,blue,0,0,0
82,,2810460,1,20260830,478,70,0,,,,,401,24,0,,,,,3,40.275306039235716,140.516861,,,1,,,,0,,,,,,233,blue,548,425,973
82,,2810470,1,20260830,3196,276,0,,,,,3209,609,0,,,,,3,40.317917039265446,140.578139,,,0,,,,0,,,,,,233,blue,3472,3818,7290
82,,2810480,1,20260830,616,64,0,,,,,824,79,0,,,,,3,40.577502039441285,140.518889,,,1,,,,0,,,,,,233,blue,680,903,1583
82,,2810490,1,20260830,2922,115,0,,,,,2449,106,0,,,,,3,40.711137039528154,140.580013,,,1,,,,0,,,,,,233,blue,3037,2555,5592
82,,2810580,1,20260830,6088,738,0,,,,,5639,421,0,,,,,3,39.260555038454655,140.543611,,,0,,,,0,,,,,,233,blue,6826,6060,12886
82,,2810590,1,20260830,5732,1483,0,,,,,6837,457,0,,,,,3,39.44138803860391,140.505,,,0,,,,0,,,,,,233,blue,7215,7294,14509
82,,2810600,1,20260830,833,64,0,,,,,1042,275,0,,,,,3,39.51138803866052,140.380833,,,1,,,,0,,,,,,233,blue,897,1317,2214
82,,2810610,1,20260830,4043,237,0,,,,,4906,339,0,,,,,3,39.63750003876089,140.300833,,,0,,,,0,,,,,,233,blue,4280,5245,9525
82,,2810620,1,20260830,10151,522,0,,,,,9562,472,0,,,,,3,39.67388903878944,140.152222,,,0,,,,0,,,,,,233,blue,10673,10034,20707
82,,2810630,1,20260830,12773,536,0,,,,,13472,663,0,,,,,3,39.69425003880535,140.122194,,,0,,,,0,,,,,,233,blue,13309,14135,27444
82,,2810960,1,20260830,88,1,0,,,,,6,2,0,,,,,3,40.26398203922775,141.40187,,,1,,,,0,,,,,,233,blue,89,8,97
82,,2810970,1,20260830,113,3,0,,,,,70,5,0,,,,,3,40.4453010393529,141.638612,,,1,,,,0,,,,,,233,blue,116,75,191
82,,2810980,1,20260830,0,0,0,,,,,65,67,0,,,,,3,40.30396403925574,141.3059,,,1,,,,0,,,,,,233,blue,0,132,132
82,,2810990,1,20260830,4552,307,0,,,,,3933,144,0,,,,,3,40.60361303945845,141.404748,,,0,,,,0,,,,,,233,blue,4859,4077,8936
82,,2811030,1,20260830,1354,111,0,,,,,1207,170,0,,,,,3,39.608922038738314,140.57135,,,0,,,,0,,,,,,233,blue,1465,1377,2842
83,,3810010,1,20260830,,,,,,,,,,,,,,,3,35.23222203411103,139.112514,,,1,,,,,,,,,,233,blue,0,0,0
83,,3810040,1,20260830,13250,423,0,,,,,1874,35,0,,,,,3,35.26450803415279,139.182925,,,0,0,0,0,0,0,0,0,0,0,233,blue,13673,1909,15582
83,,3810050,1,20260830,14922,978,0,,,,,,,,,,,,3,35.71158901450833,139.777491746321,,,0,0,0,0,0,0,0,0,0,0,233,blue,15900,0,15900
83,,3810060,1,20260830,8749,665,0,,,,,7447,511,0,,,,,3,35.725261072361086,139.78833095668,,,0,0,0,0,0,0,0,0,0,0,233,blue,9414,7958,17372
83,,3810061,1,20260830,10010,804,0,,,,,7719,591,0,,,,,3,35.72724220226666,139.789181219765,,,0,0,0,0,0,0,0,0,0,0,233,blue,10814,8310,19124
83,,3810070,1,20260830,10843,877,0,,,,,7541,465,0,,,,,3,35.735055772282294,139.795343463609,,,0,0,0,0,0,0,0,0,0,0,233,blue,11720,8006,19726
83,,3810080,1,20260830,0,0,0,,,,,11966,800,0,,,,,3,35.73896290498206,139.797270681572,,,0,0,0,0,0,0,0,0,0,0,233,blue,0,12766,12766
83,,3810100,1,20260830,3351,50,0,,,,,4489,69,0,,,,,3,36.53972203571964,139.883611,,,0,0,0,0,0,0,0,0,0,0,233,blue,3401,4558,7959
83,,3810110,1,20260830,7384,964,0,,,,,7519,491,0,,,,,3,36.91694403615054,139.999722,,,0,0,0,0,0,0,0,0,0,0,233,blue,8348,8010,16358
83,,3810140,1,20260830,10232,1730,0,,,,,8097,1188,0,,,,,3,35.9900520350645,139.793529,,,0,0,0,0,0,0,0,0,0,0,233,blue,11962,9285,21247
83,,3810151,1,20260830,6884,1847,0,,,,,8450,1601,0,,,,,3,36.07984803517367,139.770041,,,0,0,0,0,0,0,0,0,0,0,233,blue,8731,10051,18782
83,,3810160,1,20260830,10173,1120,0,,,,,11651,1634,0,,,,,3,36.167500035279446,139.779444,,,0,0,0,0,0,0,0,0,0,0,233,blue,11293,13285,24578
83,,3810180,1,20260830,6314,853,0,,,,,13230,1004,0,,,,,3,36.296506035433666,139.841547,,,0,0,0,0,0,0,0,0,0,0,233,blue,7167,14234,21401
83,,3810200,1,20260830,408,93,0,,,,,24461,1872,0,,,,,3,36.57174703575683,139.941692,,,0,0,0,0,0,0,0,0,0,0,233,blue,501,26333,26834
83,,3810210,1,20260830,12480,261,0,,,,,4,0,0,,,,,3,35.694558518577544,139.78420024258003,,,0,0,0,0,0,0,0,0,0,0,233,blue,12741,4,12745
83,,3810220,1,20260830,8437,917,0,,,,,4973,225,0,,,,,3,35.73416286894769,139.831977693081,,,0,0,0,0,0,0,64,0,0,0,233,blue,9354,5198,14552
83,,3810230,1,20260830,534,15,0,,,,,1633,75,0,,,,,3,35.735319871891136,139.833592336398,,,0,0,0,0,0,0,95,0,0,0,233,blue,549,1708,2257
83,,3810260,1,20260830,,,,,,,,,,,,,,,3,35.83796603487771,139.939917,,,1,,,,,,,,,,233,blue,0,0,0
83,,3810280,1,20260830,,,,,,,,,,,,,,,3,35.895306034948405,140.059167,,,1,0,0,0,0,0,0,0,0,0,233,blue,0,0,0
83,,3810290,1,20260830,11397,649,0,,,,,4777,256,0,,,,,3,36.06811403515946,140.179269,,,0,0,0,0,0,1,0,0,0,0,233,blue,12046,5033,17079
83,,3810300,1,20260830,7812,800,0,,,,,7991,340,0,,,,,3,36.078239035171734,140.177747,,,0,0,0,0,0,1,0,0,0,0,233,blue,8612,8331,16943
83,,3810320,1,20260830,1981,186,0,,,,,10724,1453,0,,,,,3,36.378875035531216,140.500661,,,0,0,0,0,0,0,0,0,0,0,233,blue,2167,12177,14344
83,,3810330,1,20260830,3816,381,0,,,,,12437,430,0,,,,,3,36.655972035854084,140.701006,,,0,0,0,0,0,0,0,0,0,0,233,blue,4197,12867,17064
83,,3810340,1,20260830,5635,227,0,,,,,0,0,0,,,,,3,36.794736036012644,140.752922,,,0,0,0,0,0,0,0,0,0,0,233,blue,5862,0,5862
83,,3810350,1,20260830,14893,825,0,,,,,0,0,0,,,,,3,35.92645303498668,140.111775,,,0,0,0,0,0,1,0,0,0,0,233,blue,15718,0,15718
83,,3810360,1,20260830,,,,,,,,,,,,,,,3,35.694040942069805,139.789910543304,,,1,0,0,0,0,0,0,0,0,0,233,blue,0,0,0
83,,3810370,1,20260830,,,,,,,,,,,,,,,3,35.702867388707524,139.866257828687,,,1,0,0,0,0,0,0,0,0,0,233,blue,0,0,0
83,,3810380,1,20260830,,,,,,,,,,,,,,,3,35.628891034617155,140.088076,,,1,,,,,,,,,,233,blue,0,0,0
83,,3810390,1,20260830,,,,,,,,,,,,,,,3,35.62349099143046,139.737976826575,,,1,,,,,,,,,,233,blue,0,0,0
83,,3810400,1,20260830,4475,118,0,,,,,5767,61,0,,,,,3,35.263900034152,139.698397,,,0,0,0,0,0,0,0,0,0,0,233,blue,4593,5828,10421
83,,3810410,1,20260830,7278,367,0,,,,,7160,369,0,,,,,3,35.62304903460981,139.340292,,,0,0,0,0,0,0,0,0,0,0,233,blue,7645,7529,15174
83,,3810420,1,20260830,8968,391,0,,,,,8932,657,0,,,,,3,35.67571003467587,139.331954,,,0,0,0,0,0,0,0,0,0,0,233,blue,9359,9589,18948
83,,3810431,1,20260830,9127,1474,0,,,,,10303,1408,0,,,,,3,35.77594403480087,139.336731,,,0,0,0,0,0,0,0,0,0,0,233,blue,10601,11711,22312
83,,3810440,1,20260830,,,,,,,,,,,,,,,3,35.82933103486704,139.380426,,,1,0,0,0,0,0,0,0,0,0,233,blue,0,0,0
83,,3810460,1,20260830,16874,1437,0,,,,,16174,1634,0,,,,,3,35.91289603497003,139.534764,,,0,0,0,0,0,0,0,0,0,0,233,blue,18311,17808,36119
83,,3810470,1,20260830,,,,,,,,10776,1194,0,,,,,3,35.92749603498795,139.591065,,,0,0,0,0,0,0,3,0,0,0,233,blue,0,11970,11970
83,,3810490,1,20260830,,,,,,,,,,,,,,,3,35.992460035067445,139.820467,,,1,,,,,,,,,,233,blue,0,0,0
83,,3810500,1,20260830,4721,312,0,,,,,8233,1211,0,,,,,3,35.79376864024429,139.685717006056,,,0,0,0,0,0,1,0,0,0,0,233,blue,5033,9444,14477
83,,3810510,1,20260830,5009,611,0,,,,,5241,608,0,,,,,3,35.8210620348568,139.680963,,,0,0,0,0,0,0,0,0,0,0,233,blue,5620,5849,11469
83,,3810520,1,20260830,16791,1653,0,,,,,17377,1453,0,,,,,3,35.97632603504774,139.594106,,,0,0,0,0,0,0,0,0,0,0,233,blue,18444,18830,37274
83,,3810540,1,20260830,9113,558,0,,,,,9203,824,0,,,,,3,36.230692035355204,139.2134,,,0,0,0,0,0,0,2,0,0,0,233,blue,9671,10027,19698
83,,3810560,1,20260830,14480,672,0,,,,,13041,415,0,,,,,3,36.31113903545105,139.02725,,,0,0,0,0,0,0,1,0,0,0,233,blue,15152,13456,28608
83,,3810600,1,20260830,2265,125,0,,,,,2419,204,0,,,,,3,36.68205603588405,138.968889,,,0,0,0,0,0,0,0,0,0,0,233,blue,2390,2623,5013
83,,3810610,1,20260830,18481,1972,0,,,,,,,,,,,,3,35.84803703489016,139.625615,,,0,0,0,0,0,0,2,0,0,0,233,blue,20453,0,20453
83,,3810620,1,20260830,,,,,,,,18496,1637,0,,,,,3,35.84444303488572,139.626759,,,0,0,0,0,0,0,2,0,0,0,233,blue,0,20133,20133
83,,3810670,1,20260830,14539,1421,0,,,,,13572,974,0,,,,,3,36.35330303550101,139.215067,,,0,0,0,0,0,0,0,0,0,0,233,blue,15960,14546,30506
83,,3810710,1,20260830,5321,371,0,,,,,6289,286,0,,,,,3,36.33250003547639,138.5235,,,0,0,0,0,0,0,0,0,0,0,233,blue,5692,6575,12267
83,,3810720,1,20260830,6800,523,0,,,,,7243,301,0,,,,,3,36.49438903566681,138.150722,,,0,0,0,0,0,0,7,0,0,0,233,blue,7323,7544,14867
83,,3810740,1,20260830,9760,379,0,,,,,8338,288,0,,,,,3,36.65492503585288,138.23375,,,0,0,0,0,0,0,0,0,0,0,233,blue,10139,8626,18765
83,,3810750,1,20260830,9430,235,0,,,,,4151,127,0,,,,,3,36.695139035899054,138.26925,,,0,0,0,0,0,0,0,0,0,0,233,blue,9665,4278,13943
83,,3810760,1,20260830,6420,197,0,,,,,5967,205,0,,,,,3,36.717694035924886,138.298306,,,0,0,0,0,0,0,2,0,0,0,233,blue,6617,6172,12789
83,,3810770,1,20260830,2578,221,0,,,,,2361,71,0,,,,,3,36.75032203596213,138.212264,,,0,0,0,0,0,0,0,0,0,0,233,blue,2799,2432,5231
83,,3810780,1,20260830,3101,173,0,,,,,2875,145,0,,,,,3,36.792972036010646,138.219778,,,0,0,0,0,0,0,0,0,0,0,233,blue,3274,3020,6294
83,,3810790,1,20260830,5103,71,0,,,,,4744,164,0,,,,,3,36.406417035563685,138.204417,,,0,0,0,0,0,0,2,0,0,0,233,blue,5174,4908,10082
83,,3810800,1,20260830,850,30,0,,,,,836,20,0,,,,,3,36.82044403604179,138.192306,,,0,0,0,0,0,0,6,0,0,0,233,blue,880,856,1736
83,,3810810,1,20260830,3008,93,0,,,,,2765,46,0,,,,,3,36.8368890360604,138.205542,,,0,0,0,0,0,0,0,0,0,0,233,blue,3101,2811,5912
83,,3810820,1,20260830,1816,39,0,,,,,1757,147,0,,,,,3,36.513833035689494,138.094389,,,0,0,0,0,0,0,1,0,0,0,233,blue,1855,1904,3759
83,,3810821,1,20260830,2195,197,0,,,,,2129,73,0,,,,,3,36.52786103570584,138.096722,,,0,0,0,0,0,0,4,0,0,0,233,blue,2392,2202,4594
83,,3810830,1,20260830,8323,280,0,,,,,3782,153,0,,,,,3,36.23586103536139,137.9565,,,0,0,0,0,0,0,1,0,0,0,233,blue,8603,3935,12538
83,,3810840,1,20260830,2528,243,0,,,,,2473,90,0,,,,,3,36.38313903553625,137.925722,,,0,0,0,0,0,0,1,0,0,0,233,blue,2771,2563,5334
83,,3810850,1,20260830,1937,162,0,,,,,1685,80,0,,,,,3,36.4623860356294,137.946275,,,0,0,0,0,0,0,0,0,0,0,233,blue,2099,1765,3864
83,,3810860,1,20260830,2927,208,0,,,,,2943,84,0,,,,,3,36.5884720357762,138.050889,,,0,0,0,0,0,0,5,0,0,0,233,blue,3135,3027,6162
83,,3810870,1,20260830,6285,226,0,,,,,6887,280,0,,,,,3,36.61469403580651,138.085167,,,0,0,0,0,0,0,0,0,0,0,233,blue,6511,7167,13678
83,,3810880,1,20260830,5901,489,0,,,,,6674,427,0,,,,,3,36.615111035807,138.086528,,,0,0,0,0,0,0,4,0,0,0,233,blue,6390,7101,13491
83,,3810900,1,20260830,3269,75,0,,,,,3469,170,0,,,,,3,36.62808303582196,138.153194,,,0,0,0,0,0,0,4,0,0,0,233,blue,3344,3639,6983
83,,3810910,1,20260830,8805,169,0,,,,,9653,135,0,,,,,3,36.64626403584291,138.18197200000003,,,0,0,0,0,0,0,0,0,0,0,233,blue,8974,9788,18762
83,,3810920,1,20260830,5390,137,0,,,,,6321,102,0,,,,,3,36.648972035846036,138.193972,,,0,0,0,0,0,0,0,0,0,0,233,blue,5527,6423,11950
83,,3810930,1,20260830,3511,323,0,,,,,3914,241,0,,,,,3,36.616944035809105,138.133611,,,0,0,0,0,0,0,0,0,0,0,233,blue,3834,4155,7989
83,,3810950,1,20260830,,,,,,,,,,,,,,,3,35.67318837384892,139.663841176629,,,0,0,0,0,0,0,0,233,0,0,233,blue,0,0,0
83,,3810970,1,20260830,3796,108,0,,,,,1964,31,0,,,,,3,35.61726703460252,139.240054,,,0,0,0,0,0,0,0,0,0,0,233,blue,3904,1995,5899
83,,3810980,1,20260830,4400,170,0,,,,,2583,82,0,,,,,3,35.62000003460596,139.1275,,,0,0,0,0,0,0,0,0,0,0,233,blue,4570,2665,7235
83,,3811030,1,20260830,13979,876,0,,,,,13340,1137,0,,,,,3,35.643889034635976,138.636389,,,0,0,0,0,0,0,0,0,0,0,233,blue,14855,14477,29332
83,,3811050,1,20260830,3707,339,0,,,,,3729,151,0,,,,,3,35.91541703497313,138.227361,,,0,0,0,0,0,0,5,0,0,0,233,blue,4046,3880,7926
83,,3811060,1,20260830,,,,,,,,,,,,,,,3,35.94028603500364,138.197875,,,1,0,0,0,0,0,2,0,0,0,233,blue,0,0,0
83,,3811070,1,20260830,4897,86,0,,,,,4824,166,0,,,,,3,36.029750035112876,138.1255,,,0,0,0,0,0,0,0,0,0,0,233,blue,4983,4990,9973
83,,3811080,1,20260830,9456,566,0,,,,,7387,352,0,,,,,3,36.077694035171085,138.037889,,,0,0,0,0,0,0,2,0,0,0,233,blue,10022,7739,17761
83,,3811090,1,20260830,11,0,0,,,,,6055,597,0,,,,,3,36.12191703522454,137.959472,,,0,0,0,0,0,0,10,0,0,0,233,blue,11,6652,6663
83,,3811100,1,20260830,216,8,0,,,,,187,8,0,,,,,3,35.9769440350485,138.163333,,,1,0,0,0,0,0,18,0,0,0,233,blue,224,195,419
83,,3811110,1,20260830,2721,406,0,,,,,3156,613,0,,,,,3,36.08683303518214,138.06408300000004,,,0,0,0,0,0,0,1,0,0,0,233,blue,3127,3769,6896
83,,3811121,1,20260830,,,,,,,,2271,122,0,,,,,3,35.63168503462065,139.28402,,,0,0,0,0,0,0,10,0,0,0,233,blue,0,2393,2393
83,,3811130,1,20260830,3541,189,0,,,,,3773,132,0,,,,,3,35.99511103507067,138.139278,,,0,0,0,0,0,0,0,0,0,0,233,blue,3730,3905,7635
83,,3811220,1,20260830,,,,,,,,,,,,,,,3,35.959128035026716,140.602286,,,1,0,0,0,0,0,0,0,0,0,233,blue,0,0,0
83,,3811230,1,20260830,796,188,0,,,,,3987,219,0,,,,,3,35.95769703502496,140.602514,,,0,0,0,0,0,0,0,0,0,0,233,blue,984,4206,5190
83,,3811240,1,20260830,3415,179,0,,,,,2802,151,0,,,,,3,35.200928034070465,138.520986,,,0,0,0,0,0,0,3,0,0,0,233,blue,3594,2953,6547
83,,3811250,1,20260830,791,44,0,,,,,664,22,0,,,,,3,35.31250003421467,138.442011,,,0,0,0,0,0,0,0,0,0,0,233,blue,835,686,1521
83,,3811270,1,20260830,3724,306,0,,,,,4514,243,0,,,,,3,35.5316670344945,138.450278,,,0,0,0,0,0,0,0,0,0,0,233,blue,4030,4757,8787
83,,3811290,1,20260830,,,,,,,,,,,,,,,3,35.041444033862305,139.833306,,,1,,,,,,,,,,233,blue,0,0,0
83,,3811300,1,20260830,,,,,,,,,,,,,,,3,35.157361034013846,139.819,,,1,,,,,,,,,,233,blue,0,0,0
83,,3811330,1,20260830,3749,164,0,,,,,3774,97,0,,,,,3,35.53888903450364,138.885556,,,0,0,0,0,0,1,66,0,0,0,233,blue,3913,3871,7784
83,,3811340,1,20260830,5943,252,0,,,,,6281,208,0,,,,,3,35.60305603458465,138.940833,,,0,0,0,0,0,0,0,0,0,0,233,blue,6195,6489,12684
83,,3811350,1,20260830,13279,758,0,,,,,14358,658,0,,,,,3,35.61569396585425,139.627538019939,,,0,0,0,0,0,0,0,0,0,0,233,blue,14037,15016,29053
83,,3811360,1,20260830,12079,1589,0,,,,,14357,1469,0,,,,,3,35.48552503443597,139.460986,,,0,0,0,0,0,20,0,0,0,0,233,blue,13668,15826,29494
83,,3811370,1,20260830,7187,656,0,,,,,5006,395,0,,,,,3,35.35857503427389,139.075042,,,0,0,0,0,0,20,0,0,0,0,233,blue,7843,5401,13244
83,,3811390,1,20260830,19342,2532,0,,,,,,,,,,,,3,35.64686740024182,139.854860316246,,,0,0,0,0,0,0,0,0,0,0,233,blue,21874,0,21874
83,,3811401,1,20260830,3,0,0,,,,,,,,,,,,3,35.64792275306184,139.837391468126,,,0,0,0,0,0,0,0,0,0,0,233,blue,3,0,3
83,,3811410,1,20260830,13247,2005,0,,,,,,,,,,,,3,35.6321085640565,139.785108560174,,,0,0,0,0,0,0,0,0,0,0,233,blue,15252,0,15252
83,,3811411,1,20260830,,,,,,,,13604,2506,0,,,,,3,35.63193106766495,139.786372369256,,,0,0,0,0,0,0,0,0,0,0,233,blue,0,16110,16110
83,,3811420,1,20260830,,,,,,,,,,,,,,,3,35.57873713134419,139.756665501316,,,1,0,0,0,0,0,33,0,0,28,233,blue,0,0,0
83,,3811421,1,20260830,,,,,,,,6153,1360,0,,,,,3,35.573715682248654,139.759184371525,,,0,0,0,0,0,0,33,0,0,4,233,blue,0,7513,7513
83,,3811430,1,20260830,,,,,,,,,,,,,,,3,35.6138270345982,140.103045,,,1,,,,,,,,,,233,blue,0,0,0
83,,3811440,1,20260830,1030,145,0,,,,,3721,227,0,,,,,3,35.60712645223976,139.747366707275,,,0,0,0,0,0,0,0,0,0,0,233,blue,1175,3948,5123
84,,4810010,1,20260830,13682,532,0,,,,,12429,342,0,,,,,3,37.9300000372281,139.134722,,,0,0,0,0,0,0,0,0,0,101,233,blue,14214,12771,26985
84,,4810020,1,20260830,19182,1025,0,,,,,15415,500,0,,,,,3,37.95278103725094,139.213611,,,0,0,0,0,0,0,0,0,0,0,233,blue,20207,15915,36122
84,,4810040,1,20260830,4823,228,0,,,,,320,8,0,,,,,3,37.96305603726123,139.3275,,,0,0,0,0,0,0,0,0,0,1,233,blue,5051,328,5379
84,,4810060,1,20260830,2014,37,0,,,,,1920,170,0,,,,,3,38.2550360375481,139.501792,,,0,0,0,0,0,0,0,0,0,0,233,blue,2051,2090,4141
84,,4810070,1,20260830,3525,521,0,,,,,3249,219,0,,,,,3,38.28200003757407,139.521444,,,0,0,0,0,0,0,0,0,0,0,233,blue,4046,3468,7514
84,,4810080,1,20260830,2329,483,0,,,,,2021,238,0,,,,,3,38.374925037662884,139.556342,,,0,0,0,0,0,0,0,0,0,0,233,blue,2812,2259,5071
84,,4810090,1,20260830,10966,512,0,,,,,10456,747,0,,,,,3,37.5351670368223,138.881569,,,0,0,0,0,0,0,0,0,0,0,233,blue,11478,11203,22681
84,,4810100,1,20260830,9874,372,0,,,,,11377,769,0,,,,,3,37.473639036757405,138.880583,,,0,0,0,0,0,0,0,0,0,0,233,blue,10246,12146,22392
84,,4810110,1,20260830,12364,200,0,,,,,11869,158,0,,,,,3,37.459033036741936,138.856414,,,0,0,0,0,0,0,0,0,0,0,233,blue,12564,12027,24591
84,,4810120,1,20260830,11758,182,0,,,,,13828,250,0,,,,,3,37.462169036745266,138.845592,,,0,0,0,0,0,0,0,0,0,0,233,blue,11940,14078,26018
84,,4810130,1,20260830,8555,160,0,,,,,9466,159,0,,,,,3,37.44445303672647,138.785889,,,0,0,0,0,0,0,0,0,0,1,233,blue,8715,9625,18340
84,,4810140,1,20260830,5323,88,0,,,,,5058,148,0,,,,,3,37.44069403672249,138.740364,,,0,0,0,0,0,0,0,0,0,0,233,blue,5411,5206,10617
84,,4810150,1,20260830,,,,,,,,,,,,,,,3,37.41229403669227,138.674192,,,1,0,0,0,0,0,0,0,0,1,233,blue,0,0,0
84,,4810160,1,20260830,4614,300,0,,,,,4388,335,0,,,,,3,37.23896903650589,138.343486,,,0,0,0,0,0,0,0,0,0,0,233,blue,4914,4723,9637
84,,4810170,1,20260830,,,,,,,,,,,,,,,3,37.18690003644924,138.272953,,,1,0,0,0,0,0,0,0,0,0,233,blue,0,0,0
84,,4810180,1,20260830,8590,316,0,,,,,8499,329,0,,,,,3,37.17543303643671,138.266805,,,0,0,0,0,0,0,0,0,0,0,233,blue,8906,8828,17734
84,,4810190,1,20260830,10279,358,0,,,,,10539,373,0,,,,,3,37.1623530364224,138.247561,,,0,0,0,0,0,0,0,0,0,0,233,blue,10637,10912,21549
84,,4810200,1,20260830,3378,212,0,,,,,3549,227,0,,,,,3,37.105891036360454,137.990565,,,0,0,0,0,0,0,0,0,0,1,233,blue,3590,3776,7366
84,,4810210,1,20260830,3434,237,0,,,,,3634,187,0,,,,,3,37.08795603634071,137.96033,,,0,0,0,0,0,0,0,0,0,0,233,blue,3671,3821,7492
84,,4810220,1,20260830,2420,141,0,,,,,3112,155,0,,,,,3,37.057208036306754,137.905455,,,1,0,0,0,0,0,0,0,0,0,233,blue,2561,3267,5828
84,,4810230,1,20260830,2127,187,0,,,,,3015,214,0,,,,,3,37.050899036299775,137.885459,,,0,0,0,0,0,0,0,0,0,0,233,blue,2314,3229,5543
84,,4810250,1,20260830,1156,52,0,,,,,801,13,0,,,,,3,37.05093203629982,137.890368,,,0,0,0,0,0,0,0,0,0,0,233,blue,1208,814,2022
84,,4810260,1,20260830,3918,678,0,,,,,4352,198,0,,,,,3,36.9856190362273,138.808078,,,0,0,0,0,0,0,0,0,0,0,233,blue,4596,4550,9146
84,,4810270,1,20260830,4450,357,0,,,,,4293,102,0,,,,,3,37.24858103651632,138.916575,,,0,0,0,0,0,0,0,0,0,1,233,blue,4807,4395,9202
84,,4810280,1,20260830,1189,71,0,,,,,1008,41,0,,,,,3,37.17036103643117,138.942139,,,0,0,0,0,0,0,0,0,0,0,233,blue,1260,1049,2309
84,,4810290,1,20260830,5131,224,0,,,,,5898,156,0,,,,,3,37.07683703632844,138.265595,,,0,0,0,0,0,0,0,0,0,2,233,blue,5355,6054,11409
84,,4810300,1,20260830,1088,146,0,,,,,1126,50,0,,,,,3,37.66361103695634,139.536806,,,0,0,0,0,0,0,0,0,0,1,233,blue,1234,1176,2410
84,,4810310,1,20260830,6649,205,0,,,,,6845,106,0,,,,,3,37.84055603713779,139.147778,,,0,0,0,0,0,0,0,0,0,1,233,blue,6854,6951,13805
84,,4810330,1,20260830,27939,497,0,,,,,23829,471,0,,,,,3,37.8978060371957,139.070722,,,0,0,0,0,0,0,0,0,0,0,233,blue,28436,24300,52736
84,,4810340,1,20260830,2101,232,0,,,,,1996,127,0,,,,,3,37.563464036852,138.734306,,,0,0,0,0,0,0,0,0,0,0,233,blue,2333,2123,4456
84,,4810350,1,20260830,4852,319,0,,,,,4948,179,0,,,,,3,37.61757803690852,138.825033,,,0,0,0,0,0,0,0,0,0,0,233,blue,5171,5127,10298
84,,4810360,1,20260830,6803,365,0,,,,,7132,297,0,,,,,3,37.690358036984,138.885919,,,0,0,0,0,0,0,0,0,0,1,233,blue,7168,7429,14597
84,,4810370,1,20260830,7466,325,0,,,,,7450,269,0,,,,,3,37.8052690371019,138.92235,,,0,0,0,0,0,0,0,0,0,0,233,blue,7791,7719,15510
84,,4810380,1,20260830,14252,383,0,,,,,15124,323,0,,,,,3,37.86309703716064,138.981,,,0,0,0,0,0,0,0,0,0,0,233,blue,14635,15447,30082
84,,4810395,1,20260830,,,,,,,,,,,,,,,3,36.691540505894935,136.9116223,,,1,,,,0,7,,,0,0,233,blue,0,0,0
84,,4810406,1,20260830,2931,198,32,,,,,3624,110,102,,,,,3,36.89660103612769,137.444677,,,0,,,,0,1,,,0,0,233,blue,3161,3836,6997
84,,4810410,1,20260830,6324,167,0,,,,,6854,55,0,,,,,3,36.816442036037266,137.41630300000003,,,0,0,0,0,0,84,84,0,0,0,233,blue,6491,6909,13400
84,,4810420,1,20260830,8568,346,0,,,,,9172,198,0,,,,,3,36.718606035925916,137.303914,,,0,0,0,0,0,64,64,0,0,6,233,blue,8914,9370,18284
84,,4810430,1,20260830,7163,253,0,,,,,6196,125,0,,,,,3,36.71795303592518,137.279328,,,0,0,0,0,0,85,85,0,0,10,233,blue,7416,6321,13737
84,,4810440,1,20260830,9051,390,0,,,,,9184,240,0,,,,,3,36.72027203592783,137.263083,,,0,0,0,0,0,21,21,0,0,0,233,blue,9441,9424,18865
84,,4810445,1,20260830,13659,492,9,,,,,13021,506,165,,,,,3,36.73017862593915,137.18171158,,,0,,,,0,0,,,0,0,233,blue,14160,13692,27852
84,,4810447,1,20260830,,,,,,,,,,,,,,,3,36.72863947593739,137.12486156,,,1,,,,0,1,,,0,0,233,blue,0,0,0
84,,4810454,1,20260830,10151,207,535,,,,,11182,186,2,,,,,3,36.744673195955684,136.99179584,,,0,,,,0,0,,,0,0,233,blue,10893,11370,22263
84,,4810460,1,20260830,,,,,,,,,,,,,,,3,36.68745003589023,136.855675,,,1,0,0,0,0,81,81,0,0,6,233,blue,0,0,0
84,,4810462,1,20260830,1778,135,5,,,,,497,7,0,,,,,3,36.525710035703334,137.22999,,,0,,,,0,24,,,0,0,233,blue,1918,504,2422
84,,4810463,1,20260830,2527,171,125,,,,,2739,104,36,,,,,3,36.53609652571542,137.23114399,,,0,,,,0,7,,,0,0,233,blue,2823,2879,5702
84,,4810470,1,20260830,,,,,,,,,,,,,,,3,36.69575603589977,137.237889,,,1,0,0,0,0,0,0,0,0,0,233,blue,0,0,0
84,,4810480,1,20260830,1791,61,0,,,,,1752,67,0,,,,,3,36.580522035767004,136.965706,,,0,0,0,0,0,79,79,0,0,1,233,blue,1852,1819,3671
84,,4810485,1,20260830,5990,83,24,,,,,6406,80,3,,,,,3,36.68510836918755,136.9765361111,,,0,,,,0,1,,,0,0,233,blue,6097,6489,12586
84,,4810490,1,20260830,2457,18,0,,,,,2900,9,0,,,,,3,36.74530803595641,137.01085,,,0,0,0,0,0,87,87,0,0,1,233,blue,2475,2909,5384
84,,4810500,1,20260830,434,30,0,,,,,163,5,0,,,,,3,36.91246103614551,137.019489,,,0,0,0,0,0,156,156,0,0,2,233,blue,464,168,632
84,,4810510,1,20260830,,,,,,,,,,,,,,,3,36.84943603607457,136.97895,,,1,,,,,,,,,,233,blue,0,0,0
84,,4810530,1,20260830,15061,384,0,,,,,15130,551,0,,,,,3,36.44611103561032,136.488056,,,0,0,0,0,0,0,0,0,0,0,233,blue,15445,15681,31126
84,,4810550,1,20260830,6600,283,0,,,,,6190,378,0,,,,,3,36.32672203546954,136.41169500000004,,,0,0,0,0,0,1,1,0,0,7,233,blue,6883,6568,13451
84,,4810570,1,20260830,8269,824,0,,,,,7956,479,0,,,,,3,36.571667035756725,136.655556,,,0,0,0,0,0,2,2,0,0,5,233,blue,9093,8435,17528
84,,4810580,1,20260830,8846,103,0,,,,,3195,31,0,,,,,3,36.54430803572498,136.640516,,,0,0,0,0,0,0,0,0,0,5,233,blue,8949,3226,12175
84,,4810590,1,20260830,13960,98,0,,,,,14604,119,0,,,,,3,36.54061903572069,136.623128,,,0,0,0,0,0,0,0,0,0,1,233,blue,14058,14723,28781
84,,4810600,1,20260830,3340,137,0,,,,,3259,116,0,,,,,3,37.04041903628817,136.969305,,,0,0,0,0,0,0,0,0,0,0,233,blue,3477,3375,6852
84,,4810610,1,20260830,,,,,,,,,,,,,,,3,36.90469303613679,136.830093,,,1,,,,,,,,,,233,blue,0,0,0
84,,4810620,1,20260830,1455,63,0,,,,,1444,155,0,,,,,3,36.86972803609746,136.79694700000002,,,0,0,0,0,0,0,0,0,0,0,233,blue,1518,1599,3117
84,,4810630,1,20260830,8079,85,0,,,,,5217,42,0,,,,,3,36.560782035744104,136.677711,,,0,0,0,0,0,0,0,0,0,0,233,blue,8164,5259,13423
85,22,5810060,1,20260830,1921,126,,,,,,1658,118,,,,,,3,34.90554603368308,138.270337,,,0,,0,,0,0,0,0,,0,233,blue,2047,1776,3823
85,22,5810080,1,20260830,6322,2132,,,,,,10839,859,,,,,,3,34.84454203360207,138.151981,,,0,,0,,0,0,0,0,,0,233,blue,8454,11698,20152
85,22,5810090,1,20260830,10626,658,,,,,,10525,618,,,,,,3,34.78638703352455,138.050184,,,0,,0,,0,0,0,0,,0,233,blue,11284,11143,22427
85,22,5810110,1,20260830,32903,3122,,,,,,26953,1950,,,,,,3,34.76273603349293,137.969553,,,0,,0,,0,0,0,0,,0,233,blue,36025,28903,64928
85,23,5810190,1,20260830,5569,258,,,,,,5747,124,,,,,,3,35.11388803395716,136.734972,,,0,,0,,0,0,0,0,,0,233,blue,5827,5871,11698
85,24,5810210,1,20260830,6111,660,,,,,,5642,519,,,,,,3,34.86311003362677,136.47097,,,0,,0,,0,0,0,0,,0,233,blue,6771,6161,12932
85,21,5810280,1,20260830,12702,296,,,,,,10526,210,,,,,,3,35.365972034283374,137.22477800000001,,,0,,0,,0,0,0,0,,0,233,blue,12998,10736,23734
85,21,5810330,1,20260830,10326,452,,,,,,10206,551,,,,,,3,35.44925903438983,137.419698,,,0,,0,,0,0,0,0,,0,233,blue,10778,10757,21535
85,21,5810340,1,20260830,8732,337,,,,,,8246,414,,,,,,3,35.45966703440309,137.442028,,,0,,0,,0,0,0,0,,0,233,blue,9069,8660,17729
85,21,5810350,1,20260830,4336,285,,,,,,14568,548,,,,,,3,35.51200003446958,137.521639,,,0,,0,,0,0,0,0,,0,233,blue,4621,15116,19737
85,21,5810360,1,20260830,3569,1441,,,,,,3097,421,,,,,,3,35.581250034557165,137.537222,,,0,,0,,0,0,0,0,,0,233,blue,5010,3518,8528
85,21,5810370,1,20260830,3598,306,,,,,,3231,362,,,,,,3,35.81618803485076,137.683244,,,0,,0,,0,0,0,0,,0,233,blue,3904,3593,7497
85,21,5810380,1,20260830,2796,526,,,,,,2933,449,,,,,,3,35.91502403497266,137.77069,,,0,,0,,0,0,0,0,,0,233,blue,3322,3382,6704
85,21,5810390,1,20260830,2512,449,,,,,,2005,265,,,,,,3,35.93471103499681,137.786917,,,0,,0,,0,0,0,0,,0,233,blue,2961,2270,5231
85,21,5810420,1,20260830,3607,249,,,,,,3405,185,,,,,,3,35.37572803429589,137.190676,,,0,,0,,0,0,0,0,,0,233,blue,3856,3590,7446
85,21,5810440,1,20260830,2831,179,,,,,,2845,111,,,,,,3,35.426917034361345,137.132361,,,0,,0,,0,0,0,0,,0,233,blue,3010,2956,5966
85,21,5810470,1,20260830,6647,187,,,,,,6208,276,,,,,,3,35.418612034350744,136.946394,,,0,,0,,0,0,0,0,,0,233,blue,6834,6484,13318
85,21,5810510,1,20260830,2921,72,,,,,,2512,45,,,,,,3,35.37112003428997,136.453326,,,0,,0,,0,0,0,0,,0,233,blue,2993,2557,5550
85,23,5810530,1,20260830,11464,921,,,,,,9176,358,,,,,,3,34.696128033403625,137.40686,,,0,,0,,0,0,0,0,,0,233,blue,12385,9534,21919
85,23,5810570,1,20260830,12195,545,,,,,,12213,954,,,,,,3,34.84938803360853,137.221222,,,0,,0,,0,0,0,0,,0,233,blue,12740,13167,25907
85,23,5810580,1,20260830,15517,1502,,,,,,16,6,,,,,,3,34.84869403360759,137.197416,,,0,,0,,0,0,0,0,,0,233,blue,17019,22,17041
85,23,5810620,1,20260830,21825,2390,,,,,,19119,1317,,,,,,3,35.10119403394058,136.86925,,,0,,0,,0,0,0,0,,0,233,blue,24215,20436,44651
85,24,5810670,1,20260830,13014,588,,,,,,12342,336,,,,,,3,34.65002003334157,136.51956,,,0,,0,,0,0,0,0,,0,233,blue,13602,12678,26280
85,24,5810680,1,20260830,10603,913,,,,,,11028,387,,,,,,3,34.71907003343443,136.4716,,,0,,0,,0,0,0,0,,0,233,blue,11516,11415,22931
85,24,5810690,1,20260830,12233,566,,,,,,10383,397,,,,,,3,34.64712003333765,136.49449,,,0,,0,,0,0,0,0,,0,233,blue,12799,10780,23579
85,24,5810700,1,20260830,9623,2500,,,,,,12469,2031,,,,,,3,34.850220033609624,136.416645,,,0,,0,,0,0,0,0,,0,233,blue,12123,14500,26623
85,24,5810730,1,20260830,13108,2048,,,,,,14854,1085,,,,,,3,34.62822503331218,135.986212,,,0,,0,,0,0,0,0,,0,233,blue,15156,15939,31095
85,21,5810760,1,20260830,3505,206,,,,,,3019,201,,,,,,3,35.55276203452119,137.177488,,,0,,0,,0,0,0,0,,0,233,blue,3711,3220,6931
85,21,5810770,1,20260830,1387,92,,,,,,1176,48,,,,,,3,35.64602003463866,137.169715,,,0,,0,,0,0,0,0,,0,233,blue,1479,1224,2703
85,21,5810780,1,20260830,2273,358,,,,,,2415,215,,,,,,3,35.667031034665,137.162564,,,0,,0,,0,0,0,0,,0,233,blue,2631,2630,5261
85,21,5810790,1,20260830,1957,347,,,,,,1914,101,,,,,,3,35.74291003475978,137.208481,,,0,,0,,0,0,0,0,,0,233,blue,2304,2015,4319
85,21,5810800,1,20260830,1738,601,,,,,,1930,198,,,,,,3,35.77947703480525,137.252586,,,0,,0,,0,0,0,0,,0,233,blue,2339,2128,4467
85,21,5810810,1,20260830,3384,241,,,,,,3273,197,,,,,,3,35.83471903487371,137.232014,,,0,,0,,0,0,0,0,,0,233,blue,3625,3470,7095
85,21,5810830,1,20260830,719,103,,,,,,1861,344,,,,,,3,36.02357503510535,137.294767,,,0,,0,,0,0,0,0,,0,233,blue,822,2205,3027
85,21,5810840,1,20260830,4212,81,,,,,,4270,213,,,,,,3,36.10871303520861,137.266233,,,0,,0,,0,0,0,0,,0,233,blue,4293,4483,8776
85,21,5810850,1,20260830,5695,343,,,,,,4558,287,,,,,,3,36.12373303522673,137.258932,,,0,,0,,0,0,0,0,,0,233,blue,6038,4845,10883
85,21,5810860,1,20260830,1576,176,,,,,,1844,239,,,,,,3,36.25072803537914,137.162845,,,0,,0,,0,0,0,0,,0,233,blue,1752,2083,3835
85,21,5810880,1,20260830,794,95,,,,,,836,60,,,,,,3,36.31423303545473,137.259675,,,0,,0,,0,0,0,0,,0,233,blue,889,896,1785
85,24,5810890,1,20260830,3135,96,,,,,,3110,167,,,,,,3,34.407524733012174,136.4423714,,,0,,0,,0,0,0,0,,0,233,blue,3231,3277,6508
85,24,5810900,1,20260830,1044,99,,,,,,921,35,,,,,,3,34.1617406326732,136.2779067,,,0,,0,,0,0,0,0,,0,233,blue,1143,956,2099
85,24,5810920,1,20260830,1611,90,,,,,,1538,1120,,,,,,3,34.05028613251784,136.1958331,,,0,,0,,0,0,0,0,,0,233,blue,1701,2658,4359
85,24,5810930,1,20260830,307,3,,,,,,295,13,,,,,,3,33.98629813242818,136.1080803,,,0,,0,,0,0,0,0,,0,233,blue,310,308,618
85,24,5810940,1,20260830,627,121,,,,,,690,68,,,,,,3,33.93298113235323,136.0940822,,,0,,0,,0,0,0,0,,0,233,blue,748,758,1506
85,24,5810960,1,20260830,3177,214,,,,,,2718,101,,,,,,3,34.00152563244955,136.1851117,,,0,,0,,0,0,0,0,,0,233,blue,3391,2819,6210
85,24,5810970,1,20260830,2977,140,,,,,,2548,120,,,,,,3,33.942137832366114,136.1524581,,,0,,0,,0,0,0,0,,0,233,blue,3117,2668,5785
85,24,5810980,1,20260830,3175,205,,,,,,2727,125,,,,,,3,33.92889863234747,136.1381858,,,0,,0,,0,0,0,0,,0,233,blue,3380,2852,6232
85,24,5810990,1,20260830,2695,170,,,,,,2380,130,,,,,,3,33.74057583208088,135.9955167,,,0,,0,,0,0,0,0,,0,233,blue,2865,2510,5375
85,24,5811000,1,20260830,4136,199,,,,,,3388,181,,,,,,1,34.10420863259313,136.1948133,,,0,,0,,0,0,0,0,,0,233,blue,4335,3569,7904
85,22,5811020,1,20260830,1623,269,,,,,,1556,461,,,,,,3,35.15084103400535,138.522379,,,0,,0,,0,0,0,0,,0,233,blue,1892,2017,3909
85,22,5811030,1,20260830,1616,34,,,,,,1325,61,,,,,,3,35.15470103401037,138.520314,,,0,,0,,0,0,0,0,,0,233,blue,1650,1386,3036
85,22,5811040,1,20260830,,,,,,,,,,,,,,,3,35.19272303405982,138.529894,,,1,,0,,0,0,0,0,,0,233,blue,0,0,0
85,22,5811050,1,20260830,3649,140,,,,,,5793,116,,,,,,3,35.37095103428976,138.860418,,,0,,0,,0,0,0,0,,0,233,blue,3789,5909,9698
85,23,5811110,1,20260830,3407,271,,,,,,2916,83,,,,,,3,35.135027033984734,137.309194,,,0,,0,,0,0,0,0,,0,233,blue,3678,2999,6677
85,23,5811120,1,20260830,4117,242,,,,,,2859,142,,,,,,3,35.149777034003954,137.332722,,,0,,0,,0,0,0,0,,0,233,blue,4359,3001,7360
85,23,5811130,1,20260830,2646,1221,,,,,,2772,108,,,,,,3,35.1700830340304,137.406805,,,0,,0,,0,0,0,0,,0,233,blue,3867,2880,6747
85,23,5811140,1,20260830,1673,264,,,,,,1344,73,,,,,,3,35.221388034097004,137.524166,,,0,,0,,0,0,0,0,,0,233,blue,1937,1417,3354
85,21,5811150,1,20260830,3028,129,,,,,,2468,176,,,,,,3,35.46219703440631,137.756093,,,0,,0,,0,0,0,0,,0,233,blue,3157,2644,5801
85,21,5811160,1,20260830,3843,487,,,,,,3527,250,,,,,,3,35.50206103445697,137.792544,,,0,,0,,0,0,0,0,,0,233,blue,4330,3777,8107
85,23,5811170,1,20260830,2371,275,,,,,,2375,63,,,,,,3,35.21055503408296,137.106666,,,0,,0,,0,0,0,0,,0,233,blue,2646,2438,5084
85,21,5811190,1,20260830,3947,149,,,,,,3016,282,,,,,,3,35.601941034583234,136.937212,,,0,,0,,0,0,0,0,,0,233,blue,4096,3298,7394
85,21,5811230,1,20260830,,,,,,,,,,,,,,,3,36.13868903524477,137.164639,,,1,,0,,0,0,0,0,,0,233,blue,0,0,0
85,21,5811240,1,20260830,2724,140,,,,,,2740,270,,,,,,3,36.16135703527206,137.222749,,,0,,0,,0,0,0,0,,0,233,blue,2864,3010,5874
85,22,5811250,1,20260830,1830,99,,,,,,5733,685,,,,,,3,35.312573034214765,138.927446,,,0,,0,,0,0,0,0,,0,233,blue,1929,6418,8347
85,21,5811270,1,20260830,3453,178,,,,,,3321,229,,,,,,3,35.23023303410846,136.596679,,,0,,0,,0,0,0,0,,0,233,blue,3631,3550,7181
85,21,5811330,1,20260830,1083,67,,,,,,804,44,,,,,,3,35.46731303441282,137.78409,,,0,,0,,0,0,0,0,,0,233,blue,1150,848,1998
86,,6810010,1,20260830,3124,510,,,,,,3944,579,,,,,,3,34.89694403367168,136.336111,,,0,,0,,0,0,0,0,,0,233,blue,3634,4523,8157
86,,6810020,1,20260830,,,,,,,,,,,,,,,3,34.97777803377855,135.901667,,,1,,0,,0,0,0,0,,0,233,blue,0,0,0
86,,6810030,1,20260830,,,,,,,,,,,,,,,3,35.00527803381478,136.094722,,,1,,0,,0,233,233,0,,0,233,blue,0,0,0
86,,6810060,1,20260830,0,0,,,,,,14775,1548,,,,,,3,34.986389033789905,135.75305600000002,,,0,,0,,0,0,0,0,,0,233,blue,0,16323,16323
86,,6810089,1,20260830,,,,,,,,,,,,,,,3,34.978118033779,135.908546,,,1,,0,,0,0,0,0,,0,233,blue,0,0,0
86,,6810090,1,20260830,4875,325,,,,,,0,0,,,,,,3,34.83138903358458,135.72305600000004,,,0,,0,,0,0,0,0,,0,233,blue,5200,0,5200
86,,6810100,1,20260830,0,0,,,,,,3819,183,,,,,,3,34.83138903358458,135.723889,,,0,,0,,0,0,0,0,,0,233,blue,0,4002,4002
86,,6810105,1,20260830,11395,700,,,,,,9770,614,,,,,,3,34.71411113342777,135.4489722,,,0,,0,,0,0,0,0,,0,233,blue,12095,10384,22479
86,,6810111,1,20260830,10294,262,,,,,,11935,177,,,,,,3,34.6429970333321,135.019846,,,0,,0,,0,0,0,0,,0,233,blue,10556,12112,22668
86,,6810130,1,20260830,,,,,,,,,,,,,,,3,34.842500033599364,134.330556,,,0,,0,,0,0,0,0,,233,233,blue,0,0,0
86,,6810135,1,20260830,4276,564,,,,,,2902,418,,,,,,3,36.18333336529846,136.26777780000003,,,0,,0,,0,0,0,0,,0,233,blue,4840,3320,8160
86,,6810140,1,20260830,6078,896,,,,,,3980,1257,,,,,,3,36.14305603525003,136.263889,,,0,,0,,0,0,0,0,,0,233,blue,6974,5237,12211
86,,6810150,1,20260830,,,,,,,,,,,,,,,3,36.0772220351705,136.244444,,,1,,0,,0,0,0,0,,0,233,blue,0,0,0
86,,6810160,1,20260830,,,,,,,,,,,,,,,3,36.02444403510641,136.218333,,,1,,0,,0,0,0,0,,0,233,blue,0,0,0
86,,6810165,1,20260830,160,1,,,,,,0,0,,,,,,3,35.980555595052905,136.1958333,,,1,,0,,0,0,0,0,,0,233,blue,161,0,161
86,,6810170,1,20260830,,,,,,,,,,,,,,,3,35.95555603502233,136.188889,,,1,,0,,0,0,0,0,,0,233,blue,0,0,0
86,,6810180,1,20260830,3880,280,,,,,,3305,260,,,,,,3,35.878333034927515,136.169444,,,0,,0,,0,0,0,0,,0,233,blue,4160,3565,7725
86,,6810190,1,20260830,,,,,,,,,,,,,,,3,35.719444034730536,136.094722,,,1,,0,,0,0,0,0,,0,233,blue,0,0,0
86,,6810200,1,20260830,996,41,,,,,,1085,59,,,,,,3,35.66555603466316,136.083056,,,0,,0,,0,0,0,0,,0,233,blue,1037,1144,2181
86,,6810220,1,20260830,2006,110,,,,,,2649,162,,,,,,3,35.60416703458605,136.107222,,,0,,0,,0,0,0,0,,0,233,blue,2116,2811,4927
86,,6810230,1,20260830,1380,374,,,,,,2309,215,,,,,,3,35.57603003455058,136.122756,,,0,,0,,0,0,0,0,,0,233,blue,1754,2524,4278
86,,6810240,1,20260830,5172,283,,,,,,5076,604,,,,,,3,35.512778034470564,136.173333,,,0,,0,,0,0,0,0,,0,233,blue,5455,5680,11135
86,,6810241,1,20260830,3205,590,,,,,,2154,1189,,,,,,3,35.4322160343681,136.245092,,,0,,0,,0,0,0,0,,0,233,blue,3795,3343,7138
86,,6810250,1,20260830,6874,942,,,,,,7999,451,,,,,,3,35.27555603416706,136.269444,,,0,,0,,0,0,0,0,,0,233,blue,7816,8450,16266
86,,6810260,1,20260830,6320,386,,,,,,6480,299,,,,,,3,35.11611103396005,136.128333,,,0,,0,,0,0,0,0,,0,233,blue,6706,6779,13485
86,,6810270,1,20260830,6828,275,,,,,,6611,709,,,,,,3,35.091944033928485,136.089722,,,0,,0,,0,0,0,0,,0,233,blue,7103,7320,14423
86,,6810280,1,20260830,245,15,,,,,,1896,227,,,,,,3,35.66000003465618,136.084722,,,0,,0,,0,0,0,0,,0,233,blue,260,2123,2383
86,,6810290,1,20260830,9583,2292,,,,,,13391,955,,,,,,3,34.996111033802705,135.722222,,,0,,0,,0,0,0,0,,0,233,blue,11875,14346,26221
86,,6810300,1,20260830,0,0,,,,,,122,5,,,,,,3,34.981944033784046,135.693056,,,0,,0,,0,0,0,0,,0,233,blue,0,127,127
86,,6810310,1,20260830,11060,509,,,,,,0,0,,,,,,3,34.981944033784046,135.692917,,,0,,0,,0,0,0,0,,0,233,blue,11569,0,11569
86,,6810320,1,20260830,10216,367,,,,,,8113,238,,,,,,3,34.992500033797945,135.64750000000004,,,0,,0,,0,0,0,0,,0,233,blue,10583,8351,18934
86,,6810330,1,20260830,9866,533,,,,,,9529,544,,,,,,3,34.989722033794294,135.636667,,,0,,0,,0,0,0,0,,0,233,blue,10399,10073,20472
86,,6810335,1,20260830,5283,409,,,,,,4941,265,,,,,,3,35.488936034440314,135.756215,,,0,,0,,0,0,0,0,,0,233,blue,5692,5206,10898
86,,6810340,1,20260830,471,20,,,,,,654,96,,,,,,3,35.12222203396803,135.439444,,,0,,0,,0,0,0,0,,0,233,blue,491,750,1241
86,,6810343,1,20260830,,,,,,,,,,,,,,,3,35.18777781405339,135.3219444,,,1,,0,,0,0,0,0,,0,233,blue,0,0,0
86,,6810344,1,20260830,3105,309,,,,,,3813,275,,,,,,3,35.24583336412865,135.2161111,,,0,,0,,0,0,0,0,,0,233,blue,3414,4088,7502
86,,6810346,1,20260830,4795,412,,,,,,5090,315,,,,,,3,35.28305559417674,135.1777778,,,0,,0,,0,0,0,0,,0,233,blue,5207,5405,10612
86,,6810348,1,20260830,7388,431,,,,,,6103,505,,,,,,3,35.3139820342166,135.101491,,,0,,0,,0,0,0,0,,0,233,blue,7819,6608,14427
86,,6810360,1,20260830,,,,,,,,,,,,,,,3,35.333611034241834,134.917222,,,0,,0,,0,0,0,0,,233,233,blue,0,0,0
86,,6810365,1,20260830,2796,246,,,,,,3343,171,,,,,,3,36.25913403538918,136.286774,,,0,,0,,0,0,0,0,,0,233,blue,3042,3514,6556
86,,6810370,1,20260830,,,,,,,,,,,,,,,3,35.38305603430526,134.671667,,,0,,0,,0,0,0,0,,233,233,blue,0,0,0
86,,6810390,1,20260830,,,,,,,,,,,,,,,3,35.48083303443001,134.585278,,,0,,0,,0,0,0,0,,233,233,blue,0,0,0
86,,6810400,1,20260830,,,,,,,,,,,,,,,3,35.50388903445929,134.533889,,,0,,0,,0,0,0,0,,233,233,blue,0,0,0
86,,6810410,1,20260830,,,,,,,,,,,,,,,3,35.5247220344857,134.4275,,,0,,0,,0,0,0,0,,233,233,blue,0,0,0
86,,6810420,1,20260830,4446,218,,,,,,3991,119,,,,,,3,35.33111103423862,136.352222,,,0,,0,,0,0,0,0,,0,233,blue,4664,4110,8774
86,,6810450,1,20260830,5839,240,,,,,,2351,24,,,,,,3,34.229683032767404,135.169164,,,0,,0,,0,0,0,0,,0,233,blue,6079,2375,8454
86,,6810492,1,20260830,5318,993,,,,,,5799,337,,,,,,3,34.5749167332401,135.6647778,,,0,,0,,0,0,0,0,,0,233,blue,6311,6136,12447
86,,6810500,1,20260830,,,,,,,,,,,,,,,3,34.58000003324698,135.466581,,,1,,0,,0,0,0,0,,0,233,blue,0,0,0
86,,6810510,1,20260830,,,,,,,,,,,,,,,3,34.5797220332466,135.466581,,,1,,0,,0,0,0,0,,0,233,blue,0,0,0
86,,6810540,1,20260830,,,,,,,,,,,,,,,3,34.36000003294702,135.269444,,,1,,0,,0,0,0,0,,0,233,blue,0,0,0
86,,6810550,1,20260830,,,,,,,,,,,,,,,3,34.32270003289575,135.19756,,,1,,0,,0,0,0,0,,0,233,blue,0,0,0
86,,6810551,1,20260830,10504,1114,,,,,,9494,241,,,,,,3,34.32488893289876,135.1913056,,,0,,0,,0,0,0,0,,0,233,blue,11618,9735,21353
86,,6810552,1,20260830,5465,175,,,,,,5803,123,,,,,,3,34.31283333288218,135.1605,,,0,,0,,0,0,0,0,,0,233,blue,5640,5926,11566
86,,6810560,1,20260830,,,,,,,,,,,,,,,3,34.24805603279281,135.175,,,1,,0,,0,0,0,0,,0,233,blue,0,0,0
86,,6810580,1,20260830,5262,127,,,,,,2019,73,,,,,,3,35.633611034623065,136.021389,,,0,,0,,0,0,0,0,,0,233,blue,5389,2092,7481
86,,6810590,1,20260830,2588,191,,,,,,2910,100,,,,,,3,35.58083303455663,135.910417,,,0,,0,,0,0,0,0,,0,233,blue,2779,3010,5789
86,,6810610,1,20260830,3569,296,,,,,,3206,217,,,,,,3,35.469444034415524,135.825,,,0,,0,,0,0,0,0,,0,233,blue,3865,3423,7288
86,,6810620,1,20260830,3188,127,,,,,,3569,177,,,,,,3,35.483056034432835,135.666111,,,0,,0,,0,0,0,0,,0,233,blue,3315,3746,7061
86,,6810630,1,20260830,3047,266,,,,,,2550,256,,,,,,3,35.48805603443919,135.595833,,,0,,0,,0,0,0,0,,0,233,blue,3313,2806,6119
86,,6810660,1,20260830,3252,413,,,,,,3092,233,,,,,,3,35.48083303443001,135.421389,,,0,,0,,0,0,0,0,,0,233,blue,3665,3325,6990
86,,6810667,1,20260830,2283,55,,,,,,4543,491,,,,,,3,35.46027781440387,135.3566667,,,0,,0,,0,0,0,0,,0,233,blue,2338,5034,7372
86,,6810670,1,20260830,4468,275,,,,,,4492,243,,,,,,3,35.414167034345056,135.333056,,,0,,0,,0,0,0,0,,0,233,blue,4743,4735,9478
86,,6810671,1,20260830,4627,258,,,,,,4461,264,,,,,,3,35.37888892429992,135.3169444,,,0,,0,,0,0,0,0,,0,233,blue,4885,4725,9610
86,,6810730,1,20260830,,,,,,,,,,,,,,,3,34.85305603361341,134.605278,,,0,,0,,0,0,0,0,,233,233,blue,0,0,0
86,,6810740,1,20260830,,,,,,,,,,,,,,,3,34.87691203364509,134.61312,,,0,,0,,0,0,0,0,,233,233,blue,0,0,0
86,,6810750,1,20260830,,,,,,,,,,,,,,,3,35.07068203390065,134.587422,,,0,,0,,0,0,0,0,,233,233,blue,0,0,0
86,,6810760,1,20260830,,,,,,,,,,,,,,,3,35.145672033998615,134.539014,,,0,,0,,0,0,0,0,,233,233,blue,0,0,0
86,,6810770,1,20260830,4773,603,,,,,,3773,189,,,,,,3,33.692375032012194,135.984591,,,0,,0,,0,0,0,0,,0,233,blue,5376,3962,9338
86,,6810780,1,20260830,2127,171,,,,,,875,1315,,,,,,3,33.61777803190555,135.927061,,,0,,0,,0,0,0,0,,0,233,blue,2298,2190,4488
86,,6810790,1,20260830,5200,247,,,,,,210,5,,,,,,3,33.56853903183492,135.910197,,,0,,0,,0,0,0,0,,0,233,blue,5447,215,5662
86,,6810800,1,20260830,3276,358,,,,,,3371,119,,,,,,3,33.50323103174097,135.806228,,,0,,0,,0,0,0,0,,0,233,blue,3634,3490,7124
86,,6810810,1,20260830,2770,151,,,,,,2829,178,,,,,,3,33.48392803171314,135.760481,,,0,,0,,0,0,0,0,,0,233,blue,2921,3007,5928
86,,6810820,1,20260830,0,1,,,,,,98,2,,,,,,3,33.509890031750565,135.60639100000003,,,0,,0,,0,0,0,0,,0,233,blue,1,100,101
86,,6810830,1,20260830,,,,,,,,,,,,,,,3,33.51850003176297,135.57,,,1,,0,,0,0,0,0,,0,233,blue,0,0,0
86,,6810840,1,20260830,726,62,,,,,,957,18,,,,,,3,33.554167031814266,135.458889,,,0,,0,,0,0,0,0,,0,233,blue,788,975,1763
86,,6810850,1,20260830,3767,182,,,,,,503,2,,,,,,3,33.70273603202697,135.411942,,,0,,0,,0,0,0,0,,0,233,blue,3949,505,4454
86,,6810860,1,20260830,8701,125,,,,,,6389,215,,,,,,3,33.72250003205514,135.404722,,,0,,0,,0,0,0,0,,0,233,blue,8826,6604,15430
86,,6810880,1,20260830,0,0,,,,,,0,0,,,,,,3,33.748889032092684,135.3275,,,0,,0,,0,0,0,0,,0,233,blue,0,0,0
86,,6810890,1,20260830,2886,184,,,,,,3344,202,,,,,,3,33.7811110321385,135.3025,,,0,,0,,0,0,0,0,,0,233,blue,3070,3546,6616
86,,6810900,1,20260830,3988,160,,,,,,3665,207,,,,,,3,33.91892803233343,135.146508,,,0,,0,,0,0,0,0,,0,233,blue,4148,3872,8020
86,,6810910,1,20260830,2033,634,,,,,,0,0,,,,,,3,33.94659203237239,135.12965,,,0,,0,,0,0,0,0,,0,233,blue,2667,0,2667
86,,6810920,1,20260830,6486,424,,,,,,5011,264,,,,,,3,34.04305603250771,135.189722,,,0,,0,,0,0,0,0,,0,233,blue,6910,5275,12185
86,,6810930,1,20260830,,,,,,,,,,,,,,,3,34.047035032513286,135.189167,,,1,,0,,0,0,0,0,,0,233,blue,0,0,0
86,,6810950,1,20260830,,,,,,,,,,,,,,,3,34.19539403271991,135.169583,,,1,,0,,0,0,0,0,,0,233,blue,0,0,0
86,,6810960,1,20260830,587,145,,,,,,5625,309,,,,,,3,33.74962803209376,135.359472,,,0,,0,,0,0,0,0,,0,233,blue,732,5934,6666
86,,6810980,1,20260830,,,,,,,,,,,,,,,3,34.652222033344536,135.48972200000003,,,1,,0,,0,0,0,0,,0,233,blue,0,0,0
86,,6810990,1,20260830,974,217,,,,,,2530,463,,,,,,3,35.551944034520155,136.098333,,,0,,0,,0,0,0,0,,0,233,blue,1191,2993,4184
86,,6811000,1,20260830,1866,153,,,,,,1664,274,,,,,,3,35.530000034492396,136.094444,,,0,,0,,0,0,0,0,,0,233,blue,2019,1938,3957
86,,6811010,1,20260830,3401,388,,,,,,2940,224,,,,,,3,35.47888903442754,136.083056,,,0,,0,,0,0,0,0,,0,233,blue,3789,3164,6953
86,,6811020,1,20260830,1558,192,,,,,,724,164,,,,,,3,35.39750003432375,136.024722,,,0,,0,,0,0,0,0,,0,233,blue,1750,888,2638
86,,6811030,1,20260830,15298,3655,,,,,,12641,1691,,,,,,3,35.28722203418211,136.018056,,,0,,0,,0,0,0,0,,0,233,blue,18953,14332,33285
86,,6811040,1,20260830,4119,1722,,,,,,7044,560,,,,,,3,35.24777803413116,135.960556,,,0,,0,,0,0,0,0,,0,233,blue,5841,7604,13445
86,,6811050,1,20260830,,,,,,,,,,,,,,,3,35.237778034118236,135.943333,,,1,,0,,0,233,233,0,,0,233,blue,0,0,0
86,,6811080,1,20260830,,,,,,,,,,,,,,,3,34.71861103343382,135.569444,,,1,,0,,0,0,0,0,,0,233,blue,0,0,0
86,,6811120,1,20260830,3171,346,,,,,,3622,194,,,,,,3,35.0725560339031,135.008778,,,0,,0,,0,0,0,0,,0,233,blue,3517,3816,7333
86,,6811130,1,20260830,3262,379,,,,,,2769,98,,,,,,3,35.12139403396696,135.005953,,,0,,0,,0,0,0,0,,0,233,blue,3641,2867,6508
86,,6811150,1,20260830,,,,,,,,,,,,,,,3,35.16055603401799,135.066111,,,0,,0,,0,0,0,0,,233,233,blue,0,0,0
86,,6811160,1,20260830,,,,,,,,,,,,,,,3,35.23305603411212,135.020833,,,0,,0,,0,0,0,0,,233,233,blue,0,0,0
86,,6811165,1,20260830,2280,855,,,,,,1965,678,,,,,,3,35.28748503418245,134.977245,,,0,,0,,0,0,0,0,,0,233,blue,3135,2643,5778
86,,6811170,1,20260830,,,,,,,,,,,,,,,3,35.29111103418713,134.970556,,,0,,0,,0,0,0,0,,233,233,blue,0,0,0
86,,6811180,1,20260830,,,,,,,,,,,,,,,3,35.30305603420252,134.92,,,0,,0,,0,0,0,0,,233,233,blue,0,0,0
86,,6811190,1,20260830,,,,,,,,,,,,,,,3,35.34500003425647,134.801111,,,0,,0,,0,0,0,0,,233,233,blue,0,0,0
86,,6811200,1,20260830,,,,,,,,,,,,,,,3,35.36333303427999,134.759167,,,0,,0,,0,0,0,0,,233,233,blue,0,0,0
86,,6811210,1,20260830,4403,358,,,,,,5372,128,,,,,,3,35.49942303445363,134.790538,,,0,,0,,0,0,0,0,,0,233,blue,4761,5500,10261
86,,6811220,1,20260830,4111,89,,,,,,3907,106,,,,,,3,35.474942034422526,134.764925,,,0,,0,,0,0,0,0,,0,233,blue,4200,4013,8213
86,,6811230,1,20260830,4604,146,,,,,,4345,319,,,,,,3,35.43722003437449,134.767839,,,0,,0,,0,0,0,0,,0,233,blue,4750,4664,9414
86,,6811260,1,20260830,7056,123,,,,,,7295,492,,,,,,3,35.01754603383091,136.023618,,,0,,0,,0,0,0,0,,0,233,blue,7179,7787,14966
86,,6811310,1,20260830,26558,1840,,,,,,26334,1465,,,,,,3,34.78856603352747,134.816183,,,0,,0,,0,0,0,0,,0,233,blue,28398,27799,56197
86,,6811320,1,20260830,,,,,,,,,,,,,,,3,34.81472203356237,134.673055,,,1,,0,,0,0,0,0,,0,233,blue,0,0,0
86,,6811340,1,20260830,13274,545,,,,,,21373,809,,,,,,3,34.83503003358942,134.618945,,,0,,0,,0,0,0,0,,0,233,blue,13819,22182,36001
86,,6811400,1,20260830,5139,231,,,,,,4065,169,,,,,,3,34.54152803319483,135.675417,,,0,,0,,0,0,0,0,,0,233,blue,5370,4234,9604
88,,8810010,1,20260830,1627,83,0,,,,,1512,46,0,,,,,3,34.22576903276199,134.506281,,,0,0,0,0,0,0,0,0,0,0,60,blue,1710,1558,3268
88,,8810040,1,20260830,1556,87,0,,,,,1484,53,0,,,,,3,34.21202803274294,134.426444,,,0,0,0,0,0,0,0,0,0,0,60,blue,1643,1537,3180
88,,8810050,1,20260830,,,,,,,,,,,,,,,3,34.2426940327854,134.369389,,,1,0,0,0,0,0,0,0,0,0,60,blue,0,0,0
88,,8810060,1,20260830,,,,,,,,,,,,,,,3,34.24194403278437,134.333056,,,1,0,0,0,0,0,0,0,0,0,60,blue,0,0,0
88,,8810070,1,20260830,,,,,,,,,,,,,,,3,34.3096610328778,134.235686,,,1,0,0,0,0,0,0,0,0,0,60,blue,0,0,0
88,,8810080,1,20260830,,,,,,,,,,,,,,,3,34.323825032897304,134.203003,,,1,0,0,0,0,0,0,0,0,0,60,blue,0,0,0
88,,8810090,1,20260830,,,,,,,,,,,,,,,3,34.31055603287904,134.040556,,,1,0,0,0,0,0,0,0,0,0,60,blue,0,0,0
88,,8810100,1,20260830,,,,,,,,,,,,,,,3,34.31083303287942,134.040833,,,1,0,0,0,0,0,0,0,0,0,60,blue,0,0,0
88,,8810110,1,20260830,,,,,,,,,,,,,,,3,34.296344462859466,133.9267892,,,1,0,0,0,0,0,0,0,0,0,60,blue,0,0,0
88,,8810120,1,20260830,3656,53,0,,,,,3086,53,0,,,,,3,34.30830303287593,133.886,,,0,0,0,0,0,0,0,0,0,0,60,blue,3709,3139,6848
88,,8810130,1,20260830,,,,,,,,,,,,,,,3,34.28116903283854,133.818719,,,1,0,0,0,0,0,0,0,0,0,60,blue,0,0,0
88,,8810150,1,20260830,,,,,,,,,,,,,,,3,33.79388903215663,132.931944,,,1,0,0,0,0,0,0,0,0,0,60,blue,0,0,0
88,,8810160,1,20260830,5727,136,0,,,,,4904,85,0,,,,,3,34.251008032796896,133.916925,,,0,0,0,0,0,0,0,0,0,0,60,blue,5863,4989,10852
88,,8810170,1,20260830,3525,147,0,,,,,2909,159,0,,,,,3,34.183472032703364,133.834944,,,0,0,0,0,0,0,0,0,0,0,60,blue,3672,3068,6740
88,,8810180,1,20260830,1696,60,0,,,,,1423,29,0,,,,,3,34.15741703266719,133.82277800000003,,,0,0,0,0,0,0,0,0,0,0,60,blue,1756,1452,3208
88,,8810210,1,20260830,1607,70,0,,,,,1303,75,0,,,,,3,34.02985603248925,133.814811,,,0,0,0,0,0,0,0,0,0,0,60,blue,1677,1378,3055
88,,8810220,1,20260830,1022,191,0,,,,,1322,65,0,,,,,3,33.99827503244498,133.788456,,,0,0,0,0,0,0,0,0,0,0,60,blue,1213,1387,2600
88,,8810270,1,20260830,696,64,0,,,,,609,55,0,,,,,3,33.699149792021856,133.6898053,,,0,0,0,0,0,0,0,0,0,0,60,blue,760,664,1424
88,,8810310,1,20260830,663,7,0,,,,,757,58,0,,,,,3,33.65416703195762,133.66,,,0,0,0,0,0,0,0,0,0,0,60,blue,670,815,1485
88,,8810340,1,20260830,,,,,,,,,,,,,,,3,33.55527803181588,133.460556,,,1,0,0,0,0,0,0,0,0,0,60,blue,0,0,0
88,,8810380,1,20260830,,,,,,,,,,,,,,,3,33.555000031815474,133.139444,,,1,0,0,0,0,0,0,0,0,0,60,blue,0,0,0
88,,8810400,1,20260830,,,,,,,,,,,,,,,3,33.58111103185298,132.9925,,,1,0,0,0,0,0,0,0,0,0,60,blue,0,0,0
88,,8810410,1,20260830,1136,15,0,,,,,791,74,0,,,,,3,33.61805603190595,132.933333,,,0,0,0,0,0,0,0,0,0,0,60,blue,1151,865,2016
88,,8810420,1,20260830,1225,28,0,,,,,903,109,0,,,,,3,33.62777803191986,132.916389,,,0,0,0,0,0,0,0,0,0,0,60,blue,1253,1012,2265
88,,8810430,1,20260830,1261,84,0,,,,,1009,118,0,,,,,3,33.646667031946905,132.905833,,,0,0,0,0,0,0,0,0,0,0,60,blue,1345,1127,2472
88,,8810450,1,20260830,,,,,,,,,,,,,,,3,33.68178252199708,132.8835762,,,1,0,0,0,0,0,0,0,0,0,60,blue,0,0,0
88,,8810510,1,20260830,,,,,,,,,,,,,,,3,33.73555603207373,132.811667,,,1,0,0,0,0,0,0,0,0,0,60,blue,0,0,0
88,,8810520,1,20260830,,,,,,,,,,,,,,,6,33.80277803216924,132.7775,,,1,0,0,0,0,0,0,0,0,0,60,blue,0,0,0
88,,8810530,1,20260830,,,,,,,,,,,,,,,3,33.80679213217494,132.7455604,,,1,0,0,0,0,0,0,0,0,0,60,blue,0,0,0
88,,8810560,1,20260830,319,13,0,,,,,342,6,0,,,,,3,33.883114032282926,134.645522,,,0,0,0,0,0,0,0,0,0,0,60,blue,332,348,680
88,,8810570,1,20260830,1660,149,0,,,,,1505,172,0,,,,,3,33.87310303226879,134.637228,,,0,0,0,0,0,0,0,0,0,0,60,blue,1809,1677,3486
88,,8810580,1,20260830,1476,118,0,,,,,1357,41,0,,,,,3,33.8064830321745,134.590708,,,0,0,0,0,0,0,0,0,0,0,60,blue,1594,1398,2992
88,,8810640,1,20260830,945,65,0,,,,,835,35,0,,,,,3,33.72289703205572,134.519397,,,0,0,0,0,0,0,0,0,0,0,60,blue,1010,870,1880
88,,8810660,1,20260830,947,68,0,,,,,956,40,0,,,,,3,33.66041903196656,134.406369,,,0,0,0,0,0,0,0,0,0,0,60,blue,1015,996,2011
88,,8810670,1,20260830,1012,23,0,,,,,875,107,0,,,,,3,33.58200303185425,134.323467,,,0,0,0,0,0,0,0,0,0,0,60,blue,1035,982,2017
88,,8810690,1,20260830,,,,,,,,,,,,,,,3,33.49111103172349,134.261667,,,1,0,0,0,0,0,0,0,0,0,60,blue,0,0,0
88,,8810720,1,20260830,,,,,,,,,,,,,,,3,33.33499901149748,134.1973409,,,1,0,0,0,0,0,0,0,0,0,60,blue,0,0,0
88,,8810730,1,20260830,,,,,,,,,,,,,,,3,33.2510477313752,134.1807112,,,1,0,0,0,0,0,0,0,0,0,60,blue,0,0,0
88,,8810740,1,20260830,,,,,,,,,,,,,,,3,33.29972203144615,134.123333,,,1,0,0,0,0,0,0,0,0,0,60,blue,0,0,0
88,,8810750,1,20260830,,,,,,,,,,,,,,,3,33.371439791550394,134.039855,,,1,0,0,0,0,0,0,0,0,0,60,blue,0,0,0
88,,8810760,1,20260830,,,,,,,,,,,,,,,3,33.42416703162678,134.023333,,,1,0,0,0,0,0,0,0,0,0,60,blue,0,0,0
88,,8810780,1,20260830,,,,,,,,,,,,,,,3,33.441944031652504,133.966111,,,1,0,0,0,0,0,0,0,0,0,60,blue,0,0,0
88,,8810820,1,20260830,,,,,,,,,,,,,,,3,33.5033880317412,133.878652,,,1,0,0,0,0,0,0,0,0,0,60,blue,0,0,0
88,,8810840,1,20260830,,,,,,,,,,,,,,,3,33.525000031772315,133.760278,,,1,0,0,0,0,0,0,0,0,0,60,blue,0,0,0
88,,8810850,1,20260830,2664,134,0,,,,,256,29,0,,,,,3,33.42055603162157,133.301944,,,0,0,0,0,0,0,0,0,0,0,60,blue,2798,285,3083
88,,8810880,1,20260830,278,8,0,,,,,247,25,0,,,,,3,33.3074340314574,133.179556,,,0,0,0,0,0,0,0,0,0,0,60,blue,286,272,558
88,,8810890,1,20260830,550,75,0,,,,,0,0,0,,,,,3,33.28855103142989,133.172023,,,0,0,0,0,0,0,0,0,0,0,60,blue,625,0,625
88,,8810910,1,20260830,483,24,0,,,,,0,0,0,,,,,3,33.266597031397886,133.171467,,,0,0,0,0,0,0,0,0,0,0,60,blue,507,0,507
88,,8810920,1,20260830,2246,112,0,,,,,1477,66,0,,,,,3,33.21880803132811,133.140708,,,0,0,0,0,0,0,0,0,0,0,60,blue,2358,1543,3901
88,,8810940,1,20260830,2655,76,0,,,,,2278,50,0,,,,,3,33.0089042010197,132.9856986,,,0,0,0,0,0,0,0,0,0,0,60,blue,2731,2328,5059
88,,8810960,1,20260830,888,17,0,,,,,807,72,0,,,,,3,32.97816103097427,132.889125,,,0,0,0,0,0,0,0,0,0,0,60,blue,905,879,1784
88,,8810970,1,20260830,754,84,0,,,,,827,15,0,,,,,3,32.977644030973515,132.885636,,,0,0,0,0,0,0,0,0,0,0,60,blue,838,842,1680
88,,8811000,1,20260830,1984,43,0,,,,,1656,41,0,,,,,3,32.96687203095758,132.865489,,,0,0,0,0,0,0,0,0,0,0,60,blue,2027,1697,3724
88,,8811020,1,20260830,566,84,0,,,,,639,58,0,,,,,3,32.96457803095418,132.816661,,,0,0,0,0,0,0,0,0,0,0,60,blue,650,697,1347
88,,8811040,1,20260830,891,99,0,,,,,1041,24,0,,,,,3,32.95833303094494,132.796389,,,0,0,0,0,0,0,0,0,0,0,60,blue,990,1065,2055
88,,8811050,1,20260830,2086,56,0,,,,,2137,34,0,,,,,3,32.93641403091248,132.736475,,,0,0,0,0,0,0,0,0,0,0,60,blue,2142,2171,4313
88,,8811060,1,20260830,1147,82,0,,,,,1107,31,0,,,,,3,32.969853030961985,132.683747,,,0,0,0,0,0,0,0,0,0,0,60,blue,1229,1138,2367
88,,8811070,1,20260830,,,,,,,,,,,,,,,3,32.970303030962654,132.665209,,,1,0,0,0,0,33,33,0,0,0,60,blue,0,0,0
88,,8811080,1,20260830,1278,16,0,,,,,1247,81,0,,,,,3,32.95232903093605,132.60067,,,0,0,0,0,0,0,0,0,0,0,60,blue,1294,1328,2622
88,,8811090,1,20260830,1135,103,0,,,,,1293,44,0,,,,,3,32.9541190309387,132.584276,,,0,0,0,0,0,0,0,0,0,0,60,blue,1238,1337,2575
88,,8811110,1,20260830,1272,37,0,,,,,911,38,0,,,,,3,33.04654603107523,132.48536,,,0,0,0,0,0,0,0,0,0,0,60,blue,1309,949,2258
88,,8811130,1,20260830,1308,208,0,,,,,1530,143,0,,,,,3,33.0789110311229,132.49507,,,0,0,0,0,0,0,0,0,0,0,60,blue,1516,1673,3189
88,,8811140,1,20260830,658,18,0,,,,,640,41,0,,,,,3,33.11350003117377,132.518333,,,0,0,0,0,0,0,0,0,0,0,60,blue,676,681,1357
88,,8811150,1,20260830,865,154,0,,,,,1020,234,0,,,,,3,33.12469803119022,132.521282,,,0,0,0,0,0,0,0,0,0,0,60,blue,1019,1254,2273
88,,8811170,1,20260830,2005,80,0,,,,,1631,65,0,,,,,3,33.49517003172935,132.54537,,,0,0,0,0,0,0,0,0,0,0,60,blue,2085,1696,3781
88,,8811180,1,20260830,666,78,0,,,,,773,63,0,,,,,3,33.15677703123728,132.5469,,,0,0,0,0,0,0,0,0,0,0,60,blue,744,836,1580
88,,8811190,1,20260830,1377,37,0,,,,,1168,96,0,,,,,3,33.264024031394136,132.552651,,,0,0,0,0,0,0,0,0,0,0,60,blue,1414,1264,2678
88,,8811210,1,20260830,4777,187,0,,,,,3864,262,0,,,,,3,33.23340003134943,132.559577,,,0,0,0,0,0,0,0,0,0,0,60,blue,4964,4126,9090
88,,8811220,1,20260830,2488,71,0,,,,,2068,200,0,,,,,3,33.21975503132949,132.55883,,,0,0,0,0,0,0,0,0,0,0,60,blue,2559,2268,4827
88,,8811230,1,20260830,3799,219,0,,,,,3569,132,0,,,,,3,33.21400003132108,132.545961,,,0,0,0,0,0,0,0,0,0,0,60,blue,4018,3701,7719
88,,8811240,1,20260830,2060,158,0,,,,,1791,72,0,,,,,3,33.187563031282394,132.543219,,,0,0,0,0,0,0,0,0,0,0,60,blue,2218,1863,4081
88,,8811250,1,20260830,,,,,,,,,,,,,,,3,33.623917031914345,132.69675,,,1,0,0,0,0,0,0,0,0,0,60,blue,0,0,0
88,,8811260,1,20260830,,,,,,,,,,,,,,,3,33.63910303193607,132.70852,,,1,0,0,0,0,0,0,0,0,0,60,blue,0,0,0
88,,8811300,1,20260830,1845,117,0,,,,,2064,145,0,,,,,3,33.701111032024656,132.7075,,,0,0,0,0,0,0,0,0,0,0,60,blue,1962,2209,4171
88,,8811320,1,20260830,1324,42,0,,,,,1174,158,0,,,,,3,33.99242782243679,133.6034113,,,0,0,0,0,0,0,0,0,0,0,60,blue,1366,1332,2698
88,,8811330,1,20260830,614,23,0,,,,,519,86,0,,,,,3,33.99611044244195,133.6571521,,,0,0,0,0,0,0,0,0,0,0,60,blue,637,605,1242
88,,8811360,1,20260830,630,66,0,,,,,662,80,0,,,,,3,34.015556032469206,133.77361100000002,,,0,0,0,0,0,0,0,0,0,0,60,blue,696,742,1438
88,,8811430,1,20260830,,,,,,,,,,,,,,,3,33.981944032422064,132.778333,,,1,0,0,0,0,0,0,0,0,0,60,blue,0,0,0
88,,8811450,1,20260830,2743,76,0,,,,,2725,123,0,,,,,3,33.98044403241997,133.057088,,,0,0,0,0,0,0,0,0,0,0,60,blue,2819,2848,5667
89,,9810010,1,20260830,11524,213,0,,,,,8792,374,0,,,,,3,33.86852803226232,130.79675,,,0,0,0,0,0,0,0,0,0,0,233,blue,11737,9166,20903
89,,9810020,1,20260830,,,,,,,,,,,,,,,3,33.835259032215276,130.608521,,,1,0,0,0,0,0,0,0,0,0,233,blue,0,0,0
89,,9810030,1,20260830,18311,560,0,,,,,16987,474,0,,,,,3,33.78978203215081,130.567337,,,0,0,0,0,0,0,0,0,0,0,233,blue,18871,17461,36332
89,,9810040,1,20260830,26635,518,0,,,,,26816,617,0,,,,,3,33.744955032087105,130.488242,,,0,0,0,0,0,0,0,0,0,0,233,blue,27153,27433,54586
89,,9810050,1,20260830,,,,,,,,,,,,,,,3,33.73691203207566,130.478193,,,1,0,0,0,0,0,0,0,0,0,233,blue,0,0,0
89,,9810070,1,20260830,18866,898,0,,,,,20021,1055,0,,,,,3,33.52600403177376,130.49557,,,0,0,0,0,0,0,0,0,0,0,233,blue,19764,21076,40840
89,,9810080,1,20260830,18682,690,0,,,,,16278,484,0,,,,,3,33.51100303175216,130.511069,,,0,0,0,0,0,0,0,0,0,0,233,blue,19372,16762,36134
89,,9810090,1,20260830,18964,562,0,,,,,20654,911,0,,,,,3,33.510200031751005,130.520977,,,0,0,0,0,0,0,0,0,0,0,233,blue,19526,21565,41091
89,,9810100,1,20260830,13471,791,0,,,,,14325,636,0,,,,,3,33.477797031704284,130.53932,,,0,0,0,0,0,0,0,0,0,0,233,blue,14262,14961,29223
89,,9810120,1,20260830,,,,,,,,,,,,,,,3,33.33966203150427,130.525942,,,1,,,,,,,,,,233,blue,0,0,0
89,,9810130,1,20260830,4235,362,0,,,,,3368,442,0,,,,,3,33.19870703129871,130.60119,,,0,0,0,0,0,0,0,0,0,0,233,blue,4597,3810,8407
89,,9810140,1,20260830,,,,,,,,,,,,,,,3,33.170447031257325,130.617432,,,1,0,0,0,0,0,0,0,0,0,233,blue,0,0,0
89,,9810150,1,20260830,16929,469,0,,,,,16197,414,0,,,,,3,33.86806903226167,130.775199,,,0,0,0,0,0,0,0,0,0,0,233,blue,17398,16611,34009
89,,9810160,1,20260830,13647,439,0,,,,,,,,,,,,3,33.86432503225638,130.74688,,,0,0,0,0,0,0,0,0,0,0,233,blue,14086,0,14086
89,,9810170,1,20260830,,,,,,,,,,,,,,,3,33.648732031949855,130.441499,,,1,0,0,0,0,0,0,0,0,0,233,blue,0,0,0
89,,9810180,1,20260830,23347,802,0,,,,,23573,853,0,,,,,3,33.61500003190157,130.438611,,,0,0,0,0,0,0,0,0,0,0,233,blue,24149,24426,48575
89,,9810190,1,20260830,,,,,,,,,,,,,,,3,33.4496850316637,130.546326,,,1,0,0,0,0,0,0,0,0,0,233,blue,0,0,0
89,,9810200,1,20260830,,,,,,,,,,,,,,,3,33.41916903161956,130.532642,,,1,,,,,,,,,,233,blue,0,0,0
89,,9810210,1,20260830,,,,,,,,,,,,,,,3,32.92737203089908,130.698429,,,1,0,0,0,0,0,0,0,0,0,233,blue,0,0,0
89,,9810230,1,20260830,,,,,,,,,,,,,,,3,32.33541003001024,130.485852,,,1,0,0,0,0,0,0,0,0,0,233,blue,0,0,0
89,,9810240,1,20260830,1121,78,0,,,,,1054,52,0,,,,,3,32.24685302987536,130.498828,,,0,0,0,0,0,0,0,0,0,0,233,blue,1199,1106,2305
89,,9810260,1,20260830,,,,,,,,,,,,,,,3,32.06933302960361,130.240833,,,1,0,0,0,0,0,0,0,0,0,233,blue,0,0,0
89,,9810270,1,20260830,,,,,,,,,,,,,,,3,32.05996802958923,130.223169,,,1,0,0,0,0,0,0,0,0,0,233,blue,0,0,0
89,,9810280,1,20260830,,,,,,,,,,,,,,,3,32.00103302949858,130.195866,,,1,0,0,0,0,0,0,0,0,0,233,blue,0,0,0
89,,9810290,1,20260830,,,,,,,,,,,,,,,3,31.77354502914685,130.301221,,,1,0,0,0,0,0,0,0,0,0,233,blue,0,0,0
89,,9810300,1,20260830,,,,,,,,,,,,,,,3,31.752394029113987,130.297198,,,1,0,0,0,0,0,0,0,0,0,233,blue,0,0,0
89,,9810310,1,20260830,,,,,,,,,,,,,,,3,31.671780028988586,130.334671,,,1,0,0,0,0,0,0,0,0,0,233,blue,0,0,0
89,,9810320,1,20260830,5772,223,0,,,,,5982,270,0,,,,,3,31.644384028945897,130.514685,,,0,0,0,0,0,0,0,0,0,0,233,blue,5995,6252,12247
89,,9810330,1,20260830,12070,507,0,,,,,10603,194,0,,,,,3,31.593127028865894,130.55217,,,0,0,0,0,0,0,0,0,0,0,233,blue,12577,10797,23374
89,,9810340,1,20260830,,,,,,,,,,,,,,,3,31.774587029148464,130.294585,,,1,0,0,0,0,0,0,0,0,0,233,blue,0,0,0
89,,9810350,1,20260830,,,,,,,,12024,670,0,,,,,3,31.586173028855043,130.521497,,,0,0,0,0,0,0,0,0,0,0,233,blue,0,12694,12694
89,,9810360,1,20260830,,,,,,,,,,,,,,,3,33.6356250319311,131.074923,,,1,0,0,0,0,1,1,0,1,0,233,blue,0,0,0
89,,9810370,1,20260830,,,,,,,,,,,,,,,3,33.60811903189171,131.1134,,,0,0,0,0,0,227,227,227,169,0,233,blue,0,0,0
89,,9810380,1,20260830,,,,,,,,,,,,,,,3,33.55407703181414,131.25154,,,1,0,0,0,0,0,0,0,0,0,233,blue,0,0,0
89,,9810390,1,20260830,,,,,,,,,,,,,,,3,33.47356403169818,131.495973,,,1,0,0,0,0,0,0,0,0,0,233,blue,0,0,0
89,,9810400,1,20260830,,,,,,,,,,,,,,,3,33.4199570316207,131.549075,,,1,0,0,0,0,0,0,0,0,0,233,blue,0,0,0
89,,9810410,1,20260830,14516,309,0,,,,,12393,250,0,,,,,3,33.35718603152971,131.497308,,,0,0,0,0,0,0,0,0,0,0,233,blue,14825,12643,27468
89,,9810420,1,20260830,20733,783,0,,,,,20067,791,0,,,,,3,33.28844603142974,131.50415600000002,,,0,0,0,0,0,0,0,0,0,0,233,blue,21516,20858,42374
89,,9810430,1,20260830,10110,415,0,,,,,10161,332,0,,,,,3,33.1773230312674,131.619615,,,0,0,0,0,0,0,0,0,0,0,233,blue,10525,10493,21018
89,,9810440,1,20260830,,,,,,,,10647,530,0,,,,,3,33.091164031140934,131.647172,,,0,0,0,0,0,0,0,0,0,0,233,blue,0,11177,11177
89,,9810450,1,20260830,169,5,0,,,,,119,3,0,,,,,3,33.07813503112177,131.638559,,,0,0,0,0,0,48,48,1,98,0,233,blue,174,122,296
89,,9810460,1,20260830,164,6,0,,,,,149,12,0,,,,,3,33.03375103105637,131.689156,,,0,0,0,0,0,24,24,0,59,0,233,blue,170,161,331
89,,9810470,1,20260830,82,0,0,,,,,92,3,0,,,,,3,33.001599031008915,131.788698,,,0,0,0,0,0,61,61,1,85,0,233,blue,82,95,177
89,,9810480,1,20260830,113,3,0,,,,,99,11,0,,,,,3,32.95275303093668,131.841525,,,0,0,0,0,0,42,42,0,99,0,233,blue,116,110,226
89,,9810490,1,20260830,59,6,0,,,,,43,2,0,,,,,3,32.92192503089102,131.801353,,,0,0,0,0,0,26,26,0,62,0,233,blue,65,45,110
89,,9810500,1,20260830,8,2,0,,,,,9,0,0,,,,,3,32.84521503077709,131.718143,,,0,0,0,0,0,25,25,1,63,0,233,blue,10,9,19
89,,9810510,1,20260830,3180,161,0,,,,,2853,143,0,,,,,3,33.53550003178742,131.301439,,,0,0,0,0,0,0,0,0,0,0,233,blue,3341,2996,6337
89,,9810520,1,20260830,,,,,,,,8296,198,0,,,,,3,33.17727003126732,131.636491,,,0,0,0,0,0,0,0,0,0,0,233,blue,0,8494,8494
89,,9810530,1,20260830,7,1,0,,,,,7,1,0,,,,,3,32.76588703065887,131.69922,,,0,0,0,0,0,43,43,0,93,0,233,blue,8,8,16
89,,9810540,1,20260830,5,0,0,,,,,3,1,0,,,,,3,32.73308003060985,131.712307,,,0,0,0,0,0,17,17,1,31,0,233,blue,5,4,9
89,,9810550,1,20260830,22,3,0,,,,,16,1,0,,,,,3,32.680641030531355,131.69547,,,0,0,0,0,0,18,18,0,30,0,233,blue,25,17,42
89,,9810560,1,20260830,37,2,0,,,,,27,3,0,,,,,3,32.6162990304348,131.682165,,,0,0,0,0,0,25,25,2,53,0,233,blue,39,30,69
89,,9810580,1,20260830,62,1,0,,,,,76,1,0,,,,,3,32.56240603035372,131.681538,,,0,0,0,0,0,18,18,0,27,0,233,blue,63,77,140
89,,9810590,1,20260830,,,,,,,,,,,,,,,3,32.512945030279155,131.682071,,,0,0,0,0,0,108,108,164,122,0,233,blue,0,0,0
89,,9810600,1,20260830,10,3,0,,,,,2,1,0,,,,,3,32.505475030267874,131.671612,,,0,0,0,0,0,24,24,2,35,0,233,blue,13,3,16
89,,9810610,1,20260830,38,2,0,,,,,36,1,0,,,,,3,32.48380003023514,131.65983,,,0,0,0,0,0,20,20,0,30,0,233,blue,40,37,77
89,,9810620,1,20260830,81,4,0,,,,,123,3,0,,,,,3,32.44750003018023,131.634167,,,0,0,0,0,0,24,24,1,38,0,233,blue,85,126,211
89,,9810630,1,20260830,80,3,0,,,,,86,6,0,,,,,3,32.34169203001978,131.615818,,,0,0,0,0,0,17,17,0,31,0,233,blue,83,92,175
89,,9810640,1,20260830,,,,,,,,,,,,,,,3,32.118920029679714,131.525151,,,1,0,0,0,0,25,25,0,38,0,233,blue,0,0,0
89,,9810650,1,20260830,,,,,,,,,,,,,,,3,32.04093702955998,131.469141,,,1,0,0,0,0,45,45,1,101,0,233,blue,0,0,0
89,,9810660,1,20260830,,,,,,,,,,,,,,,3,31.943136029409334,131.344339,,,1,0,0,0,0,0,0,0,0,0,233,blue,0,0,0
89,,9810670,1,20260830,,,,,,,,,,,,,,,3,31.95151902942227,131.26782500000002,,,1,0,0,0,0,0,0,0,0,0,233,blue,0,0,0
89,,9810680,1,20260830,,,,,,,,,,,,,,,3,31.916759029368613,131.228421,,,1,0,0,0,0,0,0,0,0,0,233,blue,0,0,0
89,,9810690,1,20260830,,,,,,,,,,,,,,,3,31.831007029235955,131.126939,,,1,0,0,0,0,0,0,0,0,0,233,blue,0,0,0
89,,9810700,1,20260830,,,,,,,,,,,,,,,3,31.70972202904765,131.054167,,,1,0,0,0,0,0,0,0,0,0,233,blue,0,0,0
89,,9810710,1,20260830,,,,,,,,,,,,,,,3,31.70997802904806,131.024809,,,1,0,0,0,0,0,0,0,0,0,233,blue,0,0,0
89,,9810720,1,20260830,,,,,,,,,,,,,,,3,31.661481028972545,130.889721,,,1,0,0,0,0,0,0,0,0,0,233,blue,0,0,0
89,,9810730,1,20260830,,,,,,,,,,,,,,,3,31.723242029068686,130.809578,,,1,0,0,0,0,0,0,0,0,0,233,blue,0,0,0
89,,9810740,1,20260830,,,,,,,,,,,,,,,3,33.30389903145224,130.368554,,,1,,,,,,,,,,233,blue,0,0,0
89,,9810750,1,20260830,,,,,,,,,,,,,,,3,33.27419603140898,130.293549,,,1,,,,,,,,,,233,blue,0,0,0
89,,9810760,1,20260830,,,,,,,,,,,,,,,3,33.26474303139519,130.245086,,,1,,,,,,,,,,233,blue,0,0,0
89,,9810770,1,20260830,,,,,,,,,,,,,,,3,33.26041603138888,130.218458,,,1,,,,,,,,,,233,blue,0,0,0
89,,9810780,1,20260830,,,,,,,,,,,,,,,3,33.23447503135101,130.18203100000002,,,1,,,,,,,,,,233,blue,0,0,0
89,,9810790,1,20260830,,,,,,,,,,,,,,,3,33.22225103133315,130.172161,,,1,,,,,,,,,,233,blue,0,0,0
89,,9810800,1,20260830,,,,,,,,,,,,,,,3,33.219025031328435,130.143217,,,1,,,,,,,,,,233,blue,0,0,0
89,,9810810,1,20260830,,,,,,,,,,,,,,,3,33.21595003132393,130.087452,,,1,,,,,,,,,,233,blue,0,0,0
89,,9810820,1,20260830,,,,,,,,,,,,,,,3,33.21877403132806,130.052459,,,1,,,,,,,,,,233,blue,0,0,0
89,,9810830,1,20260830,,,,,,,,,,,,,,,3,33.207839031312076,130.047967,,,1,,,,,,,,,,233,blue,0,0,0
89,,9810840,1,20260830,,,,,,,,,,,,,,,3,33.07291503111407,129.960829,,,1,0,0,0,0,0,0,0,0,0,233,blue,0,0,0
89,,9810850,1,20260830,7237,292,0,,,,,7455,347,0,,,,,3,32.995999031000636,129.948701,,,0,0,0,0,0,0,0,0,0,0,233,blue,7529,7802,15331
89,,9810860,1,20260830,,,,,,,,,,,,,,,3,32.9044610308651,129.957531,,,1,0,0,0,0,0,0,0,0,0,233,blue,0,0,0
89,,9810870,1,20260830,,,,,,,,,,,,,,,3,32.8905010308444,129.971348,,,1,0,0,0,0,0,0,0,0,0,233,blue,0,0,0
89,,9810890,1,20260830,,,,,,,,,,,,,,,3,32.87494503082128,130.02412,,,1,0,0,0,0,0,0,0,0,0,233,blue,0,0,0
89,,9810900,1,20260830,3665,84,0,,,,,3937,87,0,,,,,3,32.83967403076884,130.024592,,,0,0,0,0,0,0,0,0,0,0,233,blue,3749,4024,7773
89,,9810910,1,20260830,,,,,,,,,,,,,,,3,33.19594003129466,129.977938,,,1,0,0,0,0,0,0,0,0,0,233,blue,0,0,0
89,,9810920,1,20260830,326,19,0,,,,,353,11,0,,,,,3,33.191150031287656,129.943948,,,1,0,0,0,0,0,0,0,0,0,233,blue,345,364,709
89,,9810930,1,20260830,3922,282,0,,,,,4276,200,0,,,,,3,33.18881403128423,129.9054,,,0,0,0,0,0,0,0,0,0,0,233,blue,4204,4476,8680
89,,9810940,1,20260830,179,19,0,,,,,130,15,0,,,,,3,32.97184603096493,131.383534,,,0,0,0,0,0,15,15,2,59,0,233,blue,198,145,343
89,,9810950,1,20260830,178,18,0,,,,,175,19,0,,,,,3,32.96828103095967,131.382552,,,0,0,0,0,0,24,24,0,60,0,233,blue,196,194,390
89,,9810960,1,20260830,93,6,0,,,,,94,8,0,,,,,3,32.96091703094877,131.248695,,,0,0,0,0,0,21,21,1,54,0,233,blue,99,102,201
89,,9810970,1,20260830,187,7,0,,,,,1,0,0,,,,,3,33.03288603105509,131.537821,,,0,0,0,0,0,40,40,0,88,0,233,blue,194,1,195
89,,9810980,1,20260830,,,,,,,,,,,,,,,3,33.00262303101042,131.45315500000004,,,1,0,0,0,0,102,102,151,117,0,233,blue,0,0,0
89,,9810990,1,20260830,,,,,,,,,,,,,,,3,32.96097103094884,131.244117,,,1,0,0,0,0,0,0,0,0,0,233,blue,0,0,0
89,,9811000,1,20260830,5976,435,0,,,,,6591,361,0,,,,,3,32.93530403091085,131.035064,,,0,0,0,0,0,0,0,0,0,0,233,blue,6411,6952,13363
89,,9811010,1,20260830,,,,,,,,,,,,,,,3,32.87672503082393,130.954853,,,1,0,0,0,0,0,0,0,0,0,233,blue,0,0,0
89,,9811020,1,20260830,5494,226,0,,,,,4659,140,0,,,,,3,32.614306030431806,130.462111,,,0,0,0,0,0,0,0,0,0,0,233,blue,5720,4799,10519
89,,9811030,1,20260830,,,,,,,,,,,,,,,3,32.72539603059835,130.251342,,,1,,,,,,,,,,233,blue,0,0,0
89,,9811040,1,20260830,,,,,,,,,,,,,,,3,32.72077403059144,130.234748,,,1,,,,,,,,,,233,blue,0,0,0
89,,9811050,1,20260830,,,,,,,,,,,,,,,3,32.73587103061402,130.209003,,,1,,,,,,,,,,233,blue,0,0,0
89,,9811060,1,20260830,,,,,,,,,,,,,,,3,32.808908030723025,130.149506,,,1,,,,,,,,,,233,blue,0,0,0
89,,9811070,1,20260830,,,,,,,,,,,,,,,3,32.836521030764146,130.094768,,,1,,,,,,,,,,233,blue,0,0,0
89,,9811080,1,20260830,,,,,,,,,,,,,,,3,32.83196203075736,130.053336,,,1,,,,,,,,,,233,blue,0,0,0
89,,9811090,1,20260830,0,0,0,,,,,0,0,0,,,,,3,33.61888103190713,130.568781,,,0,0,0,0,0,222,222,2,169,0,233,blue,0,0,0
89,,9811100,1,20260830,0,0,0,,,,,0,0,0,,,,,3,33.61860003190672,130.579442,,,0,0,0,0,0,200,200,2,169,0,233,blue,0,0,0
89,,9811110,1,20260830,,,,,,,,,,,,,,,3,33.62194303191151,130.588462,,,1,0,0,0,0,2,2,0,1,0,233,blue,0,0,0
89,,9811120,1,20260830,,,,,,,,,,,,,,,3,33.65684603196145,130.750269,,,1,,,,,,,,,,233,blue,0,0,0
89,,9811130,1,20260830,,,,,,,,,,,,,,,3,33.6514250319537,130.761828,,,1,,,,,,,,,,233,blue,0,0,0
89,,9811140,1,20260830,,,,,,,,,,,,,,,3,33.64137503193933,130.764099,,,1,0,0,0,0,5,5,0,3,0,233,blue,0,0,0
89,,9811150,1,20260830,0,0,0,,,,,0,0,0,,,,,3,33.65331703195642,130.807798,,,1,0,0,0,0,2,2,0,3,0,233,blue,0,0,0
89,,9811170,1,20260830,,,,,,,,,,,,,,,3,33.37200003155121,130.3311,,,1,,,,,,,,,,233,blue,0,0,0
89,,9811180,1,20260830,,,,,,,,,,,,,,,3,33.6231190319132,130.671342,,,1,,,,,,,,,,233,blue,0,0,0
89,,9811190,1,20260830,,,,,,,,,,,,,,,3,33.74379703208545,130.970335,,,1,0,0,0,0,0,0,0,0,0,233,blue,0,0,0
89,,9811210,1,20260830,3602,81,0,,,,,2956,134,0,,,,,3,33.50948303174998,130.110769,,,0,0,0,0,0,0,0,0,0,0,233,blue,3683,3090,6773
89,,9811220,1,20260830,2073,99,0,,,,,1810,27,0,,,,,3,33.501667031738705,130.069167,,,0,0,0,0,0,0,0,0,0,0,233,blue,2172,1837,4009
89,,9811240,1,20260830,6007,192,0,,,,,0,0,0,,,,,3,33.522842031769216,130.168427,,,0,0,0,0,0,0,0,0,0,0,233,blue,6199,0,6199
89,,9811250,1,20260830,9043,164,0,,,,,7,5,0,,,,,3,33.51344603175569,130.14563,,,0,0,0,0,0,0,0,0,0,0,233,blue,9207,12,9219
89,,9811260,1,20260830,2017,72,0,,,,,2013,42,0,,,,,3,33.45431303167039,130.042275,,,0,0,0,0,0,0,0,0,0,0,233,blue,2089,2055,4144
89,,9811270,1,20260830,7957,406,0,,,,,7162,1101,0,,,,,3,33.431110031636834,129.991737,,,0,0,0,0,0,0,0,0,0,0,233,blue,8363,8263,16626
89,,9811280,1,20260830,,,,,,,,,,,,,,,3,33.348904031517684,129.933234,,,1,0,0,0,0,0,0,0,0,0,233,blue,0,0,0
89,,9811290,1,20260830,,,,,,,,,,,,,,,3,33.331844031492885,129.928169,,,1,0,0,0,0,0,0,0,0,0,233,blue,0,0,0
89,,9811300,1,20260830,672,23,0,,,,,698,13,0,,,,,3,33.268208031400235,129.88248900000002,,,1,0,0,0,0,0,0,0,0,0,233,blue,695,711,1406
89,,9811310,1,20260830,,,,,,,,,,,,,,,3,33.24091903136041,129.850727,,,1,0,0,0,0,0,0,0,0,0,233,blue,0,0,0
89,,9811320,1,20260830,4042,143,0,,,,,3510,109,0,,,,,3,33.45989003167844,130.040128,,,0,0,0,0,0,0,0,0,0,0,233,blue,4185,3619,7804
89,,9811330,1,20260830,422,26,0,,,,,365,27,0,,,,,3,33.38450403156936,129.984455,,,1,0,0,0,0,0,0,0,0,0,233,blue,448,392,840
89,,9811340,1,20260830,,,,,,,,,,,,,,,6,33.31161503146347,130.070351,,,1,,,,,,,,,,233,blue,0,0,0
89,,9811350,1,20260830,,,,,,,,,,,,,,,3,33.304966031453795,130.076971,,,1,,,,,,,,,,233,blue,0,0,0
89,,9811360,1,20260830,6480,269,0,,,,,6372,205,0,,,,,3,33.29002103143203,130.168151,,,0,0,0,0,0,0,0,0,0,0,233,blue,6749,6577,13326
89,,9811370,1,20260830,,,,,,,,,,,,,,,3,33.327444031486486,130.034833,,,1,0,0,0,0,0,0,0,0,0,233,blue,0,0,0
89,,9811380,1,20260830,301,4,0,,,,,304,16,0,,,,,3,33.29362203143727,130.116435,,,1,0,0,0,0,0,0,0,0,0,233,blue,305,320,625
89,,9811390,1,20260830,,,,,,,,,,,,,,,3,33.03691103106103,129.918279,,,1,,,,,,,,,,233,blue,0,0,0
89,,9811400,1,20260830,,,,,,,,,,,,,,,3,32.90829103087079,130.661481,,,1,0,0,0,0,0,0,0,0,0,233,blue,0,0,0
89,,9811410,1,20260830,6135,86,0,,,,,5451,51,0,,,,,3,33.01722203103198,130.439722,,,0,0,0,0,0,0,0,0,0,0,233,blue,6221,5502,11723
89,,9811420,1,20260830,6199,217,0,,,,,5752,209,0,,,,,3,33.05710503109079,130.465234,,,0,0,0,0,0,0,0,0,0,0,233,blue,6416,5961,12377
89,,9811450,1,20260830,6858,201,0,,,,,6553,250,0,,,,,3,33.01280003102545,130.425184,,,0,0,0,0,0,0,0,0,0,0,233,blue,7059,6803,13862
89,,9811460,1,20260830,9488,244,0,,,,,9316,378,0,,,,,3,33.140861031213944,130.422417,,,0,0,0,0,0,0,0,0,0,0,233,blue,9732,9694,19426
89,,9811461,1,20260830,6992,218,0,,,,,8278,319,0,,,,,3,33.184560031278004,130.387933,,,0,0,0,0,0,0,0,0,0,0,233,blue,7210,8597,15807
89,,9811470,1,20260830,8456,217,0,,,,,8143,333,0,,,,,3,33.0462530310748,130.431406,,,0,0,0,0,0,0,0,0,0,0,233,blue,8673,8476,17149
89,,9811480,1,20260830,8571,289,0,,,,,7061,194,0,,,,,3,33.055717031088754,130.4292,,,0,0,0,0,0,0,0,0,0,0,233,blue,8860,7255,16115
89,,9811490,1,20260830,8699,151,0,,,,,9834,399,0,,,,,3,33.069783031109466,130.42405,,,0,0,0,0,0,0,0,0,0,0,233,blue,8850,10233,19083
89,,9811500,1,20260830,10147,350,0,,,,,8463,220,0,,,,,3,33.077520031120855,130.428242,,,0,0,0,0,0,0,0,0,0,0,233,blue,10497,8683,19180
89,,9811510,1,20260830,9278,339,0,,,,,9054,377,0,,,,,3,33.08238303112801,130.433017,,,0,0,0,0,0,0,0,0,0,0,233,blue,9617,9431,19048
89,,9811520,1,20260830,7533,239,0,,,,,7168,187,0,,,,,3,33.11826103118075,130.430375,,,0,0,0,0,0,0,0,0,0,0,233,blue,7772,7355,15127
89,,9811540,1,20260830,5533,252,0,,,,,5446,168,0,,,,,3,33.15753403123839,130.478771,,,0,0,0,0,0,0,0,0,0,0,233,blue,5785,5614,11399
89,,9811550,1,20260830,6356,205,0,,,,,6478,318,0,,,,,3,33.22942603134362,130.505954,,,0,0,0,0,0,0,0,0,0,0,233,blue,6561,6796,13357
89,,9811560,1,20260830,7516,281,0,,,,,6710,355,0,,,,,3,33.23505203135184,130.507151,,,0,0,0,0,0,0,0,0,0,0,233,blue,7797,7065,14862
89,,9811570,1,20260830,6259,346,0,,,,,6720,384,0,,,,,3,33.24799503137074,130.509483,,,0,0,0,0,0,0,0,0,0,0,233,blue,6605,7104,13709
89,,9811580,1,20260830,6715,226,0,,,,,6261,317,0,,,,,3,33.25651503138319,130.509461,,,0,0,0,0,0,0,0,0,0,0,233,blue,6941,6578,13519
89,,9811590,1,20260830,106,8,0,,,,,3559,214,0,,,,,3,33.31995703147561,130.594037,,,0,0,0,0,0,0,0,0,0,0,233,blue,114,3773,3887
89,,9811600,1,20260830,3916,256,0,,,,,4282,270,0,,,,,3,33.345255031512394,130.730893,,,0,0,0,0,0,1,1,0,0,0,233,blue,4172,4552,8724
89,,9811610,1,20260830,3862,218,0,,,,,4219,245,0,,,,,3,33.3437500315102,130.752694,,,0,0,0,0,0,1,1,0,0,0,233,blue,4080,4464,8544
89,,9811620,1,20260830,3564,172,0,,,,,3450,228,0,,,,,3,33.33338803149515,130.801953,,,0,0,0,0,0,1,1,0,0,0,233,blue,3736,3678,7414
89,,9811650,1,20260830,5771,244,0,,,,,5225,247,0,,,,,3,33.331960031493075,130.852326,,,0,0,0,0,0,0,0,0,0,0,233,blue,6015,5472,11487
89,,9811660,1,20260830,3265,92,0,,,,,2505,124,0,,,,,3,33.307732031457824,130.915379,,,0,0,0,0,0,0,0,0,0,0,233,blue,3357,2629,5986
89,,9811670,1,20260830,5356,335,0,,,,,4037,189,0,,,,,3,33.29883403144486,130.938844,,,0,0,0,0,0,0,0,0,0,0,233,blue,5691,4226,9917
89,,9811680,1,20260830,2533,224,0,,,,,2022,143,0,,,,,3,33.29818903144393,130.952388,,,0,0,0,0,0,0,0,0,0,0,233,blue,2757,2165,4922
89,,9811690,1,20260830,3984,289,0,,,,,3460,149,0,,,,,3,33.29921203144541,130.96937,,,0,0,0,0,0,0,0,0,0,0,233,blue,4273,3609,7882
89,,9811700,1,20260830,,,,,,,,,,,,,,,3,33.261645031390664,131.01058,,,1,0,0,0,0,0,0,0,0,0,233,blue,0,0,0
89,,9811710,1,20260830,,,,,,,,,,,,,,,3,33.28000003141744,131.128611,,,1,0,0,0,0,0,0,0,0,0,233,blue,0,0,0
89,,9811720,1,20260830,2332,245,0,,,,,2326,187,0,,,,,3,33.237877031355964,131.175263,,,0,0,0,0,0,0,0,0,0,0,233,blue,2577,2513,5090
89,,9811730,1,20260830,2073,131,0,,,,,1906,76,0,,,,,3,33.2405000313598,131.224187,,,0,0,0,0,0,0,0,0,0,0,233,blue,2204,1982,4186
89,,9811740,1,20260830,2282,273,0,,,,,2509,250,0,,,,,3,33.25496403138093,131.328533,,,0,0,0,0,0,0,0,0,0,0,233,blue,2555,2759,5314
89,,9811750,1,20260830,1888,1407,0,,,,,3301,214,0,,,,,3,33.23715803135492,131.323213,,,0,0,0,0,0,0,0,0,0,0,233,blue,3295,3515,6810
89,,9811760,1,20260830,101,42,0,,,,,9196,198,0,,,,,3,33.18331803127619,131.452171,,,0,0,0,0,0,2,2,0,0,0,233,blue,143,9394,9537
89,,9811770,1,20260830,,,,,,,,,,,,,,,3,31.760789029127036,131.4707,,,1,0,0,0,0,0,0,0,0,0,233,blue,0,0,0
89,,9811780,1,20260830,,,,,,,,,,,,,,,3,31.559046028812634,131.38327000000004,,,1,0,0,0,0,0,0,0,0,0,233,blue,0,0,0
89,,9811790,1,20260830,,,,,,,,,,,,,,,3,31.547715028794922,131.378628,,,1,0,0,0,0,0,0,0,0,0,233,blue,0,0,0
89,,9811800,1,20260830,,,,,,,,,,,,,,,3,31.546675028793285,131.361225,,,1,0,0,0,0,0,0,0,0,0,233,blue,0,0,0
89,,9811810,1,20260830,,,,,,,,,,,,,,,3,31.45214102864519,131.212192,,,1,0,0,0,0,0,0,0,0,0,233,blue,0,0,0
89,,9811820,1,20260830,,,,,,,,,,,,,,,3,31.46555602866623,131.154444,,,1,0,0,0,0,0,0,0,0,0,233,blue,0,0,0
89,,9811830,1,20260830,,,,,,,,,,,,,,,3,31.447659028638157,131.051761,,,1,0,0,0,0,0,0,0,0,0,233,blue,0,0,0
89,,9811840,1,20260830,,,,,,,,,,,,,,,3,31.388108028544615,130.811533,,,1,0,0,0,0,0,0,0,0,0,233,blue,0,0,0
89,,9811850,1,20260830,,,,,,,,,,,,,,,3,31.41813502859181,130.764377,,,1,0,0,0,0,0,0,0,0,0,233,blue,0,0,0
89,,9811860,1,20260830,,,,,,,,,,,,,,,3,31.542976028787507,130.706877,,,1,0,0,0,0,0,0,0,0,0,233,blue,0,0,0
89,,9811870,1,20260830,,,,,,,,,,,,,,,3,31.557778028810663,130.718333,,,1,0,0,0,0,0,0,0,0,0,233,blue,0,0,0
89,,9811880,1,20260830,,,,,,,,,,,,,,,3,31.647658028950993,130.819552,,,1,0,0,0,0,0,0,0,0,0,233,blue,0,0,0
89,,9811900,1,20260830,,,,,,,,,,,,,,,3,31.27982902837409,130.291795,,,1,0,0,0,0,0,0,0,0,0,233,blue,0,0,0
89,,9811910,1,20260830,,,,,,,,,,,,,,,3,31.2913800283923,130.293564,,,1,0,0,0,0,0,0,0,0,0,233,blue,0,0,0
89,,9811920,1,20260830,1633,76,0,,,,,1499,28,0,,,,,3,31.327343028448986,130.334728,,,0,0,0,0,0,0,0,0,0,0,233,blue,1709,1527,3236
89,,9811930,1,20260830,5106,161,0,,,,,4853,120,0,,,,,3,31.494637028711818,130.506308,,,0,0,0,0,0,0,0,0,0,0,233,blue,5267,4973,10240
89,,9811940,1,20260830,9114,206,0,,,,,8384,198,0,,,,,3,31.527877028763886,130.521631,,,0,0,0,0,0,0,0,0,0,0,233,blue,9320,8582,17902
89,,9811950,1,20260830,4386,145,0,,,,,4351,384,0,,,,,3,31.289730028389716,130.60717200000002,,,0,0,0,0,0,0,0,0,0,0,233,blue,4531,4735,9266
89,,9811960,1,20260830,5481,127,0,,,,,5462,217,0,,,,,3,31.323917028443603,130.564308,,,0,0,0,0,0,0,0,0,0,0,233,blue,5608,5679,11287
89,,9811970,1,20260830,,,,,,,,,,,,,,,3,31.466390028667544,130.513245,,,1,0,0,0,0,0,0,0,0,0,233,blue,0,0,0
89,,9811980,1,20260830,,,,,,,,,,,,,,,3,33.34976603151893,129.764492,,,1,,,,,,,,,,233,blue,0,0,0
89,,9812010,1,20260830,,,,,,,,,,,,,,,3,33.13956403121204,129.784069,,,1,,,,,,,,,,233,blue,0,0,0
89,,9812020,1,20260830,,,,,,,,,,,,,,,3,33.28640603142677,130.150153,,,1,,,,,,,,,,233,blue,0,0,0
89,,9812030,1,20260830,6442,372,0,,,,,6206,352,0,,,,,3,33.0852950311323,131.637799,,,0,0,0,0,0,0,0,0,0,0,233,blue,6814,6558,13372
89,,9812040,1,20260830,3364,199,0,,,,,3569,142,0,,,,,3,32.56861103036308,131.553056,,,0,0,0,0,0,0,0,0,0,0,233,blue,3563,3711,7274
89,,9812050,1,20260830,,,,,,,,,,,,,,,3,33.55027803180869,130.478333,,,1,,,,,,,,,,233,blue,0,0,0
89,,9812060,1,20260830,,,,,,,,,,,,,,,3,32.92625003089743,131.00539,,,1,,,,,,,,,,233,blue,0,0,0
89,,9812070,1,20260830,5106,243,0,,,,,5993,299,0,,,,,3,32.90000003085849,130.933611,,,0,0,0,0,0,0,0,0,0,0,233,blue,5349,6292,11641
89,,9812080,1,20260830,6422,160,0,,,,,6573,177,0,,,,,3,33.27595303141153,130.319462,,,0,0,0,0,0,0,0,0,0,0,233,blue,6582,6750,13332
89,,9812090,1,20260830,,,,,,,,,,,,,,,3,33.59653803187511,130.611685,,,1,,,,,,,,,,233,blue,0,0,0
89,,9812100,1,20260830,9598,330,0,,,,,8208,315,0,,,,,3,33.05235003108379,130.430417,,,0,0,0,0,0,0,0,0,0,0,233,blue,9928,8523,18451
89,,9812110,1,20260830,1080,1636,0,,,,,852,4443,0,,,,,3,33.15888903124039,129.761111,,,0,0,0,0,0,0,0,0,0,0,233,blue,2716,5295,8011
89,,9812120,1,20260830,10469,278,0,,,,,10129,335,0,,,,,3,31.737096029090242,130.677414,,,0,0,0,0,0,0,0,0,0,0,233,blue,10747,10464,21211
89,,9812130,1,20260830,7024,401,0,,,,,8269,435,0,,,,,3,33.32114903147733,130.391671,,,0,0,0,0,0,0,0,0,0,0,233,blue,7425,8704,16129
89,,9812140,1,20260830,635,24,0,,,,,586,38,0,,,,,3,32.733917030611096,130.31245,,,0,0,0,0,0,0,0,0,0,0,233,blue,659,624,1283
89,,9812150,1,20260830,2063,67,0,,,,,2326,127,0,,,,,3,33.06265303109897,129.960344,,,0,0,0,0,0,0,0,0,0,0,233,blue,2130,2453,4583
90,,10810020,1,20260830,3410,42,0,,,,,5467,144,0,,,,,3,26.424849820394154,127.81697970000002,,,0,0,0,0,0,0,0,0,0,0,233,blue,3452,5611,9063
90,,10810030,1,20260830,1953,23,0,,,,,9682,416,0,,,,,3,26.20527802002984,127.672778,,,0,0,0,0,0,0,0,0,0,0,233,blue,1976,10098,12074
90,,10810040,1,20260830,7813,197,0,,,,,4007,203,0,,,,,3,26.206111020031226,127.665833,,,0,0,0,0,0,0,0,0,0,0,233,blue,8010,4210,12220
90,,10810050,1,20260830,2467,37,0,,,,,2831,80,0,,,,,3,26.69152402083745,128.108879,,,0,,,,,,,,,,233,blue,2504,2911,5415
90,,10810060,1,20260830,0,0,0,,,,,0,0,0,,,,,3,26.634931020743306,128.037283,,,0,,,,,,,,,,233,blue,0,0,0
90,,10810070,1,20260830,0,0,0,,,,,0,0,0,,,,,3,26.60195202068847,127.99972500000001,,,0,,,,,,,,,,233,blue,0,0,0
90,,10810080,1,20260830,5239,523,0,,,,,4997,73,0,,,,,3,26.583164020657225,127.99781300000001,,,0,,,,,,,,,,233,blue,5762,5070,10832
90,,10810090,1,20260830,4874,110,0,,,,,5517,117,0,,,,,3,26.573059020640425,127.989432,,,0,,,,,,,,,,233,blue,4984,5634,10618
90,,10810100,1,20260830,0,0,0,,,,,0,0,0,,,,,3,26.558695020616547,127.976575,,,0,,,,,,,,,,233,blue,0,0,0
90,,10810110,1,20260830,0,0,0,,,,,0,0,0,,,,,3,26.547043020597176,127.96594700000001,,,0,,,,,,,,,,233,blue,0,0,0
90,,10810120,1,20260830,19609,2423,0,,,,,10567,973,0,,,,,3,26.545420020594484,127.96513700000001,,,0,,,,,,,,,,233,blue,22032,11540,33572
90,,10810130,1,20260830,8622,247,0,,,,,7262,199,0,,,,,3,26.541292020587623,127.95978,,,0,,,,,,,,,,233,blue,8869,7461,16330
90,,10810140,1,20260830,9053,119,0,,,,,8708,140,0,,,,,3,26.536514020579673,127.935453,,,0,,,,,,,,,,233,blue,9172,8848,18020
90,,10810150,1,20260830,0,0,0,,,,,0,0,0,,,,,3,26.51382402054197,127.901775,,,0,,,,,,,,,,233,blue,0,0,0
90,,10810160,1,20260830,7439,23,0,,,,,8051,222,0,,,,,3,26.503684020525117,127.87991000000001,,,0,,,,,,,,,,233,blue,7462,8273,15735
90,,10810170,1,20260830,0,0,0,,,,,0,0,0,,,,,3,26.49844302051641,127.86208000000002,,,0,,,,,,,,,,233,blue,0,0,0
90,,10810180,1,20260830,0,0,0,,,,,0,0,0,,,,,3,26.48233402048965,127.85135699999998,,,0,,,,,,,,,,233,blue,0,0,0
90,,10810190,1,20260830,0,0,0,,,,,0,0,0,,,,,3,26.44345902042506,127.805583,,,0,,,,,,,,,,233,blue,0,0,0
90,,10810200,1,20260830,,,,,,,,,,,,,,,3,26.338860020251406,127.7508,,,1,,,,,,,,,,233,blue,0,0,0
90,,10810220,1,20260830,0,0,0,,,,,0,0,0,,,,,3,26.26837002013446,127.73051999999998,,,0,,,,,,,,,,233,blue,0,0,0
90,,10810230,1,20260830,13079,2076,0,,,,,16359,1740,0,,,,,3,26.266310020131048,127.72327,,,0,,,,,,,,,,233,blue,15155,18099,33254
90,,10810240,1,20260830,0,0,0,,,,,0,0,0,,,,,3,26.269040020135566,127.72616000000001,,,0,,,,,,,,,,233,blue,0,0,0
90,,10810260,1,20260830,11356,90,0,,,,,9232,324,0,,,,,3,26.273440020142868,127.71261000000001,,,0,,,,,,,,,,233,blue,11446,9556,21002
90,,10810270,1,20260830,0,0,0,,,,,0,0,0,,,,,3,26.451180020437896,127.89631,,,0,,,,,,,,,,233,blue,0,0,0
90,,10810280,1,20260830,3018,44,0,,,,,7651,6,0,,,,,3,26.4491400204345,127.849893,,,0,,,,,,,,,,233,blue,3062,7657,10719
90,,10810290,1,20260830,3180,117,0,,,,,3646,228,0,,,,,3,26.448972020434223,127.90855300000001,,,0,,,,,,,,,,233,blue,3297,3874,7171
90,,10810300,1,20260830,8289,288,0,,,,,6666,395,0,,,,,3,26.30711002019872,127.81338,,,0,,,,,,,,,,233,blue,8577,7061,15638
90,,10810310,1,20260830,0,0,0,,,,,0,0,0,,,,,3,26.287560020166286,127.81449,,,0,,,,,,,,,,233,blue,0,0,0
90,,10810320,1,20260830,,,,,,,,,,,,,,,3,26.22351002006007,127.76571,,,1,,,,,,,,,,233,blue,0,0,0
90,,10810330,1,20260830,,,,,,,,,,,,,,,3,26.200760020022358,127.75174999999999,,,1,,,,,,,,,,233,blue,0,0,0
90,,10810340,1,20260830,12513,179,0,,,,,10934,655,0,,,,,3,26.25841002011794,127.75767000000002,,,0,,,,,,,,,,233,blue,12692,11589,24281
90,,10810350,1,20260830,0,0,0,,,,,0,0,0,,,,,3,26.24962002010336,127.74765,,,0,,,,,,,,,,233,blue,0,0,0
90,,10810360,1,20260830,20275,2277,0,,,,,24286,534,0,,,,,3,26.25443002011134,127.73508000000001,,,0,,,,,,,,,,233,blue,22552,24820,47372
90,,10810370,1,20260830,24490,658,0,,,,,23040,239,0,,,,,3,26.25456002011155,127.72416000000001,,,0,,,,,,,,,,233,blue,25148,23279,48427
90,,10810380,1,20260830,15908,687,0,,,,,15225,1384,0,,,,,3,26.169530019970612,127.65168,,,0,,,,,,,,,,233,blue,16595,16609,33204
90,,10810390,1,20260830,0,0,0,,,,,0,0,0,,,,,3,26.154010019944888,127.65812,,,0,,,,,,,,,,233,blue,0,0,0
90,,10810400,1,20260830,0,0,0,,,,,0,0,0,,,,,3,26.130710019906292,127.66514,,,0,,,,,,,,,,233,blue,0,0,0
90,,10810410,1,20260830,0,0,0,,,,,0,0,0,,,,,3,26.11574001988149,127.66860000000001,,,0,,,,,,,,,,233,blue,0,0,0
90,,10810420,1,20260830,,,,,,,,,,,,,,,3,26.09400001984549,127.71590000000002,,,1,,,,,,,,,,233,blue,0,0,0
90,,10810430,1,20260830,0,0,0,,,,,0,0,0,,,,,3,26.128730019903006,127.75918999999999,,,0,,,,,,,,,,233,blue,0,0,0
90,,10810440,1,20260830,0,0,0,,,,,0,0,0,,,,,3,26.140140019921905,127.77529,,,0,,,,,,,,,,233,blue,0,0,0
90,,10810450,1,20260830,0,0,0,,,,,0,0,0,,,,,3,26.170060019971476,127.8265,,,0,,,,,,,,,,233,blue,0,0,0
90,,10810460,1,20260830,0,0,0,,,,,0,0,0,,,,,3,26.20426002002816,127.652556,,,0,,,,,,,,,,233,blue,0,0,0
90,,10810470,1,20260830,0,0,0,,,,,0,0,0,,,,,3,26.209250020036425,127.73744999999998,,,0,,,,,,,,,,233,blue,0,0,0
90,,10810480,1,20260830,0,0,0,,,,,0,0,0,,,,,3,26.18171001999079,127.73158000000001,,,0,,,,,,,,,,233,blue,0,0,0
90,,10810490,1,20260830,0,0,0,,,,,0,0,0,,,,,3,26.17543001998038,127.70638000000001,,,0,,,,,,,,,,233,blue,0,0,0
90,,10810510,1,20260830,0,0,0,,,,,0,0,0,,,,,3,26.17208001997483,127.69662,,,0,,,,,,,,,,233,blue,0,0,0
90,,10810520,1,20260830,0,0,0,,,,,0,0,0,,,,,3,26.17121001997338,127.67963999999999,,,0,,,,,,,,,,233,blue,0,0,0
