地方整備局等番号,開発建設部／都道府県コード,常時観測点コード,収集時間フラグ（5分間／1時間）,観測年月日,上り・小型交通量,上り・大型交通量,上り・車種判別不能交通量,上り・停電,上り・ループ異常,上り・超音波異常,上り・欠測,下り・小型交通量,下り・大型交通量,下り・車種判別不能交通量,下り・停電,下り・ループ異常,下り・超音波異常,下り・欠測,道路種別,lat,lng,lng2,lat2,カメラプリセット位置,気象影響による映像不良,照度不足,突発事象（交通事故等）,サーバの稼働,カメラの映像受信,映像のデコード処理,デコード映像から映像解析機能への取込加工処理の失敗,映像解析機能のフリーズ,その他エラー,count,color,上り・交通量,下り・交通量,交通量
81,02,1110010,1,20260729,7566,2419,0,0,0,0,0,5562,2051,0,0,0,0,0,3,41.93108757020422,140.6421045,,,,,,,,,,,,,205,red,9985,7613,17598
81,02,1110020,1,20260729,2630,1167,0,0,0,0,0,2022,833,0,0,0,0,0,3,42.1540981903046,140.4840606,,,,,,,,,,,,,205,red,3797,2855,6652
81,03,1110030,1,20260729,610,205,0,0,0,0,0,543,171,0,0,0,0,0,3,42.672714040509845,140.377502,,,,,,,,,,,,,205,red,815,714,1529
81,03,1110050,1,20260729,3036,814,0,0,0,0,0,3652,998,0,0,0,0,0,3,43.121255040655214,140.735792,,,,,,,,,,,,,205,red,3850,4650,8500
81,03,1110060,1,20260729,4434,587,0,0,0,0,0,4686,794,0,0,0,0,0,3,43.19868804067728,140.862496,,,,,,,,,,,,,205,red,5021,5480,10501
81,03,1110080,1,20260729,8833,1337,0,0,0,0,0,9031,1448,0,0,0,0,0,3,43.153022040664396,141.118728,,,,,,,,,,,,,205,red,10170,10479,20649
81,01,1110090,1,20260729,12511,896,0,0,0,0,0,9614,615,0,0,0,0,0,3,43.08364407064419,141.3496424,,,,,,,,,,,,,205,red,13407,10229,23636
81,02,1110100,1,20260729,8631,1299,0,0,0,0,0,7803,1056,0,0,0,0,0,3,41.855509180168546,140.7378302,,,,,,,,,,,,,205,red,9930,8859,18789
81,02,1110110,1,20260729,5796,888,4,0,0,0,3,4180,870,7,0,0,0,3,3,41.91094404019478,140.69325,,,,,,,,,,,,,205,red,6688,5057,11745
81,03,1110120,1,20260729,260,50,6,0,0,0,0,335,55,10,0,0,0,0,3,42.65674504050413,140.412444,,,,,,,,,,,,,205,red,316,400,716
81,01,1110130,1,20260729,6948,695,0,0,0,0,0,6420,596,0,0,0,0,0,3,43.18473404067338,141.721783,,,,,,,,,,,,,205,red,7643,7016,14659
81,01,1110140,1,20260729,3257,665,0,0,0,0,0,2868,727,0,0,0,0,0,3,43.351557040718205,141.866096,,,,,,,,,,,,,205,red,3922,3595,7517
81,04,1110150,1,20260729,4662,1149,0,0,0,0,0,5111,1412,0,0,0,0,0,3,43.72678204080376,142.211538,,,,,,,,,,,,,205,red,5811,6523,12334
81,04,1110160,1,20260729,6794,1099,721,0,0,0,0,7543,1339,228,0,0,0,0,3,43.798283040817644,142.333692,,,,,,,,,,,,,205,red,8614,9110,17724
81,01,1110170,1,20260729,0,0,0,0,0,205,0,0,0,0,0,0,205,0,3,42.95409804060455,141.495931,,,,,,,,,,,,,205,red,0,0,0
81,05,1110180,1,20260729,9357,1115,0,0,0,0,0,8459,1149,0,0,0,0,0,3,42.619514790490626,141.5539538,,,,,,,,,,,,,205,red,10472,9608,20080
81,05,1110190,1,20260729,5514,735,2373,0,0,117,0,6952,759,41,0,0,0,0,3,42.38500765040089,141.0774629,,,,,,,,,,,,,205,red,8622,7752,16374
81,05,1110200,1,20260729,0,0,0,0,0,205,0,1060,491,0,0,0,0,0,3,42.60033645048358,140.6268309,,,,,,,,,,,,,205,red,0,1551,1551
81,05,1110210,1,20260729,,,,0,0,0,205,,,,0,0,0,205,3,42.5365891004598,140.7745375,,,,,,,,,,,,,205,red,0,0,0
81,01,1110220,1,20260729,2215,312,0,0,0,0,0,2102,314,0,0,0,0,0,3,43.53094035076174,142.1739006,,,,,,,,,,,,,205,red,2527,2416,4943
81,04,1110230,1,20260729,3040,369,0,0,0,0,0,3268,344,0,0,0,0,0,3,43.34513804071655,142.377435,,,,,,,,,,,,,205,red,3409,3612,7021
81,04,1110240,1,20260729,0,0,1286,0,0,205,0,0,0,1386,0,0,205,0,3,43.16138604066678,142.575567,,,,,,,,,,,,,205,red,1286,1386,2672
81,07,1110250,1,20260729,2156,683,0,0,0,0,0,2374,761,0,0,0,0,0,3,42.96760298060881,142.8955221,,,,,,,,,,,,,205,red,2839,3135,5974
81,07,1110260,1,20260729,4337,450,51,0,0,0,0,3750,382,32,0,0,0,0,3,42.91673291059265,143.2700872,,,,,,,,,,,,,205,red,4838,4164,9002
81,07,1110270,1,20260729,582,282,0,0,0,0,3,546,342,0,0,0,0,3,3,42.832729040565155,143.765979,,,,,,,,,,,,,205,red,864,888,1752
81,06,1110280,1,20260729,2721,667,0,0,0,0,0,3339,821,0,0,0,0,0,3,43.002010860619514,144.2464972,,,,,,,,,,,,,205,red,3388,4160,7548
81,06,1110281,1,20260729,3935,1055,0,0,0,0,0,4677,855,0,0,0,0,0,3,43.03483108062955,144.3754256,,,,,,,,,,,,,205,red,4990,5532,10522
81,06,1110282,1,20260729,2714,887,0,0,0,0,0,2475,733,0,0,0,0,0,3,43.01628558062389,144.4224501,,,,,,,,,,,,,205,red,3601,3208,6809
81,06,1110283,1,20260729,1800,639,0,0,0,0,0,1401,403,0,0,0,0,0,3,43.00268904061971,144.473627,,,,,,,,,,,,,205,red,2439,1804,4243
81,04,1110290,1,20260729,3479,432,0,0,0,0,0,2881,369,0,0,0,0,0,3,43.818868040821506,142.447347,,,,,,,,,,,,,205,red,3911,3250,7161
81,04,1110300,1,20260729,801,195,10,0,0,0,0,0,0,902,0,0,205,0,3,43.84894404082702,142.744489,,,,,,,,,,,,,205,red,1006,902,1908
81,04,1110310,1,20260729,1024,256,12,0,0,0,0,0,0,1014,0,0,205,0,3,43.781848040814516,142.90227300000004,,,,,,,,,,,,,205,red,1292,1014,2306
81,08,1110320,1,20260729,638,258,0,0,205,0,0,649,308,0,0,205,0,0,3,43.750539740808456,143.4918536,,,,,,,,,,,,,205,red,896,957,1853
81,08,1110330,1,20260729,3702,291,60,0,0,0,0,4381,416,0,0,205,0,0,3,43.79818204081763,143.833134,,,,,,,,,,,,,205,red,4053,4797,8850
81,08,1110331,1,20260729,1452,483,0,0,0,0,0,1410,350,0,0,0,0,0,3,43.7822242308146,143.8981667,,,,,,,,,,,,,205,red,1935,1760,3695
81,08,1110332,1,20260729,1267,420,0,0,0,0,0,1106,313,0,0,0,0,0,3,43.80292804081852,143.926029,,,,,,,,,,,,,205,red,1687,1419,3106
81,08,1110340,1,20260729,,,,0,0,0,205,,,,0,0,0,205,3,43.85309704082778,144.102175,,,,,,,,,,,,,205,red,0,0,0
81,08,1110350,1,20260729,1968,219,0,0,0,0,0,1634,145,0,0,0,0,0,3,43.87040004083089,144.150466,,,,,,,,,,,,,205,red,2187,1779,3966
81,04,1110360,1,20260729,4883,847,0,0,0,0,0,4369,785,0,0,0,0,0,3,43.819632040821645,142.40886,,,,,,,,,,,,,205,red,5730,5154,10884
81,04,1110370,1,20260729,1607,482,69,0,0,0,0,1600,357,1,0,0,0,0,3,43.9375450408425,142.46586,,,,,,,,,,,,,205,red,2158,1958,4116
81,04,1110380,1,20260729,362,185,0,0,188,0,17,365,136,0,0,188,0,17,3,44.49438804091256,142.340371,,,,,,,,,,,,,205,red,547,501,1048
81,04,1110390,1,20260729,481,201,0,0,0,0,0,450,142,0,0,0,0,0,3,44.82270404093181,142.065768,,,,,,,,,,,,,205,red,682,592,1274
81,04,1110400,1,20260729,,,,0,0,0,205,,,,0,0,0,205,3,44.331686040896926,142.446612,,,,,,,,,,,,,205,red,0,0,0
81,04,1110410,1,20260729,1770,332,62,0,0,0,1,1440,224,3,0,0,0,1,3,44.4124520409052,142.40433,,,,,,,,,,,,,205,red,2164,1667,3831
81,04,1110420,1,20260729,1579,422,23,0,0,0,0,,,,0,0,0,205,3,44.436504040907465,142.370834,,,,,,,,,,,,,205,red,2024,0,2024
81,04,1110430,1,20260729,1204,311,16,0,0,0,0,1008,202,3,0,0,0,0,3,44.46719604091022,142.373557,,,,,,,,,,,,,205,red,1531,1213,2744
81,04,1110431,1,20260729,944,265,0,0,0,0,0,791,155,0,0,0,0,0,3,44.49400304091251,142.349754,,,,,,,,,,,,,205,red,1209,946,2155
81,10,1110440,1,20260729,645,183,0,0,205,0,0,770,126,81,0,0,10,0,3,45.01690604093549,141.836757,,,,,,,,,,,,,205,red,828,977,1805
81,10,1110460,1,20260729,303,56,639,0,0,84,1,774,140,0,0,0,0,1,3,45.20892604093353,141.770096,,,,,,,,,,,,,205,red,998,914,1912
81,06,1110470,1,20260729,2879,200,23,0,0,0,0,2683,156,7,0,0,0,0,3,42.99479183061728,144.4493526,,,,,,,,,,,,,205,red,3102,2846,5948
81,06,1110480,1,20260729,1280,253,7,0,0,0,0,1242,201,6,0,0,0,0,3,43.13343702065876,145.0159693,,,,,,,,,,,,,205,red,1540,1449,2989
81,02,1110490,1,20260729,1733,513,0,0,0,0,0,1087,623,0,0,0,0,0,3,41.89734796018839,140.6338191,,,,,,,,,,,,,205,red,2246,1710,3956
81,02,1110500,1,20260729,1332,215,0,0,205,0,0,1317,115,105,0,0,0,0,3,41.480587619979374,140.2558047,,,,,,,,,,,,,205,red,1547,1537,3084
81,02,1110510,1,20260729,5821,620,116,0,0,0,1,5217,607,16,0,0,0,1,3,41.83901009016065,140.7069415,,,,,,,,,,,,,205,red,6557,5840,12397
81,02,1110520,1,20260729,3034,367,0,0,205,0,0,2553,456,0,0,205,0,0,3,41.83229743015742,140.67026760000002,,,,,,,,,,,,,205,red,3401,3009,6410
81,02,1110530,1,20260729,2434,205,45,0,0,0,0,1685,113,65,0,0,0,0,3,41.82065939015182,140.6236414,,,,,,,,,,,,,205,red,2684,1863,4547
81,03,1110540,1,20260729,158,14,0,0,0,0,0,145,11,69,0,0,85,0,3,43.24834804069096,140.33431600000003,,,,,,,,,,,,,205,red,172,225,397
81,03,1110550,1,20260729,0,0,0,0,0,205,0,833,287,0,0,0,0,0,3,42.96644104060844,140.471476,,,,,,,,,,,,,205,red,0,1120,1120
81,03,1110560,1,20260729,144,30,0,0,0,0,0,113,24,0,0,0,0,0,3,42.69059604051622,139.972281,,,,,,,,,,,,,205,red,174,137,311
81,02,1110570,1,20260729,473,65,0,0,0,0,0,424,69,0,0,0,0,0,3,42.068390450266875,140.0715584,,,,,,,,,,,,,205,red,538,493,1031
81,01,1110600,1,20260729,6877,1673,0,0,0,0,0,3709,1477,0,0,0,0,0,3,43.1876802706742,141.3248983,,,,,,,,,,,,,205,red,8550,5186,13736
81,01,1110610,1,20260729,982,182,0,0,0,0,0,0,0,0,0,0,205,0,3,43.377555040724815,141.428392,,,,,,,,,,,,,205,red,1164,0,1164
81,09,1110620,1,20260729,1503,150,0,0,0,0,0,1436,142,0,0,0,0,0,3,43.89116004083455,141.602442,,,,,,,,,,,,,205,red,1653,1578,3231
81,09,1110630,1,20260729,632,140,4,0,0,0,0,603,172,6,0,0,0,0,3,44.71198204092715,141.790418,,,,,,,,,,,,,205,red,776,781,1557
81,09,1110640,1,20260729,1629,487,0,0,0,0,0,1844,607,0,0,0,0,0,3,43.99996504085269,141.656227,,,,,,,,,,,,,205,red,2116,2451,4567
81,01,1110650,1,20260729,991,145,0,0,0,0,0,1002,130,0,0,0,0,0,3,43.76598569081147,141.953873,,,,,,,,,,,,,205,red,1136,1132,2268
81,09,1110660,1,20260729,733,154,0,0,0,0,0,932,161,0,0,0,0,0,3,43.919969040839526,141.687135,,,,,,,,,,,,,205,red,887,1093,1980
81,01,1110670,1,20260729,842,118,5,0,0,0,0,604,81,3,0,0,0,0,3,43.719328040802246,141.995229,,,,,,,,,,,,,205,red,965,688,1653
81,01,1110680,1,20260729,1116,217,32,0,0,0,0,984,147,6,0,0,0,0,3,43.80247704081843,141.939455,,,,,,,,,,,,,205,red,1365,1137,2502
81,01,1110690,1,20260729,1275,232,0,0,0,0,0,1107,187,1,0,0,0,0,3,43.804048040818735,141.856355,,,,,,,,,,,,,205,red,1507,1295,2802
81,09,1110700,1,20260729,853,833,0,0,205,61,0,1405,286,4,0,0,0,0,3,43.84518804082634,141.778679,,,,,,,,,,,,,205,red,1686,1695,3381
81,09,1110701,1,20260729,1490,340,0,0,0,0,0,1483,318,0,0,0,0,0,3,43.87822704083228,141.723595,,,,,,,,,,,,,205,red,1830,1801,3631
81,09,1110702,1,20260729,1204,325,0,0,0,0,0,1181,277,0,0,0,0,0,3,43.928072040840895,141.68278,,,,,,,,,,,,,205,red,1529,1458,2987
81,01,1110710,1,20260729,2957,563,0,0,0,0,0,2521,525,0,0,0,0,0,3,43.11269117065273,141.74737440000004,,,,,,,,,,,,,205,red,3520,3046,6566
81,05,1110720,1,20260729,1748,784,85,0,0,0,0,1527,895,36,0,0,0,0,3,42.81091575055783,141.8315435,,,,,,,,,,,,,205,red,2617,2458,5075
81,05,1110730,1,20260729,2216,417,3,0,0,0,0,1860,356,23,0,0,0,0,3,42.57481157047414,141.9503395,,,,,,,,,,,,,205,red,2636,2239,4875
81,05,1110740,1,20260729,1888,349,0,0,0,0,0,1868,318,0,0,0,0,0,3,42.18634909031852,142.7152599,,,,,,,,,,,,,205,red,2237,2186,4423
81,05,1110750,1,20260729,1286,320,0,0,0,0,0,911,226,0,0,0,0,0,3,42.67572651051092,141.724241,,,,,,,,,,,,,205,red,1606,1137,2743
81,05,1110760,1,20260729,3782,1108,0,0,0,0,0,3371,858,0,0,0,0,0,3,42.65945501050509,141.8200069,,,,,,,,,,,,,205,red,4890,4229,9119
81,05,1110770,1,20260729,3530,998,0,0,0,0,0,3061,675,0,0,0,0,0,3,42.5992918904832,141.8930837,,,,,,,,,,,,,205,red,4528,3736,8264
81,07,1110780,1,20260729,1263,387,16,0,0,0,0,1339,310,10,0,0,0,0,3,42.47939292043798,143.273263,,,,,,,,,,,,,205,red,1666,1659,3325
81,05,1110790,1,20260729,,,,0,0,0,205,,,,0,0,0,205,3,42.23567851033952,142.9927157,,,,,,,,,,,,,205,red,0,0,0
81,07,1110800,1,20260729,956,252,18,0,0,0,0,1223,302,2,0,0,0,0,3,42.944556830601535,143.1061614,,,,,,,,,,,,,205,red,1226,1527,2753
81,07,1110810,1,20260729,857,479,23,0,0,0,3,826,324,15,0,0,0,3,3,42.8783228205802,143.1246418,,,,,,,,,,,,,205,red,1359,1165,2524
81,07,1110820,1,20260729,2730,560,0,0,0,0,0,2269,350,0,0,0,0,0,3,42.772632730544835,143.175416,,,,,,,,,,,,,205,red,3290,2619,5909
81,07,1110830,1,20260729,2421,438,69,0,0,0,0,2019,281,26,0,0,0,0,3,42.722047130527294,143.168571,,,,,,,,,,,,,205,red,2928,2326,5254
81,07,1110831,1,20260729,1849,413,0,0,0,0,0,1506,232,0,0,0,0,0,3,42.67773204051164,143.145688,,,,,,,,,,,,,205,red,2262,1738,4000
81,07,1110832,1,20260729,1579,337,0,0,0,0,0,1264,210,0,0,0,0,0,3,42.637427040497144,143.190237,,,,,,,,,,,,,205,red,1916,1474,3390
81,07,1110833,1,20260729,1173,259,0,0,0,0,0,939,157,0,0,0,0,0,3,42.550911040465216,143.288527,,,,,,,,,,,,,205,red,1432,1096,2528
81,04,1110840,1,20260729,4080,507,0,0,0,0,0,3172,392,0,0,0,0,0,3,43.67766304079377,142.395871,,,,,,,,,,,,,205,red,4587,3564,8151
81,04,1110850,1,20260729,749,139,0,0,0,0,0,625,137,0,0,0,0,0,3,43.142849040661474,142.416499,,,,,,,,,,,,,205,red,888,762,1650
81,05,1110860,1,20260729,2699,950,0,0,0,0,0,2250,606,0,0,0,0,0,3,42.56014623046868,141.984126,,,,,,,,,,,,,205,red,3649,2856,6505
81,05,1110861,1,20260729,2023,447,0,0,0,0,2,1825,296,0,0,0,0,2,3,42.511718620450374,142.0646378,,,,,,,,,,,,,205,red,2470,2121,4591
81,05,1110862,1,20260729,1723,390,2,0,0,2,0,1563,241,2,0,0,2,0,3,42.476880240437005,142.1551718,,,,,,,,,,,,,205,red,2115,1806,3921
81,08,1110870,1,20260729,1058,401,0,0,205,0,0,935,334,0,0,205,0,0,3,44.122097850870915,144.0483972,,,,,,,,,,,,,205,red,1459,1269,2728
81,08,1110881,1,20260729,1332,401,0,0,0,0,0,1293,352,0,0,0,0,0,3,44.24722204088725,143.491111,,,,,,,,,,,,,205,red,1733,1645,3378
81,08,1110890,1,20260729,1220,294,0,0,205,0,0,1151,265,0,0,205,0,0,3,44.571011040918506,142.9747586,,,,,,,,,,,,,205,red,1514,1416,2930
81,10,1110900,1,20260729,,,,0,0,0,205,,,,0,0,0,205,3,45.401916040925876,141.74393,,,,,,,,,,,,,205,red,0,0,0
81,04,1110910,1,20260729,1045,280,0,0,0,0,0,0,0,0,0,0,205,0,3,44.33124604089689,142.51453,,,,,,,,,,,,,205,red,1325,0,1325
81,04,1110920,1,20260729,,,,0,0,0,205,,,,0,0,0,205,3,44.17901104087865,142.27833,,,,,,,,,,,,,205,red,0,0,0
81,06,1110930,1,20260729,1725,428,0,0,0,0,0,1530,344,0,0,0,0,0,3,43.094167250647295,144.1218925,,,,,,,,,,,,,205,red,2153,1874,4027
81,08,1110941,1,20260729,1020,489,0,0,205,0,0,1277,415,0,0,205,0,0,3,43.69889304079811,144.026451,,,,,,,,,,,,,205,red,1509,1692,3201
81,07,1110950,1,20260729,1495,448,27,0,0,0,0,1693,585,10,0,0,0,0,3,43.204237410678836,143.2746363,,,,,,,,,,,,,205,red,1970,2288,4258
81,07,1110960,1,20260729,818,357,0,0,0,0,0,773,412,0,0,0,0,0,3,43.458400040744706,143.740097,,,,,,,,,,,,,205,red,1175,1185,2360
81,07,1110970,1,20260729,1446,465,0,0,0,0,0,1410,520,0,0,0,0,0,3,43.110542040652106,143.580506,,,,,,,,,,,,,205,red,1911,1930,3841
81,06,1110980,1,20260729,755,211,0,0,0,0,0,792,249,0,0,0,0,0,3,43.55969036076827,144.3196517,,,,,,,,,,,,,205,red,966,1041,2007
81,06,1110990,1,20260729,972,190,6,0,0,0,0,875,193,3,0,0,0,0,3,43.46525075074637,144.6738938,,,,,,,,,,,,,205,red,1168,1071,2239
81,06,1111000,1,20260729,794,150,0,0,0,0,0,743,119,0,0,0,0,0,3,43.3767268407246,145.1354671,,,,,,,,,,,,,205,red,944,862,1806
81,08,1111010,1,20260729,2991,448,0,0,205,0,0,2521,387,0,0,205,0,0,3,43.98185858084978,144.2978521,,,,,,,,,,,,,205,red,3439,2908,6347
81,06,1111020,1,20260729,669,72,5,0,0,0,0,677,63,12,0,0,0,0,3,43.58981766077498,145.2084661,,,,,,,,,,,,,205,red,746,752,1498
81,06,1111030,1,20260729,1410,445,0,0,0,0,0,1161,252,0,0,0,0,0,3,43.02214121062568,144.5287192,,,,,,,,,,,,,205,red,1855,1413,3268
81,06,1111040,1,20260729,0,0,5092,0,0,205,0,4682,569,0,0,205,0,0,3,43.53929381076365,144.9801323,,,,,,,,,,,,,205,red,5092,5251,10343
81,08,1111050,1,20260729,736,272,0,0,205,0,0,901,167,17,0,0,0,0,3,44.25159504088778,143.262315,,,,,,,,,,,,,205,red,1008,1085,2093
81,01,1111060,1,20260729,1027,364,0,0,0,0,0,904,356,0,0,0,0,0,3,42.938085080599464,142.0403856,,,,,,,,,,,,,205,red,1391,1260,2651
81,05,1111070,1,20260729,315,134,368,0,0,142,0,456,242,0,0,0,0,0,3,42.87244823057828,142.1355058,,,,,,,,,,,,,205,red,817,698,1515
81,07,1111080,1,20260729,560,574,0,0,0,0,0,413,542,0,0,0,0,0,3,42.97320004061056,142.816438,,,,,,,,,,,,,205,red,1134,955,2089
81,01,1111090,1,20260729,5778,1662,0,0,0,0,0,5352,1482,0,0,0,0,0,3,43.12130790065524,141.4830387,,,,,,,,,,,,,205,red,7440,6834,14274
81,01,1111100,1,20260729,2117,849,0,0,0,0,0,2195,886,0,0,0,0,0,3,43.43463367073897,141.8216186,,,,,,,,,,,,,205,red,2966,3081,6047
81,01,1111110,1,20260729,1393,387,0,0,0,0,0,1200,371,0,0,0,0,0,3,43.57168557077097,141.8750113,,,,,,,,,,,,,205,red,1780,1571,3351
81,02,1111130,1,20260729,5314,615,39,0,205,0,0,6085,357,38,0,0,0,0,3,41.77319404012875,140.796333,,,,,,,,,,,,,205,red,5968,6480,12448
81,02,1111140,1,20260729,426,84,0,0,0,0,0,435,118,0,0,0,0,0,3,42.03841781025344,140.8062566,,,,,,,,,,,,,205,red,510,553,1063
81,02,1111145,1,20260729,7842,1050,0,0,0,0,0,9223,1022,0,0,0,0,0,3,41.84000143016112,140.7552781,,,,,,,,,,,,,205,red,8892,10245,19137
81,08,1111150,1,20260729,436,84,0,0,205,0,0,605,108,0,0,205,0,0,3,44.010611040854364,143.413281,,,,,,,,,,,,,205,red,520,713,1233
81,08,1111160,1,20260729,,,,0,0,0,205,,,,0,0,0,205,3,43.962452040846635,143.715644,,,,,,,,,,,,,205,red,0,0,0
81,07,1111170,1,20260729,1314,176,0,0,205,0,0,1118,146,0,0,205,0,0,3,42.299020130365946,143.3149821,,,,,,,,,,,,,205,red,1490,1264,2754
81,01,1111180,1,20260729,,,,0,0,0,205,,,,0,0,0,205,3,42.815960640559524,141.6810393,,,,,,,,,,,,,205,red,0,0,0
81,01,1111190,1,20260729,0,0,4234,0,0,205,0,228,21,4557,0,0,205,0,3,42.83070733056448,141.6903091,,,,,,,,,,,,,205,red,4234,4806,9040
81,01,1111200,1,20260729,2479,1228,153,0,0,0,0,3109,1324,81,0,205,0,0,3,42.860948090574496,141.7104933,,,,,,,,,,,,,205,red,3860,4514,8374
81,01,1111210,1,20260729,1718,1168,0,0,0,0,0,0,0,0,0,0,205,0,3,43.18556004067363,141.554044,,,,,,,,,,,,,205,red,2886,0,2886
81,06,1111220,1,20260729,848,238,0,0,0,0,0,811,174,0,0,0,0,0,3,43.37269109072359,144.5593071,,,,,,,,,,,,,205,red,1086,985,2071
81,08,1111230,1,20260729,332,143,29,0,0,0,0,351,141,21,0,0,0,0,3,43.81126104082009,144.489672,,,,,,,,,,,,,205,red,504,513,1017
81,06,1111240,1,20260729,274,80,6,0,0,0,0,209,109,6,0,0,0,0,3,42.99604737061767,144.0391088,,,,,,,,,,,,,205,red,360,324,684
81,03,1111250,1,20260729,1141,345,0,0,0,0,0,620,167,0,0,0,0,0,3,43.089578040645954,140.955582,,,,,,,,,,,,,205,red,1486,787,2273
81,04,1111260,1,20260729,1024,199,9,0,0,0,0,875,164,5,0,0,0,0,3,43.92330404084009,142.480139,,,,,,,,,,,,,205,red,1232,1044,2276
81,04,1111270,1,20260729,0,0,1198,0,0,0,2,0,0,981,0,0,0,2,3,43.90347904083668,142.548538,,,,,,,,,,,,,205,red,1198,981,2179
81,04,1111280,1,20260729,2373,518,12,0,0,0,4,1949,400,4,0,0,0,4,3,43.88962304083429,142.598335,,,,,,,,,,,,,205,red,2903,2353,5256
81,04,1111290,1,20260729,2280,536,10,0,0,0,0,1987,381,31,0,0,0,0,3,43.840859040825556,142.737691,,,,,,,,,,,,,205,red,2826,2399,5225
81,04,1111300,1,20260729,1386,365,14,0,0,0,0,1384,285,16,0,0,0,0,3,43.843162040825966,142.799904,,,,,,,,,,,,,205,red,1765,1685,3450
81,04,1111310,1,20260729,,,,0,0,0,205,,,,0,0,0,205,3,43.885885060833616,142.99375530000003,,,,,,,,,,,,,205,red,0,0,0
81,08,1111320,1,20260729,,,,0,0,0,205,,,,0,0,0,205,3,43.942327040843296,143.272964,,,,,,,,,,,,,205,red,0,0,0
81,08,1111321,1,20260729,1022,294,0,0,0,0,4,1245,260,0,0,0,0,4,3,44.005186040853516,143.417614,,,,,,,,,,,,,205,red,1316,1505,2821
81,08,1111322,1,20260729,1046,283,0,0,0,0,0,1252,257,0,0,0,0,0,3,44.010190040854305,143.450296,,,,,,,,,,,,,205,red,1329,1509,2838
81,01,1111330,1,20260729,3163,330,0,0,0,0,0,2577,336,0,0,0,0,0,3,42.93896478059976,141.3440037,,,,,,,,,,,,,205,red,3493,2913,6406
81,05,1111340,1,20260729,1091,295,0,0,0,0,0,1253,297,0,0,0,0,0,3,42.559147540468295,140.8961254,,,,,,,,,,,,,205,red,1386,1550,2936
81,01,1111350,1,20260729,2074,1216,0,0,0,0,0,2526,1234,0,0,0,0,0,3,42.88313893058179,141.7190833,,,,,,,,,,,,,205,red,3290,3760,7050
81,01,1111360,1,20260729,1781,1125,0,0,0,0,0,2347,1151,0,0,0,0,0,3,42.91387104059173,141.717002,,,,,,,,,,,,,205,red,2906,3498,6404
81,01,1111370,1,20260729,935,607,0,0,0,0,0,1046,652,0,0,0,0,0,3,43.05425404063542,141.635599,,,,,,,,,,,,,205,red,1542,1698,3240
81,02,1111380,1,20260729,6615,850,0,0,0,0,0,6817,787,0,0,0,0,0,3,41.822662040152785,140.7753,,,,,,,,,,,,,205,red,7465,7604,15069
81,02,1111390,1,20260729,3691,616,0,0,0,0,0,3333,549,0,0,0,0,0,3,41.80204204014281,140.800817,,,,,,,,,,,,,205,red,4307,3882,8189
81,02,1111400,1,20260729,1807,249,0,0,0,0,0,1269,141,0,0,0,0,0,3,41.75457904011961,140.573825,,,,,,,,,,,,,205,red,2056,1410,3466
81,04,1111410,1,20260729,411,111,0,0,0,0,0,272,91,0,0,0,0,0,3,43.35314804071861,142.36145400000004,,,,,,,,,,,,,205,red,522,363,885
81,04,1111420,1,20260729,941,180,0,0,0,0,0,650,156,0,0,0,0,0,3,43.3038010407058,142.381627,,,,,,,,,,,,,205,red,1121,806,1927
81,06,1111500,1,20260729,991,194,0,0,0,0,0,1208,178,0,0,0,0,0,3,43.29111104070245,145.517778,,,,,,,,,,,,,205,red,1185,1386,2571
81,03,1111600,1,20260729,935,244,0,0,0,0,0,1409,402,0,0,0,0,0,3,43.162210040667006,140.797074,,,,,,,,,,,,,205,red,1179,1811,2990
81,06,1160010,1,20260729,1377,540,45,0,0,0,0,1328,432,19,0,0,0,0,1,43.12053262065503,143.6537933,,,,,,,,,,,,,205,red,1962,1779,3741
81,06,1160020,1,20260729,1498,621,0,0,0,0,0,1498,533,0,0,0,0,0,1,43.12244095065557,143.6787104,,,,,,,,,,,,,205,red,2119,2031,4150
81,06,1160030,1,20260729,1443,613,0,0,0,0,0,1586,560,0,0,0,0,0,1,43.081215390643465,143.9874923,,,,,,,,,,,,,205,red,2056,2146,4202
81,06,1160040,1,20260729,1424,598,0,0,0,0,0,1665,526,0,0,0,0,0,1,43.08452217064445,144.1232336,,,,,,,,,,,,,205,red,2022,2191,4213
81,06,1160050,1,20260729,1753,571,0,0,0,0,0,2373,543,0,0,0,0,0,1,43.09138904064647,144.173494,,,,,,,,,,,,,205,red,2324,2916,5240
81,06,1160060,1,20260729,2316,606,0,0,0,0,0,3023,634,0,0,0,0,0,1,43.04670304063314,144.303761,,,,,,,,,,,,,205,red,2922,3657,6579
81,08,1160120,1,20260729,343,121,0,0,0,0,0,422,125,0,0,0,0,0,1,43.69663004079766,143.731065,,,,,,,,,,,,,205,red,464,547,1011
81,08,1160130,1,20260729,618,159,0,0,0,0,2,786,131,0,0,0,0,2,1,43.7375680408059,143.819828,,,,,,,,,,,,,205,red,777,917,1694
81,02,1310010,1,20260729,2167,179,0,0,0,0,0,2135,208,0,0,0,0,0,3,41.9090560401939,140.682556,,,,,,,,,,,,,205,red,2346,2343,4689
81,02,1310020,1,20260729,3884,1195,0,0,0,0,0,3189,908,0,0,0,0,0,3,42.0164720402435,140.622028,,,,,,,,,,,,,205,red,5079,4097,9176
81,02,1310030,1,20260729,2224,872,0,0,0,0,0,1924,807,0,0,0,0,0,3,42.44355604042405,140.326972,,,,,,,,,,,,,205,red,3096,2731,5827
81,03,1310040,1,20260729,2238,675,0,0,0,0,0,2682,786,0,0,0,0,0,3,43.005875040620694,140.666614,,,,,,,,,,,,,205,red,2913,3468,6381
81,01,1310050,1,20260729,3112,201,0,0,0,205,0,3727,417,0,0,0,205,0,3,43.13178497065829,141.1990678,,,,,,,,,,,,,205,red,3313,4144,7457
81,01,1310060,1,20260729,11351,1386,0,0,0,0,0,11029,1587,0,0,0,0,0,3,43.06547437063878,141.3767481,,,,,,,,,,,,,205,red,12737,12616,25353
81,01,1310070,1,20260729,10564,940,0,0,0,0,0,11106,1030,0,0,0,0,0,3,43.048510140633695,141.4108604,,,,,,,,,,,,,205,red,11504,12136,23640
81,01,1310080,1,20260729,10714,714,0,0,0,0,0,10544,702,0,0,0,0,0,3,43.057749330636454,141.4844763,,,,,,,,,,,,,205,red,11428,11246,22674
81,01,1310090,1,20260729,0,0,0,0,0,205,0,4285,678,0,0,0,0,0,3,43.294945650703454,141.8492997,,,,,,,,,,,,,205,red,0,4963,4963
81,01,1310100,1,20260729,6441,880,0,0,0,0,0,6745,859,0,0,0,0,0,3,43.53544778076278,141.9200456,,,,,,,,,,,,,205,red,7321,7604,14925
81,01,1310110,1,20260729,2694,952,0,0,0,0,0,2547,963,0,0,0,0,0,3,43.66238455079058,141.9957268,,,,,,,,,,,,,205,red,3646,3510,7156
81,01,1310120,1,20260729,0,0,0,0,0,205,0,11006,1124,0,0,0,0,0,3,43.0094644106218,141.4241588,,,,,,,,,,,,,205,red,0,12130,12130
81,01,1310130,1,20260729,7415,1056,0,0,0,205,0,7058,1412,0,0,0,205,0,3,42.85324004057195,141.609931,,,,,,,,,,,,,205,red,8471,8470,16941
81,01,1310140,1,20260729,8077,2446,0,0,0,0,0,6839,2606,0,0,0,0,0,3,42.79203104055144,141.693651,,,,,,,,,,,,,205,red,10523,9445,19968
81,05,1310150,1,20260729,3250,711,0,0,0,0,0,3292,676,0,0,0,0,0,3,42.483348820439495,141.2489566,,,,,,,,,,,,,205,red,3961,3968,7929
81,05,1310160,1,20260729,5902,723,0,0,0,0,0,6044,626,0,0,0,0,0,3,42.362402460391806,140.964739,,,,,,,,,,,,,205,red,6625,6670,13295
81,05,1310170,1,20260729,2770,479,0,0,205,0,0,2781,178,23,0,0,0,0,3,42.363565450392265,140.9519019,,,,,,,,,,,,,205,red,3249,2982,6231
81,04,1310180,1,20260729,,,,0,0,0,205,,,,0,0,0,205,3,43.22376604068423,142.378762,,,,,,,,,,,,,205,red,0,0,0
81,07,1310190,1,20260729,518,1400,0,0,205,41,0,0,0,0,0,205,205,0,3,43.1394950406605,142.841589,,,,,,,,,,,,,205,red,1918,0,1918
81,06,1310200,1,20260729,977,372,0,0,0,0,0,1259,507,0,0,0,0,0,3,42.89183628058462,143.9445233,,,,,,,,,,,,,205,red,1349,1766,3115
81,06,1310210,1,20260729,3465,585,39,0,0,0,0,3199,838,0,0,205,0,0,3,43.009797840621914,144.2786998,,,,,,,,,,,,,205,red,4089,4037,8126
81,06,1310220,1,20260729,2293,518,0,0,0,0,0,3713,686,0,0,0,0,0,3,43.02229809062573,144.2728472,,,,,,,,,,,,,205,red,2811,4399,7210
81,08,1310230,1,20260729,,,,0,0,0,205,,,,0,0,0,205,3,43.85893419082885,144.0808788,,,,,,,,,,,,,205,red,0,0,0
81,08,1310240,1,20260729,1879,357,0,0,205,0,0,1830,404,0,0,205,0,0,3,44.01132969085448,144.2315868,,,,,,,,,,,,,205,red,2236,2234,4470
81,04,1310250,1,20260729,3056,581,113,0,0,0,0,2986,418,87,0,0,0,0,3,44.16725904087709,142.395004,,,,,,,,,,,,,205,red,3750,3491,7241
81,04,1310260,1,20260729,2449,559,3,0,0,0,0,2223,423,1,0,0,0,0,3,44.19030204088012,142.392098,,,,,,,,,,,,,205,red,3011,2647,5658
81,09,1310270,1,20260729,395,161,0,0,0,0,0,438,139,0,0,0,0,0,3,44.89849804093394,141.930734,,,,,,,,,,,,,205,red,556,577,1133
81,10,1310280,1,20260729,195,39,0,0,0,0,0,184,38,0,0,0,0,0,3,45.0919210409354,141.772244,,,,,,,,,,,,,205,red,234,222,456
81,10,1310290,1,20260729,,,,0,0,0,205,,,,0,0,0,205,3,45.3643680409278,141.728937,,,,,,,,,,,,,205,red,0,0,0
81,06,1310300,1,20260729,2473,454,8,0,0,0,0,0,0,2645,0,0,205,0,3,43.059450410636984,144.8007274,,,,,,,,,,,,,205,red,2935,2645,5580
81,06,1310310,1,20260729,281,96,0,0,205,0,0,299,102,3,0,0,0,0,3,43.27550252069827,145.50157790000003,,,,,,,,,,,,,205,red,377,404,781
81,02,1310320,1,20260729,2679,336,0,0,0,0,0,2786,322,0,0,0,0,0,3,41.8940000401868,140.139639,,,,,,,,,,,,,205,red,3015,3108,6123
81,02,1310330,1,20260729,2903,357,0,0,0,0,0,2379,275,0,0,0,0,0,3,41.68472204008489,140.444,,,,,,,,,,,,,205,red,3260,2654,5914
81,03,1310340,1,20260729,1940,240,0,0,0,0,0,685,52,2,0,0,65,0,3,43.26192904069464,140.646731,,,,,,,,,,,,,205,red,2180,739,2919
81,03,1310350,1,20260729,1651,522,0,0,0,0,0,1868,707,0,0,0,0,0,3,43.041313040631515,140.5119,,,,,,,,,,,,,205,red,2173,2575,4748
81,02,1310360,1,20260729,514,41,0,0,0,0,0,535,68,0,0,0,0,0,3,42.129260570293795,139.981876,,,,,,,,,,,,,205,red,555,603,1158
81,01,1310370,1,20260729,12878,1247,0,0,0,0,0,13723,1115,0,0,0,0,0,3,43.007483420621185,141.3442719,,,,,,,,,,,,,205,red,14125,14838,28963
81,03,1310380,1,20260729,2606,552,0,0,0,0,0,2234,380,0,0,0,0,0,3,42.797316040553234,140.953155,,,,,,,,,,,,,205,red,3158,2614,5772
81,03,1310390,1,20260729,1960,424,0,0,0,0,0,1796,358,0,0,0,0,0,3,42.75911004054018,140.927534,,,,,,,,,,,,,205,red,2384,2154,4538
81,09,1310420,1,20260729,1432,267,0,0,0,0,0,1452,286,0,0,0,0,0,3,44.315812040895196,141.663389,,,,,,,,,,,,,205,red,1699,1738,3437
81,05,1310430,1,20260729,1535,537,0,0,0,0,0,1382,628,0,0,0,0,0,3,42.68397268051387,141.6803745,,,,,,,,,,,,,205,red,2072,2010,4082
81,05,1310440,1,20260729,660,135,1,0,0,0,0,810,148,1,0,0,0,0,3,42.455508520428715,142.1783574,,,,,,,,,,,,,205,red,796,959,1755
81,07,1310450,1,20260729,,,,0,0,0,205,,,,0,0,0,205,3,42.850468990571045,143.1845784,,,,,,,,,,,,,205,red,0,0,0
81,04,1310460,1,20260729,3184,254,6,0,0,0,9,2980,542,0,0,196,0,9,3,43.3597710407203,142.387706,,,,,,,,,,,,,205,red,3444,3522,6966
81,05,1310470,1,20260729,326,433,0,0,0,0,0,365,477,0,0,0,0,0,3,42.87689451057974,142.4313468,,,,,,,,,,,,,205,red,759,842,1601
81,08,1310490,1,20260729,1579,439,0,1,204,0,0,1531,319,36,1,0,0,0,3,44.469400040910415,143.131573,,,,,,,,,,,,,205,red,2018,1886,3904
81,10,1310500,1,20260729,,,,0,0,0,205,,,,0,0,0,205,3,44.9513530409349,142.577793,,,,,,,,,,,,,205,red,0,0,0
81,10,1310510,1,20260729,,,,0,0,0,205,,,,0,0,0,205,3,45.33447804092919,142.173169,,,,,,,,,,,,,205,red,0,0,0
81,06,1310520,1,20260729,393,80,0,0,0,0,0,445,83,0,0,0,0,0,3,43.474956340748676,144.4077086,,,,,,,,,,,,,205,red,473,528,1001
81,07,1310530,1,20260729,269,52,0,0,0,0,0,307,63,0,0,0,0,0,3,43.351455040718186,143.778977,,,,,,,,,,,,,205,red,321,370,691
81,08,1310540,1,20260729,476,148,0,0,205,0,0,445,170,0,0,205,0,0,3,43.71241358080086,144.1898958,,,,,,,,,,,,,205,red,624,615,1239
81,06,1310550,1,20260729,627,113,0,0,0,0,0,658,115,0,0,0,0,0,3,43.23651165068774,145.2499867,,,,,,,,,,,,,205,red,740,773,1513
81,06,1310560,1,20260729,888,179,0,0,0,0,0,894,209,0,0,0,0,0,3,43.68069492079438,145.1213962,,,,,,,,,,,,,205,red,1067,1103,2170
81,06,1310570,1,20260729,890,421,0,0,0,0,0,1025,299,0,0,0,0,0,3,43.3613193507207,144.8334503,,,,,,,,,,,,,205,red,1311,1324,2635
81,04,1310580,1,20260729,107,43,0,0,0,0,0,79,19,0,0,0,0,0,3,43.85535404082818,142.818956,,,,,,,,,,,,,205,red,150,98,248
81,01,1310590,1,20260729,15200,2086,0,0,0,0,0,16769,2877,0,0,0,0,0,3,43.101919030649576,141.3492984,,,,,,,,,,,,,205,red,17286,19646,36932
81,01,1310600,1,20260729,4558,862,0,0,0,205,0,3935,878,0,0,0,205,0,3,43.018587890624595,141.4801633,,,,,,,,,,,,,205,red,5420,4813,10233
81,07,1310610,1,20260729,57,19,0,0,0,0,0,84,31,0,0,0,0,0,3,43.124397040656135,143.671096,,,,,,,,,,,,,205,red,76,115,191
81,01,1310620,1,20260729,7600,1269,0,0,0,0,0,8943,1400,0,0,0,0,0,3,43.080001040643104,141.40691,,,,,,,,,,,,,205,red,8869,10343,19212
81,01,1310630,1,20260729,0,0,0,0,0,205,0,0,0,0,0,0,205,0,3,43.224602350684464,141.5421492,,,,,,,,,,,,,205,red,0,0,0
81,03,1310640,1,20260729,3139,826,0,0,0,0,0,0,0,0,0,0,205,0,3,42.98049504061283,140.622927,,,,,,,,,,,,,205,red,3965,0,3965
81,05,1310650,1,20260729,0,0,3262,0,0,205,0,2838,820,15,0,0,0,0,3,42.664068480506764,141.5956308,,,,,,,,,,,,,205,red,3262,3673,6935
81,08,1310660,1,20260729,1333,214,4,0,0,0,0,1658,211,4,0,0,0,0,3,43.98436947085019,143.5657163,,,,,,,,,,,,,205,red,1551,1873,3424
81,08,1310670,1,20260729,653,98,0,0,205,0,0,826,154,0,0,205,0,0,3,43.93417044084193,144.7997993,,,,,,,,,,,,,205,red,751,980,1731
81,01,1310680,1,20260729,2905,284,0,0,0,0,0,3411,281,0,0,0,0,0,3,42.84334231056867,141.6642755,,,,,,,,,,,,,205,red,3189,3692,6881
81,06,1310690,1,20260729,2005,315,0,0,0,0,0,1537,297,1,0,0,0,0,3,43.048098520633566,144.4594431,,,,,,,,,,,,,205,red,2320,1835,4155
81,01,1310700,1,20260729,6745,1208,0,0,0,0,0,8107,658,0,0,0,0,0,3,43.001297040619285,141.34856,,,,,,,,,,,,,205,red,7953,8765,16718
82,,2110010,1,20260729,3172,1210,0,0,0,0,0,3313,1208,0,0,0,0,0,3,37.110573456365614,140.1455465,,,,,,,,,,,,,208,red,4382,4521,8903
82,,2110017,1,20260729,14206,2465,0,0,0,0,0,15116,2396,0,0,0,0,0,3,37.37338104665072,140.3483355,,,,,,,,,,,,,208,red,16671,17512,34183
82,,2110019,1,20260729,14731,2719,0,0,0,0,0,13607,2689,0,0,0,0,0,3,37.46431627674753,140.3769493,,,,,,,,,,,,,208,red,17450,16296,33746
82,,2110021,1,20260729,9948,2162,81,0,0,0,0,9921,2413,36,0,208,0,0,3,37.606841446897334,140.4677635,,,,,,,,,,,,,208,red,12191,12370,24561
82,,2110030,1,20260729,15100,1721,0,0,0,0,0,15719,1648,0,0,0,0,0,3,37.73677529703182,140.4665726,,,,,,,,,,,,,208,red,16821,17367,34188
82,,2110040,1,20260729,10042,1458,0,0,0,0,0,9811,1328,0,0,0,0,0,3,37.807813217104496,140.4958221,,,,,,,,,,,,,208,red,11500,11139,22639
82,,2110050,1,20260729,3418,1269,0,0,0,0,0,3953,1244,0,0,0,0,0,3,37.90701278720498,140.5808128,,,,,,,,,,,,,208,red,4687,5197,9884
82,,2110055,1,20260729,8119,2405,0,0,0,0,0,8806,2028,0,0,0,0,0,3,38.041138927338956,140.6498056,,,,,,,,,,,,,208,red,10524,10834,21358
82,,2110060,1,20260729,13625,2328,0,0,0,0,0,13717,2039,0,0,0,0,0,3,38.085083367382396,140.8283056,,,,,,,,,,,,,208,red,15953,15756,31709
82,,2110062,1,20260729,2037,488,16,0,0,0,0,1877,354,10,0,0,0,0,3,39.659168038777906,141.92916800000003,,,,,,,,,,,,,208,red,2541,2241,4782
82,,2110063,1,20260729,1568,418,31,0,0,0,0,1389,295,47,0,0,0,0,3,39.73009903883322,141.960134,,,,,,,,,,,,,208,red,2017,1731,3748
82,,2110065,1,20260729,15587,1736,0,0,0,0,0,15524,1571,0,0,0,0,0,3,38.15208336744814,140.8853611,,,,,,,,,,,,,208,red,17323,17095,34418
82,,2110070,1,20260729,21334,2139,0,0,0,0,0,19577,1988,0,0,0,0,0,3,38.21891670751319,140.895,,,,,,,,,,,,,208,red,23473,21565,45038
82,,2110081,1,20260729,7183,245,0,0,0,0,0,0,0,0,0,0,0,0,3,38.340207037629824,140.883811,,,,,,,,,,,,,208,red,7428,0,7428
82,,2110090,1,20260729,6466,1229,0,0,0,0,0,7187,932,0,0,0,0,0,3,38.61000803788275,140.98291900000004,,,,,,,,,,,,,208,red,7695,8119,15814
82,,2110091,1,20260729,2720,971,0,0,0,0,0,2661,696,0,0,0,0,0,3,38.834610038086325,141.085674,,,,,,,,,,,,,208,red,3691,3357,7048
82,,2110092,1,20260729,5468,1115,0,0,0,0,0,4255,762,0,0,0,0,0,3,38.930416038171224,141.117432,,,,,,,,,,,,,208,red,6583,5017,11600
82,,2110093,1,20260729,4580,1183,63,0,0,0,0,4298,833,39,0,0,0,0,3,39.003777838235415,141.1133766,,,,,,,,,,,,,208,red,5826,5170,10996
82,,2110095,1,20260729,4315,506,0,0,0,0,0,4499,453,0,0,0,0,0,3,39.166645038375485,141.142913,,,,,,,,,,,,,208,red,4821,4952,9773
82,,2110101,1,20260729,3589,525,25,0,0,0,0,3971,650,10,0,0,0,0,3,39.41215882858007,141.1284828,,,,,,,,,,,,,208,red,4139,4631,8770
82,,2110102,1,20260729,5395,817,0,0,0,0,0,6190,720,0,0,0,0,0,3,39.486604768640554,141.1422372,,,,,,,,,,,,,208,red,6212,6910,13122
82,,2110103,1,20260729,12330,1036,0,0,0,0,0,14180,614,0,0,0,0,0,3,39.668019038784855,141.15759,,,,,,,,,,,,,208,red,13366,14794,28160
82,,2110106,1,20260729,10868,752,0,0,0,0,0,10867,754,0,0,0,0,0,3,39.70774803881587,141.165401,,,,,,,,,,,,,208,red,11620,11621,23241
82,,2110110,1,20260729,10351,783,0,0,0,0,0,9531,621,0,0,0,0,0,3,39.7581439588549,141.134491,,,,,,,,,,,,,208,red,11134,10152,21286
82,,2110120,1,20260729,3691,761,0,0,0,0,0,3951,679,0,0,0,0,0,3,40.24861199921695,141.2695885,,,,,,,,,,,,,208,red,4452,4630,9082
82,,2110121,1,20260729,2287,565,0,0,0,0,0,2232,431,0,0,0,0,0,3,40.33516094927743,141.2985134,,,,,,,,,,,,,208,red,2852,2663,5515
82,,2110129,1,20260729,2439,393,0,0,0,0,0,2416,356,3,0,0,0,0,3,40.60805264946136,141.26026802,,,,,,,,,,,,,208,red,2832,2775,5607
82,,2110130,1,20260729,0,0,5428,0,0,208,0,0,0,5239,0,0,208,0,3,40.65608164949267,141.19309457,,,,,,,,,,,,,208,red,5428,5239,10667
82,,2110132,1,20260729,2566,392,604,0,0,0,0,3362,397,68,0,0,0,0,3,40.683721049510524,141.17042319,,,,,,,,,,,,,208,red,3562,3827,7389
82,,2110140,1,20260729,4704,569,29,0,0,0,0,4859,247,22,0,0,0,0,3,40.89753341964514,140.86029133,,,,,,,,,,,,,207,red,5302,5128,10430
82,,2110143,1,20260729,4228,986,0,0,0,0,0,4116,734,0,0,0,0,0,3,39.946858248998055,141.2168884,,,,,,,,,,,,,208,red,5214,4850,10064
82,,2110144,1,20260729,3679,1936,0,0,208,0,0,3878,725,0,0,208,0,0,3,40.83532684960663,141.12935762,,,,,,,,,,,,,208,red,5615,4603,10218
82,,2110150,1,20260729,4602,919,3,0,0,0,0,4881,865,0,0,0,0,0,3,36.857960956084185,140.7891727,,,,,,,,,,,,,208,red,5524,5746,11270
82,,2110160,1,20260729,11055,2656,13,0,0,0,0,10895,2713,33,0,0,0,0,3,36.92281008615712,140.8423448,,,,,,,,,,,,,208,red,13724,13641,27365
82,,2110161,1,20260729,7543,1226,0,0,0,0,0,7201,1102,0,0,0,0,0,3,37.03306503628002,140.911907,,,,,,,,,,,,,208,red,8769,8303,17072
82,,2110162,1,20260729,5625,755,0,0,0,0,0,3400,559,0,0,0,0,0,3,37.11549536637102,140.9974993,,,,,,,,,,,,,208,red,6380,3959,10339
82,,2110163,1,20260729,4090,884,8,0,0,0,0,2623,833,2,0,0,0,0,3,37.38527750666344,141.0086632,,,,,,,,,,,,,208,red,4982,3458,8440
82,,2110165,1,20260729,4140,701,43,0,0,0,0,4955,822,57,0,0,0,0,3,37.63270112692426,140.9856901,,,,,,,,,,,,,208,red,4884,5834,10718
82,,2110168,1,20260729,2629,902,0,0,0,0,0,2637,880,0,0,0,0,0,3,37.81498403711179,140.943249,,,,,,,,,,,,,208,red,3531,3517,7048
82,,2110170,1,20260729,2016,345,0,0,0,0,0,1737,355,0,0,0,0,0,3,37.89520971719308,140.9035528,,,,,,,,,,,,,208,red,2361,2092,4453
82,,2110173,1,20260729,9295,878,0,0,0,0,0,7744,759,0,0,0,0,0,3,37.094818366348264,140.9771016,,,,,,,,,,,,,208,red,10173,8503,18676
82,,2110180,1,20260729,5360,429,0,0,0,0,0,4631,370,0,0,0,0,0,3,38.064732037362305,140.859399,,,,,,,,,,,,,208,red,5789,5001,10790
82,,2110190,1,20260729,2303,703,0,0,0,0,0,1795,449,0,0,0,0,0,1,38.69140541795727,139.678824,,,,,,,,,,,,,208,red,3006,2244,5250
82,,2110191,1,20260729,3320,656,0,0,0,0,0,3249,592,0,0,0,0,0,3,38.96127130819829,139.8400569,,,,,,,,,,,,,208,red,3976,3841,7817
82,,2110192,1,20260729,6928,621,0,0,0,0,0,6614,595,0,0,0,0,0,3,38.794079918050066,139.83442430000002,,,,,,,,,,,,,208,red,7549,7209,14758
82,,2110193,1,20260729,7392,736,0,0,0,0,0,7203,685,0,0,0,0,0,3,38.787431758044086,139.8346764,,,,,,,,,,,,,208,red,8128,7888,16016
82,,2110194,1,20260729,963,183,0,0,0,0,0,1046,259,0,0,0,0,0,3,38.69287924795862,139.6478605,,,,,,,,,,,,,208,red,1146,1305,2451
82,,2110195,1,20260729,1058,787,0,0,0,0,0,1220,596,0,0,0,0,0,3,38.61589808788817,139.5797968,,,,,,,,,,,,,208,red,1845,1816,3661
82,,2110196,1,20260729,7400,805,0,0,0,0,0,7481,838,0,0,0,0,0,3,38.83854814808984,139.8486963,,,,,,,,,,,,,208,red,8205,8319,16524
82,,2110197,1,20260729,2575,241,0,0,0,0,0,2261,313,0,0,0,0,0,3,38.71753625798101,139.7594082,,,,,,,,,,,,,208,red,2816,2574,5390
82,,2110198,1,20260729,4421,630,0,0,0,0,0,3775,558,0,0,0,0,0,3,38.71622198797982,139.7565651,,,,,,,,,,,,,208,red,5051,4333,9384
82,,2110199,1,20260729,1519,603,0,0,0,0,0,1255,398,0,0,0,0,0,1,38.60695292787995,139.5878005,,,,,,,,,,,,,208,red,2122,1653,3775
82,,2110201,1,20260729,1954,680,0,0,0,0,0,1636,420,0,0,0,0,0,1,38.666421037934484,139.623761,,,,,,,,,,,,,208,red,2634,2056,4690
82,,2110202,1,20260729,5617,705,0,0,0,0,0,5956,726,0,0,0,0,0,3,39.62387474875015,140.0681964,,,,,,,,,,,,,208,red,6322,6682,13004
82,,2110203,1,20260729,1150,115,0,0,0,0,0,1050,106,0,0,0,0,0,3,39.240899018438185,139.9362623,,,,,,,,,,,,,208,red,1265,1156,2421
82,,2110204,1,20260729,2277,667,0,0,0,0,0,2753,498,0,0,0,0,0,3,39.290490888479674,139.9747431,,,,,,,,,,,,,208,red,2944,3251,6195
82,,2110205,1,20260729,1931,861,0,0,0,0,0,1969,630,0,0,0,0,0,3,39.11912903833497,139.876447,,,,,,,,,,,,,208,red,2792,2599,5391
82,,2110208,1,20260729,7917,381,0,0,0,0,0,7550,435,0,0,0,0,0,3,39.38953603856155,140.030682,,,,,,,,,,,,,208,red,8298,7985,16283
82,,2110210,1,20260729,7987,959,0,0,0,0,0,10183,754,0,0,0,0,0,3,39.79539903888355,140.0622,,,,,,,,,,,,,208,red,8946,10937,19883
82,,2110212,1,20260729,6068,611,0,0,0,0,0,5315,641,0,0,0,0,0,3,39.718472038824196,140.083211,,,,,,,,,,,,,208,red,6679,5956,12635
82,,2110213,1,20260729,3327,286,0,0,0,0,0,3128,346,0,0,0,0,0,3,39.52539935867177,140.0518185,,,,,,,,,,,,,208,red,3613,3474,7087
82,,2110214,1,20260729,2940,551,0,0,0,0,0,2940,483,0,0,0,0,0,3,39.90494615896667,140.076382,,,,,,,,,,,,,208,red,3491,3423,6914
82,,2110215,1,20260729,2659,307,50,0,0,0,0,2589,301,18,0,0,0,0,3,40.067095039086766,140.067721,,,,,,,,,,,,,208,red,3016,2908,5924
82,,2110216,1,20260729,1940,617,147,0,0,0,0,20,3,1,0,0,0,0,3,40.268120039230666,140.52780600000003,,,,,,,,,,,,,204,red,2704,24,2728
82,,2110217,1,20260729,1475,516,224,0,0,0,0,12,1,1,0,0,0,0,3,40.27305803923414,140.532178,,,,,,,,,,,,,202,red,2215,14,2229
82,,2110218,1,20260729,6661,582,0,0,0,0,0,5881,285,0,0,0,0,0,3,40.190834039176,140.036139,,,,,,,,,,,,,208,red,7243,6166,13409
82,,2110219,1,20260729,974,151,0,0,0,0,0,802,229,0,0,0,0,0,3,40.21531803919339,140.280482,,,,,,,,,,,,,208,red,1125,1031,2156
82,,2110220,1,20260729,669,129,1,0,0,0,0,1357,422,0,0,0,0,0,3,40.16185503915528,140.039381,,,,,,,,,,,,,208,red,799,1779,2578
82,,2110221,1,20260729,639,82,31,0,0,0,0,458,48,6,0,0,0,0,3,40.20192503918389,140.151831,,,,,,,,,,,,,208,red,752,512,1264
82,,2110222,1,20260729,874,288,0,0,0,0,0,584,198,0,0,0,0,0,3,40.30719003925799,140.572683,,,,,,,,,,,,,208,red,1162,782,1944
82,,2110225,1,20260729,2331,953,391,0,190,5,0,3111,585,94,0,0,0,0,1,39.368414038544195,140.07776,,,,,,,,,,,,,208,red,3675,3790,7465
82,,2110226,1,20260729,3367,1012,0,0,208,0,0,2,0,4668,0,0,208,0,1,39.476483038632374,140.053604,,,,,,,,,,,,,208,red,4379,4670,9049
82,,2110228,1,20260729,608,203,35,0,0,0,0,692,153,22,0,0,0,0,1,39.5459050386882,140.072661,,,,,,,,,,,,,208,red,846,867,1713
82,,2110229,1,20260729,2324,531,29,0,0,0,0,508,48,75,0,0,0,0,3,40.230677039204274,140.489525,,,,,,,,,,,,,202,red,2884,631,3515
82,,2110230,1,20260729,1532,378,3,0,0,0,0,1688,371,1,0,0,0,0,3,40.3821040393098,140.603544,,,,,,,,,,,,,199,red,1913,2060,3973
82,,2110231,1,20260729,1554,405,88,0,0,0,0,1935,397,31,0,0,0,0,3,40.461176699363655,140.6358415,,,,,,,,,,,,,208,red,2047,2363,4410
82,,2110232,1,20260729,1513,285,5,0,0,0,0,1219,128,22,0,0,0,0,3,40.199024039181815,140.383267,,,,,,,,,,,,,204,red,1803,1369,3172
82,,2110233,1,20260729,1237,416,0,0,0,0,0,1023,268,0,0,0,0,0,1,38.96155603819856,139.859806,,,,,,,,,,,,,208,red,1653,1291,2944
82,,2110234,1,20260729,3477,448,626,0,0,0,0,4422,671,290,0,0,0,0,3,40.57123242943714,140.52428552,,,,,,,,,,,,,208,red,4551,5383,9934
82,,2110235,1,20260729,9868,817,40,0,0,0,0,74,8,9740,0,0,103,0,3,40.60269692945784,140.49957539,,,,,,,,,,,,,208,red,10725,9822,20547
82,,2110236,1,20260729,1276,473,0,0,0,0,0,1244,329,0,0,0,0,0,1,39.00850003823954,139.856924,,,,,,,,,,,,,208,red,1749,1573,3322
82,,2110237,1,20260729,248,80,0,0,0,0,0,374,82,0,0,0,0,0,1,39.05087603827627,139.890254,,,,,,,,,,,,,208,red,328,456,784
82,,2110240,1,20260729,7766,853,15,0,0,0,0,2332,185,5312,0,0,208,0,3,40.65753935949361,140.50836074,,,,,,,,,,,,,208,red,8634,7829,16463
82,,2110249,1,20260729,5230,1004,662,0,0,0,0,2545,669,340,0,208,208,0,3,40.831625089604316,140.66283564,,,,,,,,,,,,,208,red,6896,3554,10450
82,,2110250,1,20260729,7271,947,0,0,0,0,0,6774,1344,0,0,0,0,0,3,40.767838829564255,140.59194915,,,,,,,,,,,,,208,red,8218,8118,16336
82,,2110251,1,20260729,11185,1405,0,0,0,208,0,20156,3045,0,0,0,0,0,3,40.824380649599796,140.7354641,,,,,,,,,,,,,208,red,12590,23201,35791
82,,2110252,1,20260729,6267,1107,6,0,0,0,0,0,0,7289,0,0,208,0,3,40.80222556958593,140.69781704,,,,,,,,,,,,,208,red,7380,7289,14669
82,,2110253,1,20260729,2731,355,184,0,0,0,0,3454,514,142,0,0,0,0,3,40.82364700959935,140.81040657,,,,,,,,,,,,,208,red,3270,4110,7380
82,,2110255,1,20260729,0,0,0,0,0,0,0,0,0,0,0,0,0,0,3,40.797368279582884,140.73499562,,,,,,,,,,,,,208,red,0,0,0
82,,2110256,1,20260729,6479,596,22,0,0,0,0,0,0,0,0,0,0,0,3,40.79545531958167,140.74908182,,,,,,,,,,,,,208,red,7097,0,7097
82,,2110258,1,20260729,3220,334,15,0,0,0,0,4325,662,23,0,0,0,0,3,40.26361114922749,140.42944444,,,,,,,,,,,,,208,red,3569,5010,8579
82,,2110260,1,20260729,10124,505,0,0,0,0,0,10867,576,0,0,0,0,0,3,37.766077747061864,140.4643813,,,,,,,,,,,,,208,red,10629,11443,22072
82,,2110270,1,20260729,446,78,1,0,0,0,0,26,1,240,0,0,83,0,3,37.82286602711981,140.2786356,,,,,,,,,,,,,208,red,525,267,792
82,,2110271,1,20260729,2458,1484,0,0,0,0,0,2569,977,0,0,0,0,0,3,37.89655074719443,140.1500818,,,,,,,,,,,,,208,red,3942,3546,7488
82,,2110272,1,20260729,2252,1449,0,0,0,0,0,2666,966,0,0,0,0,0,3,37.92749748722557,140.13487,,,,,,,,,,,,,208,red,3701,3632,7333
82,,2110280,1,20260729,5974,873,0,0,0,0,0,6177,756,0,0,0,0,0,3,37.99971367729781,140.14494900000003,,,,,,,,,,,,,208,red,6847,6933,13780
82,,2110290,1,20260729,6649,1174,0,0,0,0,0,6917,1131,0,0,0,0,0,3,38.13022203742675,140.241028,,,,,,,,,,,,,208,red,7823,8048,15871
82,,2110291,1,20260729,8090,1200,0,0,0,0,0,7985,1129,0,0,0,0,0,3,38.159814097455694,140.3001308,,,,,,,,,,,,,208,red,9290,9114,18404
82,,2110292,1,20260729,6439,1104,0,0,0,0,0,5899,939,0,0,0,0,0,3,38.10297203739999,140.207083,,,,,,,,,,,,,208,red,7543,6838,14381
82,,2110294,1,20260729,1816,279,0,0,0,0,0,2002,348,0,0,0,0,0,3,37.767613677063444,140.8648291,,,,,,,,,,,,,208,red,2095,2350,4445
82,,2110295,1,20260729,1832,278,0,0,0,0,0,2195,389,0,0,0,0,0,3,37.75423885704973,140.7090153,,,,,,,,,,,,,208,red,2110,2584,4694
82,,2110296,1,20260729,1939,312,0,0,0,0,0,2527,450,0,0,0,0,0,3,37.75978319705542,140.5958156,,,,,,,,,,,,,208,red,2251,2977,5228
82,,2110297,1,20260729,1789,295,0,0,0,0,0,2209,415,0,0,0,0,0,3,37.78113503707728,140.573819,,,,,,,,,,,,,208,red,2084,2624,4708
82,,2110298,1,20260729,1956,418,0,0,0,0,0,2241,463,0,0,0,0,0,3,37.81669203711354,140.530266,,,,,,,,,,,,,208,red,2374,2704,5078
82,,2110299,1,20260729,1546,503,0,0,0,0,0,1967,550,0,0,0,0,0,3,37.83294203713006,140.49615,,,,,,,,,,,,,208,red,2049,2517,4566
82,,2110300,1,20260729,2240,1450,0,0,0,0,0,2193,917,0,0,0,0,0,1,37.79582169709228,140.4130094,,,,,,,,,,,,,208,red,3690,3110,6800
82,,2110301,1,20260729,2960,1675,0,0,0,0,0,2983,1123,0,0,0,0,0,3,37.8687824871664,140.2279023,,,,,,,,,,,,,208,red,4635,4106,8741
82,,2110305,1,20260729,12774,1617,0,0,0,0,0,13691,1500,0,0,0,0,0,3,38.32857829761873,140.3671432,,,,,,,,,,,,,208,red,14391,15191,29582
82,,2110307,1,20260729,5386,321,0,0,0,0,0,7224,712,0,0,0,0,0,3,38.48098003776293,140.382831,,,,,,,,,,,,,208,red,5707,7936,13643
82,,2110308,1,20260729,5141,1463,0,0,0,0,0,4540,1090,0,0,0,0,0,1,38.56969403784554,140.401333,,,,,,,,,,,,,208,red,6604,5630,12234
82,,2110309,1,20260729,4228,1159,0,0,0,0,0,3365,748,0,0,0,0,0,1,38.42500003771029,140.352222,,,,,,,,,,,,,208,red,5387,4113,9500
82,,2110310,1,20260729,4006,462,0,0,0,0,0,4530,534,0,0,0,0,0,3,38.57581640785121,140.403707,,,,,,,,,,,,,208,red,4468,5064,9532
82,,2110311,1,20260729,5654,1503,0,0,0,0,0,4698,1074,0,0,0,0,0,1,38.5505555978278,140.3888889,,,,,,,,,,,,,208,red,7157,5772,12929
82,,2110312,1,20260729,4849,1274,0,0,0,0,0,4419,980,0,0,0,0,0,3,38.618265997890354,140.3838155,,,,,,,,,,,,,208,red,6123,5399,11522
82,,2110313,1,20260729,5686,1441,0,0,0,0,0,5623,1181,0,0,0,0,0,3,38.676631947943804,140.3212881,,,,,,,,,,,,,208,red,7127,6804,13931
82,,2110314,1,20260729,5504,1389,0,0,0,0,0,5577,1103,0,0,0,0,0,3,38.71993903798319,140.308757,,,,,,,,,,,,,208,red,6893,6680,13573
82,,2110315,1,20260729,4047,354,0,0,0,0,0,3869,302,0,0,0,0,0,3,38.8033716780584,140.3206605,,,,,,,,,,,,,208,red,4401,4171,8572
82,,2110316,1,20260729,2363,857,0,0,0,0,0,2084,573,0,0,0,0,0,3,38.74947203800992,140.290833,,,,,,,,,,,,,208,red,3220,2657,5877
82,,2110317,1,20260729,1146,621,0,0,0,0,0,1197,418,0,0,0,0,0,3,38.923639038165255,140.334806,,,,,,,,,,,,,208,red,1767,1615,3382
82,,2110318,1,20260729,1142,604,0,0,0,0,0,1224,450,0,0,0,0,0,3,38.94673520818555,140.3547943,,,,,,,,,,,,,208,red,1746,1674,3420
82,,2110319,1,20260729,2130,653,22,0,0,0,0,2116,506,37,0,0,0,0,3,39.072178338294655,140.4714918,,,,,,,,,,,,,208,red,2805,2659,5464
82,,2110320,1,20260729,2491,661,19,0,0,0,0,2478,515,28,0,0,0,0,3,39.11258080832936,140.486598,,,,,,,,,,,,,208,red,3171,3021,6192
82,,2110321,1,20260729,4739,416,0,0,0,0,0,331,251,0,0,0,0,0,3,39.181412318388,140.4959965,,,,,,,,,,,,,208,red,5155,582,5737
82,,2110322,1,20260729,2759,125,13,0,0,0,0,2475,70,190,0,0,0,0,3,39.1455093483575,140.4912436,,,,,,,,,,,,,208,red,2897,2735,5632
82,,2110324,1,20260729,760,440,0,0,0,0,0,30,269,0,0,0,0,0,3,39.046668898272635,140.4131154,,,,,,,,,,,,,208,red,1200,299,1499
82,,2110325,1,20260729,5133,1357,0,0,0,0,0,4167,953,0,0,0,0,0,1,38.463333037746374,140.3575,,,,,,,,,,,,,208,red,6490,5120,11610
82,,2110326,1,20260729,5447,1454,0,0,0,0,0,4493,1070,0,0,0,0,0,1,38.49944403778021,140.370833,,,,,,,,,,,,,208,red,6901,5563,12464
82,,2110327,1,20260729,6685,619,0,0,0,0,0,5939,549,0,0,0,0,0,3,39.249316578445246,140.5351192,,,,,,,,,,,,,208,red,7304,6488,13792
82,,2110328,1,20260729,1544,666,0,0,0,0,0,1558,475,0,0,0,0,0,3,38.78089403803823,140.293372,,,,,,,,,,,,,208,red,2210,2033,4243
82,,2110329,1,20260729,969,465,0,0,0,0,0,146,313,0,0,0,0,0,3,39.05733303828185,140.457556,,,,,,,,,,,,,208,red,1434,459,1893
82,,2110335,1,20260729,3823,297,3092,0,0,193,0,6816,603,129,0,0,0,0,3,39.45464609861468,140.4982871,,,,,,,,,,,,,208,red,7212,7548,14760
82,,2110337,1,20260729,3547,499,1,0,0,0,0,3131,483,0,0,0,0,0,3,39.56556981870389,140.3349352,,,,,,,,,,,,,208,red,4047,3614,7661
82,,2110340,1,20260729,8544,1312,0,0,0,0,0,8014,1192,0,0,0,0,0,3,39.66778703878465,140.165768,,,,,,,,,,,,,208,red,9856,9206,19062
82,,2110350,1,20260729,12631,1598,0,0,0,0,0,14093,1741,0,0,0,0,0,3,38.27013892756266,140.95175,,,,,,,,,,,,,208,red,14229,15834,30063
82,,2110352,1,20260729,11765,2230,12,0,0,0,0,11941,1883,125,0,0,0,0,3,38.425472257710744,141.1867778,,,,,,,,,,,,,208,red,14007,13949,27956
82,,2110353,1,20260729,11399,2193,118,0,0,0,0,11358,1985,419,0,0,0,0,3,38.43294447771779,141.2090556,,,,,,,,,,,,,208,red,13710,13762,27472
82,,2110354,1,20260729,10187,1923,122,3,0,0,1,10562,1539,121,0,0,0,1,3,38.442000037726324,141.2525833,,,,,,,,,,,,,208,red,12232,12222,24454
82,,2110355,1,20260729,8376,1843,185,0,0,0,0,8731,1489,79,0,0,0,0,3,38.48202781776391,141.2923889,,,,,,,,,,,,,208,red,10404,10299,20703
82,,2110357,1,20260729,7263,1569,64,0,0,0,0,7675,1260,71,0,0,0,0,3,38.50430559778474,141.2861944,,,,,,,,,,,,,208,red,8896,9006,17902
82,,2110358,1,20260729,5478,1479,32,0,0,0,0,5629,1124,43,0,0,0,0,3,38.590638927864894,141.27905560000002,,,,,,,,,,,,,208,red,6989,6796,13785
82,,2110359,1,20260729,5000,1427,24,0,0,0,0,5118,1065,35,0,0,0,0,3,38.61066670788337,141.2839722,,,,,,,,,,,,,208,red,6451,6218,12669
82,,2110360,1,20260729,5415,196,0,0,0,0,0,4942,216,0,0,0,0,0,3,38.429333367714385,141.2390278,,,,,,,,,,,,,208,red,5611,5158,10769
82,,2110361,1,20260729,4637,299,0,0,0,0,0,4731,353,0,0,0,0,0,3,38.891555598136925,141.55625,,,,,,,,,,,,,208,red,4936,5084,10020
82,,2110362,1,20260729,4198,960,24,0,0,0,0,4151,695,12,0,0,0,0,3,38.696083367961535,141.2831389,,,,,,,,,,,,,208,red,5182,4858,10040
82,,2110363,1,20260729,9876,1949,65,0,0,0,0,9382,1527,73,0,0,0,0,3,38.456555597740014,141.2745,,,,,,,,,,,,,208,red,11890,10982,22872
82,,2110364,1,20260729,2769,687,19,0,0,0,0,2909,506,17,0,0,0,0,3,38.95011114818852,141.6280556,,,,,,,,,,,,,208,red,3475,3432,6907
82,,2110365,1,20260729,2582,193,0,0,0,0,0,2832,164,0,0,0,0,0,3,38.91955303816165,141.571364,,,,,,,,,,,,,208,red,2775,2996,5771
82,,2110366,1,20260729,3870,922,53,0,0,0,0,3803,663,21,0,0,0,0,3,38.71113892797521,141.3101667,,,,,,,,,,,,,208,red,4845,4487,9332
82,,2110367,1,20260729,4210,696,97,0,0,0,0,3674,511,104,0,0,0,0,3,39.02656869825523,141.6974974,,,,,,,,,,,,,208,red,5003,4289,9292
82,,2110368,1,20260729,3871,916,28,0,0,0,0,3807,670,22,0,0,0,0,3,38.70219447796709,141.3930833,,,,,,,,,,,,,208,red,4815,4499,9314
82,,2110370,1,20260729,4205,276,0,0,0,0,0,4062,284,0,0,0,0,0,3,39.059216658283475,141.7193842,,,,,,,,,,,,,208,red,4481,4346,8827
82,,2110371,1,20260729,2120,492,14,0,0,0,0,2004,323,10,0,0,0,0,3,39.074077398296275,141.7034197,,,,,,,,,,,,,208,red,2626,2337,4963
82,,2110372,1,20260729,2182,596,0,0,0,0,0,2068,404,0,0,0,0,0,3,39.125195598340156,141.7347157,,,,,,,,,,,,,208,red,2778,2472,5250
82,,2110373,1,20260729,3062,659,0,0,0,0,0,3065,447,0,0,0,0,0,3,39.12205355833746,141.7899934,,,,,,,,,,,,,208,red,3721,3512,7233
82,,2110374,1,20260729,2416,650,0,0,0,0,0,2377,512,0,0,0,0,0,3,39.03121932825926,141.6337144,,,,,,,,,,,,,208,red,3066,2889,5955
82,,2110379,1,20260729,1685,601,368,0,0,0,0,1889,358,230,0,0,0,0,3,39.14893559836042,141.8295097,,,,,,,,,,,,,208,red,2654,2477,5131
82,,2110380,1,20260729,2945,279,0,0,0,0,0,4250,266,0,0,0,0,0,3,39.29661287848477,141.8836641,,,,,,,,,,,,,208,red,3224,4516,7740
82,,2110381,1,20260729,3455,895,55,0,0,0,0,3372,644,80,0,0,0,0,3,38.69052781795646,141.4270556,,,,,,,,,,,,,208,red,4405,4096,8501
82,,2110382,1,20260729,3765,908,21,0,0,0,0,4016,665,36,0,0,0,0,3,38.70547225797006,141.4960833,,,,,,,,,,,,,208,red,4694,4717,9411
82,,2110383,1,20260729,3372,645,26,0,0,0,0,3864,508,11,0,0,0,0,3,39.32251283850628,141.8802524,,,,,,,,,,,,,208,red,4043,4383,8426
82,,2110384,1,20260729,4129,909,32,0,0,0,0,3978,674,48,0,0,0,0,3,38.81825003807172,141.5580556,,,,,,,,,,,,,208,red,5070,4700,9770
82,,2110387,1,20260729,1236,313,715,0,0,0,0,2260,363,55,0,0,0,0,3,39.59193303872486,141.940478,,,,,,,,,,,,,208,red,2264,2678,4942
82,,2110389,1,20260729,1553,407,29,0,0,0,0,1369,316,32,0,0,0,0,3,39.8199300389023,141.96138,,,,,,,,,,,,,208,red,1989,1717,3706
82,,2110392,1,20260729,1643,415,27,0,0,0,0,1466,311,41,0,0,0,0,3,39.836270038914755,141.96038,,,,,,,,,,,,,208,red,2085,1818,3903
82,,2110393,1,20260729,984,390,0,0,0,0,0,1026,278,0,0,0,0,0,3,39.87071503894088,141.94008,,,,,,,,,,,,,208,red,1374,1304,2678
82,,2110394,1,20260729,4592,912,35,0,0,0,0,4352,703,40,0,0,0,0,3,38.86638892811462,141.5685833,,,,,,,,,,,,,208,red,5539,5095,10634
82,,2110395,1,20260729,690,253,20,0,0,0,0,715,167,11,0,0,0,0,3,39.929155418984834,141.8968391,,,,,,,,,,,,,208,red,963,893,1856
82,,2110396,1,20260729,139,79,0,0,0,149,0,127,40,0,0,0,208,0,3,39.93351162898809,141.8457699,,,,,,,,,,,,,208,red,218,167,385
82,,2110397,1,20260729,317,94,0,0,0,0,0,349,124,0,0,0,0,0,3,39.9934900390327,141.881411,,,,,,,,,,,,,208,red,411,473,884
82,,2110399,1,20260729,764,333,0,1,0,1,1,840,279,0,1,0,1,1,3,40.020460039052594,141.881877,,,,,,,,,,,,,208,red,1097,1119,2216
82,,2110401,1,20260729,1939,626,27,0,0,0,0,1908,489,5,0,0,0,0,3,39.029891708258106,141.6224,,,,,,,,,,,,,208,red,2592,2402,4994
82,,2110402,1,20260729,1657,147,0,0,0,0,0,1550,140,0,0,0,0,0,3,40.414361969331864,141.7051792,,,,,,,,,,,,,208,red,1804,1690,3494
82,,2110403,1,20260729,1989,524,120,0,0,0,0,1831,335,130,0,0,0,0,3,39.15806392836817,141.8413306,,,,,,,,,,,,,208,red,2633,2296,4929
82,,2110404,1,20260729,10359,503,6,0,0,0,0,9742,415,26,0,0,0,0,3,40.50576550939362,141.53235261,,,,,,,,,,,,,208,red,10868,10183,21051
82,,2110405,1,20260729,10680,949,28,0,0,0,0,8796,876,19,0,0,0,0,3,40.528900439409064,141.46412799,,,,,,,,,,,,,208,red,11657,9691,21348
82,,2110407,1,20260729,2796,303,2,0,0,0,0,2662,277,46,0,0,0,0,3,40.481786839377534,141.5376989,,,,,,,,,,,,,208,red,3101,2985,6086
82,,2110408,1,20260729,6803,854,71,0,0,0,0,7103,690,41,0,0,0,0,3,40.5637364594322,141.43539327,,,,,,,,,,,,,208,red,7728,7834,15562
82,,2110409,1,20260729,2321,565,27,0,0,0,0,1955,360,19,0,0,0,0,3,39.24333336844022,141.8452778,,,,,,,,,,,,,208,red,2913,2334,5247
82,,2110410,1,20260729,3235,378,34,0,0,0,0,3060,384,61,0,0,0,0,3,40.47949102937599,141.58069836,,,,,,,,,,,,,208,red,3647,3505,7152
82,,2110412,1,20260729,2687,640,139,0,0,0,0,2494,554,95,0,0,0,0,3,40.66162803949626,141.324363,,,,,,,,,,,,,208,red,3466,3143,6609
82,,2110413,1,20260729,3081,659,127,0,0,0,0,3280,662,164,0,0,0,0,3,40.675139039505,141.304575,,,,,,,,,,,,,208,red,3867,4106,7973
82,,2110414,1,20260729,8616,1069,0,0,0,0,0,7787,956,0,0,0,0,0,3,39.699724768809624,141.0544968,,,,,,,,,,,,,208,red,9685,8743,18428
82,,2110415,1,20260729,4011,503,0,0,0,0,0,4401,416,0,0,0,0,0,3,39.69160156880328,141.008749,,,,,,,,,,,,,208,red,4514,4817,9331
82,,2110416,1,20260729,1806,411,1,0,0,0,0,1561,360,5,0,0,0,0,3,39.70020353880998,140.8836508,,,,,,,,,,,,,208,red,2218,1926,4144
82,,2110417,1,20260729,674,171,0,0,0,0,0,203,119,0,0,0,0,0,3,40.47147403937059,141.474002,,,,,,,,,,,,,208,red,845,322,1167
82,,2110418,1,20260729,3271,709,49,0,0,0,0,3162,513,38,0,0,0,0,3,39.260555598454665,141.8394444,,,,,,,,,,,,,208,red,4029,3713,7742
82,,2110419,1,20260729,2601,549,21,0,0,0,0,2821,411,16,0,0,0,0,3,39.288333368477865,141.8633333,,,,,,,,,,,,,208,red,3171,3248,6419
82,,2110421,1,20260729,2166,542,36,0,0,0,0,2446,413,8,0,0,0,0,3,39.366111148542295,141.9044444,,,,,,,,,,,,,208,red,2744,2867,5611
82,,2110422,1,20260729,2443,572,70,0,0,0,0,2829,433,60,0,0,0,0,3,39.36731670854329,141.8911806,,,,,,,,,,,,,208,red,3085,3322,6407
82,,2110423,1,20260729,2402,450,16,0,0,0,0,2657,436,7,0,0,0,0,3,40.22921103920324,141.7800234,,,,,,,,,,,,,208,red,2868,3100,5968
82,,2110424,1,20260729,1462,402,0,0,0,0,0,1380,410,0,0,0,0,0,3,39.601276038732266,140.551915,,,,,,,,,,,,,208,red,1864,1790,3654
82,,2110428,1,20260729,2272,514,34,0,0,0,0,2189,465,13,0,0,0,0,3,38.73322403799523,140.787123,,,,,,,,,,,,,202,red,2820,2667,5487
82,,2110432,1,20260729,677,312,0,0,0,0,0,634,270,0,0,0,0,0,3,38.73755603799914,140.598389,,,,,,,,,,,,,208,red,989,904,1893
82,,2110435,1,20260729,3988,1063,0,0,0,0,0,3406,1061,0,0,0,0,0,3,38.74138978800262,140.2831578,,,,,,,,,,,,,208,red,5051,4467,9518
82,,2110436,1,20260729,2662,835,0,0,0,0,0,2442,735,0,0,0,0,0,3,38.74416703800512,140.259722,,,,,,,,,,,,,208,red,3497,3177,6674
82,,2110437,1,20260729,2913,808,0,0,0,0,0,2688,734,0,0,0,0,0,3,38.73663903799832,140.168833,,,,,,,,,,,,,208,red,3721,3422,7143
82,,2110438,1,20260729,2757,790,0,0,0,0,0,2464,719,0,0,0,0,0,3,38.745210838006074,140.2326227,,,,,,,,,,,,,208,red,3547,3183,6730
82,,2110440,1,20260729,2455,798,0,0,0,0,0,2610,813,0,0,0,0,0,3,38.78155241803881,140.0267226,,,,,,,,,,,,,208,red,3253,3423,6676
82,,2110445,1,20260729,13480,1216,0,0,0,0,0,14838,1353,0,0,0,0,0,3,38.26502503755774,140.79343300000002,,,,,,,,,,,,,208,red,14696,16191,30887
82,,2110450,1,20260729,2473,725,0,0,0,0,0,2255,702,0,0,0,0,0,3,38.391999797679084,140.5672252,,,,,,,,,,,,,208,red,3198,2957,6155
82,,2110451,1,20260729,3759,360,0,0,0,0,0,3722,385,0,0,0,0,0,3,38.877650438124604,139.8869442,,,,,,,,,,,,,208,red,4119,4107,8226
82,,2110452,1,20260729,6356,508,0,0,0,29,0,6076,633,0,0,0,0,0,3,38.901543148145755,139.8723154,,,,,,,,,,,,,208,red,6864,6709,13573
82,,2110453,1,20260729,261,37,0,0,0,0,0,219,38,0,0,0,0,0,3,38.90368057814766,139.8668909,,,,,,,,,,,,,208,red,298,257,555
82,,2110454,1,20260729,4628,480,0,0,0,0,0,4530,471,0,0,0,0,0,3,38.87364379812106,139.886117,,,,,,,,,,,,,208,red,5108,5001,10109
82,,2110455,1,20260729,6802,1155,0,0,0,0,0,4360,1098,0,0,0,0,0,3,37.062925546313075,140.8516252,,,,,,,,,,,,,208,red,7957,5458,13415
82,,2110456,1,20260729,3317,363,0,0,0,0,0,3195,394,0,0,0,0,0,3,38.85157810810144,139.8908657,,,,,,,,,,,,,208,red,3680,3589,7269
82,,2110457,1,20260729,2098,367,0,0,0,0,0,2158,421,0,0,0,0,0,3,38.831843418083864,139.9098858,,,,,,,,,,,,,208,red,2465,2579,5044
82,,2110460,1,20260729,2569,534,1,0,0,0,0,2710,619,4,0,0,0,0,3,37.11000003636498,140.7641667,,,,,,,,,,,,,208,red,3104,3333,6437
82,,2110464,1,20260729,1804,396,5,0,0,0,0,1861,559,71,0,0,0,0,3,37.31106211658384,140.4823494,,,,,,,,,,,,,208,red,2205,2491,4696
82,,2110465,1,20260729,5637,664,0,0,0,0,0,5218,778,0,0,0,0,0,3,37.33970064661463,140.406585,,,,,,,,,,,,,208,red,6301,5996,12297
82,,2110470,1,20260729,3087,571,0,0,0,0,0,3152,460,0,0,0,0,0,3,37.49456687677952,140.2463901,,,,,,,,,,,,,208,red,3658,3612,7270
82,,2110472,1,20260729,536,413,0,0,0,0,0,526,405,0,0,0,0,0,3,37.65080306694305,139.5936209,,,,,,,,,,,,,208,red,949,931,1880
82,,2110473,1,20260729,4939,870,0,0,0,0,0,5139,758,0,0,0,0,0,3,37.548570346836364,139.9683643,,,,,,,,,,,,,208,red,5809,5897,11706
82,,2110474,1,20260729,4380,572,0,0,0,0,0,4474,480,0,0,0,0,0,3,37.55735328684558,139.8550022,,,,,,,,,,,,,208,red,4952,4954,9906
82,,2110477,1,20260729,5412,323,2,0,0,0,0,4540,382,6,0,0,0,0,3,40.48458321937942,141.42701414,,,,,,,,,,,,,208,red,5737,4928,10665
82,,2110478,1,20260729,2107,213,0,0,0,0,0,2278,243,0,0,0,0,0,3,38.52642903780538,141.156619,,,,,,,,,,,,,208,red,2320,2521,4841
82,,2110479,1,20260729,3197,361,0,0,0,0,0,3142,392,0,0,0,0,0,3,38.556163037833,141.069142,,,,,,,,,,,,,208,red,3558,3534,7092
82,,2110480,1,20260729,6043,251,0,0,0,0,0,5135,243,0,0,0,0,0,3,38.570337037846144,140.982089,,,,,,,,,,,,,208,red,6294,5378,11672
82,,2110481,1,20260729,1160,680,0,0,0,0,0,1147,445,0,0,0,0,0,3,39.036923848264195,140.3899339,,,,,,,,,,,,,208,red,1840,1592,3432
82,,2110482,1,20260729,4298,625,8,0,0,0,0,4839,563,0,0,0,0,0,3,39.363397818540065,140.5656534,,,,,,,,,,,,,208,red,4931,5402,10333
82,,2110485,1,20260729,8494,701,0,0,0,0,0,9266,576,0,0,0,0,0,3,38.33956088762922,140.2816558,,,,,,,,,,,,,208,red,9195,9842,19037
82,,2110488,1,20260729,1120,247,0,0,0,0,0,847,198,0,0,0,0,0,3,38.4566470377401,140.032103,,,,,,,,,,,,,208,red,1367,1045,2412
82,,2110491,1,20260729,2083,585,0,0,0,0,0,2063,401,0,0,0,0,0,3,38.58079848785582,139.9398136,,,,,,,,,,,,,208,red,2668,2464,5132
82,,2110500,1,20260729,1580,677,0,0,0,0,0,1826,503,0,0,0,0,0,3,38.046173177343945,139.7837305,,,,,,,,,,,,,208,red,2257,2329,4586
82,,2110501,1,20260729,1252,611,0,0,0,0,0,1223,435,0,0,0,0,0,3,38.0753590373728,139.72116,,,,,,,,,,,,,208,red,1863,1658,3521
82,,2110502,1,20260729,1443,535,0,0,0,0,0,1675,400,0,0,0,0,0,3,38.04606303734383,140.051715,,,,,,,,,,,,,208,red,1978,2075,4053
82,,2110503,1,20260729,2587,637,0,0,0,0,0,3054,600,0,0,0,0,0,3,38.044627037342416,140.064483,,,,,,,,,,,,,208,red,3224,3654,6878
82,,2110504,1,20260729,2696,779,0,0,0,0,0,3482,722,0,0,0,0,0,3,38.04518462734297,140.1366019,,,,,,,,,,,,,208,red,3475,4204,7679
82,,2110510,1,20260729,3413,715,0,0,0,0,0,3258,564,0,0,0,0,0,3,38.02769263732563,140.1668358,,,,,,,,,,,,,208,red,4128,3822,7950
82,,2110519,1,20260729,1723,286,33,0,0,0,0,1965,287,29,0,0,0,0,3,39.25195903844747,141.77938700000004,,,,,,,,,,,,,208,red,2042,2281,4323
82,,2110520,1,20260729,2384,321,26,0,0,0,0,2070,301,26,0,0,0,0,3,39.24514978844176,141.7423439,,,,,,,,,,,,,208,red,2731,2397,5128
82,,2110521,1,20260729,2387,377,0,0,0,0,0,2068,356,0,0,0,0,0,3,39.246448038442836,141.63560000000004,,,,,,,,,,,,,208,red,2764,2424,5188
82,,2110531,1,20260729,979,98,0,0,0,0,0,2444,356,0,0,0,0,0,1,39.32515718850848,141.4883819,,,,,,,,,,,,,208,red,1077,2800,3877
82,,2110540,1,20260729,2822,507,0,0,0,0,0,3089,471,0,0,0,0,0,1,39.28807706847765,141.3475227,,,,,,,,,,,,,208,red,3329,3560,6889
82,,2110541,1,20260729,1560,236,0,0,0,0,0,1582,233,0,0,0,0,0,1,39.314345428499514,141.2615204,,,,,,,,,,,,,208,red,1796,1815,3611
82,,2110542,1,20260729,1307,280,0,0,0,0,0,1478,281,0,0,0,0,0,3,39.283375038473736,141.5516694,,,,,,,,,,,,,208,red,1587,1759,3346
82,,2110552,1,20260729,3503,854,45,0,0,0,0,3520,630,23,0,0,0,0,3,38.75991670801934,141.5025278,,,,,,,,,,,,,208,red,4402,4173,8575
82,,2110553,1,20260729,4319,979,52,0,0,0,0,4436,713,54,0,0,0,0,3,38.80716670806179,141.54275,,,,,,,,,,,,,208,red,5350,5203,10553
82,,2110554,1,20260729,2550,664,15,0,0,0,0,2596,485,16,0,0,0,0,3,38.96347225820022,141.6241944,,,,,,,,,,,,,208,red,3229,3097,6326
82,,2110555,1,20260729,938,309,26,0,0,0,0,1073,209,15,0,0,0,0,3,39.21138892841335,141.865,,,,,,,,,,,,,208,red,1273,1297,2570
82,,2110556,1,20260729,4403,897,90,0,0,0,0,3557,523,313,0,0,0,0,3,38.8781944781251,141.5846444,,,,,,,,,,,,,208,red,5390,4393,9783
82,,2110557,1,20260729,1302,425,248,0,0,0,0,741,188,117,0,0,0,0,3,38.789722258046154,141.5180556,,,,,,,,,,,,,208,red,1975,1046,3021
82,,2110558,1,20260729,2627,632,86,0,0,0,0,2577,424,87,0,0,0,0,3,38.88277803812915,141.585833,,,,,,,,,,,,,208,red,3345,3088,6433
82,,2110559,1,20260729,3097,719,49,0,0,0,0,2739,556,70,0,0,0,0,3,38.925278038166695,141.6025,,,,,,,,,,,,,208,red,3865,3365,7230
82,,2110560,1,20260729,693,256,90,0,0,0,0,1155,314,125,0,0,0,0,3,38.89750003814219,141.595,,,,,,,,,,,,,208,red,1039,1594,2633
82,,2110561,1,20260729,2474,609,161,0,0,0,0,137,37,101,0,0,0,0,3,38.91750003815984,141.591944,,,,,,,,,,,,,208,red,3244,275,3519
82,,2110604,1,20260729,1036,298,160,0,0,0,0,1538,333,107,0,0,0,0,3,40.1607780391545,141.767278,,,,,,,,,,,,,208,red,1494,1978,3472
82,,2112104,1,20260729,2863,695,15,0,0,0,0,2216,513,349,0,0,0,0,3,40.733783919542624,141.20798154,,,,,,,,,,,,,208,red,3573,3078,6651
82,,2120001,1,20260729,4087,642,0,0,0,0,0,4338,811,0,0,0,0,0,3,40.75045198955322,140.54906872,,,,,,,,,,,,,208,red,4729,5149,9878
82,,2120005,1,20260729,4027,502,23,0,0,0,0,4191,408,22,0,0,0,0,3,40.79249892957982,140.48972552,,,,,,,,,,,,,208,red,4552,4621,9173
82,,2120010,1,20260729,2777,381,13,0,0,0,0,2881,322,35,0,0,0,0,3,40.81212879959214,140.47707546,,,,,,,,,,,,,208,red,3171,3238,6409
82,,2120015,1,20260729,2337,331,0,0,0,0,0,2049,235,0,0,0,0,0,3,40.82729603960163,140.4413,,,,,,,,,,,,,208,red,2668,2284,4952
82,,2120020,1,20260729,579,114,0,0,0,0,0,1944,120,0,0,0,0,0,3,40.78380703957434,140.261545,,,,,,,,,,,,,208,red,693,2064,2757
82,,2310200,1,20260729,10809,1138,0,0,0,0,0,10201,1361,0,0,0,0,0,3,39.70615403881462,140.09793,,,,,,,,,,,,,208,red,11947,11562,23509
82,,2312101,1,20260729,3606,793,0,0,0,0,0,3208,686,0,0,0,0,0,3,40.70834700952637,141.24477593,,,,,,,,,,,,,208,red,4399,3894,8293
82,,2312102,1,20260729,3649,702,0,0,0,0,0,3075,666,0,0,0,0,0,3,40.725233449537164,141.22804347,,,,,,,,,,,,,208,red,4351,3741,8092
82,,2312103,1,20260729,2058,302,0,0,0,0,0,2357,415,0,0,0,0,0,3,37.77535545707135,140.7514008,,,,,,,,,,,,,208,red,2360,2772,5132
83,,3110010,1,20260729,11028,1381,671,0,0,0,0,12827,1247,1194,0,0,0,0,3,35.58550262456253,139.7049058,,,,,,,,,,,,,190,red,13080,15268,28348
83,,3110020,1,20260729,18014,2648,584,0,0,0,0,19157,2960,750,0,0,0,0,3,35.37938903430058,139.509906,,,,,,,,,,,,,190,red,21246,22867,44113
83,,3110030,1,20260729,5194,211,331,0,0,0,0,6146,243,303,0,0,0,0,3,35.30798103420886,139.30775,,,,,,,,,,,,,190,red,5736,6692,12428
83,,3110040,1,20260729,5424,828,0,0,0,0,0,5415,821,0,0,0,0,0,3,35.24085503412222,139.123519,,,,,,,,,,,,,190,red,6252,6236,12488
83,,3110050,1,20260729,10353,4933,804,0,0,0,0,10686,5118,346,0,0,0,0,3,36.238458295364495,139.8048878,,,,,,,,,,,,,190,red,16090,16150,32240
83,,3110060,1,20260729,20741,4836,418,0,0,0,0,21126,4523,365,0,0,0,0,3,36.51217142568756,139.9177551,,,,,,,,,,,,,190,red,25995,26014,52009
83,,3110070,1,20260729,8847,1947,134,0,0,0,0,8708,1991,62,0,0,0,0,3,36.833366956056416,139.9495983,,,,,,,,,,,,,190,red,10928,10761,21689
83,,3110080,1,20260729,5578,425,65,0,0,0,0,4861,441,41,0,0,0,0,3,36.29676104543397,139.7863913,,,,,,,,,,,,,190,red,6068,5343,11411
83,,3110090,1,20260729,7639,274,146,0,0,0,0,7587,277,61,0,0,0,0,3,36.52417383570154,139.8798609,,,,,,,,,,,,,190,red,8059,7925,15984
83,,3110100,1,20260729,7776,270,93,0,0,0,0,8148,289,72,0,0,0,0,3,36.58529299577252,139.9295837,,,,,,,,,,,,,190,red,8139,8509,16648
83,,3110110,1,20260729,6074,900,0,0,0,0,0,5699,977,0,0,0,0,0,3,36.019401995100274,140.15926790000003,,,,,,,,,,,,,185,red,6974,6676,13650
83,,3110120,1,20260729,7768,1630,0,0,0,0,0,50,3,0,0,0,0,0,3,36.297327425434645,140.4228446,,,,,,,,,,,,,185,red,9398,53,9451
83,,3110130,1,20260729,0,0,0,0,0,185,0,9536,0,0,0,0,0,0,3,36.582090335768804,140.6400901,,,,,,,,,,,,,185,red,0,9536,9536
83,,3110140,1,20260729,11755,1655,625,0,0,0,0,12013,1763,564,0,0,0,0,3,35.70274880470968,139.8786539,,,,,,,,,,,,,190,red,14035,14340,28375
83,,3110150,1,20260729,5945,1204,865,0,0,0,0,9584,1592,682,0,0,0,0,3,35.61902656460475,140.0975838,,,,,,,,,,,,,190,red,8014,11858,19872
83,,3110160,1,20260729,11830,2104,1042,0,0,0,0,12411,1724,1193,0,0,0,0,3,35.56474703453633,139.7273263,,,,,,,,,,,,,190,red,14976,15328,30304
83,,3110170,1,20260729,11703,3255,0,0,0,0,0,13664,2036,0,0,0,0,0,3,35.52794003448978,139.70328,,,,,,,,,,,,,190,red,14958,15700,30658
83,,3110180,1,20260729,10653,2904,0,0,0,27,0,12050,2815,0,0,0,40,0,3,35.47903203442772,139.638693,,,,,,,,,,,,,190,red,13557,14865,28422
83,,3110190,1,20260729,9256,312,637,0,0,0,0,8057,333,519,0,0,0,0,3,35.26731403415642,139.685375,,,,,,,,,,,,,190,red,10205,8909,19114
83,,3110200,1,20260729,7026,325,421,0,0,0,0,6268,337,435,0,0,0,0,3,35.36071103427663,139.629686,,,,,,,,,,,,,190,red,7772,7040,14812
83,,3110220,1,20260729,13426,3995,0,0,0,0,0,11944,3623,0,0,0,0,0,3,35.58894027456686,139.3426681,,,,,,,,,,,,,190,red,17421,15567,32988
83,,3110230,1,20260729,5255,411,381,0,0,0,0,4895,397,347,0,0,0,0,3,35.483485034433386,139.527129,,,,,,,,,,,,,190,red,6047,5639,11686
83,,3110240,1,20260729,9206,3144,0,0,0,30,0,6137,1996,0,0,0,0,0,3,35.83073572486877,139.3800849,,,,,,,,,,,,,190,red,12350,8133,20483
83,,3110250,1,20260729,13842,3726,266,0,0,0,0,12558,3732,224,0,0,0,0,3,35.707798574715994,140.1198261,,,,,,,,,,,,,190,red,17834,16514,34348
83,,3110260,1,20260729,10368,2495,430,0,0,0,0,10595,2775,181,0,0,0,0,3,35.53057826449313,140.0927666,,,,,,,,,,,,,190,red,13293,13551,26844
83,,3110270,1,20260729,7925,1383,434,0,0,0,0,9132,1990,502,0,0,0,0,3,35.79240130482129,139.6854329,,,,,,,,,,,,,190,red,9742,11624,21366
83,,3110280,1,20260729,17488,5164,0,0,0,0,0,18291,5591,0,0,0,0,0,3,35.803056924834515,139.6481824,,,,,,,,,,,,,190,red,22652,23882,46534
83,,3110290,1,20260729,12683,2389,0,0,0,0,0,12159,2233,0,0,0,0,0,3,36.07243401516468,139.4990623,,,,,,,,,,,,,190,red,15072,14392,29464
83,,3110300,1,20260729,5129,406,0,0,0,0,0,4984,435,0,0,0,0,0,3,36.18854634530473,139.3083894,,,,,,,,,,,,,190,red,5535,5419,10954
83,,3110310,1,20260729,7249,919,69,0,0,0,0,7885,1097,77,0,0,0,0,3,36.28225430541672,139.0870374,,,,,,,,,,,,,190,red,8237,9059,17296
83,,3110320,1,20260729,15488,697,275,0,0,0,0,14912,670,182,0,0,0,0,3,36.3553183655034,139.0125096,,,,,,,,,,,,,190,red,16460,15764,32224
83,,3110330,1,20260729,437,106,14,0,0,0,0,326,58,12,0,0,0,0,3,36.76119426597452,138.8275203,,,,,,,,,,,,,190,red,557,396,953
83,,3110350,1,20260729,7864,1018,0,0,0,0,0,8658,960,0,0,0,0,0,3,36.343173145489025,138.5572287,,,,,,,,,,,,,190,red,8882,9618,18500
83,,3110360,1,20260729,7391,608,0,0,0,0,0,6889,506,0,0,0,0,0,3,36.37715425552919,138.2764444,,,,,,,,,,,,,190,red,7999,7395,15394
83,,3110370,1,20260729,6091,548,0,0,0,0,0,6967,591,0,0,0,0,0,3,36.6491958258463,138.2215959,,,,,,,,,,,,,190,red,6639,7558,14197
83,,3110380,1,20260729,6389,584,0,0,0,0,0,6264,568,0,0,0,0,0,3,36.20646628532621,137.9629773,,,,,,,,,,,,,190,red,6973,6832,13805
83,,3110390,1,20260729,1318,251,0,0,0,0,0,1348,231,0,0,0,0,0,3,36.53866995571842,137.9675826,,,,,,,,,,,,,190,red,1569,1579,3148
83,,3110400,1,20260729,10699,919,609,0,0,0,0,12140,1202,808,0,0,0,0,3,35.669090024667575,139.59433440000004,,,,,,,,,,,,,190,red,12227,14150,26377
83,,3110410,1,20260729,4428,396,195,0,0,0,0,3956,504,151,0,0,0,0,3,35.617552604602885,139.1855389,,,,,,,,,,,,,190,red,5019,4611,9630
83,,3110420,1,20260729,6043,652,0,0,0,0,0,5375,719,0,0,0,0,0,3,35.611220394594916,138.9628673,,,,,,,,,,,,,190,red,6695,6094,12789
83,,3110430,1,20260729,1585,1547,0,0,0,0,0,1132,2189,0,0,0,0,0,3,35.603966294585796,138.8040242,,,,,,,,,,,,,190,red,3132,3321,6453
83,,3110440,1,20260729,10763,1050,0,0,0,0,0,9259,938,0,0,0,0,0,3,35.66782617466599,138.5078037,,,,,,,,,,,,,187,red,11813,10197,22010
83,,3110450,1,20260729,1877,544,0,0,0,0,0,1939,490,0,0,0,0,0,3,35.90777048496373,138.2345215,,,,,,,,,,,,,190,red,2421,2429,4850
83,,3110460,1,20260729,4264,364,0,0,0,0,0,4690,372,0,0,0,0,0,3,36.07055654516242,138.0938691,,,,,,,,,,,,,190,red,4628,5062,9690
83,,3110470,1,20260729,5914,943,87,0,0,0,0,5786,919,33,0,0,0,0,3,36.378318235530564,139.2290443,,,,,,,,,,,,,190,red,6944,6738,13682
83,,3110480,1,20260729,11151,2801,88,0,0,0,0,11248,2661,139,0,0,0,0,3,36.314701575455274,139.4271684,,,,,,,,,,,,,190,red,14040,14048,28088
83,,3110490,1,20260729,5745,692,0,0,0,0,0,5238,649,0,0,0,0,0,3,36.3924270955472,140.2677888,,,,,,,,,,,,,185,red,6437,5887,12324
83,,3110510,1,20260729,5716,942,93,0,0,0,0,5551,861,120,0,0,0,0,3,35.72363407473576,140.2680677,,,,,,,,,,,,,190,red,6751,6532,13283
83,,3110520,1,20260729,3852,541,0,0,0,0,0,3537,553,0,0,0,0,0,3,35.95803238502537,140.6007609,,,,,,,,,,,,,185,red,4393,4090,8483
83,,3110550,1,20260729,2333,93,136,0,0,0,0,2336,72,40,0,0,0,0,3,35.150913034005455,139.829981,,,,,,,,,,,,,190,red,2562,2448,5010
83,,3110560,1,20260729,4974,637,0,0,0,0,0,5779,446,0,0,0,0,0,3,35.43543715437221,138.84019380000004,,,,,,,,,,,,,190,red,5611,6225,11836
83,,3110570,1,20260729,2637,296,0,0,0,0,0,2530,745,0,0,0,0,0,3,35.39117538431567,138.86336800000004,,,,,,,,,,,,,190,red,2933,3275,6208
83,,3110580,1,20260729,2427,619,0,0,0,0,0,2451,574,0,0,0,0,0,3,35.47790102442629,138.6703992,,,,,,,,,,,,,190,red,3046,3025,6071
83,,3110590,1,20260729,5154,367,0,0,0,0,0,5417,380,0,0,0,0,0,3,35.51892892447836,138.83839670000003,,,,,,,,,,,,,190,red,5521,5797,11318
83,,3110610,1,20260729,16586,2147,573,0,0,0,0,9992,1360,2541,0,0,0,0,3,35.536946034501184,139.510691,,,,,,,,,,,,,190,red,19306,13893,33199
83,,3110620,1,20260729,14177,3341,409,0,0,0,0,8916,2601,8128,0,0,0,0,3,35.472892034419914,139.412266,,,,,,,,,,,,,190,red,17927,19645,37572
83,,3110630,1,20260729,10932,1037,451,0,0,0,0,9668,1082,608,0,0,0,0,3,35.4275870343622,139.351511,,,,,,,,,,,,,190,red,12420,11358,23778
83,,3110640,1,20260729,6432,669,326,0,0,0,0,6796,605,335,0,0,0,0,3,35.37445003429424,139.203293,,,,,,,,,,,,,190,red,7427,7736,15163
83,,3110650,1,20260729,4613,1224,230,0,0,0,0,3507,1287,93,0,0,0,0,3,35.36087503427685,139.014722,,,,,,,,,,,,,190,red,6067,4887,10954
83,,3110660,1,20260729,13183,3770,785,0,0,0,0,8701,3398,729,0,0,0,0,3,35.68396699468621,139.992342,,,,,,,,,,,,,190,red,17738,12828,30566
83,,3110670,1,20260729,4917,3054,224,0,0,0,0,4535,3887,243,0,0,0,0,3,35.588442964566234,139.7548217,,,,,,,,,,,,,190,red,8195,8665,16860
83,,3110980,1,20260729,6096,937,61,0,0,0,0,6105,988,119,0,0,0,0,1,36.24888937537695,138.4463891,,,,,,,,,,,,,190,red,7094,7212,14306
83,,3110990,1,20260729,4250,751,0,0,0,0,0,0,0,0,0,0,0,0,1,36.242588925369425,138.4374556,,,,,,,,,,,,,190,red,5001,0,5001
83,,3111000,1,20260729,0,0,0,0,0,0,0,4025,650,0,0,0,0,0,1,36.22486392534824,138.4372861,,,,,,,,,,,,,190,red,0,4675,4675
83,,3111010,1,20260729,3572,650,0,0,0,0,0,3494,648,0,0,0,0,0,1,36.16839725528054,138.4688,,,,,,,,,,,,,190,red,4222,4142,8364
83,,3111030,1,20260729,2464,589,0,0,0,0,0,0,0,0,0,0,0,0,1,36.14629447525393,138.4676028,,,,,,,,,,,,,190,red,3053,0,3053
83,,3111040,1,20260729,0,0,0,0,0,0,0,2254,561,0,0,0,0,0,1,36.13644447524206,138.4613806,,,,,,,,,,,,,190,red,0,2815,2815
83,,3111050,1,20260729,3402,1044,38,0,0,0,0,3307,1030,30,0,0,0,0,1,35.443037034381895,138.453937,,,,,,,,,,,,,190,red,4484,4367,8851
83,,3111060,1,20260729,3404,872,38,0,0,0,0,3511,838,124,0,0,0,0,1,35.48100503443024,138.45894900000002,,,,,,,,,,,,,190,red,4314,4473,8787
83,,3111070,1,20260729,3376,1072,73,0,0,0,0,2987,1002,53,0,0,0,0,1,35.35961103427522,138.456636,,,,,,,,,,,,,190,red,4521,4042,8563
83,,3111080,1,20260729,3441,1050,106,0,0,0,0,3033,972,49,0,0,0,0,1,35.337913034247364,138.45119000000003,,,,,,,,,,,,,190,red,4597,4054,8651
83,,3111090,1,20260729,2972,1013,49,0,0,0,0,2605,920,33,0,0,0,0,1,35.27778503416994,138.444487,,,,,,,,,,,,,190,red,4034,3558,7592
83,,3310680,1,20260729,11051,1253,609,0,0,0,0,13141,1182,976,0,0,0,0,3,35.55346203452207,139.695301,,,,,,,,,,,,,190,red,12913,15299,28212
83,,3310690,1,20260729,7435,966,527,0,0,0,0,9076,1042,718,0,0,0,0,3,35.476498034424495,139.611304,,,,,,,,,,,,,190,red,8928,10836,19764
83,,3310720,1,20260729,13599,1971,742,0,0,0,0,13819,2301,1045,0,0,0,0,3,35.78172684480805,139.8030451,,,,,,,,,,,,,190,red,16312,17165,33477
83,,3310730,1,20260729,10894,1072,945,0,0,0,0,12158,1308,1170,0,0,0,0,3,35.723854004736026,139.819876,,,,,,,,,,,,,190,red,12911,14636,27547
83,,3310740,1,20260729,13873,1809,726,0,0,0,0,0,0,0,0,190,190,0,3,35.76173829478322,139.8620188,,,,,,,,,,,,,190,red,16408,0,16408
83,,3310750,1,20260729,10782,1912,791,0,0,0,0,15620,2231,949,0,0,0,0,3,35.768080334791094,139.8831359,,,,,,,,,,,,,190,red,13485,18800,32285
83,,3310760,1,20260729,6171,687,0,0,0,0,0,5811,332,0,0,0,0,0,3,36.333593035477676,140.487226,,,,,,,,,,,,,185,red,6858,6143,13001
83,,3310770,1,20260729,12828,1461,1468,0,0,0,0,10144,1641,1375,0,0,0,0,3,35.696867714702336,139.8301488,,,,,,,,,,,,,190,red,15757,13160,28917
83,,3310780,1,20260729,9220,1599,771,0,0,0,0,10811,1395,976,0,0,0,0,3,35.550513454518345,139.7165117,,,,,,,,,,,,,190,red,11590,13182,24772
83,,3310790,1,20260729,7977,884,0,0,0,0,0,8209,834,0,0,0,0,0,3,35.30616103420651,139.624807,,,,,,,,,,,,,190,red,8861,9043,17904
83,,3310810,1,20260729,10176,4385,949,0,0,0,0,10264,4436,893,0,0,0,0,3,35.88142903493132,139.9657318,,,,,,,,,,,,,190,red,15510,15593,31103
83,,3310820,1,20260729,12997,2033,949,0,0,0,0,12040,2103,622,0,0,0,0,3,35.769723434793136,139.7015664,,,,,,,,,,,,,190,red,15979,14765,30744
83,,3310830,1,20260729,4601,546,36,0,0,0,0,3936,527,41,0,0,0,0,3,36.65616783585431,139.0205401,,,,,,,,,,,,,190,red,5183,4504,9687
83,,3310840,1,20260729,13698,1130,769,0,0,0,0,11661,1193,873,0,0,0,0,3,35.67115788467016,139.6194506,,,,,,,,,,,,,190,red,15597,13727,29324
83,,3310850,1,20260729,14797,1236,0,0,0,0,0,13852,1102,0,0,0,0,0,3,35.644829464637155,138.6173022,,,,,,,,,,,,,187,red,16033,14954,30987
83,,3310860,1,20260729,1714,442,0,0,0,0,0,1684,448,0,0,0,0,0,3,35.85597447489995,138.2880181,,,,,,,,,,,,,187,red,2156,2132,4288
83,,3310880,1,20260729,2965,367,0,0,0,0,0,3497,465,0,0,0,0,0,3,35.58082577455663,138.474952,,,,,,,,,,,,,187,red,3332,3962,7294
83,,3310890,1,20260729,14123,1295,1055,0,0,0,0,14292,1338,977,0,0,0,0,3,35.625824724613295,139.6414769,,,,,,,,,,,,,190,red,16473,16607,33080
83,,3310900,1,20260729,19703,2317,1290,0,0,0,0,19653,2307,1218,0,0,0,0,3,35.60764403459042,139.613062,,,,,,,,,,,,,190,red,23310,23178,46488
83,,3310910,1,20260729,4754,1468,319,0,0,0,0,4754,1428,88,0,0,0,0,3,35.34910803426173,139.141352,,,,,,,,,,,,,190,red,6541,6270,12811
83,,3310920,1,20260729,11031,1026,1117,0,0,0,0,11458,1493,930,0,0,0,0,3,35.74888073476721,139.6969986,,,,,,,,,,,,,190,red,13174,13881,27055
83,,3310930,1,20260729,13401,1361,811,0,0,0,0,13954,1608,630,0,0,0,0,3,35.757753044778255,139.6835902,,,,,,,,,,,,,190,red,15573,16192,31765
83,,3310940,1,20260729,16274,3415,483,0,0,0,0,14685,3449,385,0,0,0,0,3,35.653820154648436,140.0442401,,,,,,,,,,,,,190,red,20172,18519,38691
83,,3310950,1,20260729,15243,6714,817,0,0,0,0,13069,7087,1461,0,0,0,0,3,35.64815995464133,139.9005461,,,,,,,,,,,,,190,red,22774,21617,44391
83,,3310960,1,20260729,3484,2368,391,0,0,0,0,1032,741,784,0,0,0,0,3,35.646721404639536,139.8238456,,,,,,,,,,,,,190,red,6243,2557,8800
84,,4110010,1,20260729,23985,3970,0,0,0,0,0,21652,5088,0,0,0,0,0,3,37.932215037230314,139.139722,,,,,,,,,,,,,208,red,27955,26740,54695
84,,4110020,1,20260729,7055,412,0,0,0,0,0,7242,517,0,0,0,0,0,3,37.96100603725917,139.354741,,,,,,,,,,,,,208,red,7467,7759,15226
84,,4110030,1,20260729,1689,782,0,0,0,0,0,1666,594,0,0,0,0,0,3,38.540634037818585,139.550276,,,,,,,,,,,,,208,red,2471,2260,4731
84,,4110040,1,20260729,35988,5356,0,0,0,0,0,36571,3555,0,0,0,0,0,3,37.89993403719785,139.068639,139.0649569,37.8988954271968,,,,,,,,,,,208,red,41344,40126,81470
84,,4110060,1,20260729,5164,1119,227,0,0,0,0,5020,1190,312,0,0,0,0,3,37.56415502685272,138.8938299,,,,,,,,,,,,,208,red,6510,6522,13032
84,,4110070,1,20260729,6127,473,63,0,0,0,0,6474,401,58,0,0,0,0,3,37.44889503673119,138.76828100000003,,,,,,,,,,,,,208,red,6663,6933,13596
84,,4110090,1,20260729,851,467,0,0,0,0,0,807,441,0,0,0,0,0,3,36.97923003622018,137.642048,,,,,,,,,,,,,208,red,1318,1248,2566
84,,4110110,1,20260729,10804,1269,70,0,0,0,0,10156,1160,64,0,0,0,0,3,36.737147395947105,137.3387361,137.3387361,36.737147395947105,,,,,,,,,,,208,red,12143,11380,23523
84,,4110120,1,20260729,11419,1625,67,0,0,0,0,12860,1576,68,0,0,0,0,3,36.74295939595373,137.1063924,,,,,,,,,,,,,208,red,13111,14504,27615
84,,4110130,1,20260729,11656,1723,52,0,0,0,0,12028,1479,84,0,0,0,0,3,36.75988562597303,137.0465469,,,,,,,,,,,,,208,red,13431,13591,27022
84,,4110140,1,20260729,5399,1225,37,0,0,0,0,5684,1250,30,0,0,0,0,3,36.6765250558777,136.8260425,,,,,,,,,,,,,208,red,6661,6964,13625
84,,4110150,1,20260729,23523,2944,0,0,0,0,0,23224,3110,0,0,0,0,0,3,36.589046875776866,136.6271782,136.6276288,36.58868075577644,,,,,,,,,,,208,red,26467,26334,52801
84,,4110160,1,20260729,7374,1538,0,0,0,0,0,6927,1554,0,0,0,0,0,3,36.33272803547666,136.42083400000004,,,,,,,,,,,,,208,red,8912,8481,17393
84,,4110170,1,20260729,5092,1374,56,0,0,0,0,4807,1422,303,0,0,0,0,3,36.295882035432925,136.303694,,,,,,,,,,,,,208,red,6522,6532,13054
84,,4110180,1,20260729,2958,244,0,0,0,0,0,3384,216,0,0,0,0,0,3,37.35568202663179,138.5718066,,,,,,,,,,,,,208,red,3202,3600,6802
84,,4110190,1,20260729,487,129,15,0,0,0,0,374,85,11,0,0,0,0,3,36.785345316001994,138.8016209,,,,,,,,,,,,,208,red,631,470,1101
84,,4110200,1,20260729,4656,727,154,0,0,0,0,3811,536,674,0,0,0,0,3,37.05929117630906,138.8725331,,,,,,,,,,,,,208,red,5537,5021,10558
84,,4110210,1,20260729,5641,910,612,0,0,0,0,6091,918,771,0,0,0,0,3,37.379305636657065,138.8344324,,,,,,,,,,,,,208,red,7163,7780,14943
84,,4110220,1,20260729,2004,315,0,0,0,0,0,1789,347,0,0,0,0,0,3,36.859512036085945,138.194944,,,,,,,,,,,,,208,red,2319,2136,4455
84,,4110230,1,20260729,4904,316,33,0,0,0,0,4166,322,22,0,0,0,0,3,36.59277686578118,137.2042608,,,,,,,,,,,,,208,red,5253,4510,9763
84,,4110240,1,20260729,10146,489,67,0,0,0,0,9920,464,104,0,0,0,0,3,36.68543044588792,137.2119749,,,,,,,,,,,,,208,red,10702,10488,21190
84,,4110250,1,20260729,1746,386,0,0,0,0,0,1600,363,0,0,0,0,0,3,37.66099003695361,139.47592,,,,,,,,,,,,,208,red,2132,1963,4095
84,,4110260,1,20260729,1614,588,0,0,0,0,0,1031,343,0,0,0,0,0,3,38.081379037378746,139.576978,,,,,,,,,,,,,208,red,2202,1374,3576
84,,4110270,1,20260729,2111,642,0,0,0,0,0,2096,614,0,0,0,0,0,3,37.60222103689251,138.798415,,,,,,,,,,,,,208,red,2753,2710,5463
84,,4110280,1,20260729,6811,253,32,0,0,0,0,7362,284,34,0,0,0,0,3,36.650611795847915,136.963672,,,,,,,,,,,,,208,red,7096,7680,14776
84,,4110290,1,20260729,7762,892,0,0,0,0,0,8360,843,0,0,0,0,0,3,36.52124203569812,136.587868,,,,,,,,,,,,,208,red,8654,9203,17857
84,,4110300,1,20260729,11400,2172,0,0,208,0,0,13313,998,0,0,0,0,0,3,36.59043403577848,136.685666,136.68521,36.59039903577843,,,,,,,,,,,208,red,13572,14311,27883
84,,4110320,1,20260729,1953,373,13,0,0,0,0,2183,557,11,0,0,0,0,3,36.8686864160963,136.96136,,,,,,,,,,,,,208,red,2339,2751,5090
84,,4110330,1,20260729,3374,532,27,0,0,0,0,3626,715,40,0,0,0,0,3,36.83313510605615,136.9442582,,,,,,,,,,,,,208,red,3933,4381,8314
84,,4110340,1,20260729,3768,2057,0,0,0,0,0,2745,3246,0,0,0,0,0,3,36.75969223597281,136.9658715,,,,,,,,,,,,,208,red,5825,5991,11816
84,,4110350,1,20260729,1640,388,6,0,0,0,0,2281,847,0,0,208,0,0,3,37.240650036507716,136.905469,,,,,,,,,,,,,208,red,2034,3128,5162
84,,4110351,1,20260729,875,172,0,0,0,0,0,1204,223,0,0,0,0,0,3,37.31000403658269,136.9066,,,,,,,,,,,,,208,red,1047,1427,2474
84,,4110370,1,20260729,4481,357,0,0,0,0,0,4302,291,0,0,0,0,0,6,37.83527203713243,139.227435,,,,,,,,,,,,,208,red,4838,4593,9431
84,,4110371,1,20260729,3542,578,0,0,0,0,0,3595,560,0,0,0,0,0,3,37.829370037126424,139.20906,,,,,,,,,,,,,208,red,4120,4155,8275
84,,4110380,1,20260729,2182,379,0,0,0,0,0,2222,238,0,0,0,0,0,3,37.73164303702653,139.333641,,,,,,,,,,,,,208,red,2561,2460,5021
84,,4110390,1,20260729,1906,422,0,0,0,0,0,1943,382,0,0,0,0,0,3,37.699376036993314,139.38248,,,,,,,,,,,,,208,red,2328,2325,4653
84,,4110410,1,20260729,12413,2098,0,0,0,0,0,12110,2120,0,0,0,0,0,3,36.38238103553535,136.486002,,,,,,,,,,,,,208,red,14511,14230,28741
84,,4110430,1,20260729,465,176,0,0,0,0,0,493,195,0,0,0,0,0,3,37.01726703626248,136.967459,,,,,,,,,,,,,208,red,641,688,1329
84,,4110440,1,20260729,3826,535,13,0,0,0,0,3775,738,50,0,0,0,0,3,36.80001257601863,136.9558319,,,,,,,,,,,,,208,red,4374,4563,8937
84,,4110450,1,20260729,1814,385,29,0,0,0,0,2073,671,51,0,0,0,0,3,36.88168028611092,136.97572590000001,,,,,,,,,,,,,208,red,2228,2795,5023
84,,4110460,1,20260729,1569,368,15,0,0,0,0,1967,554,18,0,0,0,0,3,36.93083435616611,137.0132339,,,,,,,,,,,,,208,red,1952,2539,4491
84,,4110470,1,20260729,6255,861,22,0,0,0,0,6514,832,33,0,0,0,0,3,36.84399970606843,137.4189931,,,,,,,,,,,,,208,red,7138,7379,14517
84,,4110480,1,20260729,5129,923,0,0,0,0,0,4632,840,0,0,0,0,0,3,37.7661015170619,139.0265521,,,,,,,,,,,,,208,red,6052,5472,11524
84,,4110490,1,20260729,4502,788,0,0,0,0,0,4513,735,0,0,0,0,0,3,37.77256794706851,139.0261587,,,,,,,,,,,,,208,red,5290,5248,10538
84,,4110880,1,20260729,4195,666,0,0,0,0,0,4391,584,0,0,0,0,0,3,37.159443036419226,138.223379,,,,,,,,,,,,,208,red,4861,4975,9836
84,,4160390,1,20260729,1328,544,0,0,0,7,0,1289,442,0,0,0,0,0,1,38.268866037561445,139.522026,,,,,,,,,,,,,208,red,1872,1731,3603
84,,4310010,1,20260729,19621,1577,0,0,0,0,0,17384,1442,0,0,0,0,0,3,37.90111003719903,139.07252,139.07275,37.90117003719909,,,,,,,,,,,208,red,21198,18826,40024
84,,4310012,1,20260729,7291,193,0,0,0,0,0,6809,176,0,0,0,0,0,3,37.92162903721969,139.058415,139.059129,37.921847037219905,,,,,,,,,,,208,red,7484,6985,14469
84,,4310014,1,20260729,25677,2607,0,0,0,1,0,18080,1894,0,0,0,208,0,3,37.91719603721522,139.11685,,,,,,,,,,,,,208,red,28284,19974,48258
84,,4310020,1,20260729,12294,981,0,0,0,0,0,7397,397,0,0,0,0,0,3,37.96990561726807,139.2601579,,,,,,,,,,,,,208,red,13275,7794,21069
84,,4310030,1,20260729,12370,1014,0,0,0,0,0,11896,781,0,0,0,0,0,3,37.959626427257795,139.290365,,,,,,,,,,,,,208,red,13384,12677,26061
84,,4310060,1,20260729,9125,1234,0,0,0,0,0,11542,1460,0,0,0,0,0,3,37.855369037152805,139.017016,,,,,,,,,,,,,208,red,10359,13002,23361
84,,4310070,1,20260729,5787,950,0,0,0,0,0,5125,1035,0,0,0,0,0,3,37.213535036478255,138.30873,,,,,,,,,,,,,208,red,6737,6160,12897
84,,4310080,1,20260729,6416,782,0,0,0,0,0,7484,713,0,0,0,0,0,3,37.15957303641935,138.228132,,,,,,,,,,,,,208,red,7198,8197,15395
84,,4310090,1,20260729,2908,632,0,0,0,0,0,2772,574,0,0,0,0,0,3,37.119068036374955,138.031711,,,,,,,,,,,,,208,red,3540,3346,6886
84,,4310100,1,20260729,4863,658,0,0,0,0,0,3617,561,0,0,0,2,0,3,37.04548803629378,137.853387,,,,,,,,,,,,,208,red,5521,4178,9699
84,,4310110,1,20260729,2712,205,22,0,0,0,0,1803,95,17,0,0,0,0,3,37.055192036304526,137.905522,,,,,,,,,,,,,208,red,2939,1915,4854
84,,4310120,1,20260729,4235,979,0,0,0,0,0,3497,635,0,0,0,0,0,3,36.94553606618256,137.53465,,,,,,,,,,,,,208,red,5214,4132,9346
84,,4310130,1,20260729,7983,982,18,0,0,0,0,7820,934,50,0,0,0,0,3,36.77997831599589,137.3953897,137.3949552,36.779578725995435,,,,,,,,,,,203,red,8983,8804,17787
84,,4310140,1,20260729,14929,2268,0,0,0,0,0,16393,2301,0,0,0,0,0,3,36.73255594594187,137.216084,,,,,,,,,,,,,208,red,17197,18694,35891
84,,4310150,1,20260729,5165,487,0,0,0,0,0,4843,483,0,0,0,0,0,3,36.718233845925496,136.9457549,,,,,,,,,,,,,208,red,5652,5326,10978
84,,4310160,1,20260729,3157,335,0,0,0,0,0,3315,393,0,0,0,0,0,3,36.6900247158932,136.89856410000002,,,,,,,,,,,,,208,red,3492,3708,7200
84,,4310170,1,20260729,2542,580,47,0,0,0,0,0,0,0,0,0,0,0,3,36.92741586616228,137.4845517,,,,,,,,,,,,,208,red,3169,0,3169
84,,4310190,1,20260729,5666,1414,0,0,208,0,0,5627,1207,0,0,208,0,0,3,36.68614025588873,136.7302394,,,,,,,,,,,,,208,red,7080,6834,13914
84,,4310200,1,20260729,5633,1007,0,0,0,0,0,5684,1081,0,0,0,0,0,3,36.68324936588542,136.7232978,,,,,,,,,,,,,208,red,6640,6765,13405
84,,4310210,1,20260729,20049,2660,0,0,0,0,0,17900,2484,0,0,0,0,0,3,36.562841365746486,136.5982425,,,,,,,,,,,,,208,red,22709,20384,43093
84,,4310220,1,20260729,15141,2463,0,0,0,0,0,15318,2166,0,0,0,0,0,3,36.50450003567862,136.550432,,,,,,,,,,,,,208,red,17604,17484,35088
84,,4310230,1,20260729,10301,1977,0,0,0,0,0,11566,1881,0,0,0,0,0,3,36.42391556558427,136.483165,,,,,,,,,,,,,208,red,12278,13447,25725
84,,4310250,1,20260729,3738,1233,0,0,0,0,0,3867,1357,0,0,0,0,0,3,36.2785439554123,136.2915319,,,,,,,,,,,,,208,red,4971,5224,10195
84,,4310270,1,20260729,2312,71,5,0,0,0,0,1984,69,7,0,0,0,0,3,37.072231146323354,138.87240170000004,,,,,,,,,,,,,208,red,2388,2060,4448
84,,4310280,1,20260729,3834,692,0,0,0,0,0,4046,669,0,0,0,0,0,3,36.93595003617183,138.219789,,,,,,,,,,,,,208,red,4526,4715,9241
84,,4310300,1,20260729,14796,1514,0,0,0,0,0,14167,1743,0,0,0,0,0,3,37.135361036392844,138.266363,,,,,,,,,,,,,208,red,16310,15910,32220
84,,4310310,1,20260729,1486,387,19,0,0,0,0,1715,365,15,0,0,0,0,3,36.469212195637375,137.2416294,,,,,,,,,,,,,208,red,1892,2095,3987
84,,4310320,1,20260729,1538,425,15,0,0,0,0,1823,395,16,0,0,0,0,3,36.51196446568731,137.2282451,,,,,,,,,,,,,208,red,1978,2234,4212
84,,4310330,1,20260729,7344,784,0,0,0,0,0,6206,778,0,0,0,0,0,3,36.636592975831775,137.209239,,,,,,,,,,,,,208,red,8128,6984,15112
84,,4310340,1,20260729,13509,789,0,0,0,0,0,15048,821,0,0,0,0,0,3,36.665350975864875,137.2099739,,,,,,,,,,,,,208,red,14298,15869,30167
84,,4310350,1,20260729,12521,1475,0,0,0,0,0,10167,1747,0,0,0,0,0,3,37.85868303715617,139.114645,,,,,,,,,,,,,208,red,13996,11914,25910
84,,4310360,1,20260729,2225,557,474,0,0,0,0,3673,573,154,0,0,0,0,3,37.44596703672809,138.637808,,,,,,,,,,,,,208,red,3256,4400,7656
84,,4310370,1,20260729,4587,1177,0,0,0,0,0,4652,1144,0,0,0,0,0,3,37.659782356952356,138.8757271,,,,,,,,,,,,,208,red,5764,5796,11560
84,,4310380,1,20260729,3737,1058,0,0,0,0,0,3606,1383,0,0,0,0,0,3,37.75046003704586,138.90062,,,,,,,,,,,,,208,red,4795,4989,9784
84,,4310390,1,20260729,173,323,0,0,0,0,0,1326,355,0,0,0,0,0,3,37.8373130371345,138.931687,,,,,,,,,,,,,208,red,496,1681,2177
84,,4310400,1,20260729,235,27,11,0,0,0,0,332,34,9,0,0,0,0,3,36.554335475736636,137.0083094,,,,,,,,,,,,,208,red,273,375,648
84,,4310410,1,20260729,2992,258,16,0,0,0,0,3246,300,27,0,0,0,0,3,36.956120636194385,136.8892354,,,,,,,,,,,,,208,red,3266,3573,6839
84,,4310411,1,20260729,3093,250,0,0,0,0,0,3045,285,0,0,0,0,0,3,36.92171203615589,136.844019,,,,,,,,,,,,,208,red,3343,3330,6673
84,,4310420,1,20260729,1670,144,0,0,0,0,0,1655,192,0,0,0,0,0,3,36.81057320603062,136.7629731,,,,,,,,,,,,,208,red,1814,1847,3661
84,,4310430,1,20260729,12849,1433,0,0,0,0,0,13476,1318,0,0,0,0,0,3,36.68889768589191,136.7214257,,,,,,,,,,,,,208,red,14282,14794,29076
84,,4310440,1,20260729,8326,496,0,0,0,0,0,7676,692,0,0,0,0,0,3,36.62649371582013,136.7029238,,,,,,,,,,,,,208,red,8822,8368,17190
84,,4310441,1,20260729,10994,760,0,0,0,0,0,11646,759,0,0,0,0,0,3,36.60182503579164,136.700048,,,,,,,,,,,,,208,red,11754,12405,24159
84,,4310450,1,20260729,15533,917,0,0,0,0,0,15938,585,617,0,0,0,0,3,36.57428003575976,136.686305,136.6864014,36.57449126576,,,,,,,,,,,208,red,16450,17140,33590
84,,4310460,1,20260729,180,10,9,0,0,0,0,190,24,20,0,0,0,0,3,36.9580881961966,137.048108,,,,,,,,,,,,,208,red,199,234,433
84,,4310470,1,20260729,9333,849,64,0,0,0,0,11103,695,66,0,0,0,0,3,36.77955370599541,137.0001501,,,,,,,,,,,,,208,red,10246,11864,22110
85,22,5110100,1,20260729,16125,1486,433,0,0,0,5,14117,2259,577,0,0,0,5,3,35.15213957400704,138.9246216,,,,,,,,,,,,,208,red,18044,16953,34997
85,22,5110105,1,20260729,0,0,0,0,208,208,0,0,0,0,0,208,208,0,3,35.14274842399481,138.8710284,,,,,,,,,,,,,208,red,0,0,0
85,22,5110107,1,20260729,2754,1250,0,0,0,0,0,3432,820,0,0,0,0,0,3,35.16311303402133,139.002312,,,,,,,,,,,,,208,red,4004,4252,8256
85,22,5110109,1,20260729,6082,790,95,0,0,0,0,6008,793,64,0,0,0,0,3,35.118767763963525,138.9293772,,,,,,,,,,,,,208,red,6967,6865,13832
85,22,5110111,1,20260729,15479,1088,315,0,0,0,0,13987,1119,344,0,0,0,0,3,35.10924329395108,138.9124954,,,,,,,,,,,,,208,red,16882,15450,32332
85,22,5110115,1,20260729,11997,2845,0,0,0,0,0,12101,2679,0,0,0,0,0,3,35.138890033989775,138.739584,,,,,,,,,,,,,208,red,14842,14780,29622
85,22,5110120,1,20260729,15468,4145,0,0,0,0,0,16616,3929,0,0,0,0,0,3,35.06126803388831,138.536991,,,,,,,,,,,,,208,red,19613,20545,40158
85,22,5110125,1,20260729,13937,1022,0,0,0,0,0,12899,810,0,0,0,0,0,3,34.99945503380712,138.431978,,,,,,,,,,,,,208,red,14959,13709,28668
85,22,5110130,1,20260729,19750,4813,0,0,0,0,0,21452,4976,0,0,0,0,0,3,35.00292603381168,138.37946,,,,,,,,,,,,,208,red,24563,26428,50991
85,22,5110135,1,20260729,19495,4219,0,0,0,0,0,20226,4190,0,0,0,0,0,3,34.9427310337323,138.326229,,,,,,,,,,,,,208,red,23714,24416,48130
85,22,5110140,1,20260729,10598,2903,0,0,0,0,0,11375,2781,0,0,0,0,0,3,34.87443903364182,138.231472,,,,,,,,,,,,,208,red,13501,14156,27657
85,22,5110145,1,20260729,9593,2749,0,0,0,0,0,8818,2880,0,0,0,0,0,3,34.831770733585074,138.1182557,,,,,,,,,,,,,208,red,12342,11698,24040
85,22,5110148,1,20260729,24093,4600,0,0,0,0,0,25226,4581,0,0,0,0,0,3,34.73805952345989,137.853806,,,,,,,,,,,,,208,red,28693,29807,58500
85,22,5110150,1,20260729,24540,3537,407,0,0,0,0,26200,5499,0,0,0,0,0,3,34.731415953450984,137.7966642,,,,,,,,,,,,,208,red,28484,31699,60183
85,22,5110155,1,20260729,10908,4147,0,0,0,0,0,5088,1984,0,0,0,208,0,3,34.67742179337847,137.6802735,,,,,,,,,,,,,208,red,15055,7072,22127
85,22,5110158,1,20260729,13200,4317,0,0,0,0,0,12291,3987,0,0,0,0,0,3,34.67846877337988,137.608459,,,,,,,,,,,,,208,red,17517,16278,33795
85,22,5110160,1,20260729,7955,3239,0,0,0,0,0,7818,3320,0,0,0,0,0,3,34.67701253337791,137.5025406,,,,,,,,,,,,,208,red,11194,11138,22332
85,23,5110170,1,20260729,11117,1687,0,0,0,0,0,12739,2033,0,0,0,0,0,3,34.7982592835404,137.36621260000004,,,,,,,,,,,,,208,red,12804,14772,27576
85,23,5110175,1,20260729,10148,1791,0,0,0,0,0,10606,1668,0,0,0,0,0,3,34.92391956370741,137.2032416,,,,,,,,,,,,,208,red,11939,12274,24213
85,23,5110180,1,20260729,5618,747,0,0,0,0,0,6228,615,0,0,0,0,0,3,35.12246228396835,136.7712316,,,,,,,,,,,,,208,red,6365,6843,13208
85,24,5110185,1,20260729,8113,1256,0,0,0,0,0,8168,1310,0,0,0,0,0,3,35.02683417384312,136.6459825,,,,,,,,,,,,,208,red,9369,9478,18847
85,24,5110190,1,20260729,7550,2996,0,0,0,0,0,9790,3069,0,0,0,0,0,3,34.914394373694805,136.5686551,,,,,,,,,,,,,208,red,10546,12859,23405
85,23,5110250,1,20260729,10697,1708,0,0,0,0,0,11418,1597,0,0,0,0,0,3,35.23002111410819,136.9279236,,,,,,,,,,,,,208,red,12405,13015,25420
85,23,5110255,1,20260729,11714,1464,0,0,0,0,0,9036,1445,0,0,0,0,0,3,35.22358825409986,136.8807274,,,,,,,,,,,,,208,red,13178,10481,23659
85,22,5111410,1,20260729,4393,325,31,0,0,0,0,4127,222,31,0,0,0,0,3,34.9385786437268,138.9422778,,,,,,,,,,,,,208,red,4749,4380,9129
85,22,5111435,1,20260729,13063,1257,0,0,0,0,1,12611,1228,0,0,0,0,1,3,35.112323893955114,138.9483055,,,,,,,,,,,,,208,red,14320,13839,28159
85,22,5111440,1,20260729,6841,596,10,0,0,0,0,5508,655,77,0,0,0,0,3,35.09294534392978,138.9461249,,,,,,,,,,,,,208,red,7447,6240,13687
85,22,5111460,1,20260729,1525,148,0,0,0,0,0,1617,189,0,0,0,0,0,3,34.773393033507176,138.94734200000002,,,,,,,,,,,,,208,red,1673,1806,3479
85,23,5111910,1,20260729,17503,3191,0,0,0,0,0,17941,3552,0,0,0,0,0,3,35.251491704135965,136.9747388,,,,,,,,,,,,,208,red,20694,21493,42187
85,21,5111920,1,20260729,10292,1634,0,0,0,0,0,11416,1758,0,0,0,0,0,3,35.33014667423738,137.0762497,,,,,,,,,,,,,208,red,11926,13174,25100
85,21,5111930,1,20260729,9474,1375,0,0,0,0,0,9923,1521,0,0,0,0,0,3,35.36635604428386,137.2135359,,,,,,,,,,,,,208,red,10849,11444,22293
85,21,5111940,1,20260729,12093,2273,0,0,0,0,0,13919,2045,0,0,0,0,0,3,35.477490394425764,137.4827895,,,,,,,,,,,,,208,red,14366,15964,30330
85,21,5111950,1,20260729,3638,1032,0,0,0,0,0,3975,993,0,0,0,0,0,3,35.54294722450878,137.5415325,,,,,,,,,,,,,208,red,4670,4968,9638
85,20,5111960,1,20260729,2711,939,0,0,0,0,0,2633,930,0,0,0,0,0,3,35.79372550482294,137.6867026,,,,,,,,,,,,,208,red,3650,3563,7213
85,20,5111970,1,20260729,0,0,0,0,0,208,0,5463,0,0,0,0,0,0,3,35.86568255491192,137.7375698,,,,,,,,,,,,,208,red,0,5463,5463
85,21,5112190,1,20260729,2343,734,0,0,0,0,0,2326,738,0,0,0,0,0,3,35.35969120427531,136.4557958,,,,,,,,,,,,,208,red,3077,3064,6141
85,21,5112240,1,20260729,16725,2435,0,0,0,0,0,15271,1984,0,0,0,0,0,3,35.38091091430252,136.7844039,,,,,,,,,,,,,208,red,19160,17255,36415
85,23,5112310,1,20260729,7211,3774,0,0,0,0,0,7833,3955,0,0,0,0,0,3,34.84762104360617,137.1591783,,,,,,,,,,,,,208,red,10985,11788,22773
85,23,5112320,1,20260729,22736,7826,0,0,0,0,0,21935,8008,0,0,0,0,0,3,34.935405063722605,137.0426846,,,,,,,,,,,,,208,red,30562,29943,60505
85,23,5112325,1,20260729,27610,7933,0,0,0,0,0,28823,9375,0,0,0,0,0,3,35.020771293835146,137.0130622,,,,,,,,,,,,,208,red,35543,38198,73741
85,23,5112330,1,20260729,31098,9960,0,0,0,0,0,34081,10135,0,0,0,0,0,3,35.04312062386452,136.9841158,,,,,,,,,,,,,208,red,41058,44216,85274
85,23,5112340,1,20260729,9986,5799,0,0,0,0,0,11021,5691,0,0,0,0,0,3,35.06974911389942,136.7566216,,,,,,,,,,,,,208,red,15785,16712,32497
85,24,5112350,1,20260729,13798,5186,0,0,0,0,0,12955,4826,0,0,0,0,0,3,35.00912200381983,136.6732612,,,,,,,,,,,,,208,red,18984,17781,36765
85,24,5112355,1,20260729,17619,1028,0,0,0,0,0,14894,876,0,0,0,0,0,3,34.75468373348215,136.5225828,,,,,,,,,,,,,208,red,18647,15770,34417
85,24,5112360,1,20260729,10404,882,0,0,0,0,0,10462,797,0,0,0,0,0,3,34.558484833217825,136.6473028,,,,,,,,,,,,,208,red,11286,11259,22545
85,24,5112370,1,20260729,8011,1482,0,0,0,0,0,8458,1256,0,0,0,0,0,3,34.78302070352005,136.5006557,,,,,,,,,,,,,208,red,9493,9714,19207
85,24,5112375,1,20260729,8667,1543,0,0,0,0,0,9608,1443,0,0,0,0,0,3,34.74150673346451,136.4838785,,,,,,,,,,,,,208,red,10210,11051,21261
85,24,5112550,1,20260729,11470,8338,0,0,0,0,0,11022,6875,0,0,0,0,0,3,34.839452033595315,136.260335,,,,,,,,,,,,,208,red,19808,17897,37705
85,24,5112590,1,20260729,8355,8012,0,0,0,0,0,10611,6724,0,0,0,0,0,3,34.703780033413906,136.071242,,,,,,,,,,,,,208,red,16367,17335,33702
85,22,5113885,1,20260729,6481,1295,0,0,0,0,0,8658,1693,0,0,0,0,0,3,35.33142394423902,138.8977143,,,,,,,,,,,,,208,red,7776,10351,18127
85,22,5113890,1,20260729,5059,692,0,0,0,0,0,6716,523,0,0,0,0,0,3,35.32388868422933,138.9049485,,,,,,,,,,,,,208,red,5751,7239,12990
85,22,5113910,1,20260729,14468,2746,0,0,0,0,0,12179,2269,0,0,0,0,0,3,35.18190903404577,138.676858,,,,,,,,,,,,,208,red,17214,14448,31662
85,22,5113920,1,20260729,12573,2505,0,0,0,0,0,13643,1903,0,0,0,0,0,3,35.209794034081966,138.64987,,,,,,,,,,,,,208,red,15078,15546,30624
85,22,5113990,1,20260729,1774,574,0,0,0,0,0,1856,578,0,0,0,0,0,3,35.41511303434628,138.590083,,,,,,,,,,,,,208,red,2348,2434,4782
85,23,5114110,1,20260729,14021,2984,0,0,0,0,0,12598,3101,0,0,0,0,0,3,35.268750034158266,136.907566,,,,,,,,,,,,,208,red,17005,15699,32704
85,23,5114120,1,20260729,12701,3929,0,0,0,0,0,14970,4266,0,0,0,0,0,3,35.33167103423934,136.91981,,,,,,,,,,,,,208,red,16630,19236,35866
85,21,5114130,1,20260729,4186,935,0,0,0,0,0,4425,710,0,0,0,0,0,3,35.48643303443713,137.055201,,,,,,,,,,,,,208,red,5121,5135,10256
85,21,5114140,1,20260729,3844,723,0,0,0,0,0,3456,676,0,0,0,0,0,3,35.78858303481656,137.25606,,,,,,,,,,,,,208,red,4567,4132,8699
85,21,5114150,1,20260729,4142,570,0,0,0,0,0,4060,550,0,0,0,0,0,3,35.86755403491424,137.213563,,,,,,,,,,,,,208,red,4712,4610,9322
85,21,5114160,1,20260729,2813,442,0,0,0,0,0,2786,381,0,0,0,0,0,3,36.07096803516291,137.267306,,,,,,,,,,,,,208,red,3255,3167,6422
85,21,5114170,1,20260729,1753,436,0,0,0,0,0,1244,596,0,0,0,0,0,3,36.26496203539611,137.138911,,,,,,,,,,,,,208,red,2189,1840,4029
85,21,5114180,1,20260729,895,348,0,0,0,0,0,1098,310,0,0,0,0,0,3,36.459520035626035,137.248946,,,,,,,,,,,,,208,red,1243,1408,2651
85,24,5114210,1,20260729,6956,607,0,0,0,0,0,7051,450,0,0,0,0,0,3,34.51961103316506,136.541333,,,,,,,,,,,,,208,red,7563,7501,15064
85,24,5114230,1,20260729,1659,218,0,0,0,0,0,1796,190,0,0,0,0,0,3,34.31527803288554,136.410056,,,,,,,,,,,,,208,red,1877,1986,3863
85,24,5114250,1,20260729,1574,85,0,0,0,0,0,1564,94,0,0,0,0,0,3,34.09569403258125,136.196222,,,,,,,,,,,,,208,red,1659,1658,3317
85,24,5114270,1,20260729,1162,135,0,0,0,0,0,1295,127,0,0,0,0,0,3,34.275333032830495,136.358917,,,,,,,,,,,,,208,red,1297,1422,2719
85,24,5114290,1,20260729,4822,405,0,0,0,0,0,4613,394,0,0,0,0,0,3,33.86069403225124,136.076111,,,,,,,,,,,,,208,red,5227,5007,10234
85,22,5114610,1,20260729,13577,1958,273,0,0,0,0,13773,1881,258,0,0,0,0,3,35.152874244008,138.8951207,,,,,,,,,,,,,208,red,15808,15912,31720
85,22,5114620,1,20260729,9018,1340,215,0,0,0,0,11909,1804,303,0,0,0,0,3,35.13134103397993,138.875041,,,,,,,,,,,,,208,red,10573,14016,24589
85,22,5114630,1,20260729,10016,1503,128,0,0,0,0,10684,1346,122,0,0,0,0,3,35.14589793399891,138.8871002,,,,,,,,,,,,,208,red,11647,12152,23799
85,22,5114680,1,20260729,4684,1377,0,0,0,0,0,3674,1435,0,0,0,0,0,3,35.35910497427457,139.0109217,,,,,,,,,,,,,208,red,6061,5109,11170
85,22,5114740,1,20260729,359,47,0,0,0,0,0,566,85,0,0,0,0,0,3,35.073007033903686,137.787657,,,,,,,,,,,,,208,red,406,651,1057
85,22,5114750,1,20260729,677,104,0,0,0,0,0,1036,124,0,0,0,0,0,3,34.90575222368336,137.6681803,,,,,,,,,,,,,208,red,781,1160,1941
85,22,5115250,1,20260729,1703,355,0,0,0,0,0,1276,330,0,0,0,0,0,3,35.137162033987515,138.520651,,,,,,,,,,,,,208,red,2058,1606,3664
85,23,5115320,1,20260729,13447,1457,0,0,0,0,0,12323,1051,0,0,0,0,0,3,35.10723119394846,137.0409411,,,,,,,,,,,,,208,red,14904,13374,28278
85,23,5115340,1,20260729,3313,459,0,0,0,0,0,3118,413,0,0,0,0,0,3,35.13153551398018,137.304967,,,,,,,,,,,,,208,red,3772,3531,7303
85,20,5115370,1,20260729,0,0,0,0,208,208,0,0,0,0,0,208,208,0,3,35.50121594445591,137.794953,,,,,,,,,,,,,208,red,0,0,0
85,20,5115380,1,20260729,4367,362,0,0,0,0,0,4140,392,0,0,0,0,0,3,35.71541168472551,137.9379522,,,,,,,,,,,,,208,red,4729,4532,9261
85,23,5115530,1,20260729,6523,1875,0,0,0,0,0,5650,2052,0,0,0,0,0,3,35.06429103389226,137.11723,,,,,,,,,,,,,208,red,8398,7702,16100
85,21,5115610,1,20260729,17506,1991,0,0,0,0,0,18350,2206,0,0,0,0,0,3,35.39814591432458,136.7848921,,,,,,,,,,,,,208,red,19497,20556,40053
85,21,5115630,1,20260729,4649,590,0,0,0,0,0,4554,477,0,0,0,0,0,3,35.73557476475065,136.9518113,,,,,,,,,,,,,208,red,5239,5031,10270
85,21,5115650,1,20260729,2985,267,0,0,0,0,0,2865,216,0,0,0,0,0,3,35.88316975493347,136.85442030000002,,,,,,,,,,,,,208,red,3252,3081,6333
85,21,5115680,1,20260729,789,144,0,0,0,0,0,693,107,0,0,0,0,0,3,35.99802490507423,136.9009352,,,,,,,,,,,,,208,red,933,800,1733
85,21,5115820,1,20260729,1368,159,0,0,0,0,0,1213,182,0,0,0,0,0,3,36.18407203529936,137.542187,,,,,,,,,,,,,208,red,1527,1395,2922
85,22,5123510,1,20260729,6270,819,0,0,0,0,0,7895,670,0,0,0,0,0,3,35.141546483993245,139.1103673,,,,,,,,,,,,,208,red,7089,8565,15654
85,20,5125390,1,20260729,4738,334,0,0,0,0,0,4696,316,0,0,0,0,0,3,35.876706504925515,137.9806852,,,,,,,,,,,,,208,red,5072,5012,10084
85,23,5311910,1,20260729,11963,1528,0,0,0,0,0,12378,1584,0,0,0,0,0,3,35.124239273970666,136.856963,,,,,,,,,,,,,208,red,13491,13962,27453
86,,6110010,1,20260729,4156,1191,0,0,0,0,0,4510,1113,0,0,0,0,0,3,34.938138216795814,136.265283823013,,,,,,,,,,,,,208,red,5347,5623,10970
86,,6110020,1,20260729,7255,1276,0,0,0,0,0,7378,1281,0,0,0,0,0,3,34.990936305895495,136.115165948867,,,,,,,,,,,,,208,red,8531,8659,17190
86,,6110030,1,20260729,8158,877,2002,0,0,0,0,8838,682,693,0,0,0,0,3,35.005385003512316,135.956851243972,,,,,,,,,,,,,208,red,11037,10213,21250
86,,6110040,1,20260729,5003,717,0,0,0,0,0,6306,658,0,0,0,0,0,3,34.95699292997823,135.913501381874,,,,,,,,,,,,,208,red,5720,6964,12684
86,,6110050,1,20260729,12580,844,0,0,0,0,0,13256,1046,0,0,0,0,0,3,34.99087038445861,135.844525694847,,,,,,,,,,,,,208,red,13424,14302,27726
86,,6110060,1,20260729,23992,3247,0,0,0,0,0,21503,4375,0,0,0,0,0,3,34.99142632024544,135.831109285354,,,,,,,,,,,,,208,red,27239,25878,53117
86,,6110070,1,20260729,18086,2242,0,0,0,0,0,16614,2454,0,0,0,0,0,3,34.98630409707048,135.82777261734,,,,,,,,,,,,,208,red,20328,19068,39396
86,,6110080,1,20260729,15059,4322,0,0,0,0,0,15840,4607,0,0,0,0,0,3,34.91099177877929,135.744452476501,,,,,,,,,,,,,208,red,19381,20447,39828
86,,6110090,1,20260729,18919,4336,0,0,0,0,0,19044,4563,0,0,0,0,0,3,34.805311519271704,135.649480819702,,,,,,,,,,,,,208,red,23255,23607,46862
86,,6110100,1,20260729,,,,0,0,0,208,,,,0,0,0,208,3,34.81945711253497,135.720393061637,,,,,,,,,,,,,208,red,0,0,0
86,,6110110,1,20260729,10858,1434,0,0,0,0,0,10596,1450,0,0,0,0,0,3,34.71960434074075,135.436824560165,,,,,,,,,,,,,208,red,12292,12046,24338
86,,6110120,1,20260729,9546,1073,0,0,0,0,0,10382,1036,0,0,0,0,0,3,34.64078623273222,135.106242299079,,,,,,,,,,,,,208,red,10619,11418,22037
86,,6110130,1,20260729,24489,6584,0,0,0,0,0,23033,6567,0,0,0,0,0,3,34.75756172115131,134.859353005886,,,,,,,,,,,,,208,red,31073,29600,60673
86,,6110140,1,20260729,23334,6148,0,0,0,0,0,25409,6191,0,0,0,0,0,3,34.83274825524009,134.630174338817,,,,,,,,,,,,,208,red,29482,31600,61082
86,,6110150,1,20260729,15824,4395,0,0,0,0,0,17719,4573,0,0,0,0,0,3,34.847425137493005,134.578367471694,,,,,,,,,,,,,208,red,20219,22292,42511
86,,6110170,1,20260729,3621,1171,0,0,0,0,0,3878,1316,0,0,0,0,0,3,36.23649392464164,136.286623477935,,,,,,,,,,,,,208,red,4792,5194,9986
86,,6110180,1,20260729,2725,1550,0,0,0,0,0,745,364,0,0,0,0,0,3,35.792989034822035,136.092793,,,,,,,,,,,,,208,red,4275,1109,5384
86,,6110190,1,20260729,1816,1411,0,0,0,0,0,1859,1442,0,0,0,0,0,3,35.62256603460919,136.08205800000002,,,,,,,,,,,,,208,red,3227,3301,6528
86,,6110200,1,20260729,5337,351,0,0,0,0,0,5082,391,0,0,0,0,0,3,35.319800029709974,136.279370784759,,,,,,,,,,,,,208,red,5688,5473,11161
86,,6110210,1,20260729,7227,1067,0,0,0,0,0,6901,1050,0,0,0,0,0,3,35.25049070224537,136.262805461883,,,,,,,,,,,,,208,red,8294,7951,16245
86,,6110220,1,20260729,7013,1253,0,0,0,0,0,6632,1363,0,0,0,0,0,3,35.135413702721344,136.168110072612,,,,,,,,,,,,,208,red,8266,7995,16261
86,,6110230,1,20260729,8644,1121,0,0,0,0,0,7780,1163,0,0,0,0,0,3,35.05193480694747,136.028718352317,,,,,,,,,,,,,208,red,9765,8943,18708
86,,6110240,1,20260729,14597,1708,0,0,0,0,0,14532,1761,0,0,0,0,0,3,34.97508726487281,135.666646957397,,,,,,,,,,,,,208,red,16305,16293,32598
86,,6110250,1,20260729,10564,1089,0,0,0,0,0,10967,1037,0,0,0,0,0,3,35.290674394918256,135.122528672218,,,,,,,,,,,,,208,red,11653,12004,23657
86,,6110260,1,20260729,2716,378,0,0,0,0,0,2693,381,0,0,0,0,0,3,35.33418386481987,134.859425425529,,,,,,,,,,,,,208,red,3094,3074,6168
86,,6110270,1,20260729,2312,268,0,0,0,0,0,2397,216,0,0,0,0,0,3,35.37906081109355,134.782794713974,,,,,,,,,,,,,208,red,2580,2613,5193
86,,6110280,1,20260729,1033,346,0,0,0,0,0,1109,291,0,0,0,0,0,3,35.39752934547739,134.617635011672,,,,,,,,,,,,,208,red,1379,1400,2779
86,,6110290,1,20260729,2194,912,0,0,0,0,0,2222,907,0,0,0,0,0,3,35.3445505431606,136.408736407756,,,,,,,,,,,,,208,red,3106,3129,6235
86,,6110300,1,20260729,7898,458,0,0,0,0,0,6981,434,0,0,0,0,0,3,34.929386538763445,135.767959356307,,,,,,,,,,,,,208,red,8356,7415,15771
86,,6110310,1,20260729,15671,2011,0,0,0,0,0,13966,2182,0,0,0,0,0,3,34.692826863672394,135.811829566955,,,,,,,,,,,,,208,red,17682,16148,33830
86,,6110320,1,20260729,10885,1397,0,0,0,208,0,16570,1983,0,0,0,0,0,3,34.49633103313339,135.742759,,,,,,,,,,,,,208,red,12282,18553,30835
86,,6110330,1,20260729,13204,680,0,0,0,0,0,10756,627,0,0,0,0,0,3,34.255336527005475,135.221571922302,,,,,,,,,,,,,208,red,13884,11383,25267
86,,6110340,1,20260729,11324,1352,0,0,0,0,0,12323,1597,0,0,0,0,0,3,34.59261679509626,135.476585626602,,,,,,,,,,,,,208,red,12676,13920,26596
86,,6110350,1,20260729,20103,1571,0,0,0,0,0,21501,1832,0,0,0,0,0,3,34.492391818044126,135.423381328582,,,,,,,,,,,,,208,red,21674,23333,45007
86,,6110361,1,20260729,5811,710,0,0,0,0,0,5918,801,0,0,0,0,0,3,34.27701629033371,135.164935521261,,,,,,,,,,,,,208,red,6521,6719,13240
86,,6110370,1,20260729,4579,484,0,0,0,0,0,3828,294,0,0,0,0,0,3,35.61308303459727,135.971192,,,,,,,,,,,,,208,red,5063,4122,9185
86,,6110380,1,20260729,2760,461,0,0,0,0,0,3599,509,0,0,0,0,0,3,35.486004106628485,135.463869273662,,,,,,,,,,,,,208,red,3221,4108,7329
86,,6110390,1,20260729,2944,539,0,0,0,0,0,3297,528,0,0,0,0,0,3,35.30401991598347,135.272947382363,,,,,,,,,,,,,208,red,3483,3825,7308
86,,6110410,1,20260729,4723,654,0,0,0,0,0,5083,570,0,0,0,0,0,3,34.99524305806187,134.558363556861,,,,,,,,,,,,,208,red,5377,5653,11030
86,,6110430,1,20260729,361,20,14,0,0,0,0,395,20,12,0,0,0,0,3,33.577233165562106,135.427241160067,,,,,,,,,,,,,208,red,395,427,822
86,,6110440,1,20260729,8385,590,0,0,0,0,0,7890,666,0,0,0,0,0,3,34.143380032647656,135.20039,,,,,,,,,,,,,208,red,8975,8556,17531
86,,6110450,1,20260729,14188,9184,0,0,0,0,0,14947,11192,0,0,0,0,0,3,34.71254919312948,135.425688028335,,,,,,,,,,,,,208,red,23372,26139,49511
86,,6110460,1,20260729,3222,1210,0,0,0,0,0,3432,1181,0,0,0,0,0,3,35.431053158155514,136.016224622726,,,,,,,,,,,,,208,red,4432,4613,9045
86,,6110470,1,20260729,6628,1311,0,0,0,0,0,7061,1470,0,0,0,0,0,3,35.21341864052877,135.925826132297,,,,,,,,,,,,,208,red,7939,8531,16470
86,,6110500,1,20260729,5723,1373,0,0,0,0,0,4870,758,0,0,0,0,0,3,35.10094221794055,135.892639160156,,,,,,,,,,,,,208,red,7096,5628,12724
86,,6110510,1,20260729,5510,1284,0,0,0,0,0,6278,1518,0,0,0,0,0,3,35.080206671418715,135.881878137588,,,,,,,,,,,,,208,red,6794,7796,14590
86,,6110520,1,20260729,15091,2187,0,0,0,0,0,2472,778,2276,0,0,0,0,3,35.00895503826151,135.838812589645,,,,,,,,,,,,,208,red,17278,5526,22804
86,,6110530,1,20260729,9210,2687,0,0,0,0,0,10609,2873,0,0,0,0,0,3,34.8925928963683,135.684016942977,,,,,,,,,,,,,208,red,11897,13482,25379
86,,6110540,1,20260729,9225,1266,0,0,0,0,0,9434,1334,0,0,0,0,0,3,34.686726631641484,134.982630014419,,,,,,,,,,,,,208,red,10491,10768,21259
86,,6110550,1,20260729,,,,0,0,0,208,,,,0,0,0,208,3,35.04658141349765,134.987468719482,,,,,,,,,,,,,208,red,0,0,0
86,,6110650,1,20260729,10674,1984,0,0,0,0,0,11347,1780,0,0,0,0,0,3,34.53594852398045,135.777744054,,,,,,,,,,,,,208,red,12658,13127,25785
86,,6110670,1,20260729,9726,2284,0,0,0,0,0,10049,2125,0,0,0,0,0,3,34.486465033119956,135.763168,,,,,,,,,,,,,208,red,12010,12174,24184
86,,6110700,1,20260729,6573,1529,0,0,0,0,0,6996,1241,0,0,0,0,0,3,34.36883103295914,135.698397,,,,,,,,,,,,,208,red,8102,8237,16339
86,,6110710,1,20260729,6883,1465,0,0,0,0,0,7321,1209,0,0,0,0,0,3,34.346251032928144,135.675464,,,,,,,,,,,,,208,red,8348,8530,16878
86,,6110720,1,20260729,6460,1445,0,0,0,0,0,6719,1175,0,0,0,0,0,3,34.34307531292378,135.6723947,,,,,,,,,,,,,208,red,7905,7894,15799
86,,6110730,1,20260729,5913,1452,0,0,0,0,0,5965,1348,0,0,0,0,0,3,34.3344353954711,135.643944740295,,,,,,,,,,,,,208,red,7365,7313,14678
86,,6110740,1,20260729,7489,1324,59,0,0,0,0,7506,1057,123,0,0,0,0,3,34.32057809029414,135.595622062683,,,,,,,,,,,,,208,red,8872,8686,17558
86,,6110750,1,20260729,7377,1364,0,0,0,0,0,7120,1153,0,0,0,0,0,3,34.30420703287028,135.508371,,,,,,,,,,,,,208,red,8741,8273,17014
86,,6110760,1,20260729,6944,1404,0,0,0,0,0,7173,1229,0,0,0,0,0,3,34.300277802864876,135.49583333,,,,,,,,,,,,,208,red,8348,8402,16750
86,,6110765,1,20260729,7053,1472,0,0,0,0,0,7613,1276,0,0,0,0,0,3,34.293299032855266,135.42037,,,,,,,,,,,,,208,red,8525,8889,17414
86,,6110780,1,20260729,6960,1406,0,0,0,0,0,7425,1285,0,0,0,0,0,3,34.290835032851874,135.406025,,,,,,,,,,,,,208,red,8366,8710,17076
86,,6110790,1,20260729,3566,1030,0,0,0,0,0,3864,930,0,0,0,0,0,3,34.28766234793788,135.279854549589,,,,,,,,,,,,,208,red,4596,4794,9390
86,,6110810,1,20260729,781,210,0,0,0,0,0,735,236,0,0,0,0,0,3,35.91898971813652,136.6293598948,,,,,,,,,,,,,208,red,991,971,1962
86,,6110820,1,20260729,973,218,0,0,0,0,0,840,248,0,0,0,0,0,3,35.963561035032136,136.602468,,,,,,,,,,,,,208,red,1191,1088,2279
86,,6110840,1,20260729,985,240,0,0,0,0,0,890,247,0,0,0,0,0,3,35.98949103506382,136.526729,,,,,,,,,,,,,208,red,1225,1137,2362
86,,6110860,1,20260729,4911,505,0,0,0,0,0,5199,494,0,0,0,0,0,3,36.062580031168245,136.445198357105,,,,,,,,,,,,,208,red,5416,5693,11109
86,,6110870,1,20260729,5168,550,0,0,0,0,0,5730,501,0,0,0,0,0,3,36.074224272699254,136.374473869296,,,,,,,,,,,,,208,red,5718,6231,11949
86,,6110880,1,20260729,5249,716,0,0,0,0,0,6188,531,0,0,0,0,0,3,36.086521994378465,136.324462164098,,,,,,,,,,,,,208,red,5965,6719,12684
86,,6110980,1,20260729,2488,547,0,0,0,0,0,2543,570,0,0,0,0,0,3,35.30511375498357,134.89226102828903,,,,,,,,,,,,,208,red,3035,3113,6148
86,,6111020,1,20260729,10010,7388,0,0,0,0,0,12276,8519,0,0,0,0,0,3,34.61538892329484,135.8745,,,,,,,,,,,,,208,red,17398,20795,38193
86,,6111030,1,20260729,3936,207,19,0,0,0,0,4058,181,19,0,0,0,0,3,33.670648031981166,135.947246,,,,,,,,,,,,,208,red,4162,4258,8420
86,,6111040,1,20260729,3368,334,21,0,0,0,0,3199,246,13,0,0,0,0,1,33.74362082208521,135.40352793,,,,,,,,,,,,,208,red,3723,3458,7181
86,,6111050,1,20260729,4019,305,17,0,0,0,0,3499,182,18,0,0,0,0,1,33.67806806199178,135.40361475,,,,,,,,,,,,,208,red,4341,3699,8040
86,,6111060,1,20260729,3834,300,25,0,0,0,0,3273,205,40,0,0,0,0,1,33.63743103193369,135.410147,,,,,,,,,,,,,208,red,4159,3518,7677
86,,6111070,1,20260729,2546,253,11,0,0,0,0,2119,159,21,0,0,0,0,1,33.56605113183135,135.49421066,,,,,,,,,,,,,208,red,2810,2299,5109
86,,6111080,1,20260729,2067,261,31,0,0,0,0,1740,160,20,0,0,0,0,1,33.53123967178131,135.54653822,,,,,,,,,,,,,208,red,2359,1920,4279
86,,6111090,1,20260729,2565,225,15,0,0,0,0,2786,181,22,0,0,0,0,3,33.620083251908845,135.91802864,,,,,,,,,,,,,208,red,2805,2989,5794
86,,6111094,1,20260729,3409,164,41,0,0,0,0,3425,173,30,0,0,0,0,3,33.73308003207021,136.004619,,,,,,,,,,,,,208,red,3614,3628,7242
86,,6111100,1,20260729,5749,1300,0,0,0,0,0,6112,1163,0,0,0,0,0,3,34.29138892285263,135.3613889,,,,,,,,,,,,,208,red,7049,7275,14324
87,,7110040,1,20260729,6728,1786,0,0,0,0,0,6170,1772,0,0,0,0,0,3,34.51540182315934,133.565914,,,,,,,,,,,,,208,red,8514,7942,16456
87,,7110090,1,20260729,8456,2657,0,0,0,0,0,8372,2241,0,0,0,0,0,3,34.076861142554975,131.3867222,,,,,,,,,,,,,208,red,11113,10613,21726
87,,7110140,1,20260729,7079,963,0,0,0,0,0,7017,946,0,0,0,0,0,3,35.42972217436492,133.16019770000003,,,,,,,,,,,,,209,red,8042,7963,16005
87,,7110150,1,20260729,7839,1130,0,0,0,0,0,8185,1055,0,0,0,0,0,3,35.41501435434614,132.9291201,,,,,,,,,,,,,209,red,8969,9240,18209
87,,7110160,1,20260729,2721,295,0,0,0,0,0,2883,253,0,0,0,0,0,3,35.220801104096246,132.5117898,,,,,,,,,,,,,209,red,3016,3136,6152
87,,7110170,1,20260729,665,77,0,0,0,0,0,709,115,0,0,0,0,0,3,34.75449303348189,131.907185,,,,,,,,,,,,,209,red,742,824,1566
87,,7110180,1,20260729,1008,211,0,0,0,0,0,924,167,0,0,0,0,0,3,34.42694447303873,131.76016670000004,,,,,,,,,,,,,208,red,1219,1091,2310
87,,7110210,1,20260729,4353,647,0,0,0,0,0,4810,645,0,0,0,0,0,3,34.8389208935946,133.9257149,,,,,,,,,,,,,208,red,5000,5455,10455
87,,7110240,1,20260729,4070,784,0,0,0,0,0,4098,747,0,0,0,0,0,3,34.684982133388644,133.784738,,,,,,,,,,,,,208,red,4854,4845,9699
87,,7110260,1,20260729,2192,118,0,0,0,0,0,2600,186,0,0,0,0,0,3,33.97988891241918,132.1977222,,,,,,,,,,,,,208,red,2310,2786,5096
87,,7110270,1,20260729,1353,196,0,0,0,0,0,1278,200,0,0,0,0,0,3,34.65950003335435,131.6773889,,,,,,,,,,,,,208,red,1549,1478,3027
87,,7110280,1,20260729,3057,325,0,0,0,0,0,2863,332,0,0,0,0,0,3,34.419861143029046,131.4097778,,,,,,,,,,,,,208,red,3382,3195,6577
87,,7110290,1,20260729,6017,252,0,0,0,0,0,5854,239,0,0,0,0,0,3,34.371805582963226,131.1861389,,,,,,,,,,,,,208,red,6269,6093,12362
87,,7110320,1,20260729,5202,257,0,0,0,0,0,4900,288,0,0,0,0,0,3,33.95763808238793,132.1366533,,,,,,,,,,,,,208,red,5459,5188,10647
87,,7310110,1,20260729,6902,837,0,0,0,0,0,7224,783,0,0,0,0,0,3,35.39772612432404,132.8747235,,,,,,,,,,,,,209,red,7739,8007,15746
87,,7310120,1,20260729,2900,571,0,0,0,0,0,2604,469,0,0,0,0,0,3,35.068629523897954,132.3222435,,,,,,,,,,,,,209,red,3471,3073,6544
87,,7310150,1,20260729,509,92,0,0,0,0,0,509,90,0,0,0,0,0,3,34.9738037337733,132.7317309,,,,,,,,,,,,,209,red,601,599,1200
87,,7310160,1,20260729,366,43,0,0,0,0,0,1191,211,0,0,0,0,0,3,35.117460163961816,132.778337,,,,,,,,,,,,,209,red,409,1402,1811
87,,7310170,1,20260729,5184,571,0,0,0,0,0,4103,504,0,0,0,0,0,3,34.705264123415894,133.7151146,,,,,,,,,,,,,208,red,5755,4607,10362
87,,7310180,1,20260729,1417,110,0,0,0,0,0,1431,114,0,0,0,0,0,3,34.38963891298768,131.3651944,,,,,,,,,,,,,208,red,1527,1545,3072
87,,7310260,1,20260729,2579,454,0,0,0,0,0,2367,376,0,0,0,0,0,3,35.132156843980994,132.4019922,,,,,,,,,,,,,209,red,3033,2743,5776
87,,7310270,1,20260729,2375,458,0,0,0,0,0,2177,367,0,0,0,0,0,3,35.08573619392036,132.3490609,,,,,,,,,,,,,209,red,2833,2544,5377
87,,7310280,1,20260729,2320,433,0,0,0,0,0,2109,376,0,0,0,0,0,3,35.076671573908484,132.335387,,,,,,,,,,,,,209,red,2753,2485,5238
87,,7310290,1,20260729,3229,719,0,0,0,0,0,1817,2022,0,0,0,0,0,3,34.88220003365212,132.0657,,,,,,,,,,,,,209,red,3948,3839,7787
87,,7310300,1,20260729,2891,542,0,0,0,0,0,2965,444,0,0,0,0,0,3,34.86980443363566,132.0662027,,,,,,,,,,,,,209,red,3433,3409,6842
87,,7310350,1,20260729,3262,643,0,0,0,0,0,3308,613,0,0,0,0,0,3,34.83580109359045,131.9999083,,,,,,,,,,,,,209,red,3905,3921,7826
87,,7310410,1,20260729,3851,589,0,0,0,0,0,3625,523,0,0,0,0,0,3,35.21593257408993,132.5144274,,,,,,,,,,,,,209,red,4440,4148,8588
87,,7310420,1,20260729,4274,602,0,0,0,0,0,3675,663,0,0,0,0,0,3,35.275470134166945,132.6201357,,,,,,,,,,,,,209,red,4876,4338,9214
87,,7310430,1,20260729,4264,510,0,0,0,0,0,3719,441,0,0,0,0,0,3,35.303833034203514,132.688667,,,,,,,,,,,,,209,red,4774,4160,8934
87,,7310440,1,20260729,4031,531,0,0,0,0,0,0,0,0,0,0,0,0,3,35.298722034196935,132.676944,,,,,,,,,,,,,209,red,4562,0,4562
87,,7310450,1,20260729,0,0,0,0,0,0,0,3388,445,0,0,0,0,0,3,35.290444034186265,132.645583,,,,,,,,,,,,,209,red,0,3833,3833
87,,7310460,1,20260729,0,0,0,0,0,209,0,2289,508,0,0,0,0,0,3,35.20082803407034,132.459905,,,,,,,,,,,,,209,red,0,2797,2797
87,,7310470,1,20260729,2878,560,0,0,0,0,0,2495,458,0,0,0,0,0,3,35.1986450340675,132.455753,,,,,,,,,,,,,209,red,3438,2953,6391
88,,8110010,1,20260729,2446,568,0,0,0,0,0,2349,643,0,0,0,0,0,3,34.2207184500313,134.411544799804,,,,,,,,,,,,,208,red,3014,2992,6006
88,,8110020,1,20260729,15456,2122,0,0,0,0,0,16951,2220,0,0,0,0,0,3,34.30277465209332,134.084776639938,,,,,,,,,,,,,208,red,17578,19171,36749
88,,8110030,1,20260729,12995,1663,0,0,0,0,0,12135,1620,0,0,0,0,0,3,34.29671450737887,133.946895003318,,,,,,,,,,,,,208,red,14658,13755,28413
88,,8110040,1,20260729,5928,789,0,0,0,0,0,6225,711,0,0,0,0,0,3,34.17417938671837,133.715951442718,,,,,,,,,,,,,208,red,6717,6936,13653
88,,8110050,1,20260729,5810,876,2,0,0,0,0,6408,835,8,0,0,0,0,3,33.91236267641698,133.20324182510302,,,,,,,,,,,,,208,red,6688,7251,13939
88,,8110060,1,20260729,3474,1058,53,0,0,0,0,3841,1061,51,0,0,0,0,3,33.82431235182997,132.984384298324,,,,,,,,,,,,,208,red,4585,4953,9538
88,,8110070,1,20260729,7769,692,0,0,0,0,0,7815,549,0,0,0,0,0,3,34.28544169692582,134.00050163269,,,,,,,,,,,,,208,red,8461,8364,16825
88,,8110080,1,20260729,2159,545,0,0,0,0,0,0,0,0,0,0,0,0,3,34.10608825909625,133.799223303794,,,,,,,,,,,,,208,red,2704,0,2704
88,,8110090,1,20260729,7027,754,31,0,0,0,0,5820,592,32,0,0,0,0,3,34.028957826825085,133.828164339065,,,,,,,,,,,,,208,red,7812,6444,14256
88,,8110100,1,20260729,1663,414,0,0,0,0,0,1422,312,0,0,0,0,0,3,33.950764901704936,133.764853477478,,,,,,,,,,,,,208,red,2077,1734,3811
88,,8110110,1,20260729,4000,1365,0,0,0,0,0,5300,1047,0,0,0,0,0,3,33.58909346194513,133.626092746853,,,,,,,,,,,,,208,red,5365,6347,11712
88,,8110115,1,20260729,5905,642,0,0,0,0,0,5531,562,0,0,0,0,0,3,33.548205918990114,133.451582193374,,,,,,,,,,,,,208,red,6547,6093,12640
88,,8110120,1,20260729,6338,657,0,0,0,0,0,5923,765,0,0,0,0,0,3,33.543133969132924,133.402808904647,,,,,,,,,,,,,208,red,6995,6688,13683
88,,8110130,1,20260729,6221,330,138,0,0,0,0,6641,419,92,0,0,0,0,3,33.7476978963593,132.791587114334,,,,,,,,,,,,,208,red,6689,7152,13841
88,,8110131,1,20260729,2688,258,0,2,0,0,0,2405,176,0,2,0,0,0,3,33.793408870729856,134.592427611351,,,,,,,,,,,,,208,red,2946,2581,5527
88,,8110140,1,20260729,2096,195,0,0,0,0,2,2138,165,0,0,0,0,2,3,33.63466659400443,134.369745254516,,,,,,,,,,,,,208,red,2291,2303,4594
88,,8110142,1,20260729,2712,231,0,0,0,0,0,2325,189,0,0,0,0,0,3,33.74774819013548,134.53964678124,,,,,,,,,,,,,208,red,2943,2514,5457
88,,8110160,1,20260729,2863,269,0,0,0,0,0,2935,253,0,0,0,0,0,3,33.53924497073882,133.738444460766,,,,,,,,,,,,,208,red,3132,3188,6320
88,,8110161,1,20260729,5446,491,0,0,0,0,0,4444,373,0,0,0,0,0,3,33.520916544031145,133.780702650547,,,,,,,,,,,,,208,red,5937,4817,10754
88,,8110162,1,20260729,6427,566,0,0,0,0,0,5690,444,0,0,0,0,0,3,33.550342371512876,133.740176352243,,,,,,,,,,,,,208,red,6993,6134,13127
88,,8110163,1,20260729,7307,620,0,0,0,0,0,6242,483,0,0,0,0,0,3,33.55352220956595,133.721816021769,,,,,,,,,,,,,208,red,7927,6725,14652
88,,8110164,1,20260729,1495,315,0,0,0,0,0,1429,296,0,0,0,0,0,3,33.57127484589016,133.574287891387,,,,,,,,,,,,,208,red,1810,1725,3535
88,,8110165,1,20260729,8293,788,0,0,0,0,0,8116,567,0,0,0,0,0,3,33.56026408468244,133.633757829666,,,,,,,,,,,,,208,red,9081,8683,17764
88,,8110166,1,20260729,8761,974,0,0,0,0,0,8266,636,0,0,0,0,0,3,33.540965031795295,133.601005,,,,,,,,,,,,,208,red,9735,8902,18637
88,,8110167,1,20260729,4953,426,0,0,0,0,0,4321,352,0,0,0,0,0,3,33.5424317654246,133.583077945611,,,,,,,,,,,,,208,red,5379,4673,10052
88,,8110168,1,20260729,7098,575,0,0,0,0,0,5689,368,0,0,0,0,0,3,33.55589303181676,133.683497,,,,,,,,,,,,,208,red,7673,6057,13730
88,,8110170,1,20260729,4270,547,0,0,0,0,0,3682,762,0,0,0,0,0,3,33.485055031714765,133.373125,,,,,,,,,,,,,208,red,4817,4444,9261
88,,8110171,1,20260729,2792,396,0,0,0,0,0,2274,233,0,0,0,0,0,3,33.40395558523113,133.288643360137,,,,,,,,,,,,,208,red,3188,2507,5695
88,,8110172,1,20260729,1765,764,0,0,0,0,0,1801,367,0,0,0,0,0,3,33.39236677628474,133.278601169586,,,,,,,,,,,,,208,red,2529,2168,4697
88,,8110174,1,20260729,2044,384,0,0,0,0,0,2064,256,0,0,0,0,0,3,33.18330330083646,133.144855499267,,,,,,,,,,,,,208,red,2428,2320,4748
88,,8110180,1,20260729,530,73,0,0,0,0,0,649,56,0,0,0,0,0,3,33.35817590038214,133.253152370452,,,,,,,,,,,,,208,red,603,705,1308
88,,8110181,1,20260729,2351,251,0,0,0,0,0,2255,218,0,0,0,0,0,3,32.974388919857596,132.933138888889,,,,,,,,,,,,,208,red,2602,2473,5075
88,,8110182,1,20260729,3791,286,0,0,0,0,0,3485,265,0,0,0,0,0,3,32.96811114207051,132.872277777778,,,,,,,,,,,,,208,red,4077,3750,7827
88,,8110183,1,20260729,2136,177,0,0,0,0,0,2165,149,0,0,0,0,0,3,32.95902780872377,132.776972222222,,,,,,,,,,,,,208,red,2313,2314,4627
88,,8110190,1,20260729,1503,139,0,0,0,0,0,1566,175,0,0,0,0,0,3,32.96996536793415,132.68920719623503,,,,,,,,,,,,,208,red,1642,1741,3383
88,,8110191,1,20260729,2327,300,0,0,0,0,0,2236,394,0,0,0,0,0,3,33.13903103121127,132.517477,,,,,,,,,,,,,208,red,2627,2630,5257
88,,8110192,1,20260729,3708,427,0,0,0,0,0,3700,508,0,0,0,0,0,3,33.14590213224344,132.52205863595,,,,,,,,,,,,,208,red,4135,4208,8343
88,,8110200,1,20260729,1725,100,0,0,0,0,0,1724,160,0,0,0,0,0,3,33.325562031483756,132.5285,,,,,,,,,,,,,208,red,1825,1884,3709
88,,8110210,1,20260729,13395,499,546,0,0,0,2,13183,460,623,0,0,0,2,3,33.81637909326473,132.744826823472,,,,,,,,,,,,,208,red,14440,14266,28706
88,,8110230,1,20260729,8039,465,0,0,0,0,0,7423,413,0,0,0,0,0,3,34.07022914227441,134.461130797863,,,,,,,,,,,,,208,red,8504,7836,16340
88,,8110231,1,20260729,5625,452,0,0,0,0,0,4575,369,0,0,0,0,0,3,34.03847794648641,134.520513564348,,,,,,,,,,,,,208,red,6077,4944,11021
88,,8110232,1,20260729,6228,454,0,0,0,0,0,6183,447,0,0,0,0,0,3,34.04120064204002,134.531005024909,,,,,,,,,,,,,208,red,6682,6630,13312
88,,8110240,1,20260729,4324,614,0,0,0,0,0,3632,498,0,0,0,0,0,3,34.03149633348104,132.829599380493,,,,,,,,,,,,,208,red,4938,4130,9068
88,,8110250,1,20260729,4674,499,0,0,0,0,0,4957,490,0,0,0,0,0,3,33.93004373774009,133.094837665557,,,,,,,,,,,,,208,red,5173,5447,10620
88,,8111021,1,20260729,4484,459,0,0,0,0,0,4564,449,0,0,0,0,0,3,33.50191403173908,133.309236,,,,,,,,,,,,,208,red,4943,5013,9956
88,,8160020,1,20260729,3595,567,0,0,0,0,0,3178,396,0,0,0,0,0,1,33.331092031491806,133.206098,,,,,,,,,,,,,208,red,4162,3574,7736
88,,8160030,1,20260729,3045,506,0,0,0,0,0,2698,334,0,0,0,0,0,1,33.23544203135242,133.159939,,,,,,,,,,,,,208,red,3551,3032,6583
88,,8160040,1,20260729,5325,480,0,0,0,0,0,5280,593,0,0,0,0,0,1,33.24742026280611,132.570131868124,,,,,,,,,,,,,208,red,5805,5873,11678
88,,8160050,1,20260729,5232,548,0,0,0,0,0,5084,676,0,0,0,0,0,1,33.33622666521378,132.557060122489,,,,,,,,,,,,,208,red,5780,5760,11540
88,,8160060,1,20260729,4442,814,0,0,0,0,0,3955,735,0,0,0,0,0,1,34.056139032526026,134.588624,,,,,,,,,,,,,208,red,5256,4690,9946
88,,8310010,1,20260729,12763,1301,5,0,0,0,0,12856,1301,7,0,0,0,0,3,34.152121047215225,134.579402804374,,,,,,,,,,,,,208,red,14069,14164,28233
88,,8310020,1,20260729,5129,1723,0,0,0,0,0,6104,581,0,0,0,0,0,3,34.335875041773484,134.151295423507,,,,,,,,,,,,,208,red,6852,6685,13537
88,,8310030,1,20260729,7397,432,390,0,0,0,1,9143,451,176,0,0,0,1,3,33.79997204409725,132.86443054676,,,,,,,,,,,,,208,red,8219,9770,17989
88,,8310040,1,20260729,9761,1340,0,0,0,0,0,10454,1085,0,0,0,0,0,3,34.239532652899726,133.895906209945,,,,,,,,,,,,,208,red,11101,11539,22640
88,,8310050,1,20260729,572,355,0,0,0,0,0,582,234,0,0,0,0,0,3,33.797668032162,133.760304,,,,,,,,,,,,,208,red,927,816,1743
88,,8310060,1,20260729,430,97,0,0,0,0,0,455,110,0,0,0,0,0,3,33.54154672048833,133.042341470718,,,,,,,,,,,,,208,red,527,565,1092
88,,8310061,1,20260729,8775,1408,0,0,0,0,0,9154,1569,0,0,0,0,0,3,33.80675451706518,132.745272070169,,,,,,,,,,,,,208,red,10183,10723,20906
88,,8310062,1,20260729,4939,1087,0,0,0,0,0,4957,1142,0,0,0,0,0,3,33.814776032186245,132.720319,,,,,,,,,,,,,208,red,6026,6099,12125
88,,8310070,1,20260729,15292,994,22,0,0,0,0,16274,877,14,0,0,0,0,3,34.0102656781917,134.566428959369,,,,,,,,,,,,,208,red,16308,17165,33473
88,,8310080,1,20260729,8957,773,0,0,0,0,0,8269,806,0,0,0,0,0,3,33.9732071371816,134.633932113647,,,,,,,,,,,,,208,red,9730,9075,18805
88,,8310100,1,20260729,3447,444,0,0,0,0,0,3577,391,0,0,0,0,0,3,33.03511096021447,133.027331829071,,,,,,,,,,,,,208,red,3891,3968,7859
88,,8310110,1,20260729,3181,331,0,0,0,0,0,3048,477,0,0,0,0,0,3,33.4066250316014,132.509843,,,,,,,,,,,,,208,red,3512,3525,7037
88,,8310120,1,20260729,7451,1027,0,0,0,0,0,8184,1311,0,0,0,0,0,3,33.504510031742804,132.56675,,,,,,,,,,,,,208,red,8478,9495,17973
88,,8310130,1,20260729,3998,444,0,0,0,0,0,4761,610,0,0,0,0,0,3,33.53462955300938,132.597781419754,,,,,,,,,,,,,208,red,4442,5371,9813
88,,8310140,1,20260729,3100,377,0,0,0,0,0,2542,514,0,0,0,0,0,3,33.6125750318981,132.68712,,,,,,,,,,,,,208,red,3477,3056,6533
88,,8310150,1,20260729,2341,431,0,0,0,0,0,2823,587,0,0,0,0,0,3,34.0401782523243,134.018440246582,,,,,,,,,,,,,208,red,2772,3410,6182
88,,8310160,1,20260729,7815,449,109,0,0,0,5,7159,373,135,0,0,0,5,3,33.89056122326423,132.757075130939,,,,,,,,,,,,,208,red,8373,7667,16040
89,,9110010,1,20260729,8027,486,0,0,0,0,0,9625,543,0,0,0,0,0,3,33.86399103225591,130.750068,,,,,,,,,,,,,208,red,8513,10168,18681
89,,9110030,1,20260729,17967,1855,0,0,0,0,0,17567,1588,0,0,0,0,0,3,32.75695803064553,130.688122,,,,,,,,,,,,,208,red,19822,19155,38977
89,,9110040,1,20260729,5083,1005,0,0,0,2,0,5299,1062,0,0,0,0,0,3,32.565580030358504,130.688167,,,,,,,,,,,,,208,red,6088,6361,12449
89,,9110050,1,20260729,6034,923,0,0,0,0,0,5467,925,0,0,0,0,0,3,32.50104503026118,130.627862,,,,,,,,,,,,,208,red,6957,6392,13349
89,,9110060,1,20260729,3908,869,0,0,0,0,0,4484,888,0,0,0,0,0,3,31.848210029262603,130.249002,,,,,,,,,,,,,208,red,4777,5372,10149
89,,9110070,1,20260729,3043,282,0,0,0,0,0,3078,300,0,0,0,0,0,3,31.65408502896101,130.444438,,,,,,,,,,,,,208,red,3325,3378,6703
89,,9110090,1,20260729,4048,1140,0,0,0,0,0,3811,1084,0,0,0,0,0,3,33.56354563182774,131.1769035,,,,,,,,,,,,,208,red,5188,4895,10083
89,,9110110,1,20260729,21956,1235,159,0,0,0,0,19462,2499,264,0,0,0,0,3,33.248593781371625,131.5788746,,,,,,,,,,,,,208,red,23350,22225,45575
89,,9110120,1,20260729,115,57,0,0,0,0,0,117,91,0,0,0,0,0,3,32.83826903076675,131.716873,,,,,,,,,,,,,208,red,172,208,380
89,,9110140,1,20260729,5285,1828,0,0,0,0,0,4266,1490,0,0,0,0,0,3,32.26510002990319,131.560352,,,,,,,,,,,,,208,red,7113,5756,12869
89,,9110150,1,20260729,2434,845,0,0,0,0,0,2573,946,0,0,0,0,0,3,31.853840029271314,131.136144,,,,,,,,,,,,,208,red,3279,3519,6798
89,,9110160,1,20260729,2733,887,1531,0,0,121,121,3710,1216,19,0,0,0,121,3,31.710555029048958,130.774553,,,,,,,,,,,,,208,red,5151,4945,10096
89,,9110190,1,20260729,5624,1600,0,0,0,0,0,5704,1591,0,0,0,0,0,3,33.3577350315305,130.488663,,,,,,,,,,,,,208,red,7224,7295,14519
89,,9110200,1,20260729,6788,486,0,0,0,0,0,6263,442,0,0,0,0,0,3,33.19609887129489,130.0312792,,,,,,,,,,,,,208,red,7274,6705,13979
89,,9110210,1,20260729,,,,0,0,0,208,,,,0,0,0,208,3,32.82226403074293,129.973018,,,,,,,,,,,,,208,red,0,0,0
89,,9110230,1,20260729,1869,406,0,0,0,0,0,1745,384,0,0,0,0,0,3,32.95195803093551,131.35466,,,,,,,,,,,,,208,red,2275,2129,4404
89,,9110240,1,20260729,6204,1380,0,0,0,0,0,5889,1320,0,0,0,0,0,3,33.669370031979355,130.847832,,,,,,,,,,,,,208,red,7584,7209,14793
89,,9110280,1,20260729,4870,559,0,0,0,0,0,4472,544,0,0,0,0,0,3,33.34785503151616,130.0187991,,,,,,,,,,,,,208,red,5429,5016,10445
89,,9110290,1,20260729,6030,446,0,0,0,0,0,6453,489,0,0,0,0,0,3,32.97125925096407,130.445357,,,,,,,,,,,,,208,red,6476,6942,13418
89,,9110300,1,20260729,5861,526,0,0,0,0,0,5499,578,0,0,0,0,0,3,33.14141103121475,130.470721,,,,,,,,,,,,,208,red,6387,6077,12464
89,,9110335,1,20260729,2596,283,0,0,0,0,0,2547,226,0,0,0,0,0,3,31.396273028557452,130.783657,,,,,,,,,,,,,208,red,2879,2773,5652
89,,9110340,1,20260729,3679,526,0,0,0,0,0,3355,449,0,0,0,0,0,3,31.452851608646302,130.7281932,,,,,,,,,,,,,208,red,4205,3804,8009
89,,9310003,1,20260729,6267,1463,0,0,0,0,0,7785,1442,0,0,0,0,0,3,33.947867982374184,130.968647,,,,,,,,,,,,,208,red,7730,9227,16957
89,,9310015,1,20260729,14269,3772,0,0,0,0,0,13738,3883,0,0,0,0,0,3,33.44660203165923,130.540337,,,,,,,,,,,,,208,red,18041,17621,35662
89,,9310017,1,20260729,6512,722,0,0,0,0,0,7053,721,0,0,0,0,0,3,33.323489031480754,130.523608,,,,,,,,,,,,,208,red,7234,7774,15008
89,,9310020,1,20260729,1641,618,0,0,0,0,0,1468,557,0,0,0,0,0,3,33.11458003117534,130.669176,,,,,,,,,,,,,208,red,2259,2025,4284
89,,9310035,1,20260729,,,,0,0,0,208,,,,0,0,0,208,3,32.406040030117445,130.555735,,,,,,,,,,,,,208,red,0,0,0
89,,9310045,1,20260729,3913,436,0,0,0,0,0,4589,468,0,0,0,0,0,3,32.16215502974594,130.36789,,,,,,,,,,,,,208,red,4349,5057,9406
89,,9310050,1,20260729,5666,257,24,0,0,0,0,5271,241,32,0,0,0,0,3,31.714213029054637,130.275752,,,,,,,,,,,,,208,red,5947,5544,11491
89,,9310060,1,20260729,31,0,0,17,0,0,3,37,1,0,17,0,0,3,3,32.38562876008649,130.5414069,,,,,,,,,,,,,208,red,31,38,69
89,,9310070,1,20260729,4,20,5736,0,0,145,145,5634,737,142,0,0,0,145,3,31.702321029036145,130.297006,,,,,,,,,,,,,208,red,5760,6513,12273
89,,9310080,1,20260729,9615,880,0,0,0,0,0,8481,684,0,0,0,0,0,3,33.80588903217365,130.960473,,,,,,,,,,,,,208,red,10495,9165,19660
89,,9310085,1,20260729,6445,1000,0,0,0,0,0,6544,862,0,0,0,0,0,3,33.54594303180245,131.283198,,,,,,,,,,,,,208,red,7445,7406,14851
89,,9310090,1,20260729,5960,681,0,0,0,0,0,7254,689,0,0,0,0,0,3,33.38094503156419,131.540397,,,,,,,,,,,,,208,red,6641,7943,14584
89,,9310100,1,20260729,12621,1439,0,0,0,0,0,12546,1466,0,0,0,0,0,3,33.15920703124086,131.651922,,,,,,,,,,,,,208,red,14060,14012,28072
89,,9310115,1,20260729,6203,2327,0,0,0,0,0,6213,2101,0,0,0,0,0,3,31.726570029073855,131.023972,,,,,,,,,,,,,208,red,8530,8314,16844
89,,9310120,1,20260729,10664,1338,0,0,0,0,0,9120,1251,0,0,0,0,0,3,31.705779029041526,130.613215,,,,,,,,,,,,,208,red,12002,10371,22373
89,,9310125,1,20260729,9150,1159,0,0,0,0,0,8636,925,0,0,0,0,0,3,33.21761616132637,130.1637701,,,,,,,,,,,,,208,red,10309,9561,19870
89,,9310127,1,20260729,41,29,1,0,0,1,1,35,36,1,0,0,1,1,3,32.91326503087817,130.976239,,,,,,,,,,,,,208,red,71,72,143
89,,9310130,1,20260729,11522,780,0,0,0,0,0,9046,867,0,0,0,0,0,3,32.8754950308221,130.867355,,,,,,,,,,,,,208,red,12302,9913,22215
89,,9310140,1,20260729,14746,1920,0,0,0,0,0,14631,1593,0,0,0,0,0,3,32.820198990739854,130.7572925,,,,,,,,,,,,,208,red,16666,16224,32890
89,,9310150,1,20260729,3451,999,0,0,0,0,0,2515,2050,0,0,0,0,0,3,32.6779330305273,130.55327,,,,,,,,,,,,,208,red,4450,4565,9015
89,,9310155,1,20260729,4781,171,0,0,0,0,0,6825,287,0,0,0,0,0,3,32.76467203065704,130.370667,,,,,,,,,,,,,208,red,4952,7112,12064
89,,9310156,1,20260729,5818,323,0,0,0,0,0,5687,404,0,0,0,0,0,3,32.78536503068792,130.199594,,,,,,,,,,,,,208,red,6141,6091,12232
89,,9310157,1,20260729,4583,688,0,0,0,0,0,3915,600,0,0,0,0,0,3,33.06696517110531,131.6229634,,,,,,,,,,,,,208,red,5271,4515,9786
89,,9310159,1,20260729,2127,459,0,0,0,0,0,1653,411,0,0,0,0,0,3,32.997429031002746,131.434075,,,,,,,,,,,,,208,red,2586,2064,4650
89,,9310165,1,20260729,8363,4173,0,0,0,0,0,8958,3802,0,0,0,0,0,3,33.62969103192261,130.442657,,,,,,,,,,,,,208,red,12536,12760,25296
89,,9310174,1,20260729,14315,2342,0,0,0,0,0,12893,1904,0,0,0,0,0,3,33.6275850319196,130.703907,,,,,,,,,,,,,208,red,16657,14797,31454
89,,9310181,1,20260729,6168,323,0,0,0,0,0,6015,313,0,0,0,0,0,3,33.230906841345785,130.3350523,,,,,,,,,,,,,208,red,6491,6328,12819
89,,9310184,1,20260729,6692,597,0,0,0,0,0,6514,841,0,0,0,0,0,3,32.918079150885305,130.6264597,,,,,,,,,,,,,208,red,7289,7355,14644
89,,9310185,1,20260729,2122,263,0,0,0,0,208,0,0,0,0,0,208,208,3,33.37000946154832,129.9447181,,,,,,,,,,,,,208,red,2385,0,2385
89,,9310186,1,20260729,6893,629,2932,0,0,0,0,2963,183,2334,0,0,0,0,3,33.55795203181972,130.456481,,,,,,,,,,,,,208,red,10454,5480,15934
89,,9310187,1,20260729,7845,1215,0,0,0,0,0,7559,1083,0,0,0,0,0,3,33.504396031742644,130.111167,,,,,,,,,,,,,208,red,9060,8642,17702
89,,9310188,1,20260729,4178,567,0,0,0,0,0,4378,538,0,0,0,0,0,3,33.3383090315023,130.64702,,,,,,,,,,,,,208,red,4745,4916,9661
89,,9310189,1,20260729,2053,315,0,0,0,0,92,2073,318,0,0,0,0,92,3,33.06535003110294,129.833592,,,,,,,,,,,,,208,red,2368,2391,4759
89,,9310191,1,20260729,6014,829,0,0,0,0,0,5826,794,0,0,0,0,0,3,33.18514003127884,130.387366,,,,,,,,,,,,,208,red,6843,6620,13463
89,,9310192,1,20260729,4654,707,0,0,0,0,0,2671,2468,0,0,0,0,0,3,33.20214803130375,130.361827,,,,,,,,,,,,,208,red,5361,5139,10500
89,,9310193,1,20260729,2263,2379,0,0,0,0,0,4035,622,0,0,0,0,0,3,33.20855403131311,130.343385,,,,,,,,,,,,,208,red,4642,4657,9299
89,,9310195,1,20260729,4378,755,0,0,0,0,0,3998,718,0,0,0,0,0,3,33.32086003147692,130.863524,,,,,,,,,,,,,208,red,5133,4716,9849
89,,9310200,1,20260729,1713,345,0,0,0,0,0,1728,347,0,0,0,0,0,3,33.250128031373855,131.295812,,,,,,,,,,,,,208,red,2058,2075,4133
89,,9310205,1,20260729,5006,629,0,0,0,0,0,5291,667,0,0,0,0,0,3,33.19671903129579,131.498216,,,,,,,,,,,,,208,red,5635,5958,11593
89,,9310210,1,20260729,6462,484,0,0,0,0,0,6159,322,0,0,0,0,0,3,31.816050029212782,131.442962,,,,,,,,,,,,,208,red,6946,6481,13427
89,,9310217,1,20260729,3097,249,0,0,0,0,0,3239,286,0,0,0,0,0,3,31.417765998591218,130.99969040000002,,,,,,,,,,,,,208,red,3346,3525,6871
89,,9310218,1,20260729,4611,375,0,0,0,0,0,4804,414,0,0,0,0,0,3,31.377286028527593,130.545285,,,,,,,,,,,,,208,red,4986,5218,10204
89,,9310219,1,20260729,1606,367,0,0,0,0,0,1414,359,0,0,0,0,0,3,31.56571802882308,130.617867,,,,,,,,,,,,,208,red,1973,1773,3746
89,,9310220,1,20260729,4636,864,0,0,0,0,0,4325,770,0,0,0,0,0,3,33.43104381163675,130.0480662,,,,,,,,,,,,,208,red,5500,5095,10595
89,,9310470,1,20260729,662,177,3,0,0,0,0,763,160,3,0,0,0,0,3,32.24423502987137,130.476053,,,,,,,,,,,,,208,red,842,926,1768
89,,9310480,1,20260729,653,192,0,0,0,0,0,875,214,0,0,0,0,0,3,32.21685802982958,130.428031,,,,,,,,,,,,,208,red,845,1089,1934
89,,9310520,1,20260729,3751,413,0,0,0,0,0,3927,398,0,0,0,0,0,3,32.102630029654726,130.326106,,,,,,,,,,,,,208,red,4164,4325,8489
89,,9310530,1,20260729,4751,492,0,0,0,0,0,4820,452,0,0,0,0,0,3,32.08242202962371,130.292812,,,,,,,,,,,,,208,red,5243,5272,10515
89,,9310540,1,20260729,4236,543,0,0,0,0,0,3833,444,0,0,0,0,0,3,32.07232702960822,130.26224,,,,,,,,,,,,,208,red,4779,4277,9056
89,,9310600,1,20260729,1588,570,0,0,0,0,0,2102,503,0,0,0,0,0,3,31.84607502925929,130.257831,,,,,,,,,,,,,208,red,2158,2605,4763
89,,9310610,1,20260729,0,0,0,0,0,208,208,2232,565,0,0,0,0,208,3,31.804655029195118,130.283522,,,,,,,,,,,,,208,red,0,2797,2797
89,,9310620,1,20260729,4912,695,0,0,0,0,0,5588,770,0,0,0,0,0,3,31.759537029125095,130.304217,,,,,,,,,,,,,208,red,5607,6358,11965
89,,9310627,1,20260729,4045,849,0,0,0,0,0,3778,699,0,0,0,0,0,3,33.46078103167972,130.044889,,,,,,,,,,,,,208,red,4894,4477,9371
89,,9310630,1,20260729,4365,806,0,0,0,0,0,3666,685,0,0,0,0,0,3,33.414414111612686,129.9958886,,,,,,,,,,,,,208,red,5171,4351,9522
89,,9310640,1,20260729,5042,827,0,0,0,0,0,4612,673,0,0,0,0,0,3,33.391371311579306,129.9347973,,,,,,,,,,,,,208,red,5869,5285,11154
89,,9310650,1,20260729,4759,1007,0,0,0,0,0,4612,723,0,0,0,0,0,3,33.37966119156232,129.933567,,,,,,,,,,,,,208,red,5766,5335,11101
89,,9310660,1,20260729,3647,469,0,0,0,0,0,3723,450,0,0,0,0,0,3,33.30074103144764,129.915058,,,,,,,,,,,,,208,red,4116,4173,8289
89,,9310710,1,20260729,0,0,0,0,0,208,208,2136,537,0,0,0,0,208,3,33.323471851480726,129.8060041,,,,,,,,,,,,,208,red,0,2673,2673
89,,9310720,1,20260729,1511,3170,0,0,0,0,0,3084,336,0,0,0,0,0,3,33.355059031526615,129.743971,,,,,,,,,,,,,208,red,4681,3420,8101
89,,9310730,1,20260729,2684,329,0,0,0,0,0,2707,263,0,0,0,0,0,3,33.34824903151674,129.729277,,,,,,,,,,,,,208,red,3013,2970,5983
89,,9310740,1,20260729,1069,171,0,0,0,0,0,1239,147,0,0,0,0,0,3,33.34295921550905,129.672585536,,,,,,,,,,,,,208,red,1240,1386,2626
89,,9360270,1,20260729,3517,2210,0,0,0,0,0,2759,1880,0,0,0,0,0,1,32.93848103091554,131.866353,,,,,,,,,,,,,208,red,5727,4639,10366
89,,9360280,1,20260729,3767,2334,0,0,0,0,0,3005,1926,0,0,0,0,0,1,32.895717030852126,131.864089,,,,,,,,,,,,,208,red,6101,4931,11032
89,,9360290,1,20260729,3306,2066,0,0,0,0,0,2586,1792,0,0,0,0,0,1,32.80165203071222,131.87728,,,,,,,,,,,,,208,red,5372,4378,9750
89,,9360300,1,20260729,3311,2050,0,0,0,0,0,2617,1751,0,0,0,0,0,1,32.72780503060196,131.827089,,,,,,,,,,,,,208,red,5361,4368,9729
89,,9360310,1,20260729,3665,2062,0,0,0,0,0,3030,1786,0,0,0,0,0,1,32.708018030572354,131.811346,,,,,,,,,,,,,208,red,5727,4816,10543
89,,9360320,1,20260729,3765,2106,0,0,0,0,0,3189,1802,0,0,0,0,0,1,32.66071403050147,131.702707,,,,,,,,,,,,,208,red,5871,4991,10862
89,,9360330,1,20260729,3364,2035,0,0,0,0,0,2869,1851,0,0,0,0,0,3,32.67533903052341,131.725922,,,,,,,,,,,,,208,red,5399,4720,10119
89,,9360340,1,20260729,5887,2603,0,0,0,0,0,6044,2380,0,0,0,0,0,3,32.544601030326895,131.648426,,,,,,,,,,,,,208,red,8490,8424,16914
89,,9360350,1,20260729,3766,568,0,0,0,0,0,3372,449,0,0,0,0,0,1,31.69283102902137,131.379337,,,,,,,,,,,,,208,red,4334,3821,8155
89,,9360360,1,20260729,3725,586,0,0,0,0,0,3400,460,0,0,0,0,0,1,31.626655028918243,131.387644,,,,,,,,,,,,,208,red,4311,3860,8171
89,,9360380,1,20260729,1635,354,0,0,0,0,0,1659,290,0,0,0,0,0,1,31.48338302869418,131.081995,,,,,,,,,,,,,208,red,1989,1949,3938
89,,9360385,1,20260729,2064,463,0,0,0,0,0,2371,426,0,0,0,0,0,1,31.46605602866702,131.053459,,,,,,,,,,,,,208,red,2527,2797,5324
89,,9360390,1,20260729,2088,437,0,0,0,0,0,2451,419,0,0,0,0,0,1,31.445310028634466,130.99415,,,,,,,,,,,,,208,red,2525,2870,5395
89,,9360400,1,20260729,3459,764,0,0,0,0,0,3117,735,0,0,0,0,0,1,31.466282028667365,130.90009,,,,,,,,,,,,,208,red,4223,3852,8075
89,,9360410,1,20260729,2851,636,0,0,0,0,0,2679,708,0,0,0,0,0,1,31.521020028753135,130.93081,,,,,,,,,,,,,208,red,3487,3387,6874
89,,9360420,1,20260729,2555,654,0,0,0,0,0,2675,724,0,0,0,0,0,1,31.615248748900434,130.9538662,,,,,,,,,,,,,208,red,3209,3399,6608
89,,9360430,1,20260729,1848,272,0,0,0,0,0,1406,224,0,0,0,0,0,1,32.749633030634584,130.866625,,,,,,,,,,,,,208,red,2120,1630,3750
89,,9360440,1,20260729,2018,281,0,0,0,0,0,1628,207,0,0,0,0,0,1,32.741409030622286,130.89194,,,,,,,,,,,,,208,red,2299,1835,4134
89,,9360443,1,20260729,1885,235,0,0,0,0,0,1507,184,0,0,0,0,0,1,32.73097603060669,130.938429,,,,,,,,,,,,,208,red,2120,1691,3811
89,,9360465,1,20260729,2628,665,0,0,0,0,0,2945,607,0,0,0,0,0,3,32.69277003054952,131.345815,,,,,,,,,,,,,208,red,3293,3552,6845
89,,9360467,1,20260729,2669,685,0,0,0,0,0,2983,668,0,0,0,0,0,3,32.67691003052576,131.36226,,,,,,,,,,,,,208,red,3354,3651,7005
89,,9360470,1,20260729,2585,595,0,0,0,0,0,2962,598,0,0,0,0,0,3,32.587591030391636,131.509484,,,,,,,,,,,,,208,red,3180,3560,6740
90,,10110010,1,20260729,7864,653,0,0,0,0,0,8663,694,0,0,0,0,0,3,26.525846020561954,127.924665,,,,,,,,,,,,,208,red,8517,9357,17874
90,,10110030,1,20260729,23429,1094,0,0,0,0,0,23466,1447,0,0,0,0,0,3,26.27496950463181,127.741287946701,,,,,,,,,,,,,208,red,24523,24913,49436
90,,10110031,1,20260729,,,,0,0,0,0,,,,0,0,0,0,3,26.276840644070308,127.73121356964101,,,,,,,,,,,,,208,red,0,0,0
90,,10110040,1,20260729,5001,267,0,0,0,0,0,5085,289,0,0,0,0,0,3,26.47501802047749,127.955092,,,,,,,,,,,,,208,red,5268,5374,10642
90,,10110060,1,20260729,12832,1179,0,1,0,0,1,11051,1325,0,1,0,0,1,3,26.28023651673024,127.81364321708601,,,,,,,,,,,,,208,red,14011,12376,26387
90,,10110070,1,20260729,11440,995,0,0,0,0,0,11952,957,0,0,0,0,0,3,26.200277295979053,127.66189455985999,,,,,,,,,,,,,208,red,12435,12909,25344
90,,10110090,1,20260729,15882,1497,0,0,0,0,0,17306,1232,0,0,0,0,0,3,26.1754430532393,127.706499695777,,,,,,,,,,,,,208,red,17379,18538,35917
81,02,1810010,1,20260729,6257,1738,0,,,,,4,19,0,,,,,3,41.996809040234545,140.63609,,,0,0,0,0,0,0,0,0,0,0,212,blue,7995,23,8018
81,02,1810020,1,20260729,4039,1271,0,,,,,3660,1000,0,,,,,3,42.079752040271956,140.596961,,,0,0,0,0,0,0,0,0,0,0,212,blue,5310,4660,9970
81,02,1810030,1,20260729,,,,,,,,,,,,,,,3,42.18194404031664,140.438889,,,1,0,0,0,0,0,0,0,0,0,212,blue,0,0,0
81,02,1810040,1,20260729,,,,,,,,,,,,,,,3,42.21583304033111,140.385,,,1,0,0,0,0,0,0,0,0,0,212,blue,0,0,0
81,02,1810050,1,20260729,,,,,,,,,,,,,,,3,42.29972204036625,140.271667,,,1,0,0,0,0,0,0,0,0,2,212,blue,0,0,0
81,03,1810060,1,20260729,623,144,0,,,,,702,176,0,,,,,3,42.70250004052043,140.42222,,,0,0,0,0,0,0,0,0,0,0,212,blue,767,878,1645
81,03,1810070,1,20260729,1586,185,0,,,,,1491,305,0,,,,,3,42.805277040555936,140.52666,,,0,0,0,0,0,0,0,0,0,0,212,blue,1771,1796,3567
81,03,1810080,1,20260729,713,214,0,,,,,461,150,0,,,,,3,42.79952604055398,140.700552,,,0,0,0,0,0,0,0,0,0,143,212,blue,927,611,1538
81,03,1810100,1,20260729,,,,,,,,,,,,,,,3,43.037777040630445,140.678611,,,1,0,0,0,0,0,0,0,0,0,212,blue,0,0,0
81,03,1810110,1,20260729,5143,645,0,,,,,5768,696,0,,,,,3,43.20720804067966,140.975798,,,0,0,0,0,0,0,0,0,0,0,212,blue,5788,6464,12252
81,03,1810120,1,20260729,10811,966,0,,,,,11425,1024,0,,,,,3,43.177556040671355,141.041001,,,0,0,0,0,0,0,0,0,0,0,212,blue,11777,12449,24226
81,02,1810130,1,20260729,168,19,0,,,,,224,26,0,,,,,3,41.88166704018098,140.720833,,,0,0,0,0,0,0,0,0,0,0,212,blue,187,250,437
81,02,1810140,1,20260729,5245,468,0,,,,,4554,581,0,,,,,3,41.922053040199984,140.673037,,,1,0,0,0,0,0,0,0,0,0,212,blue,5713,5135,10848
81,01,1810160,1,20260729,1349,276,0,,,,,2188,281,0,,,,,3,43.575214040771755,141.936064,,,0,0,0,0,0,0,0,0,0,0,212,blue,1625,2469,4094
81,04,1810180,1,20260729,3838,579,0,,,,,5559,1578,0,,,,,3,43.75523899023857,142.273832256632,,,0,0,0,0,0,0,0,0,0,0,212,blue,4417,7137,11554
81,01,1810200,1,20260729,9958,1279,0,,,,,8329,1274,0,,,,,3,42.92800104059627,141.532244,,,0,0,0,0,0,0,0,0,0,15,212,blue,11237,9603,20840
81,01,1810210,1,20260729,6628,1195,0,,,,,3467,753,0,,,,,3,42.86212604057491,141.599922,,,0,0,0,0,0,0,0,0,0,19,212,blue,7823,4220,12043
81,05,1810220,1,20260729,7411,1979,0,,,,,7036,2157,0,,,,,3,42.736385040532305,141.709144,,,0,0,0,0,0,0,0,0,0,0,212,blue,9390,9193,18583
81,05,1810240,1,20260729,4040,691,0,,,,,4487,564,0,,,,,3,42.44474904042452,141.159993,,,0,0,0,0,0,0,0,0,0,0,212,blue,4731,5051,9782
81,05,1810250,1,20260729,8322,355,0,,,,,5925,287,0,,,,,3,42.32896604037825,140.996368,,,0,0,0,0,0,0,0,0,0,0,212,blue,8677,6212,14889
81,02,1810260,1,20260729,1010,329,0,,,,,1330,322,0,,,,,3,42.59861104048294,140.461667,,,0,0,0,0,0,0,0,0,0,0,212,blue,1339,1652,2991
81,05,1810270,1,20260729,1065,400,0,,,,,1064,426,0,,,,,3,42.59319704048096,140.520753,,,0,0,0,0,0,0,0,0,0,0,212,blue,1465,1490,2955
81,05,1810280,1,20260729,1095,391,0,,,,,1062,408,0,,,,,3,42.59372804048115,140.535945,,,0,0,0,0,0,0,0,0,0,1,212,blue,1486,1470,2956
81,05,1810290,1,20260729,55,0,0,,,,,1831,628,0,,,,,3,42.56267604046962,140.742626,,,0,0,0,0,0,0,0,0,0,0,212,blue,55,2459,2514
81,01,1810310,1,20260729,,,,,,,,,,,,,,,3,43.57408404077149,141.983838,,,1,,,,,,,,,,212,blue,0,0,0
81,01,1810320,1,20260729,,,,,,,,,,,,,,,3,43.47080004074768,142.266721,,,1,,,,,,,,,,212,blue,0,0,0
81,04,1810350,1,20260729,795,197,0,,,,,804,173,0,,,,,3,43.197272411385796,142.57548514343702,,,0,0,0,0,0,1,1,0,0,85,212,blue,992,977,1969
81,07,1810360,1,20260729,229,34,0,,,,,229,44,0,,,,,3,43.15712704066555,142.786825,,,0,0,0,0,0,0,0,0,0,146,212,blue,263,273,536
81,07,1810370,1,20260729,1253,437,0,,,,,1091,405,0,,,,,3,42.814306040558975,143.51125,,,0,0,0,0,0,0,0,0,0,0,212,blue,1690,1496,3186
81,07,1810380,1,20260729,,,,,,,,,,,,,,,3,42.82083104056116,143.71063,,,1,0,0,0,0,0,0,0,0,0,212,blue,0,0,0
81,06,1810390,1,20260729,,,,,,,,,,,,,,,3,42.86448904057567,143.874907,,,1,0,0,0,0,0,0,0,0,0,212,blue,0,0,0
81,06,1810400,1,20260729,,,,,,,,,,,,,,,3,43.00508004062045,144.254672,,,1,0,0,0,0,0,0,0,0,0,212,blue,0,0,0
81,06,1810410,1,20260729,,,,,,,,,,,,,,,3,43.0195510406249,144.257695,,,1,0,0,0,0,0,0,0,0,0,212,blue,0,0,0
81,06,1810420,1,20260729,7571,415,0,,,,,6721,308,0,,,,,3,43.00768404062126,144.364725,,,0,0,0,0,0,0,0,0,0,0,212,blue,7986,7029,15015
81,04,1810430,1,20260729,1011,272,0,,,,,853,153,0,,,,,3,43.89533772001418,142.522262332469,,,0,0,0,0,0,0,0,0,0,0,212,blue,1283,1006,2289
81,08,1810460,1,20260729,,,,,,,,,,,,,,,3,43.88484504083343,144.001818,,,1,0,0,0,0,0,0,0,0,44,212,blue,0,0,0
81,08,1810480,1,20260729,,,,,,,,,,,,,,,3,43.91366204083846,144.156572,,,1,0,0,0,0,0,0,0,0,24,212,blue,0,0,0
81,04,1810490,1,20260729,,,,,,,,,,,,,,,3,43.84734151228824,142.449476813803,,,1,0,0,0,0,0,0,0,0,4,212,blue,0,0,0
81,04,1810500,1,20260729,1393,385,0,,,,,1302,267,0,,,,,3,44.091634905591874,142.391293207353,,,0,0,0,0,0,0,0,0,0,17,212,blue,1778,1569,3347
81,04,1810510,1,20260729,786,239,0,,,,,737,132,0,,,,,3,44.70483751674948,142.274019195489,,,0,0,0,0,0,0,0,0,0,12,212,blue,1025,869,1894
81,04,1810520,1,20260729,78,21,0,,,,,71,13,0,,,,,3,44.72277804092767,142.249444,,,0,0,0,0,0,0,0,0,0,77,212,blue,99,84,183
81,09,1810530,1,20260729,485,315,0,,,,,515,279,0,,,,,3,44.89642004093388,141.953541,,,0,0,0,0,0,0,0,0,0,4,212,blue,800,794,1594
81,10,1810540,1,20260729,0,0,0,,,,,73,28,0,,,,,3,45.02095404093553,141.771843,,,0,0,0,0,0,0,0,0,0,0,212,blue,0,101,101
81,10,1810550,1,20260729,416,79,0,,,,,427,51,0,,,,,3,45.1450290409348,141.751626,,,0,0,0,0,0,0,0,0,0,27,212,blue,495,478,973
81,10,1810560,1,20260729,,,,,,,,,,,,,,,3,45.22646604093306,141.745387,,,1,,,,,,,,,,212,blue,0,0,0
81,10,1810570,1,20260729,665,167,0,,,,,800,68,0,,,,,3,45.11301904093522,141.794418,,,0,0,0,0,0,0,0,0,0,0,212,blue,832,868,1700
81,06,1810580,1,20260729,6562,279,0,,,,,6746,237,0,,,,,3,42.9878210406151,144.393418,,,0,0,0,0,0,0,0,0,0,0,212,blue,6841,6983,13824
81,06,1810590,1,20260729,,,,,,,,,,,,,,,3,43.05774504063647,144.791279,,,1,0,0,0,0,2,2,0,0,0,212,blue,0,0,0
81,06,1810600,1,20260729,2840,671,0,,,,,2857,452,0,,,,,3,43.05804004063655,144.830749,,,0,0,0,0,0,0,0,0,0,0,212,blue,3511,3309,6820
81,06,1810610,1,20260729,,,,,,,,,,,,,,,3,43.282406040700124,145.50731400000004,,,1,0,0,0,0,0,0,0,0,0,212,blue,0,0,0
81,02,1810620,1,20260729,1241,310,0,,,,,1059,201,0,,,,,3,41.95083004021339,140.45583300000004,,,0,0,0,0,0,0,0,0,0,0,212,blue,1551,1260,2811
81,02,1810630,1,20260729,1306,138,0,,,,,1231,83,0,,,,,3,41.77072204012754,140.613139,,,0,0,0,0,0,0,0,0,0,0,212,blue,1444,1314,2758
81,02,1810640,1,20260729,1839,240,0,,,,,1336,152,0,,,,,3,41.666445040075686,140.434972,,,0,0,0,0,0,0,0,0,0,0,212,blue,2079,1488,3567
81,02,1810650,1,20260729,2020,289,0,,,,,1706,154,0,,,,,3,41.624898040054596,140.429715,,,0,0,0,0,0,0,0,0,0,0,212,blue,2309,1860,4169
81,02,1810660,1,20260729,985,121,0,,,,,939,110,0,,,,,3,41.49941703998935,140.249306,,,0,0,0,0,0,0,0,0,0,0,212,blue,1106,1049,2155
81,02,1810670,1,20260729,503,116,0,,,,,541,69,0,,,,,3,41.40202103993715,140.185625,,,0,0,0,0,0,0,0,0,0,0,212,blue,619,610,1229
81,02,1810680,1,20260729,976,200,0,,,,,992,131,0,,,,,3,41.43166703995318,140.128056,,,0,0,0,0,0,0,0,0,0,0,212,blue,1176,1123,2299
81,02,1810690,1,20260729,337,51,0,,,,,357,87,0,,,,,3,41.71166704009836,140.027778,,,0,0,0,0,0,0,0,0,0,0,212,blue,388,444,832
81,02,1810700,1,20260729,1618,241,0,,,,,1824,189,0,,,,,3,41.84777804016484,140.12472200000002,,,0,0,0,0,0,0,0,0,0,0,212,blue,1859,2013,3872
81,02,1810710,1,20260729,1647,388,0,,,,,1687,250,0,,,,,3,41.84277804016245,140.732222,,,0,0,0,0,0,0,0,0,0,0,212,blue,2035,1937,3972
81,02,1810720,1,20260729,1215,108,0,,,,,956,72,0,,,,,3,41.83613904015928,140.64875,,,0,0,0,0,0,0,0,0,0,0,212,blue,1323,1028,2351
81,02,1810730,1,20260729,,,,,,,,,,,,,,,3,41.78055604013235,140.61055600000003,,,1,0,0,0,0,0,0,0,0,0,212,blue,0,0,0
81,03,1810750,1,20260729,1971,241,0,,,,,1788,136,0,,,,,3,43.2287050406856,140.73446400000003,,,0,0,0,0,0,0,0,0,0,0,212,blue,2212,1924,4136
81,03,1810760,1,20260729,1343,119,0,,,,,1170,129,0,,,,,3,43.280277040699566,140.6375,,,0,0,0,0,0,0,0,0,0,0,212,blue,1462,1299,2761
81,03,1810780,1,20260729,588,79,0,,,,,541,35,0,,,,,3,43.328914040712355,140.422613,,,0,0,0,0,0,0,0,0,0,0,212,blue,667,576,1243
81,03,1810790,1,20260729,47,9,0,,,,,511,42,0,,,,,3,43.19878704067732,140.346959,,,0,0,0,0,0,0,0,0,0,0,212,blue,56,553,609
81,03,1810800,1,20260729,1374,190,0,,,,,1240,249,0,,,,,3,43.04480504063257,140.505833,,,0,0,0,0,0,0,0,0,0,0,212,blue,1564,1489,3053
81,03,1810810,1,20260729,,,,,,,,,,,,,,,3,43.02277704062587,140.548333,,,1,,,,,,,,,,212,blue,0,0,0
81,03,1810820,1,20260729,2621,964,0,,,,,3815,864,0,,,,,3,42.99750304061811,140.538303,,,0,0,0,0,0,0,0,0,0,0,212,blue,3585,4679,8264
81,03,1810830,1,20260729,2347,548,0,,,,,2425,432,0,,,,,3,42.981000040613,140.511333,,,0,0,0,0,0,0,0,0,0,0,212,blue,2895,2857,5752
81,03,1810840,1,20260729,719,278,0,,,,,0,1,0,,,,,3,42.93163404059743,140.409415,,,0,0,0,0,0,0,0,0,0,0,212,blue,997,1,998
81,03,1810850,1,20260729,716,298,0,,,,,766,263,0,,,,,3,42.83094404056455,140.308974,,,0,0,0,0,0,0,0,0,0,0,212,blue,1014,1029,2043
81,03,1810860,1,20260729,1,0,0,,,,,690,235,0,,,,,3,42.818297040560324,140.184051,,,0,0,0,0,0,0,0,0,0,0,212,blue,1,925,926
81,03,1810870,1,20260729,119,20,0,,,,,112,15,0,,,,,3,42.68444404051404,139.919444,,,0,0,0,0,0,0,0,0,0,0,212,blue,139,127,266
81,02,1810880,1,20260729,113,20,0,,,,,103,16,0,,,,,3,42.57583304047453,139.832222,,,0,0,0,0,0,0,0,0,0,0,212,blue,133,119,252
81,02,1810890,1,20260729,193,28,0,,,,,217,43,0,,,,,3,42.17250004031257,139.899444,,,0,0,0,0,0,0,0,0,0,0,212,blue,221,260,481
81,02,1810900,1,20260729,,,,,,,,,,,,,,,3,42.21750004033183,139.868333,,,1,0,0,0,0,0,0,0,0,0,212,blue,0,0,0
81,02,1810910,1,20260729,,,,,,,,,,,,,,,3,42.11918804028937,140.016837,,,1,0,0,0,0,0,0,0,0,0,212,blue,0,0,0
81,02,1810920,1,20260729,1324,90,0,,,,,1248,194,0,,,,,3,41.97324904022374,140.139624,,,0,0,0,0,0,0,0,0,0,0,212,blue,1414,1442,2856
81,01,1810940,1,20260729,,,,,,,,,,,,,,,3,43.001256040619275,141.339621,,,1,0,0,0,0,0,0,0,0,0,212,blue,0,0,0
81,01,1810950,1,20260729,,,,,,,,,,,,,,,3,42.999192040618645,141.337588,,,1,0,0,0,0,0,0,0,0,3,212,blue,0,0,0
81,01,1810960,1,20260729,2776,360,0,,,,,2046,183,0,,,,,3,42.9536270406044,141.151206,,,0,0,0,0,0,0,0,0,0,12,212,blue,3136,2229,5365
81,01,1810970,1,20260729,,,,,,,,,,,,,,,3,42.883263040581824,141.139985,,,1,,,,,,,,,,212,blue,0,0,0
81,03,1810980,1,20260729,,,,,,,,,,,,,,,3,42.69444404051758,140.839722,,,1,0,0,0,0,0,0,0,0,77,212,blue,0,0,0
81,01,1811010,1,20260729,4326,463,0,,,,,3042,544,0,,,,,3,43.161847040666906,141.353771,,,0,0,0,0,0,0,0,0,0,78,212,blue,4789,3586,8375
81,01,1811020,1,20260729,,,,,,,,,,,,,,,3,43.183375040672985,141.323859,,,1,0,0,0,0,0,0,0,0,1,212,blue,0,0,0
81,01,1811030,1,20260729,,,,,,,,,,,,,,,3,43.22320404068409,141.345058,,,1,0,0,0,0,0,0,0,0,0,212,blue,0,0,0
81,01,1811040,1,20260729,1059,157,0,,,,,800,129,0,,,,,3,43.39904804073019,141.436259,,,0,0,0,0,0,0,0,0,0,13,212,blue,1216,929,2145
81,09,1811050,1,20260729,,,,,,,,,,,,,,,3,43.75429004080918,141.350733,,,1,0,0,0,0,0,0,0,0,6,212,blue,0,0,0
81,09,1811060,1,20260729,,,,,,,,,,,,,,,3,44.96648604093511,141.761931,,,1,0,0,0,0,0,0,0,0,1,212,blue,0,0,0
81,09,1811080,1,20260729,,,,,,,,,,,,,,,3,44.80492204093118,141.785854,,,1,0,0,0,0,0,0,0,0,0,212,blue,0,0,0
81,09,1811090,1,20260729,,,,,,,,,,,,,,,3,44.64226604092325,141.79398,,,1,0,0,0,0,0,0,0,0,0,212,blue,0,0,0
81,09,1811110,1,20260729,,,,,,,,,,,,,,,3,44.37405804090138,141.71125400000003,,,1,0,0,0,0,0,0,0,0,20,212,blue,0,0,0
81,09,1811120,1,20260729,563,146,0,,,,,1357,301,0,,,,,3,44.255796040888285,141.656338,,,0,0,0,0,0,0,0,0,0,2,212,blue,709,1658,2367
81,09,1811130,1,20260729,,,,,,,,,,,,,,,3,44.07063104086351,141.663029,,,1,0,0,0,0,0,0,0,0,1,212,blue,0,0,0
81,09,1811140,1,20260729,,,,,,,,,,,,,,,3,43.99097904085126,141.651204,,,1,,,,,,,,,,212,blue,0,0,0
81,09,1811150,1,20260729,1454,314,0,,,,,1483,414,0,,,,,3,43.94678404084405,141.651833,,,0,0,0,0,0,0,0,0,0,23,212,blue,1768,1897,3665
81,09,1811160,1,20260729,,,,,,,,,,,,,,,3,43.832161040823955,141.829941,,,1,0,0,0,0,0,0,0,0,0,212,blue,0,0,0
81,09,1811170,1,20260729,,,,,,,,,,,,,,,3,43.849231040827085,141.814442,,,1,0,0,0,0,0,0,0,0,2,212,blue,0,0,0
81,09,1811180,1,20260729,264,48,0,,,,,338,87,0,,,,,3,43.874433040831605,141.738524,,,0,0,0,0,0,0,0,0,0,0,212,blue,312,425,737
81,09,1811190,1,20260729,1106,195,0,,,,,604,205,0,,,,,3,43.91902504083936,141.685028,,,0,0,0,0,0,0,0,0,0,5,212,blue,1301,809,2110
81,09,1811200,1,20260729,1436,354,0,,,,,1425,335,0,,,,,3,43.887433040833905,141.711544,,,0,0,0,0,0,0,0,0,0,5,212,blue,1790,1760,3550
81,01,1811210,1,20260729,,,,,,,,,,,,,,,3,43.19164404067532,141.764248,,,1,,,,,,,,,,212,blue,0,0,0
81,01,1811220,1,20260729,496,328,0,,,,,515,217,0,,,,,3,42.898883040586895,141.813884,,,0,0,0,0,0,0,0,0,0,74,212,blue,824,732,1556
81,05,1811230,1,20260729,1311,715,0,,,,,1236,831,0,,,,,3,42.885113040582425,141.812065,,,0,0,0,0,0,0,0,0,0,0,212,blue,2026,2067,4093
81,05,1811240,1,20260729,1203,602,0,,,,,1413,775,0,,,,,3,42.76319504054159,141.812586,,,0,0,0,0,0,0,0,0,0,1,212,blue,1805,2188,3993
81,05,1811250,1,20260729,,,,,,,,,,,,,,,3,42.55317704046606,141.981715,,,1,0,0,0,0,0,0,0,0,87,212,blue,0,0,0
81,05,1811260,1,20260729,4281,471,0,,,,,3925,317,0,,,,,3,42.16916704031112,142.768611,,,0,0,0,0,0,0,0,0,0,1,212,blue,4752,4242,8994
81,05,1811270,1,20260729,2158,446,0,,,,,1904,266,0,,,,,3,42.50615204044825,142.070834,,,0,0,0,0,0,0,0,0,0,0,212,blue,2604,2170,4774
81,07,1811280,1,20260729,849,217,0,,,,,120,70,0,,,,,3,42.58422604047764,143.30053,,,0,0,0,0,0,1,1,0,0,0,212,blue,1066,190,1256
81,07,1811290,1,20260729,120,59,0,,,,,127,73,0,,,,,3,42.3768230403976,143.061454,,,0,0,0,0,0,53,53,0,0,0,212,blue,179,200,379
81,04,1811320,1,20260729,,,,,,,,,,,,,,,3,43.60527804077837,142.469167,,,1,0,0,0,0,0,0,0,0,5,212,blue,0,0,0
81,04,1811330,1,20260729,3303,594,0,,,,,3006,466,0,,,,,3,43.560996966472565,142.4353437615,,,0,0,0,0,0,0,0,0,0,9,212,blue,3897,3472,7369
81,08,1811370,1,20260729,195,92,0,,,,,193,76,0,,,,,3,44.09975304086775,143.867897,,,0,0,0,0,0,0,0,0,0,129,212,blue,287,269,556
81,08,1811380,1,20260729,525,150,0,,,,,463,153,0,,,,,3,44.12070404087072,143.72058,,,0,0,0,0,0,0,0,0,0,103,212,blue,675,616,1291
81,08,1811390,1,20260729,2500,504,0,,,,,2264,404,0,,,,,3,44.364948040900465,143.334896,,,0,0,0,0,0,0,0,0,0,0,212,blue,3004,2668,5672
81,10,1811400,1,20260729,499,122,0,,,,,418,128,0,,,,,3,44.77764204093013,142.721902,,,0,0,0,0,0,0,0,0,0,12,212,blue,621,546,1167
81,10,1811410,1,20260729,522,335,0,,,,,544,329,0,,,,,3,45.361691040927944,142.122166,,,0,0,0,0,0,0,0,0,0,0,212,blue,857,873,1730
81,10,1811420,1,20260729,0,0,0,,,,,935,137,0,,,,,3,45.43710504092389,141.862347,,,0,0,0,0,0,0,0,0,0,90,212,blue,0,1072,1072
81,08,1811430,1,20260729,329,104,0,,,,,318,109,0,,,,,3,44.40500204090447,143.017708,,,0,0,0,0,0,0,0,0,0,0,212,blue,433,427,860
81,04,1811440,1,20260729,210,55,0,,,,,246,76,0,,,,,3,44.31599186248862,142.78318613417,,,0,0,0,0,0,0,0,0,0,53,212,blue,265,322,587
81,04,1811450,1,20260729,367,141,0,,,,,218,131,0,,,,,3,44.18218514890566,142.3067879962,,,0,0,0,0,0,0,0,0,0,14,212,blue,508,349,857
81,09,1811460,1,20260729,,,,,,,,,,,,,,,3,44.20144804088155,142.034387,,,1,0,0,0,0,0,0,0,0,3,212,blue,0,0,0
81,06,1811490,1,20260729,,,,,,,,,,,,,,,3,43.28312104070033,144.106479,,,1,0,0,0,0,1,1,0,0,0,212,blue,0,0,0
81,06,1811500,1,20260729,353,205,0,,,,,342,147,0,,,,,3,43.45847504074473,144.008366,,,0,0,0,0,0,0,0,0,0,0,212,blue,558,489,1047
81,08,1811520,1,20260729,1978,296,0,,,,,1999,427,0,,,,,3,44.16231304087643,143.57881,,,0,0,0,0,0,1,1,0,0,3,212,blue,2274,2426,4700
81,08,1811530,1,20260729,2055,399,0,,,,,2108,386,0,,,,,3,44.13401504087257,143.561357,,,0,0,0,0,0,0,0,0,0,0,212,blue,2454,2494,4948
81,08,1811540,1,20260729,,,,,,,,,,,,,,,3,43.81153304082013,143.553741,,,1,0,0,0,0,1,1,0,0,31,212,blue,0,0,0
81,07,1811550,1,20260729,60,30,0,,,,,55,36,0,,,,,3,43.614803040780444,143.623559,,,0,0,0,0,0,0,0,0,0,0,212,blue,90,91,181
81,07,1811560,1,20260729,1310,287,0,,,,,1542,353,0,,,,,3,42.950446040603396,143.426823,,,0,0,0,0,0,0,0,0,0,0,212,blue,1597,1895,3492
81,07,1811570,1,20260729,261,26,0,,,,,3603,430,0,,,,,3,42.91920004059345,143.382799,,,0,0,0,0,0,0,0,0,0,0,212,blue,287,4033,4320
81,06,1811580,1,20260729,0,2,0,,,,,481,135,0,,,,,3,43.65168204078832,144.260814,,,0,0,0,0,0,0,0,0,0,0,212,blue,2,616,618
81,06,1811590,1,20260729,632,177,0,,,,,582,177,0,,,,,3,43.48222204075039,144.542778,,,0,0,0,0,0,0,0,0,0,0,212,blue,809,759,1568
81,06,1811600,1,20260729,,,,,,,,,,,,,,,3,43.415912040734376,144.740463,,,1,0,0,0,0,0,0,0,0,0,212,blue,0,0,0
81,08,1811610,1,20260729,2183,324,0,,,,,2017,244,0,,,,,3,43.96614504084723,144.326697,,,0,0,0,0,0,0,0,0,0,0,212,blue,2507,2261,4768
81,08,1811620,1,20260729,1093,166,0,,,,,1002,198,0,,,,,3,43.91012304083783,144.542023,,,0,0,0,0,0,0,0,0,0,0,212,blue,1259,1200,2459
81,08,1811630,1,20260729,,,,,,,,,,,,,,,3,43.888827040834144,144.736391,,,1,0,0,0,0,2,2,0,0,53,212,blue,0,0,0
81,06,1811640,1,20260729,,,,,,,,,,,,,,,3,43.73179504080475,144.960789,,,1,0,0,0,0,0,0,0,0,0,212,blue,0,0,0
81,06,1811650,1,20260729,179,42,0,,,,,175,41,0,,,,,3,43.69435704079721,145.112266,,,0,0,0,0,0,0,0,0,0,0,212,blue,221,216,437
81,06,1811660,1,20260729,,,,,,,,,,,,,,,3,43.37687304072465,145.283748,,,1,0,0,0,0,1,1,0,0,0,212,blue,0,0,0
81,06,1811670,1,20260729,,,,,,,,,,,,,,,3,43.225599040684756,144.69552000000002,,,1,0,0,0,0,0,0,0,0,0,212,blue,0,0,0
81,06,1811680,1,20260729,872,268,0,,,,,967,192,0,,,,,3,43.384169040726476,144.866826,,,0,0,0,0,0,0,0,0,0,0,212,blue,1140,1159,2299
81,06,1811690,1,20260729,,,,,,,,,,,,,,,3,43.60985404077937,145.077277,,,1,0,0,0,0,0,0,0,0,0,212,blue,0,0,0
81,07,1811700,1,20260729,378,84,0,,,,,278,63,0,,,,,3,43.353586040718724,143.261308,,,0,0,0,0,0,0,0,0,0,0,212,blue,462,341,803
81,07,1811710,1,20260729,213,67,0,,,,,201,54,0,,,,,3,43.571286040770886,143.120781,,,0,0,0,0,0,0,0,0,0,3,212,blue,280,255,535
81,04,1811730,1,20260729,264,105,0,,,,,207,39,0,,,,,3,43.909246029716684,142.97348513542,,,0,0,0,0,0,0,0,0,0,8,212,blue,369,246,615
81,04,1811740,1,20260729,214,85,0,,,,,159,38,0,,,,,3,43.9388162846136,142.945802727953,,,0,0,0,0,0,0,0,0,0,60,212,blue,299,197,496
81,01,1811750,1,20260729,2795,1052,0,,,,,2037,936,0,,,,,3,42.98946404061562,141.609539,,,0,0,0,0,0,0,0,0,0,2,212,blue,3847,2973,6820
81,01,1811760,1,20260729,712,195,0,,,,,441,154,0,,,,,3,42.94269504060095,141.76061,,,1,0,0,0,0,0,0,0,0,4,212,blue,907,595,1502
81,01,1811770,1,20260729,926,381,0,,,,,669,375,0,,,,,3,42.950353040603375,141.802672,,,0,0,0,0,0,0,0,0,0,1,212,blue,1307,1044,2351
81,01,1811780,1,20260729,,,,,,,,,,,,,,,3,42.91325204059154,141.966963,,,1,0,0,0,0,0,0,0,0,1,212,blue,0,0,0
81,01,1811790,1,20260729,,,,,,,,,,,,,,,3,42.92852504059643,142.063994,,,1,0,0,0,0,0,0,0,0,1,212,blue,0,0,0
81,05,1811800,1,20260729,569,623,0,,,,,362,518,0,,,,,3,42.9641030406077,142.63981100000004,,,0,0,0,0,0,0,0,0,0,0,212,blue,1192,880,2072
81,01,1811810,1,20260729,2800,843,0,,,,,2408,647,0,,,,,3,43.18243804067272,141.523454,,,0,0,0,0,0,0,0,0,0,45,212,blue,3643,3055,6698
81,01,1811830,1,20260729,1228,398,0,,,,,1436,200,0,,,,,3,43.54600104076516,141.884426,,,0,0,0,0,0,0,0,0,0,5,212,blue,1626,1636,3262
81,01,1811840,1,20260729,981,205,0,,,,,898,164,0,,,,,3,43.71586004080156,141.885874,,,0,0,0,0,0,0,0,0,0,13,212,blue,1186,1062,2248
81,01,1811850,1,20260729,281,73,0,,,,,307,58,0,,,,,3,43.76892104081203,141.884179,,,0,0,0,0,0,0,0,0,0,18,212,blue,354,365,719
81,01,1811860,1,20260729,428,78,0,,,,,387,83,0,,,,,3,43.80589304081908,141.905599,,,0,0,0,0,0,0,0,0,0,4,212,blue,506,470,976
81,01,1811870,1,20260729,214,55,0,,,,,171,52,0,,,,,3,43.917356040839074,142.125632,,,0,0,0,0,0,0,0,0,0,15,212,blue,269,223,492
81,04,1811880,1,20260729,200,52,0,,,,,199,27,0,,,,,3,44.74113379582216,142.253439072174,,,0,0,0,0,0,0,0,0,0,69,212,blue,252,226,478
81,10,1811890,1,20260729,261,70,0,,,,,286,43,0,,,,,3,44.820303040931734,142.284138,,,0,0,0,0,0,0,0,0,0,0,212,blue,331,329,660
81,10,1811900,1,20260729,197,51,0,,,,,205,43,0,,,,,3,45.044884040935564,142.315271,,,0,0,0,0,0,0,0,0,0,75,212,blue,248,248,496
81,10,1811910,1,20260729,280,65,0,,,,,317,61,0,,,,,3,45.10820204093526,142.363773,,,0,0,0,0,0,0,0,0,0,93,212,blue,345,378,723
81,03,1811920,1,20260729,1057,396,0,,,,,969,492,0,,,,,3,42.98635304061466,140.606197,,,0,0,0,0,0,0,0,0,0,0,212,blue,1453,1461,2914
81,03,1811930,1,20260729,572,222,0,,,,,706,253,0,,,,,3,42.88083304058103,140.878055,,,0,0,0,0,0,0,0,0,0,68,212,blue,794,959,1753
81,03,1811940,1,20260729,608,231,0,,,,,566,375,0,,,,,3,42.80440904055563,140.891961,,,0,0,0,0,0,0,0,0,0,26,212,blue,839,941,1780
81,03,1811950,1,20260729,353,180,0,,,,,333,95,0,,,,,3,42.75773904053971,141.013347,,,0,0,0,0,0,0,0,0,0,66,212,blue,533,428,961
81,01,1811980,1,20260729,,,,,,,,,,,,,,,3,42.71955604052643,141.252074,,,1,0,0,0,0,0,0,0,0,13,212,blue,0,0,0
81,01,1811990,1,20260729,821,276,0,,,,,915,303,0,,,,,3,42.74221004053433,141.402953,,,0,0,0,0,0,0,0,0,0,6,212,blue,1097,1218,2315
81,02,1812000,1,20260729,,,,,,,,,,,,,,,3,42.1695560403113,140.052167,,,1,0,0,0,0,0,0,0,0,0,212,blue,0,0,0
81,02,1812010,1,20260729,1771,209,0,,,,,1903,257,0,,,,,3,41.76194404012323,140.856944,,,0,0,0,0,0,0,0,0,0,0,212,blue,1980,2160,4140
81,02,1812020,1,20260729,,,,,,,,,,,,,,,3,41.714722040099886,140.9975,,,1,0,0,0,0,0,0,0,0,0,212,blue,0,0,0
81,02,1812030,1,20260729,194,27,0,,,,,219,29,0,,,,,3,41.87888904017965,141.092222,,,0,0,0,0,0,0,0,0,0,0,212,blue,221,248,469
81,02,1812040,1,20260729,520,188,0,,,,,605,79,0,,,,,3,41.9566670402161,140.928611,,,0,0,0,0,0,0,0,0,0,0,212,blue,708,684,1392
81,02,1812050,1,20260729,381,45,0,,,,,407,39,0,,,,,3,42.013056040241956,140.853611,,,0,0,0,0,0,0,0,0,0,0,212,blue,426,446,872
81,02,1812060,1,20260729,362,99,0,,,,,214,24,0,,,,,3,42.042500040255284,140.813056,,,0,0,0,0,0,0,0,0,0,0,212,blue,461,238,699
81,02,1812070,1,20260729,586,171,0,,,,,567,205,0,,,,,3,42.12805604029326,140.711389,,,0,0,0,0,0,0,0,0,0,0,212,blue,757,772,1529
81,02,1812080,1,20260729,1483,211,0,,,,,1579,192,0,,,,,3,42.118611040289125,140.632778,,,0,0,0,0,0,0,0,0,0,0,212,blue,1694,1771,3465
81,06,1812090,1,20260729,,,,,,,,,,,,,,,3,43.89994004083609,145.099582,,,1,0,0,0,0,0,0,0,0,0,212,blue,0,0,0
81,05,1812130,1,20260729,253,56,0,,,,,187,74,0,,,,,3,42.02778604024864,143.231184,,,0,0,0,0,0,0,0,0,0,1,212,blue,309,261,570
81,07,1812150,1,20260729,239,38,0,,,,,217,42,0,,,,,3,42.16205004030805,143.324722,,,0,0,0,0,0,0,0,0,0,0,212,blue,277,259,536
81,07,1812160,1,20260729,454,38,0,,,,,615,99,0,,,,,3,42.28181504035883,143.31818,,,0,0,0,0,0,0,0,0,0,0,212,blue,492,714,1206
81,07,1812170,1,20260729,1001,161,0,,,,,794,165,0,,,,,3,42.31167504037117,143.321422,,,0,0,0,0,0,60,60,0,0,4,212,blue,1162,959,2121
81,07,1812180,1,20260729,130,79,0,,,,,170,81,0,,,,,3,42.68446104051403,143.603341,,,0,0,0,0,0,0,0,0,0,0,212,blue,209,251,460
81,07,1812190,1,20260729,185,123,0,,,,,178,96,0,,,,,3,42.69525004051786,143.616062,,,0,0,0,0,0,0,0,0,0,0,212,blue,308,274,582
81,07,1812200,1,20260729,119,88,0,,,,,198,101,0,,,,,3,42.74125304053399,143.631419,,,0,0,0,0,0,0,0,0,0,0,212,blue,207,299,506
81,01,1812210,1,20260729,196,36,0,,,,,217,30,0,,,,,3,42.85600604057288,141.704289,,,0,0,0,0,0,0,0,0,0,75,212,blue,232,247,479
81,01,1812220,1,20260729,,,,,,,,,,,,,,,3,42.969962040609545,141.672998,,,1,0,0,0,0,0,0,0,0,2,212,blue,0,0,0
81,01,1812230,1,20260729,,,,,,,,,,,,,,,3,43.02096904062534,141.663755,,,1,0,0,0,0,0,0,0,0,5,212,blue,0,0,0
81,03,1812240,1,20260729,5304,2035,0,,,,,5045,1646,0,,,,,3,43.14450004066195,141.187805,,,0,0,0,0,0,0,0,0,0,0,212,blue,7339,6691,14030
81,06,1812250,1,20260729,372,136,0,,,,,381,116,0,,,,,3,43.68733204079576,144.466438,,,0,0,0,0,0,0,0,0,0,0,212,blue,508,497,1005
81,03,1812260,1,20260729,1129,268,0,,,,,707,138,0,,,,,3,42.99111104061613,140.875833,,,0,0,0,0,0,0,0,0,0,0,212,blue,1397,845,2242
81,04,1812290,1,20260729,2174,523,0,,,,,1802,336,0,,,,,3,43.85258742603739,142.702731203374,,,0,0,0,0,0,5,5,0,0,10,212,blue,2697,2138,4835
81,01,1812300,1,20260729,0,0,0,,,,,359,58,0,,,,,3,43.578650040772516,141.414894,,,0,0,0,0,0,0,0,0,0,5,212,blue,0,417,417
81,01,1812310,1,20260729,65,10,0,,,,,81,9,0,,,,,3,43.548241040765674,141.621516,,,0,0,0,0,0,0,0,0,0,5,212,blue,75,90,165
81,01,1812320,1,20260729,71,15,0,,,,,72,21,0,,,,,3,43.542762040764444,141.638006,,,0,0,0,0,0,0,0,0,0,0,212,blue,86,93,179
81,01,1812330,1,20260729,2136,141,0,,,,,2242,95,0,,,,,3,43.55901004076813,141.903362,,,0,0,0,0,0,0,0,0,0,72,212,blue,2277,2337,4614
81,01,1812340,1,20260729,397,46,0,,,,,320,32,0,,,,,3,42.995832040617586,142.00991,,,0,0,0,0,0,0,0,0,0,1,212,blue,443,352,795
81,01,1812350,1,20260729,5298,280,0,,,,,5825,293,0,,,,,3,42.979904040612645,141.346302,,,1,0,0,0,0,0,0,0,0,17,212,blue,5578,6118,11696
81,01,1812370,1,20260729,654,30,0,,,,,606,32,0,,,,,3,42.83639604056636,141.300884,,,0,0,0,0,0,0,0,0,0,5,212,blue,684,638,1322
81,01,1812380,1,20260729,676,26,0,,,,,668,38,0,,,,,3,42.80255304055502,141.327921,,,0,0,0,0,0,0,0,0,0,4,212,blue,702,706,1408
82,,2810180,1,20260729,598,119,0,,,,,55,31,0,,,,,3,38.89166803813703,141.115835,,,1,,,,0,,,,,,214,blue,717,86,803
82,,2810190,1,20260729,528,44,0,,,,,262,59,0,,,,,3,39.03166703825964,141.1175,,,1,,,,0,,,,,,214,blue,572,321,893
82,,2810200,1,20260729,253,14,0,,,,,557,78,0,,,,,3,39.0450020382712,141.129544,,,1,,,,0,,,,,,214,blue,267,635,902
82,,2810220,1,20260729,8435,1373,0,,,,,8628,1176,0,,,,,3,39.29444503848296,141.105556,,,0,,,,0,,,,,,214,blue,9808,9804,19612
82,,2810230,1,20260729,0,0,0,,,,,0,0,0,,,,,3,39.344446038524424,141.106946,,,1,,,,0,,,,,,214,blue,0,0,0
82,,2810240,1,20260729,134,138,0,,,,,164,137,0,,,,,3,39.651946038772245,141.164724,,,1,,,,0,,,,,,214,blue,272,301,573
82,,2810250,1,20260729,115,17,0,,,,,167,43,0,,,,,3,39.888889038954595,141.19528,,,1,,,,0,,,,,,214,blue,132,210,342
82,,2810270,1,20260729,38,14,0,,,,,0,0,0,,,,,3,40.27277803923393,141.293058,,,1,,,,0,,,,,,214,blue,52,0,52
82,,2810280,1,20260729,948,255,0,,,,,979,273,0,,,,,3,40.41445803933193,141.298913,,,1,,,,0,,,,,,214,blue,1203,1252,2455
82,,2810290,1,20260729,3703,756,0,,,,,3610,530,0,,,,,3,40.718083039532594,141.156692,,,0,,,,0,,,,,,214,blue,4459,4140,8599
82,,2810300,1,20260729,247,60,0,,,,,206,75,0,,,,,3,40.907508039651255,141.061111,,,1,,,,0,,,,,,214,blue,307,281,588
82,,2810310,1,20260729,1757,394,0,,,,,1914,393,0,,,,,3,40.8547220396187,140.839178,,,1,,,,0,,,,,,214,blue,2151,2307,4458
82,,2810400,1,20260729,2358,308,0,,,,,1925,264,0,,,,,3,39.26847903846129,139.923131,,,0,,,,0,,,,,,214,blue,2666,2189,4855
82,,2810430,1,20260729,243,69,0,,,,,351,50,0,,,,,3,39.976642039020206,140.07770900000003,,,1,,,,0,,,,,,214,blue,312,401,713
82,,2810450,1,20260729,,,,,,,,,,,,,,,3,40.278639039238044,140.449111,,,1,,,,0,,,,,,214,blue,0,0,0
82,,2810460,1,20260729,480,176,0,,,,,521,50,0,,,,,3,40.275306039235716,140.516861,,,1,,,,0,,,,,,214,blue,656,571,1227
82,,2810470,1,20260729,1799,537,0,,,,,2019,663,0,,,,,3,40.317917039265446,140.578139,,,0,,,,0,,,,,,214,blue,2336,2682,5018
82,,2810480,1,20260729,368,91,0,,,,,486,76,0,,,,,3,40.577502039441285,140.518889,,,1,,,,0,,,,,,214,blue,459,562,1021
82,,2810490,1,20260729,2996,435,0,,,,,2981,414,0,,,,,3,40.711137039528154,140.580013,,,1,,,,0,,,,,,214,blue,3431,3395,6826
82,,2810580,1,20260729,5821,1220,0,,,,,5337,1012,0,,,,,3,39.260555038454655,140.543611,,,0,,,,0,,,,,,214,blue,7041,6349,13390
82,,2810590,1,20260729,4437,1321,0,,,,,5248,664,0,,,,,3,39.44138803860391,140.505,,,0,,,,0,,,,,,214,blue,5758,5912,11670
82,,2810600,1,20260729,3749,741,0,,,,,3762,576,0,,,,,3,39.51138803866052,140.380833,,,0,,,,0,,,,,,214,blue,4490,4338,8828
82,,2810610,1,20260729,3977,901,0,,,,,3629,961,0,,,,,3,39.63750003876089,140.300833,,,0,,,,0,,,,,,214,blue,4878,4590,9468
82,,2810620,1,20260729,9555,1528,0,,,,,8916,1827,0,,,,,3,39.67388903878944,140.152222,,,0,,,,0,,,,,,214,blue,11083,10743,21826
82,,2810630,1,20260729,13333,1594,0,,,,,11597,1931,0,,,,,3,39.69425003880535,140.122194,,,0,,,,0,,,,,,214,blue,14927,13528,28455
82,,2810760,1,20260729,439,81,0,,,,,402,95,0,,,,,3,38.98302803821732,141.6215,,,0,,,,0,,,,,,214,blue,520,497,1017
82,,2810770,1,20260729,1837,211,0,,,,,2039,241,0,,,,,3,39.0143330382446,141.659861,,,0,,,,0,,,,,,214,blue,2048,2280,4328
82,,2810780,1,20260729,,,,,,,,,,,,,,,3,39.025686038254456,141.683806,,,1,,,,0,,,,,,214,blue,0,0,0
82,,2810790,1,20260729,226,38,0,,,,,247,48,0,,,,,3,39.11673103833292,141.802175,,,1,,,,0,,,,,,214,blue,264,295,559
82,,2810800,1,20260729,200,58,0,,,,,301,65,0,,,,,3,39.18515603839118,141.852819,,,0,,,,0,,,,,,214,blue,258,366,624
82,,2810810,1,20260729,5,4,0,,,,,494,239,0,,,,,3,39.27955303847055,141.887014,,,0,,,,0,,,,,,214,blue,9,733,742
82,,2810820,1,20260729,2201,412,0,,,,,2989,355,0,,,,,3,39.33973903852054,141.893792,,,0,,,,0,,,,,,214,blue,2613,3344,5957
82,,2810830,1,20260729,,,,,,,,,,,,,,,3,39.36653803854265,141.906509,,,1,,,,0,,,,,,214,blue,0,0,0
82,,2810840,1,20260729,,,,,,,,,,,,,,,3,39.366200038542374,141.935153,,,1,,,,0,,,,,,214,blue,0,0,0
82,,2810880,1,20260729,612,114,0,,,,,636,140,0,,,,,3,39.729889038833065,141.965022,,,0,,,,0,,,,,,214,blue,726,776,1502
82,,2810890,1,20260729,0,0,0,,,,,29,2,0,,,,,3,39.80900003889396,141.964639,,,1,,,,0,,,,,,214,blue,0,31,31
82,,2810920,1,20260729,358,73,0,,,,,336,128,0,,,,,3,40.06004403908161,141.84805600000004,,,0,,,,0,,,,,,214,blue,431,464,895
82,,2810930,1,20260729,12,7,0,,,,,37,6,0,,,,,3,40.143239039141925,141.770867,,,1,,,,0,,,,,,214,blue,19,43,62
82,,2810950,1,20260729,2167,409,0,,,,,2313,242,0,,,,,8,39.63136103875604,141.915744,,,0,,,,0,,,,,,214,blue,2576,2555,5131
82,,2810960,1,20260729,52,2,0,,,,,13,1,0,,,,,3,40.26398203922775,141.40187,,,1,,,,0,,,,,,214,blue,54,14,68
82,,2810970,1,20260729,168,32,0,,,,,50,6,0,,,,,3,40.4453010393529,141.638612,,,1,,,,0,,,,,,214,blue,200,56,256
82,,2810980,1,20260729,0,0,0,,,,,9,13,0,,,,,3,40.30396403925574,141.3059,,,1,,,,0,,,,,,214,blue,0,22,22
82,,2810990,1,20260729,3820,618,0,,,,,3604,584,0,,,,,3,40.60361303945845,141.404748,,,0,,,,0,,,,,,214,blue,4438,4188,8626
82,,2811030,1,20260729,1173,318,0,,,,,1059,332,0,,,,,3,39.608922038738314,140.57135,,,0,,,,0,,,,,,214,blue,1491,1391,2882
83,,3810010,1,20260729,,,,,,,,,,,,,,,3,35.23222203411103,139.112514,,,1,,,,,,,,,,197,blue,0,0,0
83,,3810040,1,20260729,12488,780,0,,,,,1793,137,0,,,,,3,35.26450803415279,139.182925,,,0,0,0,0,0,0,0,0,0,0,197,blue,13268,1930,15198
83,,3810050,1,20260729,,,,,,,,,,,,,,,3,35.71158901450833,139.777491746321,,,1,0,0,0,0,0,1,0,0,0,197,blue,0,0,0
83,,3810060,1,20260729,11424,2088,0,,,,,9196,1624,0,,,,,3,35.725261072361086,139.78833095668,,,0,0,0,0,0,0,1,0,0,0,197,blue,13512,10820,24332
83,,3810061,1,20260729,11720,2075,0,,,,,9521,1988,0,,,,,3,35.72724220226666,139.789181219765,,,0,0,0,0,0,0,1,0,0,0,197,blue,13795,11509,25304
83,,3810070,1,20260729,11136,2302,0,,,,,4879,791,0,,,,,3,35.735055772282294,139.795343463609,,,0,0,0,0,0,0,0,0,0,0,197,blue,13438,5670,19108
83,,3810080,1,20260729,0,0,0,,,,,13203,2019,0,,,,,3,35.73896290498206,139.797270681572,,,0,0,0,0,0,0,0,0,0,0,197,blue,0,15222,15222
83,,3810100,1,20260729,3018,151,0,,,,,4012,237,0,,,,,3,36.53972203571964,139.883611,,,0,0,0,0,0,0,0,0,0,0,197,blue,3169,4249,7418
83,,3810110,1,20260729,6432,1486,0,,,,,6527,1608,0,,,,,3,36.91694403615054,139.999722,,,0,0,0,0,0,0,0,0,0,0,197,blue,7918,8135,16053
83,,3810140,1,20260729,6111,3774,0,,,,,5394,3416,0,,,,,3,35.9900520350645,139.793529,,,0,0,0,0,0,0,0,0,0,0,197,blue,9885,8810,18695
83,,3810151,1,20260729,4143,3807,0,,,,,4804,4698,0,,,,,3,36.07984803517367,139.770041,,,0,0,0,0,0,0,0,0,0,0,197,blue,7950,9502,17452
83,,3810160,1,20260729,6617,4330,0,,,,,8368,6021,0,,,,,3,36.167500035279446,139.779444,,,0,0,0,0,0,0,0,0,0,0,197,blue,10947,14389,25336
83,,3810180,1,20260729,3865,2533,0,,,,,11226,5622,0,,,,,3,36.296506035433666,139.841547,,,0,0,0,0,0,0,0,0,0,0,197,blue,6398,16848,23246
83,,3810200,1,20260729,728,167,0,,,,,20024,6113,0,,,,,3,36.57174703575683,139.941692,,,0,0,0,0,0,0,0,0,0,0,197,blue,895,26137,27032
83,,3810210,1,20260729,16952,886,0,,,,,11,1,0,,,,,3,35.694558518577544,139.78420024258003,,,0,0,0,0,0,0,1,0,0,0,197,blue,17838,12,17850
83,,3810220,1,20260729,12997,2018,0,,,,,7544,868,0,,,,,3,35.73416286894769,139.831977693081,,,0,0,0,0,0,0,1,0,0,0,197,blue,15015,8412,23427
83,,3810230,1,20260729,1895,121,0,,,,,3806,676,0,,,,,3,35.735319871891136,139.833592336398,,,0,0,0,0,0,0,36,0,0,0,197,blue,2016,4482,6498
83,,3810260,1,20260729,,,,,,,,,,,,,,,3,35.83796603487771,139.939917,,,1,,,,,,,,,,197,blue,0,0,0
83,,3810280,1,20260729,,,,,,,,,,,,,,,3,35.895306034948405,140.059167,,,1,0,0,0,0,0,0,0,0,0,197,blue,0,0,0
83,,3810290,1,20260729,448,131,0,,,,,9642,2713,0,,,,,3,36.06811403515946,140.179269,,,0,0,0,0,0,0,0,0,0,0,197,blue,579,12355,12934
83,,3810300,1,20260729,6778,2069,0,,,,,6412,1068,0,,,,,3,36.078239035171734,140.177747,,,0,0,0,0,0,0,0,0,0,0,197,blue,8847,7480,16327
83,,3810320,1,20260729,2189,219,0,,,,,9761,2814,0,,,,,3,36.378875035531216,140.500661,,,0,0,0,0,0,0,0,0,0,0,197,blue,2408,12575,14983
83,,3810330,1,20260729,2177,448,0,,,,,11748,1523,0,,,,,3,36.655972035854084,140.701006,,,0,0,0,0,0,0,1,0,0,0,197,blue,2625,13271,15896
83,,3810340,1,20260729,0,1,0,,,,,0,0,0,,,,,3,36.794736036012644,140.752922,,,0,0,0,0,0,0,0,0,0,0,197,blue,1,0,1
83,,3810350,1,20260729,11348,2263,0,,,,,44,25,0,,,,,3,35.92645303498668,140.111775,,,0,0,0,0,0,0,0,0,0,0,197,blue,13611,69,13680
83,,3810360,1,20260729,,,,,,,,,,,,,,,3,35.694040942069805,139.789910543304,,,1,0,0,0,0,0,0,0,0,0,197,blue,0,0,0
83,,3810370,1,20260729,,,,,,,,,,,,,,,3,35.702867388707524,139.866257828687,,,1,0,0,0,0,0,0,0,0,0,197,blue,0,0,0
83,,3810380,1,20260729,,,,,,,,,,,,,,,3,35.628891034617155,140.088076,,,1,,,,,,,,,,197,blue,0,0,0
83,,3810390,1,20260729,,,,,,,,,,,,,,,3,35.62349099143046,139.737976826575,,,1,,,,,,,,,,197,blue,0,0,0
83,,3810400,1,20260729,4491,265,0,,,,,4976,164,0,,,,,3,35.263900034152,139.698397,,,0,0,0,0,0,0,1,0,0,0,197,blue,4756,5140,9896
83,,3810410,1,20260729,6331,1140,0,,,,,6724,1547,0,,,,,3,35.62304903460981,139.340292,,,0,0,0,0,0,0,0,0,0,0,197,blue,7471,8271,15742
83,,3810420,1,20260729,8606,1044,0,,,,,8412,1519,0,,,,,3,35.67571003467587,139.331954,,,0,0,0,0,0,0,0,0,0,0,197,blue,9650,9931,19581
83,,3810431,1,20260729,7296,3332,0,,,,,7342,4307,0,,,,,3,35.77594403480087,139.336731,,,0,0,0,0,0,0,0,0,0,0,197,blue,10628,11649,22277
83,,3810440,1,20260729,,,,,,,,,,,,,,,3,35.82933103486704,139.380426,,,1,0,0,0,0,0,0,0,0,0,197,blue,0,0,0
83,,3810460,1,20260729,12856,2958,0,,,,,12790,3207,0,,,,,3,35.91289603497003,139.534764,,,0,0,0,0,0,0,0,0,0,0,197,blue,15814,15997,31811
83,,3810470,1,20260729,,,,,,,,7860,2504,0,,,,,3,35.92749603498795,139.591065,,,0,0,0,0,0,0,3,0,0,0,197,blue,0,10364,10364
83,,3810490,1,20260729,,,,,,,,,,,,,,,3,35.992460035067445,139.820467,,,1,,,,,,,,,,197,blue,0,0,0
83,,3810500,1,20260729,4222,827,0,,,,,6602,2113,0,,,,,3,35.79376864024429,139.685717006056,,,0,0,0,0,0,0,0,0,0,0,197,blue,5049,8715,13764
83,,3810510,1,20260729,4071,1037,0,,,,,4329,1248,0,,,,,3,35.8210620348568,139.680963,,,0,0,0,0,0,0,0,0,0,0,197,blue,5108,5577,10685
83,,3810520,1,20260729,13405,2615,0,,,,,13775,2760,0,,,,,3,35.97632603504774,139.594106,,,0,0,0,0,0,0,0,0,0,0,197,blue,16020,16535,32555
83,,3810540,1,20260729,7156,1625,0,,,,,6958,1562,0,,,,,3,36.230692035355204,139.2134,,,0,0,0,0,0,0,3,0,0,0,197,blue,8781,8520,17301
83,,3810560,1,20260729,13310,1730,0,,,,,13466,1256,0,,,,,3,36.31113903545105,139.02725,,,0,0,0,0,0,0,2,0,0,0,197,blue,15040,14722,29762
83,,3810600,1,20260729,2062,274,0,,,,,2061,449,0,,,,,3,36.68205603588405,138.968889,,,0,0,0,0,0,0,5,0,0,0,197,blue,2336,2510,4846
83,,3810610,1,20260729,13677,3561,0,,,,,,,,,,,,3,35.84803703489016,139.625615,,,0,0,0,0,0,5,6,0,0,0,197,blue,17238,0,17238
83,,3810620,1,20260729,,,,,,,,14136,3616,0,,,,,3,35.84444303488572,139.626759,,,0,0,0,0,0,5,7,0,0,0,197,blue,0,17752,17752
83,,3810670,1,20260729,11540,3213,0,,,,,12613,3521,0,,,,,3,36.35330303550101,139.215067,,,0,0,0,0,0,3,0,0,0,0,197,blue,14753,16134,30887
83,,3810680,1,20260729,11749,2659,0,,,,,4673,1262,0,,,,,3,36.37355603552494,139.151425,,,0,0,0,0,0,3,0,0,0,0,197,blue,14408,5935,20343
83,,3810700,1,20260729,6242,1031,0,,,,,6725,978,0,,,,,3,36.33143303547511,138.895742,,,0,0,0,0,0,0,0,0,0,0,197,blue,7273,7703,14976
83,,3810710,1,20260729,4819,724,0,,,,,5630,736,0,,,,,3,36.33250003547639,138.5235,,,0,0,0,0,0,0,0,0,0,0,197,blue,5543,6366,11909
83,,3810720,1,20260729,5656,1040,0,,,,,6322,887,0,,,,,3,36.49438903566681,138.150722,,,0,0,0,0,0,0,15,0,0,0,197,blue,6696,7209,13905
83,,3810740,1,20260729,9317,1071,0,,,,,7732,749,0,,,,,3,36.65492503585288,138.23375,,,0,0,0,0,0,0,1,0,0,0,197,blue,10388,8481,18869
83,,3810750,1,20260729,6995,561,0,,,,,5478,640,0,,,,,3,36.695139035899054,138.26925,,,0,0,0,0,0,0,1,0,0,0,197,blue,7556,6118,13674
83,,3810760,1,20260729,5728,799,0,,,,,5694,807,0,,,,,3,36.717694035924886,138.298306,,,0,0,0,0,0,0,5,0,0,0,197,blue,6527,6501,13028
83,,3810770,1,20260729,2241,523,0,,,,,2152,343,0,,,,,3,36.75032203596213,138.212264,,,0,0,0,0,0,0,0,0,0,0,197,blue,2764,2495,5259
83,,3810780,1,20260729,2571,384,0,,,,,2342,416,0,,,,,3,36.792972036010646,138.219778,,,0,0,0,0,0,0,0,0,0,0,197,blue,2955,2758,5713
83,,3810790,1,20260729,4906,581,0,,,,,4415,697,0,,,,,3,36.406417035563685,138.204417,,,0,0,0,0,0,0,2,0,0,0,197,blue,5487,5112,10599
83,,3810800,1,20260729,573,53,0,,,,,593,41,0,,,,,3,36.82044403604179,138.192306,,,0,0,0,0,0,0,5,0,0,0,197,blue,626,634,1260
83,,3810810,1,20260729,1913,242,0,,,,,1720,284,0,,,,,3,36.8368890360604,138.205542,,,0,0,0,0,0,0,0,0,0,0,197,blue,2155,2004,4159
83,,3810820,1,20260729,1911,183,0,,,,,1909,319,0,,,,,3,36.513833035689494,138.094389,,,0,0,0,0,0,0,2,0,0,0,197,blue,2094,2228,4322
83,,3810821,1,20260729,2182,309,0,,,,,2211,217,0,,,,,3,36.52786103570584,138.096722,,,0,0,0,0,0,0,2,0,0,0,197,blue,2491,2428,4919
83,,3810830,1,20260729,8252,691,0,,,,,4107,376,0,,,,,3,36.23586103536139,137.9565,,,0,0,0,0,0,0,1,0,0,0,197,blue,8943,4483,13426
83,,3810840,1,20260729,1838,573,0,,,,,1994,399,0,,,,,3,36.38313903553625,137.925722,,,0,0,0,0,0,0,1,0,0,0,197,blue,2411,2393,4804
83,,3810850,1,20260729,1160,415,0,,,,,1149,338,0,,,,,3,36.4623860356294,137.946275,,,0,0,0,0,0,0,3,0,0,0,197,blue,1575,1487,3062
83,,3810860,1,20260729,2252,464,0,,,,,2559,283,0,,,,,3,36.5884720357762,138.050889,,,0,0,0,0,0,0,10,0,0,0,197,blue,2716,2842,5558
83,,3810870,1,20260729,5504,631,0,,,,,6005,648,0,,,,,3,36.61469403580651,138.085167,,,0,0,0,0,0,0,1,0,0,0,197,blue,6135,6653,12788
83,,3810880,1,20260729,5009,1078,0,,,,,5810,889,0,,,,,3,36.615111035807,138.086528,,,0,0,0,0,0,0,1,0,0,0,197,blue,6087,6699,12786
83,,3810900,1,20260729,3195,191,0,,,,,3140,326,0,,,,,3,36.62808303582196,138.153194,,,0,0,0,0,0,0,3,0,0,0,197,blue,3386,3466,6852
83,,3810910,1,20260729,8759,539,0,,,,,10779,271,0,,,,,3,36.64626403584291,138.18197200000003,,,0,0,0,0,0,0,1,0,0,0,197,blue,9298,11050,20348
83,,3810920,1,20260729,6697,428,0,,,,,6394,317,0,,,,,3,36.648972035846036,138.193972,,,0,0,0,0,0,0,0,0,0,0,197,blue,7125,6711,13836
83,,3810930,1,20260729,3140,840,0,,,,,3507,708,0,,,,,3,36.616944035809105,138.133611,,,0,0,0,0,0,0,1,0,0,0,197,blue,3980,4215,8195
83,,3810950,1,20260729,0,0,0,,,,,13881,1651,0,,,,,3,35.67318837384892,139.663841176629,,,0,0,0,0,0,0,0,32,0,2,197,blue,0,15532,15532
83,,3810970,1,20260729,2317,216,0,,,,,1672,121,0,,,,,3,35.61726703460252,139.240054,,,0,0,0,0,0,0,0,0,0,0,197,blue,2533,1793,4326
83,,3810980,1,20260729,2845,448,0,,,,,2217,364,0,,,,,3,35.62000003460596,139.1275,,,0,0,0,0,0,0,0,0,0,0,197,blue,3293,2581,5874
83,,3811000,1,20260729,3439,287,0,,,,,22,16,0,,,,,3,35.604222034586115,138.92594400000002,,,0,0,0,0,0,0,0,0,0,0,197,blue,3726,38,3764
83,,3811030,1,20260729,10094,1328,0,,,,,9462,1345,0,,,,,3,35.643889034635976,138.636389,,,0,0,0,0,0,0,30,0,0,0,197,blue,11422,10807,22229
83,,3811050,1,20260729,3065,696,0,,,,,3050,550,0,,,,,3,35.91541703497313,138.227361,,,0,0,0,0,0,0,7,0,0,0,197,blue,3761,3600,7361
83,,3811060,1,20260729,4144,810,0,,,,,4008,578,0,,,,,3,35.94028603500364,138.197875,,,0,0,0,0,0,0,2,0,0,0,197,blue,4954,4586,9540
83,,3811070,1,20260729,4995,260,0,,,,,5088,466,0,,,,,3,36.029750035112876,138.1255,,,0,0,0,0,0,0,4,0,0,0,197,blue,5255,5554,10809
83,,3811080,1,20260729,8187,1448,0,,,,,6803,1072,0,,,,,3,36.077694035171085,138.037889,,,0,0,0,0,0,0,7,0,0,0,197,blue,9635,7875,17510
83,,3811090,1,20260729,27,0,0,,,,,5424,1436,0,,,,,3,36.12191703522454,137.959472,,,0,0,0,0,0,0,4,0,0,0,197,blue,27,6860,6887
83,,3811100,1,20260729,3844,754,0,,,,,4431,652,0,,,,,3,35.9769440350485,138.163333,,,0,0,0,0,0,0,30,0,0,0,197,blue,4598,5083,9681
83,,3811110,1,20260729,2137,879,0,,,,,2402,1324,0,,,,,3,36.08683303518214,138.06408300000004,,,0,0,0,0,0,0,1,0,0,0,197,blue,3016,3726,6742
83,,3811121,1,20260729,,,,,,,,2508,459,0,,,,,3,35.63168503462065,139.28402,,,0,0,0,0,0,0,1,0,0,0,197,blue,0,2967,2967
83,,3811130,1,20260729,3482,466,0,,,,,3764,430,0,,,,,3,35.99511103507067,138.139278,,,0,0,0,0,0,0,1,0,0,0,197,blue,3948,4194,8142
83,,3811190,1,20260729,5775,919,0,,,,,5717,688,0,,,,,3,36.38173603553459,140.325428,,,0,0,0,0,0,0,0,0,0,0,197,blue,6694,6405,13099
83,,3811220,1,20260729,,,,,,,,,,,,,,,3,35.959128035026716,140.602286,,,1,0,0,0,0,0,0,0,0,0,197,blue,0,0,0
83,,3811230,1,20260729,41,23,0,,,,,3364,567,0,,,,,3,35.95769703502496,140.602514,,,0,0,0,0,0,0,0,0,0,0,197,blue,64,3931,3995
83,,3811240,1,20260729,1990,473,0,,,,,1760,444,0,,,,,3,35.200928034070465,138.520986,,,0,0,0,0,0,1,3,0,0,0,197,blue,2463,2204,4667
83,,3811250,1,20260729,517,92,0,,,,,478,77,0,,,,,3,35.31250003421467,138.442011,,,0,0,0,0,0,1,0,0,0,0,197,blue,609,555,1164
83,,3811270,1,20260729,3638,919,0,,,,,3929,615,0,,,,,3,35.5316670344945,138.450278,,,0,0,0,0,0,1,0,0,0,0,197,blue,4557,4544,9101
83,,3811290,1,20260729,,,,,,,,,,,,,,,3,35.041444033862305,139.833306,,,1,,,,,,,,,,197,blue,0,0,0
83,,3811300,1,20260729,,,,,,,,,,,,,,,3,35.157361034013846,139.819,,,1,,,,,,,,,,197,blue,0,0,0
83,,3811330,1,20260729,6381,748,0,,,,,6709,486,0,,,,,3,35.53888903450364,138.885556,,,0,0,0,0,0,0,1,0,0,0,197,blue,7129,7195,14324
83,,3811340,1,20260729,5823,741,0,,,,,6181,560,0,,,,,3,35.60305603458465,138.940833,,,0,0,0,0,0,0,1,0,0,0,197,blue,6564,6741,13305
83,,3811350,1,20260729,11876,1724,0,,,,,13527,2106,0,,,,,3,35.61569396585425,139.627538019939,,,0,0,0,0,0,0,0,0,0,1,197,blue,13600,15633,29233
83,,3811360,1,20260729,9319,2743,0,,,,,11830,3873,0,,,,,3,35.48552503443597,139.460986,,,0,0,0,0,0,3,0,0,0,0,197,blue,12062,15703,27765
83,,3811370,1,20260729,4583,1456,0,,,,,3174,1472,0,,,,,3,35.35857503427389,139.075042,,,0,0,0,0,0,4,0,0,0,0,197,blue,6039,4646,10685
83,,3811390,1,20260729,18730,7539,0,,,,,,,,,,,,3,35.64686740024182,139.854860316246,,,0,0,0,0,0,0,0,0,0,0,197,blue,26269,0,26269
83,,3811401,1,20260729,207,8,0,,,,,,,,,,,,3,35.64792275306184,139.837391468126,,,0,0,0,0,0,1,15,0,0,0,197,blue,215,0,215
83,,3811410,1,20260729,9364,5103,0,,,,,,,,,,,,3,35.6321085640565,139.785108560174,,,0,0,0,0,0,0,1,0,0,0,197,blue,14467,0,14467
83,,3811411,1,20260729,,,,,,,,9068,4014,0,,,,,3,35.63193106766495,139.786372369256,,,0,0,0,0,0,0,42,0,0,0,197,blue,0,13082,13082
83,,3811420,1,20260729,,,,,,,,,,,,,,,3,35.57873713134419,139.756665501316,,,1,0,0,0,0,0,64,0,0,46,197,blue,0,0,0
83,,3811421,1,20260729,,,,,,,,5915,5474,0,,,,,3,35.573715682248654,139.759184371525,,,0,0,0,0,0,0,0,0,0,0,197,blue,0,11389,11389
83,,3811430,1,20260729,,,,,,,,,,,,,,,3,35.6138270345982,140.103045,,,1,,,,,,,,,,197,blue,0,0,0
83,,3811440,1,20260729,1370,290,0,,,,,3849,644,0,,,,,3,35.60712645223976,139.747366707275,,,0,0,0,0,0,0,1,0,0,0,197,blue,1660,4493,6153
84,,4810010,1,20260729,14794,2543,0,,,,,14133,2152,0,,,,,3,37.9300000372281,139.134722,,,0,0,0,0,0,0,0,0,0,54,214,blue,17337,16285,33622
84,,4810020,1,20260729,16856,2915,0,,,,,13981,2485,0,,,,,3,37.95278103725094,139.213611,,,0,0,0,0,0,0,0,0,0,1,214,blue,19771,16466,36237
84,,4810040,1,20260729,4976,874,0,,,,,378,645,0,,,,,3,37.96305603726123,139.3275,,,0,0,0,0,0,0,0,0,0,0,214,blue,5850,1023,6873
84,,4810060,1,20260729,2124,234,0,,,,,2287,392,0,,,,,3,38.2550360375481,139.501792,,,0,0,0,0,0,0,0,0,0,0,214,blue,2358,2679,5037
84,,4810070,1,20260729,2729,1167,0,,,,,3132,728,0,,,,,3,38.28200003757407,139.521444,,,0,0,0,0,0,0,0,0,0,0,214,blue,3896,3860,7756
84,,4810080,1,20260729,1285,941,0,,,,,1388,637,0,,,,,3,38.374925037662884,139.556342,,,0,0,0,0,0,0,0,0,0,0,214,blue,2226,2025,4251
84,,4810090,1,20260729,9593,1983,0,,,,,8415,1946,0,,,,,3,37.5351670368223,138.881569,,,0,0,0,0,0,0,0,0,0,1,214,blue,11576,10361,21937
84,,4810100,1,20260729,9847,1648,0,,,,,11332,1783,0,,,,,3,37.473639036757405,138.880583,,,0,0,0,0,0,0,0,0,0,1,214,blue,11495,13115,24610
84,,4810110,1,20260729,12531,622,0,,,,,11588,531,0,,,,,3,37.459033036741936,138.856414,,,0,0,0,0,0,0,0,0,0,1,214,blue,13153,12119,25272
84,,4810120,1,20260729,12500,804,0,,,,,13444,892,0,,,,,3,37.462169036745266,138.845592,,,0,0,0,0,0,0,0,0,0,6,214,blue,13304,14336,27640
84,,4810130,1,20260729,8503,750,0,,,,,8789,641,0,,,,,3,37.44445303672647,138.785889,,,0,0,0,0,0,0,0,0,0,1,214,blue,9253,9430,18683
84,,4810140,1,20260729,4735,652,0,,,,,4153,564,0,,,,,3,37.44069403672249,138.740364,,,0,0,0,0,0,0,0,0,0,3,214,blue,5387,4717,10104
84,,4810150,1,20260729,,,,,,,,,,,,,,,3,37.41229403669227,138.674192,,,1,0,0,0,0,0,0,0,0,7,214,blue,0,0,0
84,,4810160,1,20260729,3998,933,0,,,,,3535,973,0,,,,,3,37.23896903650589,138.343486,,,0,0,0,0,0,0,0,0,0,0,214,blue,4931,4508,9439
84,,4810170,1,20260729,,,,,,,,,,,,,,,3,37.18690003644924,138.272953,,,1,0,0,0,0,0,0,0,0,1,214,blue,0,0,0
84,,4810180,1,20260729,8519,1485,0,,,,,9546,1081,0,,,,,3,37.17543303643671,138.266805,,,0,0,0,0,0,0,0,0,0,0,214,blue,10004,10627,20631
84,,4810190,1,20260729,9833,1280,0,,,,,11190,1208,0,,,,,3,37.1623530364224,138.247561,,,0,0,0,0,0,0,0,0,0,2,214,blue,11113,12398,23511
84,,4810200,1,20260729,2976,787,0,,,,,2886,686,0,,,,,3,37.105891036360454,137.990565,,,0,0,0,0,0,0,0,0,0,0,214,blue,3763,3572,7335
84,,4810210,1,20260729,3743,894,0,,,,,3396,599,0,,,,,3,37.08795603634071,137.96033,,,0,0,0,0,0,0,0,0,0,0,214,blue,4637,3995,8632
84,,4810220,1,20260729,2948,560,0,,,,,3115,469,0,,,,,3,37.057208036306754,137.905455,,,0,0,0,0,0,0,0,0,0,0,214,blue,3508,3584,7092
84,,4810230,1,20260729,3415,939,0,,,,,1604,327,0,,,,,3,37.050899036299775,137.885459,,,0,0,0,0,0,0,0,0,0,0,214,blue,4354,1931,6285
84,,4810250,1,20260729,1414,255,0,,,,,953,96,0,,,,,3,37.05093203629982,137.890368,,,0,0,0,0,0,0,0,0,0,0,214,blue,1669,1049,2718
84,,4810260,1,20260729,3457,972,0,,,,,3996,739,0,,,,,3,36.9856190362273,138.808078,,,0,0,0,0,0,0,0,0,0,2,214,blue,4429,4735,9164
84,,4810270,1,20260729,4026,822,0,,,,,4174,540,0,,,,,3,37.24858103651632,138.916575,,,0,0,0,0,0,0,0,0,0,0,214,blue,4848,4714,9562
84,,4810280,1,20260729,1480,270,0,,,,,1526,180,0,,,,,3,37.17036103643117,138.942139,,,0,0,0,0,0,0,0,0,0,0,214,blue,1750,1706,3456
84,,4810290,1,20260729,5429,982,0,,,,,5703,1073,0,,,,,3,37.07683703632844,138.265595,,,0,0,0,0,0,0,0,0,0,12,214,blue,6411,6776,13187
84,,4810300,1,20260729,489,315,0,,,,,477,233,0,,,,,3,37.66361103695634,139.536806,,,0,0,0,0,0,0,0,0,0,0,214,blue,804,710,1514
84,,4810310,1,20260729,6409,783,0,,,,,5781,657,0,,,,,3,37.84055603713779,139.147778,,,0,0,0,0,0,0,0,0,0,0,214,blue,7192,6438,13630
84,,4810330,1,20260729,28253,2412,0,,,,,23316,2206,0,,,,,3,37.8978060371957,139.070722,,,0,0,0,0,0,0,0,0,0,0,214,blue,30665,25522,56187
84,,4810340,1,20260729,1139,539,0,,,,,1238,550,0,,,,,3,37.563464036852,138.734306,,,0,0,0,0,0,1,1,0,0,9,214,blue,1678,1788,3466
84,,4810350,1,20260729,3766,835,0,,,,,3857,937,0,,,,,3,37.61757803690852,138.825033,,,0,0,0,0,0,0,0,0,0,8,214,blue,4601,4794,9395
84,,4810360,1,20260729,6047,1290,0,,,,,7223,1433,0,,,,,3,37.690358036984,138.885919,,,0,0,0,0,0,0,0,0,0,1,214,blue,7337,8656,15993
84,,4810370,1,20260729,6808,1066,0,,,,,6769,1140,0,,,,,3,37.8052690371019,138.92235,,,0,0,0,0,0,0,0,0,0,0,214,blue,7874,7909,15783
84,,4810380,1,20260729,14446,1464,0,,,,,13479,1700,0,,,,,3,37.86309703716064,138.981,,,0,0,0,0,0,0,0,0,0,0,214,blue,15910,15179,31089
84,,4810395,1,20260729,3807,918,13,,,,,3345,948,57,,,,,3,36.691540505894935,136.9116223,,,0,,,,0,6,,,0,0,214,blue,4738,4350,9088
84,,4810406,1,20260729,3261,801,17,,,,,3878,744,87,,,,,3,36.89660103612769,137.444677,,,0,,,,0,1,,,0,0,214,blue,4079,4709,8788
84,,4810410,1,20260729,6332,608,0,,,,,6813,384,0,,,,,3,36.816442036037266,137.41630300000003,,,0,0,0,0,0,64,64,0,0,0,214,blue,6940,7197,14137
84,,4810420,1,20260729,7842,1170,0,,,,,7484,1062,0,,,,,3,36.718606035925916,137.303914,,,0,0,0,0,0,58,58,0,0,4,214,blue,9012,8546,17558
84,,4810430,1,20260729,7227,1161,0,,,,,7062,985,0,,,,,3,36.71795303592518,137.279328,,,0,0,0,0,0,66,66,0,0,15,214,blue,8388,8047,16435
84,,4810440,1,20260729,8078,1488,0,,,,,8031,1296,0,,,,,3,36.72027203592783,137.263083,,,0,0,0,0,0,28,28,0,0,0,214,blue,9566,9327,18893
84,,4810445,1,20260729,13673,2242,38,,,,,14303,2022,207,,,,,3,36.73017862593915,137.18171158,,,0,,,,0,1,,,0,0,214,blue,15953,16532,32485
84,,4810447,1,20260729,8900,1327,39,,,,,10695,1349,100,,,,,3,36.72863947593739,137.12486156,,,0,,,,0,1,,,0,0,214,blue,10266,12144,22410
84,,4810454,1,20260729,9945,1004,574,,,,,11505,806,5,,,,,3,36.744673195955684,136.99179584,,,0,,,,0,0,,,0,0,214,blue,11523,12316,23839
84,,4810460,1,20260729,,,,,,,,,,,,,,,3,36.68745003589023,136.855675,,,1,0,0,0,0,75,75,0,0,18,214,blue,0,0,0
84,,4810462,1,20260729,1419,374,0,,,,,445,30,0,,,,,3,36.525710035703334,137.22999,,,0,,,,0,18,,,0,0,214,blue,1793,475,2268
84,,4810463,1,20260729,2023,416,108,,,,,2229,419,100,,,,,3,36.53609652571542,137.23114399,,,0,,,,0,12,,,0,0,214,blue,2547,2748,5295
84,,4810470,1,20260729,,,,,,,,,,,,,,,3,36.69575603589977,137.237889,,,1,0,0,0,0,0,0,0,0,0,214,blue,0,0,0
84,,4810480,1,20260729,1950,189,0,,,,,1992,243,0,,,,,3,36.580522035767004,136.965706,,,0,0,0,0,0,68,68,0,0,1,214,blue,2139,2235,4374
84,,4810485,1,20260729,5323,178,10,,,,,5776,196,8,,,,,3,36.68510836918755,136.9765361111,,,0,,,,0,1,,,0,0,214,blue,5511,5980,11491
84,,4810490,1,20260729,3126,58,0,,,,,3325,85,0,,,,,3,36.74530803595641,137.01085,,,0,0,0,0,0,68,68,0,0,0,214,blue,3184,3410,6594
84,,4810500,1,20260729,313,24,0,,,,,112,15,0,,,,,3,36.91246103614551,137.019489,,,0,0,0,0,0,153,153,0,0,2,214,blue,337,127,464
84,,4810510,1,20260729,,,,,,,,,,,,,,,3,36.84943603607457,136.97895,,,1,,,,,,,,,,214,blue,0,0,0
84,,4810530,1,20260729,13497,1937,0,,,,,15200,2351,0,,,,,3,36.44611103561032,136.488056,,,0,0,0,0,0,0,0,0,0,0,214,blue,15434,17551,32985
84,,4810540,1,20260729,11307,1918,0,,,,,9559,1899,0,,,,,3,36.357575035506066,136.452056,,,0,0,0,0,0,0,0,0,0,1,214,blue,13225,11458,24683
84,,4810550,1,20260729,6459,1267,0,,,,,6064,1383,0,,,,,3,36.32672203546954,136.41169500000004,,,0,0,0,0,0,1,1,0,0,2,214,blue,7726,7447,15173
84,,4810570,1,20260729,9524,1063,0,,,,,9504,677,0,,,,,3,36.571667035756725,136.655556,,,0,0,0,0,0,1,1,0,0,2,214,blue,10587,10181,20768
84,,4810580,1,20260729,9261,347,0,,,,,3260,80,0,,,,,3,36.54430803572498,136.640516,,,0,0,0,0,0,2,2,0,0,1,214,blue,9608,3340,12948
84,,4810590,1,20260729,13650,341,0,,,,,14271,427,0,,,,,3,36.54061903572069,136.623128,,,0,0,0,0,0,0,0,0,0,2,214,blue,13991,14698,28689
84,,4810600,1,20260729,3944,306,0,,,,,4387,354,0,,,,,3,37.04041903628817,136.969305,,,0,0,0,0,0,0,0,0,0,0,214,blue,4250,4741,8991
84,,4810610,1,20260729,,,,,,,,,,,,,,,3,36.90469303613679,136.830093,,,1,,,,,,,,,,214,blue,0,0,0
84,,4810620,1,20260729,1431,138,0,,,,,1400,195,0,,,,,3,36.86972803609746,136.79694700000002,,,0,0,0,0,0,0,0,0,0,0,214,blue,1569,1595,3164
84,,4810630,1,20260729,8724,138,0,,,,,5426,80,0,,,,,3,36.560782035744104,136.677711,,,0,0,0,0,0,0,0,0,0,0,214,blue,8862,5506,14368
85,22,5810060,1,20260729,1438,652,,,,,,1157,522,,,,,,3,34.90554603368308,138.270337,,,0,,0,,0,0,0,0,,0,214,blue,2090,1679,3769
85,22,5810080,1,20260729,4070,1705,,,,,,8624,2720,,,,,,3,34.84454203360207,138.151981,,,0,,0,,0,0,0,0,,0,214,blue,5775,11344,17119
85,22,5810090,1,20260729,5981,1873,,,,,,6428,1865,,,,,,3,34.78638703352455,138.050184,,,1,,0,,0,17,17,0,,0,214,blue,7854,8293,16147
85,22,5810110,1,20260729,,,,,,,,,,,,,,,3,34.76273603349293,137.969553,,,1,,0,,0,17,17,0,,0,214,blue,0,0,0
85,23,5810190,1,20260729,4795,897,,,,,,5710,690,,,,,,3,35.11388803395716,136.734972,,,0,,0,,0,0,0,0,,0,214,blue,5692,6400,12092
85,24,5810210,1,20260729,4566,2080,,,,,,4031,2179,,,,,,3,34.86311003362677,136.47097,,,0,,0,,0,0,0,0,,0,214,blue,6646,6210,12856
85,21,5810280,1,20260729,10570,994,,,,,,9075,750,,,,,,3,35.365972034283374,137.22477800000001,,,0,,0,,0,0,0,0,,0,214,blue,11564,9825,21389
85,21,5810330,1,20260729,9089,1077,,,,,,9076,1284,,,,,,3,35.44925903438983,137.419698,,,0,,0,,0,0,0,0,,0,214,blue,10166,10360,20526
85,21,5810340,1,20260729,8080,517,,,,,,7059,1397,,,,,,3,35.45966703440309,137.442028,,,0,,0,,0,0,0,0,,0,214,blue,8597,8456,17053
85,21,5810350,1,20260729,3857,868,,,,,,13958,2146,,,,,,3,35.51200003446958,137.521639,,,0,,0,,0,0,0,0,,0,214,blue,4725,16104,20829
85,21,5810360,1,20260729,1558,624,,,,,,1709,802,,,,,,3,35.581250034557165,137.537222,,,0,,0,,0,0,0,0,,0,214,blue,2182,2511,4693
85,21,5810370,1,20260729,3211,527,,,,,,3080,1012,,,,,,3,35.81618803485076,137.683244,,,0,,0,,1,0,0,0,,0,214,blue,3738,4092,7830
85,21,5810380,1,20260729,2220,945,,,,,,2700,996,,,,,,3,35.91502403497266,137.77069,,,0,,0,,1,0,0,0,,0,214,blue,3165,3696,6861
85,21,5810390,1,20260729,1760,861,,,,,,1717,662,,,,,,3,35.93471103499681,137.786917,,,0,,0,,1,0,0,0,,0,214,blue,2621,2379,5000
85,21,5810420,1,20260729,3991,836,,,,,,3210,818,,,,,,3,35.37572803429589,137.190676,,,0,,0,,0,0,0,0,,0,214,blue,4827,4028,8855
85,21,5810440,1,20260729,2991,650,,,,,,3511,506,,,,,,3,35.426917034361345,137.132361,,,0,,0,,0,0,0,0,,0,214,blue,3641,4017,7658
85,21,5810470,1,20260729,,,,,,,,,,,,,,,3,35.418612034350744,136.946394,,,1,,0,,0,0,0,0,,0,214,blue,0,0,0
85,21,5810510,1,20260729,,,,,,,,,,,,,,,3,35.37112003428997,136.453326,,,1,,0,,0,0,0,0,,0,214,blue,0,0,0
85,23,5810530,1,20260729,,,,,,,,,,,,,,,3,34.696128033403625,137.40686,,,1,,0,,0,0,0,0,,0,214,blue,0,0,0
85,23,5810570,1,20260729,8096,2660,,,,,,7881,3223,,,,,,3,34.84938803360853,137.221222,,,0,,0,,0,0,0,0,,0,214,blue,10756,11104,21860
85,23,5810580,1,20260729,9385,4361,,,,,,17,5,,,,,,3,34.84869403360759,137.197416,,,0,,0,,0,0,0,0,,0,214,blue,13746,22,13768
85,23,5810620,1,20260729,15341,6336,,,,,,13296,5641,,,,,,3,35.10119403394058,136.86925,,,0,,0,,0,0,0,0,,0,214,blue,21677,18937,40614
85,24,5810670,1,20260729,10909,1164,,,,,,11710,1198,,,,,,3,34.65002003334157,136.51956,,,0,,0,,0,0,0,0,,0,214,blue,12073,12908,24981
85,24,5810680,1,20260729,8361,1965,,,,,,9391,1405,,,,,,3,34.71907003343443,136.4716,,,0,,0,,0,0,0,0,,0,214,blue,10326,10796,21122
85,24,5810690,1,20260729,9870,1713,,,,,,10300,1761,,,,,,3,34.64712003333765,136.49449,,,0,,0,,0,0,0,0,,0,214,blue,11583,12061,23644
85,24,5810700,1,20260729,7412,4768,,,,,,7799,6353,,,,,,3,34.850220033609624,136.416645,,,0,,0,,0,0,0,0,,0,214,blue,12180,14152,26332
85,24,5810730,1,20260729,10825,8251,,,,,,12169,6709,,,,,,3,34.62822503331218,135.986212,,,0,,0,,1,0,0,0,,0,214,blue,19076,18878,37954
85,21,5810760,1,20260729,2701,519,,,,,,2853,438,,,,,,3,35.55276203452119,137.177488,,,0,,0,,0,0,0,0,,0,214,blue,3220,3291,6511
85,21,5810770,1,20260729,1035,306,,,,,,1087,229,,,,,,3,35.64602003463866,137.169715,,,0,,0,,0,0,0,0,,0,214,blue,1341,1316,2657
85,21,5810780,1,20260729,1987,427,,,,,,2140,486,,,,,,3,35.667031034665,137.162564,,,0,,0,,0,0,0,0,,0,214,blue,2414,2626,5040
85,21,5810790,1,20260729,1586,573,,,,,,1600,400,,,,,,3,35.74291003475978,137.208481,,,0,,0,,0,0,0,0,,0,214,blue,2159,2000,4159
85,21,5810800,1,20260729,1704,702,,,,,,1644,500,,,,,,3,35.77947703480525,137.252586,,,0,,0,,0,0,0,0,,0,214,blue,2406,2144,4550
85,21,5810810,1,20260729,3033,598,,,,,,3242,683,,,,,,3,35.83471903487371,137.232014,,,0,,0,,0,0,0,0,,0,214,blue,3631,3925,7556
85,21,5810830,1,20260729,710,114,,,,,,2137,431,,,,,,3,36.02357503510535,137.294767,,,0,,0,,0,0,0,0,,0,214,blue,824,2568,3392
85,21,5810840,1,20260729,4444,258,,,,,,4334,539,,,,,,3,36.10871303520861,137.266233,,,0,,0,,0,0,0,0,,0,214,blue,4702,4873,9575
85,21,5810850,1,20260729,5823,885,,,,,,4982,541,,,,,,3,36.12373303522673,137.258932,,,0,,0,,0,0,0,0,,0,214,blue,6708,5523,12231
85,21,5810860,1,20260729,1593,492,,,,,,1719,625,,,,,,3,36.25072803537914,137.162845,,,0,,0,,0,0,0,0,,0,214,blue,2085,2344,4429
85,21,5810880,1,20260729,1107,235,,,,,,859,213,,,,,,3,36.31423303545473,137.259675,,,0,,0,,0,0,0,0,,0,214,blue,1342,1072,2414
85,24,5810890,1,20260729,2721,311,,,,,,3007,469,,,,,,3,34.407524733012174,136.4423714,,,0,,0,,0,0,0,0,,0,214,blue,3032,3476,6508
85,24,5810900,1,20260729,1085,197,,,,,,1082,87,,,,,,3,34.1617406326732,136.2779067,,,0,,0,,0,0,0,0,,0,214,blue,1282,1169,2451
85,24,5810920,1,20260729,1660,250,,,,,,1718,728,,,,,,3,34.05028613251784,136.1958331,,,0,,0,,0,0,0,0,,0,214,blue,1910,2446,4356
85,24,5810930,1,20260729,227,9,,,,,,210,34,,,,,,3,33.98629813242818,136.1080803,,,0,,0,,0,0,0,0,,0,214,blue,236,244,480
85,24,5810940,1,20260729,730,214,,,,,,791,243,,,,,,3,33.93298113235323,136.0940822,,,0,,0,,0,0,0,0,,0,214,blue,944,1034,1978
85,24,5810960,1,20260729,2384,351,,,,,,2120,348,,,,,,3,34.00152563244955,136.1851117,,,0,,0,,0,0,0,0,,0,214,blue,2735,2468,5203
85,24,5810970,1,20260729,2061,408,,,,,,2045,322,,,,,,3,33.942137832366114,136.1524581,,,0,,0,,0,0,0,0,,0,214,blue,2469,2367,4836
85,24,5810980,1,20260729,2386,525,,,,,,2252,455,,,,,,3,33.92889863234747,136.1381858,,,0,,0,,0,0,0,0,,0,214,blue,2911,2707,5618
85,24,5810990,1,20260729,2820,232,,,,,,2302,298,,,,,,3,33.74057583208088,135.9955167,,,0,,0,,0,0,0,0,,0,214,blue,3052,2600,5652
85,24,5811000,1,20260729,3170,580,,,,,,3083,464,,,,,,1,34.10420863259313,136.1948133,,,0,,0,,0,0,0,0,,0,214,blue,3750,3547,7297
85,22,5811020,1,20260729,,,,,,,,,,,,,,,3,35.15084103400535,138.522379,,,1,,0,,0,0,0,0,,0,214,blue,0,0,0
85,22,5811030,1,20260729,1347,352,,,,,,1020,379,,,,,,3,35.15470103401037,138.520314,,,0,,0,,0,0,0,0,,0,214,blue,1699,1399,3098
85,22,5811040,1,20260729,,,,,,,,,,,,,,,3,35.19272303405982,138.529894,,,1,,0,,0,0,0,0,,0,214,blue,0,0,0
85,22,5811050,1,20260729,2303,609,,,,,,2999,321,,,,,,3,35.37095103428976,138.860418,,,0,,0,,0,0,0,0,,0,214,blue,2912,3320,6232
85,23,5811110,1,20260729,2018,307,,,,,,2073,233,,,,,,3,35.135027033984734,137.309194,,,0,,0,,0,0,0,0,,0,214,blue,2325,2306,4631
85,23,5811120,1,20260729,2334,377,,,,,,2037,352,,,,,,3,35.149777034003954,137.332722,,,0,,0,,0,0,0,0,,0,214,blue,2711,2389,5100
85,23,5811130,1,20260729,1209,484,,,,,,1096,146,,,,,,3,35.1700830340304,137.406805,,,1,,0,,0,0,0,0,,0,214,blue,1693,1242,2935
85,23,5811140,1,20260729,426,85,,,,,,419,77,,,,,,3,35.221388034097004,137.524166,,,0,,0,,0,0,0,0,,0,214,blue,511,496,1007
85,21,5811150,1,20260729,3585,410,,,,,,2878,561,,,,,,3,35.46219703440631,137.756093,,,0,,0,,1,0,0,0,,0,214,blue,3995,3439,7434
85,21,5811160,1,20260729,3666,625,,,,,,2902,409,,,,,,3,35.50206103445697,137.792544,,,1,,0,,1,0,0,0,,0,214,blue,4291,3311,7602
85,23,5811170,1,20260729,2411,620,,,,,,2550,566,,,,,,3,35.21055503408296,137.106666,,,0,,0,,0,0,0,0,,0,214,blue,3031,3116,6147
85,21,5811190,1,20260729,3108,441,,,,,,2831,338,,,,,,3,35.601941034583234,136.937212,,,0,,0,,0,0,0,0,,0,214,blue,3549,3169,6718
85,21,5811230,1,20260729,3667,614,,,,,,2559,564,,,,,,3,36.13868903524477,137.164639,,,0,,0,,0,0,0,0,,0,214,blue,4281,3123,7404
85,21,5811240,1,20260729,880,98,,,,,,2049,412,,,,,,3,36.16135703527206,137.222749,,,0,,0,,0,0,0,0,,0,214,blue,978,2461,3439
85,22,5811250,1,20260729,1695,347,,,,,,5674,1260,,,,,,3,35.312573034214765,138.927446,,,0,,0,,0,0,0,0,,0,214,blue,2042,6934,8976
85,21,5811270,1,20260729,,,,,,,,,,,,,,,3,35.23023303410846,136.596679,,,1,,0,,0,0,0,0,,0,214,blue,0,0,0
85,23,5811310,1,20260729,,,,,,,,,,,,,,,3,35.087750033922994,136.810611,,,1,,0,,0,214,214,0,,0,214,blue,0,0,0
85,23,5811320,1,20260729,2732,1108,,,,,,1,0,,,,,,3,35.09388803393102,136.812222,,,0,,0,,0,0,0,0,,0,214,blue,3840,1,3841
85,21,5811330,1,20260729,912,326,,,,,,1141,280,,,,,,3,35.46731303441282,137.78409,,,0,,0,,1,0,0,0,,0,214,blue,1238,1421,2659
86,,6810010,1,20260729,1247,957,,,,,,1459,882,,,,,,3,34.89694403367168,136.336111,,,0,,0,,0,0,0,0,,0,214,blue,2204,2341,4545
86,,6810020,1,20260729,,,,,,,,,,,,,,,3,34.97777803377855,135.901667,,,1,,0,,0,0,0,0,,0,214,blue,0,0,0
86,,6810030,1,20260729,,,,,,,,,,,,,,,3,35.00527803381478,136.094722,,,1,,0,,0,214,214,0,,0,214,blue,0,0,0
86,,6810060,1,20260729,0,0,,,,,,11466,1992,,,,,,3,34.986389033789905,135.75305600000002,,,0,,0,,0,0,0,0,,0,214,blue,0,13458,13458
86,,6810089,1,20260729,,,,,,,,,,,,,,,3,34.978118033779,135.908546,,,1,,0,,0,0,0,0,,0,214,blue,0,0,0
86,,6810090,1,20260729,2614,869,,,,,,0,0,,,,,,3,34.83138903358458,135.72305600000004,,,0,,0,,0,0,0,0,,0,214,blue,3483,0,3483
86,,6810100,1,20260729,0,0,,,,,,2905,764,,,,,,3,34.83138903358458,135.723889,,,0,,0,,0,0,0,0,,0,214,blue,0,3669,3669
86,,6810105,1,20260729,,,,,,,,,,,,,,,3,34.71411113342777,135.4489722,,,0,,0,,0,0,0,0,,214,214,blue,0,0,0
86,,6810111,1,20260729,,,,,,,,,,,,,,,3,34.6429970333321,135.019846,,,0,,0,,0,0,0,0,,214,214,blue,0,0,0
86,,6810130,1,20260729,,,,,,,,,,,,,,,3,34.842500033599364,134.330556,,,0,,0,,1,0,0,0,,213,214,blue,0,0,0
86,,6810135,1,20260729,2833,840,,,,,,2845,806,,,,,,3,36.18333336529846,136.26777780000003,,,0,,0,,0,0,0,0,,0,214,blue,3673,3651,7324
86,,6810140,1,20260729,,,,,,,,,,,,,,,3,36.14305603525003,136.263889,,,1,,0,,0,0,0,0,,0,214,blue,0,0,0
86,,6810150,1,20260729,10999,1281,,,,,,9392,1480,,,,,,3,36.0772220351705,136.244444,,,0,,0,,0,0,0,0,,0,214,blue,12280,10872,23152
86,,6810160,1,20260729,3125,1167,,,,,,3342,1195,,,,,,3,36.02444403510641,136.218333,,,0,,0,,0,2,2,0,,0,214,blue,4292,4537,8829
86,,6810165,1,20260729,8336,957,,,,,,6837,746,,,,,,3,35.980555595052905,136.1958333,,,0,,0,,0,0,0,0,,0,214,blue,9293,7583,16876
86,,6810170,1,20260729,8370,1097,,,,,,8287,491,,,,,,3,35.95555603502233,136.188889,,,0,,0,,0,2,2,0,,0,214,blue,9467,8778,18245
86,,6810180,1,20260729,3919,1144,,,,,,3595,751,,,,,,3,35.878333034927515,136.169444,,,0,,0,,0,0,0,0,,0,214,blue,5063,4346,9409
86,,6810190,1,20260729,,,,,,,,,,,,,,,3,35.719444034730536,136.094722,,,1,,0,,0,0,0,0,,0,214,blue,0,0,0
86,,6810200,1,20260729,900,93,,,,,,861,111,,,,,,3,35.66555603466316,136.083056,,,0,,0,,0,0,0,0,,0,214,blue,993,972,1965
86,,6810220,1,20260729,999,448,,,,,,1222,451,,,,,,3,35.60416703458605,136.107222,,,0,,0,,0,0,0,0,,0,214,blue,1447,1673,3120
86,,6810230,1,20260729,691,560,,,,,,995,483,,,,,,3,35.57603003455058,136.122756,,,0,,0,,0,0,0,0,,0,214,blue,1251,1478,2729
86,,6810240,1,20260729,2914,895,,,,,,2489,778,,,,,,3,35.512778034470564,136.173333,,,0,,0,,0,0,0,0,,0,214,blue,3809,3267,7076
86,,6810241,1,20260729,2370,704,,,,,,1598,1146,,,,,,3,35.4322160343681,136.245092,,,0,,0,,0,0,0,0,,0,214,blue,3074,2744,5818
86,,6810250,1,20260729,4623,1355,,,,,,5175,1312,,,,,,3,35.27555603416706,136.269444,,,0,,0,,0,0,0,0,,0,214,blue,5978,6487,12465
86,,6810260,1,20260729,3997,1083,,,,,,3896,1098,,,,,,3,35.11611103396005,136.128333,,,0,,0,,0,0,0,0,,0,214,blue,5080,4994,10074
86,,6810270,1,20260729,4767,976,,,,,,4534,1237,,,,,,3,35.091944033928485,136.089722,,,0,,0,,0,0,0,0,,0,214,blue,5743,5771,11514
86,,6810280,1,20260729,179,51,,,,,,1283,650,,,,,,3,35.66000003465618,136.084722,,,0,,0,,0,0,0,0,,0,214,blue,230,1933,2163
86,,6810290,1,20260729,7261,1974,,,,,,10301,1943,,,,,,3,34.996111033802705,135.722222,,,0,,0,,0,0,0,0,,0,214,blue,9235,12244,21479
86,,6810300,1,20260729,0,0,,,,,,1650,211,,,,,,3,34.981944033784046,135.693056,,,0,,0,,0,0,0,0,,0,214,blue,0,1861,1861
86,,6810310,1,20260729,8149,1041,,,,,,0,0,,,,,,3,34.981944033784046,135.692917,,,0,,0,,0,0,0,0,,0,214,blue,9190,0,9190
86,,6810320,1,20260729,7426,919,,,,,,6394,703,,,,,,3,34.992500033797945,135.64750000000004,,,0,,0,,0,0,0,0,,0,214,blue,8345,7097,15442
86,,6810330,1,20260729,7172,1049,,,,,,7317,1059,,,,,,3,34.989722033794294,135.636667,,,0,,0,,0,0,0,0,,0,214,blue,8221,8376,16597
86,,6810335,1,20260729,6523,1248,,,,,,1423,104,,,,,,3,35.488936034440314,135.756215,,,0,,0,,0,0,0,0,,0,214,blue,7771,1527,9298
86,,6810340,1,20260729,380,22,,,,,,507,118,,,,,,3,35.12222203396803,135.439444,,,0,,0,,0,0,0,0,,0,214,blue,402,625,1027
86,,6810343,1,20260729,,,,,,,,,,,,,,,3,35.18777781405339,135.3219444,,,1,,0,,0,0,0,0,,0,214,blue,0,0,0
86,,6810344,1,20260729,2258,511,,,,,,2625,624,,,,,,3,35.24583336412865,135.2161111,,,0,,0,,0,0,0,0,,0,214,blue,2769,3249,6018
86,,6810346,1,20260729,,,,,,,,,,,,,,,3,35.28305559417674,135.1777778,,,0,,0,,0,0,0,0,,214,214,blue,0,0,0
86,,6810348,1,20260729,4773,1030,,,,,,4149,1000,,,,,,3,35.3139820342166,135.101491,,,0,,0,,0,0,0,0,,0,214,blue,5803,5149,10952
86,,6810360,1,20260729,0,0,,,,,,0,0,,,,,,3,35.333611034241834,134.917222,,,0,,0,,1,0,0,0,,213,214,blue,0,0,0
86,,6810365,1,20260729,2652,935,,,,,,2663,665,,,,,,3,36.25913403538918,136.286774,,,0,,0,,0,0,0,0,,0,214,blue,3587,3328,6915
86,,6810370,1,20260729,0,0,,,,,,0,0,,,,,,3,35.38305603430526,134.671667,,,0,,0,,1,0,0,0,,213,214,blue,0,0,0
86,,6810390,1,20260729,0,0,,,,,,0,0,,,,,,3,35.48083303443001,134.585278,,,0,,0,,1,0,0,0,,213,214,blue,0,0,0
86,,6810400,1,20260729,,,,,,,,,,,,,,,3,35.50388903445929,134.533889,,,0,,0,,0,0,0,0,,214,214,blue,0,0,0
86,,6810410,1,20260729,,,,,,,,,,,,,,,3,35.5247220344857,134.4275,,,0,,0,,0,0,0,0,,214,214,blue,0,0,0
86,,6810420,1,20260729,2551,989,,,,,,2450,874,,,,,,3,35.33111103423862,136.352222,,,0,,0,,0,0,0,0,,0,214,blue,3540,3324,6864
86,,6810450,1,20260729,5132,282,,,,,,3102,144,,,,,,3,34.229683032767404,135.169164,,,0,,0,,0,0,0,0,,0,214,blue,5414,3246,8660
86,,6810492,1,20260729,,,,,,,,,,,,,,,3,34.5749167332401,135.6647778,,,0,,0,,0,0,0,0,,214,214,blue,0,0,0
86,,6810500,1,20260729,,,,,,,,,,,,,,,3,34.58000003324698,135.466581,,,1,,0,,0,0,0,0,,0,214,blue,0,0,0
86,,6810510,1,20260729,,,,,,,,,,,,,,,3,34.5797220332466,135.466581,,,1,,0,,0,0,0,0,,0,214,blue,0,0,0
86,,6810540,1,20260729,,,,,,,,,,,,,,,3,34.36000003294702,135.269444,,,1,,0,,0,214,214,0,,0,214,blue,0,0,0
86,,6810550,1,20260729,,,,,,,,,,,,,,,3,34.32270003289575,135.19756,,,1,,0,,0,0,0,0,,0,214,blue,0,0,0
86,,6810551,1,20260729,5999,1357,,,,,,5745,922,,,,,,3,34.32488893289876,135.1913056,,,0,,0,,0,0,0,0,,0,214,blue,7356,6667,14023
86,,6810552,1,20260729,,,,,,,,,,,,,,,3,34.31283333288218,135.1605,,,0,,0,,0,0,0,0,,214,214,blue,0,0,0
86,,6810560,1,20260729,5501,88,,,,,,4663,257,,,,,,3,34.24805603279281,135.175,,,1,,0,,0,0,0,0,,0,214,blue,5589,4920,10509
86,,6810580,1,20260729,4486,349,,,,,,946,157,,,,,,3,35.633611034623065,136.021389,,,0,,0,,0,0,0,0,,0,214,blue,4835,1103,5938
86,,6810590,1,20260729,2094,362,,,,,,2269,343,,,,,,3,35.58083303455663,135.910417,,,0,,0,,0,0,0,0,,0,214,blue,2456,2612,5068
86,,6810610,1,20260729,2329,533,,,,,,2235,508,,,,,,3,35.469444034415524,135.825,,,0,,0,,0,0,0,0,,0,214,blue,2862,2743,5605
86,,6810620,1,20260729,2796,155,,,,,,2694,417,,,,,,3,35.483056034432835,135.666111,,,0,,0,,0,0,0,0,,0,214,blue,2951,3111,6062
86,,6810630,1,20260729,,,,,,,,,,,,,,,3,35.48805603443919,135.595833,,,1,,0,,0,0,0,0,,0,214,blue,0,0,0
86,,6810660,1,20260729,2692,602,,,,,,2748,430,,,,,,3,35.48083303443001,135.421389,,,0,,0,,0,0,0,0,,0,214,blue,3294,3178,6472
86,,6810667,1,20260729,,,,,,,,,,,,,,,3,35.46027781440387,135.3566667,,,0,,0,,0,0,0,0,,214,214,blue,0,0,0
86,,6810670,1,20260729,3653,625,,,,,,3063,629,,,,,,3,35.414167034345056,135.333056,,,0,,0,,0,0,0,0,,0,214,blue,4278,3692,7970
86,,6810671,1,20260729,,,,,,,,,,,,,,,3,35.37888892429992,135.3169444,,,0,,0,,0,0,0,0,,214,214,blue,0,0,0
86,,6810730,1,20260729,,,,,,,,,,,,,,,3,34.85305603361341,134.605278,,,0,,0,,1,0,0,0,,213,214,blue,0,0,0
86,,6810740,1,20260729,,,,,,,,,,,,,,,3,34.87691203364509,134.61312,,,0,,0,,1,0,0,0,,213,214,blue,0,0,0
86,,6810750,1,20260729,,,,,,,,,,,,,,,3,35.07068203390065,134.587422,,,0,,0,,1,0,0,0,,213,214,blue,0,0,0
86,,6810760,1,20260729,,,,,,,,,,,,,,,3,35.145672033998615,134.539014,,,0,,0,,1,0,0,0,,213,214,blue,0,0,0
86,,6810770,1,20260729,4898,996,,,,,,3982,613,,,,,,3,33.692375032012194,135.984591,,,0,,0,,0,2,2,0,,0,214,blue,5894,4595,10489
86,,6810780,1,20260729,1996,314,,,,,,764,1588,,,,,,3,33.61777803190555,135.927061,,,0,,0,,0,2,2,0,,0,214,blue,2310,2352,4662
86,,6810790,1,20260729,4514,506,,,,,,469,32,,,,,,3,33.56853903183492,135.910197,,,0,,0,,0,2,2,0,,0,214,blue,5020,501,5521
86,,6810800,1,20260729,,,,,,,,,,,,,,,3,33.50323103174097,135.806228,,,1,,0,,0,2,2,0,,0,214,blue,0,0,0
86,,6810810,1,20260729,2347,823,,,,,,2496,691,,,,,,3,33.48392803171314,135.760481,,,0,,0,,0,1,1,0,,0,214,blue,3170,3187,6357
86,,6810820,1,20260729,0,1,,,,,,96,11,,,,,,3,33.509890031750565,135.60639100000003,,,0,,0,,0,1,1,0,,0,214,blue,1,107,108
86,,6810830,1,20260729,0,0,,,,,,0,0,,,,,,3,33.51850003176297,135.57,,,0,,0,,0,1,1,0,,0,214,blue,0,0,0
86,,6810840,1,20260729,,,,,,,,,,,,,,,3,33.554167031814266,135.458889,,,1,,0,,0,1,1,0,,0,214,blue,0,0,0
86,,6810850,1,20260729,2956,271,,,,,,244,3,,,,,,3,33.70273603202697,135.411942,,,0,,0,,0,1,1,0,,0,214,blue,3227,247,3474
86,,6810860,1,20260729,8817,403,,,,,,6213,556,,,,,,3,33.72250003205514,135.404722,,,0,,0,,0,1,1,0,,0,214,blue,9220,6769,15989
86,,6810880,1,20260729,0,0,,,,,,0,0,,,,,,3,33.748889032092684,135.3275,,,1,,0,,0,1,1,0,,0,214,blue,0,0,0
86,,6810890,1,20260729,2708,556,,,,,,2785,616,,,,,,3,33.7811110321385,135.3025,,,0,,0,,0,1,1,0,,0,214,blue,3264,3401,6665
86,,6810900,1,20260729,4538,372,,,,,,3861,555,,,,,,3,33.91892803233343,135.146508,,,0,,0,,0,0,0,0,,0,214,blue,4910,4416,9326
86,,6810910,1,20260729,2677,701,,,,,,1,1,,,,,,3,33.94659203237239,135.12965,,,0,,0,,0,0,0,0,,0,214,blue,3378,2,3380
86,,6810920,1,20260729,6399,1020,,,,,,5175,933,,,,,,3,34.04305603250771,135.189722,,,0,,0,,0,0,0,0,,0,214,blue,7419,6108,13527
86,,6810930,1,20260729,,,,,,,,,,,,,,,3,34.047035032513286,135.189167,,,1,,0,,0,0,0,0,,0,214,blue,0,0,0
86,,6810950,1,20260729,1243,75,,,,,,3689,437,,,,,,3,34.19539403271991,135.169583,,,1,,0,,0,0,0,0,,0,214,blue,1318,4126,5444
86,,6810960,1,20260729,744,228,,,,,,6027,803,,,,,,3,33.74962803209376,135.359472,,,0,,0,,0,1,1,0,,0,214,blue,972,6830,7802
86,,6810980,1,20260729,,,,,,,,,,,,,,,3,34.652222033344536,135.48972200000003,,,1,,0,,0,0,0,0,,0,214,blue,0,0,0
86,,6810990,1,20260729,518,460,,,,,,1315,830,,,,,,3,35.551944034520155,136.098333,,,0,,0,,0,0,0,0,,0,214,blue,978,2145,3123
86,,6811000,1,20260729,984,513,,,,,,928,517,,,,,,3,35.530000034492396,136.094444,,,0,,0,,0,0,0,0,,0,214,blue,1497,1445,2942
86,,6811010,1,20260729,2185,778,,,,,,1793,640,,,,,,3,35.47888903442754,136.083056,,,0,,0,,0,0,0,0,,0,214,blue,2963,2433,5396
86,,6811020,1,20260729,776,209,,,,,,695,257,,,,,,3,35.39750003432375,136.024722,,,0,,0,,0,0,0,0,,0,214,blue,985,952,1937
86,,6811030,1,20260729,9189,2363,,,,,,7660,1795,,,,,,3,35.28722203418211,136.018056,,,0,,0,,0,0,0,0,,0,214,blue,11552,9455,21007
86,,6811040,1,20260729,2972,1744,,,,,,4150,1171,,,,,,3,35.24777803413116,135.960556,,,0,,0,,0,0,0,0,,0,214,blue,4716,5321,10037
86,,6811050,1,20260729,,,,,,,,,,,,,,,3,35.237778034118236,135.943333,,,1,,0,,0,214,214,0,,0,214,blue,0,0,0
86,,6811080,1,20260729,,,,,,,,,,,,,,,3,34.71861103343382,135.569444,,,1,,0,,0,0,0,0,,0,214,blue,0,0,0
86,,6811120,1,20260729,0,0,,,,,,1725,654,,,,,,3,35.0725560339031,135.008778,,,0,,0,,0,0,0,0,,0,214,blue,0,2379,2379
86,,6811130,1,20260729,,,,,,,,,,,,,,,3,35.12139403396696,135.005953,,,1,,0,,0,0,0,0,,0,214,blue,0,0,0
86,,6811140,1,20260729,0,0,,,,,,0,0,,,,,,3,34.81806403356681,135.3196,,,0,,0,,0,214,214,0,,0,214,blue,0,0,0
86,,6811150,1,20260729,,,,,,,,,,,,,,,3,35.16055603401799,135.066111,,,0,,0,,0,0,0,0,,214,214,blue,0,0,0
86,,6811160,1,20260729,,,,,,,,,,,,,,,3,35.23305603411212,135.020833,,,0,,0,,0,0,0,0,,214,214,blue,0,0,0
86,,6811165,1,20260729,2458,912,,,,,,1953,1041,,,,,,3,35.28748503418245,134.977245,,,0,,0,,0,0,0,0,,0,214,blue,3370,2994,6364
86,,6811170,1,20260729,,,,,,,,,,,,,,,3,35.29111103418713,134.970556,,,0,,0,,0,0,0,0,,214,214,blue,0,0,0
86,,6811180,1,20260729,,,,,,,,,,,,,,,3,35.30305603420252,134.92,,,0,,0,,0,0,0,0,,214,214,blue,0,0,0
86,,6811190,1,20260729,,,,,,,,,,,,,,,3,35.34500003425647,134.801111,,,0,,0,,0,0,0,0,,214,214,blue,0,0,0
86,,6811200,1,20260729,,,,,,,,,,,,,,,3,35.36333303427999,134.759167,,,0,,0,,0,0,0,0,,214,214,blue,0,0,0
86,,6811210,1,20260729,4290,456,,,,,,4546,475,,,,,,3,35.49942303445363,134.790538,,,0,,0,,0,0,0,0,,0,214,blue,4746,5021,9767
86,,6811220,1,20260729,3850,334,,,,,,3894,318,,,,,,3,35.474942034422526,134.764925,,,0,,0,,0,0,0,0,,0,214,blue,4184,4212,8396
86,,6811230,1,20260729,3944,504,,,,,,3697,597,,,,,,3,35.43722003437449,134.767839,,,0,,0,,0,0,0,0,,0,214,blue,4448,4294,8742
86,,6811260,1,20260729,5178,863,,,,,,5904,1254,,,,,,3,35.01754603383091,136.023618,,,0,,0,,0,0,0,0,,0,214,blue,6041,7158,13199
86,,6811310,1,20260729,1102,370,,,,,,1266,277,,,,,,3,34.78856603352747,134.816183,,,0,,0,,0,0,0,0,,0,214,blue,1472,1543,3015
86,,6811320,1,20260729,,,,,,,,,,,,,,,3,34.81472203356237,134.673055,,,1,,0,,0,0,0,0,,0,214,blue,0,0,0
86,,6811340,1,20260729,,,,,,,,,,,,,,,3,34.83503003358942,134.618945,,,1,,0,,0,0,0,0,,0,214,blue,0,0,0
86,,6811400,1,20260729,3804,751,,,,,,3745,771,,,,,,3,34.54152803319483,135.675417,,,0,,0,,0,0,0,0,,0,214,blue,4555,4516,9071
88,,8810010,1,20260729,1885,581,0,,,,,1717,576,0,,,,,3,34.22576903276199,134.506281,,,0,0,0,0,0,0,0,0,0,0,214,blue,2466,2293,4759
88,,8810040,1,20260729,1931,620,0,,,,,1896,667,0,,,,,3,34.21202803274294,134.426444,,,0,0,0,0,0,0,0,0,0,0,214,blue,2551,2563,5114
88,,8810050,1,20260729,,,,,,,,,,,,,,,3,34.2426940327854,134.369389,,,1,0,0,0,0,0,0,0,0,0,214,blue,0,0,0
88,,8810060,1,20260729,,,,,,,,,,,,,,,3,34.24194403278437,134.333056,,,1,0,0,0,0,0,0,0,0,0,214,blue,0,0,0
88,,8810070,1,20260729,,,,,,,,,,,,,,,3,34.3096610328778,134.235686,,,1,0,0,0,0,0,0,0,0,0,214,blue,0,0,0
88,,8810080,1,20260729,,,,,,,,,,,,,,,3,34.323825032897304,134.203003,,,1,0,0,0,0,0,0,0,0,0,214,blue,0,0,0
88,,8810090,1,20260729,,,,,,,,,,,,,,,3,34.31055603287904,134.040556,,,1,0,0,0,0,0,0,0,0,0,214,blue,0,0,0
88,,8810100,1,20260729,13044,1702,0,,,,,,,,,,,,3,34.31083303287942,134.040833,,,0,0,0,0,0,0,0,0,0,0,214,blue,14746,0,14746
88,,8810110,1,20260729,,,,,,,,,,,,,,,3,34.296344462859466,133.9267892,,,1,0,0,0,0,0,0,0,0,0,214,blue,0,0,0
88,,8810120,1,20260729,8625,613,0,,,,,7032,776,0,,,,,3,34.30830303287593,133.886,,,0,0,0,0,0,0,0,0,0,0,214,blue,9238,7808,17046
88,,8810130,1,20260729,,,,,,,,,,,,,,,3,34.28116903283854,133.818719,,,1,0,0,0,0,1,1,0,0,0,214,blue,0,0,0
88,,8810150,1,20260729,,,,,,,,,,,,,,,3,33.79388903215663,132.931944,,,1,0,0,0,0,0,0,0,0,0,214,blue,0,0,0
88,,8810160,1,20260729,8187,1110,0,,,,,9681,752,0,,,,,3,34.251008032796896,133.916925,,,0,0,0,0,0,0,0,0,0,0,214,blue,9297,10433,19730
88,,8810170,1,20260729,5528,1264,0,,,,,4942,1174,0,,,,,3,34.183472032703364,133.834944,,,0,0,0,0,0,0,0,0,0,0,214,blue,6792,6116,12908
88,,8810180,1,20260729,2051,464,0,,,,,2187,253,0,,,,,3,34.15741703266719,133.82277800000003,,,0,0,0,0,0,0,0,0,0,0,214,blue,2515,2440,4955
88,,8810210,1,20260729,3597,714,0,,,,,2197,723,0,,,,,3,34.02985603248925,133.814811,,,0,0,0,0,0,0,0,0,0,0,214,blue,4311,2920,7231
88,,8810220,1,20260729,2175,907,0,,,,,2216,431,0,,,,,3,33.99827503244498,133.788456,,,0,0,0,0,0,0,0,0,0,0,214,blue,3082,2647,5729
88,,8810270,1,20260729,1219,362,0,,,,,1315,482,0,,,,,3,33.699149792021856,133.6898053,,,0,0,0,0,0,0,0,0,0,0,214,blue,1581,1797,3378
88,,8810310,1,20260729,,,,,,,,,,,,,,,3,33.65416703195762,133.66,,,1,0,0,0,0,0,0,0,0,0,214,blue,0,0,0
88,,8810340,1,20260729,,,,,,,,,,,,,,,3,33.55527803181588,133.460556,,,1,0,0,0,0,0,0,0,0,0,214,blue,0,0,0
88,,8810380,1,20260729,,,,,,,,,,,,,,,3,33.555000031815474,133.139444,,,1,0,0,0,0,0,0,0,0,0,214,blue,0,0,0
88,,8810400,1,20260729,,,,,,,,,,,,,,,3,33.58111103185298,132.9925,,,1,0,0,0,0,0,0,0,0,0,214,blue,0,0,0
88,,8810410,1,20260729,1043,156,0,,,,,1083,346,0,,,,,3,33.61805603190595,132.933333,,,0,0,0,0,0,0,0,0,0,0,214,blue,1199,1429,2628
88,,8810420,1,20260729,1308,174,0,,,,,1368,432,0,,,,,3,33.62777803191986,132.916389,,,0,0,0,0,0,0,0,0,0,0,214,blue,1482,1800,3282
88,,8810430,1,20260729,1499,333,0,,,,,1706,551,0,,,,,3,33.646667031946905,132.905833,,,0,0,0,0,0,0,0,0,0,0,214,blue,1832,2257,4089
88,,8810450,1,20260729,,,,,,,,,,,,,,,3,33.68178252199708,132.8835762,,,1,0,0,0,0,0,0,0,0,0,214,blue,0,0,0
88,,8810510,1,20260729,,,,,,,,,,,,,,,3,33.73555603207373,132.811667,,,1,0,0,0,0,0,0,0,0,0,214,blue,0,0,0
88,,8810520,1,20260729,,,,,,,,,,,,,,,6,33.80277803216924,132.7775,,,1,0,0,0,0,0,0,0,0,0,214,blue,0,0,0
88,,8810530,1,20260729,,,,,,,,,,,,,,,3,33.80679213217494,132.7455604,,,1,0,0,0,0,1,1,0,0,0,214,blue,0,0,0
88,,8810560,1,20260729,896,126,0,,,,,674,114,0,,,,,3,33.883114032282926,134.645522,,,0,0,0,0,0,0,0,0,0,0,214,blue,1022,788,1810
88,,8810570,1,20260729,3949,872,0,,,,,3591,857,0,,,,,3,33.87310303226879,134.637228,,,0,0,0,0,0,0,0,0,0,0,214,blue,4821,4448,9269
88,,8810580,1,20260729,2872,481,0,,,,,2803,255,0,,,,,3,33.8064830321745,134.590708,,,0,0,0,0,0,0,0,0,0,0,214,blue,3353,3058,6411
88,,8810640,1,20260729,1937,353,0,,,,,1822,180,0,,,,,3,33.72289703205572,134.519397,,,0,0,0,0,0,0,0,0,0,0,214,blue,2290,2002,4292
88,,8810660,1,20260729,1943,397,0,,,,,2031,297,0,,,,,3,33.66041903196656,134.406369,,,0,0,0,0,0,0,0,0,0,0,214,blue,2340,2328,4668
88,,8810670,1,20260729,2134,162,0,,,,,1867,358,0,,,,,3,33.58200303185425,134.323467,,,0,0,0,0,0,0,0,0,0,0,214,blue,2296,2225,4521
88,,8810690,1,20260729,,,,,,,,,,,,,,,3,33.49111103172349,134.261667,,,1,0,0,0,0,0,0,0,0,0,214,blue,0,0,0
88,,8810720,1,20260729,,,,,,,,,,,,,,,3,33.33499901149748,134.1973409,,,1,0,0,0,0,0,0,0,0,0,214,blue,0,0,0
88,,8810730,1,20260729,,,,,,,,,,,,,,,3,33.2510477313752,134.1807112,,,1,0,0,0,0,0,0,0,0,0,214,blue,0,0,0
88,,8810740,1,20260729,,,,,,,,,,,,,,,3,33.29972203144615,134.123333,,,1,0,0,0,0,0,0,0,0,0,214,blue,0,0,0
88,,8810750,1,20260729,,,,,,,,,,,,,,,3,33.371439791550394,134.039855,,,1,0,0,0,0,0,0,0,0,0,214,blue,0,0,0
88,,8810760,1,20260729,,,,,,,,,,,,,,,3,33.42416703162678,134.023333,,,1,0,0,0,0,0,0,0,0,0,214,blue,0,0,0
88,,8810780,1,20260729,,,,,,,,,,,,,,,3,33.441944031652504,133.966111,,,1,0,0,0,0,0,0,0,0,0,214,blue,0,0,0
88,,8810820,1,20260729,,,,,,,,,,,,,,,3,33.5033880317412,133.878652,,,1,0,0,0,0,0,0,0,0,0,214,blue,0,0,0
88,,8810840,1,20260729,,,,,,,,,,,,,,,3,33.525000031772315,133.760278,,,1,0,0,0,0,0,0,0,0,0,214,blue,0,0,0
88,,8810850,1,20260729,,,,,,,,,,,,,,,3,33.42055603162157,133.301944,,,1,0,0,0,0,0,0,0,0,0,214,blue,0,0,0
88,,8810880,1,20260729,454,55,0,,,,,445,116,0,,,,,3,33.3074340314574,133.179556,,,0,0,0,0,0,0,0,0,0,0,214,blue,509,561,1070
88,,8810890,1,20260729,,,,,,,,,,,,,,,3,33.28855103142989,133.172023,,,1,0,0,0,0,0,0,0,0,0,214,blue,0,0,0
88,,8810910,1,20260729,1074,244,0,,,,,2,0,0,,,,,3,33.266597031397886,133.171467,,,0,0,0,0,0,0,0,0,0,0,214,blue,1318,2,1320
88,,8810920,1,20260729,2544,581,0,,,,,2528,329,0,,,,,3,33.21880803132811,133.140708,,,0,0,0,0,0,0,0,0,0,0,214,blue,3125,2857,5982
88,,8810940,1,20260729,4143,378,0,,,,,3829,450,0,,,,,3,33.0089042010197,132.9856986,,,0,0,0,0,0,0,0,0,0,0,214,blue,4521,4279,8800
88,,8810960,1,20260729,2420,198,0,,,,,2045,485,0,,,,,3,32.97816103097427,132.889125,,,0,0,0,0,0,0,0,0,0,0,214,blue,2618,2530,5148
88,,8810970,1,20260729,1904,459,0,,,,,2048,207,0,,,,,3,32.977644030973515,132.885636,,,0,0,0,0,1,0,0,0,0,0,214,blue,2363,2255,4618
88,,8811000,1,20260729,,,,,,,,,,,,,,,3,32.96687203095758,132.865489,,,1,0,0,0,0,0,0,0,0,0,214,blue,0,0,0
88,,8811020,1,20260729,1463,400,0,,,,,1521,217,0,,,,,3,32.96457803095418,132.816661,,,0,0,0,0,1,0,0,0,0,0,214,blue,1863,1738,3601
88,,8811040,1,20260729,2124,374,0,,,,,2713,192,0,,,,,3,32.95833303094494,132.796389,,,0,0,0,0,0,0,0,0,0,0,214,blue,2498,2905,5403
88,,8811050,1,20260729,3743,310,0,,,,,4384,286,0,,,,,3,32.93641403091248,132.736475,,,0,0,0,0,0,0,0,0,0,0,214,blue,4053,4670,8723
88,,8811060,1,20260729,1477,265,0,,,,,1482,164,0,,,,,3,32.969853030961985,132.683747,,,0,0,0,0,1,0,0,0,0,0,214,blue,1742,1646,3388
88,,8811070,1,20260729,,,,,,,,,,,,,,,3,32.970303030962654,132.665209,,,1,0,0,0,0,2,2,0,0,0,214,blue,0,0,0
88,,8811080,1,20260729,2217,220,0,,,,,2046,404,0,,,,,3,32.95232903093605,132.60067,,,0,0,0,0,0,0,0,0,0,0,214,blue,2437,2450,4887
88,,8811090,1,20260729,2178,498,0,,,,,2355,312,0,,,,,3,32.9541190309387,132.584276,,,0,0,0,0,0,0,0,0,0,0,214,blue,2676,2667,5343
88,,8811110,1,20260729,1968,268,0,,,,,1370,268,0,,,,,3,33.04654603107523,132.48536,,,0,0,0,0,0,0,0,0,0,0,214,blue,2236,1638,3874
88,,8811130,1,20260729,2600,348,0,,,,,2333,584,0,,,,,3,33.0789110311229,132.49507,,,0,0,0,0,0,0,0,0,0,0,214,blue,2948,2917,5865
88,,8811140,1,20260729,1398,227,0,,,,,1314,244,0,,,,,3,33.11350003117377,132.518333,,,0,0,0,0,0,0,0,0,0,0,214,blue,1625,1558,3183
88,,8811150,1,20260729,2475,592,0,,,,,2490,537,0,,,,,3,33.12469803119022,132.521282,,,0,0,0,0,0,0,0,0,0,0,214,blue,3067,3027,6094
88,,8811170,1,20260729,2280,410,0,,,,,2146,242,0,,,,,3,33.49517003172935,132.54537,,,0,0,0,0,0,0,0,0,0,0,214,blue,2690,2388,5078
88,,8811180,1,20260729,1551,423,0,,,,,1458,278,0,,,,,3,33.15677703123728,132.5469,,,0,0,0,0,0,0,0,0,0,0,214,blue,1974,1736,3710
88,,8811190,1,20260729,3246,312,0,,,,,3454,440,0,,,,,3,33.264024031394136,132.552651,,,0,0,0,0,0,0,0,0,0,0,214,blue,3558,3894,7452
88,,8811210,1,20260729,8705,1007,0,,,,,8447,1443,0,,,,,3,33.23340003134943,132.559577,,,0,0,0,0,0,0,0,0,0,0,214,blue,9712,9890,19602
88,,8811220,1,20260729,,,,,,,,,,,,,,,3,33.21975503132949,132.55883,,,1,0,0,0,0,0,0,0,0,0,214,blue,0,0,0
88,,8811230,1,20260729,7417,1365,0,,,,,8705,909,0,,,,,3,33.21400003132108,132.545961,,,0,0,0,0,0,0,0,0,0,0,214,blue,8782,9614,18396
88,,8811240,1,20260729,3167,791,0,,,,,3391,428,0,,,,,3,33.187563031282394,132.543219,,,0,0,0,0,0,0,0,0,0,0,214,blue,3958,3819,7777
88,,8811250,1,20260729,,,,,,,,,,,,,,,3,33.623917031914345,132.69675,,,1,0,0,0,0,0,0,0,0,0,214,blue,0,0,0
88,,8811260,1,20260729,,,,,,,,,,,,,,,3,33.63910303193607,132.70852,,,1,0,0,0,0,0,0,0,0,0,214,blue,0,0,0
88,,8811300,1,20260729,3092,581,0,,,,,3255,746,0,,,,,3,33.701111032024656,132.7075,,,0,0,0,0,0,0,0,0,0,0,214,blue,3673,4001,7674
88,,8811320,1,20260729,2604,465,0,,,,,2750,800,0,,,,,3,33.99242782243679,133.6034113,,,0,0,0,0,0,0,0,0,0,0,214,blue,3069,3550,6619
88,,8811330,1,20260729,910,261,0,,,,,1190,383,0,,,,,3,33.99611044244195,133.6571521,,,0,0,0,0,0,0,0,0,0,0,214,blue,1171,1573,2744
88,,8811360,1,20260729,1066,405,0,,,,,1408,365,0,,,,,3,34.015556032469206,133.77361100000002,,,0,0,0,0,0,0,0,0,0,0,214,blue,1471,1773,3244
88,,8811430,1,20260729,,,,,,,,,,,,,,,3,33.981944032422064,132.778333,,,1,0,0,0,0,0,0,0,0,0,214,blue,0,0,0
88,,8811450,1,20260729,5174,959,0,,,,,4573,1007,0,,,,,3,33.98044403241997,133.057088,,,0,0,0,0,0,0,0,0,0,0,214,blue,6133,5580,11713
89,,9810010,1,20260729,8909,661,0,,,,,8798,799,0,,,,,3,33.86852803226232,130.79675,,,0,0,0,0,0,0,0,0,0,0,214,blue,9570,9597,19167
89,,9810020,1,20260729,,,,,,,,,,,,,,,3,33.835259032215276,130.608521,,,1,0,0,0,0,0,0,0,0,0,214,blue,0,0,0
89,,9810030,1,20260729,,,,,,,,,,,,,,,3,33.78978203215081,130.567337,,,1,0,0,0,0,0,0,0,0,0,214,blue,0,0,0
89,,9810040,1,20260729,25357,2157,0,,,,,22833,2515,0,,,,,3,33.744955032087105,130.488242,,,0,0,0,0,0,0,0,0,0,0,214,blue,27514,25348,52862
89,,9810050,1,20260729,,,,,,,,,,,,,,,3,33.73691203207566,130.478193,,,1,0,0,0,0,0,0,0,0,0,214,blue,0,0,0
89,,9810070,1,20260729,16075,2818,0,,,,,18566,3349,0,,,,,3,33.52600403177376,130.49557,,,0,0,0,0,0,0,0,0,0,0,214,blue,18893,21915,40808
89,,9810080,1,20260729,16854,2341,0,,,,,16326,2410,0,,,,,3,33.51100303175216,130.511069,,,0,0,0,0,0,0,0,0,0,0,214,blue,19195,18736,37931
89,,9810090,1,20260729,17808,2163,0,,,,,18901,3177,0,,,,,3,33.510200031751005,130.520977,,,0,0,0,0,0,0,0,0,0,0,214,blue,19971,22078,42049
89,,9810100,1,20260729,11667,2186,0,,,,,12611,2185,0,,,,,3,33.477797031704284,130.53932,,,0,0,0,0,0,0,0,0,0,0,214,blue,13853,14796,28649
89,,9810120,1,20260729,,,,,,,,,,,,,,,3,33.33966203150427,130.525942,,,1,,,,,,,,,,214,blue,0,0,0
89,,9810130,1,20260729,1657,382,0,,,,,1383,449,0,,,,,3,33.19870703129871,130.60119,,,1,0,0,0,0,51,51,0,0,0,214,blue,2039,1832,3871
89,,9810140,1,20260729,,,,,,,,,,,,,,,3,33.170447031257325,130.617432,,,1,0,0,0,0,0,0,0,0,0,214,blue,0,0,0
89,,9810150,1,20260729,16098,1886,0,,,,,18132,1707,0,,,,,3,33.86806903226167,130.775199,,,0,0,0,0,0,0,0,0,0,0,214,blue,17984,19839,37823
89,,9810160,1,20260729,14484,1493,0,,,,,,,,,,,,3,33.86432503225638,130.74688,,,0,0,0,0,0,0,0,0,0,0,214,blue,15977,0,15977
89,,9810170,1,20260729,6001,480,0,,,,,7537,604,0,,,,,3,33.648732031949855,130.441499,,,0,0,0,0,0,0,0,0,0,0,214,blue,6481,8141,14622
89,,9810180,1,20260729,21751,3074,0,,,,,22256,3046,0,,,,,3,33.61500003190157,130.438611,,,0,0,0,0,0,0,0,0,0,0,214,blue,24825,25302,50127
89,,9810190,1,20260729,9905,2396,0,,,,,9937,2383,0,,,,,3,33.4496850316637,130.546326,,,0,0,0,0,0,0,0,0,0,0,214,blue,12301,12320,24621
89,,9810200,1,20260729,,,,,,,,,,,,,,,3,33.41916903161956,130.532642,,,1,,,,,,,,,,214,blue,0,0,0
89,,9810210,1,20260729,,,,,,,,,,,,,,,3,32.92737203089908,130.698429,,,1,0,0,0,0,0,0,0,0,0,214,blue,0,0,0
89,,9810230,1,20260729,4509,1233,0,,,,,5061,1245,0,,,,,3,32.33541003001024,130.485852,,,0,0,0,0,0,0,0,0,0,0,214,blue,5742,6306,12048
89,,9810240,1,20260729,3457,772,0,,,,,3030,733,0,,,,,3,32.24685302987536,130.498828,,,0,0,0,0,0,0,0,0,0,0,214,blue,4229,3763,7992
89,,9810260,1,20260729,,,,,,,,,,,,,,,3,32.06933302960361,130.240833,,,1,0,0,0,0,0,0,0,0,0,214,blue,0,0,0
89,,9810270,1,20260729,,,,,,,,,,,,,,,3,32.05996802958923,130.223169,,,1,0,0,0,0,0,0,0,0,0,214,blue,0,0,0
89,,9810280,1,20260729,,,,,,,,,,,,,,,3,32.00103302949858,130.195866,,,1,0,0,0,0,0,0,0,0,0,214,blue,0,0,0
89,,9810290,1,20260729,,,,,,,,,,,,,,,3,31.77354502914685,130.301221,,,1,0,0,0,0,0,0,0,0,0,214,blue,0,0,0
89,,9810300,1,20260729,,,,,,,,,,,,,,,3,31.752394029113987,130.297198,,,1,0,0,0,0,0,0,0,0,0,214,blue,0,0,0
89,,9810310,1,20260729,,,,,,,,,,,,,,,3,31.671780028988586,130.334671,,,1,0,0,0,0,0,0,0,0,0,214,blue,0,0,0
89,,9810320,1,20260729,5590,667,0,,,,,6140,602,0,,,,,3,31.644384028945897,130.514685,,,0,0,0,0,0,0,0,0,0,0,214,blue,6257,6742,12999
89,,9810330,1,20260729,12487,756,0,,,,,10732,558,0,,,,,3,31.593127028865894,130.55217,,,0,0,0,0,0,0,0,0,0,0,214,blue,13243,11290,24533
89,,9810340,1,20260729,,,,,,,,,,,,,,,3,31.774587029148464,130.294585,,,1,0,0,0,0,0,0,0,0,0,214,blue,0,0,0
89,,9810350,1,20260729,,,,,,,,12383,1237,0,,,,,3,31.586173028855043,130.521497,,,0,0,0,0,0,0,0,0,0,0,214,blue,0,13620,13620
89,,9810360,1,20260729,,,,,,,,,,,,,,,3,33.6356250319311,131.074923,,,1,0,0,0,0,1,1,0,0,0,214,blue,0,0,0
89,,9810370,1,20260729,,,,,,,,,,,,,,,3,33.60811903189171,131.1134,,,0,0,0,0,0,203,203,203,152,0,214,blue,0,0,0
89,,9810380,1,20260729,3626,1101,0,,,,,3729,1210,0,,,,,3,33.55407703181414,131.25154,,,0,0,0,0,0,0,0,0,0,0,214,blue,4727,4939,9666
89,,9810390,1,20260729,2622,517,0,,,,,2520,663,0,,,,,3,33.47356403169818,131.495973,,,0,0,0,0,0,0,0,0,0,0,214,blue,3139,3183,6322
89,,9810400,1,20260729,3652,571,0,,,,,3494,711,0,,,,,3,33.4199570316207,131.549075,,,0,0,0,0,0,0,0,0,0,0,214,blue,4223,4205,8428
89,,9810410,1,20260729,13376,1036,0,,,,,11937,905,0,,,,,3,33.35718603152971,131.497308,,,0,0,0,0,0,0,0,0,0,0,214,blue,14412,12842,27254
89,,9810420,1,20260729,18635,1674,0,,,,,18075,1949,0,,,,,3,33.28844603142974,131.50415600000002,,,0,0,0,0,0,0,0,0,0,0,214,blue,20309,20024,40333
89,,9810430,1,20260729,9865,1075,0,,,,,9739,1003,0,,,,,3,33.1773230312674,131.619615,,,0,0,0,0,0,0,0,0,0,0,214,blue,10940,10742,21682
89,,9810440,1,20260729,,,,,,,,8336,1521,0,,,,,3,33.091164031140934,131.647172,,,0,0,0,0,0,0,0,0,0,0,214,blue,0,9857,9857
89,,9810450,1,20260729,50,8,0,,,,,39,7,0,,,,,3,33.07813503112177,131.638559,,,1,0,0,0,0,45,45,0,85,0,214,blue,58,46,104
89,,9810460,1,20260729,1,0,0,,,,,5,2,0,,,,,3,33.03375103105637,131.689156,,,1,0,0,0,0,12,12,0,20,0,214,blue,1,7,8
89,,9810470,1,20260729,4,0,0,,,,,4,2,0,,,,,3,33.001599031008915,131.788698,,,1,0,0,0,0,38,38,1,51,0,214,blue,4,6,10
89,,9810480,1,20260729,29,1,0,,,,,38,6,0,,,,,3,32.95275303093668,131.841525,,,1,0,0,0,0,23,23,0,42,0,214,blue,30,44,74
89,,9810490,1,20260729,9,3,0,,,,,11,3,0,,,,,3,32.92192503089102,131.801353,,,1,0,0,0,0,11,11,1,17,0,214,blue,12,14,26
89,,9810500,1,20260729,3,1,0,,,,,3,0,0,,,,,3,32.84521503077709,131.718143,,,1,0,0,0,0,10,10,0,20,0,214,blue,4,3,7
89,,9810510,1,20260729,2360,738,0,,,,,2263,633,0,,,,,3,33.53550003178742,131.301439,,,0,0,0,0,0,0,0,0,0,0,214,blue,3098,2896,5994
89,,9810520,1,20260729,,,,,,,,9069,835,0,,,,,3,33.17727003126732,131.636491,,,0,0,0,0,0,0,0,0,0,0,214,blue,0,9904,9904
89,,9810530,1,20260729,2,1,0,,,,,0,1,0,,,,,3,32.76588703065887,131.69922,,,1,0,0,0,0,43,43,1,78,0,214,blue,3,1,4
89,,9810540,1,20260729,0,0,0,,,,,0,0,0,,,,,3,32.73308003060985,131.712307,,,0,0,0,0,0,23,23,0,27,0,214,blue,0,0,0
89,,9810550,1,20260729,1,0,0,,,,,1,0,0,,,,,3,32.680641030531355,131.69547,,,0,0,0,0,0,23,23,0,24,0,214,blue,1,1,2
89,,9810560,1,20260729,1,0,0,,,,,1,0,0,,,,,3,32.6162990304348,131.682165,,,0,0,0,0,0,22,22,5,30,0,214,blue,1,1,2
89,,9810570,1,20260729,2,0,0,,,,,5,1,0,,,,,3,32.58759103039164,131.676921,,,0,0,0,0,0,35,35,3,36,0,214,blue,2,6,8
89,,9810580,1,20260729,2,0,0,,,,,2,1,0,,,,,3,32.56240603035372,131.681538,,,0,0,0,0,0,18,18,0,21,0,214,blue,2,3,5
89,,9810590,1,20260729,,,,,,,,,,,,,,,3,32.512945030279155,131.682071,,,0,0,0,0,0,85,85,127,103,0,214,blue,0,0,0
89,,9810600,1,20260729,,,,,,,,,,,,,,,3,32.505475030267874,131.671612,,,0,0,0,0,0,20,20,4,26,0,214,blue,0,0,0
89,,9810610,1,20260729,20,1,0,,,,,10,1,0,,,,,3,32.48380003023514,131.65983,,,0,0,0,0,0,12,12,0,20,0,214,blue,21,11,32
89,,9810620,1,20260729,2,1,0,,,,,0,0,0,,,,,3,32.44750003018023,131.634167,,,0,0,0,0,0,15,15,3,25,0,214,blue,3,0,3
89,,9810630,1,20260729,9,1,0,,,,,4,2,0,,,,,3,32.34169203001978,131.615818,,,0,0,0,0,0,14,14,1,23,0,214,blue,10,6,16
89,,9810640,1,20260729,,,,,,,,,,,,,,,3,32.118920029679714,131.525151,,,1,0,0,0,0,25,25,1,33,0,214,blue,0,0,0
89,,9810650,1,20260729,,,,,,,,,,,,,,,3,32.04093702955998,131.469141,,,1,0,0,0,0,72,72,3,89,0,214,blue,0,0,0
89,,9810660,1,20260729,,,,,,,,,,,,,,,3,31.943136029409334,131.344339,,,1,0,0,0,0,0,0,0,0,0,214,blue,0,0,0
89,,9810670,1,20260729,,,,,,,,,,,,,,,3,31.95151902942227,131.26782500000002,,,1,0,0,0,0,0,0,0,0,0,214,blue,0,0,0
89,,9810680,1,20260729,,,,,,,,,,,,,,,3,31.916759029368613,131.228421,,,1,0,0,0,0,0,0,0,0,0,214,blue,0,0,0
89,,9810690,1,20260729,,,,,,,,,,,,,,,3,31.831007029235955,131.126939,,,1,0,0,0,0,0,0,0,0,0,214,blue,0,0,0
89,,9810700,1,20260729,,,,,,,,,,,,,,,3,31.70972202904765,131.054167,,,1,0,0,0,0,0,0,0,0,0,214,blue,0,0,0
89,,9810710,1,20260729,1856,1154,0,,,,,215,270,0,,,,,3,31.70997802904806,131.024809,,,0,0,0,0,0,0,0,0,0,0,214,blue,3010,485,3495
89,,9810720,1,20260729,1854,626,0,,,,,1574,693,0,,,,,3,31.661481028972545,130.889721,,,0,0,0,0,0,0,0,0,0,0,214,blue,2480,2267,4747
89,,9810730,1,20260729,4058,1292,0,,,,,5643,1208,0,,,,,3,31.723242029068686,130.809578,,,0,0,0,0,0,0,0,0,0,0,214,blue,5350,6851,12201
89,,9810740,1,20260729,,,,,,,,,,,,,,,3,33.30389903145224,130.368554,,,1,,,,,,,,,,214,blue,0,0,0
89,,9810750,1,20260729,,,,,,,,,,,,,,,3,33.27419603140898,130.293549,,,1,,,,,,,,,,214,blue,0,0,0
89,,9810760,1,20260729,,,,,,,,,,,,,,,3,33.26474303139519,130.245086,,,1,,,,,,,,,,214,blue,0,0,0
89,,9810770,1,20260729,,,,,,,,,,,,,,,3,33.26041603138888,130.218458,,,1,,,,,,,,,,214,blue,0,0,0
89,,9810780,1,20260729,,,,,,,,,,,,,,,3,33.23447503135101,130.18203100000002,,,1,,,,,,,,,,214,blue,0,0,0
89,,9810790,1,20260729,,,,,,,,,,,,,,,3,33.22225103133315,130.172161,,,1,,,,,,,,,,214,blue,0,0,0
89,,9810800,1,20260729,,,,,,,,,,,,,,,3,33.219025031328435,130.143217,,,1,,,,,,,,,,214,blue,0,0,0
89,,9810810,1,20260729,,,,,,,,,,,,,,,3,33.21595003132393,130.087452,,,1,,,,,,,,,,214,blue,0,0,0
89,,9810820,1,20260729,,,,,,,,,,,,,,,3,33.21877403132806,130.052459,,,1,,,,,,,,,,214,blue,0,0,0
89,,9810830,1,20260729,,,,,,,,,,,,,,,3,33.207839031312076,130.047967,,,1,,,,,,,,,,214,blue,0,0,0
89,,9810840,1,20260729,1333,288,0,,,,,1589,251,0,,,,,3,33.07291503111407,129.960829,,,0,0,0,0,0,0,0,0,0,0,214,blue,1621,1840,3461
89,,9810850,1,20260729,5351,791,0,,,,,5696,873,0,,,,,3,32.995999031000636,129.948701,,,0,0,0,0,0,0,0,0,0,0,214,blue,6142,6569,12711
89,,9810860,1,20260729,,,,,,,,,,,,,,,3,32.9044610308651,129.957531,,,1,0,0,0,0,0,0,0,0,0,214,blue,0,0,0
89,,9810870,1,20260729,,,,,,,,,,,,,,,3,32.8905010308444,129.971348,,,1,0,0,0,0,0,0,0,0,0,214,blue,0,0,0
89,,9810890,1,20260729,4795,883,0,,,,,4482,765,0,,,,,3,32.87494503082128,130.02412,,,0,0,0,0,0,0,0,0,0,0,214,blue,5678,5247,10925
89,,9810900,1,20260729,3984,329,0,,,,,3743,392,0,,,,,3,32.83967403076884,130.024592,,,0,0,0,0,0,0,0,0,0,0,214,blue,4313,4135,8448
89,,9810910,1,20260729,,,,,,,,,,,,,,,3,33.19594003129466,129.977938,,,1,0,0,0,0,0,0,0,0,0,214,blue,0,0,0
89,,9810920,1,20260729,425,79,0,,,,,498,63,0,,,,,3,33.191150031287656,129.943948,,,1,0,0,0,0,0,0,0,0,0,214,blue,504,561,1065
89,,9810930,1,20260729,3324,634,0,,,,,3440,505,0,,,,,3,33.18881403128423,129.9054,,,0,0,0,0,0,0,0,0,0,0,214,blue,3958,3945,7903
89,,9810940,1,20260729,35,11,0,,,,,17,4,0,,,,,3,32.97184603096493,131.383534,,,1,0,0,0,0,10,10,2,18,0,214,blue,46,21,67
89,,9810950,1,20260729,46,16,0,,,,,46,8,0,,,,,3,32.96828103095967,131.382552,,,1,0,0,0,0,9,9,0,20,0,214,blue,62,54,116
89,,9810960,1,20260729,18,3,0,,,,,7,2,0,,,,,3,32.96091703094877,131.248695,,,1,0,0,0,0,8,8,1,17,0,214,blue,21,9,30
89,,9810970,1,20260729,58,4,0,,,,,0,0,0,,,,,3,33.03288603105509,131.537821,,,1,0,0,0,0,54,54,0,78,0,214,blue,62,0,62
89,,9810980,1,20260729,,,,,,,,,,,,,,,3,33.00262303101042,131.45315500000004,,,1,0,0,0,0,91,91,136,101,0,214,blue,0,0,0
89,,9810990,1,20260729,1129,528,0,,,,,1174,435,0,,,,,3,32.96097103094884,131.244117,,,0,0,0,0,0,0,0,0,0,0,214,blue,1657,1609,3266
89,,9811000,1,20260729,3807,802,0,,,,,4351,799,0,,,,,3,32.93530403091085,131.035064,,,0,0,0,0,0,0,0,0,0,0,214,blue,4609,5150,9759
89,,9811010,1,20260729,,,,,,,,,,,,,,,3,32.87672503082393,130.954853,,,1,0,0,0,0,0,0,0,0,0,214,blue,0,0,0
89,,9811020,1,20260729,,,,,,,,,,,,,,,3,32.614306030431806,130.462111,,,1,0,0,0,0,1,1,0,0,0,214,blue,0,0,0
89,,9811030,1,20260729,,,,,,,,,,,,,,,3,32.72539603059835,130.251342,,,1,,,,,,,,,,214,blue,0,0,0
89,,9811040,1,20260729,,,,,,,,,,,,,,,3,32.72077403059144,130.234748,,,1,,,,,,,,,,214,blue,0,0,0
89,,9811050,1,20260729,,,,,,,,,,,,,,,3,32.73587103061402,130.209003,,,1,,,,,,,,,,214,blue,0,0,0
89,,9811060,1,20260729,,,,,,,,,,,,,,,3,32.808908030723025,130.149506,,,1,,,,,,,,,,214,blue,0,0,0
89,,9811070,1,20260729,,,,,,,,,,,,,,,3,32.836521030764146,130.094768,,,1,,,,,,,,,,214,blue,0,0,0
89,,9811080,1,20260729,,,,,,,,,,,,,,,3,32.83196203075736,130.053336,,,1,,,,,,,,,,214,blue,0,0,0
89,,9811090,1,20260729,,,,,,,,,,,,,,,3,33.61888103190713,130.568781,,,0,0,0,0,0,196,196,3,151,0,214,blue,0,0,0
89,,9811100,1,20260729,1,0,0,,,,,0,0,0,,,,,3,33.61860003190672,130.579442,,,0,0,0,0,0,179,179,2,152,0,214,blue,1,0,1
89,,9811110,1,20260729,,,,,,,,,,,,,,,3,33.62194303191151,130.588462,,,1,0,0,0,0,1,1,0,1,0,214,blue,0,0,0
89,,9811120,1,20260729,,,,,,,,,,,,,,,3,33.65684603196145,130.750269,,,1,,,,,,,,,,214,blue,0,0,0
89,,9811130,1,20260729,,,,,,,,,,,,,,,3,33.6514250319537,130.761828,,,1,,,,,,,,,,214,blue,0,0,0
89,,9811140,1,20260729,,,,,,,,,,,,,,,3,33.64137503193933,130.764099,,,1,0,0,0,0,4,4,0,3,0,214,blue,0,0,0
89,,9811150,1,20260729,,,,,,,,,,,,,,,3,33.65331703195642,130.807798,,,1,0,0,0,0,2,2,0,2,0,214,blue,0,0,0
89,,9811160,1,20260729,,,,,,,,,,,,,,,3,33.67846703199234,130.866756,,,1,,,,,,,,,,214,blue,0,0,0
89,,9811170,1,20260729,,,,,,,,,,,,,,,3,33.37200003155121,130.3311,,,1,,,,,,,,,,214,blue,0,0,0
89,,9811180,1,20260729,,,,,,,,,,,,,,,3,33.6231190319132,130.671342,,,1,,,,,,,,,,214,blue,0,0,0
89,,9811190,1,20260729,,,,,,,,,,,,,,,3,33.74379703208545,130.970335,,,1,0,0,0,0,0,0,0,0,0,214,blue,0,0,0
89,,9811210,1,20260729,2374,155,0,,,,,2367,243,0,,,,,3,33.50948303174998,130.110769,,,0,0,0,0,0,0,0,0,0,0,214,blue,2529,2610,5139
89,,9811220,1,20260729,1166,116,0,,,,,1166,55,0,,,,,3,33.501667031738705,130.069167,,,0,0,0,0,0,0,0,0,0,0,214,blue,1282,1221,2503
89,,9811240,1,20260729,4909,904,0,,,,,0,0,0,,,,,3,33.522842031769216,130.168427,,,0,0,0,0,0,0,0,0,0,0,214,blue,5813,0,5813
89,,9811250,1,20260729,7472,832,0,,,,,14,10,0,,,,,3,33.51344603175569,130.14563,,,0,0,0,0,0,0,0,0,0,0,214,blue,8304,24,8328
89,,9811260,1,20260729,1202,125,0,,,,,1319,79,0,,,,,3,33.45431303167039,130.042275,,,0,0,0,0,0,0,0,0,0,0,214,blue,1327,1398,2725
89,,9811270,1,20260729,7672,551,0,,,,,7093,847,0,,,,,3,33.431110031636834,129.991737,,,0,0,0,0,0,0,0,0,0,0,214,blue,8223,7940,16163
89,,9811280,1,20260729,1231,166,0,,,,,1359,265,0,,,,,3,33.348904031517684,129.933234,,,0,0,0,0,0,0,0,0,0,0,214,blue,1397,1624,3021
89,,9811290,1,20260729,,,,,,,,,,,,,,,3,33.331844031492885,129.928169,,,1,0,0,0,0,0,0,0,0,0,214,blue,0,0,0
89,,9811300,1,20260729,709,80,0,,,,,689,48,0,,,,,3,33.268208031400235,129.88248900000002,,,1,0,0,0,0,0,0,0,0,0,214,blue,789,737,1526
89,,9811310,1,20260729,,,,,,,,,,,,,,,3,33.24091903136041,129.850727,,,1,0,0,0,0,0,0,0,0,0,214,blue,0,0,0
89,,9811320,1,20260729,2856,350,0,,,,,2889,279,0,,,,,3,33.45989003167844,130.040128,,,0,0,0,0,0,0,0,0,0,0,214,blue,3206,3168,6374
89,,9811330,1,20260729,333,83,0,,,,,299,41,0,,,,,3,33.38450403156936,129.984455,,,1,0,0,0,0,0,0,0,0,0,214,blue,416,340,756
89,,9811340,1,20260729,,,,,,,,,,,,,,,6,33.31161503146347,130.070351,,,1,,,,,,,,,,214,blue,0,0,0
89,,9811350,1,20260729,,,,,,,,,,,,,,,3,33.304966031453795,130.076971,,,1,,,,,,,,,,214,blue,0,0,0
89,,9811360,1,20260729,5632,917,0,,,,,6021,870,0,,,,,3,33.29002103143203,130.168151,,,0,0,0,0,0,0,0,0,0,0,214,blue,6549,6891,13440
89,,9811370,1,20260729,3058,272,0,,,,,3120,226,0,,,,,3,33.327444031486486,130.034833,,,0,0,0,0,0,0,0,0,0,0,214,blue,3330,3346,6676
89,,9811380,1,20260729,105,5,0,,,,,105,17,0,,,,,3,33.29362203143727,130.116435,,,1,0,0,0,0,0,0,0,0,0,214,blue,110,122,232
89,,9811390,1,20260729,,,,,,,,,,,,,,,3,33.03691103106103,129.918279,,,1,,,,,,,,,,214,blue,0,0,0
89,,9811400,1,20260729,2631,481,0,,,,,2870,397,0,,,,,3,32.90829103087079,130.661481,,,0,0,0,0,0,0,0,0,0,0,214,blue,3112,3267,6379
89,,9811410,1,20260729,6782,326,0,,,,,6334,226,0,,,,,3,33.01722203103198,130.439722,,,0,0,0,0,0,0,0,0,0,0,214,blue,7108,6560,13668
89,,9811420,1,20260729,6623,491,0,,,,,6823,451,0,,,,,3,33.05710503109079,130.465234,,,0,0,0,0,0,0,0,0,0,0,214,blue,7114,7274,14388
89,,9811450,1,20260729,5344,1225,0,,,,,5500,1258,0,,,,,3,33.01280003102545,130.425184,,,0,0,0,0,0,0,0,0,0,0,214,blue,6569,6758,13327
89,,9811460,1,20260729,7522,1065,0,,,,,7446,1320,0,,,,,3,33.140861031213944,130.422417,,,0,0,0,0,0,0,0,0,0,0,214,blue,8587,8766,17353
89,,9811461,1,20260729,5430,886,0,,,,,5895,904,0,,,,,3,33.184560031278004,130.387933,,,0,0,0,0,0,0,0,0,0,0,214,blue,6316,6799,13115
89,,9811470,1,20260729,7107,1167,0,,,,,6578,1178,0,,,,,3,33.0462530310748,130.431406,,,0,0,0,0,0,0,0,0,0,0,214,blue,8274,7756,16030
89,,9811480,1,20260729,6169,1246,0,,,,,6035,1026,0,,,,,3,33.055717031088754,130.4292,,,0,0,0,0,0,0,0,0,0,0,214,blue,7415,7061,14476
89,,9811490,1,20260729,6899,1051,0,,,,,8243,1500,0,,,,,3,33.069783031109466,130.42405,,,0,0,0,0,0,0,0,0,0,0,214,blue,7950,9743,17693
89,,9811500,1,20260729,7308,1386,0,,,,,7208,1237,0,,,,,3,33.077520031120855,130.428242,,,0,0,0,0,0,0,0,0,0,0,214,blue,8694,8445,17139
89,,9811510,1,20260729,6842,1105,0,,,,,7348,1298,0,,,,,3,33.08238303112801,130.433017,,,0,0,0,0,0,0,0,0,0,0,214,blue,7947,8646,16593
89,,9811520,1,20260729,5978,992,0,,,,,6417,857,0,,,,,3,33.11826103118075,130.430375,,,0,0,0,0,0,0,0,0,0,0,214,blue,6970,7274,14244
89,,9811540,1,20260729,,,,,,,,,,,,,,,3,33.15753403123839,130.478771,,,1,0,0,0,0,0,0,0,0,0,214,blue,0,0,0
89,,9811550,1,20260729,6024,747,0,,,,,6416,783,0,,,,,3,33.22942603134362,130.505954,,,0,0,0,0,0,0,0,0,0,0,214,blue,6771,7199,13970
89,,9811560,1,20260729,7497,1106,0,,,,,6725,881,0,,,,,3,33.23505203135184,130.507151,,,0,0,0,0,0,0,0,0,0,0,214,blue,8603,7606,16209
89,,9811570,1,20260729,6294,831,0,,,,,6769,936,0,,,,,3,33.24799503137074,130.509483,,,0,0,0,0,0,0,0,0,0,0,214,blue,7125,7705,14830
89,,9811580,1,20260729,6538,964,0,,,,,6415,676,0,,,,,3,33.25651503138319,130.509461,,,0,0,0,0,0,0,0,0,0,0,214,blue,7502,7091,14593
89,,9811590,1,20260729,23,6,0,,,,,2510,397,0,,,,,3,33.31995703147561,130.594037,,,1,0,0,0,0,51,51,0,0,0,214,blue,29,2907,2936
89,,9811600,1,20260729,3467,583,0,,,,,3961,599,0,,,,,3,33.345255031512394,130.730893,,,0,0,0,0,0,0,0,0,0,0,214,blue,4050,4560,8610
89,,9811610,1,20260729,3766,421,0,,,,,4305,481,0,,,,,3,33.3437500315102,130.752694,,,0,0,0,0,0,0,0,0,0,0,214,blue,4187,4786,8973
89,,9811620,1,20260729,2338,321,0,,,,,2359,499,0,,,,,3,33.33338803149515,130.801953,,,0,0,0,0,0,0,0,0,0,0,214,blue,2659,2858,5517
89,,9811650,1,20260729,3424,619,0,,,,,3454,624,0,,,,,3,33.331960031493075,130.852326,,,0,0,0,0,0,0,0,0,0,0,214,blue,4043,4078,8121
89,,9811660,1,20260729,1603,219,0,,,,,1506,416,0,,,,,3,33.307732031457824,130.915379,,,0,0,0,0,0,0,0,0,0,0,214,blue,1822,1922,3744
89,,9811670,1,20260729,3135,892,0,,,,,2888,592,0,,,,,3,33.29883403144486,130.938844,,,0,0,0,0,0,0,0,0,0,0,214,blue,4027,3480,7507
89,,9811680,1,20260729,1613,584,0,,,,,1731,425,0,,,,,3,33.29818903144393,130.952388,,,0,0,0,0,0,0,0,0,0,0,214,blue,2197,2156,4353
89,,9811690,1,20260729,2953,689,0,,,,,3015,421,0,,,,,3,33.29921203144541,130.96937,,,0,0,0,0,0,0,0,0,0,0,214,blue,3642,3436,7078
89,,9811700,1,20260729,2114,644,0,,,,,2251,450,0,,,,,3,33.261645031390664,131.01058,,,0,0,0,0,0,0,0,0,0,0,214,blue,2758,2701,5459
89,,9811710,1,20260729,2793,918,0,,,,,2960,615,0,,,,,3,33.28000003141744,131.128611,,,0,0,0,0,0,0,0,0,0,0,214,blue,3711,3575,7286
89,,9811720,1,20260729,1752,730,0,,,,,2009,503,0,,,,,3,33.237877031355964,131.175263,,,0,0,0,0,0,0,0,0,0,0,214,blue,2482,2512,4994
89,,9811730,1,20260729,1436,448,0,,,,,1360,319,0,,,,,3,33.2405000313598,131.224187,,,0,0,0,0,0,0,0,0,0,0,214,blue,1884,1679,3563
89,,9811740,1,20260729,1378,593,0,,,,,1572,598,0,,,,,3,33.25496403138093,131.328533,,,0,0,0,0,0,0,0,0,0,0,214,blue,1971,2170,4141
89,,9811750,1,20260729,1183,1670,0,,,,,2633,585,0,,,,,3,33.23715803135492,131.323213,,,0,0,0,0,0,0,0,0,0,0,214,blue,2853,3218,6071
89,,9811760,1,20260729,139,84,0,,,,,8125,992,0,,,,,3,33.18331803127619,131.452171,,,0,0,0,0,0,0,0,0,0,0,214,blue,223,9117,9340
89,,9811770,1,20260729,,,,,,,,,,,,,,,3,31.760789029127036,131.4707,,,1,0,0,0,0,0,0,0,0,0,214,blue,0,0,0
89,,9811780,1,20260729,,,,,,,,,,,,,,,3,31.559046028812634,131.38327000000004,,,1,0,0,0,0,0,0,0,0,0,214,blue,0,0,0
89,,9811790,1,20260729,,,,,,,,,,,,,,,3,31.547715028794922,131.378628,,,1,0,0,0,0,1,1,0,0,0,214,blue,0,0,0
89,,9811800,1,20260729,,,,,,,,,,,,,,,3,31.546675028793285,131.361225,,,1,0,0,0,0,0,0,0,0,0,214,blue,0,0,0
89,,9811810,1,20260729,,,,,,,,,,,,,,,3,31.45214102864519,131.212192,,,1,0,0,0,0,0,0,0,0,0,214,blue,0,0,0
89,,9811820,1,20260729,,,,,,,,,,,,,,,3,31.46555602866623,131.154444,,,1,0,0,0,0,0,0,0,0,0,214,blue,0,0,0
89,,9811830,1,20260729,,,,,,,,,,,,,,,3,31.447659028638157,131.051761,,,1,0,0,0,0,0,0,0,0,0,214,blue,0,0,0
89,,9811840,1,20260729,,,,,,,,,,,,,,,3,31.388108028544615,130.811533,,,1,0,0,0,0,0,0,0,0,0,214,blue,0,0,0
89,,9811850,1,20260729,,,,,,,,,,,,,,,3,31.41813502859181,130.764377,,,1,0,0,0,0,0,0,0,0,0,214,blue,0,0,0
89,,9811860,1,20260729,902,232,0,,,,,949,225,0,,,,,3,31.542976028787507,130.706877,,,0,0,0,0,0,0,0,0,0,0,214,blue,1134,1174,2308
89,,9811870,1,20260729,,,,,,,,,,,,,,,3,31.557778028810663,130.718333,,,1,0,0,0,0,0,0,0,0,0,214,blue,0,0,0
89,,9811880,1,20260729,,,,,,,,,,,,,,,3,31.647658028950993,130.819552,,,1,0,0,0,0,0,0,0,0,0,214,blue,0,0,0
89,,9811900,1,20260729,,,,,,,,,,,,,,,3,31.27982902837409,130.291795,,,1,0,0,0,0,2,2,0,0,0,214,blue,0,0,0
89,,9811910,1,20260729,1220,295,0,,,,,1142,277,0,,,,,3,31.2913800283923,130.293564,,,0,0,0,0,0,0,0,0,0,0,214,blue,1515,1419,2934
89,,9811920,1,20260729,1491,105,0,,,,,1442,96,0,,,,,3,31.327343028448986,130.334728,,,0,0,0,0,0,4,4,0,0,0,214,blue,1596,1538,3134
89,,9811930,1,20260729,4531,337,0,,,,,3780,300,0,,,,,3,31.494637028711818,130.506308,,,0,0,0,0,0,0,0,0,0,0,214,blue,4868,4080,8948
89,,9811940,1,20260729,9684,418,0,,,,,8782,394,0,,,,,3,31.527877028763886,130.521631,,,0,0,0,0,0,0,0,0,0,0,214,blue,10102,9176,19278
89,,9811950,1,20260729,3747,381,0,,,,,3634,594,0,,,,,3,31.289730028389716,130.60717200000002,,,0,0,0,0,0,0,0,0,0,0,214,blue,4128,4228,8356
89,,9811960,1,20260729,,,,,,,,,,,,,,,3,31.323917028443603,130.564308,,,1,0,0,0,0,0,0,0,0,0,214,blue,0,0,0
89,,9811970,1,20260729,,,,,,,,,,,,,,,3,31.466390028667544,130.513245,,,1,0,0,0,0,4,4,0,0,0,214,blue,0,0,0
89,,9811980,1,20260729,,,,,,,,,,,,,,,3,33.34976603151893,129.764492,,,1,,,,,,,,,,214,blue,0,0,0
89,,9812010,1,20260729,,,,,,,,,,,,,,,3,33.13956403121204,129.784069,,,1,,,,,,,,,,214,blue,0,0,0
89,,9812020,1,20260729,,,,,,,,,,,,,,,3,33.28640603142677,130.150153,,,1,,,,,,,,,,214,blue,0,0,0
89,,9812030,1,20260729,4891,891,0,,,,,4817,899,0,,,,,3,33.0852950311323,131.637799,,,0,0,0,0,0,0,0,0,0,0,214,blue,5782,5716,11498
89,,9812040,1,20260729,2654,778,0,,,,,3052,580,0,,,,,3,32.56861103036308,131.553056,,,0,0,0,0,0,0,0,0,0,0,214,blue,3432,3632,7064
89,,9812050,1,20260729,,,,,,,,,,,,,,,3,33.55027803180869,130.478333,,,1,,,,,,,,,,214,blue,0,0,0
89,,9812060,1,20260729,,,,,,,,,,,,,,,3,32.92625003089743,131.00539,,,1,,,,,,,,,,214,blue,0,0,0
89,,9812070,1,20260729,,,,,,,,,,,,,,,3,32.90000003085849,130.933611,,,1,0,0,0,0,0,0,0,0,0,214,blue,0,0,0
89,,9812080,1,20260729,6137,758,0,,,,,5990,660,0,,,,,3,33.27595303141153,130.319462,,,0,0,0,0,0,0,0,0,0,0,214,blue,6895,6650,13545
89,,9812090,1,20260729,,,,,,,,,,,,,,,3,33.59653803187511,130.611685,,,1,,,,,,,,,,214,blue,0,0,0
89,,9812100,1,20260729,7576,1544,0,,,,,7083,1168,0,,,,,3,33.05235003108379,130.430417,,,0,0,0,0,0,0,0,0,0,0,214,blue,9120,8251,17371
89,,9812110,1,20260729,12584,1797,0,,,,,6514,2595,0,,,,,3,33.15888903124039,129.761111,,,0,0,0,0,0,0,0,0,0,0,214,blue,14381,9109,23490
89,,9812120,1,20260729,9258,1075,0,,,,,9159,1221,0,,,,,3,31.737096029090242,130.677414,,,0,0,0,0,0,0,0,0,0,0,214,blue,10333,10380,20713
89,,9812130,1,20260729,5493,1036,0,,,,,7147,1036,0,,,,,3,33.32114903147733,130.391671,,,0,0,0,0,0,0,0,0,0,0,214,blue,6529,8183,14712
89,,9812140,1,20260729,2,0,0,,,,,10,0,0,,,,,3,32.733917030611096,130.31245,,,1,0,0,0,0,0,0,0,0,0,214,blue,2,10,12
89,,9812150,1,20260729,1452,232,0,,,,,1568,258,0,,,,,3,33.06265303109897,129.960344,,,0,0,0,0,0,0,0,0,0,0,214,blue,1684,1826,3510
90,,10810020,1,20260729,2740,214,0,,,,,6030,339,0,,,,,3,26.424849820394154,127.81697970000002,,,0,0,0,0,0,0,0,0,0,0,214,blue,2954,6369,9323
90,,10810030,1,20260729,2891,54,0,,,,,10697,852,0,,,,,3,26.20527802002984,127.672778,,,0,0,0,0,0,1,1,0,0,0,214,blue,2945,11549,14494
90,,10810040,1,20260729,7680,619,0,,,,,4673,580,0,,,,,3,26.206111020031226,127.665833,,,0,0,0,0,0,1,1,0,0,0,214,blue,8299,5253,13552
90,,10810050,1,20260729,2776,169,0,,,,,3018,221,0,,,,,3,26.69152402083745,128.108879,,,0,,,,,,,,,,214,blue,2945,3239,6184
90,,10810060,1,20260729,0,0,0,,,,,0,0,0,,,,,3,26.634931020743306,128.037283,,,0,,,,,,,,,,214,blue,0,0,0
90,,10810070,1,20260729,0,0,0,,,,,0,0,0,,,,,3,26.60195202068847,127.99972500000001,,,0,,,,,,,,,,214,blue,0,0,0
90,,10810080,1,20260729,5076,549,0,,,,,5169,362,0,,,,,3,26.583164020657225,127.99781300000001,,,0,,,,,,,,,,214,blue,5625,5531,11156
90,,10810090,1,20260729,4167,258,0,,,,,4956,223,0,,,,,3,26.573059020640425,127.989432,,,0,,,,,,,,,,214,blue,4425,5179,9604
90,,10810100,1,20260729,5542,354,0,,,,,4468,297,0,,,,,3,26.558695020616547,127.976575,,,0,,,,,,,,,,214,blue,5896,4765,10661
90,,10810110,1,20260729,0,0,0,,,,,0,0,0,,,,,3,26.547043020597176,127.96594700000001,,,0,,,,,,,,,,214,blue,0,0,0
90,,10810120,1,20260729,18423,2583,0,,,,,9962,1332,0,,,,,3,26.545420020594484,127.96513700000001,,,0,,,,,,,,,,214,blue,21006,11294,32300
90,,10810130,1,20260729,7768,700,0,,,,,6482,660,0,,,,,3,26.541292020587623,127.95978,,,0,,,,,,,,,,214,blue,8468,7142,15610
90,,10810140,1,20260729,7825,541,0,,,,,7887,575,0,,,,,3,26.536514020579673,127.935453,,,0,,,,,,,,,,214,blue,8366,8462,16828
90,,10810150,1,20260729,0,0,0,,,,,0,0,0,,,,,3,26.51382402054197,127.901775,,,0,,,,,,,,,,214,blue,0,0,0
90,,10810160,1,20260729,6528,61,0,,,,,6956,403,0,,,,,3,26.503684020525117,127.87991000000001,,,0,,,,,,,,,,214,blue,6589,7359,13948
90,,10810170,1,20260729,0,0,0,,,,,0,0,0,,,,,3,26.49844302051641,127.86208000000002,,,0,,,,,,,,,,214,blue,0,0,0
90,,10810180,1,20260729,5746,26,0,,,,,7114,148,0,,,,,3,26.48233402048965,127.85135699999998,,,0,,,,,,,,,,214,blue,5772,7262,13034
90,,10810190,1,20260729,0,0,0,,,,,0,0,0,,,,,3,26.44345902042506,127.805583,,,0,,,,,,,,,,214,blue,0,0,0
90,,10810200,1,20260729,,,,,,,,,,,,,,,3,26.338860020251406,127.7508,,,1,,,,,,,,,,214,blue,0,0,0
90,,10810220,1,20260729,23618,3301,0,,,,,13645,6730,0,,,,,3,26.26837002013446,127.73051999999998,,,0,,,,,,,,,,214,blue,26919,20375,47294
90,,10810230,1,20260729,13793,2712,0,,,,,14833,2510,0,,,,,3,26.266310020131048,127.72327,,,0,,,,,,,,,,214,blue,16505,17343,33848
90,,10810240,1,20260729,0,0,0,,,,,0,0,0,,,,,3,26.269040020135566,127.72616000000001,,,0,,,,,,,,,,214,blue,0,0,0
90,,10810260,1,20260729,11365,185,0,,,,,9164,844,0,,,,,3,26.273440020142868,127.71261000000001,,,0,,,,,,,,,,214,blue,11550,10008,21558
90,,10810270,1,20260729,0,0,0,,,,,0,0,0,,,,,3,26.451180020437896,127.89631,,,0,,,,,,,,,,214,blue,0,0,0
90,,10810280,1,20260729,3696,36,0,,,,,8249,3,0,,,,,3,26.4491400204345,127.849893,,,0,,,,,,,,,,214,blue,3732,8252,11984
90,,10810290,1,20260729,2824,283,0,,,,,3274,301,0,,,,,3,26.448972020434223,127.90855300000001,,,0,,,,,,,,,,214,blue,3107,3575,6682
90,,10810300,1,20260729,8493,490,0,,,,,6753,424,0,,,,,3,26.30711002019872,127.81338,,,0,,,,,,,,,,214,blue,8983,7177,16160
90,,10810310,1,20260729,0,0,0,,,,,0,0,0,,,,,3,26.287560020166286,127.81449,,,0,,,,,,,,,,214,blue,0,0,0
90,,10810320,1,20260729,,,,,,,,,,,,,,,3,26.22351002006007,127.76571,,,1,,,,,,,,,,214,blue,0,0,0
90,,10810330,1,20260729,1890,230,0,,,,,2597,3506,0,,,,,3,26.200760020022358,127.75174999999999,,,0,,,,,,,,,,214,blue,2120,6103,8223
90,,10810340,1,20260729,13385,405,0,,,,,11726,583,0,,,,,3,26.25841002011794,127.75767000000002,,,0,,,,,,,,,,214,blue,13790,12309,26099
90,,10810350,1,20260729,0,0,0,,,,,0,0,0,,,,,3,26.24962002010336,127.74765,,,0,,,,,,,,,,214,blue,0,0,0
90,,10810360,1,20260729,23050,2194,0,,,,,25284,951,0,,,,,3,26.25443002011134,127.73508000000001,,,0,,,,,,,,,,214,blue,25244,26235,51479
90,,10810370,1,20260729,26807,1060,0,,,,,27928,250,0,,,,,3,26.25456002011155,127.72416000000001,,,0,,,,,,,,,,214,blue,27867,28178,56045
90,,10810380,1,20260729,15336,1393,0,,,,,15260,2288,0,,,,,3,26.169530019970612,127.65168,,,0,,,,,,,,,,214,blue,16729,17548,34277
90,,10810390,1,20260729,0,0,0,,,,,0,0,0,,,,,3,26.154010019944888,127.65812,,,0,,,,,,,,,,214,blue,0,0,0
90,,10810400,1,20260729,0,0,0,,,,,0,0,0,,,,,3,26.130710019906292,127.66514,,,0,,,,,,,,,,214,blue,0,0,0
90,,10810410,1,20260729,0,0,0,,,,,0,0,0,,,,,3,26.11574001988149,127.66860000000001,,,0,,,,,,,,,,214,blue,0,0,0
90,,10810420,1,20260729,0,0,0,,,,,0,0,0,,,,,3,26.09400001984549,127.71590000000002,,,0,,,,,,,,,,214,blue,0,0,0
90,,10810430,1,20260729,0,0,0,,,,,0,0,0,,,,,3,26.128730019903006,127.75918999999999,,,0,,,,,,,,,,214,blue,0,0,0
90,,10810440,1,20260729,,,,,,,,,,,,,,,3,26.140140019921905,127.77529,,,1,,,,,,,,,,214,blue,0,0,0
90,,10810450,1,20260729,0,0,0,,,,,0,0,0,,,,,3,26.170060019971476,127.8265,,,0,,,,,,,,,,214,blue,0,0,0
90,,10810460,1,20260729,0,0,0,,,,,0,0,0,,,,,3,26.20426002002816,127.652556,,,0,,,,,,,,,,214,blue,0,0,0
90,,10810470,1,20260729,0,0,0,,,,,0,0,0,,,,,3,26.209250020036425,127.73744999999998,,,0,,,,,,,,,,214,blue,0,0,0
90,,10810480,1,20260729,0,0,0,,,,,0,0,0,,,,,3,26.18171001999079,127.73158000000001,,,0,,,,,,,,,,214,blue,0,0,0
90,,10810490,1,20260729,0,0,0,,,,,0,0,0,,,,,3,26.17543001998038,127.70638000000001,,,0,,,,,,,,,,214,blue,0,0,0
90,,10810510,1,20260729,0,0,0,,,,,0,0,0,,,,,3,26.17208001997483,127.69662,,,0,,,,,,,,,,214,blue,0,0,0
90,,10810520,1,20260729,0,0,0,,,,,0,0,0,,,,,3,26.17121001997338,127.67963999999999,,,0,,,,,,,,,,214,blue,0,0,0
87,,7110110,1,20260729,117,8,0,0,0,0,0,103,12,0,0,0,0,0,3,35.523803034484544,134.222875,,,,,,,,,,,,,2,red,125,115,240
87,,7110120,1,20260729,23,2,0,0,0,0,0,22,1,0,0,0,0,0,3,35.52073503448066,133.602321,,,,,,,,,,,,,2,red,25,23,48
87,,7110130,1,20260729,115,32,0,0,0,0,0,109,28,0,0,0,0,0,3,35.41880503435098,133.370183,,,,,,,,,,,,,2,red,147,137,284
87,,7310050,1,20260729,13,0,0,0,0,0,0,10,0,0,0,0,0,0,3,35.52642103448786,134.014803,,,,,,,,,,,,,2,red,13,10,23
87,,7310060,1,20260729,23,3,0,0,0,0,0,22,1,0,0,0,0,0,3,35.50599803446197,133.88375,,,,,,,,,,,,,2,red,26,23,49
87,,7310070,1,20260729,27,6,0,0,0,0,0,36,6,0,0,0,0,0,3,35.51442503447265,134.020507,,,,,,,,,,,,,2,red,33,42,75
87,,7310080,1,20260729,83,9,0,0,0,0,0,106,14,0,0,0,0,0,3,35.50773503446417,133.951629,,,,,,,,,,,,,2,red,92,120,212
87,,7310090,1,20260729,90,21,0,0,0,0,0,60,17,0,0,0,0,0,3,35.49831203445221,133.906984,,,,,,,,,,,,,2,red,111,77,188
87,,7310100,1,20260729,34,0,0,0,0,0,0,29,1,0,0,0,0,0,3,35.508808034465545,133.493736,,,,,,,,,,,,,2,red,34,30,64
87,,7310130,1,20260729,80,4,0,0,0,0,0,69,5,0,0,0,0,0,3,35.419582034351976,134.259336,,,,,,,,,,,,,2,red,84,74,158
87,,7310140,1,20260729,15,0,0,0,0,0,0,19,3,0,0,0,0,0,3,35.28755503418254,134.228921,,,,,,,,,,,,,2,red,15,22,37
87,,7310190,1,20260729,37,13,0,0,0,0,0,57,20,0,0,0,0,0,3,35.48752003443851,134.19798,,,,,,,,,,,,,2,red,50,77,127
87,,7310200,1,20260729,77,11,0,0,0,0,0,71,7,0,0,0,0,0,3,35.56082603453137,134.284636,,,,,,,,,,,,,2,red,88,78,166
87,,7310210,1,20260729,84,21,0,0,0,0,0,107,17,0,0,0,0,0,3,35.50841503446504,133.518074,,,,,,,,,,,,,2,red,105,124,229
87,,7310220,1,20260729,63,11,0,0,0,0,0,73,7,0,0,0,0,0,3,35.527027804488625,134.13269444,,,,,,,,,,,,,2,red,74,80,154
87,,7310240,1,20260729,,,,0,0,0,2,,,,0,0,0,2,3,35.397000034323106,134.20377777,,,,,,,,,,,,,2,red,0,0,0
87,,7310250,1,20260729,,,,0,0,0,2,,,,0,0,0,2,3,35.21870003409352,134.3247,,,,,,,,,,,,,2,red,0,0,0
87,,7310610,1,20260729,95,5,0,0,0,0,0,104,8,0,0,0,0,0,3,35.49457003444746,134.1603,,,,,,,,,,,,,2,red,100,112,212
87,,7310620,1,20260729,72,12,0,0,0,0,0,84,17,0,0,0,0,0,3,35.50153003445631,134.0804,,,,,,,,,,,,,2,red,84,101,185
87,,7310630,1,20260729,71,7,0,0,0,0,0,72,12,0,0,0,0,0,3,35.49990003445423,134.0626,,,,,,,,,,,,,2,red,78,84,162
87,,7310640,1,20260729,89,6,0,0,0,0,0,60,14,0,0,0,0,0,3,35.50860003446527,134.0108,,,,,,,,,,,,,2,red,95,74,169
87,,7360010,1,20260729,23,11,0,0,0,0,0,16,11,0,0,0,0,0,1,35.032454033850506,134.387568,,,,,,,,,,,,,2,red,34,27,61
87,,7360020,1,20260729,36,13,0,0,0,0,0,28,8,0,0,0,0,0,1,35.07606803390771,134.346092,,,,,,,,,,,,,2,red,49,36,85
87,,7360030,1,20260729,0,0,0,0,0,0,0,32,10,0,0,0,0,0,3,35.238191034118756,134.286932,,,,,,,,,,,,,2,red,0,42,42
87,,7360040,1,20260729,16,15,0,0,0,0,0,0,0,0,0,0,0,0,3,35.284722034178905,134.227547,,,,,,,,,,,,,2,red,31,0,31
87,,7360050,1,20260729,,,,,,,2,,,,,,,2,1,35.285344034179694,134.222766,,,,,,,,,,,,,2,red,0,0,0
87,,7360060,1,20260729,31,9,0,0,0,0,0,0,0,0,0,0,0,0,1,35.35362703426754,134.194581,,,,,,,,,,,,,2,red,40,0,40
87,,7360070,1,20260729,0,0,0,0,0,0,0,56,13,0,0,0,0,0,1,35.37911003430021,134.204798,,,,,,,,,,,,,2,red,0,69,69
87,,7360080,1,20260729,39,9,0,0,0,0,0,0,0,0,0,0,0,0,1,35.39104203431548,134.20339,,,,,,,,,,,,,2,red,48,0,48
87,,7360090,1,20260729,55,13,0,0,0,0,0,74,9,0,0,0,0,0,1,35.40772703433684,134.206955,,,,,,,,,,,,,2,red,68,83,151
87,,7360100,1,20260729,45,5,0,0,0,0,0,88,13,0,0,0,0,0,1,35.45862225662396,134.193141666666,,,,,,,,,,,,,2,red,50,101,151
87,,7360110,1,20260729,20,6,0,0,0,0,0,25,6,0,0,0,0,0,1,35.113784033957025,134.331458,,,,,,,,,,,,,2,red,26,31,57
